,Pose_ID,LigName,receptor,pose_rank,run_number,docking_score,leff,deltas,cluster_rmsd,cluster_size,reference_rmsd,energies_inter,energies_vdw,energies_electro,energies_flexLig,energies_flexLR,energies_intra,energies_torsional,unbound_energy,nr_interactions,num_hb,about_x,about_y,about_z,trans_x,trans_y,trans_z,axisangle_x,axisangle_y,axisangle_z,axisangle_w,dihedrals,ligand_coordinates,flexible_res_coordinates,LigName:1
0,4421,1a_Ghoteimi_2023,receptor_tmp,1,13,-7.06,-0.1721951219512195,0.0,0.0,6,185.37,-10.34,-10.15,-0.19,-10.34,0.0,-3.23,3.28,-3.23,48,4,0.0,0.0,0.0,6.440308,8.601319,2.53146,-0.5557726,-0.4314095,-0.7106354,54.384315,"143.830338, 9.274892, 312.737213, 57.722221, 165.75444, 108.543617, 83.900864, 32.105774, 139.531097, 264.203339, 180.455368, ","[["" 127.307"", "" 123.649"", ""  60.705""], ["" 128.521"", "" 123.839"", ""  60.143""], ["" 127.065"", "" 122.896"", ""  61.648""], ["" 128.567"", "" 124.530"", ""  59.409""], ["" 126.166"", "" 124.462"", ""  60.094""], ["" 126.784"", "" 125.755"", ""  58.977""], ["" 127.631"", "" 126.934"", ""  60.004""], ["" 128.068"", "" 129.145"", ""  60.892""], ["" 127.320"", "" 128.311"", ""  60.027""], ["" 129.080"", "" 128.565"", ""  61.669""], ["" 126.259"", "" 128.863"", ""  59.178""], ["" 129.323"", "" 127.187"", ""  61.611""], ["" 125.422"", "" 129.300"", ""  58.509""], ["" 128.597"", "" 126.391"", ""  60.782""], ["" 127.844"", "" 130.616"", ""  61.029""], ["" 127.451"", "" 133.385"", ""  61.315""], ["" 126.492"", "" 132.483"", ""  61.775""], ["" 128.617"", "" 132.892"", ""  60.711""], ["" 126.686"", "" 131.111"", ""  61.638""], ["" 128.809"", "" 131.519"", ""  60.574""], ["" 127.172"", "" 134.725"", ""  61.495""], ["" 125.829"", "" 135.179"", ""  61.370""], ["" 130.389"", "" 126.514"", ""  62.426""], ["" 131.615"", "" 126.136"", ""  61.854""], ["" 130.191"", "" 126.236"", ""  63.787""], ["" 132.602"", "" 125.513"", ""  62.612""], ["" 131.176"", "" 125.613"", ""  64.548""], ["" 132.396"", "" 125.246"", ""  63.963""], ["" 133.431"", "" 124.627"", ""  64.638""], ["" 133.851"", "" 125.149"", ""  65.893""], ["" 129.761"", "" 123.248"", ""  60.453""], ["" 130.995"", "" 123.637"", ""  59.910""], ["" 129.721"", "" 122.209"", ""  61.384""], ["" 132.164"", "" 122.985"", ""  60.292""], ["" 130.892"", "" 121.558"", ""  61.765""], ["" 132.127"", "" 121.937"", ""  61.224""], ["" 133.370"", "" 121.216"", ""  61.660""], ["" 134.108"", "" 121.621"", ""  62.563""], ["" 133.603"", "" 120.078"", ""  60.957""], ["" 132.540"", "" 119.200"", ""  60.607""], ["" 133.061"", "" 117.759"", ""  60.582""]]",[],1a_Ghoteimi_2023
1,14409,1a_Grossjean_2025,receptor_tmp,1,14,-7.43,-0.2751851851851852,0.0,0.0,3,191.38,-9.52,-8.78,-0.73,-9.52,0.0,-0.76,2.09,-0.76,58,12,0.0,0.0,0.0,11.398047,10.532665,10.071337,-0.44960769,0.28758072,-0.84566557,120.980309,"6.530673, 353.582581, 211.860031, 282.2966, 271.591919, 199.622604, 93.391655, ","[["" 129.851"", "" 127.254"", ""  68.845""], ["" 130.872"", "" 127.746"", ""  69.658""], ["" 130.627"", "" 128.053"", ""  70.993""], ["" 129.351"", "" 127.872"", ""  71.542""], ["" 128.327"", "" 127.370"", ""  70.724""], ["" 128.572"", "" 127.062"", ""  69.389""], ["" 130.211"", "" 126.980"", ""  67.511""], ["" 130.383"", "" 125.797"", ""  66.884""], ["" 130.246"", "" 124.688"", ""  67.399""], ["" 130.325"", "" 127.805"", ""  66.940""], ["" 130.783"", "" 125.889"", ""  65.409""], ["" 132.466"", "" 125.267"", ""  65.115""], ["" 132.418"", "" 124.273"", ""  63.641""], ["" 131.579"", "" 122.500"", ""  62.220""], ["" 131.511"", "" 123.205"", ""  63.443""], ["" 132.539"", "" 122.868"", ""  61.271""], ["" 130.546"", "" 122.805"", ""  64.472""], ["" 133.408"", "" 123.918"", ""  61.560""], ["" 129.783"", "" 122.488"", ""  65.282""], ["" 133.359"", "" 124.608"", ""  62.723""], ["" 130.647"", "" 121.336"", ""  61.887""], ["" 134.477"", "" 124.358"", ""  60.577""], ["" 129.119"", "" 128.218"", ""  72.985""], ["" 128.734"", "" 129.329"", ""  73.363""], ["" 129.359"", "" 127.182"", ""  73.831""], ["" 130.177"", "" 126.088"", ""  73.436""], ["" 131.629"", "" 126.365"", ""  73.834""]]",[],1a_Grossjean_2025
2,4430,1aa_Ghoteimi_2023,receptor_tmp,1,14,-6.9,-0.16829268292682928,0.0,0.0,2,186.12,-10.18,-10.13,-0.05,-10.18,0.0,-1.21,3.28,-1.21,70,6,0.0,0.0,0.0,10.08065,6.89064,9.345235,-0.52284122,0.02041823,-0.85218552,235.482559,"149.370148, 303.181519, 86.096214, 179.682404, 230.237473, 328.86261, 98.30558, 103.851646, 85.951874, 59.603256, 138.310547, ","[["" 130.443"", "" 126.707"", ""  67.700""], ["" 129.544"", "" 126.340"", ""  68.643""], ["" 131.139"", "" 127.720"", ""  67.749""], ["" 129.055"", "" 125.473"", ""  68.467""], ["" 130.602"", "" 125.783"", ""  66.482""], ["" 129.837"", "" 126.277"", ""  65.375""], ["" 130.280"", "" 126.082"", ""  64.074""], ["" 131.109"", "" 124.629"", ""  62.317""], ["" 130.657"", "" 124.798"", ""  63.647""], ["" 131.141"", "" 125.755"", ""  61.483""], ["" 130.547"", "" 123.673"", ""  64.577""], ["" 130.746"", "" 127.010"", ""  61.961""], ["" 130.331"", "" 127.163"", ""  63.247""], ["" 130.460"", "" 122.785"", ""  65.314""], ["" 131.554"", "" 123.321"", ""  61.750""], ["" 132.365"", "" 120.859"", ""  60.662""], ["" 131.043"", "" 121.056"", ""  61.059""], ["" 133.284"", "" 121.908"", ""  60.808""], ["" 130.638"", "" 122.275"", ""  61.595""], ["" 132.878"", "" 123.127"", ""  61.346""], ["" 132.675"", "" 119.617"", ""  60.140""], ["" 131.958"", "" 118.475"", ""  60.594""], ["" 130.776"", "" 128.250"", ""  61.114""], ["" 130.800"", "" 129.525"", ""  61.701""], ["" 130.787"", "" 128.174"", ""  59.712""], ["" 130.825"", "" 130.675"", ""  60.918""], ["" 130.812"", "" 129.323"", ""  58.927""], ["" 130.830"", "" 130.589"", ""  59.527""], ["" 130.855"", "" 131.784"", ""  58.833""], ["" 129.628"", "" 132.365"", ""  58.407""], ["" 129.177"", "" 126.970"", ""  69.847""], ["" 127.870"", "" 127.054"", ""  70.347""], ["" 130.225"", "" 127.538"", ""  70.572""], ["" 127.624"", "" 127.704"", ""  71.555""], ["" 129.979"", "" 128.186"", ""  71.779""], ["" 128.676"", "" 128.278"", ""  72.286""], ["" 128.444"", "" 128.985"", ""  73.590""], ["" 128.732"", "" 130.171"", ""  73.778""], ["" 127.885"", "" 128.191"", ""  74.539""], ["" 126.476"", "" 128.152"", ""  74.728""], ["" 126.024"", "" 129.420"", ""  75.459""]]",[],1aa_Ghoteimi_2023
3,4535,1b_Ghoteimi_2023,receptor_tmp,1,7,-6.73,-0.1922857142857143,0.0,0.0,4,187.65,-9.11,-8.98,-0.14,-9.11,0.0,-2.14,2.39,-2.14,46,9,0.0,0.0,0.0,8.056952,12.577369,1.726301,-0.68662963,-0.51636829,0.51176512,173.88916,"9.621073, 160.377029, 207.266769, 129.175537, 127.838646, 178.55957, 299.7453, 147.877975, ","[["" 127.477"", "" 129.712"", ""  61.048""], ["" 127.404"", "" 130.763"", ""  60.101""], ["" 126.568"", "" 131.939"", ""  60.359""], ["" 125.908"", "" 132.868"", ""  60.563""], ["" 128.205"", "" 130.667"", ""  58.941""], ["" 129.061"", "" 129.637"", ""  58.734""], ["" 129.141"", "" 128.629"", ""  59.641""], ["" 128.360"", "" 128.653"", ""  60.801""], ["" 126.671"", "" 129.668"", ""  62.304""], ["" 125.150"", "" 129.611"", ""  64.668""], ["" 124.586"", "" 130.060"", ""  63.473""], ["" 126.489"", "" 129.194"", ""  64.676""], ["" 125.339"", "" 130.090"", ""  62.303""], ["" 127.239"", "" 129.226"", ""  63.504""], ["" 124.328"", "" 129.616"", ""  65.779""], ["" 124.894"", "" 129.371"", ""  67.062""], ["" 128.236"", "" 131.887"", ""  57.644""], ["" 129.975"", "" 132.363"", ""  57.363""], ["" 130.969"", "" 131.841"", ""  58.410""], ["" 130.701"", "" 132.222"", ""  59.680""], ["" 131.920"", "" 131.131"", ""  58.077""], ["" 129.897"", "" 132.814"", ""  59.826""], ["" 131.425"", "" 131.903"", ""  60.823""], ["" 130.950"", "" 131.867"", ""  62.058""], ["" 132.780"", "" 131.577"", ""  60.801""], ["" 132.012"", "" 131.505"", ""  62.887""], ["" 133.111"", "" 131.333"", ""  62.114""], ["" 130.107"", "" 127.520"", ""  59.328""], ["" 130.669"", "" 127.393"", ""  58.049""], ["" 130.484"", "" 126.584"", ""  60.303""], ["" 131.565"", "" 126.369"", ""  57.756""], ["" 131.380"", "" 125.560"", ""  60.015""], ["" 131.931"", "" 125.444"", ""  58.731""], ["" 132.827"", "" 124.463"", ""  58.350""], ["" 134.084"", "" 124.378"", ""  59.011""]]",[],1b_Ghoteimi_2023
4,4867,1b_Grossjean_2025,receptor_tmp,1,12,-7.13,-0.2742307692307692,0.0,0.0,3,190.8,-8.92,-8.25,-0.67,-8.92,0.0,-0.61,1.79,-0.61,54,12,0.0,0.0,0.0,11.916106,10.39179,9.813558,0.0765281,-0.74196246,0.66605942,191.654587,"246.434967, 277.771484, 15.064847, 220.975586, 268.395264, 286.457397, ","[["" 130.495"", "" 125.775"", ""  66.839""], ["" 130.275"", "" 126.959"", ""  67.451""], ["" 130.413"", "" 124.668"", ""  67.370""], ["" 130.391"", "" 127.782"", ""  66.878""], ["" 130.865"", "" 125.863"", ""  65.357""], ["" 132.543"", "" 125.244"", ""  65.031""], ["" 132.457"", "" 124.214"", ""  63.582""], ["" 131.598"", "" 122.396"", ""  62.234""], ["" 131.560"", "" 123.129"", ""  63.442""], ["" 132.498"", "" 122.772"", ""  61.233""], ["" 130.595"", "" 122.780"", ""  64.488""], ["" 133.330"", "" 123.869"", ""  61.448""], ["" 129.832"", "" 122.502"", ""  65.311""], ["" 133.311"", "" 124.585"", ""  62.596""], ["" 130.685"", "" 121.200"", ""  61.969""], ["" 134.321"", "" 124.333"", ""  60.397""], ["" 129.919"", "" 127.238"", ""  68.785""], ["" 130.938"", "" 127.752"", ""  69.586""], ["" 128.645"", "" 127.039"", ""  69.337""], ["" 130.699"", "" 128.065"", ""  70.920""], ["" 128.406"", "" 127.353"", ""  70.672""], ["" 129.427"", "" 127.870"", ""  71.480""], ["" 129.132"", "" 128.198"", ""  72.916""], ["" 128.740"", "" 129.308"", ""  73.291""], ["" 129.346"", "" 127.156"", ""  73.760""], ["" 130.475"", "" 126.308"", ""  73.602""]]",[],1b_Grossjean_2025
5,14499,1c_Ghoteimi_2023,receptor_tmp,1,7,-6.0,-0.17142857142857143,0.0,0.0,1,190.67,-8.39,-7.91,-0.48,-8.39,0.0,-2.4,2.39,-2.4,41,6,0.0,0.0,0.0,10.187078,10.777943,4.490747,-0.67412232,-0.22306976,0.70412994,224.121094,"179.387634, 28.995775, 240.212524, 239.697739, 143.700699, 29.580832, 331.861786, 9.332244, ","[["" 128.102"", "" 127.694"", ""  61.837""], ["" 128.139"", "" 127.140"", ""  60.536""], ["" 127.128"", "" 127.493"", ""  59.533""], ["" 126.330"", "" 127.773"", ""  58.743""], ["" 129.186"", "" 126.247"", ""  60.228""], ["" 130.132"", "" 125.891"", ""  61.130""], ["" 130.077"", "" 126.389"", ""  62.393""], ["" 129.075"", "" 127.294"", ""  62.760""], ["" 127.103"", "" 128.713"", ""  62.277""], ["" 125.261"", "" 130.660"", ""  63.116""], ["" 125.666"", "" 130.599"", ""  61.783""], ["" 125.788"", "" 129.739"", ""  64.035""], ["" 126.580"", "" 129.636"", ""  61.367""], ["" 126.703"", "" 128.777"", ""  63.615""], ["" 124.350"", "" 131.648"", ""  63.439""], ["" 123.898"", "" 132.536"", ""  62.422""], ["" 129.455"", "" 125.608"", ""  58.589""], ["" 131.231"", "" 125.863"", ""  58.274""], ["" 132.075"", "" 124.661"", ""  58.714""], ["" 131.596"", "" 123.981"", ""  59.779""], ["" 133.127"", "" 124.408"", ""  58.125""], ["" 130.716"", "" 124.286"", ""  60.167""], ["" 132.236"", "" 122.962"", ""  60.467""], ["" 131.777"", "" 121.759"", ""  60.738""], ["" 133.856"", "" 123.268"", ""  61.003""], ["" 132.674"", "" 121.032"", ""  61.375""], ["" 133.895"", "" 121.648"", ""  61.632""], ["" 131.160"", "" 125.950"", ""  63.336""], ["" 132.437"", "" 125.601"", ""  62.870""], ["" 130.924"", "" 125.873"", ""  64.717""], ["" 133.439"", "" 125.199"", ""  63.749""], ["" 131.924"", "" 125.473"", ""  65.599""], ["" 133.196"", "" 125.132"", ""  65.118""], ["" 134.249"", "" 124.726"", ""  65.916""], ["" 134.320"", "" 125.186"", ""  67.261""]]",[],1c_Ghoteimi_2023
6,4236,1c_Grossjean_2025,receptor_tmp,1,19,-7.2,-0.3,0.0,0.0,7,191.76,-8.69,-8.03,-0.66,-8.69,0.0,-0.61,1.49,-0.61,48,10,0.0,0.0,0.0,10.939389,8.924414,11.117296,-0.30372255,0.28856233,-0.90801123,152.517868,"108.577454, 62.783302, 46.087437, 335.366608, 249.172256, ","[["" 129.181"", "" 127.713"", ""  68.344""], ["" 129.235"", "" 126.918"", ""  69.434""], ["" 129.009"", "" 128.932"", ""  68.356""], ["" 129.453"", "" 125.947"", ""  69.267""], ["" 129.360"", "" 126.999"", ""  67.003""], ["" 130.894"", "" 126.026"", ""  66.953""], ["" 131.356"", "" 125.790"", ""  65.249""], ["" 132.882"", "" 125.318"", ""  63.428""], ["" 132.667"", "" 125.480"", ""  64.817""], ["" 131.804"", "" 125.453"", ""  62.548""], ["" 133.773"", "" 125.288"", ""  65.758""], ["" 130.541"", "" 125.734"", ""  63.064""], ["" 134.647"", "" 125.137"", ""  66.501""], ["" 130.312"", "" 125.895"", ""  64.388""], ["" 134.254"", "" 124.993"", ""  62.841""], ["" 129.329"", "" 125.877"", ""  62.163""], ["" 129.096"", "" 127.256"", ""  70.795""], ["" 130.164"", "" 127.507"", ""  71.668""], ["" 127.786"", "" 127.365"", ""  71.265""], ["" 129.913"", "" 127.844"", ""  72.995""], ["" 127.539"", "" 127.703"", ""  72.592""], ["" 128.606"", "" 127.943"", ""  73.471""], ["" 128.459"", "" 128.282"", ""  74.802""], ["" 127.253"", "" 128.905"", ""  75.231""]]",[],1c_Grossjean_2025
7,14195,1d_Ghoteimi_2023,receptor_tmp,1,13,-5.84,-0.19466666666666665,0.0,0.0,4,191.3,-8.22,-7.78,-0.44,-8.22,0.0,-1.1,2.39,-1.1,39,10,0.0,0.0,0.0,10.083835,11.38297,5.172975,-0.75169332,-0.231524,0.61753849,153.851242,"339.159698, 287.728455, 314.584808, 144.809158, 52.481003, 126.472481, 225.521118, 139.716827, ","[["" 130.080"", "" 130.240"", ""  59.540""], ["" 129.570"", "" 129.355"", ""  60.997""], ["" 128.162"", "" 128.923"", ""  62.924""], ["" 128.444"", "" 129.705"", ""  61.776""], ["" 128.986"", "" 127.825"", ""  63.201""], ["" 127.555"", "" 130.802"", ""  61.381""], ["" 130.062"", "" 127.511"", ""  62.363""], ["" 126.852"", "" 131.667"", ""  61.070""], ["" 130.342"", "" 128.279"", ""  61.279""], ["" 127.026"", "" 129.198"", ""  63.856""], ["" 124.877"", "" 129.709"", ""  65.596""], ["" 124.672"", "" 129.643"", ""  64.218""], ["" 126.170"", "" 129.506"", ""  66.104""], ["" 125.735"", "" 129.387"", ""  63.355""], ["" 127.230"", "" 129.250"", ""  65.240""], ["" 123.767"", "" 129.974"", ""  66.374""], ["" 123.792"", "" 129.642"", ""  67.758""], ["" 130.969"", "" 126.340"", ""  62.609""], ["" 130.974"", "" 125.668"", ""  63.842""], ["" 131.848"", "" 125.886"", ""  61.615""], ["" 131.821"", "" 124.588"", ""  64.070""], ["" 132.698"", "" 124.806"", ""  61.840""], ["" 132.690"", "" 124.145"", ""  63.076""], ["" 133.496"", "" 123.068"", ""  63.392""], ["" 133.639"", "" 122.010"", ""  62.451""], ["" 131.638"", "" 131.083"", ""  59.948""], ["" 131.467"", "" 131.726"", ""  61.321""], ["" 132.412"", "" 131.828"", ""  62.105""], ["" 130.203"", "" 132.146"", ""  61.537""], ["" 129.560"", "" 133.003"", ""  60.605""]]",[],1d_Ghoteimi_2023
8,4813,1d_Grossjean_2025,receptor_tmp,1,13,-7.78,-0.35363636363636364,0.0,0.0,7,192.81,-8.97,-8.73,-0.24,-8.97,0.0,-0.45,1.19,-0.45,63,5,0.0,0.0,0.0,10.137648,9.999154,17.108142,-0.75115525,0.6052422,-0.26352925,135.639694,"245.697189, 168.083221, 323.15683, 328.648407, ","[["" 127.579"", "" 127.367"", ""  73.172""], ["" 127.273"", "" 128.848"", ""  74.109""], ["" 125.977"", "" 130.307"", ""  75.544""], ["" 126.086"", "" 129.084"", ""  74.843""], ["" 127.025"", "" 131.231"", ""  75.474""], ["" 124.982"", "" 128.123"", ""  74.862""], ["" 128.148"", "" 130.926"", ""  74.708""], ["" 124.107"", "" 127.365"", ""  74.879""], ["" 128.275"", "" 129.760"", ""  74.031""], ["" 124.750"", "" 130.671"", ""  76.378""], ["" 129.312"", "" 131.890"", ""  74.584""], ["" 129.291"", "" 127.452"", ""  72.565""], ["" 130.197"", "" 126.430"", ""  73.252""], ["" 131.416"", "" 126.888"", ""  73.612""], ["" 129.791"", "" 125.280"", ""  73.415""], ["" 131.621"", "" 127.846"", ""  73.366""], ["" 132.471"", "" 126.227"", ""  74.268""], ["" 132.111"", "" 125.093"", ""  75.002""], ["" 133.820"", "" 126.617"", ""  74.212""], ["" 133.078"", "" 124.361"", ""  75.685""], ["" 134.785"", "" 125.882"", ""  74.895""], ["" 134.412"", "" 124.760"", ""  75.630""]]",[],1d_Grossjean_2025
9,4409,1e_Grossjean_2025,receptor_tmp,1,18,-7.02,-0.30521739130434783,0.0,0.0,1,192.37,-8.22,-8.3,0.08,-8.22,0.0,-0.73,1.19,-0.73,54,4,0.0,0.0,0.0,9.849896,11.28035,15.793664,-0.8063171,0.31906355,0.49804737,289.91629,"106.175072, 323.090424, 65.422829, 98.488174, ","[["" 128.740"", "" 127.780"", ""  71.942""], ["" 127.538"", "" 127.314"", ""  73.224""], ["" 127.114"", "" 128.767"", ""  74.164""], ["" 125.705"", "" 130.140"", ""  75.577""], ["" 125.899"", "" 128.932"", ""  74.870""], ["" 126.714"", "" 131.108"", ""  75.568""], ["" 124.876"", "" 127.884"", ""  74.918""], ["" 127.891"", "" 130.852"", ""  74.868""], ["" 124.066"", "" 127.058"", ""  74.957""], ["" 128.097"", "" 129.703"", ""  74.182""], ["" 124.431"", "" 130.438"", ""  76.367""], ["" 129.030"", "" 131.853"", ""  74.837""], ["" 130.153"", "" 127.296"", ""  72.278""], ["" 130.315"", "" 126.768"", ""  73.510""], ["" 131.048"", "" 127.430"", ""  71.442""], ["" 129.510"", "" 126.781"", ""  74.119""], ["" 131.487"", "" 126.258"", ""  74.096""], ["" 132.639"", "" 126.990"", ""  74.163""], ["" 131.421"", "" 124.949"", ""  74.588""], ["" 133.735"", "" 126.428"", ""  74.732""], ["" 132.558"", "" 124.385"", ""  75.171""], ["" 133.736"", "" 125.129"", ""  75.247""], ["" 134.976"", "" 127.299"", ""  74.774""]]",[],1e_Grossjean_2025
10,4463,1f_Grossjean_2025,receptor_tmp,1,2,-7.31,-0.3322727272727273,0.0,0.0,5,194.47,-8.51,-8.21,-0.29,-8.51,0.0,-0.42,1.19,-0.42,57,4,0.0,0.0,0.0,10.218362,10.355726,15.987747,-0.75746313,0.34819954,0.55227411,210.063568,"143.631195, 157.752747, 46.796257, 328.902893, ","[["" 127.527"", "" 127.433"", ""  73.084""], ["" 127.108"", "" 128.840"", ""  74.093""], ["" 125.712"", "" 130.137"", ""  75.588""], ["" 125.906"", "" 128.960"", ""  74.830""], ["" 126.709"", "" 131.118"", ""  75.597""], ["" 124.898"", "" 127.897"", ""  74.853""], ["" 127.873"", "" 130.905"", ""  74.864""], ["" 124.100"", "" 127.059"", ""  74.872""], ["" 128.079"", "" 129.787"", ""  74.128""], ["" 124.451"", "" 130.386"", ""  76.415""], ["" 128.997"", "" 131.924"", ""  74.843""], ["" 129.299"", "" 127.537"", ""  72.658""], ["" 130.194"", "" 126.505"", ""  73.361""], ["" 131.444"", "" 126.937"", ""  73.630""], ["" 129.753"", "" 125.393"", ""  73.655""], ["" 131.651"", "" 127.890"", ""  73.366""], ["" 132.515"", "" 126.264"", ""  74.248""], ["" 132.199"", "" 125.107"", ""  74.969""], ["" 133.865"", "" 126.661"", ""  74.211""], ["" 133.124"", "" 124.354"", ""  75.620""], ["" 134.828"", "" 125.897"", ""  74.876""], ["" 134.418"", "" 124.756"", ""  75.565""]]",[],1f_Grossjean_2025
11,14469,1g_Grossjean_2025,receptor_tmp,1,2,-6.54,-0.2843478260869565,0.0,0.0,3,185.99,-8.03,-8.01,-0.02,-8.03,0.0,-1.57,1.49,-1.57,46,3,0.0,0.0,0.0,9.437028,7.506262,3.997553,-0.45316068,-0.14387313,-0.87974196,99.504463,"33.997597, 159.578278, 347.717041, 92.080345, 189.995239, ","[["" 128.939"", "" 123.814"", ""  59.470""], ["" 130.126"", "" 125.039"", ""  60.099""], ["" 131.092"", "" 124.240"", ""  61.360""], ["" 132.999"", "" 123.015"", ""  62.212""], ["" 132.341"", "" 123.620"", ""  61.118""], ["" 132.408"", "" 123.064"", ""  63.479""], ["" 132.966"", "" 123.626"", ""  59.793""], ["" 131.187"", "" 123.718"", ""  63.631""], ["" 133.462"", "" 123.631"", ""  58.747""], ["" 130.538"", "" 124.303"", ""  62.597""], ["" 134.346"", "" 122.306"", ""  62.073""], ["" 130.504"", "" 123.821"", ""  64.982""], ["" 128.745"", "" 122.652"", ""  60.446""], ["" 129.795"", "" 121.829"", ""  60.607""], ["" 127.672"", "" 122.514"", ""  61.036""], ["" 130.631"", "" 122.004"", ""  60.067""], ["" 129.812"", "" 120.627"", ""  61.441""], ["" 130.886"", "" 119.613"", ""  61.060""], ["" 132.208"", "" 120.032"", ""  60.879""], ["" 130.550"", "" 118.266"", ""  60.902""], ["" 133.189"", "" 119.106"", ""  60.533""], ["" 131.532"", "" 117.341"", ""  60.557""], ["" 132.846"", "" 117.765"", ""  60.373""]]",[],1g_Grossjean_2025
12,4370,1h_Grossjean_2025,receptor_tmp,1,17,-5.79,-0.1996551724137931,0.0,0.0,1,188.09,-8.18,-7.74,-0.43,-8.18,0.0,-1.16,2.39,-1.16,29,8,0.0,0.0,0.0,10.583772,10.449283,4.80682,0.14107235,-0.44544052,0.88412744,165.525803,"12.002501, 84.248619, 262.27951, 97.791946, 48.969326, 160.866638, 324.278015, 209.132187, ","[["" 129.357"", "" 128.034"", ""  61.546""], ["" 128.874"", "" 128.880"", ""  62.474""], ["" 128.661"", "" 127.228"", ""  60.929""], ["" 129.518"", "" 129.500"", ""  62.943""], ["" 130.860"", "" 128.104"", ""  61.276""], ["" 131.461"", "" 126.637"", ""  60.385""], ["" 131.997"", "" 125.436"", ""  61.593""], ["" 133.138"", "" 123.404"", ""  62.259""], ["" 132.763"", "" 124.303"", ""  61.235""], ["" 132.743"", "" 123.667"", ""  63.575""], ["" 133.164"", "" 124.054"", ""  59.847""], ["" 131.990"", "" 124.808"", ""  63.841""], ["" 133.482"", "" 123.858"", ""  58.751""], ["" 131.621"", "" 125.681"", ""  62.875""], ["" 133.961"", "" 122.146"", ""  61.989""], ["" 131.530"", "" 125.148"", ""  65.246""], ["" 127.479"", "" 128.951"", ""  62.909""], ["" 126.581"", "" 129.762"", ""  61.980""], ["" 125.619"", "" 130.624"", ""  62.508""], ["" 126.678"", "" 129.601"", ""  60.597""], ["" 124.772"", "" 131.360"", ""  61.664""], ["" 125.840"", "" 130.320"", ""  59.729""], ["" 124.898"", "" 131.204"", ""  60.275""], ["" 123.807"", "" 132.241"", ""  62.116""], ["" 124.091"", "" 133.635"", ""  62.140""], ["" 125.882"", "" 130.213"", ""  58.351""], ["" 125.877"", "" 128.922"", ""  57.750""], ["" 124.068"", "" 131.910"", ""  59.439""], ["" 123.069"", "" 131.117"", ""  58.812""]]",[],1h_Grossjean_2025
13,4547,1i_Grossjean_2025,receptor_tmp,1,6,-7.45,-0.3547619047619048,0.0,0.0,4,192.42,-8.65,-8.36,-0.29,-8.65,0.0,-0.41,1.19,-0.41,45,5,0.0,0.0,0.0,10.008732,9.890703,17.20803,-0.55512826,-0.73324924,0.39265528,145.320755,"246.153931, 168.376633, 309.091614, 329.613037, ","[["" 130.723"", "" 127.415"", ""  73.190""], ["" 131.152"", "" 125.827"", ""  73.868""], ["" 132.610"", "" 124.230"", ""  74.959""], ["" 132.404"", "" 125.536"", ""  74.459""], ["" 131.588"", "" 123.282"", ""  74.837""], ["" 133.479"", "" 126.529"", ""  74.531""], ["" 130.394"", "" 123.649"", ""  74.219""], ["" 134.330"", "" 127.312"", ""  74.587""], ["" 130.174"", "" 124.895"", ""  73.737""], ["" 133.915"", "" 123.799"", ""  75.625""], ["" 129.253"", "" 122.664"", ""  74.047""], ["" 128.960"", "" 127.366"", ""  72.748""], ["" 128.117"", "" 128.278"", ""  73.643""], ["" 126.852"", "" 127.863"", ""  73.870""], ["" 128.616"", "" 129.311"", ""  74.092""], ["" 126.575"", "" 126.979"", ""  73.465""], ["" 125.886"", "" 128.493"", ""  74.642""], ["" 124.615"", "" 128.137"", ""  74.739""], ["" 126.153"", "" 129.608"", ""  75.433""], ["" 124.011"", "" 129.039"", ""  75.616""], ["" 124.952"", "" 129.922"", ""  76.027""]]",[],1i_Grossjean_2025
14,14291,1j_Grossjean_2025,receptor_tmp,1,13,-7.47,-0.3557142857142857,0.0,0.0,4,192.89,-8.66,-8.35,-0.32,-8.66,0.0,-0.28,1.19,-0.28,50,4,0.0,0.0,0.0,9.973189,10.255234,17.144018,0.75642477,-0.60728918,0.24294324,223.28862,"242.045609, 153.467728, 314.352661, 326.807953, ","[["" 127.625"", "" 127.373"", ""  73.276""], ["" 127.270"", "" 128.864"", ""  74.180""], ["" 125.916"", "" 130.324"", ""  75.558""], ["" 126.063"", "" 129.092"", ""  74.881""], ["" 126.948"", "" 131.265"", ""  75.497""], ["" 124.972"", "" 128.113"", ""  74.888""], ["" 128.093"", "" 130.967"", ""  74.762""], ["" 124.109"", "" 127.343"", ""  74.895""], ["" 128.257"", "" 129.793"", ""  74.109""], ["" 124.662"", "" 130.681"", ""  76.357""], ["" 129.241"", "" 131.953"", ""  74.645""], ["" 129.324"", "" 127.501"", ""  72.643""], ["" 130.279"", "" 126.546"", ""  73.362""], ["" 131.520"", "" 127.027"", ""  73.591""], ["" 129.883"", "" 125.425"", ""  73.684""], ["" 131.716"", "" 127.973"", ""  73.300""], ["" 132.561"", "" 126.364"", ""  74.227""], ["" 133.850"", "" 126.608"", ""  74.133""], ["" 132.138"", "" 125.055"", ""  75.283""], ["" 134.555"", "" 125.780"", ""  74.879""], ["" 133.832"", "" 124.837"", ""  75.603""]]",[],1j_Grossjean_2025
15,14174,1k_Grossjean_2025,receptor_tmp,1,6,-5.87,-0.22576923076923078,0.0,0.0,1,189.78,-9.45,-8.81,-0.65,-9.45,0.0,-0.89,3.58,-0.89,45,12,0.0,0.0,0.0,13.800154,8.766528,10.145058,-0.26577372,-0.60952879,-0.74688619,149.346817,"7.970432, 230.292114, 310.328888, 113.247757, 126.399719, 16.667765, 145.315704, 154.7034, 121.556725, 76.619026, 148.450363, 298.878174, ","[["" 129.965"", "" 127.278"", ""  67.919""], ["" 130.123"", "" 126.085"", ""  67.162""], ["" 131.447"", "" 126.143"", ""  66.377""], ["" 131.638"", "" 125.028"", ""  65.449""], ["" 132.756"", "" 124.791"", ""  64.742""], ["" 133.760"", "" 125.503"", ""  64.811""], ["" 130.854"", "" 124.401"", ""  65.338""], ["" 132.710"", "" 123.561"", ""  63.821""], ["" 133.332"", "" 123.821"", ""  62.123""], ["" 132.297"", "" 125.021"", ""  61.296""], ["" 131.456"", "" 126.153"", ""  59.325""], ["" 132.313"", "" 125.183"", ""  59.892""], ["" 130.632"", "" 126.910"", ""  60.163""], ["" 133.185"", "" 124.372"", ""  59.037""], ["" 130.681"", "" 126.689"", ""  61.538""], ["" 133.873"", "" 123.732"", ""  58.360""], ["" 131.497"", "" 125.768"", ""  62.101""], ["" 131.388"", "" 126.410"", ""  57.821""], ["" 129.813"", "" 127.476"", ""  62.500""], ["" 129.031"", "" 127.159"", ""  68.984""], ["" 129.737"", "" 127.435"", ""  70.318""], ["" 129.100"", "" 126.695"", ""  71.351""], ["" 128.250"", "" 127.481"", ""  72.177""], ["" 129.055"", "" 128.638"", ""  72.783""], ["" 128.591"", "" 128.899"", ""  74.101""], ["" 127.196"", "" 128.695"", ""  74.260""]]",[],1k_Grossjean_2025
16,14520,1l_Grossjean_2025,receptor_tmp,1,12,-6.52,-0.3622222222222222,0.0,0.0,4,194.63,-7.71,-7.22,-0.49,-7.71,0.0,-0.17,1.19,-0.17,37,4,0.0,0.0,0.0,9.217195,10.689911,15.165922,-0.60501062,-0.5208912,-0.60219142,84.349686,"15.428753, 287.704132, 256.352386, 49.487431, ","[["" 129.866"", "" 127.211"", ""  72.770""], ["" 128.095"", "" 127.329"", ""  73.196""], ["" 127.804"", "" 128.933"", ""  73.922""], ["" 126.491"", "" 130.521"", ""  75.198""], ["" 126.633"", "" 129.223"", ""  74.660""], ["" 127.502"", "" 131.464"", ""  74.984""], ["" 125.589"", "" 128.214"", ""  74.868""], ["" 128.623"", "" 131.096"", ""  74.245""], ["" 124.765"", "" 127.420"", ""  75.033""], ["" 128.779"", "" 129.858"", ""  73.720""], ["" 125.269"", "" 130.946"", ""  76.011""], ["" 129.753"", "" 132.073"", ""  73.976""], ["" 130.711"", "" 126.367"", ""  73.734""], ["" 131.874"", "" 126.928"", ""  74.116""], ["" 130.324"", "" 125.263"", ""  74.126""], ["" 132.294"", "" 127.722"", ""  73.654""], ["" 132.819"", "" 126.144"", ""  74.777""], ["" 134.126"", "" 126.630"", ""  74.507""]]",[],1l_Grossjean_2025
17,4526,1m_Grossjean_2025,receptor_tmp,1,18,-6.98,-0.3323809523809524,0.0,0.0,1,193.41,-8.77,-8.05,-0.72,-8.77,0.0,-0.71,1.79,-0.71,46,5,0.0,0.0,0.0,10.460239,9.479313,16.48707,0.26390485,0.10969514,0.95829077,214.676971,"136.922913, 333.891724, 26.634354, 182.993591, 332.264099, 15.081367, ","[["" 128.157"", "" 128.268"", ""  73.579""], ["" 126.948"", "" 127.757"", ""  73.880""], ["" 128.538"", "" 129.370"", ""  73.979""], ["" 126.698"", "" 126.859"", ""  73.492""], ["" 129.043"", "" 127.389"", ""  72.688""], ["" 130.813"", "" 127.389"", ""  73.136""], ["" 131.204"", "" 125.798"", ""  73.833""], ["" 132.610"", "" 124.177"", ""  74.957""], ["" 132.439"", "" 125.485"", ""  74.450""], ["" 131.563"", "" 123.257"", ""  74.844""], ["" 133.505"", "" 126.479"", ""  74.602""], ["" 130.371"", "" 123.658"", ""  74.245""], ["" 134.347"", "" 127.263"", ""  74.722""], ["" 130.185"", "" 124.905"", ""  73.752""], ["" 133.902"", "" 123.719"", ""  75.632""], ["" 129.195"", "" 122.710"", ""  74.101""], ["" 125.929"", "" 128.401"", ""  74.723""], ["" 126.402"", "" 128.611"", ""  76.177""], ["" 127.191"", "" 127.849"", ""  76.743""], ["" 125.841"", "" 129.708"", ""  76.726""], ["" 124.884"", "" 130.469"", ""  76.003""]]",[],1m_Grossjean_2025
18,4454,1n_Grossjean_2025,receptor_tmp,1,13,-7.4,-0.2642857142857143,0.0,0.0,4,192.93,-9.78,-9.15,-0.63,-9.78,0.0,-0.73,2.39,-0.73,55,11,0.0,0.0,0.0,10.912984,10.183374,10.729835,-0.02230363,0.46673987,-0.88411337,184.651062,"19.015947, 195.518158, 59.113106, 15.59159, 14.793768, 308.417236, 234.520523, 320.86676, ","[["" 130.193"", "" 126.952"", ""  67.740""], ["" 129.302"", "" 126.585"", ""  68.686""], ["" 131.047"", "" 127.830"", ""  67.867""], ["" 128.696"", "" 125.813"", ""  68.450""], ["" 130.105"", "" 126.186"", ""  66.414""], ["" 131.228"", "" 125.140"", ""  66.243""], ["" 132.635"", "" 125.701"", ""  65.238""], ["" 132.491"", "" 124.940"", ""  63.635""], ["" 131.597"", "" 124.683"", ""  61.399""], ["" 131.622"", "" 125.399"", ""  62.618""], ["" 132.433"", "" 123.572"", ""  61.242""], ["" 130.794"", "" 126.595"", ""  62.785""], ["" 133.275"", "" 123.205"", ""  62.289""], ["" 130.140"", "" 127.541"", ""  62.916""], ["" 133.312"", "" 123.873"", ""  63.465""], ["" 130.692"", "" 125.074"", ""  60.233""], ["" 134.212"", "" 122.018"", ""  62.175""], ["" 129.115"", "" 127.084"", ""  69.990""], ["" 127.812"", "" 127.016"", ""  70.484""], ["" 130.125"", "" 127.640"", ""  70.789""], ["" 127.517"", "" 127.477"", ""  71.764""], ["" 129.828"", "" 128.103"", ""  72.067""], ["" 128.525"", "" 128.024"", ""  72.573""], ["" 128.244"", "" 128.528"", ""  73.960""], ["" 127.738"", "" 127.832"", ""  74.845""], ["" 128.591"", "" 129.829"", ""  74.138""], ["" 127.666"", "" 130.770"", ""  74.669""], ["" 128.170"", "" 132.190"", ""  74.394""]]",[],1n_Grossjean_2025
19,4367,1o_Grossjean_2025,receptor_tmp,1,12,-7.33,-0.2714814814814815,0.0,0.0,3,187.95,-9.42,-8.75,-0.67,-9.42,0.0,-0.78,2.09,-0.78,61,13,0.0,0.0,0.0,7.072274,11.382378,9.954704,0.70019999,-0.49191615,0.51743451,125.070862,"226.007034, 293.964294, 255.593491, 307.130371, 206.581451, 268.255341, 263.654938, ","[["" 127.887"", "" 129.259"", ""  66.885""], ["" 128.248"", "" 128.065"", ""  67.405""], ["" 127.870"", "" 130.325"", ""  67.501""], ["" 128.277"", "" 127.291"", ""  66.758""], ["" 127.504"", "" 129.244"", ""  65.398""], ["" 126.024"", "" 128.888"", ""  65.153""], ["" 124.913"", "" 130.327"", ""  65.133""], ["" 125.213"", "" 131.251"", ""  63.641""], ["" 126.350"", "" 132.880"", ""  62.253""], ["" 126.238"", "" 132.218"", ""  63.497""], ["" 125.470"", "" 132.545"", ""  61.218""], ["" 127.187"", "" 132.512"", ""  64.573""], ["" 124.510"", "" 131.561"", ""  61.438""], ["" 127.938"", "" 132.747"", ""  65.422""], ["" 124.381"", "" 130.917"", ""  62.622""], ["" 127.404"", "" 133.952"", ""  61.983""], ["" 123.536"", "" 131.144"", ""  60.352""], ["" 128.627"", "" 127.731"", ""  68.720""], ["" 127.593"", "" 127.330"", ""  69.566""], ["" 129.937"", "" 127.794"", ""  69.219""], ["" 127.856"", "" 126.985"", ""  70.889""], ["" 130.198"", "" 127.450"", ""  70.542""], ["" 129.164"", "" 127.041"", ""  71.393""], ["" 129.484"", "" 126.679"", ""  72.815""], ["" 129.756"", "" 125.530"", ""  73.177""], ["" 129.441"", "" 127.740"", ""  73.662""], ["" 128.623"", "" 128.867"", ""  73.382""]]",[],1o_Grossjean_2025
20,4188,1p_Grossjean_2025,receptor_tmp,1,8,-7.57,-0.3440909090909091,0.0,0.0,5,195.58,-9.06,-8.47,-0.59,-9.06,0.0,-0.58,1.49,-0.58,49,7,0.0,0.0,0.0,8.921079,10.765019,14.049279,-0.63538978,0.23942046,0.73413737,287.302155,"77.775093, 320.882599, 290.282104, 36.784424, 170.546524, ","[["" 128.502"", "" 127.983"", ""  71.965""], ["" 127.545"", "" 127.379"", ""  73.386""], ["" 127.079"", "" 128.807"", ""  74.338""], ["" 125.575"", "" 130.142"", ""  75.688""], ["" 125.819"", "" 128.951"", ""  74.968""], ["" 126.579"", "" 131.115"", ""  75.762""], ["" 124.804"", "" 127.898"", ""  74.916""], ["" 127.798"", "" 130.879"", ""  75.130""], ["" 123.999"", "" 127.067"", ""  74.875""], ["" 128.053"", "" 129.746"", ""  74.433""], ["" 124.253"", "" 130.415"", ""  76.401""], ["" 128.929"", "" 131.888"", ""  75.187""], ["" 129.795"", "" 127.187"", ""  71.704""], ["" 130.276"", "" 126.381"", ""  72.920""], ["" 131.324"", "" 126.907"", ""  73.593""], ["" 129.714"", "" 125.323"", ""  73.208""], ["" 131.697"", "" 127.782"", ""  73.257""], ["" 131.949"", "" 126.383"", ""  74.717""], ["" 131.421"", "" 126.287"", ""  75.926""], ["" 133.249"", "" 125.879"", ""  74.701""], ["" 132.392"", "" 125.706"", ""  76.745""], ["" 133.490"", "" 125.466"", ""  75.991""]]",[],1p_Grossjean_2025
21,14344,1q_Grossjean_2025,receptor_tmp,1,3,-6.47,-0.29409090909090907,0.0,0.0,1,193.0,-8.56,-7.92,-0.64,-8.56,0.0,-0.68,2.09,-0.68,46,6,0.0,0.0,0.0,10.713866,10.771876,15.898819,0.47399939,0.3882398,0.79031288,233.423126,"223.499619, 280.676147, 96.088287, 82.545609, 294.045258, 333.506989, 145.368744, ","[["" 127.590"", "" 128.209"", ""  74.102""], ["" 126.246"", "" 128.123"", ""  74.103""], ["" 128.261"", "" 128.291"", ""  75.133""], ["" 125.771"", "" 128.085"", ""  73.213""], ["" 128.265"", "" 128.184"", ""  72.723""], ["" 129.234"", "" 127.004"", ""  72.513""], ["" 130.877"", "" 127.272"", ""  73.245""], ["" 131.387"", "" 125.773"", ""  74.060""], ["" 132.926"", "" 124.325"", ""  75.245""], ["" 132.668"", "" 125.571"", ""  74.630""], ["" 131.928"", "" 123.345"", ""  75.255""], ["" 133.719"", "" 126.587"", ""  74.561""], ["" 130.705"", "" 123.620"", ""  74.646""], ["" 134.554"", "" 127.387"", ""  74.508""], ["" 130.435"", "" 124.805"", ""  74.054""], ["" 134.265"", "" 123.993"", ""  75.903""], ["" 129.587"", "" 122.595"", ""  74.613""], ["" 125.384"", "" 128.116"", ""  75.294""], ["" 125.301"", "" 129.492"", ""  75.988""], ["" 124.216"", "" 130.061"", ""  76.119""], ["" 126.494"", "" 129.958"", ""  76.435""], ["" 127.077"", "" 131.117"", ""  75.858""]]",[],1q_Grossjean_2025
22,14127,2a_Ghoteimi_2023,receptor_tmp,1,14,-2.2,-0.04489795918367347,0.0,0.0,1,190.85,-5.48,-4.88,-0.6,-5.48,0.0,-2.29,3.28,-2.29,88,7,0.0,0.0,0.0,2.069526,11.079584,3.009028,0.78764657,0.25094064,0.56270922,45.130234,"322.004852, 339.744568, 259.743347, 30.294926, 272.058685, 287.754303, 173.260895, 73.012085, 85.237831, 109.968895, 318.280823, ","[["" 125.137"", "" 129.934"", ""  60.897""], ["" 125.417"", "" 128.790"", ""  61.559""], ["" 125.736"", "" 130.342"", ""  59.902""], ["" 124.887"", "" 128.623"", ""  62.401""], ["" 124.001"", "" 130.772"", ""  61.497""], ["" 123.737"", "" 130.516"", ""  63.282""], ["" 125.332"", "" 130.103"", ""  63.949""], ["" 123.496"", "" 129.203"", ""  66.871""], ["" 124.388"", "" 129.366"", ""  66.152""], ["" 125.521"", "" 129.568"", ""  65.242""], ["" 126.844"", "" 129.274"", ""  65.653""], ["" 126.360"", "" 130.352"", ""  63.104""], ["" 127.892"", "" 129.539"", ""  64.761""], ["" 127.628"", "" 130.069"", ""  63.495""], ["" 127.197"", "" 128.702"", ""  66.987""], ["" 128.357"", "" 129.118"", ""  67.646""], ["" 126.398"", "" 127.724"", ""  67.586""], ["" 128.705"", "" 128.577"", ""  68.880""], ["" 126.746"", "" 127.183"", ""  68.821""], ["" 127.902"", "" 127.605"", ""  69.494""], ["" 128.243"", "" 127.035"", ""  70.724""], ["" 127.664"", "" 127.590"", ""  71.964""], ["" 129.610"", "" 126.551"", ""  70.996""], ["" 127.804"", "" 126.648"", ""  73.178""], ["" 129.704"", "" 125.638"", ""  72.236""], ["" 129.167"", "" 126.301"", ""  73.370""], ["" 128.711"", "" 130.360"", ""  62.507""], ["" 128.960"", "" 131.666"", ""  62.067""], ["" 129.497"", "" 129.327"", ""  61.985""], ["" 129.962"", "" 131.930"", ""  61.138""], ["" 130.497"", "" 129.590"", ""  61.054""], ["" 130.759"", "" 130.899"", ""  60.619""], ["" 131.742"", "" 131.175"", ""  59.663""], ["" 133.104"", "" 131.589"", ""  60.057""], ["" 131.369"", "" 131.831"", ""  58.392""], ["" 134.138"", "" 131.498"", ""  58.915""], ["" 132.455"", "" 131.733"", ""  57.300""], ["" 133.687"", "" 132.237"", ""  57.791""], ["" 126.370"", "" 127.794"", ""  61.274""], ["" 127.174"", "" 127.400"", ""  62.345""], ["" 126.544"", "" 127.181"", ""  60.024""], ["" 128.147"", "" 126.419"", ""  62.176""], ["" 127.518"", "" 126.201"", ""  59.855""], ["" 128.331"", "" 125.808"", ""  60.927""], ["" 129.372"", "" 124.747"", ""  60.707""], ["" 130.586"", "" 124.972"", ""  60.728""], ["" 128.844"", "" 123.518"", ""  60.476""], ["" 128.669"", "" 122.583"", ""  61.533""], ["" 129.726"", "" 121.480"", ""  61.416""]]",[],2a_Ghoteimi_2023
23,4239,2a_Grossjean_2025,receptor_tmp,1,11,-6.68,-0.22266666666666665,0.0,0.0,3,185.8,-9.06,-8.29,-0.77,-9.06,0.0,-0.78,2.39,-0.78,53,13,0.0,0.0,0.0,8.724028,10.161149,10.184504,-0.54800705,0.56974181,-0.61243983,303.631592,"111.801613, 229.608459, 82.282906, 206.330414, 265.35437, 204.683395, 85.869949, 103.055595, ","[["" 130.285"", "" 125.799"", ""  66.820""], ["" 130.250"", "" 126.985"", ""  67.465""], ["" 130.144"", "" 124.695"", ""  67.347""], ["" 130.355"", "" 127.804"", ""  66.885""], ["" 130.525"", "" 125.876"", ""  65.309""], ["" 132.282"", "" 125.708"", ""  64.848""], ["" 132.414"", "" 124.909"", ""  63.252""], ["" 133.308"", "" 123.122"", ""  62.048""], ["" 132.729"", "" 123.566"", ""  60.863""], ["" 133.155"", "" 123.772"", ""  63.223""], ["" 131.951"", "" 124.734"", ""  60.871""], ["" 131.785"", "" 125.428"", ""  62.097""], ["" 130.986"", "" 126.656"", ""  62.162""], ["" 130.355"", "" 127.625"", ""  62.213""], ["" 134.172"", "" 121.875"", ""  62.090""], ["" 131.316"", "" 125.212"", ""  59.551""], ["" 131.624"", "" 126.490"", ""  59.332""], ["" 131.769"", "" 124.476"", ""  58.535""], ["" 129.984"", "" 125.114"", ""  59.555""], ["" 130.027"", "" 127.270"", ""  68.825""], ["" 128.729"", "" 127.045"", ""  69.284""], ["" 130.997"", "" 127.751"", ""  69.716""], ["" 128.400"", "" 127.280"", ""  70.615""], ["" 130.666"", "" 127.989"", ""  71.047""], ["" 129.367"", "" 127.753"", ""  71.514""], ["" 129.047"", "" 128.015"", ""  72.959""], ["" 128.659"", "" 129.109"", ""  73.380""], ["" 129.248"", "" 126.934"", ""  73.755""], ["" 130.156"", "" 125.905"", ""  73.381""], ["" 131.566"", "" 126.278"", ""  73.849""]]",[],2a_Grossjean_2025
24,4475,2aa_Ghoteimi_2023,receptor_tmp,1,4,-0.62,-0.012653061224489795,0.0,0.0,4,187.97,-3.9,-3.53,-0.37,-3.9,0.0,-1.22,3.28,-1.22,98,5,0.0,0.0,0.0,9.724508,11.408639,4.041376,0.76400045,-0.43146778,0.47972791,274.082642,"151.122574, 222.061691, 180.037674, 99.700905, 206.529999, 356.202637, 171.678223, 312.665466, 98.999092, 204.242325, 215.149628, ","[["" 130.918"", "" 125.596"", ""  60.673""], ["" 130.876"", "" 124.477"", ""  61.428""], ["" 131.458"", "" 125.685"", ""  59.568""], ["" 130.337"", "" 124.536"", ""  62.280""], ["" 130.201"", "" 126.806"", ""  61.285""], ["" 129.652"", "" 126.448"", ""  62.558""], ["" 129.097"", "" 127.422"", ""  63.377""], ["" 128.515"", "" 128.856"", ""  60.203""], ["" 128.509"", "" 128.726"", ""  61.353""], ["" 128.501"", "" 128.562"", ""  62.808""], ["" 127.926"", "" 129.528"", ""  63.666""], ["" 129.152"", "" 127.232"", ""  64.725""], ["" 128.006"", "" 129.315"", ""  65.048""], ["" 128.623"", "" 128.167"", ""  65.554""], ["" 127.232"", "" 130.762"", ""  63.185""], ["" 125.838"", "" 130.800"", ""  63.102""], ["" 127.962"", "" 131.885"", ""  62.785""], ["" 125.187"", "" 131.939"", ""  62.636""], ["" 127.310"", "" 133.022"", ""  62.318""], ["" 125.912"", "" 133.068"", ""  62.225""], ["" 125.279"", "" 134.223"", ""  61.757""], ["" 125.973"", "" 135.525"", ""  61.736""], ["" 123.849"", "" 134.432"", ""  62.061""], ["" 125.260"", "" 136.588"", ""  60.873""], ["" 123.192"", "" 135.522"", ""  61.189""], ["" 123.915"", "" 136.738"", ""  61.302""], ["" 128.715"", "" 127.889"", ""  67.021""], ["" 127.566"", "" 127.620"", ""  67.771""], ["" 129.949"", "" 127.894"", ""  67.683""], ["" 127.647"", "" 127.354"", ""  69.136""], ["" 130.031"", "" 127.626"", ""  69.046""], ["" 128.884"", "" 127.334"", ""  69.799""], ["" 128.982"", "" 127.081"", ""  71.172""], ["" 130.294"", "" 126.978"", ""  71.844""], ["" 127.996"", "" 127.676"", ""  72.097""], ["" 130.224"", "" 126.354"", ""  73.253""], ["" 127.992"", "" 127.031"", ""  73.499""], ["" 129.298"", "" 127.068"", ""  74.055""], ["" 131.430"", "" 123.204"", ""  61.187""], ["" 132.745"", "" 123.195"", ""  60.718""], ["" 130.755"", "" 121.988"", ""  61.365""], ["" 133.387"", "" 121.991"", ""  60.445""], ["" 131.399"", "" 120.786"", ""  61.087""], ["" 132.721"", "" 120.770"", ""  60.627""], ["" 133.384"", "" 119.454"", ""  60.337""], ["" 134.606"", "" 119.282"", ""  60.395""], ["" 132.507"", "" 118.476"", ""  59.992""], ["" 131.779"", "" 117.759"", ""  60.980""], ["" 130.310"", "" 117.660"", ""  60.556""]]",[],2aa_Ghoteimi_2023
25,4856,2b_Ghoteimi_2023,receptor_tmp,1,12,-2.6,-0.06046511627906977,0.0,0.0,9,190.29,-4.99,-4.44,-0.55,-4.99,0.0,-1.84,2.39,-1.84,85,3,0.0,0.0,0.0,10.00175,8.846281,6.309478,-0.50785827,-0.82603552,0.24442852,206.547943,"155.408218, 197.518188, 48.992943, 342.820312, 101.84079, 103.665268, 314.243713, 357.231049, ","[["" 129.007"", "" 129.049"", ""  61.524""], ["" 129.415"", "" 127.585"", ""  62.450""], ["" 130.196"", "" 126.153"", ""  59.272""], ["" 130.052"", "" 126.257"", ""  60.415""], ["" 129.874"", "" 126.383"", ""  61.865""], ["" 130.163"", "" 125.293"", ""  62.724""], ["" 129.279"", "" 127.735"", ""  63.789""], ["" 129.982"", "" 125.463"", ""  64.102""], ["" 129.555"", "" 126.692"", ""  64.613""], ["" 130.660"", "" 123.969"", ""  62.245""], ["" 132.003"", "" 123.802"", ""  61.903""], ["" 129.789"", "" 122.883"", ""  62.116""], ["" 132.471"", "" 122.570"", ""  61.456""], ["" 130.257"", "" 121.653"", ""  61.665""], ["" 131.604"", "" 121.474"", ""  61.322""], ["" 132.052"", "" 120.226"", ""  60.888""], ["" 133.475"", "" 119.871"", ""  61.065""], ["" 131.220"", "" 119.015"", ""  61.037""], ["" 133.911"", "" 118.656"", ""  60.220""], ["" 131.714"", "" 117.827"", ""  60.186""], ["" 133.070"", "" 117.545"", ""  60.491""], ["" 129.374"", "" 126.934"", ""  66.078""], ["" 129.904"", "" 126.044"", ""  67.019""], ["" 128.687"", "" 128.059"", ""  66.549""], ["" 129.753"", "" 126.272"", ""  68.384""], ["" 128.534"", "" 128.286"", ""  67.914""], ["" 129.056"", "" 127.393"", ""  68.861""], ["" 128.923"", "" 127.651"", ""  70.230""], ["" 127.765"", "" 127.111"", ""  70.971""], ["" 130.099"", "" 127.717"", ""  71.119""], ["" 127.541"", "" 127.784"", ""  72.343""], ["" 129.807"", "" 128.369"", ""  72.488""], ["" 128.725"", "" 127.707"", ""  73.121""], ["" 127.992"", "" 130.111"", ""  62.595""], ["" 126.906"", "" 130.849"", ""  61.810""], ["" 126.103"", "" 130.069"", ""  61.054""], ["" 126.819"", "" 132.074"", ""  61.907""], ["" 126.291"", "" 129.077"", ""  61.051""], ["" 125.055"", "" 130.478"", ""  60.241""], ["" 125.098"", "" 130.608"", ""  58.926""], ["" 123.795"", "" 130.812"", ""  60.736""], ["" 123.831"", "" 131.038"", ""  58.525""], ["" 123.056"", "" 131.157"", ""  59.629""]]",[],2b_Ghoteimi_2023
26,14230,2b_Grossjean_2025,receptor_tmp,1,14,-6.59,-0.22724137931034483,0.0,0.0,2,188.02,-8.68,-8.0,-0.67,-8.68,0.0,-0.58,2.09,-0.58,62,10,0.0,0.0,0.0,10.206244,11.542384,10.052389,0.18255188,0.83201701,0.52385352,301.949188,"147.533188, 245.963852, 131.264755, 200.296402, 310.34436, 82.115036, 177.449005, ","[["" 130.301"", "" 126.795"", ""  67.462""], ["" 129.234"", "" 126.598"", ""  68.266""], ["" 131.318"", "" 127.420"", ""  67.768""], ["" 128.443"", "" 126.133"", ""  67.846""], ["" 130.183"", "" 126.190"", ""  66.060""], ["" 130.497"", "" 124.395"", ""  66.025""], ["" 130.962"", "" 123.889"", ""  64.374""], ["" 130.302"", "" 122.790"", ""  62.425""], ["" 131.527"", "" 123.036"", ""  61.812""], ["" 130.017"", "" 123.208"", ""  63.678""], ["" 132.518"", "" 123.744"", ""  62.510""], ["" 132.234"", "" 124.183"", ""  63.829""], ["" 133.233"", "" 124.922"", ""  64.606""], ["" 134.022"", "" 125.505"", ""  65.220""], ["" 129.198"", "" 122.026"", ""  61.720""], ["" 133.866"", "" 124.012"", ""  61.816""], ["" 134.733"", "" 123.042"", ""  62.113""], ["" 133.701"", "" 124.053"", ""  60.492""], ["" 134.417"", "" 125.170"", ""  62.186""], ["" 129.025"", "" 127.002"", ""  69.598""], ["" 130.157"", "" 127.445"", ""  70.282""], ["" 127.783"", "" 127.004"", ""  70.249""], ["" 130.061"", "" 127.873"", ""  71.604""], ["" 127.688"", "" 127.433"", ""  71.569""], ["" 128.823"", "" 127.871"", ""  72.264""], ["" 128.682"", "" 128.328"", ""  73.688""], ["" 128.639"", "" 127.552"", ""  74.648""], ["" 128.611"", "" 129.677"", ""  73.813""], ["" 127.586"", "" 130.287"", ""  74.586""]]",[],2b_Grossjean_2025
27,4748,2c_Ghoteimi_2023,receptor_tmp,1,14,-4.0,-0.09302325581395349,0.0,0.0,3,190.19,-6.38,-5.78,-0.6,-6.38,0.0,-0.69,2.39,-0.69,85,7,0.0,0.0,0.0,10.387233,8.691619,6.681739,0.03073573,0.03098477,-0.99904718,53.371311,"276.902405, 169.649033, 271.468475, 216.045349, 283.511047, 136.576294, 48.528999, 1.456103, ","[["" 132.666"", "" 124.041"", ""  63.562""], ["" 131.349"", "" 125.194"", ""  63.876""], ["" 130.767"", "" 125.026"", ""  60.358""], ["" 130.652"", "" 125.329"", ""  61.468""], ["" 130.501"", "" 125.717"", ""  62.874""], ["" 129.492"", "" 126.631"", ""  63.266""], ["" 131.206"", "" 125.510"", ""  65.186""], ["" 129.386"", "" 126.967"", ""  64.621""], ["" 130.242"", "" 126.388"", ""  65.563""], ["" 128.528"", "" 127.264"", ""  62.316""], ["" 127.815"", "" 126.476"", ""  61.410""], ["" 128.331"", "" 128.647"", ""  62.307""], ["" 126.912"", "" 127.057"", ""  60.524""], ["" 127.429"", "" 129.229"", ""  61.421""], ["" 126.706"", "" 128.445"", ""  60.510""], ["" 125.790"", "" 129.047"", ""  59.644""], ["" 125.019"", "" 130.218"", ""  60.108""], ["" 126.070"", "" 129.183"", ""  58.202""], ["" 123.796"", "" 130.533"", ""  59.222""], ["" 124.820"", "" 129.525"", ""  57.364""], ["" 124.203"", "" 130.697"", ""  57.872""], ["" 130.159"", "" 126.699"", ""  67.023""], ["" 131.180"", "" 127.410"", ""  67.661""], ["" 129.057"", "" 126.298"", ""  67.788""], ["" 131.105"", "" 127.708"", ""  69.020""], ["" 128.982"", "" 126.595"", ""  69.147""], ["" 130.009"", "" 127.296"", ""  69.794""], ["" 129.907"", "" 127.608"", ""  71.153""], ["" 128.645"", "" 128.160"", ""  71.688""], ["" 130.562"", "" 126.781"", ""  72.187""], ["" 128.793"", "" 128.808"", ""  73.081""], ["" 130.652"", "" 127.465"", ""  73.567""], ["" 129.363"", "" 127.881"", ""  73.990""], ["" 132.395"", "" 123.342"", ""  61.905""], ["" 132.703"", "" 121.845"", ""  61.856""], ["" 131.960"", "" 121.125"", ""  60.988""], ["" 133.586"", "" 121.385"", ""  62.583""], ["" 131.258"", "" 121.618"", ""  60.454""], ["" 132.032"", "" 119.758"", ""  60.769""], ["" 131.039"", "" 118.901"", ""  60.673""], ["" 133.613"", "" 119.067"", ""  60.592""], ["" 131.474"", "" 117.676"", ""  60.456""], ["" 132.854"", "" 117.519"", ""  60.373""]]",[],2c_Ghoteimi_2023
28,14213,2c_Grossjean_2025,receptor_tmp,1,2,-6.3,-0.23333333333333334,0.0,0.0,1,190.74,-8.09,-7.38,-0.71,-8.09,0.0,-0.62,1.79,-0.62,59,7,0.0,0.0,0.0,10.287628,12.56447,11.291898,-0.47036328,0.88229075,-0.01792824,55.181038,"249.35907, 337.379761, 95.248222, 138.342178, 19.510401, 218.265732, ","[["" 128.832"", "" 127.798"", ""  67.013""], ["" 127.317"", "" 128.820"", ""  66.971""], ["" 126.908"", "" 129.207"", ""  65.273""], ["" 127.678"", "" 129.321"", ""  63.074""], ["" 126.443"", "" 129.771"", ""  62.614""], ["" 127.912"", "" 129.039"", ""  64.374""], ["" 125.390"", "" 129.945"", ""  63.523""], ["" 125.623"", "" 129.657"", ""  64.892""], ["" 124.558"", "" 129.823"", ""  65.887""], ["" 123.718"", "" 129.954"", ""  66.672""], ["" 128.853"", "" 129.124"", ""  62.136""], ["" 124.028"", "" 130.442"", ""  62.998""], ["" 124.026"", "" 130.440"", ""  61.664""], ["" 123.051"", "" 129.646"", ""  63.434""], ["" 123.744"", "" 131.683"", ""  63.398""], ["" 129.575"", "" 127.775"", ""  68.357""], ["" 128.829"", "" 127.385"", ""  69.413""], ["" 130.755"", "" 128.124"", ""  68.424""], ["" 127.845"", "" 127.240"", ""  69.241""], ["" 129.220"", "" 127.234"", ""  70.756""], ["" 130.537"", "" 127.387"", ""  71.212""], ["" 128.218"", "" 126.866"", ""  71.656""], ["" 130.832"", "" 127.198"", ""  72.560""], ["" 128.517"", "" 126.678"", ""  73.002""], ["" 129.832"", "" 126.847"", ""  73.465""], ["" 130.221"", "" 126.683"", ""  74.781""], ["" 131.438"", "" 126.001"", ""  75.065""]]",[],2c_Grossjean_2025
29,4772,2d_Ghoteimi_2023,receptor_tmp,1,6,-2.69,-0.07078947368421053,0.0,0.0,2,190.57,-5.07,-4.45,-0.62,-5.07,0.0,-0.96,2.39,-0.96,67,6,0.0,0.0,0.0,10.148373,9.494395,6.880081,0.96190836,-0.25978421,-0.08511445,161.083054,"254.952621, 314.588745, 132.529663, 280.760437, 71.397263, 13.681644, 202.939713, 127.348259, ","[["" 132.575"", "" 123.767"", ""  63.620""], ["" 131.291"", "" 124.970"", ""  63.898""], ["" 130.781"", "" 124.843"", ""  60.363""], ["" 130.650"", "" 125.141"", ""  61.474""], ["" 130.480"", "" 125.521"", ""  62.880""], ["" 129.493"", "" 126.467"", ""  63.254""], ["" 131.183"", "" 125.347"", ""  65.196""], ["" 129.380"", "" 126.813"", ""  64.606""], ["" 130.240"", "" 126.255"", ""  65.555""], ["" 128.558"", "" 127.124"", ""  62.292""], ["" 127.486"", "" 126.410"", ""  61.755""], ["" 128.719"", "" 128.467"", ""  61.936""], ["" 126.602"", "" 127.017"", ""  60.868""], ["" 127.836"", "" 129.074"", ""  61.048""], ["" 126.768"", "" 128.359"", ""  60.490""], ["" 125.885"", "" 128.993"", ""  59.610""], ["" 126.180"", "" 129.099"", ""  58.168""], ["" 125.169"", "" 130.204"", ""  60.057""], ["" 124.954"", "" 129.497"", ""  57.318""], ["" 123.968"", "" 130.571"", ""  59.159""], ["" 124.391"", "" 130.703"", ""  57.811""], ["" 130.169"", "" 126.607"", ""  67.005""], ["" 131.207"", "" 127.318"", ""  67.618""], ["" 129.070"", "" 126.235"", ""  67.789""], ["" 131.147"", "" 127.650"", ""  68.969""], ["" 129.009"", "" 126.569"", ""  69.139""], ["" 130.040"", "" 127.292"", ""  69.754""], ["" 129.972"", "" 127.602"", ""  71.117""], ["" 128.817"", "" 128.322"", ""  71.689""], ["" 130.502"", "" 126.647"", ""  72.111""], ["" 129.081"", "" 128.896"", ""  73.096""], ["" 130.715"", "" 127.265"", ""  73.510""], ["" 129.513"", "" 127.863"", ""  73.967""], ["" 133.008"", "" 123.789"", ""  61.847""], ["" 132.468"", "" 122.544"", ""  61.127""], ["" 133.093"", "" 121.949"", ""  60.244""], ["" 131.243"", "" 122.208"", ""  61.582""], ["" 130.675"", "" 120.947"", ""  61.261""]]",[],2d_Ghoteimi_2023
30,14517,2d_Grossjean_2025,receptor_tmp,1,19,-6.22,-0.2488,0.0,0.0,1,188.36,-7.72,-7.54,-0.17,-7.72,0.0,-0.79,1.49,-0.79,67,8,0.0,0.0,0.0,12.749499,6.28048,5.509779,-0.95993207,-0.0096627,0.28006615,219.098145,"101.103889, 196.822723, 60.026318, 251.462494, 348.754333, ","[["" 134.309"", "" 124.946"", ""  62.471""], ["" 132.700"", "" 125.297"", ""  63.155""], ["" 130.466"", "" 125.682"", ""  62.621""], ["" 130.129"", "" 125.870"", ""  63.959""], ["" 131.725"", "" 125.395"", ""  62.218""], ["" 131.120"", "" 125.750"", ""  64.943""], ["" 132.445"", "" 125.446"", ""  64.539""], ["" 133.507"", "" 125.264"", ""  65.532""], ["" 134.344"", "" 125.120"", ""  66.317""], ["" 129.432"", "" 125.795"", ""  61.517""], ["" 130.726"", "" 125.951"", ""  66.420""], ["" 131.678"", "" 126.632"", ""  67.058""], ["" 129.581"", "" 126.633"", ""  66.498""], ["" 130.551"", "" 124.799"", ""  67.070""], ["" 134.126"", "" 123.702"", ""  61.151""], ["" 133.502"", "" 122.393"", ""  61.645""], ["" 133.024"", "" 121.575"", ""  60.684""], ["" 133.496"", "" 122.151"", ""  62.853""], ["" 133.180"", "" 121.866"", ""  59.730""], ["" 132.397"", "" 120.321"", ""  60.815""], ["" 133.189"", "" 119.208"", ""  60.524""], ["" 131.053"", "" 120.142"", ""  61.183""], ["" 132.656"", "" 117.924"", ""  60.619""], ["" 130.524"", "" 118.859"", ""  61.275""], ["" 131.326"", "" 117.756"", ""  60.996""]]",[],2d_Grossjean_2025
31,4340,2e_Grossjean_2025,receptor_tmp,1,16,-5.86,-0.2253846153846154,0.0,0.0,4,189.2,-7.35,-7.13,-0.22,-7.35,0.0,-2.12,1.49,-2.12,27,4,0.0,0.0,0.0,11.531019,6.314927,2.629577,0.77578798,-0.60640884,-0.1744171,98.863968,"257.696533, 359.084534, 88.723305, 205.103561, 343.345306, ","[["" 132.689"", "" 123.690"", ""  62.418""], ["" 131.819"", "" 124.951"", ""  61.514""], ["" 130.263"", "" 126.676"", ""  61.653""], ["" 130.313"", "" 126.894"", ""  60.277""], ["" 130.996"", "" 125.722"", ""  62.268""], ["" 131.151"", "" 126.099"", ""  59.481""], ["" 131.931"", "" 125.098"", ""  60.112""], ["" 132.805"", "" 124.215"", ""  59.333""], ["" 133.493"", "" 123.518"", ""  58.717""], ["" 129.365"", "" 127.501"", ""  62.555""], ["" 131.180"", "" 126.338"", ""  57.960""], ["" 130.687"", "" 127.545"", ""  57.677""], ["" 132.433"", "" 126.266"", ""  57.511""], ["" 130.458"", "" 125.441"", ""  57.284""], ["" 131.404"", "" 122.544"", ""  63.013""], ["" 130.234"", "" 122.431"", ""  62.030""], ["" 129.305"", "" 123.409"", ""  62.108""], ["" 130.182"", "" 121.466"", ""  61.266""], ["" 129.522"", "" 124.199"", ""  62.698""], ["" 128.080"", "" 123.497"", ""  61.425""], ["" 126.891"", "" 123.270"", ""  62.056""], ["" 128.137"", "" 123.889"", ""  60.083""], ["" 125.741"", "" 123.416"", ""  61.349""], ["" 126.945"", "" 124.034"", ""  59.368""], ["" 125.726"", "" 123.795"", ""  60.004""], ["" 124.458"", "" 123.151"", ""  62.114""]]",[],2e_Grossjean_2025
32,4433,2f_Grossjean_2025,receptor_tmp,1,11,-5.9,-0.23600000000000002,0.0,0.0,2,189.28,-7.4,-7.21,-0.19,-7.4,0.0,-0.73,1.49,-0.73,61,6,0.0,0.0,0.0,13.526613,6.743413,3.935497,-0.56058533,0.75607452,-0.33778011,37.80875,"340.912628, 86.87545, 52.204899, 359.753906, 160.410187, ","[["" 134.219"", "" 124.759"", ""  62.415""], ["" 132.649"", "" 125.222"", ""  63.119""], ["" 130.446"", "" 125.779"", ""  62.606""], ["" 130.123"", "" 125.943"", ""  63.951""], ["" 131.685"", "" 125.431"", ""  62.190""], ["" 131.114"", "" 125.753"", ""  64.927""], ["" 132.420"", "" 125.391"", ""  64.506""], ["" 133.502"", "" 125.237"", ""  65.481""], ["" 134.356"", "" 125.115"", ""  66.253""], ["" 129.415"", "" 125.981"", ""  61.511""], ["" 130.741"", "" 125.950"", ""  66.408""], ["" 130.593"", "" 124.766"", ""  67.005""], ["" 131.701"", "" 126.632"", ""  67.033""], ["" 129.600"", "" 126.624"", ""  66.569""], ["" 133.908"", "" 123.548"", ""  61.086""], ["" 133.292"", "" 122.219"", ""  61.547""], ["" 133.108"", "" 121.315"", ""  60.560""], ["" 133.019"", "" 122.031"", ""  62.733""], ["" 133.433"", "" 121.583"", ""  59.642""], ["" 132.564"", "" 120.018"", ""  60.625""], ["" 133.413"", "" 118.959"", ""  60.284""], ["" 131.241"", "" 119.704"", ""  60.987""], ["" 133.026"", "" 117.658"", ""  60.298""], ["" 130.827"", "" 118.371"", ""  61.006""], ["" 131.747"", "" 117.382"", ""  60.658""]]",[],2f_Grossjean_2025
33,4589,2g_Grossjean_2025,receptor_tmp,1,14,-5.98,-0.23,0.0,0.0,1,187.22,-7.77,-7.52,-0.25,-7.77,0.0,-1.57,1.79,-1.57,49,2,0.0,0.0,0.0,9.324408,7.201153,2.493632,-0.14434155,0.98122065,-0.12795139,122.769547,"217.6931, 82.853012, 339.387329, 76.005768, 159.163589, 187.80925, ","[["" 130.005"", "" 124.629"", ""  58.708""], ["" 130.856"", "" 124.939"", ""  60.240""], ["" 130.631"", "" 125.843"", ""  62.375""], ["" 131.942"", "" 125.511"", ""  62.707""], ["" 130.091"", "" 125.569"", ""  61.166""], ["" 132.756"", "" 124.880"", ""  61.754""], ["" 132.208"", "" 124.592"", ""  60.477""], ["" 133.032"", "" 123.986"", ""  59.428""], ["" 133.683"", "" 123.508"", ""  58.599""], ["" 129.711"", "" 126.533"", ""  63.365""], ["" 134.207"", "" 124.528"", ""  62.136""], ["" 134.593"", "" 125.244"", ""  63.193""], ["" 134.293"", "" 123.232"", ""  62.438""], ["" 135.074"", "" 124.771"", ""  61.151""], ["" 128.335"", "" 124.019"", ""  59.122""], ["" 128.301"", "" 122.917"", ""  60.189""], ["" 129.497"", "" 122.398"", ""  60.523""], ["" 127.241"", "" 122.549"", ""  60.699""], ["" 130.318"", "" 122.736"", ""  60.043""], ["" 129.718"", "" 121.335"", ""  61.505""], ["" 130.862"", "" 120.388"", ""  61.160""], ["" 132.152"", "" 120.894"", ""  60.974""], ["" 130.634"", "" 119.011"", ""  61.090""], ["" 133.206"", "" 120.027"", ""  60.696""], ["" 131.687"", "" 118.145"", ""  60.812""], ["" 132.968"", "" 118.657"", ""  60.615""]]",[],2g_Grossjean_2025
34,14568,2h_Grossjean_2025,receptor_tmp,1,1,-5.19,-0.1621875,0.0,0.0,4,191.84,-7.88,-7.47,-0.41,-7.88,0.0,-1.06,2.68,-1.06,36,6,0.0,0.0,0.0,8.063483,9.192637,7.51808,0.78226676,-0.22036343,0.58266515,265.433502,"353.198578, 235.022568, 77.784279, 78.077591, 349.516571, 178.097931, 242.667953, 146.369904, 108.057571, ","[["" 129.808"", "" 126.388"", ""  63.091""], ["" 130.511"", "" 126.141"", ""  64.210""], ["" 129.427"", "" 125.502"", ""  62.323""], ["" 130.759"", "" 126.918"", ""  64.806""], ["" 129.491"", "" 127.865"", ""  62.820""], ["" 127.984"", "" 128.492"", ""  63.636""], ["" 127.606"", "" 130.060"", ""  62.883""], ["" 128.396"", "" 131.702"", ""  61.433""], ["" 127.259"", "" 132.484"", ""  61.623""], ["" 128.573"", "" 130.510"", ""  62.045""], ["" 126.239"", "" 132.026"", ""  62.471""], ["" 126.406"", "" 130.773"", ""  63.115""], ["" 125.345"", "" 130.223"", ""  63.963""], ["" 124.505"", "" 129.789"", ""  64.629""], ["" 129.521"", "" 132.145"", ""  60.516""], ["" 124.985"", "" 132.901"", ""  62.662""], ["" 124.759"", "" 133.093"", ""  63.962""], ["" 125.104"", "" 134.104"", ""  62.094""], ["" 123.923"", "" 132.304"", ""  62.120""], ["" 130.834"", "" 124.808"", ""  64.720""], ["" 131.148"", "" 123.792"", ""  63.623""], ["" 132.429"", "" 123.715"", ""  63.055""], ["" 130.146"", "" 122.931"", ""  63.175""], ["" 132.704"", "" 122.747"", ""  62.074""], ["" 130.415"", "" 121.985"", ""  62.188""], ["" 131.698"", "" 121.880"", ""  61.628""], ["" 133.421"", "" 124.562"", ""  63.489""], ["" 133.853"", "" 125.506"", ""  62.517""], ["" 133.963"", "" 122.656"", ""  61.529""], ["" 134.099"", "" 123.301"", ""  60.270""], ["" 132.042"", "" 120.962"", ""  60.653""], ["" 133.034"", "" 119.981"", ""  60.935""]]",[],2h_Grossjean_2025
35,14548,2i_Grossjean_2025,receptor_tmp,1,8,-5.73,-0.23875000000000002,0.0,0.0,3,187.17,-7.22,-6.96,-0.26,-7.22,0.0,-1.64,1.49,-1.64,28,4,0.0,0.0,0.0,11.307397,7.604193,1.254546,-0.44456091,0.12924288,0.8863757,167.061218,"338.884094, 255.438095, 302.150818, 209.761856, 259.610352, ","[["" 130.180"", "" 125.326"", ""  58.150""], ["" 130.796"", "" 125.384"", ""  59.825""], ["" 130.367"", "" 126.039"", ""  62.022""], ["" 131.600"", "" 125.561"", ""  62.457""], ["" 129.966"", "" 125.956"", ""  60.734""], ["" 132.473"", "" 124.965"", ""  61.534""], ["" 132.064"", "" 124.870"", ""  60.180""], ["" 132.936"", "" 124.255"", ""  59.174""], ["" 133.624"", "" 123.769"", ""  58.379""], ["" 129.385"", "" 126.690"", ""  62.978""], ["" 133.834"", "" 124.442"", ""  62.032""], ["" 133.769"", "" 123.125"", ""  62.239""], ["" 134.780"", "" 124.691"", ""  61.126""], ["" 134.217"", "" 125.009"", ""  63.178""], ["" 129.623"", "" 123.629"", ""  57.810""], ["" 128.280"", "" 123.316"", ""  58.472""], ["" 128.103"", "" 123.822"", ""  59.712""], ["" 127.444"", "" 122.658"", ""  57.850""], ["" 128.849"", "" 124.380"", ""  60.101""], ["" 126.975"", "" 123.692"", ""  60.505""], ["" 127.115"", "" 123.249"", ""  61.736""], ["" 125.629"", "" 123.950"", ""  60.210""], ["" 125.838"", "" 123.217"", ""  62.300""], ["" 124.952"", "" 123.642"", ""  61.368""]]",[],2i_Grossjean_2025
36,4660,2j_Grossjean_2025,receptor_tmp,1,14,-5.52,-0.22999999999999998,0.0,0.0,5,187.17,-7.01,-6.75,-0.26,-7.01,0.0,-0.94,1.49,-0.94,39,9,0.0,0.0,0.0,13.608491,6.592116,2.469212,-0.96098229,-0.20546816,0.18519145,223.326096,"137.390152, 350.22818, 75.613052, 135.567291, 140.835983, ","[["" 132.917"", "" 124.487"", ""  59.070""], ["" 131.388"", "" 123.664"", ""  59.491""], ["" 130.383"", "" 121.966"", ""  60.732""], ["" 129.119"", "" 122.292"", ""  60.244""], ["" 131.500"", "" 122.635"", ""  60.369""], ["" 128.982"", "" 123.353"", ""  59.338""], ["" 130.144"", "" 124.063"", ""  58.946""], ["" 130.060"", "" 125.181"", ""  58.001""], ["" 129.992"", "" 126.064"", ""  57.256""], ["" 130.586"", "" 120.830"", ""  61.717""], ["" 127.577"", "" 123.700"", ""  58.809""], ["" 127.428"", "" 123.233"", ""  57.569""], ["" 126.646"", "" 123.153"", ""  59.592""], ["" 127.349"", "" 125.015"", ""  58.773""], ["" 134.232"", "" 123.854"", ""  60.166""], ["" 133.850"", "" 123.770"", ""  61.651""], ["" 133.436"", "" 124.936"", ""  62.195""], ["" 133.920"", "" 122.701"", ""  62.260""], ["" 133.408"", "" 125.748"", ""  61.596""], ["" 133.035"", "" 125.142"", ""  63.509""], ["" 133.795"", "" 125.245"", ""  64.577""], ["" 131.333"", "" 125.288"", ""  63.806""], ["" 133.078"", "" 125.441"", ""  65.667""], ["" 131.699"", "" 125.501"", ""  65.493""]]",[],2j_Grossjean_2025
37,4777,2k_Grossjean_2025,receptor_tmp,1,17,-4.95,-0.1706896551724138,0.0,0.0,1,189.1,-8.83,-8.48,-0.35,-8.83,0.0,-1.58,3.88,-1.58,67,14,0.0,0.0,0.0,12.830329,9.552273,7.926017,-0.20925512,-0.53893467,0.81594222,160.444611,"233.314804, 128.138168, 192.196716, 69.544601, 125.727837, 33.378124, 63.209824, 210.89949, 95.818863, 90.889725, 168.877792, 266.619934, 287.832672, ","[["" 128.315"", "" 127.450"", ""  68.633""], ["" 129.388"", "" 126.357"", ""  68.470""], ["" 130.141"", "" 126.478"", ""  67.219""], ["" 130.646"", "" 125.453"", ""  66.507""], ["" 130.499"", "" 124.271"", ""  66.823""], ["" 130.294"", "" 127.417"", ""  66.881""], ["" 131.452"", "" 125.842"", ""  65.259""], ["" 130.493"", "" 125.945"", ""  63.708""], ["" 130.761"", "" 124.463"", ""  62.745""], ["" 134.182"", "" 125.130"", ""  63.484""], ["" 133.244"", "" 124.607"", ""  63.054""], ["" 132.055"", "" 123.943"", ""  62.508""], ["" 132.174"", "" 122.764"", ""  61.729""], ["" 129.643"", "" 123.873"", ""  62.248""], ["" 131.005"", "" 122.168"", ""  61.234""], ["" 129.770"", "" 122.746"", ""  61.514""], ["" 128.475"", "" 122.142"", ""  61.006""], ["" 133.533"", "" 122.114"", ""  61.405""], ["" 134.263"", "" 121.872"", ""  62.495""], ["" 133.345"", "" 120.949"", ""  60.781""], ["" 134.246"", "" 122.917"", ""  60.614""], ["" 128.730"", "" 128.612"", ""  67.931""], ["" 128.243"", "" 128.721"", ""  66.603""], ["" 126.980"", "" 129.591"", ""  66.634""], ["" 125.981"", "" 128.961"", ""  65.841""], ["" 126.057"", "" 129.266"", ""  64.457""], ["" 125.240"", "" 130.535"", ""  64.179""], ["" 123.892"", "" 130.185"", ""  63.891""], ["" 123.486"", "" 130.535"", ""  62.577""]]",[],2k_Grossjean_2025
38,4657,3aa_Grossjean_2025,receptor_tmp,1,5,-7.82,-0.22342857142857145,0.0,0.0,1,188.77,-10.51,-9.76,-0.75,-10.51,0.0,-1.05,2.68,-1.05,69,11,0.0,0.0,0.0,11.921135,9.352977,7.908424,0.26515348,-0.62263752,0.73621746,196.545639,"238.462509, 71.563438, 343.482666, 334.665802, 41.219425, 70.634514, 206.631393, 85.642639, 110.270905, ","[["" 130.277"", "" 125.799"", ""  66.768""], ["" 130.064"", "" 126.980"", ""  67.389""], ["" 130.406"", "" 124.710"", ""  67.330""], ["" 130.054"", "" 127.798"", ""  66.797""], ["" 130.374"", "" 125.863"", ""  65.244""], ["" 131.732"", "" 124.833"", ""  64.609""], ["" 131.290"", "" 124.350"", ""  62.955""], ["" 130.483"", "" 127.794"", ""  62.508""], ["" 130.613"", "" 126.667"", ""  62.278""], ["" 130.777"", "" 125.240"", ""  61.986""], ["" 130.456"", "" 124.718"", ""  60.709""], ["" 130.685"", "" 123.355"", ""  60.466""], ["" 131.518"", "" 123.041"", ""  62.693""], ["" 131.227"", "" 122.540"", ""  61.464""], ["" 129.868"", "" 125.586"", ""  59.580""], ["" 130.679"", "" 126.582"", ""  59.217""], ["" 129.644"", "" 124.841"", ""  58.497""], ["" 128.716"", "" 126.129"", ""  59.976""], ["" 131.494"", "" 121.080"", ""  61.257""], ["" 132.786"", "" 120.627"", ""  60.944""], ["" 130.467"", "" 120.128"", ""  61.374""], ["" 133.043"", "" 119.272"", ""  60.751""], ["" 130.720"", "" 118.773"", ""  61.178""], ["" 132.009"", "" 118.350"", ""  60.867""], ["" 129.913"", "" 127.258"", ""  68.762""], ["" 128.649"", "" 127.007"", ""  69.300""], ["" 130.932"", "" 127.742"", ""  69.597""], ["" 128.394"", "" 127.252"", ""  70.647""], ["" 130.675"", "" 127.984"", ""  70.942""], ["" 129.404"", "" 127.749"", ""  71.484""], ["" 129.164"", "" 128.030"", ""  72.940""], ["" 128.888"", "" 129.151"", ""  73.377""], ["" 129.267"", "" 126.926"", ""  73.724""], ["" 130.088"", "" 125.830"", ""  73.340""], ["" 129.205"", "" 124.631"", ""  72.980""]]",[],3aa_Grossjean_2025
39,14216,3ab_Grossjean_2025,receptor_tmp,1,3,-6.35,-0.18676470588235294,0.0,0.0,1,188.11,-8.73,-8.51,-0.23,-8.73,0.0,-2.01,2.39,-2.01,36,5,0.0,0.0,0.0,12.931779,12.747205,5.893847,-0.14161465,-0.97243151,-0.18526264,202.518341,"75.649193, 177.68782, 202.956055, 159.486038, 162.363663, 65.205795, 166.515152, 114.47863, ","[["" 130.574"", "" 129.550"", ""  61.139""], ["" 130.181"", "" 128.697"", ""  62.109""], ["" 130.436"", "" 129.370"", ""  59.929""], ["" 130.412"", "" 128.964"", ""  63.055""], ["" 131.245"", "" 130.835"", ""  61.628""], ["" 130.090"", "" 132.238"", ""  61.669""], ["" 128.440"", "" 131.574"", ""  61.584""], ["" 128.678"", "" 132.239"", ""  58.086""], ["" 128.242"", "" 131.906"", ""  59.105""], ["" 127.686"", "" 131.483"", ""  60.393""], ["" 126.383"", "" 130.931"", ""  60.474""], ["" 125.918"", "" 130.491"", ""  61.721""], ["" 127.976"", "" 131.125"", ""  62.774""], ["" 126.727"", "" 130.597"", ""  62.858""], ["" 125.462"", "" 130.791"", ""  59.246""], ["" 124.519"", "" 131.734"", ""  59.196""], ["" 126.176"", "" 130.881"", ""  58.123""], ["" 124.847"", "" 129.608"", ""  59.272""], ["" 126.287"", "" 130.125"", ""  64.212""], ["" 127.228"", "" 129.710"", ""  65.168""], ["" 124.926"", "" 130.081"", ""  64.560""], ["" 126.826"", "" 129.272"", ""  66.427""], ["" 124.520"", "" 129.643"", ""  65.817""], ["" 125.472"", "" 129.241"", ""  66.748""], ["" 129.532"", "" 127.452"", ""  62.009""], ["" 130.140"", "" 126.208"", ""  62.236""], ["" 128.186"", "" 127.498"", ""  61.642""], ["" 129.402"", "" 125.035"", ""  62.103""], ["" 127.450"", "" 126.325"", ""  61.510""], ["" 128.047"", "" 125.078"", ""  61.739""], ["" 127.225"", "" 123.831"", ""  61.586""], ["" 127.714"", "" 122.699"", ""  61.541""], ["" 125.892"", "" 124.075"", ""  61.499""], ["" 125.000"", "" 123.629"", ""  62.511""]]",[],3ab_Grossjean_2025
40,4694,3ac_Grossjean_2025,receptor_tmp,1,12,-7.08,-0.22125,0.0,0.0,2,189.23,-9.17,-8.51,-0.66,-9.17,0.0,-1.0,2.09,-1.0,64,10,0.0,0.0,0.0,9.98991,7.502796,10.230656,-0.10811122,0.30189865,-0.94719014,181.239288,"10.870885, 276.667145, 101.781212, 58.008102, 150.746307, 253.277039, 52.192825, ","[["" 129.382"", "" 126.970"", ""  66.796""], ["" 130.827"", "" 125.865"", ""  66.750""], ["" 131.205"", "" 125.489"", ""  65.049""], ["" 134.578"", "" 125.109"", ""  66.160""], ["" 133.661"", "" 125.154"", ""  65.454""], ["" 132.502"", "" 125.209"", ""  64.562""], ["" 132.645"", "" 124.934"", ""  63.179""], ["" 131.496"", "" 124.925"", ""  62.374""], ["" 130.108"", "" 125.452"", ""  64.255""], ["" 130.240"", "" 125.184"", ""  62.930""], ["" 134.009"", "" 124.638"", ""  62.525""], ["" 133.974"", "" 124.719"", ""  61.193""], ["" 134.925"", "" 125.510"", ""  62.952""], ["" 134.406"", "" 123.405"", ""  62.844""], ["" 128.976"", "" 125.156"", ""  62.123""], ["" 128.287"", "" 126.343"", ""  61.826""], ["" 128.446"", "" 123.946"", ""  61.644""], ["" 127.117"", "" 126.324"", ""  61.072""], ["" 127.276"", "" 123.922"", ""  60.890""], ["" 126.616"", "" 125.113"", ""  60.606""], ["" 129.273"", "" 127.725"", ""  68.121""], ["" 129.302"", "" 126.959"", ""  69.233""], ["" 129.172"", "" 128.953"", ""  68.106""], ["" 129.484"", "" 125.976"", ""  69.095""], ["" 129.179"", "" 127.345"", ""  70.580""], ["" 127.883"", "" 127.358"", ""  71.101""], ["" 130.253"", "" 127.742"", ""  71.392""], ["" 127.661"", "" 127.745"", ""  72.419""], ["" 130.026"", "" 128.129"", ""  72.710""], ["" 128.723"", "" 128.134"", ""  73.234""], ["" 128.405"", "" 128.506"", ""  74.526""], ["" 127.120"", "" 129.058"", ""  74.795""]]",[],3ac_Grossjean_2025
41,14478,3ad_Grossjean_2025,receptor_tmp,1,20,-7.33,-0.24433333333333335,0.0,0.0,1,191.87,-9.12,-8.82,-0.3,-9.12,0.0,0.06,1.79,0.06,71,7,0.0,0.0,0.0,10.778778,8.111305,14.995646,0.12304956,-0.66162064,-0.73967354,246.087509,"289.808929, 25.949604, 81.133621, 355.588287, 307.868683, 99.605721, ","[["" 128.433"", "" 126.296"", ""  72.353""], ["" 129.293"", "" 124.887"", ""  73.019""], ["" 131.656"", "" 127.283"", ""  74.206""], ["" 131.141"", "" 126.266"", ""  74.009""], ["" 130.491"", "" 124.975"", ""  73.762""], ["" 131.069"", "" 123.771"", ""  74.233""], ["" 130.432"", "" 122.559"", ""  73.930""], ["" 128.707"", "" 123.703"", ""  72.721""], ["" 129.254"", "" 122.547"", ""  73.175""], ["" 132.369"", "" 123.740"", ""  75.059""], ["" 132.161"", "" 123.437"", ""  76.342""], ["" 133.203"", "" 122.826"", ""  74.560""], ["" 132.965"", "" 124.933"", ""  75.023""], ["" 128.541"", "" 121.279"", ""  72.810""], ["" 128.196"", "" 120.341"", ""  73.795""], ["" 128.195"", "" 121.000"", ""  71.477""], ["" 127.533"", "" 119.163"", ""  73.463""], ["" 127.533"", "" 119.822"", ""  71.140""], ["" 127.205"", "" 118.907"", ""  72.135""], ["" 129.628"", "" 127.663"", ""  72.260""], ["" 129.216"", "" 128.850"", ""  73.133""], ["" 129.695"", "" 130.051"", ""  72.741""], ["" 128.495"", "" 128.653"", ""  74.111""], ["" 130.230"", "" 130.057"", ""  71.885""], ["" 129.521"", "" 131.322"", ""  73.318""], ["" 130.058"", "" 132.393"", ""  72.598""], ["" 128.875"", "" 131.565"", ""  74.543""], ["" 129.945"", "" 133.693"", ""  73.082""], ["" 128.764"", "" 132.868"", ""  75.023""], ["" 129.298"", "" 133.925"", ""  74.292""]]",[],3ad_Grossjean_2025
42,4677,3af_Grossjean_2025,receptor_tmp,1,11,-6.93,-0.23099999999999998,0.0,0.0,1,187.59,-8.72,-8.3,-0.42,-8.72,0.0,-0.87,1.79,-0.87,44,7,0.0,0.0,0.0,8.887285,12.123982,3.823169,-0.75158396,0.46293076,-0.46991134,140.478363,"231.661102, 286.973846, 279.806091, 305.806244, 109.11869, 0.602262, ","[["" 127.250"", "" 128.296"", ""  62.676""], ["" 127.057"", "" 129.931"", ""  61.996""], ["" 124.110"", "" 130.109"", ""  64.001""], ["" 124.947"", "" 130.420"", ""  63.265""], ["" 126.007"", "" 130.816"", ""  62.334""], ["" 125.985"", "" 132.088"", ""  61.714""], ["" 126.992"", "" 132.401"", ""  60.787""], ["" 128.005"", "" 130.248"", ""  61.081""], ["" 127.990"", "" 131.468"", ""  60.487""], ["" 124.897"", "" 133.140"", ""  62.008""], ["" 124.707"", "" 133.336"", ""  63.315""], ["" 125.239"", "" 134.311"", ""  61.471""], ["" 123.731"", "" 132.750"", ""  61.491""], ["" 129.078"", "" 131.742"", ""  59.492""], ["" 128.780"", "" 132.299"", ""  58.238""], ["" 130.422"", "" 131.457"", ""  59.788""], ["" 129.786"", "" 132.558"", ""  57.311""], ["" 131.431"", "" 131.714"", ""  58.864""], ["" 131.108"", "" 132.263"", ""  57.627""], ["" 128.976"", "" 128.113"", ""  63.218""], ["" 129.537"", "" 126.734"", ""  62.874""], ["" 130.498"", "" 126.276"", ""  63.705""], ["" 129.091"", "" 126.133"", ""  61.896""], ["" 130.762"", "" 126.890"", ""  64.460""], ["" 131.206"", "" 125.059"", ""  63.675""], ["" 132.603"", "" 125.145"", ""  63.649""], ["" 130.632"", "" 123.774"", ""  63.671""], ["" 133.419"", "" 124.061"", ""  63.620""], ["" 131.458"", "" 122.649"", ""  63.642""], ["" 132.841"", "" 122.834"", ""  63.618""]]",[],3af_Grossjean_2025
43,4280,3ag_Grossjean_2025,receptor_tmp,1,8,-7.59,-0.24483870967741936,0.0,0.0,1,188.4,-9.68,-9.47,-0.21,-9.68,0.0,-0.81,2.09,-0.81,75,6,0.0,0.0,0.0,11.307417,6.207465,6.49837,0.80571217,0.58806389,-0.07077262,305.870392,"222.577682, 155.598434, 154.497299, 61.184303, 151.968796, 213.412216, 50.246365, ","[["" 131.295"", "" 125.026"", ""  63.442""], ["" 130.373"", "" 123.956"", ""  62.359""], ["" 127.962"", "" 126.587"", ""  62.310""], ["" 128.479"", "" 125.578"", ""  62.077""], ["" 129.131"", "" 124.299"", ""  61.780""], ["" 128.514"", "" 123.353"", ""  60.926""], ["" 129.153"", "" 122.121"", ""  60.716""], ["" 130.963"", "" 122.753"", ""  62.158""], ["" 130.368"", "" 121.838"", ""  61.350""], ["" 127.171"", "" 123.622"", ""  60.219""], ["" 127.071"", "" 124.869"", ""  59.756""], ["" 127.031"", "" 122.795"", ""  59.183""], ["" 126.159"", "" 123.429"", ""  61.066""], ["" 131.092"", "" 120.539"", ""  61.163""], ["" 132.450"", "" 120.521"", ""  60.809""], ["" 130.434"", "" 119.308"", ""  61.332""], ["" 133.129"", "" 119.318"", ""  60.634""], ["" 131.109"", "" 118.104"", ""  61.159""], ["" 132.457"", "" 118.113"", ""  60.811""], ["" 130.858"", "" 124.577"", ""  65.148""], ["" 131.340"", "" 125.617"", ""  66.161""], ["" 130.386"", "" 126.305"", ""  66.811""], ["" 132.548"", "" 125.788"", ""  66.338""], ["" 129.419"", "" 126.106"", ""  66.597""], ["" 130.621"", "" 127.366"", ""  67.790""], ["" 129.710"", "" 127.299"", ""  69.010""], ["" 130.230"", "" 127.559"", ""  70.281""], ["" 128.346"", "" 127.035"", ""  68.853""], ["" 129.395"", "" 127.528"", ""  71.394""], ["" 127.511"", "" 127.004"", ""  69.967""], ["" 128.040"", "" 127.249"", ""  71.232""]]",[],3ag_Grossjean_2025
44,14133,3ai_Grossjean_2025,receptor_tmp,1,5,-6.78,-0.23379310344827586,0.0,0.0,1,185.31,-8.57,-8.48,-0.09,-8.57,0.0,-1.94,1.79,-1.94,47,3,0.0,0.0,0.0,10.175333,6.735822,3.31771,-0.0294679,0.91533911,0.40160423,158.389938,"242.024216, 119.523827, 148.243881, 267.01825, 126.272919, 142.312012, ","[["" 127.626"", "" 123.187"", ""  60.803""], ["" 129.308"", "" 122.923"", ""  61.325""], ["" 129.181"", "" 126.313"", ""  62.434""], ["" 129.586"", "" 125.248"", ""  62.230""], ["" 130.099"", "" 123.899"", ""  61.973""], ["" 131.422"", "" 123.546"", ""  62.336""], ["" 131.882"", "" 122.258"", ""  62.025""], ["" 129.783"", "" 121.693"", ""  61.014""], ["" 131.047"", "" 121.348"", ""  61.368""], ["" 132.376"", "" 124.522"", ""  63.052""], ["" 131.905"", "" 124.933"", ""  64.232""], ["" 133.551"", "" 123.930"", ""  63.272""], ["" 132.571"", "" 125.606"", ""  62.302""], ["" 131.489"", "" 119.963"", ""  61.001""], ["" 130.580"", "" 118.893"", ""  61.018""], ["" 132.817"", "" 119.700"", ""  60.623""], ["" 130.983"", "" 117.605"", ""  60.675""], ["" 133.223"", "" 118.413"", ""  60.279""], ["" 132.303"", "" 117.370"", ""  60.307""], ["" 127.655"", "" 123.681"", ""  59.047""], ["" 129.030"", "" 123.585"", ""  58.369""], ["" 130.004"", "" 124.311"", ""  58.963""], ["" 129.190"", "" 122.889"", ""  57.364""], ["" 129.751"", "" 124.842"", ""  59.784""], ["" 131.332"", "" 124.419"", ""  58.570""], ["" 132.336"", "" 123.680"", ""  59.012""], ["" 131.775"", "" 125.349"", ""  57.630""], ["" 133.484"", "" 124.123"", ""  58.353""], ["" 133.129"", "" 125.131"", ""  57.521""]]",[],3ai_Grossjean_2025
45,4499,3aj_Grossjean_2025,receptor_tmp,1,9,-6.99,-0.2410344827586207,0.0,0.0,4,184.8,-8.78,-8.79,0.01,-8.78,0.0,-1.2,1.79,-1.2,58,3,0.0,0.0,0.0,11.894351,5.802359,1.935406,0.39891218,0.80526329,-0.43865716,145.038757,"106.151665, 76.200089, 246.552109, 134.673111, 173.688904, 218.700333, ","[["" 130.161"", "" 124.670"", ""  58.662""], ["" 131.003"", "" 124.000"", ""  60.079""], ["" 131.536"", "" 127.406"", ""  61.000""], ["" 131.554"", "" 126.250"", ""  61.045""], ["" 131.578"", "" 124.786"", ""  61.105""], ["" 132.212"", "" 124.115"", ""  62.179""], ["" 132.249"", "" 122.712"", ""  62.165""], ["" 131.072"", "" 122.648"", ""  60.077""], ["" 131.672"", "" 122.000"", ""  61.108""], ["" 132.869"", "" 124.864"", ""  63.355""], ["" 134.043"", "" 125.410"", ""  63.030""], ["" 132.070"", "" 125.845"", ""  63.774""], ["" 133.087"", "" 124.022"", ""  64.366""], ["" 131.692"", "" 120.503"", ""  61.039""], ["" 130.543"", "" 119.758"", ""  61.343""], ["" 132.854"", "" 119.808"", ""  60.663""], ["" 130.552"", "" 118.366"", ""  61.276""], ["" 132.869"", "" 118.418"", ""  60.597""], ["" 131.717"", "" 117.701"", ""  60.905""], ["" 129.251"", "" 123.309"", ""  57.856""], ["" 127.884"", "" 122.985"", ""  58.477""], ["" 127.631"", "" 123.617"", ""  59.645""], ["" 127.107"", "" 122.205"", ""  57.922""], ["" 128.345"", "" 124.230"", ""  60.008""], ["" 126.483"", "" 123.501"", ""  60.418""], ["" 126.400"", "" 123.306"", ""  61.717""], ["" 124.959"", "" 123.628"", ""  59.599""], ["" 125.146"", "" 123.251"", ""  62.120""], ["" 124.175"", "" 123.402"", ""  61.134""]]",[],3aj_Grossjean_2025
46,4496,3ak_Grossjean_2025,receptor_tmp,1,19,-7.14,-0.21,0.0,0.0,2,190.46,-11.32,-10.64,-0.69,-11.32,0.0,-1.26,4.18,-1.26,77,10,0.0,0.0,0.0,9.306584,5.820877,9.923261,-0.63509524,-0.7685812,0.07705176,256.267609,"318.194092, 192.255127, 16.286835, 78.957069, 218.044739, 338.958466, 99.187668, 116.738052, 243.188599, 43.391617, 159.173477, 75.72821, 149.330032, 248.036926, ","[["" 128.522"", "" 127.168"", ""  69.380""], ["" 129.336"", "" 127.306"", ""  70.537""], ["" 128.487"", "" 127.022"", ""  71.789""], ["" 129.259"", "" 126.727"", ""  72.951""], ["" 130.655"", "" 126.983"", ""  72.842""], ["" 131.401"", "" 126.119"", ""  73.866""], ["" 130.506"", "" 125.151"", ""  74.395""], ["" 131.085"", "" 123.863"", ""  74.532""], ["" 129.001"", "" 127.887"", ""  68.250""], ["" 130.354"", "" 127.315"", ""  67.791""], ["" 130.230"", "" 126.163"", ""  66.897""], ["" 131.190"", "" 125.692"", ""  66.077""], ["" 132.313"", "" 126.193"", ""  66.009""], ["" 129.341"", "" 125.685"", ""  66.910""], ["" 130.874"", "" 124.479"", ""  65.186""], ["" 131.946"", "" 124.238"", ""  63.722""], ["" 131.036"", "" 123.320"", ""  62.489""], ["" 131.523"", "" 122.090"", ""  62.196""], ["" 129.882"", "" 123.840"", ""  61.863""], ["" 130.904"", "" 121.318"", ""  61.267""], ["" 129.225"", "" 123.037"", ""  60.900""], ["" 129.377"", "" 125.175"", ""  62.202""], ["" 129.751"", "" 121.769"", ""  60.614""], ["" 128.980"", "" 126.229"", ""  62.469""], ["" 131.510"", "" 119.972"", ""  61.005""], ["" 132.855"", "" 119.852"", ""  60.624""], ["" 130.753"", "" 118.795"", ""  61.143""], ["" 133.425"", "" 118.604"", ""  60.384""], ["" 131.319"", "" 117.546"", ""  60.902""], ["" 132.653"", "" 117.456"", ""  60.523""], ["" 127.956"", "" 123.500"", ""  60.158""], ["" 128.187"", "" 124.653"", ""  59.532""], ["" 127.593"", "" 122.584"", ""  59.258""], ["" 126.918"", "" 123.689"", ""  60.976""]]",[],3ak_Grossjean_2025
47,5250,3bc_Grossjean_2025,receptor_tmp,1,20,-8.19,-0.2824137931034483,0.0,0.0,7,191.42,-9.98,-9.36,-0.62,-9.98,0.0,-0.85,1.79,-0.85,57,9,0.0,0.0,0.0,8.075186,11.797203,9.258222,0.80433202,0.54161447,-0.24434356,313.116821,"259.999939, 156.323685, 87.883911, 103.042076, 152.15625, 318.947571, ","[["" 128.109"", "" 127.815"", ""  68.063""], ["" 129.083"", "" 128.096"", ""  68.955""], ["" 127.139"", "" 127.088"", ""  68.289""], ["" 129.764"", "" 128.786"", ""  68.672""], ["" 128.262"", "" 128.514"", ""  66.704""], ["" 127.546"", "" 130.190"", ""  66.609""], ["" 126.869"", "" 130.400"", ""  64.978""], ["" 125.104"", "" 130.467"", ""  63.328""], ["" 125.496"", "" 130.267"", ""  64.669""], ["" 126.077"", "" 130.764"", ""  62.367""], ["" 124.502"", "" 129.907"", ""  65.682""], ["" 127.422"", "" 130.848"", ""  62.739""], ["" 123.714"", "" 129.624"", ""  66.481""], ["" 127.802"", "" 130.667"", ""  64.031""], ["" 123.648"", "" 130.369"", ""  62.874""], ["" 128.513"", "" 131.160"", ""  61.757""], ["" 129.624"", "" 130.313"", ""  61.627""], ["" 128.454"", "" 132.306"", ""  60.946""], ["" 130.640"", "" 130.596"", ""  60.718""], ["" 129.467"", "" 132.593"", ""  60.035""], ["" 130.557"", "" 131.735"", ""  59.924""], ["" 129.247"", "" 127.622"", ""  70.270""], ["" 130.544"", "" 127.670"", ""  70.783""], ["" 128.213"", "" 127.088"", ""  71.053""], ["" 130.805"", "" 127.211"", ""  72.072""], ["" 128.478"", "" 126.630"", ""  72.341""], ["" 129.780"", "" 126.691"", ""  72.862""], ["" 130.135"", "" 126.261"", ""  74.127""], ["" 131.461"", "" 125.799"", ""  74.355""]]",[],3bc_Grossjean_2025
48,4998,3bd_Grossjean_2025,receptor_tmp,1,16,-8.69,-0.32185185185185183,0.0,0.0,2,192.02,-10.18,-9.89,-0.29,-10.18,0.0,-0.8,1.49,-0.8,65,4,0.0,0.0,0.0,9.738793,10.805192,16.220076,0.14646102,0.65710581,-0.73943297,81.547188,"247.790787, 10.898905, 142.647491, 315.568329, 282.093842, ","[["" 127.592"", "" 127.408"", ""  73.070""], ["" 127.250"", "" 128.854"", ""  74.059""], ["" 125.894"", "" 130.164"", ""  75.573""], ["" 126.071"", "" 128.981"", ""  74.825""], ["" 126.879"", "" 131.157"", ""  75.526""], ["" 125.057"", "" 127.922"", ""  74.854""], ["" 128.021"", "" 130.971"", ""  74.738""], ["" 124.257"", "" 127.086"", ""  74.879""], ["" 128.196"", "" 129.827"", ""  74.025""], ["" 124.662"", "" 130.410"", ""  76.442""], ["" 129.117"", "" 131.991"", ""  74.646""], ["" 129.696"", "" 132.313"", ""  73.408""], ["" 129.598"", "" 132.647"", ""  75.792""], ["" 130.714"", "" 133.257"", ""  73.315""], ["" 130.616"", "" 133.593"", ""  75.704""], ["" 131.170"", "" 133.896"", ""  74.464""], ["" 129.326"", "" 127.493"", ""  72.528""], ["" 130.209"", "" 126.493"", ""  73.275""], ["" 131.452"", "" 126.925"", ""  73.582""], ["" 129.751"", "" 125.387"", ""  73.561""], ["" 131.658"", "" 127.889"", ""  73.366""], ["" 132.493"", "" 126.236"", ""  74.233""], ["" 132.117"", "" 125.115"", ""  74.978""], ["" 133.841"", "" 126.627"", ""  74.197""], ["" 133.076"", "" 124.375"", ""  75.664""], ["" 134.798"", "" 125.886"", ""  74.885""], ["" 134.413"", "" 124.762"", ""  75.613""]]",[],3bd_Grossjean_2025
49,4197,3be_Grossjean_2025,receptor_tmp,1,3,-8.28,-0.2957142857142857,0.0,0.0,5,191.24,-9.78,-9.59,-0.18,-9.78,0.0,-0.78,1.49,-0.78,66,7,0.0,0.0,0.0,10.066133,10.857515,16.345161,0.60174666,-0.65221854,0.46099016,222.374756,"277.538269, 293.032623, 353.051239, 193.564941, 236.280792, ","[["" 129.996"", "" 127.083"", ""  72.719""], ["" 128.305"", "" 127.744"", ""  72.533""], ["" 128.181"", "" 129.229"", ""  73.505""], ["" 127.259"", "" 130.656"", ""  75.224""], ["" 127.234"", "" 129.424"", ""  74.535""], ["" 128.192"", "" 131.629"", ""  74.852""], ["" 126.230"", "" 128.412"", ""  74.873""], ["" 129.077"", "" 131.382"", ""  73.797""], ["" 125.436"", "" 127.614"", ""  75.141""], ["" 129.063"", "" 130.192"", ""  73.140""], ["" 126.301"", "" 130.977"", ""  76.370""], ["" 130.093"", "" 132.388"", ""  73.341""], ["" 129.931"", "" 133.070"", ""  72.125""], ["" 131.233"", "" 132.670"", ""  74.111""], ["" 130.870"", "" 134.003"", ""  71.695""], ["" 132.175"", "" 133.602"", ""  73.685""], ["" 131.989"", "" 134.266"", ""  72.477""], ["" 130.086"", "" 125.687"", ""  73.355""], ["" 129.373"", "" 124.731"", ""  72.721""], ["" 130.769"", "" 125.498"", ""  74.363""], ["" 128.827"", "" 125.027"", ""  71.925""], ["" 129.252"", "" 123.365"", ""  73.040""], ["" 128.605"", "" 122.485"", ""  72.221""], ["" 129.818"", "" 122.959"", ""  74.253""], ["" 128.519"", "" 121.185"", ""  72.601""], ["" 129.722"", "" 121.617"", ""  74.631""], ["" 129.065"", "" 120.712"", ""  73.797""], ["" 127.787"", "" 120.265"", ""  71.644""]]",[],3be_Grossjean_2025
50,14487,3bf_Grossjean_2025,receptor_tmp,1,3,-8.44,-0.3125925925925926,0.0,0.0,4,195.43,-9.93,-9.65,-0.28,-9.93,0.0,-0.72,1.49,-0.72,67,6,0.0,0.0,0.0,9.458784,11.344206,15.954317,-0.72839961,0.27783309,0.62629289,201.376205,"86.037643, 143.020279, 190.262833, 28.267361, 241.669479, ","[["" 127.865"", "" 127.421"", ""  73.125""], ["" 127.524"", "" 128.969"", ""  73.935""], ["" 126.247"", "" 130.490"", ""  75.313""], ["" 126.380"", "" 129.213"", ""  74.727""], ["" 127.245"", "" 131.447"", ""  75.100""], ["" 125.371"", "" 128.180"", ""  74.977""], ["" 128.362"", "" 131.131"", ""  74.319""], ["" 124.573"", "" 127.365"", ""  75.175""], ["" 128.495"", "" 129.899"", ""  73.759""], ["" 125.055"", "" 130.876"", ""  76.186""], ["" 129.476"", "" 132.104"", ""  74.072""], ["" 130.213"", "" 132.636"", ""  75.141""], ["" 129.809"", "" 132.511"", ""  72.769""], ["" 131.248"", "" 133.540"", ""  74.919""], ["" 130.845"", "" 133.414"", ""  72.543""], ["" 131.560"", "" 133.925"", ""  73.619""], ["" 129.641"", "" 127.380"", ""  72.708""], ["" 130.457"", "" 126.303"", ""  73.438""], ["" 131.725"", "" 126.662"", ""  73.735""], ["" 129.964"", "" 125.202"", ""  73.689""], ["" 132.028"", "" 127.565"", ""  73.399""], ["" 132.719"", "" 125.922"", ""  74.402""], ["" 134.065"", "" 126.310"", ""  74.531""], ["" 132.340"", "" 124.693"", ""  74.951""], ["" 134.994"", "" 125.556"", ""  75.172""], ["" 133.284"", "" 123.905"", ""  75.614""], ["" 134.595"", "" 124.373"", ""  75.704""]]",[],3bf_Grossjean_2025
51,14439,3bg_Grossjean_2025,receptor_tmp,1,19,-7.29,-0.26035714285714284,0.0,0.0,1,191.12,-9.08,-8.91,-0.17,-9.08,0.0,-2.86,1.79,-2.86,64,5,0.0,0.0,0.0,6.894537,14.987356,4.441452,-0.33324682,0.92313888,0.191732,275.166962,"321.995056, 318.057404, 19.058346, 297.99234, 333.399536, 50.113163, ","[["" 126.489"", "" 130.557"", ""  64.851""], ["" 127.709"", "" 129.808"", ""  63.722""], ["" 128.166"", "" 131.029"", ""  62.502""], ["" 129.525"", "" 131.860"", ""  60.686""], ["" 129.272"", "" 130.856"", ""  61.644""], ["" 128.690"", "" 132.980"", ""  60.631""], ["" 130.126"", "" 129.668"", ""  61.721""], ["" 127.616"", "" 133.100"", ""  61.524""], ["" 130.800"", "" 128.730"", ""  61.780""], ["" 127.366"", "" 132.124"", ""  62.437""], ["" 130.677"", "" 131.769"", ""  59.686""], ["" 126.674"", "" 134.271"", ""  61.511""], ["" 127.153"", "" 135.588"", ""  61.617""], ["" 125.285"", "" 134.088"", ""  61.390""], ["" 126.285"", "" 136.676"", ""  61.587""], ["" 124.413"", "" 135.173"", ""  61.358""], ["" 124.917"", "" 136.464"", ""  61.453""], ["" 125.087"", "" 130.590"", ""  64.234""], ["" 124.941"", "" 131.332"", ""  63.122""], ["" 124.175"", "" 129.941"", ""  64.746""], ["" 125.746"", "" 131.827"", ""  62.770""], ["" 123.750"", "" 131.362"", ""  62.272""], ["" 124.067"", "" 130.952"", ""  60.839""], ["" 125.309"", "" 130.387"", ""  60.531""], ["" 123.109"", "" 131.119"", ""  59.836""], ["" 125.603"", "" 130.021"", ""  59.221""], ["" 123.402"", "" 130.752"", ""  58.524""], ["" 124.648"", "" 130.209"", ""  58.222""]]",[],3bg_Grossjean_2025
52,5388,3bk_Grossjean_2025,receptor_tmp,1,10,-7.05,-0.22741935483870968,0.0,0.0,1,191.12,-10.92,-10.55,-0.38,-10.92,0.0,-0.93,3.88,-0.93,68,8,0.0,0.0,0.0,7.175934,7.528775,7.409113,-0.79579187,-0.4237876,0.43257297,125.951591,"56.488567, 338.845825, 66.862251, 43.654629, 223.722794, 87.062881, 166.209747, 83.44014, 293.641754, 27.981514, 280.958862, 22.065062, 304.92276, ","[["" 126.813"", "" 128.077"", ""  67.254""], ["" 127.478"", "" 127.394"", ""  68.308""], ["" 128.902"", "" 127.948"", ""  68.458""], ["" 129.383"", "" 127.886"", ""  69.839""], ["" 128.693"", "" 127.398"", ""  70.884""], ["" 127.561"", "" 126.921"", ""  70.793""], ["" 130.329"", "" 128.203"", ""  69.992""], ["" 129.398"", "" 127.430"", ""  72.242""], ["" 128.216"", "" 127.368"", ""  73.626""], ["" 127.825"", "" 129.034"", ""  74.131""], ["" 126.432"", "" 130.688"", ""  75.216""], ["" 126.656"", "" 129.341"", ""  74.860""], ["" 127.367"", "" 131.658"", ""  74.838""], ["" 125.693"", "" 128.303"", ""  75.241""], ["" 128.508"", "" 131.286"", ""  74.119""], ["" 128.721"", "" 129.988"", ""  73.774""], ["" 124.933"", "" 127.483"", ""  75.542""], ["" 125.201"", "" 131.137"", ""  76.000""], ["" 129.537"", "" 132.278"", ""  73.666""], ["" 130.538"", "" 132.725"", ""  74.543""], ["" 129.528"", "" 132.786"", ""  72.356""], ["" 131.493"", "" 133.650"", ""  74.129""], ["" 130.480"", "" 133.713"", ""  71.938""], ["" 131.459"", "" 134.142"", ""  72.829""], ["" 127.448"", "" 129.286"", ""  66.860""], ["" 127.707"", "" 129.256"", ""  65.349""], ["" 126.518"", "" 129.624"", ""  64.662""], ["" 126.504"", "" 130.975"", ""  64.223""], ["" 125.051"", "" 131.459"", ""  64.112""], ["" 124.167"", "" 130.370"", ""  64.340""], ["" 123.726"", "" 129.741"", ""  63.147""]]",[],3bk_Grossjean_2025
53,4250,3ca_Grossjean_2025,receptor_tmp,1,8,-8.32,-0.26,0.0,0.0,1,189.08,-10.71,-10.48,-0.23,-10.71,0.0,-1.05,2.39,-1.05,85,11,0.0,0.0,0.0,12.098608,6.893426,10.054326,-0.78706555,-0.52165569,-0.32924634,191.91713,"345.447998, 137.602753, 206.535065, 182.873611, 83.60833, 165.10762, 104.085495, 354.222961, ","[["" 129.786"", "" 126.899"", ""  67.811""], ["" 128.451"", "" 126.706"", ""  68.172""], ["" 128.017"", "" 127.016"", ""  69.458""], ["" 128.908"", "" 127.532"", ""  70.406""], ["" 130.247"", "" 127.734"", ""  70.037""], ["" 130.684"", "" 127.423"", ""  68.752""], ["" 130.119"", "" 126.554"", ""  66.487""], ["" 130.475"", "" 125.358"", ""  65.971""], ["" 130.554"", "" 124.305"", ""  66.603""], ["" 130.027"", "" 127.312"", ""  65.827""], ["" 130.774"", "" 125.356"", ""  64.468""], ["" 132.550"", "" 125.193"", ""  64.089""], ["" 132.776"", "" 124.090"", ""  62.701""], ["" 133.760"", "" 123.787"", ""  60.609""], ["" 133.239"", "" 122.500"", ""  60.498""], ["" 133.530"", "" 124.574"", ""  61.682""], ["" 132.442"", "" 121.984"", ""  61.528""], ["" 132.208"", "" 122.794"", ""  62.668""], ["" 131.424"", "" 122.289"", ""  63.800""], ["" 130.805"", "" 121.889"", ""  64.693""], ["" 134.626"", "" 124.392"", ""  59.522""], ["" 131.895"", "" 120.604"", ""  61.359""], ["" 132.714"", "" 119.577"", ""  60.875""], ["" 130.556"", "" 120.323"", ""  61.661""], ["" 132.210"", "" 118.290"", ""  60.705""], ["" 130.048"", "" 119.037"", ""  61.493""], ["" 130.878"", "" 118.026"", ""  61.017""], ["" 128.407"", "" 127.855"", ""  71.785""], ["" 127.218"", "" 127.772"", ""  72.110""], ["" 129.389"", "" 128.253"", ""  72.633""], ["" 130.292"", "" 127.314"", ""  73.204""], ["" 129.748"", "" 125.896"", ""  73.003""]]",[],3ca_Grossjean_2025
54,4562,3cb_Grossjean_2025,receptor_tmp,1,9,-7.77,-0.25064516129032255,0.0,0.0,3,189.02,-9.86,-9.6,-0.26,-9.86,0.0,-0.82,2.09,-0.82,78,8,0.0,0.0,0.0,10.020495,8.679857,7.110784,0.17814313,-0.52075172,0.83491477,154.985092,"22.67207, 146.782166, 335.245789, 345.636658, 32.470505, 190.286163, 243.619308, ","[["" 130.454"", "" 125.853"", ""  65.872""], ["" 129.747"", "" 126.836"", ""  66.471""], ["" 131.017"", "" 124.929"", ""  66.462""], ["" 129.302"", "" 127.500"", ""  65.854""], ["" 130.503"", "" 125.947"", ""  64.339""], ["" 131.780"", "" 124.912"", ""  63.545""], ["" 130.950"", "" 123.600"", ""  62.671""], ["" 128.906"", "" 122.921"", ""  61.788""], ["" 129.446"", "" 121.719"", ""  61.340""], ["" 129.637"", "" 123.849"", ""  62.445""], ["" 130.797"", "" 121.434"", ""  61.577""], ["" 131.576"", "" 122.392"", ""  62.277""], ["" 132.969"", "" 122.106"", ""  62.634""], ["" 134.069"", "" 121.881"", ""  62.915""], ["" 127.448"", "" 123.272"", ""  61.560""], ["" 131.329"", "" 120.128"", ""  61.081""], ["" 130.507"", "" 118.994"", ""  61.065""], ["" 132.643"", "" 120.022"", ""  60.605""], ["" 130.990"", "" 117.775"", ""  60.594""], ["" 133.129"", "" 118.804"", ""  60.136""], ["" 132.300"", "" 117.686"", ""  60.134""], ["" 129.497"", "" 127.067"", ""  67.838""], ["" 130.593"", "" 127.488"", ""  68.592""], ["" 128.256"", "" 126.892"", ""  68.470""], ["" 130.459"", "" 127.742"", ""  69.954""], ["" 128.123"", "" 127.146"", ""  69.832""], ["" 129.220"", "" 127.575"", ""  70.592""], ["" 129.039"", "" 127.837"", ""  72.060""], ["" 129.895"", "" 128.384"", ""  72.761""], ["" 127.839"", "" 127.415"", ""  72.536""], ["" 127.186"", "" 128.107"", ""  73.590""]]",[],3cb_Grossjean_2025
55,4571,3ce_Grossjean_2025,receptor_tmp,1,11,-7.66,-0.2735714285714286,0.0,0.0,6,184.88,-9.15,-8.96,-0.19,-9.15,0.0,-1.81,1.49,-1.81,62,4,0.0,0.0,0.0,12.188712,8.789903,6.92692,0.12639557,0.68065679,-0.72161658,117.477356,"166.940521, 186.675278, 191.012024, 16.921921, 188.572311, ","[["" 131.018"", "" 126.276"", ""  63.147""], ["" 132.325"", "" 125.145"", ""  63.709""], ["" 132.581"", "" 124.000"", ""  62.373""], ["" 133.554"", "" 123.714"", ""  60.277""], ["" 133.113"", "" 122.395"", ""  60.204""], ["" 133.290"", "" 124.512"", ""  61.338""], ["" 132.356"", "" 121.856"", ""  61.253""], ["" 132.082"", "" 122.676"", ""  62.377""], ["" 131.307"", "" 122.163"", ""  63.511""], ["" 130.697"", "" 121.756"", ""  64.406""], ["" 134.362"", "" 124.345"", ""  59.161""], ["" 131.885"", "" 120.445"", ""  61.118""], ["" 130.557"", "" 120.116"", ""  61.413""], ["" 132.766"", "" 119.432"", ""  60.717""], ["" 130.112"", "" 118.802"", ""  61.295""], ["" 132.324"", "" 118.117"", ""  60.598""], ["" 130.997"", "" 117.808"", ""  60.887""], ["" 130.264"", "" 125.722"", ""  61.938""], ["" 129.103"", "" 125.088"", ""  62.213""], ["" 130.733"", "" 125.882"", ""  60.810""], ["" 128.785"", "" 125.119"", ""  63.170""], ["" 128.208"", "" 124.486"", ""  61.312""], ["" 128.643"", "" 123.835"", ""  60.193""], ["" 126.850"", "" 124.554"", ""  61.640""], ["" 127.724"", "" 123.257"", ""  59.378""], ["" 125.916"", "" 123.955"", ""  60.791""], ["" 126.352"", "" 123.297"", ""  59.642""], ["" 128.277"", "" 122.551"", ""  58.155""]]",[],3ce_Grossjean_2025
56,4391,3ch_Grossjean_2025,receptor_tmp,1,7,-7.62,-0.23090909090909092,0.0,0.0,8,186.99,-10.01,-9.71,-0.3,-10.01,0.0,-1.5,2.39,-1.5,59,9,0.0,0.0,0.0,10.753354,9.759667,5.591769,-0.05091756,-0.14954204,0.98744346,149.12326,"64.897011, 203.496811, 267.192932, 32.836037, 19.708059, 103.954498, 24.742493, 63.334309, ","[["" 128.664"", "" 127.288"", ""  62.698""], ["" 128.423"", "" 128.599"", ""  62.917""], ["" 127.807"", "" 126.428"", ""  62.499""], ["" 129.236"", "" 129.191"", ""  63.007""], ["" 130.138"", "" 126.886"", ""  62.663""], ["" 130.451"", "" 125.343"", ""  63.571""], ["" 130.070"", "" 124.020"", ""  62.444""], ["" 128.574"", "" 123.284"", ""  60.819""], ["" 129.280"", "" 122.096"", ""  60.644""], ["" 128.955"", "" 124.234"", ""  61.702""], ["" 130.439"", "" 121.859"", ""  61.397""], ["" 130.862"", "" 122.856"", ""  62.313""], ["" 132.117"", "" 122.704"", ""  63.056""], ["" 133.106"", "" 122.584"", ""  63.645""], ["" 127.317"", "" 123.585"", ""  60.026""], ["" 131.158"", "" 120.566"", ""  61.183""], ["" 132.504"", "" 120.565"", ""  60.799""], ["" 130.493"", "" 119.344"", ""  61.342""], ["" 133.178"", "" 119.364"", ""  60.590""], ["" 131.164"", "" 118.141"", ""  61.134""], ["" 132.504"", "" 118.157"", ""  60.760""], ["" 127.198"", "" 129.289"", ""  62.986""], ["" 126.319"", "" 129.259"", ""  64.079""], ["" 126.869"", "" 130.062"", ""  61.871""], ["" 125.113"", "" 129.977"", ""  64.053""], ["" 125.670"", "" 130.790"", ""  61.823""], ["" 124.802"", "" 130.742"", ""  62.921""], ["" 124.196"", "" 129.987"", ""  65.089""], ["" 124.611"", "" 129.610"", ""  66.398""], ["" 125.282"", "" 131.569"", ""  60.745""], ["" 124.287"", "" 131.081"", ""  59.851""], ["" 123.617"", "" 131.437"", ""  62.879""], ["" 123.774"", "" 132.848"", ""  62.840""]]",[],3ch_Grossjean_2025
57,4786,3ci_Grossjean_2025,receptor_tmp,2,2,-7.32,-0.28153846153846157,0.0,0.0,4,190.14,-8.81,-8.75,-0.07,-8.81,0.0,-2.36,1.49,-2.36,55,6,0.0,0.0,0.0,13.346053,7.080987,3.919424,-0.47081996,-0.0520614,-0.88069188,238.03421,"107.519768, 116.656708, 242.511688, 328.987854, 57.170994, ","[["" 132.762"", "" 125.189"", ""  63.872""], ["" 132.913"", "" 124.083"", ""  62.475""], ["" 133.787"", "" 123.771"", ""  60.335""], ["" 133.251"", "" 122.490"", ""  60.250""], ["" 133.622"", "" 124.560"", ""  61.420""], ["" 132.513"", "" 121.975"", ""  61.326""], ["" 132.329"", "" 122.793"", ""  62.469""], ["" 131.530"", "" 122.325"", ""  63.607""], ["" 130.900"", "" 121.954"", ""  64.505""], ["" 134.607"", "" 124.368"", ""  59.207""], ["" 131.970"", "" 120.589"", ""  61.196""], ["" 130.635"", "" 120.310"", ""  61.516""], ["" 132.802"", "" 119.545"", ""  60.775""], ["" 130.136"", "" 119.015"", ""  61.402""], ["" 132.306"", "" 118.249"", ""  60.660""], ["" 130.974"", "" 117.990"", ""  60.973""], ["" 131.053"", "" 125.817"", ""  63.969""], ["" 130.189"", "" 125.416"", ""  62.768""], ["" 129.584"", "" 124.211"", ""  62.857""], ["" 130.081"", "" 126.194"", ""  61.817""], ["" 129.749"", "" 123.672"", ""  63.693""], ["" 128.777"", "" 123.603"", ""  61.905""], ["" 127.509"", "" 123.262"", ""  62.064""], ["" 129.226"", "" 123.274"", ""  60.626""], ["" 127.093"", "" 122.687"", ""  60.862""], ["" 128.140"", "" 122.702"", ""  60.002""]]",[],3ci_Grossjean_2025
58,4161,3cj_Grossjean_2025,receptor_tmp,1,17,-7.05,-0.27115384615384613,0.0,0.0,7,189.51,-8.54,-8.49,-0.05,-8.54,0.0,-2.25,1.49,-2.25,62,4,0.0,0.0,0.0,12.818227,7.400822,3.145237,-0.54062699,-0.27519884,-0.79497676,218.3591,"106.401901, 181.798447, 243.64325, 14.587651, 39.063686, ","[["" 132.599"", "" 125.144"", ""  63.854""], ["" 132.726"", "" 124.061"", ""  62.447""], ["" 133.712"", "" 123.749"", ""  60.361""], ["" 133.181"", "" 122.466"", ""  60.253""], ["" 133.504"", "" 124.535"", ""  61.441""], ["" 132.398"", "" 121.950"", ""  61.295""], ["" 132.144"", "" 122.774"", ""  62.419""], ["" 131.308"", "" 122.302"", ""  63.528""], ["" 130.650"", "" 121.928"", ""  64.403""], ["" 134.584"", "" 124.341"", ""  59.272""], ["" 131.904"", "" 120.548"", ""  61.164""], ["" 130.578"", "" 120.229"", ""  61.478""], ["" 132.773"", "" 119.530"", ""  60.753""], ["" 130.122"", "" 118.918"", ""  61.369""], ["" 132.319"", "" 118.218"", ""  60.643""], ["" 130.995"", "" 117.918"", ""  60.950""], ["" 130.835"", "" 125.590"", ""  63.941""], ["" 130.115"", "" 125.332"", ""  62.614""], ["" 129.388"", "" 124.195"", ""  62.562""], ["" 130.256"", "" 126.126"", ""  61.682""], ["" 129.367"", "" 123.620"", ""  63.392""], ["" 128.757"", "" 123.667"", ""  61.448""], ["" 127.499"", "" 123.301"", ""  61.329""], ["" 129.712"", "" 123.486"", ""  60.011""], ["" 127.234"", "" 122.869"", ""  60.112""], ["" 128.294"", "" 122.878"", ""  59.210""]]",[],3cj_Grossjean_2025
59,14545,3ck_Grossjean_2025,receptor_tmp,1,13,-7.42,-0.23935483870967741,0.0,0.0,1,190.3,-11.29,-10.66,-0.64,-11.29,0.0,-1.19,3.88,-1.19,68,11,0.0,0.0,0.0,10.902161,15.311138,12.332979,0.21624962,-0.94461896,-0.24684229,115.822968,"253.039673, 101.267159, 115.13044, 299.568787, 80.360489, 154.651077, 286.530792, 318.710327, 304.477844, 7.32706, 167.514496, 67.66806, 356.144165, ","[["" 129.892"", "" 127.775"", ""  69.833""], ["" 129.360"", "" 127.005"", ""  68.766""], ["" 127.963"", "" 127.536"", ""  68.394""], ["" 127.982"", "" 128.576"", ""  67.360""], ["" 126.929"", "" 128.965"", ""  66.619""], ["" 125.798"", "" 128.493"", ""  66.752""], ["" 128.872"", "" 129.024"", ""  67.200""], ["" 127.220"", "" 130.058"", ""  65.579""], ["" 127.275"", "" 129.493"", ""  63.843""], ["" 127.686"", "" 130.877"", ""  62.790""], ["" 124.546"", "" 132.116"", ""  63.935""], ["" 125.558"", "" 132.066"", ""  63.375""], ["" 126.840"", "" 132.002"", ""  62.664""], ["" 127.253"", "" 133.064"", ""  61.818""], ["" 128.468"", "" 132.933"", ""  61.132""], ["" 128.862"", "" 130.774"", ""  62.121""], ["" 129.239"", "" 131.787"", ""  61.309""], ["" 130.565"", "" 131.602"", ""  60.597""], ["" 126.472"", "" 134.320"", ""  61.616""], ["" 127.106"", "" 135.565"", ""  61.702""], ["" 125.095"", "" 134.272"", ""  61.363""], ["" 126.381"", "" 136.742"", ""  61.525""], ["" 124.368"", "" 135.446"", ""  61.185""], ["" 125.016"", "" 136.677"", ""  61.266""], ["" 129.755"", "" 127.187"", ""  71.118""], ["" 130.417"", "" 128.112"", ""  72.147""], ["" 129.482"", "" 128.409"", ""  73.175""], ["" 128.167"", "" 127.934"", ""  72.914""], ["" 127.215"", "" 128.454"", ""  73.998""], ["" 127.911"", "" 129.351"", ""  74.852""], ["" 127.152"", "" 130.496"", ""  75.208""]]",[],3ck_Grossjean_2025
60,14511,4aa_Grossjean_2025,receptor_tmp,1,5,-6.29,-0.21689655172413794,0.0,0.0,6,189.22,-8.08,-7.67,-0.41,-8.08,0.0,-0.43,1.79,-0.43,58,13,0.0,0.0,0.0,10.482475,9.026351,8.59478,0.83727386,-0.28628222,-0.46584866,224.649811,"92.694855, 160.530457, 276.245544, 160.804199, 106.002098, 173.867722, ","[["" 129.547"", "" 126.904"", ""  67.808""], ["" 130.525"", "" 127.396"", ""  68.674""], ["" 130.197"", "" 127.756"", ""  69.978""], ["" 128.879"", "" 127.640"", ""  70.439""], ["" 127.896"", "" 127.154"", ""  69.563""], ["" 128.224"", "" 126.789"", ""  68.259""], ["" 129.987"", "" 126.578"", ""  66.510""], ["" 130.747"", "" 124.432"", ""  66.719""], ["" 130.516"", "" 125.426"", ""  66.031""], ["" 129.903"", "" 127.333"", ""  65.845""], ["" 130.834"", "" 125.433"", ""  64.602""], ["" 130.274"", "" 126.222"", ""  63.585""], ["" 132.110"", "" 124.389"", ""  63.969""], ["" 130.849"", "" 125.995"", ""  62.286""], ["" 131.877"", "" 125.006"", ""  62.350""], ["" 130.584"", "" 126.559"", ""  61.009""], ["" 132.604"", "" 124.575"", ""  61.318""], ["" 131.346"", "" 126.110"", ""  59.925""], ["" 132.326"", "" 125.138"", ""  60.117""], ["" 129.526"", "" 127.621"", ""  60.749""], ["" 133.168"", "" 124.637"", ""  58.958""], ["" 129.267"", "" 127.131"", ""  63.790""], ["" 128.293"", "" 126.864"", ""  63.760""], ["" 129.466"", "" 128.104"", ""  63.977""], ["" 128.558"", "" 128.042"", ""  71.849""], ["" 127.407"", "" 128.085"", ""  72.297""], ["" 129.658"", "" 128.350"", ""  72.583""], ["" 130.541"", "" 127.335"", ""  73.044""], ["" 129.827"", "" 125.981"", ""  72.997""]]",[],4aa_Grossjean_2025
61,4334,4ab_Grossjean_2025,receptor_tmp,1,16,-6.22,-0.22214285714285714,0.0,0.0,4,189.23,-7.71,-7.23,-0.47,-7.71,0.0,-0.33,1.49,-0.33,55,13,0.0,0.0,0.0,10.686931,8.891604,8.42443,-0.83673639,0.27473331,0.47370225,136.873108,"278.854523, 155.729218, 285.215485, 106.410019, 170.300293, ","[["" 129.596"", "" 126.840"", ""  67.909""], ["" 130.565"", "" 127.386"", ""  68.751""], ["" 130.244"", "" 127.747"", ""  70.056""], ["" 128.940"", "" 127.577"", ""  70.542""], ["" 127.967"", "" 127.035"", ""  69.690""], ["" 128.287"", "" 126.670"", ""  68.385""], ["" 130.029"", "" 126.518"", ""  66.608""], ["" 130.545"", "" 124.293"", ""  66.744""], ["" 130.441"", "" 125.334"", ""  66.093""], ["" 130.042"", "" 127.301"", ""  65.973""], ["" 130.795"", "" 125.361"", ""  64.673""], ["" 130.286"", "" 126.188"", ""  63.660""], ["" 132.052"", "" 124.290"", ""  64.048""], ["" 130.883"", "" 125.969"", ""  62.370""], ["" 131.878"", "" 124.948"", ""  62.437""], ["" 130.666"", "" 126.567"", ""  61.099""], ["" 132.617"", "" 124.517"", ""  61.414""], ["" 131.440"", "" 126.116"", ""  60.023""], ["" 132.386"", "" 125.112"", ""  60.219""], ["" 129.648"", "" 127.666"", ""  60.836""], ["" 133.241"", "" 124.611"", ""  59.070""], ["" 129.304"", "" 127.126"", ""  63.862""], ["" 129.518"", "" 128.104"", ""  63.986""], ["" 128.328"", "" 126.863"", ""  63.898""], ["" 128.627"", "" 127.979"", ""  71.955""], ["" 127.478"", "" 128.046"", ""  72.402""], ["" 129.734"", "" 128.255"", ""  72.691""], ["" 130.591"", "" 127.215"", ""  73.140""]]",[],4ab_Grossjean_2025
62,4688,4ac_Grossjean_2025,receptor_tmp,1,19,-5.85,-0.22499999999999998,0.0,0.0,3,188.99,-7.04,-6.69,-0.34,-7.04,0.0,-0.32,1.19,-0.32,53,12,0.0,0.0,0.0,11.34997,8.40879,8.185369,0.80127869,0.06065843,-0.59520838,168.96373,"278.405365, 148.169998, 187.884552, 295.385986, ","[["" 130.538"", "" 124.296"", ""  66.888""], ["" 130.480"", "" 125.325"", ""  66.212""], ["" 130.049"", "" 126.519"", ""  66.685""], ["" 130.115"", "" 127.301"", ""  66.049""], ["" 130.899"", "" 125.320"", ""  64.808""], ["" 130.400"", "" 126.091"", ""  63.745""], ["" 132.192"", "" 124.250"", ""  64.267""], ["" 131.048"", "" 125.837"", ""  62.486""], ["" 132.058"", "" 124.840"", ""  62.625""], ["" 130.862"", "" 126.383"", ""  61.187""], ["" 132.836"", "" 124.380"", ""  61.644""], ["" 131.676"", "" 125.903"", ""  60.155""], ["" 132.630"", "" 124.921"", ""  60.419""], ["" 129.836"", "" 127.453"", ""  60.849""], ["" 133.524"", "" 124.384"", ""  59.317""], ["" 129.390"", "" 127.009"", ""  63.876""], ["" 129.575"", "" 127.996"", ""  63.979""], ["" 128.419"", "" 126.725"", ""  63.872""], ["" 129.557"", "" 126.846"", ""  67.963""], ["" 130.480"", "" 127.383"", ""  68.860""], ["" 128.218"", "" 126.695"", ""  68.354""], ["" 130.080"", "" 127.748"", ""  70.143""], ["" 127.822"", "" 127.061"", ""  69.638""], ["" 128.754"", "" 127.590"", ""  70.545""], ["" 128.450"", "" 127.978"", ""  71.835""], ["" 129.434"", "" 128.663"", ""  72.604""]]",[],4ac_Grossjean_2025
63,4600,4ad_Grossjean_2025,receptor_tmp,1,12,-6.2,-0.25833333333333336,0.0,0.0,2,188.71,-7.09,-6.76,-0.33,-7.09,0.0,-0.17,0.89,-0.17,45,4,0.0,0.0,0.0,9.958009,4.839034,16.228354,0.39221566,-0.54871787,-0.73829233,141.79213,"185.356079, 243.521317, 338.264923, ","[["" 129.186"", "" 121.971"", ""  73.631""], ["" 128.817"", "" 120.963"", ""  74.537""], ["" 128.073"", "" 119.886"", ""  73.942""], ["" 127.513"", "" 118.696"", ""  74.481""], ["" 127.605"", "" 118.297"", ""  75.946""], ["" 126.834"", "" 117.839"", ""  73.606""], ["" 126.724"", "" 118.166"", ""  72.256""], ["" 125.991"", "" 117.256"", ""  71.288""], ["" 127.244"", "" 119.291"", ""  71.708""], ["" 127.890"", "" 120.106"", ""  72.543""], ["" 128.617"", "" 121.601"", ""  72.003""], ["" 129.926"", "" 123.206"", ""  73.894""], ["" 129.402"", "" 124.305"", ""  73.702""], ["" 131.188"", "" 123.038"", ""  74.361""], ["" 131.476"", "" 122.086"", ""  74.533""], ["" 132.165"", "" 124.005"", ""  74.668""], ["" 131.884"", "" 125.311"", ""  74.253""], ["" 133.350"", "" 123.741"", ""  75.373""], ["" 132.783"", "" 126.340"", ""  74.519""], ["" 134.247"", "" 124.773"", ""  75.638""], ["" 133.962"", "" 126.066"", ""  75.208""], ["" 129.130"", "" 120.985"", ""  75.873""], ["" 128.612"", "" 120.447"", ""  76.552""], ["" 129.899"", "" 121.541"", ""  76.223""]]",[],4ad_Grossjean_2025
64,4268,4ae_Grossjean_2025,receptor_tmp,1,1,-5.98,-0.23920000000000002,0.0,0.0,8,186.99,-6.88,-6.6,-0.28,-6.88,0.0,-0.23,0.89,-0.23,27,8,0.0,0.0,0.0,8.734312,9.272756,4.641039,0.48918207,-0.31735859,-0.81239426,69.514931,"63.543018, 133.763412, 142.652054, ","[["" 128.278"", "" 126.299"", ""  61.975""], ["" 129.449"", "" 126.007"", ""  62.695""], ["" 129.918"", "" 124.658"", ""  62.520""], ["" 131.032"", "" 123.955"", ""  63.052""], ["" 132.047"", "" 124.563"", ""  64.009""], ["" 131.203"", "" 122.618"", ""  62.674""], ["" 130.295"", "" 122.019"", ""  61.802""], ["" 130.455"", "" 120.570"", ""  61.381""], ["" 129.224"", "" 122.659"", ""  61.274""], ["" 129.064"", "" 123.931"", ""  61.637""], ["" 127.730"", "" 124.899"", ""  61.053""], ["" 127.516"", "" 127.549"", ""  61.945""], ["" 127.171"", "" 128.052"", ""  60.874""], ["" 127.229"", "" 128.085"", ""  63.158""], ["" 127.512"", "" 127.548"", ""  63.964""], ["" 126.525"", "" 129.265"", ""  63.453""], ["" 125.327"", "" 129.557"", ""  62.866""], ["" 127.134"", "" 130.145"", ""  64.354""], ["" 124.715"", "" 130.726"", ""  63.183""], ["" 126.492"", "" 131.344"", ""  64.671""], ["" 125.264"", "" 131.645"", ""  64.081""], ["" 123.390"", "" 130.984"", ""  62.494""], ["" 130.098"", "" 126.911"", ""  63.496""], ["" 130.168"", "" 127.888"", ""  63.251""], ["" 130.529"", "" 126.627"", ""  64.365""]]",[],4ae_Grossjean_2025
65,14282,4af_Grossjean_2025,receptor_tmp,1,8,-6.44,-0.26833333333333337,0.0,0.0,3,188.91,-7.34,-6.88,-0.46,-7.34,0.0,-0.2,0.89,-0.2,40,5,0.0,0.0,0.0,10.03528,4.839028,16.29344,-0.36103997,0.48052682,0.79921469,223.661087,"182.714325, 234.596222, 289.841156, ","[["" 129.290"", "" 121.960"", ""  73.697""], ["" 129.132"", "" 120.860"", ""  74.554""], ["" 128.346"", "" 119.792"", ""  73.995""], ["" 127.947"", "" 118.527"", ""  74.507""], ["" 128.316"", "" 118.012"", ""  75.889""], ["" 127.163"", "" 117.708"", ""  73.686""], ["" 126.800"", "" 118.142"", ""  72.412""], ["" 125.949"", "" 117.273"", ""  71.504""], ["" 127.163"", "" 119.340"", ""  71.891""], ["" 127.909"", "" 120.118"", ""  72.677""], ["" 128.458"", "" 121.697"", ""  72.162""], ["" 129.995"", "" 123.218"", ""  73.949""], ["" 129.440"", "" 124.299"", ""  73.749""], ["" 131.259"", "" 123.090"", ""  74.422""], ["" 131.575"", "" 122.147"", ""  74.596""], ["" 132.210"", "" 124.085"", ""  74.717""], ["" 131.894"", "" 125.396"", ""  74.341""], ["" 133.432"", "" 123.874"", ""  75.382""], ["" 132.707"", "" 126.456"", ""  74.573""], ["" 134.279"", "" 124.955"", ""  75.629""], ["" 133.883"", "" 126.226"", ""  75.209""], ["" 129.670"", "" 120.790"", ""  75.814""], ["" 129.095"", "" 120.826"", ""  76.644""], ["" 130.667"", "" 120.696"", ""  75.953""]]",[],4af_Grossjean_2025
66,4355,4ag_Grossjean_2025,receptor_tmp,1,10,-6.12,-0.24480000000000002,0.0,0.0,2,189.03,-7.31,-7.21,-0.11,-7.31,0.0,-0.15,1.19,-0.15,52,10,0.0,0.0,0.0,11.9684,7.968653,8.240571,0.62972519,-0.73308263,-0.2569748,258.771576,"72.753754, 250.93071, 80.057205, 59.681244, ","[["" 131.555"", "" 125.714"", ""  65.212""], ["" 130.812"", "" 125.888"", ""  64.035""], ["" 131.488"", "" 125.443"", ""  62.847""], ["" 131.113"", "" 125.437"", ""  61.477""], ["" 129.781"", "" 125.956"", ""  60.955""], ["" 132.026"", "" 124.920"", ""  60.552""], ["" 133.258"", "" 124.433"", ""  60.985""], ["" 134.264"", "" 123.867"", ""  60.000""], ["" 133.649"", "" 124.421"", ""  62.283""], ["" 132.777"", "" 124.916"", ""  63.162""], ["" 133.121"", "" 124.976"", ""  64.877""], ["" 131.173"", "" 126.042"", ""  66.585""], ["" 130.457"", "" 125.290"", ""  67.250""], ["" 131.633"", "" 127.217"", ""  67.065""], ["" 132.260"", "" 127.756"", ""  66.486""], ["" 131.398"", "" 127.732"", ""  68.413""], ["" 129.998"", "" 127.452"", ""  68.948""], ["" 129.797"", "" 127.296"", ""  70.322""], ["" 128.910"", "" 127.404"", ""  68.072""], ["" 128.515"", "" 127.065"", ""  70.815""], ["" 127.629"", "" 127.172"", ""  68.565""], ["" 127.437"", "" 127.002"", ""  69.934""], ["" 129.553"", "" 126.435"", ""  64.002""], ["" 128.759"", "" 125.923"", ""  63.647""], ["" 129.379"", "" 127.372"", ""  64.339""]]",[],4ag_Grossjean_2025
67,4754,4ah_Grossjean_2025,receptor_tmp,1,5,-5.59,-0.1803225806451613,0.0,0.0,4,188.13,-7.68,-7.17,-0.51,-7.68,0.0,-0.9,2.09,-0.9,37,9,0.0,0.0,0.0,9.219148,10.967007,3.951451,-0.52668616,-0.48656618,0.69703303,183.468597,"86.51107, 264.475586, 55.123005, 84.75161, 357.124176, 87.527702, 11.61148, ","[["" 127.130"", "" 127.207"", ""  62.292""], ["" 128.260"", "" 127.686"", ""  62.408""], ["" 128.482"", "" 128.906"", ""  62.939""], ["" 129.425"", "" 129.266"", ""  62.927""], ["" 129.449"", "" 126.934"", ""  62.010""], ["" 130.354"", "" 126.237"", ""  62.825""], ["" 129.859"", "" 126.761"", ""  60.302""], ["" 131.404"", "" 125.577"", ""  62.096""], ["" 131.254"", "" 125.779"", ""  60.691""], ["" 132.514"", "" 124.793"", ""  62.514""], ["" 132.059"", "" 125.292"", ""  59.747""], ["" 133.362"", "" 124.283"", ""  61.525""], ["" 133.105"", "" 124.548"", ""  60.181""], ["" 132.835"", "" 124.476"", ""  63.967""], ["" 134.007"", "" 124.002"", ""  59.091""], ["" 130.266"", "" 126.187"", ""  64.193""], ["" 130.760"", "" 126.839"", ""  64.784""], ["" 129.702"", "" 125.487"", ""  64.656""], ["" 127.447"", "" 129.831"", ""  63.400""], ["" 126.548"", "" 130.347"", ""  62.281""], ["" 126.744"", "" 129.911"", ""  60.970""], ["" 125.574"", "" 131.310"", ""  62.548""], ["" 125.954"", "" 130.407"", ""  59.922""], ["" 124.766"", "" 131.820"", ""  61.520""], ["" 124.962"", "" 131.356"", ""  60.212""], ["" 126.091"", "" 130.019"", ""  58.600""], ["" 126.019"", "" 128.638"", ""  58.267""], ["" 123.773"", "" 132.763"", ""  61.715""], ["" 124.119"", "" 134.144"", ""  61.752""], ["" 124.190"", "" 131.860"", ""  59.193""], ["" 123.031"", "" 131.089"", ""  58.909""]]",[],4ah_Grossjean_2025
68,4532,4ai_Grossjean_2025,receptor_tmp,1,4,-6.2,-0.26956521739130435,0.0,0.0,4,189.24,-7.09,-6.81,-0.28,-7.09,0.0,-0.19,0.89,-0.19,34,5,0.0,0.0,0.0,10.333724,4.797403,16.356381,-0.36994107,0.49604797,0.7855444,218.951904,"178.995941, 236.77359, 295.905334, ","[["" 129.651"", "" 122.186"", ""  73.694""], ["" 129.369"", "" 121.109"", ""  74.550""], ["" 128.578"", "" 120.072"", ""  73.944""], ["" 128.087"", "" 118.832"", ""  74.435""], ["" 128.334"", "" 118.314"", ""  75.844""], ["" 127.331"", "" 118.038"", ""  73.565""], ["" 127.082"", "" 118.473"", ""  72.264""], ["" 126.271"", "" 117.626"", ""  71.300""], ["" 127.532"", "" 119.649"", ""  71.763""], ["" 128.253"", "" 120.402"", ""  72.594""], ["" 128.914"", "" 121.947"", ""  72.108""], ["" 130.412"", "" 123.403"", ""  73.981""], ["" 129.926"", "" 124.515"", ""  73.765""], ["" 131.649"", "" 123.205"", ""  74.503""], ["" 131.938"", "" 122.250"", ""  74.650""], ["" 132.573"", "" 124.173"", ""  74.875""], ["" 133.755"", "" 123.949"", ""  75.426""], ["" 132.355"", "" 125.540"", ""  74.705""], ["" 134.348"", "" 125.196"", ""  75.628""], ["" 133.491"", "" 126.147"", ""  75.188""], ["" 129.804"", "" 121.034"", ""  75.849""], ["" 129.162"", "" 121.030"", ""  76.628""], ["" 130.790"", "" 120.985"", ""  76.070""]]",[],4ai_Grossjean_2025
69,14433,4aj_Grossjean_2025,receptor_tmp,1,6,-6.42,-0.2791304347826087,0.0,0.0,5,189.06,-7.31,-6.89,-0.42,-7.31,0.0,0.06,0.89,0.06,39,5,0.0,0.0,0.0,10.160222,4.659795,16.398495,0.35210834,-0.48238045,-0.80207781,139.297409,"178.879089, 231.828888, 123.81353, ","[["" 129.481"", "" 122.033"", ""  73.740""], ["" 129.269"", "" 120.942"", ""  74.597""], ["" 128.460"", "" 119.899"", ""  74.024""], ["" 128.017"", "" 118.646"", ""  74.527""], ["" 128.352"", "" 118.116"", ""  75.913""], ["" 127.223"", "" 117.851"", ""  73.693""], ["" 126.890"", "" 118.297"", ""  72.416""], ["" 126.025"", "" 117.455"", ""  71.495""], ["" 127.296"", "" 119.484"", ""  71.902""], ["" 128.053"", "" 120.238"", ""  72.699""], ["" 128.662"", "" 121.798"", ""  72.194""], ["" 130.238"", "" 123.260"", ""  73.997""], ["" 129.750"", "" 124.365"", ""  73.749""], ["" 131.473"", "" 123.081"", ""  74.527""], ["" 131.771"", "" 122.132"", ""  74.696""], ["" 132.383"", "" 124.071"", ""  74.873""], ["" 133.566"", "" 123.922"", ""  75.428""], ["" 131.932"", "" 125.712"", ""  74.540""], ["" 134.165"", "" 125.082"", ""  75.614""], ["" 133.460"", "" 126.211"", ""  75.204""], ["" 129.782"", "" 120.858"", ""  75.866""], ["" 130.772"", "" 120.940"", ""  76.047""], ["" 129.183"", "" 120.708"", ""  76.666""]]",[],4aj_Grossjean_2025
70,14271,4ak_Grossjean_2025,receptor_tmp,1,6,-6.06,-0.21642857142857141,0.0,0.0,6,189.91,-9.34,-8.5,-0.84,-9.34,0.0,-0.64,3.28,-0.64,71,11,0.0,0.0,0.0,8.049247,13.311377,11.357782,0.17267571,-0.7555286,0.63194908,123.727791,"83.423637, 50.788357, 26.424761, 185.742859, 91.210815, 321.717834, 316.694061, 42.129002, 159.213486, 148.59613, 40.409569, ","[["" 127.879"", "" 127.411"", ""  69.890""], ["" 128.071"", "" 126.941"", ""  68.562""], ["" 128.932"", "" 127.952"", ""  67.783""], ["" 128.217"", "" 128.612"", ""  66.691""], ["" 127.875"", "" 130.608"", ""  67.700""], ["" 127.734"", "" 129.871"", ""  66.723""], ["" 128.072"", "" 128.062"", ""  65.856""], ["" 127.034"", "" 130.321"", ""  65.521""], ["" 127.265"", "" 131.477"", ""  64.759""], ["" 125.691"", "" 129.383"", ""  64.869""], ["" 126.380"", "" 131.620"", ""  63.634""], ["" 125.456"", "" 130.534"", ""  63.573""], ["" 126.271"", "" 132.611"", ""  62.621""], ["" 124.507"", "" 130.373"", ""  62.650""], ["" 125.276"", "" 132.445"", ""  61.651""], ["" 124.433"", "" 131.337"", ""  61.699""], ["" 127.169"", "" 133.834"", ""  62.524""], ["" 123.345"", "" 131.136"", ""  60.659""], ["" 128.243"", "" 132.395"", ""  65.044""], ["" 128.047"", "" 133.240"", ""  65.563""], ["" 129.198"", "" 132.255"", ""  64.745""], ["" 128.904"", "" 127.018"", ""  70.792""], ["" 128.274"", "" 126.618"", ""  72.132""], ["" 129.199"", "" 126.872"", ""  73.181""], ["" 130.546"", "" 126.991"", ""  72.742""], ["" 131.464"", "" 126.234"", ""  73.710""], ["" 130.690"", "" 125.332"", ""  74.491""], ["" 131.345"", "" 124.100"", ""  74.747""]]",[],4ak_Grossjean_2025
71,4323,4al_Grossjean_2025,receptor_tmp,1,8,-4.82,-0.2677777777777778,0.0,0.0,1,188.36,-5.72,-5.38,-0.33,-5.72,0.0,-0.56,0.89,-0.56,23,5,0.0,0.0,0.0,13.094381,7.810462,4.252284,0.40388099,-0.68680691,0.60429828,108.341866,"261.360107, 189.739624, 199.856339, ","[["" 132.918"", "" 124.636"", ""  60.267""], ["" 131.799"", "" 125.153"", ""  60.931""], ["" 131.990"", "" 125.337"", ""  62.344""], ["" 131.136"", "" 125.824"", ""  63.370""], ["" 129.708"", "" 126.292"", ""  63.141""], ["" 131.646"", "" 125.874"", ""  64.672""], ["" 132.950"", "" 125.455"", ""  64.928""], ["" 133.525"", "" 125.499"", ""  66.331""], ["" 133.791"", "" 124.985"", ""  63.973""], ["" 133.303"", "" 124.938"", ""  62.733""], ["" 134.255"", "" 124.359"", ""  61.386""], ["" 133.079"", "" 124.323"", ""  58.831""], ["" 134.050"", "" 123.709"", ""  58.381""], ["" 132.051"", "" 124.782"", ""  58.071""], ["" 132.004"", "" 126.137"", ""  57.651""], ["" 130.622"", "" 125.460"", ""  60.299""], ["" 130.382"", "" 125.072"", ""  59.398""], ["" 129.949"", "" 126.090"", ""  60.717""]]",[],4al_Grossjean_2025
72,4568,4ba_Grossjean_2025,receptor_tmp,1,1,-6.41,-0.2067741935483871,0.0,0.0,1,188.47,-8.2,-7.78,-0.42,-8.2,0.0,-0.46,1.79,-0.46,60,12,0.0,0.0,0.0,8.775527,12.041413,7.944915,-0.28709328,-0.88345337,0.37025342,228.459015,"97.287437, 121.287682, 156.496643, 286.557831, 9.916883, 25.307703, ","[["" 128.469"", "" 128.090"", ""  67.842""], ["" 127.549"", "" 127.476"", ""  68.693""], ["" 127.948"", "" 127.004"", ""  69.940""], ["" 129.278"", "" 127.132"", ""  70.360""], ["" 130.202"", "" 127.743"", ""  69.500""], ["" 129.805"", "" 128.217"", ""  68.252""], ["" 127.961"", "" 128.523"", ""  66.602""], ["" 127.516"", "" 130.740"", ""  66.948""], ["" 127.549"", "" 129.754"", ""  66.210""], ["" 127.885"", "" 127.792"", ""  65.911""], ["" 127.103"", "" 129.850"", ""  64.818""], ["" 127.519"", "" 129.092"", ""  63.711""], ["" 125.841"", "" 130.994"", ""  64.369""], ["" 126.844"", "" 129.426"", ""  62.480""], ["" 125.884"", "" 130.460"", ""  62.705""], ["" 126.955"", "" 128.930"", ""  61.146""], ["" 125.084"", "" 130.994"", ""  61.784""], ["" 126.108"", "" 129.497"", ""  60.180""], ["" 125.208"", "" 130.499"", ""  60.531""], ["" 124.280"", "" 131.115"", ""  59.499""], ["" 128.484"", "" 128.120"", ""  63.785""], ["" 129.469"", "" 128.340"", ""  63.752""], ["" 128.240"", "" 127.143"", ""  63.868""], ["" 127.930"", "" 127.832"", ""  60.712""], ["" 129.205"", "" 128.134"", ""  60.968""], ["" 127.652"", "" 126.698"", ""  61.357""], ["" 127.824"", "" 127.628"", ""  59.399""], ["" 129.678"", "" 126.611"", ""  71.709""], ["" 129.075"", "" 125.698"", ""  72.279""], ["" 130.895"", "" 127.263"", ""  72.397""], ["" 131.398"", "" 126.538"", ""  73.659""]]",[],4ba_Grossjean_2025
73,14142,4bb_Grossjean_2025,receptor_tmp,1,4,-6.24,-0.20800000000000002,0.0,0.0,1,188.29,-7.74,-7.4,-0.34,-7.74,0.0,-0.4,1.49,-0.4,59,12,0.0,0.0,0.0,7.91843,12.401083,8.009307,0.08871462,-0.97264338,-0.21469647,251.515686,"283.150879, 240.255051, 156.844467, 187.41301, 286.245605, ","[["" 127.498"", "" 130.705"", ""  66.893""], ["" 127.523"", "" 129.720"", ""  66.156""], ["" 127.967"", "" 128.497"", ""  66.534""], ["" 127.885"", "" 127.764"", ""  65.845""], ["" 127.028"", "" 129.806"", ""  64.779""], ["" 127.421"", "" 129.056"", ""  63.658""], ["" 125.731"", "" 130.927"", ""  64.372""], ["" 126.699"", "" 129.375"", ""  62.452""], ["" 125.733"", "" 130.397"", ""  62.706""], ["" 126.773"", "" 128.879"", ""  61.115""], ["" 124.900"", "" 130.921"", ""  61.808""], ["" 125.893"", "" 129.435"", ""  60.174""], ["" 124.995"", "" 130.430"", ""  60.551""], ["" 124.038"", "" 131.042"", ""  59.544""], ["" 128.409"", "" 128.106"", ""  63.700""], ["" 128.201"", "" 127.117"", ""  63.705""], ["" 129.386"", "" 128.364"", ""  63.729""], ["" 127.744"", "" 127.787"", ""  60.653""], ["" 127.576"", "" 126.631"", ""  61.300""], ["" 127.567"", "" 127.547"", ""  59.354""], ["" 129.000"", "" 128.182"", ""  60.861""], ["" 128.506"", "" 128.070"", ""  67.764""], ["" 127.606"", "" 127.463"", ""  68.642""], ["" 129.853"", "" 128.197"", ""  68.139""], ["" 128.035"", "" 127.002"", ""  69.884""], ["" 130.279"", "" 127.733"", ""  69.380""], ["" 129.375"", "" 127.132"", ""  70.267""], ["" 129.809"", "" 126.625"", ""  71.610""], ["" 130.938"", "" 126.800"", ""  72.073""], ["" 128.792"", "" 125.859"", ""  72.459""]]",[],4bb_Grossjean_2025
74,14379,4bc_Grossjean_2025,receptor_tmp,2,2,-5.47,-0.1886206896551724,0.0,0.0,9,188.43,-6.97,-6.58,-0.39,-6.97,0.0,-0.35,1.49,-0.35,29,6,0.0,0.0,0.0,10.235569,11.325454,4.652492,-0.3308698,-0.6580697,0.67636487,130.802063,"162.706955, 128.9254, 126.153069, 136.266556, 249.616379, ","[["" 130.226"", "" 127.066"", ""  60.641""], ["" 130.088"", "" 127.531"", ""  61.773""], ["" 130.554"", "" 126.933"", ""  62.897""], ["" 130.437"", "" 127.447"", ""  63.758""], ["" 129.394"", "" 128.805"", ""  61.979""], ["" 128.307"", "" 129.083"", ""  62.823""], ["" 129.909"", "" 130.247"", ""  61.107""], ["" 127.869"", "" 130.457"", ""  62.788""], ["" 128.669"", "" 131.211"", ""  61.875""], ["" 126.831"", "" 131.163"", ""  63.466""], ["" 128.529"", "" 132.508"", ""  61.603""], ["" 126.687"", "" 132.529"", ""  63.176""], ["" 127.535"", "" 133.148"", ""  62.260""], ["" 127.388"", "" 134.623"", ""  61.932""], ["" 127.709"", "" 128.136"", ""  63.615""], ["" 127.835"", "" 127.147"", ""  63.454""], ["" 127.120"", "" 128.399"", ""  64.393""], ["" 125.875"", "" 130.527"", ""  64.483""], ["" 125.287"", "" 129.421"", ""  64.024""], ["" 126.547"", "" 130.196"", ""  65.585""], ["" 124.911"", "" 131.391"", ""  64.798""], ["" 131.224"", "" 125.705"", ""  63.039""], ["" 132.323"", "" 125.501"", ""  62.202""], ["" 130.879"", "" 124.720"", ""  63.977""], ["" 133.056"", "" 124.320"", ""  62.282""], ["" 131.615"", "" 123.541"", ""  64.055""], ["" 132.711"", "" 123.331"", ""  63.202""], ["" 133.497"", "" 122.195"", ""  63.209""], ["" 133.881"", "" 121.609"", ""  61.970""]]",[],4bc_Grossjean_2025
75,4332,4bd_Grossjean_2025,receptor_tmp,3,3,-5.58,-0.20666666666666667,0.0,0.0,14,186.96,-6.77,-6.46,-0.31,-6.77,0.0,-0.35,1.19,-0.35,27,7,0.0,0.0,0.0,9.337173,8.938624,4.888304,-0.49410223,0.32080826,0.80805015,290.831665,"75.565819, 128.203812, 144.071793, 124.360306, ","[["" 128.281"", "" 126.364"", ""  61.970""], ["" 129.448"", "" 126.080"", ""  62.699""], ["" 129.928"", "" 124.729"", ""  62.542""], ["" 131.042"", "" 124.024"", ""  63.087""], ["" 131.205"", "" 122.684"", ""  62.703""], ["" 130.303"", "" 122.087"", ""  61.826""], ["" 130.464"", "" 120.638"", ""  61.403""], ["" 129.237"", "" 122.728"", ""  61.293""], ["" 129.077"", "" 124.000"", ""  61.655""], ["" 127.744"", "" 124.958"", ""  61.055""], ["" 127.523"", "" 127.617"", ""  61.913""], ["" 127.250"", "" 128.138"", ""  60.830""], ["" 127.149"", "" 128.126"", ""  63.113""], ["" 127.381"", "" 127.570"", ""  63.923""], ["" 126.458"", "" 129.317"", ""  63.404""], ["" 127.129"", "" 130.229"", ""  64.225""], ["" 125.187"", "" 129.640"", ""  62.902""], ["" 126.532"", "" 131.441"", ""  64.562""], ["" 124.594"", "" 130.854"", ""  63.241""], ["" 125.266"", "" 131.747"", ""  64.071""], ["" 130.081"", "" 127.001"", ""  63.494""], ["" 130.125"", "" 127.980"", ""  63.248""], ["" 130.523"", "" 126.731"", ""  64.362""], ["" 132.058"", "" 124.637"", ""  64.057""], ["" 132.638"", "" 125.740"", ""  63.577""], ["" 131.453"", "" 124.969"", ""  65.196""], ["" 133.026"", "" 123.757"", ""  64.311""]]",[],4bd_Grossjean_2025
76,14534,4be_Grossjean_2025,receptor_tmp,7,19,-5.81,-0.2075,0.0,0.0,13,186.98,-7.01,-6.67,-0.34,-7.01,0.0,-0.26,1.19,-0.26,28,7,0.0,0.0,0.0,9.378453,9.087869,4.889593,-0.45548448,0.32848478,0.8274247,290.068695,"61.300449, 131.505646, 325.429199, 237.411316, ","[["" 128.417"", "" 126.286"", ""  62.017""], ["" 129.588"", "" 125.984"", ""  62.730""], ["" 130.047"", "" 124.627"", ""  62.561""], ["" 131.170"", "" 123.912"", ""  63.074""], ["" 131.301"", "" 122.567"", ""  62.695""], ["" 130.364"", "" 121.977"", ""  61.851""], ["" 130.493"", "" 120.523"", ""  61.435""], ["" 129.292"", "" 122.629"", ""  61.345""], ["" 129.162"", "" 123.905"", ""  61.702""], ["" 127.830"", "" 124.881"", ""  61.129""], ["" 127.672"", "" 127.547"", ""  61.975""], ["" 127.394"", "" 128.080"", ""  60.899""], ["" 127.310"", "" 128.050"", ""  63.182""], ["" 127.562"", "" 127.501"", ""  63.991""], ["" 126.574"", "" 129.214"", ""  63.469""], ["" 125.374"", "" 129.478"", ""  62.875""], ["" 127.151"", "" 130.100"", ""  64.386""], ["" 124.728"", "" 130.628"", ""  63.199""], ["" 126.474"", "" 131.278"", ""  64.710""], ["" 125.244"", "" 131.552"", ""  64.110""], ["" 123.399"", "" 130.856"", ""  62.504""], ["" 130.245"", "" 126.897"", ""  63.515""], ["" 130.720"", "" 126.628"", ""  64.364""], ["" 130.269"", "" 127.877"", ""  63.271""], ["" 132.229"", "" 124.518"", ""  64.002""], ["" 131.713"", "" 125.004"", ""  65.134""], ["" 133.121"", "" 123.587"", ""  64.338""], ["" 132.851"", "" 125.521"", ""  63.383""]]",[],4be_Grossjean_2025
77,5446,4bf_Grossjean_2025,receptor_tmp,1,5,-5.76,-0.21333333333333332,0.0,0.0,14,187.11,-6.95,-6.59,-0.36,-6.95,0.0,-0.33,1.19,-0.33,27,11,0.0,0.0,0.0,9.380173,8.916798,4.944747,-0.48676024,0.30115399,0.81998216,291.00647,"305.677612, 140.496643, 144.967484, 121.543442, ","[["" 128.319"", "" 126.345"", ""  62.047""], ["" 129.503"", "" 126.054"", ""  62.745""], ["" 129.978"", "" 124.704"", ""  62.564""], ["" 131.108"", "" 123.997"", ""  63.071""], ["" 131.259"", "" 122.659"", ""  62.675""], ["" 130.332"", "" 122.068"", ""  61.821""], ["" 130.480"", "" 120.620"", ""  61.387""], ["" 129.251"", "" 122.711"", ""  61.322""], ["" 129.102"", "" 123.981"", ""  61.696""], ["" 127.753"", "" 124.943"", ""  61.141""], ["" 127.551"", "" 127.594"", ""  62.031""], ["" 127.093"", "" 128.035"", ""  60.976""], ["" 127.386"", "" 128.189"", ""  63.237""], ["" 127.761"", "" 127.693"", ""  64.032""], ["" 126.751"", "" 129.404"", ""  63.558""], ["" 125.592"", "" 129.327"", ""  64.339""], ["" 127.200"", "" 130.682"", ""  63.180""], ["" 124.884"", "" 130.416"", ""  64.734""], ["" 126.483"", "" 131.813"", ""  63.579""], ["" 125.334"", "" 131.637"", ""  64.351""], ["" 130.157"", "" 126.969"", ""  63.529""], ["" 130.184"", "" 127.951"", ""  63.295""], ["" 130.636"", "" 126.690"", ""  64.374""], ["" 132.153"", "" 124.604"", ""  64.014""], ["" 132.760"", "" 125.677"", ""  63.500""], ["" 131.569"", "" 124.982"", ""  65.151""], ["" 133.098"", "" 123.702"", ""  64.282""]]",[],4bf_Grossjean_2025
78,4242,4bg_Grossjean_2025,receptor_tmp,2,10,-5.64,-0.20142857142857143,0.0,0.0,6,187.76,-7.14,-6.87,-0.27,-7.14,0.0,-0.41,1.49,-0.41,35,10,0.0,0.0,0.0,9.954144,9.536875,4.456306,-0.89703678,0.22192941,0.38219412,251.065201,"311.896179, 164.922836, 253.109497, 283.643311, 229.482162, ","[["" 129.383"", "" 127.363"", ""  61.567""], ["" 130.112"", "" 126.553"", ""  62.450""], ["" 131.169"", "" 125.800"", ""  61.819""], ["" 132.145"", "" 124.889"", ""  62.323""], ["" 133.035"", "" 124.325"", ""  61.394""], ["" 132.947"", "" 124.653"", ""  60.044""], ["" 133.897"", "" 124.046"", ""  59.028""], ["" 132.037"", "" 125.516"", ""  59.537""], ["" 131.192"", "" 126.057"", ""  60.414""], ["" 129.960"", "" 127.190"", ""  59.912""], ["" 128.237"", "" 128.226"", ""  61.856""], ["" 127.118"", "" 127.981"", ""  61.404""], ["" 128.478"", "" 129.273"", ""  62.673""], ["" 129.434"", "" 129.458"", ""  62.940""], ["" 127.492"", "" 130.271"", ""  63.085""], ["" 126.705"", "" 129.875"", ""  64.327""], ["" 127.377"", "" 129.470"", ""  65.484""], ["" 125.311"", "" 129.983"", ""  64.330""], ["" 126.656"", "" 129.145"", ""  66.629""], ["" 124.590"", "" 129.659"", ""  65.478""], ["" 125.266"", "" 129.240"", ""  66.621""], ["" 129.852"", "" 126.485"", ""  63.795""], ["" 129.370"", "" 125.700"", ""  64.208""], ["" 130.130"", "" 127.229"", ""  64.421""], ["" 132.280"", "" 124.497"", ""  63.797""], ["" 131.122"", "" 124.122"", ""  64.346""], ["" 133.128"", "" 123.475"", ""  63.916""], ["" 132.737"", "" 125.533"", ""  64.501""]]",[],4bg_Grossjean_2025
79,14277,4bh_Grossjean_2025,receptor_tmp,1,8,-5.33,-0.15676470588235294,0.0,0.0,5,187.93,-7.72,-7.31,-0.41,-7.72,0.0,-0.9,2.39,-0.9,37,9,0.0,0.0,0.0,10.776433,11.188389,5.756296,0.78442385,0.50922096,0.35408084,211.224899,"278.844055, 233.317215, 147.041138, 15.498645, 100.633018, 340.828308, 100.781418, 132.772476, ","[["" 129.015"", "" 129.703"", ""  61.900""], ["" 128.907"", "" 128.544"", ""  62.304""], ["" 127.872"", "" 128.135"", ""  63.067""], ["" 127.892"", "" 127.193"", ""  63.431""], ["" 129.883"", "" 127.516"", ""  61.940""], ["" 130.404"", "" 126.484"", ""  62.737""], ["" 130.501"", "" 127.430"", ""  60.294""], ["" 131.332"", "" 125.621"", ""  62.048""], ["" 131.472"", "" 126.031"", ""  60.685""], ["" 132.093"", "" 124.488"", ""  62.461""], ["" 132.246"", "" 125.444"", ""  59.773""], ["" 132.907"", "" 123.875"", ""  61.495""], ["" 132.953"", "" 124.371"", ""  60.195""], ["" 133.826"", "" 123.716"", ""  59.139""], ["" 130.069"", "" 126.314"", ""  64.055""], ["" 129.373"", "" 125.641"", ""  64.347""], ["" 130.504"", "" 126.863"", ""  64.783""], ["" 132.077"", "" 123.909"", ""  63.880""], ["" 130.848"", "" 123.625"", ""  64.316""], ["" 132.784"", "" 122.780"", ""  63.914""], ["" 132.610"", "" 124.787"", ""  64.730""], ["" 126.787"", "" 128.988"", ""  63.551""], ["" 126.052"", "" 129.728"", ""  62.440""], ["" 126.226"", "" 129.344"", ""  61.109""], ["" 125.258"", "" 130.837"", ""  62.737""], ["" 125.590"", "" 130.040"", ""  60.070""], ["" 124.604"", "" 131.548"", ""  61.718""], ["" 124.774"", "" 131.135"", ""  60.389""], ["" 125.716"", "" 129.714"", ""  58.732""], ["" 126.245"", "" 128.444"", ""  58.369""], ["" 123.793"", "" 132.646"", ""  61.941""], ["" 124.321"", "" 133.954"", ""  61.750""], ["" 124.154"", "" 131.834"", ""  59.379""], ["" 123.092"", "" 131.126"", ""  58.756""]]",[],4bh_Grossjean_2025
80,4388,4bi_Grossjean_2025,receptor_tmp,1,15,-5.69,-0.21884615384615386,0.0,0.0,4,187.64,-6.88,-6.65,-0.23,-6.88,0.0,-0.21,1.19,-0.21,52,6,0.0,0.0,0.0,12.145652,6.859682,6.996024,0.81939758,-0.27763314,-0.50150518,204.320221,"123.537468, 41.749619, 256.592316, 24.96965, ","[["" 131.406"", "" 124.538"", ""  64.748""], ["" 131.002"", "" 123.498"", ""  63.893""], ["" 131.751"", "" 123.421"", ""  62.663""], ["" 131.691"", "" 122.538"", ""  61.544""], ["" 132.595"", "" 122.770"", ""  60.494""], ["" 133.504"", "" 123.822"", ""  60.567""], ["" 134.490"", "" 124.083"", ""  59.442""], ["" 133.587"", "" 124.674"", ""  61.614""], ["" 132.731"", "" 124.460"", ""  62.612""], ["" 132.718"", "" 125.474"", ""  64.036""], ["" 130.860"", "" 124.909"", ""  66.056""], ["" 130.494"", "" 124.043"", ""  66.854""], ["" 130.812"", "" 126.240"", ""  66.310""], ["" 131.151"", "" 126.858"", ""  65.588""], ["" 130.357"", "" 126.865"", ""  67.464""], ["" 131.058"", "" 127.680"", ""  68.234""], ["" 129.065"", "" 126.700"", ""  67.961""], ["" 130.217"", "" 128.074"", ""  69.276""], ["" 129.016"", "" 127.474"", ""  69.098""], ["" 129.990"", "" 122.625"", ""  64.201""], ["" 129.017"", "" 122.891"", ""  64.134""], ["" 130.183"", "" 121.683"", ""  64.512""], ["" 130.714"", "" 121.364"", ""  61.423""], ["" 131.163"", "" 120.392"", ""  60.625""], ["" 130.502"", "" 120.827"", ""  62.624""], ["" 129.555"", "" 121.790"", ""  60.920""]]",[],4bi_Grossjean_2025
81,4511,4bj_Grossjean_2025,receptor_tmp,1,18,-5.66,-0.21769230769230768,0.0,0.0,1,188.5,-6.86,-6.45,-0.41,-6.86,0.0,0.01,1.19,0.01,38,4,0.0,0.0,0.0,10.017652,4.354193,16.654773,-0.38555721,0.54953094,0.74118917,214.056519,"176.396957, 246.084412, 113.6474, 2.514187, ","[["" 129.527"", "" 122.151"", ""  73.680""], ["" 129.082"", "" 121.159"", ""  74.568""], ["" 128.317"", "" 120.107"", ""  73.942""], ["" 127.696"", "" 118.926"", ""  74.447""], ["" 127.014"", "" 118.116"", ""  73.526""], ["" 126.957"", "" 118.472"", ""  72.181""], ["" 126.217"", "" 117.610"", ""  71.174""], ["" 127.536"", "" 119.584"", ""  71.671""], ["" 128.187"", "" 120.355"", ""  72.541""], ["" 128.989"", "" 121.823"", ""  72.035""], ["" 130.311"", "" 123.353"", ""  73.973""], ["" 129.840"", "" 124.476"", ""  73.778""], ["" 131.551"", "" 123.133"", ""  74.475""], ["" 131.835"", "" 122.173"", ""  74.604""], ["" 132.484"", "" 124.092"", ""  74.844""], ["" 133.654"", "" 123.904"", ""  75.414""], ["" 132.083"", "" 125.750"", ""  74.525""], ["" 134.283"", "" 125.044"", ""  75.618""], ["" 133.618"", "" 126.196"", ""  75.210""], ["" 129.354"", "" 121.177"", ""  75.913""], ["" 130.292"", "" 121.074"", ""  76.271""], ["" 128.617"", "" 121.291"", ""  76.595""], ["" 127.730"", "" 118.495"", ""  75.918""], ["" 127.128"", "" 117.323"", ""  76.131""], ["" 128.993"", "" 118.376"", ""  76.324""], ["" 127.108"", "" 119.405"", ""  76.667""]]",[],4bj_Grossjean_2025
82,4306,4bk_Grossjean_2025,receptor_tmp,1,20,-5.46,-0.1761290322580645,0.0,0.0,1,189.01,-9.04,-8.25,-0.79,-9.04,0.0,-0.62,3.58,-0.62,73,13,0.0,0.0,0.0,6.866319,10.737888,10.874054,-0.49082088,0.50489143,-0.710056,177.385895,"98.65799, 141.256348, 58.321396, 351.341736, 157.175522, 18.80138, 318.217407, 339.674133, 3.962024, 236.162827, 179.950668, 35.725212, ","[["" 129.534"", "" 127.065"", ""  69.958""], ["" 130.154"", "" 127.358"", ""  68.711""], ["" 129.200"", "" 126.978"", ""  67.566""], ["" 129.877"", "" 126.402"", ""  66.403""], ["" 130.512"", "" 124.447"", ""  67.349""], ["" 130.488"", "" 125.200"", ""  66.373""], ["" 129.892"", "" 126.971"", ""  65.570""], ["" 131.117"", "" 124.828"", ""  65.105""], ["" 130.822"", "" 123.742"", ""  64.268""], ["" 132.458"", "" 125.780"", ""  64.472""], ["" 131.657"", "" 123.658"", ""  63.096""], ["" 132.608"", "" 124.727"", ""  63.086""], ["" 131.705"", "" 122.745"", ""  62.000""], ["" 133.529"", "" 124.940"", ""  62.147""], ["" 132.679"", "" 122.975"", ""  61.015""], ["" 133.549"", "" 124.056"", ""  61.122""], ["" 134.607"", "" 124.318"", ""  60.065""], ["" 129.825"", "" 122.839"", ""  64.534""], ["" 129.958"", "" 122.068"", ""  65.174""], ["" 128.915"", "" 122.918"", ""  64.101""], ["" 130.767"", "" 121.544"", ""  61.837""], ["" 130.512"", "" 120.921"", ""  62.990""], ["" 129.601"", "" 121.948"", ""  61.334""], ["" 131.316"", "" 120.651"", ""  61.015""], ["" 130.102"", "" 127.761"", ""  71.059""], ["" 130.080"", "" 126.854"", ""  72.297""], ["" 129.303"", "" 127.466"", ""  73.317""], ["" 127.968"", "" 127.753"", ""  72.927""], ["" 127.259"", "" 128.513"", ""  74.056""], ["" 128.150"", "" 129.467"", ""  74.618""], ["" 127.532"", "" 130.709"", ""  74.918""]]",[],4bk_Grossjean_2025
83,4321,4ca_Grossjean_2025,receptor_tmp,1,14,-7.4,-0.2,0.0,0.0,9,186.4,-9.78,-9.56,-0.22,-9.78,0.0,-0.64,2.39,-0.64,60,9,0.0,0.0,0.0,9.426681,9.050517,5.284261,0.88684425,-0.28831089,-0.3610874,131.892029,"247.008301, 256.472504, 144.951645, 142.30571, 152.74556, 318.507751, 291.610657, 119.108154, ","[["" 126.556"", "" 129.235"", ""  62.737""], ["" 126.310"", "" 129.968"", ""  61.576""], ["" 125.543"", "" 131.128"", ""  61.623""], ["" 125.011"", "" 131.582"", ""  62.837""], ["" 125.268"", "" 130.846"", ""  64.004""], ["" 126.033"", "" 129.684"", ""  63.958""], ["" 127.352"", "" 128.083"", ""  62.576""], ["" 127.297"", "" 127.701"", ""  60.322""], ["" 127.658"", "" 127.383"", ""  61.456""], ["" 127.761"", "" 127.742"", ""  63.433""], ["" 128.487"", "" 126.195"", ""  61.669""], ["" 129.499"", "" 125.990"", ""  62.622""], ["" 128.310"", "" 124.791"", ""  60.619""], ["" 130.145"", "" 124.703"", ""  62.529""], ["" 129.584"", "" 123.943"", ""  61.462""], ["" 131.191"", "" 124.085"", ""  63.273""], ["" 129.957"", "" 122.717"", ""  61.103""], ["" 131.579"", "" 122.794"", ""  62.884""], ["" 130.966"", "" 122.143"", ""  61.808""], ["" 129.845"", "" 126.926"", ""  63.563""], ["" 129.214"", "" 127.195"", ""  64.306""], ["" 130.748"", "" 127.380"", ""  63.548""], ["" 131.908"", "" 124.741"", ""  64.458""], ["" 131.181"", "" 124.739"", ""  65.577""], ["" 133.041"", "" 124.089"", ""  64.718""], ["" 132.188"", "" 126.012"", ""  64.169""], ["" 131.370"", "" 120.764"", ""  61.373""], ["" 130.450"", "" 119.704"", ""  61.398""], ["" 132.680"", "" 120.492"", ""  60.939""], ["" 130.820"", "" 118.421"", ""  61.001""], ["" 133.054"", "" 119.211"", ""  60.541""], ["" 132.121"", "" 118.180"", ""  60.573""], ["" 124.192"", "" 132.840"", ""  62.854""], ["" 123.011"", "" 132.876"", ""  63.212""], ["" 124.879"", "" 133.933"", ""  62.433""], ["" 124.565"", "" 134.569"", ""  61.200""], ["" 124.576"", "" 136.088"", ""  61.393""]]",[],4ca_Grossjean_2025
84,14397,4cb_Grossjean_2025,receptor_tmp,1,10,-7.08,-0.19666666666666666,0.0,0.0,17,186.31,-9.17,-8.96,-0.21,-9.17,0.0,-0.5,2.09,-0.5,54,9,0.0,0.0,0.0,9.61554,8.903967,5.0539,-0.81904012,0.26075633,0.51105716,246.833817,"260.544708, 139.549988, 143.674927, 150.476135, 171.863022, 326.729462, 94.103149, ","[["" 126.599"", "" 129.333"", ""  62.587""], ["" 125.932"", "" 129.756"", ""  61.437""], ["" 125.152"", "" 130.909"", ""  61.457""], ["" 125.028"", "" 131.665"", ""  62.630""], ["" 125.704"", "" 131.238"", ""  63.783""], ["" 126.483"", "" 130.086"", ""  63.765""], ["" 127.371"", "" 128.163"", ""  62.449""], ["" 127.128"", "" 127.613"", ""  60.242""], ["" 127.580"", "" 127.378"", ""  61.364""], ["" 127.845"", "" 127.881"", ""  63.294""], ["" 128.418"", "" 126.199"", ""  61.597""], ["" 129.395"", "" 126.000"", ""  62.587""], ["" 128.302"", "" 124.803"", ""  60.528""], ["" 130.061"", "" 124.722"", ""  62.508""], ["" 129.555"", "" 123.964"", ""  61.412""], ["" 131.084"", "" 124.111"", ""  63.289""], ["" 129.959"", "" 122.746"", ""  61.059""], ["" 131.506"", "" 122.829"", ""  62.906""], ["" 130.946"", "" 122.179"", ""  61.800""], ["" 129.694"", "" 126.933"", ""  63.546""], ["" 129.126"", "" 127.049"", ""  64.373""], ["" 130.499"", "" 127.538"", ""  63.460""], ["" 131.742"", "" 124.766"", ""  64.510""], ["" 131.990"", "" 126.066"", ""  64.335""], ["" 130.940"", "" 124.652"", ""  65.568""], ["" 132.904"", "" 124.169"", ""  64.772""], ["" 131.384"", "" 120.808"", ""  61.374""], ["" 130.484"", "" 119.730"", ""  61.386""], ["" 132.704"", "" 120.561"", ""  60.959""], ["" 130.885"", "" 118.455"", ""  60.995""], ["" 133.109"", "" 119.289"", ""  60.566""], ["" 132.196"", "" 118.239"", ""  60.585""], ["" 124.185"", "" 132.908"", ""  62.616""], ["" 122.997"", "" 132.924"", ""  62.952""], ["" 124.860"", "" 134.009"", ""  62.197""], ["" 124.204"", "" 135.034"", ""  61.463""]]",[],4cb_Grossjean_2025
85,14280,4cc_Grossjean_2025,receptor_tmp,1,13,-7.44,-0.21882352941176472,0.0,0.0,16,186.1,-9.23,-8.86,-0.37,-9.23,0.0,-0.56,1.79,-0.56,51,8,0.0,0.0,0.0,9.82875,8.19536,4.934715,0.81781598,-0.36306027,0.44650226,256.434143,"319.315125, 241.577972, 150.835831, 136.085037, 116.482254, 179.072174, ","[["" 127.453"", "" 127.761"", ""  60.548""], ["" 127.750"", "" 127.333"", ""  61.664""], ["" 127.327"", "" 127.888"", ""  62.825""], ["" 127.695"", "" 127.484"", ""  63.673""], ["" 128.613"", "" 126.156"", ""  61.807""], ["" 129.693"", "" 125.963"", ""  62.683""], ["" 128.353"", "" 124.737"", ""  60.795""], ["" 130.336"", "" 124.678"", ""  62.553""], ["" 129.692"", "" 123.901"", ""  61.545""], ["" 131.442"", "" 124.073"", ""  63.216""], ["" 130.036"", "" 122.669"", ""  61.177""], ["" 131.797"", "" 122.774"", ""  62.819""], ["" 131.097"", "" 122.105"", ""  61.810""], ["" 130.108"", "" 126.911"", ""  63.585""], ["" 130.392"", "" 126.667"", ""  64.523""], ["" 130.139"", "" 127.890"", ""  63.339""], ["" 132.256"", "" 124.750"", ""  64.324""], ["" 131.529"", "" 125.039"", ""  65.407""], ["" 133.245"", "" 123.945"", ""  64.712""], ["" 132.771"", "" 125.893"", ""  63.872""], ["" 131.459"", "" 120.714"", ""  61.377""], ["" 130.504"", "" 119.684"", ""  61.396""], ["" 132.760"", "" 120.400"", ""  60.949""], ["" 130.833"", "" 118.391"", ""  60.998""], ["" 133.093"", "" 119.108"", ""  60.549""], ["" 132.126"", "" 118.108"", ""  60.574""], ["" 126.467"", "" 128.984"", ""  63.027""], ["" 125.677"", "" 129.355"", ""  61.937""], ["" 126.394"", "" 129.723"", ""  64.217""], ["" 124.807"", "" 130.437"", ""  62.039""], ["" 125.523"", "" 130.805"", ""  64.313""], ["" 124.719"", "" 131.170"", ""  63.222""], ["" 123.830"", "" 132.227"", ""  63.228""], ["" 124.054"", "" 133.329"", ""  62.355""]]",[],4cc_Grossjean_2025
86,14566,4cd_Grossjean_2025,receptor_tmp,1,10,-7.55,-0.2359375,0.0,0.0,16,185.73,-9.04,-8.72,-0.32,-9.04,0.0,-0.59,1.49,-0.59,45,6,0.0,0.0,0.0,10.093239,7.649567,4.634529,0.59003523,-0.35996142,-0.72269371,68.270279,"40.079784, 138.97731, 169.153931, 3.291231, 278.985291, ","[["" 128.591"", "" 126.129"", ""  61.866""], ["" 129.684"", "" 125.931"", ""  62.725""], ["" 130.323"", "" 124.646"", ""  62.580""], ["" 131.431"", "" 124.034"", ""  63.232""], ["" 131.780"", "" 122.736"", ""  62.825""], ["" 131.065"", "" 122.072"", ""  61.824""], ["" 130.014"", "" 122.651"", ""  61.187""], ["" 129.673"", "" 123.880"", ""  61.569""], ["" 128.329"", "" 124.723"", ""  60.837""], ["" 127.711"", "" 127.297"", ""  61.761""], ["" 127.351"", "" 127.715"", ""  60.660""], ["" 127.337"", "" 127.850"", ""  62.940""], ["" 127.650"", "" 127.374"", ""  63.774""], ["" 126.553"", "" 128.993"", ""  63.186""], ["" 126.756"", "" 129.621"", ""  64.418""], ["" 125.633"", "" 129.535"", ""  62.272""], ["" 126.037"", "" 130.766"", ""  64.749""], ["" 124.916"", "" 130.682"", ""  62.607""], ["" 125.119"", "" 131.290"", ""  63.843""], ["" 130.111"", "" 126.873"", ""  63.627""], ["" 129.763"", "" 127.821"", ""  63.614""], ["" 130.790"", "" 126.648"", ""  64.341""], ["" 132.256"", "" 124.702"", ""  64.339""], ["" 133.284"", "" 123.956"", ""  64.749""], ["" 132.752"", "" 125.858"", ""  63.897""], ["" 131.483"", "" 124.932"", ""  65.400""], ["" 131.424"", "" 120.686"", ""  61.374""], ["" 132.726"", "" 120.384"", ""  60.943""], ["" 130.473"", "" 119.650"", ""  61.377""], ["" 133.066"", "" 119.100"", ""  60.525""], ["" 130.808"", "" 118.366"", ""  60.957""], ["" 132.104"", "" 118.096"", ""  60.533""]]",[],4cd_Grossjean_2025
87,4609,4ce_Grossjean_2025,receptor_tmp,1,5,-7.73,-0.23424242424242425,0.0,0.0,15,185.99,-9.22,-8.92,-0.3,-9.22,0.0,-0.51,1.49,-0.51,47,7,0.0,0.0,0.0,9.983175,7.85572,4.608573,-0.59607995,0.35898184,0.71820661,291.794861,"359.044281, 133.024368, 167.583588, 240.566345, 153.110687, ","[["" 128.573"", "" 126.103"", ""  61.893""], ["" 129.681"", "" 125.921"", ""  62.738""], ["" 130.330"", "" 124.641"", ""  62.590""], ["" 131.459"", "" 124.046"", ""  63.223""], ["" 131.820"", "" 122.753"", ""  62.811""], ["" 131.100"", "" 122.080"", ""  61.818""], ["" 130.012"", "" 122.632"", ""  61.219""], ["" 129.666"", "" 123.859"", ""  61.600""], ["" 128.298"", "" 124.682"", ""  60.888""], ["" 127.712"", "" 127.279"", ""  61.756""], ["" 127.378"", "" 127.692"", ""  60.644""], ["" 127.326"", "" 127.858"", ""  62.922""], ["" 127.711"", "" 127.466"", ""  63.768""], ["" 126.496"", "" 128.976"", ""  63.116""], ["" 125.739"", "" 129.498"", ""  62.107""], ["" 126.458"", "" 129.505"", ""  64.412""], ["" 124.942"", "" 130.563"", ""  62.377""], ["" 125.634"", "" 130.601"", ""  64.674""], ["" 124.861"", "" 131.143"", ""  63.646""], ["" 124.127"", "" 131.090"", ""  61.211""], ["" 130.112"", "" 126.873"", ""  63.625""], ["" 129.777"", "" 127.826"", ""  63.592""], ["" 130.785"", "" 126.653"", ""  64.346""], ["" 132.293"", "" 124.727"", ""  64.314""], ["" 131.583"", "" 125.032"", ""  65.402""], ["" 133.282"", "" 123.918"", ""  64.696""], ["" 132.810"", "" 125.861"", ""  63.844""], ["" 131.467"", "" 120.698"", ""  61.363""], ["" 130.517"", "" 119.663"", ""  61.378""], ["" 132.766"", "" 120.399"", ""  60.920""], ["" 130.853"", "" 118.377"", ""  60.964""], ["" 133.104"", "" 119.114"", ""  60.503""], ["" 132.145"", "" 118.108"", ""  60.526""]]",[],4ce_Grossjean_2025
88,4283,4cf_Grossjean_2025,receptor_tmp,1,10,-7.51,-0.2346875,0.0,0.0,13,185.82,-9.0,-8.67,-0.33,-9.0,0.0,-0.59,1.49,-0.59,51,12,0.0,0.0,0.0,9.856939,7.803819,4.700284,-0.60662606,0.36859332,0.70437474,291.247131,"327.342163, 154.107574, 144.936676, 132.714935, 277.209778, ","[["" 128.333"", "" 126.271"", ""  61.940""], ["" 129.406"", "" 126.077"", ""  62.825""], ["" 130.072"", "" 124.807"", ""  62.673""], ["" 131.176"", "" 124.203"", ""  63.342""], ["" 131.554"", "" 122.917"", ""  62.926""], ["" 130.873"", "" 122.255"", ""  61.900""], ["" 129.830"", "" 122.828"", ""  61.244""], ["" 129.461"", "" 124.046"", ""  61.634""], ["" 128.121"", "" 124.879"", ""  60.882""], ["" 127.423"", "" 127.417"", ""  61.844""], ["" 126.898"", "" 127.712"", ""  60.770""], ["" 127.211"", "" 128.088"", ""  63.002""], ["" 127.661"", "" 127.710"", ""  63.824""], ["" 126.446"", "" 129.245"", ""  63.242""], ["" 125.656"", "" 129.253"", ""  64.397""], ["" 126.430"", "" 130.397"", ""  62.431""], ["" 124.875"", "" 130.303"", ""  64.762""], ["" 125.633"", "" 131.485"", ""  62.794""], ["" 124.872"", "" 131.398"", ""  63.960""], ["" 129.792"", "" 127.009"", ""  63.755""], ["" 129.736"", "" 128.001"", ""  63.572""], ["" 130.146"", "" 126.732"", ""  64.661""], ["" 131.963"", "" 124.869"", ""  64.477""], ["" 132.305"", "" 126.131"", ""  64.208""], ["" 131.228"", "" 124.883"", ""  65.588""], ["" 133.089"", "" 124.191"", ""  64.703""], ["" 131.261"", "" 120.879"", ""  61.444""], ["" 132.567"", "" 120.611"", ""  61.006""], ["" 130.335"", "" 119.821"", ""  61.448""], ["" 132.936"", "" 119.337"", ""  60.581""], ["" 130.699"", "" 118.546"", ""  61.024""], ["" 132.000"", "" 118.309"", ""  60.592""]]",[],4cf_Grossjean_2025
89,4577,4cg_Grossjean_2025,receptor_tmp,1,8,-7.21,-0.21848484848484848,0.0,0.0,9,186.16,-9.0,-8.76,-0.25,-9.0,0.0,-0.57,1.79,-0.57,63,7,0.0,0.0,0.0,10.184429,7.960409,4.268646,0.6730498,-0.37254306,-0.63891755,69.375748,"223.887314, 144.789474, 140.642288, 247.671951, 256.20343, 146.742035, ","[["" 128.352"", "" 126.029"", ""  61.740""], ["" 129.385"", "" 125.907"", ""  62.680""], ["" 130.136"", "" 124.680"", ""  62.571""], ["" 131.228"", "" 124.140"", ""  63.310""], ["" 131.723"", "" 122.891"", ""  62.904""], ["" 131.169"", "" 122.207"", ""  61.815""], ["" 130.118"", "" 122.707"", ""  61.115""], ["" 129.642"", "" 123.890"", ""  61.491""], ["" 128.297"", "" 124.637"", ""  60.662""], ["" 127.428"", "" 127.145"", ""  61.540""], ["" 126.997"", "" 127.430"", ""  60.420""], ["" 127.114"", "" 127.859"", ""  62.642""], ["" 127.445"", "" 127.524"", ""  63.535""], ["" 126.198"", "" 128.997"", ""  62.682""], ["" 126.687"", "" 130.138"", ""  63.566""], ["" 127.023"", "" 129.888"", ""  64.899""], ["" 126.854"", "" 131.418"", ""  63.030""], ["" 127.500"", "" 130.922"", ""  65.702""], ["" 127.329"", "" 132.451"", ""  63.833""], ["" 127.648"", "" 132.199"", ""  65.166""], ["" 129.655"", "" 126.861"", ""  63.627""], ["" 129.014"", "" 127.062"", ""  64.382""], ["" 130.514"", "" 127.393"", ""  63.607""], ["" 131.882"", "" 124.834"", ""  64.510""], ["" 131.145"", "" 124.764"", ""  65.621""], ["" 133.058"", "" 124.265"", ""  64.775""], ["" 132.069"", "" 126.124"", ""  64.237""], ["" 131.683"", "" 120.868"", ""  61.367""], ["" 130.833"", "" 119.751"", ""  61.311""], ["" 133.028"", "" 120.692"", ""  60.996""], ["" 131.304"", "" 118.509"", ""  60.897""], ["" 133.503"", "" 119.451"", ""  60.581""], ["" 132.639"", "" 118.363"", ""  60.533""]]",[],4cg_Grossjean_2025
90,14560,4ch_Grossjean_2025,receptor_tmp,1,19,-7.08,-0.18153846153846154,0.0,0.0,17,187.5,-9.76,-9.33,-0.43,-9.76,0.0,-1.16,2.68,-1.16,58,9,0.0,0.0,0.0,8.523636,8.058318,4.94318,0.01331238,0.07005072,-0.9974546,163.097443,"133.971649, 343.561584, 157.463913, 129.78334, 43.326229, 39.557098, 156.639404, 79.599709, 223.831787, ","[["" 127.020"", "" 127.610"", ""  60.896""], ["" 127.487"", "" 127.225"", ""  61.970""], ["" 127.206"", "" 127.831"", ""  63.142""], ["" 127.581"", "" 127.429"", ""  63.989""], ["" 128.414"", "" 126.094"", ""  62.038""], ["" 129.615"", "" 125.989"", ""  62.756""], ["" 128.104"", "" 124.641"", ""  61.093""], ["" 130.296"", "" 124.729"", ""  62.582""], ["" 129.568"", "" 123.893"", ""  61.684""], ["" 131.502"", "" 124.193"", ""  63.118""], ["" 129.923"", "" 122.667"", ""  61.306""], ["" 131.867"", "" 122.900"", ""  62.711""], ["" 131.081"", "" 122.170"", ""  61.814""], ["" 130.098"", "" 126.990"", ""  63.561""], ["" 130.122"", "" 127.954"", ""  63.259""], ["" 130.442"", "" 126.795"", ""  64.491""], ["" 132.409"", "" 124.937"", ""  64.104""], ["" 133.263"", "" 124.132"", ""  64.740""], ["" 133.129"", "" 125.850"", ""  63.455""], ["" 131.667"", "" 125.542"", ""  65.032""], ["" 131.450"", "" 120.783"", ""  61.373""], ["" 130.502"", "" 119.746"", ""  61.393""], ["" 132.751"", "" 120.479"", ""  60.936""], ["" 130.838"", "" 118.457"", ""  60.986""], ["" 133.090"", "" 119.192"", ""  60.526""], ["" 132.131"", "" 118.186"", ""  60.553""], ["" 126.312"", "" 128.977"", ""  63.315""], ["" 126.816"", "" 130.265"", ""  62.675""], ["" 125.907"", "" 131.201"", ""  62.177""], ["" 128.183"", "" 130.537"", ""  62.621""], ["" 126.353"", "" 132.404"", ""  61.607""], ["" 128.657"", "" 131.734"", ""  62.058""], ["" 127.731"", "" 132.656"", ""  61.548""], ["" 125.511"", "" 133.374"", ""  61.094""], ["" 124.327"", "" 133.718"", ""  61.806""], ["" 129.996"", "" 132.067"", ""  61.970""], ["" 130.945"", "" 131.065"", ""  61.623""], ["" 128.180"", "" 133.837"", ""  61.009""], ["" 127.817"", "" 134.990"", ""  61.756""]]",[],4ch_Grossjean_2025
91,14574,4ci_Grossjean_2025,receptor_tmp,1,19,-7.11,-0.22935483870967743,0.0,0.0,14,186.16,-8.6,-8.17,-0.43,-8.6,0.0,-0.53,1.49,-0.53,52,14,0.0,0.0,0.0,10.089116,7.570462,4.864407,-0.58131385,0.29199474,0.75948225,295.526062,"138.228271, 137.906815, 92.303452, 221.437943, 337.327087, ","[["" 128.316"", "" 126.137"", ""  62.094""], ["" 129.520"", "" 126.029"", ""  62.809""], ["" 130.203"", "" 124.771"", ""  62.625""], ["" 131.414"", "" 124.238"", ""  63.151""], ["" 131.781"", "" 122.947"", ""  62.737""], ["" 130.993"", "" 122.218"", ""  61.841""], ["" 129.830"", "" 122.713"", ""  61.344""], ["" 129.472"", "" 123.936"", ""  61.730""], ["" 128.000"", "" 124.681"", ""  61.154""], ["" 127.382"", "" 127.266"", ""  62.044""], ["" 126.841"", "" 127.588"", ""  60.984""], ["" 127.183"", "" 127.911"", ""  63.221""], ["" 127.686"", "" 127.567"", ""  64.025""], ["" 126.361"", "" 129.006"", ""  63.457""], ["" 125.586"", "" 129.181"", ""  64.514""], ["" 126.254"", "" 130.083"", ""  62.578""], ["" 124.941"", "" 130.406"", ""  64.343""], ["" 125.355"", "" 130.940"", ""  63.169""], ["" 130.007"", "" 127.024"", ""  63.616""], ["" 130.594"", "" 127.765"", ""  63.257""], ["" 129.788"", "" 127.056"", ""  64.602""], ["" 132.326"", "" 124.980"", ""  64.135""], ["" 131.651"", "" 125.642"", ""  65.077""], ["" 133.123"", "" 124.109"", ""  64.753""], ["" 133.071"", "" 125.869"", ""  63.477""], ["" 131.366"", "" 120.835"", ""  61.391""], ["" 132.669"", "" 120.548"", ""  60.949""], ["" 130.426"", "" 119.789"", ""  61.392""], ["" 133.022"", "" 119.267"", ""  60.531""], ["" 130.775"", "" 118.507"", ""  60.977""], ["" 132.072"", "" 118.251"", ""  60.549""]]",[],4ci_Grossjean_2025
92,4617,4cj_Grossjean_2025,receptor_tmp,1,15,-7.01,-0.22612903225806452,0.0,0.0,14,186.18,-8.5,-8.22,-0.28,-8.5,0.0,-0.42,1.49,-0.42,46,9,0.0,0.0,0.0,10.203464,7.538718,4.809619,-0.58845244,0.31045933,0.74655123,293.573669,"358.910248, 136.699631, 348.463013, 232.331284, 334.613098, ","[["" 128.469"", "" 126.124"", ""  62.028""], ["" 129.638"", "" 125.978"", ""  62.792""], ["" 130.296"", "" 124.705"", ""  62.625""], ["" 131.471"", "" 124.135"", ""  63.195""], ["" 131.825"", "" 122.842"", ""  62.779""], ["" 131.057"", "" 122.144"", ""  61.840""], ["" 129.926"", "" 122.671"", ""  61.306""], ["" 129.582"", "" 123.897"", ""  61.692""], ["" 128.152"", "" 124.683"", ""  61.065""], ["" 127.568"", "" 127.277"", ""  61.949""], ["" 127.099"", "" 127.638"", ""  60.866""], ["" 127.311"", "" 127.898"", ""  63.127""], ["" 127.761"", "" 127.530"", ""  63.952""], ["" 126.497"", "" 129.004"", ""  63.326""], ["" 125.787"", "" 129.655"", ""  62.429""], ["" 126.378"", "" 129.621"", ""  64.943""], ["" 125.126"", "" 130.660"", ""  62.970""], ["" 125.294"", "" 130.840"", ""  64.340""], ["" 130.119"", "" 126.956"", ""  63.624""], ["" 130.860"", "" 126.777"", ""  64.288""], ["" 129.750"", "" 127.897"", ""  63.597""], ["" 132.359"", "" 124.845"", ""  64.224""], ["" 131.675"", "" 125.323"", ""  65.265""], ["" 133.266"", "" 123.991"", ""  64.699""], ["" 132.982"", "" 125.874"", ""  63.649""], ["" 131.423"", "" 120.764"", ""  61.374""], ["" 132.720"", "" 120.481"", ""  60.917""], ["" 130.480"", "" 119.722"", ""  61.371""], ["" 133.065"", "" 119.205"", ""  60.477""], ["" 130.819"", "" 118.446"", ""  60.932""], ["" 132.111"", "" 118.191"", ""  60.486""]]",[],4cj_Grossjean_2025
93,4364,4ck_Grossjean_2025,receptor_tmp,1,15,-6.02,-0.16722222222222222,0.0,0.0,3,184.98,-9.9,-9.58,-0.31,-9.9,0.0,-1.09,3.88,-1.09,54,9,0.0,0.0,0.0,6.933947,8.271574,5.677831,-0.51743489,0.74298665,0.42453737,189.007797,"326.379517, 137.698181, 94.139381, 133.822296, 73.176468, 166.118378, 235.219315, 20.103859, 358.736694, 189.462555, 285.742126, 69.90818, 68.180901, ","[["" 130.778"", "" 123.846"", ""  63.458""], ["" 131.434"", "" 125.028"", ""  63.901""], ["" 131.678"", "" 125.960"", ""  62.704""], ["" 130.777"", "" 127.113"", ""  62.712""], ["" 130.547"", "" 127.379"", ""  60.473""], ["" 130.291"", "" 127.744"", ""  61.623""], ["" 130.452"", "" 127.415"", ""  63.619""], ["" 129.424"", "" 128.893"", ""  61.883""], ["" 128.437"", "" 129.038"", ""  62.870""], ["" 129.497"", "" 130.310"", ""  60.839""], ["" 127.732"", "" 130.296"", ""  62.817""], ["" 128.218"", "" 131.091"", ""  61.738""], ["" 126.685"", "" 130.857"", ""  63.604""], ["" 127.776"", "" 132.302"", ""  61.408""], ["" 126.226"", "" 132.134"", ""  63.246""], ["" 126.779"", "" 132.829"", ""  62.166""], ["" 128.166"", "" 128.073"", ""  63.807""], ["" 127.878"", "" 128.305"", ""  64.747""], ["" 128.242"", "" 127.089"", ""  63.585""], ["" 126.037"", "" 130.153"", ""  64.802""], ["" 125.792"", "" 128.861"", ""  64.580""], ["" 126.842"", "" 130.231"", ""  65.861""], ["" 124.873"", "" 130.736"", ""  65.090""], ["" 126.291"", "" 134.189"", ""  61.756""], ["" 127.158"", "" 135.294"", ""  61.752""], ["" 124.957"", "" 134.395"", ""  61.362""], ["" 126.710"", "" 136.558"", ""  61.375""], ["" 124.505"", "" 135.657"", ""  60.985""], ["" 125.384"", "" 136.735"", ""  60.995""], ["" 131.436"", "" 123.192"", ""  62.382""], ["" 130.586"", "" 123.349"", ""  61.115""], ["" 130.067"", "" 122.079"", ""  60.742""], ["" 128.682"", "" 121.929"", ""  61.021""], ["" 128.108"", "" 123.284"", ""  61.452""], ["" 126.716"", "" 123.141"", ""  61.699""], ["" 126.008"", "" 124.370"", ""  61.668""]]",[],4ck_Grossjean_2025
94,4848,4dd_Grossjean_2025,receptor_tmp,1,17,-7.87,-0.2713793103448276,0.0,0.0,18,185.66,-9.07,-8.8,-0.27,-9.07,0.0,-0.58,1.19,-0.58,42,7,0.0,0.0,0.0,9.775749,7.591103,4.416956,-0.5798792,0.33225034,0.74387487,293.58374,"47.36747, 142.40892, 168.712112, 282.820831, ","[["" 128.593"", "" 126.069"", ""  61.940""], ["" 129.727"", "" 125.888"", ""  62.746""], ["" 130.367"", "" 124.610"", ""  62.577""], ["" 131.508"", "" 124.024"", ""  63.181""], ["" 132.366"", "" 124.715"", ""  64.231""], ["" 131.865"", "" 122.729"", ""  62.786""], ["" 131.117"", "" 122.039"", ""  61.824""], ["" 130.027"", "" 122.594"", ""  61.227""], ["" 129.683"", "" 123.824"", ""  61.607""], ["" 128.294"", "" 124.649"", ""  60.935""], ["" 127.700"", "" 127.228"", ""  61.869""], ["" 127.234"", "" 127.596"", ""  60.790""], ["" 127.437"", "" 127.831"", ""  63.054""], ["" 127.830"", "" 127.391"", ""  63.873""], ["" 126.674"", "" 128.981"", ""  63.324""], ["" 127.095"", "" 129.753"", ""  64.411""], ["" 125.570"", "" 129.401"", ""  62.563""], ["" 126.414"", "" 130.919"", ""  64.751""], ["" 124.891"", "" 130.567"", ""  62.905""], ["" 125.314"", "" 131.319"", ""  63.998""], ["" 130.198"", "" 126.832"", ""  63.625""], ["" 129.852"", "" 127.781"", ""  63.624""], ["" 130.907"", "" 126.605"", ""  64.307""], ["" 131.478"", "" 120.653"", ""  61.377""], ["" 132.783"", "" 120.351"", ""  60.955""], ["" 130.527"", "" 119.618"", ""  61.372""], ["" 133.126"", "" 119.066"", ""  60.542""], ["" 130.865"", "" 118.332"", ""  60.958""], ["" 132.165"", "" 118.062"", ""  60.543""]]",[],4dd_Grossjean_2025
95,4606,4dg_Grossjean_2025,receptor_tmp,1,7,-7.85,-0.26166666666666666,0.0,0.0,14,186.01,-9.34,-9.18,-0.16,-9.34,0.0,-0.55,1.49,-0.55,53,7,0.0,0.0,0.0,10.229424,7.837115,4.298531,0.52299999,-0.20655147,-0.82692654,65.409081,"162.499237, 8.638918, 167.663147, 133.863327, 340.102814, ","[["" 128.928"", "" 125.995"", ""  62.257""], ["" 130.192"", "" 125.823"", ""  62.842""], ["" 130.768"", "" 124.526"", ""  62.609""], ["" 131.989"", "" 123.931"", ""  63.019""], ["" 133.025"", "" 124.629"", ""  63.887""], ["" 132.252"", "" 122.621"", ""  62.601""], ["" 131.339"", "" 121.925"", ""  61.800""], ["" 130.158"", "" 122.477"", ""  61.411""], ["" 129.906"", "" 123.724"", ""  61.807""], ["" 128.430"", "" 124.554"", ""  61.372""], ["" 128.080"", "" 127.186"", ""  62.260""], ["" 127.037"", "" 127.232"", ""  61.605""], ["" 128.531"", "" 128.229"", ""  62.986""], ["" 129.351"", "" 128.092"", ""  63.558""], ["" 127.840"", "" 129.508"", ""  63.151""], ["" 126.816"", "" 129.502"", ""  64.280""], ["" 125.459"", "" 129.662"", ""  63.987""], ["" 127.226"", "" 129.275"", ""  65.597""], ["" 124.518"", "" 129.626"", ""  65.012""], ["" 126.285"", "" 129.240"", ""  66.622""], ["" 124.935"", "" 129.418"", ""  66.325""], ["" 130.830"", "" 126.789"", ""  63.578""], ["" 130.892"", "" 127.746"", ""  63.264""], ["" 131.257"", "" 126.572"", ""  64.468""], ["" 131.592"", "" 120.517"", ""  61.338""], ["" 132.855"", "" 120.133"", ""  60.859""], ["" 130.574"", "" 119.548"", ""  61.362""], ["" 133.094"", "" 118.831"", ""  60.425""], ["" 130.808"", "" 118.245"", ""  60.931""], ["" 132.071"", "" 117.891"", ""  60.465""]]",[],4dg_Grossjean_2025
96,4326,4dj_Grossjean_2025,receptor_tmp,1,10,-7.37,-0.26321428571428573,0.0,0.0,17,186.09,-8.56,-8.32,-0.23,-8.56,0.0,-0.42,1.19,-0.42,40,8,0.0,0.0,0.0,9.951341,7.430681,4.559774,-0.57147919,0.30237294,0.76287754,293.623383,"10.298381, 135.259674, 335.45166, 335.098602, ","[["" 128.576"", "" 126.059"", ""  62.038""], ["" 129.759"", "" 125.896"", ""  62.775""], ["" 130.391"", "" 124.618"", ""  62.590""], ["" 131.570"", "" 124.044"", ""  63.133""], ["" 132.481"", "" 124.751"", ""  64.126""], ["" 131.910"", "" 122.746"", ""  62.733""], ["" 131.115"", "" 122.042"", ""  61.821""], ["" 129.976"", "" 122.575"", ""  61.300""], ["" 129.651"", "" 123.811"", ""  61.679""], ["" 128.219"", "" 124.619"", ""  61.081""], ["" 127.690"", "" 127.222"", ""  61.981""], ["" 127.232"", "" 127.614"", ""  60.904""], ["" 127.431"", "" 127.818"", ""  63.171""], ["" 127.865"", "" 127.420"", ""  63.992""], ["" 126.631"", "" 128.930"", ""  63.392""], ["" 125.800"", "" 129.507"", ""  62.551""], ["" 126.716"", "" 129.668"", ""  64.959""], ["" 125.200"", "" 130.546"", ""  63.098""], ["" 125.542"", "" 130.831"", ""  64.416""], ["" 130.279"", "" 126.857"", ""  63.605""], ["" 130.885"", "" 126.625"", ""  64.377""], ["" 130.071"", "" 127.837"", ""  63.467""], ["" 131.452"", "" 120.647"", ""  61.378""], ["" 132.746"", "" 120.325"", ""  60.936""], ["" 130.485"", "" 119.626"", ""  61.385""], ["" 133.065"", "" 119.034"", ""  60.524""], ["" 130.799"", "" 118.334"", ""  60.973""], ["" 132.089"", "" 118.042"", ""  60.544""]]",[],4dj_Grossjean_2025
97,4448,4ea_Grossjean_2025,receptor_tmp,1,1,-7.02,-0.2064705882352941,0.0,0.0,2,186.11,-9.11,-8.98,-0.14,-9.11,0.0,-0.85,2.09,-0.85,44,8,0.0,0.0,0.0,8.443185,9.301885,5.828488,-0.81418865,0.31136878,0.49004728,240.741577,"68.413353, 153.619568, 155.661407, 156.120636, 66.298096, 73.82589, 155.653, ","[["" 126.313"", "" 129.229"", ""  62.324""], ["" 126.105"", "" 129.925"", ""  61.133""], ["" 125.427"", "" 131.140"", ""  61.135""], ["" 124.942"", "" 131.684"", ""  62.331""], ["" 125.153"", "" 130.982"", ""  63.527""], ["" 125.831"", "" 129.766"", ""  63.528""], ["" 127.011"", "" 128.012"", ""  62.201""], ["" 126.652"", "" 127.385"", ""  60.030""], ["" 127.152"", "" 127.183"", ""  61.137""], ["" 127.477"", "" 127.720"", ""  63.048""], ["" 127.962"", "" 125.987"", ""  61.381""], ["" 128.963"", "" 125.791"", ""  62.346""], ["" 127.740"", "" 124.541"", ""  60.393""], ["" 129.564"", "" 124.483"", ""  62.309""], ["" 128.983"", "" 123.686"", ""  61.276""], ["" 130.588"", "" 123.872"", ""  63.083""], ["" 129.319"", "" 122.429"", ""  60.982""], ["" 130.943"", "" 122.553"", ""  62.779""], ["" 130.299"", "" 121.881"", ""  61.743""], ["" 130.666"", "" 120.451"", ""  61.392""], ["" 129.347"", "" 126.747"", ""  63.251""], ["" 130.256"", "" 127.185"", ""  63.211""], ["" 128.729"", "" 127.047"", ""  63.994""], ["" 131.282"", "" 124.573"", ""  64.187""], ["" 130.568"", "" 124.984"", ""  65.318""], ["" 132.653"", "" 124.833"", ""  64.103""], ["" 131.220"", "" 125.641"", ""  66.357""], ["" 133.307"", "" 125.490"", ""  65.141""], ["" 132.587"", "" 125.891"", ""  66.264""], ["" 124.214"", "" 132.997"", ""  62.296""], ["" 123.399"", "" 133.345"", ""  63.156""], ["" 124.543"", "" 133.764"", ""  61.225""], ["" 125.367"", "" 134.913"", ""  61.369""], ["" 124.550"", "" 136.169"", ""  61.054""]]",[],4ea_Grossjean_2025
98,14070,4eb_Grossjean_2025,receptor_tmp,1,11,-6.72,-0.20363636363636362,0.0,0.0,2,186.25,-8.51,-8.32,-0.19,-8.51,0.0,-0.74,1.79,-0.74,43,8,0.0,0.0,0.0,9.178107,9.471806,5.914283,-0.69430509,0.25150175,0.67430506,258.38147,"85.662247, 155.025436, 149.680435, 190.509827, 350.38559, 111.704353, ","[["" 126.550"", "" 129.455"", ""  62.534""], ["" 125.829"", "" 129.866"", ""  61.412""], ["" 125.127"", "" 131.068"", ""  61.426""], ["" 125.133"", "" 131.883"", ""  62.565""], ["" 125.859"", "" 131.466"", ""  63.692""], ["" 126.561"", "" 130.265"", ""  63.680""], ["" 127.221"", "" 128.223"", ""  62.406""], ["" 127.059"", "" 127.734"", ""  60.177""], ["" 127.441"", "" 127.452"", ""  61.313""], ["" 127.593"", "" 127.867"", ""  63.274""], ["" 128.188"", "" 126.216"", ""  61.560""], ["" 129.167"", "" 125.966"", ""  62.534""], ["" 127.904"", "" 124.788"", ""  60.563""], ["" 129.703"", "" 124.630"", ""  62.497""], ["" 129.094"", "" 123.868"", ""  61.455""], ["" 130.686"", "" 123.965"", ""  63.279""], ["" 129.370"", "" 122.597"", ""  61.159""], ["" 130.979"", "" 122.631"", ""  62.972""], ["" 130.312"", "" 121.998"", ""  61.926""], ["" 130.610"", "" 120.552"", ""  61.572""], ["" 129.589"", "" 126.899"", ""  63.448""], ["" 130.402"", "" 127.475"", ""  63.282""], ["" 129.099"", "" 127.041"", ""  64.321""], ["" 131.403"", "" 124.626"", ""  64.394""], ["" 130.704"", "" 125.040"", ""  65.532""], ["" 132.782"", "" 124.843"", ""  64.312""], ["" 131.377"", "" 125.660"", ""  66.581""], ["" 133.457"", "" 125.462"", ""  65.360""], ["" 132.752"", "" 125.868"", ""  66.491""], ["" 124.365"", "" 133.174"", ""  62.546""], ["" 123.354"", "" 133.371"", ""  63.225""], ["" 124.894"", "" 134.101"", ""  61.706""], ["" 124.194"", "" 135.299"", ""  61.405""]]",[],4eb_Grossjean_2025
99,4933,8a_Ghoteimi_2023,receptor_tmp,2,17,-5.08,-0.11813953488372093,0.0,0.0,7,186.87,-8.06,-7.23,-0.83,-8.06,0.0,-1.36,2.98,-1.36,88,12,0.0,0.0,0.0,10.378101,8.096335,8.007783,0.42179498,0.78021997,0.46189371,221.947281,"13.513122, 342.759583, 278.246735, 162.710159, 136.286804, 350.790375, 81.246414, 319.287201, 229.319031, 223.132614, ","[["" 129.248"", "" 126.995"", ""  69.501""], ["" 130.344"", "" 127.523"", ""  70.186""], ["" 130.194"", "" 128.032"", ""  71.472""], ["" 128.943"", "" 128.023"", ""  72.102""], ["" 127.844"", "" 127.487"", ""  71.413""], ["" 127.992"", "" 126.977"", ""  70.126""], ["" 129.517"", "" 126.512"", ""  68.204""], ["" 129.372"", "" 127.113"", ""  66.998""], ["" 128.947"", "" 128.258"", ""  66.839""], ["" 129.886"", "" 125.573"", ""  68.184""], ["" 129.767"", "" 126.300"", ""  65.844""], ["" 130.115"", "" 125.405"", ""  62.184""], ["" 130.091"", "" 125.547"", ""  63.601""], ["" 130.752"", "" 124.278"", ""  61.653""], ["" 130.695"", "" 124.497"", ""  64.354""], ["" 129.586"", "" 126.573"", ""  64.478""], ["" 131.316"", "" 123.312"", ""  62.489""], ["" 130.592"", "" 124.760"", ""  66.079""], ["" 131.286"", "" 123.417"", ""  63.844""], ["" 129.503"", "" 126.385"", ""  61.251""], ["" 128.365"", "" 128.213"", ""  59.449""], ["" 129.733"", "" 128.247"", ""  59.722""], ["" 127.565"", "" 127.250"", ""  60.083""], ["" 130.299"", "" 127.339"", ""  60.613""], ["" 128.135"", "" 126.342"", ""  60.973""], ["" 127.892"", "" 129.151"", ""  58.552""], ["" 126.489"", "" 129.362"", ""  58.444""], ["" 128.996"", "" 127.721"", ""  64.008""], ["" 127.991"", "" 127.813"", ""  63.958""], ["" 129.544"", "" 128.511"", ""  63.701""], ["" 132.003"", "" 122.103"", ""  61.939""], ["" 131.268"", "" 120.998"", ""  61.484""], ["" 133.400"", "" 122.047"", ""  61.871""], ["" 131.913"", "" 119.871"", ""  60.984""], ["" 134.048"", "" 120.921"", ""  61.368""], ["" 133.304"", "" 119.819"", ""  60.922""], ["" 133.857"", "" 118.660"", ""  60.413""], ["" 133.055"", "" 117.487"", ""  60.331""], ["" 128.817"", "" 128.582"", ""  73.489""], ["" 128.152"", "" 128.045"", ""  74.380""], ["" 129.513"", "" 129.736"", ""  73.669""], ["" 129.395"", "" 130.814"", ""  72.750""], ["" 129.339"", "" 132.136"", ""  73.521""]]",[],8a_Ghoteimi_2023
100,14327,8b_Ghoteimi_2023,receptor_tmp,1,8,-5.21,-0.14081081081081082,0.0,0.0,5,184.37,-7.3,-7.11,-0.18,-7.3,0.0,-1.02,2.09,-1.02,43,6,0.0,0.0,0.0,11.109047,7.651098,3.557349,0.88499431,0.04684981,0.46323878,97.909927,"51.592751, 6.22379, 238.935364, 161.335388, 182.656555, 307.519318, 190.351196, ","[["" 129.062"", "" 125.426"", ""  60.255""], ["" 130.243"", "" 124.766"", ""  60.689""], ["" 131.253"", "" 125.589"", ""  61.265""], ["" 132.658"", "" 124.675"", ""  61.762""], ["" 131.931"", "" 123.166"", ""  61.208""], ["" 130.656"", "" 123.387"", ""  60.666""], ["" 131.178"", "" 126.910"", ""  61.428""], ["" 130.038"", "" 127.521"", ""  61.008""], ["" 128.984"", "" 126.812"", ""  60.422""], ["" 127.924"", "" 124.704"", ""  59.640""], ["" 125.779"", "" 123.323"", ""  58.479""], ["" 126.860"", "" 123.736"", ""  57.699""], ["" 125.778"", "" 123.610"", ""  59.852""], ["" 127.926"", "" 124.423"", ""  58.273""], ["" 126.845"", "" 124.297"", ""  60.426""], ["" 124.768"", "" 122.646"", ""  57.824""], ["" 123.423"", "" 123.083"", ""  57.984""], ["" 129.862"", "" 122.392"", ""  60.155""], ["" 129.542"", "" 122.414"", ""  59.197""], ["" 129.567"", "" 121.606"", ""  60.717""], ["" 129.981"", "" 129.003"", ""  61.198""], ["" 128.778"", "" 129.647"", ""  61.524""], ["" 131.133"", "" 129.787"", ""  61.054""], ["" 128.730"", "" 131.026"", ""  61.702""], ["" 131.089"", "" 131.167"", ""  61.232""], ["" 129.881"", "" 131.799"", ""  61.559""], ["" 129.739"", "" 133.159"", ""  61.756""], ["" 128.441"", "" 133.740"", ""  61.680""], ["" 132.659"", "" 121.902"", ""  61.339""], ["" 132.125"", "" 120.850"", ""  60.669""], ["" 133.686"", "" 121.835"", ""  62.020""], ["" 131.281"", "" 121.023"", ""  60.143""], ["" 132.601"", "" 119.547"", ""  60.623""], ["" 133.828"", "" 119.179"", ""  60.291""], ["" 131.815"", "" 118.438"", ""  60.931""], ["" 133.870"", "" 117.787"", ""  60.382""], ["" 132.647"", "" 117.353"", ""  60.770""]]",[],8b_Ghoteimi_2023
101,4303,8c_Ghoteimi_2023,receptor_tmp,1,4,-5.0,-0.13513513513513514,0.0,0.0,4,185.28,-7.09,-6.76,-0.33,-7.09,0.0,-0.69,2.09,-0.69,66,9,0.0,0.0,0.0,10.202282,7.704378,5.036322,-0.56603814,0.53996852,0.62292441,168.085297,"141.678741, 146.738525, 274.592743, 186.782852, 75.867989, 190.35936, 149.900818, ","[["" 130.496"", "" 124.499"", ""  63.283""], ["" 129.535"", "" 125.101"", ""  62.427""], ["" 129.122"", "" 124.334"", ""  61.299""], ["" 127.942"", "" 125.170"", ""  60.317""], ["" 127.970"", "" 126.569"", ""  61.391""], ["" 128.864"", "" 126.373"", ""  62.456""], ["" 129.559"", "" 123.113"", ""  60.989""], ["" 130.477"", "" 122.554"", ""  61.825""], ["" 130.956"", "" 123.219"", ""  62.957""], ["" 131.017"", "" 125.171"", ""  64.494""], ["" 132.004"", "" 126.430"", ""  66.796""], ["" 130.631"", "" 126.247"", ""  66.624""], ["" 132.885"", "" 125.979"", ""  65.802""], ["" 130.139"", "" 125.624"", ""  65.481""], ["" 132.392"", "" 125.354"", ""  64.659""], ["" 132.402"", "" 127.056"", ""  67.962""], ["" 131.627"", "" 128.137"", ""  68.470""], ["" 129.089"", "" 127.301"", ""  63.442""], ["" 129.765"", "" 128.043"", ""  63.322""], ["" 128.592"", "" 127.274"", ""  64.320""], ["" 130.954"", "" 121.186"", ""  61.451""], ["" 132.252"", "" 120.977"", ""  60.965""], ["" 130.108"", "" 120.076"", ""  61.581""], ["" 132.691"", "" 119.702"", ""  60.623""], ["" 130.544"", "" 118.799"", ""  61.241""], ["" 131.846"", "" 118.602"", ""  60.757""], ["" 132.367"", "" 117.374"", ""  60.396""], ["" 133.746"", "" 117.278"", ""  60.058""], ["" 127.131"", "" 127.736"", ""  61.108""], ["" 126.741"", "" 128.449"", ""  62.193""], ["" 126.822"", "" 128.023"", ""  59.949""], ["" 127.051"", "" 128.123"", ""  63.097""], ["" 125.947"", "" 129.587"", ""  62.202""], ["" 125.694"", "" 130.387"", ""  63.215""], ["" 125.183"", "" 130.031"", ""  60.711""], ["" 124.898"", "" 131.377"", ""  62.864""], ["" 124.485"", "" 131.394"", ""  61.536""]]",[],8c_Ghoteimi_2023
102,4472,8d_Ghoteimi_2023,receptor_tmp,2,20,-4.86,-0.151875,0.0,0.0,8,187.83,-6.95,-6.63,-0.32,-6.95,0.0,-1.2,2.09,-1.2,41,7,0.0,0.0,0.0,9.623067,11.620862,5.419668,0.83455527,0.34600414,-0.42871743,68.679962,"341.090149, 329.205444, 188.89534, 357.772186, 192.209671, 272.371185, 8.723877, ","[["" 128.388"", "" 128.841"", ""  63.041""], ["" 128.866"", "" 129.737"", ""  62.049""], ["" 130.017"", "" 129.323"", ""  61.319""], ["" 130.517"", "" 130.498"", ""  60.125""], ["" 129.193"", "" 131.576"", ""  60.574""], ["" 128.417"", "" 131.027"", ""  61.601""], ["" 130.672"", "" 128.175"", ""  61.494""], ["" 130.200"", "" 127.333"", ""  62.452""], ["" 129.074"", "" 127.635"", ""  63.223""], ["" 127.203"", "" 129.136"", ""  63.879""], ["" 124.961"", "" 129.710"", ""  65.461""], ["" 124.844"", "" 129.625"", ""  64.073""], ["" 126.216"", "" 129.502"", ""  66.056""], ["" 125.956"", "" 129.338"", ""  63.286""], ["" 127.327"", "" 129.216"", ""  65.267""], ["" 123.806"", "" 129.999"", ""  66.161""], ["" 123.743"", "" 129.704"", ""  67.551""], ["" 127.321"", "" 131.654"", ""  62.136""], ["" 126.860"", "" 131.299"", ""  62.962""], ["" 126.939"", "" 132.496"", ""  61.727""], ["" 130.950"", "" 126.050"", ""  62.625""], ["" 130.856"", "" 125.309"", ""  63.811""], ["" 131.768"", "" 125.558"", ""  61.599""], ["" 131.557"", "" 124.117"", ""  63.967""], ["" 132.472"", "" 124.366"", ""  61.752""], ["" 132.371"", "" 123.635"", ""  62.944""], ["" 133.028"", "" 122.444"", ""  63.186""], ["" 133.828"", "" 121.870"", ""  62.157""], ["" 129.027"", "" 132.870"", ""  59.877""], ["" 128.229"", "" 133.735"", ""  60.246""], ["" 129.841"", "" 132.997"", ""  58.797""], ["" 129.399"", "" 132.612"", ""  57.502""]]",[],8d_Ghoteimi_2023
103,14427,9a_Ghoteimi_2023,receptor_tmp,1,18,1.13,0.022156862745098038,0.0,0.0,9,186.74,-1.85,-1.32,-0.53,-1.85,0.0,-2.14,2.98,-2.14,114,7,0.0,0.0,0.0,10.665648,9.955945,7.27286,0.92032602,-0.38514222,-0.0683044,208.930634,"191.136459, 162.627121, 191.617645, 193.771439, 314.968353, 6.365227, 279.046967, 314.421448, 120.22818, 164.319656, ","[["" 132.126"", "" 122.554"", ""  62.076""], ["" 131.313"", "" 121.623"", ""  61.430""], ["" 131.869"", "" 120.504"", ""  60.818""], ["" 133.254"", "" 120.293"", ""  60.840""], ["" 134.070"", "" 121.230"", ""  61.493""], ["" 133.514"", "" 122.350"", ""  62.106""], ["" 131.454"", "" 123.647"", ""  62.658""], ["" 131.105"", "" 123.878"", ""  63.948""], ["" 131.343"", "" 123.106"", ""  64.878""], ["" 131.199"", "" 124.369"", ""  62.000""], ["" 130.409"", "" 125.145"", ""  64.191""], ["" 130.042"", "" 125.719"", ""  65.418""], ["" 129.375"", "" 126.991"", ""  65.295""], ["" 129.907"", "" 126.159"", ""  62.838""], ["" 128.856"", "" 127.913"", ""  66.248""], ["" 129.211"", "" 127.340"", ""  63.922""], ["" 128.201"", "" 129.051"", ""  65.765""], ["" 128.603"", "" 128.434"", ""  63.466""], ["" 128.085"", "" 129.284"", ""  64.393""], ["" 130.279"", "" 125.125"", ""  66.631""], ["" 130.885"", "" 124.321"", ""  66.722""], ["" 129.853"", "" 125.472"", ""  67.479""], ["" 128.983"", "" 127.733"", ""  67.717""], ["" 127.884"", "" 127.335"", ""  68.483""], ["" 130.212"", "" 127.929"", ""  68.349""], ["" 128.008"", "" 127.154"", ""  69.856""], ["" 130.337"", "" 127.743"", ""  69.722""], ["" 129.240"", "" 127.347"", ""  70.501""], ["" 129.386"", "" 127.181"", ""  71.880""], ["" 128.674"", "" 128.096"", ""  72.794""], ["" 130.683"", "" 126.801"", ""  72.475""], ["" 128.611"", "" 127.581"", ""  74.248""], ["" 130.568"", "" 126.320"", ""  73.938""], ["" 129.920"", "" 127.308"", ""  74.723""], ["" 127.398"", "" 130.499"", ""  63.858""], ["" 126.002"", "" 130.547"", ""  63.774""], ["" 128.124"", "" 131.615"", ""  63.426""], ["" 125.354"", "" 131.675"", ""  63.278""], ["" 127.477"", "" 132.744"", ""  62.933""], ["" 126.078"", "" 132.803"", ""  62.860""], ["" 125.441"", "" 133.936"", ""  62.343""], ["" 126.207"", "" 135.034"", ""  61.718""], ["" 124.134"", "" 133.799"", ""  61.667""], ["" 125.397"", "" 136.335"", ""  61.539""], ["" 123.383"", "" 135.135"", ""  61.496""], ["" 124.206"", "" 136.071"", ""  60.817""], ["" 133.822"", "" 119.076"", ""  60.169""], ["" 135.017"", "" 118.959"", ""  59.876""], ["" 132.894"", "" 118.116"", ""  59.923""], ["" 132.154"", "" 117.521"", ""  60.983""], ["" 130.669"", "" 117.485"", ""  60.610""]]",[],9a_Ghoteimi_2023
104,4595,9b_Ghoteimi_2023,receptor_tmp,1,20,-0.43,-0.009555555555555555,0.0,0.0,11,189.02,-2.52,-1.97,-0.55,-2.52,0.0,-1.9,2.09,-1.9,84,7,0.0,0.0,0.0,9.758244,10.214086,8.302289,-0.38279695,-0.60288069,0.70000097,137.683029,"356.341003, 288.343231, 23.152205, 105.622772, 315.527527, 76.356514, 318.785278, ","[["" 127.868"", "" 129.533"", ""  65.633""], ["" 127.491"", "" 130.209"", ""  64.462""], ["" 128.034"", "" 129.344"", ""  63.024""], ["" 128.742"", "" 128.078"", ""  63.998""], ["" 129.338"", "" 127.023"", ""  63.445""], ["" 129.841"", "" 126.086"", ""  64.290""], ["" 129.772"", "" 126.219"", ""  65.679""], ["" 129.165"", "" 127.336"", ""  66.264""], ["" 128.600"", "" 128.314"", ""  65.398""], ["" 127.554"", "" 129.973"", ""  66.894""], ["" 127.780"", "" 129.434"", ""  67.718""], ["" 127.085"", "" 130.856"", ""  67.042""], ["" 126.751"", "" 131.467"", ""  64.331""], ["" 126.077"", "" 131.627"", ""  63.165""], ["" 126.758"", "" 132.299"", ""  65.241""], ["" 126.150"", "" 130.883"", ""  62.487""], ["" 125.290"", "" 132.707"", ""  62.783""], ["" 124.093"", "" 133.004"", ""  63.261""], ["" 125.685"", "" 133.631"", ""  61.817""], ["" 123.671"", "" 134.157"", ""  62.599""], ["" 124.643"", "" 134.525"", ""  61.730""], ["" 129.144"", "" 127.445"", ""  67.745""], ["" 127.951"", "" 127.269"", ""  68.448""], ["" 130.320"", "" 127.687"", ""  68.456""], ["" 127.931"", "" 127.351"", ""  69.836""], ["" 130.300"", "" 127.769"", ""  69.846""], ["" 129.104"", "" 127.612"", ""  70.562""], ["" 129.110"", "" 127.683"", ""  71.957""], ["" 127.883"", "" 128.098"", ""  72.664""], ["" 129.834"", "" 126.691"", ""  72.776""], ["" 128.137"", "" 128.516"", ""  74.128""], ["" 130.038"", "" 127.139"", ""  74.239""], ["" 128.787"", "" 127.465"", ""  74.827""], ["" 130.485"", "" 124.902"", ""  63.643""], ["" 130.449"", "" 124.726"", ""  62.255""], ["" 131.139"", "" 123.936"", ""  64.416""], ["" 131.037"", "" 123.615"", ""  61.660""], ["" 131.724"", "" 122.822"", ""  63.820""], ["" 131.673"", "" 122.631"", ""  62.432""], ["" 132.272"", "" 121.509"", ""  61.848""], ["" 133.630"", "" 121.576"", ""  61.271""], ["" 131.445"", "" 120.563"", ""  61.070""], ["" 134.257"", "" 120.194"", ""  60.993""], ["" 132.138"", "" 119.212"", ""  60.792""], ["" 133.394"", "" 119.427"", ""  60.170""]]",[],9b_Ghoteimi_2023
105,4628,9c_Ghoteimi_2023,receptor_tmp,1,6,-0.38,-0.008444444444444445,0.0,0.0,1,188.13,-2.47,-1.93,-0.54,-2.47,0.0,-1.64,2.09,-1.64,77,4,0.0,0.0,0.0,10.915509,8.484376,6.636267,-0.77634112,0.08919731,0.6239698,236.10199,"340.710785, 62.621075, 41.610413, 154.576614, 356.489471, 271.031555, 38.145393, ","[["" 130.953"", "" 124.385"", ""  62.122""], ["" 131.839"", "" 123.322"", ""  62.354""], ["" 132.275"", "" 123.217"", ""  64.059""], ["" 131.257"", "" 124.581"", ""  64.451""], ["" 131.128"", "" 125.019"", ""  65.702""], ["" 130.298"", "" 126.076"", ""  65.903""], ["" 129.625"", "" 126.707"", ""  64.854""], ["" 129.776"", "" 126.264"", ""  63.535""], ["" 130.613"", "" 125.135"", ""  63.305""], ["" 130.435"", "" 124.682"", ""  60.886""], ["" 129.596"", "" 125.235"", ""  60.778""], ["" 130.876"", "" 124.354"", ""  60.039""], ["" 132.391"", "" 122.366"", ""  61.390""], ["" 132.416"", "" 121.074"", ""  61.801""], ["" 132.791"", "" 122.742"", ""  60.286""], ["" 132.072"", "" 120.876"", ""  62.730""], ["" 132.871"", "" 119.978"", ""  61.082""], ["" 134.082"", "" 119.762"", ""  60.617""], ["" 131.719"", "" 118.728"", ""  60.734""], ["" 134.156"", "" 118.613"", ""  59.973""], ["" 132.982"", "" 117.868"", ""  59.905""], ["" 129.065"", "" 126.987"", ""  62.451""], ["" 127.672"", "" 126.951"", ""  62.376""], ["" 129.775"", "" 127.742"", ""  61.516""], ["" 127.000"", "" 127.642"", ""  61.370""], ["" 129.104"", "" 128.433"", ""  60.511""], ["" 127.705"", "" 128.386"", ""  60.413""], ["" 127.051"", "" 129.097"", ""  59.401""], ["" 125.633"", "" 129.464"", ""  59.581""], ["" 127.738"", "" 130.158"", ""  58.640""], ["" 124.941"", "" 129.882"", ""  58.266""], ["" 126.993"", "" 130.565"", ""  57.349""], ["" 125.660"", "" 130.943"", ""  57.655""], ["" 130.154"", "" 126.533"", ""  67.319""], ["" 131.181"", "" 127.235"", ""  67.961""], ["" 128.984"", "" 126.269"", ""  68.038""], ["" 131.047"", "" 127.650"", ""  69.282""], ["" 128.850"", "" 126.680"", ""  69.361""], ["" 129.882"", "" 127.367"", ""  70.015""], ["" 129.729"", "" 127.783"", ""  71.343""], ["" 130.272"", "" 126.991"", ""  72.465""], ["" 128.475"", "" 128.445"", ""  71.760""], ["" 130.321"", "" 127.758"", ""  73.803""], ["" 128.575"", "" 129.166"", ""  73.121""], ["" 129.034"", "" 128.267"", ""  74.117""]]",[],9c_Ghoteimi_2023
106,4885,9d_Ghoteimi_2023,receptor_tmp,1,20,-3.23,-0.08075,0.0,0.0,2,190.63,-5.31,-4.89,-0.42,-5.31,0.0,-1.68,2.09,-1.68,80,5,0.0,0.0,0.0,10.741121,8.270986,6.582426,-0.77856762,-0.36167017,0.51286173,269.881836,"197.657257, 133.008041, 143.279846, 302.057373, 1.057814, 346.736176, 71.426994, ","[["" 132.294"", "" 124.766"", ""  61.529""], ["" 133.689"", "" 124.708"", ""  61.630""], ["" 134.231"", "" 125.118"", ""  63.258""], ["" 132.585"", "" 125.379"", ""  63.783""], ["" 132.303"", "" 125.775"", ""  65.023""], ["" 130.992"", "" 125.967"", ""  65.327""], ["" 129.970"", "" 125.730"", ""  64.404""], ["" 130.260"", "" 125.295"", ""  63.106""], ["" 131.629"", "" 125.128"", ""  62.754""], ["" 131.620"", "" 124.520"", ""  60.361""], ["" 132.050"", "" 124.024"", ""  59.593""], ["" 130.665"", "" 124.824"", ""  60.229""], ["" 134.682"", "" 124.374"", ""  60.586""], ["" 135.777"", "" 124.935"", ""  60.493""], ["" 134.261"", "" 123.388"", ""  59.751""], ["" 133.669"", "" 122.204"", ""  60.265""], ["" 129.134"", "" 125.032"", ""  62.172""], ["" 128.897"", "" 123.745"", ""  61.685""], ["" 128.277"", "" 126.067"", ""  61.796""], ["" 127.829"", "" 123.500"", ""  60.825""], ["" 127.208"", "" 125.822"", ""  60.938""], ["" 126.960"", "" 124.534"", ""  60.444""], ["" 125.888"", "" 124.316"", ""  59.576""], ["" 124.697"", "" 123.599"", ""  60.072""], ["" 126.103"", "" 123.983"", ""  58.154""], ["" 123.461"", "" 123.768"", ""  59.162""], ["" 124.833"", "" 124.147"", ""  57.292""], ["" 123.776"", "" 123.370"", ""  57.836""], ["" 130.701"", "" 126.436"", ""  66.717""], ["" 129.568"", "" 125.979"", ""  67.397""], ["" 131.543"", "" 127.345"", ""  67.368""], ["" 129.287"", "" 126.412"", ""  68.690""], ["" 131.264"", "" 127.775"", ""  68.663""], ["" 130.138"", "" 127.309"", ""  69.356""], ["" 129.859"", "" 127.766"", ""  70.649""], ["" 128.505"", "" 127.659"", ""  71.227""], ["" 130.872"", "" 127.607"", ""  71.714""], ["" 128.298"", "" 128.511"", ""  72.496""], ["" 130.593"", "" 128.460"", ""  72.970""], ["" 129.288"", "" 128.195"", ""  73.460""]]",[],9d_Ghoteimi_2023
107,4727,RR10_Rahimova_2017,receptor_tmp,1,3,-8.55,-0.23750000000000002,0.0,0.0,1,192.65,-10.05,-10.4,0.36,-10.05,0.0,-1.21,1.49,-1.21,47,4,0.0,0.0,0.0,10.457419,10.501154,17.241584,-0.60354334,-0.29117558,-0.74226155,198.880875,"7.815469, 9.754755, 6.529438, 67.450928, 32.529396, ","[["" 129.040"", "" 128.841"", ""  73.342""], ["" 129.086"", "" 130.278"", ""  72.970""], ["" 128.944"", "" 131.128"", ""  74.257""], ["" 127.601"", "" 130.818"", ""  74.967""], ["" 127.508"", "" 129.301"", ""  75.258""], ["" 127.767"", "" 128.439"", ""  74.001""], ["" 129.590"", "" 127.735"", ""  72.073""], ["" 130.886"", "" 128.215"", ""  71.579""], ["" 128.474"", "" 127.528"", ""  71.140""], ["" 129.901"", "" 126.181"", ""  72.911""], ["" 129.041"", "" 125.096"", ""  72.707""], ["" 130.999"", "" 126.076"", ""  73.772""], ["" 129.317"", "" 123.895"", ""  73.376""], ["" 131.298"", "" 124.892"", ""  74.454""], ["" 130.440"", "" 123.812"", ""  74.234""], ["" 128.641"", "" 122.704"", ""  73.334""], ["" 130.399"", "" 122.519"", ""  74.698""], ["" 129.308"", "" 121.897"", ""  74.128""], ["" 131.031"", "" 122.057"", ""  75.337""], ["" 128.937"", "" 120.465"", ""  74.389""], ["" 127.903"", "" 119.856"", ""  73.664""], ["" 129.622"", "" 119.719"", ""  75.357""], ["" 127.561"", "" 118.528"", ""  73.902""], ["" 129.280"", "" 118.390"", ""  75.597""], ["" 128.251"", "" 117.800"", ""  74.869""], ["" 128.993"", "" 132.625"", ""  73.885""], ["" 130.205"", "" 133.210"", ""  73.891""], ["" 127.955"", "" 133.232"", ""  73.612""], ["" 130.992"", "" 132.675"", ""  74.227""], ["" 130.467"", "" 134.627"", ""  73.607""], ["" 131.614"", "" 135.207"", ""  74.478""], ["" 130.830"", "" 134.831"", ""  72.114""], ["" 132.981"", "" 134.578"", ""  74.129""], ["" 132.197"", "" 134.204"", ""  71.756""], ["" 133.324"", "" 134.793"", ""  72.637""], ["" 134.700"", "" 134.208"", ""  72.274""]]",[],RR10_Rahimova_2017
108,4490,RR11_Rahimova_2017,receptor_tmp,1,19,-5.57,-0.14282051282051283,0.0,0.0,11,189.03,-7.36,-7.37,0.01,-7.36,0.0,-0.76,1.79,-0.76,104,8,0.0,0.0,0.0,8.78544,8.003559,7.924853,0.41210765,-0.02580326,0.91076972,150.74057,"343.283691, 198.533142, 28.371662, 83.150085, 310.065979, 215.609177, ","[["" 129.797"", "" 127.061"", ""  68.277""], ["" 130.660"", "" 126.373"", ""  67.228""], ["" 131.989"", "" 123.517"", ""  63.973""], ["" 130.809"", "" 123.661"", ""  64.670""], ["" 132.898"", "" 124.387"", ""  64.357""], ["" 130.966"", "" 124.698"", ""  65.559""], ["" 132.294"", "" 125.133"", ""  65.336""], ["" 130.129"", "" 125.296"", ""  66.505""], ["" 132.809"", "" 126.200"", ""  66.084""], ["" 131.976"", "" 126.805"", ""  67.027""], ["" 129.996"", "" 123.083"", ""  64.512""], ["" 132.197"", "" 122.492"", ""  62.895""], ["" 132.588"", "" 120.568"", ""  60.905""], ["" 131.297"", "" 120.866"", ""  61.337""], ["" 133.684"", "" 121.227"", ""  61.456""], ["" 131.104"", "" 121.824"", ""  62.329""], ["" 133.489"", "" 122.185"", ""  62.447""], ["" 132.783"", "" 119.605"", ""  59.916""], ["" 133.673"", "" 119.555"", ""  59.439""], ["" 132.046"", "" 118.946"", ""  59.712""], ["" 128.524"", "" 127.661"", ""  67.697""], ["" 128.611"", "" 128.596"", ""  66.659""], ["" 127.278"", "" 127.251"", ""  68.185""], ["" 127.423"", "" 129.129"", ""  66.140""], ["" 126.076"", "" 127.759"", ""  67.686""], ["" 126.178"", "" 128.704"", ""  66.662""], ["" 127.251"", "" 130.058"", ""  65.148""], ["" 125.258"", "" 129.423"", ""  65.934""], ["" 125.950"", "" 130.221"", ""  65.046""], ["" 124.252"", "" 129.409"", ""  66.001""], ["" 125.286"", "" 131.163"", ""  64.086""], ["" 125.744"", "" 132.480"", ""  63.951""], ["" 124.196"", "" 130.740"", ""  63.313""], ["" 125.127"", "" 133.357"", ""  63.064""], ["" 123.576"", "" 131.615"", ""  62.426""], ["" 124.043"", "" 132.923"", ""  62.303""], ["" 123.422"", "" 133.801"", ""  61.417""], ["" 122.599"", "" 134.307"", ""  61.714""], ["" 123.824"", "" 133.952"", ""  60.504""]]",[],RR11_Rahimova_2017
109,14352,RR11_Rahimova_2017-again1,receptor_tmp,1,12,-6.85,-0.17124999999999999,0.0,0.0,5,183.26,-8.64,-7.19,-1.45,-8.64,0.0,0.54,1.79,0.54,80,12,0.0,0.0,0.0,11.140872,10.28745,4.562958,-0.29516642,-0.62703309,-0.72090657,30.837255,"196.225266, 148.747803, 314.343384, 190.366333, 69.647041, 70.530029, ","[["" 132.155"", "" 124.459"", ""  59.905""], ["" 130.859"", "" 125.005"", ""  59.323""], ["" 127.268"", "" 127.672"", ""  58.607""], ["" 128.349"", "" 127.763"", ""  59.459""], ["" 127.326"", "" 126.599"", ""  57.851""], ["" 129.151"", "" 126.665"", ""  59.245""], ["" 128.477"", "" 125.955"", ""  58.223""], ["" 130.348"", "" 126.218"", ""  59.806""], ["" 129.019"", "" 124.757"", ""  57.740""], ["" 130.212"", "" 124.300"", ""  58.302""], ["" 128.477"", "" 128.519"", ""  60.115""], ["" 126.157"", "" 128.681"", ""  58.565""], ["" 124.097"", "" 130.570"", ""  58.483""], ["" 124.783"", "" 130.343"", ""  59.674""], ["" 124.432"", "" 129.859"", ""  57.333""], ["" 125.809"", "" 129.401"", ""  59.715""], ["" 125.458"", "" 128.918"", ""  57.374""], ["" 123.072"", "" 131.514"", ""  58.440""], ["" 122.980"", "" 132.180"", ""  59.193""], ["" 122.411"", "" 131.494"", ""  57.678""], ["" 132.214"", "" 124.579"", ""  61.421""], ["" 131.342"", "" 125.461"", ""  62.073""], ["" 133.151"", "" 123.826"", ""  62.138""], ["" 131.432"", "" 125.526"", ""  63.466""], ["" 133.251"", "" 123.892"", ""  63.530""], ["" 132.365"", "" 124.757"", ""  64.181""], ["" 130.720"", "" 126.261"", ""  64.402""], ["" 132.182"", "" 125.055"", ""  65.525""], ["" 131.169"", "" 125.975"", ""  65.670""], ["" 129.972"", "" 126.916"", ""  64.231""], ["" 132.686"", "" 124.674"", ""  66.313""], ["" 130.650"", "" 126.544"", ""  66.951""], ["" 129.365"", "" 126.212"", ""  67.396""], ["" 131.443"", "" 127.405"", ""  67.719""], ["" 128.879"", "" 126.732"", ""  68.593""], ["" 130.958"", "" 127.926"", ""  68.915""], ["" 129.677"", "" 127.588"", ""  69.351""], ["" 129.191"", "" 128.105"", ""  70.551""], ["" 128.327"", "" 127.748"", ""  70.933""], ["" 129.693"", "" 128.850"", ""  71.011""]]",[],RR11_Rahimova_2017-again1
110,14490,RR11_Rahimova_2017-again2,receptor_tmp,1,16,-6.65,-0.16219512195121952,0.0,0.0,2,183.5,-8.44,-5.67,-2.77,-8.44,0.0,1.91,1.79,1.91,79,13,0.0,0.0,0.0,8.884038,9.717032,5.140529,0.09751534,-0.11665938,0.98837308,132.511917,"42.558193, 44.692883, 300.818573, 244.873169, 92.634048, 75.460892, ","[["" 127.968"", "" 130.392"", ""  60.352""], ["" 128.968"", "" 129.323"", ""  59.933""], ["" 131.349"", "" 125.396"", ""  59.987""], ["" 130.352"", "" 125.952"", ""  60.756""], ["" 131.614"", "" 126.298"", ""  58.983""], ["" 129.998"", "" 127.195"", ""  60.250""], ["" 130.800"", "" 127.415"", ""  59.118""], ["" 129.060"", "" 128.140"", ""  60.676""], ["" 130.696"", "" 128.587"", ""  58.364""], ["" 129.762"", "" 129.530"", ""  58.799""], ["" 129.972"", "" 125.487"", ""  61.566""], ["" 132.313"", "" 126.128"", ""  58.275""], ["" 132.018"", "" 124.078"", ""  60.207""], ["" 133.270"", "" 121.620"", ""  60.639""], ["" 134.038"", "" 122.750"", ""  60.366""], ["" 131.880"", "" 121.709"", ""  60.694""], ["" 133.414"", "" 123.976"", ""  60.151""], ["" 131.256"", "" 122.935"", ""  60.479""], ["" 133.894"", "" 120.393"", ""  60.860""], ["" 133.490"", "" 119.552"", ""  60.473""], ["" 134.706"", "" 120.349"", ""  61.459""], ["" 127.713"", "" 130.406"", ""  61.853""], ["" 128.142"", "" 129.322"", ""  62.632""], ["" 127.035"", "" 131.487"", ""  62.429""], ["" 127.887"", "" 129.389"", ""  64.005""], ["" 126.773"", "" 131.555"", ""  63.799""], ["" 127.219"", "" 130.484"", ""  64.577""], ["" 128.185"", "" 128.517"", ""  65.044""], ["" 127.139"", "" 130.235"", ""  65.940""], ["" 127.735"", "" 129.031"", ""  66.237""], ["" 128.666"", "" 127.631"", ""  64.984""], ["" 126.723"", "" 130.821"", ""  66.649""], ["" 127.877"", "" 128.409"", ""  67.589""], ["" 128.991"", "" 128.696"", ""  68.385""], ["" 126.891"", "" 127.540"", ""  68.073""], ["" 129.118"", "" 128.125"", ""  69.649""], ["" 127.018"", "" 126.967"", ""  69.335""], ["" 128.130"", "" 127.264"", ""  70.122""], ["" 128.254"", "" 126.696"", ""  71.389""], ["" 128.267"", "" 127.292"", ""  72.203""], ["" 128.395"", "" 125.700"", ""  71.475""]]",[],RR11_Rahimova_2017-again2
111,14472,RR12_Rahimova_2017,receptor_tmp,1,15,-7.03,-0.26037037037037036,0.0,0.0,1,192.52,-9.72,-9.36,-0.35,-9.72,0.0,-1.64,2.68,-1.64,69,3,0.0,0.0,0.0,10.608205,8.652706,15.218223,0.96818623,0.15108914,0.19946802,199.530457,"89.866478, 27.822403, 158.277313, 177.241119, 305.410278, 27.018984, 188.080505, 267.189026, 240.835312, ","[["" 129.894"", "" 127.475"", ""  71.774""], ["" 128.665"", "" 127.327"", ""  70.857""], ["" 128.994"", "" 126.929"", ""  69.489""], ["" 128.627"", "" 128.929"", ""  68.483""], ["" 128.954"", "" 127.742"", ""  68.418""], ["" 129.275"", "" 125.968"", ""  69.358""], ["" 129.352"", "" 127.101"", ""  67.083""], ["" 130.137"", "" 125.933"", ""  67.330""], ["" 131.012"", "" 125.487"", ""  66.357""], ["" 130.494"", "" 124.589"", ""  65.422""], ["" 132.358"", "" 125.880"", ""  66.261""], ["" 131.299"", "" 124.087"", ""  64.402""], ["" 133.163"", "" 125.380"", ""  65.241""], ["" 132.629"", "" 124.486"", ""  64.315""], ["" 129.959"", "" 128.850"", ""  72.465""], ["" 128.741"", "" 129.121"", ""  73.331""], ["" 127.792"", "" 128.237"", ""  73.515""], ["" 128.510"", "" 130.320"", ""  73.987""], ["" 126.897"", "" 128.850"", ""  74.346""], ["" 127.318"", "" 130.163"", ""  74.672""], ["" 125.697"", "" 128.350"", ""  74.875""], ["" 126.573"", "" 130.995"", ""  75.517""], ["" 124.954"", "" 129.179"", ""  75.716""], ["" 125.385"", "" 130.468"", ""  76.028""], ["" 129.372"", "" 131.498"", ""  74.016""], ["" 128.983"", "" 132.488"", ""  72.903""], ["" 130.164"", "" 133.350"", ""  72.440""]]",[],RR12_Rahimova_2017
112,4442,RR13_Rahimova_2017,receptor_tmp,1,9,-13.37,-0.27854166666666663,0.0,0.0,2,184.26,-16.95,-16.67,-0.28,-16.95,0.0,-3.62,3.58,-3.62,81,12,0.0,0.0,0.0,9.12312,10.339119,5.521112,0.32296285,0.13626943,0.93654986,104.934929,"336.444153, 13.725582, 320.823822, 187.606323, 33.454449, 131.34259, 220.435593, 24.382072, 133.175827, 329.854156, 213.788025, 331.198242, ","[["" 128.996"", "" 126.990"", ""  61.743""], ["" 128.744"", "" 126.879"", ""  63.192""], ["" 128.339"", "" 128.249"", ""  63.785""], ["" 127.098"", "" 128.737"", ""  63.161""], ["" 127.355"", "" 128.852"", ""  61.714""], ["" 127.750"", "" 127.477"", ""  61.125""], ["" 129.507"", "" 125.707"", ""  61.205""], ["" 130.883"", "" 125.304"", ""  61.778""], ["" 132.005"", "" 125.124"", ""  60.942""], ["" 133.231"", "" 124.737"", ""  61.488""], ["" 133.358"", "" 124.516"", ""  62.857""], ["" 131.028"", "" 125.065"", ""  63.154""], ["" 132.255"", "" 124.679"", ""  63.691""], ["" 131.921"", "" 125.353"", ""  59.228""], ["" 128.491"", "" 124.564"", ""  61.353""], ["" 127.253"", "" 124.664"", ""  61.784""], ["" 128.782"", "" 123.238"", ""  61.111""], ["" 126.738"", "" 123.372"", ""  61.770""], ["" 127.702"", "" 122.482"", ""  61.338""], ["" 130.008"", "" 122.638"", ""  60.598""], ["" 130.804"", "" 121.987"", ""  61.745""], ["" 131.366"", "" 120.629"", ""  61.355""], ["" 132.706"", "" 120.511"", ""  60.975""], ["" 130.539"", "" 119.502"", ""  61.370""], ["" 133.217"", "" 119.268"", ""  60.611""], ["" 131.052"", "" 118.259"", ""  61.007""], ["" 132.388"", "" 118.148"", ""  60.630""], ["" 126.626"", "" 130.009"", ""  63.757""], ["" 125.733"", "" 129.804"", ""  64.982""], ["" 124.428"", "" 129.951"", ""  65.007""], ["" 126.167"", "" 129.383"", ""  66.221""], ["" 124.034"", "" 129.650"", ""  66.306""], ["" 125.132"", "" 129.302"", ""  67.065""], ["" 127.518"", "" 129.098"", ""  66.693""], ["" 127.533"", "" 127.808"", ""  67.533""], ["" 128.674"", "" 127.792"", ""  68.539""], ["" 128.424"", "" 127.459"", ""  69.873""], ["" 129.973"", "" 128.102"", ""  68.124""], ["" 129.470"", "" 127.436"", ""  70.791""], ["" 131.018"", "" 128.080"", ""  69.043""], ["" 130.763"", "" 127.748"", ""  70.373""], ["" 125.962"", "" 130.999"", ""  62.775""], ["" 124.662"", "" 130.699"", ""  62.346""], ["" 126.582"", "" 132.171"", ""  62.282""], ["" 123.978"", "" 131.544"", ""  61.473""], ["" 125.886"", "" 133.013"", ""  61.410""], ["" 124.590"", "" 132.705"", ""  61.010""], ["" 128.214"", "" 132.605"", ""  62.666""]]",[],RR13_Rahimova_2017
113,4253,RR14_Rahimova_2017,receptor_tmp,1,18,-9.03,-0.22574999999999998,0.0,0.0,1,187.28,-12.31,-12.18,-0.14,-12.31,0.0,-2.25,3.28,-2.25,44,9,0.0,0.0,0.0,8.54522,11.346861,1.033948,-0.34876132,-0.20134159,-0.91532896,181.162827,"201.822983, 299.934204, 159.157547, 88.800011, 261.630859, 125.595863, 294.636444, 328.792664, 14.508273, 0.290766, 56.143837, ","[["" 126.985"", "" 130.880"", ""  59.536""], ["" 127.753"", "" 129.921"", ""  58.725""], ["" 128.673"", "" 129.159"", ""  59.581""], ["" 128.223"", "" 127.751"", ""  59.963""], ["" 126.803"", "" 123.898"", ""  60.958""], ["" 127.296"", "" 125.166"", ""  60.611""], ["" 127.571"", "" 122.767"", ""  60.667""], ["" 126.555"", "" 126.336"", ""  60.882""], ["" 128.546"", "" 125.292"", ""  59.979""], ["" 128.811"", "" 122.891"", ""  60.043""], ["" 126.911"", "" 127.615"", ""  60.604""], ["" 128.977"", "" 126.667"", ""  59.656""], ["" 129.311"", "" 124.148"", ""  59.693""], ["" 126.156"", "" 128.547"", ""  60.883""], ["" 125.453"", "" 123.729"", ""  61.643""], ["" 125.655"", "" 126.238"", ""  61.325""], ["" 130.671"", "" 124.247"", ""  59.015""], ["" 128.489"", "" 130.585"", ""  57.641""], ["" 129.464"", "" 131.674"", ""  58.139""], ["" 130.925"", "" 131.192"", ""  58.254""], ["" 131.372"", "" 131.016"", ""  59.640""], ["" 130.405"", "" 131.619"", ""  60.567""], ["" 132.738"", "" 131.507"", ""  59.875""], ["" 130.871"", "" 131.497"", ""  62.034""], ["" 133.135"", "" 131.387"", ""  61.362""], ["" 132.176"", "" 132.048"", ""  62.180""], ["" 125.520"", "" 130.948"", ""  59.125""], ["" 124.985"", "" 130.288"", ""  58.126""], ["" 124.553"", "" 131.701"", ""  59.755""], ["" 123.635"", "" 130.626"", ""  58.131""], ["" 123.370"", "" 131.509"", ""  59.159""], ["" 124.658"", "" 132.572"", ""  60.926""], ["" 124.834"", "" 131.807"", ""  62.232""], ["" 124.036"", "" 130.694"", ""  62.506""], ["" 125.811"", "" 132.203"", ""  63.147""], ["" 124.239"", "" 129.962"", ""  63.672""], ["" 126.014"", "" 131.469"", ""  64.312""], ["" 125.233"", "" 130.332"", ""  64.578""], ["" 125.378"", "" 129.532"", ""  65.695""], ["" 126.677"", "" 129.335"", ""  66.243""]]",[],RR14_Rahimova_2017
114,14382,RR15_Rahimova_2017,receptor_tmp,1,13,-8.75,-0.19021739130434784,0.0,0.0,1,185.53,-13.23,-11.65,-1.58,-13.23,0.0,-2.74,4.47,-2.74,81,13,0.0,0.0,0.0,9.527214,13.186605,8.971833,0.34654388,-0.54207325,-0.76554812,83.861473,"36.869137, 14.245298, 335.726288, 51.301914, 213.719604, 188.358902, 21.696367, 343.582092, 235.672333, 201.468857, 337.582733, 338.218536, 306.221344, 175.891403, 45.273106, ","[["" 127.727"", "" 130.002"", ""  65.814""], ["" 127.638"", "" 130.803"", ""  66.747""], ["" 127.422"", "" 130.350"", ""  64.526""], ["" 127.142"", "" 129.351"", ""  63.449""], ["" 126.032"", "" 129.847"", ""  62.530""], ["" 123.929"", "" 130.778"", ""  60.940""], ["" 123.789"", "" 130.747"", ""  62.325""], ["" 125.110"", "" 130.348"", ""  60.340""], ["" 124.837"", "" 130.284"", ""  63.114""], ["" 126.157"", "" 129.884"", ""  61.131""], ["" 122.911"", "" 131.229"", ""  60.172""], ["" 128.423"", "" 128.764"", ""  62.777""], ["" 128.904"", "" 127.636"", ""  63.329""], ["" 128.961"", "" 129.334"", ""  61.828""], ["" 128.420"", "" 127.244"", ""  64.124""], ["" 130.139"", "" 126.966"", ""  62.938""], ["" 130.351"", "" 125.672"", ""  63.746""], ["" 131.593"", "" 125.117"", ""  63.293""], ["" 130.557"", "" 125.865"", ""  65.259""], ["" 132.400"", "" 124.706"", ""  64.392""], ["" 132.047"", "" 125.729"", ""  65.458""], ["" 127.537"", "" 131.746"", ""  64.059""], ["" 128.076"", "" 131.873"", ""  62.618""], ["" 129.574"", "" 132.247"", ""  62.516""], ["" 130.051"", "" 132.402"", ""  61.139""], ["" 131.011"", "" 131.366"", ""  60.730""], ["" 128.910"", "" 132.477"", ""  60.216""], ["" 131.416"", "" 131.523"", ""  59.248""], ["" 129.373"", "" 132.608"", ""  58.748""], ["" 130.257"", "" 131.541"", ""  58.422""], ["" 128.235"", "" 128.572"", ""  66.122""], ["" 127.963"", "" 128.105"", ""  67.480""], ["" 128.854"", "" 128.216"", ""  68.472""], ["" 126.909"", "" 127.340"", ""  67.767""], ["" 128.271"", "" 127.527"", ""  69.435""], ["" 127.114"", "" 126.983"", ""  69.083""], ["" 128.866"", "" 127.366"", ""  70.807""], ["" 128.074"", "" 127.504"", ""  71.955""], ["" 130.225"", "" 127.078"", ""  70.968""], ["" 128.616"", "" 127.359"", ""  73.243""], ["" 130.778"", "" 126.935"", ""  72.238""], ["" 129.982"", "" 127.075"", ""  73.386""], ["" 127.875"", "" 127.482"", ""  74.406""], ["" 126.650"", "" 128.206"", ""  74.385""], ["" 130.469"", "" 126.948"", ""  74.676""], ["" 131.678"", "" 126.231"", ""  74.902""]]",[],RR15_Rahimova_2017
115,4550,RR16_Rahimova_2017,receptor_tmp,1,2,-7.27,-0.15145833333333333,0.0,0.0,1,186.86,-11.74,-11.84,-0.45,-12.3,0.56,-3.19,4.47,-3.19,58,9,0.0,0.0,0.0,9.634094,10.289409,3.775614,0.21857066,0.20434927,-0.9541846,252.113907,"197.648453, 53.835224, 131.916702, 209.457947, 52.593712, 350.783417, 2.236583, 13.960997, 291.716431, 90.34243, 199.431885, 144.964798, 309.733612, 345.317871, 28.514851, ","[["" 128.529"", "" 132.029"", ""  61.023""], ["" 127.396"", "" 131.989"", ""  60.207""], ["" 126.134"", "" 132.151"", ""  60.770""], ["" 126.010"", "" 132.350"", ""  62.147""], ["" 127.145"", "" 132.427"", ""  62.956""], ["" 128.407"", "" 132.270"", ""  62.393""], ["" 130.142"", "" 131.681"", ""  60.325""], ["" 131.111"", "" 132.553"", ""  61.003""], ["" 130.007"", "" 131.720"", ""  58.864""], ["" 130.471"", "" 130.005"", ""  60.806""], ["" 130.389"", "" 127.128"", ""  61.334""], ["" 130.158"", "" 128.170"", ""  62.456""], ["" 131.189"", "" 127.715"", ""  60.142""], ["" 129.604"", "" 129.497"", ""  61.900""], ["" 130.608"", "" 129.061"", ""  59.666""], ["" 130.983"", "" 125.819"", ""  61.860""], ["" 130.942"", "" 122.085"", ""  61.549""], ["" 131.700"", "" 121.332"", ""  62.370""], ["" 131.120"", "" 123.430"", ""  61.827""], ["" 132.436"", "" 122.173"", ""  63.175""], ["" 132.083"", "" 123.454"", ""  62.864""], ["" 130.559"", "" 124.601"", ""  61.308""], ["" 132.505"", "" 124.682"", ""  63.396""], ["" 131.943"", "" 125.851"", ""  62.881""], ["" 129.993"", "" 121.452"", ""  60.642""], ["" 128.805"", "" 122.347"", ""  60.317""], ["" 126.800"", "" 123.518"", ""  61.012""], ["" 126.599"", "" 123.955"", ""  59.703""], ["" 127.903"", "" 122.718"", ""  61.319""], ["" 127.497"", "" 123.590"", ""  58.699""], ["" 128.597"", "" 122.787"", ""  59.005""], ["" 125.685"", "" 123.960"", ""  62.254""], ["" 133.439"", "" 124.733"", ""  64.398""], ["" 133.253"", "" 124.130"", ""  65.121""], ["" 124.394"", "" 132.403"", ""  62.910""], ["" 124.192"", "" 133.777"", ""  63.384""], ["" 123.438"", "" 131.776"", ""  61.989""], ["" 124.545"", "" 131.367"", ""  64.331""], ["" 125.109"", "" 131.722"", ""  65.108""], ["" 124.430"", "" 129.894"", ""  64.215""], ["" 125.223"", "" 129.418"", ""  62.970""], ["" 126.571"", "" 128.714"", ""  63.218""], ["" 127.579"", "" 129.557"", ""  64.019""], ["" 127.468"", "" 129.455"", ""  65.552""], ["" 124.854"", "" 129.262"", ""  65.562""], ["" 126.128"", "" 129.865"", ""  66.186""], ["" 127.469"", "" 129.456"", ""  65.546""], ["" 127.579"", "" 129.557"", ""  64.014""]]",[],RR16_Rahimova_2017
116,4412,RR17_Rahimova_2017,receptor_tmp,1,14,-7.77,-0.1992307692307692,0.0,0.0,1,187.71,-11.35,-11.15,-0.2,-11.35,0.0,-2.4,3.58,-2.4,54,5,0.0,0.0,0.0,4.532126,13.776073,3.557033,-0.03695564,0.63959894,-0.76781995,271.830383,"261.164093, 359.94928, 341.380371, 251.223282, 152.95343, 109.38092, 134.246643, 342.981384, 345.192657, 332.06839, 1.131806, 101.380257, ","[["" 124.679"", "" 133.039"", ""  61.550""], ["" 124.793"", "" 131.851"", ""  60.241""], ["" 125.963"", "" 131.235"", ""  59.845""], ["" 125.578"", "" 130.419"", ""  58.802""], ["" 123.790"", "" 131.428"", ""  59.509""], ["" 124.289"", "" 130.512"", ""  58.592""], ["" 127.255"", "" 131.420"", ""  60.361""], ["" 129.823"", "" 131.783"", ""  61.380""], ["" 129.296"", "" 132.693"", ""  60.450""], ["" 129.050"", "" 130.694"", ""  61.788""], ["" 128.013"", "" 132.512"", ""  59.940""], ["" 127.766"", "" 130.507"", ""  61.283""], ["" 131.083"", "" 131.883"", ""  61.938""], ["" 132.150"", "" 131.118"", ""  61.386""], ["" 126.521"", "" 129.529"", ""  58.005""], ["" 127.476"", "" 128.794"", ""  58.830""], ["" 128.295"", "" 129.293"", ""  59.146""], ["" 127.196"", "" 127.555"", ""  59.434""], ["" 127.013"", "" 126.457"", ""  58.593""], ["" 127.102"", "" 127.382"", ""  60.821""], ["" 126.727"", "" 125.203"", ""  59.124""], ["" 126.815"", "" 126.129"", ""  61.353""], ["" 126.624"", "" 125.031"", ""  60.507""], ["" 126.303"", "" 123.648"", ""  61.074""], ["" 126.328"", "" 123.631"", ""  62.409""], ["" 125.092"", "" 123.254"", ""  60.680""], ["" 127.204"", "" 122.773"", ""  60.627""], ["" 125.680"", "" 132.197"", ""  62.827""], ["" 124.907"", "" 131.044"", ""  63.506""], ["" 123.760"", "" 130.760"", ""  63.148""], ["" 125.620"", "" 130.292"", ""  64.592""], ["" 124.872"", "" 129.640"", ""  65.583""], ["" 127.020"", "" 130.224"", ""  64.650""], ["" 125.507"", "" 128.937"", ""  66.602""], ["" 127.654"", "" 129.520"", ""  65.671""], ["" 126.898"", "" 128.869"", ""  66.658""], ["" 127.440"", "" 128.147"", ""  67.705""], ["" 128.812"", "" 127.765"", ""  67.655""], ["" 129.258"", "" 127.349"", ""  69.060""]]",[],RR17_Rahimova_2017
117,4309,RR18_Rahimova_2017,receptor_tmp,1,16,-7.92,-0.20842105263157895,0.0,0.0,9,188.99,-8.81,-8.76,-0.05,-8.81,0.0,-1.91,0.89,-1.91,44,5,0.0,0.0,0.0,9.431178,9.063399,5.043605,-0.21329586,0.044595,-0.97596934,90.207954,"55.133968, 89.570847, 122.248741, ","[["" 129.452"", "" 125.432"", ""  62.232""], ["" 130.812"", "" 124.677"", ""  62.142""], ["" 131.896"", "" 125.349"", ""  61.676""], ["" 131.920"", "" 126.680"", ""  61.387""], ["" 130.887"", "" 127.398"", ""  61.634""], ["" 130.821"", "" 129.135"", ""  61.459""], ["" 129.125"", "" 129.182"", ""  62.036""], ["" 128.327"", "" 130.295"", ""  62.186""], ["" 128.872"", "" 131.638"", ""  61.941""], ["" 127.903"", "" 132.518"", ""  62.213""], ["" 126.736"", "" 131.924"", ""  62.588""], ["" 126.903"", "" 130.550"", ""  62.576""], ["" 125.778"", "" 129.763"", ""  62.886""], ["" 124.561"", "" 130.358"", ""  63.227""], ["" 124.437"", "" 131.747"", ""  63.252""], ["" 125.532"", "" 132.541"", ""  62.925""], ["" 129.995"", "" 131.981"", ""  61.572""], ["" 129.698"", "" 126.910"", ""  62.072""], ["" 128.715"", "" 127.811"", ""  62.344""], ["" 127.637"", "" 127.460"", ""  62.812""], ["" 128.024"", "" 133.516"", ""  62.127""], ["" 128.456"", "" 124.919"", ""  61.195""], ["" 127.876"", "" 123.642"", ""  59.505""], ["" 126.761"", "" 124.394"", ""  59.840""], ["" 128.903"", "" 123.967"", ""  60.332""], ["" 127.131"", "" 125.204"", ""  60.914""], ["" 128.160"", "" 122.593"", ""  58.459""], ["" 130.886"", "" 123.251"", ""  62.448""], ["" 131.001"", "" 122.456"", ""  61.359""], ["" 130.832"", "" 122.831"", ""  63.605""], ["" 130.948"", "" 122.924"", ""  60.467""], ["" 131.118"", "" 121.053"", ""  61.261""], ["" 132.383"", "" 120.524"", ""  60.936""], ["" 130.049"", "" 120.168"", ""  61.494""], ["" 132.552"", "" 119.139"", ""  60.834""], ["" 130.233"", "" 118.791"", ""  61.387""], ["" 131.482"", "" 118.276"", ""  61.056""], ["" 133.589"", "" 121.426"", ""  60.688""]]",[],RR18_Rahimova_2017
118,4544,RR19_Rahimova_2017,receptor_tmp,1,17,-11.15,-0.23229166666666667,0.0,0.0,9,187.43,-13.54,-13.52,-0.02,-13.54,0.0,-2.82,2.39,-2.82,67,4,0.0,0.0,0.0,10.139842,9.046281,5.316428,0.3575237,-0.88981073,-0.28357305,32.34642,"49.134121, 301.313446, 57.226696, 125.201828, 332.087524, 12.684319, 209.71637, 3.833402, ","[["" 126.753"", "" 125.221"", ""  59.981""], ["" 127.988"", "" 125.772"", ""  61.000""], ["" 129.074"", "" 125.037"", ""  61.410""], ["" 129.575"", "" 123.836"", ""  61.027""], ["" 129.243"", "" 123.198"", ""  60.023""], ["" 128.071"", "" 127.025"", ""  61.554""], ["" 127.214"", "" 128.076"", ""  61.595""], ["" 126.026"", "" 128.065"", ""  61.264""], ["" 129.537"", "" 125.423"", ""  62.220""], ["" 128.984"", "" 127.242"", ""  61.926""], ["" 130.672"", "" 123.267"", ""  61.967""], ["" 131.870"", "" 124.233"", ""  62.193""], ["" 131.918"", "" 124.841"", ""  63.584""], ["" 130.723"", "" 125.052"", ""  64.305""], ["" 133.154"", "" 125.040"", ""  64.234""], ["" 130.776"", "" 125.512"", ""  65.615""], ["" 133.185"", "" 125.499"", ""  65.544""], ["" 132.000"", "" 125.740"", ""  66.229""], ["" 131.135"", "" 121.904"", ""  61.579""], ["" 132.432"", "" 121.568"", ""  61.313""], ["" 130.262"", "" 120.871"", ""  61.413""], ["" 132.398"", "" 120.131"", ""  60.950""], ["" 133.419"", "" 122.302"", ""  61.363""], ["" 131.097"", "" 119.712"", ""  61.010""], ["" 129.040"", "" 120.895"", ""  61.564""], ["" 133.423"", "" 119.254"", ""  60.590""], ["" 130.748"", "" 118.393"", ""  60.713""], ["" 133.094"", "" 117.927"", ""  60.291""], ["" 131.761"", "" 117.498"", ""  60.352""], ["" 127.859"", "" 129.394"", ""  62.092""], ["" 126.864"", "" 130.411"", ""  62.722""], ["" 126.372"", "" 130.057"", ""  64.117""], ["" 124.992"", "" 130.029"", ""  64.413""], ["" 127.291"", "" 129.624"", ""  65.097""], ["" 124.559"", "" 129.627"", ""  65.669""], ["" 126.838"", "" 129.228"", ""  66.348""], ["" 125.479"", "" 129.234"", ""  66.635""], ["" 128.687"", "" 130.026"", ""  61.029""], ["" 129.949"", "" 129.639"", ""  60.675""], ["" 128.250"", "" 131.125"", ""  60.349""], ["" 130.370"", "" 130.590"", ""  59.616""], ["" 130.606"", "" 128.707"", ""  61.141""], ["" 129.351"", "" 131.481"", ""  59.421""], ["" 127.169"", "" 131.703"", ""  60.480""], ["" 131.555"", "" 130.677"", ""  58.884""], ["" 129.460"", "" 132.509"", ""  58.483""], ["" 131.684"", "" 131.699"", ""  57.938""], ["" 130.640"", "" 132.612"", ""  57.738""]]",[],RR19_Rahimova_2017
119,14551,RR19_Rahimova_2017-again1,receptor_tmp,1,2,-9.39,-0.1997872340425532,0.0,0.0,1,186.93,-12.07,-12.67,0.6,-12.07,0.0,-2.81,2.68,-2.81,80,2,0.0,0.0,0.0,11.340503,9.709765,6.165969,0.59668734,-0.14196251,0.78981698,245.69986,"226.91127, 285.58786, 9.888444, 215.21492, 25.564314, 24.865608, 350.064636, 208.594101, 140.842819, ","[["" 131.142"", "" 127.307"", ""  58.592""], ["" 130.570"", "" 127.079"", ""  60.156""], ["" 129.711"", "" 127.838"", ""  60.901""], ["" 129.120"", "" 129.037"", ""  60.685""], ["" 129.143"", "" 129.673"", ""  59.629""], ["" 129.558"", "" 127.469"", ""  61.827""], ["" 130.996"", "" 126.047"", ""  60.973""], ["" 131.041"", "" 124.777"", ""  60.730""], ["" 130.798"", "" 124.146"", ""  59.682""], ["" 131.451"", "" 123.876"", ""  61.942""], ["" 132.622"", "" 124.516"", ""  62.760""], ["" 132.217"", "" 125.056"", ""  64.130""], ["" 133.199"", "" 125.356"", ""  65.078""], ["" 130.867"", "" 125.255"", ""  64.432""], ["" 132.832"", "" 125.862"", ""  66.322""], ["" 130.500"", "" 125.762"", ""  65.676""], ["" 131.484"", "" 126.064"", ""  66.615""], ["" 131.661"", "" 122.436"", ""  61.576""], ["" 132.852"", "" 121.890"", ""  61.180""], ["" 130.634"", "" 121.539"", ""  61.588""], ["" 132.561"", "" 120.461"", ""  60.915""], ["" 133.936"", "" 122.460"", ""  61.067""], ["" 131.232"", "" 120.250"", ""  61.158""], ["" 129.459"", "" 121.752"", ""  61.892""], ["" 133.392"", "" 119.423"", ""  60.490""], ["" 130.660"", "" 118.987"", ""  60.990""], ["" 132.839"", "" 118.151"", ""  60.317""], ["" 131.477"", "" 117.934"", ""  60.568""], ["" 128.356"", "" 129.612"", ""  61.914""], ["" 127.244"", "" 128.669"", ""  62.458""], ["" 126.871"", "" 128.926"", ""  63.907""], ["" 127.872"", "" 128.955"", ""  64.901""], ["" 125.555"", "" 129.304"", ""  64.250""], ["" 127.544"", "" 129.288"", ""  66.209""], ["" 125.247"", "" 129.633"", ""  65.564""], ["" 126.236"", "" 129.621"", ""  66.539""], ["" 127.862"", "" 131.010"", ""  61.724""], ["" 128.620"", "" 132.134"", ""  61.894""], ["" 126.548"", "" 131.277"", ""  61.481""], ["" 127.683"", "" 133.272"", ""  61.721""], ["" 129.823"", "" 132.194"", ""  62.148""], ["" 126.439"", "" 132.756"", ""  61.478""], ["" 125.640"", "" 130.463"", ""  61.308""], ["" 127.894"", "" 134.650"", ""  61.792""], ["" 125.336"", "" 133.592"", ""  61.293""], ["" 126.799"", "" 135.503"", ""  61.613""], ["" 125.525"", "" 134.976"", ""  61.364""]]",[],RR19_Rahimova_2017-again1
120,4176,RR1_Rahimova_2017,receptor_tmp,1,8,-8.29,-0.1884090909090909,0.0,0.0,1,191.11,-11.87,-10.92,-0.96,-11.87,0.0,-3.56,3.58,-3.56,70,7,0.0,0.0,0.0,11.052431,4.753682,7.868629,0.34291218,-0.93192469,0.11801528,72.892426,"21.300825, 294.918579, 181.562866, 169.939301, 339.624146, 312.997467, 322.617645, 112.134941, 344.830994, 127.000412, 301.765472, 205.285965, ","[["" 131.038"", "" 125.663"", ""  62.516""], ["" 130.135"", "" 126.357"", ""  61.871""], ["" 129.368"", "" 126.856"", ""  62.835""], ["" 129.725"", "" 126.534"", ""  64.064""], ["" 130.800"", "" 125.767"", ""  63.862""], ["" 132.331"", "" 124.753"", ""  61.738""], ["" 131.784"", "" 123.079"", ""  62.223""], ["" 130.509"", "" 122.574"", ""  61.529""], ["" 130.141"", "" 121.407"", ""  61.663""], ["" 129.863"", "" 123.505"", ""  60.795""], ["" 130.220"", "" 124.448"", ""  60.854""], ["" 128.722"", "" 123.365"", ""  59.982""], ["" 127.510"", "" 123.760"", ""  60.551""], ["" 128.747"", "" 122.913"", ""  58.654""], ["" 126.333"", "" 123.701"", ""  59.811""], ["" 127.567"", "" 122.855"", ""  57.918""], ["" 126.354"", "" 123.250"", ""  58.482""], ["" 125.239"", "" 123.165"", ""  57.671""], ["" 124.125"", "" 124.011"", ""  57.930""], ["" 131.508"", "" 125.166"", ""  64.993""], ["" 130.726"", "" 125.155"", ""  66.318""], ["" 130.339"", "" 126.367"", ""  66.759""], ["" 130.488"", "" 124.093"", ""  66.903""], ["" 130.696"", "" 127.249"", ""  66.416""], ["" 129.759"", "" 126.451"", ""  68.017""], ["" 130.223"", "" 127.396"", ""  68.864""], ["" 131.056"", "" 128.254"", ""  68.553""], ["" 129.471"", "" 125.543"", ""  68.352""], ["" 129.633"", "" 127.373"", ""  70.259""], ["" 130.443"", "" 127.374"", ""  71.405""], ["" 128.244"", "" 127.372"", ""  70.430""], ["" 129.887"", "" 127.372"", ""  72.697""], ["" 127.681"", "" 127.364"", ""  71.701""], ["" 128.493"", "" 127.364"", ""  72.847""], ["" 130.643"", "" 127.392"", ""  73.857""], ["" 131.763"", "" 126.523"", ""  73.982""], ["" 127.998"", "" 127.369"", ""  74.139""], ["" 126.848"", "" 128.149"", ""  74.445""], ["" 128.175"", "" 127.722"", ""  62.546""], ["" 127.476"", "" 127.627"", ""  61.333""], ["" 127.711"", "" 128.663"", ""  63.479""], ["" 126.372"", "" 128.448"", ""  61.091""], ["" 126.641"", "" 129.470"", ""  63.263""], ["" 125.988"", "" 129.352"", ""  62.079""]]",[],RR1_Rahimova_2017
121,14539,RR20_Rahimova_2017,receptor_tmp,1,1,-9.03,-0.23153846153846153,0.0,0.0,3,179.71,-10.82,-10.99,0.16,-10.82,0.0,-1.64,1.79,-1.64,69,3,0.0,0.0,0.0,9.341743,9.284135,3.775937,-0.86965814,0.12376841,0.47788711,240.149139,"271.819122, 269.554993, 342.359253, 7.962907, 248.678513, 256.749023, ","[["" 129.615"", "" 125.941"", ""  60.068""], ["" 129.760"", "" 125.238"", ""  61.274""], ["" 130.877"", "" 124.437"", ""  61.509""], ["" 131.850"", "" 124.286"", ""  60.512""], ["" 133.086"", "" 123.601"", ""  60.540""], ["" 133.747"", "" 123.786"", ""  59.238""], ["" 133.008"", "" 124.915"", ""  58.539""], ["" 131.746"", "" 125.033"", ""  59.338""], ["" 130.637"", "" 125.849"", ""  59.115""], ["" 128.416"", "" 126.813"", ""  59.824""], ["" 126.918"", "" 128.272"", ""  60.498""], ["" 127.949"", "" 127.537"", ""  60.829""], ["" 126.422"", "" 128.106"", ""  58.859""], ["" 127.706"", "" 126.947"", ""  58.611""], ["" 127.878"", "" 126.269"", ""  57.269""], ["" 126.197"", "" 129.143"", ""  61.301""], ["" 126.834"", "" 128.417"", ""  63.373""], ["" 126.176"", "" 129.174"", ""  62.656""], ["" 125.624"", "" 129.819"", ""  60.817""], ["" 125.292"", "" 130.240"", ""  63.345""], ["" 125.755"", "" 131.618"", ""  63.100""], ["" 127.101"", "" 131.662"", ""  62.510""], ["" 124.837"", "" 132.325"", ""  62.198""], ["" 127.642"", "" 133.110"", ""  62.523""], ["" 125.259"", "" 133.769"", ""  61.925""], ["" 126.616"", "" 134.134"", ""  62.036""], ["" 124.325"", "" 134.726"", ""  61.514""], ["" 126.998"", "" 135.443"", ""  61.723""], ["" 124.718"", "" 136.029"", ""  61.215""], ["" 126.058"", "" 136.387"", ""  61.316""], ["" 133.426"", "" 122.576"", ""  61.376""], ["" 134.223"", "" 122.705"", ""  62.308""], ["" 132.820"", "" 121.208"", ""  61.156""], ["" 133.649"", "" 120.133"", ""  60.814""], ["" 131.435"", "" 121.011"", ""  61.227""], ["" 133.107"", "" 118.871"", ""  60.589""], ["" 130.892"", "" 119.748"", ""  61.001""], ["" 131.730"", "" 118.676"", ""  60.691""], ["" 131.141"", "" 117.300"", ""  60.436""]]",[],RR20_Rahimova_2017
122,4294,RR20_Rahimova_2017-again1,receptor_tmp,1,16,-8.28,-0.21230769230769228,0.0,0.0,3,179.72,-10.07,-10.17,0.11,-10.07,0.0,-2.16,1.79,-2.16,73,2,0.0,0.0,0.0,12.058506,10.567615,3.178573,-0.25589411,-0.06664086,-0.9644051,86.917175,"137.469696, 52.819206, 304.158264, 72.911682, 254.458923, 341.101685, ","[["" 128.056"", "" 128.983"", ""  60.234""], ["" 129.109"", "" 128.202"", ""  60.257""], ["" 128.840"", "" 126.941"", ""  60.557""], ["" 127.477"", "" 126.665"", ""  60.787""], ["" 126.752"", "" 125.373"", ""  61.099""], ["" 126.592"", "" 128.163"", ""  60.630""], ["" 127.988"", "" 130.332"", ""  60.005""], ["" 128.981"", "" 131.151"", ""  60.103""], ["" 130.190"", "" 130.960"", ""  60.335""], ["" 128.597"", "" 132.629"", ""  59.882""], ["" 128.596"", "" 133.386"", ""  61.242""], ["" 128.689"", "" 132.432"", ""  62.451""], ["" 127.401"", "" 134.361"", ""  61.374""], ["" 127.420"", "" 131.564"", ""  62.534""], ["" 126.120"", "" 133.662"", ""  61.845""], ["" 126.130"", "" 132.372"", ""  62.428""], ["" 124.899"", "" 134.335"", ""  61.723""], ["" 124.928"", "" 131.825"", ""  62.891""], ["" 123.710"", "" 133.772"", ""  62.177""], ["" 123.724"", "" 132.515"", ""  62.768""], ["" 129.442"", "" 133.941"", ""  61.251""], ["" 129.981"", "" 125.967"", ""  60.619""], ["" 130.174"", "" 125.156"", ""  61.745""], ["" 130.910"", "" 125.886"", ""  59.570""], ["" 131.247"", "" 124.267"", ""  61.816""], ["" 131.974"", "" 124.985"", ""  59.631""], ["" 132.122"", "" 124.139"", ""  60.730""], ["" 133.153"", "" 124.854"", ""  58.714""], ["" 133.308"", "" 123.383"", ""  60.598""], ["" 133.870"", "" 123.630"", ""  59.260""], ["" 133.650"", "" 122.276"", ""  61.321""], ["" 134.541"", "" 122.278"", ""  62.173""], ["" 132.935"", "" 120.970"", ""  61.054""], ["" 131.550"", "" 120.890"", ""  61.244""], ["" 133.644"", "" 119.823"", ""  60.677""], ["" 130.878"", "" 119.692"", ""  61.019""], ["" 132.972"", "" 118.624"", ""  60.452""], ["" 131.587"", "" 118.561"", ""  60.613""], ["" 130.854"", "" 117.252"", ""  60.376""]]",[],RR20_Rahimova_2017-again1
123,4445,RR21_Rahimova_2017,receptor_tmp,1,6,-8.83,-0.22075,0.0,0.0,2,185.99,-10.62,-10.9,0.28,-10.62,0.0,-1.56,1.79,-1.56,71,1,0.0,0.0,0.0,11.215761,8.708656,4.864667,-0.61962758,-0.39423913,-0.67870257,220.847412,"334.110779, 341.090729, 296.586243, 119.228584, 144.01416, 197.299744, ","[["" 129.423"", "" 124.883"", ""  62.186""], ["" 129.764"", "" 126.071"", ""  61.636""], ["" 130.641"", "" 126.360"", ""  60.117""], ["" 130.492"", "" 128.092"", ""  60.376""], ["" 129.841"", "" 128.371"", ""  61.549""], ["" 129.417"", "" 127.322"", ""  62.296""], ["" 128.818"", "" 127.420"", ""  63.374""], ["" 130.912"", "" 129.051"", ""  59.610""], ["" 130.715"", "" 130.421"", ""  59.933""], ["" 129.999"", "" 130.641"", ""  61.238""], ["" 129.590"", "" 129.675"", ""  61.994""], ["" 131.064"", "" 131.386"", ""  59.253""], ["" 129.681"", "" 123.546"", ""  61.672""], ["" 128.864"", "" 122.750"", ""  60.837""], ["" 129.445"", "" 121.609"", ""  60.523""], ["" 130.643"", "" 121.607"", ""  61.128""], ["" 130.824"", "" 122.776"", ""  61.822""], ["" 127.497"", "" 123.059"", ""  60.309""], ["" 124.920"", "" 123.648"", ""  59.314""], ["" 125.169"", "" 123.636"", ""  60.690""], ["" 125.979"", "" 123.356"", ""  58.437""], ["" 126.442"", "" 123.344"", ""  61.182""], ["" 127.250"", "" 123.064"", ""  58.931""], ["" 124.170"", "" 123.908"", ""  61.562""], ["" 123.635"", "" 123.951"", ""  58.905""], ["" 123.430"", "" 124.526"", ""  57.618""], ["" 131.546"", "" 120.522"", ""  60.981""], ["" 131.088"", "" 119.196"", ""  61.027""], ["" 132.912"", "" 120.774"", ""  60.786""], ["" 131.984"", "" 118.140"", ""  60.876""], ["" 133.804"", "" 119.716"", ""  60.636""], ["" 133.337"", "" 118.405"", ""  60.680""], ["" 129.746"", "" 132.082"", ""  61.701""], ["" 128.285"", "" 132.393"", ""  62.019""], ["" 127.539"", "" 133.204"", ""  61.159""], ["" 127.684"", "" 131.843"", ""  63.156""], ["" 126.202"", "" 133.474"", ""  61.441""], ["" 126.348"", "" 132.113"", ""  63.437""], ["" 125.607"", "" 132.933"", ""  62.582""], ["" 124.147"", "" 133.221"", ""  62.878""]]",[],RR21_Rahimova_2017
124,4924,RR22_Rahimova_2017,receptor_tmp,1,5,-7.71,-0.2409375,0.0,0.0,5,189.94,-8.31,-8.02,-0.29,-8.31,0.0,-0.68,0.6,-0.68,24,4,0.0,0.0,0.0,9.678627,11.153281,3.684211,-0.91983625,0.28839712,-0.26594806,113.56385,"320.455719, 23.426676, ","[["" 126.627"", "" 126.250"", ""  57.559""], ["" 127.116"", "" 127.087"", ""  58.313""], ["" 126.754"", "" 127.359"", ""  59.621""], ["" 128.479"", "" 128.209"", ""  57.874""], ["" 128.374"", "" 129.074"", ""  59.414""], ["" 127.471"", "" 128.332"", ""  60.388""], ["" 128.219"", "" 127.658"", ""  61.460""], ["" 128.548"", "" 128.445"", ""  62.610""], ["" 127.279"", "" 129.060"", ""  63.154""], ["" 127.050"", "" 129.339"", ""  64.505""], ["" 125.861"", "" 129.948"", ""  64.911""], ["" 124.897"", "" 130.300"", ""  63.966""], ["" 125.122"", "" 130.051"", ""  62.612""], ["" 126.309"", "" 129.441"", ""  62.207""], ["" 126.480"", "" 129.262"", ""  60.834""], ["" 129.371"", "" 127.445"", ""  63.397""], ["" 129.960"", "" 126.626"", ""  62.245""], ["" 129.282"", "" 126.785"", ""  61.171""], ["" 128.940"", "" 130.271"", ""  59.699""], ["" 125.955"", "" 126.910"", ""  60.040""], ["" 129.844"", "" 131.083"", ""  58.862""], ["" 131.208"", "" 130.798"", ""  58.705""], ["" 129.338"", "" 132.206"", ""  58.196""], ["" 132.002"", "" 131.612"", ""  57.897""], ["" 130.094"", "" 133.011"", ""  57.406""], ["" 131.408"", "" 132.705"", ""  57.266""], ["" 131.141"", "" 125.755"", ""  62.407""], ["" 131.413"", "" 125.144"", ""  63.640""], ["" 132.006"", "" 125.529"", ""  61.325""], ["" 132.528"", "" 124.323"", ""  63.787""], ["" 133.121"", "" 124.708"", ""  61.474""], ["" 133.377"", "" 124.109"", ""  62.704""]]",[],RR22_Rahimova_2017
125,4469,RR23_Rahimova_2017,receptor_tmp,1,16,-8.72,-0.21800000000000003,0.0,0.0,2,188.99,-10.21,-10.42,0.22,-10.21,0.0,-1.37,1.49,-1.37,53,2,0.0,0.0,0.0,7.347279,11.195995,-0.142382,-0.5915166,0.23076755,-0.77256356,187.751312,"48.287487, 192.592834, 148.487183, 38.176228, 181.364029, ","[["" 127.468"", "" 127.812"", ""  59.418""], ["" 127.272"", "" 127.892"", ""  60.801""], ["" 126.345"", "" 128.785"", ""  61.341""], ["" 125.636"", "" 129.652"", ""  60.499""], ["" 124.611"", "" 130.577"", ""  60.796""], ["" 124.185"", "" 131.217"", ""  59.541""], ["" 124.761"", "" 130.375"", ""  58.414""], ["" 125.784"", "" 129.534"", ""  59.116""], ["" 126.696"", "" 128.626"", ""  58.576""], ["" 128.483"", "" 126.799"", ""  58.865""], ["" 131.216"", "" 124.756"", ""  61.645""], ["" 131.282"", "" 125.113"", ""  60.340""], ["" 130.249"", "" 124.937"", ""  62.389""], ["" 130.351"", "" 125.768"", ""  59.594""], ["" 129.160"", "" 126.074"", ""  59.919""], ["" 130.900"", "" 126.261"", ""  57.966""], ["" 129.507"", "" 127.401"", ""  57.874""], ["" 132.154"", "" 124.907"", ""  59.876""], ["" 130.006"", "" 128.829"", ""  58.176""], ["" 132.473"", "" 124.076"", ""  62.211""], ["" 132.506"", "" 122.667"", ""  61.759""], ["" 130.276"", "" 122.345"", ""  62.263""], ["" 131.355"", "" 121.916"", ""  61.842""], ["" 131.560"", "" 120.504"", ""  61.344""], ["" 133.733"", "" 122.222"", ""  61.283""], ["" 130.500"", "" 119.590"", ""  61.347""], ["" 132.817"", "" 120.119"", ""  60.874""], ["" 133.893"", "" 121.009"", ""  60.857""], ["" 130.709"", "" 118.291"", ""  60.879""], ["" 133.023"", "" 118.819"", ""  60.406""], ["" 131.967"", "" 117.907"", ""  60.410""], ["" 124.361"", "" 131.150"", ""  62.011""], ["" 123.484"", "" 132.000"", ""  62.186""], ["" 125.197"", "" 130.750"", ""  63.206""], ["" 124.743"", "" 129.733"", ""  64.053""], ["" 126.388"", "" 131.421"", ""  63.512""], ["" 125.491"", "" 129.364"", ""  65.170""], ["" 127.134"", "" 131.052"", ""  64.628""], ["" 126.691"", "" 130.017"", ""  65.452""], ["" 127.501"", "" 129.623"", ""  66.674""]]",[],RR23_Rahimova_2017
126,14496,RR24_Rahimova_2017,receptor_tmp,1,19,-8.26,-0.18355555555555556,0.0,0.0,4,186.17,-9.76,-9.85,0.1,-9.76,0.0,-2.12,1.49,-2.12,57,4,0.0,0.0,0.0,9.541292,9.314577,3.542807,-0.15480762,0.50900886,-0.8467258,105.976128,"22.531713, 46.649273, 333.520081, 296.515564, 67.888023, ","[["" 126.842"", "" 124.198"", ""  59.888""], ["" 127.126"", "" 125.501"", ""  60.230""], ["" 127.673"", "" 128.153"", ""  60.900""], ["" 127.434"", "" 127.801"", ""  59.569""], ["" 127.622"", "" 127.174"", ""  61.899""], ["" 127.157"", "" 126.479"", ""  59.234""], ["" 127.344"", "" 125.852"", ""  61.565""], ["" 127.996"", "" 129.608"", ""  61.260""], ["" 123.479"", "" 132.916"", ""  61.288""], ["" 124.513"", "" 132.277"", ""  61.496""], ["" 124.629"", "" 131.144"", ""  62.287""], ["" 125.632"", "" 132.571"", ""  60.780""], ["" 125.651"", "" 130.210"", ""  62.279""], ["" 126.685"", "" 131.719"", ""  60.696""], ["" 125.664"", "" 129.192"", ""  62.978""], ["" 126.756"", "" 130.543"", ""  61.374""], ["" 127.689"", "" 132.150"", ""  59.861""], ["" 128.828"", "" 131.408"", ""  59.672""], ["" 129.027"", "" 130.228"", ""  60.288""], ["" 129.957"", "" 131.743"", ""  58.819""], ["" 130.327"", "" 129.700"", ""  59.889""], ["" 130.869"", "" 130.703"", ""  58.949""], ["" 130.230"", "" 132.828"", ""  57.985""], ["" 130.818"", "" 128.642"", ""  60.280""], ["" 132.075"", "" 130.729"", ""  58.247""], ["" 131.436"", "" 132.858"", ""  57.279""], ["" 132.355"", "" 131.812"", ""  57.410""], ["" 123.474"", "" 130.830"", ""  63.154""], ["" 125.637"", "" 133.450"", ""  60.285""], ["" 127.582"", "" 133.032"", ""  59.380""], ["" 127.415"", "" 123.177"", ""  60.590""], ["" 127.155"", "" 122.878"", ""  61.759""], ["" 128.443"", "" 122.374"", ""  59.740""], ["" 128.217"", "" 122.511"", ""  58.227""], ["" 129.855"", "" 122.671"", ""  60.125""], ["" 130.626"", "" 123.662"", ""  59.582""], ["" 130.506"", "" 121.934"", ""  61.068""], ["" 131.938"", "" 123.559"", ""  60.267""], ["" 130.304"", "" 124.466"", ""  58.706""], ["" 131.866"", "" 122.523"", ""  61.159""], ["" 130.063"", "" 120.981"", ""  61.711""], ["" 133.107"", "" 124.307"", ""  60.124""], ["" 132.959"", "" 122.179"", ""  61.956""], ["" 134.213"", "" 123.978"", ""  60.914""], ["" 134.140"", "" 122.919"", ""  61.827""]]",[],RR24_Rahimova_2017
127,4285,RR24_Rahimova_2017-again1,receptor_tmp,1,12,-8.18,-0.19023255813953488,0.0,0.0,6,186.07,-9.67,-10.54,0.87,-9.67,0.0,-1.36,1.49,-1.36,45,8,0.0,0.0,0.0,8.065573,10.489043,2.150355,0.50871974,-0.33487381,-0.7931354,115.478249,"108.696983, 236.655243, 174.492386, 230.802414, 41.315025, ","[["" 127.728"", "" 125.464"", ""  57.576""], ["" 127.903"", "" 126.788"", ""  57.907""], ["" 128.235"", "" 129.466"", ""  58.623""], ["" 126.955"", "" 128.957"", ""  58.380""], ["" 129.348"", "" 128.625"", ""  58.515""], ["" 126.789"", "" 127.621"", ""  58.026""], ["" 129.182"", "" 127.289"", ""  58.164""], ["" 128.425"", "" 130.938"", ""  59.013""], ["" 132.334"", "" 131.731"", ""  60.561""], ["" 132.224"", "" 131.330"", ""  59.230""], ["" 131.309"", "" 131.874"", ""  61.324""], ["" 131.005"", "" 131.068"", ""  58.637""], ["" 130.064"", "" 131.618"", ""  60.826""], ["" 130.861"", "" 130.735"", ""  57.456""], ["" 129.853"", "" 131.225"", ""  59.531""], ["" 129.075"", "" 131.791"", ""  61.747""], ["" 127.837"", "" 131.736"", ""  61.422""], ["" 127.398"", "" 131.373"", ""  60.085""], ["" 126.652"", "" 132.009"", ""  62.215""], ["" 126.050"", "" 131.469"", ""  60.067""], ["" 125.551"", "" 131.861"", ""  61.384""], ["" 126.480"", "" 132.380"", ""  63.551""], ["" 124.258"", "" 132.079"", ""  61.879""], ["" 125.193"", "" 132.597"", ""  64.049""], ["" 124.084"", "" 132.446"", ""  63.214""], ["" 133.414"", "" 131.985"", ""  61.120""], ["" 133.386"", "" 131.156"", ""  58.327""], ["" 125.307"", "" 131.227"", ""  59.041""], ["" 126.533"", "" 124.856"", ""  57.837""], ["" 125.419"", "" 125.358"", ""  57.648""], ["" 126.703"", "" 123.409"", ""  58.384""], ["" 126.743"", "" 122.342"", ""  57.282""], ["" 127.858"", "" 123.290"", ""  59.322""], ["" 127.758"", "" 123.060"", ""  60.667""], ["" 129.144"", "" 123.425"", ""  58.890""], ["" 129.156"", "" 123.027"", ""  61.164""], ["" 126.728"", "" 122.913"", ""  61.326""], ["" 129.987"", "" 123.248"", ""  60.099""], ["" 129.529"", "" 123.645"", ""  57.741""], ["" 129.666"", "" 122.825"", ""  62.448""], ["" 131.373"", "" 123.276"", ""  60.260""], ["" 131.053"", "" 122.849"", ""  62.629""], ["" 131.903"", "" 123.073"", ""  61.538""]]",[],RR24_Rahimova_2017-again1
128,4451,RR25_Rahimova_2017,receptor_tmp,1,8,-8.88,-0.22769230769230772,0.0,0.0,4,187.81,-10.37,-10.42,0.05,-10.37,0.0,-0.94,1.49,-0.94,44,6,0.0,0.0,0.0,11.409816,7.743039,2.19033,0.87139477,0.39016586,-0.29739158,173.658844,"155.924545, 24.735926, 212.120209, 7.648402, 100.803719, ","[["" 130.853"", "" 125.704"", ""  63.183""], ["" 130.579"", "" 126.586"", ""  62.175""], ["" 130.545"", "" 126.189"", ""  60.751""], ["" 131.116"", "" 127.339"", ""  59.896""], ["" 130.411"", "" 128.598"", ""  60.152""], ["" 130.571"", "" 128.980"", ""  61.556""], ["" 129.997"", "" 127.905"", ""  62.510""], ["" 130.621"", "" 125.982"", ""  64.363""], ["" 131.601"", "" 124.363"", ""  62.931""], ["" 131.895"", "" 119.893"", ""  60.989""], ["" 133.290"", "" 120.017"", ""  61.064""], ["" 131.107"", "" 121.029"", ""  61.240""], ["" 133.882"", "" 121.236"", ""  61.387""], ["" 131.685"", "" 122.260"", ""  61.558""], ["" 133.082"", "" 122.348"", ""  61.645""], ["" 130.878"", "" 123.512"", ""  61.849""], ["" 133.736"", "" 123.528"", ""  61.952""], ["" 133.135"", "" 124.504"", ""  62.707""], ["" 133.870"", "" 125.403"", ""  63.118""], ["" 131.266"", "" 118.592"", ""  60.653""], ["" 131.929"", "" 117.762"", ""  60.036""], ["" 130.107"", "" 118.392"", ""  61.002""], ["" 130.863"", "" 129.662"", ""  59.245""], ["" 130.458"", "" 131.079"", ""  59.731""], ["" 129.039"", "" 131.246"", ""  60.158""], ["" 128.083"", "" 130.759"", ""  59.290""], ["" 128.859"", "" 131.878"", ""  61.370""], ["" 126.651"", "" 131.007"", ""  59.724""], ["" 128.356"", "" 130.180"", ""  58.233""], ["" 127.409"", "" 132.098"", ""  61.759""], ["" 129.796"", "" 132.253"", ""  62.084""], ["" 125.600"", "" 130.581"", ""  58.903""], ["" 126.334"", "" 131.669"", ""  60.939""], ["" 127.111"", "" 132.754"", ""  62.960""], ["" 124.273"", "" 130.799"", ""  59.266""], ["" 124.982"", "" 131.896"", ""  61.320""], ["" 125.790"", "" 132.981"", ""  63.344""], ["" 123.954"", "" 131.447"", ""  60.458""], ["" 124.729"", "" 132.564"", ""  62.542""]]",[],RR25_Rahimova_2017
129,4879,RR26_Rahimova_2017,receptor_tmp,1,11,-7.68,-0.20210526315789473,0.0,0.0,8,186.37,-8.88,-8.79,-0.09,-8.88,0.0,-1.33,1.19,-1.33,59,3,0.0,0.0,0.0,9.988207,6.960457,4.076928,-0.46056081,0.55515092,0.69259743,307.818604,"193.256088, 154.526749, 181.297699, 204.32106, ","[["" 126.382"", "" 125.562"", ""  61.408""], ["" 127.544"", "" 125.909"", ""  61.625""], ["" 128.737"", "" 125.083"", ""  61.787""], ["" 130.218"", "" 126.069"", ""  62.082""], ["" 128.643"", "" 123.737"", ""  61.697""], ["" 127.957"", "" 127.243"", ""  61.763""], ["" 129.257"", "" 127.498"", ""  61.995""], ["" 129.476"", "" 128.781"", ""  62.099""], ["" 128.259"", "" 129.284"", ""  61.912""], ["" 127.293"", "" 128.401"", ""  61.711""], ["" 129.706"", "" 122.754"", ""  61.821""], ["" 130.861"", "" 122.803"", ""  62.635""], ["" 129.865"", "" 121.570"", ""  61.117""], ["" 131.638"", "" 121.754"", ""  62.451""], ["" 131.033"", "" 120.984"", ""  61.534""], ["" 131.256"", "" 123.862"", ""  63.617""], ["" 132.529"", "" 124.449"", ""  63.555""], ["" 130.358"", "" 124.285"", ""  64.608""], ["" 132.909"", "" 125.434"", ""  64.469""], ["" 130.732"", "" 125.273"", ""  65.519""], ["" 132.014"", "" 125.839"", ""  65.457""], ["" 129.829"", "" 125.612"", ""  66.507""], ["" 132.412"", "" 126.849"", ""  66.310""], ["" 130.115"", "" 126.852"", ""  67.160""], ["" 131.622"", "" 126.954"", ""  67.499""], ["" 131.610"", "" 119.765"", ""  61.093""], ["" 130.848"", "" 118.589"", ""  61.034""], ["" 132.959"", "" 119.734"", ""  60.708""], ["" 131.428"", "" 117.400"", ""  60.602""], ["" 133.535"", "" 118.544"", ""  60.274""], ["" 132.768"", "" 117.382"", ""  60.224""], ["" 127.985"", "" 130.760"", ""  61.953""], ["" 128.513"", "" 131.547"", ""  60.919""], ["" 127.228"", "" 131.388"", ""  62.967""], ["" 128.291"", "" 132.922"", ""  60.879""], ["" 127.012"", "" 132.769"", ""  62.916""], ["" 127.537"", "" 133.533"", ""  61.876""], ["" 126.666"", "" 130.613"", ""  64.152""]]",[],RR26_Rahimova_2017
130,14118,RR27_Rahimova_2017,receptor_tmp,1,6,-9.97,-0.24925000000000003,0.0,0.0,4,189.13,-12.05,-11.8,-0.26,-12.05,0.0,-2.07,2.09,-2.07,45,4,0.0,0.0,0.0,8.115048,10.953024,1.942731,0.46566294,0.79022921,0.39836645,118.482346,"223.287399, 26.276377, 299.830688, 321.33374, 64.70993, 240.250076, 328.567871, ","[["" 130.722"", "" 126.375"", ""  62.562""], ["" 130.560"", "" 127.566"", ""  61.922""], ["" 130.032"", "" 127.568"", ""  60.663""], ["" 129.657"", "" 126.474"", ""  59.939""], ["" 129.820"", "" 125.321"", ""  60.593""], ["" 130.342"", "" 125.193"", ""  61.898""], ["" 130.363"", "" 123.873"", ""  62.240""], ["" 129.864"", "" 123.162"", ""  61.165""], ["" 129.535"", "" 124.029"", ""  60.184""], ["" 131.235"", "" 126.245"", ""  63.826""], ["" 130.887"", "" 126.898"", ""  64.437""], ["" 129.844"", "" 128.946"", ""  60.001""], ["" 128.359"", "" 129.419"", ""  59.886""], ["" 130.762"", "" 130.052"", ""  60.605""], ["" 128.232"", "" 130.851"", ""  59.322""], ["" 130.491"", "" 131.459"", ""  60.014""], ["" 129.052"", "" 131.721"", ""  60.178""], ["" 128.589"", "" 132.308"", ""  61.318""], ["" 129.351"", "" 132.849"", ""  62.124""], ["" 127.055"", "" 132.459"", ""  61.537""], ["" 126.586"", "" 133.926"", ""  61.538""], ["" 127.482"", "" 134.990"", ""  61.721""], ["" 125.226"", "" 134.202"", ""  61.353""], ["" 127.024"", "" 136.304"", ""  61.715""], ["" 124.768"", "" 135.516"", ""  61.346""], ["" 125.669"", "" 136.561"", ""  61.526""], ["" 126.562"", "" 131.619"", ""  62.731""], ["" 127.347"", "" 131.435"", ""  63.877""], ["" 125.308"", "" 131.000"", ""  62.653""], ["" 126.876"", "" 130.660"", ""  64.934""], ["" 124.837"", "" 130.226"", ""  63.708""], ["" 125.623"", "" 130.061"", ""  64.846""], ["" 129.002"", "" 123.543"", ""  58.913""], ["" 127.482"", "" 123.584"", ""  58.831""], ["" 126.712"", "" 123.607"", ""  60.000""], ["" 126.843"", "" 123.580"", ""  57.587""], ["" 125.319"", "" 123.625"", ""  59.926""], ["" 125.450"", "" 123.606"", ""  57.513""], ["" 124.688"", "" 123.631"", ""  58.680""], ["" 124.377"", "" 123.629"", ""  61.373""]]",[],RR27_Rahimova_2017
131,14424,RR27_Rahimova_2017-again1,receptor_tmp,1,4,-9.5,-0.2375,0.0,0.0,3,187.05,-11.29,-10.99,-0.3,-11.29,0.0,-2.58,1.79,-2.58,54,8,0.0,0.0,0.0,8.678354,12.648538,2.960985,-0.95633143,-0.0239756,0.29129945,221.326584,"25.072422, 201.095032, 35.535118, 291.705994, 232.250809, 57.043831, ","[["" 126.085"", "" 129.170"", ""  66.367""], ["" 126.247"", "" 129.284"", ""  65.155""], ["" 127.399"", "" 128.851"", ""  64.531""], ["" 127.719"", "" 128.921"", ""  63.179""], ["" 126.894"", "" 129.427"", ""  62.317""], ["" 125.717"", "" 129.882"", ""  62.830""], ["" 125.336"", "" 129.856"", ""  64.163""], ["" 124.136"", "" 130.389"", ""  64.309""], ["" 123.697"", "" 130.781"", ""  63.049""], ["" 124.659"", "" 130.451"", ""  62.170""], ["" 128.085"", "" 128.443"", ""  65.149""], ["" 129.080"", "" 128.379"", ""  62.729""], ["" 129.295"", "" 126.869"", ""  63.075""], ["" 129.432"", "" 128.804"", ""  61.269""], ["" 130.295"", "" 126.110"", ""  62.172""], ["" 130.415"", "" 127.880"", ""  60.508""], ["" 130.019"", "" 126.491"", ""  60.780""], ["" 129.073"", "" 125.887"", ""  60.003""], ["" 128.708"", "" 126.387"", ""  58.934""], ["" 128.567"", "" 124.456"", ""  60.356""], ["" 129.721"", "" 123.481"", ""  60.662""], ["" 131.030"", "" 123.712"", ""  60.213""], ["" 129.451"", "" 122.331"", ""  61.414""], ["" 132.046"", "" 122.809"", ""  60.511""], ["" 130.467"", "" 121.427"", ""  61.711""], ["" 131.760"", "" 121.670"", ""  61.258""], ["" 127.566"", "" 123.923"", ""  59.314""], ["" 126.203"", "" 124.251"", ""  59.373""], ["" 128.019"", "" 123.069"", ""  58.299""], ["" 125.314"", "" 123.741"", ""  58.431""], ["" 127.131"", "" 122.565"", ""  57.353""], ["" 125.782"", "" 122.901"", ""  57.424""], ["" 124.513"", "" 130.752"", ""  60.751""], ["" 125.840"", "" 130.957"", ""  60.038""], ["" 126.831"", "" 131.767"", ""  60.605""], ["" 126.079"", "" 130.336"", ""  58.807""], ["" 128.052"", "" 131.945"", ""  59.952""], ["" 127.300"", "" 130.515"", ""  58.155""], ["" 128.286"", "" 131.318"", ""  58.728""], ["" 129.274"", "" 132.935"", ""  60.662""]]",[],RR27_Rahimova_2017-again1
132,4945,RR28_Rahimova_2017,receptor_tmp,1,16,-7.73,-0.16104166666666667,0.0,0.0,4,183.94,-10.42,-10.01,-0.41,-10.42,0.0,-2.38,2.68,-2.38,78,2,0.0,0.0,0.0,9.533388,13.255026,3.860722,-0.47883786,0.83693992,0.26503939,281.402435,"205.090179, 59.432838, 14.268986, 71.200989, 323.400574, 311.78421, 128.191818, 299.445312, 44.283321, ","[["" 130.428"", "" 129.555"", ""  57.748""], ["" 130.420"", "" 130.925"", ""  58.469""], ["" 131.493"", "" 131.503"", ""  58.655""], ["" 129.225"", "" 131.515"", ""  58.746""], ["" 129.178"", "" 132.795"", ""  59.471""], ["" 127.966"", "" 130.760"", ""  58.815""], ["" 129.008"", "" 132.444"", ""  60.971""], ["" 127.747"", "" 130.374"", ""  60.301""], ["" 127.717"", "" 131.601"", ""  61.270""], ["" 127.633"", "" 131.082"", ""  62.734""], ["" 127.576"", "" 129.701"", ""  62.973""], ["" 127.604"", "" 131.950"", ""  63.837""], ["" 127.495"", "" 129.201"", ""  64.269""], ["" 127.524"", "" 131.451"", ""  65.135""], ["" 127.469"", "" 130.073"", ""  65.358""], ["" 127.376"", "" 129.506"", ""  66.774""], ["" 128.075"", "" 128.378"", ""  66.916""], ["" 127.839"", "" 130.390"", ""  67.658""], ["" 126.100"", "" 129.244"", ""  67.058""], ["" 126.501"", "" 132.398"", ""  60.990""], ["" 126.195"", "" 133.635"", ""  61.432""], ["" 126.917"", "" 134.302"", ""  62.170""], ["" 125.839"", "" 131.955"", ""  60.371""], ["" 124.862"", "" 134.208"", ""  60.965""], ["" 130.840"", "" 128.334"", ""  58.615""], ["" 129.732"", "" 127.275"", ""  58.824""], ["" 130.059"", "" 125.952"", ""  58.860""], ["" 128.558"", "" 127.658"", ""  58.827""], ["" 131.407"", "" 125.462"", ""  59.173""], ["" 129.032"", "" 124.947"", ""  59.162""], ["" 131.500"", "" 125.382"", ""  60.713""], ["" 129.010"", "" 124.778"", ""  60.705""], ["" 130.402"", "" 124.490"", ""  61.390""], ["" 130.859"", "" 123.001"", ""  61.254""], ["" 129.982"", "" 121.917"", ""  61.428""], ["" 132.201"", "" 122.718"", ""  60.953""], ["" 130.429"", "" 120.605"", ""  61.297""], ["" 132.651"", "" 121.409"", ""  60.821""], ["" 131.766"", "" 120.342"", ""  60.990""], ["" 132.271"", "" 118.908"", ""  60.838""], ["" 132.374"", "" 118.580"", ""  59.548""], ["" 133.475"", "" 118.807"", ""  61.400""], ["" 131.460"", "" 118.025"", ""  61.423""], ["" 130.343"", "" 124.807"", ""  62.833""], ["" 131.362"", "" 124.873"", ""  63.713""], ["" 132.541"", "" 124.679"", ""  63.418""], ["" 129.413"", "" 124.954"", ""  63.197""], ["" 130.990"", "" 125.207"", ""  65.154""]]",[],RR28_Rahimova_2017
133,14265,RR29_Rahimova_2017,receptor_tmp,2,10,-7.27,-0.3160869565217391,0.0,0.0,2,189.89,-8.47,-6.33,-2.14,-8.47,0.0,-0.11,1.19,-0.11,50,15,0.0,0.0,0.0,11.270989,10.5192,9.429059,-0.91549709,0.35977783,0.1800694,113.676079,"311.824615, 337.610046, 204.439392, 43.525417, ","[["" 129.239"", "" 127.743"", ""  70.194""], ["" 129.138"", "" 127.704"", ""  68.676""], ["" 128.062"", "" 128.125"", ""  68.122""], ["" 130.411"", "" 127.146"", ""  68.001""], ["" 130.101"", "" 125.908"", ""  67.134""], ["" 131.187"", "" 125.640"", ""  66.103""], ["" 130.834"", "" 125.315"", ""  64.781""], ["" 132.544"", "" 125.720"", ""  66.473""], ["" 131.863"", "" 125.087"", ""  63.874""], ["" 133.560"", "" 125.475"", ""  65.539""], ["" 131.781"", "" 124.735"", ""  62.564""], ["" 133.178"", "" 125.164"", ""  64.240""], ["" 133.092"", "" 124.805"", ""  62.070""], ["" 133.960"", "" 124.862"", ""  63.170""], ["" 128.000"", "" 128.170"", ""  66.746""], ["" 127.557"", "" 129.229"", ""  66.048""], ["" 127.138"", "" 130.375"", ""  66.586""], ["" 127.534"", "" 129.130"", ""  64.727""], ["" 128.285"", "" 127.337"", ""  66.252""], ["" 127.118"", "" 131.219"", ""  66.032""], ["" 126.851"", "" 130.394"", ""  67.554""], ["" 127.526"", "" 128.221"", ""  64.288""], ["" 127.517"", "" 129.966"", ""  64.161""]]",[],RR29_Rahimova_2017
134,4683,RR29_Rahimova_2017-again1,receptor_tmp,1,2,-6.42,-0.2918181818181818,0.0,0.0,5,194.06,-7.62,-7.38,-0.23,-7.62,0.0,-0.44,1.19,-0.44,50,11,0.0,0.0,0.0,8.110492,14.55332,15.528119,0.76464798,0.48887382,-0.41989981,213.214386,"220.917221, 319.772278, 190.101532, 336.142365, ","[["" 126.300"", "" 130.000"", ""  76.144""], ["" 127.301"", "" 130.118"", ""  75.005""], ["" 127.868"", "" 129.055"", ""  74.555""], ["" 127.494"", "" 131.563"", ""  74.505""], ["" 128.860"", "" 132.134"", ""  74.941""], ["" 129.478"", "" 133.026"", ""  73.875""], ["" 129.977"", "" 134.293"", ""  74.222""], ["" 129.551"", "" 132.579"", ""  72.541""], ["" 130.541"", "" 135.066"", ""  73.213""], ["" 130.115"", "" 133.384"", ""  71.542""], ["" 131.060"", "" 136.320"", ""  73.289""], ["" 130.606"", "" 134.629"", ""  71.919""], ["" 131.648"", "" 136.563"", ""  72.040""], ["" 131.167"", "" 135.594"", ""  71.146""], ["" 128.691"", "" 129.195"", ""  73.566""], ["" 128.656"", "" 128.309"", ""  72.639""], ["" 127.816"", "" 127.164"", ""  72.553""], ["" 129.513"", "" 128.384"", ""  71.521""], ["" 127.138"", "" 126.941"", ""  73.268""], ["" 127.861"", "" 126.514"", ""  71.782""], ["" 130.186"", "" 129.129"", ""  71.410""], ["" 129.505"", "" 127.696"", ""  70.783""]]",[],RR29_Rahimova_2017-again1
135,14239,RR2_Rahimova_2017,receptor_tmp,1,10,-9.75,-0.1989795918367347,0.0,0.0,7,186.33,-13.33,-13.02,-0.31,-13.33,0.0,-4.54,3.58,-4.54,65,6,0.0,0.0,0.0,11.263121,6.177772,0.716084,0.55739662,-0.10543201,0.8235248,235.610672,"93.733597, 359.786011, 358.33606, 236.864563, 339.121246, 130.444809, 190.899323, 82.129379, 232.381699, 87.109077, 125.703079, 350.516327, ","[["" 133.656"", "" 121.860"", ""  61.697""], ["" 133.050"", "" 123.199"", ""  60.716""], ["" 132.218"", "" 125.093"", ""  60.043""], ["" 132.651"", "" 124.453"", ""  58.983""], ["" 132.446"", "" 124.349"", ""  61.189""], ["" 133.165"", "" 123.237"", ""  59.412""], ["" 131.577"", "" 126.442"", ""  59.983""], ["" 130.380"", "" 128.969"", ""  59.889""], ["" 130.737"", "" 128.404"", ""  61.119""], ["" 130.620"", "" 128.261"", ""  58.711""], ["" 131.340"", "" 127.151"", ""  61.164""], ["" 131.217"", "" 127.005"", ""  58.755""], ["" 129.760"", "" 130.223"", ""  59.784""], ["" 129.269"", "" 130.434"", ""  58.927""], ["" 129.813"", "" 131.486"", ""  61.034""], ["" 129.392"", "" 132.727"", ""  60.372""], ["" 131.111"", "" 131.400"", ""  61.713""], ["" 128.518"", "" 131.054"", ""  62.193""], ["" 126.527"", "" 130.339"", ""  64.001""], ["" 126.932"", "" 131.672"", ""  63.902""], ["" 127.123"", "" 129.363"", ""  63.199""], ["" 127.926"", "" 132.032"", ""  62.996""], ["" 128.118"", "" 129.721"", ""  62.294""], ["" 125.453"", "" 129.947"", ""  65.000""], ["" 132.171"", "" 124.695"", ""  62.528""], ["" 133.211"", "" 125.081"", ""  63.375""], ["" 130.856"", "" 124.653"", ""  62.998""], ["" 132.932"", "" 125.426"", ""  64.695""], ["" 130.583"", "" 124.997"", ""  64.319""], ["" 131.623"", "" 125.387"", ""  65.178""], ["" 131.446"", "" 125.745"", ""  66.501""], ["" 130.156"", "" 126.157"", ""  66.943""], ["" 132.669"", "" 120.474"", ""  61.022""], ["" 131.153"", "" 120.711"", ""  60.991""], ["" 130.763"", "" 121.917"", ""  60.533""], ["" 130.388"", "" 119.814"", ""  61.355""], ["" 131.371"", "" 122.541"", ""  60.019""], ["" 129.414"", "" 122.111"", ""  60.255""], ["" 129.080"", "" 123.038"", ""  59.327""], ["" 129.898"", "" 123.769"", ""  58.758""], ["" 128.884"", "" 121.258"", ""  60.364""], ["" 127.605"", "" 123.134"", ""  58.990""], ["" 126.698"", "" 123.575"", ""  59.964""], ["" 127.114"", "" 122.790"", ""  57.721""], ["" 125.339"", "" 123.677"", ""  59.676""], ["" 125.755"", "" 122.891"", ""  57.437""], ["" 124.858"", "" 123.337"", ""  58.405""], ["" 123.529"", "" 123.410"", ""  58.028""], ["" 122.994"", "" 124.660"", ""  57.609""]]",[],RR2_Rahimova_2017
136,14463,RR30_Rahimova_2017,receptor_tmp,1,16,-6.46,-0.34,0.0,0.0,8,192.26,-7.96,-7.32,-0.63,-7.96,0.0,-0.56,1.49,-0.56,43,9,0.0,0.0,0.0,9.426872,9.408603,15.101131,0.23965515,0.40082914,0.88425189,159.594345,"355.40387, 41.868645, 152.294525, 262.948395, 126.125359, ","[["" 129.042"", "" 127.231"", ""  72.029""], ["" 129.462"", "" 126.119"", ""  72.993""], ["" 130.113"", "" 126.408"", ""  74.000""], ["" 129.106"", "" 124.864"", ""  72.639""], ["" 128.598"", "" 124.748"", ""  71.773""], ["" 129.374"", "" 123.700"", ""  73.345""], ["" 130.008"", "" 123.571"", ""  74.488""], ["" 128.821"", "" 122.196"", ""  72.679""], ["" 130.091"", "" 122.246"", ""  74.899""], ["" 129.523"", "" 121.406"", ""  74.065""], ["" 129.486"", "" 119.912"", ""  74.291""], ["" 129.058"", "" 128.871"", ""  72.821""], ["" 127.893"", "" 128.593"", ""  74.116""], ["" 128.133"", "" 128.152"", ""  75.325""], ["" 126.574"", "" 128.824"", ""  73.892""], ["" 126.898"", "" 128.090"", ""  75.965""], ["" 126.016"", "" 128.490"", ""  75.083""], ["" 124.518"", "" 128.626"", ""  75.252""], ["" 123.774"", "" 127.330"", ""  74.900""]]",[],RR30_Rahimova_2017
137,4706,RR31_Rahimova_2017,receptor_tmp,1,17,-6.77,-0.3223809523809524,0.0,0.0,3,188.37,-8.26,-6.07,-2.19,-8.26,0.0,-0.24,1.49,-0.24,37,9,0.0,0.0,0.0,11.595393,6.255079,3.635088,0.81756251,0.50748105,0.27212962,263.822723,"267.522034, 201.724548, 277.597046, 59.949989, 269.269745, ","[["" 132.567"", "" 123.907"", ""  63.325""], ["" 131.532"", "" 123.598"", ""  62.334""], ["" 128.848"", "" 123.700"", ""  61.094""], ["" 129.347"", "" 122.530"", ""  61.842""], ["" 129.978"", "" 124.541"", ""  60.652""], ["" 130.402"", "" 122.873"", ""  62.920""], ["" 131.009"", "" 124.839"", ""  61.765""], ["" 127.671"", "" 123.651"", ""  60.343""], ["" 125.225"", "" 123.616"", ""  60.252""], ["" 125.270"", "" 123.526"", ""  58.852""], ["" 126.421"", "" 123.675"", ""  60.978""], ["" 126.508"", "" 123.492"", ""  58.209""], ["" 127.690"", "" 123.550"", ""  58.943""], ["" 123.899"", "" 123.643"", ""  61.002""], ["" 123.997"", "" 123.465"", ""  58.019""], ["" 132.353"", "" 125.269"", ""  64.015""], ["" 131.212"", "" 125.228"", ""  65.045""], ["" 130.119"", "" 126.230"", ""  64.657""], ["" 129.378"", "" 125.760"", ""  64.156""], ["" 130.504"", "" 126.952"", ""  64.065""], ["" 129.730"", "" 126.660"", ""  65.484""]]",[],RR31_Rahimova_2017
138,4400,RR32_Rahimova_2017,receptor_tmp,6,17,-5.83,-0.3238888888888889,0.0,0.0,10,196.23,-6.13,-6.13,0.0,-6.13,0.0,-0.31,0.3,-0.31,48,1,0.0,0.0,0.0,9.428184,14.250711,16.667275,-0.43529405,-0.4977299,-0.75018933,298.281799,"308.765656, ","[["" 129.012"", "" 127.753"", ""  72.750""], ["" 128.620"", "" 129.087"", ""  73.379""], ["" 129.374"", "" 130.215"", ""  73.055""], ["" 129.045"", "" 131.450"", ""  73.607""], ["" 128.005"", "" 131.614"", ""  74.465""], ["" 127.253"", "" 130.531"", ""  74.803""], ["" 126.176"", "" 130.731"", ""  75.701""], ["" 125.374"", "" 129.661"", ""  76.082""], ["" 125.617"", "" 128.386"", ""  75.585""], ["" 126.666"", "" 128.156"", ""  74.700""], ["" 127.515"", "" 129.222"", ""  74.283""], ["" 129.795"", "" 132.567"", ""  73.283""], ["" 129.784"", "" 133.004"", ""  71.875""], ["" 129.644"", "" 133.751"", ""  74.151""], ["" 130.789"", "" 134.142"", ""  71.581""], ["" 130.649"", "" 134.880"", ""  73.824""], ["" 130.506"", "" 135.298"", ""  72.431""], ["" 131.434"", "" 136.383"", ""  72.131""]]",[],RR32_Rahimova_2017
139,14430,RR32_Rahimova_2017-again1,receptor_tmp,1,4,-6.7,-0.3526315789473684,0.0,0.0,3,187.27,-6.99,-5.32,-1.68,-6.99,0.0,-0.29,0.3,-0.29,41,2,0.0,0.0,0.0,10.983702,4.026325,4.25817,0.06425226,-0.34676178,0.93574992,120.362999,"273.134216, ","[["" 134.218"", "" 121.536"", ""  61.040""], ["" 132.784"", "" 121.109"", ""  61.317""], ["" 131.904"", "" 121.976"", ""  61.963""], ["" 130.585"", "" 121.583"", ""  62.212""], ["" 130.136"", "" 120.346"", ""  61.860""], ["" 130.971"", "" 119.479"", ""  61.226""], ["" 130.466"", "" 118.208"", ""  60.861""], ["" 131.285"", "" 117.291"", ""  60.208""], ["" 132.605"", "" 117.610"", ""  59.908""], ["" 133.131"", "" 118.852"", ""  60.256""], ["" 132.325"", "" 119.816"", ""  60.923""], ["" 129.687"", "" 122.432"", ""  62.868""], ["" 130.117"", "" 123.200"", ""  64.054""], ["" 128.701"", "" 123.262"", ""  62.144""], ["" 130.778"", "" 124.549"", ""  63.681""], ["" 129.274"", "" 124.621"", ""  61.678""], ["" 129.749"", "" 125.406"", ""  62.918""], ["" 130.361"", "" 126.758"", ""  62.505""], ["" 128.954"", "" 125.564"", ""  63.521""]]",[],RR32_Rahimova_2017-again1
140,4770,RR32_Rahimova_2017-again2,receptor_tmp,4,12,-7.43,-0.3715,0.0,0.0,6,187.85,-7.73,-5.27,-2.46,-7.73,0.0,0.26,0.3,0.26,43,2,0.0,0.0,0.0,9.885311,5.226295,4.508721,-0.84595209,0.4103343,-0.34057426,280.532288,"230.214539, ","[["" 128.642"", "" 122.858"", ""  57.979""], ["" 128.539"", "" 123.007"", ""  59.491""], ["" 129.683"", "" 122.904"", ""  60.287""], ["" 129.607"", "" 123.033"", ""  61.680""], ["" 128.397"", "" 123.268"", ""  62.226""], ["" 127.219"", "" 123.385"", ""  61.525""], ["" 126.001"", "" 123.631"", ""  62.198""], ["" 124.829"", "" 123.748"", ""  61.456""], ["" 124.852"", "" 123.625"", ""  60.069""], ["" 126.047"", "" 123.382"", ""  59.392""], ["" 127.272"", "" 123.254"", ""  60.106""], ["" 128.354"", "" 123.371"", ""  63.229""], ["" 130.758"", "" 122.950"", ""  62.543""], ["" 131.692"", "" 124.099"", ""  62.681""], ["" 130.738"", "" 122.216"", ""  63.835""], ["" 131.182"", "" 125.096"", ""  63.755""], ["" 130.172"", "" 123.110"", ""  64.970""], ["" 131.057"", "" 124.370"", ""  65.116""], ["" 130.498"", "" 125.315"", ""  66.197""], ["" 131.983"", "" 124.066"", ""  65.389""]]",[],RR32_Rahimova_2017-again2
141,14355,RR33_Rahimova_2017,receptor_tmp,1,11,-5.12,-0.2694736842105263,0.0,0.0,2,190.86,-6.61,-5.67,-0.95,-6.61,0.0,-0.5,1.49,-0.5,53,7,0.0,0.0,0.0,9.526171,10.512137,12.808571,0.6484573,-0.47223614,-0.597073,229.600754,"125.775017, 133.290359, 64.917496, 263.684814, 245.104843, ","[["" 128.791"", "" 127.773"", ""  73.639""], ["" 127.672"", "" 127.426"", ""  72.883""], ["" 127.752"", "" 127.345"", ""  71.496""], ["" 128.958"", "" 127.612"", ""  70.841""], ["" 130.082"", "" 127.964"", ""  71.595""], ["" 130.003"", "" 128.044"", ""  72.983""], ["" 128.618"", "" 127.825"", ""  75.009""], ["" 127.491"", "" 128.513"", ""  75.545""], ["" 127.456"", "" 129.929"", ""  74.963""], ["" 129.043"", "" 127.523"", ""  69.351""], ["" 129.738"", "" 126.667"", ""  68.636""], ["" 128.336"", "" 128.410"", ""  68.603""], ["" 129.492"", "" 126.984"", ""  67.374""], ["" 128.622"", "" 128.066"", ""  67.326""], ["" 127.974"", "" 128.875"", ""  66.229""], ["" 130.117"", "" 126.201"", ""  66.239""], ["" 131.228"", "" 125.395"", ""  66.722""], ["" 132.488"", "" 125.886"", ""  66.189""], ["" 131.098"", "" 124.437"", ""  66.426""]]",[],RR33_Rahimova_2017
142,14091,RR33_Rahimova_2017-again1,receptor_tmp,1,7,-6.23,-0.3115,0.0,0.0,7,185.93,-7.72,-5.56,-2.16,-7.72,0.0,-0.75,1.49,-0.75,32,6,0.0,0.0,0.0,9.766244,5.276966,3.901785,0.32240059,0.94659785,-0.00322215,183.220062,"89.759445, 41.641052, 294.623566, 18.307617, 172.705353, ","[["" 132.116"", "" 120.454"", ""  61.229""], ["" 132.391"", "" 121.820"", ""  61.277""], ["" 131.358"", "" 122.749"", ""  61.372""], ["" 130.027"", "" 122.321"", ""  61.421""], ["" 129.748"", "" 120.950"", ""  61.373""], ["" 130.781"", "" 120.023"", ""  61.278""], ["" 133.205"", "" 119.609"", ""  61.135""], ["" 133.141"", "" 118.478"", ""  60.271""], ["" 132.572"", "" 117.291"", ""  61.053""], ["" 128.915"", "" 123.315"", ""  61.522""], ["" 129.011"", "" 124.606"", ""  61.753""], ["" 127.637"", "" 122.884"", ""  61.368""], ["" 127.766"", "" 125.058"", ""  61.748""], ["" 126.891"", "" 124.004"", ""  61.515""], ["" 125.394"", "" 123.856"", ""  61.399""], ["" 127.463"", "" 126.523"", ""  61.995""], ["" 128.305"", "" 127.018"", ""  63.183""], ["" 129.366"", "" 128.057"", ""  62.793""], ["" 127.689"", "" 127.421"", ""  63.874""], ["" 128.766"", "" 126.223"", ""  63.604""]]",[],RR33_Rahimova_2017-again1
143,4523,RR3_Rahimova_2017,receptor_tmp,1,2,-6.27,-0.15675,0.0,0.0,10,185.33,-7.76,-7.63,-0.13,-7.76,0.0,-1.69,1.49,-1.69,76,2,0.0,0.0,0.0,11.206088,9.37168,7.197161,-0.62862756,0.51963843,0.57862189,283.200928,"172.90715, 94.820831, 6.269135, 228.155884, 279.553497, ","[["" 130.751"", "" 126.173"", ""  63.624""], ["" 131.073"", "" 125.722"", ""  64.915""], ["" 131.842"", "" 124.611"", ""  64.683""], ["" 131.915"", "" 124.429"", ""  63.330""], ["" 131.254"", "" 125.367"", ""  62.695""], ["" 132.256"", "" 124.016"", ""  65.387""], ["" 129.972"", "" 127.385"", ""  63.221""], ["" 128.513"", "" 129.672"", ""  62.458""], ["" 128.029"", "" 128.810"", ""  63.452""], ["" 129.735"", "" 129.362"", ""  61.847""], ["" 128.747"", "" 127.678"", ""  63.827""], ["" 130.455"", "" 128.230"", ""  62.220""], ["" 127.743"", "" 130.891"", ""  62.056""], ["" 126.344"", "" 130.858"", ""  61.955""], ["" 128.404"", "" 132.095"", ""  61.771""], ["" 125.627"", "" 131.992"", ""  61.583""], ["" 127.691"", "" 133.231"", ""  61.398""], ["" 126.304"", "" 133.175"", ""  61.306""], ["" 130.725"", "" 126.195"", ""  66.289""], ["" 131.612"", "" 127.008"", ""  66.995""], ["" 129.508"", "" 125.837"", ""  66.874""], ["" 131.296"", "" 127.440"", ""  68.280""], ["" 129.196"", "" 126.271"", ""  68.159""], ["" 130.086"", "" 127.074"", ""  68.886""], ["" 129.759"", "" 127.524"", ""  70.275""], ["" 128.426"", "" 127.645"", ""  70.697""], ["" 130.779"", "" 127.829"", ""  71.189""], ["" 128.121"", "" 128.060"", ""  71.991""], ["" 130.478"", "" 128.242"", ""  72.484""], ["" 129.150"", "" 128.357"", ""  72.880""], ["" 132.631"", "" 123.327"", ""  62.694""], ["" 134.001"", "" 123.251"", ""  62.508""], ["" 132.091"", "" 122.107"", ""  62.141""], ["" 134.330"", "" 122.075"", ""  61.887""], ["" 133.191"", "" 121.340"", ""  61.642""], ["" 130.796"", "" 121.573"", ""  62.012""], ["" 133.023"", "" 120.090"", ""  61.037""], ["" 130.629"", "" 120.328"", ""  61.408""], ["" 131.719"", "" 119.606"", ""  60.934""], ["" 135.283"", "" 121.827"", ""  61.663""]]",[],RR3_Rahimova_2017
144,4436,RR4_Rahimova_2017,receptor_tmp,1,5,-7.68,-0.1873170731707317,0.0,0.0,8,183.83,-10.07,-9.78,-0.29,-10.07,0.0,-4.07,2.39,-4.07,42,6,0.0,0.0,0.0,6.613428,9.132845,2.145035,0.54151018,0.10451897,-0.83417175,138.231979,"221.598358, 145.955032, 142.406509, 72.238586, 125.301804, 211.715027, 62.667374, 300.608856, ","[["" 126.858"", "" 129.331"", ""  60.505""], ["" 127.838"", "" 128.744"", ""  61.316""], ["" 128.576"", "" 127.647"", ""  60.861""], ["" 128.339"", "" 127.115"", ""  59.635""], ["" 127.376"", "" 127.642"", ""  58.844""], ["" 126.613"", "" 128.770"", ""  59.228""], ["" 125.600"", "" 129.345"", ""  58.339""], ["" 124.800"", "" 129.800"", ""  57.637""], ["" 126.130"", "" 130.518"", ""  61.047""], ["" 124.761"", "" 132.767"", ""  62.033""], ["" 125.984"", "" 132.914"", ""  61.378""], ["" 124.221"", "" 131.482"", ""  62.191""], ["" 126.661"", "" 131.801"", ""  60.887""], ["" 124.900"", "" 130.370"", ""  61.698""], ["" 124.161"", "" 133.926"", ""  62.486""], ["" 124.173"", "" 135.084"", ""  61.657""], ["" 129.640"", "" 126.983"", ""  61.688""], ["" 129.385"", "" 126.589"", ""  63.010""], ["" 130.921"", "" 126.742"", ""  61.167""], ["" 130.368"", "" 125.973"", ""  63.777""], ["" 131.907"", "" 126.126"", ""  61.932""], ["" 131.636"", "" 125.734"", ""  63.251""], ["" 132.549"", "" 125.119"", ""  64.086""], ["" 132.558"", "" 125.452"", ""  65.470""], ["" 127.195"", "" 126.802"", ""  57.285""], ["" 126.539"", "" 125.134"", ""  57.625""], ["" 127.542"", "" 124.176"", ""  58.282""], ["" 128.669"", "" 124.766"", ""  58.745""], ["" 127.292"", "" 122.972"", ""  58.372""], ["" 128.747"", "" 125.763"", ""  58.607""], ["" 129.761"", "" 124.173"", ""  59.383""], ["" 129.711"", "" 123.408"", ""  60.558""], ["" 131.395"", "" 124.311"", ""  58.792""], ["" 128.480"", "" 123.132"", ""  61.293""], ["" 130.980"", "" 122.922"", ""  60.955""], ["" 132.008"", "" 123.341"", ""  60.095""], ["" 127.504"", "" 122.912"", ""  61.875""], ["" 131.272"", "" 122.084"", ""  62.205""], ["" 133.493"", "" 123.062"", ""  60.288""], ["" 132.775"", "" 122.139"", ""  62.561""], ["" 133.671"", "" 121.934"", ""  61.327""]]",[],RR4_Rahimova_2017
145,14508,RR5_Rahimova_2017,receptor_tmp,1,20,-11.19,-0.233125,0.0,0.0,6,184.13,-14.77,-14.8,0.03,-14.77,0.0,-4.4,3.58,-4.4,79,11,0.0,0.0,0.0,9.721815,7.627383,5.690561,-0.12801729,0.6630633,0.73753551,132.483658,"55.859795, 318.087921, 202.020325, 2.604286, 334.309296, 341.310181, 342.201202, 300.741852, 334.139313, 43.485584, 133.949127, 152.38205, ","[["" 126.118"", "" 124.338"", ""  60.931""], ["" 127.137"", "" 123.294"", ""  60.351""], ["" 128.367"", "" 123.054"", ""  61.247""], ["" 128.216"", "" 122.877"", ""  62.454""], ["" 129.562"", "" 123.089"", ""  60.616""], ["" 129.495"", "" 123.146"", ""  59.610""], ["" 130.972"", "" 122.917"", ""  61.077""], ["" 131.772"", "" 123.700"", ""  59.982""], ["" 133.175"", "" 123.653"", ""  59.924""], ["" 131.097"", "" 124.476"", ""  59.019""], ["" 133.876"", "" 124.352"", ""  58.945""], ["" 131.797"", "" 125.184"", ""  58.046""], ["" 133.185"", "" 125.120"", ""  58.014""], ["" 131.085"", "" 123.576"", ""  62.492""], ["" 130.766"", "" 122.870"", ""  63.663""], ["" 131.506"", "" 124.912"", ""  62.613""], ["" 130.855"", "" 123.483"", ""  64.910""], ["" 131.587"", "" 125.529"", ""  63.858""], ["" 131.262"", "" 124.810"", ""  65.003""], ["" 131.253"", "" 121.376"", ""  61.050""], ["" 130.240"", "" 120.450"", ""  61.356""], ["" 132.520"", "" 120.869"", ""  60.709""], ["" 130.486"", "" 119.080"", ""  61.341""], ["" 132.770"", "" 119.499"", ""  60.693""], ["" 131.752"", "" 118.610"", ""  61.014""], ["" 126.695"", "" 125.310"", ""  61.882""], ["" 126.899"", "" 126.637"", ""  61.532""], ["" 126.602"", "" 127.170"", ""  60.459""], ["" 127.101"", "" 124.958"", ""  62.737""], ["" 127.499"", "" 127.260"", ""  62.561""], ["" 128.320"", "" 128.407"", ""  62.360""], ["" 127.619"", "" 129.682"", ""  62.879""], ["" 126.433"", "" 130.112"", ""  62.034""], ["" 126.980"", "" 129.519"", ""  64.245""], ["" 126.381"", "" 130.435"", ""  60.675""], ["" 125.268"", "" 130.148"", ""  62.801""], ["" 125.610"", "" 129.779"", ""  64.184""], ["" 127.564"", "" 129.168"", ""  65.464""], ["" 125.163"", "" 130.788"", ""  60.091""], ["" 124.049"", "" 130.500"", ""  62.219""], ["" 124.819"", "" 129.678"", ""  65.331""], ["" 126.779"", "" 129.069"", ""  66.613""], ["" 123.999"", "" 130.819"", ""  60.861""], ["" 125.407"", "" 129.324"", ""  66.546""], ["" 124.910"", "" 123.623"", ""  61.585""], ["" 123.863"", "" 123.375"", ""  61.020""], ["" 125.212"", "" 123.300"", ""  62.877""], ["" 126.081"", "" 122.902"", ""  62.959""]]",[],RR5_Rahimova_2017
146,4574,RR5_Rahimova_2017-again1,receptor_tmp,1,16,-10.12,-0.21531914893617018,0.0,0.0,5,186.81,-13.4,-13.39,-0.01,-13.4,0.0,-3.12,3.28,-3.12,79,14,0.0,0.0,0.0,11.89709,8.570975,8.606782,0.47899233,0.44085251,-0.75908854,205.95282,"33.008301, 280.759155, 106.295708, 45.01733, 293.072266, 239.631348, 345.876282, 336.955902, 323.530212, 100.558464, 126.960449, ","[["" 131.670"", "" 125.136"", ""  64.816""], ["" 130.775"", "" 123.859"", ""  64.927""], ["" 130.731"", "" 122.934"", ""  63.693""], ["" 130.892"", "" 121.724"", ""  63.853""], ["" 130.641"", "" 123.507"", ""  62.474""], ["" 130.447"", "" 124.498"", ""  62.465""], ["" 130.596"", "" 122.873"", ""  61.132""], ["" 131.639"", "" 123.546"", ""  60.185""], ["" 131.239"", "" 124.141"", ""  58.975""], ["" 133.003"", "" 123.593"", ""  60.528""], ["" 132.165"", "" 124.753"", ""  58.135""], ["" 133.931"", "" 124.205"", ""  59.689""], ["" 133.508"", "" 124.783"", ""  58.496""], ["" 130.989"", "" 121.361"", ""  61.096""], ["" 130.051"", "" 120.364"", ""  61.416""], ["" 132.284"", "" 120.959"", ""  60.729""], ["" 130.398"", "" 119.016"", ""  61.387""], ["" 132.634"", "" 119.612"", ""  60.698""], ["" 131.690"", "" 118.645"", ""  61.029""], ["" 129.136"", "" 123.145"", ""  60.627""], ["" 128.257"", "" 123.988"", ""  61.329""], ["" 128.691"", "" 122.586"", ""  59.416""], ["" 126.971"", "" 124.234"", ""  60.858""], ["" 127.405"", "" 122.831"", ""  58.942""], ["" 126.548"", "" 123.651"", ""  59.668""], ["" 130.970"", "" 126.148"", ""  63.997""], ["" 131.279"", "" 126.345"", ""  62.656""], ["" 132.147"", "" 125.752"", ""  62.008""], ["" 130.204"", "" 126.661"", ""  64.412""], ["" 130.470"", "" 127.301"", ""  62.162""], ["" 130.930"", "" 128.202"", ""  61.161""], ["" 129.734"", "" 128.913"", ""  60.498""], ["" 128.897"", "" 129.724"", ""  61.472""], ["" 130.160"", "" 129.972"", ""  59.501""], ["" 128.202"", "" 129.309"", ""  62.611""], ["" 128.877"", "" 131.070"", ""  61.100""], ["" 129.665"", "" 131.224"", ""  59.868""], ["" 130.935"", "" 129.844"", ""  58.345""], ["" 127.500"", "" 130.242"", ""  63.377""], ["" 128.175"", "" 132.004"", ""  61.864""], ["" 129.945"", "" 132.351"", ""  59.092""], ["" 131.216"", "" 130.968"", ""  57.566""], ["" 127.487"", "" 131.587"", ""  63.005""], ["" 130.722"", "" 132.220"", ""  57.939""], ["" 133.106"", "" 124.806"", ""  64.241""], ["" 133.124"", "" 123.879"", ""  63.396""], ["" 134.057"", "" 125.515"", ""  64.650""]]",[],RR5_Rahimova_2017-again1
147,4337,RR6_Rahimova_2017,receptor_tmp,1,6,-6.64,-0.17025641025641025,0.0,0.0,2,187.74,-9.32,-8.87,-0.45,-9.32,0.0,-3.0,2.68,-3.0,32,6,0.0,0.0,0.0,7.436204,10.277862,4.255665,-0.30569072,-0.60350399,0.73643474,283.521088,"297.552704, 359.759399, 299.726105, 133.967331, 307.7052, 105.673584, 294.121368, 355.433624, 340.822571, ","[["" 126.471"", "" 125.151"", ""  58.452""], ["" 126.798"", "" 124.203"", ""  59.976""], ["" 127.631"", "" 125.307"", ""  61.098""], ["" 127.526"", "" 127.405"", ""  62.141""], ["" 128.717"", "" 127.142"", ""  62.825""], ["" 127.002"", "" 126.492"", ""  61.285""], ["" 129.390"", "" 125.925"", ""  62.646""], ["" 128.836"", "" 124.977"", ""  61.750""], ["" 129.503"", "" 123.696"", ""  61.494""], ["" 130.029"", "" 122.685"", ""  61.294""], ["" 126.736"", "" 128.665"", ""  62.338""], ["" 125.237"", "" 131.016"", ""  62.706""], ["" 125.874"", "" 130.416"", ""  63.791""], ["" 125.342"", "" 130.449"", ""  61.439""], ["" 126.618"", "" 129.254"", ""  63.607""], ["" 126.088"", "" 129.288"", ""  61.260""], ["" 124.419"", "" 132.278"", ""  62.914""], ["" 130.646"", "" 125.703"", ""  63.421""], ["" 131.858"", "" 125.504"", ""  62.753""], ["" 130.639"", "" 125.719"", ""  64.819""], ["" 133.037"", "" 125.312"", ""  63.469""], ["" 131.817"", "" 125.527"", ""  65.538""], ["" 133.029"", "" 125.321"", ""  64.862""], ["" 134.246"", "" 125.125"", ""  65.488""], ["" 134.304"", "" 125.135"", ""  66.910""], ["" 126.931"", "" 126.611"", ""  58.524""], ["" 128.229"", "" 126.798"", ""  58.851""], ["" 126.107"", "" 127.505"", ""  58.334""], ["" 128.760"", "" 125.965"", ""  59.058""], ["" 128.931"", "" 128.000"", ""  59.060""], ["" 128.517"", "" 129.259"", ""  58.601""], ["" 130.116"", "" 127.892"", ""  59.788""], ["" 129.274"", "" 130.392"", ""  58.889""], ["" 130.871"", "" 129.026"", ""  60.078""], ["" 130.457"", "" 130.290"", ""  59.635""], ["" 131.293"", "" 131.491"", ""  59.971""], ["" 131.456"", "" 131.904"", ""  61.124""], ["" 131.851"", "" 132.079"", ""  58.881""], ["" 132.949"", "" 131.478"", ""  58.208""]]",[],RR6_Rahimova_2017
148,4672,RR7_Rahimova_2017,receptor_tmp,1,16,-9.84,-0.20081632653061224,0.0,0.0,3,187.82,-13.12,-12.83,-0.29,-13.12,0.0,-3.53,3.28,-3.53,68,5,0.0,0.0,0.0,10.861667,9.74598,1.421471,0.19065543,-0.29936389,0.93489666,103.37986,"160.751465, 356.096954, 255.634888, 336.167694, 24.507051, 24.771955, 135.489212, 317.785248, 63.45578, 246.095657, 294.501373, ","[["" 129.147"", "" 129.284"", ""  58.196""], ["" 127.938"", "" 128.618"", ""  57.519""], ["" 126.649"", "" 128.611"", ""  58.354""], ["" 126.704"", "" 127.281"", ""  59.085""], ["" 127.345"", "" 126.408"", ""  58.013""], ["" 128.262"", "" 127.239"", ""  57.361""], ["" 125.486"", "" 128.730"", ""  57.553""], ["" 125.035"", "" 127.882"", ""  57.541""], ["" 128.013"", "" 125.220"", ""  58.509""], ["" 127.749"", "" 124.537"", ""  59.686""], ["" 128.961"", "" 124.444"", ""  57.866""], ["" 126.878"", "" 124.826"", ""  60.662""], ["" 128.622"", "" 123.419"", ""  59.677""], ["" 129.368"", "" 123.391"", ""  58.530""], ["" 126.911"", "" 123.932"", ""  61.687""], ["" 128.574"", "" 122.560"", ""  60.792""], ["" 127.699"", "" 122.832"", ""  61.807""], ["" 129.429"", "" 121.443"", ""  60.821""], ["" 130.763"", "" 121.396"", ""  61.054""], ["" 131.465"", "" 122.386"", ""  61.269""], ["" 128.972"", "" 120.561"", ""  60.638""], ["" 131.388"", "" 120.018"", ""  61.005""], ["" 132.746"", "" 119.883"", ""  60.676""], ["" 130.642"", "" 118.863"", ""  61.295""], ["" 133.342"", "" 118.627"", ""  60.631""], ["" 131.240"", "" 117.606"", ""  61.250""], ["" 132.588"", "" 117.494"", ""  60.918""], ["" 128.711"", "" 130.472"", ""  58.864""], ["" 128.984"", "" 130.652"", ""  60.272""], ["" 130.494"", "" 130.987"", ""  60.402""], ["" 131.087"", "" 131.106"", ""  61.669""], ["" 131.291"", "" 131.195"", ""  59.264""], ["" 132.436"", "" 131.419"", ""  61.797""], ["" 132.641"", "" 131.507"", ""  59.391""], ["" 133.208"", "" 131.619"", ""  60.657""], ["" 128.073"", "" 131.826"", ""  60.750""], ["" 126.677"", "" 131.780"", ""  60.617""], ["" 128.654"", "" 132.988"", ""  61.277""], ["" 125.888"", "" 132.851"", ""  61.023""], ["" 127.865"", "" 134.061"", ""  61.682""], ["" 126.470"", "" 133.999"", ""  61.559""], ["" 125.607"", "" 135.013"", ""  61.929""], ["" 124.529"", "" 135.356"", ""  61.065""], ["" 128.791"", "" 129.300"", ""  61.015""], ["" 127.625"", "" 129.059"", ""  61.760""], ["" 129.786"", "" 128.309"", ""  60.986""], ["" 127.448"", "" 127.856"", ""  62.436""], ["" 129.610"", "" 127.105"", ""  61.662""], ["" 128.441"", "" 126.882"", ""  62.382""]]",[],RR7_Rahimova_2017
149,4379,RR8_A_Rahimova_2017,receptor_tmp,1,20,-8.11,-0.19309523809523807,0.0,0.0,1,186.18,-12.28,-12.01,-0.27,-12.28,0.0,-4.17,4.18,-4.17,67,4,0.0,0.0,0.0,11.180876,8.493685,2.818107,-0.41188216,0.81736068,0.40283322,155.913651,"29.90127, 209.039993, 89.429077, 34.758701, 144.52565, 48.696815, 42.15152, 250.673233, 234.951492, 248.082672, 205.325531, 72.5821, 295.693604, 209.83728, ","[["" 129.727"", "" 125.591"", ""  60.340""], ["" 131.052"", "" 124.900"", ""  60.631""], ["" 131.097"", "" 123.944"", ""  59.453""], ["" 130.528"", "" 124.780"", ""  58.299""], ["" 129.701"", "" 125.740"", ""  58.950""], ["" 129.711"", "" 126.830"", ""  60.994""], ["" 128.579"", "" 127.166"", ""  61.686""], ["" 128.373"", "" 126.878"", ""  62.870""], ["" 127.591"", "" 127.923"", ""  60.846""], ["" 126.653"", "" 128.800"", ""  61.414""], ["" 127.595"", "" 127.750"", ""  59.456""], ["" 125.749"", "" 129.487"", ""  60.608""], ["" 126.690"", "" 128.437"", ""  58.653""], ["" 125.756"", "" 129.315"", ""  59.218""], ["" 124.794"", "" 130.048"", ""  58.361""], ["" 124.483"", "" 129.564"", ""  57.277""], ["" 124.339"", "" 131.114"", ""  58.766""], ["" 131.066"", "" 124.181"", ""  61.862""], ["" 130.258"", "" 124.723"", ""  62.901""], ["" 131.128"", "" 125.097"", ""  64.092""], ["" 130.539"", "" 125.491"", ""  65.298""], ["" 132.521"", "" 125.027"", ""  63.985""], ["" 131.340"", "" 125.822"", ""  66.388""], ["" 133.321"", "" 125.359"", ""  65.076""], ["" 132.726"", "" 125.756"", ""  66.272""], ["" 132.460"", "" 123.574"", ""  59.259""], ["" 133.089"", "" 122.934"", ""  60.363""], ["" 132.468"", "" 121.563"", ""  60.591""], ["" 133.204"", "" 120.411"", ""  60.300""], ["" 131.158"", "" 121.452"", ""  61.070""], ["" 132.639"", "" 119.154"", ""  60.497""], ["" 130.593"", "" 120.194"", ""  61.269""], ["" 131.336"", "" 119.052"", ""  60.983""], ["" 129.672"", "" 124.006"", ""  57.281""], ["" 129.074"", "" 122.895"", ""  57.935""], ["" 127.653"", "" 122.931"", ""  57.952""], ["" 127.161"", "" 123.185"", ""  59.369""], ["" 128.017"", "" 122.974"", ""  60.453""], ["" 125.857"", "" 123.646"", ""  59.588""], ["" 127.570"", "" 123.212"", ""  61.750""], ["" 125.410"", "" 123.882"", ""  60.885""], ["" 126.268"", "" 123.664"", ""  61.960""]]",[],RR8_A_Rahimova_2017
150,4376,RR8_B_Rahimova_2017,receptor_tmp,1,14,-8.68,-0.20666666666666667,0.0,0.0,1,185.84,-12.85,-12.58,-0.27,-12.85,0.0,-2.66,4.18,-2.66,87,9,0.0,0.0,0.0,12.088752,9.112426,2.586686,-0.5163791,-0.25037062,0.81894272,0.096504,"346.570587, 276.153259, 141.315277, 9.460759, 182.837463, 283.571228, 282.309174, 144.378326, 139.758575, 41.066257, 33.009602, 34.709362, 194.459503, 131.462524, ","[["" 129.036"", "" 125.778"", ""  61.906""], ["" 129.244"", "" 124.365"", ""  61.363""], ["" 130.653"", "" 124.105"", ""  61.884""], ["" 130.657"", "" 124.781"", ""  63.260""], ["" 129.620"", "" 125.757"", ""  63.178""], ["" 129.666"", "" 126.704"", ""  61.055""], ["" 129.708"", "" 128.015"", ""  61.445""], ["" 130.688"", "" 128.753"", ""  61.307""], ["" 128.406"", "" 128.479"", ""  62.032""], ["" 127.303"", "" 128.797"", ""  61.226""], ["" 128.285"", "" 128.605"", ""  63.421""], ["" 126.112"", "" 129.233"", ""  61.797""], ["" 127.096"", "" 129.048"", ""  63.991""], ["" 125.996"", "" 129.372"", ""  63.186""], ["" 124.734"", "" 129.862"", ""  63.791""], ["" 124.527"", "" 129.641"", ""  64.981""], ["" 123.941"", "" 130.478"", ""  63.082""], ["" 129.217"", "" 124.286"", ""  59.940""], ["" 128.741"", "" 123.062"", ""  59.402""], ["" 127.287"", "" 123.250"", ""  59.005""], ["" 126.319"", "" 123.513"", ""  59.978""], ["" 126.920"", "" 123.141"", ""  57.661""], ["" 124.985"", "" 123.665"", ""  59.605""], ["" 125.587"", "" 123.292"", ""  57.289""], ["" 124.626"", "" 123.553"", ""  58.264""], ["" 130.959"", "" 122.715"", ""  62.024""], ["" 131.918"", "" 122.166"", ""  61.118""], ["" 131.819"", "" 120.646"", ""  61.022""], ["" 130.616"", "" 120.002"", ""  61.325""], ["" 132.926"", "" 119.903"", ""  60.605""], ["" 130.519"", "" 118.618"", ""  61.205""], ["" 132.830"", "" 118.518"", ""  60.488""], ["" 131.627"", "" 117.883"", ""  60.788""], ["" 131.977"", "" 125.466"", ""  63.657""], ["" 131.875"", "" 125.938"", ""  64.995""], ["" 130.809"", "" 125.378"", ""  65.747""], ["" 130.559"", "" 126.236"", ""  66.978""], ["" 131.528"", "" 127.157"", ""  67.390""], ["" 129.375"", "" 126.093"", ""  67.707""], ["" 131.316"", "" 127.928"", ""  68.530""], ["" 129.163"", "" 126.867"", ""  68.845""], ["" 130.135"", "" 127.778"", ""  69.253""]]",[],RR8_B_Rahimova_2017
151,5343,RR9_Rahimova_2017,receptor_tmp,1,19,-7.88,-0.20736842105263156,0.0,0.0,3,184.81,-10.27,-10.25,-0.01,-10.27,0.0,-1.36,2.39,-1.36,72,2,0.0,0.0,0.0,10.780578,7.844109,2.858425,0.11400627,0.05766362,-0.99180516,132.698502,"6.57804, 296.662811, 243.16066, 207.948029, 113.539009, 23.548704, 68.876755, 52.32782, ","[["" 132.475"", "" 123.164"", ""  61.219""], ["" 133.634"", "" 123.606"", ""  61.652""], ["" 133.545"", "" 124.940"", ""  61.783""], ["" 132.305"", "" 125.397"", ""  61.406""], ["" 131.567"", "" 124.263"", ""  60.989""], ["" 130.254"", "" 124.478"", ""  60.502""], ["" 129.792"", "" 125.806"", ""  60.520""], ["" 130.609"", "" 126.858"", ""  60.964""], ["" 131.879"", "" 126.660"", ""  61.415""], ["" 134.331"", "" 125.477"", ""  62.120""], ["" 132.248"", "" 121.697"", ""  61.058""], ["" 131.810"", "" 118.961"", ""  60.732""], ["" 133.025"", "" 119.523"", ""  60.338""], ["" 130.812"", "" 119.765"", ""  61.285""], ["" 133.244"", "" 120.888"", ""  60.503""], ["" 131.034"", "" 121.129"", ""  61.451""], ["" 131.563"", "" 117.476"", ""  60.536""], ["" 129.368"", "" 123.410"", ""  59.920""], ["" 129.159"", "" 123.483"", ""  58.590""], ["" 128.900"", "" 122.528"", ""  60.640""], ["" 129.512"", "" 124.290"", ""  58.097""], ["" 128.446"", "" 122.493"", ""  57.777""], ["" 127.084"", "" 123.006"", ""  57.255""], ["" 126.041"", "" 123.257"", ""  58.338""], ["" 124.691"", "" 123.390"", ""  57.995""], ["" 126.433"", "" 123.327"", ""  59.677""], ["" 123.737"", "" 123.585"", ""  58.990""], ["" 125.478"", "" 123.523"", ""  60.672""], ["" 124.135"", "" 123.650"", ""  60.324""], ["" 130.127"", "" 128.278"", ""  60.972""], ["" 131.028"", "" 129.352"", ""  60.925""], ["" 128.756"", "" 128.570"", ""  61.019""], ["" 130.575"", "" 130.668"", ""  60.928""], ["" 128.300"", "" 129.886"", ""  61.024""], ["" 129.211"", "" 130.950"", ""  60.977""], ["" 128.855"", "" 132.284"", ""  60.974""], ["" 128.285"", "" 132.859"", ""  62.145""], ["" 127.442"", "" 134.072"", ""  61.738""]]",[],RR9_Rahimova_2017
