,Pose_ID,LigName,receptor,pose_rank,run_number,docking_score,leff,deltas,cluster_rmsd,cluster_size,reference_rmsd,energies_inter,energies_vdw,energies_electro,energies_flexLig,energies_flexLR,energies_intra,energies_torsional,unbound_energy,nr_interactions,num_hb,about_x,about_y,about_z,trans_x,trans_y,trans_z,axisangle_x,axisangle_y,axisangle_z,axisangle_w,dihedrals,ligand_coordinates,flexible_res_coordinates,LigName:1
0,3925,1a_Ghoteimi_2023,receptor_tmp,1,4,-8.93,-0.2178048780487805,0.0,0.0,4,186.48,-12.21,-11.67,-0.54,-12.21,0.0,-2.2,3.28,-2.2,64,8,0.0,0.0,0.0,6.705378,9.726072,9.847232,-0.47565167,-0.42645123,0.76934702,173.871552,"31.468025, 20.094336, 236.415787, 147.37059, 10.645576, 37.797707, 161.28952, 78.600807, 170.470474, 264.085419, 165.105484, ","[["" 124.944"", "" 129.204"", ""  65.570""], ["" 125.481"", "" 129.064"", ""  64.339""], ["" 123.991"", "" 129.928"", ""  65.858""], ["" 126.229"", "" 128.392"", ""  64.255""], ["" 125.600"", "" 128.371"", ""  66.671""], ["" 127.312"", "" 128.894"", ""  66.981""], ["" 128.254"", "" 127.402"", ""  67.197""], ["" 129.459"", "" 125.444"", ""  66.431""], ["" 128.717"", "" 126.610"", ""  66.124""], ["" 129.687"", "" 125.134"", ""  67.778""], ["" 128.434"", "" 126.979"", ""  64.733""], ["" 129.215"", "" 125.974"", ""  68.794""], ["" 128.210"", "" 127.269"", ""  63.635""], ["" 128.507"", "" 127.094"", ""  68.491""], ["" 130.020"", "" 124.519"", ""  65.400""], ["" 131.084"", "" 122.752"", ""  63.489""], ["" 131.738"", "" 123.947"", ""  63.790""], ["" 129.890"", "" 122.441"", ""  64.158""], ["" 131.214"", "" 124.822"", ""  64.738""], ["" 129.367"", "" 123.318"", ""  65.105""], ["" 131.678"", "" 121.948"", ""  62.537""], ["" 130.857"", "" 121.140"", ""  61.701""], ["" 129.436"", "" 125.691"", ""  70.252""], ["" 129.902"", "" 124.441"", ""  70.690""], ["" 129.178"", "" 126.669"", ""  71.225""], ["" 130.106"", "" 124.182"", ""  72.043""], ["" 129.382"", "" 126.414"", ""  72.577""], ["" 129.851"", "" 125.162"", ""  72.999""], ["" 130.084"", "" 124.819"", ""  74.317""], ["" 131.372"", "" 124.342"", ""  74.692""], ["" 125.128"", "" 129.685"", ""  63.125""], ["" 125.849"", "" 129.573"", ""  61.926""], ["" 123.962"", "" 130.449"", ""  63.152""], ["" 125.406"", "" 130.228"", ""  60.780""], ["" 123.519"", "" 131.104"", ""  62.005""], ["" 124.235"", "" 131.001"", ""  60.805""], ["" 123.729"", "" 131.716"", ""  59.586""], ["" 123.022"", "" 131.177"", ""  58.728""], ["" 124.130"", "" 133.011"", ""  59.520""], ["" 124.771"", "" 133.639"", ""  60.623""], ["" 123.760"", "" 134.520"", ""  61.364""]]",[],1a_Ghoteimi_2023
1,8215,1a_Grossjean_2025,receptor_tmp,1,1,-8.0,-0.2962962962962963,0.0,0.0,8,190.2,-10.08,-9.6,-0.48,-10.08,0.0,-0.81,2.09,-0.81,49,8,0.0,0.0,0.0,9.791109,7.806752,10.151,-0.97585038,-0.1828012,-0.11958163,84.386353,"129.559402, 49.874985, 133.476334, 155.672867, 11.99167, 92.745163, 267.993927, ","[["" 129.749"", "" 125.130"", ""  69.053""], ["" 129.193"", "" 126.379"", ""  69.335""], ["" 128.998"", "" 126.784"", ""  70.652""], ["" 129.357"", "" 125.946"", ""  71.716""], ["" 129.922"", "" 124.693"", ""  71.429""], ["" 130.119"", "" 124.287"", ""  70.112""], ["" 129.898"", "" 124.823"", ""  67.686""], ["" 129.299"", "" 125.364"", ""  66.604""], ["" 128.471"", "" 126.275"", ""  66.626""], ["" 130.584"", "" 124.107"", ""  67.501""], ["" 129.714"", "" 124.766"", ""  65.258""], ["" 130.044"", "" 122.982"", ""  65.373""], ["" 130.872"", "" 122.495"", ""  63.876""], ["" 132.736"", "" 122.404"", ""  62.332""], ["" 132.199"", "" 122.866"", ""  63.556""], ["" 131.941"", "" 121.621"", ""  61.488""], ["" 132.997"", "" 123.728"", ""  64.433""], ["" 130.635"", "" 121.324"", ""  61.873""], ["" 133.629"", "" 124.407"", ""  65.123""], ["" 130.102"", "" 121.753"", ""  63.041""], ["" 134.159"", "" 122.731"", ""  61.882""], ["" 129.720"", "" 120.488"", ""  60.997""], ["" 129.128"", "" 126.411"", ""  73.125""], ["" 129.990"", "" 126.982"", ""  73.799""], ["" 127.872"", "" 126.156"", ""  73.577""], ["" 126.806"", "" 127.065"", ""  73.336""], ["" 125.600"", "" 126.677"", ""  74.195""]]",[],1a_Grossjean_2025
2,3542,1aa_Ghoteimi_2023,receptor_tmp,1,5,-8.91,-0.2173170731707317,0.0,0.0,6,185.43,-12.19,-11.76,-0.43,-12.19,0.0,-2.34,3.28,-2.34,55,7,0.0,0.0,0.0,8.204407,10.346154,8.624454,0.49603916,0.63325966,-0.59407689,178.573441,"143.81694, 326.040466, 53.197136, 150.174423, 302.45459, 24.558603, 30.93676, 81.647293, 171.750748, 99.894257, 341.406006, ","[["" 124.955"", "" 129.259"", ""  65.699""], ["" 125.417"", "" 129.279"", ""  64.427""], ["" 123.934"", "" 129.827"", ""  66.086""], ["" 126.264"", "" 128.754"", ""  64.262""], ["" 125.771"", "" 128.465"", ""  66.732""], ["" 127.163"", "" 128.479"", ""  66.390""], ["" 128.009"", "" 127.480"", ""  66.852""], ["" 129.594"", "" 125.692"", ""  66.436""], ["" 128.742"", "" 126.706"", ""  65.938""], ["" 129.676"", "" 125.522"", ""  67.825""], ["" 128.625"", "" 126.986"", ""  64.506""], ["" 128.927"", "" 126.330"", ""  68.689""], ["" 128.098"", "" 127.288"", ""  68.197""], ["" 128.530"", "" 127.208"", ""  63.375""], ["" 130.410"", "" 124.792"", ""  65.568""], ["" 131.973"", "" 123.100"", ""  63.955""], ["" 132.469"", "" 124.333"", ""  64.377""], ["" 130.684"", "" 122.713"", ""  64.351""], ["" 131.698"", "" 125.170"", ""  65.178""], ["" 129.914"", "" 123.552"", ""  65.152""], ["" 132.808"", "" 122.336"", ""  63.163""], ["" 133.654"", "" 122.983"", ""  62.220""], ["" 128.967"", "" 126.180"", ""  70.183""], ["" 128.345"", "" 127.118"", ""  71.020""], ["" 129.621"", "" 125.094"", ""  70.788""], ["" 128.382"", "" 126.982"", ""  72.405""], ["" 129.661"", "" 124.956"", ""  72.173""], ["" 129.040"", "" 125.905"", ""  72.996""], ["" 129.026"", "" 125.853"", ""  74.377""], ["" 130.257"", "" 125.728"", ""  75.079""], ["" 124.902"", "" 129.911"", ""  63.280""], ["" 123.596"", "" 130.403"", ""  63.148""], ["" 125.794"", "" 130.044"", ""  62.215""], ["" 123.196"", "" 131.014"", ""  61.962""], ["" 125.394"", "" 130.654"", ""  61.031""], ["" 124.090"", "" 131.147"", ""  60.888""], ["" 123.689"", "" 131.799"", ""  59.596""], ["" 123.042"", "" 131.221"", ""  58.718""], ["" 124.108"", "" 133.086"", ""  59.492""], ["" 124.703"", "" 133.757"", ""  60.596""], ["" 123.647"", "" 134.613"", ""  61.302""]]",[],1aa_Ghoteimi_2023
3,3524,1b_Ghoteimi_2023,receptor_tmp,1,9,-9.97,-0.28485714285714286,0.0,0.0,10,187.19,-12.36,-11.64,-0.72,-12.36,0.0,-1.39,2.39,-1.39,46,8,0.0,0.0,0.0,8.62384,10.857664,10.188324,0.45664179,0.2684112,0.84819438,220.331985,"141.141891, 61.849724, 103.40062, 244.968689, 359.725128, 302.424164, 18.143244, 122.48465, ","[["" 127.079"", "" 128.536"", ""  65.562""], ["" 126.559"", "" 128.061"", ""  66.791""], ["" 125.289"", "" 128.576"", ""  67.311""], ["" 124.286"", "" 128.984"", ""  67.721""], ["" 127.268"", "" 127.038"", ""  67.460""], ["" 128.388"", "" 126.476"", ""  66.944""], ["" 128.889"", "" 126.923"", ""  65.763""], ["" 128.247"", "" 127.948"", ""  65.060""], ["" 126.450"", "" 129.629"", ""  64.762""], ["" 125.262"", "" 131.669"", ""  63.235""], ["" 124.551"", "" 130.508"", ""  63.541""], ["" 126.581"", "" 131.802"", ""  63.694""], ["" 125.139"", "" 129.496"", ""  64.295""], ["" 127.166"", "" 130.789"", ""  64.447""], ["" 124.599"", "" 132.618"", ""  62.482""], ["" 123.745"", "" 132.193"", ""  61.425""], ["" 126.769"", "" 126.325"", ""  69.014""], ["" 127.939"", "" 126.892"", ""  70.293""], ["" 128.372"", "" 125.817"", ""  71.300""], ["" 128.950"", "" 124.727"", ""  70.747""], ["" 128.190"", "" 125.977"", ""  72.509""], ["" 129.033"", "" 124.708"", ""  69.741""], ["" 129.434"", "" 123.605"", ""  71.409""], ["" 128.819"", "" 122.438"", ""  71.513""], ["" 130.664"", "" 123.580"", ""  72.064""], ["" 129.657"", "" 121.606"", ""  72.255""], ["" 130.768"", "" 122.309"", ""  72.581""], ["" 130.141"", "" 126.253"", ""  65.269""], ["" 131.161"", "" 125.885"", ""  66.159""], ["" 130.328"", "" 125.969"", ""  63.907""], ["" 132.321"", "" 125.263"", ""  65.706""], ["" 131.485"", "" 125.346"", ""  63.450""], ["" 132.497"", "" 124.986"", ""  64.351""], ["" 133.678"", "" 124.366"", ""  63.994""], ["" 134.090"", "" 124.390"", ""  62.632""]]",[],1b_Ghoteimi_2023
4,3579,1b_Grossjean_2025,receptor_tmp,1,17,-7.84,-0.30153846153846153,0.0,0.0,7,189.51,-9.63,-9.36,-0.27,-9.63,0.0,-0.64,1.79,-0.64,36,7,0.0,0.0,0.0,10.552353,6.715505,10.11627,0.86192239,0.49345553,-0.11658234,219.709091,"348.173126, 317.313354, 313.771851, 310.433167, 181.759842, 359.9039, ","[["" 129.601"", "" 125.634"", ""  66.288""], ["" 129.834"", "" 125.143"", ""  67.525""], ["" 128.849"", "" 126.569"", ""  66.020""], ["" 130.474"", "" 124.364"", ""  67.578""], ["" 130.366"", "" 124.946"", ""  65.156""], ["" 130.087"", "" 123.150"", ""  65.131""], ["" 130.912"", "" 122.504"", ""  63.692""], ["" 132.777"", "" 122.237"", ""  62.171""], ["" 132.245"", "" 122.824"", ""  63.342""], ["" 131.981"", "" 121.366"", ""  61.420""], ["" 133.075"", "" 123.704"", ""  64.168""], ["" 130.685"", "" 121.091"", ""  61.852""], ["" 133.733"", "" 124.399"", ""  64.818""], ["" 130.155"", "" 121.642"", ""  62.969""], ["" 134.200"", "" 122.510"", ""  61.687""], ["" 129.776"", "" 120.148"", ""  61.086""], ["" 129.309"", "" 125.536"", ""  68.770""], ["" 129.746"", "" 124.797"", ""  69.870""], ["" 128.404"", "" 126.590"", ""  68.967""], ["" 129.293"", "" 125.099"", ""  71.150""], ["" 127.951"", "" 126.891"", ""  70.248""], ["" 128.389"", "" 126.152"", ""  71.355""], ["" 127.879"", "" 126.507"", ""  72.723""], ["" 128.253"", "" 125.939"", ""  73.754""], ["" 126.962"", "" 127.508"", ""  72.711""], ["" 125.725"", "" 127.374"", ""  73.398""]]",[],1b_Grossjean_2025
5,8402,1c_Ghoteimi_2023,receptor_tmp,2,5,-9.45,-0.26999999999999996,0.0,0.0,6,191.42,-11.84,-11.07,-0.77,-11.84,0.0,-1.39,2.39,-1.39,47,10,0.0,0.0,0.0,9.28784,8.344335,9.783456,0.17442414,0.7792375,0.60196772,126.126701,"150.626129, 140.996765, 333.025848, 321.368378, 260.93158, 14.886574, 196.402451, 340.324677, ","[["" 129.709"", "" 125.925"", ""  66.382""], ["" 129.090"", "" 127.077"", ""  65.840""], ["" 129.177"", "" 127.379"", ""  64.407""], ["" 129.247"", "" 127.617"", ""  63.277""], ["" 128.375"", "" 127.918"", ""  66.718""], ["" 128.280"", "" 127.675"", ""  68.047""], ["" 128.906"", "" 126.593"", ""  68.579""], ["" 129.618"", "" 125.707"", ""  67.762""], ["" 130.426"", "" 124.905"", ""  65.563""], ["" 131.758"", "" 123.005"", ""  63.980""], ["" 132.402"", "" 124.180"", ""  64.365""], ["" 130.434"", "" 122.785"", ""  64.389""], ["" 131.743"", "" 125.123"", ""  65.147""], ["" 129.776"", "" 123.730"", ""  65.171""], ["" 132.490"", "" 122.126"", ""  63.204""], ["" 133.500"", "" 122.637"", ""  62.340""], ["" 127.410"", "" 129.301"", ""  66.151""], ["" 125.694"", "" 128.892"", ""  66.610""], ["" 124.673"", "" 129.555"", ""  65.679""], ["" 124.903"", "" 129.386"", ""  64.358""], ["" 123.752"", "" 130.217"", ""  66.160""], ["" 125.689"", "" 128.812"", ""  64.094""], ["" 124.229"", "" 130.000"", ""  63.315""], ["" 122.959"", "" 130.341"", ""  63.263""], ["" 125.161"", "" 130.426"", ""  61.916""], ["" 122.667"", "" 130.946"", ""  62.127""], ["" 123.717"", "" 131.108"", ""  61.229""], ["" 128.755"", "" 126.389"", ""  70.059""], ["" 128.007"", "" 127.278"", ""  70.846""], ["" 129.362"", "" 125.300"", ""  70.701""], ["" 127.865"", "" 127.083"", ""  72.217""], ["" 129.222"", "" 125.100"", ""  72.071""], ["" 128.467"", "" 125.995"", ""  72.843""], ["" 128.272"", "" 125.877"", ""  74.206""], ["" 127.228"", "" 126.620"", ""  74.826""]]",[],1c_Ghoteimi_2023
6,3530,1c_Grossjean_2025,receptor_tmp,1,13,-7.47,-0.31124999999999997,0.0,0.0,5,189.71,-8.96,-8.52,-0.44,-8.96,0.0,-0.55,1.49,-0.55,38,7,0.0,0.0,0.0,11.930151,7.584176,9.695168,0.38308439,-0.19256718,0.90341808,238.198502,"7.549182, 42.426369, 145.680344, 5.833484, 161.437378, ","[["" 129.499"", "" 125.569"", ""  66.806""], ["" 129.902"", "" 124.931"", ""  67.925""], ["" 128.689"", "" 126.495"", ""  66.763""], ["" 130.627"", "" 124.239"", ""  67.807""], ["" 130.133"", "" 125.073"", ""  65.504""], ["" 130.155"", "" 123.258"", ""  65.411""], ["" 130.966"", "" 122.783"", ""  63.897""], ["" 132.795"", "" 122.707"", ""  62.311""], ["" 132.283"", "" 123.164"", ""  63.548""], ["" 131.998"", "" 121.895"", ""  61.498""], ["" 133.123"", "" 123.970"", ""  64.437""], ["" 130.722"", "" 121.547"", ""  61.933""], ["" 133.786"", "" 124.607"", ""  65.139""], ["" 130.210"", "" 121.975"", ""  63.111""], ["" 134.198"", "" 123.060"", ""  61.821""], ["" 129.815"", "" 120.656"", ""  61.105""], ["" 129.506"", "" 125.134"", ""  69.261""], ["" 129.937"", "" 124.358"", ""  70.348""], ["" 128.644"", "" 126.209"", ""  69.485""], ["" 129.491"", "" 124.652"", ""  71.633""], ["" 128.201"", "" 126.500"", ""  70.772""], ["" 128.620"", "" 125.719"", ""  71.859""], ["" 128.233"", "" 125.931"", ""  73.169""], ["" 127.250"", "" 126.921"", ""  73.449""]]",[],1c_Grossjean_2025
7,8135,1d_Ghoteimi_2023,receptor_tmp,1,5,-8.63,-0.2876666666666667,0.0,0.0,12,191.48,-11.01,-10.24,-0.77,-11.01,0.0,-0.97,2.39,-0.97,38,10,0.0,0.0,0.0,9.58279,9.790078,9.865716,-0.9051717,0.19061027,0.3799104,205.321655,"56.287079, 16.162432, 195.390381, 135.702988, 46.253853, 241.759033, 304.951294, 348.731628, ","[["" 131.043"", "" 125.013"", ""  65.547""], ["" 129.781"", "" 125.997"", ""  66.325""], ["" 127.931"", "" 127.565"", ""  66.364""], ["" 128.876"", "" 126.820"", ""  65.617""], ["" 127.916"", "" 127.416"", ""  67.757""], ["" 128.868"", "" 126.857"", ""  64.151""], ["" 128.815"", "" 126.552"", ""  68.392""], ["" 128.861"", "" 126.888"", ""  62.994""], ["" 129.735"", "" 125.860"", ""  67.672""], ["" 126.938"", "" 128.499"", ""  65.751""], ["" 125.058"", "" 130.253"", ""  64.613""], ["" 124.691"", "" 129.401"", ""  65.654""], ["" 126.381"", "" 130.231"", ""  64.147""], ["" 125.621"", "" 128.534"", ""  66.221""], ["" 127.310"", "" 129.363"", ""  64.716""], ["" 124.068"", "" 131.074"", ""  64.108""], ["" 123.752"", "" 131.010"", ""  62.722""], ["" 128.836"", "" 126.349"", ""  69.879""], ["" 128.322"", "" 127.319"", ""  70.754""], ["" 129.377"", "" 125.183"", ""  70.442""], ["" 128.347"", "" 127.131"", ""  72.133""], ["" 129.406"", "" 124.993"", ""  71.821""], ["" 128.888"", "" 125.971"", ""  72.681""], ["" 128.875"", "" 125.872"", ""  74.059""], ["" 128.037"", "" 126.745"", ""  74.809""], ["" 132.626"", "" 125.863"", ""  65.825""], ["" 133.742"", "" 124.865"", ""  65.525""], ["" 134.700"", "" 124.726"", ""  66.286""], ["" 133.534"", "" 124.195"", ""  64.373""], ["" 133.474"", "" 124.889"", ""  63.136""]]",[],1d_Ghoteimi_2023
8,3488,1d_Grossjean_2025,receptor_tmp,1,6,-6.8,-0.3090909090909091,0.0,0.0,1,189.45,-7.99,-7.62,-0.37,-7.99,0.0,-0.62,1.19,-0.62,43,6,0.0,0.0,0.0,9.125247,10.754956,12.785773,0.49235455,-0.15001847,0.85736892,151.537796,"274.623016, 80.965263, 69.028458, 17.269455, ","[["" 127.008"", "" 126.499"", ""  69.291""], ["" 127.757"", "" 126.853"", ""  67.717""], ["" 127.908"", "" 127.930"", ""  65.553""], ["" 127.204"", "" 127.742"", ""  66.765""], ["" 129.098"", "" 127.227"", ""  65.337""], ["" 125.932"", "" 128.430"", ""  66.993""], ["" 129.556"", "" 126.353"", ""  66.319""], ["" 124.926"", "" 128.975"", ""  67.169""], ["" 128.901"", "" 126.160"", ""  67.488""], ["" 127.417"", "" 128.871"", ""  64.454""], ["" 130.833"", "" 125.555"", ""  66.140""], ["" 128.354"", "" 126.256"", ""  70.490""], ["" 127.883"", "" 126.453"", ""  71.932""], ["" 126.888"", "" 127.350"", ""  72.098""], ["" 128.433"", "" 125.821"", ""  72.834""], ["" 126.574"", "" 127.824"", ""  71.264""], ["" 126.221"", "" 127.751"", ""  73.270""], ["" 124.903"", "" 127.305"", ""  73.400""], ["" 126.793"", "" 128.529"", ""  74.292""], ["" 124.155"", "" 127.639"", ""  74.525""], ["" 126.042"", "" 128.861"", ""  75.416""], ["" 124.727"", "" 128.417"", ""  75.528""]]",[],1d_Grossjean_2025
9,3555,1e_Grossjean_2025,receptor_tmp,1,12,-6.7,-0.29130434782608694,0.0,0.0,1,190.25,-7.89,-7.91,0.02,-7.89,0.0,-0.67,1.19,-0.67,51,8,0.0,0.0,0.0,9.499836,8.568967,15.443533,-0.64201086,-0.07012476,0.76348188,142.805664,"127.51355, 121.875153, 57.074715, 68.056717, ","[["" 129.133"", "" 127.022"", ""  73.252""], ["" 127.449"", "" 126.743"", ""  73.878""], ["" 126.812"", "" 128.284"", ""  74.508""], ["" 125.137"", "" 129.742"", ""  75.477""], ["" 125.499"", "" 128.459"", ""  75.006""], ["" 126.082"", "" 130.772"", ""  75.451""], ["" 124.539"", "" 127.354"", ""  75.080""], ["" 127.362"", "" 130.505"", ""  74.969""], ["" 123.779"", "" 126.483"", ""  75.140""], ["" 127.729"", "" 129.286"", ""  74.510""], ["" 123.747"", "" 130.056"", ""  76.028""], ["" 128.435"", "" 131.575"", ""  74.933""], ["" 129.146"", "" 127.289"", ""  71.745""], ["" 128.276"", "" 126.561"", ""  71.012""], ["" 129.941"", "" 128.112"", ""  71.288""], ["" 127.730"", "" 125.873"", ""  71.508""], ["" 128.075"", "" 126.580"", ""  69.620""], ["" 129.118"", "" 126.570"", ""  68.739""], ["" 126.746"", "" 126.635"", ""  69.183""], ["" 128.848"", "" 126.603"", ""  67.409""], ["" 126.485"", "" 126.668"", ""  67.811""], ["" 127.545"", "" 126.653"", ""  66.905""], ["" 130.055"", "" 126.586"", ""  66.490""]]",[],1e_Grossjean_2025
10,3725,1f_Grossjean_2025,receptor_tmp,1,15,-6.88,-0.31272727272727274,0.0,0.0,4,190.38,-8.07,-7.82,-0.25,-8.07,0.0,-0.35,1.19,-0.35,48,5,0.0,0.0,0.0,9.351405,9.966326,11.997459,-0.54840961,0.83568661,0.02957688,254.8862,"345.3591, 286.973389, 296.600311, 36.252232, ","[["" 126.779"", "" 126.629"", ""  68.851""], ["" 126.544"", "" 127.632"", ""  67.397""], ["" 127.141"", "" 128.547"", ""  65.236""], ["" 127.464"", "" 127.706"", ""  66.325""], ["" 125.932"", "" 129.250"", ""  65.248""], ["" 128.700"", "" 126.919"", ""  66.304""], ["" 125.072"", "" 129.096"", ""  66.333""], ["" 129.676"", "" 126.299"", ""  66.286""], ["" 125.363"", "" 128.300"", ""  67.388""], ["" 128.059"", "" 128.718"", ""  64.027""], ["" 123.740"", "" 129.820"", ""  66.401""], ["" 128.559"", "" 126.610"", ""  69.256""], ["" 128.920"", "" 125.861"", ""  70.548""], ["" 129.436"", "" 124.629"", ""  70.356""], ["" 128.755"", "" 126.395"", ""  71.646""], ["" 129.552"", "" 124.340"", ""  69.395""], ["" 129.864"", "" 123.677"", ""  71.301""], ["" 129.111"", "" 122.500"", ""  71.396""], ["" 130.970"", "" 123.814"", ""  72.160""], ["" 129.400"", "" 121.495"", ""  72.261""], ["" 131.280"", "" 122.787"", ""  73.057""], ["" 130.474"", "" 121.649"", ""  73.075""]]",[],1f_Grossjean_2025
11,8025,1g_Grossjean_2025,receptor_tmp,1,12,-6.96,-0.3026086956521739,0.0,0.0,1,191.36,-8.45,-8.53,0.08,-8.45,0.0,-0.75,1.49,-0.75,49,5,0.0,0.0,0.0,8.314415,11.256717,14.748573,-0.70145691,0.12712344,0.70128299,191.843445,"111.743187, 17.643892, 219.224701, 236.053497, 210.375977, ","[["" 129.324"", "" 127.694"", ""  72.594""], ["" 127.728"", "" 127.187"", ""  73.303""], ["" 127.066"", "" 128.592"", ""  74.171""], ["" 125.360"", "" 129.820"", ""  75.373""], ["" 125.760"", "" 128.635"", ""  74.714""], ["" 126.262"", "" 130.884"", ""  75.477""], ["" 124.851"", "" 127.489"", ""  74.639""], ["" 127.538"", "" 130.745"", ""  74.934""], ["" 124.131"", "" 126.585"", ""  74.583""], ["" 127.942"", "" 129.621"", ""  74.296""], ["" 123.971"", "" 129.989"", ""  75.989""], ["" 128.567"", "" 131.855"", ""  75.029""], ["" 129.361"", "" 127.508"", ""  71.077""], ["" 128.936"", "" 126.321"", ""  70.612""], ["" 129.760"", "" 128.422"", ""  70.353""], ["" 128.644"", "" 125.620"", ""  71.279""], ["" 128.940"", "" 125.908"", ""  69.209""], ["" 128.144"", "" 126.823"", ""  68.283""], ["" 126.751"", "" 126.719"", ""  68.227""], ["" 128.808"", "" 127.770"", ""  67.498""], ["" 126.024"", "" 127.554"", ""  67.382""], ["" 128.080"", "" 128.607"", ""  66.655""], ["" 126.693"", "" 128.495"", ""  66.600""]]",[],1g_Grossjean_2025
12,3970,1h_Grossjean_2025,receptor_tmp,1,3,-7.3,-0.2517241379310345,0.0,0.0,4,189.33,-9.69,-8.76,-0.93,-9.69,0.0,-1.22,2.39,-1.22,45,10,0.0,0.0,0.0,9.216002,11.109878,10.809349,0.00887065,-0.42789549,-0.90378469,66.919319,"45.403343, 40.654915, 115.152939, 101.932953, 60.548569, 170.94809, 94.163185, 1.053351, ","[["" 129.120"", "" 128.149"", ""  67.702""], ["" 128.709"", "" 126.872"", ""  67.595""], ["" 130.137"", "" 128.491"", ""  68.305""], ["" 127.855"", "" 126.681"", ""  67.093""], ["" 128.243"", "" 129.205"", ""  67.029""], ["" 126.586"", "" 128.566"", ""  66.639""], ["" 126.167"", "" 129.087"", ""  64.984""], ["" 124.664"", "" 130.029"", ""  63.331""], ["" 124.907"", "" 129.649"", ""  64.671""], ["" 125.667"", "" 129.838"", ""  62.375""], ["" 123.876"", "" 129.839"", ""  65.694""], ["" 126.881"", "" 129.279"", ""  62.770""], ["" 123.060"", "" 129.990"", ""  66.502""], ["" 127.134"", "" 128.909"", ""  64.046""], ["" 123.341"", "" 130.641"", ""  62.877""], ["" 128.007"", "" 129.045"", ""  61.781""], ["" 129.378"", "" 125.717"", ""  68.193""], ["" 129.263"", "" 125.652"", ""  69.713""], ["" 128.734"", "" 126.729"", ""  70.426""], ["" 129.739"", "" 124.537"", ""  70.404""], ["" 128.642"", "" 126.690"", ""  71.826""], ["" 129.665"", "" 124.472"", ""  71.805""], ["" 129.104"", "" 125.551"", ""  72.503""], ["" 128.118"", "" 127.713"", ""  72.594""], ["" 126.804"", "" 127.586"", ""  73.124""], ["" 130.115"", "" 123.400"", ""  72.553""], ["" 131.489"", "" 123.032"", ""  72.492""], ["" 129.031"", "" 125.505"", ""  73.874""], ["" 130.239"", "" 125.864"", ""  74.531""]]",[],1h_Grossjean_2025
13,3300,1i_Grossjean_2025,receptor_tmp,1,16,-7.34,-0.3495238095238095,0.0,0.0,10,189.37,-8.53,-8.04,-0.49,-8.53,0.0,-0.82,1.19,-0.82,30,7,0.0,0.0,0.0,7.779184,10.897837,12.202895,0.39370048,0.05424243,0.91763702,180.63382,"313.647675, 103.716888, 138.207306, 99.4217, ","[["" 126.820"", "" 126.228"", ""  69.143""], ["" 127.635"", "" 126.729"", ""  67.643""], ["" 127.879"", "" 128.011"", ""  65.602""], ["" 127.125"", "" 127.710"", ""  66.760""], ["" 129.076"", "" 127.325"", ""  65.368""], ["" 125.844"", "" 128.381"", ""  66.999""], ["" 129.491"", "" 126.357"", ""  66.279""], ["" 124.832"", "" 128.910"", ""  67.185""], ["" 128.787"", "" 126.055"", ""  67.396""], ["" 127.437"", "" 129.057"", ""  64.580""], ["" 130.772"", "" 125.571"", ""  66.075""], ["" 127.728"", "" 126.963"", ""  70.535""], ["" 128.313"", "" 125.899"", ""  71.467""], ["" 128.845"", "" 124.818"", ""  70.855""], ["" 128.267"", "" 126.073"", ""  72.685""], ["" 128.847"", "" 124.812"", ""  69.845""], ["" 129.440"", "" 123.719"", ""  71.458""], ["" 128.926"", "" 122.503"", ""  71.536""], ["" 130.693"", "" 123.771"", ""  72.066""], ["" 129.855"", "" 121.716"", ""  72.219""], ["" 130.917"", "" 122.496"", ""  72.533""]]",[],1i_Grossjean_2025
14,8230,1j_Grossjean_2025,receptor_tmp,1,7,-6.68,-0.3180952380952381,0.0,0.0,5,189.28,-7.88,-7.44,-0.44,-7.88,0.0,-0.54,1.19,-0.54,42,6,0.0,0.0,0.0,10.012528,7.980736,12.174615,-0.24005933,0.95827744,-0.155164,287.132446,"181.602005, 111.80574, 16.453547, 342.457031, ","[["" 129.071"", "" 127.174"", ""  69.332""], ["" 129.105"", "" 126.764"", ""  67.600""], ["" 128.895"", "" 127.227"", ""  65.232""], ["" 128.830"", "" 127.690"", ""  66.566""], ["" 129.207"", "" 125.886"", ""  64.988""], ["" 128.453"", "" 129.078"", ""  66.846""], ["" 129.438"", "" 125.038"", ""  66.069""], ["" 128.154"", "" 130.174"", ""  67.064""], ["" 129.386"", "" 125.460"", ""  67.354""], ["" 128.629"", "" 128.134"", ""  64.031""], ["" 129.767"", "" 123.570"", ""  65.870""], ["" 127.890"", "" 126.054"", ""  70.141""], ["" 128.524"", "" 125.299"", ""  71.311""], ["" 129.267"", "" 124.222"", ""  70.974""], ["" 128.330"", "" 125.694"", ""  72.461""], ["" 129.371"", "" 124.014"", ""  69.992""], ["" 129.947"", "" 123.381"", ""  71.844""], ["" 129.738"", "" 122.098"", ""  72.054""], ["" 131.234"", "" 124.076"", ""  72.774""], ["" 130.574"", "" 121.614"", ""  72.951""], ["" 131.489"", "" 122.513"", ""  73.490""]]",[],1j_Grossjean_2025
15,8251,1k_Grossjean_2025,receptor_tmp,1,5,-5.92,-0.2276923076923077,0.0,0.0,1,188.71,-9.5,-9.2,-0.3,-9.5,0.0,-0.76,3.58,-0.76,40,9,0.0,0.0,0.0,11.488508,8.557958,10.066202,-0.36209138,0.01684432,-0.9319904,158.426208,"225.188797, 137.257782, 5.590957, 237.507126, 62.307198, 5.514941, 200.057602, 77.784477, 200.378983, 58.880657, 141.543304, 47.581009, ","[["" 129.157"", "" 126.846"", ""  70.109""], ["" 128.590"", "" 127.115"", ""  68.834""], ["" 129.689"", "" 127.609"", ""  67.874""], ["" 129.834"", "" 126.796"", ""  66.666""], ["" 129.944"", "" 125.456"", ""  66.641""], ["" 129.927"", "" 124.761"", ""  67.658""], ["" 129.857"", "" 127.299"", ""  65.791""], ["" 130.099"", "" 124.830"", ""  65.246""], ["" 129.997"", "" 123.007"", ""  65.183""], ["" 130.853"", "" 122.421"", ""  63.727""], ["" 132.788"", "" 122.271"", ""  62.276""], ["" 132.190"", "" 122.787"", ""  63.447""], ["" 132.045"", "" 121.427"", ""  61.444""], ["" 132.946"", "" 123.671"", ""  64.339""], ["" 130.732"", "" 121.119"", ""  61.793""], ["" 133.544"", "" 124.369"", ""  65.042""], ["" 130.140"", "" 121.606"", ""  62.908""], ["" 134.226"", "" 122.596"", ""  61.876""], ["" 129.874"", "" 120.210"", ""  60.935""], ["" 128.257"", "" 126.216"", ""  71.013""], ["" 128.289"", "" 126.948"", ""  72.360""], ["" 127.845"", "" 126.069"", ""  73.385""], ["" 126.703"", "" 126.542"", ""  74.088""], ["" 125.953"", "" 127.560"", ""  73.218""], ["" 124.553"", "" 127.337"", ""  73.326""], ["" 124.185"", "" 126.609"", ""  74.486""]]",[],1k_Grossjean_2025
16,8049,1l_Grossjean_2025,receptor_tmp,1,5,-6.07,-0.33722222222222226,0.0,0.0,4,189.79,-7.26,-6.98,-0.29,-7.26,0.0,-0.28,1.19,-0.28,34,10,0.0,0.0,0.0,7.471531,11.538983,9.945087,-0.00038066,-0.64269038,-0.76612592,237.722244,"321.422058, 33.55024, 278.123901, 204.599106, ","[["" 125.140"", "" 129.033"", ""  66.963""], ["" 126.785"", "" 129.056"", ""  66.173""], ["" 127.734"", "" 127.693"", ""  66.827""], ["" 129.324"", "" 125.874"", ""  66.626""], ["" 128.615"", "" 126.935"", ""  66.020""], ["" 129.134"", "" 125.615"", ""  67.987""], ["" 128.795"", "" 127.230"", ""  64.595""], ["" 128.247"", "" 126.409"", ""  68.709""], ["" 128.938"", "" 127.461"", ""  63.471""], ["" 127.556"", "" 127.430"", ""  68.148""], ["" 130.301"", "" 124.989"", ""  65.853""], ["" 127.995"", "" 126.178"", ""  70.187""], ["" 124.002"", "" 129.610"", ""  66.109""], ["" 124.236"", "" 129.631"", ""  64.783""], ["" 122.953"", "" 130.006"", ""  66.625""], ["" 125.151"", "" 129.506"", ""  64.372""], ["" 123.383"", "" 130.361"", ""  63.957""], ["" 123.899"", "" 130.393"", ""  62.634""]]",[],1l_Grossjean_2025
17,3609,1m_Grossjean_2025,receptor_tmp,1,11,-6.12,-0.2914285714285714,0.0,0.0,4,190.05,-7.91,-7.26,-0.65,-7.91,0.0,-1.62,1.79,-1.62,43,8,0.0,0.0,0.0,9.520163,10.519645,13.251067,-0.48087512,0.83297596,-0.27369722,51.437202,"195.448593, 126.646996, 207.55127, 166.290298, 50.749355, 141.338684, ","[["" 128.644"", "" 125.699"", ""  71.209""], ["" 129.233"", "" 124.860"", ""  70.336""], ["" 128.788"", "" 125.606"", ""  72.430""], ["" 129.045"", "" 124.985"", ""  69.351""], ["" 127.763"", "" 126.790"", ""  70.588""], ["" 126.746"", "" 126.236"", ""  69.176""], ["" 127.590"", "" 126.694"", ""  67.677""], ["" 127.886"", "" 127.919"", ""  65.608""], ["" 127.109"", "" 127.660"", ""  66.760""], ["" 129.090"", "" 127.230"", ""  65.425""], ["" 125.871"", "" 128.406"", ""  66.996""], ["" 129.499"", "" 126.315"", ""  66.392""], ["" 124.892"", "" 128.994"", ""  67.182""], ["" 128.772"", "" 126.050"", ""  67.502""], ["" 127.465"", "" 128.930"", ""  64.543""], ["" 130.799"", "" 125.544"", ""  66.255""], ["" 130.128"", "" 123.747"", ""  70.685""], ["" 129.426"", "" 122.655"", ""  71.519""], ["" 128.323"", "" 122.188"", ""  71.222""], ["" 130.165"", "" 122.300"", ""  72.591""], ["" 131.526"", "" 122.692"", ""  72.692""]]",[],1m_Grossjean_2025
18,3258,1n_Grossjean_2025,receptor_tmp,1,16,-8.3,-0.29642857142857143,0.0,0.0,9,191.47,-10.69,-10.18,-0.5,-10.69,0.0,-0.75,2.39,-0.75,41,7,0.0,0.0,0.0,10.095049,9.460297,10.30917,0.23966883,-0.55429165,0.79706939,185.83194,"349.379395, 89.140656, 259.192627, 30.596817, 302.348328, 85.356575, 78.620583, 221.478668, ","[["" 129.438"", "" 126.333"", ""  67.186""], ["" 129.064"", "" 125.479"", ""  68.163""], ["" 129.978"", "" 127.426"", ""  67.362""], ["" 128.679"", "" 124.597"", ""  67.857""], ["" 129.154"", "" 125.867"", ""  65.752""], ["" 130.311"", "" 125.049"", ""  65.141""], ["" 130.036"", "" 123.252"", ""  65.123""], ["" 130.904"", "" 122.587"", ""  63.719""], ["" 132.812"", "" 122.288"", ""  62.258""], ["" 132.257"", "" 122.872"", ""  63.419""], ["" 132.019"", "" 121.449"", ""  61.468""], ["" 133.084"", "" 123.712"", ""  64.288""], ["" 130.703"", "" 121.203"", ""  61.853""], ["" 133.739"", "" 124.375"", ""  64.973""], ["" 130.149"", "" 121.755"", ""  62.958""], ["" 134.256"", "" 122.532"", ""  61.824""], ["" 129.796"", "" 120.294"", ""  61.046""], ["" 129.177"", "" 125.604"", ""  69.561""], ["" 128.689"", "" 126.793"", ""  70.105""], ["" 129.743"", "" 124.642"", ""  70.410""], ["" 128.746"", "" 127.017"", ""  71.477""], ["" 129.803"", "" 124.869"", ""  71.782""], ["" 129.302"", "" 126.055"", ""  72.334""], ["" 129.377"", "" 126.262"", ""  73.819""], ["" 130.399"", "" 126.639"", ""  74.401""], ["" 128.212"", "" 125.982"", ""  74.459""], ["" 127.272"", "" 127.008"", ""  74.756""], ["" 125.917"", "" 126.651"", ""  74.136""]]",[],1n_Grossjean_2025
19,3913,1o_Grossjean_2025,receptor_tmp,1,8,-8.21,-0.3040740740740741,0.0,0.0,6,186.48,-10.3,-9.77,-0.53,-10.3,0.0,-0.59,2.09,-0.59,43,8,0.0,0.0,0.0,8.468893,9.15794,10.058769,-0.47393251,0.62197493,-0.62332589,255.989731,"355.663818, 8.087123, 272.468719, 141.840973, 110.623184, 88.590759, 207.934509, ","[["" 129.425"", "" 126.269"", ""  67.199""], ["" 129.209"", "" 125.357"", ""  68.173""], ["" 129.793"", "" 127.429"", ""  67.383""], ["" 128.975"", "" 124.424"", ""  67.863""], ["" 129.214"", "" 125.766"", ""  65.764""], ["" 130.400"", "" 124.942"", ""  65.224""], ["" 130.073"", "" 123.157"", ""  65.122""], ["" 130.927"", "" 122.508"", ""  63.699""], ["" 132.810"", "" 122.234"", ""  62.200""], ["" 132.267"", "" 122.820"", ""  63.367""], ["" 132.021"", "" 121.365"", ""  61.440""], ["" 133.098"", "" 123.686"", ""  64.207""], ["" 130.720"", "" 121.092"", ""  61.857""], ["" 133.755"", "" 124.370"", ""  64.869""], ["" 130.179"", "" 121.644"", ""  62.968""], ["" 134.238"", "" 122.507"", ""  61.730""], ["" 129.819"", "" 120.147"", ""  61.084""], ["" 129.288"", "" 125.494"", ""  69.572""], ["" 128.888"", "" 126.729"", ""  70.084""], ["" 129.750"", "" 124.504"", ""  70.452""], ["" 128.935"", "" 126.975"", ""  71.454""], ["" 129.797"", "" 124.752"", ""  71.821""], ["" 129.390"", "" 125.988"", ""  72.340""], ["" 129.457"", "" 126.219"", ""  73.822""], ["" 130.457"", "" 126.662"", ""  74.394""], ["" 128.310"", "" 125.888"", ""  74.469""], ["" 127.126"", "" 126.655"", ""  74.298""]]",[],1o_Grossjean_2025
20,3606,1p_Grossjean_2025,receptor_tmp,1,9,-7.52,-0.3418181818181818,0.0,0.0,5,191.77,-9.01,-8.6,-0.41,-9.01,0.0,-0.51,1.49,-0.51,37,7,0.0,0.0,0.0,9.278255,9.309245,12.279317,-0.30698007,0.94382653,-0.12228949,238.252182,"357.126587, 318.427399, 115.710022, 113.589729, 304.71756, ","[["" 127.893"", "" 126.944"", ""  69.575""], ["" 126.498"", "" 126.456"", ""  68.520""], ["" 126.383"", "" 127.667"", ""  67.223""], ["" 127.202"", "" 128.919"", ""  65.318""], ["" 127.421"", "" 127.921"", ""  66.294""], ["" 125.979"", "" 129.599"", ""  65.297""], ["" 128.672"", "" 127.162"", ""  66.307""], ["" 125.004"", "" 129.268"", ""  66.237""], ["" 129.663"", "" 126.562"", ""  66.317""], ["" 125.193"", "" 128.318"", ""  67.181""], ["" 128.250"", "" 129.286"", ""  64.269""], ["" 123.655"", "" 129.960"", ""  66.255""], ["" 127.563"", "" 126.946"", ""  71.080""], ["" 128.344"", "" 125.893"", ""  71.881""], ["" 128.737"", "" 124.803"", ""  71.185""], ["" 128.557"", "" 126.077"", ""  73.081""], ["" 128.501"", "" 124.770"", ""  70.204""], ["" 129.451"", "" 123.712"", ""  71.664""], ["" 129.021"", "" 122.462"", ""  71.711""], ["" 130.748"", "" 123.811"", ""  72.167""], ["" 130.054"", "" 121.701"", ""  72.262""], ["" 131.090"", "" 122.529"", ""  72.533""]]",[],1p_Grossjean_2025
21,8248,1q_Grossjean_2025,receptor_tmp,1,8,-6.26,-0.28454545454545455,0.0,0.0,1,188.68,-8.35,-8.04,-0.31,-8.35,0.0,-0.98,2.09,-0.98,38,14,0.0,0.0,0.0,10.535959,10.330581,8.973223,0.49192851,0.5459289,0.67820939,206.182785,"228.874924, 31.327974, 51.304218, 100.10759, 107.774307, 14.414886, 227.08316, ","[["" 127.383"", "" 128.464"", ""  66.369""], ["" 126.065"", "" 128.519"", ""  66.095""], ["" 127.890"", "" 129.009"", ""  67.352""], ["" 125.734"", "" 128.066"", ""  65.255""], ["" 128.241"", "" 127.656"", ""  65.385""], ["" 128.621"", "" 126.248"", ""  65.884""], ["" 130.409"", "" 125.924"", ""  65.859""], ["" 130.744"", "" 124.683"", ""  64.626""], ["" 132.146"", "" 123.209"", ""  63.310""], ["" 132.037"", "" 124.196"", ""  64.315""], ["" 130.991"", "" 122.766"", ""  62.656""], ["" 133.241"", "" 124.712"", ""  64.969""], ["" 129.762"", "" 123.320"", ""  63.007""], ["" 134.196"", "" 125.118"", ""  65.483""], ["" 129.633"", "" 124.264"", ""  63.968""], ["" 133.485"", "" 122.599"", ""  62.894""], ["" 128.474"", "" 122.890"", ""  62.329""], ["" 125.047"", "" 129.219"", ""  66.893""], ["" 123.824"", "" 129.657"", ""  66.060""], ["" 122.759"", "" 129.936"", ""  66.614""], ["" 124.058"", "" 129.721"", ""  64.726""], ["" 124.855"", "" 130.764"", ""  64.183""]]",[],1q_Grossjean_2025
22,8420,2a_Ghoteimi_2023,receptor_tmp,1,1,-10.21,-0.20836734693877554,0.0,0.0,2,190.32,-13.49,-13.27,-0.22,-13.49,0.0,-2.82,3.28,-2.82,75,7,0.0,0.0,0.0,5.179476,7.934506,8.156085,-0.66630365,-0.6539406,-0.35833103,206.584549,"239.711456, 356.584808, 130.051743, 319.283356, 158.884155, 122.920395, 204.713135, 293.04071, 144.410355, 96.79155, 174.619125, ","[["" 125.013"", "" 129.324"", ""  65.682""], ["" 125.577"", "" 129.243"", ""  64.457""], ["" 124.024"", "" 130.002"", ""  65.964""], ["" 126.427"", "" 128.704"", ""  64.395""], ["" 125.722"", "" 128.521"", ""  66.780""], ["" 127.479"", "" 128.945"", ""  67.010""], ["" 128.337"", "" 127.392"", ""  67.123""], ["" 128.012"", "" 127.346"", ""  63.571""], ["" 128.308"", "" 127.023"", ""  64.643""], ["" 128.687"", "" 126.612"", ""  65.998""], ["" 129.377"", "" 125.396"", ""  66.222""], ["" 128.625"", "" 127.017"", ""  68.391""], ["" 129.665"", "" 125.028"", ""  67.544""], ["" 129.287"", "" 125.853"", ""  68.607""], ["" 129.815"", "" 124.471"", ""  65.134""], ["" 129.441"", "" 123.125"", ""  65.162""], ["" 130.628"", "" 124.921"", ""  64.089""], ["" 129.860"", "" 122.251"", ""  64.164""], ["" 131.046"", "" 124.047"", ""  63.090""], ["" 130.665"", "" 122.698"", ""  63.104""], ["" 131.112"", "" 121.832"", ""  62.102""], ["" 130.503"", "" 120.493"", ""  61.978""], ["" 132.538"", "" 121.760"", ""  61.727""], ["" 130.799"", "" 119.811"", ""  60.625""], ["" 132.784"", "" 121.044"", ""  60.383""], ["" 132.200"", "" 119.751"", ""  60.407""], ["" 129.580"", "" 125.507"", ""  70.031""], ["" 129.340"", "" 126.422"", ""  71.064""], ["" 130.117"", "" 124.259"", ""  70.367""], ["" 129.625"", "" 126.099"", ""  72.388""], ["" 130.405"", "" 123.937"", ""  71.690""], ["" 130.154"", "" 124.846"", ""  72.730""], ["" 130.464"", "" 124.547"", ""  74.061""], ["" 131.151"", "" 125.523"", ""  74.930""], ["" 130.874"", "" 123.175"", ""  74.430""], ["" 131.086"", "" 125.174"", ""  76.432""], ["" 130.818"", "" 122.897"", ""  75.947""], ["" 131.583"", "" 123.864"", ""  76.649""], ["" 125.179"", "" 129.830"", ""  63.241""], ["" 123.899"", "" 130.387"", ""  63.227""], ["" 125.971"", "" 129.901"", ""  62.085""], ["" 123.406"", "" 130.996"", ""  62.077""], ["" 125.476"", "" 130.509"", ""  60.935""], ["" 124.189"", "" 131.064"", ""  60.915""], ["" 123.690"", "" 131.712"", ""  59.656""], ["" 122.957"", "" 131.140"", ""  58.842""], ["" 124.129"", "" 132.987"", ""  59.499""], ["" 124.292"", "" 133.851"", ""  60.616""], ["" 125.778"", "" 134.174"", ""  60.796""]]",[],2a_Ghoteimi_2023
23,3573,2a_Grossjean_2025,receptor_tmp,1,7,-7.67,-0.25566666666666665,0.0,0.0,3,184.85,-10.05,-9.61,-0.44,-10.05,0.0,-0.97,2.39,-0.97,50,8,0.0,0.0,0.0,12.104423,6.915685,11.307303,-0.29072145,-0.40219889,-0.86816881,173.237396,"254.21933, 249.814941, 141.203903, 78.068207, 271.023987, 69.433128, 84.777847, 221.018616, ","[["" 129.816"", "" 125.980"", ""  66.927""], ["" 129.378"", "" 125.203"", ""  67.941""], ["" 130.289"", "" 127.110"", ""  67.045""], ["" 129.043"", "" 124.288"", ""  67.682""], ["" 129.694"", "" 125.368"", ""  65.527""], ["" 129.953"", "" 123.563"", ""  65.503""], ["" 130.571"", "" 123.063"", ""  63.900""], ["" 130.062"", "" 122.071"", ""  61.850""], ["" 131.370"", "" 122.220"", ""  61.397""], ["" 129.662"", "" 122.485"", ""  63.073""], ["" 132.324"", "" 122.822"", ""  62.232""], ["" 131.919"", "" 123.258"", ""  63.519""], ["" 132.875"", "" 123.891"", ""  64.433""], ["" 133.630"", "" 124.390"", ""  65.154""], ["" 128.997"", "" 121.411"", ""  60.994""], ["" 133.767"", "" 122.980"", ""  61.715""], ["" 133.805"", "" 122.786"", ""  60.397""], ["" 134.216"", "" 124.207"", ""  61.987""], ["" 134.613"", "" 122.111"", ""  62.274""], ["" 129.370"", "" 125.446"", ""  69.327""], ["" 128.866"", "" 126.686"", ""  69.721""], ["" 129.824"", "" 124.548"", ""  70.304""], ["" 128.799"", "" 127.026"", ""  71.068""], ["" 129.759"", "" 124.891"", ""  71.652""], ["" 129.243"", "" 126.130"", ""  72.052""], ["" 129.184"", "" 126.463"", ""  73.515""], ["" 130.115"", "" 126.992"", ""  74.129""], ["" 128.010"", "" 126.106"", ""  74.097""], ["" 127.084"", "" 127.089"", ""  74.545""], ["" 126.081"", "" 127.387"", ""  73.426""]]",[],2a_Grossjean_2025
24,3371,2aa_Ghoteimi_2023,receptor_tmp,1,2,-9.69,-0.1977551020408163,0.0,0.0,4,188.73,-12.97,-12.76,-0.21,-12.97,0.0,-2.81,3.28,-2.81,75,4,0.0,0.0,0.0,7.314661,10.561322,10.237639,-0.59566768,0.80121081,-0.05693195,265.120148,"5.139316, 353.576813, 240.038696, 263.618408, 108.018082, 337.10614, 105.58667, 44.612312, 87.713264, 92.795181, 310.544464, ","[["" 127.880"", "" 126.508"", ""  70.668""], ["" 129.037"", "" 125.827"", ""  70.815""], ["" 127.201"", "" 126.959"", ""  71.592""], ["" 129.519"", "" 125.581"", ""  69.963""], ["" 127.447"", "" 126.723"", ""  69.212""], ["" 128.390"", "" 127.571"", ""  68.549""], ["" 128.564"", "" 127.479"", ""  67.174""], ["" 129.996"", "" 124.419"", ""  68.200""], ["" 129.626"", "" 125.264"", ""  67.501""], ["" 129.159"", "" 126.334"", ""  66.616""], ["" 129.307"", "" 126.259"", ""  65.212""], ["" 128.144"", "" 128.522"", ""  66.404""], ["" 128.877"", "" 127.349"", ""  64.444""], ["" 128.303"", "" 128.466"", ""  65.058""], ["" 129.889"", "" 125.083"", ""  64.496""], ["" 130.901"", "" 125.262"", ""  63.550""], ["" 129.416"", "" 123.790"", ""  64.739""], ["" 131.434"", "" 124.173"", ""  62.866""], ["" 129.948"", "" 122.702"", ""  64.055""], ["" 130.959"", "" 122.873"", ""  63.099""], ["" 131.481"", "" 121.764"", ""  62.426""], ["" 132.749"", "" 121.847"", ""  61.677""], ["" 130.558"", "" 120.844"", ""  61.732""], ["" 133.337"", "" 120.468"", ""  61.310""], ["" 131.203"", "" 119.492"", ""  61.365""], ["" 132.376"", "" 119.705"", ""  60.596""], ["" 127.813"", "" 129.644"", ""  64.277""], ["" 128.211"", "" 130.941"", ""  64.617""], ["" 126.943"", "" 129.484"", ""  63.192""], ["" 127.764"", "" 132.042"", ""  63.889""], ["" 126.498"", "" 130.583"", ""  62.463""], ["" 126.911"", "" 131.883"", ""  62.785""], ["" 126.442"", "" 132.979"", ""  62.051""], ["" 124.997"", "" 133.214"", ""  61.857""], ["" 127.148"", "" 134.274"", ""  62.138""], ["" 124.675"", "" 134.237"", ""  60.748""], ["" 126.765"", "" 135.266"", ""  61.020""], ["" 125.358"", "" 135.455"", ""  60.998""], ["" 129.716"", "" 125.445"", ""  71.989""], ["" 130.291"", "" 124.173"", ""  71.970""], ["" 129.827"", "" 126.233"", ""  73.144""], ["" 130.982"", "" 123.695"", ""  73.078""], ["" 130.517"", "" 125.751"", ""  74.253""], ["" 131.105"", "" 124.480"", ""  74.235""], ["" 131.840"", "" 123.992"", ""  75.450""], ["" 131.321"", "" 123.283"", ""  76.319""], ["" 133.128"", "" 124.419"", ""  75.504""], ["" 134.186"", "" 123.636"", ""  74.966""], ["" 135.339"", "" 123.579"", ""  75.973""]]",[],2aa_Ghoteimi_2023
25,3638,2b_Ghoteimi_2023,receptor_tmp,3,13,-11.16,-0.25953488372093025,0.0,0.0,6,191.04,-13.55,-13.1,-0.45,-13.55,0.0,-2.34,2.39,-2.34,62,7,0.0,0.0,0.0,9.11551,10.120819,8.156187,-0.60991938,-0.56575997,-0.55489999,146.282776,"104.738022, 258.890656, 203.624298, 182.5858, 237.096756, 120.840355, 169.762741, 269.871368, ","[["" 128.982"", "" 127.925"", ""  68.904""], ["" 128.974"", "" 127.656"", ""  67.144""], ["" 130.124"", "" 124.369"", ""  67.943""], ["" 129.783"", "" 125.285"", ""  67.322""], ["" 129.351"", "" 126.440"", ""  66.531""], ["" 129.296"", "" 126.364"", ""  65.116""], ["" 128.536"", "" 128.723"", ""  66.435""], ["" 128.872"", "" 127.493"", ""  64.404""], ["" 128.483"", "" 128.652"", ""  65.081""], ["" 129.658"", "" 125.144"", ""  64.335""], ["" 128.902"", "" 124.771"", ""  63.223""], ["" 130.743"", "" 124.349"", ""  64.714""], ["" 129.234"", "" 123.633"", ""  62.492""], ["" 131.073"", "" 123.210"", ""  63.986""], ["" 130.322"", "" 122.829"", ""  62.865""], ["" 130.683"", "" 121.691"", ""  62.141""], ["" 129.651"", "" 120.976"", ""  61.363""], ["" 131.978"", "" 121.606"", ""  61.436""], ["" 130.082"", "" 119.558"", ""  60.933""], ["" 132.349"", "" 120.170"", ""  61.013""], ["" 131.310"", "" 119.615"", ""  60.222""], ["" 127.995"", "" 129.874"", ""  64.368""], ["" 128.273"", "" 131.151"", ""  64.868""], ["" 127.261"", "" 129.777"", ""  63.180""], ["" 127.835"", "" 132.292"", ""  64.202""], ["" 126.820"", "" 130.918"", ""  62.514""], ["" 127.090"", "" 132.199"", ""  63.015""], ["" 126.669"", "" 133.337"", ""  62.318""], ["" 127.669"", "" 134.246"", ""  61.721""], ["" 125.448"", "" 133.326"", ""  61.490""], ["" 127.097"", "" 135.628"", ""  61.338""], ["" 124.941"", "" 134.734"", ""  61.110""], ["" 125.977"", "" 135.469"", ""  60.480""], ["" 127.790"", "" 126.767"", ""  69.641""], ["" 128.402"", "" 125.967"", ""  70.792""], ["" 128.970"", "" 124.791"", ""  70.446""], ["" 128.354"", "" 126.422"", ""  71.937""], ["" 128.929"", "" 124.527"", ""  69.473""], ["" 129.582"", "" 123.872"", ""  71.286""], ["" 129.196"", "" 122.623"", ""  71.483""], ["" 130.712"", "" 124.172"", ""  72.047""], ["" 130.092"", "" 122.066"", ""  72.398""], ["" 131.001"", "" 123.014"", ""  72.730""]]",[],2b_Ghoteimi_2023
26,8046,2b_Grossjean_2025,receptor_tmp,1,10,-7.51,-0.2589655172413793,0.0,0.0,8,186.95,-9.6,-9.11,-0.49,-9.6,0.0,-0.85,2.09,-0.85,50,7,0.0,0.0,0.0,8.896064,9.872834,9.672016,-0.09512881,-0.99277779,-0.07309419,34.207123,"135.907486, 248.947174, 142.479935, 228.409439, 103.6446, 270.590179, 73.69075, ","[["" 129.824"", "" 125.752"", ""  66.744""], ["" 129.217"", "" 125.149"", ""  67.788""], ["" 130.480"", "" 126.794"", ""  66.805""], ["" 128.651"", "" 124.344"", ""  67.567""], ["" 129.640"", "" 125.057"", ""  65.392""], ["" 130.029"", "" 123.276"", ""  65.442""], ["" 130.717"", "" 122.757"", ""  63.876""], ["" 130.329"", "" 121.648"", ""  61.860""], ["" 131.629"", "" 121.885"", ""  61.422""], ["" 129.874"", "" 122.076"", ""  63.059""], ["" 132.516"", "" 122.594"", ""  62.247""], ["" 132.054"", "" 123.043"", ""  63.510""], ["" 132.939"", "" 123.783"", ""  64.415""], ["" 133.638"", "" 124.367"", ""  65.128""], ["" 129.330"", "" 120.884"", ""  61.013""], ["" 133.949"", "" 122.852"", ""  61.745""], ["" 134.802"", "" 122.034"", ""  62.363""], ["" 134.020"", "" 122.637"", ""  60.430""], ["" 134.358"", "" 124.102"", ""  61.969""], ["" 129.198"", "" 125.512"", ""  69.149""], ["" 129.772"", "" 124.595"", ""  70.030""], ["" 128.671"", "" 126.711"", ""  69.651""], ["" 129.811"", "" 124.858"", ""  71.396""], ["" 128.711"", "" 126.973"", ""  71.017""], ["" 129.279"", "" 126.051"", ""  71.907""], ["" 129.305"", "" 126.368"", ""  73.374""], ["" 130.236"", "" 126.966"", ""  73.923""], ["" 128.202"", "" 125.935"", ""  74.036""], ["" 126.967"", "" 126.630"", ""  73.933""]]",[],2b_Grossjean_2025
27,3500,2c_Ghoteimi_2023,receptor_tmp,1,6,-10.63,-0.24720930232558141,0.0,0.0,4,191.05,-13.01,-12.68,-0.33,-13.01,0.0,-2.06,2.39,-2.06,66,6,0.0,0.0,0.0,9.192744,9.956275,8.255035,0.56789806,0.64038369,0.51710784,219.733917,"106.078613, 259.484039, 35.409878, 355.703613, 249.632919, 158.101303, 144.714813, 273.148285, ","[["" 129.006"", "" 127.949"", ""  68.977""], ["" 129.022"", "" 127.668"", ""  67.221""], ["" 130.129"", "" 124.379"", ""  68.061""], ["" 129.806"", "" 125.292"", ""  67.428""], ["" 129.397"", "" 126.445"", ""  66.620""], ["" 129.366"", "" 126.360"", ""  65.206""], ["" 128.607"", "" 128.735"", ""  66.498""], ["" 128.964"", "" 127.489"", ""  64.480""], ["" 128.578"", "" 128.658"", ""  65.143""], ["" 129.737"", "" 125.135"", ""  64.437""], ["" 128.996"", "" 124.758"", ""  63.315""], ["" 130.818"", "" 124.341"", ""  64.829""], ["" 129.339"", "" 123.619"", ""  62.591""], ["" 131.159"", "" 123.202"", ""  64.107""], ["" 130.424"", "" 122.817"", ""  62.977""], ["" 130.798"", "" 121.682"", ""  62.253""], ["" 129.780"", "" 120.963"", ""  61.461""], ["" 132.102"", "" 121.603"", ""  61.567""], ["" 130.224"", "" 119.545"", ""  61.041""], ["" 132.487"", "" 120.170"", ""  61.144""], ["" 131.458"", "" 119.609"", ""  60.343""], ["" 128.125"", "" 129.882"", ""  64.414""], ["" 127.522"", "" 129.783"", ""  63.156""], ["" 128.283"", "" 131.157"", ""  64.971""], ["" 127.093"", "" 130.919"", ""  62.475""], ["" 127.856"", "" 132.294"", ""  64.290""], ["" 127.262"", "" 132.201"", ""  63.023""], ["" 126.815"", "" 133.350"", ""  62.363""], ["" 127.783"", "" 134.228"", ""  61.676""], ["" 125.526"", "" 133.371"", ""  61.640""], ["" 127.220"", "" 135.624"", ""  61.336""], ["" 125.029"", "" 134.791"", ""  61.295""], ["" 126.029"", "" 135.497"", ""  60.578""], ["" 128.098"", "" 126.572"", ""  69.742""], ["" 128.854"", "" 125.975"", ""  70.930""], ["" 129.255"", "" 124.694"", ""  70.782""], ["" 129.057"", "" 126.670"", ""  71.927""], ["" 129.018"", "" 124.228"", ""  69.918""], ["" 129.938"", "" 123.926"", ""  71.714""], ["" 129.970"", "" 122.615"", ""  71.811""], ["" 130.876"", "" 124.772"", ""  72.902""], ["" 130.728"", "" 122.222"", ""  72.815""], ["" 131.332"", "" 123.230"", ""  73.561""]]",[],2c_Ghoteimi_2023
28,8102,2c_Grossjean_2025,receptor_tmp,1,15,-7.08,-0.26222222222222225,0.0,0.0,6,189.49,-8.87,-8.52,-0.35,-8.87,0.0,-0.63,1.79,-0.63,40,7,0.0,0.0,0.0,8.357507,7.238075,9.159287,0.62546796,0.10575971,-0.77304897,238.345779,"254.865295, 230.986618, 107.124199, 195.82373, 7.128965, 226.463379, ","[["" 130.079"", "" 124.948"", ""  65.646""], ["" 129.944"", "" 123.151"", ""  65.340""], ["" 130.655"", "" 122.765"", ""  63.745""], ["" 130.307"", "" 121.786"", ""  61.656""], ["" 131.603"", "" 122.088"", ""  61.245""], ["" 129.834"", "" 122.119"", ""  62.877""], ["" 132.465"", "" 122.761"", ""  62.121""], ["" 131.984"", "" 123.112"", ""  63.408""], ["" 132.843"", "" 123.815"", ""  64.367""], ["" 133.521"", "" 124.370"", ""  65.123""], ["" 129.336"", "" 121.052"", ""  60.752""], ["" 133.896"", "" 123.089"", ""  61.651""], ["" 133.985"", "" 122.946"", ""  60.328""], ["" 134.207"", "" 124.345"", ""  61.973""], ["" 134.815"", "" 122.293"", ""  62.203""], ["" 129.343"", "" 125.463"", ""  66.892""], ["" 129.810"", "" 124.984"", ""  68.066""], ["" 128.385"", "" 126.229"", ""  66.779""], ["" 130.524"", "" 124.272"", ""  68.011""], ["" 129.375"", "" 125.281"", ""  69.370""], ["" 128.590"", "" 126.396"", ""  69.701""], ["" 129.805"", "" 124.418"", ""  70.379""], ["" 128.223"", "" 126.619"", ""  71.025""], ["" 129.436"", "" 124.645"", ""  71.702""], ["" 128.637"", "" 125.750"", ""  72.035""], ["" 128.221"", "" 126.053"", ""  73.317""], ["" 127.164"", "" 126.988"", ""  73.502""]]",[],2c_Grossjean_2025
29,3842,2d_Ghoteimi_2023,receptor_tmp,1,1,-8.92,-0.23473684210526316,0.0,0.0,6,190.95,-11.31,-10.86,-0.45,-11.31,0.0,-1.52,2.39,-1.52,44,7,0.0,0.0,0.0,9.936892,8.645665,9.664048,-0.43071156,-0.84637916,0.31325688,162.544327,"15.483873, 307.311279, 294.339264, 156.873978, 125.145477, 161.570999, 274.234802, 30.194124, ","[["" 126.881"", "" 129.505"", ""  65.980""], ["" 127.867"", "" 128.079"", ""  66.392""], ["" 128.108"", "" 127.563"", ""  62.864""], ["" 128.254"", "" 127.408"", ""  64.002""], ["" 128.443"", "" 127.206"", ""  65.442""], ["" 129.209"", "" 126.114"", ""  65.920""], ["" 127.988"", "" 127.881"", ""  67.728""], ["" 129.346"", "" 125.951"", ""  67.304""], ["" 128.718"", "" 126.834"", ""  68.187""], ["" 129.885"", "" 125.116"", ""  65.037""], ["" 130.956"", "" 125.503"", ""  64.231""], ["" 129.480"", "" 123.778"", ""  65.023""], ["" 131.601"", "" 124.579"", ""  63.414""], ["" 130.123"", "" 122.853"", ""  64.205""], ["" 131.188"", "" 123.237"", ""  63.379""], ["" 131.828"", "" 122.289"", ""  62.576""], ["" 133.229"", "" 122.466"", ""  62.145""], ["" 131.065"", "" 121.618"", ""  61.506""], ["" 133.867"", "" 121.177"", ""  61.583""], ["" 131.758"", "" 120.350"", ""  60.963""], ["" 133.072"", "" 120.662"", ""  60.526""], ["" 128.821"", "" 126.689"", ""  69.671""], ["" 129.305"", "" 127.741"", ""  70.457""], ["" 128.444"", "" 125.503"", ""  70.312""], ["" 129.404"", "" 127.613"", ""  71.840""], ["" 128.541"", "" 125.376"", ""  71.695""], ["" 129.012"", "" 126.432"", ""  72.488""], ["" 129.122"", "" 126.281"", ""  73.875""], ["" 130.434"", "" 126.129"", ""  74.534""], ["" 128.202"", "" 127.017"", ""  74.766""], ["" 130.342"", "" 125.607"", ""  75.983""], ["" 128.175"", "" 126.475"", ""  76.211""], ["" 129.488"", "" 126.445"", ""  76.746""], ["" 125.270"", "" 128.925"", ""  65.348""], ["" 124.185"", "" 129.999"", ""  65.524""], ["" 123.728"", "" 130.325"", ""  66.623""], ["" 123.809"", "" 130.515"", ""  64.335""], ["" 124.642"", "" 130.378"", ""  63.194""]]",[],2d_Ghoteimi_2023
30,8199,2d_Grossjean_2025,receptor_tmp,1,1,-6.57,-0.26280000000000003,0.0,0.0,1,189.83,-8.06,-7.68,-0.38,-8.06,0.0,-0.71,1.49,-0.71,39,6,0.0,0.0,0.0,10.063149,8.383858,10.823732,-0.56198526,0.06657923,-0.82446333,174.986404,"134.495468, 273.455963, 223.315796, 75.820473, 197.631195, ","[["" 126.974"", "" 126.278"", ""  69.313""], ["" 127.724"", "" 126.701"", ""  67.752""], ["" 129.538"", "" 126.278"", ""  66.355""], ["" 129.092"", "" 127.205"", ""  65.415""], ["" 128.870"", "" 126.021"", ""  67.502""], ["" 127.897"", "" 127.901"", ""  65.647""], ["" 127.181"", "" 127.641"", ""  66.844""], ["" 125.904"", "" 128.307"", ""  67.111""], ["" 124.895"", "" 128.833"", ""  67.321""], ["" 130.821"", "" 125.495"", ""  66.150""], ["" 127.414"", "" 128.915"", ""  64.592""], ["" 127.595"", "" 130.158"", ""  65.037""], ["" 128.101"", "" 128.758"", ""  63.459""], ["" 126.119"", "" 128.778"", ""  64.298""], ["" 128.295"", "" 125.940"", ""  70.524""], ["" 127.891"", "" 126.283"", ""  71.961""], ["" 126.758"", "" 127.004"", ""  72.093""], ["" 128.585"", "" 125.871"", ""  72.892""], ["" 126.246"", "" 127.193"", ""  71.244""], ["" 126.135"", "" 127.474"", ""  73.265""], ["" 126.891"", "" 128.346"", ""  74.053""], ["" 124.846"", "" 127.101"", ""  73.681""], ["" 126.363"", "" 128.860"", ""  75.234""], ["" 124.322"", "" 127.616"", ""  74.863""], ["" 125.079"", "" 128.494"", ""  75.633""]]",[],2d_Grossjean_2025
31,3749,2e_Grossjean_2025,receptor_tmp,1,16,-6.08,-0.23384615384615384,0.0,0.0,5,191.27,-7.57,-7.22,-0.35,-7.57,0.0,-1.57,1.49,-1.57,39,7,0.0,0.0,0.0,8.243137,9.082078,9.781367,-0.08800142,-0.74132128,0.66535592,115.917969,"224.528748, 0.036227, 18.119671, 340.29892, 209.214859, ","[["" 127.184"", "" 129.468"", ""  66.626""], ["" 128.046"", "" 128.222"", ""  65.693""], ["" 128.295"", "" 127.225"", ""  63.605""], ["" 129.203"", "" 126.294"", ""  64.107""], ["" 127.719"", "" 128.173"", ""  64.378""], ["" 129.545"", "" 126.326"", ""  65.467""], ["" 128.954"", "" 127.317"", ""  66.289""], ["" 129.246"", "" 127.384"", ""  67.725""], ["" 129.477"", "" 127.436"", ""  68.858""], ["" 127.886"", "" 127.227"", ""  62.145""], ["" 130.533"", "" 125.277"", ""  66.011""], ["" 130.681"", "" 124.287"", ""  65.130""], ["" 131.721"", "" 125.842"", ""  66.230""], ["" 130.128"", "" 124.734"", ""  67.161""], ["" 125.437"", "" 128.951"", ""  66.631""], ["" 124.604"", "" 129.730"", ""  65.608""], ["" 125.076"", "" 129.730"", ""  64.342""], ["" 123.596"", "" 130.329"", ""  65.986""], ["" 125.849"", "" 129.111"", ""  64.143""], ["" 124.593"", "" 130.450"", ""  63.236""], ["" 124.077"", "" 131.707"", ""  63.371""], ["" 124.724"", "" 129.840"", ""  61.984""], ["" 123.670"", "" 132.366"", ""  62.256""], ["" 124.298"", "" 130.530"", ""  60.846""], ["" 123.762"", "" 131.812"", ""  60.977""], ["" 123.111"", "" 133.758"", ""  62.480""]]",[],2e_Grossjean_2025
32,3791,2f_Grossjean_2025,receptor_tmp,2,14,-6.01,-0.2404,0.0,0.0,4,190.97,-7.5,-7.14,-0.36,-7.5,0.0,-1.34,1.49,-1.34,47,5,0.0,0.0,0.0,8.674756,9.105346,11.366856,-0.65294542,-0.39930001,-0.64360063,131.894348,"101.229637, 247.480789, 277.28363, 89.594841, 5.700679, ","[["" 129.078"", "" 127.964"", ""  69.126""], ["" 128.928"", "" 127.985"", ""  67.351""], ["" 128.370"", "" 129.318"", ""  65.523""], ["" 128.620"", "" 128.280"", ""  64.629""], ["" 128.513"", "" 129.178"", ""  66.861""], ["" 129.028"", "" 127.029"", ""  65.119""], ["" 129.179"", "" 126.867"", ""  66.520""], ["" 129.547"", "" 125.565"", ""  67.084""], ["" 129.839"", "" 124.537"", ""  67.529""], ["" 127.919"", "" 130.686"", ""  65.047""], ["" 129.288"", "" 125.891"", ""  64.114""], ["" 128.758"", "" 124.752"", ""  64.564""], ["" 128.738"", "" 126.188"", ""  62.937""], ["" 130.588"", "" 125.671"", ""  63.907""], ["" 127.907"", "" 126.727"", ""  69.779""], ["" 128.425"", "" 125.901"", ""  70.965""], ["" 129.100"", "" 124.784"", ""  70.618""], ["" 128.233"", "" 126.276"", ""  72.123""], ["" 129.233"", "" 124.633"", ""  69.628""], ["" 129.695"", "" 123.806"", ""  71.438""], ["" 129.059"", "" 122.561"", ""  71.499""], ["" 130.858"", "" 123.985"", ""  72.210""], ["" 129.517"", "" 121.526"", ""  72.248""], ["" 131.341"", "" 122.930"", ""  72.987""], ["" 130.645"", "" 121.721"", ""  72.977""]]",[],2f_Grossjean_2025
33,3440,2g_Grossjean_2025,receptor_tmp,1,7,-6.66,-0.2561538461538462,0.0,0.0,1,190.33,-8.45,-8.22,-0.23,-8.45,0.0,-0.62,1.79,-0.62,50,6,0.0,0.0,0.0,8.858431,9.291843,12.163977,0.2674304,-0.95815276,-0.10209928,113.078842,"252.915787, 151.962189, 305.53418, 74.341949, 251.156036, 339.345917, ","[["" 126.406"", "" 126.630"", ""  68.917""], ["" 127.074"", "" 127.179"", ""  67.361""], ["" 128.828"", "" 126.896"", ""  65.854""], ["" 128.295"", "" 127.842"", ""  64.982""], ["" 128.237"", "" 126.567"", ""  67.025""], ["" 127.105"", "" 128.502"", ""  65.323""], ["" 126.476"", "" 128.175"", ""  66.552""], ["" 125.263"", "" 128.875"", ""  66.982""], ["" 124.305"", "" 129.429"", ""  67.322""], ["" 130.116"", "" 126.160"", ""  65.538""], ["" 126.535"", "" 129.552"", ""  64.349""], ["" 127.098"", "" 129.420"", ""  63.147""], ["" 125.217"", "" 129.389"", ""  64.230""], ["" 126.752"", "" 130.805"", ""  64.756""], ["" 127.799"", "" 126.020"", ""  69.927""], ["" 128.243"", "" 126.970"", ""  71.048""], ["" 127.513"", "" 126.913"", ""  72.177""], ["" 129.209"", "" 127.723"", ""  70.908""], ["" 126.721"", "" 126.287"", ""  72.205""], ["" 127.735"", "" 127.724"", ""  73.375""], ["" 126.458"", "" 128.148"", ""  74.093""], ["" 125.291"", "" 127.395"", ""  73.939""], ["" 126.472"", "" 129.251"", ""  74.951""], ["" 124.133"", "" 127.758"", ""  74.624""], ["" 125.315"", "" 129.614"", ""  75.635""], ["" 124.150"", "" 128.867"", ""  75.467""]]",[],2g_Grossjean_2025
34,8108,2h_Grossjean_2025,receptor_tmp,1,7,-6.84,-0.21375,0.0,0.0,4,193.01,-9.52,-8.5,-1.02,-9.52,0.0,-1.23,2.68,-1.23,50,8,0.0,0.0,0.0,12.613616,9.347415,12.16514,0.14939374,-0.85071933,0.5039426,147.471085,"136.61969, 140.322021, 38.080872, 174.202454, 199.463303, 3.84796, 258.750488, 334.296783, 345.896881, ","[["" 129.356"", "" 126.779"", ""  67.766""], ["" 128.797"", "" 125.870"", ""  68.584""], ["" 129.202"", "" 127.995"", ""  67.901""], ["" 128.996"", "" 124.893"", ""  68.428""], ["" 130.225"", "" 126.208"", ""  66.636""], ["" 130.113"", "" 124.401"", ""  66.416""], ["" 130.508"", "" 124.065"", ""  64.714""], ["" 129.613"", "" 123.507"", ""  62.639""], ["" 130.875"", "" 123.481"", ""  62.048""], ["" 129.425"", "" 123.795"", ""  63.945""], ["" 132.006"", "" 123.778"", ""  62.823""], ["" 131.825"", "" 124.090"", ""  64.194""], ["" 132.967"", "" 124.464"", ""  65.032""], ["" 133.870"", "" 124.762"", ""  65.691""], ["" 128.357"", "" 123.209"", ""  61.842""], ["" 133.392"", "" 123.753"", ""  62.150""], ["" 133.254"", "" 123.779"", ""  60.824""], ["" 134.152"", "" 124.796"", ""  62.493""], ["" 134.050"", "" 122.646"", ""  62.495""], ["" 128.021"", "" 126.187"", ""  69.783""], ["" 128.879"", "" 126.408"", ""  71.028""], ["" 129.226"", "" 125.337"", ""  71.866""], ["" 129.321"", "" 127.695"", ""  71.339""], ["" 130.048"", "" 125.560"", ""  72.984""], ["" 130.120"", "" 127.916"", ""  72.458""], ["" 130.494"", "" 126.851"", ""  73.293""], ["" 128.791"", "" 124.068"", ""  71.567""], ["" 129.740"", "" 123.273"", ""  70.866""], ["" 130.404"", "" 124.510"", ""  73.796""], ["" 131.569"", "" 123.817"", ""  73.371""], ["" 131.291"", "" 126.993"", ""  74.415""], ["" 132.666"", "" 126.636"", ""  74.345""]]",[],2h_Grossjean_2025
35,8343,2i_Grossjean_2025,receptor_tmp,1,7,-6.99,-0.29125,0.0,0.0,10,190.01,-8.49,-7.95,-0.54,-8.49,0.0,-0.89,1.49,-0.89,31,7,0.0,0.0,0.0,8.312502,9.033664,11.763232,-0.21548548,-0.86173443,-0.45932535,136.191086,"131.544998, 71.138206, 277.652649, 295.220612, 65.824669, ","[["" 126.875"", "" 126.271"", ""  69.152""], ["" 127.726"", "" 126.683"", ""  67.637""], ["" 129.580"", "" 126.264"", ""  66.284""], ["" 129.170"", "" 127.208"", ""  65.346""], ["" 128.878"", "" 126.001"", ""  67.409""], ["" 127.982"", "" 127.923"", ""  65.561""], ["" 127.235"", "" 127.657"", ""  66.737""], ["" 125.986"", "" 128.374"", ""  67.011""], ["" 124.999"", "" 128.939"", ""  67.228""], ["" 130.854"", "" 125.461"", ""  66.100""], ["" 127.543"", "" 128.964"", ""  64.514""], ["" 127.696"", "" 130.195"", ""  65.003""], ["" 128.281"", "" 128.842"", ""  63.410""], ["" 126.264"", "" 128.830"", ""  64.157""], ["" 127.827"", "" 126.958"", ""  70.540""], ["" 128.341"", "" 125.871"", ""  71.486""], ["" 128.916"", "" 124.801"", ""  70.896""], ["" 128.228"", "" 126.033"", ""  72.703""], ["" 128.985"", "" 124.802"", ""  69.889""], ["" 129.468"", "" 123.702"", ""  71.533""], ["" 128.788"", "" 122.577"", ""  71.557""], ["" 130.689"", "" 123.570"", ""  72.210""], ["" 129.567"", "" 121.650"", ""  72.253""], ["" 130.710"", "" 122.264"", ""  72.641""]]",[],2i_Grossjean_2025
36,3527,2j_Grossjean_2025,receptor_tmp,2,17,-6.17,-0.25708333333333333,0.0,0.0,6,189.7,-7.66,-7.32,-0.34,-7.66,0.0,-0.64,1.49,-0.64,43,6,0.0,0.0,0.0,9.29057,9.37189,11.681619,-0.7775214,0.1710726,-0.60514018,211.436432,"0.016174, 296.068634, 120.376228, 118.75148, 308.756989, ","[["" 129.073"", "" 127.305"", ""  69.234""], ["" 129.027"", "" 126.789"", ""  67.524""], ["" 129.389"", "" 125.047"", ""  66.017""], ["" 129.007"", "" 125.838"", ""  64.937""], ["" 129.400"", "" 125.505"", ""  67.289""], ["" 128.615"", "" 127.167"", ""  65.158""], ["" 128.623"", "" 127.662"", ""  66.486""], ["" 128.224"", "" 129.043"", ""  66.776""], ["" 127.908"", "" 130.133"", ""  67.004""], ["" 129.818"", "" 123.603"", ""  65.833""], ["" 128.195"", "" 128.028"", ""  63.951""], ["" 126.936"", "" 128.441"", ""  64.102""], ["" 128.991"", "" 129.093"", ""  63.850""], ["" 128.265"", "" 127.364"", ""  62.795""], ["" 127.881"", "" 126.291"", ""  70.173""], ["" 128.486"", "" 125.496"", ""  71.340""], ["" 129.229"", "" 124.428"", ""  70.972""], ["" 128.295"", "" 125.846"", ""  72.506""], ["" 129.326"", "" 124.245"", ""  69.984""], ["" 129.885"", "" 123.543"", ""  71.817""], ["" 129.719"", "" 122.241"", ""  71.908""], ["" 131.073"", "" 124.206"", ""  72.893""], ["" 130.513"", "" 121.713"", ""  72.820""], ["" 131.349"", "" 122.598"", ""  73.494""]]",[],2j_Grossjean_2025
37,3419,2k_Grossjean_2025,receptor_tmp,1,6,-5.32,-0.18344827586206897,0.0,0.0,1,190.4,-9.2,-8.61,-0.59,-9.2,0.0,-1.64,3.88,-1.64,49,8,0.0,0.0,0.0,10.0426,7.389832,9.551464,0.75397224,0.27789732,0.59523016,273.949615,"145.113831, 17.943058, 118.31942, 49.991886, 110.692604, 40.321484, 138.631149, 170.852341, 333.542389, 67.357239, 265.058167, 269.00473, 289.362762, ","[["" 128.919"", "" 125.365"", ""  71.889""], ["" 128.496"", "" 126.234"", ""  70.690""], ["" 128.831"", "" 125.628"", ""  69.399""], ["" 128.894"", "" 126.279"", ""  68.221""], ["" 128.699"", "" 127.491"", ""  68.105""], ["" 129.020"", "" 124.637"", ""  69.408""], ["" 129.207"", "" 125.409"", ""  66.995""], ["" 130.843"", "" 125.691"", ""  66.233""], ["" 130.982"", "" 124.710"", ""  64.745""], ["" 134.473"", "" 125.119"", ""  65.330""], ["" 133.486"", "" 124.782"", ""  64.829""], ["" 132.235"", "" 124.356"", ""  64.192""], ["" 132.251"", "" 123.578"", ""  63.007""], ["" 129.808"", "" 124.334"", ""  64.176""], ["" 131.026"", "" 123.194"", ""  62.441""], ["" 129.838"", "" 123.586"", ""  63.051""], ["" 128.487"", "" 123.197"", ""  62.483""], ["" 133.557"", "" 123.140"", ""  62.316""], ["" 134.525"", "" 124.052"", ""  62.414""], ["" 134.010"", "" 122.013"", ""  62.868""], ["" 133.337"", "" 122.926"", ""  61.018""], ["" 129.066"", "" 124.021"", ""  71.455""], ["" 130.389"", "" 123.640"", ""  71.108""], ["" 131.000"", "" 122.915"", ""  72.314""], ["" 130.564"", "" 123.568"", ""  73.500""], ["" 131.578"", "" 124.306"", ""  74.166""], ["" 130.938"", "" 125.500"", ""  74.885""], ["" 131.629"", "" 126.694"", ""  74.541""], ["" 133.039"", "" 126.539"", ""  74.501""]]",[],2k_Grossjean_2025
38,3470,3aa_Grossjean_2025,receptor_tmp,1,11,-8.44,-0.24114285714285713,0.0,0.0,3,188.59,-11.12,-10.65,-0.47,-11.12,0.0,-1.22,2.68,-1.22,47,7,0.0,0.0,0.0,9.023939,7.984101,8.574837,-0.94992191,-0.2864473,0.12488519,107.346878,"138.020615, 12.896628, 49.552162, 26.370106, 232.765213, 312.607056, 86.53521, 265.880798, 34.299881, ","[["" 129.132"", "" 126.471"", ""  67.156""], ["" 129.095"", "" 125.589"", ""  68.179""], ["" 129.129"", "" 127.697"", ""  67.270""], ["" 129.027"", "" 124.614"", ""  67.924""], ["" 129.168"", "" 125.855"", ""  65.757""], ["" 130.036"", "" 124.257"", ""  65.744""], ["" 130.644"", "" 124.007"", ""  64.091""], ["" 133.871"", "" 124.322"", ""  65.574""], ["" 133.051"", "" 124.185"", ""  64.768""], ["" 132.013"", "" 124.012"", ""  63.747""], ["" 132.358"", "" 123.811"", ""  62.389""], ["" 131.327"", "" 123.594"", ""  61.462""], ["" 129.666"", "" 123.779"", ""  63.182""], ["" 129.993"", "" 123.570"", ""  61.881""], ["" 133.815"", "" 123.818"", ""  61.890""], ["" 134.560"", "" 124.755"", ""  62.480""], ["" 134.391"", "" 122.640"", ""  62.134""], ["" 133.845"", "" 124.049"", ""  60.577""], ["" 128.854"", "" 123.340"", ""  60.933""], ["" 128.961"", "" 122.390"", ""  59.905""], ["" 127.652"", "" 124.059"", ""  61.051""], ["" 127.906"", "" 122.169"", ""  59.022""], ["" 126.598"", "" 123.843"", ""  60.168""], ["" 126.730"", "" 122.898"", ""  59.156""], ["" 129.071"", "" 125.826"", ""  69.568""], ["" 129.538"", "" 124.785"", ""  70.372""], ["" 128.634"", "" 127.016"", ""  70.169""], ["" 129.553"", "" 124.916"", ""  71.759""], ["" 128.652"", "" 127.146"", ""  71.554""], ["" 129.106"", "" 126.098"", ""  72.367""], ["" 129.103"", "" 126.274"", ""  73.859""], ["" 130.095"", "" 126.631"", ""  74.501""], ["" 127.897"", "" 126.015"", ""  74.427""], ["" 126.956"", "" 127.057"", ""  74.653""], ["" 125.583"", "" 126.628"", ""  74.126""]]",[],3aa_Grossjean_2025
39,8340,3ab_Grossjean_2025,receptor_tmp,1,8,-8.12,-0.23882352941176468,0.0,0.0,2,188.58,-10.5,-9.97,-0.53,-10.5,0.0,-0.84,2.39,-0.84,71,8,0.0,0.0,0.0,10.738369,5.540101,9.071204,0.78267448,0.5322521,-0.32268925,224.043915,"260.826721, 122.194466, 197.467896, 311.511383, 154.512924, 95.052498, 268.820038, 162.055847, ","[["" 129.153"", "" 125.172"", ""  66.980""], ["" 129.850"", "" 124.730"", ""  68.048""], ["" 128.227"", "" 125.983"", ""  67.016""], ["" 130.548"", "" 124.024"", ""  67.862""], ["" 129.579"", "" 124.588"", ""  65.631""], ["" 130.489"", "" 125.794"", ""  64.620""], ["" 131.212"", "" 124.910"", ""  63.255""], ["" 134.243"", "" 125.104"", ""  65.128""], ["" 133.507"", "" 124.862"", ""  64.269""], ["" 132.577"", "" 124.553"", ""  63.179""], ["" 133.015"", "" 123.847"", ""  62.031""], ["" 132.075"", "" 123.528"", ""  61.041""], ["" 130.319"", "" 124.574"", ""  62.294""], ["" 130.734"", "" 123.900"", ""  61.190""], ["" 134.480"", "" 123.414"", ""  61.831""], ["" 134.772"", "" 122.271"", ""  62.455""], ["" 134.735"", "" 123.237"", ""  60.534""], ["" 135.301"", "" 124.352"", ""  62.307""], ["" 129.683"", "" 123.568"", ""  60.173""], ["" 128.855"", "" 122.446"", ""  60.336""], ["" 129.502"", "" 124.364"", ""  59.029""], ["" 127.877"", "" 122.133"", ""  59.395""], ["" 128.526"", "" 124.055"", ""  58.085""], ["" 127.715"", "" 122.941"", ""  58.273""], ["" 129.728"", "" 125.067"", ""  69.409""], ["" 130.107"", "" 124.240"", ""  70.479""], ["" 129.174"", "" 126.320"", ""  69.677""], ["" 129.935"", "" 124.674"", ""  71.790""], ["" 129.004"", "" 126.751"", ""  70.989""], ["" 129.383"", "" 125.936"", ""  72.062""], ["" 129.185"", "" 126.431"", ""  73.466""], ["" 130.042"", "" 127.064"", ""  74.088""], ["" 127.970"", "" 126.110"", ""  73.981""], ["" 126.833"", "" 126.924"", ""  73.734""]]",[],3ab_Grossjean_2025
40,3567,3ac_Grossjean_2025,receptor_tmp,1,8,-7.96,-0.24875,0.0,0.0,4,187.87,-10.05,-9.51,-0.54,-10.05,0.0,-1.02,2.09,-1.02,44,6,0.0,0.0,0.0,8.769608,7.458748,8.510103,-0.16461353,-0.45949256,0.87279377,145.658218,"254.025146, 209.283432, 44.995472, 56.44442, 15.374575, 38.007599, 71.518639, ","[["" 129.757"", "" 126.243"", ""  65.934""], ["" 130.075"", "" 124.459"", ""  65.774""], ["" 130.697"", "" 124.134"", ""  64.135""], ["" 133.943"", "" 124.381"", ""  65.605""], ["" 133.115"", "" 124.251"", ""  64.806""], ["" 132.069"", "" 124.085"", ""  63.795""], ["" 132.408"", "" 123.822"", ""  62.445""], ["" 131.374"", "" 123.596"", ""  61.525""], ["" 129.717"", "" 123.891"", ""  63.232""], ["" 130.038"", "" 123.633"", ""  61.938""], ["" 133.866"", "" 123.767"", ""  61.948""], ["" 134.475"", "" 122.620"", ""  62.256""], ["" 133.907"", "" 123.893"", ""  60.620""], ["" 134.570"", "" 124.757"", ""  62.498""], ["" 128.895"", "" 123.368"", ""  61.004""], ["" 127.566"", "" 123.486"", ""  61.443""], ["" 129.119"", "" 122.993"", ""  59.668""], ["" 126.501"", "" 123.246"", ""  60.580""], ["" 128.056"", "" 122.753"", ""  58.801""], ["" 126.751"", "" 122.882"", ""  59.261""], ["" 129.655"", "" 126.683"", ""  67.395""], ["" 129.117"", "" 125.777"", ""  68.240""], ["" 130.060"", "" 127.801"", ""  67.715""], ["" 128.918"", "" 124.866"", ""  67.854""], ["" 128.849"", "" 125.897"", ""  69.617""], ["" 129.413"", "" 124.922"", ""  70.440""], ["" 128.040"", "" 126.895"", ""  70.182""], ["" 129.188"", "" 124.946"", ""  71.813""], ["" 127.816"", "" 126.916"", ""  71.556""], ["" 128.391"", "" 125.938"", ""  72.384""], ["" 128.220"", "" 125.880"", ""  73.754""], ["" 127.164"", "" 126.622"", ""  74.356""]]",[],3ac_Grossjean_2025
41,8164,3ad_Grossjean_2025,receptor_tmp,1,7,-7.2,-0.24000000000000002,0.0,0.0,2,190.18,-8.99,-8.79,-0.19,-8.99,0.0,-1.59,1.79,-1.59,52,3,0.0,0.0,0.0,5.844665,15.352688,3.439492,-0.2258591,-0.09011367,0.96998309,202.98465,"68.274696, 47.715092, 14.52461, 337.325623, 110.978439, 147.717468, ","[["" 124.848"", "" 130.862"", ""  60.108""], ["" 126.108"", "" 132.065"", ""  60.468""], ["" 123.378"", "" 134.290"", ""  61.046""], ["" 124.462"", "" 133.894"", ""  60.963""], ["" 125.837"", "" 133.396"", ""  60.860""], ["" 126.937"", "" 134.249"", ""  61.116""], ["" 128.234"", "" 133.736"", ""  60.957""], ["" 127.368"", "" 131.599"", ""  60.302""], ["" 128.426"", "" 132.411"", ""  60.552""], ["" 126.768"", "" 135.716"", ""  61.555""], ["" 127.200"", "" 136.585"", ""  60.639""], ["" 125.479"", "" 135.977"", ""  61.781""], ["" 127.458"", "" 135.942"", ""  62.675""], ["" 129.789"", "" 131.817"", ""  60.353""], ["" 130.593"", "" 131.481"", ""  61.453""], ["" 130.294"", "" 131.576"", ""  59.064""], ["" 131.858"", "" 130.929"", ""  61.275""], ["" 131.560"", "" 131.024"", ""  58.882""], ["" 132.338"", "" 130.703"", ""  59.988""], ["" 123.613"", "" 130.960"", ""  61.438""], ["" 124.150"", "" 130.425"", ""  62.767""], ["" 125.472"", "" 130.150"", ""  62.789""], ["" 123.374"", "" 130.280"", ""  63.712""], ["" 125.986"", "" 130.372"", ""  61.949""], ["" 126.269"", "" 129.640"", ""  63.831""], ["" 127.544"", "" 129.203"", ""  63.459""], ["" 125.864"", "" 129.534"", ""  65.172""], ["" 128.413"", "" 128.677"", ""  64.412""], ["" 126.736"", "" 129.007"", ""  66.122""], ["" 128.005"", "" 128.583"", ""  65.739""]]",[],3ad_Grossjean_2025
42,3464,3af_Grossjean_2025,receptor_tmp,1,8,-7.21,-0.24033333333333334,0.0,0.0,2,187.75,-9.0,-8.7,-0.3,-9.0,0.0,-1.73,1.79,-1.73,46,6,0.0,0.0,0.0,9.3301,8.698384,11.326024,-0.62751259,0.1277425,-0.76805586,177.897644,"4.863722, 294.950714, 116.290329, 276.461334, 351.974121, 13.760843, ","[["" 126.914"", "" 126.623"", ""  69.710""], ["" 127.513"", "" 126.908"", ""  68.057""], ["" 130.032"", "" 124.512"", ""  68.862""], ["" 129.410"", "" 125.277"", ""  68.256""], ["" 128.624"", "" 126.245"", ""  67.487""], ["" 128.982"", "" 126.572"", ""  66.157""], ["" 128.231"", "" 127.546"", ""  65.480""], ["" 126.817"", "" 127.861"", ""  67.390""], ["" 127.155"", "" 128.175"", ""  66.114""], ["" 130.167"", "" 125.910"", ""  65.427""], ["" 130.364"", "" 126.406"", ""  64.203""], ["" 131.290"", "" 126.096"", ""  66.121""], ["" 129.950"", "" 124.601"", ""  65.295""], ["" 126.331"", "" 129.234"", ""  65.445""], ["" 126.932"", "" 130.191"", ""  64.610""], ["" 124.939"", "" 129.295"", ""  65.627""], ["" 126.172"", "" 131.175"", ""  63.984""], ["" 124.176"", "" 130.279"", ""  65.003""], ["" 124.797"", "" 131.216"", ""  64.184""], ["" 128.202"", "" 127.159"", ""  70.875""], ["" 128.574"", "" 126.052"", ""  71.861""], ["" 129.600"", "" 125.260"", ""  71.482""], ["" 127.943"", "" 125.952"", ""  72.914""], ["" 130.011"", "" 125.465"", ""  70.584""], ["" 130.188"", "" 124.170"", ""  72.153""], ["" 129.723"", "" 122.896"", ""  71.810""], ["" 131.198"", "" 124.255"", ""  73.130""], ["" 130.195"", "" 121.752"", ""  72.368""], ["" 131.694"", "" 123.087"", ""  73.714""], ["" 131.168"", "" 121.861"", ""  73.307""]]",[],3af_Grossjean_2025
43,3722,3ag_Grossjean_2025,receptor_tmp,1,7,-7.63,-0.2461290322580645,0.0,0.0,1,191.24,-9.72,-9.39,-0.33,-9.72,0.0,-0.88,2.09,-0.88,55,5,0.0,0.0,0.0,9.158612,10.267546,12.07656,0.39583341,-0.31325332,0.86324288,139.33902,"122.882896, 351.714844, 114.697876, 29.785608, 111.015564, 25.266491, 42.575802, ","[["" 127.024"", "" 126.644"", ""  69.974""], ["" 127.575"", "" 126.846"", ""  68.294""], ["" 130.103"", "" 124.480"", ""  69.162""], ["" 129.468"", "" 125.216"", ""  68.532""], ["" 128.667"", "" 126.146"", ""  67.733""], ["" 128.988"", "" 126.397"", ""  66.376""], ["" 128.223"", "" 127.337"", ""  65.668""], ["" 126.863"", "" 127.764"", ""  67.597""], ["" 127.176"", "" 128.016"", ""  66.300""], ["" 130.141"", "" 125.679"", ""  65.648""], ["" 131.326"", "" 125.885"", ""  66.225""], ["" 129.921"", "" 124.364"", ""  65.638""], ["" 130.230"", "" 126.112"", ""  64.389""], ["" 126.330"", "" 129.031"", ""  65.593""], ["" 126.886"", "" 129.876"", ""  64.620""], ["" 124.961"", "" 129.168"", ""  65.886""], ["" 126.105"", "" 130.821"", ""  63.960""], ["" 124.177"", "" 130.110"", ""  65.228""], ["" 124.753"", "" 130.934"", ""  64.265""], ["" 128.453"", "" 126.954"", ""  71.054""], ["" 128.132"", "" 126.691"", ""  72.526""], ["" 127.376"", "" 127.613"", ""  73.147""], ["" 128.568"", "" 125.678"", ""  73.078""], ["" 127.070"", "" 128.417"", ""  72.620""], ["" 126.982"", "" 127.579"", ""  74.555""], ["" 126.099"", "" 128.747"", ""  74.982""], ["" 124.744"", "" 128.533"", ""  75.244""], ["" 126.656"", "" 130.016"", ""  75.164""], ["" 123.941"", "" 129.591"", ""  75.664""], ["" 125.853"", "" 131.074"", ""  75.583""], ["" 124.499"", "" 130.857"", ""  75.828""]]",[],3ag_Grossjean_2025
44,8236,3ai_Grossjean_2025,receptor_tmp,1,9,-8.26,-0.2848275862068965,0.0,0.0,3,188.15,-10.05,-9.53,-0.52,-10.05,0.0,-1.06,1.79,-1.06,43,6,0.0,0.0,0.0,9.585601,8.969176,10.765451,-0.5615963,0.09955439,-0.82140034,176.394806,"6.29101, 225.626038, 308.761108, 101.541786, 240.372314, 4.926865, ","[["" 127.088"", "" 126.162"", ""  68.951""], ["" 127.765"", "" 126.599"", ""  67.363""], ["" 125.261"", "" 129.142"", ""  67.329""], ["" 126.158"", "" 128.492"", ""  66.994""], ["" 127.295"", "" 127.670"", ""  66.569""], ["" 127.934"", "" 127.905"", ""  65.327""], ["" 128.987"", "" 127.060"", ""  64.944""], ["" 128.768"", "" 125.782"", ""  66.960""], ["" 129.389"", "" 126.009"", ""  65.775""], ["" 127.516"", "" 129.045"", ""  64.379""], ["" 128.187"", "" 129.033"", ""  63.226""], ["" 126.217"", "" 128.943"", ""  64.090""], ["" 127.739"", "" 130.226"", ""  64.957""], ["" 130.499"", "" 125.070"", ""  65.411""], ["" 130.223"", "" 123.744"", ""  65.041""], ["" 131.840"", "" 125.490"", ""  65.421""], ["" 131.249"", "" 122.867"", ""  64.698""], ["" 132.868"", "" 124.616"", ""  65.079""], ["" 132.568"", "" 123.307"", ""  64.719""], ["" 128.249"", "" 126.743"", ""  70.234""], ["" 128.638"", "" 125.690"", ""  71.282""], ["" 129.176"", "" 124.559"", ""  70.773""], ["" 128.457"", "" 125.901"", ""  72.484""], ["" 129.275"", "" 124.504"", ""  69.770""], ["" 129.610"", "" 123.443"", ""  71.477""], ["" 128.948"", "" 122.307"", ""  71.618""], ["" 130.836"", "" 123.390"", ""  72.139""], ["" 129.750"", "" 121.466"", ""  72.392""], ["" 130.887"", "" 122.135"", ""  72.699""]]",[],3ai_Grossjean_2025
45,3473,3aj_Grossjean_2025,receptor_tmp,1,17,-7.4,-0.25517241379310346,0.0,0.0,3,187.77,-9.19,-8.9,-0.29,-9.19,0.0,-1.1,1.79,-1.1,46,8,0.0,0.0,0.0,7.935041,10.130643,8.825116,-0.43277828,-0.7646441,0.47751687,153.881744,"251.03688, 146.161682, 148.640823, 344.513397, 237.07605, 358.366669, ","[["" 127.330"", "" 129.263"", ""  66.620""], ["" 128.212"", "" 127.729"", ""  66.811""], ["" 128.205"", "" 127.625"", ""  63.244""], ["" 128.410"", "" 127.323"", ""  64.342""], ["" 128.673"", "" 126.939"", ""  65.732""], ["" 129.368"", "" 125.743"", ""  66.033""], ["" 129.552"", "" 125.396"", ""  67.381""], ["" 128.382"", "" 127.360"", ""  68.103""], ["" 129.054"", "" 126.218"", ""  68.397""], ["" 129.922"", "" 124.805"", ""  64.943""], ["" 130.950"", "" 125.337"", ""  64.277""], ["" 130.344"", "" 123.666"", ""  65.492""], ["" 128.970"", "" 124.529"", ""  64.051""], ["" 129.214"", "" 125.891"", ""  69.850""], ["" 128.820"", "" 126.806"", ""  70.838""], ["" 129.755"", "" 124.661"", ""  70.263""], ["" 128.963"", "" 126.506"", ""  72.191""], ["" 129.901"", "" 124.358"", ""  71.614""], ["" 129.504"", "" 125.283"", ""  72.574""], ["" 125.545"", "" 128.898"", ""  66.727""], ["" 124.669"", "" 129.634"", ""  65.702""], ["" 125.047"", "" 129.469"", ""  64.415""], ["" 123.706"", "" 130.313"", ""  66.067""], ["" 125.858"", "" 128.893"", ""  64.238""], ["" 124.441"", "" 130.022"", ""  63.295""], ["" 123.235"", "" 130.540"", ""  63.203""], ["" 125.363"", "" 130.051"", ""  61.826""], ["" 122.987"", "" 130.979"", ""  61.985""], ["" 124.010"", "" 130.820"", ""  61.053""]]",[],3aj_Grossjean_2025
46,3833,3ak_Grossjean_2025,receptor_tmp,1,9,-5.95,-0.17500000000000002,0.0,0.0,1,192.09,-10.13,-9.77,-0.36,-10.13,0.0,-2.23,4.18,-2.23,46,6,0.0,0.0,0.0,4.148541,15.451876,9.686531,-0.76497557,0.15795291,-0.6243903,55.358639,"343.825195, 12.803856, 148.868546, 222.337769, 303.744415, 191.605301, 329.486328, 9.630965, 259.646362, 70.331825, 53.719196, 350.336182, 306.789429, 33.936317, ","[["" 124.056"", "" 132.370"", ""  62.341""], ["" 124.167"", "" 133.575"", ""  61.598""], ["" 125.562"", "" 133.644"", ""  60.950""], ["" 126.391"", "" 134.675"", ""  61.481""], ["" 127.793"", "" 134.456"", ""  61.364""], ["" 128.055"", "" 132.949"", ""  61.253""], ["" 129.444"", "" 132.707"", ""  61.427""], ["" 129.749"", "" 131.350"", ""  61.708""], ["" 125.281"", "" 131.659"", ""  62.473""], ["" 125.010"", "" 130.146"", ""  62.560""], ["" 125.442"", "" 129.546"", ""  63.824""], ["" 124.809"", "" 129.654"", ""  65.007""], ["" 123.755"", "" 130.277"", ""  65.145""], ["" 126.292"", "" 129.000"", ""  63.788""], ["" 125.423"", "" 128.972"", ""  66.241""], ["" 127.163"", "" 129.392"", ""  66.627""], ["" 128.093"", "" 127.877"", ""  66.802""], ["" 128.297"", "" 127.458"", ""  68.075""], ["" 128.582"", "" 127.160"", ""  65.688""], ["" 128.998"", "" 126.320"", ""  68.311""], ["" 129.306"", "" 125.967"", ""  65.926""], ["" 128.345"", "" 127.637"", ""  64.322""], ["" 129.504"", "" 125.558"", ""  67.253""], ["" 128.158"", "" 128.015"", ""  63.243""], ["" 129.175"", "" 125.931"", ""  69.748""], ["" 129.782"", "" 124.714"", ""  70.093""], ["" 128.748"", "" 126.776"", ""  70.788""], ["" 129.952"", "" 124.349"", ""  71.426""], ["" 128.916"", "" 126.414"", ""  72.122""], ["" 129.518"", "" 125.201"", ""  72.435""], ["" 129.881"", "" 125.102"", ""  64.787""], ["" 128.934"", "" 124.849"", ""  63.884""], ["" 130.887"", "" 125.742"", ""  64.190""], ["" 130.352"", "" 123.929"", ""  65.215""]]",[],3ak_Grossjean_2025
47,3344,3bc_Grossjean_2025,receptor_tmp,1,6,-8.34,-0.28758620689655173,0.0,0.0,3,189.28,-10.13,-9.68,-0.45,-10.13,0.0,-0.98,1.79,-0.98,37,8,0.0,0.0,0.0,11.544057,8.892625,8.461254,-0.36846215,0.35845085,-0.85775791,136.043655,"34.018394, 144.68808, 72.043976, 156.197495, 194.448105, 223.514313, ","[["" 129.718"", "" 126.429"", ""  67.530""], ["" 129.233"", "" 125.499"", ""  68.381""], ["" 130.129"", "" 127.541"", ""  67.867""], ["" 129.025"", "" 124.594"", ""  67.985""], ["" 129.767"", "" 125.989"", ""  66.060""], ["" 130.104"", "" 124.216"", ""  65.791""], ["" 130.694"", "" 124.021"", ""  64.124""], ["" 132.375"", "" 123.941"", ""  62.389""], ["" 132.054"", "" 124.123"", ""  63.752""], ["" 131.349"", "" 123.690"", ""  61.471""], ["" 133.106"", "" 124.435"", ""  64.722""], ["" 130.021"", "" 123.636"", ""  61.907""], ["" 133.939"", "" 124.680"", ""  65.486""], ["" 129.709"", "" 123.800"", ""  63.219""], ["" 133.809"", "" 124.009"", ""  61.866""], ["" 128.876"", "" 123.374"", ""  60.974""], ["" 129.108"", "" 123.009"", ""  59.640""], ["" 127.544"", "" 123.493"", ""  61.407""], ["" 128.050"", "" 122.764"", ""  58.768""], ["" 126.483"", "" 123.249"", ""  60.539""], ["" 126.741"", "" 122.885"", ""  59.221""], ["" 129.047"", "" 125.581"", ""  69.774""], ["" 128.152"", "" 126.556"", ""  70.219""], ["" 129.719"", "" 124.781"", ""  70.710""], ["" 127.913"", "" 126.718"", ""  71.581""], ["" 129.478"", "" 124.947"", ""  72.071""], ["" 128.568"", "" 125.918"", ""  72.518""], ["" 128.266"", "" 126.153"", ""  73.846""], ["" 127.125"", "" 126.940"", ""  74.169""]]",[],3bc_Grossjean_2025
48,3288,3bd_Grossjean_2025,receptor_tmp,1,5,-7.43,-0.2751851851851852,0.0,0.0,2,186.82,-8.92,-8.72,-0.2,-8.92,0.0,-1.38,1.49,-1.38,42,6,0.0,0.0,0.0,7.000034,11.160079,9.81674,0.18859415,-0.0683942,-0.9796706,235.677277,"32.535442, 281.894165, 357.732849, 124.18924, 50.850651, ","[["" 127.286"", "" 129.379"", ""  66.347""], ["" 128.091"", "" 127.800"", ""  66.566""], ["" 129.153"", "" 125.786"", ""  65.753""], ["" 128.527"", "" 127.020"", ""  65.474""], ["" 129.311"", "" 125.386"", ""  67.085""], ["" 128.347"", "" 127.468"", ""  64.090""], ["" 128.847"", "" 126.205"", ""  68.121""], ["" 128.207"", "" 127.821"", ""  62.997""], ["" 128.253"", "" 127.397"", ""  67.852""], ["" 129.670"", "" 124.860"", ""  64.654""], ["" 128.989"", "" 125.839"", ""  69.569""], ["" 129.751"", "" 124.725"", ""  69.956""], ["" 128.361"", "" 126.593"", ""  70.575""], ["" 129.885"", "" 124.379"", ""  71.298""], ["" 128.493"", "" 126.251"", ""  71.917""], ["" 129.256"", "" 125.144"", ""  72.275""], ["" 125.501"", "" 129.141"", ""  66.597""], ["" 124.685"", "" 129.623"", ""  65.397""], ["" 125.328"", "" 129.612"", ""  64.209""], ["" 123.517"", "" 129.972"", ""  65.569""], ["" 126.255"", "" 129.212"", ""  64.205""], ["" 124.860"", "" 130.017"", ""  62.945""], ["" 125.604"", "" 129.581"", ""  61.846""], ["" 123.738"", "" 130.837"", ""  62.744""], ["" 125.223"", "" 129.939"", ""  60.555""], ["" 123.360"", "" 131.194"", ""  61.452""], ["" 124.102"", "" 130.742"", ""  60.364""]]",[],3bd_Grossjean_2025
49,3467,3be_Grossjean_2025,receptor_tmp,1,1,-8.17,-0.29178571428571426,0.0,0.0,1,186.88,-9.66,-9.28,-0.39,-9.66,0.0,-0.92,1.49,-0.92,74,8,0.0,0.0,0.0,11.49751,7.855352,14.761255,-0.41932572,0.78269732,-0.45994656,163.388992,"303.891174, 211.44809, 119.695839, 29.950706, 246.874374, ","[["" 130.549"", "" 123.913"", ""  71.106""], ["" 129.490"", "" 125.395"", ""  71.224""], ["" 128.910"", "" 125.791"", ""  69.589""], ["" 127.399"", "" 126.765"", ""  67.973""], ["" 127.731"", "" 126.524"", ""  69.324""], ["" 128.225"", "" 126.258"", ""  66.964""], ["" 126.851"", "" 126.999"", ""  70.394""], ["" 129.358"", "" 125.508"", ""  67.299""], ["" 126.154"", "" 127.375"", ""  71.238""], ["" 129.687"", "" 125.286"", ""  68.600""], ["" 126.164"", "" 127.562"", ""  67.559""], ["" 130.277"", "" 124.927"", ""  66.266""], ["" 129.959"", "" 123.723"", ""  65.618""], ["" 131.481"", "" 125.565"", ""  65.923""], ["" 130.809"", "" 123.177"", ""  64.661""], ["" 132.334"", "" 125.022"", ""  64.965""], ["" 131.993"", "" 123.830"", ""  64.337""], ["" 130.014"", "" 122.668"", ""  71.832""], ["" 128.884"", "" 122.149"", ""  71.303""], ["" 130.602"", "" 122.212"", ""  72.814""], ["" 128.484"", "" 122.642"", ""  70.518""], ["" 128.154"", "" 121.021"", ""  71.722""], ["" 128.221"", "" 120.548"", ""  73.001""], ["" 127.366"", "" 120.397"", ""  70.749""], ["" 127.496"", "" 119.448"", ""  73.327""], ["" 126.624"", "" 119.265"", ""  71.099""], ["" 126.686"", "" 118.779"", ""  72.406""], ["" 127.618"", "" 118.979"", ""  74.764""]]",[],3be_Grossjean_2025
50,8161,3bf_Grossjean_2025,receptor_tmp,1,3,-8.01,-0.29666666666666663,0.0,0.0,1,191.38,-9.5,-9.22,-0.28,-9.5,0.0,-0.76,1.49,-0.76,55,5,0.0,0.0,0.0,8.237323,13.615627,6.795716,-0.76728833,-0.29956647,0.56703488,152.944641,"258.120941, 85.654121, 316.696014, 65.895393, 296.965729, ","[["" 127.094"", "" 130.652"", ""  62.669""], ["" 126.325"", "" 130.019"", ""  64.145""], ["" 124.479"", "" 129.584"", ""  65.643""], ["" 124.948"", "" 130.143"", ""  64.435""], ["" 125.380"", "" 128.929"", ""  66.489""], ["" 124.013"", "" 130.791"", ""  63.511""], ["" 126.728"", "" 128.826"", ""  66.129""], ["" 123.273"", "" 131.303"", ""  62.784""], ["" 127.181"", "" 129.358"", ""  64.963""], ["" 123.014"", "" 129.657"", ""  66.069""], ["" 127.739"", "" 128.118"", ""  66.980""], ["" 128.939"", "" 128.750"", ""  67.343""], ["" 127.518"", "" 126.806"", ""  67.431""], ["" 129.882"", "" 128.098"", ""  68.132""], ["" 128.458"", "" 126.151"", ""  68.222""], ["" 129.638"", "" 126.800"", ""  68.569""], ["" 128.726"", "" 131.329"", ""  63.128""], ["" 129.630"", "" 131.707"", ""  61.946""], ["" 130.681"", "" 130.881"", ""  61.754""], ["" 129.395"", "" 132.710"", ""  61.269""], ["" 130.804"", "" 130.143"", ""  62.431""], ["" 131.681"", "" 130.939"", ""  60.765""], ["" 131.454"", "" 130.841"", ""  59.380""], ["" 133.003"", "" 131.074"", ""  61.201""], ["" 132.454"", "" 130.888"", ""  58.462""], ["" 134.042"", "" 131.123"", ""  60.268""], ["" 133.725"", "" 131.030"", ""  58.913""]]",[],3bf_Grossjean_2025
51,8480,3bg_Grossjean_2025,receptor_tmp,1,5,-7.56,-0.26999999999999996,0.0,0.0,7,191.49,-9.35,-9.2,-0.15,-9.35,0.0,-2.26,1.79,-2.26,37,2,0.0,0.0,0.0,8.160407,14.510572,4.081142,-0.10126053,-0.02739714,0.99448263,201.734146,"268.01413, 38.236012, 337.364563, 222.556778, 176.333282, 41.833527, ","[["" 124.122"", "" 130.365"", ""  60.932""], ["" 124.204"", "" 131.831"", ""  59.853""], ["" 125.642"", "" 132.785"", ""  60.313""], ["" 126.734"", "" 134.713"", ""  61.276""], ["" 125.539"", "" 134.058"", ""  60.911""], ["" 127.960"", "" 134.090"", ""  61.023""], ["" 124.239"", "" 134.682"", ""  61.171""], ["" 127.994"", "" 132.831"", ""  60.409""], ["" 123.213"", "" 135.175"", ""  61.377""], ["" 126.841"", "" 132.196"", ""  60.071""], ["" 126.745"", "" 136.081"", ""  61.955""], ["" 129.277"", "" 132.102"", ""  60.119""], ["" 129.743"", "" 131.952"", ""  58.802""], ["" 130.052"", "" 131.550"", ""  61.155""], ["" 130.939"", "" 131.294"", ""  58.531""], ["" 131.249"", "" 130.892"", ""  60.889""], ["" 131.691"", "" 130.769"", ""  59.577""], ["" 124.569"", "" 130.684"", ""  62.362""], ["" 125.882"", "" 130.912"", ""  62.541""], ["" 123.737"", "" 130.741"", ""  63.267""], ["" 126.490"", "" 130.848"", ""  61.738""], ["" 126.498"", "" 131.407"", ""  63.772""], ["" 126.724"", "" 130.289"", ""  64.782""], ["" 125.630"", "" 129.611"", ""  65.333""], ["" 128.023"", "" 129.924"", ""  65.142""], ["" 125.836"", "" 128.597"", ""  66.263""], ["" 128.230"", "" 128.907"", ""  66.072""], ["" 127.135"", "" 128.252"", ""  66.631""]]",[],3bg_Grossjean_2025
52,3585,3bk_Grossjean_2025,receptor_tmp,1,19,-6.85,-0.22096774193548385,0.0,0.0,1,190.53,-10.73,-10.22,-0.51,-10.73,0.0,-1.74,3.88,-1.74,54,10,0.0,0.0,0.0,6.961858,6.609906,11.030406,0.40791025,-0.03194715,-0.91246294,223.091187,"9.180727, 266.795197, 268.405945, 54.32814, 86.278214, 298.397339, 350.067566, 57.068111, 226.170761, 21.16971, 177.114883, 122.936142, 6.569621, ","[["" 127.204"", "" 127.858"", ""  67.393""], ["" 128.576"", "" 127.637"", ""  67.094""], ["" 129.288"", "" 127.086"", ""  68.338""], ["" 128.380"", "" 126.931"", ""  69.476""], ["" 128.656"", "" 127.269"", ""  70.747""], ["" 129.721"", "" 127.776"", ""  71.103""], ["" 127.459"", "" 126.576"", ""  69.261""], ["" 127.551"", "" 127.020"", ""  71.775""], ["" 128.155"", "" 127.204"", ""  73.483""], ["" 127.480"", "" 128.703"", ""  74.180""], ["" 125.774"", "" 129.962"", ""  75.343""], ["" 126.224"", "" 128.730"", ""  74.824""], ["" 126.579"", "" 131.098"", ""  75.203""], ["" 125.401"", "" 127.524"", ""  74.954""], ["" 127.817"", "" 131.001"", ""  74.556""], ["" 128.249"", "" 129.814"", ""  74.053""], ["" 124.752"", "" 126.571"", ""  75.058""], ["" 124.431"", "" 130.112"", ""  76.056""], ["" 128.717"", "" 132.182"", ""  74.355""], ["" 128.795"", "" 133.199"", ""  75.320""], ["" 129.507"", "" 132.305"", ""  73.199""], ["" 129.625"", "" 134.301"", ""  75.135""], ["" 130.338"", "" 133.406"", ""  73.010""], ["" 130.393"", "" 134.402"", ""  73.980""], ["" 126.515"", "" 128.613"", ""  66.405""], ["" 125.109"", "" 128.956"", ""  66.916""], ["" 124.402"", "" 129.662"", ""  65.904""], ["" 125.178"", "" 129.938"", ""  64.747""], ["" 124.524"", "" 131.079"", ""  63.956""], ["" 123.360"", "" 130.597"", ""  63.298""], ["" 123.396"", "" 130.765"", ""  61.889""]]",[],3bk_Grossjean_2025
53,3830,3ca_Grossjean_2025,receptor_tmp,1,1,-8.18,-0.255625,0.0,0.0,2,190.18,-10.57,-10.24,-0.33,-10.57,0.0,-1.28,2.39,-1.28,53,5,0.0,0.0,0.0,7.47705,6.905424,11.311584,-0.95953269,0.1947399,-0.20340448,200.394287,"354.998871, 88.460991, 324.288971, 52.545139, 189.88147, 335.4617, 93.450287, 89.529251, ","[["" 129.275"", "" 125.691"", ""  69.760""], ["" 128.938"", "" 126.890"", ""  70.391""], ["" 129.067"", "" 127.022"", ""  71.771""], ["" 129.543"", "" 125.958"", ""  72.547""], ["" 129.891"", "" 124.757"", ""  71.909""], ["" 129.761"", "" 124.623"", ""  70.529""], ["" 129.109"", "" 125.666"", ""  68.362""], ["" 129.029"", "" 126.690"", ""  67.485""], ["" 129.111"", "" 127.883"", ""  67.774""], ["" 129.097"", "" 124.739"", ""  67.964""], ["" 128.841"", "" 126.283"", ""  66.020""], ["" 129.416"", "" 124.589"", ""  65.666""], ["" 130.995"", "" 124.646"", ""  64.830""], ["" 133.300"", "" 124.912"", ""  65.061""], ["" 133.505"", "" 124.737"", ""  63.695""], ["" 132.072"", "" 124.876"", ""  65.622""], ["" 132.408"", "" 124.516"", ""  62.852""], ["" 131.114"", "" 124.459"", ""  63.432""], ["" 129.934"", "" 124.179"", ""  62.608""], ["" 129.002"", "" 123.958"", ""  61.956""], ["" 134.453"", "" 125.156"", ""  66.015""], ["" 132.675"", "" 124.347"", ""  61.392""], ["" 133.600"", "" 123.392"", ""  60.952""], ["" 132.023"", "" 125.150"", ""  60.448""], ["" 133.862"", "" 123.234"", ""  59.594""], ["" 132.282"", "" 124.994"", ""  59.088""], ["" 133.200"", "" 124.036"", ""  58.667""], ["" 129.670"", "" 126.133"", ""  74.033""], ["" 128.763"", "" 125.862"", ""  74.827""], ["" 130.876"", "" 126.623"", ""  74.415""], ["" 131.980"", "" 125.758"", ""  74.650""], ["" 133.286"", "" 126.538"", ""  74.473""]]",[],3ca_Grossjean_2025
54,3386,3cb_Grossjean_2025,receptor_tmp,1,1,-8.23,-0.26548387096774195,0.0,0.0,1,190.44,-10.32,-9.94,-0.38,-10.32,0.0,-1.17,2.09,-1.17,48,6,0.0,0.0,0.0,10.45776,7.781211,8.886104,0.75732122,-0.06483992,0.64981563,240.855759,"107.671646, 204.259415, 128.087524, 130.881195, 102.072884, 85.767761, 223.817276, ","[["" 129.374"", "" 126.497"", ""  67.332""], ["" 129.003"", "" 125.623"", ""  68.293""], ["" 129.942"", "" 127.571"", ""  67.536""], ["" 128.587"", "" 124.761"", ""  67.971""], ["" 129.047"", "" 126.045"", ""  65.901""], ["" 129.585"", "" 124.351"", ""  65.486""], ["" 131.152"", "" 124.466"", ""  64.650""], ["" 133.430"", "" 124.843"", ""  64.956""], ["" 133.683"", "" 124.699"", ""  63.595""], ["" 132.189"", "" 124.733"", ""  65.481""], ["" 132.625"", "" 124.439"", ""  62.714""], ["" 131.314"", "" 124.334"", ""  63.248""], ["" 130.159"", "" 124.156"", ""  62.364""], ["" 129.247"", "" 124.016"", ""  61.666""], ["" 134.542"", "" 125.130"", ""  65.946""], ["" 132.948"", "" 124.298"", ""  61.262""], ["" 133.961"", "" 123.425"", ""  60.847""], ["" 132.230"", "" 125.015"", ""  60.294""], ["" 134.262"", "" 123.278"", ""  59.495""], ["" 132.530"", "" 124.873"", ""  58.942""], ["" 133.545"", "" 124.006"", ""  58.548""], ["" 129.137"", "" 125.707"", ""  69.694""], ["" 128.676"", "" 126.887"", ""  70.278""], ["" 129.700"", "" 124.713"", ""  70.508""], ["" 128.762"", "" 127.076"", ""  71.654""], ["" 129.787"", "" 124.903"", ""  71.885""], ["" 129.320"", "" 126.085"", ""  72.476""], ["" 129.432"", "" 126.256"", ""  73.964""], ["" 130.446"", "" 126.687"", ""  74.522""], ["" 128.308"", "" 125.890"", ""  74.632""], ["" 127.171"", "" 126.740"", ""  74.672""]]",[],3cb_Grossjean_2025
55,3940,3ce_Grossjean_2025,receptor_tmp,1,2,-8.17,-0.29178571428571426,0.0,0.0,8,187.41,-9.67,-9.45,-0.21,-9.67,0.0,-1.1,1.49,-1.1,45,7,0.0,0.0,0.0,7.192464,10.907862,9.490454,0.2373447,0.92822086,0.28648477,117.375038,"194.858154, 36.195339, 22.623665, 21.081165, 139.941986, ","[["" 125.507"", "" 128.788"", ""  66.595""], ["" 127.278"", "" 129.192"", ""  66.552""], ["" 128.124"", "" 127.708"", ""  67.044""], ["" 128.632"", "" 126.318"", ""  68.842""], ["" 129.344"", "" 125.446"", ""  68.023""], ["" 128.035"", "" 127.437"", ""  68.369""], ["" 129.470"", "" 125.723"", ""  66.656""], ["" 128.840"", "" 126.885"", ""  66.143""], ["" 128.924"", "" 127.219"", ""  64.717""], ["" 128.991"", "" 127.482"", ""  63.593""], ["" 128.482"", "" 126.068"", ""  70.330""], ["" 130.265"", "" 124.771"", ""  65.823""], ["" 131.546"", "" 125.124"", ""  65.381""], ["" 129.736"", "" 123.528"", ""  65.455""], ["" 132.291"", "" 124.245"", ""  64.600""], ["" 130.477"", "" 122.647"", ""  64.673""], ["" 131.754"", "" 123.009"", ""  64.250""], ["" 124.703"", "" 129.638"", ""  65.611""], ["" 125.202"", "" 129.713"", ""  64.357""], ["" 123.670"", "" 130.189"", ""  65.994""], ["" 125.999"", "" 129.128"", ""  64.152""], ["" 124.682"", "" 130.413"", ""  63.255""], ["" 124.135"", "" 131.657"", ""  63.387""], ["" 124.788"", "" 129.785"", ""  62.009""], ["" 123.672"", "" 132.284"", ""  62.276""], ["" 124.304"", "" 130.442"", ""  60.875""], ["" 123.737"", "" 131.710"", ""  61.003""], ["" 123.080"", "" 133.663"", ""  62.495""]]",[],3ce_Grossjean_2025
56,3536,3ch_Grossjean_2025,receptor_tmp,1,6,-7.79,-0.23606060606060605,0.0,0.0,8,189.22,-10.17,-9.26,-0.91,-10.17,0.0,-1.79,2.39,-1.79,45,6,0.0,0.0,0.0,9.977999,9.780213,9.024073,0.24925442,0.89750929,0.36379846,268.956116,"64.931892, 287.586212, 77.109779, 236.027939, 102.7034, 76.845131, 180.159729, 31.445272, ","[["" 129.550"", "" 127.249"", ""  67.593""], ["" 129.048"", "" 126.268"", ""  68.376""], ["" 130.127"", "" 128.259"", ""  67.996""], ["" 128.653"", "" 125.474"", ""  67.893""], ["" 129.403"", "" 127.030"", ""  66.088""], ["" 129.120"", "" 125.284"", ""  65.672""], ["" 130.640"", "" 124.693"", ""  64.961""], ["" 132.960"", "" 124.713"", ""  65.155""], ["" 133.107"", "" 123.910"", ""  64.027""], ["" 131.752"", "" 125.103"", ""  65.621""], ["" 131.969"", "" 123.470"", ""  63.336""], ["" 130.694"", "" 123.854"", ""  63.823""], ["" 129.470"", "" 123.346"", ""  63.197""], ["" 128.503"", "" 122.946"", ""  62.702""], ["" 134.161"", "" 125.212"", ""  65.937""], ["" 132.176"", "" 122.618"", ""  62.124""], ["" 131.594"", "" 121.347"", ""  62.051""], ["" 132.967"", "" 123.069"", ""  61.061""], ["" 131.788"", "" 120.545"", ""  60.929""], ["" 133.163"", "" 122.270"", ""  59.937""], ["" 132.571"", "" 121.011"", ""  59.876""], ["" 129.041"", "" 126.153"", ""  69.779""], ["" 128.720"", "" 127.189"", ""  70.668""], ["" 129.368"", "" 124.896"", ""  70.290""], ["" 128.745"", "" 126.980"", ""  72.056""], ["" 129.398"", "" 124.662"", ""  71.674""], ["" 129.082"", "" 125.711"", ""  72.546""], ["" 128.449"", "" 127.956"", ""  72.991""], ["" 127.183"", "" 127.947"", ""  73.641""], ["" 129.722"", "" 123.443"", ""  72.244""], ["" 131.085"", "" 123.032"", ""  72.293""], ["" 129.125"", "" 125.500"", ""  73.903""], ["" 130.391"", "" 125.763"", ""  74.491""]]",[],3ch_Grossjean_2025
57,3558,3ci_Grossjean_2025,receptor_tmp,1,12,-8.12,-0.3123076923076923,0.0,0.0,10,192.23,-9.61,-9.53,-0.07,-9.61,0.0,-1.04,1.49,-1.04,46,10,0.0,0.0,0.0,8.591134,9.040274,9.564497,-0.10335932,-0.74004679,-0.66456572,226.114761,"136.194595, 308.982574, 290.631287, 281.243561, 269.315002, ","[["" 127.129"", "" 129.032"", ""  66.605""], ["" 128.062"", "" 127.600"", ""  67.133""], ["" 128.674"", "" 126.239"", ""  68.925""], ["" 129.432"", "" 125.412"", ""  68.101""], ["" 128.003"", "" 127.315"", ""  68.459""], ["" 129.509"", "" 125.686"", ""  66.728""], ["" 128.814"", "" 126.815"", ""  66.226""], ["" 128.893"", "" 127.176"", ""  64.806""], ["" 128.955"", "" 127.459"", ""  63.685""], ["" 128.543"", "" 125.977"", ""  70.413""], ["" 130.322"", "" 124.763"", ""  65.880""], ["" 131.595"", "" 125.136"", ""  65.430""], ["" 129.806"", "" 123.516"", ""  65.504""], ["" 132.344"", "" 124.276"", ""  64.633""], ["" 130.553"", "" 122.654"", ""  64.706""], ["" 131.820"", "" 123.037"", ""  64.275""], ["" 125.368"", "" 128.794"", ""  67.011""], ["" 124.423"", "" 129.604"", ""  66.116""], ["" 124.778"", "" 129.690"", ""  64.814""], ["" 123.412"", "" 130.108"", ""  66.608""], ["" 125.628"", "" 129.225"", ""  64.536""], ["" 124.118"", "" 130.381"", ""  63.807""], ["" 122.955"", "" 130.049"", ""  63.270""], ["" 124.621"", "" 131.545"", ""  63.228""], ["" 122.669"", "" 131.015"", ""  62.304""], ["" 123.683"", "" 131.913"", ""  62.290""]]",[],3ci_Grossjean_2025
58,3761,3cj_Grossjean_2025,receptor_tmp,2,10,-7.96,-0.30615384615384617,0.0,0.0,9,191.52,-9.46,-9.23,-0.22,-9.46,0.0,-1.02,1.49,-1.02,40,8,0.0,0.0,0.0,8.537017,8.483199,8.949695,0.18581504,0.83904304,0.5113507,139.013092,"311.890594, 0.108826, 315.52536, 329.194672, 268.404266, ","[["" 127.293"", "" 129.207"", ""  66.623""], ["" 128.187"", "" 127.741"", ""  67.093""], ["" 128.697"", "" 126.296"", ""  68.845""], ["" 129.366"", "" 125.424"", ""  67.990""], ["" 128.105"", "" 127.431"", ""  68.412""], ["" 129.437"", "" 125.715"", ""  66.620""], ["" 128.849"", "" 126.917"", ""  66.156""], ["" 128.915"", "" 127.291"", ""  64.739""], ["" 128.967"", "" 127.586"", ""  63.621""], ["" 128.573"", "" 126.012"", ""  70.329""], ["" 130.106"", "" 124.720"", ""  65.732""], ["" 129.506"", "" 123.482"", ""  65.472""], ["" 131.358"", "" 125.005"", ""  65.172""], ["" 130.138"", "" 122.550"", ""  64.653""], ["" 131.991"", "" 124.073"", ""  64.353""], ["" 131.377"", "" 122.851"", ""  64.096""], ["" 125.542"", "" 128.802"", ""  66.922""], ["" 124.613"", "" 129.539"", ""  65.952""], ["" 124.881"", "" 129.355"", ""  64.641""], ["" 123.721"", "" 130.263"", ""  66.398""], ["" 125.653"", "" 128.747"", ""  64.406""], ["" 124.282"", "" 130.005"", ""  63.575""], ["" 123.000"", "" 130.078"", ""  63.289""], ["" 125.326"", "" 130.864"", ""  62.487""], ["" 122.785"", "" 130.808"", ""  62.213""], ["" 123.911"", "" 131.348"", ""  61.599""]]",[],3cj_Grossjean_2025
59,8028,3ck_Grossjean_2025,receptor_tmp,1,18,-6.36,-0.20516129032258065,0.0,0.0,3,188.32,-10.24,-9.87,-0.37,-10.24,0.0,-2.59,3.88,-2.59,43,7,0.0,0.0,0.0,6.643344,8.913014,8.826525,0.6915767,-0.04447014,-0.72093278,159.490829,"17.488886, 281.348297, 141.468903, 238.875443, 98.370949, 76.281487, 352.851593, 135.348251, 167.105301, 327.359619, 317.056305, 300.19223, 274.220001, ","[["" 125.620"", "" 129.029"", ""  62.236""], ["" 124.652"", "" 130.064"", ""  62.152""], ["" 124.018"", "" 130.291"", ""  63.537""], ["" 124.729"", "" 129.620"", ""  64.629""], ["" 124.383"", "" 129.653"", ""  65.929""], ["" 123.387"", "" 130.247"", ""  66.347""], ["" 125.552"", "" 129.096"", ""  64.367""], ["" 125.315"", "" 128.887"", ""  66.882""], ["" 127.101"", "" 129.160"", ""  66.618""], ["" 127.998"", "" 127.705"", ""  67.136""], ["" 128.826"", "" 127.520"", ""  63.674""], ["" 128.792"", "" 127.257"", ""  64.800""], ["" 128.748"", "" 126.922"", ""  66.228""], ["" 129.444"", "" 125.791"", ""  66.730""], ["" 129.334"", "" 125.495"", ""  68.095""], ["" 127.911"", "" 127.402"", ""  68.456""], ["" 128.569"", "" 126.316"", ""  68.919""], ["" 128.428"", "" 126.043"", ""  70.404""], ["" 130.294"", "" 124.896"", ""  65.889""], ["" 129.817"", "" 123.640"", ""  65.495""], ["" 131.582"", "" 125.288"", ""  65.505""], ["" 130.609"", "" 122.796"", ""  64.719""], ["" 132.376"", "" 124.447"", ""  64.730""], ["" 131.884"", "" 123.204"", ""  64.339""], ["" 126.038"", "" 128.501"", ""  60.986""], ["" 127.334"", "" 129.207"", ""  60.572""], ["" 127.671"", "" 130.175"", ""  61.557""], ["" 129.066"", "" 130.278"", ""  61.812""], ["" 129.412"", "" 131.731"", ""  62.162""], ["" 130.539"", "" 132.148"", ""  61.403""], ["" 131.581"", "" 131.186"", ""  61.365""]]",[],3ck_Grossjean_2025
60,8042,4aa_Grossjean_2025,receptor_tmp,1,7,-7.79,-0.26862068965517244,0.0,0.0,20,188.56,-9.58,-9.15,-0.44,-9.58,0.0,-0.46,1.79,-0.46,50,8,0.0,0.0,0.0,10.601772,7.658918,9.978718,-0.65008796,0.75827592,0.04902312,94.321457,"210.452805, 94.205635, 352.531708, 5.81919, 97.135468, 82.135345, ","[["" 129.640"", "" 125.247"", ""  69.259""], ["" 130.029"", "" 124.445"", ""  70.333""], ["" 129.781"", "" 124.849"", ""  71.642""], ["" 129.146"", "" 126.070"", ""  71.903""], ["" 128.764"", "" 126.878"", ""  70.821""], ["" 129.008"", "" 126.473"", ""  69.510""], ["" 129.946"", "" 124.746"", ""  67.979""], ["" 128.589"", "" 125.949"", ""  66.587""], ["" 129.464"", "" 125.101"", ""  66.764""], ["" 130.624"", "" 123.996"", ""  67.981""], ["" 130.041"", "" 124.379"", ""  65.628""], ["" 131.157"", "" 124.723"", ""  64.850""], ["" 129.355"", "" 122.835"", ""  65.114""], ["" 131.472"", "" 123.763"", ""  63.825""], ["" 130.559"", "" 122.667"", ""  63.856""], ["" 132.490"", "" 123.719"", ""  62.835""], ["" 130.583"", "" 121.613"", ""  63.039""], ["" 132.520"", "" 122.613"", ""  61.977""], ["" 131.570"", "" 121.603"", ""  62.110""], ["" 133.548"", "" 124.797"", ""  62.651""], ["" 131.584"", "" 120.392"", ""  61.194""], ["" 131.892"", "" 125.867"", ""  65.031""], ["" 131.997"", "" 126.295"", ""  65.939""], ["" 132.352"", "" 126.324"", ""  64.256""], ["" 128.899"", "" 126.478"", ""  73.326""], ["" 129.760"", "" 127.002"", ""  74.041""], ["" 127.634"", "" 126.218"", ""  73.747""], ["" 126.565"", "" 127.109"", ""  73.455""], ["" 125.302"", "" 126.646"", ""  74.188""]]",[],4aa_Grossjean_2025
61,3551,4ab_Grossjean_2025,receptor_tmp,1,6,-7.54,-0.2692857142857143,0.0,0.0,20,188.62,-9.03,-8.47,-0.56,-9.03,0.0,-0.37,1.49,-0.37,52,8,0.0,0.0,0.0,10.774895,7.475656,9.73817,-0.62897964,0.77661352,0.03544098,93.353554,"207.701828, 97.790207, 346.503052, 89.149376, 91.54332, ","[["" 129.740"", "" 125.196"", ""  69.289""], ["" 130.105"", "" 124.360"", ""  70.344""], ["" 129.872"", "" 124.744"", ""  71.663""], ["" 129.276"", "" 125.979"", ""  71.950""], ["" 128.917"", "" 126.820"", ""  70.885""], ["" 129.147"", "" 126.437"", ""  69.567""], ["" 130.028"", "" 124.711"", ""  67.999""], ["" 128.561"", "" 125.839"", ""  66.655""], ["" 129.484"", "" 125.038"", ""  66.801""], ["" 130.744"", "" 124.000"", ""  67.977""], ["" 130.058"", "" 124.345"", ""  65.646""], ["" 131.171"", "" 124.707"", ""  64.872""], ["" 129.371"", "" 122.814"", ""  65.095""], ["" 131.482"", "" 123.776"", ""  63.822""], ["" 130.569"", "" 122.678"", ""  63.828""], ["" 132.495"", "" 123.757"", ""  62.825""], ["" 130.593"", "" 121.644"", ""  62.987""], ["" 132.522"", "" 122.673"", ""  61.940""], ["" 131.574"", "" 121.658"", ""  62.053""], ["" 133.551"", "" 124.839"", ""  62.662""], ["" 131.586"", "" 120.470"", ""  61.109""], ["" 131.907"", "" 125.847"", ""  65.080""], ["" 131.983"", "" 126.273"", ""  65.992""], ["" 132.395"", "" 126.302"", ""  64.321""], ["" 129.041"", "" 126.364"", ""  73.382""], ["" 129.864"", "" 126.986"", ""  74.061""], ["" 127.831"", "" 125.965"", ""  73.852""], ["" 126.693"", "" 126.808"", ""  73.751""]]",[],4ab_Grossjean_2025
62,3893,4ac_Grossjean_2025,receptor_tmp,1,17,-6.9,-0.2653846153846154,0.0,0.0,10,188.21,-8.1,-7.69,-0.4,-8.1,0.0,-0.29,1.19,-0.29,44,6,0.0,0.0,0.0,11.205638,7.568133,9.264755,0.75286733,-0.64588601,-0.1265782,273.888123,"103.479141, 285.997589, 355.436768, 2.867517, ","[["" 128.777"", "" 125.891"", ""  66.559""], ["" 129.768"", "" 125.211"", ""  66.833""], ["" 130.116"", "" 124.854"", ""  68.093""], ["" 130.913"", "" 124.238"", ""  68.177""], ["" 130.656"", "" 124.725"", ""  65.774""], ["" 130.430"", "" 123.691"", ""  64.851""], ["" 132.240"", "" 125.462"", ""  65.529""], ["" 131.519"", "" 123.476"", ""  63.936""], ["" 132.588"", "" 124.384"", ""  64.196""], ["" 131.704"", "" 122.558"", ""  62.868""], ["" 133.739"", "" 124.440"", ""  63.525""], ["" 132.911"", "" 122.614"", ""  62.161""], ["" 133.883"", "" 123.549"", ""  62.515""], ["" 130.675"", "" 121.521"", ""  62.444""], ["" 135.199"", "" 123.629"", ""  61.764""], ["" 129.281"", "" 122.942"", ""  64.809""], ["" 129.099"", "" 122.206"", ""  65.475""], ["" 128.573"", "" 123.107"", ""  64.107""], ["" 129.499"", "" 125.181"", ""  69.314""], ["" 129.854"", "" 124.399"", ""  70.413""], ["" 128.599"", "" 126.244"", ""  69.483""], ["" 129.303"", "" 124.659"", ""  71.666""], ["" 128.050"", "" 126.501"", ""  70.737""], ["" 128.398"", "" 125.705"", ""  71.840""], ["" 127.903"", "" 125.886"", ""  73.117""], ["" 127.049"", "" 126.994"", ""  73.381""]]",[],4ac_Grossjean_2025
63,3491,4ad_Grossjean_2025,receptor_tmp,1,14,-6.42,-0.2675,0.0,0.0,11,189.34,-7.31,-7.31,0.0,-7.31,0.0,-0.56,0.89,-0.56,35,3,0.0,0.0,0.0,7.558132,13.239019,6.827426,-0.5401737,-0.78118921,0.31297892,193.604324,"259.16275, 321.219849, 7.357412, ","[["" 126.935"", "" 130.599"", ""  63.979""], ["" 127.583"", "" 131.516"", ""  63.136""], ["" 126.703"", "" 132.483"", ""  62.538""], ["" 126.931"", "" 133.561"", ""  61.640""], ["" 128.297"", "" 133.932"", ""  61.082""], ["" 125.827"", "" 134.327"", ""  61.246""], ["" 124.558"", "" 134.022"", ""  61.731""], ["" 123.346"", "" 134.835"", ""  61.316""], ["" 124.302"", "" 133.003"", ""  62.586""], ["" 125.355"", "" 132.274"", ""  62.960""], ["" 125.202"", "" 130.920"", ""  64.056""], ["" 127.515"", "" 129.483"", ""  64.729""], ["" 128.394"", "" 128.779"", ""  64.227""], ["" 127.027"", "" 129.308"", ""  65.981""], ["" 126.353"", "" 129.992"", ""  66.294""], ["" 127.336"", "" 128.317"", ""  66.933""], ["" 128.656"", "" 128.302"", ""  67.392""], ["" 126.410"", "" 127.397"", ""  67.451""], ["" 129.058"", "" 127.366"", ""  68.341""], ["" 126.815"", "" 126.463"", ""  68.401""], ["" 128.136"", "" 126.450"", ""  68.840""], ["" 128.933"", "" 131.507"", ""  62.892""], ["" 129.388"", "" 132.246"", ""  62.374""], ["" 129.523"", "" 130.758"", ""  63.230""]]",[],4ad_Grossjean_2025
64,3922,4ae_Grossjean_2025,receptor_tmp,1,6,-7.47,-0.2988,0.0,0.0,10,188.81,-8.37,-7.95,-0.42,-8.37,0.0,-0.17,0.89,-0.17,67,10,0.0,0.0,0.0,10.094859,8.736189,12.693513,-0.62753256,-0.29737188,0.71956435,166.867371,"136.28569, 169.607361, 80.026558, ","[["" 129.340"", "" 126.055"", ""  69.571""], ["" 129.399"", "" 125.641"", ""  68.231""], ["" 129.056"", "" 126.671"", ""  67.286""], ["" 128.981"", "" 126.682"", ""  65.867""], ["" 129.283"", "" 125.479"", ""  64.987""], ["" 128.603"", "" 127.876"", ""  65.243""], ["" 128.314"", "" 129.003"", ""  66.011""], ["" 127.895"", "" 130.308"", ""  65.358""], ["" 128.376"", "" 129.029"", ""  67.364""], ["" 128.736"", "" 127.890"", ""  67.956""], ["" 128.859"", "" 127.749"", ""  69.694""], ["" 129.593"", "" 125.269"", ""  70.781""], ["" 129.730"", "" 125.819"", ""  71.874""], ["" 129.655"", "" 123.926"", ""  70.598""], ["" 129.464"", "" 123.590"", ""  69.666""], ["" 129.885"", "" 122.919"", ""  71.551""], ["" 128.977"", "" 121.925"", ""  71.784""], ["" 131.077"", "" 123.010"", ""  72.278""], ["" 129.258"", "" 121.000"", ""  72.736""], ["" 131.351"", "" 122.049"", ""  73.254""], ["" 130.432"", "" 121.026"", ""  73.492""], ["" 128.206"", "" 119.927"", ""  72.942""], ["" 129.748"", "" 124.373"", ""  67.839""], ["" 130.677"", "" 124.153"", ""  67.509""], ["" 129.083"", "" 123.613"", ""  67.868""]]",[],4ae_Grossjean_2025
65,8141,4af_Grossjean_2025,receptor_tmp,1,8,-6.95,-0.28958333333333336,0.0,0.0,6,188.84,-7.84,-7.5,-0.34,-7.84,0.0,-0.19,0.89,-0.19,71,9,0.0,0.0,0.0,9.93663,9.057591,11.921569,-0.64570134,-0.26974533,0.71435792,171.284256,"301.050781, 182.506592, 83.635094, ","[["" 129.217"", "" 126.190"", ""  69.012""], ["" 129.338"", "" 125.660"", ""  67.718""], ["" 129.030"", "" 126.597"", ""  66.670""], ["" 129.024"", "" 126.482"", ""  65.254""], ["" 129.379"", "" 125.210"", ""  64.500""], ["" 128.665"", "" 127.611"", ""  64.508""], ["" 128.330"", "" 128.797"", ""  65.158""], ["" 127.935"", "" 130.034"", ""  64.373""], ["" 128.327"", "" 128.944"", ""  66.506""], ["" 128.668"", "" 127.866"", ""  67.213""], ["" 128.710"", "" 127.881"", ""  68.962""], ["" 129.421"", "" 125.517"", ""  70.296""], ["" 129.285"", "" 126.132"", ""  71.355""], ["" 129.745"", "" 124.204"", ""  70.217""], ["" 129.769"", "" 123.807"", ""  69.289""], ["" 130.050"", "" 123.293"", ""  71.246""], ["" 129.110"", "" 122.287"", ""  71.501""], ["" 131.228"", "" 123.295"", ""  72.014""], ["" 129.276"", "" 121.333"", ""  72.452""], ["" 131.414"", "" 122.320"", ""  72.996""], ["" 130.417"", "" 121.362"", ""  73.185""], ["" 129.716"", "" 124.367"", ""  67.456""], ["" 130.673"", "" 124.123"", ""  67.243""], ["" 129.045"", "" 123.611"", ""  67.471""]]",[],4af_Grossjean_2025
66,3435,4ag_Grossjean_2025,receptor_tmp,1,13,-7.33,-0.2932,0.0,0.0,8,189.78,-8.52,-8.36,-0.17,-8.52,0.0,-0.35,1.19,-0.35,54,6,0.0,0.0,0.0,8.819123,8.891577,14.66892,-0.92756969,0.03818422,-0.37169401,157.76474,"314.308472, 19.447008, 138.318436, 308.826447, ","[["" 128.645"", "" 126.247"", ""  71.613""], ["" 129.250"", "" 124.993"", ""  71.782""], ["" 130.338"", "" 124.992"", ""  72.721""], ["" 131.207"", "" 123.966"", ""  73.179""], ["" 131.142"", "" 122.520"", ""  72.709""], ["" 132.183"", "" 124.309"", ""  74.121""], ["" 132.279"", "" 125.621"", ""  74.580""], ["" 133.329"", "" 126.016"", ""  75.602""], ["" 131.467"", "" 126.625"", ""  74.168""], ["" 130.538"", "" 126.295"", ""  73.269""], ["" 129.407"", "" 127.468"", ""  72.631""], ["" 127.516"", "" 126.603"", ""  70.753""], ["" 126.636"", "" 127.377"", ""  71.135""], ["" 127.491"", "" 126.021"", ""  69.535""], ["" 128.273"", "" 125.443"", ""  69.266""], ["" 126.476"", "" 126.251"", ""  68.507""], ["" 126.808"", "" 127.394"", ""  67.554""], ["" 128.141"", "" 127.671"", ""  67.238""], ["" 125.780"", "" 128.129"", ""  66.957""], ["" 128.446"", "" 128.698"", ""  66.348""], ["" 126.085"", "" 129.156"", ""  66.068""], ["" 127.416"", "" 129.437"", ""  65.769""], ["" 128.853"", "" 123.859"", ""  71.117""], ["" 129.510"", "" 123.277"", ""  70.618""], ["" 127.886"", "" 123.567"", ""  71.108""]]",[],4ag_Grossjean_2025
67,4242,4ah_Grossjean_2025,receptor_tmp,1,7,-6.99,-0.22548387096774195,0.0,0.0,9,189.79,-9.08,-8.52,-0.56,-9.08,0.0,-0.7,2.09,-0.7,61,11,0.0,0.0,0.0,10.849803,9.150065,11.554785,0.91697213,0.08566236,0.38964609,251.123734,"256.498474, 138.019836, 237.746719, 136.781494, 351.247375, 212.747894, 340.947296, ","[["" 129.743"", "" 128.362"", ""  68.965""], ["" 129.151"", "" 127.326"", ""  68.655""], ["" 128.392"", "" 126.633"", ""  69.530""], ["" 128.004"", "" 125.751"", ""  69.228""], ["" 129.200"", "" 126.801"", ""  67.291""], ["" 129.455"", "" 125.488"", ""  66.871""], ["" 128.842"", "" 127.855"", ""  65.922""], ["" 129.396"", "" 125.311"", ""  65.445""], ["" 129.063"", "" 126.537"", ""  64.793""], ["" 129.600"", "" 124.178"", ""  64.610""], ["" 128.925"", "" 126.703"", ""  63.478""], ["" 129.457"", "" 124.352"", ""  63.229""], ["" 129.125"", "" 125.603"", ""  62.714""], ["" 129.963"", "" 122.794"", ""  65.125""], ["" 128.959"", "" 125.813"", ""  61.220""], ["" 129.746"", "" 124.456"", ""  67.727""], ["" 129.032"", "" 124.001"", ""  68.277""], ["" 130.693"", "" 124.120"", ""  67.840""], ["" 128.203"", "" 126.970"", ""  70.940""], ["" 129.137"", "" 126.213"", ""  71.879""], ["" 129.931"", "" 126.912"", ""  72.788""], ["" 129.255"", "" 124.826"", ""  71.786""], ["" 130.827"", "" 126.234"", ""  73.629""], ["" 130.139"", "" 124.121"", ""  72.618""], ["" 130.915"", "" 124.837"", ""  73.541""], ["" 131.643"", "" 126.862"", ""  74.555""], ["" 133.053"", "" 126.683"", ""  74.477""], ["" 130.296"", "" 122.747"", ""  72.590""], ["" 131.607"", "" 122.194"", ""  72.629""], ["" 131.798"", "" 124.162"", ""  74.349""], ["" 131.312"", "" 123.923"", ""  75.663""]]",[],4ah_Grossjean_2025
68,3515,4ai_Grossjean_2025,receptor_tmp,1,19,-7.66,-0.33304347826086955,0.0,0.0,10,189.22,-8.55,-8.01,-0.54,-8.55,0.0,-0.18,0.89,-0.18,56,10,0.0,0.0,0.0,10.089294,8.950863,12.109457,0.62403499,0.30302008,-0.72024938,192.730774,"119.323837, 170.917923, 259.936401, ","[["" 129.349"", "" 126.065"", ""  69.473""], ["" 129.399"", "" 125.636"", ""  68.137""], ["" 129.054"", "" 126.655"", ""  67.182""], ["" 128.988"", "" 126.654"", ""  65.763""], ["" 129.307"", "" 125.447"", ""  64.894""], ["" 128.608"", "" 127.841"", ""  65.126""], ["" 128.308"", "" 128.972"", ""  65.882""], ["" 127.900"", "" 130.272"", ""  65.214""], ["" 128.358"", "" 129.010"", ""  67.236""], ["" 128.722"", "" 127.878"", ""  67.839""], ["" 128.842"", "" 127.753"", ""  69.581""], ["" 129.626"", "" 125.297"", ""  70.688""], ["" 129.762"", "" 125.863"", ""  71.774""], ["" 129.700"", "" 123.952"", ""  70.520""], ["" 129.559"", "" 123.597"", ""  69.587""], ["" 129.939"", "" 122.992"", ""  71.495""], ["" 129.110"", "" 122.024"", ""  71.853""], ["" 131.121"", "" 122.934"", ""  72.234""], ["" 129.752"", "" 121.295"", ""  72.856""], ["" 130.965"", "" 121.856"", ""  73.075""], ["" 129.751"", "" 124.365"", ""  67.757""], ["" 129.098"", "" 123.597"", ""  67.800""], ["" 130.682"", "" 124.156"", ""  67.425""]]",[],4ai_Grossjean_2025
69,8060,4aj_Grossjean_2025,receptor_tmp,1,17,-6.85,-0.29782608695652174,0.0,0.0,12,189.28,-7.75,-7.38,-0.37,-7.75,0.0,-0.06,0.89,-0.06,61,9,0.0,0.0,0.0,10.107639,8.971142,12.153727,0.61859005,0.29702725,-0.72740715,193.003296,"119.255951, 175.428833, 258.83493, ","[["" 129.372"", "" 126.085"", ""  69.502""], ["" 129.407"", "" 125.645"", ""  68.170""], ["" 129.060"", "" 126.659"", ""  67.211""], ["" 128.977"", "" 126.648"", ""  65.793""], ["" 129.273"", "" 125.430"", ""  64.930""], ["" 128.599"", "" 127.832"", ""  65.151""], ["" 128.318"", "" 128.972"", ""  65.900""], ["" 127.901"", "" 130.267"", ""  65.227""], ["" 128.388"", "" 129.022"", ""  67.253""], ["" 128.749"", "" 127.891"", ""  67.862""], ["" 128.889"", "" 127.779"", ""  69.602""], ["" 129.654"", "" 125.324"", ""  70.721""], ["" 129.714"", "" 125.887"", ""  71.816""], ["" 129.824"", "" 123.990"", ""  70.548""], ["" 129.748"", "" 123.632"", ""  69.607""], ["" 130.088"", "" 123.048"", ""  71.533""], ["" 129.347"", "" 122.020"", ""  71.886""], ["" 131.569"", "" 123.221"", ""  72.417""], ["" 129.909"", "" 121.329"", ""  72.859""], ["" 131.137"", "" 121.798"", ""  73.318""], ["" 129.743"", "" 124.369"", ""  67.797""], ["" 129.088"", "" 123.603"", ""  67.862""], ["" 130.664"", "" 124.150"", ""  67.444""]]",[],4aj_Grossjean_2025
70,8132,4ak_Grossjean_2025,receptor_tmp,1,10,-5.83,-0.2082142857142857,0.0,0.0,1,190.13,-9.11,-8.68,-0.43,-9.11,0.0,-1.35,3.28,-1.35,42,9,0.0,0.0,0.0,9.532466,8.701455,13.184117,0.79651142,-0.60101697,-0.06594059,138.769989,"344.464905, 116.209206, 113.150665, 317.543762, 41.491486, 171.735626, 77.85421, 47.301022, 161.542542, 166.236649, 134.254669, ","[["" 129.184"", "" 125.284"", ""  67.073""], ["" 128.199"", "" 126.269"", ""  66.792""], ["" 127.585"", "" 126.766"", ""  68.113""], ["" 128.397"", "" 126.457"", ""  69.290""], ["" 126.883"", "" 127.018"", ""  70.874""], ["" 128.005"", "" 126.610"", ""  70.571""], ["" 129.330"", "" 126.112"", ""  69.110""], ["" 128.990"", "" 126.255"", ""  71.592""], ["" 129.585"", "" 125.007"", ""  71.833""], ["" 129.557"", "" 127.467"", ""  72.741""], ["" 130.514"", "" 125.006"", ""  72.931""], ["" 130.596"", "" 126.301"", ""  73.527""], ["" 131.324"", "" 123.987"", ""  73.499""], ["" 131.367"", "" 126.629"", ""  74.566""], ["" 132.134"", "" 124.329"", ""  74.589""], ["" 132.127"", "" 125.632"", ""  75.081""], ["" 131.369"", "" 122.553"", ""  72.995""], ["" 132.995"", "" 126.026"", ""  76.262""], ["" 129.320"", "" 123.881"", ""  71.095""], ["" 129.918"", "" 123.067"", ""  71.130""], ["" 128.511"", "" 123.827"", ""  70.493""], ["" 130.368"", "" 125.418"", ""  66.299""], ["" 129.990"", "" 125.673"", ""  64.835""], ["" 130.767"", "" 124.830"", ""  63.995""], ["" 131.913"", "" 124.283"", ""  64.633""], ["" 133.138"", "" 124.472"", ""  63.729""], ["" 134.255"", "" 124.861"", ""  64.520""], ["" 133.922"", "" 125.132"", ""  65.872""]]",[],4ak_Grossjean_2025
71,4003,4al_Grossjean_2025,receptor_tmp,1,2,-5.19,-0.28833333333333333,0.0,0.0,12,188.21,-6.08,-6.0,-0.09,-6.08,0.0,-0.45,0.89,-0.45,37,10,0.0,0.0,0.0,6.884814,11.114794,9.344007,-0.91920354,0.38435839,0.08563572,245.686508,"82.126419, 15.357038, 357.80835, ","[["" 125.279"", "" 129.237"", ""  65.859""], ["" 125.493"", "" 128.514"", ""  67.038""], ["" 126.729"", "" 127.782"", ""  67.060""], ["" 127.326"", "" 126.939"", ""  68.036""], ["" 126.700"", "" 126.620"", ""  69.384""], ["" 128.567"", "" 126.369"", ""  67.733""], ["" 129.176"", "" 126.634"", ""  66.509""], ["" 130.522"", "" 126.028"", ""  66.157""], ["" 128.636"", "" 127.433"", ""  65.555""], ["" 127.453"", "" 127.975"", ""  65.847""], ["" 126.619"", "" 129.029"", ""  64.728""], ["" 124.130"", "" 130.093"", ""  65.492""], ["" 123.306"", "" 130.502"", ""  66.314""], ["" 124.082"", "" 130.375"", ""  64.165""], ["" 124.592"", "" 131.601"", ""  63.662""], ["" 124.607"", "" 128.499"", ""  68.085""], ["" 124.767"", "" 127.944"", ""  68.913""], ["" 123.758"", "" 129.048"", ""  68.063""]]",[],4al_Grossjean_2025
72,3350,4ba_Grossjean_2025,receptor_tmp,1,13,-7.46,-0.24064516129032257,0.0,0.0,1,187.6,-9.25,-8.89,-0.37,-9.25,0.0,-0.53,1.79,-0.53,47,5,0.0,0.0,0.0,11.08028,7.860661,8.94588,-0.77208912,0.62908234,0.09018761,86.878899,"357.801117, 243.807373, 304.350555, 344.972961, 318.11261, 9.461361, ","[["" 129.421"", "" 125.492"", ""  68.966""], ["" 129.748"", "" 124.758"", ""  70.106""], ["" 129.173"", "" 125.069"", ""  71.335""], ["" 128.260"", "" 126.124"", ""  71.448""], ["" 127.937"", "" 126.865"", ""  70.302""], ["" 128.511"", "" 126.555"", ""  69.072""], ["" 130.067"", "" 125.098"", ""  67.778""], ["" 128.645"", "" 125.806"", ""  66.133""], ["" 129.698"", "" 125.273"", ""  66.485""], ["" 130.930"", "" 124.597"", ""  67.926""], ["" 130.640"", "" 124.755"", ""  65.491""], ["" 130.432"", "" 123.760"", ""  64.522""], ["" 132.260"", "" 125.437"", ""  65.365""], ["" 131.572"", "" 123.516"", ""  63.672""], ["" 132.651"", "" 124.382"", ""  64.028""], ["" 131.802"", "" 122.613"", ""  62.591""], ["" 133.844"", "" 124.423"", ""  63.437""], ["" 133.061"", "" 122.662"", ""  61.972""], ["" 134.030"", "" 123.560"", ""  62.412""], ["" 135.393"", "" 123.630"", ""  61.747""], ["" 129.251"", "" 123.074"", ""  64.390""], ["" 129.112"", "" 122.382"", ""  63.668""], ["" 128.472"", "" 123.245"", ""  65.011""], ["" 130.770"", "" 121.606"", ""  62.073""], ["" 129.692"", "" 122.189"", ""  61.543""], ["" 131.317"", "" 120.843"", ""  61.126""], ["" 130.353"", "" 120.832"", ""  63.076""], ["" 127.657"", "" 126.437"", ""  72.787""], ["" 128.056"", "" 125.925"", ""  73.836""], ["" 126.486"", "" 127.440"", ""  72.829""], ["" 125.327"", "" 127.053"", ""  73.768""]]",[],4ba_Grossjean_2025
73,8874,4bb_Grossjean_2025,receptor_tmp,1,15,-7.31,-0.24366666666666664,0.0,0.0,15,188.2,-8.8,-8.57,-0.24,-8.8,0.0,-0.37,1.49,-0.37,51,7,0.0,0.0,0.0,10.555861,7.267226,8.671436,-0.7277623,0.67919197,0.09518566,98.55558,"213.035126, 228.778275, 97.739021, 332.926788, 352.983307, ","[["" 128.457"", "" 125.909"", ""  66.288""], ["" 129.354"", "" 125.105"", ""  66.542""], ["" 129.792"", "" 124.823"", ""  67.793""], ["" 130.499"", "" 124.106"", ""  67.862""], ["" 130.008"", "" 124.353"", ""  65.467""], ["" 131.176"", "" 124.677"", ""  64.756""], ["" 129.362"", "" 122.797"", ""  64.953""], ["" 131.564"", "" 123.692"", ""  63.779""], ["" 130.645"", "" 122.597"", ""  63.783""], ["" 132.648"", "" 123.615"", ""  62.853""], ["" 130.713"", "" 121.520"", ""  63.003""], ["" 132.715"", "" 122.478"", ""  62.035""], ["" 131.752"", "" 121.478"", ""  62.137""], ["" 131.811"", "" 120.242"", ""  61.257""], ["" 131.884"", "" 125.833"", ""  64.964""], ["" 131.958"", "" 126.258"", ""  65.878""], ["" 132.360"", "" 126.302"", ""  64.206""], ["" 133.731"", "" 124.690"", ""  62.704""], ["" 134.257"", "" 125.067"", ""  63.872""], ["" 134.727"", "" 124.224"", ""  61.949""], ["" 133.214"", "" 125.775"", ""  62.129""], ["" 129.392"", "" 125.356"", ""  69.034""], ["" 129.762"", "" 124.616"", ""  70.159""], ["" 128.684"", "" 126.556"", ""  69.203""], ["" 129.419"", "" 125.055"", ""  71.435""], ["" 128.344"", "" 126.994"", ""  70.480""], ["" 128.706"", "" 126.248"", ""  71.610""], ["" 128.352"", "" 126.696"", ""  72.996""], ["" 128.183"", "" 125.923"", ""  73.941""], ["" 128.202"", "" 128.197"", ""  73.257""]]",[],4bb_Grossjean_2025
74,8227,4bc_Grossjean_2025,receptor_tmp,1,7,-6.58,-0.22689655172413795,0.0,0.0,6,187.56,-8.07,-7.65,-0.43,-8.07,0.0,-0.32,1.49,-0.32,49,6,0.0,0.0,0.0,11.232905,7.619021,8.637064,0.74700021,-0.65422086,-0.11826135,274.697815,"106.06395, 130.90863, 286.687531, 354.648468, 4.119486, ","[["" 128.786"", "" 125.934"", ""  66.524""], ["" 129.763"", "" 125.233"", ""  66.793""], ["" 130.098"", "" 124.853"", ""  68.050""], ["" 130.882"", "" 124.222"", ""  68.132""], ["" 130.647"", "" 124.743"", ""  65.731""], ["" 130.403"", "" 123.734"", ""  64.786""], ["" 132.248"", "" 125.445"", ""  65.516""], ["" 131.496"", "" 123.506"", ""  63.871""], ["" 132.583"", "" 124.385"", ""  64.167""], ["" 131.677"", "" 122.604"", ""  62.781""], ["" 133.745"", "" 124.433"", ""  63.517""], ["" 132.903"", "" 122.658"", ""  62.099""], ["" 133.887"", "" 123.565"", ""  62.489""], ["" 135.219"", "" 123.631"", ""  61.766""], ["" 129.232"", "" 123.022"", ""  64.731""], ["" 129.008"", "" 122.307"", ""  65.408""], ["" 128.548"", "" 123.194"", ""  64.007""], ["" 130.625"", "" 121.592"", ""  62.313""], ["" 130.125"", "" 120.861"", ""  63.311""], ["" 129.608"", "" 122.234"", ""  61.738""], ["" 131.168"", "" 120.750"", ""  61.434""], ["" 129.481"", "" 125.178"", ""  69.272""], ["" 129.839"", "" 124.395"", ""  70.371""], ["" 128.581"", "" 126.241"", ""  69.445""], ["" 129.290"", "" 124.654"", ""  71.624""], ["" 128.035"", "" 126.497"", ""  70.699""], ["" 128.385"", "" 125.700"", ""  71.801""], ["" 127.893"", "" 125.880"", ""  73.080""], ["" 127.052"", "" 126.996"", ""  73.349""]]",[],4bc_Grossjean_2025
75,3368,4bd_Grossjean_2025,receptor_tmp,1,1,-6.05,-0.22407407407407406,0.0,0.0,12,187.01,-7.24,-7.15,-0.09,-7.24,0.0,-0.58,1.19,-0.58,47,5,0.0,0.0,0.0,10.370667,7.594868,7.649161,-0.51180721,-0.51379618,-0.68852513,219.103668,"112.656242, 355.437378, 38.622829, 214.680008, ","[["" 129.699"", "" 124.629"", ""  64.583""], ["" 129.464"", "" 125.077"", ""  65.894""], ["" 129.026"", "" 126.449"", ""  65.978""], ["" 128.689"", "" 127.296"", ""  67.076""], ["" 128.293"", "" 128.609"", ""  66.776""], ["" 128.242"", "" 129.047"", ""  65.456""], ["" 127.819"", "" 130.464"", ""  65.117""], ["" 128.556"", "" 128.269"", ""  64.394""], ["" 128.933"", "" 127.022"", ""  64.672""], ["" 129.376"", "" 125.900"", ""  63.407""], ["" 130.163"", "" 123.311"", ""  64.139""], ["" 130.498"", "" 122.454"", ""  64.957""], ["" 130.178"", "" 123.123"", ""  62.796""], ["" 129.819"", "" 123.883"", ""  62.236""], ["" 130.601"", "" 122.005"", ""  62.054""], ["" 131.973"", "" 121.924"", ""  61.796""], ["" 129.749"", "" 120.982"", ""  61.602""], ["" 132.491"", "" 120.850"", ""  61.078""], ["" 130.272"", "" 119.909"", ""  60.885""], ["" 131.638"", "" 119.848"", ""  60.623""], ["" 129.634"", "" 124.287"", ""  67.001""], ["" 129.000"", "" 124.323"", ""  67.787""], ["" 130.401"", "" 123.632"", ""  67.067""], ["" 128.733"", "" 126.860"", ""  68.544""], ["" 129.718"", "" 125.997"", ""  68.803""], ["" 128.919"", "" 127.924"", ""  69.325""], ["" 127.586"", "" 126.266"", ""  68.873""]]",[],4bd_Grossjean_2025
76,8320,4be_Grossjean_2025,receptor_tmp,1,9,-7.11,-0.25392857142857145,0.0,0.0,15,188.37,-8.31,-7.87,-0.44,-8.31,0.0,-0.14,1.19,-0.14,70,10,0.0,0.0,0.0,10.063851,8.674727,12.095768,-0.63088782,-0.3185969,0.70744369,169.261597,"125.523964, 174.682404, 77.425179, 220.684174, ","[["" 129.231"", "" 126.067"", ""  69.533""], ["" 129.366"", "" 125.670"", ""  68.194""], ["" 129.050"", "" 126.703"", ""  67.238""], ["" 129.064"", "" 126.744"", ""  65.812""], ["" 128.678"", "" 127.947"", ""  65.201""], ["" 128.305"", "" 129.043"", ""  65.973""], ["" 127.884"", "" 130.350"", ""  65.325""], ["" 128.286"", "" 129.038"", ""  67.327""], ["" 128.650"", "" 127.899"", ""  67.912""], ["" 128.679"", "" 127.737"", ""  69.653""], ["" 129.449"", "" 125.276"", ""  70.748""], ["" 129.459"", "" 125.813"", ""  71.857""], ["" 129.610"", "" 123.943"", ""  70.553""], ["" 129.542"", "" 123.617"", ""  69.600""], ["" 129.808"", "" 122.929"", ""  71.507""], ["" 128.895"", "" 121.933"", ""  71.706""], ["" 130.987"", "" 123.006"", ""  72.258""], ["" 129.154"", "" 120.994"", ""  72.652""], ["" 131.239"", "" 122.032"", ""  73.227""], ["" 130.313"", "" 121.008"", ""  73.432""], ["" 128.100"", "" 119.916"", ""  72.818""], ["" 129.770"", "" 124.414"", ""  67.821""], ["" 130.711"", "" 124.225"", ""  67.506""], ["" 129.132"", "" 123.630"", ""  67.841""], ["" 129.470"", "" 125.566"", ""  64.920""], ["" 128.991"", "" 124.396"", ""  65.351""], ["" 129.006"", "" 125.754"", ""  63.685""], ["" 130.798"", "" 125.465"", ""  64.882""]]",[],4be_Grossjean_2025
77,3503,4bf_Grossjean_2025,receptor_tmp,1,2,-6.63,-0.24555555555555555,0.0,0.0,3,188.38,-7.82,-7.4,-0.42,-7.82,0.0,-0.13,1.19,-0.13,74,9,0.0,0.0,0.0,9.978549,8.899053,11.368551,0.65499712,0.26964907,-0.70588112,188.833328,"298.831543, 184.37323, 258.794769, 338.375732, ","[["" 129.219"", "" 126.195"", ""  69.004""], ["" 129.367"", "" 125.666"", ""  67.711""], ["" 129.091"", "" 126.607"", ""  66.653""], ["" 129.114"", "" 126.503"", ""  65.230""], ["" 128.778"", "" 127.651"", ""  64.497""], ["" 128.439"", "" 128.832"", ""  65.152""], ["" 128.070"", "" 130.081"", ""  64.372""], ["" 128.409"", "" 128.964"", ""  66.499""], ["" 128.726"", "" 127.876"", ""  67.199""], ["" 128.726"", "" 127.885"", ""  68.947""], ["" 129.387"", "" 125.517"", ""  70.293""], ["" 129.195"", "" 126.121"", ""  71.349""], ["" 129.745"", "" 124.211"", ""  70.220""], ["" 129.812"", "" 123.820"", ""  69.292""], ["" 130.030"", "" 123.301"", ""  71.255""], ["" 129.078"", "" 122.304"", ""  71.502""], ["" 131.198"", "" 123.298"", ""  72.038""], ["" 129.225"", "" 121.353"", ""  72.459""], ["" 131.364"", "" 122.325"", ""  73.027""], ["" 130.357"", "" 121.376"", ""  73.206""], ["" 129.744"", "" 124.370"", ""  67.467""], ["" 129.091"", "" 123.602"", ""  67.534""], ["" 130.693"", "" 124.139"", ""  67.209""], ["" 129.477"", "" 125.225"", ""  64.466""], ["" 128.999"", "" 125.209"", ""  63.219""], ["" 130.803"", "" 125.107"", ""  64.386""], ["" 128.977"", "" 124.163"", ""  65.098""]]",[],4bf_Grossjean_2025
78,3518,4bg_Grossjean_2025,receptor_tmp,1,7,-6.86,-0.24500000000000002,0.0,0.0,13,188.3,-8.35,-8.21,-0.14,-8.35,0.0,-0.39,1.49,-0.39,63,8,0.0,0.0,0.0,9.361297,9.262665,10.566806,-0.66598987,-0.10287643,0.73883281,195.91539,"219.405029, 328.174377, 150.075806, 255.926315, 231.532639, ","[["" 129.031"", "" 126.950"", ""  67.943""], ["" 129.339"", "" 125.831"", ""  67.154""], ["" 129.167"", "" 126.046"", ""  65.738""], ["" 129.376"", "" 125.214"", ""  64.598""], ["" 129.090"", "" 125.767"", ""  63.339""], ["" 128.622"", "" 127.074"", ""  63.233""], ["" 128.304"", "" 127.683"", ""  61.880""], ["" 128.419"", "" 127.889"", ""  64.293""], ["" 128.691"", "" 127.370"", ""  65.491""], ["" 128.480"", "" 128.300"", ""  66.955""], ["" 129.063"", "" 127.075"", ""  69.400""], ["" 129.417"", "" 128.120"", ""  69.949""], ["" 128.645"", "" 125.996"", ""  70.094""], ["" 128.445"", "" 125.149"", ""  69.582""], ["" 128.605"", "" 125.888"", ""  71.553""], ["" 129.650"", "" 124.939"", ""  72.123""], ["" 129.924"", "" 123.728"", ""  71.479""], ["" 130.385"", "" 125.311"", ""  73.252""], ["" 130.907"", "" 122.880"", ""  71.981""], ["" 131.369"", "" 124.463"", ""  73.753""], ["" 131.624"", "" 123.250"", ""  73.117""], ["" 129.772"", "" 124.640"", ""  67.678""], ["" 129.143"", "" 123.996"", ""  68.134""], ["" 130.746"", "" 124.369"", ""  67.632""], ["" 129.888"", "" 123.771"", ""  64.665""], ["" 129.190"", "" 123.008"", ""  65.509""], ["" 129.809"", "" 123.209"", ""  63.459""], ["" 131.156"", "" 123.760"", ""  65.074""]]",[],4bg_Grossjean_2025
79,8039,4bh_Grossjean_2025,receptor_tmp,1,1,-6.67,-0.19617647058823529,0.0,0.0,11,189.54,-9.05,-8.72,-0.33,-9.05,0.0,-0.82,2.39,-0.82,70,11,0.0,0.0,0.0,10.753424,9.239151,11.280202,-0.89413363,-0.02223067,-0.44724809,101.526222,"77.539558, 347.686523, 129.099899, 242.149887, 242.041534, 336.42514, 209.511108, 357.960907, ","[["" 129.679"", "" 128.157"", ""  69.509""], ["" 129.023"", "" 127.236"", ""  69.018""], ["" 128.204"", "" 126.456"", ""  69.754""], ["" 127.763"", "" 125.669"", ""  69.301""], ["" 129.059"", "" 126.956"", ""  67.583""], ["" 129.403"", "" 125.760"", ""  66.934""], ["" 128.561"", "" 128.191"", ""  66.431""], ["" 129.301"", "" 125.821"", ""  65.496""], ["" 128.840"", "" 127.110"", ""  65.086""], ["" 129.561"", "" 124.871"", ""  64.464""], ["" 128.629"", "" 127.497"", ""  63.828""], ["" 129.339"", "" 125.285"", ""  63.141""], ["" 128.883"", "" 126.573"", ""  62.873""], ["" 128.634"", "" 127.034"", ""  61.447""], ["" 129.808"", "" 124.634"", ""  67.603""], ["" 130.781"", "" 124.361"", ""  67.650""], ["" 129.144"", "" 124.030"", ""  68.066""], ["" 130.065"", "" 123.446"", ""  64.711""], ["" 129.997"", "" 122.671"", ""  63.625""], ["" 131.340"", "" 123.479"", ""  65.097""], ["" 129.332"", "" 122.866"", ""  65.662""], ["" 128.015"", "" 126.554"", ""  71.202""], ["" 129.132"", "" 125.901"", ""  72.007""], ["" 129.850"", "" 126.648"", ""  72.942""], ["" 129.492"", "" 124.574"", ""  71.764""], ["" 130.909"", "" 126.074"", ""  73.662""], ["" 130.542"", "" 123.972"", ""  72.475""], ["" 131.239"", "" 124.732"", ""  73.425""], ["" 131.660"", "" 126.753"", ""  74.604""], ["" 133.056"", "" 126.928"", ""  74.390""], ["" 130.943"", "" 122.660"", ""  72.296""], ["" 130.876"", "" 121.755"", ""  73.393""], ["" 132.282"", "" 124.159"", ""  74.116""], ["" 132.044"", "" 124.020"", ""  75.509""]]",[],4bh_Grossjean_2025
80,3675,4bi_Grossjean_2025,receptor_tmp,1,9,-7.4,-0.2846153846153846,0.0,0.0,18,188.7,-8.59,-7.98,-0.61,-8.59,0.0,-0.13,1.19,-0.13,62,10,0.0,0.0,0.0,10.013348,8.829244,11.517212,-0.63786264,-0.3168901,0.70193441,170.244614,"110.811249, 176.565262, 255.955276, 101.221802, ","[["" 129.223"", "" 126.074"", ""  69.425""], ["" 129.375"", "" 125.640"", ""  68.098""], ["" 129.049"", "" 126.638"", ""  67.110""], ["" 129.073"", "" 126.636"", ""  65.683""], ["" 128.675"", "" 127.816"", ""  65.032""], ["" 128.283"", "" 128.929"", ""  65.770""], ["" 127.855"", "" 130.213"", ""  65.081""], ["" 128.252"", "" 128.964"", ""  67.122""], ["" 128.626"", "" 127.846"", ""  67.745""], ["" 128.643"", "" 127.737"", ""  69.489""], ["" 129.450"", "" 125.324"", ""  70.664""], ["" 129.397"", "" 125.887"", ""  71.759""], ["" 129.696"", "" 123.999"", ""  70.506""], ["" 129.702"", "" 123.643"", ""  69.561""], ["" 129.932"", "" 123.058"", ""  71.499""], ["" 129.105"", "" 122.093"", ""  71.867""], ["" 131.106"", "" 123.021"", ""  72.249""], ["" 129.740"", "" 121.388"", ""  72.891""], ["" 130.948"", "" 121.959"", ""  73.111""], ["" 129.802"", "" 124.379"", ""  67.766""], ["" 129.196"", "" 123.574"", ""  67.837""], ["" 130.744"", "" 124.212"", ""  67.441""], ["" 129.504"", "" 125.439"", ""  64.829""], ["" 130.829"", "" 125.291"", ""  64.768""], ["" 129.001"", "" 124.315"", ""  65.340""], ["" 129.061"", "" 125.592"", ""  63.581""]]",[],4bi_Grossjean_2025
81,3670,4bj_Grossjean_2025,receptor_tmp,1,15,-6.53,-0.25115384615384617,0.0,0.0,13,188.72,-7.72,-7.33,-0.39,-7.72,0.0,-0.04,1.19,-0.04,65,9,0.0,0.0,0.0,10.046761,8.820057,11.57358,-0.62336416,-0.31497187,0.71568837,169.21666,"118.31871, 174.581741, 259.532532, 218.938217, ","[["" 129.286"", "" 126.062"", ""  69.469""], ["" 129.389"", "" 125.632"", ""  68.137""], ["" 129.036"", "" 126.637"", ""  67.164""], ["" 129.006"", "" 126.640"", ""  65.737""], ["" 128.595"", "" 127.824"", ""  65.106""], ["" 128.233"", "" 128.937"", ""  65.862""], ["" 127.780"", "" 130.222"", ""  65.193""], ["" 128.252"", "" 128.967"", ""  67.214""], ["" 128.644"", "" 127.845"", ""  67.818""], ["" 128.723"", "" 127.729"", ""  69.560""], ["" 129.554"", "" 125.306"", ""  70.695""], ["" 129.566"", "" 125.868"", ""  71.793""], ["" 129.766"", "" 123.978"", ""  70.527""], ["" 129.725"", "" 123.618"", ""  69.585""], ["" 130.028"", "" 123.043"", ""  71.518""], ["" 129.300"", "" 122.003"", ""  71.862""], ["" 131.490"", "" 123.245"", ""  72.431""], ["" 129.856"", "" 121.324"", ""  72.845""], ["" 131.067"", "" 121.814"", ""  73.323""], ["" 129.796"", "" 124.370"", ""  67.784""], ["" 129.171"", "" 123.577"", ""  67.816""], ["" 130.744"", "" 124.190"", ""  67.483""], ["" 129.392"", "" 125.441"", ""  64.864""], ["" 128.974"", "" 124.276"", ""  65.362""], ["" 128.854"", "" 125.574"", ""  63.652""], ["" 130.719"", "" 125.374"", ""  64.752""]]",[],4bj_Grossjean_2025
82,3594,4bk_Grossjean_2025,receptor_tmp,1,19,-6.41,-0.2067741935483871,0.0,0.0,2,188.4,-9.99,-9.36,-0.63,-9.99,0.0,-0.65,3.58,-0.65,59,11,0.0,0.0,0.0,7.188339,6.700127,16.571815,-0.52754042,0.84562787,-0.08133023,151.229996,"247.211594, 350.648285, 140.471436, 181.357773, 208.474899, 6.219622, 11.54938, 348.390869, 12.955576, 351.626831, 317.42691, 324.045563, ","[["" 129.957"", "" 123.223"", ""  72.096""], ["" 130.145"", "" 124.632"", ""  72.137""], ["" 128.859"", "" 125.331"", ""  71.663""], ["" 128.830"", "" 125.596"", ""  70.223""], ["" 129.372"", "" 127.792"", ""  70.299""], ["" 129.075"", "" 126.790"", ""  69.645""], ["" 128.592"", "" 124.814"", ""  69.632""], ["" 128.976"", "" 126.832"", ""  68.186""], ["" 129.338"", "" 125.845"", ""  67.257""], ["" 128.371"", "" 128.278"", ""  67.381""], ["" 129.127"", "" 126.224"", ""  65.882""], ["" 128.595"", "" 127.550"", ""  65.809""], ["" 129.344"", "" 125.549"", ""  64.644""], ["" 128.288"", "" 128.204"", ""  64.689""], ["" 129.020"", "" 126.245"", ""  63.468""], ["" 128.507"", "" 127.538"", ""  63.532""], ["" 128.152"", "" 128.303"", ""  62.270""], ["" 129.845"", "" 124.623"", ""  67.620""], ["" 129.289"", "" 123.938"", ""  68.113""], ["" 130.797"", "" 124.364"", ""  67.401""], ["" 129.903"", "" 124.128"", ""  64.523""], ["" 129.824"", "" 123.639"", ""  63.283""], ["" 131.188"", "" 124.116"", ""  64.877""], ["" 129.221"", "" 123.306"", ""  65.319""], ["" 131.028"", "" 122.484"", ""  72.668""], ["" 130.467"", "" 121.249"", ""  73.384""], ["" 129.148"", "" 120.993"", ""  72.921""], ["" 128.595"", "" 119.778"", ""  73.407""], ["" 127.339"", "" 119.430"", ""  72.598""], ["" 127.630"", "" 119.516"", ""  71.209""], ["" 126.473"", "" 119.494"", ""  70.387""]]",[],4bk_Grossjean_2025
83,3426,4ca_Grossjean_2025,receptor_tmp,1,10,-7.51,-0.20297297297297295,0.0,0.0,6,188.54,-9.9,-9.32,-0.57,-9.9,0.0,-0.82,2.39,-0.82,54,7,0.0,0.0,0.0,8.996217,10.277354,9.418431,0.62777498,-0.01805946,-0.77818535,216.886688,"254.060364, 117.299171, 182.709991, 71.502174, 219.876144, 329.354523, 67.290359, 127.427132, ","[["" 129.012"", "" 126.844"", ""  70.146""], ["" 129.377"", "" 127.904"", ""  70.975""], ["" 129.727"", "" 127.675"", ""  72.303""], ["" 129.726"", "" 126.375"", ""  72.825""], ["" 129.366"", "" 125.310"", ""  71.986""], ["" 129.013"", "" 125.538"", ""  70.658""], ["" 128.686"", "" 127.188"", ""  68.820""], ["" 130.454"", "" 128.472"", ""  68.146""], ["" 129.356"", "" 127.959"", ""  67.928""], ["" 127.823"", "" 126.783"", ""  68.489""], ["" 128.692"", "" 128.141"", ""  66.635""], ["" 128.993"", "" 127.540"", ""  65.401""], ["" 127.352"", "" 129.275"", ""  66.481""], ["" 128.152"", "" 127.976"", ""  64.313""], ["" 127.204"", "" 128.936"", ""  64.773""], ["" 128.100"", "" 127.639"", ""  62.930""], ["" 126.286"", "" 129.540"", ""  64.022""], ["" 127.132"", "" 128.285"", ""  62.147""], ["" 126.256"", "" 129.224"", ""  62.702""], ["" 129.995"", "" 126.618"", ""  65.240""], ["" 129.906"", "" 125.668"", ""  65.573""], ["" 130.861"", "" 126.857"", ""  64.776""], ["" 129.030"", "" 126.623"", ""  62.256""], ["" 130.314"", "" 126.985"", ""  62.292""], ["" 128.932"", "" 125.444"", ""  62.869""], ["" 128.692"", "" 126.483"", ""  60.974""], ["" 125.216"", "" 129.930"", ""  61.881""], ["" 124.070"", "" 130.473"", ""  62.483""], ["" 125.354"", "" 130.061"", ""  60.487""], ["" 123.099"", "" 131.124"", ""  61.726""], ["" 124.386"", "" 130.711"", ""  59.726""], ["" 123.262"", "" 131.242"", ""  60.349""], ["" 130.113"", "" 126.161"", ""  74.260""], ["" 129.415"", "" 125.538"", ""  75.066""], ["" 131.306"", "" 126.724"", ""  74.582""], ["" 132.428"", "" 125.921"", ""  74.928""], ["" 133.713"", "" 126.620"", ""  74.475""]]",[],4ca_Grossjean_2025
84,8069,4cb_Grossjean_2025,receptor_tmp,1,3,-7.29,-0.2025,0.0,0.0,11,188.43,-9.38,-8.72,-0.66,-9.38,0.0,-0.72,2.09,-0.72,49,7,0.0,0.0,0.0,8.939281,10.444013,9.142944,-0.62821292,0.01646791,0.77786717,143.379013,"76.256454, 237.052353, 180.021683, 71.656296, 221.353226, 87.874489, 133.120697, ","[["" 129.004"", "" 126.901"", ""  70.139""], ["" 129.370"", "" 127.967"", ""  70.961""], ["" 129.722"", "" 127.745"", ""  72.289""], ["" 129.721"", "" 126.449"", ""  72.820""], ["" 129.357"", "" 125.379"", ""  71.989""], ["" 129.003"", "" 125.599"", ""  70.661""], ["" 128.681"", "" 127.238"", ""  68.810""], ["" 130.467"", "" 128.490"", ""  68.122""], ["" 129.362"", "" 127.990"", ""  67.910""], ["" 127.810"", "" 126.844"", ""  68.485""], ["" 128.698"", "" 128.169"", ""  66.616""], ["" 128.984"", "" 127.544"", ""  65.390""], ["" 127.384"", "" 129.330"", ""  66.446""], ["" 128.149"", "" 127.981"", ""  64.298""], ["" 127.223"", "" 128.969"", ""  64.743""], ["" 128.085"", "" 127.621"", ""  62.921""], ["" 126.318"", "" 129.582"", ""  63.985""], ["" 127.128"", "" 128.275"", ""  62.129""], ["" 126.275"", "" 129.243"", ""  62.670""], ["" 129.968"", "" 126.601"", ""  65.240""], ["" 130.852"", "" 126.817"", ""  64.801""], ["" 129.843"", "" 125.653"", ""  65.567""], ["" 128.989"", "" 126.571"", ""  62.263""], ["" 128.920"", "" 125.377"", ""  62.855""], ["" 128.634"", "" 126.406"", ""  60.989""], ["" 130.259"", "" 126.971"", ""  62.318""], ["" 125.247"", "" 129.955"", ""  61.840""], ["" 124.084"", "" 130.476"", ""  62.429""], ["" 125.413"", "" 130.113"", ""  60.453""], ["" 123.124"", "" 131.134"", ""  61.664""], ["" 124.457"", "" 130.771"", ""  59.684""], ["" 123.315"", "" 131.281"", ""  60.294""], ["" 130.115"", "" 126.243"", ""  74.255""], ["" 129.468"", "" 125.543"", ""  75.041""], ["" 131.249"", "" 126.904"", ""  74.600""], ["" 132.519"", "" 126.273"", ""  74.510""]]",[],4cb_Grossjean_2025
85,8126,4cc_Grossjean_2025,receptor_tmp,1,2,-6.91,-0.20323529411764707,0.0,0.0,1,187.29,-8.7,-8.34,-0.35,-8.7,0.0,-0.63,1.79,-0.63,43,8,0.0,0.0,0.0,10.663591,8.09869,8.000026,0.06749218,0.9086639,-0.41203728,85.426384,"96.854164, 135.391174, 322.074097, 69.691353, 12.71898, 39.780628, ","[["" 130.342"", "" 127.517"", ""  67.658""], ["" 129.897"", "" 126.406"", ""  67.367""], ["" 129.279"", "" 125.583"", ""  68.248""], ["" 129.020"", "" 124.671"", ""  67.901""], ["" 130.016"", "" 125.889"", ""  66.000""], ["" 131.172"", "" 125.482"", ""  65.315""], ["" 128.583"", "" 125.714"", ""  64.989""], ["" 130.931"", "" 125.031"", ""  63.966""], ["" 129.541"", "" 125.107"", ""  63.659""], ["" 131.787"", "" 124.547"", ""  62.936""], ["" 128.982"", "" 124.764"", ""  62.501""], ["" 131.188"", "" 124.190"", ""  61.718""], ["" 129.808"", "" 124.311"", ""  61.522""], ["" 132.425"", "" 125.511"", ""  65.874""], ["" 132.982"", "" 126.353"", ""  65.894""], ["" 132.836"", "" 124.684"", ""  66.284""], ["" 133.305"", "" 124.394"", ""  63.079""], ["" 133.886"", "" 125.443"", ""  63.667""], ["" 133.583"", "" 123.320"", ""  63.818""], ["" 133.860"", "" 124.254"", ""  61.875""], ["" 129.150"", "" 123.930"", ""  60.228""], ["" 129.439"", "" 124.625"", ""  59.043""], ["" 128.224"", "" 122.874"", ""  60.166""], ["" 128.831"", "" 124.278"", ""  57.839""], ["" 127.614"", "" 122.523"", ""  58.964""], ["" 127.921"", "" 123.227"", ""  57.804""], ["" 128.974"", "" 125.799"", ""  69.605""], ["" 129.515"", "" 124.885"", ""  70.511""], ["" 128.148"", "" 126.831"", ""  70.075""], ["" 129.255"", "" 125.011"", ""  71.873""], ["" 127.890"", "" 126.952"", ""  71.438""], ["" 128.445"", "" 126.041"", ""  72.350""], ["" 128.242"", "" 126.084"", ""  73.715""], ["" 127.230"", "" 126.936"", ""  74.241""]]",[],4cc_Grossjean_2025
86,8153,4cd_Grossjean_2025,receptor_tmp,1,2,-7.07,-0.2209375,0.0,0.0,17,186.59,-8.56,-8.46,-0.1,-8.56,0.0,-0.88,1.49,-0.88,54,5,0.0,0.0,0.0,9.960153,8.484334,7.479501,-0.46997953,-0.55369275,-0.68741805,218.855377,"112.843872, 355.200806, 37.467682, 215.194, 231.577057, ","[["" 129.738"", "" 124.407"", ""  64.536""], ["" 129.458"", "" 124.924"", ""  65.811""], ["" 128.913"", "" 126.260"", ""  65.800""], ["" 128.500"", "" 127.149"", ""  66.832""], ["" 128.010"", "" 128.405"", ""  66.441""], ["" 127.935"", "" 128.768"", ""  65.093""], ["" 128.315"", "" 127.923"", ""  64.099""], ["" 128.784"", "" 126.731"", ""  64.460""], ["" 129.320"", "" 125.565"", ""  63.275""], ["" 130.311"", "" 123.104"", ""  64.183""], ["" 130.702"", "" 122.333"", ""  65.060""], ["" 130.361"", "" 122.831"", ""  62.857""], ["" 129.948"", "" 123.521"", ""  62.245""], ["" 130.889"", "" 121.710"", ""  62.191""], ["" 132.268"", "" 121.727"", ""  61.963""], ["" 130.133"", "" 120.596"", ""  61.789""], ["" 132.888"", "" 120.657"", ""  61.324""], ["" 130.756"", "" 119.527"", ""  61.150""], ["" 132.129"", "" 119.563"", ""  60.918""], ["" 129.682"", "" 124.226"", ""  66.971""], ["" 129.051"", "" 124.281"", ""  67.757""], ["" 130.488"", "" 123.626"", ""  67.076""], ["" 128.559"", "" 126.817"", ""  68.328""], ["" 129.610"", "" 126.062"", ""  68.657""], ["" 128.639"", "" 127.943"", ""  69.037""], ["" 127.462"", "" 126.150"", ""  68.685""], ["" 127.412"", "" 130.106"", ""  64.656""], ["" 126.107"", "" 130.237"", ""  64.152""], ["" 128.206"", "" 131.262"", ""  64.742""], ["" 125.616"", "" 131.475"", ""  63.745""], ["" 127.719"", "" 132.500"", ""  64.335""], ["" 126.425"", "" 132.602"", ""  63.837""]]",[],4cd_Grossjean_2025
87,3410,4ce_Grossjean_2025,receptor_tmp,1,1,-8.14,-0.24666666666666667,0.0,0.0,8,187.82,-9.63,-9.18,-0.45,-9.63,0.0,-0.55,1.49,-0.55,61,8,0.0,0.0,0.0,9.167582,9.149802,11.468746,0.6032201,0.48188865,-0.63553823,171.942703,"103.114532, 136.115662, 162.841003, 125.755005, 158.885269, ","[["" 128.795"", "" 125.731"", ""  69.636""], ["" 129.315"", "" 125.569"", ""  68.340""], ["" 128.711"", "" 126.430"", ""  67.352""], ["" 128.923"", "" 126.602"", ""  65.954""], ["" 128.137"", "" 127.563"", ""  65.298""], ["" 127.186"", "" 128.320"", ""  65.991""], ["" 126.965"", "" 128.153"", ""  67.322""], ["" 127.709"", "" 127.248"", ""  67.953""], ["" 127.530"", "" 126.957"", ""  69.666""], ["" 129.194"", "" 125.052"", ""  70.871""], ["" 129.284"", "" 125.673"", ""  71.931""], ["" 129.448"", "" 123.725"", ""  70.751""], ["" 129.398"", "" 123.339"", ""  69.819""], ["" 129.829"", "" 122.808"", ""  71.747""], ["" 129.043"", "" 121.746"", ""  72.089""], ["" 131.077"", "" 123.022"", ""  72.345""], ["" 129.488"", "" 120.888"", ""  73.042""], ["" 131.520"", "" 122.132"", ""  73.325""], ["" 130.720"", "" 121.046"", ""  73.683""], ["" 128.567"", "" 119.729"", ""  73.371""], ["" 130.309"", "" 124.676"", ""  68.037""], ["" 130.901"", "" 124.271"", ""  68.749""], ["" 130.488"", "" 124.391"", ""  67.083""], ["" 129.948"", "" 125.810"", ""  65.135""], ["" 131.183"", "" 125.878"", ""  65.634""], ["" 129.601"", "" 124.522"", ""  65.103""], ["" 129.993"", "" 126.284"", ""  63.890""], ["" 126.335"", "" 129.351"", ""  65.310""], ["" 124.945"", "" 129.376"", ""  65.508""], ["" 126.900"", "" 130.310"", ""  64.453""], ["" 124.148"", "" 130.326"", ""  64.874""], ["" 126.106"", "" 131.263"", ""  63.819""], ["" 124.732"", "" 131.267"", ""  64.033""]]",[],4ce_Grossjean_2025
88,3521,4cf_Grossjean_2025,receptor_tmp,1,20,-7.66,-0.239375,0.0,0.0,10,187.85,-9.15,-8.76,-0.39,-9.15,0.0,-0.44,1.49,-0.44,76,8,0.0,0.0,0.0,9.627178,9.704814,10.657034,-0.63006443,-0.2955982,0.71808114,173.233322,"310.223419, 175.072372, 252.338791, 217.644882, 33.055023, ","[["" 129.223"", "" 126.190"", ""  69.081""], ["" 129.352"", "" 125.666"", ""  67.784""], ["" 128.977"", "" 126.584"", ""  66.737""], ["" 128.948"", "" 126.478"", ""  65.317""], ["" 128.505"", "" 127.599"", ""  64.597""], ["" 128.106"", "" 128.770"", ""  65.249""], ["" 128.146"", "" 128.889"", ""  66.602""], ["" 128.561"", "" 127.829"", ""  67.294""], ["" 128.636"", "" 127.851"", ""  69.040""], ["" 129.478"", "" 125.528"", ""  70.364""], ["" 129.451"", "" 126.169"", ""  71.416""], ["" 129.723"", "" 124.198"", ""  70.292""], ["" 129.663"", "" 123.784"", ""  69.373""], ["" 130.050"", "" 123.288"", ""  71.316""], ["" 129.180"", "" 122.208"", ""  71.504""], ["" 131.186"", "" 123.364"", ""  72.144""], ["" 129.373"", "" 121.248"", ""  72.445""], ["" 131.399"", "" 122.384"", ""  73.115""], ["" 130.472"", "" 121.348"", ""  73.235""], ["" 129.795"", "" 124.393"", ""  67.529""], ["" 129.224"", "" 123.581"", ""  67.718""], ["" 130.712"", "" 124.223"", ""  67.139""], ["" 129.366"", "" 125.225"", ""  64.539""], ["" 129.006"", "" 124.090"", ""  65.142""], ["" 128.798"", "" 125.233"", ""  63.333""], ["" 130.691"", "" 125.200"", ""  64.401""], ["" 127.627"", "" 129.977"", ""  64.497""], ["" 126.506"", "" 129.901"", ""  63.657""], ["" 128.281"", "" 131.217"", ""  64.616""], ["" 126.054"", "" 131.017"", ""  62.956""], ["" 127.834"", "" 132.335"", ""  63.918""], ["" 126.721"", "" 132.230"", ""  63.089""]]",[],4cf_Grossjean_2025
89,3902,4cg_Grossjean_2025,receptor_tmp,1,16,-7.21,-0.21848484848484848,0.0,0.0,2,183.98,-9.0,-8.88,-0.12,-9.0,0.0,-0.83,1.79,-0.83,59,4,0.0,0.0,0.0,8.157686,8.178963,3.978159,0.78910083,-0.58803995,0.1775638,223.70015,"332.21701, 72.593315, 308.104736, 21.0497, 234.107468, 150.114243, ","[["" 127.183"", "" 126.781"", ""  61.112""], ["" 126.699"", "" 125.871"", ""  60.161""], ["" 127.426"", "" 124.626"", ""  60.116""], ["" 127.299"", "" 123.455"", ""  59.314""], ["" 128.198"", "" 122.406"", ""  59.562""], ["" 129.175"", "" 122.505"", ""  60.560""], ["" 129.312"", "" 123.623"", ""  61.320""], ["" 128.465"", "" 124.623"", ""  61.093""], ["" 128.540"", "" 126.108"", ""  62.011""], ["" 126.669"", "" 128.107"", ""  61.451""], ["" 126.352"", "" 128.916"", ""  60.576""], ["" 126.603"", "" 128.398"", ""  62.767""], ["" 126.809"", "" 127.663"", ""  63.427""], ["" 126.103"", "" 129.649"", ""  63.334""], ["" 125.447"", "" 129.476"", ""  64.700""], ["" 126.147"", "" 128.843"", ""  65.731""], ["" 124.174"", "" 130.002"", ""  64.938""], ["" 125.564"", "" 128.711"", ""  66.988""], ["" 123.591"", "" 129.868"", ""  66.195""], ["" 124.287"", "" 129.221"", ""  67.213""], ["" 125.636"", "" 126.141"", ""  59.338""], ["" 125.108"", "" 125.407"", ""  58.888""], ["" 125.338"", "" 127.090"", ""  59.159""], ["" 126.254"", "" 123.280"", ""  58.206""], ["" 126.266"", "" 124.273"", ""  57.314""], ["" 126.484"", "" 122.146"", ""  57.545""], ["" 125.035"", "" 123.239"", ""  58.740""], ["" 130.148"", "" 121.395"", ""  60.839""], ["" 131.533"", "" 121.631"", ""  60.829""], ["" 129.704"", "" 120.089"", ""  61.112""], ["" 132.439"", "" 120.606"", ""  61.086""], ["" 130.606"", "" 119.061"", ""  61.370""], ["" 131.971"", "" 119.323"", ""  61.356""]]",[],4cg_Grossjean_2025
90,8423,4ch_Grossjean_2025,receptor_tmp,1,2,-6.99,-0.17923076923076925,0.0,0.0,14,188.44,-9.68,-8.88,-0.8,-9.68,0.0,-1.54,2.68,-1.54,61,9,0.0,0.0,0.0,9.186048,8.743986,8.266897,0.22715677,0.63140078,-0.74143972,192.095291,"168.438065, 357.205658, 273.643127, 330.807983, 311.132141, 39.824493, 199.540405, 48.258892, 204.115082, ","[["" 128.794"", "" 127.876"", ""  67.487""], ["" 128.658"", "" 126.660"", ""  67.337""], ["" 128.018"", "" 125.885"", ""  68.237""], ["" 127.898"", "" 124.905"", ""  68.024""], ["" 129.220"", "" 125.966"", ""  66.177""], ["" 129.535"", "" 126.487"", ""  64.913""], ["" 129.535"", "" 124.235"", ""  66.252""], ["" 130.060"", "" 125.511"", ""  63.989""], ["" 130.110"", "" 124.224"", ""  64.603""], ["" 130.518"", "" 125.595"", ""  62.643""], ["" 130.539"", "" 123.106"", ""  64.024""], ["" 130.968"", "" 124.408"", ""  62.042""], ["" 130.962"", "" 123.194"", ""  62.736""], ["" 129.368"", "" 127.808"", ""  64.583""], ["" 128.851"", "" 128.445"", ""  65.174""], ["" 129.764"", "" 128.192"", ""  63.737""], ["" 130.550"", "" 126.891"", ""  61.825""], ["" 131.088"", "" 126.733"", ""  60.613""], ["" 129.311"", "" 127.349"", ""  61.654""], ["" 131.274"", "" 127.810"", ""  62.464""], ["" 131.447"", "" 121.916"", ""  62.114""], ["" 130.552"", "" 120.871"", ""  61.830""], ["" 132.804"", "" 121.724"", ""  61.807""], ["" 130.995"", "" 119.682"", ""  61.254""], ["" 133.251"", "" 120.538"", ""  61.229""], ["" 132.343"", "" 119.521"", ""  60.955""], ["" 127.383"", "" 126.358"", ""  69.468""], ["" 128.326"", "" 126.453"", ""  70.662""], ["" 128.575"", "" 127.690"", ""  71.260""], ["" 128.911"", "" 125.302"", ""  71.191""], ["" 129.421"", "" 127.792"", ""  72.376""], ["" 129.760"", "" 125.375"", ""  72.308""], ["" 130.011"", "" 126.628"", ""  72.887""], ["" 129.713"", "" 128.983"", ""  73.016""], ["" 130.134"", "" 130.104"", ""  72.247""], ["" 130.374"", "" 124.278"", ""  72.883""], ["" 130.913"", "" 123.260"", ""  72.046""], ["" 130.827"", "" 126.711"", ""  73.989""], ["" 130.260"", "" 126.167"", ""  75.172""]]",[],4ch_Grossjean_2025
91,8037,4ci_Grossjean_2025,receptor_tmp,1,5,-8.5,-0.27419354838709675,0.0,0.0,17,188.38,-9.99,-9.44,-0.56,-9.99,0.0,-0.48,1.49,-0.48,66,9,0.0,0.0,0.0,9.614649,9.674762,10.6894,-0.61469415,-0.31550538,0.72291594,171.135941,"120.367622, 158.410141, 77.719719, 220.975693, 99.078217, ","[["" 129.276"", "" 126.088"", ""  69.322""], ["" 129.416"", "" 125.633"", ""  68.001""], ["" 128.985"", "" 126.582"", ""  67.003""], ["" 128.936"", "" 126.540"", ""  65.580""], ["" 128.450"", "" 127.680"", ""  64.920""], ["" 128.036"", "" 128.812"", ""  65.630""], ["" 128.067"", "" 128.857"", ""  66.987""], ["" 128.526"", "" 127.781"", ""  67.623""], ["" 128.619"", "" 127.722"", ""  69.367""], ["" 129.619"", "" 125.395"", ""  70.567""], ["" 129.776"", "" 126.026"", ""  71.616""], ["" 129.755"", "" 124.049"", ""  70.468""], ["" 129.612"", "" 123.639"", ""  69.557""], ["" 130.075"", "" 123.154"", ""  71.481""], ["" 129.336"", "" 122.130"", ""  71.874""], ["" 131.252"", "" 123.233"", ""  72.224""], ["" 130.033"", "" 121.504"", ""  72.908""], ["" 131.189"", "" 122.181"", ""  73.108""], ["" 129.912"", "" 124.396"", ""  67.681""], ["" 130.859"", "" 124.268"", ""  67.352""], ["" 129.345"", "" 123.563"", ""  67.770""], ["" 129.374"", "" 125.335"", ""  64.739""], ["" 129.003"", "" 124.167"", ""  65.265""], ["" 128.831"", "" 125.415"", ""  63.524""], ["" 130.702"", "" 125.321"", ""  64.628""], ["" 127.508"", "" 130.038"", ""  64.941""], ["" 126.224"", "" 130.048"", ""  64.372""], ["" 128.283"", "" 131.207"", ""  64.840""], ["" 125.729"", "" 131.182"", ""  63.733""], ["" 127.791"", "" 132.343"", ""  64.204""], ["" 126.515"", "" 132.327"", ""  63.653""]]",[],4ci_Grossjean_2025
92,3667,4cj_Grossjean_2025,receptor_tmp,1,18,-7.66,-0.2470967741935484,0.0,0.0,16,188.12,-9.15,-8.77,-0.38,-9.15,0.0,-0.45,1.49,-0.45,53,9,0.0,0.0,0.0,9.019578,9.338358,11.046769,0.60303064,0.481469,-0.63603589,172.340408,"113.568077, 146.409729, 339.207794, 248.476212, 157.639542, ","[["" 128.741"", "" 125.769"", ""  69.661""], ["" 129.276"", "" 125.605"", ""  68.373""], ["" 128.670"", "" 126.449"", ""  67.371""], ["" 128.885"", "" 126.605"", ""  65.972""], ["" 128.099"", "" 127.556"", ""  65.303""], ["" 127.147"", "" 128.322"", ""  65.984""], ["" 126.922"", "" 128.168"", ""  67.314""], ["" 127.663"", "" 127.270"", ""  67.958""], ["" 127.471"", "" 126.991"", ""  69.673""], ["" 129.121"", "" 125.088"", ""  70.901""], ["" 129.031"", "" 125.662"", ""  71.989""], ["" 129.575"", "" 123.819"", ""  70.753""], ["" 129.626"", "" 123.451"", ""  69.814""], ["" 129.996"", "" 122.961"", ""  71.760""], ["" 129.461"", "" 121.814"", ""  72.120""], ["" 131.399"", "" 123.431"", ""  72.667""], ["" 130.123"", "" 121.261"", ""  73.116""], ["" 131.228"", "" 121.965"", ""  73.587""], ["" 130.286"", "" 124.723"", ""  68.085""], ["" 130.454"", "" 124.390"", ""  67.146""], ["" 130.903"", "" 124.377"", ""  68.808""], ["" 129.913"", "" 125.803"", ""  65.165""], ["" 129.607"", "" 124.507"", ""  65.068""], ["" 129.989"", "" 126.288"", ""  63.926""], ["" 131.110"", "" 125.888"", ""  65.745""], ["" 126.302"", "" 129.352"", ""  65.290""], ["" 124.914"", "" 129.399"", ""  65.496""], ["" 126.872"", "" 130.289"", ""  64.411""], ["" 124.124"", "" 130.348"", ""  64.851""], ["" 126.086"", "" 131.238"", ""  63.764""], ["" 124.714"", "" 131.264"", ""  63.986""]]",[],4cj_Grossjean_2025
93,3449,4ck_Grossjean_2025,receptor_tmp,1,4,-6.42,-0.17833333333333334,0.0,0.0,1,185.37,-10.29,-9.84,-0.45,-10.29,0.0,-0.87,3.88,-0.87,61,9,0.0,0.0,0.0,11.900865,5.313387,17.754652,-0.5092538,0.11904553,-0.85234308,163.354263,"253.658539, 230.424072, 55.738132, 133.881088, 261.135162, 204.60434, 358.079346, 282.175232, 287.852661, 164.500763, 287.396637, 264.501465, 238.298492, ","[["" 127.816"", "" 125.882"", ""  73.573""], ["" 128.458"", "" 126.412"", ""  72.420""], ["" 129.013"", "" 125.262"", ""  71.566""], ["" 128.927"", "" 125.550"", ""  70.133""], ["" 129.541"", "" 127.730"", ""  70.187""], ["" 129.177"", "" 126.740"", ""  69.550""], ["" 128.720"", "" 124.762"", ""  69.536""], ["" 128.999"", "" 126.790"", ""  68.098""], ["" 129.345"", "" 125.824"", ""  67.141""], ["" 128.335"", "" 128.234"", ""  67.338""], ["" 129.069"", "" 126.218"", ""  65.781""], ["" 128.511"", "" 127.530"", ""  65.748""], ["" 129.248"", "" 125.569"", ""  64.526""], ["" 128.151"", "" 128.192"", ""  64.651""], ["" 128.866"", "" 126.276"", ""  63.375""], ["" 128.324"", "" 127.563"", ""  63.460""], ["" 129.894"", "" 124.610"", ""  67.466""], ["" 129.349"", "" 123.870"", ""  67.887""], ["" 130.870"", "" 124.410"", ""  67.289""], ["" 129.832"", "" 124.160"", ""  64.361""], ["" 129.251"", "" 123.257"", ""  65.152""], ["" 129.672"", "" 123.751"", ""  63.103""], ["" 131.132"", "" 124.174"", ""  64.657""], ["" 127.926"", "" 128.344"", ""  62.240""], ["" 126.688"", "" 128.120"", ""  61.616""], ["" 128.774"", "" 129.321"", ""  61.693""], ["" 126.313"", "" 128.839"", ""  60.483""], ["" 128.404"", "" 130.042"", ""  60.560""], ["" 127.174"", "" 129.796"", ""  59.958""], ["" 127.350"", "" 126.874"", ""  74.478""], ["" 126.336"", "" 127.768"", ""  73.751""], ["" 125.063"", "" 127.136"", ""  73.767""], ["" 124.135"", "" 127.752"", ""  74.648""], ["" 124.895"", "" 128.665"", ""  75.618""], ["" 124.644"", "" 130.020"", ""  75.272""], ["" 123.692"", "" 130.650"", ""  76.115""]]",[],4ck_Grossjean_2025
94,3497,4dd_Grossjean_2025,receptor_tmp,1,15,-7.52,-0.2593103448275862,0.0,0.0,3,187.8,-8.71,-8.49,-0.22,-8.71,0.0,-0.58,1.19,-0.58,47,5,0.0,0.0,0.0,7.094572,11.626079,8.774603,-0.80205122,0.03612094,-0.59616199,99.134941,"25.171326, 130.142029, 108.123337, 325.891022, ","[["" 125.893"", "" 129.538"", ""  64.963""], ["" 127.026"", "" 128.843"", ""  64.512""], ["" 127.655"", "" 128.033"", ""  65.522""], ["" 128.797"", "" 127.193"", ""  65.501""], ["" 129.662"", "" 126.962"", ""  64.270""], ["" 129.150"", "" 126.538"", ""  66.688""], ["" 128.395"", "" 126.710"", ""  67.855""], ["" 127.289"", "" 127.503"", ""  67.886""], ["" 126.957"", "" 128.131"", ""  66.759""], ["" 125.572"", "" 129.195"", ""  66.664""], ["" 125.031"", "" 130.457"", ""  64.216""], ["" 123.807"", "" 130.316"", ""  64.225""], ["" 125.676"", "" 131.443"", ""  63.546""], ["" 126.676"", "" 131.485"", ""  63.673""], ["" 125.156"", "" 132.442"", ""  62.703""], ["" 126.098"", "" 133.189"", ""  61.989""], ["" 123.786"", "" 132.696"", ""  62.521""], ["" 125.683"", "" 134.192"", ""  61.117""], ["" 123.375"", "" 133.699"", ""  61.648""], ["" 124.323"", "" 134.444"", ""  60.952""], ["" 127.508"", "" 128.917"", ""  63.229""], ["" 127.027"", "" 128.486"", ""  62.452""], ["" 128.362"", "" 129.413"", ""  63.018""], ["" 128.746"", "" 126.017"", ""  69.138""], ["" 129.749"", "" 125.035"", ""  69.176""], ["" 128.086"", "" 126.332"", ""  70.339""], ["" 130.081"", "" 124.390"", ""  70.364""], ["" 128.414"", "" 125.688"", ""  71.530""], ["" 129.411"", "" 124.718"", ""  71.537""]]",[],4dd_Grossjean_2025
95,3681,4dg_Grossjean_2025,receptor_tmp,1,10,-8.14,-0.27133333333333337,0.0,0.0,4,188.62,-9.63,-9.36,-0.27,-9.63,0.0,-0.45,1.49,-0.45,73,9,0.0,0.0,0.0,9.379275,8.077714,13.391506,0.57016425,-0.74298532,-0.35055035,259.470093,"36.014111, 29.201487, 189.683594, 330.780823, 308.186951, ","[["" 128.281"", "" 126.118"", ""  71.582""], ["" 127.485"", "" 126.507"", ""  70.494""], ["" 128.052"", "" 126.180"", ""  69.214""], ["" 127.607"", "" 126.399"", ""  67.885""], ["" 126.310"", "" 127.110"", ""  67.528""], ["" 128.414"", "" 125.936"", ""  66.839""], ["" 129.620"", "" 125.274"", ""  67.101""], ["" 130.066"", "" 125.069"", ""  68.370""], ["" 129.298"", "" 125.509"", ""  69.366""], ["" 129.749"", "" 125.305"", ""  71.043""], ["" 128.000"", "" 126.256"", ""  73.010""], ["" 128.891"", "" 126.138"", ""  73.854""], ["" 126.710"", "" 126.480"", ""  73.338""], ["" 126.051"", "" 126.643"", ""  72.591""], ["" 126.203"", "" 126.673"", ""  74.696""], ["" 125.836"", "" 128.120"", ""  75.006""], ["" 124.517"", "" 128.446"", ""  75.335""], ["" 126.826"", "" 129.106"", ""  75.022""], ["" 124.184"", "" 129.761"", ""  75.649""], ["" 126.493"", "" 130.421"", ""  75.335""], ["" 125.173"", "" 130.742"", ""  75.645""], ["" 126.278"", "" 127.148"", ""  70.622""], ["" 125.936"", "" 127.786"", ""  69.919""], ["" 125.687"", "" 126.995"", ""  71.428""], ["" 130.509"", "" 124.767"", ""  66.000""], ["" 130.175"", "" 123.609"", ""  65.279""], ["" 131.704"", "" 125.430"", ""  65.665""], ["" 130.997"", "" 123.133"", ""  64.261""], ["" 132.528"", "" 124.958"", ""  64.647""], ["" 132.170"", "" 123.810"", ""  63.947""]]",[],4dg_Grossjean_2025
96,4006,4dj_Grossjean_2025,receptor_tmp,2,17,-8.0,-0.2857142857142857,0.0,0.0,16,188.77,-9.19,-8.85,-0.35,-9.19,0.0,-0.39,1.19,-0.39,62,9,0.0,0.0,0.0,9.533059,9.886892,11.189635,0.61112992,0.30974247,-0.72840911,189.615784,"129.925262, 161.083847, 81.189369, 98.533928, ","[["" 129.269"", "" 126.088"", ""  69.443""], ["" 129.366"", "" 125.628"", ""  68.120""], ["" 128.928"", "" 126.581"", ""  67.136""], ["" 128.851"", "" 126.530"", ""  65.720""], ["" 129.257"", "" 125.323"", ""  64.889""], ["" 128.367"", "" 127.659"", ""  65.050""], ["" 127.978"", "" 128.804"", ""  65.757""], ["" 128.036"", "" 128.863"", ""  67.116""], ["" 128.497"", "" 127.789"", ""  67.755""], ["" 128.632"", "" 127.733"", ""  69.498""], ["" 129.630"", "" 125.393"", ""  70.679""], ["" 129.792"", "" 126.018"", ""  71.730""], ["" 129.777"", "" 124.049"", ""  70.571""], ["" 129.630"", "" 123.639"", ""  69.660""], ["" 130.115"", "" 123.163"", ""  71.584""], ["" 129.523"", "" 122.030"", ""  71.897""], ["" 131.482"", "" 123.571"", ""  72.570""], ["" 130.114"", "" 121.441"", ""  72.919""], ["" 131.215"", "" 122.100"", ""  73.457""], ["" 129.832"", "" 124.383"", ""  67.778""], ["" 130.780"", "" 124.236"", ""  67.467""], ["" 129.236"", "" 123.569"", ""  67.826""], ["" 127.449"", "" 130.028"", ""  65.066""], ["" 126.151"", "" 130.049"", ""  64.528""], ["" 128.237"", "" 131.186"", ""  64.929""], ["" 125.655"", "" 131.180"", ""  63.886""], ["" 127.746"", "" 132.318"", ""  64.287""], ["" 126.456"", "" 132.312"", ""  63.768""]]",[],4dj_Grossjean_2025
97,3916,4ea_Grossjean_2025,receptor_tmp,1,8,-8.46,-0.24882352941176472,0.0,0.0,10,186.54,-10.55,-10.34,-0.21,-10.55,0.0,-1.1,2.09,-1.1,51,7,0.0,0.0,0.0,10.948837,8.53263,8.584629,0.66600161,-0.7459494,0.00116353,282.908997,"210.944534, 164.589874, 306.502411, 344.314453, 58.400826, 8.893414, 18.046635, ","[["" 129.376"", "" 125.675"", ""  68.826""], ["" 129.743"", "" 124.887"", ""  69.918""], ["" 129.169"", "" 125.101"", ""  71.168""], ["" 128.214"", "" 126.110"", ""  71.350""], ["" 127.847"", "" 126.900"", ""  70.250""], ["" 128.420"", "" 126.688"", ""  69.000""], ["" 130.022"", "" 125.368"", ""  67.613""], ["" 128.748"", "" 126.418"", ""  66.028""], ["" 129.715"", "" 125.721"", ""  66.340""], ["" 130.844"", "" 124.793"", ""  67.721""], ["" 130.627"", "" 125.211"", ""  65.314""], ["" 130.318"", "" 124.476"", ""  64.158""], ["" 132.365"", "" 125.497"", ""  65.441""], ["" 131.466"", "" 124.132"", ""  63.359""], ["" 132.665"", "" 124.633"", ""  63.950""], ["" 131.610"", "" 123.414"", ""  62.140""], ["" 133.896"", "" 124.484"", ""  63.458""], ["" 132.899"", "" 123.255"", ""  61.620""], ["" 133.993"", "" 123.794"", ""  62.295""], ["" 135.401"", "" 123.636"", ""  61.753""], ["" 129.045"", "" 124.110"", ""  63.804""], ["" 128.241"", "" 124.676"", ""  64.042""], ["" 128.865"", "" 123.258"", ""  63.291""], ["" 130.459"", "" 122.836"", ""  61.412""], ["" 129.591"", "" 123.666"", ""  60.695""], ["" 130.228"", "" 121.457"", ""  61.442""], ["" 128.509"", "" 123.123"", ""  60.007""], ["" 129.147"", "" 120.912"", ""  60.755""], ["" 128.292"", "" 121.748"", ""  60.040""], ["" 127.615"", "" 126.313"", ""  72.712""], ["" 128.123"", "" 125.878"", ""  73.750""], ["" 126.458"", "" 127.024"", ""  72.688""], ["" 125.847"", "" 127.475"", ""  73.890""], ["" 124.428"", "" 126.908"", ""  73.984""]]",[],4ea_Grossjean_2025
98,8299,4eb_Grossjean_2025,receptor_tmp,1,9,-8.03,-0.24333333333333332,0.0,0.0,4,186.42,-9.82,-9.61,-0.21,-9.82,0.0,-1.06,1.79,-1.06,51,6,0.0,0.0,0.0,12.16096,6.75821,9.258737,-0.78939395,-0.19611165,0.58171935,210.130219,"29.385458, 350.260651, 315.846619, 153.894272, 330.448334, 195.092773, ","[["" 129.539"", "" 125.403"", ""  68.946""], ["" 128.662"", "" 126.489"", ""  68.959""], ["" 128.007"", "" 126.854"", ""  70.131""], ["" 128.216"", "" 126.138"", ""  71.317""], ["" 129.098"", "" 125.046"", ""  71.301""], ["" 129.755"", "" 124.680"", ""  70.129""], ["" 130.144"", "" 125.125"", ""  67.705""], ["" 128.663"", "" 125.954"", ""  66.171""], ["" 129.722"", "" 125.388"", ""  66.444""], ["" 131.034"", "" 124.656"", ""  67.780""], ["" 130.626"", "" 124.949"", ""  65.378""], ["" 130.310"", "" 124.290"", ""  64.180""], ["" 132.364"", "" 125.231"", ""  65.509""], ["" 131.450"", "" 124.002"", ""  63.350""], ["" 132.653"", "" 124.467"", ""  63.962""], ["" 131.586"", "" 123.365"", ""  62.087""], ["" 133.880"", "" 124.353"", ""  63.451""], ["" 132.871"", "" 123.244"", ""  61.546""], ["" 133.968"", "" 123.741"", ""  62.245""], ["" 135.373"", "" 123.623"", ""  61.682""], ["" 129.033"", "" 123.943"", ""  63.815""], ["" 128.848"", "" 123.141"", ""  63.230""], ["" 128.233"", "" 124.482"", ""  64.119""], ["" 130.429"", "" 122.831"", ""  61.331""], ["" 130.137"", "" 121.465"", ""  61.367""], ["" 129.626"", "" 123.692"", ""  60.577""], ["" 129.048"", "" 120.962"", ""  60.658""], ["" 128.537"", "" 123.192"", ""  59.868""], ["" 128.252"", "" 121.828"", ""  59.912""], ["" 127.493"", "" 126.559"", ""  72.564""], ["" 127.808"", "" 126.174"", ""  73.693""], ["" 126.458"", "" 127.406"", ""  72.324""], ["" 125.323"", "" 127.431"", ""  73.177""]]",[],4eb_Grossjean_2025
99,3881,8a_Ghoteimi_2023,receptor_tmp,1,9,-8.01,-0.18627906976744185,0.0,0.0,9,186.53,-11.0,-10.53,-0.47,-11.0,0.0,-1.43,2.98,-1.43,66,9,0.0,0.0,0.0,8.448743,10.225663,9.004515,0.38362104,0.69283362,-0.61058699,179.663116,"218.567581, 140.917999, 96.987434, 55.912628, 30.296904, 264.247772, 241.263367, 294.104828, 134.791641, 97.30323, ","[["" 125.587"", "" 129.663"", ""  62.846""], ["" 126.128"", "" 129.720"", ""  61.561""], ["" 125.454"", "" 130.381"", ""  60.538""], ["" 124.222"", "" 131.000"", ""  60.781""], ["" 123.681"", "" 130.946"", ""  62.075""], ["" 124.355"", "" 130.285"", ""  63.099""], ["" 126.355"", "" 128.964"", ""  63.799""], ["" 127.589"", "" 129.228"", ""  64.294""], ["" 128.280"", "" 130.189"", ""  63.959""], ["" 125.899"", "" 128.145"", ""  64.172""], ["" 128.077"", "" 128.274"", ""  65.294""], ["" 129.718"", "" 125.110"", ""  66.563""], ["" 129.072"", "" 126.352"", ""  66.304""], ["" 129.937"", "" 124.756"", ""  67.899""], ["" 128.673"", "" 127.110"", ""  67.444""], ["" 128.735"", "" 127.050"", ""  65.088""], ["" 129.508"", "" 125.582"", ""  68.940""], ["" 127.873"", "" 128.604"", ""  67.014""], ["" 128.870"", "" 126.762"", ""  68.715""], ["" 130.167"", "" 124.180"", ""  65.496""], ["" 130.980"", "" 122.439"", ""  63.448""], ["" 129.826"", "" 122.173"", ""  64.187""], ["" 131.727"", "" 123.591"", ""  63.738""], ["" 129.421"", "" 123.037"", ""  65.201""], ["" 131.317"", "" 124.455"", ""  64.752""], ["" 131.305"", "" 121.527"", ""  62.463""], ["" 130.265"", "" 120.942"", ""  61.688""], ["" 129.050"", "" 126.561"", ""  63.845""], ["" 129.966"", "" 126.699"", ""  63.442""], ["" 128.382"", "" 126.043"", ""  63.293""], ["" 129.736"", "" 125.221"", ""  70.373""], ["" 129.405"", "" 126.111"", ""  71.405""], ["" 130.293"", "" 123.983"", ""  70.715""], ["" 129.630"", "" 125.774"", ""  72.736""], ["" 130.517"", "" 123.642"", ""  72.046""], ["" 130.188"", "" 124.541"", ""  73.070""], ["" 130.378"", "" 124.294"", ""  74.417""], ["" 131.681"", "" 123.961"", ""  74.883""], ["" 123.521"", "" 131.703"", ""  59.654""], ["" 122.633"", "" 131.178"", ""  58.975""], ["" 123.956"", "" 132.976"", ""  59.461""], ["" 124.150"", "" 133.859"", ""  60.558""], ["" 125.641"", "" 134.182"", ""  60.695""]]",[],8a_Ghoteimi_2023
100,8498,8b_Ghoteimi_2023,receptor_tmp,1,16,-9.62,-0.25999999999999995,0.0,0.0,12,186.71,-11.7,-11.01,-0.69,-11.7,0.0,-0.95,2.09,-0.95,54,12,0.0,0.0,0.0,9.238714,9.221702,10.309847,-0.19357941,0.20258767,-0.95994023,217.289993,"94.178307, 33.214222, 157.487091, 83.410835, 286.396484, 105.934387, 152.973282, ","[["" 128.951"", "" 126.561"", ""  66.132""], ["" 128.674"", "" 126.376"", ""  67.513""], ["" 127.619"", "" 127.164"", ""  68.057""], ["" 127.366"", "" 126.857"", ""  69.760""], ["" 128.668"", "" 125.666"", ""  69.788""], ["" 129.258"", "" 125.531"", ""  68.521""], ["" 126.883"", "" 128.047"", ""  67.383""], ["" 127.164"", "" 128.206"", ""  66.062""], ["" 128.182"", "" 127.489"", ""  65.424""], ["" 130.015"", "" 125.811"", ""  65.424""], ["" 132.026"", "" 124.379"", ""  64.095""], ["" 132.334"", "" 125.166"", ""  65.206""], ["" 130.697"", "" 124.316"", ""  63.650""], ["" 131.337"", "" 125.879"", ""  65.867""], ["" 129.700"", "" 125.029"", ""  64.312""], ["" 133.078"", "" 123.706"", ""  63.505""], ["" 133.866"", "" 124.373"", ""  62.524""], ["" 130.297"", "" 124.677"", ""  68.252""], ["" 130.478"", "" 124.348"", ""  67.314""], ["" 130.915"", "" 124.346"", ""  68.980""], ["" 126.326"", "" 129.205"", ""  65.330""], ["" 124.946"", "" 129.304"", ""  65.562""], ["" 126.903"", "" 130.069"", ""  64.390""], ["" 124.172"", "" 130.236"", ""  64.879""], ["" 126.131"", "" 131.004"", ""  63.705""], ["" 124.752"", "" 131.094"", ""  63.948""], ["" 123.906"", "" 131.988"", ""  63.319""], ["" 123.385"", "" 131.664"", ""  62.034""], ["" 129.009"", "" 124.972"", ""  71.031""], ["" 129.588"", "" 123.755"", ""  70.878""], ["" 128.774"", "" 125.490"", ""  72.126""], ["" 129.733"", "" 123.432"", ""  69.933""], ["" 130.007"", "" 122.886"", ""  71.876""], ["" 129.393"", "" 121.773"", ""  72.246""], ["" 131.160"", "" 123.093"", ""  72.631""], ["" 130.156"", "" 121.214"", ""  73.273""], ["" 131.220"", "" 122.022"", ""  73.494""]]",[],8b_Ghoteimi_2023
101,3389,8c_Ghoteimi_2023,receptor_tmp,1,18,-9.25,-0.25,0.0,0.0,5,186.75,-11.34,-10.63,-0.71,-11.34,0.0,-0.8,2.09,-0.8,60,12,0.0,0.0,0.0,9.210026,9.12051,10.323493,-0.18520307,0.21013599,-0.95997015,214.053162,"65.988068, 37.087292, 155.049316, 247.118896, 127.041618, 105.575401, 152.21611, ","[["" 128.964"", "" 126.511"", ""  66.154""], ["" 128.656"", "" 126.286"", ""  67.522""], ["" 127.548"", "" 127.011"", ""  68.050""], ["" 127.261"", "" 126.659"", ""  69.738""], ["" 128.616"", "" 125.530"", ""  69.782""], ["" 129.249"", "" 125.450"", ""  68.531""], ["" 126.789"", "" 127.871"", ""  67.370""], ["" 127.100"", "" 128.068"", ""  66.060""], ["" 128.169"", "" 127.414"", ""  65.440""], ["" 130.083"", "" 125.829"", ""  65.465""], ["" 132.200"", "" 124.523"", ""  64.172""], ["" 132.423"", "" 125.234"", ""  65.352""], ["" 130.902"", "" 124.471"", ""  63.639""], ["" 131.374"", "" 125.884"", ""  65.995""], ["" 129.854"", "" 125.122"", ""  64.283""], ["" 133.299"", "" 123.907"", ""  63.605""], ["" 133.769"", "" 124.354"", ""  62.338""], ["" 130.336"", "" 124.651"", ""  68.278""], ["" 130.541"", "" 124.320"", ""  67.345""], ["" 130.966"", "" 124.363"", ""  69.012""], ["" 126.235"", "" 129.041"", ""  65.322""], ["" 126.672"", "" 129.647"", ""  64.135""], ["" 124.960"", "" 129.369"", ""  65.802""], ["" 125.862"", "" 130.548"", ""  63.451""], ["" 124.147"", "" 130.269"", ""  65.120""], ["" 124.595"", "" 130.867"", ""  63.934""], ["" 123.859"", "" 131.769"", ""  63.188""], ["" 123.405"", "" 131.392"", ""  61.893""], ["" 128.954"", "" 124.828"", ""  71.022""], ["" 129.581"", "" 123.636"", ""  70.863""], ["" 128.675"", "" 125.316"", ""  72.119""], ["" 129.760"", "" 123.330"", ""  69.917""], ["" 130.004"", "" 122.775"", ""  71.865""], ["" 129.451"", "" 121.644"", ""  72.246""], ["" 131.433"", "" 123.221"", ""  72.740""], ["" 130.123"", "" 121.083"", ""  73.230""], ["" 131.252"", "" 121.765"", ""  73.672""]]",[],8c_Ghoteimi_2023
102,3337,8d_Ghoteimi_2023,receptor_tmp,1,15,-8.09,-0.2528125,0.0,0.0,19,187.46,-10.18,-9.51,-0.67,-10.18,0.0,-1.41,2.09,-1.41,62,11,0.0,0.0,0.0,9.357239,9.132262,9.936945,-0.32956073,-0.93176812,-0.15230856,157.709091,"107.293022, 180.578979, 12.57213, 241.470779, 190.921021, 300.993164, 147.755219, ","[["" 128.961"", "" 126.099"", ""  66.776""], ["" 128.740"", "" 126.006"", ""  68.175""], ["" 127.688"", "" 126.804"", ""  68.708""], ["" 127.503"", "" 126.612"", ""  70.436""], ["" 128.835"", "" 125.454"", ""  70.488""], ["" 129.377"", "" 125.246"", ""  69.215""], ["" 126.904"", "" 127.621"", ""  68.003""], ["" 127.134"", "" 127.698"", ""  66.665""], ["" 128.137"", "" 126.954"", ""  66.036""], ["" 130.021"", "" 125.332"", ""  66.082""], ["" 132.027"", "" 123.888"", ""  64.758""], ["" 132.303"", "" 125.140"", ""  65.310""], ["" 130.730"", "" 123.360"", ""  64.876""], ["" 131.309"", "" 125.857"", ""  65.970""], ["" 129.737"", "" 124.079"", ""  65.535""], ["" 133.073"", "" 123.250"", ""  64.122""], ["" 133.512"", "" 123.729"", ""  62.856""], ["" 130.421"", "" 124.389"", ""  68.971""], ["" 130.732"", "" 123.725"", ""  69.665""], ["" 130.911"", "" 124.389"", ""  68.088""], ["" 126.239"", "" 128.618"", ""  65.898""], ["" 126.626"", "" 129.137"", ""  64.654""], ["" 124.986"", "" 128.983"", ""  66.407""], ["" 125.790"", "" 129.994"", ""  63.945""], ["" 124.146"", "" 129.841"", ""  65.700""], ["" 124.545"", "" 130.355"", ""  64.459""], ["" 123.782"", "" 131.208"", ""  63.686""], ["" 123.380"", "" 130.795"", ""  62.384""], ["" 129.233"", "" 124.846"", ""  71.777""], ["" 129.140"", "" 125.435"", ""  72.856""], ["" 129.709"", "" 123.581"", ""  71.640""], ["" 131.026"", "" 123.249"", ""  72.058""]]",[],8d_Ghoteimi_2023
103,8308,9a_Ghoteimi_2023,receptor_tmp,1,1,-10.46,-0.20509803921568628,0.0,0.0,6,186.46,-13.44,-13.17,-0.27,-13.44,0.0,-1.51,2.98,-1.51,101,9,0.0,0.0,0.0,10.028571,9.875191,10.215266,-0.83448494,0.38244162,-0.39670304,197.833862,"72.097488, 165.686111, 242.691788, 249.621857, 86.457939, 165.625473, 294.030151, 157.844818, 299.256317, 99.739792, ","[["" 129.764"", "" 123.036"", ""  71.408""], ["" 128.845"", "" 121.989"", ""  71.480""], ["" 128.989"", "" 120.987"", ""  72.435""], ["" 130.060"", "" 121.010"", ""  73.338""], ["" 130.982"", "" 122.065"", ""  73.265""], ["" 130.839"", "" 123.069"", ""  72.311""], ["" 129.519"", "" 123.992"", ""  70.404""], ["" 129.211"", "" 125.309"", ""  70.502""], ["" 129.092"", "" 125.915"", ""  71.567""], ["" 129.590"", "" 123.628"", ""  69.465""], ["" 129.027"", "" 126.005"", ""  69.225""], ["" 129.380"", "" 125.575"", ""  67.936""], ["" 129.041"", "" 126.510"", ""  66.892""], ["" 128.287"", "" 127.606"", ""  69.182""], ["" 129.194"", "" 126.483"", ""  65.476""], ["" 128.456"", "" 127.687"", ""  67.444""], ["" 128.799"", "" 127.616"", ""  64.756""], ["" 128.064"", "" 128.757"", ""  66.753""], ["" 128.250"", "" 128.724"", ""  65.406""], ["" 130.004"", "" 124.381"", ""  67.683""], ["" 130.977"", "" 124.335"", ""  67.413""], ["" 129.510"", "" 123.502"", ""  67.759""], ["" 129.738"", "" 125.319"", ""  64.732""], ["" 130.979"", "" 124.774"", ""  65.072""], ["" 129.001"", "" 124.733"", ""  63.700""], ["" 131.481"", "" 123.675"", ""  64.382""], ["" 129.501"", "" 123.631"", ""  63.014""], ["" 130.747"", "" 123.078"", ""  63.344""], ["" 131.235"", "" 121.981"", ""  62.630""], ["" 132.477"", "" 122.128"", ""  61.846""], ["" 130.324"", "" 121.047"", ""  61.940""], ["" 133.101"", "" 120.779"", ""  61.431""], ["" 131.004"", "" 119.725"", ""  61.521""], ["" 132.147"", "" 119.998"", ""  60.727""], ["" 127.813"", "" 129.939"", ""  64.653""], ["" 126.965"", "" 129.822"", ""  63.546""], ["" 128.238"", "" 131.219"", ""  65.028""], ["" 126.553"", "" 130.948"", ""  62.839""], ["" 127.823"", "" 132.345"", ""  64.324""], ["" 126.962"", "" 132.236"", ""  63.222""], ["" 126.571"", "" 133.375"", ""  62.511""], ["" 127.553"", "" 134.209"", ""  61.790""], ["" 125.288"", "" 133.377"", ""  61.777""], ["" 127.010"", "" 135.594"", ""  61.378""], ["" 124.809"", "" 134.787"", ""  61.373""], ["" 125.819"", "" 135.445"", ""  60.625""], ["" 130.187"", "" 119.911"", ""  74.354""], ["" 130.937"", "" 118.940"", ""  74.212""], ["" 129.401"", "" 120.096"", ""  75.445""], ["" 128.391"", "" 119.156"", ""  75.791""], ["" 127.977"", "" 118.370"", ""  74.542""]]",[],9a_Ghoteimi_2023
104,3509,9b_Ghoteimi_2023,receptor_tmp,1,1,-12.25,-0.2722222222222222,0.0,0.0,17,188.6,-14.34,-13.72,-0.62,-14.34,0.0,-1.29,2.09,-1.29,86,9,0.0,0.0,0.0,9.731174,9.646161,8.665961,-0.47488307,0.87963121,0.02711099,265.258392,"249.241425, 110.922455, 170.465942, 111.806862, 11.85952, 24.141644, 183.832809, ","[["" 129.440"", "" 125.592"", ""  67.834""], ["" 129.214"", "" 126.087"", ""  69.128""], ["" 128.633"", "" 127.751"", ""  69.082""], ["" 128.678"", "" 127.767"", ""  67.335""], ["" 128.295"", "" 128.834"", ""  66.637""], ["" 128.352"", "" 128.738"", ""  65.282""], ["" 128.816"", "" 127.590"", ""  64.635""], ["" 129.239"", "" 126.473"", ""  65.366""], ["" 129.155"", "" 126.540"", ""  66.785""], ["" 129.873"", "" 124.316"", ""  67.577""], ["" 129.289"", "" 123.510"", ""  67.750""], ["" 130.796"", "" 124.139"", ""  67.204""], ["" 129.402"", "" 125.406"", ""  70.412""], ["" 129.698"", "" 124.085"", ""  70.333""], ["" 129.296"", "" 126.025"", ""  71.473""], ["" 129.750"", "" 123.681"", ""  69.409""], ["" 129.935"", "" 123.206"", ""  71.382""], ["" 129.140"", "" 122.221"", ""  71.766""], ["" 131.077"", "" 123.265"", ""  72.180""], ["" 129.762"", "" 121.601"", ""  72.850""], ["" 130.931"", "" 122.242"", ""  73.089""], ["" 129.751"", "" 125.289"", ""  64.630""], ["" 129.001"", "" 124.721"", ""  63.600""], ["" 131.003"", "" 124.752"", ""  64.933""], ["" 129.486"", "" 123.623"", ""  62.897""], ["" 131.489"", "" 123.654"", ""  64.229""], ["" 130.736"", "" 123.063"", ""  63.205""], ["" 131.250"", "" 121.970"", ""  62.501""], ["" 130.326"", "" 121.088"", ""  61.762""], ["" 132.531"", "" 122.056"", ""  61.772""], ["" 130.956"", "" 119.732"", ""  61.378""], ["" 133.107"", "" 120.678"", ""  61.384""], ["" 132.149"", "" 119.943"", ""  60.638""], ["" 127.897"", "" 129.941"", ""  64.522""], ["" 127.152"", "" 129.814"", ""  63.344""], ["" 128.212"", "" 131.228"", ""  64.971""], ["" 126.743"", "" 130.938"", ""  62.633""], ["" 127.807"", "" 132.352"", ""  64.257""], ["" 127.077"", "" 132.231"", ""  63.066""], ["" 126.671"", "" 133.371"", ""  62.362""], ["" 125.422"", "" 133.384"", ""  61.575""], ["" 127.685"", "" 134.221"", ""  61.706""], ["" 124.960"", "" 134.796"", ""  61.162""], ["" 127.156"", "" 135.609"", ""  61.284""], ["" 126.002"", "" 135.465"", ""  60.471""]]",[],9b_Ghoteimi_2023
105,3755,9c_Ghoteimi_2023,receptor_tmp,2,11,-11.1,-0.24666666666666665,0.0,0.0,11,188.71,-13.19,-12.86,-0.32,-13.19,0.0,-1.18,2.09,-1.18,86,8,0.0,0.0,0.0,9.74146,9.668439,8.705169,0.48249134,-0.8753283,-0.03166182,94.100166,"249.519501, 128.733353, 167.964325, 112.569649, 13.093633, 200.29245, 8.688887, ","[["" 129.494"", "" 125.603"", ""  67.845""], ["" 129.291"", "" 126.087"", ""  69.147""], ["" 128.697"", "" 127.747"", ""  69.125""], ["" 128.707"", "" 127.776"", ""  67.378""], ["" 128.303"", "" 128.846"", ""  66.695""], ["" 128.333"", "" 128.759"", ""  65.340""], ["" 128.791"", "" 127.620"", ""  64.674""], ["" 129.237"", "" 126.501"", ""  65.388""], ["" 129.181"", "" 126.556"", ""  66.810""], ["" 129.932"", "" 124.333"", ""  67.571""], ["" 129.357"", "" 123.520"", ""  67.746""], ["" 130.850"", "" 124.165"", ""  67.183""], ["" 129.508"", "" 125.397"", ""  70.422""], ["" 129.745"", "" 124.065"", ""  70.329""], ["" 129.476"", "" 126.015"", ""  71.487""], ["" 129.741"", "" 123.656"", ""  69.406""], ["" 129.995"", "" 123.187"", ""  71.375""], ["" 129.385"", "" 122.053"", ""  71.641""], ["" 131.257"", "" 123.618"", ""  72.485""], ["" 129.880"", "" 121.478"", ""  72.721""], ["" 130.918"", "" 122.153"", ""  73.356""], ["" 129.743"", "" 125.327"", ""  64.635""], ["" 128.988"", "" 124.775"", ""  63.598""], ["" 130.994"", "" 124.781"", ""  64.928""], ["" 129.467"", "" 123.684"", ""  62.879""], ["" 131.473"", "" 123.689"", ""  64.209""], ["" 130.714"", "" 123.114"", ""  63.179""], ["" 131.221"", "" 122.025"", ""  62.462""], ["" 130.289"", "" 121.168"", ""  61.702""], ["" 132.506"", "" 122.108"", ""  61.743""], ["" 130.905"", "" 119.811"", ""  61.295""], ["" 133.067"", "" 120.730"", ""  61.329""], ["" 132.103"", "" 120.022"", ""  60.564""], ["" 127.854"", "" 129.966"", ""  64.599""], ["" 128.245"", "" 131.254"", ""  64.982""], ["" 127.000"", "" 129.834"", ""  63.498""], ["" 127.790"", "" 132.374"", ""  64.294""], ["" 126.541"", "" 130.955"", ""  62.812""], ["" 126.914"", "" 132.248"", ""  63.204""], ["" 126.452"", "" 133.365"", ""  62.497""], ["" 125.176"", "" 133.331"", ""  61.754""], ["" 127.417"", "" 134.233"", ""  61.791""], ["" 124.659"", "" 134.725"", ""  61.339""], ["" 126.834"", "" 135.599"", ""  61.370""], ["" 125.658"", "" 135.411"", ""  60.600""]]",[],9c_Ghoteimi_2023
106,3994,9d_Ghoteimi_2023,receptor_tmp,1,6,-9.45,-0.23625,0.0,0.0,11,191.92,-11.53,-11.33,-0.21,-11.53,0.0,-1.32,2.09,-1.32,55,8,0.0,0.0,0.0,8.840253,10.777366,9.093133,-0.74576511,0.46013552,-0.48177764,102.658455,"241.166977, 201.610931, 76.638496, 145.385223, 38.034515, 56.445728, 125.588371, ","[["" 129.667"", "" 125.107"", ""  65.942""], ["" 130.111"", "" 124.471"", ""  64.775""], ["" 129.733"", "" 125.426"", ""  63.342""], ["" 128.969"", "" 126.660"", ""  64.317""], ["" 128.403"", "" 127.732"", ""  63.766""], ["" 127.820"", "" 128.624"", ""  64.610""], ["" 127.835"", "" 128.458"", ""  65.997""], ["" 128.446"", "" 127.343"", ""  66.581""], ["" 129.025"", "" 126.375"", ""  65.714""], ["" 129.811"", "" 124.559"", ""  67.190""], ["" 130.721"", "" 124.366"", ""  67.585""], ["" 129.010"", "" 124.333"", ""  67.763""], ["" 130.803"", "" 123.172"", ""  64.633""], ["" 130.226"", "" 122.086"", ""  64.734""], ["" 132.131"", "" 123.305"", ""  64.378""], ["" 132.823"", "" 124.496"", ""  64.723""], ["" 128.457"", "" 127.229"", ""  68.063""], ["" 129.374"", "" 127.955"", ""  68.827""], ["" 127.527"", "" 126.417"", ""  68.713""], ["" 129.369"", "" 127.860"", ""  70.216""], ["" 127.520"", "" 126.323"", ""  70.102""], ["" 128.435"", "" 127.048"", ""  70.879""], ["" 128.415"", "" 126.928"", ""  72.270""], ["" 129.337"", "" 125.977"", ""  72.922""], ["" 127.152"", "" 126.985"", ""  73.030""], ["" 129.491"", "" 126.221"", ""  74.439""], ["" 127.361"", "" 127.209"", ""  74.543""], ["" 128.217"", "" 126.203"", ""  75.066""], ["" 127.168"", "" 129.807"", ""  63.968""], ["" 127.900"", "" 130.973"", ""  63.719""], ["" 125.816"", "" 129.786"", ""  63.607""], ["" 127.302"", "" 132.080"", ""  63.124""], ["" 125.218"", "" 130.892"", ""  63.009""], ["" 125.951"", "" 132.058"", ""  62.744""], ["" 125.332"", "" 133.169"", ""  62.161""], ["" 125.921"", "" 133.851"", ""  60.991""], ["" 123.857"", "" 133.226"", ""  62.084""], ["" 125.307"", "" 135.237"", ""  60.702""], ["" 123.305"", "" 134.631"", ""  61.759""], ["" 123.900"", "" 135.127"", ""  60.571""]]",[],9d_Ghoteimi_2023
107,3512,RR10_Rahimova_2017,receptor_tmp,1,11,-9.62,-0.2672222222222222,0.0,0.0,3,187.71,-11.11,-11.06,-0.05,-11.11,0.0,-1.24,1.49,-1.24,61,6,0.0,0.0,0.0,8.907654,8.251196,8.592065,-0.70391078,0.6462321,0.29477737,152.726105,"253.695862, 190.987747, 327.692932, 333.121368, 334.45401, ","[["" 129.823"", "" 125.365"", ""  66.245""], ["" 131.157"", "" 125.331"", ""  65.594""], ["" 131.095"", "" 124.361"", ""  64.389""], ["" 130.710"", "" 122.934"", ""  64.860""], ["" 129.370"", "" 122.989"", ""  65.633""], ["" 129.382"", "" 124.042"", ""  66.765""], ["" 129.591"", "" 126.711"", ""  67.374""], ["" 130.708"", "" 127.648"", ""  67.203""], ["" 129.298"", "" 126.144"", ""  68.697""], ["" 128.118"", "" 127.554"", ""  66.798""], ["" 128.154"", "" 128.277"", ""  65.600""], ["" 126.948"", "" 127.489"", ""  67.562""], ["" 126.982"", "" 128.921"", ""  65.177""], ["" 125.766"", "" 128.121"", ""  67.167""], ["" 125.809"", "" 128.831"", ""  65.964""], ["" 126.764"", "" 129.671"", ""  64.051""], ["" 124.885"", "" 129.560"", ""  65.255""], ["" 125.503"", "" 130.038"", ""  64.118""], ["" 123.916"", "" 129.739"", ""  65.477""], ["" 124.807"", "" 130.876"", ""  63.084""], ["" 124.485"", "" 132.213"", ""  63.353""], ["" 124.475"", "" 130.333"", ""  61.835""], ["" 123.843"", "" 132.992"", ""  62.394""], ["" 123.833"", "" 131.111"", ""  60.875""], ["" 123.519"", "" 132.437"", ""  61.159""], ["" 132.474"", "" 124.317"", ""  63.699""], ["" 132.481"", "" 124.096"", ""  62.371""], ["" 133.505"", "" 124.469"", ""  64.359""], ["" 131.605"", "" 123.877"", ""  61.920""], ["" 133.681"", "" 123.980"", ""  61.533""], ["" 134.724"", "" 122.991"", ""  62.121""], ["" 133.310"", "" 123.512"", ""  60.103""], ["" 134.212"", "" 121.533"", ""  62.109""], ["" 132.796"", "" 122.054"", ""  60.081""], ["" 133.848"", "" 121.087"", ""  60.673""], ["" 133.372"", "" 119.625"", ""  60.630""]]",[],RR10_Rahimova_2017
108,3353,RR11_Rahimova_2017,receptor_tmp,1,5,-7.84,-0.20102564102564102,0.0,0.0,1,188.64,-9.63,-9.58,-0.04,-9.63,0.0,-0.15,1.79,-0.15,80,12,0.0,0.0,0.0,9.423816,10.94402,6.823507,-0.45530877,-0.6402762,-0.61866009,56.934315,"269.721619, 198.451874, 60.329926, 270.766663, 94.774246, 324.068207, ","[["" 127.542"", "" 127.643"", ""  67.869""], ["" 126.569"", "" 128.282"", ""  66.888""], ["" 124.787"", "" 129.865"", ""  63.036""], ["" 125.986"", "" 129.252"", ""  63.333""], ["" 124.036"", "" 130.021"", ""  64.104""], ["" 126.004"", "" 128.988"", ""  64.682""], ["" 124.760"", "" 129.487"", ""  65.138""], ["" 126.931"", "" 128.389"", ""  65.538""], ["" 124.428"", "" 129.385"", ""  66.495""], ["" 125.348"", "" 128.782"", ""  67.354""], ["" 126.692"", "" 129.047"", ""  62.641""], ["" 124.393"", "" 130.291"", ""  61.651""], ["" 123.672"", "" 131.101"", ""  59.074""], ["" 124.736"", "" 130.219"", ""  59.251""], ["" 122.964"", "" 131.578"", ""  60.174""], ["" 125.094"", "" 129.816"", ""  60.535""], ["" 123.323"", "" 131.175"", ""  61.457""], ["" 123.316"", "" 131.509"", ""  57.789""], ["" 122.624"", "" 130.983"", ""  57.274""], ["" 123.727"", "" 132.347"", ""  57.402""], ["" 128.458"", "" 126.618"", ""  67.215""], ["" 129.177"", "" 126.968"", ""  66.066""], ["" 128.596"", "" 125.347"", ""  67.783""], ["" 130.018"", "" 126.007"", ""  65.487""], ["" 129.429"", "" 124.369"", ""  67.233""], ["" 130.129"", "" 124.726"", ""  66.078""], ["" 130.801"", "" 126.103"", ""  64.367""], ["" 131.014"", "" 124.066"", ""  65.258""], ["" 131.383"", "" 124.930"", ""  64.247""], ["" 131.359"", "" 123.121"", ""  65.334""], ["" 132.331"", "" 124.562"", ""  63.145""], ["" 133.716"", "" 124.625"", ""  63.349""], ["" 131.846"", "" 124.155"", ""  61.895""], ["" 134.598"", "" 124.290"", ""  62.326""], ["" 132.726"", "" 123.819"", ""  60.870""], ["" 134.101"", "" 123.888"", ""  61.088""], ["" 134.983"", "" 123.554"", ""  60.062""], ["" 135.272"", "" 122.593"", ""  59.948""], ["" 135.291"", "" 124.269"", ""  59.420""]]",[],RR11_Rahimova_2017
109,8099,RR11_Rahimova_2017-again1,receptor_tmp,2,20,-8.21,-0.20525000000000002,0.0,0.0,4,184.03,-10.0,-8.79,-1.21,-10.0,0.0,-0.55,1.79,-0.55,65,9,0.0,0.0,0.0,10.657567,9.112342,8.35708,0.63251193,0.74442663,-0.21391036,135.04245,"239.742401, 87.378807, 349.207031, 244.710419, 220.633972, 24.43577, ","[["" 127.127"", "" 129.277"", ""  65.670""], ["" 127.186"", "" 128.326"", ""  66.858""], ["" 128.806"", "" 125.764"", ""  70.224""], ["" 129.408"", "" 126.603"", ""  69.310""], ["" 127.500"", "" 125.735"", ""  70.080""], ["" 128.423"", "" 127.141"", ""  68.515""], ["" 127.232"", "" 126.574"", ""  69.029""], ["" 128.427"", "" 128.027"", ""  67.435""], ["" 126.001"", "" 126.907"", ""  68.450""], ["" 125.999"", "" 127.786"", ""  67.366""], ["" 130.405"", "" 126.754"", ""  69.267""], ["" 129.563"", "" 124.974"", ""  71.251""], ["" 130.986"", "" 123.506"", ""  73.159""], ["" 130.715"", "" 122.945"", ""  71.913""], ["" 130.550"", "" 124.795"", ""  73.460""], ["" 130.006"", "" 123.676"", ""  70.963""], ["" 129.842"", "" 125.525"", ""  72.509""], ["" 131.699"", "" 122.777"", ""  74.110""], ["" 132.625"", "" 122.444"", ""  73.887""], ["" 131.264"", "" 122.555"", ""  74.994""], ["" 127.533"", "" 128.609"", ""  64.364""], ["" 128.842"", "" 128.133"", ""  64.217""], ["" 126.602"", "" 128.502"", ""  63.324""], ["" 129.160"", "" 127.522"", ""  63.001""], ["" 126.916"", "" 127.898"", ""  62.104""], ["" 128.217"", "" 127.404"", ""  61.966""], ["" 130.331"", "" 126.936"", ""  62.542""], ["" 128.853"", "" 126.750"", ""  60.919""], ["" 130.151"", "" 126.454"", ""  61.266""], ["" 131.208"", "" 126.846"", ""  63.033""], ["" 128.461"", "" 126.500"", ""  60.023""], ["" 131.164"", "" 125.739"", ""  60.431""], ["" 131.249"", "" 125.998"", ""  59.057""], ["" 132.038"", "" 124.813"", ""  61.011""], ["" 132.196"", "" 125.342"", ""  58.275""], ["" 132.985"", "" 124.157"", ""  60.230""], ["" 133.063"", "" 124.423"", ""  58.864""], ["" 134.013"", "" 123.770"", ""  58.081""], ["" 134.741"", "" 124.307"", ""  57.630""], ["" 133.948"", "" 122.772"", ""  57.949""]]",[],RR11_Rahimova_2017-again1
110,8302,RR11_Rahimova_2017-again2,receptor_tmp,1,20,-8.71,-0.21243902439024392,0.0,0.0,3,184.32,-10.5,-8.29,-2.21,-10.5,0.0,0.08,1.79,0.08,60,7,0.0,0.0,0.0,11.364272,10.556748,6.935207,-0.21966343,0.62676625,0.7476042,290.143799,"122.505356, 10.391201, 305.346039, 261.559113, 77.643181, 28.942764, ","[["" 132.244"", "" 124.781"", ""  62.159""], ["" 131.703"", "" 125.983"", ""  61.397""], ["" 129.771"", "" 130.078"", ""  60.622""], ["" 130.095"", "" 129.338"", ""  61.737""], ["" 130.174"", "" 129.338"", ""  59.535""], ["" 130.687"", "" 128.141"", ""  61.359""], ["" 130.740"", "" 128.141"", ""  59.955""], ["" 131.175"", "" 127.067"", ""  62.109""], ["" 131.285"", "" 127.069"", ""  59.243""], ["" 131.764"", "" 125.995"", ""  59.998""], ["" 129.903"", "" 129.661"", ""  62.673""], ["" 130.050"", "" 129.660"", ""  58.586""], ["" 129.103"", "" 131.414"", ""  60.599""], ["" 127.836"", "" 133.902"", ""  60.559""], ["" 127.965"", "" 133.171"", ""  59.380""], ["" 128.340"", "" 133.400"", ""  61.757""], ["" 128.597"", "" 131.930"", ""  59.399""], ["" 128.971"", "" 132.159"", ""  61.777""], ["" 127.199"", "" 135.142"", ""  60.541""], ["" 127.567"", "" 135.882"", ""  59.961""], ["" 126.416"", "" 135.308"", ""  61.157""], ["" 131.461"", "" 124.489"", ""  63.432""], ["" 131.395"", "" 125.464"", ""  64.436""], ["" 130.842"", "" 123.244"", ""  63.591""], ["" 130.659"", "" 125.146"", ""  65.581""], ["" 130.110"", "" 122.918"", ""  64.736""], ["" 130.028"", "" 123.900"", ""  65.727""], ["" 130.380"", "" 125.871"", ""  66.732""], ["" 129.388"", "" 123.917"", ""  66.959""], ["" 129.595"", "" 125.127"", ""  67.582""], ["" 130.679"", "" 126.809"", ""  66.955""], ["" 128.838"", "" 123.182"", ""  67.377""], ["" 129.064"", "" 125.553"", ""  68.912""], ["" 127.986"", "" 126.441"", ""  68.990""], ["" 129.637"", "" 125.062"", ""  70.092""], ["" 127.484"", "" 126.831"", ""  70.229""], ["" 129.136"", "" 125.452"", ""  71.331""], ["" 128.059"", "" 126.334"", ""  71.397""], ["" 127.553"", "" 126.719"", ""  72.638""], ["" 126.716"", "" 126.281"", ""  72.992""], ["" 127.993"", "" 127.477"", ""  73.139""]]",[],RR11_Rahimova_2017-again2
111,8138,RR12_Rahimova_2017,receptor_tmp,1,16,-6.51,-0.2411111111111111,0.0,0.0,3,188.86,-9.19,-9.22,0.03,-9.19,0.0,-1.59,2.68,-1.59,38,3,0.0,0.0,0.0,10.012697,7.527942,7.584055,0.33242685,-0.27494216,0.90216362,184.950455,"337.856323, 35.008553, 184.835907, 127.99865, 7.115245, 60.279556, 159.827301, 203.493454, 293.326294, ","[["" 130.084"", "" 125.220"", ""  66.278""], ["" 131.465"", "" 125.499"", ""  65.655""], ["" 131.783"", "" 124.644"", ""  64.513""], ["" 134.044"", "" 124.767"", ""  64.646""], ["" 133.026"", "" 124.341"", ""  64.096""], ["" 130.996"", "" 124.254"", ""  64.013""], ["" 133.110"", "" 123.414"", ""  62.877""], ["" 131.797"", "" 123.171"", ""  62.371""], ["" 131.516"", "" 121.956"", ""  61.774""], ["" 130.169"", "" 121.591"", ""  61.716""], ["" 132.486"", "" 121.095"", ""  61.235""], ["" 129.787"", "" 120.387"", ""  61.130""], ["" 132.105"", "" 119.891"", ""  60.648""], ["" 130.757"", "" 119.543"", ""  60.597""], ["" 129.694"", "" 126.253"", ""  67.350""], ["" 128.528"", "" 127.125"", ""  66.917""], ["" 128.571"", "" 127.889"", ""  65.854""], ["" 127.328"", "" 127.209"", ""  67.607""], ["" 127.346"", "" 128.494"", ""  65.806""], ["" 126.531"", "" 128.085"", ""  66.892""], ["" 126.847"", "" 129.405"", ""  64.863""], ["" 125.225"", "" 128.561"", ""  67.061""], ["" 125.546"", "" 129.880"", ""  65.032""], ["" 124.757"", "" 129.465"", ""  66.105""], ["" 126.940"", "" 126.476"", ""  68.810""], ["" 127.830"", "" 126.874"", ""  70.001""], ["" 128.616"", "" 125.686"", ""  70.572""]]",[],RR12_Rahimova_2017
112,3752,RR13_Rahimova_2017,receptor_tmp,1,1,-11.72,-0.24416666666666667,0.0,0.0,6,185.6,-15.3,-15.17,-0.13,-15.3,0.0,-4.98,3.58,-4.98,53,11,0.0,0.0,0.0,10.855508,10.048714,4.669591,0.119722,-0.37873524,-0.91772886,89.226212,"292.825592, 178.422668, 263.656555, 300.829315, 117.977959, 106.722427, 150.106247, 343.640961, 153.986618, 345.184845, 206.808182, 328.677399, ","[["" 129.541"", "" 127.936"", ""  60.881""], ["" 129.813"", "" 128.053"", ""  62.326""], ["" 130.079"", "" 126.662"", ""  62.948""], ["" 131.257"", "" 126.033"", ""  62.329""], ["" 130.979"", "" 125.913"", ""  60.887""], ["" 130.724"", "" 127.308"", ""  60.268""], ["" 129.162"", "" 129.254"", ""  60.316""], ["" 127.646"", "" 129.539"", ""  60.383""], ["" 127.053"", "" 130.558"", ""  59.610""], ["" 125.683"", "" 130.807"", ""  59.710""], ["" 124.890"", "" 130.061"", ""  60.578""], ["" 126.832"", "" 128.805"", ""  61.262""], ["" 125.465"", "" 129.060"", ""  61.356""], ["" 127.975"", "" 131.546"", ""  58.528""], ["" 129.969"", "" 130.408"", ""  60.930""], ["" 131.108"", "" 130.893"", ""  60.488""], ["" 129.622"", "" 131.054"", ""  62.097""], ["" 131.464"", "" 131.901"", ""  61.377""], ["" 130.521"", "" 132.003"", ""  62.382""], ["" 128.439"", "" 130.885"", ""  62.933""], ["" 127.996"", "" 132.241"", ""  63.513""], ["" 127.204"", "" 133.064"", ""  62.508""], ["" 127.853"", "" 134.025"", ""  61.728""], ["" 125.828"", "" 132.863"", ""  62.374""], ["" 127.126"", "" 134.783"", ""  60.814""], ["" 125.101"", "" 133.622"", ""  61.459""], ["" 125.753"", "" 134.578"", ""  60.684""], ["" 131.598"", "" 124.732"", ""  62.952""], ["" 132.566"", "" 124.865"", ""  64.130""], ["" 133.876"", "" 124.837"", ""  64.046""], ["" 132.198"", "" 125.088"", ""  65.440""], ["" 134.346"", "" 125.009"", ""  65.344""], ["" 133.287"", "" 125.159"", ""  66.215""], ["" 130.870"", "" 125.186"", ""  66.036""], ["" 130.641"", "" 126.597"", ""  66.609""], ["" 129.175"", "" 126.861"", ""  66.916""], ["" 128.504"", "" 126.068"", ""  67.850""], ["" 128.504"", "" 127.902"", ""  66.268""], ["" 127.164"", "" 126.315"", ""  68.136""], ["" 127.164"", "" 128.148"", ""  66.553""], ["" 126.499"", "" 127.353"", ""  67.486""], ["" 132.091"", "" 123.637"", ""  61.981""], ["" 133.336"", "" 123.838"", ""  61.370""], ["" 131.366"", "" 122.464"", ""  61.668""], ["" 133.868"", "" 122.894"", ""  60.492""], ["" 131.910"", "" 121.522"", ""  60.790""], ["" 133.156"", "" 121.733"", ""  60.206""], ["" 129.781"", "" 122.143"", ""  62.288""]]",[],RR13_Rahimova_2017
113,3626,RR14_Rahimova_2017,receptor_tmp,1,8,-10.0,-0.25,0.0,0.0,1,188.26,-13.28,-12.9,-0.39,-13.28,0.0,-1.6,3.28,-1.6,52,13,0.0,0.0,0.0,10.466176,9.536742,6.671219,-0.01273938,0.82781195,-0.56086102,238.888748,"77.695305, 325.389191, 240.816132, 12.249161, 278.68396, 21.562939, 141.656052, 187.532135, 182.628723, 217.161179, 49.441494, ","[["" 128.855"", "" 125.883"", ""  66.346""], ["" 129.447"", "" 125.941"", ""  65.000""], ["" 130.853"", "" 125.513"", ""  65.046""], ["" 131.245"", "" 124.392"", ""  64.087""], ["" 132.429"", "" 121.212"", ""  61.571""], ["" 132.008"", "" 122.262"", ""  62.401""], ["" 131.502"", "" 120.602"", ""  60.720""], ["" 132.907"", "" 122.905"", ""  63.277""], ["" 130.669"", "" 122.692"", ""  62.375""], ["" 130.176"", "" 121.030"", ""  60.693""], ["" 132.635"", "" 123.928"", ""  64.126""], ["" 130.324"", "" 123.805"", ""  63.283""], ["" 129.745"", "" 122.074"", ""  61.515""], ["" 133.518"", "" 124.388"", ""  64.851""], ["" 133.872"", "" 120.724"", ""  61.576""], ["" 133.863"", "" 122.585"", ""  63.299""], ["" 128.289"", "" 122.518"", ""  61.456""], ["" 129.337"", "" 127.281"", ""  64.408""], ["" 127.931"", "" 127.903"", ""  64.557""], ["" 127.903"", "" 129.167"", ""  65.442""], ["" 126.584"", "" 129.805"", ""  65.501""], ["" 125.643"", "" 128.964"", ""  66.253""], ["" 126.056"", "" 130.170"", ""  64.177""], ["" 124.230"", "" 129.583"", ""  66.289""], ["" 124.631"", "" 130.754"", ""  64.276""], ["" 123.777"", "" 129.848"", ""  64.966""], ["" 129.441"", "" 126.929"", ""  67.285""], ["" 130.489"", "" 127.675"", ""  67.026""], ["" 128.944"", "" 127.246"", ""  68.531""], ["" 130.652"", "" 128.496"", ""  68.137""], ["" 129.676"", "" 128.225"", ""  69.075""], ["" 127.781"", "" 126.711"", ""  69.239""], ["" 127.987"", "" 126.611"", ""  70.746""], ["" 127.114"", "" 127.266"", ""  71.618""], ["" 129.034"", "" 125.842"", ""  71.258""], ["" 127.269"", "" 127.123"", ""  72.993""], ["" 129.186"", "" 125.700"", ""  72.634""], ["" 128.294"", "" 126.333"", ""  73.515""], ["" 128.354"", "" 126.231"", ""  74.891""], ["" 127.335"", "" 126.840"", ""  75.677""]]",[],RR14_Rahimova_2017
114,8218,RR15_Rahimova_2017,receptor_tmp,1,15,-9.67,-0.21021739130434783,0.0,0.0,3,185.06,-14.14,-13.01,-1.13,-14.14,0.0,-3.58,4.47,-3.58,54,10,0.0,0.0,0.0,8.984101,8.806403,7.545038,-0.56663981,-0.08139309,-0.81993566,234.01532,"8.651065, 156.361694, 16.160734, 42.330956, 141.898346, 184.162018, 27.561953, 203.406662, 134.366898, 272.453125, 82.059242, 268.203491, 77.188309, 4.509258, 0.873646, ","[["" 129.304"", "" 126.525"", ""  64.487""], ["" 129.348"", "" 125.406"", ""  65.003""], ["" 129.484"", "" 126.714"", ""  63.144""], ["" 130.817"", "" 126.986"", ""  62.524""], ["" 131.696"", "" 125.742"", ""  62.570""], ["" 133.333"", "" 123.484"", ""  62.770""], ["" 133.159"", "" 124.313"", ""  63.874""], ["" 132.696"", "" 123.771"", ""  61.565""], ["" 132.343"", "" 125.436"", ""  63.774""], ["" 131.882"", "" 124.896"", ""  61.465""], ["" 134.124"", "" 122.392"", ""  62.868""], ["" 130.744"", "" 127.764"", ""  61.173""], ["" 130.624"", "" 129.100"", ""  61.276""], ["" 130.759"", "" 127.169"", ""  60.095""], ["" 130.591"", "" 129.510"", ""  62.198""], ["" 130.437"", "" 130.019"", ""  60.159""], ["" 131.311"", "" 131.277"", ""  60.321""], ["" 131.315"", "" 131.582"", ""  61.722""], ["" 132.799"", "" 131.095"", ""  59.974""], ["" 132.632"", "" 131.873"", ""  62.177""], ["" 133.486"", "" 130.964"", ""  61.311""], ["" 128.335"", "" 126.855"", ""  62.227""], ["" 127.185"", "" 127.708"", ""  62.805""], ["" 126.853"", "" 128.984"", ""  61.995""], ["" 125.884"", "" 129.865"", ""  62.654""], ["" 124.627"", "" 130.019"", ""  61.906""], ["" 125.643"", "" 129.409"", ""  64.030""], ["" 123.611"", "" 130.885"", ""  62.681""], ["" 124.600"", "" 130.294"", ""  64.747""], ["" 123.401"", "" 130.348"", ""  63.983""], ["" 128.998"", "" 127.740"", ""  65.398""], ["" 128.425"", "" 127.401"", ""  66.700""], ["" 129.175"", "" 127.239"", ""  67.796""], ["" 127.157"", "" 127.011"", ""  66.834""], ["" 128.289"", "" 126.782"", ""  68.662""], ["" 127.074"", "" 126.625"", ""  68.156""], ["" 128.628"", "" 126.461"", ""  70.091""], ["" 128.998"", "" 125.163"", ""  70.468""], ["" 128.579"", "" 127.451"", ""  71.078""], ["" 129.314"", "" 124.846"", ""  71.800""], ["" 128.887"", "" 127.152"", ""  72.403""], ["" 129.255"", "" 125.850"", ""  72.778""], ["" 129.688"", "" 123.582"", ""  72.220""], ["" 131.040"", "" 123.162"", ""  72.071""], ["" 129.570"", "" 125.486"", ""  74.076""], ["" 130.924"", "" 125.547"", ""  74.512""]]",[],RR15_Rahimova_2017
115,3432,RR16_Rahimova_2017,receptor_tmp,1,1,-10.88,-0.22666666666666668,0.0,0.0,1,186.88,-15.36,-15.17,-0.61,-15.78,0.42,-2.0,4.47,-2.0,81,9,0.0,0.0,0.0,8.788384,7.678504,6.640687,-0.49553914,-0.82553661,0.27005606,120.325012,"357.725159, 129.566177, 303.12738, 52.70842, 51.611023, 37.380802, 325.157654, 8.145532, 37.716106, 123.116135, 253.444977, 14.430722, 68.574471, 299.849304, 280.447083, ","[["" 127.165"", "" 128.248"", ""  66.806""], ["" 127.813"", "" 129.190"", ""  66.005""], ["" 127.065"", "" 130.049"", ""  65.205""], ["" 125.671"", "" 129.960"", ""  65.209""], ["" 125.022"", "" 129.044"", ""  66.038""], ["" 125.769"", "" 128.188"", ""  66.841""], ["" 128.125"", "" 127.049"", ""  67.728""], ["" 127.190"", "" 126.045"", ""  68.251""], ["" 128.999"", "" 127.796"", ""  68.642""], ["" 129.144"", "" 126.273"", ""  66.500""], ["" 130.969"", "" 125.642"", ""  64.301""], ["" 129.433"", "" 125.526"", ""  64.144""], ["" 131.418"", "" 125.553"", ""  65.783""], ["" 128.687"", "" 126.477"", ""  65.101""], ["" 130.601"", "" 126.496"", ""  66.689""], ["" 131.729"", "" 124.672"", ""  63.392""], ["" 131.441"", "" 121.618"", ""  61.240""], ["" 132.537"", "" 121.105"", ""  60.649""], ["" 131.772"", "" 122.747"", ""  61.972""], ["" 133.610"", "" 121.918"", ""  60.940""], ["" 133.160"", "" 122.916"", ""  61.756""], ["" 131.035"", "" 123.615"", ""  62.785""], ["" 133.835"", "" 123.985"", ""  62.363""], ["" 133.102"", "" 124.850"", ""  63.177""], ["" 130.169"", "" 120.910"", ""  61.169""], ["" 129.013"", "" 121.816"", ""  60.771""], ["" 127.568"", "" 122.757"", ""  59.067""], ["" 126.917"", "" 123.518"", ""  60.038""], ["" 128.612"", "" 121.904"", ""  59.433""], ["" 127.311"", "" 123.432"", ""  61.373""], ["" 128.357"", "" 122.583"", ""  61.739""], ["" 127.089"", "" 122.869"", ""  57.413""], ["" 135.179"", "" 124.173"", ""  62.167""], ["" 135.393"", "" 125.038"", ""  61.809""], ["" 124.700"", "" 130.944"", ""  64.074""], ["" 123.617"", "" 130.084"", ""  63.584""], ["" 124.406"", "" 132.226"", ""  64.726""], ["" 125.787"", "" 131.254"", ""  62.720""], ["" 126.537"", "" 130.576"", ""  62.560""], ["" 126.030"", "" 132.635"", ""  62.239""], ["" 127.325"", "" 132.657"", ""  61.386""], ["" 128.163"", "" 133.949"", ""  61.406""], ["" 127.433"", "" 135.176"", ""  60.832""], ["" 126.017"", "" 135.430"", ""  61.380""], ["" 124.752"", "" 133.140"", ""  61.530""], ["" 124.887"", "" 134.521"", ""  60.861""], ["" 126.016"", "" 135.432"", ""  61.381""], ["" 127.433"", "" 135.182"", ""  60.833""]]",[],RR16_Rahimova_2017
116,3279,RR17_Rahimova_2017,receptor_tmp,1,17,-8.5,-0.21794871794871795,0.0,0.0,2,188.9,-12.08,-11.58,-0.5,-12.08,0.0,-2.65,3.58,-2.65,74,10,0.0,0.0,0.0,6.427758,13.097855,6.147033,-0.42579062,-0.90384137,-0.0421085,224.942902,"174.835968, 139.151001, 83.162544, 302.296783, 272.482819, 266.654205, 286.664612, 30.180525, 85.612831, 98.523514, 232.41806, 37.678291, ","[["" 124.006"", "" 131.886"", ""  62.902""], ["" 124.521"", "" 130.724"", ""  64.135""], ["" 125.829"", "" 130.335"", ""  64.344""], ["" 125.748"", "" 129.421"", ""  65.375""], ["" 123.726"", "" 130.108"", ""  64.978""], ["" 124.508"", "" 129.278"", ""  65.771""], ["" 126.975"", "" 130.749"", ""  63.649""], ["" 129.249"", "" 131.570"", ""  62.262""], ["" 128.434"", "" 132.514"", ""  62.909""], ["" 128.907"", "" 130.217"", ""  62.319""], ["" 127.299"", "" 132.104"", ""  63.601""], ["" 127.774"", "" 129.800"", ""  63.011""], ["" 130.392"", "" 131.884"", ""  61.553""], ["" 131.186"", "" 130.833"", ""  61.014""], ["" 126.936"", "" 128.682"", ""  65.971""], ["" 126.575"", "" 127.453"", ""  66.674""], ["" 125.849"", "" 126.882"", ""  66.266""], ["" 127.349"", "" 126.884"", ""  67.701""], ["" 126.763"", "" 126.773"", ""  68.961""], ["" 128.659"", "" 126.425"", ""  67.508""], ["" 127.475"", "" 126.225"", ""  70.023""], ["" 129.372"", "" 125.878"", ""  68.570""], ["" 128.785"", "" 125.775"", ""  69.836""], ["" 129.556"", "" 125.181"", ""  71.014""], ["" 130.105"", "" 126.122"", ""  71.785""], ["" 128.746"", "" 124.446"", ""  71.777""], ["" 130.531"", "" 124.400"", ""  70.549""], ["" 123.223"", "" 130.748"", ""  61.704""], ["" 123.528"", "" 131.142"", ""  60.241""], ["" 122.612"", "" 131.297"", ""  59.428""], ["" 124.971"", "" 131.339"", ""  59.875""], ["" 125.612"", "" 132.536"", ""  60.223""], ["" 125.701"", "" 130.357"", ""  59.189""], ["" 126.947"", "" 132.745"", ""  59.895""], ["" 127.038"", "" 130.569"", ""  58.861""], ["" 127.673"", "" 131.768"", ""  59.214""], ["" 128.994"", "" 132.065"", ""  58.932""], ["" 129.329"", "" 132.628"", ""  57.667""], ["" 130.735"", "" 132.161"", ""  57.278""]]",[],RR17_Rahimova_2017
117,3455,RR18_Rahimova_2017,receptor_tmp,1,5,-7.87,-0.20710526315789474,0.0,0.0,3,188.49,-8.77,-8.66,-0.1,-8.77,0.0,-1.77,0.89,-1.77,44,3,0.0,0.0,0.0,7.797888,10.78342,2.727652,0.25301191,0.53254584,-0.80770038,255.653793,"45.17934, 18.553038, 39.700191, ","[["" 126.440"", "" 128.965"", ""  59.607""], ["" 125.384"", "" 129.817"", ""  58.840""], ["" 124.826"", "" 129.297"", ""  57.716""], ["" 125.029"", "" 128.028"", ""  57.263""], ["" 125.728"", "" 127.213"", ""  57.962""], ["" 125.949"", "" 125.520"", ""  57.587""], ["" 126.953"", "" 125.273"", ""  59.051""], ["" 127.537"", "" 124.097"", ""  59.470""], ["" 127.299"", "" 122.846"", ""  58.736""], ["" 127.938"", "" 121.872"", ""  59.391""], ["" 128.620"", "" 122.322"", ""  60.480""], ["" 128.445"", "" 123.690"", ""  60.590""], ["" 129.125"", "" 124.343"", ""  61.635""], ["" 129.910"", "" 123.622"", ""  62.539""], ["" 130.042"", "" 122.240"", ""  62.411""], ["" 129.396"", "" 121.580"", ""  61.369""], ["" 126.640"", "" 122.639"", ""  57.717""], ["" 126.394"", "" 127.548"", ""  59.098""], ["" 127.044"", "" 126.551"", ""  59.757""], ["" 127.607"", "" 126.754"", ""  60.828""], ["" 127.929"", "" 120.908"", ""  59.091""], ["" 127.840"", "" 129.557"", ""  59.476""], ["" 129.313"", "" 130.916"", ""  58.577""], ["" 129.976"", "" 130.203"", ""  59.562""], ["" 128.015"", "" 130.518"", ""  58.529""], ["" 129.040"", "" 129.340"", ""  60.133""], ["" 129.724"", "" 131.989"", ""  57.599""], ["" 125.090"", "" 131.182"", ""  59.262""], ["" 126.073"", "" 131.763"", ""  59.989""], ["" 124.024"", "" 131.734"", ""  58.982""], ["" 126.856"", "" 131.171"", ""  60.219""], ["" 126.155"", "" 133.058"", ""  60.544""], ["" 127.350"", "" 133.412"", ""  61.202""], ["" 125.121"", "" 134.008"", ""  60.452""], ["" 127.483"", "" 134.686"", ""  61.763""], ["" 125.268"", "" 135.273"", ""  61.016""], ["" 126.447"", "" 135.612"", ""  61.674""], ["" 128.517"", "" 132.436"", ""  61.324""]]",[],RR18_Rahimova_2017
118,3684,RR19_Rahimova_2017,receptor_tmp,1,1,-11.3,-0.2354166666666667,0.0,0.0,5,187.09,-13.69,-13.71,0.02,-13.69,0.0,-4.01,2.39,-4.01,68,4,0.0,0.0,0.0,7.87386,10.516412,4.83598,0.38485983,-0.92203881,-0.0415613,67.5457,"151.088593, 332.076477, 34.045624, 114.820839, 89.470383, 77.3265, 359.176971, 232.845642, ","[["" 126.580"", "" 127.126"", ""  58.333""], ["" 126.936"", "" 127.510"", ""  59.943""], ["" 127.692"", "" 126.746"", ""  60.798""], ["" 128.484"", "" 125.659"", ""  60.613""], ["" 128.866"", "" 125.218"", ""  59.525""], ["" 126.517"", "" 128.633"", ""  60.611""], ["" 125.650"", "" 129.628"", ""  60.294""], ["" 124.869"", "" 129.641"", ""  59.340""], ["" 127.560"", "" 126.982"", ""  61.771""], ["" 127.022"", "" 128.804"", ""  61.469""], ["" 128.927"", "" 124.956"", ""  61.923""], ["" 129.859"", "" 125.822"", ""  62.819""], ["" 129.555"", "" 125.722"", ""  64.303""], ["" 129.881"", "" 124.547"", ""  65.015""], ["" 129.106"", "" 126.852"", ""  65.018""], ["" 129.696"", "" 124.495"", ""  66.391""], ["" 128.929"", "" 126.780"", ""  66.393""], ["" 129.217"", "" 125.604"", ""  67.075""], ["" 129.494"", "" 123.595"", ""  61.702""], ["" 130.827"", "" 123.300"", ""  61.677""], ["" 128.696"", "" 122.518"", ""  61.454""], ["" 130.903"", "" 121.845"", ""  61.402""], ["" 131.768"", "" 124.077"", ""  61.848""], ["" 129.625"", "" 121.376"", ""  61.267""], ["" 127.466"", "" 122.498"", ""  61.397""], ["" 132.002"", "" 120.994"", ""  61.273""], ["" 129.375"", "" 120.029"", ""  60.996""], ["" 131.772"", "" 119.640"", ""  61.003""], ["" 130.463"", "" 119.159"", ""  60.866""], ["" 125.712"", "" 130.845"", ""  61.251""], ["" 126.963"", "" 131.753"", ""  61.072""], ["" 126.696"", "" 133.247"", ""  61.163""], ["" 125.376"", "" 133.748"", ""  61.172""], ["" 127.768"", "" 134.141"", ""  61.374""], ["" 125.151"", "" 135.108"", ""  61.335""], ["" 127.521"", "" 135.498"", ""  61.533""], ["" 126.219"", "" 135.980"", ""  61.510""], ["" 125.540"", "" 130.426"", ""  62.669""], ["" 126.458"", "" 129.730"", ""  63.405""], ["" 124.377"", "" 130.661"", ""  63.341""], ["" 125.819"", "" 129.511"", ""  64.726""], ["" 127.575"", "" 129.354"", ""  63.048""], ["" 124.570"", "" 130.068"", ""  64.688""], ["" 123.374"", "" 131.239"", ""  62.919""], ["" 126.287"", "" 128.866"", ""  65.872""], ["" 123.721"", "" 130.012"", ""  65.793""], ["" 125.451"", "" 128.800"", ""  66.992""], ["" 124.171"", "" 129.372"", ""  66.953""]]",[],RR19_Rahimova_2017
119,8399,RR19_Rahimova_2017-again1,receptor_tmp,1,19,-10.26,-0.21829787234042553,0.0,0.0,5,185.99,-12.94,-13.97,1.03,-12.94,0.0,-3.82,2.68,-3.82,62,2,0.0,0.0,0.0,9.162035,10.981488,5.343889,0.81197516,-0.1401975,0.56660479,211.189926,"133.269073, 309.220001, 24.317076, 163.786514, 127.229927, 238.18161, 340.794708, 2.700214, 289.842865, ","[["" 126.101"", "" 126.260"", ""  58.790""], ["" 126.526"", "" 126.928"", ""  60.273""], ["" 126.264"", "" 128.165"", ""  60.791""], ["" 125.676"", "" 129.272"", ""  60.277""], ["" 125.099"", "" 129.343"", ""  59.189""], ["" 126.663"", "" 128.304"", ""  61.707""], ["" 127.327"", "" 126.275"", ""  61.193""], ["" 128.468"", "" 125.692"", ""  61.016""], ["" 129.194"", "" 125.627"", ""  60.004""], ["" 129.031"", "" 124.926"", ""  62.260""], ["" 129.980"", "" 125.836"", ""  63.109""], ["" 129.701"", "" 125.819"", ""  64.610""], ["" 130.007"", "" 124.682"", ""  65.362""], ["" 129.146"", "" 126.941"", ""  65.231""], ["" 129.767"", "" 124.670"", ""  66.734""], ["" 128.907"", "" 126.931"", ""  66.602""], ["" 129.219"", "" 125.795"", ""  67.348""], ["" 129.592"", "" 123.575"", ""  61.930""], ["" 130.924"", "" 123.271"", ""  61.864""], ["" 128.782"", "" 122.518"", ""  61.636""], ["" 130.984"", "" 121.837"", ""  61.493""], ["" 131.875"", "" 124.024"", ""  62.068""], ["" 129.701"", "" 121.384"", ""  61.356""], ["" 127.551"", "" 122.503"", ""  61.611""], ["" 132.075"", "" 120.991"", ""  61.289""], ["" 129.437"", "" 120.059"", ""  61.006""], ["" 131.832"", "" 119.659"", ""  60.938""], ["" 130.517"", "" 119.195"", ""  60.799""], ["" 125.765"", "" 130.533"", ""  61.186""], ["" 127.009"", "" 131.423"", ""  60.902""], ["" 126.777"", "" 132.904"", ""  61.145""], ["" 127.875"", "" 133.769"", ""  61.335""], ["" 125.485"", "" 133.456"", ""  61.017""], ["" 127.668"", "" 135.137"", ""  61.459""], ["" 125.299"", "" 134.826"", ""  61.143""], ["" 126.385"", "" 135.662"", ""  61.368""], ["" 125.602"", "" 130.246"", ""  62.644""], ["" 126.532"", "" 129.620"", ""  63.424""], ["" 124.427"", "" 130.487"", ""  63.292""], ["" 125.885"", "" 129.449"", ""  64.749""], ["" 127.663"", "" 129.260"", ""  63.097""], ["" 124.620"", "" 129.965"", ""  64.667""], ["" 123.415"", "" 131.017"", ""  62.833""], ["" 126.354"", "" 128.867"", ""  65.927""], ["" 123.754"", "" 129.928"", ""  65.761""], ["" 125.499"", "" 128.818"", ""  67.034""], ["" 124.204"", "" 129.347"", ""  66.952""]]",[],RR19_Rahimova_2017-again1
120,3539,RR1_Rahimova_2017,receptor_tmp,1,17,-9.09,-0.20659090909090908,0.0,0.0,1,192.33,-12.67,-12.31,-0.36,-12.67,0.0,-1.9,3.58,-1.9,61,12,0.0,0.0,0.0,7.386023,13.215247,9.392088,0.35840572,-0.44160741,-0.82251337,192.217773,"145.290466, 64.085213, 293.709564, 263.486816, 211.748566, 98.338989, 120.033905, 353.547668, 44.775055, 31.351423, 41.868973, 329.432526, ","[["" 128.710"", "" 127.075"", ""  68.858""], ["" 128.918"", "" 126.996"", ""  70.148""], ["" 127.694"", "" 126.954"", ""  70.665""], ["" 126.708"", "" 126.992"", ""  69.789""], ["" 127.359"", "" 127.068"", ""  68.624""], ["" 129.991"", "" 127.175"", ""  67.652""], ["" 129.616"", "" 125.624"", ""  66.762""], ["" 130.265"", "" 125.487"", ""  65.375""], ["" 129.814"", "" 126.100"", ""  64.407""], ["" 131.335"", "" 124.665"", ""  65.334""], ["" 131.658"", "" 124.307"", ""  66.222""], ["" 132.109"", "" 124.263"", ""  64.229""], ["" 132.359"", "" 122.894"", ""  64.119""], ["" 132.582"", "" 125.133"", ""  63.235""], ["" 133.077"", "" 122.394"", ""  63.037""], ["" 133.301"", "" 124.629"", ""  62.155""], ["" 133.552"", "" 123.261"", ""  62.041""], ["" 134.266"", "" 122.855"", ""  60.930""], ["" 134.146"", "" 123.593"", ""  59.719""], ["" 126.621"", "" 127.156"", ""  67.364""], ["" 126.829"", "" 128.463"", ""  66.579""], ["" 125.810"", "" 128.807"", ""  65.769""], ["" 127.867"", "" 129.122"", ""  66.710""], ["" 125.059"", "" 128.190"", ""  65.490""], ["" 125.986"", "" 129.891"", ""  64.920""], ["" 124.899"", "" 130.378"", ""  64.285""], ["" 123.744"", "" 129.988"", ""  64.489""], ["" 126.889"", "" 129.863"", ""  64.468""], ["" 125.163"", "" 131.490"", ""  63.289""], ["" 126.466"", "" 131.830"", ""  62.889""], ["" 124.093"", "" 132.194"", ""  62.727""], ["" 126.701"", "" 132.850"", ""  61.950""], ["" 124.313"", "" 133.209"", ""  61.803""], ["" 125.616"", "" 133.548"", ""  61.404""], ["" 127.964"", "" 133.209"", ""  61.509""], ["" 128.439"", "" 132.719"", ""  60.260""], ["" 125.902"", "" 134.537"", ""  60.480""], ["" 126.683"", "" 135.660"", ""  60.874""], ["" 127.449"", "" 126.875"", ""  72.145""], ["" 126.294"", "" 127.420"", ""  72.729""], ["" 128.367"", "" 126.254"", ""  73.007""], ["" 126.096"", "" 127.333"", ""  74.108""], ["" 128.194"", "" 126.160"", ""  74.350""], ["" 127.066"", "" 126.697"", ""  74.880""]]",[],RR1_Rahimova_2017
121,8120,RR20_Rahimova_2017,receptor_tmp,1,20,-10.83,-0.2776923076923077,0.0,0.0,4,181.9,-12.62,-12.52,-0.1,-12.62,0.0,-1.48,1.79,-1.48,69,6,0.0,0.0,0.0,9.492061,10.171342,8.907577,0.08525518,0.87289872,-0.48039502,182.286591,"175.355347, 224.171753, 298.8349, 126.967369, 326.068665, 106.515884, ","[["" 127.269"", "" 127.700"", ""  66.421""], ["" 127.552"", "" 128.261"", ""  65.166""], ["" 126.666"", "" 129.154"", ""  64.563""], ["" 125.452"", "" 129.465"", ""  65.190""], ["" 124.444"", "" 130.383"", ""  64.820""], ["" 123.390"", "" 130.352"", ""  65.847""], ["" 123.979"", "" 129.623"", ""  67.042""], ["" 125.195"", "" 128.964"", ""  66.466""], ["" 126.092"", "" 128.086"", ""  67.075""], ["" 128.231"", "" 126.747"", ""  67.073""], ["" 129.034"", "" 125.722"", ""  68.843""], ["" 128.166"", "" 126.588"", ""  68.386""], ["" 130.042"", "" 125.022"", ""  67.637""], ["" 129.228"", "" 125.985"", ""  66.427""], ["" 129.657"", "" 125.919"", ""  64.978""], ["" 129.229"", "" 125.318"", ""  70.155""], ["" 129.810"", "" 127.309"", ""  71.116""], ["" 129.606"", "" 126.096"", ""  71.199""], ["" 129.080"", "" 124.337"", ""  70.344""], ["" 129.764"", "" 125.427"", ""  72.584""], ["" 128.735"", "" 125.853"", ""  73.551""], ["" 129.280"", "" 126.720"", ""  74.606""], ["" 127.653"", "" 126.579"", ""  72.875""], ["" 128.235"", "" 126.916"", ""  75.727""], ["" 126.546"", "" 127.027"", ""  73.830""], ["" 126.838"", "" 127.235"", ""  75.193""], ["" 125.253"", "" 127.287"", ""  73.361""], ["" 125.831"", "" 127.705"", ""  76.043""], ["" 124.257"", "" 127.746"", ""  74.220""], ["" 124.548"", "" 127.958"", ""  75.564""], ["" 124.204"", "" 130.862"", ""  63.564""], ["" 123.288"", "" 130.449"", ""  62.849""], ["" 125.103"", "" 131.938"", ""  62.997""], ["" 124.709"", "" 132.630"", ""  61.845""], ["" 126.352"", "" 132.212"", ""  63.569""], ["" 125.531"", "" 133.611"", ""  61.298""], ["" 127.176"", "" 133.193"", ""  63.021""], ["" 126.761"", "" 133.899"", ""  61.890""], ["" 127.661"", "" 134.962"", ""  61.286""]]",[],RR20_Rahimova_2017
122,3845,RR20_Rahimova_2017-again1,receptor_tmp,1,10,-9.9,-0.25384615384615383,0.0,0.0,4,180.22,-11.69,-12.02,0.33,-11.69,0.0,-2.11,1.79,-2.11,65,6,0.0,0.0,0.0,9.293494,10.159066,6.397263,0.06269224,0.86820819,-0.49222374,209.269394,"113.96154, 97.617027, 336.172607, 145.962067, 106.717407, 207.528503, ","[["" 130.473"", "" 125.496"", ""  65.790""], ["" 129.610"", "" 126.361"", ""  65.314""], ["" 128.660"", "" 126.703"", ""  66.171""], ["" 128.752"", "" 126.087"", ""  67.435""], ["" 127.918"", "" 126.238"", ""  68.690""], ["" 130.126"", "" 125.009"", ""  67.407""], ["" 131.539"", "" 124.908"", ""  65.163""], ["" 132.034"", "" 125.286"", ""  64.032""], ["" 131.762"", "" 126.251"", ""  63.293""], ["" 133.172"", "" 124.382"", ""  63.514""], ["" 133.203"", "" 124.408"", ""  61.958""], ["" 131.794"", "" 124.513"", ""  61.340""], ["" 134.001"", "" 123.222"", ""  61.365""], ["" 130.987"", "" 123.240"", ""  61.652""], ["" 133.160"", "" 121.944"", ""  61.255""], ["" 131.748"", "" 121.954"", ""  61.344""], ["" 133.811"", "" 120.725"", ""  61.027""], ["" 131.046"", "" 120.756"", ""  61.171""], ["" 133.099"", "" 119.539"", ""  60.870""], ["" 131.711"", "" 119.555"", ""  60.937""], ["" 133.691"", "" 125.258"", ""  61.704""], ["" 127.615"", "" 127.682"", ""  65.718""], ["" 127.712"", "" 128.311"", ""  64.470""], ["" 126.547"", "" 128.028"", ""  66.559""], ["" 126.757"", "" 129.239"", ""  64.055""], ["" 125.580"", "" 128.943"", ""  66.140""], ["" 125.652"", "" 129.517"", ""  64.871""], ["" 124.467"", "" 129.567"", ""  66.928""], ["" 124.615"", "" 130.463"", ""  64.711""], ["" 123.721"", "" 130.372"", ""  65.877""], ["" 124.200"", "" 131.022"", ""  63.536""], ["" 123.168"", "" 130.679"", ""  62.956""], ["" 125.049"", "" 132.092"", ""  62.887""], ["" 126.354"", "" 132.311"", ""  63.345""], ["" 124.532"", "" 132.909"", ""  61.873""], ["" 127.144"", "" 133.302"", ""  62.770""], ["" 125.321"", "" 133.900"", ""  61.298""], ["" 126.631"", "" 134.091"", ""  61.739""], ["" 127.491"", "" 135.178"", ""  61.118""]]",[],RR20_Rahimova_2017-again1
123,3458,RR21_Rahimova_2017,receptor_tmp,1,20,-9.7,-0.2425,0.0,0.0,1,188.91,-11.49,-11.11,-0.38,-11.49,0.0,-1.31,1.79,-1.31,47,5,0.0,0.0,0.0,10.827747,8.73375,12.20831,0.81467303,-0.09809003,0.5715647,240.765076,"17.424431, 358.510162, 327.190033, 341.283417, 303.952362, 216.250641, ","[["" 129.035"", "" 125.513"", ""  68.488""], ["" 129.306"", "" 125.799"", ""  69.783""], ["" 129.101"", "" 127.351"", ""  70.624""], ["" 129.676"", "" 126.607"", ""  72.109""], ["" 130.005"", "" 125.291"", ""  71.917""], ["" 129.836"", "" 124.777"", ""  70.674""], ["" 130.091"", "" 123.610"", ""  70.353""], ["" 129.803"", "" 127.156"", ""  73.277""], ["" 130.272"", "" 126.432"", ""  74.408""], ["" 130.617"", "" 124.998"", ""  74.112""], ["" 130.490"", "" 124.466"", ""  72.940""], ["" 130.401"", "" 126.873"", ""  75.550""], ["" 128.503"", "" 126.398"", ""  67.463""], ["" 128.984"", "" 126.618"", ""  66.152""], ["" 128.214"", "" 127.449"", ""  65.478""], ["" 127.217"", "" 127.806"", ""  66.302""], ["" 127.354"", "" 127.173"", ""  67.512""], ["" 130.198"", "" 126.032"", ""  65.499""], ["" 132.486"", "" 124.923"", ""  64.269""], ["" 132.521"", "" 125.333"", ""  65.607""], ["" 131.289"", "" 125.080"", ""  63.550""], ["" 131.391"", "" 125.882"", ""  66.214""], ["" 130.162"", "" 125.629"", ""  64.159""], ["" 133.659"", "" 125.201"", ""  66.327""], ["" 133.645"", "" 124.386"", ""  63.742""], ["" 133.788"", "" 124.291"", ""  62.328""], ["" 126.187"", "" 128.687"", ""  65.883""], ["" 126.302"", "" 129.405"", ""  64.682""], ["" 125.040"", "" 128.845"", ""  66.673""], ["" 125.283"", "" 130.264"", ""  64.279""], ["" 124.022"", "" 129.704"", ""  66.267""], ["" 124.147"", "" 130.408"", ""  65.072""], ["" 131.153"", "" 124.123"", ""  75.252""], ["" 130.704"", "" 122.665"", ""  75.190""], ["" 130.885"", "" 121.926"", ""  74.017""], ["" 130.140"", "" 122.058"", ""  76.316""], ["" 130.491"", "" 120.591"", ""  73.967""], ["" 129.747"", "" 120.724"", ""  76.266""], ["" 129.918"", "" 119.991"", ""  75.089""], ["" 129.501"", "" 118.532"", ""  75.033""]]",[],RR21_Rahimova_2017
124,3374,RR22_Rahimova_2017,receptor_tmp,1,4,-8.44,-0.26375,0.0,0.0,17,189.98,-9.04,-8.85,-0.19,-9.04,0.0,-0.63,0.6,-0.63,39,7,0.0,0.0,0.0,11.047038,8.706006,5.791119,0.78010603,0.43758196,-0.44716507,148.77272,"82.304741, 243.227524, ","[["" 134.476"", "" 125.110"", ""  64.815""], ["" 133.289"", "" 125.063"", ""  64.503""], ["" 132.264"", "" 125.876"", ""  64.955""], ["" 132.569"", "" 123.869"", ""  63.335""], ["" 130.921"", "" 124.434"", ""  63.643""], ["" 130.936"", "" 125.728"", ""  64.444""], ["" 130.588"", "" 126.905"", ""  63.634""], ["" 129.194"", "" 127.197"", ""  63.487""], ["" 128.573"", "" 127.296"", ""  64.862""], ["" 127.495"", "" 128.126"", ""  65.185""], ["" 126.960"", "" 128.120"", ""  66.475""], ["" 127.488"", "" 127.271"", ""  67.448""], ["" 128.548"", "" 126.420"", ""  67.133""], ["" 129.082"", "" 126.427"", ""  65.845""], ["" 130.112"", "" 125.520"", ""  65.594""], ["" 129.262"", "" 128.376"", ""  62.537""], ["" 130.542"", "" 128.024"", ""  61.774""], ["" 131.253"", "" 127.184"", ""  62.428""], ["" 129.778"", "" 123.793"", ""  63.300""], ["" 132.427"", "" 126.556"", ""  65.682""], ["" 129.620"", "" 122.553"", ""  62.516""], ["" 130.414"", "" 121.415"", ""  62.711""], ["" 128.643"", "" 122.495"", ""  61.515""], ["" 130.207"", "" 120.277"", ""  61.930""], ["" 128.426"", "" 121.398"", ""  60.744""], ["" 129.204"", "" 120.309"", ""  60.961""], ["" 130.884"", "" 128.623"", ""  60.469""], ["" 130.859"", "" 127.849"", ""  59.299""], ["" 131.237"", "" 129.979"", ""  60.385""], ["" 131.181"", "" 128.420"", ""  58.071""], ["" 131.560"", "" 130.548"", ""  59.156""], ["" 131.530"", "" 129.766"", ""  58.004""]]",[],RR22_Rahimova_2017
125,3380,RR23_Rahimova_2017,receptor_tmp,1,3,-10.74,-0.2685,0.0,0.0,5,191.06,-12.23,-12.05,-0.18,-12.23,0.0,-1.45,1.49,-1.45,69,7,0.0,0.0,0.0,9.956998,10.987001,6.58621,-0.04551662,0.02913033,0.99853876,297.202789,"10.684761, 177.391815, 125.359573, 126.238037, 101.23436, ","[["" 129.702"", "" 126.217"", ""  65.311""], ["" 129.980"", "" 124.847"", ""  65.357""], ["" 129.801"", "" 124.043"", ""  64.230""], ["" 129.287"", "" 124.596"", ""  63.050""], ["" 129.089"", "" 124.013"", ""  61.779""], ["" 128.547"", "" 125.041"", ""  60.875""], ["" 128.760"", "" 126.376"", ""  61.570""], ["" 129.066"", "" 125.973"", ""  62.981""], ["" 129.265"", "" 126.779"", ""  64.102""], ["" 129.934"", "" 127.069"", ""  66.568""], ["" 129.224"", "" 125.291"", ""  70.531""], ["" 129.164"", "" 126.549"", ""  70.030""], ["" 129.552"", "" 124.284"", ""  69.901""], ["" 129.398"", "" 126.963"", ""  68.756""], ["" 129.853"", "" 126.284"", ""  67.782""], ["" 128.995"", "" 128.674"", ""  68.433""], ["" 129.028"", "" 128.318"", ""  66.667""], ["" 128.861"", "" 127.261"", ""  70.678""], ["" 127.579"", "" 128.165"", ""  66.158""], ["" 128.838"", "" 125.149"", ""  72.013""], ["" 130.059"", "" 125.250"", ""  72.843""], ["" 130.583"", "" 123.023"", ""  72.526""], ["" 130.833"", "" 124.125"", ""  73.024""], ["" 132.037"", "" 124.398"", ""  73.895""], ["" 130.314"", "" 126.505"", ""  73.379""], ["" 132.946"", "" 123.376"", ""  74.190""], ["" 132.240"", "" 125.684"", ""  74.401""], ["" 131.351"", "" 126.725"", ""  74.122""], ["" 134.055"", "" 123.649"", ""  74.994""], ["" 133.350"", "" 125.955"", ""  75.204""], ["" 134.255"", "" 124.935"", ""  75.500""], ["" 128.951"", "" 122.680"", ""  61.509""], ["" 127.855"", "" 122.129"", ""  61.387""], ["" 130.187"", "" 121.820"", ""  61.368""], ["" 131.450"", "" 122.422"", ""  61.392""], ["" 130.087"", "" 120.439"", ""  61.155""], ["" 132.599"", "" 121.649"", ""  61.245""], ["" 131.235"", "" 119.667"", ""  61.007""], ["" 132.493"", "" 120.270"", ""  61.061""], ["" 133.744"", "" 119.427"", ""  60.890""]]",[],RR23_Rahimova_2017
126,7961,RR24_Rahimova_2017,receptor_tmp,1,14,-10.56,-0.2346666666666667,0.0,0.0,6,187.5,-12.05,-12.02,-0.03,-12.05,0.0,-1.87,1.49,-1.87,79,11,0.0,0.0,0.0,7.943735,11.029617,7.134768,0.39360657,0.74511579,-0.53840164,191.235199,"22.473476, 207.005386, 323.356964, 168.136597, 67.90683, ","[["" 125.308"", "" 130.838"", ""  64.725""], ["" 126.315"", "" 129.986"", ""  65.118""], ["" 128.333"", "" 128.229"", ""  65.906""], ["" 127.026"", "" 128.049"", ""  66.369""], ["" 128.624"", "" 129.283"", ""  65.035""], ["" 126.018"", "" 128.923"", ""  65.973""], ["" 127.615"", "" 130.156"", ""  64.636""], ["" 129.443"", "" 127.274"", ""  66.362""], ["" 129.287"", "" 122.325"", ""  63.750""], ["" 129.547"", "" 123.416"", ""  64.260""], ["" 129.666"", "" 124.624"", ""  63.591""], ["" 129.567"", "" 123.529"", ""  65.616""], ["" 129.611"", "" 125.898"", ""  64.130""], ["" 129.504"", "" 124.730"", ""  66.246""], ["" 129.673"", "" 126.936"", ""  63.464""], ["" 129.496"", "" 125.921"", ""  65.592""], ["" 129.451"", "" 124.640"", ""  67.617""], ["" 129.392"", "" 125.764"", ""  68.404""], ["" 129.385"", "" 127.005"", ""  67.884""], ["" 129.329"", "" 125.811"", ""  69.855""], ["" 129.327"", "" 127.973"", ""  68.973""], ["" 129.287"", "" 127.155"", ""  70.203""], ["" 129.306"", "" 124.821"", ""  70.839""], ["" 129.316"", "" 129.196"", ""  68.841""], ["" 129.223"", "" 127.537"", ""  71.544""], ["" 129.240"", "" 125.198"", ""  72.183""], ["" 129.199"", "" 126.551"", ""  72.534""], ["" 129.741"", "" 124.551"", ""  62.117""], ["" 129.605"", "" 122.669"", ""  66.143""], ["" 129.458"", "" 123.727"", ""  68.050""], ["" 124.163"", "" 130.325"", ""  64.187""], ["" 123.310"", "" 129.677"", ""  64.802""], ["" 124.007"", "" 130.670"", ""  62.676""], ["" 122.543"", "" 130.771"", ""  62.226""], ["" 124.799"", "" 131.874"", ""  62.284""], ["" 124.290"", "" 133.134"", ""  62.132""], ["" 126.133"", "" 131.794"", ""  62.019""], ["" 125.443"", "" 133.977"", ""  61.728""], ["" 123.123"", "" 133.494"", ""  62.291""], ["" 126.548"", "" 133.173"", ""  61.661""], ["" 126.847"", "" 130.790"", ""  62.067""], ["" 125.523"", "" 135.340"", ""  61.438""], ["" 127.794"", "" 133.688"", ""  61.300""], ["" 126.764"", "" 135.875"", ""  61.075""], ["" 127.895"", "" 135.052"", ""  61.006""]]",[],RR24_Rahimova_2017
127,3552,RR24_Rahimova_2017-again1,receptor_tmp,1,10,-9.66,-0.2246511627906977,0.0,0.0,9,189.01,-11.15,-9.62,-1.53,-11.15,0.0,-1.61,1.49,-1.61,62,7,0.0,0.0,0.0,11.124902,8.753325,12.776638,0.60637412,0.74515156,-0.27759607,118.657951,"332.675079, 55.006588, 33.654026, 158.740799, 333.162231, ","[["" 129.467"", "" 127.756"", ""  67.842""], ["" 129.340"", "" 127.262"", ""  69.119""], ["" 129.037"", "" 126.286"", ""  71.717""], ["" 129.350"", "" 127.632"", ""  71.504""], ["" 128.869"", "" 125.431"", ""  70.622""], ["" 129.497"", "" 128.120"", ""  70.209""], ["" 129.013"", "" 125.919"", ""  69.327""], ["" 128.874"", "" 125.743"", ""  73.143""], ["" 127.453"", "" 128.716"", ""  75.872""], ["" 126.610"", "" 128.322"", ""  74.834""], ["" 128.625"", "" 128.214"", ""  76.035""], ["" 126.973"", "" 127.358"", ""  73.914""], ["" 129.074"", "" 127.267"", ""  75.161""], ["" 126.249"", "" 126.963"", ""  72.994""], ["" 128.319"", "" 126.811"", ""  74.114""], ["" 130.338"", "" 126.838"", ""  75.442""], ["" 130.866"", "" 125.853"", ""  74.818""], ["" 130.213"", "" 125.200"", ""  73.695""], ["" 132.130"", "" 125.175"", ""  75.045""], ["" 131.005"", "" 124.174"", ""  73.311""], ["" 132.215"", "" 124.133"", ""  74.132""], ["" 133.157"", "" 125.386"", ""  75.969""], ["" 133.332"", "" 123.288"", ""  74.127""], ["" 134.273"", "" 124.547"", ""  75.966""], ["" 134.360"", "" 123.500"", ""  75.047""], ["" 127.152"", "" 129.572"", ""  76.721""], ["" 125.255"", "" 128.883"", ""  74.619""], ["" 130.745"", "" 123.362"", ""  72.344""], ["" 129.833"", "" 126.919"", ""  66.827""], ["" 130.491"", "" 125.880"", ""  66.959""], ["" 129.305"", "" 127.390"", ""  65.440""], ["" 129.310"", "" 126.281"", ""  64.379""], ["" 127.977"", "" 128.064"", ""  65.539""], ["" 127.029"", "" 127.796"", ""  66.488""], ["" 127.594"", "" 129.019"", ""  64.646""], ["" 125.896"", "" 128.704"", ""  66.177""], ["" 127.098"", "" 126.976"", ""  67.404""], ["" 126.234"", "" 129.435"", ""  65.072""], ["" 128.238"", "" 129.450"", ""  63.688""], ["" 124.662"", "" 128.875"", ""  66.808""], ["" 125.358"", "" 130.381"", ""  64.537""], ["" 123.770"", "" 129.819"", ""  66.287""], ["" 124.117"", "" 130.569"", ""  65.156""]]",[],RR24_Rahimova_2017-again1
128,3325,RR25_Rahimova_2017,receptor_tmp,1,4,-11.21,-0.2874358974358975,0.0,0.0,8,187.22,-12.71,-12.26,-0.44,-12.71,0.0,-0.75,1.49,-0.75,49,10,0.0,0.0,0.0,9.924167,12.291262,7.303854,0.72529402,-0.65022316,0.22618229,256.854736,"94.830254, 122.693024, 326.868896, 276.592346, 290.420746, ","[["" 126.016"", "" 128.739"", ""  66.537""], ["" 127.224"", "" 128.103"", ""  66.591""], ["" 128.378"", "" 128.502"", ""  65.757""], ["" 129.154"", "" 127.237"", ""  65.334""], ["" 129.543"", "" 126.435"", ""  66.497""], ["" 128.349"", "" 125.991"", ""  67.218""], ["" 127.507"", "" 127.188"", ""  67.721""], ["" 125.159"", "" 128.573"", ""  67.410""], ["" 125.584"", "" 129.594"", ""  65.310""], ["" 125.599"", "" 130.581"", ""  60.529""], ["" 124.383"", "" 131.254"", ""  60.725""], ["" 126.114"", "" 129.809"", ""  61.583""], ["" 123.706"", "" 131.166"", ""  61.939""], ["" 125.443"", "" 129.704"", ""  62.804""], ["" 124.241"", "" 130.404"", ""  62.976""], ["" 125.964"", "" 128.892"", ""  63.976""], ["" 123.512"", "" 130.353"", ""  64.151""], ["" 124.117"", "" 130.113"", ""  65.360""], ["" 123.430"", "" 130.316"", ""  66.362""], ["" 126.322"", "" 130.683"", ""  59.237""], ["" 125.997"", "" 129.933"", ""  58.321""], ["" 127.220"", "" 131.514"", ""  59.131""], ["" 130.395"", "" 125.302"", ""  66.109""], ["" 131.181"", "" 125.562"", ""  64.796""], ["" 131.261"", "" 124.417"", ""  63.842""], ["" 130.069"", "" 124.020"", ""  63.270""], ["" 132.522"", "" 123.892"", ""  63.657""], ["" 130.179"", "" 122.812"", ""  62.360""], ["" 128.991"", "" 124.583"", ""  63.485""], ["" 132.576"", "" 122.688"", ""  62.736""], ["" 133.532"", "" 124.348"", ""  64.206""], ["" 129.025"", "" 122.304"", ""  61.750""], ["" 131.416"", "" 122.165"", ""  62.108""], ["" 133.805"", "" 122.059"", ""  62.498""], ["" 129.086"", "" 121.191"", ""  60.914""], ["" 131.491"", "" 121.028"", ""  61.256""], ["" 133.889"", "" 120.946"", ""  61.663""], ["" 130.298"", "" 120.551"", ""  60.662""], ["" 132.754"", "" 120.425"", ""  61.045""]]",[],RR25_Rahimova_2017
129,3618,RR26_Rahimova_2017,receptor_tmp,1,19,-10.14,-0.26684210526315794,0.0,0.0,15,188.11,-11.33,-11.16,-0.17,-11.33,0.0,-1.23,1.19,-1.23,56,5,0.0,0.0,0.0,9.759664,10.335981,7.836134,0.42740558,-0.90195977,0.06158775,100.074753,"226.576553, 17.345903, 357.811279, 206.655426, ","[["" 127.843"", "" 127.832"", ""  62.159""], ["" 127.889"", "" 128.538"", ""  63.168""], ["" 128.250"", "" 128.170"", ""  64.534""], ["" 128.173"", "" 129.573"", ""  65.665""], ["" 128.601"", "" 126.896"", ""  64.818""], ["" 127.585"", "" 129.908"", ""  63.188""], ["" 127.675"", "" 130.576"", ""  64.352""], ["" 127.360"", "" 131.834"", ""  64.202""], ["" 127.086"", "" 131.896"", ""  62.902""], ["" 127.196"", "" 130.758"", ""  62.233""], ["" 128.995"", "" 126.340"", ""  66.102""], ["" 129.872"", "" 125.263"", ""  66.364""], ["" 128.547"", "" 126.698"", ""  67.365""], ["" 129.956"", "" 124.998"", ""  67.652""], ["" 129.161"", "" 125.879"", ""  68.278""], ["" 130.661"", "" 124.452"", ""  65.382""], ["" 130.151"", "" 123.240"", ""  64.891""], ["" 131.915"", "" 124.895"", ""  64.936""], ["" 130.880"", "" 122.475"", ""  63.979""], ["" 132.642"", "" 124.136"", ""  64.020""], ["" 132.130"", "" 122.917"", ""  63.551""], ["" 133.894"", "" 124.592"", ""  63.658""], ["" 132.795"", "" 122.154"", ""  62.612""], ["" 134.417"", "" 123.985"", ""  62.472""], ["" 134.191"", "" 122.454"", ""  62.500""], ["" 129.009"", "" 125.868"", ""  69.689""], ["" 129.599"", "" 124.862"", ""  70.467""], ["" 128.260"", "" 126.876"", ""  70.315""], ["" 129.440"", "" 124.862"", ""  71.850""], ["" 128.105"", "" 126.875"", ""  71.698""], ["" 128.694"", "" 125.867"", ""  72.460""], ["" 126.650"", "" 133.167"", ""  62.233""], ["" 127.608"", "" 134.182"", ""  62.080""], ["" 125.341"", "" 133.390"", ""  61.753""], ["" 127.285"", "" 135.385"", ""  61.457""], ["" 125.028"", "" 134.603"", ""  61.130""], ["" 125.995"", "" 135.595"", ""  60.978""], ["" 124.230"", "" 132.363"", ""  61.929""]]",[],RR26_Rahimova_2017
130,8212,RR27_Rahimova_2017,receptor_tmp,1,14,-9.64,-0.24100000000000002,0.0,0.0,1,188.08,-11.73,-11.69,-0.04,-11.73,0.0,-1.95,2.09,-1.95,63,6,0.0,0.0,0.0,10.70259,10.593501,7.29015,-0.82243447,-0.27275864,0.49920363,243.26239,"67.019295, 189.519241, 8.743363, 37.368893, 249.327118, 69.133057, 357.06134, ","[["" 129.378"", "" 125.150"", ""  68.827""], ["" 130.030"", "" 124.947"", ""  67.649""], ["" 129.501"", "" 125.475"", ""  66.506""], ["" 128.343"", "" 126.189"", ""  66.403""], ["" 127.728"", "" 126.380"", ""  67.573""], ["" 128.183"", "" 125.895"", ""  68.819""], ["" 127.306"", "" 126.279"", ""  69.791""], ["" 126.299"", "" 126.998"", ""  69.176""], ["" 126.556"", "" 127.063"", ""  67.852""], ["" 129.811"", "" 124.675"", ""  70.037""], ["" 129.229"", "" 124.005"", ""  70.403""], ["" 130.298"", "" 125.240"", ""  65.210""], ["" 130.161"", "" 123.805"", ""  64.609""], ["" 130.070"", "" 126.346"", ""  64.134""], ["" 130.885"", "" 123.654"", ""  63.253""], ["" 130.786"", "" 126.048"", ""  62.792""], ["" 130.358"", "" 124.706"", ""  62.369""], ["" 129.242"", "" 124.552"", ""  61.601""], ["" 128.704"", "" 125.513"", ""  61.043""], ["" 128.726"", "" 123.121"", ""  61.271""], ["" 129.861"", "" 122.110"", ""  61.024""], ["" 129.748"", "" 120.763"", ""  61.400""], ["" 131.038"", "" 122.551"", ""  60.408""], ["" 130.792"", "" 119.876"", ""  61.160""], ["" 132.083"", "" 121.664"", ""  60.168""], ["" 131.955"", "" 120.330"", ""  60.544""], ["" 127.631"", "" 123.145"", ""  60.187""], ["" 127.894"", "" 122.763"", ""  58.865""], ["" 126.347"", "" 123.588"", ""  60.530""], ["" 126.883"", "" 122.807"", ""  57.907""], ["" 125.337"", "" 123.632"", ""  59.574""], ["" 125.610"", "" 123.238"", ""  58.267""], ["" 125.634"", "" 127.749"", ""  66.950""], ["" 126.295"", "" 128.828"", ""  66.103""], ["" 125.616"", "" 129.383"", ""  65.012""], ["" 127.592"", "" 129.259"", ""  66.399""], ["" 126.229"", "" 130.358"", ""  64.224""], ["" 128.202"", "" 130.240"", ""  65.615""], ["" 127.520"", "" 130.791"", ""  64.531""], ["" 125.394"", "" 131.020"", ""  62.865""]]",[],RR27_Rahimova_2017
131,8179,RR27_Rahimova_2017-again1,receptor_tmp,1,19,-9.94,-0.2485,0.0,0.0,4,186.97,-11.73,-11.48,-0.24,-11.73,0.0,-2.33,1.79,-2.33,46,7,0.0,0.0,0.0,8.729369,12.439267,3.637759,0.96888522,-0.03842837,-0.24450909,143.368347,"216.819427, 202.335007, 22.555119, 293.231232, 205.079727, 22.052921, ","[["" 125.302"", "" 128.846"", ""  66.714""], ["" 125.627"", "" 129.003"", ""  65.540""], ["" 126.803"", "" 128.487"", ""  65.037""], ["" 127.299"", "" 128.591"", ""  63.741""], ["" 126.643"", "" 129.221"", ""  62.818""], ["" 125.459"", "" 129.768"", ""  63.210""], ["" 124.910"", "" 129.714"", ""  64.481""], ["" 123.757"", "" 130.359"", ""  64.513""], ["" 123.523"", "" 130.857"", ""  63.235""], ["" 124.553"", "" 130.474"", ""  62.462""], ["" 127.363"", "" 127.980"", ""  65.707""], ["" 128.649"", "" 127.936"", ""  63.429""], ["" 128.662"", "" 126.390"", ""  63.667""], ["" 129.242"", "" 128.424"", ""  62.069""], ["" 129.697"", "" 125.593"", ""  62.841""], ["" 130.224"", "" 127.455"", ""  61.366""], ["" 129.658"", "" 126.102"", ""  61.463""], ["" 128.774"", "" 125.664"", ""  60.519""], ["" 128.615"", "" 126.278"", ""  59.459""], ["" 128.084"", "" 124.276"", ""  60.677""], ["" 129.097"", "" 123.116"", ""  60.727""], ["" 128.715"", "" 121.807"", ""  61.059""], ["" 130.440"", "" 123.379"", ""  60.429""], ["" 129.659"", "" 120.785"", ""  61.092""], ["" 131.384"", "" 122.357"", ""  60.463""], ["" 130.990"", "" 121.065"", ""  60.795""], ["" 126.957"", "" 124.070"", ""  59.647""], ["" 125.671"", "" 124.588"", ""  59.856""], ["" 127.214"", "" 123.327"", ""  58.487""], ["" 124.662"", "" 124.371"", ""  58.920""], ["" 126.208"", "" 123.117"", ""  57.548""], ["" 124.936"", "" 123.638"", ""  57.769""], ["" 124.619"", "" 130.859"", ""  61.058""], ["" 125.812"", "" 131.745"", ""  60.730""], ["" 125.830"", "" 133.086"", ""  61.133""], ["" 126.900"", "" 131.224"", ""  60.022""], ["" 126.931"", "" 133.892"", ""  60.840""], ["" 127.999"", "" 132.032"", ""  59.728""], ["" 128.015"", "" 133.364"", ""  60.138""], ["" 126.953"", "" 135.540"", ""  61.349""]]",[],RR27_Rahimova_2017-again1
132,3632,RR28_Rahimova_2017,receptor_tmp,1,13,-9.02,-0.18791666666666665,0.0,0.0,1,185.75,-11.7,-11.8,0.1,-11.7,0.0,-1.97,2.68,-1.97,82,3,0.0,0.0,0.0,8.122519,13.331277,3.962987,0.74351196,-0.47645559,0.46923346,265.466461,"204.10463, 236.676468, 196.504791, 59.70137, 276.665771, 354.169434, 263.461578, 251.216339, 33.804264, ","[["" 124.693"", "" 130.087"", ""  63.950""], ["" 124.499"", "" 130.472"", ""  62.463""], ["" 123.875"", "" 129.703"", ""  61.729""], ["" 124.894"", "" 131.706"", ""  62.047""], ["" 124.767"", "" 132.089"", ""  60.631""], ["" 125.878"", "" 132.514"", ""  62.783""], ["" 126.127"", "" 131.762"", ""  59.964""], ["" 127.266"", "" 132.219"", ""  62.159""], ["" 127.340"", "" 132.511"", ""  60.624""], ["" 128.726"", "" 132.049"", ""  60.091""], ["" 128.998"", "" 132.136"", ""  58.717""], ["" 129.723"", "" 131.538"", ""  60.936""], ["" 130.226"", "" 131.728"", ""  58.204""], ["" 130.952"", "" 131.130"", ""  60.424""], ["" 131.211"", "" 131.223"", ""  59.054""], ["" 132.551"", "" 130.775"", ""  58.472""], ["" 132.946"", "" 131.548"", ""  57.457""], ["" 133.498"", "" 130.811"", ""  59.409""], ["" 132.438"", "" 129.525"", ""  58.023""], ["" 127.225"", "" 133.972"", ""  60.412""], ["" 127.339"", "" 134.959"", ""  61.324""], ["" 127.560"", "" 134.771"", ""  62.519""], ["" 127.064"", "" 134.248"", ""  59.455""], ["" 127.180"", "" 136.382"", ""  60.802""], ["" 125.598"", "" 128.854"", ""  64.220""], ["" 127.008"", "" 129.182"", ""  64.764""], ["" 127.235"", "" 129.161"", ""  66.108""], ["" 127.860"", "" 129.578"", ""  63.964""], ["" 126.397"", "" 128.419"", ""  67.057""], ["" 128.593"", "" 129.367"", ""  66.629""], ["" 126.937"", "" 126.972"", ""  67.086""], ["" 129.265"", "" 127.969"", ""  66.695""], ["" 128.457"", "" 126.847"", ""  67.455""], ["" 128.570"", "" 126.954"", ""  69.011""], ["" 129.324"", "" 127.950"", ""  69.652""], ["" 127.904"", "" 126.015"", ""  69.815""], ["" 129.399"", "" 128.011"", ""  71.041""], ["" 127.977"", "" 126.072"", ""  71.203""], ["" 128.723"", "" 127.074"", ""  71.826""], ["" 128.792"", "" 127.129"", ""  73.351""], ["" 128.431"", "" 128.335"", ""  73.795""], ["" 127.959"", "" 126.221"", ""  73.859""], ["" 130.019"", "" 126.874"", ""  73.809""], ["" 128.942"", "" 125.506"", ""  67.064""], ["" 129.396"", "" 125.105"", ""  65.860""], ["" 129.484"", "" 125.840"", ""  64.877""], ["" 128.885"", "" 124.807"", ""  67.789""], ["" 129.815"", "" 123.643"", ""  65.748""]]",[],RR28_Rahimova_2017
133,8147,RR29_Rahimova_2017,receptor_tmp,1,8,-6.97,-0.3030434782608696,0.0,0.0,4,190.31,-8.17,-6.18,-1.98,-8.17,0.0,-0.01,1.19,-0.01,36,11,0.0,0.0,0.0,10.742986,10.424122,10.828789,-0.89351723,-0.24711889,-0.37491226,137.249222,"298.372528, 1.320599, 142.811905, 249.729675, ","[["" 126.333"", "" 127.362"", ""  67.366""], ["" 127.817"", "" 127.083"", ""  67.173""], ["" 128.231"", "" 126.745"", ""  66.008""], ["" 128.639"", "" 127.270"", ""  68.467""], ["" 128.162"", "" 126.323"", ""  69.588""], ["" 128.902"", "" 126.557"", ""  70.896""], ["" 129.115"", "" 125.487"", ""  71.783""], ["" 129.375"", "" 127.845"", ""  71.215""], ["" 129.805"", "" 125.751"", ""  72.961""], ["" 130.059"", "" 128.084"", ""  72.416""], ["" 130.108"", "" 124.902"", ""  73.978""], ["" 130.260"", "" 127.003"", ""  73.266""], ["" 130.957"", "" 125.622"", ""  74.832""], ["" 130.862"", "" 126.978"", ""  74.485""], ["" 129.584"", "" 126.575"", ""  65.810""], ["" 130.285"", "" 125.527"", ""  66.271""], ["" 129.769"", "" 124.508"", ""  66.959""], ["" 131.586"", "" 125.499"", ""  66.024""], ["" 130.064"", "" 127.310"", ""  65.310""], ["" 130.257"", "" 123.625"", ""  67.003""], ["" 128.881"", "" 124.622"", ""  67.426""], ["" 132.078"", "" 126.354"", ""  65.806""], ["" 132.087"", "" 124.623"", ""  66.061""]]",[],RR29_Rahimova_2017
134,3818,RR29_Rahimova_2017-again1,receptor_tmp,1,9,-6.34,-0.28818181818181815,0.0,0.0,5,190.42,-7.53,-7.26,-0.27,-7.53,0.0,-0.42,1.19,-0.42,46,10,0.0,0.0,0.0,10.045531,12.991003,2.265627,-0.41677828,-0.58475606,0.69595705,223.701843,"29.834194, 97.710518, 186.563278, 18.058775, ","[["" 128.443"", "" 131.633"", ""  63.127""], ["" 129.354"", "" 131.679"", ""  61.909""], ["" 130.614"", "" 131.879"", ""  62.074""], ["" 128.611"", "" 131.448"", ""  60.579""], ["" 128.409"", "" 132.769"", ""  59.807""], ["" 127.251"", "" 133.588"", ""  60.359""], ["" 125.954"", "" 133.047"", ""  60.374""], ["" 127.481"", "" 134.886"", ""  60.854""], ["" 124.931"", "" 133.831"", ""  60.895""], ["" 126.429"", "" 135.659"", ""  61.365""], ["" 123.606"", "" 133.548"", ""  60.993""], ["" 125.159"", "" 135.092"", ""  61.372""], ["" 123.050"", "" 134.592"", ""  61.747""], ["" 123.985"", "" 135.637"", ""  61.783""], ["" 131.357"", "" 131.883"", ""  61.015""], ["" 131.981"", "" 130.799"", ""  60.729""], ["" 131.967"", "" 129.566"", ""  61.438""], ["" 132.810"", "" 130.710"", ""  59.590""], ["" 131.432"", "" 129.442"", ""  62.286""], ["" 132.496"", "" 128.761"", ""  61.138""], ["" 132.947"", "" 131.491"", ""  58.965""], ["" 133.312"", "" 129.869"", ""  59.349""]]",[],RR29_Rahimova_2017-again1
135,7955,RR2_Rahimova_2017,receptor_tmp,1,17,-10.31,-0.21040816326530612,0.0,0.0,3,187.39,-13.89,-13.38,-0.51,-13.89,0.0,-5.03,3.58,-5.03,68,12,0.0,0.0,0.0,14.583482,9.030024,5.7176,0.52939739,0.5215052,-0.66915673,130.464371,"151.311142, 159.186188, 358.081787, 97.598099, 19.965174, 108.049835, 181.717621, 272.24292, 274.440643, 78.393219, 126.510597, 338.995361, ","[["" 132.952"", "" 122.214"", ""  59.976""], ["" 132.867"", "" 122.931"", ""  61.589""], ["" 132.179"", "" 123.721"", ""  63.496""], ["" 133.490"", "" 123.669"", ""  63.539""], ["" 131.713"", "" 123.259"", ""  62.276""], ["" 133.928"", "" 123.183"", ""  62.315""], ["" 131.339"", "" 124.213"", ""  64.630""], ["" 129.775"", "" 125.148"", ""  66.753""], ["" 130.852"", "" 125.909"", ""  66.283""], ["" 129.491"", "" 123.918"", ""  66.160""], ["" 131.623"", "" 125.447"", ""  65.221""], ["" 130.266"", "" 123.451"", ""  65.102""], ["" 128.970"", "" 125.559"", ""  67.826""], ["" 128.419"", "" 124.856"", ""  68.296""], ["" 128.816"", "" 127.238"", ""  68.390""], ["" 130.148"", "" 127.837"", ""  68.243""], ["" 128.139"", "" 127.220"", ""  69.692""], ["" 127.754"", "" 128.040"", ""  67.191""], ["" 126.071"", "" 129.291"", ""  65.363""], ["" 127.455"", "" 129.431"", ""  65.244""], ["" 125.529"", "" 128.531"", ""  66.401""], ["" 128.299"", "" 128.803"", ""  66.156""], ["" 126.371"", "" 127.903"", ""  67.315""], ["" 125.152"", "" 129.989"", ""  64.376""], ["" 130.378"", "" 123.111"", ""  61.847""], ["" 129.938"", "" 121.884"", ""  61.349""], ["" 129.501"", "" 124.195"", ""  61.929""], ["" 128.618"", "" 121.743"", ""  60.932""], ["" 128.182"", "" 124.050"", ""  61.508""], ["" 127.731"", "" 122.818"", ""  61.005""], ["" 126.442"", "" 122.583"", ""  60.567""], ["" 125.619"", "" 123.687"", ""  60.202""], ["" 133.674"", "" 123.603"", ""  59.028""], ["" 132.799"", "" 124.862"", ""  58.952""], ["" 132.245"", "" 125.255"", ""  60.117""], ["" 132.661"", "" 125.446"", ""  57.873""], ["" 132.553"", "" 124.921"", ""  61.021""], ["" 131.643"", "" 126.508"", ""  60.170""], ["" 131.422"", "" 127.060"", ""  61.385""], ["" 131.663"", "" 126.490"", ""  62.455""], ["" 131.887"", "" 127.073"", ""  59.369""], ["" 130.858"", "" 128.467"", ""  61.380""], ["" 129.525"", "" 128.683"", ""  61.756""], ["" 131.637"", "" 129.572"", ""  61.003""], ["" 128.987"", "" 129.967"", ""  61.765""], ["" 131.096"", "" 130.855"", ""  61.011""], ["" 129.773"", "" 131.066"", ""  61.393""], ["" 129.326"", "" 132.374"", ""  61.374""], ["" 128.687"", "" 132.873"", ""  60.205""]]",[],RR2_Rahimova_2017
136,8417,RR30_Rahimova_2017,receptor_tmp,1,9,-6.46,-0.34,0.0,0.0,1,191.99,-7.95,-7.66,-0.29,-7.95,0.0,-0.44,1.49,-0.44,42,7,0.0,0.0,0.0,9.876722,9.634162,15.3037,-0.66634547,0.68708137,0.28965998,229.078079,"174.959641, 249.425598, 106.484833, 333.11322, 68.341377, ","[["" 129.167"", "" 126.842"", ""  71.804""], ["" 128.270"", "" 127.618"", ""  72.773""], ["" 128.724"", "" 128.606"", ""  73.353""], ["" 127.023"", "" 127.125"", ""  72.947""], ["" 126.774"", "" 126.290"", ""  72.437""], ["" 126.038"", "" 127.650"", ""  73.770""], ["" 124.819"", "" 127.201"", ""  73.967""], ["" 126.410"", "" 129.081"", ""  74.680""], ["" 124.106"", "" 127.987"", ""  74.865""], ["" 124.794"", "" 129.006"", ""  75.326""], ["" 124.233"", "" 130.005"", ""  76.311""], ["" 128.253"", "" 125.548"", ""  70.907""], ["" 129.105"", "" 124.117"", ""  71.489""], ["" 128.682"", "" 122.879"", ""  71.482""], ["" 130.339"", "" 124.250"", ""  72.038""], ["" 129.701"", "" 122.121"", ""  72.054""], ["" 130.648"", "" 122.970"", ""  72.367""], ["" 131.987"", "" 122.683"", ""  73.010""], ["" 132.315"", "" 123.673"", ""  74.137""]]",[],RR30_Rahimova_2017
137,3758,RR31_Rahimova_2017,receptor_tmp,1,15,-6.29,-0.2995238095238095,0.0,0.0,6,186.44,-7.78,-6.33,-1.45,-7.78,0.0,-1.26,1.49,-1.26,55,6,0.0,0.0,0.0,8.153129,5.169969,2.607723,0.35095694,0.72581826,-0.59162242,200.790909,"322.916412, 31.852419, 128.444031, 144.942993, 257.059479, ","[["" 125.313"", "" 124.587"", ""  59.725""], ["" 126.289"", "" 123.553"", ""  60.086""], ["" 128.970"", "" 122.335"", ""  60.366""], ["" 128.004"", "" 121.929"", ""  59.327""], ["" 128.271"", "" 123.020"", ""  61.472""], ["" 127.011"", "" 123.042"", ""  58.918""], ["" 127.281"", "" 124.111"", ""  61.005""], ["" 130.139"", "" 121.611"", ""  60.614""], ["" 132.566"", "" 121.564"", ""  60.931""], ["" 132.527"", "" 120.170"", ""  61.086""], ["" 131.377"", "" 122.265"", ""  60.695""], ["" 131.303"", "" 119.506"", ""  60.999""], ["" 130.127"", "" 120.215"", ""  60.763""], ["" 133.879"", "" 122.333"", ""  61.004""], ["" 133.793"", "" 119.364"", ""  61.350""], ["" 123.871"", "" 124.050"", ""  59.638""], ["" 123.367"", "" 123.511"", ""  60.986""], ["" 124.521"", "" 122.853"", ""  61.752""], ["" 124.984"", "" 122.174"", ""  61.165""], ["" 124.170"", "" 122.386"", ""  62.576""], ["" 125.194"", "" 123.551"", ""  62.035""]]",[],RR31_Rahimova_2017
138,3603,RR32_Rahimova_2017,receptor_tmp,1,20,-6.14,-0.3411111111111111,0.0,0.0,4,185.09,-6.44,-6.37,-0.07,-6.44,0.0,-0.31,0.3,-0.31,39,1,0.0,0.0,0.0,8.443487,5.419923,3.253144,-0.95902352,0.2817389,-0.02995129,238.749084,"134.131409, ","[["" 126.946"", "" 124.833"", ""  57.297""], ["" 126.906"", "" 124.039"", ""  58.598""], ["" 128.094"", "" 123.470"", ""  59.061""], ["" 128.096"", "" 122.741"", ""  60.247""], ["" 126.976"", "" 122.549"", ""  60.990""], ["" 125.802"", "" 123.089"", ""  60.564""], ["" 124.650"", "" 122.870"", ""  61.358""], ["" 123.423"", "" 123.398"", ""  60.971""], ["" 123.313"", "" 124.144"", ""  59.804""], ["" 124.426"", "" 124.377"", ""  59.001""], ["" 125.703"", "" 123.856"", ""  59.357""], ["" 129.276"", "" 122.179"", ""  60.702""], ["" 129.382"", "" 120.709"", ""  60.665""], ["" 130.535"", "" 122.761"", ""  60.198""], ["" 130.656"", "" 120.171"", ""  61.359""], ["" 131.793"", "" 122.192"", ""  60.895""], ["" 131.850"", "" 120.741"", ""  60.735""], ["" 133.052"", "" 120.209"", ""  61.368""]]",[],RR32_Rahimova_2017
139,8284,RR32_Rahimova_2017-again1,receptor_tmp,1,8,-6.34,-0.3336842105263158,0.0,0.0,5,185.96,-6.64,-5.29,-1.35,-6.64,0.0,-0.32,0.3,-0.32,33,2,0.0,0.0,0.0,8.938433,5.503635,2.949095,-0.05983417,-0.10134834,0.99305004,140.01915,"306.573242, ","[["" 131.944"", "" 124.082"", ""  59.656""], ["" 130.672"", "" 123.380"", ""  60.110""], ["" 129.484"", "" 124.097"", ""  60.248""], ["" 128.315"", "" 123.449"", ""  60.661""], ["" 128.311"", "" 122.121"", ""  60.963""], ["" 129.454"", "" 121.395"", ""  60.835""], ["" 129.409"", "" 120.014"", ""  61.142""], ["" 130.554"", "" 119.232"", ""  61.022""], ["" 131.754"", "" 119.796"", ""  60.602""], ["" 131.831"", "" 121.152"", ""  60.294""], ["" 130.681"", "" 121.983"", ""  60.403""], ["" 127.115"", "" 124.150"", ""  60.817""], ["" 127.098"", "" 125.625"", ""  60.754""], ["" 125.834"", "" 123.674"", ""  60.250""], ["" 126.965"", "" 126.157"", ""  59.307""], ["" 125.620"", "" 124.109"", ""  58.781""], ["" 125.634"", "" 125.650"", ""  58.718""], ["" 125.457"", "" 126.138"", ""  57.267""], ["" 124.878"", "" 126.001"", ""  59.288""]]",[],RR32_Rahimova_2017-again1
140,3548,RR32_Rahimova_2017-again2,receptor_tmp,1,17,-6.89,-0.3445,0.0,0.0,12,193.25,-7.18,-4.93,-2.25,-7.18,0.0,0.2,0.3,0.2,31,2,0.0,0.0,0.0,10.25018,15.366763,4.686308,0.45096682,0.4996961,0.73954901,209.683945,"171.299225, ","[["" 128.558"", "" 132.170"", ""  58.250""], ["" 129.174"", "" 132.008"", ""  59.633""], ["" 128.413"", "" 132.268"", ""  60.776""], ["" 128.964"", "" 132.130"", ""  62.057""], ["" 130.249"", "" 131.732"", ""  62.151""], ["" 131.073"", "" 131.453"", ""  61.085""], ["" 132.409"", "" 131.043"", ""  61.296""], ["" 133.214"", "" 130.765"", ""  60.194""], ["" 132.713"", "" 130.891"", ""  58.900""], ["" 131.397"", "" 131.295"", ""  58.678""], ["" 130.535"", "" 131.590"", ""  59.772""], ["" 130.634"", "" 131.624"", ""  63.077""], ["" 128.218"", "" 132.371"", ""  63.266""], ["" 126.731"", "" 132.374"", ""  63.257""], ["" 128.669"", "" 131.881"", ""  64.594""], ["" 126.177"", "" 130.933"", ""  63.414""], ["" 128.224"", "" 130.412"", ""  64.823""], ["" 126.680"", "" 130.330"", ""  64.748""], ["" 126.197"", "" 128.876"", ""  64.913""], ["" 126.305"", "" 130.891"", ""  65.501""]]",[],RR32_Rahimova_2017-again2
141,9466,RR33_Rahimova_2017,receptor_tmp,2,14,-5.22,-0.27473684210526317,0.0,0.0,12,189.16,-6.71,-6.13,-0.58,-6.71,0.0,-1.09,1.49,-1.09,23,4,0.0,0.0,0.0,9.673334,9.20354,11.650351,0.34513562,-0.86265727,-0.36973483,272.85498,"269.344055, 170.508774, 275.325226, 283.104034, 189.305267, ","[["" 128.265"", "" 125.916"", ""  72.378""], ["" 127.623"", "" 126.898"", ""  71.625""], ["" 127.846"", "" 126.998"", ""  70.254""], ["" 128.720"", "" 126.113"", ""  69.615""], ["" 129.369"", "" 125.130"", ""  70.368""], ["" 129.145"", "" 125.029"", ""  71.739""], ["" 127.979"", "" 125.892"", ""  73.730""], ["" 127.243"", "" 126.966"", ""  74.308""], ["" 125.750"", "" 126.630"", ""  74.246""], ["" 128.959"", "" 126.221"", ""  68.143""], ["" 129.595"", "" 125.370"", ""  67.369""], ["" 128.483"", "" 127.308"", ""  67.482""], ["" 129.544"", "" 125.896"", ""  66.155""], ["" 128.857"", "" 127.103"", ""  66.198""], ["" 128.466"", "" 128.152"", ""  65.186""], ["" 130.169"", "" 125.187"", ""  64.973""], ["" 130.704"", "" 123.894"", ""  65.374""], ["" 129.766"", "" 122.830"", ""  65.059""], ["" 130.872"", "" 123.899"", ""  66.371""]]",[],RR33_Rahimova_2017
142,8176,RR33_Rahimova_2017-again1,receptor_tmp,1,5,-6.13,-0.3065,0.0,0.0,14,189.73,-7.62,-5.58,-2.04,-7.62,0.0,-1.02,1.49,-1.02,21,6,0.0,0.0,0.0,10.227698,8.734542,11.509459,-0.3543121,0.88378258,0.30559989,83.119102,"270.949036, 171.319733, 291.586273, 41.968182, 177.048584, ","[["" 128.267"", "" 125.918"", ""  72.287""], ["" 127.650"", "" 126.916"", ""  71.533""], ["" 127.889"", "" 127.023"", ""  70.165""], ["" 128.753"", "" 126.127"", ""  69.529""], ["" 129.375"", "" 125.124"", ""  70.282""], ["" 129.135"", "" 125.019"", ""  71.649""], ["" 127.969"", "" 125.892"", ""  73.636""], ["" 127.236"", "" 126.969"", ""  74.212""], ["" 125.744"", "" 126.628"", ""  74.170""], ["" 129.014"", "" 126.239"", ""  68.061""], ["" 128.439"", "" 127.054"", ""  67.204""], ["" 129.940"", "" 125.423"", ""  67.497""], ["" 128.997"", "" 126.785"", ""  66.033""], ["" 129.933"", "" 125.769"", ""  66.188""], ["" 130.873"", "" 125.025"", ""  65.273""], ["" 128.579"", "" 127.524"", ""  64.777""], ["" 127.184"", "" 128.133"", ""  64.992""], ["" 127.191"", "" 129.665"", ""  65.091""], ["" 126.586"", "" 127.857"", ""  64.227""], ["" 126.794"", "" 127.753"", ""  65.844""]]",[],RR33_Rahimova_2017-again1
143,4293,RR3_Rahimova_2017,receptor_tmp,1,18,-10.36,-0.259,0.0,0.0,17,184.66,-11.85,-11.85,0.0,-11.85,0.0,-1.66,1.49,-1.66,74,3,0.0,0.0,0.0,9.011232,9.375683,9.595805,0.85311284,-0.24451356,0.46088133,202.238022,"348.983826, 74.174454, 339.869385, 345.440186, 173.854706, ","[["" 128.211"", "" 127.030"", ""  67.741""], ["" 128.844"", "" 125.804"", ""  67.473""], ["" 129.295"", "" 125.403"", ""  68.705""], ["" 128.962"", "" 126.374"", ""  69.608""], ["" 128.314"", "" 127.354"", ""  69.025""], ["" 129.808"", "" 124.556"", ""  68.903""], ["" 127.474"", "" 127.930"", ""  66.798""], ["" 126.079"", "" 129.619"", ""  65.027""], ["" 127.466"", "" 129.451"", ""  64.916""], ["" 125.406"", "" 128.933"", ""  66.047""], ["" 128.157"", "" 128.619"", ""  65.793""], ["" 126.095"", "" 128.101"", ""  66.925""], ["" 125.334"", "" 130.510"", ""  64.083""], ["" 124.106"", "" 130.111"", ""  63.535""], ["" 125.848"", "" 131.765"", ""  63.724""], ["" 123.412"", "" 130.938"", ""  62.657""], ["" 125.157"", "" 132.596"", ""  62.847""], ["" 123.941"", "" 132.179"", ""  62.316""], ["" 129.082"", "" 125.017"", ""  66.227""], ["" 129.020"", "" 125.643"", ""  64.981""], ["" 129.377"", "" 123.654"", ""  66.294""], ["" 129.228"", "" 124.911"", ""  63.817""], ["" 129.585"", "" 122.924"", ""  65.127""], ["" 129.508"", "" 123.537"", ""  63.869""], ["" 129.712"", "" 122.749"", ""  62.614""], ["" 130.853"", "" 121.950"", ""  62.444""], ["" 128.764"", "" 122.788"", ""  61.581""], ["" 131.041"", "" 121.212"", ""  61.277""], ["" 128.948"", "" 122.051"", ""  60.414""], ["" 130.086"", "" 121.266"", ""  60.266""], ["" 129.298"", "" 126.315"", ""  71.028""], ["" 129.056"", "" 127.310"", ""  71.960""], ["" 129.933"", "" 125.240"", ""  71.755""], ["" 129.493"", "" 126.915"", ""  73.197""], ["" 130.038"", "" 125.652"", ""  73.121""], ["" 130.424"", "" 123.969"", ""  71.404""], ["" 130.607"", "" 124.841"", ""  74.109""], ["" 130.991"", "" 123.163"", ""  72.389""], ["" 131.079"", "" 123.592"", ""  73.709""], ["" 129.406"", "" 127.499"", ""  74.015""]]",[],RR3_Rahimova_2017
144,3262,RR4_Rahimova_2017,receptor_tmp,1,18,-10.44,-0.2546341463414634,0.0,0.0,1,186.91,-12.82,-13.04,0.21,-12.82,0.0,-1.36,2.39,-1.36,74,9,0.0,0.0,0.0,9.440101,10.861532,12.879171,0.29922687,-0.85632219,-0.4209223,249.412872,"171.221695, 12.799869, 255.083221, 87.462151, 79.981621, 127.163895, 9.040434, 6.29084, ","[["" 129.130"", "" 125.875"", ""  72.520""], ["" 128.351"", "" 126.617"", ""  73.418""], ["" 127.193"", "" 127.271"", ""  72.985""], ["" 126.816"", "" 127.219"", ""  71.682""], ["" 127.568"", "" 126.535"", ""  70.787""], ["" 128.733"", "" 125.827"", ""  71.162""], ["" 129.511"", "" 125.064"", ""  70.181""], ["" 130.125"", "" 124.462"", ""  69.407""], ["" 130.337"", "" 125.181"", ""  73.061""], ["" 132.598"", "" 123.884"", ""  74.113""], ["" 132.343"", "" 125.220"", ""  74.420""], ["" 131.711"", "" 123.194"", ""  73.273""], ["" 131.221"", "" 125.863"", ""  73.903""], ["" 130.590"", "" 123.839"", ""  72.757""], ["" 133.734"", "" 123.329"", ""  74.673""], ["" 134.656"", "" 124.174"", ""  75.354""], ["" 126.320"", "" 128.075"", ""  73.905""], ["" 126.795"", "" 129.252"", ""  74.503""], ["" 125.008"", "" 127.673"", ""  74.200""], ["" 125.988"", "" 130.000"", ""  75.356""], ["" 124.199"", "" 128.419"", ""  75.052""], ["" 124.686"", "" 129.595"", ""  75.639""], ["" 123.959"", "" 130.398"", ""  76.497""], ["" 123.437"", "" 131.632"", ""  76.017""], ["" 126.929"", "" 126.597"", ""  69.127""], ["" 128.319"", "" 126.981"", ""  68.010""], ["" 128.095"", "" 128.204"", ""  67.110""], ["" 127.208"", "" 128.013"", ""  66.106""], ["" 128.688"", "" 129.262"", ""  67.332""], ["" 126.793"", "" 127.095"", ""  66.037""], ["" 126.795"", "" 128.920"", ""  65.127""], ["" 125.581"", "" 129.625"", ""  65.119""], ["" 127.759"", "" 129.312"", ""  63.729""], ["" 124.561"", "" 129.492"", ""  66.154""], ["" 125.453"", "" 130.488"", ""  64.003""], ["" 126.559"", "" 130.421"", ""  63.142""], ["" 123.751"", "" 129.387"", ""  66.975""], ["" 124.240"", "" 131.370"", ""  63.685""], ["" 126.695"", "" 131.158"", ""  61.816""], ["" 124.249"", "" 131.795"", ""  62.199""], ["" 125.637"", "" 132.279"", ""  61.743""]]",[],RR4_Rahimova_2017
145,8242,RR5_Rahimova_2017,receptor_tmp,1,16,-10.47,-0.218125,0.0,0.0,2,183.84,-14.05,-13.43,-0.62,-14.05,0.0,-4.17,3.58,-4.17,59,7,0.0,0.0,0.0,6.670142,8.597631,5.617169,0.61895878,-0.60212372,-0.50431841,271.499054,"85.118675, 228.008224, 258.145508, 339.391052, 207.742981, 211.382996, 52.637093, 0.567343, 331.716034, 354.906342, 221.78653, 156.153641, ","[["" 126.116"", "" 124.692"", ""  59.535""], ["" 126.636"", "" 123.454"", ""  60.349""], ["" 128.107"", "" 123.093"", ""  60.067""], ["" 128.393"", "" 122.446"", ""  59.060""], ["" 128.997"", "" 123.503"", ""  60.998""], ["" 128.603"", "" 124.106"", ""  61.706""], ["" 130.479"", "" 123.375"", ""  61.130""], ["" 130.748"", "" 124.088"", ""  62.498""], ["" 131.888"", "" 124.885"", ""  62.697""], ["" 129.844"", "" 123.948"", ""  63.570""], ["" 132.116"", "" 125.516"", ""  63.917""], ["" 130.077"", "" 124.569"", ""  64.793""], ["" 131.214"", "" 125.351"", ""  64.963""], ["" 130.813"", "" 121.846"", ""  61.173""], ["" 129.805"", "" 120.870"", ""  61.176""], ["" 132.153"", "" 121.421"", ""  61.219""], ["" 130.125"", "" 119.515"", ""  61.234""], ["" 132.475"", "" 120.069"", ""  61.285""], ["" 131.457"", "" 119.121"", ""  61.291""], ["" 131.092"", "" 124.144"", ""  59.912""], ["" 130.357"", "" 125.135"", ""  59.236""], ["" 132.399"", "" 123.880"", ""  59.462""], ["" 130.894"", "" 125.816"", ""  58.148""], ["" 132.939"", "" 124.559"", ""  58.373""], ["" 132.182"", "" 125.523"", ""  57.718""], ["" 125.959"", "" 125.933"", ""  60.321""], ["" 127.026"", "" 126.505"", ""  60.998""], ["" 128.195"", "" 126.109"", ""  61.000""], ["" 125.024"", "" 126.268"", ""  60.503""], ["" 126.574"", "" 127.573"", ""  61.679""], ["" 127.197"", "" 128.004"", ""  62.885""], ["" 126.681"", "" 129.399"", ""  63.301""], ["" 125.651"", "" 129.977"", ""  62.347""], ["" 125.922"", "" 129.408"", ""  64.614""], ["" 125.756"", "" 130.240"", ""  60.978""], ["" 124.454"", "" 130.239"", ""  63.013""], ["" 124.624"", "" 129.885"", ""  64.432""], ["" 126.346"", "" 129.024"", ""  65.889""], ["" 124.661"", "" 130.758"", ""  60.283""], ["" 123.358"", "" 130.756"", ""  62.321""], ["" 123.742"", "" 129.968"", ""  65.512""], ["" 125.470"", "" 129.109"", ""  66.971""], ["" 123.464"", "" 131.016"", ""  60.953""], ["" 124.169"", "" 129.580"", ""  66.782""], ["" 124.785"", "" 124.358"", ""  58.817""], ["" 124.700"", "" 123.896"", ""  57.697""], ["" 123.734"", "" 124.643"", ""  59.642""], ["" 123.854"", "" 125.471"", ""  60.111""]]",[],RR5_Rahimova_2017
146,3588,RR5_Rahimova_2017-again1,receptor_tmp,1,15,-8.74,-0.18595744680851065,0.0,0.0,5,187.8,-12.02,-12.55,0.53,-12.02,0.0,-4.28,3.28,-4.28,72,7,0.0,0.0,0.0,7.098734,13.444478,8.12982,-0.92879405,0.29122061,0.22919897,159.51445,"207.289658, 260.688782, 338.556061, 93.321991, 33.428249, 104.436089, 17.457916, 63.756649, 155.459671, 297.353638, 226.27475, ","[["" 125.526"", "" 129.637"", ""  65.558""], ["" 124.367"", "" 130.107"", ""  64.620""], ["" 124.757"", "" 131.025"", ""  63.443""], ["" 124.151"", "" 132.086"", ""  63.291""], ["" 125.666"", "" 130.566"", ""  62.555""], ["" 126.145"", "" 129.716"", ""  62.813""], ["" 126.210"", "" 131.218"", ""  61.336""], ["" 125.220"", "" 131.034"", ""  60.142""], ["" 123.864"", "" 131.383"", ""  60.268""], ["" 125.664"", "" 130.535"", ""  58.904""], ["" 122.982"", "" 131.232"", ""  59.202""], ["" 124.784"", "" 130.384"", ""  57.836""], ["" 123.446"", "" 130.733"", ""  57.990""], ["" 126.387"", "" 132.767"", ""  61.432""], ["" 127.265"", "" 133.337"", ""  62.370""], ["" 125.684"", "" 133.630"", ""  60.574""], ["" 127.424"", "" 134.717"", ""  62.459""], ["" 125.840"", "" 135.010"", ""  60.660""], ["" 126.709"", "" 135.549"", ""  61.604""], ["" 127.553"", "" 130.457"", ""  61.062""], ["" 128.791"", "" 131.124"", ""  61.048""], ["" 127.552"", "" 129.064"", ""  60.876""], ["" 129.976"", "" 130.432"", ""  60.821""], ["" 128.736"", "" 128.368"", ""  60.650""], ["" 129.944"", "" 129.057"", ""  60.618""], ["" 126.535"", "" 128.913"", ""  64.756""], ["" 127.678"", "" 129.544"", ""  64.278""], ["" 127.979"", "" 130.732"", ""  64.430""], ["" 126.416"", "" 127.920"", ""  64.611""], ["" 128.422"", "" 128.642"", ""  63.611""], ["" 128.274"", "" 127.247"", ""  63.855""], ["" 129.509"", "" 126.705"", ""  64.600""], ["" 129.365"", "" 126.731"", ""  66.111""], ["" 129.751"", "" 125.232"", ""  64.338""], ["" 129.146"", "" 127.813"", ""  66.967""], ["" 129.475"", "" 125.443"", ""  66.637""], ["" 129.718"", "" 124.506"", ""  65.529""], ["" 129.986"", "" 124.571"", ""  63.129""], ["" 129.029"", "" 127.601"", ""  68.343""], ["" 129.360"", "" 125.228"", ""  68.012""], ["" 129.910"", "" 123.123"", ""  65.521""], ["" 130.179"", "" 123.188"", ""  63.117""], ["" 129.136"", "" 126.311"", ""  68.864""], ["" 130.141"", "" 122.466"", ""  64.311""], ["" 124.995"", "" 128.763"", ""  66.765""], ["" 125.644"", "" 127.709"", ""  66.964""], ["" 124.023"", "" 129.221"", ""  67.412""]]",[],RR5_Rahimova_2017-again1
147,3429,RR6_Rahimova_2017,receptor_tmp,1,3,-8.32,-0.21333333333333335,0.0,0.0,9,189.12,-11.0,-10.63,-0.37,-11.0,0.0,-3.07,2.68,-3.07,40,3,0.0,0.0,0.0,7.990347,10.190221,3.261811,-0.59587316,0.58812819,-0.54684587,309.641876,"175.9888, 100.134361, 135.235138, 139.558807, 255.657364, 330.1539, 88.074455, 320.849579, 38.976952, ","[["" 130.897"", "" 127.855"", ""  61.728""], ["" 130.074"", "" 126.501"", ""  62.632""], ["" 129.052"", "" 127.262"", ""  63.876""], ["" 127.283"", "" 128.759"", ""  64.239""], ["" 127.340"", "" 128.517"", ""  65.616""], ["" 128.139"", "" 128.137"", ""  63.390""], ["" 128.279"", "" 127.619"", ""  66.144""], ["" 129.169"", "" 126.974"", ""  65.251""], ["" 130.194"", "" 126.045"", ""  65.740""], ["" 131.001"", "" 125.311"", ""  66.125""], ["" 126.264"", "" 129.665"", ""  63.614""], ["" 124.367"", "" 131.380"", ""  62.442""], ["" 125.008"", "" 130.412"", ""  61.669""], ["" 124.669"", "" 131.497"", ""  63.797""], ["" 125.945"", "" 129.563"", ""  62.251""], ["" 125.604"", "" 130.645"", ""  64.374""], ["" 123.354"", "" 132.310"", ""  61.800""], ["" 128.272"", "" 127.394"", ""  67.620""], ["" 127.294"", "" 126.582"", ""  68.203""], ["" 129.252"", "" 127.963"", ""  68.438""], ["" 127.289"", "" 126.354"", ""  69.577""], ["" 129.251"", "" 127.738"", ""  69.812""], ["" 128.264"", "" 126.926"", ""  70.392""], ["" 128.183"", "" 126.643"", ""  71.742""], ["" 127.255"", "" 127.363"", ""  72.547""], ["" 129.927"", "" 128.902"", ""  61.170""], ["" 130.010"", "" 130.130"", ""  61.730""], ["" 129.119"", "" 128.565"", ""  60.306""], ["" 130.669"", "" 130.229"", ""  62.487""], ["" 129.226"", "" 131.273"", ""  61.490""], ["" 129.010"", "" 131.844"", ""  60.226""], ["" 128.632"", "" 131.849"", ""  62.613""], ["" 128.190"", "" 132.963"", ""  60.096""], ["" 127.811"", "" 132.966"", ""  62.480""], ["" 127.577"", "" 133.534"", ""  61.221""], ["" 126.681"", "" 134.735"", ""  61.115""], ["" 127.088"", "" 135.896"", ""  61.228""], ["" 125.382"", "" 134.417"", ""  60.885""], ["" 124.331"", "" 135.254"", ""  61.348""]]",[],RR6_Rahimova_2017
148,3698,RR7_Rahimova_2017,receptor_tmp,1,12,-9.5,-0.19387755102040816,0.0,0.0,1,189.63,-12.78,-12.43,-0.35,-12.78,0.0,-2.72,3.28,-2.72,72,9,0.0,0.0,0.0,8.314865,6.977556,7.297062,-0.72056012,-0.58726138,0.36866946,216.859833,"160.957947, 262.055115, 26.389017, 36.321064, 302.476532, 225.646194, 174.764481, 138.834427, 15.675374, 64.307312, 26.813009, ","[["" 128.740"", "" 126.368"", ""  63.895""], ["" 130.015"", "" 125.864"", ""  64.590""], ["" 130.098"", "" 124.341"", ""  64.768""], ["" 129.508"", "" 124.110"", ""  66.149""], ["" 130.021"", "" 125.349"", ""  66.873""], ["" 129.988"", "" 126.373"", ""  65.921""], ["" 131.426"", "" 123.856"", ""  64.670""], ["" 131.721"", "" 123.593"", ""  65.545""], ["" 129.257"", "" 125.732"", ""  68.045""], ["" 129.405"", "" 125.254"", ""  69.338""], ["" 128.311"", "" 126.736"", ""  68.156""], ["" 130.225"", "" 124.305"", ""  69.808""], ["" 128.474"", "" 125.986"", ""  70.119""], ["" 127.804"", "" 126.900"", ""  69.352""], ["" 130.077"", "" 124.084"", ""  71.142""], ["" 128.402"", "" 125.672"", ""  71.490""], ["" 129.222"", "" 124.703"", ""  71.997""], ["" 127.485"", "" 126.374"", ""  72.296""], ["" 127.530"", "" 126.611"", ""  73.629""], ["" 128.424"", "" 126.208"", ""  74.376""], ["" 126.688"", "" 126.742"", ""  71.799""], ["" 126.368"", "" 127.401"", ""  74.193""], ["" 125.063"", "" 126.902"", ""  74.064""], ["" 126.566"", "" 128.623"", ""  74.858""], ["" 123.981"", "" 127.609"", ""  74.580""], ["" 125.482"", "" 129.328"", ""  75.376""], ["" 124.194"", "" 128.818"", ""  75.234""], ["" 129.110"", "" 127.132"", ""  62.742""], ["" 128.352"", "" 128.309"", ""  62.380""], ["" 127.530"", "" 127.947"", ""  61.115""], ["" 127.167"", "" 126.614"", ""  60.863""], ["" 127.146"", "" 128.935"", ""  60.192""], ["" 126.442"", "" 126.276"", ""  59.726""], ["" 126.419"", "" 128.597"", ""  59.054""], ["" 126.071"", "" 127.270"", ""  58.825""], ["" 127.444"", "" 128.640"", ""  63.605""], ["" 126.046"", "" 128.687"", ""  63.498""], ["" 128.028"", "" 128.956"", ""  64.840""], ["" 125.259"", "" 129.013"", ""  64.598""], ["" 127.241"", "" 129.284"", ""  65.940""], ["" 125.844"", "" 129.313"", ""  65.827""], ["" 124.983"", "" 129.631"", ""  66.859""], ["" 123.586"", "" 129.719"", ""  66.596""], ["" 129.327"", "" 129.437"", ""  61.936""], ["" 128.991"", "" 130.785"", ""  62.136""], ["" 130.542"", "" 129.135"", ""  61.299""], ["" 129.852"", "" 131.801"", ""  61.734""], ["" 131.404"", "" 130.150"", ""  60.896""], ["" 131.058"", "" 131.479"", ""  61.116""]]",[],RR7_Rahimova_2017
149,3872,RR8_A_Rahimova_2017,receptor_tmp,1,14,-10.09,-0.24023809523809522,0.0,0.0,3,188.3,-14.27,-13.58,-0.69,-14.27,0.0,-3.52,4.18,-3.52,61,5,0.0,0.0,0.0,10.771947,8.636282,8.647498,-0.93373388,-0.29613116,-0.20111533,313.776245,"279.941925, 203.866486, 317.786133, 257.396454, 42.777065, 50.878204, 72.658829, 76.963951, 8.516658, 132.023865, 355.952698, 49.17313, 295.960907, 82.022728, ","[["" 130.201"", "" 126.612"", ""  66.082""], ["" 129.468"", "" 126.073"", ""  64.861""], ["" 130.661"", "" 125.715"", ""  63.994""], ["" 131.674"", "" 125.153"", ""  65.001""], ["" 131.310"", "" 125.774"", ""  66.231""], ["" 129.346"", "" 126.540"", ""  67.190""], ["" 129.347"", "" 125.380"", ""  67.916""], ["" 129.353"", "" 124.247"", ""  67.422""], ["" 129.327"", "" 125.624"", ""  69.397""], ["" 129.739"", "" 124.647"", ""  70.316""], ["" 128.880"", "" 126.860"", ""  69.884""], ["" 129.708"", "" 124.904"", ""  71.684""], ["" 128.849"", "" 127.114"", ""  71.251""], ["" 129.263"", "" 126.141"", ""  72.169""], ["" 129.232"", "" 126.413"", ""  73.626""], ["" 130.181"", "" 127.002"", ""  74.135""], ["" 128.257"", "" 126.042"", ""  74.273""], ["" 128.647"", "" 127.040"", ""  64.212""], ["" 128.619"", "" 128.329"", ""  64.815""], ["" 127.212"", "" 128.645"", ""  65.298""], ["" 126.793"", "" 128.228"", ""  66.567""], ["" 126.341"", "" 129.370"", ""  64.479""], ["" 125.508"", "" 128.528"", ""  67.009""], ["" 125.054"", "" 129.669"", ""  64.922""], ["" 124.644"", "" 129.246"", ""  66.184""], ["" 130.220"", "" 124.749"", ""  63.043""], ["" 129.634"", "" 123.571"", ""  63.586""], ["" 129.688"", "" 122.445"", ""  62.563""], ["" 128.975"", "" 122.562"", ""  61.366""], ["" 130.427"", "" 121.287"", ""  62.825""], ["" 129.012"", "" 121.532"", ""  60.430""], ["" 130.465"", "" 120.257"", ""  61.887""], ["" 129.759"", "" 120.385"", ""  60.694""], ["" 133.149"", "" 125.475"", ""  64.706""], ["" 133.750"", "" 124.346"", ""  64.088""], ["" 134.232"", "" 124.595"", ""  62.774""], ["" 133.795"", "" 123.474"", ""  61.842""], ["" 133.231"", "" 123.779"", ""  60.601""], ["" 133.972"", "" 122.138"", ""  62.219""], ["" 132.836"", "" 122.754"", ""  59.744""], ["" 133.576"", "" 121.113"", ""  61.363""], ["" 133.009"", "" 121.427"", ""  60.130""]]",[],RR8_A_Rahimova_2017
150,3806,RR8_B_Rahimova_2017,receptor_tmp,1,1,-10.2,-0.24285714285714283,0.0,0.0,1,188.77,-14.37,-14.33,-0.04,-14.37,0.0,-2.41,4.18,-2.41,81,9,0.0,0.0,0.0,11.619702,10.610978,10.293428,-0.21500353,-0.8935244,0.39419238,61.182423,"352.845215, 78.416054, 109.580544, 39.869335, 48.493061, 4.41201, 23.067713, 54.686813, 171.433609, 156.123764, 121.983849, 357.383545, 285.688721, 155.97644, ","[["" 128.137"", "" 126.327"", ""  67.222""], ["" 129.038"", "" 125.150"", ""  67.592""], ["" 129.385"", "" 125.545"", ""  69.023""], ["" 128.084"", "" 126.159"", ""  69.552""], ["" 127.387"", "" 126.574"", ""  68.378""], ["" 128.932"", "" 127.432"", ""  66.867""], ["" 128.504"", "" 128.679"", ""  67.232""], ["" 129.017"", "" 129.358"", ""  68.126""], ["" 127.352"", "" 129.157"", ""  66.395""], ["" 126.026"", "" 128.814"", ""  66.698""], ["" 127.602"", "" 129.963"", ""  65.278""], ["" 124.980"", "" 129.264"", ""  65.900""], ["" 126.556"", "" 130.406"", ""  64.477""], ["" 125.232"", "" 130.059"", ""  64.775""], ["" 124.116"", "" 130.516"", ""  63.910""], ["" 124.335"", "" 131.399"", ""  63.085""], ["" 123.013"", "" 129.992"", ""  64.047""], ["" 130.220"", "" 125.059"", ""  66.800""], ["" 130.027"", "" 125.148"", ""  65.397""], ["" 131.384"", "" 125.033"", ""  64.723""], ["" 131.473"", "" 124.695"", ""  63.370""], ["" 132.545"", "" 125.252"", ""  65.470""], ["" 132.723"", "" 124.574"", ""  62.767""], ["" 133.794"", "" 125.130"", ""  64.867""], ["" 133.876"", "" 124.791"", ""  63.517""], ["" 129.766"", "" 124.435"", ""  69.841""], ["" 129.187"", "" 124.361"", ""  71.146""], ["" 130.239"", "" 124.177"", ""  72.236""], ["" 131.003"", "" 123.007"", ""  72.282""], ["" 130.455"", "" 125.192"", ""  73.171""], ["" 131.985"", "" 122.856"", ""  73.258""], ["" 131.435"", "" 125.039"", ""  74.150""], ["" 132.196"", "" 123.873"", ""  74.187""], ["" 128.257"", "" 127.361"", ""  70.498""], ["" 127.168"", "" 127.396"", ""  71.412""], ["" 127.493"", "" 127.027"", ""  72.744""], ["" 126.440"", "" 127.584"", ""  73.690""], ["" 125.165"", "" 127.012"", ""  73.724""], ["" 126.738"", "" 128.677"", ""  74.509""], ["" 124.189"", "" 127.533"", ""  74.570""], ["" 125.763"", "" 129.195"", ""  75.358""], ["" 124.493"", "" 128.624"", ""  75.381""]]",[],RR8_B_Rahimova_2017
151,3331,RR9_Rahimova_2017,receptor_tmp,1,1,-9.67,-0.2544736842105263,0.0,0.0,13,186.89,-12.05,-11.67,-0.38,-12.05,0.0,-2.6,2.39,-2.6,68,10,0.0,0.0,0.0,7.821254,10.911709,8.145639,-0.65392045,0.49582825,0.57143888,83.024605,"341.49173, 31.716194, 67.240135, 15.531271, 146.602844, 347.266052, 336.614899, 12.308139, ","[["" 124.374"", "" 130.029"", ""  64.985""], ["" 123.343"", "" 130.037"", ""  65.800""], ["" 123.686"", "" 129.361"", ""  66.907""], ["" 124.968"", "" 128.871"", ""  66.817""], ["" 125.457"", "" 129.256"", ""  65.545""], ["" 126.759"", "" 128.828"", ""  65.186""], ["" 127.460"", "" 128.088"", ""  66.155""], ["" 126.880"", "" 127.768"", ""  67.392""], ["" 125.622"", "" 128.161"", ""  67.735""], ["" 123.034"", "" 129.260"", ""  67.672""], ["" 124.313"", "" 130.782"", ""  63.697""], ["" 124.224"", "" 132.175"", ""  61.280""], ["" 123.398"", "" 131.067"", ""  61.476""], ["" 125.097"", "" 132.585"", ""  62.289""], ["" 123.442"", "" 130.373"", ""  62.683""], ["" 125.137"", "" 131.892"", ""  63.495""], ["" 124.190"", "" 132.920"", ""  59.958""], ["" 127.396"", "" 129.051"", ""  63.842""], ["" 126.962"", "" 128.251"", ""  62.847""], ["" 128.242"", "" 129.933"", ""  63.692""], ["" 126.330"", "" 127.500"", ""  63.083""], ["" 127.332"", "" 128.361"", ""  61.432""], ["" 126.506"", "" 129.423"", ""  60.671""], ["" 127.323"", "" 130.576"", ""  60.099""], ["" 127.923"", "" 131.504"", ""  60.956""], ["" 127.494"", "" 130.688"", ""  58.717""], ["" 128.697"", "" 132.535"", ""  60.432""], ["" 128.268"", "" 131.721"", ""  58.193""], ["" 128.866"", "" 132.639"", ""  59.054""], ["" 127.619"", "" 126.967"", ""  68.423""], ["" 127.189"", "" 126.927"", ""  69.758""], ["" 128.759"", "" 126.229"", ""  68.076""], ["" 127.875"", "" 126.180"", ""  70.710""], ["" 129.449"", "" 125.480"", ""  69.027""], ["" 129.009"", "" 125.450"", ""  70.357""], ["" 129.623"", "" 124.736"", ""  71.368""], ["" 130.431"", "" 123.610"", ""  71.037""], ["" 131.215"", "" 123.184"", ""  72.282""]]",[],RR9_Rahimova_2017
