,Pose_ID,LigName,receptor,pose_rank,run_number,docking_score,leff,deltas,cluster_rmsd,cluster_size,reference_rmsd,energies_inter,energies_vdw,energies_electro,energies_flexLig,energies_flexLR,energies_intra,energies_torsional,unbound_energy,nr_interactions,num_hb,about_x,about_y,about_z,trans_x,trans_y,trans_z,axisangle_x,axisangle_y,axisangle_z,axisangle_w,dihedrals,ligand_coordinates,flexible_res_coordinates,LigName:1
0,8269,1a_Ghoteimi_2023,receptor_tmp,1,3,-8.83,-0.21536585365853658,0.0,0.0,3,187.64,-12.11,-11.35,-0.77,-12.11,0.0,-2.5,3.28,-2.5,56,11,0.0,0.0,0.0,12.873779,10.011792,9.528877,-0.67535619,0.70872945,0.20395241,91.336823,"334.582489, 218.657959, 120.13488, 227.820068, 14.012687, 47.673164, 144.235748, 59.375263, 204.538605, 242.248032, 193.232635, ","[["" 133.288"", "" 125.478"", ""  64.833""], ["" 132.399"", "" 125.433"", ""  63.817""], ["" 134.459"", "" 125.105"", ""  64.778""], ["" 131.489"", "" 125.826"", ""  64.005""], ["" 132.756"", "" 126.056"", ""  66.145""], ["" 131.162"", "" 125.317"", ""  66.609""], ["" 130.062"", "" 126.675"", ""  66.935""], ["" 128.501"", "" 128.422"", ""  66.318""], ["" 129.347"", "" 127.357"", ""  65.926""], ["" 128.424"", "" 128.747"", ""  67.679""], ["" 129.481"", "" 126.980"", ""  64.515""], ["" 129.147"", "" 128.016"", ""  68.630""], ["" 129.586"", "" 126.684"", ""  63.402""], ["" 129.953"", "" 126.992"", ""  68.247""], ["" 127.678"", "" 129.226"", ""  65.364""], ["" 126.128"", "" 130.705"", ""  63.545""], ["" 127.477"", "" 131.006"", ""  63.733""], ["" 125.555"", "" 129.651"", ""  64.273""], ["" 128.247"", "" 130.272"", ""  64.630""], ["" 126.328"", "" 128.919"", ""  65.171""], ["" 125.444"", "" 131.486"", ""  62.634""], ["" 124.293"", "" 130.952"", ""  61.988""], ["" 129.096"", "" 128.319"", ""  70.100""], ["" 127.927"", "" 128.106"", ""  70.849""], ["" 130.217"", "" 128.830"", ""  70.771""], ["" 127.883"", "" 128.387"", ""  72.211""], ["" 130.177"", "" 129.112"", ""  72.133""], ["" 129.004"", "" 128.890"", ""  72.868""], ["" 128.870"", "" 129.137"", ""  74.221""], ["" 127.898"", "" 130.078"", ""  74.662""], ["" 132.558"", "" 124.957"", ""  62.501""], ["" 131.747"", "" 125.315"", ""  61.414""], ["" 133.620"", "" 124.075"", ""  62.300""], ["" 131.997"", "" 124.786"", ""  60.150""], ["" 133.870"", "" 123.548"", ""  61.035""], ["" 133.062"", "" 123.896"", ""  59.946""], ["" 133.360"", "" 123.312"", ""  58.595""], ["" 133.688"", "" 123.993"", ""  57.618""], ["" 133.230"", "" 121.961"", ""  58.556""], ["" 132.391"", "" 121.276"", ""  59.478""], ["" 133.228"", "" 120.276"", ""  60.280""]]",[],1a_Ghoteimi_2023
1,1705,1a_Grossjean_2025,receptor_tmp,1,2,-6.81,-0.2522222222222222,0.0,0.0,1,191.47,-8.89,-8.17,-0.73,-8.89,0.0,-1.17,2.09,-1.17,42,5,0.0,0.0,0.0,10.047016,10.386373,9.666385,-0.40191282,-0.60329289,0.68884234,101.985924,"336.305389, 277.811218, 206.024246, 241.248734, 259.40506, 247.466202, 244.594635, ","[["" 129.616"", "" 128.414"", ""  68.506""], ["" 128.510"", "" 127.826"", ""  69.120""], ["" 128.466"", "" 127.674"", ""  70.503""], ["" 129.531"", "" 128.112"", ""  71.301""], ["" 130.639"", "" 128.710"", ""  70.682""], ["" 130.684"", "" 128.863"", ""  69.299""], ["" 129.555"", "" 128.514"", ""  67.103""], ["" 128.735"", "" 129.247"", ""  66.319""], ["" 127.849"", "" 130.001"", ""  66.720""], ["" 130.257"", "" 127.971"", ""  66.623""], ["" 128.962"", "" 129.098"", ""  64.814""], ["" 127.637"", "" 128.144"", ""  64.012""], ["" 126.115"", "" 129.029"", ""  64.263""], ["" 124.147"", "" 129.698"", ""  65.509""], ["" 125.335"", "" 128.933"", ""  65.440""], ["" 123.784"", "" 130.496"", ""  64.419""], ["" 125.711"", "" 128.053"", ""  66.550""], ["" 124.600"", "" 130.511"", ""  63.290""], ["" 126.005"", "" 127.359"", ""  67.428""], ["" 125.743"", "" 129.791"", ""  63.204""], ["" 123.230"", "" 129.684"", ""  66.729""], ["" 124.255"", "" 131.349"", ""  62.072""], ["" 129.454"", "" 127.929"", ""  72.790""], ["" 129.446"", "" 128.870"", ""  73.589""], ["" 129.378"", "" 126.626"", ""  73.167""], ["" 130.482"", "" 125.747"", ""  72.994""], ["" 131.501"", "" 125.980"", ""  74.113""]]",[],1a_Grossjean_2025
2,7975,1aa_Ghoteimi_2023,receptor_tmp,1,6,-9.38,-0.22878048780487806,0.0,0.0,5,185.5,-12.66,-11.97,-0.69,-12.66,0.0,-2.75,3.28,-2.75,65,9,0.0,0.0,0.0,11.426868,8.673441,8.952141,-0.79127858,0.56093163,0.24338019,149.459442,"205.269409, 348.009766, 289.975555, 220.136566, 253.05632, 45.904892, 29.031914, 45.055626, 93.502792, 181.632614, 347.084351, ","[["" 133.105"", "" 124.879"", ""  64.768""], ["" 132.092"", "" 124.216"", ""  64.163""], ["" 134.297"", "" 124.750"", ""  64.489""], ["" 131.164"", "" 124.438"", ""  64.496""], ["" 132.732"", "" 125.866"", ""  65.886""], ["" 131.522"", "" 125.454"", ""  66.535""], ["" 130.528"", "" 126.380"", ""  66.820""], ["" 128.729"", "" 127.840"", ""  66.099""], ["" 129.732"", "" 126.894"", ""  65.782""], ["" 128.568"", "" 128.205"", ""  67.443""], ["" 129.946"", "" 126.419"", ""  64.414""], ["" 129.385"", "" 127.654"", ""  68.436""], ["" 130.358"", "" 126.760"", ""  68.116""], ["" 130.116"", "" 126.043"", ""  63.333""], ["" 127.833"", "" 128.471"", ""  65.086""], ["" 126.122"", "" 129.669"", ""  63.202""], ["" 125.627"", "" 128.743"", ""  64.119""], ["" 127.486"", "" 129.999"", ""  63.235""], ["" 126.472"", "" 128.151"", ""  65.055""], ["" 128.329"", "" 129.405"", ""  64.171""], ["" 125.212"", "" 130.204"", ""  62.312""], ["" 123.836"", "" 130.253"", ""  62.671""], ["" 129.264"", "" 128.022"", ""  69.887""], ["" 130.333"", "" 128.618"", ""  70.573""], ["" 128.077"", "" 127.787"", ""  70.601""], ["" 130.223"", "" 128.958"", ""  71.918""], ["" 127.965"", "" 128.126"", ""  71.947""], ["" 129.044"", "" 128.716"", ""  72.619""], ["" 129.027"", "" 129.086"", ""  73.950""], ["" 128.223"", "" 130.189"", ""  74.354""], ["" 132.117"", "" 123.262"", ""  63.129""], ["" 133.237"", "" 122.950"", ""  62.345""], ["" 130.914"", "" 122.592"", ""  62.900""], ["" 133.144"", "" 121.984"", ""  61.346""], ["" 130.823"", "" 121.626"", ""  61.902""], ["" 131.935"", "" 121.310"", ""  61.112""], ["" 131.803"", "" 120.264"", ""  60.043""], ["" 132.743"", "" 119.905"", ""  59.327""], ["" 130.549"", "" 119.753"", ""  59.943""], ["" 130.133"", "" 118.664"", ""  60.757""], ["" 129.400"", "" 117.633"", ""  59.893""]]",[],1aa_Ghoteimi_2023
3,7866,1b_Ghoteimi_2023,receptor_tmp,1,8,-8.97,-0.2562857142857143,0.0,0.0,9,186.77,-11.36,-10.62,-0.74,-11.36,0.0,-1.54,2.39,-1.54,41,7,0.0,0.0,0.0,9.285311,9.129997,8.971759,0.84290678,-0.03028545,-0.53720662,106.902992,"80.490372, 243.021896, 131.020828, 139.530685, 261.549286, 302.547302, 222.204376, 89.896805, ","[["" 127.764"", "" 128.305"", ""  66.040""], ["" 128.652"", "" 127.501"", ""  65.284""], ["" 128.554"", "" 127.456"", ""  63.822""], ["" 128.475"", "" 127.422"", ""  62.668""], ["" 129.665"", "" 126.800"", ""  65.976""], ["" 129.836"", "" 126.910"", ""  67.316""], ["" 128.992"", "" 127.685"", ""  68.047""], ["" 127.956"", "" 128.389"", ""  67.425""], ["" 126.634"", "" 129.080"", ""  65.446""], ["" 124.497"", "" 130.516"", ""  64.318""], ["" 124.265"", "" 129.569"", ""  65.317""], ["" 125.811"", "" 130.739"", ""  63.880""], ["" 125.323"", "" 128.856"", ""  65.874""], ["" 126.865"", "" 130.023"", ""  64.439""], ["" 123.388"", "" 131.175"", ""  63.824""], ["" 122.816"", "" 130.745"", ""  62.593""], ["" 130.862"", "" 125.739"", ""  65.193""], ["" 130.456"", "" 124.015"", ""  65.631""], ["" 130.230"", "" 123.078"", ""  64.437""], ["" 129.408"", "" 123.569"", ""  63.482""], ["" 130.776"", "" 121.973"", ""  64.391""], ["" 129.012"", "" 124.484"", ""  63.639""], ["" 129.025"", "" 122.946"", ""  62.300""], ["" 127.783"", "" 122.795"", ""  61.869""], ["" 129.935"", "" 122.387"", ""  61.405""], ["" 127.859"", "" 122.118"", ""  60.651""], ["" 129.165"", "" 121.879"", ""  60.383""], ["" 129.246"", "" 127.741"", ""  69.528""], ["" 128.980"", "" 126.634"", ""  70.348""], ["" 129.764"", "" 128.896"", ""  70.135""], ["" 129.216"", "" 126.682"", ""  71.719""], ["" 130.002"", "" 128.947"", ""  71.505""], ["" 129.728"", "" 127.835"", ""  72.312""], ["" 129.931"", "" 127.790"", ""  73.678""], ["" 130.483"", "" 126.614"", ""  74.259""]]",[],1b_Ghoteimi_2023
4,8209,1b_Grossjean_2025,receptor_tmp,1,8,-6.39,-0.24576923076923077,0.0,0.0,1,190.13,-8.18,-8.11,-0.08,-8.18,0.0,-1.6,1.79,-1.6,45,11,0.0,0.0,0.0,10.3785,10.303056,8.84454,0.03837751,0.08364316,-0.99575649,136.782043,"178.53772, 42.00053, 309.431122, 100.925385, 58.202236, 140.721329, ","[["" 128.801"", "" 126.511"", ""  67.583""], ["" 128.560"", "" 127.145"", ""  66.415""], ["" 128.107"", "" 126.589"", ""  68.596""], ["" 129.231"", "" 126.985"", ""  65.678""], ["" 130.047"", "" 125.624"", ""  67.602""], ["" 131.520"", "" 126.498"", ""  66.991""], ["" 131.774"", "" 125.995"", ""  65.303""], ["" 133.025"", "" 125.029"", ""  63.469""], ["" 132.960"", "" 125.379"", ""  64.837""], ["" 131.928"", "" 125.289"", ""  62.642""], ["" 134.079"", "" 125.075"", ""  65.731""], ["" 130.792"", "" 125.880"", ""  63.192""], ["" 134.965"", "" 124.834"", ""  66.435""], ["" 130.707"", "" 126.224"", ""  64.498""], ["" 134.254"", "" 124.365"", ""  62.848""], ["" 129.566"", "" 126.180"", ""  62.349""], ["" 127.516"", "" 128.020"", ""  66.057""], ["" 126.251"", "" 127.678"", ""  66.533""], ["" 127.667"", "" 129.177"", ""  65.277""], ["" 125.147"", "" 128.472"", ""  66.241""], ["" 126.562"", "" 129.971"", ""  64.985""], ["" 125.289"", "" 129.631"", ""  65.463""], ["" 124.119"", "" 130.512"", ""  65.129""], ["" 123.763"", "" 130.755"", ""  63.972""], ["" 123.500"", "" 131.020"", ""  66.225""], ["" 122.589"", "" 130.232"", ""  66.980""]]",[],1b_Grossjean_2025
5,1588,1c_Ghoteimi_2023,receptor_tmp,1,3,-8.44,-0.24114285714285713,0.0,0.0,13,192.33,-10.83,-10.15,-0.68,-10.83,0.0,-2.04,2.39,-2.04,32,5,0.0,0.0,0.0,10.219364,10.881675,9.015427,0.39987078,-0.84504346,0.3549717,115.919479,"356.317413, 14.667169, 32.39772, 304.501099, 289.56311, 336.13382, 105.847076, 299.750854, ","[["" 129.475"", "" 126.793"", ""  65.932""], ["" 128.972"", "" 126.464"", ""  67.213""], ["" 129.599"", "" 125.416"", ""  68.026""], ["" 130.095"", "" 124.589"", ""  68.666""], ["" 127.859"", "" 127.185"", ""  67.691""], ["" 127.248"", "" 128.152"", ""  66.966""], ["" 127.702"", "" 128.444"", ""  65.718""], ["" 128.814"", "" 127.779"", ""  65.190""], ["" 130.694"", "" 126.173"", ""  65.334""], ["" 133.003"", "" 125.051"", ""  64.194""], ["" 133.002"", "" 125.464"", ""  65.526""], ["" 131.837"", "" 125.207"", ""  63.428""], ["" 131.859"", "" 126.022"", ""  66.091""], ["" 130.696"", "" 125.766"", ""  63.996""], ["" 134.182"", "" 124.508"", ""  63.717""], ["" 134.223"", "" 123.994"", ""  62.390""], ["" 127.229"", "" 126.996"", ""  69.345""], ["" 128.376"", "" 127.949"", ""  70.392""], ["" 128.983"", "" 127.095"", ""  71.510""], ["" 129.187"", "" 125.796"", ""  71.196""], ["" 129.211"", "" 127.603"", ""  72.609""], ["" 128.966"", "" 125.506"", ""  70.255""], ["" 129.576"", "" 124.786"", ""  72.061""], ["" 129.396"", "" 124.724"", ""  73.363""], ["" 130.354"", "" 123.404"", ""  71.360""], ["" 129.860"", "" 123.594"", ""  73.861""], ["" 130.431"", "" 122.709"", ""  72.952""], ["" 126.976"", "" 129.528"", ""  64.975""], ["" 125.577"", "" 129.633"", ""  65.020""], ["" 127.678"", "" 130.471"", ""  64.210""], ["" 124.908"", "" 130.643"", ""  64.333""], ["" 127.014"", "" 131.483"", ""  63.524""], ["" 125.616"", "" 131.577"", ""  63.582""], ["" 124.872"", "" 132.546"", ""  62.936""], ["" 124.130"", "" 132.194"", ""  61.773""]]",[],1c_Ghoteimi_2023
6,8066,1c_Grossjean_2025,receptor_tmp,1,16,-6.62,-0.2758333333333333,0.0,0.0,5,190.66,-8.11,-7.82,-0.28,-8.11,0.0,-2.13,1.49,-2.13,37,5,0.0,0.0,0.0,9.693547,13.232517,5.153962,-0.33183395,-0.61240729,0.71752599,196.941971,"59.489067, 196.888702, 171.019913, 247.020294, 249.114258, ","[["" 128.606"", "" 131.917"", ""  63.505""], ["" 127.618"", "" 131.099"", ""  63.086""], ["" 128.623"", "" 132.529"", ""  64.572""], ["" 127.781"", "" 130.612"", ""  62.218""], ["" 129.789"", "" 132.062"", ""  62.544""], ["" 129.340"", "" 133.001"", ""  61.054""], ["" 127.577"", "" 132.886"", ""  60.828""], ["" 125.303"", "" 133.722"", ""  60.799""], ["" 126.679"", "" 133.963"", ""  61.020""], ["" 124.888"", "" 132.451"", ""  60.389""], ["" 127.138"", "" 135.303"", ""  61.397""], ["" 125.844"", "" 131.456"", ""  60.199""], ["" 127.499"", "" 136.360"", ""  61.695""], ["" 127.165"", "" 131.663"", ""  60.406""], ["" 124.238"", "" 134.802"", ""  60.984""], ["" 125.460"", "" 130.062"", ""  59.739""], ["" 126.404"", "" 130.766"", ""  63.719""], ["" 126.201"", "" 129.620"", ""  64.502""], ["" 125.361"", "" 131.678"", ""  63.554""], ["" 124.961"", "" 129.393"", ""  65.093""], ["" 124.123"", "" 131.447"", ""  64.147""], ["" 123.912"", "" 130.296"", ""  64.921""], ["" 122.720"", "" 129.983"", ""  65.546""], ["" 122.659"", "" 129.989"", ""  66.968""]]",[],1c_Grossjean_2025
7,1487,1d_Ghoteimi_2023,receptor_tmp,1,2,-7.61,-0.25366666666666665,0.0,0.0,5,191.97,-10.0,-9.33,-0.67,-10.0,0.0,-0.98,2.39,-0.98,38,10,0.0,0.0,0.0,9.633319,10.363721,9.673914,-0.21550383,-0.96069696,-0.17498415,220.084885,"74.290199, 13.650087, 102.502327, 43.645405, 52.877865, 226.751602, 315.584503, 334.029938, ","[["" 126.633"", "" 129.624"", ""  65.392""], ["" 127.915"", "" 128.640"", ""  66.135""], ["" 129.764"", "" 127.070"", ""  66.124""], ["" 128.799"", "" 127.816"", ""  65.402""], ["" 129.817"", "" 127.219"", ""  67.515""], ["" 128.767"", "" 127.778"", ""  63.937""], ["" 128.936"", "" 128.084"", ""  68.175""], ["" 128.743"", "" 127.748"", ""  62.781""], ["" 127.998"", "" 128.776"", ""  67.480""], ["" 130.739"", "" 126.135"", ""  65.483""], ["" 132.586"", "" 124.380"", ""  64.294""], ["" 132.993"", "" 125.268"", ""  65.289""], ["" 131.239"", "" 124.367"", ""  63.901""], ["" 132.080"", "" 126.136"", ""  65.881""], ["" 130.327"", "" 125.235"", ""  64.495""], ["" 133.562"", "" 123.561"", ""  63.759""], ["" 134.073"", "" 123.846"", ""  62.461""], ["" 128.957"", "" 128.287"", ""  69.662""], ["" 127.871"", "" 127.905"", ""  70.465""], ["" 130.063"", "" 128.875"", ""  70.296""], ["" 127.890"", "" 128.100"", ""  71.843""], ["" 130.084"", "" 129.072"", ""  71.674""], ["" 128.992"", "" 128.685"", ""  72.462""], ["" 128.922"", "" 128.842"", ""  73.832""], ["" 128.136"", "" 129.902"", ""  74.369""], ["" 125.045"", "" 128.886"", ""  65.881""], ["" 124.017"", "" 130.013"", ""  65.952""], ["" 123.382"", "" 130.239"", ""  66.983""], ["" 123.916"", "" 130.688"", ""  64.788""], ["" 123.801"", "" 129.990"", ""  63.558""]]",[],1d_Ghoteimi_2023
8,8051,1d_Grossjean_2025,receptor_tmp,1,17,-6.52,-0.29636363636363633,0.0,0.0,3,190.14,-7.71,-7.45,-0.26,-7.71,0.0,-0.73,1.19,-0.73,36,4,0.0,0.0,0.0,9.903187,15.550485,4.914508,-0.83106296,-0.01106095,-0.55606836,249.550079,"191.729416, 306.1073, 310.073517, 273.989838, ","[["" 127.446"", "" 132.341"", ""  63.417""], ["" 126.612"", "" 132.062"", ""  61.871""], ["" 124.719"", "" 131.492"", ""  60.472""], ["" 125.254"", "" 131.679"", ""  61.767""], ["" 125.545"", "" 131.675"", ""  59.358""], ["" 124.421"", "" 131.446"", ""  62.949""], ["" 126.878"", "" 132.029"", ""  59.553""], ["" 123.761"", "" 131.261"", ""  63.881""], ["" 127.410"", "" 132.217"", ""  60.784""], ["" 123.265"", "" 131.088"", ""  60.233""], ["" 127.825"", "" 132.232"", ""  58.387""], ["" 129.026"", "" 131.443"", ""  63.351""], ["" 129.872"", "" 131.853"", ""  62.144""], ["" 130.688"", "" 130.893"", ""  61.658""], ["" 129.783"", "" 133.002"", ""  61.710""], ["" 130.684"", "" 130.014"", ""  62.154""], ["" 131.572"", "" 130.930"", ""  60.564""], ["" 132.925"", "" 130.763"", ""  60.871""], ["" 131.182"", "" 131.100"", ""  59.224""], ["" 133.883"", "" 130.777"", ""  59.862""], ["" 132.143"", "" 131.112"", ""  58.216""], ["" 133.488"", "" 130.953"", ""  58.538""]]",[],1d_Grossjean_2025
9,8266,1e_Grossjean_2025,receptor_tmp,1,15,-7.2,-0.3130434782608696,0.0,0.0,3,186.54,-8.39,-8.16,-0.23,-8.39,0.0,-0.94,1.19,-0.94,39,6,0.0,0.0,0.0,13.139358,6.386129,2.871628,-0.72398658,0.52617704,-0.44607304,238.644394,"350.727386, 262.750458, 69.5466, 325.039276, ","[["" 133.750"", "" 123.605"", ""  59.889""], ["" 133.122"", "" 122.076"", ""  59.132""], ["" 131.562"", "" 121.664"", ""  59.888""], ["" 129.379"", "" 122.134"", ""  60.827""], ["" 130.571"", "" 122.612"", ""  60.237""], ["" 129.216"", "" 120.759"", ""  61.026""], ["" 130.731"", "" 124.043"", ""  59.968""], ["" 130.233"", "" 119.893"", ""  60.628""], ["" 130.856"", "" 125.174"", ""  59.757""], ["" 131.384"", "" 120.329"", ""  60.064""], ["" 128.241"", "" 123.060"", ""  61.256""], ["" 130.109"", "" 118.392"", ""  60.799""], ["" 133.632"", "" 123.579"", ""  61.414""], ["" 133.279"", "" 124.746"", ""  61.996""], ["" 133.881"", "" 122.535"", ""  62.018""], ["" 133.170"", "" 125.543"", ""  61.385""], ["" 133.107"", "" 125.025"", ""  63.363""], ["" 134.112"", "" 124.840"", ""  64.270""], ["" 131.843"", "" 125.483"", ""  63.753""], ["" 133.870"", "" 125.118"", ""  65.576""], ["" 131.610"", "" 125.766"", ""  65.101""], ["" 132.633"", "" 125.583"", ""  66.032""], ["" 135.031"", "" 124.890"", ""  66.525""]]",[],1e_Grossjean_2025
10,8278,1f_Grossjean_2025,receptor_tmp,1,13,-6.77,-0.3077272727272727,0.0,0.0,1,187.74,-7.96,-7.71,-0.26,-7.96,0.0,-1.09,1.19,-1.09,35,4,0.0,0.0,0.0,9.544765,5.868757,4.894405,-0.02810104,0.94022098,-0.33940365,191.169098,"30.458742, 223.643494, 305.397278, 218.03685, ","[["" 128.603"", "" 122.223"", ""  60.417""], ["" 130.342"", "" 122.103"", ""  60.046""], ["" 132.508"", "" 121.023"", ""  59.980""], ["" 131.141"", "" 120.973"", ""  60.335""], ["" 133.010"", "" 122.166"", ""  59.348""], ["" 130.585"", "" 119.763"", ""  60.947""], ["" 132.145"", "" 123.222"", ""  59.076""], ["" 130.148"", "" 118.807"", ""  61.431""], ["" 130.833"", "" 123.197"", ""  59.410""], ["" 133.473"", "" 119.869"", ""  60.251""], ["" 132.624"", "" 124.483"", ""  58.380""], ["" 128.419"", "" 122.643"", ""  62.184""], ["" 129.738"", "" 122.748"", ""  62.964""], ["" 130.058"", "" 123.999"", ""  63.359""], ["" 130.403"", "" 121.740"", ""  63.207""], ["" 129.394"", "" 124.723"", ""  63.124""], ["" 131.181"", "" 124.456"", ""  64.075""], ["" 132.435"", "" 124.037"", ""  63.616""], ["" 131.145"", "" 125.284"", ""  65.213""], ["" 133.605"", "" 124.395"", ""  64.206""], ["" 132.341"", "" 125.660"", ""  65.831""], ["" 133.544"", "" 125.197"", ""  65.298""]]",[],1f_Grossjean_2025
11,1469,1g_Grossjean_2025,receptor_tmp,1,19,-6.13,-0.26652173913043475,0.0,0.0,1,187.51,-7.62,-7.54,-0.08,-7.62,0.0,-1.65,1.49,-1.65,36,4,0.0,0.0,0.0,12.712947,6.121948,4.826141,0.536338,0.80999372,-0.23717444,225.380829,"214.691147, 48.303963, 328.103333, 205.448242, 287.921661, ","[["" 133.963"", "" 123.364"", ""  62.408""], ["" 133.254"", "" 123.310"", ""  60.735""], ["" 131.751"", "" 122.363"", ""  60.828""], ["" 130.440"", "" 120.327"", ""  60.824""], ["" 131.705"", "" 120.951"", ""  60.743""], ["" 129.298"", "" 121.115"", ""  61.001""], ["" 132.920"", "" 120.143"", ""  60.610""], ["" 129.439"", "" 122.498"", ""  61.101""], ["" 133.878"", "" 119.501"", ""  60.507""], ["" 130.640"", "" 123.117"", ""  61.023""], ["" 130.262"", "" 118.812"", ""  60.733""], ["" 128.241"", "" 123.405"", ""  61.310""], ["" 133.495"", "" 124.593"", ""  63.189""], ["" 132.279"", "" 125.071"", ""  62.873""], ["" 134.218"", "" 125.086"", ""  64.056""], ["" 131.761"", "" 124.617"", ""  62.134""], ["" 131.660"", "" 126.265"", ""  63.449""], ["" 130.857"", "" 126.005"", ""  64.720""], ["" 131.220"", "" 124.958"", ""  65.573""], ["" 129.765"", "" 126.819"", ""  65.035""], ["" 130.487"", "" 124.721"", ""  66.733""], ["" 129.034"", "" 126.582"", ""  66.196""], ["" 129.397"", "" 125.534"", ""  67.039""]]",[],1g_Grossjean_2025
12,7849,1h_Grossjean_2025,receptor_tmp,1,4,-7.3,-0.2517241379310345,0.0,0.0,3,190.16,-9.68,-8.5,-1.18,-9.68,0.0,-1.02,2.39,-1.02,28,10,0.0,0.0,0.0,11.200509,9.297983,10.197495,-0.30071557,0.22038765,-0.92790055,227.271317,"243.578278, 312.935883, 259.297974, 10.650521, 61.79694, 161.275894, 225.720016, 10.117082, ","[["" 129.827"", "" 126.860"", ""  67.110""], ["" 130.106"", "" 128.079"", ""  67.607""], ["" 128.787"", "" 126.248"", ""  67.346""], ["" 130.990"", "" 128.505"", ""  67.372""], ["" 130.892"", "" 126.232"", ""  66.210""], ["" 130.682"", "" 124.432"", ""  66.062""], ["" 130.917"", "" 123.986"", ""  64.350""], ["" 132.250"", "" 123.775"", ""  62.336""], ["" 132.160"", "" 124.153"", ""  63.695""], ["" 131.120"", "" 123.254"", ""  61.696""], ["" 133.327"", "" 124.698"", ""  64.392""], ["" 129.935"", "" 123.121"", ""  62.416""], ["" 134.250"", "" 125.130"", ""  64.942""], ["" 129.827"", "" 123.476"", ""  63.718""], ["" 133.538"", "" 123.914"", ""  61.527""], ["" 128.675"", "" 122.566"", ""  61.779""], ["" 129.245"", "" 128.838"", ""  68.514""], ["" 129.329"", "" 128.390"", ""  69.970""], ["" 129.689"", "" 129.299"", ""  70.966""], ["" 129.103"", "" 127.055"", ""  70.305""], ["" 129.790"", "" 128.894"", ""  72.306""], ["" 129.203"", "" 126.621"", ""  71.636""], ["" 129.536"", "" 127.553"", ""  72.629""], ["" 130.127"", "" 129.742"", ""  73.345""], ["" 130.153"", "" 131.147"", ""  73.120""], ["" 128.991"", "" 125.315"", ""  72.041""], ["" 129.832"", "" 124.282"", ""  71.539""], ["" 129.643"", "" 127.141"", ""  73.936""], ["" 130.793"", "" 126.350"", ""  74.201""]]",[],1h_Grossjean_2025
13,8113,1i_Grossjean_2025,receptor_tmp,1,3,-6.2,-0.29523809523809524,0.0,0.0,7,187.85,-7.39,-7.02,-0.37,-7.39,0.0,-1.6,1.19,-1.6,27,7,0.0,0.0,0.0,9.644013,6.146911,3.81807,0.07524702,0.22746091,0.9708756,214.506516,"205.486603, 114.179588, 164.671478, 146.414154, ","[["" 130.093"", "" 121.857"", ""  61.199""], ["" 131.071"", "" 122.968"", ""  60.212""], ["" 132.905"", "" 123.562"", ""  58.746""], ["" 132.222"", "" 122.573"", ""  59.491""], ["" 132.433"", "" 124.879"", ""  58.764""], ["" 132.729"", "" 121.199"", ""  59.526""], ["" 131.305"", "" 125.184"", ""  59.522""], ["" 133.131"", "" 120.114"", ""  59.554""], ["" 130.633"", "" 124.252"", ""  60.239""], ["" 134.154"", "" 123.256"", ""  57.920""], ["" 130.751"", "" 126.594"", ""  59.591""], ["" 129.452"", "" 122.799"", ""  62.616""], ["" 130.551"", "" 123.140"", ""  63.625""], ["" 131.493"", "" 124.006"", ""  63.190""], ["" 130.525"", "" 122.624"", ""  64.743""], ["" 131.382"", "" 124.381"", ""  62.259""], ["" 132.587"", "" 124.483"", ""  63.898""], ["" 133.858"", "" 124.307"", ""  63.575""], ["" 132.469"", "" 125.231"", ""  65.068""], ["" 134.615"", "" 124.951"", ""  64.555""], ["" 133.762"", "" 125.504"", ""  65.450""]]",[],1i_Grossjean_2025
14,1546,1j_Grossjean_2025,receptor_tmp,1,7,-5.88,-0.27999999999999997,0.0,0.0,2,186.55,-7.07,-6.97,-0.1,-7.07,0.0,-1.38,1.19,-1.38,29,3,0.0,0.0,0.0,14.34453,4.676735,3.31567,-0.10457026,0.82261064,0.55890679,31.893709,"358.783752, 226.398102, 129.88443, 147.026657, ","[["" 132.647"", "" 123.600"", ""  60.216""], ["" 131.278"", "" 122.508"", ""  60.535""], ["" 130.223"", "" 120.355"", ""  60.878""], ["" 131.395"", "" 121.100"", ""  60.617""], ["" 129.005"", "" 121.026"", ""  61.026""], ["" 132.673"", "" 120.414"", ""  60.407""], ["" 128.978"", "" 122.413"", ""  60.904""], ["" 133.680"", "" 119.869"", ""  60.240""], ["" 130.088"", "" 123.148"", ""  60.658""], ["" 130.226"", "" 118.832"", ""  61.000""], ["" 127.685"", "" 123.197"", ""  61.039""], ["" 133.867"", "" 123.358"", ""  61.542""], ["" 133.375"", "" 123.908"", ""  62.882""], ["" 132.043"", "" 123.824"", ""  63.093""], ["" 134.188"", "" 124.387"", ""  63.674""], ["" 131.483"", "" 123.386"", ""  62.376""], ["" 131.355"", "" 124.242"", ""  64.223""], ["" 130.494"", "" 123.556"", ""  64.944""], ["" 131.651"", "" 125.859"", ""  64.776""], ["" 130.032"", "" 124.269"", ""  65.952""], ["" 130.522"", "" 125.567"", ""  66.066""]]",[],1j_Grossjean_2025
15,1411,1k_Grossjean_2025,receptor_tmp,1,13,-5.75,-0.22115384615384615,0.0,0.0,2,188.21,-9.33,-9.12,-0.21,-9.33,0.0,-1.6,3.58,-1.6,32,9,0.0,0.0,0.0,11.321011,11.603652,11.151512,0.00884345,-0.97807655,-0.20805783,197.962845,"107.037582, 52.863838, 28.963346, 80.074707, 300.436005, 314.64624, 101.541382, 159.117416, 27.314379, 198.356186, 86.507599, 194.090942, ","[["" 128.690"", "" 127.652"", ""  65.872""], ["" 128.830"", "" 126.899"", ""  67.069""], ["" 129.967"", "" 125.873"", ""  66.903""], ["" 130.624"", "" 125.918"", ""  65.596""], ["" 131.893"", "" 125.548"", ""  65.353""], ["" 132.647"", "" 125.117"", ""  66.228""], ["" 130.066"", "" 126.264"", ""  64.829""], ["" 132.361"", "" 125.700"", ""  63.897""], ["" 133.587"", "" 124.471"", ""  63.328""], ["" 132.904"", "" 123.553"", ""  61.955""], ["" 131.302"", "" 122.030"", ""  60.961""], ["" 131.776"", "" 122.713"", ""  62.103""], ["" 131.957"", "" 122.208"", ""  59.738""], ["" 131.107"", "" 122.549"", ""  63.397""], ["" 133.064"", "" 123.053"", ""  59.680""], ["" 130.577"", "" 122.418"", ""  64.418""], ["" 133.536"", "" 123.711"", ""  60.763""], ["" 130.091"", "" 121.101"", ""  61.002""], ["" 133.817"", "" 123.288"", ""  58.386""], ["" 127.338"", "" 127.855"", ""  65.480""], ["" 126.409"", "" 127.522"", ""  66.654""], ["" 125.258"", "" 128.354"", ""  66.596""], ["" 125.042"", "" 128.942"", ""  65.320""], ["" 124.320"", "" 130.286"", ""  65.493""], ["" 123.344"", "" 130.435"", ""  64.471""], ["" 123.890"", "" 130.819"", ""  63.219""]]",[],1k_Grossjean_2025
16,1552,1l_Grossjean_2025,receptor_tmp,1,2,-5.82,-0.32333333333333336,0.0,0.0,5,188.05,-7.01,-6.62,-0.4,-7.01,0.0,-0.42,1.19,-0.42,37,6,0.0,0.0,0.0,13.419949,6.68298,1.941874,0.26329839,-0.95977175,-0.09753026,100.756866,"61.823032, 245.907578, 352.894653, 349.657288, ","[["" 133.114"", "" 124.390"", ""  60.678""], ["" 132.893"", "" 122.965"", ""  59.558""], ["" 131.497"", "" 122.015"", ""  60.137""], ["" 130.468"", "" 120.005"", ""  61.018""], ["" 131.630"", "" 120.678"", ""  60.577""], ["" 129.243"", "" 120.678"", ""  61.005""], ["" 132.928"", "" 119.996"", ""  60.579""], ["" 129.200"", "" 121.996"", ""  60.556""], ["" 133.952"", "" 119.457"", ""  60.582""], ["" 130.301"", "" 122.658"", ""  60.128""], ["" 130.492"", "" 118.560"", ""  61.513""], ["" 127.902"", "" 122.780"", ""  60.515""], ["" 133.417"", "" 124.027"", ""  62.139""], ["" 133.855"", "" 125.045"", ""  62.902""], ["" 133.250"", "" 122.879"", ""  62.560""], ["" 134.188"", "" 125.924"", ""  62.530""], ["" 134.395"", "" 124.767"", ""  64.157""], ["" 133.543"", "" 125.275"", ""  65.174""]]",[],1l_Grossjean_2025
17,8119,1m_Grossjean_2025,receptor_tmp,1,12,-5.47,-0.2604761904761905,0.0,0.0,2,187.82,-7.25,-6.91,-0.34,-7.25,0.0,-2.08,1.79,-2.08,26,4,0.0,0.0,0.0,14.633221,4.960428,5.26132,-0.1048976,0.15374351,-0.98252706,174.897034,"238.957718, 147.810654, 190.951324, 80.211876, 174.144394, 343.031952, ","[["" 133.480"", "" 124.305"", ""  63.019""], ["" 132.158"", "" 124.558"", ""  62.981""], ["" 134.219"", "" 124.727"", ""  63.911""], ["" 131.624"", "" 124.199"", ""  62.202""], ["" 134.024"", "" 123.453"", ""  61.865""], ["" 133.013"", "" 123.493"", ""  60.346""], ["" 131.594"", "" 122.448"", ""  60.601""], ["" 130.444"", "" 120.336"", ""  60.897""], ["" 131.656"", "" 121.037"", ""  60.696""], ["" 129.248"", "" 121.054"", ""  61.007""], ["" 132.925"", "" 120.309"", ""  60.628""], ["" 129.284"", "" 122.445"", ""  60.927""], ["" 133.927"", "" 119.733"", ""  60.574""], ["" 130.431"", "" 123.136"", ""  60.735""], ["" 130.383"", "" 118.814"", ""  61.003""], ["" 128.024"", "" 123.280"", ""  61.048""], ["" 131.404"", "" 125.337"", ""  63.974""], ["" 130.748"", "" 124.453"", ""  65.055""], ["" 130.217"", "" 124.915"", ""  66.069""], ["" 130.843"", "" 123.143"", ""  64.747""], ["" 129.744"", "" 122.457"", ""  64.163""]]",[],1m_Grossjean_2025
18,8541,1n_Grossjean_2025,receptor_tmp,1,8,-7.69,-0.27464285714285713,0.0,0.0,3,191.25,-10.08,-9.66,-0.42,-10.08,0.0,-0.82,2.39,-0.82,43,9,0.0,0.0,0.0,11.87281,8.619415,8.598656,-0.40659957,-0.57890672,0.70678413,150.901764,"220.126633, 359.783417, 267.617706, 269.125183, 95.132301, 277.671875, 19.045612, 148.18045, ","[["" 130.994"", "" 125.549"", ""  65.436""], ["" 129.730"", "" 125.933"", ""  65.717""], ["" 131.912"", "" 125.461"", ""  66.252""], ["" 129.076"", "" 125.906"", ""  64.949""], ["" 131.268"", "" 125.197"", ""  63.968""], ["" 132.720"", "" 125.496"", ""  63.534""], ["" 133.730"", "" 124.019"", ""  63.212""], ["" 132.955"", "" 123.112"", ""  61.892""], ["" 131.336"", "" 121.589"", ""  60.930""], ["" 131.836"", "" 122.264"", ""  62.067""], ["" 131.948"", "" 121.796"", ""  59.688""], ["" 131.181"", "" 122.102"", ""  63.366""], ["" 133.030"", "" 122.670"", ""  59.604""], ["" 130.660"", "" 121.974"", ""  64.391""], ["" 133.528"", "" 123.322"", ""  60.680""], ["" 130.144"", "" 120.638"", ""  60.995""], ["" 133.727"", "" 122.944"", ""  58.285""], ["" 129.160"", "" 126.322"", ""  66.945""], ["" 129.815"", "" 125.868"", ""  68.090""], ["" 128.002"", "" 127.103"", ""  67.080""], ["" 129.339"", "" 126.198"", ""  69.354""], ["" 127.525"", "" 127.430"", ""  68.346""], ["" 128.187"", "" 126.988"", ""  69.498""], ["" 127.646"", "" 127.367"", ""  70.847""], ["" 126.478"", "" 127.719"", ""  71.034""], ["" 128.573"", "" 127.294"", ""  71.836""], ["" 129.274"", "" 128.453"", ""  72.272""], ["" 130.469"", "" 128.703"", ""  71.347""]]",[],1n_Grossjean_2025
19,7939,1o_Grossjean_2025,receptor_tmp,1,7,-7.64,-0.28296296296296297,0.0,0.0,6,187.21,-9.73,-9.1,-0.62,-9.73,0.0,-0.43,2.09,-0.43,41,8,0.0,0.0,0.0,13.245556,8.894894,10.309391,-0.44704328,-0.61715987,-0.64750753,140.70842,"268.608063, 66.877151, 21.78001, 54.458477, 266.973663, 330.16687, 313.812653, ","[["" 130.973"", "" 126.008"", ""  66.781""], ["" 130.786"", "" 127.203"", ""  67.384""], ["" 130.561"", "" 124.928"", ""  67.203""], ["" 131.125"", "" 128.011"", ""  66.882""], ["" 131.738"", "" 126.053"", ""  65.450""], ["" 131.642"", "" 124.740"", ""  64.646""], ["" 133.160"", "" 124.318"", ""  63.740""], ["" 132.724"", "" 123.266"", ""  62.369""], ["" 131.544"", "" 121.455"", ""  61.275""], ["" 131.782"", "" 122.212"", ""  62.445""], ["" 132.223"", "" 121.784"", ""  60.098""], ["" 131.036"", "" 121.920"", ""  63.672""], ["" 133.112"", "" 122.856"", ""  60.106""], ["" 130.447"", "" 121.686"", ""  64.640""], ["" 133.358"", "" 123.592"", ""  61.215""], ["" 130.564"", "" 120.284"", ""  61.237""], ["" 133.869"", "" 123.271"", ""  58.858""], ["" 130.157"", "" 127.507"", ""  68.607""], ["" 130.766"", "" 128.505"", ""  69.370""], ["" 129.005"", "" 126.874"", ""  69.097""], ["" 130.231"", "" 128.878"", ""  70.601""], ["" 128.472"", "" 127.248"", ""  70.328""], ["" 129.076"", "" 128.253"", ""  71.094""], ["" 128.473"", "" 128.628"", ""  72.418""], ["" 127.267"", "" 128.534"", ""  72.664""], ["" 129.386"", "" 129.083"", ""  73.314""], ["" 129.753"", "" 130.455"", ""  73.353""]]",[],1o_Grossjean_2025
20,7884,1p_Grossjean_2025,receptor_tmp,1,10,-6.59,-0.29954545454545456,0.0,0.0,1,191.6,-8.08,-7.87,-0.22,-8.08,0.0,-0.55,1.49,-0.55,27,9,0.0,0.0,0.0,10.017273,11.521143,9.568598,0.34647157,-0.43095729,0.83320661,159.437759,"251.689377, 346.963867, 108.535942, 41.138226, 79.89061, ","[["" 128.884"", "" 128.154"", ""  66.656""], ["" 129.605"", "" 126.542"", ""  67.084""], ["" 130.854"", "" 126.197"", ""  65.867""], ["" 131.743"", "" 126.070"", ""  63.617""], ["" 130.669"", "" 126.393"", ""  64.477""], ["" 132.937"", "" 125.589"", ""  64.165""], ["" 129.426"", "" 126.943"", ""  63.933""], ["" 133.039"", "" 125.448"", ""  65.548""], ["" 128.444"", "" 127.378"", ""  63.501""], ["" 132.023"", "" 125.749"", ""  66.390""], ["" 131.658"", "" 126.231"", ""  62.101""], ["" 134.312"", "" 124.945"", ""  66.201""], ["" 127.496"", "" 128.399"", ""  67.279""], ["" 126.354"", "" 128.399"", ""  66.252""], ["" 125.932"", "" 129.618"", ""  65.847""], ["" 125.883"", "" 127.327"", ""  65.867""], ["" 126.401"", "" 130.423"", ""  66.237""], ["" 124.923"", "" 129.898"", ""  64.935""], ["" 123.745"", "" 130.429"", ""  65.218""], ["" 125.040"", "" 129.646"", ""  63.568""], ["" 123.050"", "" 130.533"", ""  64.011""], ["" 123.845"", "" 130.057"", ""  63.024""]]",[],1p_Grossjean_2025
21,1436,1q_Grossjean_2025,receptor_tmp,1,3,-5.42,-0.24636363636363637,0.0,0.0,1,189.84,-7.51,-7.36,-0.15,-7.51,0.0,-1.05,2.09,-1.05,32,9,0.0,0.0,0.0,10.095748,10.168959,10.374279,-0.50841577,-0.29866639,0.80765822,220.101196,"336.647766, 290.338318, 113.587364, 67.448738, 160.957565, 204.529907, 221.775833, ","[["" 127.287"", "" 128.491"", ""  66.532""], ["" 126.465"", "" 129.488"", ""  66.154""], ["" 127.252"", "" 127.363"", ""  66.035""], ["" 126.542"", "" 130.375"", ""  66.630""], ["" 128.307"", "" 128.839"", ""  67.626""], ["" 129.739"", "" 128.346"", ""  67.338""], ["" 129.882"", "" 126.536"", ""  67.247""], ["" 131.134"", "" 126.125"", ""  66.049""], ["" 132.055"", "" 125.883"", ""  63.821""], ["" 130.969"", "" 126.249"", ""  64.648""], ["" 133.231"", "" 125.404"", ""  64.406""], ["" 129.710"", "" 126.698"", ""  64.049""], ["" 133.298"", "" 125.290"", ""  65.793""], ["" 128.717"", "" 127.052"", ""  63.572""], ["" 132.272"", "" 125.636"", ""  66.605""], ["" 132.000"", "" 125.982"", ""  62.297""], ["" 134.541"", "" 124.767"", ""  66.489""], ["" 125.420"", "" 129.399"", ""  65.123""], ["" 124.207"", "" 130.308"", ""  65.413""], ["" 124.108"", "" 130.890"", ""  66.495""], ["" 123.331"", "" 130.406"", ""  64.383""], ["" 123.730"", "" 130.069"", ""  63.062""]]",[],1q_Grossjean_2025
22,2048,2a_Ghoteimi_2023,receptor_tmp,1,5,-9.05,-0.18469387755102043,0.0,0.0,2,191.37,-12.34,-11.7,-0.64,-12.34,0.0,-4.17,3.28,-4.17,56,9,0.0,0.0,0.0,15.582572,8.240677,2.904972,0.07543655,-0.39921636,-0.91374812,187.918503,"119.299667, 14.074011, 281.121063, 203.046036, 231.654617, 323.706482, 147.003403, 17.920036, 236.579941, 49.87851, 237.712448, ","[["" 130.709"", "" 126.228"", ""  60.119""], ["" 131.006"", "" 127.451"", ""  60.610""], ["" 130.120"", "" 126.014"", ""  59.058""], ["" 131.427"", "" 127.470"", ""  61.527""], ["" 131.122"", "" 125.049"", ""  61.010""], ["" 131.961"", "" 125.530"", ""  62.554""], ["" 130.737"", "" 126.385"", ""  63.519""], ["" 132.593"", "" 125.178"", ""  66.315""], ["" 131.783"", "" 125.733"", ""  65.703""], ["" 130.755"", "" 126.439"", ""  64.930""], ["" 129.725"", "" 127.161"", ""  65.581""], ["" 129.774"", "" 126.982"", ""  62.778""], ["" 128.739"", "" 127.771"", ""  64.793""], ["" 128.787"", "" 127.674"", ""  63.400""], ["" 129.617"", "" 127.310"", ""  67.064""], ["" 128.616"", "" 126.633"", ""  67.767""], ["" 130.487"", "" 128.145"", ""  67.770""], ["" 128.495"", "" 126.781"", ""  69.145""], ["" 130.367"", "" 128.291"", ""  69.149""], ["" 129.373"", "" 127.606"", ""  69.864""], ["" 129.257"", "" 127.782"", ""  71.246""], ["" 128.745"", "" 129.064"", ""  71.771""], ["" 130.262"", "" 127.237"", ""  72.178""], ["" 128.304"", "" 128.985"", ""  73.248""], ["" 129.787"", "" 127.207"", ""  73.646""], ["" 129.372"", "" 128.502"", ""  74.049""], ["" 127.764"", "" 128.315"", ""  62.518""], ["" 127.498"", "" 129.688"", ""  62.594""], ["" 127.035"", "" 127.551"", ""  61.600""], ["" 126.536"", "" 130.276"", ""  61.778""], ["" 126.072"", "" 128.139"", ""  60.786""], ["" 125.809"", "" 129.517"", ""  60.850""], ["" 124.825"", "" 130.118"", ""  60.058""], ["" 125.032"", "" 130.348"", ""  58.614""], ["" 123.985"", "" 131.197"", ""  60.620""], ["" 123.736"", "" 130.675"", ""  57.842""], ["" 122.722"", "" 131.498"", ""  59.788""], ["" 123.077"", "" 131.778"", ""  58.443""], ["" 130.788"", "" 128.725"", ""  60.052""], ["" 129.491"", "" 128.975"", ""  59.600""], ["" 131.759"", "" 129.731"", ""  59.941""], ["" 129.164"", "" 130.203"", ""  59.034""], ["" 131.431"", "" 130.959"", ""  59.373""], ["" 130.131"", "" 131.211"", ""  58.913""], ["" 129.815"", "" 132.548"", ""  58.306""], ["" 130.485"", "" 133.060"", ""  57.404""], ["" 128.721"", "" 133.139"", ""  58.852""], ["" 128.641"", "" 133.387"", ""  60.250""], ["" 127.178"", "" 133.611"", ""  60.644""]]",[],2a_Ghoteimi_2023
23,8236,2a_Grossjean_2025,receptor_tmp,1,5,-7.25,-0.24166666666666667,0.0,0.0,1,184.46,-9.64,-9.28,-0.36,-9.64,0.0,-0.97,2.39,-0.97,39,7,0.0,0.0,0.0,10.177747,7.180524,8.333834,-0.31254543,0.13681768,-0.93999802,255.275543,"128.766083, 105.013, 59.571003, 312.847748, 203.020096, 256.276581, 225.248367, 303.207428, ","[["" 132.005"", "" 125.695"", ""  65.316""], ["" 130.832"", "" 126.270"", ""  65.659""], ["" 132.791"", "" 125.154"", ""  66.094""], ["" 130.288"", "" 126.648"", ""  64.899""], ["" 132.353"", "" 125.746"", ""  63.824""], ["" 133.586"", "" 124.496"", ""  63.328""], ["" 132.943"", "" 123.517"", ""  61.976""], ["" 133.129"", "" 122.978"", ""  59.713""], ["" 132.059"", "" 122.090"", ""  59.786""], ["" 133.570"", "" 123.677"", ""  60.783""], ["" 131.402"", "" 121.901"", ""  61.011""], ["" 131.852"", "" 122.632"", ""  62.140""], ["" 131.199"", "" 122.476"", ""  63.444""], ["" 130.684"", "" 122.353"", ""  64.473""], ["" 133.862"", "" 123.232"", ""  58.409""], ["" 130.221"", "" 120.914"", ""  61.075""], ["" 129.080"", "" 121.577"", ""  61.263""], ["" 130.140"", "" 120.227"", ""  59.935""], ["" 130.341"", "" 120.031"", ""  62.069""], ["" 130.210"", "" 126.374"", ""  66.917""], ["" 129.774"", "" 127.652"", ""  67.271""], ["" 130.011"", "" 125.309"", ""  67.807""], ["" 129.133"", "" 127.868"", ""  68.487""], ["" 129.373"", "" 125.528"", ""  69.026""], ["" 128.923"", "" 126.806"", ""  69.379""], ["" 128.233"", "" 127.003"", ""  70.699""], ["" 127.165"", "" 127.610"", ""  70.823""], ["" 128.913"", "" 126.462"", ""  71.743""], ["" 130.073"", "" 127.096"", ""  72.270""], ["" 130.023"", "" 128.592"", ""  71.947""]]",[],2a_Grossjean_2025
24,8245,2aa_Ghoteimi_2023,receptor_tmp,1,3,-8.97,-0.18306122448979592,0.0,0.0,2,189.16,-12.25,-11.74,-0.51,-12.25,0.0,-2.8,3.28,-2.8,62,5,0.0,0.0,0.0,7.754464,11.328946,10.097321,0.65680263,-0.74801429,0.0953149,106.971107,"197.231369, 164.920395, 349.131012, 324.531342, 80.147034, 343.981506, 142.995544, 295.314728, 98.815269, 320.998199, 88.870216, ","[["" 128.113"", "" 126.976"", ""  70.469""], ["" 129.337"", "" 126.446"", ""  70.684""], ["" 127.264"", "" 127.174"", ""  71.340""], ["" 129.951"", "" 126.409"", ""  69.884""], ["" 127.832"", "" 127.359"", ""  69.010""], ["" 129.061"", "" 127.684"", ""  68.352""], ["" 129.138"", "" 127.656"", ""  66.966""], ["" 130.497"", "" 124.490"", ""  67.740""], ["" 130.119"", "" 125.385"", ""  67.110""], ["" 129.642"", "" 126.517"", ""  66.313""], ["" 129.691"", "" 126.508"", ""  64.899""], ["" 128.713"", "" 128.753"", ""  66.278""], ["" 129.259"", "" 127.653"", ""  64.217""], ["" 128.778"", "" 128.760"", ""  64.923""], ["" 130.170"", "" 125.347"", ""  64.089""], ["" 129.811"", "" 124.044"", ""  64.442""], ["" 131.005"", "" 125.539"", ""  62.985""], ["" 130.270"", "" 122.957"", ""  63.704""], ["" 131.464"", "" 124.452"", ""  62.248""], ["" 131.114"", "" 123.141"", ""  62.598""], ["" 131.585"", "" 122.065"", ""  61.841""], ["" 132.853"", "" 122.148"", ""  61.091""], ["" 130.619"", "" 121.242"", ""  61.084""], ["" 133.378"", "" 120.776"", ""  60.617""], ["" 131.202"", "" 119.894"", ""  60.612""], ["" 132.381"", "" 120.113"", ""  59.854""], ["" 128.290"", "" 129.996"", ""  64.236""], ["" 129.177"", "" 130.826"", ""  63.545""], ["" 126.938"", "" 130.357"", ""  64.269""], ["" 128.727"", "" 131.975"", ""  62.898""], ["" 126.487"", "" 131.503"", ""  63.620""], ["" 127.369"", "" 132.328"", ""  62.907""], ["" 126.902"", "" 133.485"", ""  62.273""], ["" 127.826"", "" 134.554"", ""  61.843""], ["" 125.773"", "" 133.394"", ""  61.324""], ["" 127.123"", "" 135.883"", ""  61.497""], ["" 125.129"", "" 134.757"", ""  60.993""], ["" 126.117"", "" 135.660"", ""  60.522""], ["" 129.920"", "" 125.977"", ""  71.878""], ["" 130.464"", "" 126.956"", ""  72.711""], ["" 130.000"", "" 124.630"", ""  72.257""], ["" 131.067"", "" 126.603"", ""  73.914""], ["" 130.607"", "" 124.278"", ""  73.459""], ["" 131.145"", "" 125.257"", ""  74.303""], ["" 131.794"", "" 124.842"", ""  75.593""], ["" 131.380"", "" 123.910"", ""  76.291""], ["" 132.870"", "" 125.601"", ""  75.921""], ["" 134.146"", "" 125.358"", ""  75.342""], ["" 134.573"", "" 126.582"", ""  74.524""]]",[],2aa_Ghoteimi_2023
25,8125,2b_Ghoteimi_2023,receptor_tmp,1,3,-9.86,-0.22930232558139532,0.0,0.0,5,192.31,-12.24,-11.44,-0.8,-12.24,0.0,-1.56,2.39,-1.56,60,6,0.0,0.0,0.0,10.630508,9.857619,8.11077,0.41331292,-0.84937736,0.3282233,108.197769,"12.864242, 349.605438, 296.036835, 88.082718, 31.306942, 330.315796, 169.668243, 321.285553, ","[["" 128.755"", "" 127.598"", ""  68.739""], ["" 129.044"", "" 127.459"", ""  66.988""], ["" 130.259"", "" 124.188"", ""  67.751""], ["" 129.963"", "" 125.127"", ""  67.143""], ["" 129.590"", "" 126.313"", ""  66.368""], ["" 129.765"", "" 126.339"", ""  64.961""], ["" 128.657"", "" 128.551"", ""  66.287""], ["" 129.389"", "" 127.493"", ""  64.263""], ["" 128.825"", "" 128.578"", ""  64.940""], ["" 130.323"", "" 125.200"", ""  64.173""], ["" 131.370"", "" 125.412"", ""  63.275""], ["" 129.798"", "" 123.912"", ""  64.308""], ["" 131.894"", "" 124.354"", ""  62.537""], ["" 130.319"", "" 122.855"", ""  63.568""], ["" 131.372"", "" 123.057"", ""  62.665""], ["" 131.888"", "" 121.978"", ""  61.946""], ["" 131.012"", "" 121.258"", ""  61.000""], ["" 133.270"", "" 121.991"", ""  61.425""], ["" 131.573"", "" 119.887"", ""  60.569""], ["" 133.771"", "" 120.598"", ""  60.992""], ["" 132.881"", "" 120.038"", ""  60.039""], ["" 128.380"", "" 129.821"", ""  64.238""], ["" 127.043"", "" 130.232"", ""  64.292""], ["" 129.284"", "" 130.613"", ""  63.520""], ["" 126.625"", "" 131.396"", ""  63.654""], ["" 128.866"", "" 131.776"", ""  62.879""], ["" 127.526"", "" 132.188"", ""  62.925""], ["" 127.126"", "" 133.377"", ""  62.304""], ["" 128.126"", "" 134.422"", ""  62.004""], ["" 126.066"", "" 133.391"", ""  61.278""], ["" 127.504"", "" 135.801"", ""  61.691""], ["" 125.505"", "" 134.799"", ""  60.983""], ["" 126.561"", "" 135.680"", ""  60.637""], ["" 130.242"", "" 128.334"", ""  69.484""], ["" 130.106"", "" 128.496"", ""  70.998""], ["" 129.604"", "" 129.679"", ""  71.414""], ["" 130.444"", "" 127.570"", ""  71.738""], ["" 129.379"", "" 130.361"", ""  70.704""], ["" 129.388"", "" 130.090"", ""  72.721""], ["" 129.056"", "" 129.309"", ""  73.735""], ["" 129.497"", "" 131.419"", ""  73.129""], ["" 128.942"", "" 130.134"", ""  74.856""], ["" 129.211"", "" 131.405"", ""  74.474""]]",[],2b_Ghoteimi_2023
26,1786,2b_Grossjean_2025,receptor_tmp,1,1,-6.76,-0.23310344827586207,0.0,0.0,2,188.94,-8.85,-8.24,-0.62,-8.85,0.0,-0.8,2.09,-0.8,35,7,0.0,0.0,0.0,8.57146,8.857148,9.183164,-0.42297054,0.04168137,-0.90518428,218.061127,"240.332214, 19.14373, 163.095062, 242.988602, 254.080688, 222.124344, 30.763748, ","[["" 127.175"", "" 128.181"", ""  66.336""], ["" 128.296"", "" 128.382"", ""  67.060""], ["" 126.122"", "" 127.709"", ""  66.768""], ["" 129.104"", "" 128.703"", ""  66.547""], ["" 127.274"", "" 128.569"", ""  64.857""], ["" 128.304"", "" 130.046"", ""  64.571""], ["" 127.387"", "" 131.257"", ""  63.629""], ["" 125.280"", "" 132.092"", ""  63.077""], ["" 125.828"", "" 133.059"", ""  62.239""], ["" 126.037"", "" 131.209"", ""  63.764""], ["" 127.221"", "" 133.132"", ""  62.089""], ["" 128.028"", "" 132.207"", ""  62.800""], ["" 129.489"", "" 132.234"", ""  62.677""], ["" 130.642"", "" 132.255"", ""  62.580""], ["" 123.781"", "" 131.964"", ""  63.272""], ["" 127.812"", "" 134.211"", ""  61.162""], ["" 126.831"", "" 134.940"", ""  60.628""], ["" 128.622"", "" 135.016"", ""  61.852""], ["" 128.522"", "" 133.696"", ""  60.156""], ["" 128.537"", "" 128.149"", ""  68.428""], ["" 129.621"", "" 128.833"", ""  68.978""], ["" 127.763"", "" 127.313"", ""  69.246""], ["" 129.943"", "" 128.679"", ""  70.324""], ["" 128.086"", "" 127.161"", ""  70.591""], ["" 129.179"", "" 127.839"", ""  71.147""], ["" 129.497"", "" 127.651"", ""  72.603""], ["" 129.834"", "" 128.575"", ""  73.349""], ["" 129.374"", "" 126.363"", ""  73.016""], ["" 130.340"", "" 125.385"", ""  72.661""]]",[],2b_Grossjean_2025
27,8435,2c_Ghoteimi_2023,receptor_tmp,1,7,-9.89,-0.23,0.0,0.0,1,192.51,-12.28,-11.79,-0.49,-12.28,0.0,-1.92,2.39,-1.92,71,5,0.0,0.0,0.0,9.795176,9.982289,13.434447,0.81281105,0.48026412,0.32967342,141.90538,"39.878799, 179.33075, 234.419083, 2.414933, 186.268555, 316.725433, 95.834839, 187.467316, ","[["" 130.797"", "" 129.820"", ""  72.462""], ["" 130.137"", "" 128.349"", ""  71.711""], ["" 131.567"", "" 126.645"", ""  74.503""], ["" 131.001"", "" 126.827"", ""  73.511""], ["" 130.281"", "" 127.052"", ""  72.254""], ["" 129.705"", "" 125.967"", ""  71.548""], ["" 129.447"", "" 128.586"", ""  70.570""], ["" 129.024"", "" 126.235"", ""  70.353""], ["" 128.897"", "" 127.548"", ""  69.890""], ["" 129.781"", "" 124.546"", ""  72.002""], ["" 129.246"", "" 124.173"", ""  73.236""], ["" 130.393"", "" 123.571"", ""  71.210""], ["" 129.308"", "" 122.850"", ""  73.664""], ["" 130.457"", "" 122.248"", ""  71.639""], ["" 129.920"", "" 121.863"", ""  72.875""], ["" 129.975"", "" 120.526"", ""  73.276""], ["" 131.157"", "" 120.043"", ""  74.017""], ["" 128.772"", "" 119.816"", ""  73.751""], ["" 131.266"", "" 118.503"", ""  74.052""], ["" 128.942"", "" 118.283"", ""  73.794""], ["" 130.074"", "" 117.943"", ""  74.580""], ["" 128.166"", "" 127.887"", ""  68.631""], ["" 127.037"", "" 127.159"", ""  68.242""], ["" 128.582"", "" 128.945"", ""  67.813""], ["" 126.348"", "" 127.474"", ""  67.073""], ["" 127.895"", "" 129.259"", ""  66.643""], ["" 126.771"", "" 128.524"", ""  66.242""], ["" 126.076"", "" 128.870"", ""  65.078""], ["" 125.070"", "" 129.951"", ""  65.116""], ["" 126.731"", "" 128.848"", ""  63.754""], ["" 124.128"", "" 129.962"", ""  63.894""], ["" 125.742"", "" 128.896"", ""  62.570""], ["" 124.885"", "" 130.019"", ""  62.697""], ["" 129.389"", "" 130.836"", ""  73.001""], ["" 128.332"", "" 130.010"", ""  73.735""], ["" 127.127"", "" 130.602"", ""  73.880""], ["" 128.620"", "" 128.882"", ""  74.139""], ["" 127.018"", "" 131.536"", ""  73.511""], ["" 126.014"", "" 130.073"", ""  74.517""], ["" 125.518"", "" 128.860"", ""  74.403""], ["" 125.159"", "" 131.114"", ""  75.609""], ["" 124.453"", "" 128.699"", ""  75.163""], ["" 124.063"", "" 129.801"", ""  75.918""]]",[],2c_Ghoteimi_2023
28,1856,2c_Grossjean_2025,receptor_tmp,1,2,-5.85,-0.21666666666666665,0.0,0.0,3,187.85,-7.64,-7.47,-0.17,-7.64,0.0,-1.8,1.79,-1.8,53,2,0.0,0.0,0.0,13.943509,8.624574,4.843409,-0.97625533,-0.07951314,-0.20150232,62.577763,"233.892273, 99.668999, 219.30426, 101.044098, 143.331284, 192.340225, ","[["" 133.867"", "" 123.337"", ""  62.186""], ["" 132.958"", "" 123.402"", ""  60.603""], ["" 131.438"", "" 122.471"", ""  60.751""], ["" 129.120"", "" 122.573"", ""  60.995""], ["" 129.011"", "" 121.184"", ""  60.999""], ["" 130.305"", "" 123.210"", ""  60.869""], ["" 130.166"", "" 120.401"", ""  60.871""], ["" 131.417"", "" 121.056"", ""  60.743""], ["" 132.659"", "" 120.287"", ""  60.608""], ["" 133.639"", "" 119.680"", ""  60.501""], ["" 127.904"", "" 123.468"", ""  61.139""], ["" 130.028"", "" 118.866"", ""  60.875""], ["" 128.767"", "" 118.522"", ""  61.141""], ["" 130.371"", "" 118.372"", ""  59.685""], ["" 130.805"", "" 118.282"", ""  61.791""], ["" 133.308"", "" 124.228"", ""  63.306""], ["" 131.974"", "" 124.434"", ""  63.257""], ["" 134.063"", "" 124.721"", ""  64.146""], ["" 131.491"", "" 124.069"", ""  62.449""], ["" 131.166"", "" 125.170"", ""  64.142""], ["" 130.409"", "" 126.289"", ""  63.768""], ["" 131.175"", "" 124.759"", ""  65.476""], ["" 129.653"", "" 126.967"", ""  64.721""], ["" 130.417"", "" 125.439"", ""  66.425""], ["" 129.645"", "" 126.551"", ""  66.052""], ["" 128.863"", "" 127.285"", ""  66.923""], ["" 129.356"", "" 128.524"", ""  67.422""]]",[],2c_Grossjean_2025
29,8083,2d_Ghoteimi_2023,receptor_tmp,1,6,-8.15,-0.21447368421052632,0.0,0.0,3,191.03,-10.54,-10.04,-0.5,-10.54,0.0,-1.33,2.39,-1.33,55,5,0.0,0.0,0.0,9.879326,10.098717,7.215778,0.04411107,-0.99902663,-5.19e-06,83.892311,"200.305862, 281.218353, 172.756897, 139.83017, 336.644623, 268.906219, 87.432968, 52.087063, ","[["" 129.063"", "" 127.944"", ""  68.808""], ["" 129.155"", "" 127.732"", ""  67.042""], ["" 130.498"", "" 124.502"", ""  67.773""], ["" 130.116"", "" 125.413"", ""  67.170""], ["" 129.633"", "" 126.565"", ""  66.403""], ["" 129.641"", "" 126.539"", ""  64.986""], ["" 128.752"", "" 128.826"", ""  66.350""], ["" 129.188"", "" 127.669"", ""  64.295""], ["" 128.762"", "" 128.803"", ""  64.993""], ["" 130.107"", "" 125.375"", ""  64.174""], ["" 129.773"", "" 124.074"", ""  64.554""], ["" 130.858"", "" 125.564"", ""  63.009""], ["" 130.191"", "" 122.983"", ""  63.798""], ["" 131.278"", "" 124.474"", ""  62.253""], ["" 130.962"", "" 123.164"", ""  62.637""], ["" 131.382"", "" 122.084"", ""  61.856""], ["" 132.629"", "" 122.143"", ""  61.069""], ["" 130.376"", "" 121.290"", ""  61.123""], ["" 133.109"", "" 120.763"", ""  60.570""], ["" 130.913"", "" 119.931"", ""  60.626""], ["" 132.075"", "" 120.127"", ""  59.835""], ["" 128.287"", "" 130.038"", ""  64.299""], ["" 126.927"", "" 130.366"", ""  64.280""], ["" 129.183"", "" 130.895"", ""  63.648""], ["" 126.477"", "" 131.515"", ""  63.636""], ["" 128.734"", "" 132.045"", ""  63.005""], ["" 127.374"", "" 132.385"", ""  62.996""], ["" 126.936"", "" 133.534"", ""  62.328""], ["" 127.880"", "" 134.586"", ""  61.902""], ["" 125.830"", "" 133.438"", ""  61.354""], ["" 127.196"", "" 135.918"", ""  61.531""], ["" 125.204"", "" 134.801"", ""  60.991""], ["" 126.208"", "" 135.693"", ""  60.537""], ["" 127.619"", "" 127.013"", ""  69.424""], ["" 127.504"", "" 127.112"", ""  70.952""], ["" 126.692"", "" 127.846"", ""  71.523""], ["" 128.398"", "" 126.308"", ""  71.564""], ["" 129.705"", "" 126.777"", ""  71.860""]]",[],2d_Ghoteimi_2023
30,2423,2d_Grossjean_2025,receptor_tmp,1,15,-6.34,-0.2536,0.0,0.0,2,188.28,-7.83,-7.71,-0.12,-7.83,0.0,-0.73,1.49,-0.73,39,7,0.0,0.0,0.0,12.822752,8.044222,4.533725,-0.58746654,-0.80363326,-0.09516644,95.108971,"108.06469, 343.095215, 18.016489, 284.379028, 152.725189, ","[["" 133.423"", "" 124.401"", ""  63.975""], ["" 132.729"", "" 123.626"", ""  62.527""], ["" 133.027"", "" 123.289"", ""  60.242""], ["" 131.848"", "" 122.554"", ""  60.148""], ["" 133.469"", "" 123.814"", ""  61.407""], ["" 131.080"", "" 122.330"", ""  61.301""], ["" 131.532"", "" 122.871"", ""  62.531""], ["" 130.791"", "" 122.627"", ""  63.772""], ["" 130.206"", "" 122.432"", ""  64.751""], ["" 133.897"", "" 123.555"", ""  59.028""], ["" 129.784"", "" 121.507"", ""  61.179""], ["" 128.790"", "" 122.123"", ""  61.819""], ["" 129.450"", "" 121.367"", ""  59.894""], ["" 129.898"", "" 120.283"", ""  61.698""], ["" 132.455"", "" 125.898"", ""  64.358""], ["" 131.524"", "" 125.718"", ""  65.561""], ["" 130.547"", "" 126.641"", ""  65.687""], ["" 131.694"", "" 124.755"", ""  66.310""], ["" 130.477"", "" 127.322"", ""  64.945""], ["" 129.551"", "" 126.751"", ""  66.674""], ["" 128.310"", "" 127.225"", ""  66.242""], ["" 129.744"", "" 126.446"", ""  68.032""], ["" 127.262"", "" 127.374"", ""  67.147""], ["" 128.695"", "" 126.597"", ""  68.934""], ["" 127.459"", "" 127.057"", ""  68.489""]]",[],2d_Grossjean_2025
31,8287,2e_Grossjean_2025,receptor_tmp,1,19,-6.68,-0.2569230769230769,0.0,0.0,4,190.43,-8.18,-8.09,-0.09,-8.18,0.0,-0.84,1.49,-0.84,54,6,0.0,0.0,0.0,11.546474,5.627449,5.276817,0.54402496,0.82565722,-0.14942222,274.495789,"136.860504, 26.366619, 67.546516, 20.645452, 40.62941, ","[["" 133.579"", "" 124.377"", ""  62.855""], ["" 132.962"", "" 123.259"", ""  61.615""], ["" 133.058"", "" 122.649"", ""  59.371""], ["" 132.063"", "" 121.688"", ""  59.542""], ["" 133.503"", "" 123.428"", ""  60.383""], ["" 131.487"", "" 121.507"", ""  60.809""], ["" 131.947"", "" 122.312"", ""  61.881""], ["" 131.365"", "" 122.193"", ""  63.221""], ["" 130.904"", "" 122.099"", ""  64.279""], ["" 133.705"", "" 122.890"", ""  58.021""], ["" 130.375"", "" 120.456"", ""  60.978""], ["" 129.183"", "" 121.052"", ""  61.022""], ["" 130.395"", "" 119.603"", ""  59.953""], ["" 130.507"", "" 119.741"", ""  62.097""], ["" 132.429"", "" 125.789"", ""  62.852""], ["" 131.274"", "" 125.593"", ""  63.839""], ["" 131.459"", "" 126.117"", ""  65.071""], ["" 130.281"", "" 124.955"", ""  63.485""], ["" 132.266"", "" 126.709"", ""  65.199""], ["" 130.633"", "" 125.987"", ""  66.201""], ["" 130.727"", "" 124.910"", ""  67.035""], ["" 129.755"", "" 127.045"", ""  66.462""], ["" 129.931"", "" 124.868"", ""  68.135""], ["" 128.941"", "" 126.987"", ""  67.597""], ["" 129.025"", "" 125.885"", ""  68.450""], ["" 130.090"", "" 123.645"", ""  69.017""]]",[],2e_Grossjean_2025
32,7855,2f_Grossjean_2025,receptor_tmp,1,11,-5.81,-0.2324,0.0,0.0,7,191.27,-7.3,-7.09,-0.21,-7.3,0.0,-1.79,1.49,-1.79,43,5,0.0,0.0,0.0,9.294127,13.940188,5.224754,0.94958095,-0.20755908,0.23497927,241.604523,"109.046478, 251.850739, 250.209473, 286.36438, 202.430573, ","[["" 129.926"", "" 132.280"", ""  61.435""], ["" 128.366"", "" 133.120"", ""  61.246""], ["" 127.324"", "" 135.201"", ""  61.344""], ["" 126.088"", "" 134.651"", ""  61.012""], ["" 128.445"", "" 134.455"", ""  61.467""], ["" 125.982"", "" 133.268"", ""  60.803""], ["" 127.148"", "" 132.471"", ""  60.931""], ["" 127.077"", "" 131.015"", ""  60.779""], ["" 127.021"", "" 129.866"", ""  60.657""], ["" 127.492"", "" 136.689"", ""  61.589""], ["" 124.604"", "" 132.677"", ""  60.447""], ["" 124.319"", "" 131.656"", ""  61.258""], ["" 123.661"", "" 133.611"", ""  60.581""], ["" 124.543"", "" 132.221"", ""  59.195""], ["" 129.724"", "" 130.991"", ""  62.712""], ["" 128.556"", "" 131.215"", ""  63.683""], ["" 127.518"", "" 130.368"", ""  63.515""], ["" 128.614"", "" 132.096"", ""  64.542""], ["" 127.634"", "" 129.655"", ""  62.808""], ["" 126.298"", "" 130.297"", ""  64.213""], ["" 125.300"", "" 131.202"", ""  63.835""], ["" 126.010"", "" 129.408"", ""  65.265""], ["" 124.076"", "" 131.252"", ""  64.421""], ["" 124.756"", "" 129.447"", ""  65.879""], ["" 123.821"", "" 130.378"", ""  65.428""]]",[],2f_Grossjean_2025
33,8161,2g_Grossjean_2025,receptor_tmp,1,8,-6.52,-0.25076923076923074,0.0,0.0,3,188.46,-8.31,-8.26,-0.05,-8.31,0.0,-1.34,1.79,-1.34,42,7,0.0,0.0,0.0,12.745656,7.709638,6.281407,-0.80169563,-0.23366069,-0.55016979,215.643463,"128.02948, 240.241989, 306.749695, 1.302417, 68.897964, 354.429077, ","[["" 133.646"", "" 124.338"", ""  63.332""], ["" 132.941"", "" 123.402"", ""  61.992""], ["" 133.126"", "" 122.926"", ""  59.719""], ["" 132.048"", "" 122.045"", ""  59.766""], ["" 133.568"", "" 123.599"", ""  60.806""], ["" 131.372"", "" 121.848"", ""  60.980""], ["" 131.818"", "" 122.551"", ""  62.128""], ["" 131.112"", "" 122.424"", ""  63.406""], ["" 130.554"", "" 122.323"", ""  64.415""], ["" 133.886"", "" 123.183"", ""  58.432""], ["" 130.176"", "" 120.876"", ""  61.011""], ["" 129.034"", "" 121.552"", ""  61.147""], ["" 130.132"", "" 120.177"", ""  59.875""], ["" 130.245"", "" 120.004"", ""  62.019""], ["" 132.398"", "" 125.557"", ""  63.866""], ["" 131.945"", "" 125.415"", ""  65.326""], ["" 130.768"", "" 124.788"", ""  65.508""], ["" 132.630"", "" 125.847"", ""  66.255""], ["" 130.254"", "" 124.485"", ""  64.693""], ["" 130.128"", "" 124.542"", ""  66.801""], ["" 129.577"", "" 125.793"", ""  67.478""], ["" 129.216"", "" 126.900"", ""  66.705""], ["" 129.377"", "" 125.809"", ""  68.861""], ["" 128.677"", "" 128.030"", ""  67.318""], ["" 128.839"", "" 126.938"", ""  69.472""], ["" 128.492"", "" 128.044"", ""  68.698""]]",[],2g_Grossjean_2025
34,1759,2h_Grossjean_2025,receptor_tmp,1,5,-5.85,-0.1828125,0.0,0.0,7,192.28,-8.53,-8.22,-0.31,-8.53,0.0,-3.13,2.68,-3.13,39,4,0.0,0.0,0.0,5.195573,11.13397,2.339432,-0.30511143,0.64760278,0.69822465,51.496258,"8.70143, 137.932999, 115.897278, 207.615219, 356.449402, 349.02298, 281.373444, 24.552977, 256.85733, ","[["" 124.094"", "" 131.360"", ""  59.826""], ["" 125.432"", "" 131.477"", ""  59.881""], ["" 123.446"", "" 131.496"", ""  58.786""], ["" 125.895"", "" 131.320"", ""  60.765""], ["" 123.402"", "" 131.033"", ""  61.156""], ["" 124.009"", "" 131.977"", ""  62.594""], ["" 124.396"", "" 130.791"", ""  63.862""], ["" 123.697"", "" 129.900"", ""  65.897""], ["" 124.801"", "" 129.052"", ""  65.959""], ["" 123.490"", "" 130.754"", ""  64.870""], ["" 125.738"", "" 129.060"", ""  64.915""], ["" 125.531"", "" 129.946"", ""  63.827""], ["" 126.449"", "" 129.952"", ""  62.684""], ["" 127.173"", "" 129.952"", ""  61.782""], ["" 122.648"", "" 129.919"", ""  66.992""], ["" 126.947"", "" 128.109"", ""  64.997""], ["" 128.068"", "" 128.811"", ""  65.163""], ["" 126.860"", "" 127.248"", ""  66.014""], ["" 127.046"", "" 127.395"", ""  63.875""], ["" 126.304"", "" 131.680"", ""  58.724""], ["" 127.793"", "" 131.632"", ""  59.063""], ["" 128.282"", "" 132.197"", ""  60.250""], ["" 128.682"", "" 131.022"", ""  58.176""], ["" 129.650"", "" 132.107"", ""  60.558""], ["" 130.040"", "" 130.950"", ""  58.474""], ["" 130.540"", "" 131.490"", ""  59.670""], ["" 127.414"", "" 132.803"", ""  61.127""], ["" 127.488"", "" 134.223"", ""  61.139""], ["" 130.130"", "" 132.643"", ""  61.730""], ["" 129.767"", "" 131.913"", ""  62.894""], ["" 131.874"", "" 131.450"", ""  60.037""], ["" 132.413"", "" 130.250"", ""  60.579""]]",[],2h_Grossjean_2025
35,1540,2i_Grossjean_2025,receptor_tmp,1,1,-6.12,-0.255,0.0,0.0,2,188.31,-7.62,-7.34,-0.27,-7.62,0.0,-0.91,1.49,-0.91,32,9,0.0,0.0,0.0,14.813704,6.231586,4.730098,-0.26479714,0.95405407,-0.14022594,296.002258,"110.321915, 87.326111, 140.018768, 163.429871, 286.256622, ","[["" 134.230"", "" 123.047"", ""  62.505""], ["" 132.986"", "" 122.878"", ""  61.235""], ["" 132.525"", "" 122.995"", ""  58.951""], ["" 131.188"", "" 122.668"", ""  59.155""], ["" 133.413"", "" 123.100"", ""  59.965""], ["" 130.726"", "" 122.434"", ""  60.458""], ["" 131.646"", "" 122.539"", ""  61.532""], ["" 131.218"", "" 122.304"", ""  62.915""], ["" 130.880"", "" 122.118"", ""  64.006""], ["" 133.078"", "" 123.255"", ""  57.562""], ["" 129.242"", "" 122.074"", ""  60.666""], ["" 128.713"", "" 122.849"", ""  61.614""], ["" 128.564"", "" 122.254"", ""  59.532""], ["" 129.066"", "" 120.805"", ""  61.041""], ["" 134.262"", "" 124.786"", ""  63.037""], ["" 133.548"", "" 124.996"", ""  64.373""], ["" 132.212"", "" 125.182"", ""  64.303""], ["" 134.205"", "" 124.962"", ""  65.415""], ["" 131.781"", "" 125.149"", ""  63.391""], ["" 131.347"", "" 125.375"", ""  65.367""], ["" 131.592"", "" 124.757"", ""  66.502""], ["" 130.179"", "" 126.147"", ""  65.453""], ["" 130.577"", "" 125.125"", ""  67.388""], ["" 129.733"", "" 125.963"", ""  66.742""]]",[],2i_Grossjean_2025
36,8030,2j_Grossjean_2025,receptor_tmp,1,8,-6.0,-0.25,0.0,0.0,2,187.87,-7.49,-7.47,-0.02,-7.49,0.0,-0.62,1.49,-0.62,39,5,0.0,0.0,0.0,13.472221,7.337383,5.271566,0.39985786,-0.65448834,0.64168427,87.560905,"139.292877, 99.823921, 74.917854, 291.77829, 276.411194, ","[["" 133.530"", "" 124.457"", ""  62.937""], ["" 132.901"", "" 123.372"", ""  61.663""], ["" 133.023"", "" 122.745"", ""  59.421""], ["" 132.040"", "" 121.773"", ""  59.590""], ["" 133.452"", "" 123.532"", ""  60.433""], ["" 131.459"", "" 121.590"", ""  60.853""], ["" 131.897"", "" 122.409"", ""  61.924""], ["" 131.325"", "" 122.262"", ""  63.266""], ["" 130.873"", "" 122.144"", ""  64.325""], ["" 133.686"", "" 122.981"", ""  58.077""], ["" 130.374"", "" 120.510"", ""  61.022""], ["" 129.165"", "" 121.074"", ""  61.021""], ["" 130.442"", "" 119.633"", ""  60.019""], ["" 130.498"", "" 119.827"", ""  62.162""], ["" 132.332"", "" 125.813"", ""  63.180""], ["" 131.244"", "" 125.533"", ""  64.227""], ["" 131.469"", "" 126.088"", ""  65.439""], ["" 130.252"", "" 124.860"", ""  63.940""], ["" 132.313"", "" 126.630"", ""  65.555""], ["" 130.654"", "" 125.993"", ""  66.559""], ["" 130.507"", "" 124.963"", ""  67.365""], ["" 129.705"", "" 127.385"", ""  66.971""], ["" 129.649"", "" 125.223"", ""  68.333""], ["" 129.078"", "" 126.492"", ""  68.324""]]",[],2j_Grossjean_2025
37,8177,2k_Grossjean_2025,receptor_tmp,2,5,-5.02,-0.17310344827586205,0.0,0.0,2,189.31,-8.9,-8.52,-0.38,-8.9,0.0,-1.64,3.88,-1.64,38,8,0.0,0.0,0.0,11.318098,5.96034,13.00409,-0.76531821,-0.60255659,-0.22630421,201.194031,"162.036148, 232.598343, 165.846054, 203.467285, 350.147308, 258.76236, 88.788704, 120.788002, 104.658188, 285.773499, 189.874176, 67.888786, 352.928864, ","[["" 130.007"", "" 126.865"", ""  66.665""], ["" 130.269"", "" 125.350"", ""  66.562""], ["" 131.177"", "" 125.000"", ""  65.467""], ["" 132.515"", "" 125.148"", ""  65.481""], ["" 133.139"", "" 125.578"", ""  66.453""], ["" 130.745"", "" 124.625"", ""  64.635""], ["" 133.242"", "" 124.763"", ""  64.184""], ["" 132.431"", "" 125.310"", ""  62.641""], ["" 132.231"", "" 123.911"", ""  61.547""], ["" 130.472"", "" 122.547"", ""  64.330""], ["" 130.942"", "" 122.634"", ""  63.275""], ["" 131.536"", "" 122.742"", ""  61.940""], ["" 131.429"", "" 121.679"", ""  61.008""], ["" 132.796"", "" 124.038"", ""  60.319""], ["" 132.013"", "" 121.836"", ""  59.741""], ["" 132.680"", "" 123.020"", ""  59.438""], ["" 133.327"", "" 123.244"", ""  58.085""], ["" 130.700"", "" 120.360"", ""  61.329""], ["" 130.525"", "" 120.172"", ""  62.638""], ["" 129.494"", "" 120.354"", ""  60.758""], ["" 131.402"", "" 119.325"", ""  60.866""], ["" 129.466"", "" 127.153"", ""  67.945""], ["" 129.605"", "" 128.500"", ""  68.370""], ["" 130.744"", "" 128.553"", ""  69.397""], ["" 130.192"", "" 128.894"", ""  70.663""], ["" 130.197"", "" 127.832"", ""  71.606""], ["" 129.022"", "" 126.892"", ""  71.307""], ["" 129.001"", "" 125.834"", ""  72.257""], ["" 129.736"", "" 124.691"", ""  71.847""]]",[],2k_Grossjean_2025
38,8332,3aa_Grossjean_2025,receptor_tmp,1,20,-7.59,-0.21685714285714286,0.0,0.0,1,191.36,-10.28,-9.75,-0.52,-10.28,0.0,-1.07,2.68,-1.07,63,7,0.0,0.0,0.0,10.492508,11.900424,7.482118,0.09244592,-0.83499715,0.54243296,172.971725,"21.654196, 239.472885, 115.587791, 340.32196, 184.715622, 48.143883, 273.641815, 232.827988, 336.824341, ","[["" 128.573"", "" 128.203"", ""  66.064""], ["" 129.074"", "" 128.847"", ""  67.141""], ["" 128.071"", "" 127.079"", ""  66.073""], ["" 129.521"", "" 129.735"", ""  66.961""], ["" 128.668"", "" 128.962"", ""  64.740""], ["" 127.358"", "" 130.215"", ""  64.585""], ["" 127.914"", "" 131.403"", ""  63.383""], ["" 124.785"", "" 133.001"", ""  63.991""], ["" 125.828"", "" 132.785"", ""  63.537""], ["" 127.148"", "" 132.513"", ""  62.962""], ["" 127.708"", "" 133.375"", ""  61.989""], ["" 128.999"", "" 133.099"", ""  61.513""], ["" 129.165"", "" 131.165"", ""  62.922""], ["" 129.713"", "" 131.999"", ""  62.001""], ["" 126.960"", "" 134.603"", ""  61.435""], ["" 127.390"", "" 134.970"", ""  60.226""], ["" 125.657"", "" 134.338"", ""  61.330""], ["" 127.125"", "" 135.642"", ""  62.254""], ["" 131.095"", "" 131.660"", ""  61.529""], ["" 131.288"", "" 130.755"", ""  60.474""], ["" 132.229"", "" 132.240"", ""  62.123""], ["" 132.569"", "" 130.436"", ""  60.029""], ["" 133.510"", "" 131.922"", ""  61.683""], ["" 133.675"", "" 131.020"", ""  60.637""], ["" 129.126"", "" 128.436"", ""  68.488""], ["" 130.243"", "" 128.860"", ""  69.212""], ["" 128.144"", "" 127.665"", ""  69.128""], ["" 130.392"", "" 128.505"", ""  70.550""], ["" 128.295"", "" 127.314"", ""  70.466""], ["" 129.421"", "" 127.723"", ""  71.192""], ["" 129.551"", "" 127.317"", ""  72.633""], ["" 129.794"", "" 128.116"", ""  73.543""], ["" 129.361"", "" 125.988"", ""  72.835""], ["" 130.462"", "" 125.088"", ""  72.867""], ["" 130.149"", "" 123.866"", ""  71.997""]]",[],3aa_Grossjean_2025
39,1677,3ab_Grossjean_2025,receptor_tmp,1,17,-7.54,-0.22176470588235295,0.0,0.0,2,189.7,-9.92,-9.18,-0.74,-9.92,0.0,-1.37,2.39,-1.37,68,7,0.0,0.0,0.0,9.525749,9.72787,7.392875,0.87359358,0.4595639,-0.16011024,246.461273,"186.534424, 157.855637, 208.914551, 196.346756, 0.327057, 217.459213, 61.953243, 99.257637, ","[["" 128.868"", "" 129.129"", ""  66.116""], ["" 129.283"", "" 128.128"", ""  66.920""], ["" 128.319"", "" 130.165"", ""  66.489""], ["" 129.670"", "" 127.318"", ""  66.457""], ["" 129.119"", "" 128.916"", ""  64.621""], ["" 127.632"", "" 128.333"", ""  63.754""], ["" 126.314"", "" 129.469"", ""  64.128""], ["" 125.640"", "" 127.304"", ""  66.884""], ["" 125.544"", "" 128.189"", ""  66.144""], ["" 125.419"", "" 129.311"", ""  65.210""], ["" 124.416"", "" 130.296"", ""  65.390""], ["" 124.373"", "" 131.379"", ""  64.501""], ["" 126.264"", "" 130.535"", ""  63.294""], ["" 125.303"", "" 131.480"", ""  63.461""], ["" 123.377"", "" 130.225"", ""  66.526""], ["" 123.640"", "" 129.260"", ""  67.409""], ["" 123.347"", "" 131.379"", ""  67.194""], ["" 122.166"", "" 129.988"", ""  66.020""], ["" 125.315"", "" 132.626"", ""  62.493""], ["" 126.513"", "" 133.289"", ""  62.179""], ["" 124.132"", "" 133.071"", ""  61.878""], ["" 126.530"", "" 134.353"", ""  61.281""], ["" 124.145"", "" 134.134"", ""  60.979""], ["" 125.345"", "" 134.771"", ""  60.683""], ["" 129.219"", "" 128.009"", ""  68.321""], ["" 128.165"", "" 127.411"", ""  69.030""], ["" 130.296"", "" 128.548"", ""  69.026""], ["" 128.202"", "" 127.353"", ""  70.420""], ["" 130.332"", "" 128.488"", ""  70.415""], ["" 129.287"", "" 127.889"", ""  71.131""], ["" 129.356"", "" 127.844"", ""  72.630""], ["" 129.375"", "" 128.854"", ""  73.338""], ["" 129.399"", "" 126.581"", ""  73.126""], ["" 130.129"", "" 125.558"", ""  72.462""]]",[],3ab_Grossjean_2025
40,8101,3ac_Grossjean_2025,receptor_tmp,1,1,-6.64,-0.2075,0.0,0.0,2,188.72,-8.72,-8.41,-0.31,-8.72,0.0,-1.87,2.09,-1.87,47,3,0.0,0.0,0.0,7.691138,10.886616,14.05005,-0.01150071,-0.83900123,0.54400797,73.134842,"354.14798, 353.902588, 11.288093, 88.350372, 42.681717, 48.64489, 161.115311, ","[["" 129.011"", "" 127.362"", ""  70.581""], ["" 127.486"", "" 126.998"", ""  69.659""], ["" 127.823"", "" 127.148"", ""  67.915""], ["" 130.193"", "" 124.524"", ""  68.417""], ["" 129.574"", "" 125.347"", ""  67.888""], ["" 128.789"", "" 126.386"", ""  67.218""], ["" 128.947"", "" 126.624"", ""  65.830""], ["" 128.122"", "" 127.578"", ""  65.215""], ["" 127.023"", "" 128.048"", ""  67.293""], ["" 127.168"", "" 128.275"", ""  65.962""], ["" 129.982"", "" 125.874"", ""  64.969""], ["" 129.936"", "" 126.225"", ""  63.681""], ["" 131.217"", "" 126.129"", ""  65.404""], ["" 129.762"", "" 124.561"", ""  65.038""], ["" 126.239"", "" 129.281"", ""  65.349""], ["" 126.644"", "" 130.058"", ""  64.251""], ["" 124.943"", "" 129.477"", ""  65.855""], ["" 125.785"", "" 130.989"", ""  63.675""], ["" 124.080"", "" 130.407"", ""  65.282""], ["" 124.505"", "" 131.159"", ""  64.192""], ["" 129.331"", "" 126.284"", ""  71.617""], ["" 129.432"", "" 125.026"", ""  71.137""], ["" 129.479"", "" 126.609"", ""  72.796""], ["" 129.381"", "" 124.923"", ""  70.134""], ["" 129.669"", "" 123.826"", ""  71.833""], ["" 130.877"", "" 123.182"", ""  71.558""], ["" 128.766"", "" 123.242"", ""  72.735""], ["" 131.190"", "" 121.980"", ""  72.184""], ["" 129.082"", "" 122.038"", ""  73.359""], ["" 130.301"", "" 121.397"", ""  73.087""], ["" 130.695"", "" 120.201"", ""  73.656""], ["" 129.754"", "" 119.138"", ""  73.766""]]",[],3ac_Grossjean_2025
41,1726,3ad_Grossjean_2025,receptor_tmp,2,12,-7.2,-0.24000000000000002,0.0,0.0,2,191.18,-8.99,-8.79,-0.2,-8.99,0.0,-1.53,1.79,-1.53,76,4,0.0,0.0,0.0,10.88371,9.78998,12.997074,-0.27296176,-0.22409216,-0.9355611,252.589996,"23.210047, 71.683281, 305.529633, 349.588287, 249.274307, 163.259293, ","[["" 128.698"", "" 127.714"", ""  71.203""], ["" 129.246"", "" 126.283"", ""  70.300""], ["" 128.752"", "" 128.308"", ""  67.403""], ["" 129.027"", "" 127.397"", ""  68.062""], ["" 129.378"", "" 126.242"", ""  68.894""], ["" 129.825"", "" 125.035"", ""  68.304""], ["" 130.103"", "" 123.943"", ""  69.141""], ["" 129.500"", "" 125.210"", ""  71.085""], ["" 129.936"", "" 124.053"", ""  70.526""], ["" 130.014"", "" 124.871"", ""  66.784""], ["" 129.994"", "" 123.595"", ""  66.394""], ["" 129.038"", "" 125.507"", ""  66.133""], ["" 131.188"", "" 125.383"", ""  66.410""], ["" 130.203"", "" 122.914"", ""  71.464""], ["" 131.422"", "" 122.825"", ""  72.155""], ["" 129.244"", "" 121.911"", ""  71.681""], ["" 131.677"", "" 121.771"", ""  73.029""], ["" 129.494"", "" 120.855"", ""  72.553""], ["" 130.711"", "" 120.788"", ""  73.224""], ["" 130.089"", "" 128.267"", ""  72.234""], ["" 130.625"", "" 127.147"", ""  73.129""], ["" 131.953"", "" 127.186"", ""  73.373""], ["" 129.843"", "" 126.301"", ""  73.563""], ["" 132.452"", "" 127.975"", ""  72.989""], ["" 132.755"", "" 126.314"", ""  74.132""], ["" 134.117"", "" 126.629"", ""  74.177""], ["" 132.285"", "" 125.176"", ""  74.810""], ["" 135.000"", "" 125.829"", ""  74.897""], ["" 133.172"", "" 124.379"", ""  75.529""], ["" 134.524"", "" 124.708"", ""  75.570""]]",[],3ad_Grossjean_2025
42,8212,3af_Grossjean_2025,receptor_tmp,1,11,-6.79,-0.22633333333333333,0.0,0.0,1,189.44,-8.58,-8.41,-0.18,-8.58,0.0,-1.47,1.79,-1.47,71,5,0.0,0.0,0.0,10.203323,8.586109,14.479897,-0.44875583,-0.0039348,-0.89364575,237.774948,"147.540359, 72.627815, 296.656952, 359.789429, 46.988827, 86.224174, ","[["" 128.728"", "" 127.767"", ""  71.216""], ["" 129.262"", "" 126.335"", ""  70.300""], ["" 128.775"", "" 128.361"", ""  67.402""], ["" 129.048"", "" 127.449"", ""  68.061""], ["" 129.393"", "" 126.294"", ""  68.893""], ["" 129.834"", "" 125.084"", ""  68.303""], ["" 130.100"", "" 123.988"", ""  69.138""], ["" 129.504"", "" 125.256"", ""  71.084""], ["" 129.930"", "" 124.097"", ""  70.522""], ["" 130.023"", "" 124.921"", ""  66.782""], ["" 129.130"", "" 125.612"", ""  66.071""], ["" 131.236"", "" 125.346"", ""  66.427""], ["" 129.897"", "" 123.638"", ""  66.440""], ["" 130.182"", "" 122.952"", ""  71.459""], ["" 131.389"", "" 122.859"", ""  72.170""], ["" 129.218"", "" 121.949"", ""  71.655""], ["" 131.628"", "" 121.801"", ""  73.042""], ["" 129.453"", "" 120.888"", ""  72.526""], ["" 130.659"", "" 120.819"", ""  73.216""], ["" 130.116"", "" 128.323"", ""  72.251""], ["" 130.667"", "" 127.193"", ""  73.119""], ["" 131.996"", "" 127.240"", ""  73.355""], ["" 129.894"", "" 126.335"", ""  73.546""], ["" 132.496"", "" 128.004"", ""  72.927""], ["" 132.805"", "" 126.369"", ""  74.111""], ["" 134.173"", "" 126.661"", ""  74.153""], ["" 132.356"", "" 125.242"", ""  74.823""], ["" 135.076"", "" 125.916"", ""  74.841""], ["" 133.273"", "" 124.465"", ""  75.536""], ["" 134.618"", "" 124.835"", ""  75.519""]]",[],3af_Grossjean_2025
43,8110,3ag_Grossjean_2025,receptor_tmp,1,20,-7.25,-0.23387096774193547,0.0,0.0,4,190.28,-9.33,-9.08,-0.26,-9.33,0.0,-1.36,2.09,-1.36,48,3,0.0,0.0,0.0,11.529104,9.029605,8.760881,-0.8832209,0.465761,0.05465823,215.655029,"265.303192, 296.161804, 94.992126, 65.538307, 240.700363, 195.770493, 79.516159, ","[["" 130.117"", "" 124.769"", ""  66.627""], ["" 129.623"", "" 126.452"", ""  66.930""], ["" 129.341"", "" 126.688"", ""  63.380""], ["" 129.304"", "" 126.984"", ""  64.499""], ["" 129.257"", "" 127.362"", ""  65.914""], ["" 128.873"", "" 128.669"", ""  66.301""], ["" 128.895"", "" 128.999"", ""  67.665""], ["" 129.656"", "" 126.798"", ""  68.240""], ["" 129.301"", "" 128.054"", ""  68.614""], ["" 128.431"", "" 129.742"", ""  65.286""], ["" 127.146"", "" 129.632"", ""  64.944""], ["" 128.607"", "" 130.957"", ""  65.806""], ["" 129.152"", "" 129.641"", ""  64.168""], ["" 129.346"", "" 128.352"", ""  70.082""], ["" 130.513"", "" 128.859"", ""  70.675""], ["" 128.227"", "" 128.130"", ""  70.904""], ["" 130.562"", "" 129.139"", ""  72.038""], ["" 128.272"", "" 128.409"", ""  72.267""], ["" 129.440"", "" 128.913"", ""  72.829""], ["" 131.046"", "" 124.751"", ""  65.065""], ["" 130.676"", "" 123.555"", ""  64.186""], ["" 129.748"", "" 123.774"", ""  63.239""], ["" 131.218"", "" 122.464"", ""  64.374""], ["" 129.349"", "" 124.698"", ""  63.161""], ["" 129.223"", "" 122.768"", ""  62.316""], ["" 130.298"", "" 121.948"", ""  61.612""], ["" 130.079"", "" 120.593"", ""  61.352""], ["" 131.476"", "" 122.563"", ""  61.177""], ["" 131.046"", "" 119.847"", ""  60.682""], ["" 132.443"", "" 121.817"", ""  60.508""], ["" 132.225"", "" 120.463"", ""  60.266""]]",[],3ag_Grossjean_2025
44,1636,3ai_Grossjean_2025,receptor_tmp,1,14,-7.46,-0.25724137931034485,0.0,0.0,7,188.98,-9.25,-8.92,-0.34,-9.25,0.0,-1.32,1.79,-1.32,60,6,0.0,0.0,0.0,8.053998,13.416445,2.460153,-0.05455565,0.58816835,-0.80689632,139.103241,"17.45994, 223.1996, 319.964935, 135.966125, 293.672668, 167.577835, ","[["" 125.565"", "" 130.814"", ""  58.769""], ["" 126.832"", "" 131.861"", ""  59.454""], ["" 124.126"", "" 133.689"", ""  60.894""], ["" 125.207"", "" 133.373"", ""  60.627""], ["" 126.576"", "" 132.972"", ""  60.290""], ["" 127.685"", "" 133.713"", ""  60.767""], ["" 128.973"", "" 133.317"", ""  60.377""], ["" 128.084"", "" 131.513"", ""  59.072""], ["" 129.150"", "" 132.216"", ""  59.534""], ["" 127.532"", "" 134.937"", ""  61.690""], ["" 128.642"", "" 135.676"", ""  61.758""], ["" 126.552"", "" 135.724"", ""  61.244""], ["" 127.240"", "" 134.543"", ""  62.930""], ["" 130.502"", "" 131.755"", ""  59.077""], ["" 130.896"", "" 131.907"", ""  57.738""], ["" 131.413"", "" 131.170"", ""  59.974""], ["" 132.151"", "" 131.486"", ""  57.308""], ["" 132.668"", "" 130.748"", ""  59.547""], ["" 133.033"", "" 130.908"", ""  58.215""], ["" 125.325"", "" 129.408"", ""  59.907""], ["" 125.537"", "" 129.732"", ""  61.393""], ["" 124.409"", "" 129.726"", ""  62.138""], ["" 126.665"", "" 129.971"", ""  61.831""], ["" 123.543"", "" 129.514"", ""  61.665""], ["" 124.298"", "" 129.988"", ""  63.497""], ["" 123.379"", "" 130.749"", ""  64.069""], ["" 125.169"", "" 129.460"", ""  64.449""], ["" 123.638"", "" 130.731"", ""  65.441""], ["" 124.722"", "" 129.948"", ""  65.655""]]",[],3ai_Grossjean_2025
45,8143,3aj_Grossjean_2025,receptor_tmp,1,6,-7.27,-0.25068965517241376,0.0,0.0,4,188.88,-9.06,-8.92,-0.13,-9.06,0.0,-0.81,1.79,-0.81,63,4,0.0,0.0,0.0,7.2706,13.851169,3.298165,0.14643744,0.15968731,-0.97624589,142.210083,"15.970688, 39.287533, 12.295671, 137.182877, 10.423059, 96.030952, ","[["" 125.609"", "" 130.782"", ""  58.838""], ["" 126.857"", "" 131.848"", ""  59.525""], ["" 124.114"", "" 133.747"", ""  60.791""], ["" 125.201"", "" 133.413"", ""  60.577""], ["" 126.579"", "" 132.993"", ""  60.307""], ["" 127.675"", "" 133.746"", ""  60.795""], ["" 128.974"", "" 133.327"", ""  60.469""], ["" 128.120"", "" 131.478"", ""  59.204""], ["" 129.174"", "" 132.192"", ""  59.676""], ["" 127.496"", "" 135.008"", ""  61.661""], ["" 128.615"", "" 135.730"", ""  61.760""], ["" 126.555"", "" 135.793"", ""  61.136""], ["" 127.133"", "" 134.665"", ""  62.898""], ["" 130.538"", "" 131.708"", ""  59.290""], ["" 131.420"", "" 131.208"", ""  60.260""], ["" 130.968"", "" 131.734"", ""  57.953""], ["" 132.689"", "" 130.751"", ""  59.908""], ["" 132.234"", "" 131.281"", ""  57.597""], ["" 133.091"", "" 130.791"", ""  58.576""], ["" 124.300"", "" 130.571"", ""  60.093""], ["" 124.803"", "" 130.414"", ""  61.535""], ["" 123.845"", "" 130.100"", ""  62.435""], ["" 125.995"", "" 130.572"", ""  61.809""], ["" 122.900"", "" 130.001"", ""  62.095""], ["" 124.021"", "" 129.907"", ""  63.800""], ["" 123.279"", "" 130.370"", ""  64.782""], ["" 125.374"", "" 128.942"", ""  64.297""], ["" 123.736"", "" 129.987"", ""  65.958""], ["" 124.880"", "" 129.193"", ""  65.944""]]",[],3aj_Grossjean_2025
46,8179,3ak_Grossjean_2025,receptor_tmp,1,10,-6.07,-0.17852941176470588,0.0,0.0,2,192.94,-10.25,-9.5,-0.75,-10.25,0.0,-1.73,4.18,-1.73,44,9,0.0,0.0,0.0,8.343028,9.133404,12.166547,0.42251515,-0.85182693,-0.30963177,103.870705,"7.404054, 159.094009, 285.04422, 186.685089, 136.917603, 116.282059, 339.34494, 139.225494, 338.767273, 36.059425, 4.301289, 201.791565, 57.712303, 323.265747, ","[["" 130.443"", "" 128.491"", ""  72.432""], ["" 130.079"", "" 129.783"", ""  72.898""], ["" 128.570"", "" 129.803"", ""  73.207""], ["" 128.236"", "" 129.238"", ""  74.472""], ["" 127.601"", "" 130.122"", ""  75.390""], ["" 126.152"", "" 129.667"", ""  75.599""], ["" 125.755"", "" 128.864"", ""  74.497""], ["" 124.377"", "" 128.525"", ""  74.511""], ["" 130.317"", "" 127.468"", ""  73.411""], ["" 129.750"", "" 126.188"", ""  72.771""], ["" 129.331"", "" 126.365"", ""  71.379""], ["" 128.240"", "" 127.035"", ""  70.961""], ["" 127.467"", "" 127.600"", ""  71.736""], ["" 129.927"", "" 125.945"", ""  70.680""], ["" 127.942"", "" 127.098"", ""  69.454""], ["" 129.046"", "" 126.129"", ""  68.361""], ["" 128.875"", "" 126.737"", ""  66.690""], ["" 127.745"", "" 127.442"", ""  66.435""], ["" 129.853"", "" 126.501"", ""  65.699""], ["" 127.521"", "" 127.939"", ""  65.192""], ["" 129.631"", "" 127.026"", ""  64.402""], ["" 131.066"", "" 125.736"", ""  66.004""], ["" 128.453"", "" 127.749"", ""  64.165""], ["" 132.023"", "" 125.131"", ""  66.245""], ["" 126.248"", "" 128.707"", ""  64.999""], ["" 125.883"", "" 129.185"", ""  63.731""], ["" 125.381"", "" 128.959"", ""  66.078""], ["" 124.699"", "" 129.895"", ""  63.546""], ["" 124.197"", "" 129.669"", ""  65.896""], ["" 123.861"", "" 130.135"", ""  64.630""], ["" 130.632"", "" 126.836"", ""  63.246""], ["" 130.502"", "" 125.615"", ""  62.726""], ["" 130.405"", "" 127.739"", ""  62.292""], ["" 131.902"", "" 126.974"", ""  63.633""]]",[],3ak_Grossjean_2025
47,8206,3bc_Grossjean_2025,receptor_tmp,1,16,-7.73,-0.26655172413793105,0.0,0.0,2,192.87,-9.52,-9.28,-0.23,-9.52,0.0,-1.47,1.79,-1.47,69,4,0.0,0.0,0.0,9.96192,11.464427,15.559304,0.51215887,-0.25019111,-0.82164329,336.215363,"302.410767, 296.871521, 182.165405, 335.20166, 313.774872, 158.715836, ","[["" 130.662"", "" 127.183"", ""  73.128""], ["" 131.987"", "" 127.307"", ""  73.354""], ["" 129.951"", "" 126.289"", ""  73.593""], ["" 132.427"", "" 128.142"", ""  72.995""], ["" 130.054"", "" 128.288"", ""  72.253""], ["" 128.697"", "" 127.752"", ""  71.157""], ["" 129.247"", "" 126.305"", ""  70.279""], ["" 129.805"", "" 125.013"", ""  68.315""], ["" 129.349"", "" 126.227"", ""  68.872""], ["" 130.114"", "" 123.943"", ""  69.163""], ["" 128.974"", "" 127.343"", ""  68.001""], ["" 129.957"", "" 124.081"", ""  70.545""], ["" 128.678"", "" 128.223"", ""  67.311""], ["" 129.529"", "" 125.252"", ""  71.086""], ["" 129.975"", "" 124.811"", ""  66.809""], ["" 130.267"", "" 122.973"", ""  71.507""], ["" 129.322"", "" 121.972"", ""  71.777""], ["" 131.506"", "" 122.909"", ""  72.167""], ["" 129.603"", "" 120.940"", ""  72.668""], ["" 131.793"", "" 121.878"", ""  73.058""], ["" 130.838"", "" 120.897"", ""  73.305""], ["" 132.844"", "" 126.472"", ""  74.096""], ["" 132.242"", "" 125.388"", ""  74.739""], ["" 134.222"", "" 126.686"", ""  74.245""], ["" 133.008"", "" 124.515"", ""  75.506""], ["" 134.985"", "" 125.809"", ""  75.013""], ["" 134.382"", "" 124.713"", ""  75.649""], ["" 135.058"", "" 123.793"", ""  76.428""], ["" 136.280"", "" 123.244"", ""  75.949""]]",[],3bc_Grossjean_2025
48,8447,3bd_Grossjean_2025,receptor_tmp,1,18,-7.85,-0.29074074074074074,0.0,0.0,1,188.66,-9.34,-9.15,-0.19,-9.34,0.0,-0.77,1.49,-0.77,45,4,0.0,0.0,0.0,9.340369,13.70778,6.257883,-0.7984182,-0.60132329,0.03063794,230.58049,"104.00769, 348.142181, 291.543854, 335.01651, 323.238525, ","[["" 127.406"", "" 131.816"", ""  62.883""], ["" 126.697"", "" 130.745"", ""  64.122""], ["" 124.845"", "" 129.804"", ""  65.361""], ["" 125.306"", "" 130.684"", ""  64.358""], ["" 125.771"", "" 129.038"", ""  66.077""], ["" 124.361"", "" 131.500"", ""  63.590""], ["" 127.138"", "" 129.153"", ""  65.798""], ["" 123.614"", "" 132.142"", ""  62.983""], ["" 127.581"", "" 129.993"", ""  64.826""], ["" 123.364"", "" 129.650"", ""  65.701""], ["" 128.183"", "" 128.359"", ""  66.524""], ["" 128.435"", "" 127.021"", ""  66.180""], ["" 128.933"", "" 128.926"", ""  67.568""], ["" 129.402"", "" 126.277"", ""  66.851""], ["" 129.901"", "" 128.186"", ""  68.241""], ["" 130.133"", "" 126.864"", ""  67.879""], ["" 129.207"", "" 131.849"", ""  63.131""], ["" 129.964"", "" 132.022"", ""  61.813""], ["" 130.863"", "" 131.056"", ""  61.523""], ["" 129.712"", "" 132.995"", ""  61.102""], ["" 130.896"", "" 130.270"", ""  62.155""], ["" 131.722"", "" 130.951"", ""  60.413""], ["" 133.067"", "" 130.704"", ""  60.698""], ["" 131.311"", "" 131.108"", ""  59.079""], ["" 133.993"", "" 130.592"", ""  59.664""], ["" 132.240"", "" 130.998"", ""  58.048""], ["" 133.576"", "" 130.737"", ""  58.344""]]",[],3bd_Grossjean_2025
49,7984,3be_Grossjean_2025,receptor_tmp,1,10,-8.58,-0.30642857142857144,0.0,0.0,1,188.43,-10.07,-9.89,-0.18,-10.07,0.0,-0.92,1.49,-0.92,59,4,0.0,0.0,0.0,4.742282,13.418173,2.440806,0.46426692,0.88183972,0.08255262,282.837769,"76.960571, 18.384518, 186.258179, 72.307449, 98.437065, ","[["" 123.680"", "" 131.892"", ""  60.518""], ["" 125.115"", "" 131.643"", ""  59.418""], ["" 126.476"", "" 132.590"", ""  60.061""], ["" 127.514"", "" 134.493"", ""  61.131""], ["" 126.342"", "" 133.863"", ""  60.661""], ["" 128.747"", "" 133.855"", ""  60.967""], ["" 125.047"", "" 134.538"", ""  60.774""], ["" 128.811"", "" 132.611"", ""  60.330""], ["" 124.025"", "" 135.074"", ""  60.864""], ["" 127.682"", "" 131.995"", ""  59.889""], ["" 127.495"", "" 135.859"", ""  61.816""], ["" 130.103"", "" 131.879"", ""  60.113""], ["" 130.986"", "" 131.650"", ""  61.180""], ["" 130.467"", "" 131.409"", ""  58.840""], ["" 132.186"", "" 130.974"", ""  60.985""], ["" 131.667"", "" 130.732"", ""  58.641""], ["" 132.523"", "" 130.516"", ""  59.715""], ["" 123.968"", "" 131.715"", ""  62.017""], ["" 123.970"", "" 130.434"", ""  62.445""], ["" 124.177"", "" 132.694"", ""  62.737""], ["" 123.749"", "" 129.728"", ""  61.758""], ["" 124.205"", "" 129.938"", ""  63.741""], ["" 123.357"", "" 130.194"", ""  64.780""], ["" 125.369"", "" 129.180"", ""  63.914""], ["" 123.656"", "" 129.691"", ""  66.004""], ["" 125.664"", "" 128.668"", ""  65.180""], ["" 124.799"", "" 128.923"", ""  66.244""], ["" 122.670"", "" 130.015"", ""  67.109""]]",[],3be_Grossjean_2025
50,1774,3bf_Grossjean_2025,receptor_tmp,1,8,-7.02,-0.26,0.0,0.0,4,190.73,-8.51,-8.14,-0.37,-8.51,0.0,-1.78,1.49,-1.78,39,3,0.0,0.0,0.0,9.187652,10.143236,11.613287,-0.55429132,0.80920091,-0.1948205,242.449783,"178.503372, 12.755588, 22.108883, 218.634109, 0.232341, ","[["" 127.169"", "" 127.000"", ""  69.437""], ["" 127.574"", "" 127.235"", ""  67.720""], ["" 128.833"", "" 126.857"", ""  65.691""], ["" 128.635"", "" 126.576"", ""  67.060""], ["" 127.977"", "" 127.756"", ""  65.048""], ["" 129.489"", "" 125.599"", ""  67.742""], ["" 126.934"", "" 128.360"", ""  65.759""], ["" 130.166"", "" 124.828"", ""  68.279""], ["" 126.737"", "" 128.085"", ""  67.076""], ["" 129.947"", "" 126.211"", ""  64.871""], ["" 125.969"", "" 129.315"", ""  65.122""], ["" 124.663"", "" 129.451"", ""  65.619""], ["" 126.341"", "" 130.093"", ""  64.014""], ["" 123.761"", "" 130.335"", ""  65.033""], ["" 125.442"", "" 130.980"", ""  63.426""], ["" 124.155"", "" 131.097"", ""  63.938""], ["" 128.519"", "" 127.709"", ""  70.439""], ["" 129.130"", "" 126.756"", ""  71.478""], ["" 129.377"", "" 125.509"", ""  71.021""], ["" 129.336"", "" 127.133"", ""  72.633""], ["" 129.084"", "" 125.309"", ""  70.076""], ["" 129.936"", "" 124.413"", ""  71.704""], ["" 130.285"", "" 124.403"", ""  73.066""], ["" 130.190"", "" 123.257"", ""  70.958""], ["" 130.837"", "" 123.325"", ""  73.681""], ["" 130.757"", "" 122.141"", ""  71.575""], ["" 131.062"", "" 122.214"", ""  72.935""]]",[],3bf_Grossjean_2025
51,1735,3bg_Grossjean_2025,receptor_tmp,1,12,-7.18,-0.2564285714285714,0.0,0.0,2,191.48,-8.97,-8.82,-0.15,-8.97,0.0,-1.99,1.79,-1.99,31,2,0.0,0.0,0.0,8.47538,12.796065,5.580077,0.50219877,0.77291434,0.38781415,102.708817,"220.356064, 292.568756, 30.250751, 34.717876, 54.008839, 88.508057, ","[["" 128.384"", "" 133.088"", ""  61.032""], ["" 127.031"", "" 132.241"", ""  60.151""], ["" 125.945"", "" 131.509"", ""  61.366""], ["" 123.777"", "" 130.846"", ""  62.200""], ["" 124.545"", "" 131.485"", ""  61.204""], ["" 124.423"", "" 130.279"", ""  63.303""], ["" 123.897"", "" 132.081"", ""  60.032""], ["" 125.818"", "" 130.353"", ""  63.414""], ["" 123.384"", "" 132.551"", ""  59.108""], ["" 126.557"", "" 130.957"", ""  62.445""], ["" 122.256"", "" 130.733"", ""  62.118""], ["" 126.575"", "" 129.755"", ""  64.568""], ["" 127.851"", "" 130.228"", ""  64.919""], ["" 126.032"", "" 128.707"", ""  65.331""], ["" 128.547"", "" 129.690"", ""  65.998""], ["" 126.724"", "" 128.167"", ""  66.411""], ["" 127.979"", "" 128.663"", ""  66.743""], ["" 129.576"", "" 132.158"", ""  61.277""], ["" 129.309"", "" 130.841"", ""  61.312""], ["" 130.705"", "" 132.629"", ""  61.408""], ["" 128.351"", "" 130.545"", ""  61.190""], ["" 130.308"", "" 129.772"", ""  61.350""], ["" 131.488"", "" 130.068"", ""  60.433""], ["" 132.728"", "" 130.420"", ""  60.977""], ["" 131.339"", "" 129.965"", ""  59.047""], ["" 133.803"", "" 130.699"", ""  60.140""], ["" 132.415"", "" 130.244"", ""  58.208""], ["" 133.641"", "" 130.614"", ""  58.758""]]",[],3bg_Grossjean_2025
52,8004,3bk_Grossjean_2025,receptor_tmp,1,9,-5.62,-0.18129032258064517,0.0,0.0,2,189.06,-9.5,-9.16,-0.34,-9.5,0.0,-3.44,3.88,-3.44,34,5,0.0,0.0,0.0,6.306831,12.359948,7.470465,0.88018754,0.39362688,0.26519384,126.506439,"50.063038, 331.908813, 341.923676, 210.878311, 62.937737, 294.699524, 64.007874, 316.907257, 50.892548, 96.953766, 281.439545, 339.732544, 280.960266, ","[["" 126.103"", "" 132.694"", ""  61.902""], ["" 124.749"", "" 133.125"", ""  61.847""], ["" 123.963"", "" 132.487"", ""  63.002""], ["" 124.781"", "" 131.562"", ""  63.788""], ["" 124.310"", "" 130.597"", ""  64.596""], ["" 123.110"", "" 130.364"", ""  64.756""], ["" 125.780"", "" 131.645"", ""  63.669""], ["" 125.353"", "" 129.743"", ""  65.320""], ["" 126.837"", "" 129.470"", ""  64.299""], ["" 127.973"", "" 128.423"", ""  65.194""], ["" 129.753"", "" 126.791"", ""  65.325""], ["" 128.894"", "" 127.582"", ""  64.533""], ["" 129.661"", "" 126.868"", ""  66.719""], ["" 128.966"", "" 127.521"", ""  63.070""], ["" 128.727"", "" 127.727"", ""  67.311""], ["" 127.898"", "" 128.487"", ""  66.547""], ["" 129.024"", "" 127.473"", ""  61.915""], ["" 130.786"", "" 125.842"", ""  64.721""], ["" 128.563"", "" 127.841"", ""  68.796""], ["" 129.499"", "" 128.548"", ""  69.569""], ["" 127.472"", "" 127.248"", ""  69.455""], ["" 129.354"", "" 128.652"", ""  70.951""], ["" 127.325"", "" 127.350"", ""  70.836""], ["" 128.269"", "" 128.052"", ""  71.579""], ["" 127.034"", "" 133.750"", ""  62.098""], ["" 127.489"", "" 133.763"", ""  63.563""], ["" 127.653"", "" 132.425"", ""  64.015""], ["" 129.004"", "" 131.987"", ""  64.034""], ["" 129.392"", "" 131.473"", ""  62.641""], ["" 130.329"", "" 132.363"", ""  62.049""], ["" 131.388"", "" 131.700"", ""  61.373""]]",[],3bk_Grossjean_2025
53,8033,3ca_Grossjean_2025,receptor_tmp,1,19,-8.24,-0.2575,0.0,0.0,3,189.62,-10.63,-9.98,-0.65,-10.63,0.0,-1.2,2.39,-1.2,34,6,0.0,0.0,0.0,9.308864,11.479232,8.742795,-0.57539347,0.74438292,-0.33884571,205.206635,"186.058105, 240.391159, 278.595856, 9.763718, 298.114532, 205.459442, 265.107178, 152.952438, ","[["" 129.933"", "" 127.532"", ""  68.633""], ["" 130.666"", "" 128.485"", ""  69.341""], ["" 130.234"", "" 128.921"", ""  70.591""], ["" 129.063"", "" 128.406"", ""  71.160""], ["" 128.334"", "" 127.441"", ""  70.450""], ["" 128.763"", "" 127.004"", ""  69.199""], ["" 130.459"", "" 127.161"", ""  67.380""], ["" 130.713"", "" 125.932"", ""  66.882""], ["" 130.498"", "" 124.869"", ""  67.464""], ["" 130.621"", "" 127.936"", ""  66.754""], ["" 131.296"", "" 125.907"", ""  65.465""], ["" 130.136"", "" 126.525"", ""  64.201""], ["" 130.430"", "" 125.692"", ""  62.647""], ["" 130.820"", "" 125.937"", ""  60.362""], ["" 130.916"", "" 124.560"", ""  60.182""], ["" 130.575"", "" 126.498"", ""  61.566""], ["" 130.753"", "" 123.705"", ""  61.280""], ["" 130.512"", "" 124.282"", ""  62.553""], ["" 130.383"", "" 123.440"", ""  63.747""], ["" 130.282"", "" 122.774"", ""  64.689""], ["" 130.987"", "" 126.905"", ""  59.207""], ["" 130.850"", "" 122.234"", ""  61.037""], ["" 129.733"", "" 121.413"", ""  61.236""], ["" 132.058"", "" 121.654"", ""  60.629""], ["" 129.817"", "" 120.040"", ""  61.022""], ["" 132.146"", "" 120.281"", ""  60.413""], ["" 131.024"", "" 119.480"", ""  60.609""], ["" 128.625"", "" 128.898"", ""  72.510""], ["" 127.448"", "" 128.889"", ""  72.885""], ["" 129.650"", "" 129.357"", ""  73.272""], ["" 130.114"", "" 130.696"", ""  73.150""], ["" 128.978"", "" 131.584"", ""  72.632""]]",[],3ca_Grossjean_2025
54,8054,3cb_Grossjean_2025,receptor_tmp,1,1,-8.13,-0.26225806451612904,0.0,0.0,1,191.69,-10.22,-9.57,-0.65,-10.22,0.0,-1.19,2.09,-1.19,52,6,0.0,0.0,0.0,9.234958,11.568669,7.901171,-0.47461735,-0.79398069,0.37991188,86.99942,"14.58184, 137.831787, 142.856049, 127.794044, 65.697037, 130.662827, 20.699528, ","[["" 127.702"", "" 127.651"", ""  66.461""], ["" 128.652"", "" 128.015"", ""  67.348""], ["" 126.540"", "" 127.361"", ""  66.751""], ["" 129.549"", "" 128.270"", ""  66.958""], ["" 128.169"", "" 127.637"", ""  64.997""], ["" 128.951"", "" 129.183"", ""  64.423""], ["" 127.653"", "" 130.318"", ""  63.980""], ["" 125.353"", "" 130.672"", ""  64.050""], ["" 125.475"", "" 131.896"", ""  63.399""], ["" 126.417"", "" 129.890"", ""  64.337""], ["" 126.741"", "" 132.351"", ""  63.006""], ["" 127.867"", "" 131.535"", ""  63.287""], ["" 129.203"", "" 131.917"", ""  62.817""], ["" 130.256"", "" 132.218"", ""  62.447""], ["" 124.004"", "" 130.137"", ""  64.490""], ["" 126.819"", "" 133.669"", ""  62.304""], ["" 125.873"", "" 134.003"", ""  61.326""], ["" 127.819"", "" 134.596"", ""  62.627""], ["" 125.930"", "" 135.232"", ""  60.675""], ["" 127.880"", "" 135.825"", ""  61.976""], ["" 126.936"", "" 136.137"", ""  61.002""], ["" 128.584"", "" 128.133"", ""  68.751""], ["" 129.463"", "" 129.052"", ""  69.326""], ["" 127.724"", "" 127.396"", ""  69.579""], ["" 129.481"", "" 129.246"", ""  70.704""], ["" 127.744"", "" 127.590"", ""  70.958""], ["" 128.621"", "" 128.516"", ""  71.538""], ["" 128.616"", "" 128.697"", ""  73.029""], ["" 129.640"", "" 128.680"", ""  73.718""], ["" 127.372"", "" 128.882"", ""  73.543""], ["" 127.005"", "" 130.116"", ""  74.142""]]",[],3cb_Grossjean_2025
55,8137,3ce_Grossjean_2025,receptor_tmp,1,20,-7.63,-0.2725,0.0,0.0,3,187.69,-9.12,-8.96,-0.16,-9.12,0.0,-2.02,1.49,-2.02,50,7,0.0,0.0,0.0,3.348613,12.891611,4.341854,-0.45092121,-0.34250993,-0.82423116,319.848114,"17.329815, 97.810638, 104.600929, 50.288719, 115.30809, ","[["" 122.875"", "" 131.045"", ""  60.959""], ["" 122.871"", "" 130.759"", ""  62.753""], ["" 124.305"", "" 129.762"", ""  63.086""], ["" 125.992"", "" 128.479"", ""  62.123""], ["" 126.553"", "" 128.202"", ""  63.367""], ["" 124.883"", "" 129.240"", ""  61.977""], ["" 125.955"", "" 128.711"", ""  64.527""], ["" 124.799"", "" 129.520"", ""  64.390""], ["" 124.139"", "" 130.093"", ""  65.567""], ["" 123.619"", "" 130.544"", ""  66.497""], ["" 126.595"", "" 127.938"", ""  60.840""], ["" 126.579"", "" 128.365"", ""  65.839""], ["" 127.746"", "" 129.016"", ""  66.256""], ["" 126.021"", "" 127.374"", ""  66.658""], ["" 128.337"", "" 128.694"", ""  67.476""], ["" 126.609"", "" 127.050"", ""  67.877""], ["" 127.765"", "" 127.714"", ""  68.282""], ["" 124.002"", "" 131.986"", ""  60.533""], ["" 125.060"", "" 132.051"", ""  61.372""], ["" 123.897"", "" 132.613"", ""  59.478""], ["" 125.062"", "" 131.405"", ""  62.148""], ["" 126.228"", "" 132.820"", ""  61.239""], ["" 126.208"", "" 134.181"", ""  61.352""], ["" 127.419"", "" 132.118"", ""  61.023""], ["" 127.378"", "" 134.860"", ""  61.235""], ["" 128.614"", "" 132.831"", ""  60.903""], ["" 128.601"", "" 134.221"", ""  61.009""], ["" 127.284"", "" 136.367"", ""  61.372""]]",[],3ce_Grossjean_2025
56,8347,3ch_Grossjean_2025,receptor_tmp,1,4,-7.84,-0.23757575757575758,0.0,0.0,8,190.23,-10.23,-9.19,-1.04,-10.23,0.0,-1.72,2.39,-1.72,45,6,0.0,0.0,0.0,9.319875,11.923415,9.23903,0.02343745,0.9873217,0.15699221,281.651733,"36.977028, 135.941818, 287.151764, 306.629822, 26.045845, 54.59005, 156.377731, 338.189453, ","[["" 128.892"", "" 129.468"", ""  67.793""], ["" 128.969"", "" 128.340"", ""  68.532""], ["" 128.991"", "" 130.615"", ""  68.229""], ["" 128.926"", "" 127.470"", ""  68.021""], ["" 128.706"", "" 129.260"", ""  66.291""], ["" 127.335"", "" 128.127"", ""  65.918""], ["" 125.982"", "" 129.150"", ""  65.380""], ["" 123.884"", "" 129.979"", ""  65.956""], ["" 123.775"", "" 130.666"", ""  64.749""], ["" 124.965"", "" 129.231"", ""  66.273""], ["" 124.819"", "" 130.600"", ""  63.816""], ["" 125.968"", "" 129.836"", ""  64.143""], ["" 127.128"", "" 129.809"", ""  63.247""], ["" 128.043"", "" 129.786"", ""  62.539""], ["" 122.782"", "" 130.022"", ""  66.996""], ["" 124.653"", "" 131.346"", ""  62.530""], ["" 125.174"", "" 132.638"", ""  62.394""], ["" 123.960"", "" 130.773"", ""  61.457""], ["" 125.016"", "" 133.341"", ""  61.203""], ["" 123.801"", "" 131.473"", ""  60.263""], ["" 124.331"", "" 132.754"", ""  60.142""], ["" 129.157"", "" 128.184"", ""  69.919""], ["" 129.480"", "" 129.221"", ""  70.807""], ["" 128.989"", "" 126.891"", ""  70.417""], ["" 129.654"", "" 128.967"", ""  72.177""], ["" 129.155"", "" 126.613"", ""  71.782""], ["" 129.485"", "" 127.660"", ""  72.652""], ["" 129.981"", "" 129.937"", ""  73.108""], ["" 129.628"", "" 131.294"", ""  72.862""], ["" 129.011"", "" 125.353"", ""  72.338""], ["" 129.755"", "" 124.263"", ""  71.804""], ["" 129.668"", "" 127.398"", ""  73.989""], ["" 130.791"", "" 126.574"", ""  74.270""]]",[],3ch_Grossjean_2025
57,8263,3ci_Grossjean_2025,receptor_tmp,1,15,-7.3,-0.28076923076923077,0.0,0.0,5,193.88,-8.79,-8.6,-0.19,-8.79,0.0,-1.87,1.49,-1.87,33,4,0.0,0.0,0.0,9.380957,14.61868,3.424663,-0.1994899,0.44832769,0.87132431,143.960495,"17.643311, 279.175354, 342.101379, 210.554825, 143.928864, ","[["" 126.430"", "" 133.664"", ""  60.700""], ["" 127.843"", "" 132.769"", ""  61.333""], ["" 128.785"", "" 131.683"", ""  63.169""], ["" 129.935"", "" 131.364"", ""  62.452""], ["" 127.758"", "" 132.375"", ""  62.629""], ["" 130.048"", "" 131.761"", ""  61.112""], ["" 128.979"", "" 132.492"", ""  60.534""], ["" 129.058"", "" 132.971"", ""  59.150""], ["" 129.123"", "" 133.348"", ""  58.057""], ["" 128.606"", "" 131.261"", ""  64.616""], ["" 131.292"", "" 131.383"", ""  60.378""], ["" 131.232"", "" 130.916"", ""  59.058""], ["" 132.537"", "" 131.470"", ""  61.012""], ["" 132.394"", "" 130.558"", ""  58.381""], ["" 133.701"", "" 131.112"", ""  60.338""], ["" 133.624"", "" 130.658"", ""  59.024""], ["" 125.226"", "" 132.485"", ""  60.006""], ["" 124.362"", "" 131.800"", ""  61.071""], ["" 124.960"", "" 131.587"", ""  62.264""], ["" 123.197"", "" 131.501"", ""  60.801""], ["" 125.919"", "" 131.886"", ""  62.359""], ["" 124.415"", "" 130.965"", ""  63.379""], ["" 123.126"", "" 130.786"", ""  63.617""], ["" 125.191"", "" 130.437"", ""  64.410""], ["" 123.032"", "" 130.121"", ""  64.840""], ["" 124.286"", "" 129.916"", ""  65.308""]]",[],3ci_Grossjean_2025
58,7961,3cj_Grossjean_2025,receptor_tmp,1,5,-7.05,-0.27115384615384613,0.0,0.0,8,193.05,-8.54,-8.06,-0.48,-8.54,0.0,-1.75,1.49,-1.75,26,4,0.0,0.0,0.0,11.066322,9.294549,9.708552,-0.30988852,0.91878227,-0.24455725,254.864441,"359.309814, 332.823792, 29.934637, 310.154358, 293.808807, ","[["" 127.408"", "" 126.928"", ""  68.929""], ["" 128.187"", "" 127.103"", ""  67.338""], ["" 128.298"", "" 128.383"", ""  65.398""], ["" 129.373"", "" 127.640"", ""  64.915""], ["" 127.717"", "" 128.135"", ""  66.593""], ["" 129.888"", "" 126.588"", ""  65.685""], ["" 129.269"", "" 126.294"", ""  66.925""], ["" 129.744"", "" 125.187"", ""  67.762""], ["" 130.120"", "" 124.314"", ""  68.423""], ["" 127.722"", "" 129.546"", ""  64.613""], ["" 131.080"", "" 125.861"", ""  65.159""], ["" 132.289"", "" 125.873"", ""  65.865""], ["" 131.009"", "" 125.182"", ""  63.937""], ["" 133.405"", "" 125.205"", ""  65.366""], ["" 132.123"", "" 124.513"", ""  63.436""], ["" 133.316"", "" 124.527"", ""  64.154""], ["" 128.450"", "" 127.895"", ""  70.068""], ["" 128.948"", "" 127.048"", ""  71.243""], ["" 129.241"", "" 125.763"", ""  70.948""], ["" 129.023"", "" 127.551"", ""  72.366""], ["" 129.122"", "" 125.469"", ""  69.989""], ["" 129.579"", "" 124.764"", ""  71.846""], ["" 129.367"", "" 124.738"", ""  73.144""], ["" 130.349"", "" 123.349"", ""  71.199""], ["" 129.795"", "" 123.613"", ""  73.681""], ["" 130.371"", "" 122.694"", ""  72.809""]]",[],3cj_Grossjean_2025
59,1567,3ck_Grossjean_2025,receptor_tmp,1,18,-5.46,-0.1761290322580645,0.0,0.0,1,189.97,-9.34,-9.1,-0.24,-9.34,0.0,-2.79,3.88,-2.79,44,5,0.0,0.0,0.0,5.999844,8.337195,9.50373,0.94725404,-0.17056677,-0.27132408,225.049438,"221.467255, 2.875932, 207.798859, 228.187912, 14.149103, 35.073631, 305.919891, 83.568207, 3.739842, 308.021606, 85.022438, 127.021584, 357.685303, ","[["" 129.509"", "" 127.528"", ""  67.816""], ["" 129.627"", "" 128.888"", ""  68.203""], ["" 128.573"", "" 129.730"", ""  67.459""], ["" 128.206"", "" 129.189"", ""  66.147""], ["" 127.145"", "" 128.403"", ""  65.892""], ["" 126.331"", "" 128.065"", ""  66.754""], ["" 128.816"", "" 129.433"", ""  65.380""], ["" 126.997"", "" 127.944"", ""  64.432""], ["" 128.563"", "" 127.635"", ""  63.546""], ["" 129.169"", "" 129.176"", ""  62.873""], ["" 131.176"", "" 127.008"", ""  60.878""], ["" 130.718"", "" 127.982"", ""  61.304""], ["" 130.138"", "" 129.217"", ""  61.844""], ["" 130.550"", "" 130.485"", ""  61.358""], ["" 129.993"", "" 131.632"", ""  61.937""], ["" 128.638"", "" 130.301"", ""  63.416""], ["" 129.048"", "" 131.502"", ""  62.952""], ["" 128.409"", "" 132.713"", ""  63.604""], ["" 131.542"", "" 130.672"", ""  60.258""], ["" 131.106"", "" 130.958"", ""  58.958""], ["" 132.915"", "" 130.541"", ""  60.503""], ["" 132.026"", "" 131.124"", ""  57.925""], ["" 133.836"", "" 130.706"", ""  59.473""], ["" 133.386"", "" 130.999"", ""  58.187""], ["" 130.659"", "" 126.987"", ""  67.181""], ["" 130.375"", "" 125.519"", ""  66.838""], ["" 131.558"", "" 124.927"", ""  66.318""], ["" 131.687"", "" 125.039"", ""  64.906""], ["" 133.056"", "" 125.643"", ""  64.568""], ["" 134.084"", "" 124.750"", ""  64.974""], ["" 134.628"", "" 125.057"", ""  66.248""]]",[],3ck_Grossjean_2025
60,1526,4aa_Grossjean_2025,receptor_tmp,1,11,-6.7,-0.2310344827586207,0.0,0.0,19,189.33,-8.49,-7.95,-0.54,-8.49,0.0,-0.82,1.79,-0.82,48,9,0.0,0.0,0.0,9.425245,8.928001,10.791593,0.82363939,-0.39055086,-0.41120334,218.148773,"198.056183, 334.158783, 130.539825, 358.019287, 37.969006, 17.535025, ","[["" 128.684"", "" 127.193"", ""  69.845""], ["" 129.765"", "" 127.692"", ""  70.572""], ["" 129.560"", "" 128.342"", ""  71.786""], ["" 128.265"", "" 128.514"", ""  72.292""], ["" 127.179"", "" 128.020"", ""  71.554""], ["" 127.383"", "" 127.366"", ""  70.341""], ["" 129.004"", "" 126.562"", ""  68.628""], ["" 130.054"", "" 128.200"", ""  67.427""], ["" 129.654"", "" 127.041"", ""  67.540""], ["" 128.683"", "" 125.606"", ""  68.562""], ["" 129.842"", "" 126.080"", ""  66.451""], ["" 129.900"", "" 126.324"", ""  65.070""], ["" 130.089"", "" 124.368"", ""  66.807""], ["" 130.132"", "" 125.146"", ""  64.278""], ["" 130.257"", "" 123.991"", ""  65.107""], ["" 130.254"", "" 124.942"", ""  62.877""], ["" 130.480"", "" 122.748"", ""  64.679""], ["" 130.489"", "" 123.639"", ""  62.424""], ["" 130.595"", "" 122.593"", ""  63.337""], ["" 130.147"", "" 126.052"", ""  61.841""], ["" 130.853"", "" 121.171"", ""  62.871""], ["" 129.749"", "" 127.566"", ""  64.506""], ["" 129.855"", "" 128.413"", ""  65.046""], ["" 129.522"", "" 127.675"", ""  63.528""], ["" 128.078"", "" 129.225"", ""  73.601""], ["" 128.950"", "" 129.931"", ""  74.120""], ["" 126.856"", "" 129.017"", ""  74.156""], ["" 126.166"", "" 130.064"", ""  74.826""], ["" 124.810"", "" 129.547"", ""  75.316""]]",[],4aa_Grossjean_2025
61,7863,4ab_Grossjean_2025,receptor_tmp,1,1,-6.72,-0.24,0.0,0.0,2,187.9,-8.21,-7.89,-0.32,-8.21,0.0,-0.36,1.49,-0.36,43,8,0.0,0.0,0.0,10.977734,7.979586,7.266619,-0.7964612,0.5967669,0.09756445,94.36795,"253.519257, 146.574905, 148.38147, 261.582123, 198.965942, ","[["" 129.471"", "" 125.804"", ""  66.683""], ["" 129.915"", "" 125.241"", ""  67.879""], ["" 129.381"", "" 125.655"", ""  69.097""], ["" 128.396"", "" 126.652"", ""  69.139""], ["" 127.958"", "" 127.222"", ""  67.935""], ["" 128.489"", "" 126.806"", ""  66.716""], ["" 130.084"", "" 125.316"", ""  65.514""], ["" 132.290"", "" 125.136"", ""  66.093""], ["" 131.380"", "" 124.998"", ""  65.274""], ["" 129.453"", "" 125.201"", ""  64.735""], ["" 131.658"", "" 124.484"", ""  63.932""], ["" 130.878"", "" 123.621"", ""  63.146""], ["" 133.114"", "" 124.987"", ""  63.070""], ["" 131.439"", "" 123.341"", ""  61.852""], ["" 132.675"", "" 124.032"", ""  61.672""], ["" 130.995"", "" 122.535"", ""  60.769""], ["" 133.437"", "" 123.987"", ""  60.579""], ["" 131.794"", "" 122.485"", ""  59.620""], ["" 132.981"", "" 123.212"", ""  59.566""], ["" 129.707"", "" 121.725"", ""  60.780""], ["" 133.861"", "" 123.178"", ""  58.330""], ["" 129.687"", "" 123.080"", ""  63.560""], ["" 128.843"", "" 123.630"", ""  63.618""], ["" 129.617"", "" 122.107"", ""  63.826""], ["" 127.843"", "" 127.077"", ""  70.469""], ["" 126.779"", "" 127.692"", ""  70.596""], ["" 128.625"", "" 126.712"", ""  71.517""], ["" 129.756"", "" 127.486"", ""  71.890""]]",[],4ab_Grossjean_2025
62,8567,4ac_Grossjean_2025,receptor_tmp,1,5,-6.76,-0.26,0.0,0.0,6,188.49,-7.95,-7.56,-0.39,-7.95,0.0,-0.33,1.19,-0.33,38,8,0.0,0.0,0.0,9.774063,9.847647,8.160499,-0.97947041,0.16012612,0.12246367,229.156097,"112.981842, 132.815552, 177.252274, 65.331985, ","[["" 127.507"", "" 126.738"", ""  66.652""], ["" 128.253"", "" 127.169"", ""  65.770""], ["" 127.896"", "" 128.121"", ""  64.876""], ["" 128.622"", "" 128.437"", ""  64.247""], ["" 129.622"", "" 126.664"", ""  65.638""], ["" 130.291"", "" 126.246"", ""  64.477""], ["" 130.663"", "" 126.526"", ""  67.056""], ["" 131.643"", "" 125.811"", ""  64.705""], ["" 131.982"", "" 125.910"", ""  66.087""], ["" 132.651"", "" 125.322"", ""  63.832""], ["" 133.158"", "" 125.582"", ""  66.623""], ["" 133.887"", "" 124.977"", ""  64.390""], ["" 134.096"", "" 125.118"", ""  65.762""], ["" 132.472"", "" 125.150"", ""  62.331""], ["" 135.427"", "" 124.750"", ""  66.391""], ["" 129.723"", "" 126.245"", ""  63.227""], ["" 128.963"", "" 125.627"", ""  62.987""], ["" 130.049"", "" 126.871"", ""  62.503""], ["" 126.661"", "" 128.777"", ""  64.718""], ["" 126.181"", "" 128.882"", ""  63.412""], ["" 125.896"", "" 129.283"", ""  65.779""], ["" 124.961"", "" 129.504"", ""  63.162""], ["" 124.676"", "" 129.905"", ""  65.525""], ["" 124.200"", "" 130.021"", ""  64.210""], ["" 123.004"", "" 130.621"", ""  63.865""], ["" 122.649"", "" 130.726"", ""  62.490""]]",[],4ac_Grossjean_2025
63,8665,4ad_Grossjean_2025,receptor_tmp,1,8,-6.48,-0.27,0.0,0.0,2,186.89,-7.37,-7.25,-0.12,-7.37,0.0,-0.29,0.89,-0.29,41,6,0.0,0.0,0.0,12.518712,7.301211,4.382275,0.67903434,-0.52537129,0.51273519,91.316833,"241.849594, 141.781891, 140.692276, ","[["" 131.654"", "" 124.618"", ""  61.775""], ["" 131.083"", "" 125.031"", ""  62.989""], ["" 132.023"", "" 125.135"", ""  64.072""], ["" 131.876"", "" 125.504"", ""  65.437""], ["" 130.553"", "" 125.898"", ""  66.076""], ["" 133.022"", "" 125.502"", ""  66.241""], ["" 134.254"", "" 125.146"", ""  65.697""], ["" 135.510"", "" 125.134"", ""  66.549""], ["" 134.432"", "" 124.788"", ""  64.403""], ["" 133.338"", "" 124.790"", ""  63.638""], ["" 133.389"", "" 124.351"", ""  61.947""], ["" 130.994"", "" 124.393"", ""  60.487""], ["" 131.541"", "" 124.730"", ""  59.435""], ["" 129.780"", "" 123.794"", ""  60.553""], ["" 129.473"", "" 123.513"", ""  61.472""], ["" 128.880"", "" 123.479"", ""  59.517""], ["" 129.437"", "" 122.877"", ""  58.384""], ["" 127.494"", "" 123.701"", ""  59.574""], ["" 128.627"", "" 122.519"", ""  57.310""], ["" 126.687"", "" 123.341"", ""  58.499""], ["" 127.256"", "" 122.754"", ""  57.371""], ["" 129.749"", "" 125.315"", ""  63.148""], ["" 129.217"", "" 125.796"", ""  62.438""], ["" 129.252"", "" 125.046"", ""  63.986""]]",[],4ad_Grossjean_2025
64,8200,4ae_Grossjean_2025,receptor_tmp,1,1,-6.78,-0.2712,0.0,0.0,12,188.29,-7.67,-7.46,-0.21,-7.67,0.0,-0.2,0.89,-0.2,45,6,0.0,0.0,0.0,9.325676,9.756302,8.699194,-0.96585832,0.23062856,-0.11801766,86.417061,"40.00687, 159.94046, 115.069427, ","[["" 128.873"", "" 126.881"", ""  65.752""], ["" 129.589"", "" 126.715"", ""  64.555""], ["" 130.925"", "" 126.215"", ""  64.739""], ["" 131.969"", "" 125.913"", ""  63.823""], ["" 131.857"", "" 126.080"", ""  62.315""], ["" 133.178"", "" 125.436"", ""  64.344""], ["" 133.326"", "" 125.271"", ""  65.720""], ["" 134.628"", "" 124.761"", ""  66.311""], ["" 132.353"", "" 125.546"", ""  66.621""], ["" 131.203"", "" 126.001"", ""  66.122""], ["" 129.847"", "" 126.411"", ""  67.146""], ["" 127.514"", "" 127.392"", ""  65.938""], ["" 126.868"", "" 127.114"", ""  66.949""], ["" 127.046"", "" 128.177"", ""  64.935""], ["" 127.692"", "" 128.384"", ""  64.188""], ["" 125.794"", "" 128.805"", ""  64.822""], ["" 125.037"", "" 129.109"", ""  65.918""], ["" 125.345"", "" 129.071"", ""  63.524""], ["" 123.828"", "" 129.695"", ""  65.730""], ["" 124.099"", "" 129.677"", ""  63.347""], ["" 123.323"", "" 129.996"", ""  64.462""], ["" 123.042"", "" 130.003"", ""  66.990""], ["" 129.077"", "" 127.000"", ""  63.314""], ["" 128.297"", "" 126.486"", ""  62.927""], ["" 129.465"", "" 127.738"", ""  62.743""]]",[],4ae_Grossjean_2025
65,2294,4af_Grossjean_2025,receptor_tmp,1,2,-6.2,-0.25833333333333336,0.0,0.0,3,186.95,-7.1,-6.94,-0.15,-7.1,0.0,-0.29,0.89,-0.29,35,6,0.0,0.0,0.0,12.532787,7.30346,4.345547,-0.68001555,0.52482656,-0.51199213,268.505127,"235.52832, 144.984085, 323.871155, ","[["" 131.659"", "" 124.612"", ""  61.742""], ["" 131.085"", "" 125.020"", ""  62.956""], ["" 132.026"", "" 125.130"", ""  64.039""], ["" 131.877"", "" 125.501"", ""  65.403""], ["" 130.554"", "" 125.892"", ""  66.041""], ["" 133.023"", "" 125.503"", ""  66.208""], ["" 134.256"", "" 125.150"", ""  65.665""], ["" 135.512"", "" 125.142"", ""  66.518""], ["" 134.436"", "" 124.792"", ""  64.370""], ["" 133.343"", "" 124.791"", ""  63.606""], ["" 133.396"", "" 124.349"", ""  61.915""], ["" 130.998"", "" 124.370"", ""  60.458""], ["" 131.544"", "" 124.692"", ""  59.402""], ["" 129.787"", "" 123.767"", ""  60.534""], ["" 129.479"", "" 123.503"", ""  61.458""], ["" 128.883"", "" 123.441"", ""  59.505""], ["" 129.419"", "" 122.853"", ""  58.353""], ["" 127.490"", "" 123.631"", ""  59.553""], ["" 128.667"", "" 122.474"", ""  57.288""], ["" 126.703"", "" 123.246"", ""  58.466""], ["" 127.327"", "" 122.676"", ""  57.356""], ["" 129.750"", "" 125.294"", ""  63.116""], ["" 129.258"", "" 125.073"", ""  63.969""], ["" 129.214"", "" 125.734"", ""  62.380""]]",[],4af_Grossjean_2025
66,8027,4ag_Grossjean_2025,receptor_tmp,1,9,-6.76,-0.2704,0.0,0.0,4,186.24,-7.95,-7.76,-0.19,-7.95,0.0,-0.33,1.19,-0.33,32,4,0.0,0.0,0.0,12.56391,7.140417,3.779122,-0.63124484,0.47837635,-0.61048016,270.989014,"87.556839, 153.657913, 140.485321, 138.30574, ","[["" 131.778"", "" 123.893"", ""  61.461""], ["" 131.090"", "" 124.521"", ""  62.509""], ["" 131.904"", "" 124.787"", ""  63.665""], ["" 131.618"", "" 125.390"", ""  64.919""], ["" 130.250"", "" 125.924"", ""  65.316""], ["" 132.662"", "" 125.498"", ""  65.845""], ["" 133.931"", "" 125.022"", ""  65.523""], ["" 135.079"", "" 125.129"", ""  66.510""], ["" 134.241"", "" 124.444"", ""  64.337""], ["" 133.244"", "" 124.342"", ""  63.457""], ["" 133.470"", "" 123.621"", ""  61.879""], ["" 131.268"", "" 123.491"", ""  60.151""], ["" 131.952"", "" 123.606"", ""  59.132""], ["" 130.007"", "" 123.009"", ""  60.127""], ["" 129.525"", "" 122.889"", ""  61.006""], ["" 129.307"", "" 122.527"", ""  58.937""], ["" 127.868"", "" 123.018"", ""  58.823""], ["" 127.188"", "" 122.901"", ""  57.608""], ["" 127.213"", "" 123.535"", ""  59.945""], ["" 125.865"", "" 123.326"", ""  57.508""], ["" 125.891"", "" 123.960"", ""  59.844""], ["" 125.224"", "" 123.855"", ""  58.626""], ["" 129.761"", "" 124.857"", ""  62.455""], ["" 129.345"", "" 125.256"", ""  61.625""], ["" 129.149"", "" 124.712"", ""  63.247""]]",[],4ag_Grossjean_2025
67,8057,4ah_Grossjean_2025,receptor_tmp,1,14,-6.71,-0.21645161290322582,0.0,0.0,7,190.48,-8.79,-7.58,-1.21,-8.79,0.0,-0.82,2.09,-0.82,33,9,0.0,0.0,0.0,9.610272,10.470913,8.675949,0.29413706,0.54422845,-0.78568364,191.245224,"238.411469, 85.635826, 79.741066, 15.822883, 353.89151, 34.072475, 153.145035, ","[["" 128.368"", "" 126.461"", ""  67.399""], ["" 129.354"", "" 127.069"", ""  66.981""], ["" 129.742"", "" 128.260"", ""  67.484""], ["" 130.510"", "" 128.738"", ""  67.038""], ["" 130.202"", "" 126.512"", ""  65.927""], ["" 129.982"", "" 126.506"", ""  64.542""], ["" 131.758"", "" 125.786"", ""  66.334""], ["" 131.043"", "" 125.896"", ""  63.787""], ["" 132.093"", "" 125.455"", ""  64.649""], ["" 131.221"", "" 125.668"", ""  62.395""], ["" 133.218"", "" 124.857"", ""  64.257""], ["" 132.400"", "" 125.037"", ""  61.983""], ["" 133.354"", "" 124.657"", ""  62.924""], ["" 130.210"", "" 126.065"", ""  61.331""], ["" 134.643"", "" 123.978"", ""  62.500""], ["" 128.860"", "" 127.022"", ""  63.946""], ["" 128.590"", "" 127.988"", ""  64.061""], ["" 128.259"", "" 126.445"", ""  63.373""], ["" 129.046"", "" 129.003"", ""  68.535""], ["" 129.266"", "" 128.433"", ""  69.932""], ["" 129.031"", "" 127.080"", ""  70.180""], ["" 129.634"", "" 129.272"", ""  70.985""], ["" 129.187"", "" 126.549"", ""  71.470""], ["" 129.803"", "" 128.767"", ""  72.283""], ["" 129.582"", "" 127.402"", ""  72.511""], ["" 128.972"", "" 125.219"", ""  71.788""], ["" 129.981"", "" 124.259"", ""  71.494""], ["" 130.180"", "" 129.538"", ""  73.368""], ["" 130.114"", "" 130.957"", ""  73.273""], ["" 129.726"", "" 126.896"", ""  73.781""], ["" 130.992"", "" 126.300"", ""  74.027""]]",[],4ah_Grossjean_2025
68,8016,4ai_Grossjean_2025,receptor_tmp,1,13,-6.21,-0.27,0.0,0.0,2,188.88,-7.11,-6.78,-0.33,-7.11,0.0,-0.26,0.89,-0.26,47,13,0.0,0.0,0.0,9.842624,9.54806,8.606253,0.22995127,0.69320369,-0.68307471,194.811295,"127.289581, 221.97139, 268.475159, ","[["" 129.226"", "" 126.684"", ""  65.832""], ["" 128.634"", "" 127.068"", ""  64.618""], ["" 127.389"", "" 127.772"", ""  64.772""], ["" 126.486"", "" 128.336"", ""  63.830""], ["" 126.689"", "" 128.299"", ""  62.324""], ["" 125.338"", "" 128.967"", ""  64.324""], ["" 125.112"", "" 129.026"", ""  65.698""], ["" 123.878"", "" 129.711"", ""  66.258""], ["" 125.949"", "" 128.498"", ""  66.624""], ["" 127.042"", "" 127.899"", ""  66.150""], ["" 128.230"", "" 127.168"", ""  67.207""], ["" 130.476"", "" 125.952"", ""  66.044""], ["" 130.565"", "" 125.105"", ""  66.935""], ["" 131.484"", "" 126.264"", ""  65.192""], ["" 131.293"", "" 126.964"", ""  64.492""], ["" 132.762"", "" 125.721"", ""  65.161""], ["" 133.348"", "" 125.172"", ""  64.109""], ["" 133.604"", "" 125.691"", ""  66.273""], ["" 134.618"", "" 124.765"", ""  64.523""], ["" 134.758"", "" 125.085"", ""  65.831""], ["" 129.182"", "" 126.810"", ""  63.387""], ["" 128.993"", "" 125.953"", ""  62.888""], ["" 129.802"", "" 127.472"", ""  62.939""]]",[],4ai_Grossjean_2025
69,2132,4aj_Grossjean_2025,receptor_tmp,1,1,-5.87,-0.25521739130434784,0.0,0.0,6,187.78,-6.77,-6.33,-0.44,-6.77,0.0,-0.11,0.89,-0.11,36,7,0.0,0.0,0.0,10.834742,7.567065,8.280955,-0.19829001,-0.87615531,0.43935515,109.34819,"218.036087, 126.570549, 55.534828, ","[["" 130.088"", "" 124.744"", ""  65.379""], ["" 129.645"", "" 126.065"", ""  65.208""], ["" 129.343"", "" 126.744"", ""  66.440""], ["" 128.885"", "" 128.059"", ""  66.721""], ["" 128.600"", "" 129.109"", ""  65.659""], ["" 128.686"", "" 128.408"", ""  68.062""], ["" 128.934"", "" 127.478"", ""  69.069""], ["" 128.719"", "" 127.832"", ""  70.529""], ["" 129.373"", "" 126.216"", ""  68.839""], ["" 129.563"", "" 125.887"", ""  67.561""], ["" 130.125"", "" 124.300"", ""  67.086""], ["" 130.467"", "" 123.771"", ""  64.352""], ["" 131.580"", "" 123.240"", ""  64.369""], ["" 129.517"", "" 123.504"", ""  63.424""], ["" 128.637"", "" 123.991"", ""  63.508""], ["" 129.617"", "" 122.618"", ""  62.359""], ["" 129.121"", "" 122.752"", ""  61.148""], ["" 130.500"", "" 121.151"", ""  62.630""], ["" 129.413"", "" 121.716"", ""  60.387""], ["" 130.164"", "" 120.706"", ""  60.984""], ["" 129.512"", "" 126.673"", ""  63.986""], ["" 129.978"", "" 127.541"", ""  63.768""], ["" 128.937"", "" 126.269"", ""  63.258""]]",[],4aj_Grossjean_2025
70,1603,4ak_Grossjean_2025,receptor_tmp,1,7,-5.0,-0.17857142857142858,0.0,0.0,1,188.6,-8.28,-7.88,-0.4,-8.28,0.0,-1.32,3.28,-1.32,33,9,0.0,0.0,0.0,12.693897,9.090962,12.440944,-0.94773202,0.30342595,-0.0986748,235.936462,"179.013382, 350.97818, 43.263218, 70.794319, 70.273682, 9.919354, 209.840591, 157.768448, 324.859009, 213.030762, 125.008873, ","[["" 132.613"", "" 125.207"", ""  66.501""], ["" 131.221"", "" 125.279"", ""  66.218""], ["" 130.554"", "" 126.267"", ""  67.193""], ["" 129.690"", "" 127.246"", ""  66.535""], ["" 127.759"", "" 126.721"", ""  67.591""], ["" 128.370"", "" 127.400"", ""  66.764""], ["" 130.132"", "" 127.840"", ""  65.847""], ["" 127.697"", "" 128.432"", ""  65.977""], ["" 126.325"", "" 128.722"", ""  65.909""], ["" 128.627"", "" 129.494"", ""  64.920""], ["" 126.001"", "" 129.806"", ""  65.021""], ["" 127.178"", "" 130.327"", ""  64.405""], ["" 124.769"", "" 130.418"", ""  64.668""], ["" 127.216"", "" 131.334"", ""  63.532""], ["" 124.805"", "" 131.476"", ""  63.752""], ["" 126.022"", "" 131.895"", ""  63.219""], ["" 123.417"", "" 129.999"", ""  65.225""], ["" 126.086"", "" 133.039"", ""  62.223""], ["" 125.367"", "" 128.044"", ""  66.620""], ["" 125.601"", "" 127.274"", ""  67.231""], ["" 124.391"", "" 128.298"", ""  66.559""], ["" 133.432"", "" 125.824"", ""  65.517""], ["" 133.103"", "" 125.232"", ""  64.141""], ["" 133.880"", "" 124.059"", ""  63.936""], ["" 133.216"", "" 123.057"", ""  63.178""], ["" 131.701"", "" 123.285"", ""  63.248""], ["" 131.168"", "" 122.587"", ""  64.366""], ["" 129.749"", "" 122.538"", ""  64.378""]]",[],4ak_Grossjean_2025
71,7927,4al_Grossjean_2025,receptor_tmp,2,8,-4.9,-0.27222222222222225,0.0,0.0,8,186.62,-5.8,-5.72,-0.08,-5.8,0.0,-0.46,0.89,-0.46,29,6,0.0,0.0,0.0,11.744066,6.050275,5.285201,-0.46249374,0.88441483,0.06252962,153.470947,"45.95211, 348.235565, 11.171578, ","[["" 132.029"", "" 124.032"", ""  63.189""], ["" 130.722"", "" 124.031"", ""  62.687""], ["" 130.323"", "" 122.784"", ""  62.097""], ["" 129.113"", "" 122.358"", ""  61.483""], ["" 127.884"", "" 123.237"", ""  61.321""], ["" 129.055"", "" 121.046"", ""  61.000""], ["" 130.158"", "" 120.206"", ""  61.129""], ["" 130.119"", "" 118.779"", ""  60.613""], ["" 131.327"", "" 120.579"", ""  61.708""], ["" 131.380"", "" 121.829"", ""  62.167""], ["" 132.812"", "" 122.470"", ""  62.941""], ["" 132.764"", "" 125.129"", ""  63.856""], ["" 132.363"", "" 126.295"", ""  63.873""], ["" 133.918"", "" 124.714"", ""  64.440""], ["" 134.255"", "" 125.122"", ""  65.757""], ["" 129.889"", "" 125.119"", ""  62.750""], ["" 128.904"", "" 125.052"", ""  62.536""], ["" 130.235"", "" 126.032"", ""  63.014""]]",[],4al_Grossjean_2025
72,8182,4ba_Grossjean_2025,receptor_tmp,1,13,-6.82,-0.22,0.0,0.0,4,187.24,-8.61,-8.5,-0.11,-8.61,0.0,-0.51,1.79,-0.51,46,6,0.0,0.0,0.0,11.120564,8.105182,6.697068,-0.7834819,0.61932922,0.05086679,93.309914,"249.177841, 245.319763, 139.900864, 147.429626, 179.983368, 262.037964, ","[["" 129.550"", "" 126.088"", ""  66.674""], ["" 129.900"", "" 125.493"", ""  67.886""], ["" 129.367"", "" 125.962"", ""  69.083""], ["" 128.473"", "" 127.040"", ""  69.091""], ["" 128.127"", "" 127.641"", ""  67.872""], ["" 128.660"", "" 127.173"", ""  66.674""], ["" 130.154"", "" 125.541"", ""  65.526""], ["" 132.323"", "" 125.205"", ""  66.169""], ["" 131.429"", "" 125.123"", ""  65.326""], ["" 129.537"", "" 125.465"", ""  64.732""], ["" 131.705"", "" 124.571"", ""  63.998""], ["" 130.947"", "" 123.650"", ""  63.257""], ["" 133.119"", "" 125.106"", ""  63.093""], ["" 131.494"", "" 123.345"", ""  61.958""], ["" 132.693"", "" 124.089"", ""  61.737""], ["" 131.070"", "" 122.480"", ""  60.904""], ["" 133.443"", "" 124.049"", ""  60.636""], ["" 131.864"", "" 122.444"", ""  59.746""], ["" 133.012"", "" 123.226"", ""  59.654""], ["" 133.876"", "" 123.203"", ""  58.405""], ["" 129.787"", "" 123.084"", ""  63.723""], ["" 128.940"", "" 123.621"", ""  63.843""], ["" 129.743"", "" 122.105"", ""  63.971""], ["" 129.817"", "" 121.601"", ""  60.961""], ["" 128.685"", "" 122.306"", ""  60.995""], ["" 129.766"", "" 120.815"", ""  59.884""], ["" 129.848"", "" 120.843"", ""  62.057""], ["" 127.915"", "" 127.525"", ""  70.398""], ["" 126.807"", "" 127.183"", ""  70.819""], ["" 128.778"", "" 128.495"", ""  71.230""], ["" 130.141"", "" 128.855"", ""  70.608""]]",[],4ba_Grossjean_2025
73,1648,4bb_Grossjean_2025,receptor_tmp,1,16,-6.66,-0.222,0.0,0.0,6,187.08,-8.15,-8.06,-0.09,-8.15,0.0,-0.36,1.49,-0.36,49,7,0.0,0.0,0.0,12.151003,7.56778,7.222752,-0.5968417,-0.38326249,0.70490414,257.572601,"252.376694, 244.127396, 138.792328, 245.719269, 160.047958, ","[["" 132.174"", "" 125.179"", ""  66.250""], ["" 131.297"", "" 125.101"", ""  65.391""], ["" 130.019"", "" 125.519"", ""  65.567""], ["" 129.415"", "" 125.442"", ""  64.762""], ["" 131.599"", "" 124.556"", ""  64.064""], ["" 130.871"", "" 123.616"", ""  63.317""], ["" 133.008"", "" 125.124"", ""  63.173""], ["" 131.437"", "" 123.324"", ""  62.024""], ["" 132.624"", "" 124.091"", ""  61.815""], ["" 131.044"", "" 122.450"", ""  60.966""], ["" 133.390"", "" 124.061"", ""  60.726""], ["" 131.854"", "" 122.423"", ""  59.820""], ["" 132.990"", "" 123.223"", ""  59.742""], ["" 133.878"", "" 123.203"", ""  58.510""], ["" 129.724"", "" 123.018"", ""  63.775""], ["" 128.849"", "" 123.518"", ""  63.839""], ["" 129.716"", "" 122.051"", ""  64.068""], ["" 129.803"", "" 121.551"", ""  61.006""], ["" 128.661"", "" 122.240"", ""  61.066""], ["" 129.757"", "" 120.797"", ""  59.907""], ["" 129.851"", "" 120.763"", ""  62.079""], ["" 129.398"", "" 126.079"", ""  66.700""], ["" 129.909"", "" 125.674"", ""  67.934""], ["" 128.343"", "" 127.004"", ""  66.663""], ["" 129.369"", "" 126.169"", ""  69.118""], ["" 127.805"", "" 127.499"", ""  67.848""], ["" 128.311"", "" 127.086"", ""  69.088""], ["" 127.750"", "" 127.603"", ""  70.379""], ["" 126.598"", "" 127.383"", ""  70.759""], ["" 128.658"", "" 128.443"", ""  71.280""]]",[],4bb_Grossjean_2025
74,1841,4bc_Grossjean_2025,receptor_tmp,1,13,-6.32,-0.21793103448275863,0.0,0.0,12,188.17,-7.81,-7.5,-0.32,-7.81,0.0,-0.34,1.49,-0.34,40,7,0.0,0.0,0.0,10.088149,9.51767,8.471351,-0.97688812,0.16103982,0.14055528,233.839493,"283.039276, 234.560532, 135.489502, 195.10228, 46.451702, ","[["" 127.516"", "" 126.893"", ""  66.761""], ["" 128.228"", "" 127.246"", ""  65.821""], ["" 127.840"", "" 128.130"", ""  64.869""], ["" 128.540"", "" 128.390"", ""  64.189""], ["" 129.588"", "" 126.719"", ""  65.673""], ["" 130.224"", "" 126.250"", ""  64.513""], ["" 130.657"", "" 126.619"", ""  67.071""], ["" 131.580"", "" 125.804"", ""  64.722""], ["" 131.944"", "" 125.951"", ""  66.096""], ["" 132.572"", "" 125.268"", ""  63.848""], ["" 133.124"", "" 125.629"", ""  66.628""], ["" 133.811"", "" 124.931"", ""  64.413""], ["" 134.042"", "" 125.122"", ""  65.774""], ["" 135.375"", "" 124.758"", ""  66.400""], ["" 129.615"", "" 126.216"", ""  63.284""], ["" 129.814"", "" 126.900"", ""  62.569""], ["" 128.944"", "" 125.496"", ""  63.052""], ["" 132.367"", "" 125.041"", ""  62.346""], ["" 131.960"", "" 126.138"", ""  61.704""], ["" 133.514"", "" 124.654"", ""  61.789""], ["" 131.443"", "" 124.100"", ""  62.152""], ["" 126.603"", "" 128.782"", ""  64.711""], ["" 126.262"", "" 129.149"", ""  63.408""], ["" 125.706"", "" 129.039"", ""  65.758""], ["" 125.050"", "" 129.786"", ""  63.154""], ["" 124.495"", "" 129.675"", ""  65.500""], ["" 124.159"", "" 130.057"", ""  64.191""], ["" 122.982"", "" 130.691"", ""  63.843""], ["" 122.594"", "" 130.731"", ""  62.473""]]",[],4bc_Grossjean_2025
75,8060,4bd_Grossjean_2025,receptor_tmp,1,17,-6.17,-0.2285185185185185,0.0,0.0,1,186.79,-7.36,-7.25,-0.12,-7.36,0.0,-0.31,1.19,-0.31,47,6,0.0,0.0,0.0,12.34036,7.397669,4.900473,-0.6835383,0.51512901,-0.51712426,267.85495,"239.167526, 144.561447, 125.519562, 131.757828, ","[["" 131.656"", "" 124.557"", ""  61.776""], ["" 131.075"", "" 124.951"", ""  62.993""], ["" 132.013"", "" 125.069"", ""  64.083""], ["" 131.866"", "" 125.425"", ""  65.457""], ["" 133.027"", "" 125.437"", ""  66.245""], ["" 134.261"", "" 125.109"", ""  65.689""], ["" 135.525"", "" 125.115"", ""  66.529""], ["" 134.433"", "" 124.768"", ""  64.391""], ["" 133.334"", "" 124.754"", ""  63.638""], ["" 133.394"", "" 124.326"", ""  61.944""], ["" 131.001"", "" 124.325"", ""  60.485""], ["" 131.563"", "" 124.630"", ""  59.432""], ["" 129.773"", "" 123.754"", ""  60.550""], ["" 129.451"", "" 123.496"", ""  61.471""], ["" 128.875"", "" 123.443"", ""  59.512""], ["" 129.437"", "" 122.866"", ""  58.369""], ["" 127.486"", "" 123.643"", ""  59.576""], ["" 128.630"", "" 122.512"", ""  57.291""], ["" 126.682"", "" 123.288"", ""  58.497""], ["" 127.256"", "" 122.727"", ""  57.358""], ["" 129.736"", "" 125.202"", ""  63.141""], ["" 129.245"", "" 125.858"", ""  62.549""], ["" 129.187"", "" 124.731"", ""  63.848""], ["" 130.530"", "" 125.789"", ""  66.114""], ["" 129.831"", "" 126.686"", ""  65.413""], ["" 129.774"", "" 124.699"", ""  66.234""], ["" 130.749"", "" 126.310"", ""  67.321""]]",[],4bd_Grossjean_2025
76,2229,4be_Grossjean_2025,receptor_tmp,1,7,-6.35,-0.22678571428571428,0.0,0.0,7,188.05,-7.55,-7.39,-0.16,-7.55,0.0,-0.2,1.19,-0.2,45,7,0.0,0.0,0.0,9.670293,9.692603,8.289373,0.96731303,-0.23277412,0.10060672,268.930786,"23.423525, 165.246719, 106.625595, 126.150055, ","[["" 128.903"", "" 126.986"", ""  65.785""], ["" 129.570"", "" 126.730"", ""  64.577""], ["" 130.904"", "" 126.208"", ""  64.739""], ["" 131.909"", "" 125.804"", ""  63.810""], ["" 133.123"", "" 125.341"", ""  64.339""], ["" 133.317"", "" 125.284"", ""  65.716""], ["" 134.626"", "" 124.787"", ""  66.302""], ["" 132.384"", "" 125.655"", ""  66.623""], ["" 131.229"", "" 126.096"", ""  66.127""], ["" 129.925"", "" 126.610"", ""  67.171""], ["" 127.558"", "" 127.532"", ""  65.989""], ["" 126.974"", "" 127.382"", ""  67.064""], ["" 127.039"", "" 128.211"", ""  64.935""], ["" 127.631"", "" 128.299"", ""  64.122""], ["" 125.799"", "" 128.866"", ""  64.831""], ["" 125.022"", "" 129.126"", ""  65.923""], ["" 125.393"", "" 129.220"", ""  63.539""], ["" 123.833"", "" 129.755"", ""  65.740""], ["" 124.167"", "" 129.867"", ""  63.367""], ["" 123.370"", "" 130.141"", ""  64.480""], ["" 123.023"", "" 130.015"", ""  66.996""], ["" 129.004"", "" 126.949"", ""  63.346""], ["" 128.280"", "" 126.351"", ""  62.976""], ["" 129.302"", "" 127.717"", ""  62.761""], ["" 131.741"", "" 125.845"", ""  62.287""], ["" 130.645"", "" 125.209"", ""  61.865""], ["" 131.649"", "" 127.110"", ""  61.877""], ["" 132.789"", "" 125.267"", ""  61.701""]]",[],4be_Grossjean_2025
77,8408,4bf_Grossjean_2025,receptor_tmp,1,4,-5.67,-0.21,0.0,0.0,6,186.7,-6.86,-6.78,-0.09,-6.86,0.0,-0.28,1.19,-0.28,43,4,0.0,0.0,0.0,12.085213,7.035988,6.540068,-0.7750892,0.38637074,0.49995439,157.191666,"164.934998, 129.910706, 73.860977, 234.445572, ","[["" 131.437"", "" 124.548"", ""  64.058""], ["" 130.791"", "" 123.517"", ""  63.355""], ["" 131.388"", "" 123.209"", ""  62.079""], ["" 131.069"", "" 122.262"", ""  61.061""], ["" 131.889"", "" 122.242"", ""  59.922""], ["" 132.964"", "" 123.120"", ""  59.812""], ["" 133.857"", "" 123.114"", ""  58.584""], ["" 133.294"", "" 124.029"", ""  60.759""], ["" 132.518"", "" 124.052"", ""  61.842""], ["" 132.811"", "" 125.174"", ""  63.150""], ["" 131.081"", "" 125.131"", ""  65.355""], ["" 131.915"", "" 125.204"", ""  66.259""], ["" 129.806"", "" 125.579"", ""  65.461""], ["" 129.242"", "" 125.513"", ""  64.626""], ["" 129.142"", "" 126.138"", ""  66.569""], ["" 129.610"", "" 125.775"", ""  67.837""], ["" 128.070"", "" 127.046"", ""  66.503""], ["" 129.074"", "" 126.245"", ""  68.993""], ["" 127.509"", "" 127.539"", ""  67.683""], ["" 128.037"", "" 127.114"", ""  68.903""], ["" 129.691"", "" 122.854"", ""  63.836""], ["" 129.749"", "" 121.911"", ""  64.192""], ["" 128.779"", "" 123.290"", ""  63.850""], ["" 129.896"", "" 121.278"", ""  61.136""], ["" 128.726"", "" 121.878"", ""  61.367""], ["" 129.786"", "" 120.618"", ""  59.984""], ["" 130.100"", "" 120.408"", ""  62.126""]]",[],4bf_Grossjean_2025
78,7987,4bg_Grossjean_2025,receptor_tmp,1,4,-6.43,-0.22964285714285712,0.0,0.0,8,186.56,-7.92,-7.82,-0.1,-7.92,0.0,-0.35,1.49,-0.35,39,6,0.0,0.0,0.0,12.183948,6.891575,4.921076,-0.69240946,0.53272592,-0.48659247,268.989655,"234.328171, 300.59491, 145.992737, 335.085083, 130.772858, ","[["" 131.672"", "" 124.550"", ""  61.770""], ["" 131.090"", "" 124.952"", ""  62.982""], ["" 132.029"", "" 125.087"", ""  64.069""], ["" 131.885"", "" 125.480"", ""  65.433""], ["" 133.046"", "" 125.490"", ""  66.223""], ["" 134.273"", "" 125.126"", ""  65.677""], ["" 135.535"", "" 125.126"", ""  66.521""], ["" 134.444"", "" 124.753"", ""  64.388""], ["" 133.346"", "" 124.744"", ""  63.632""], ["" 133.405"", "" 124.288"", ""  61.946""], ["" 131.019"", "" 124.288"", ""  60.488""], ["" 131.526"", "" 124.645"", ""  59.423""], ["" 129.858"", "" 123.602"", ""  60.545""], ["" 129.462"", "" 123.412"", ""  61.455""], ["" 129.027"", "" 123.241"", ""  59.397""], ["" 127.538"", "" 123.455"", ""  59.630""], ["" 127.020"", "" 123.423"", ""  60.929""], ["" 126.700"", "" 123.751"", ""  58.551""], ["" 125.664"", "" 123.657"", ""  61.143""], ["" 125.344"", "" 123.987"", ""  58.766""], ["" 124.832"", "" 123.936"", ""  60.060""], ["" 129.748"", "" 125.203"", ""  63.124""], ["" 129.282"", "" 125.129"", ""  64.016""], ["" 129.176"", "" 125.463"", ""  62.332""], ["" 130.556"", "" 125.888"", ""  66.077""], ["" 129.879"", "" 126.783"", ""  65.355""], ["" 129.776"", "" 124.816"", ""  66.218""], ["" 130.782"", "" 126.429"", ""  67.274""]]",[],4bg_Grossjean_2025
79,1913,4bh_Grossjean_2025,receptor_tmp,1,20,-6.35,-0.18676470588235294,0.0,0.0,7,189.96,-8.73,-7.26,-1.47,-8.73,0.0,-0.69,2.39,-0.69,44,9,0.0,0.0,0.0,9.189304,10.120545,8.940564,-0.33753327,-0.4528017,0.82525263,153.43718,"99.046219, 122.519585, 125.135643, 10.809719, 51.121899, 157.100388, 243.45108, 141.898453, ","[["" 127.846"", "" 126.984"", ""  68.020""], ["" 128.899"", "" 127.225"", ""  67.425""], ["" 129.677"", "" 128.284"", ""  67.729""], ["" 130.482"", "" 128.467"", ""  67.147""], ["" 129.398"", "" 126.343"", ""  66.370""], ["" 129.637"", "" 126.642"", ""  65.020""], ["" 129.850"", "" 124.684"", ""  66.750""], ["" 130.163"", "" 125.537"", ""  64.257""], ["" 130.334"", "" 124.392"", ""  65.096""], ["" 130.526"", "" 125.391"", ""  62.886""], ["" 130.806"", "" 123.208"", ""  64.708""], ["" 131.022"", "" 124.140"", ""  62.483""], ["" 131.145"", "" 123.102"", ""  63.403""], ["" 131.682"", "" 121.745"", ""  62.983""], ["" 129.388"", "" 127.873"", ""  64.470""], ["" 128.460"", "" 128.150"", ""  64.180""], ["" 130.128"", "" 128.545"", ""  64.328""], ["" 130.406"", "" 126.503"", ""  61.838""], ["" 129.167"", "" 126.986"", ""  61.728""], ["" 131.203"", "" 127.519"", ""  62.166""], ["" 130.761"", "" 126.034"", ""  60.642""], ["" 129.375"", "" 129.296"", ""  68.742""], ["" 129.342"", "" 128.744"", ""  70.162""], ["" 129.549"", "" 129.595"", ""  71.249""], ["" 129.176"", "" 127.376"", ""  70.383""], ["" 129.563"", "" 129.096"", ""  72.561""], ["" 129.178"", "" 126.850"", ""  71.684""], ["" 129.367"", "" 127.723"", ""  72.765""], ["" 129.760"", "" 129.881"", ""  73.683""], ["" 129.734"", "" 131.298"", ""  73.558""], ["" 129.005"", "" 125.509"", ""  71.976""], ["" 129.786"", "" 124.539"", ""  71.286""], ["" 129.390"", "" 127.219"", ""  74.045""], ["" 130.499"", "" 126.372"", ""  74.312""]]",[],4bh_Grossjean_2025
80,8593,4bi_Grossjean_2025,receptor_tmp,1,1,-6.02,-0.23153846153846153,0.0,0.0,3,189.34,-7.22,-7.26,0.04,-7.22,0.0,-0.16,1.19,-0.16,39,5,0.0,0.0,0.0,10.962452,6.205082,14.912301,-0.10790248,-0.71997497,0.68556043,56.153313,"22.40243, 54.884323, 80.654884, 147.883255, ","[["" 130.081"", "" 122.831"", ""  71.995""], ["" 129.959"", "" 124.223"", ""  72.144""], ["" 130.938"", "" 124.809"", ""  73.025""], ["" 131.188"", "" 126.151"", ""  73.443""], ["" 132.252"", "" 126.358"", ""  74.336""], ["" 133.019"", "" 125.283"", ""  74.779""], ["" 134.175"", "" 125.492"", ""  75.740""], ["" 132.809"", "" 124.002"", ""  74.400""], ["" 131.800"", "" 123.800"", ""  73.553""], ["" 131.407"", "" 122.200"", ""  72.970""], ["" 129.255"", "" 121.922"", ""  71.196""], ["" 129.029"", "" 122.157"", ""  70.007""], ["" 128.793"", "" 120.827"", ""  71.851""], ["" 129.052"", "" 120.730"", ""  72.822""], ["" 128.005"", "" 119.805"", ""  71.338""], ["" 127.870"", "" 119.496"", ""  70.059""], ["" 127.242"", "" 118.957"", ""  72.139""], ["" 126.991"", "" 118.412"", ""  69.997""], ["" 126.621"", "" 118.097"", ""  71.262""], ["" 128.999"", "" 124.964"", ""  71.504""], ["" 129.201"", "" 125.486"", ""  70.662""], ["" 128.054"", "" 125.018"", ""  71.856""], ["" 130.377"", "" 127.364"", ""  72.977""], ["" 129.899"", "" 127.230"", ""  71.738""], ["" 129.335"", "" 127.549"", ""  73.788""], ["" 131.145"", "" 128.454"", ""  72.993""]]",[],4bi_Grossjean_2025
81,8356,4bj_Grossjean_2025,receptor_tmp,1,13,-5.61,-0.21576923076923077,0.0,0.0,4,187.21,-6.8,-6.72,-0.09,-6.8,0.0,-0.17,1.19,-0.17,38,6,0.0,0.0,0.0,12.388176,7.420229,5.13041,0.691888,-0.510296,0.51077293,93.258133,"36.347652, 148.118729, 141.869141, 6.724669, ","[["" 131.711"", "" 124.486"", ""  61.766""], ["" 131.109"", "" 124.845"", ""  62.983""], ["" 132.037"", "" 124.994"", ""  64.078""], ["" 131.871"", "" 125.349"", ""  65.449""], ["" 133.026"", "" 125.392"", ""  66.246""], ["" 134.271"", "" 125.094"", ""  65.698""], ["" 135.528"", "" 125.129"", ""  66.549""], ["" 134.462"", "" 124.756"", ""  64.402""], ["" 133.369"", "" 124.716"", ""  63.641""], ["" 133.454"", "" 124.298"", ""  61.946""], ["" 131.074"", "" 124.243"", ""  60.470""], ["" 131.641"", "" 124.554"", ""  59.420""], ["" 129.854"", "" 123.654"", ""  60.521""], ["" 129.484"", "" 123.432"", ""  61.433""], ["" 129.050"", "" 123.307"", ""  59.444""], ["" 129.426"", "" 122.873"", ""  58.261""], ["" 127.335"", "" 123.454"", ""  59.658""], ["" 128.391"", "" 122.634"", ""  57.480""], ["" 127.136"", "" 122.879"", ""  58.029""], ["" 129.759"", "" 125.045"", ""  63.123""], ["" 129.207"", "" 125.488"", ""  62.404""], ["" 129.271"", "" 124.758"", ""  63.960""], ["" 130.522"", "" 125.683"", ""  66.097""], ["" 130.641"", "" 126.128"", ""  67.349""], ["" 129.905"", "" 126.630"", ""  65.392""], ["" 129.758"", "" 124.591"", ""  66.132""]]",[],4bj_Grossjean_2025
82,7903,4bk_Grossjean_2025,receptor_tmp,1,1,-5.45,-0.17580645161290323,0.0,0.0,1,192.75,-9.03,-8.64,-0.39,-9.03,0.0,-0.92,3.58,-0.92,49,11,0.0,0.0,0.0,7.26014,11.612768,12.223596,0.3257075,-0.94025316,0.09918985,192.103394,"281.273743, 230.599396, 39.33049, 103.511398, 225.391388, 131.525482, 206.950958, 36.532688, 11.789241, 73.97245, 62.173992, 98.075592, ","[["" 128.813"", "" 126.614"", ""  67.122""], ["" 129.596"", "" 127.789"", ""  66.951""], ["" 130.516"", "" 127.971"", ""  68.170""], ["" 129.816"", "" 128.428"", ""  69.371""], ["" 131.607"", "" 128.545"", ""  70.750""], ["" 130.395"", "" 128.672"", ""  70.565""], ["" 128.819"", "" 128.551"", ""  69.286""], ["" 129.500"", "" 129.108"", ""  71.638""], ["" 129.702"", "" 130.122"", ""  72.587""], ["" 127.955"", "" 128.299"", ""  71.884""], ["" 128.616"", "" 130.276"", ""  73.523""], ["" 127.583"", "" 129.327"", ""  73.247""], ["" 128.400"", "" 131.161"", ""  74.622""], ["" 126.443"", "" 129.199"", ""  73.924""], ["" 127.198"", "" 131.019"", ""  75.332""], ["" 126.268"", "" 130.051"", ""  74.961""], ["" 124.964"", "" 129.885"", ""  75.720""], ["" 130.829"", "" 130.902"", ""  72.623""], ["" 130.841"", "" 131.843"", ""  72.253""], ["" 131.691"", "" 130.562"", ""  73.028""], ["" 129.390"", "" 132.243"", ""  75.066""], ["" 129.800"", "" 133.019"", ""  74.060""], ["" 128.817"", "" 133.033"", ""  75.973""], ["" 130.471"", "" 131.675"", ""  75.597""], ["" 129.563"", "" 125.478"", ""  67.531""], ["" 130.222"", "" 124.837"", ""  66.302""], ["" 131.629"", "" 124.785"", ""  66.495""], ["" 132.347"", "" 125.758"", ""  65.748""], ["" 133.844"", "" 125.422"", ""  65.779""], ["" 134.198"", "" 124.726"", ""  64.591""], ["" 133.379"", "" 125.051"", ""  63.480""]]",[],4bk_Grossjean_2025
83,8215,4ca_Grossjean_2025,receptor_tmp,1,1,-7.17,-0.19378378378378378,0.0,0.0,17,188.02,-9.56,-8.95,-0.61,-9.56,0.0,-0.74,2.39,-0.74,42,7,0.0,0.0,0.0,10.369294,8.563739,9.25994,0.81958632,-0.49549343,-0.28768823,237.300674,"32.029373, 122.333778, 300.388184, 277.642914, 147.676346, 7.488681, 29.648729, 1.655886, ","[["" 128.818"", "" 127.377"", ""  69.682""], ["" 129.833"", "" 128.022"", ""  70.388""], ["" 129.575"", "" 128.591"", ""  71.633""], ["" 128.296"", "" 128.516"", ""  72.199""], ["" 127.280"", "" 127.859"", ""  71.489""], ["" 127.535"", "" 127.292"", ""  70.242""], ["" 129.191"", "" 126.831"", ""  68.438""], ["" 131.071"", "" 128.004"", ""  67.876""], ["" 130.219"", "" 127.154"", ""  67.616""], ["" 128.600"", "" 126.075"", ""  68.126""], ["" 130.280"", "" 126.398"", ""  66.363""], ["" 129.887"", "" 126.800"", ""  65.075""], ["" 130.865"", "" 124.735"", ""  66.359""], ["" 130.052"", "" 125.784"", ""  64.064""], ["" 130.582"", "" 124.593"", ""  64.640""], ["" 129.794"", "" 125.756"", ""  62.664""], ["" 130.848"", "" 123.466"", ""  63.985""], ["" 130.074"", "" 124.562"", ""  61.983""], ["" 130.583"", "" 123.444"", ""  62.653""], ["" 129.392"", "" 128.048"", ""  64.797""], ["" 128.708"", "" 128.202"", ""  64.069""], ["" 129.695"", "" 128.863"", ""  65.315""], ["" 129.234"", "" 126.941"", ""  61.868""], ["" 128.056"", "" 127.369"", ""  62.326""], ["" 130.082"", "" 127.967"", ""  61.929""], ["" 129.061"", "" 126.587"", ""  60.594""], ["" 130.884"", "" 122.156"", ""  61.944""], ["" 129.880"", "" 121.196"", ""  61.739""], ["" 132.178"", "" 121.869"", ""  61.473""], ["" 130.155"", "" 119.996"", ""  61.087""], ["" 132.457"", "" 120.671"", ""  60.821""], ["" 131.443"", "" 119.738"", ""  60.629""], ["" 128.053"", "" 129.135"", ""  73.545""], ["" 128.921"", "" 129.742"", ""  74.180""], ["" 126.783"", "" 128.958"", ""  73.995""], ["" 126.174"", "" 129.903"", ""  74.865""], ["" 124.813"", "" 129.370"", ""  75.323""]]",[],4ca_Grossjean_2025
84,1821,4cb_Grossjean_2025,receptor_tmp,1,18,-7.02,-0.19499999999999998,0.0,0.0,17,188.6,-9.11,-8.41,-0.7,-9.11,0.0,-0.67,2.09,-0.67,44,8,0.0,0.0,0.0,11.370853,9.400803,7.668298,0.42540562,0.583844,-0.69148843,108.359146,"81.722633, 239.723694, 220.723938, 145.138794, 101.76767, 268.430115, 346.356567, ","[["" 129.864"", "" 127.698"", ""  68.613""], ["" 128.645"", "" 127.298"", ""  69.162""], ["" 128.293"", "" 127.681"", ""  70.453""], ["" 129.153"", "" 128.480"", ""  71.219""], ["" 130.375"", "" 128.884"", ""  70.662""], ["" 130.729"", "" 128.500"", ""  69.372""], ["" 130.111"", "" 127.266"", ""  67.296""], ["" 130.372"", "" 125.004"", ""  67.510""], ["" 130.365"", "" 126.023"", ""  66.819""], ["" 130.084"", "" 128.004"", ""  66.608""], ["" 130.621"", "" 125.947"", ""  65.378""], ["" 130.116"", "" 126.764"", ""  64.353""], ["" 131.648"", "" 124.672"", ""  64.726""], ["" 130.551"", "" 126.387"", ""  63.030""], ["" 131.399"", "" 125.243"", ""  63.093""], ["" 130.298"", "" 126.923"", ""  61.734""], ["" 131.963"", "" 124.637"", ""  62.051""], ["" 130.895"", "" 126.275"", ""  60.643""], ["" 131.703"", "" 125.147"", ""  60.819""], ["" 129.285"", "" 127.830"", ""  64.583""], ["" 128.283"", "" 127.759"", ""  64.473""], ["" 129.647"", "" 128.727"", ""  64.876""], ["" 129.421"", "" 128.154"", ""  61.469""], ["" 129.862"", "" 129.252"", ""  62.088""], ["" 129.396"", "" 128.415"", ""  60.163""], ["" 128.180"", "" 127.925"", ""  61.897""], ["" 132.349"", "" 124.439"", ""  59.663""], ["" 132.899"", "" 123.158"", ""  59.824""], ["" 132.430"", "" 125.039"", ""  58.395""], ["" 133.503"", "" 122.497"", ""  58.757""], ["" 133.031"", "" 124.382"", ""  57.325""], ["" 133.566"", "" 123.111"", ""  57.511""], ["" 128.738"", "" 128.883"", ""  72.606""], ["" 127.585"", "" 128.761"", ""  73.030""], ["" 129.757"", "" 129.394"", ""  73.343""], ["" 130.061"", "" 130.782"", ""  73.307""]]",[],4cb_Grossjean_2025
85,1937,4cc_Grossjean_2025,receptor_tmp,1,16,-7.17,-0.21088235294117647,0.0,0.0,7,187.33,-8.96,-8.62,-0.34,-8.96,0.0,-0.61,1.79,-0.61,62,7,0.0,0.0,0.0,10.533776,8.287008,8.536135,0.57934998,0.73182412,0.35886913,201.331726,"244.665756, 137.465149, 290.300262, 119.507111, 238.15715, 211.162994, ","[["" 131.918"", "" 123.666"", ""  64.165""], ["" 130.733"", "" 123.987"", ""  64.272""], ["" 129.736"", "" 123.463"", ""  63.519""], ["" 128.818"", "" 123.858"", ""  63.656""], ["" 130.318"", "" 124.992"", ""  65.254""], ["" 129.692"", "" 126.229"", ""  65.031""], ["" 130.593"", "" 124.720"", ""  66.974""], ["" 129.429"", "" 126.983"", ""  66.232""], ["" 129.876"", "" 126.262"", ""  67.378""], ["" 128.832"", "" 128.254"", ""  66.471""], ["" 129.782"", "" 126.674"", ""  68.640""], ["" 128.739"", "" 128.680"", ""  67.806""], ["" 129.219"", "" 127.891"", ""  68.856""], ["" 129.358"", "" 126.687"", ""  63.781""], ["" 128.670"", "" 126.220"", ""  63.207""], ["" 129.794"", "" 127.510"", ""  63.390""], ["" 128.291"", "" 129.171"", ""  65.369""], ["" 129.088"", "" 129.233"", ""  64.299""], ["" 127.104"", "" 128.729"", ""  64.956""], ["" 128.159"", "" 130.411"", ""  65.839""], ["" 129.123"", "" 128.328"", ""  70.289""], ["" 130.208"", "" 128.957"", ""  70.922""], ["" 127.954"", "" 128.116"", ""  71.038""], ["" 130.127"", "" 129.364"", ""  72.251""], ["" 127.868"", "" 128.522"", ""  72.368""], ["" 128.957"", "" 129.146"", ""  72.969""], ["" 129.798"", "" 122.461"", ""  62.532""], ["" 130.468"", "" 121.289"", ""  62.885""], ["" 129.271"", "" 122.592"", ""  61.238""], ["" 130.593"", "" 120.249"", ""  61.968""], ["" 129.398"", "" 121.550"", ""  60.324""], ["" 130.061"", "" 120.366"", ""  60.684""], ["" 130.235"", "" 119.284"", ""  59.843""], ["" 129.742"", "" 118.009"", ""  60.241""]]",[],4cc_Grossjean_2025
86,1434,4cd_Grossjean_2025,receptor_tmp,1,3,-7.17,-0.2240625,0.0,0.0,18,187.47,-8.66,-8.26,-0.39,-8.66,0.0,-0.45,1.49,-0.45,51,7,0.0,0.0,0.0,10.551932,8.49252,9.145462,-0.21976961,-0.83558755,0.50348264,102.859787,"341.927917, 168.580414, 55.684315, 137.949005, 243.415344, ","[["" 130.030"", "" 124.813"", ""  65.318""], ["" 129.577"", "" 126.123"", ""  65.095""], ["" 129.432"", "" 126.910"", ""  66.295""], ["" 129.007"", "" 128.247"", ""  66.535""], ["" 128.986"", "" 128.687"", ""  67.869""], ["" 129.364"", "" 127.843"", ""  68.917""], ["" 129.782"", "" 126.569"", ""  68.699""], ["" 129.801"", "" 126.142"", ""  67.439""], ["" 130.303"", "" 124.518"", ""  67.033""], ["" 130.268"", "" 123.749"", ""  64.337""], ["" 130.868"", "" 122.723"", ""  64.657""], ["" 129.778"", "" 123.985"", ""  63.095""], ["" 129.250"", "" 124.837"", ""  62.980""], ["" 129.878"", "" 123.203"", ""  61.929""], ["" 128.779"", "" 123.247"", ""  61.066""], ["" 131.003"", "" 122.435"", ""  61.583""], ["" 128.788"", "" 122.519"", ""  59.880""], ["" 131.009"", "" 121.708"", ""  60.394""], ["" 129.902"", "" 121.750"", ""  59.551""], ["" 129.294"", "" 126.619"", ""  63.847""], ["" 129.734"", "" 127.456"", ""  63.493""], ["" 128.635"", "" 126.158"", ""  63.235""], ["" 128.576"", "" 129.224"", ""  65.434""], ["" 129.363"", "" 129.179"", ""  64.356""], ["" 127.337"", "" 128.937"", ""  65.035""], ["" 128.611"", "" 130.472"", ""  65.900""], ["" 129.351"", "" 128.295"", ""  70.348""], ["" 130.485"", "" 128.890"", ""  70.925""], ["" 128.206"", "" 128.145"", ""  71.150""], ["" 130.480"", "" 129.312"", ""  72.252""], ["" 128.197"", "" 128.563"", ""  72.477""], ["" 129.335"", "" 129.146"", ""  73.023""]]",[],4cd_Grossjean_2025
87,8743,4ce_Grossjean_2025,receptor_tmp,1,15,-7.53,-0.22818181818181818,0.0,0.0,20,187.51,-9.02,-8.59,-0.43,-9.02,0.0,-0.46,1.49,-0.46,52,7,0.0,0.0,0.0,10.716881,8.321408,8.759396,-0.19924677,-0.83459566,0.51356675,103.871399,"25.090807, 150.504807, 64.470337, 138.042526, 295.512238, ","[["" 130.128"", "" 124.800"", ""  65.109""], ["" 129.647"", "" 126.102"", ""  64.890""], ["" 129.472"", "" 126.876"", ""  66.094""], ["" 129.023"", "" 128.206"", ""  66.337""], ["" 128.989"", "" 128.639"", ""  67.672""], ["" 129.382"", "" 127.798"", ""  68.719""], ["" 129.798"", "" 126.523"", ""  68.500""], ["" 129.838"", "" 126.105"", ""  67.237""], ["" 130.374"", "" 124.494"", ""  66.827""], ["" 130.448"", "" 123.766"", ""  64.123""], ["" 131.284"", "" 122.895"", ""  64.370""], ["" 129.768"", "" 123.847"", ""  62.952""], ["" 129.152"", "" 124.638"", ""  62.843""], ["" 129.841"", "" 123.000"", ""  61.831""], ["" 129.966"", "" 121.646"", ""  61.957""], ["" 129.743"", "" 123.616"", ""  60.578""], ["" 130.005"", "" 120.890"", ""  60.830""], ["" 129.785"", "" 122.825"", ""  59.429""], ["" 129.917"", "" 121.441"", ""  59.548""], ["" 130.141"", "" 119.394"", ""  61.042""], ["" 129.368"", "" 126.598"", ""  63.642""], ["" 129.881"", "" 127.374"", ""  63.248""], ["" 128.633"", "" 126.202"", ""  63.072""], ["" 128.580"", "" 129.179"", ""  65.239""], ["" 129.370"", "" 129.151"", ""  64.164""], ["" 127.346"", "" 128.873"", ""  64.836""], ["" 128.592"", "" 130.426"", ""  65.710""], ["" 129.353"", "" 128.240"", ""  70.152""], ["" 130.487"", "" 128.816"", ""  70.748""], ["" 128.200"", "" 128.082"", ""  70.939""], ["" 130.470"", "" 129.222"", ""  72.080""], ["" 128.178"", "" 128.489"", ""  72.271""], ["" 129.314"", "" 129.058"", ""  72.836""]]",[],4ce_Grossjean_2025
88,7948,4cf_Grossjean_2025,receptor_tmp,1,11,-6.93,-0.2165625,0.0,0.0,15,187.49,-8.42,-7.98,-0.44,-8.42,0.0,-0.52,1.49,-0.52,50,7,0.0,0.0,0.0,10.67622,8.504785,8.941244,-0.19724533,-0.83768098,0.50929839,104.086571,"40.890987, 160.063492, 66.413307, 137.839264, 240.082031, ","[["" 130.181"", "" 124.845"", ""  65.100""], ["" 129.677"", "" 126.139"", ""  64.891""], ["" 129.506"", "" 126.908"", ""  66.099""], ["" 129.034"", "" 128.229"", ""  66.351""], ["" 128.994"", "" 128.653"", ""  67.688""], ["" 129.399"", "" 127.812"", ""  68.729""], ["" 129.868"", "" 126.557"", ""  68.500""], ["" 129.905"", "" 126.145"", ""  67.234""], ["" 130.468"", "" 124.544"", ""  66.813""], ["" 130.439"", "" 123.793"", ""  64.113""], ["" 131.241"", "" 122.890"", ""  64.354""], ["" 129.733"", "" 123.894"", ""  62.960""], ["" 129.069"", "" 124.653"", ""  62.911""], ["" 129.780"", "" 123.090"", ""  61.805""], ["" 129.510"", "" 123.719"", ""  60.585""], ["" 130.098"", "" 121.718"", ""  61.777""], ["" 129.529"", "" 123.073"", ""  59.390""], ["" 130.123"", "" 121.040"", ""  60.557""], ["" 129.831"", "" 121.750"", ""  59.392""], ["" 129.371"", "" 126.634"", ""  63.649""], ["" 129.888"", "" 127.397"", ""  63.235""], ["" 128.613"", "" 126.249"", ""  63.101""], ["" 128.570"", "" 129.200"", ""  65.259""], ["" 129.357"", "" 129.191"", ""  64.181""], ["" 127.341"", "" 128.874"", ""  64.858""], ["" 128.562"", "" 130.445"", ""  65.736""], ["" 129.362"", "" 128.247"", ""  70.165""], ["" 130.493"", "" 128.813"", ""  70.773""], ["" 128.196"", "" 128.109"", ""  70.939""], ["" 130.467"", "" 129.221"", ""  72.105""], ["" 128.164"", "" 128.514"", ""  72.271""], ["" 129.302"", "" 129.068"", ""  72.849""]]",[],4cf_Grossjean_2025
89,7996,4cg_Grossjean_2025,receptor_tmp,1,14,-7.37,-0.22333333333333333,0.0,0.0,16,187.16,-9.16,-8.75,-0.4,-9.16,0.0,-0.52,1.79,-0.52,53,7,0.0,0.0,0.0,11.061317,8.499665,8.686928,-0.20539457,-0.83618304,0.50853809,101.490616,"65.279602, 97.136795, 141.902756, 60.619766, 138.395218, 292.63092, ","[["" 130.084"", "" 124.739"", ""  65.032""], ["" 129.640"", "" 126.049"", ""  64.798""], ["" 129.475"", "" 126.835"", ""  65.996""], ["" 129.037"", "" 128.171"", ""  66.230""], ["" 129.013"", "" 128.616"", ""  67.561""], ["" 129.407"", "" 127.783"", ""  68.614""], ["" 129.812"", "" 126.503"", ""  68.403""], ["" 129.839"", "" 126.072"", ""  67.145""], ["" 130.348"", "" 124.447"", ""  66.749""], ["" 130.391"", "" 123.693"", ""  64.058""], ["" 131.260"", "" 122.846"", ""  64.277""], ["" 129.697"", "" 123.739"", ""  62.901""], ["" 128.951"", "" 124.414"", ""  62.821""], ["" 129.822"", "" 122.786"", ""  61.799""], ["" 128.796"", "" 123.002"", ""  60.692""], ["" 129.139"", "" 122.728"", ""  59.365""], ["" 127.499"", "" 123.414"", ""  61.009""], ["" 128.195"", "" 122.893"", ""  58.354""], ["" 126.557"", "" 123.581"", ""  59.999""], ["" 126.910"", "" 123.322"", ""  58.676""], ["" 129.374"", "" 126.539"", ""  63.546""], ["" 129.868"", "" 127.334"", ""  63.166""], ["" 128.675"", "" 126.112"", ""  62.952""], ["" 128.592"", "" 129.135"", ""  65.124""], ["" 129.378"", "" 129.094"", ""  64.046""], ["" 127.356"", "" 128.829"", ""  64.730""], ["" 128.610"", "" 130.386"", ""  65.583""], ["" 129.386"", "" 128.239"", ""  70.045""], ["" 130.522"", "" 128.817"", ""  70.635""], ["" 128.232"", "" 128.097"", ""  70.838""], ["" 130.508"", "" 129.240"", ""  71.961""], ["" 128.214"", "" 128.519"", ""  72.164""], ["" 129.352"", "" 129.090"", ""  72.721""]]",[],4cg_Grossjean_2025
90,1558,4ch_Grossjean_2025,receptor_tmp,1,11,-6.6,-0.1692307692307692,0.0,0.0,2,188.33,-9.28,-8.91,-0.37,-9.28,0.0,-1.04,2.68,-1.04,73,12,0.0,0.0,0.0,7.593869,10.96458,7.824214,-0.44904473,0.86872964,-0.20896801,163.737442,"108.489151, 230.46199, 186.549255, 291.252472, 6.847425, 49.678925, 157.841125, 211.642944, 110.142578, ","[["" 127.666"", "" 127.330"", ""  67.543""], ["" 128.106"", "" 127.577"", ""  66.418""], ["" 129.117"", "" 126.875"", ""  65.865""], ["" 129.391"", "" 127.098"", ""  64.918""], ["" 127.578"", "" 128.682"", ""  65.616""], ["" 126.286"", "" 128.846"", ""  65.095""], ["" 128.632"", "" 130.010"", ""  65.143""], ["" 126.110"", "" 130.056"", ""  64.328""], ["" 127.333"", "" 130.789"", ""  64.274""], ["" 124.993"", "" 130.623"", ""  63.650""], ["" 127.514"", "" 131.947"", ""  63.643""], ["" 125.198"", "" 131.845"", ""  62.987""], ["" 126.446"", "" 132.474"", ""  62.990""], ["" 125.273"", "" 127.944"", ""  65.303""], ["" 125.266"", "" 127.037"", ""  64.858""], ["" 124.498"", "" 128.157"", ""  65.915""], ["" 123.600"", "" 129.988"", ""  63.608""], ["" 123.149"", "" 129.632"", ""  64.813""], ["" 122.725"", "" 130.852"", ""  63.094""], ["" 123.627"", "" 128.890"", ""  62.853""], ["" 126.683"", "" 133.784"", ""  62.294""], ["" 127.785"", "" 134.587"", ""  62.629""], ["" 125.808"", "" 134.247"", ""  61.296""], ["" 128.010"", "" 135.803"", ""  61.988""], ["" 126.030"", "" 135.461"", ""  60.651""], ["" 127.132"", "" 136.235"", ""  61.000""], ["" 129.798"", "" 125.736"", ""  66.480""], ["" 130.900"", "" 125.126"", ""  65.620""], ["" 130.573"", "" 124.262"", ""  64.574""], ["" 132.235"", "" 125.461"", ""  65.846""], ["" 131.574"", "" 123.712"", ""  63.756""], ["" 133.256"", "" 124.927"", ""  65.042""], ["" 132.912"", "" 124.048"", ""  64.005""], ["" 131.323"", "" 122.849"", ""  62.705""], ["" 129.977"", "" 122.579"", ""  62.328""], ["" 134.599"", "" 125.213"", ""  65.209""], ["" 135.185"", "" 125.090"", ""  66.501""], ["" 133.899"", "" 123.530"", ""  63.202""], ["" 133.863"", "" 124.002"", ""  61.862""]]",[],4ch_Grossjean_2025
91,1812,4ci_Grossjean_2025,receptor_tmp,3,7,-6.84,-0.22064516129032258,0.0,0.0,17,187.89,-8.34,-7.85,-0.48,-8.34,0.0,-0.47,1.49,-0.47,51,9,0.0,0.0,0.0,10.547893,8.569063,9.129974,-0.20279162,-0.82857846,0.52185563,103.421646,"167.823853, 131.204102, 61.74881, 138.539429, 114.042496, ","[["" 130.108"", "" 124.641"", ""  65.240""], ["" 129.649"", "" 125.945"", ""  64.988""], ["" 129.481"", "" 126.750"", ""  66.174""], ["" 129.038"", "" 128.087"", ""  66.384""], ["" 129.006"", "" 128.552"", ""  67.709""], ["" 129.399"", "" 127.737"", ""  68.776""], ["" 129.811"", "" 126.457"", ""  68.587""], ["" 129.845"", "" 126.006"", ""  67.335""], ["" 130.362"", "" 124.378"", ""  66.964""], ["" 130.393"", "" 123.572"", ""  64.280""], ["" 131.435"", "" 122.916"", ""  64.359""], ["" 129.450"", "" 123.380"", ""  63.323""], ["" 128.640"", "" 123.981"", ""  63.349""], ["" 129.466"", "" 122.446"", ""  62.295""], ["" 128.448"", "" 122.141"", ""  61.508""], ["" 130.595"", "" 121.698"", ""  61.961""], ["" 128.902"", "" 121.163"", ""  60.622""], ["" 130.201"", "" 120.906"", ""  60.909""], ["" 129.379"", "" 126.415"", ""  63.729""], ["" 129.882"", "" 127.196"", ""  63.330""], ["" 128.667"", "" 125.989"", ""  63.151""], ["" 128.594"", "" 129.034"", ""  65.263""], ["" 129.378"", "" 128.973"", ""  64.185""], ["" 127.358"", "" 128.721"", ""  64.875""], ["" 128.613"", "" 130.292"", ""  65.702""], ["" 129.367"", "" 128.215"", ""  70.200""], ["" 128.211"", "" 128.065"", ""  70.984""], ["" 130.486"", "" 128.832"", ""  70.787""], ["" 128.175"", "" 128.505"", ""  72.305""], ["" 130.455"", "" 129.272"", ""  72.107""], ["" 129.299"", "" 129.106"", ""  72.862""]]",[],4ci_Grossjean_2025
92,7899,4cj_Grossjean_2025,receptor_tmp,1,20,-6.9,-0.22258064516129034,0.0,0.0,20,187.91,-8.39,-7.95,-0.44,-8.39,0.0,-0.29,1.49,-0.29,49,7,0.0,0.0,0.0,10.533755,8.608655,9.001068,-0.2045531,-0.83258695,0.51473974,103.122833,"198.922318, 147.128006, 245.046738, 138.509628, 114.157303, ","[["" 130.085"", "" 124.701"", ""  65.101""], ["" 129.629"", "" 126.007"", ""  64.859""], ["" 129.450"", "" 126.799"", ""  66.051""], ["" 129.007"", "" 128.135"", ""  66.273""], ["" 128.969"", "" 128.586"", ""  67.602""], ["" 129.355"", "" 127.760"", ""  68.663""], ["" 129.761"", "" 126.480"", ""  68.463""], ["" 129.802"", "" 126.042"", ""  67.207""], ["" 130.318"", "" 124.417"", ""  66.824""], ["" 130.379"", "" 123.642"", ""  64.132""], ["" 131.252"", "" 122.801"", ""  64.362""], ["" 129.642"", "" 123.672"", ""  62.994""], ["" 128.965"", "" 124.415"", ""  62.900""], ["" 129.722"", "" 122.790"", ""  61.925""], ["" 129.336"", "" 122.990"", ""  60.683""], ["" 130.418"", "" 121.231"", ""  62.234""], ["" 129.567"", "" 121.934"", ""  59.929""], ["" 130.155"", "" 120.842"", ""  60.560""], ["" 129.376"", "" 126.493"", ""  63.602""], ["" 128.636"", "" 126.120"", ""  63.022""], ["" 129.921"", "" 127.250"", ""  63.212""], ["" 128.573"", "" 129.094"", ""  65.159""], ["" 129.370"", "" 129.050"", ""  64.090""], ["" 127.342"", "" 128.784"", ""  64.753""], ["" 128.583"", "" 130.348"", ""  65.613""], ["" 129.333"", "" 128.226"", ""  70.090""], ["" 128.178"", "" 128.080"", ""  70.875""], ["" 130.458"", "" 128.828"", ""  70.678""], ["" 128.148"", "" 128.515"", ""  72.198""], ["" 130.433"", "" 129.266"", ""  71.999""], ["" 129.278"", "" 129.107"", ""  72.755""]]",[],4cj_Grossjean_2025
93,8242,4ck_Grossjean_2025,receptor_tmp,1,4,-5.54,-0.15388888888888888,0.0,0.0,13,185.49,-9.42,-9.07,-0.35,-9.42,0.0,-3.1,3.88,-3.1,58,9,0.0,0.0,0.0,7.392709,6.983418,7.585754,-0.09285599,-0.02052625,-0.99546795,252.274933,"282.353882, 138.692398, 66.603279, 141.367981, 80.70948, 48.792889, 284.75235, 22.033756, 8.594864, 12.21512, 358.971375, 73.920349, 146.105576, ","[["" 129.216"", "" 124.555"", ""  60.657""], ["" 129.648"", "" 123.208"", ""  60.516""], ["" 129.752"", "" 122.552"", ""  61.901""], ["" 129.638"", "" 123.531"", ""  62.983""], ["" 131.234"", "" 122.702"", ""  64.361""], ["" 130.358"", "" 123.536"", ""  64.124""], ["" 129.001"", "" 124.297"", ""  62.820""], ["" 130.047"", "" 124.606"", ""  65.072""], ["" 129.620"", "" 125.915"", ""  64.803""], ["" 130.268"", "" 124.347"", ""  66.800""], ["" 129.445"", "" 126.731"", ""  65.980""], ["" 129.773"", "" 125.986"", ""  67.152""], ["" 129.032"", "" 128.080"", ""  66.176""], ["" 129.728"", "" 126.446"", ""  68.400""], ["" 128.988"", "" 128.555"", ""  67.496""], ["" 129.330"", "" 127.733"", ""  68.575""], ["" 129.383"", "" 126.381"", ""  63.535""], ["" 128.448"", "" 126.474"", ""  63.163""], ["" 130.142"", "" 126.655"", ""  62.925""], ["" 128.640"", "" 129.033"", ""  65.040""], ["" 129.445"", "" 128.944"", ""  63.980""], ["" 127.404"", "" 128.758"", ""  64.627""], ["" 128.689"", "" 130.293"", ""  65.474""], ["" 129.307"", "" 128.226"", ""  69.993""], ["" 128.162"", "" 128.068"", ""  70.791""], ["" 130.427"", "" 128.854"", ""  70.564""], ["" 128.133"", "" 128.526"", ""  72.107""], ["" 130.403"", "" 129.314"", ""  71.878""], ["" 129.254"", "" 129.149"", ""  72.645""], ["" 130.261"", "" 125.510"", ""  60.524""], ["" 131.562"", "" 124.895"", ""  61.054""], ["" 131.897"", "" 125.509"", ""  62.292""], ["" 133.082"", "" 124.991"", ""  62.880""], ["" 133.192"", "" 125.504"", ""  64.321""], ["" 134.465"", "" 125.150"", ""  64.844""], ["" 134.506"", "" 125.128"", ""  66.262""]]",[],4ck_Grossjean_2025
94,7973,4dd_Grossjean_2025,receptor_tmp,1,15,-7.65,-0.2637931034482759,0.0,0.0,19,187.44,-8.84,-8.43,-0.41,-8.84,0.0,-0.44,1.19,-0.44,45,7,0.0,0.0,0.0,10.680347,7.997209,9.310078,0.25038527,0.83780954,-0.48516223,256.544891,"175.530441, 164.731323, 242.781754, 246.878204, ","[["" 130.038"", "" 124.682"", ""  65.360""], ["" 129.647"", "" 126.007"", ""  65.113""], ["" 129.500"", "" 126.805"", ""  66.301""], ["" 129.126"", "" 128.158"", ""  66.505""], ["" 128.779"", "" 129.124"", ""  65.382""], ["" 129.072"", "" 128.630"", ""  67.822""], ["" 129.379"", "" 127.790"", ""  68.900""], ["" 129.752"", "" 126.494"", ""  68.718""], ["" 129.797"", "" 126.042"", ""  67.466""], ["" 130.242"", "" 124.393"", ""  67.089""], ["" 130.261"", "" 123.603"", ""  64.397""], ["" 130.871"", "" 122.584"", ""  64.726""], ["" 129.749"", "" 123.814"", ""  63.160""], ["" 129.216"", "" 124.662"", ""  63.039""], ["" 129.833"", "" 123.013"", ""  62.006""], ["" 130.867"", "" 122.071"", ""  61.990""], ["" 128.942"", "" 123.083"", ""  60.922""], ["" 131.025"", "" 121.221"", ""  60.899""], ["" 129.102"", "" 122.231"", ""  59.833""], ["" 130.143"", "" 121.306"", ""  59.824""], ["" 129.420"", "" 126.515"", ""  63.857""], ["" 128.687"", "" 126.157"", ""  63.262""], ["" 129.981"", "" 127.270"", ""  63.488""], ["" 129.336"", "" 128.270"", ""  70.321""], ["" 130.455"", "" 128.882"", ""  70.909""], ["" 128.176"", "" 128.127"", ""  71.103""], ["" 130.420"", "" 129.332"", ""  72.226""], ["" 128.138"", "" 128.574"", ""  72.421""], ["" 129.262"", "" 129.175"", ""  72.978""]]",[],4dd_Grossjean_2025
95,8104,4dg_Grossjean_2025,receptor_tmp,3,15,-7.72,-0.2573333333333333,0.0,0.0,14,187.1,-9.21,-8.82,-0.39,-9.21,0.0,-0.55,1.49,-0.55,49,7,0.0,0.0,0.0,11.24371,7.884657,8.875083,-0.25599842,-0.83903267,0.48009269,101.780487,"58.209785, 109.124809, 135.504913, 51.606487, 118.042175, ","[["" 130.077"", "" 124.494"", ""  65.102""], ["" 129.748"", "" 125.830"", ""  64.828""], ["" 129.595"", "" 126.644"", ""  66.004""], ["" 129.258"", "" 128.009"", ""  66.188""], ["" 128.950"", "" 128.970"", ""  65.050""], ["" 129.202"", "" 128.499"", ""  67.498""], ["" 129.475"", "" 127.666"", ""  68.590""], ["" 129.786"", "" 126.351"", ""  68.430""], ["" 129.841"", "" 125.883"", ""  67.183""], ["" 130.235"", "" 124.216"", ""  66.836""], ["" 130.342"", "" 123.411"", ""  64.157""], ["" 131.221"", "" 122.574"", ""  64.369""], ["" 129.594"", "" 123.413"", ""  63.034""], ["" 128.840"", "" 124.081"", ""  62.964""], ["" 129.670"", "" 122.418"", ""  61.964""], ["" 128.805"", "" 122.761"", ""  60.756""], ["" 129.286"", "" 122.513"", ""  59.466""], ["" 127.514"", "" 123.263"", ""  60.937""], ["" 128.487"", "" 122.795"", ""  58.362""], ["" 126.716"", "" 123.547"", ""  59.832""], ["" 127.208"", "" 123.313"", ""  58.550""], ["" 129.577"", "" 126.330"", ""  63.562""], ["" 130.054"", "" 127.162"", ""  63.247""], ["" 128.968"", "" 125.873"", ""  62.897""], ["" 129.421"", "" 128.162"", ""  70.008""], ["" 128.257"", "" 128.013"", ""  70.780""], ["" 130.528"", "" 128.797"", ""  70.600""], ["" 128.201"", "" 128.475"", ""  72.093""], ["" 130.476"", "" 129.259"", ""  71.912""], ["" 129.311"", "" 129.095"", ""  72.655""]]",[],4dg_Grossjean_2025
96,8392,4dj_Grossjean_2025,receptor_tmp,1,3,-7.24,-0.25857142857142856,0.0,0.0,20,187.97,-8.43,-7.98,-0.45,-8.43,0.0,-0.3,1.19,-0.3,44,7,0.0,0.0,0.0,10.660721,8.214222,9.180399,0.20820293,0.83443291,-0.51026783,256.607941,"198.254196, 146.612885, 65.69059, 293.44101, ","[["" 130.081"", "" 124.678"", ""  65.128""], ["" 129.634"", "" 125.987"", ""  64.891""], ["" 129.465"", "" 126.772"", ""  66.084""], ["" 129.036"", "" 128.107"", ""  66.300""], ["" 128.626"", "" 129.060"", ""  65.187""], ["" 128.984"", "" 128.572"", ""  67.619""], ["" 129.350"", "" 127.746"", ""  68.689""], ["" 129.753"", "" 126.460"", ""  68.498""], ["" 129.804"", "" 126.016"", ""  67.243""], ["" 130.312"", "" 124.388"", ""  66.854""], ["" 130.365"", "" 123.621"", ""  64.157""], ["" 131.246"", "" 122.785"", ""  64.374""], ["" 129.609"", "" 123.644"", ""  63.032""], ["" 128.921"", "" 124.379"", ""  62.951""], ["" 129.678"", "" 122.764"", ""  61.961""], ["" 129.235"", "" 122.947"", ""  60.735""], ["" 130.439"", "" 121.231"", ""  62.243""], ["" 129.471"", "" 121.897"", ""  59.973""], ["" 130.123"", "" 120.828"", ""  60.581""], ["" 129.375"", "" 126.490"", ""  63.641""], ["" 129.922"", "" 127.238"", ""  63.242""], ["" 128.622"", "" 126.124"", ""  63.075""], ["" 129.299"", "" 128.216"", ""  70.115""], ["" 130.417"", "" 128.816"", ""  70.716""], ["" 128.136"", "" 128.064"", ""  70.892""], ["" 130.377"", "" 129.254"", ""  72.037""], ["" 128.091"", "" 128.499"", ""  72.213""], ["" 129.212"", "" 129.093"", ""  72.781""]]",[],4dj_Grossjean_2025
97,8158,4ea_Grossjean_2025,receptor_tmp,1,15,-7.47,-0.21970588235294117,0.0,0.0,7,186.59,-9.56,-9.31,-0.26,-9.56,0.0,-0.93,2.09,-0.93,41,6,0.0,0.0,0.0,11.897774,8.80379,6.488546,-0.38764555,0.88281783,-0.26526138,75.782562,"300.23526, 24.663219, 168.600296, 108.171661, 231.762222, 73.143852, 357.27771, ","[["" 130.217"", "" 125.977"", ""  66.699""], ["" 130.117"", "" 124.982"", ""  67.672""], ["" 129.645"", "" 125.285"", ""  68.946""], ["" 129.262"", "" 126.592"", ""  69.272""], ["" 129.363"", "" 127.591"", ""  68.292""], ["" 129.835"", "" 127.290"", ""  67.017""], ["" 130.707"", "" 125.556"", ""  65.448""], ["" 132.929"", "" 125.164"", ""  65.829""], ["" 131.957"", "" 125.187"", ""  65.073""], ["" 130.006"", "" 125.527"", ""  64.723""], ["" 132.099"", "" 124.803"", ""  63.666""], ["" 131.089"", "" 124.558"", ""  62.722""], ["" 133.701"", "" 124.590"", ""  62.955""], ["" 131.583"", "" 124.197"", ""  61.418""], ["" 133.010"", "" 124.176"", ""  61.403""], ["" 130.930"", "" 123.873"", ""  60.197""], ["" 133.772"", "" 123.880"", ""  60.349""], ["" 131.725"", "" 123.562"", ""  59.089""], ["" 133.113"", "" 123.576"", ""  59.204""], ["" 133.999"", "" 123.243"", ""  58.018""], ["" 129.749"", "" 124.649"", ""  62.997""], ["" 129.145"", "" 125.290"", ""  62.502""], ["" 129.317"", "" 124.075"", ""  63.709""], ["" 129.456"", "" 123.853"", ""  60.060""], ["" 128.696"", "" 122.914"", ""  60.765""], ["" 128.816"", "" 124.769"", ""  59.219""], ["" 127.310"", "" 122.896"", ""  60.638""], ["" 127.429"", "" 124.753"", ""  59.091""], ["" 126.683"", "" 123.816"", ""  59.802""], ["" 128.757"", "" 126.884"", ""  70.656""], ["" 128.612"", "" 126.016"", ""  71.523""], ["" 128.476"", "" 128.197"", ""  70.859""], ["" 129.318"", "" 129.013"", ""  71.661""], ["" 130.766"", "" 128.879"", ""  71.179""]]",[],4ea_Grossjean_2025
98,1714,4eb_Grossjean_2025,receptor_tmp,1,3,-7.34,-0.2224242424242424,0.0,0.0,3,186.6,-9.13,-8.76,-0.37,-9.13,0.0,-0.82,1.79,-0.82,36,7,0.0,0.0,0.0,12.067155,8.878604,6.625993,0.34536623,-0.88063997,0.32433843,285.677795,"67.47654, 5.258308, 169.05928, 103.299438, 267.861603, 205.369888, ","[["" 130.127"", "" 126.212"", ""  67.033""], ["" 129.905"", "" 125.215"", ""  67.985""], ["" 129.394"", "" 125.537"", ""  69.239""], ["" 129.095"", "" 126.866"", ""  69.566""], ["" 129.319"", "" 127.866"", ""  68.607""], ["" 129.830"", "" 127.546"", ""  67.352""], ["" 130.647"", "" 125.770"", ""  65.801""], ["" 132.859"", "" 125.384"", ""  66.240""], ["" 131.904"", "" 125.395"", ""  65.462""], ["" 129.963"", "" 125.729"", ""  65.060""], ["" 132.080"", "" 124.988"", ""  64.065""], ["" 131.095"", "" 124.736"", ""  63.097""], ["" 133.699"", "" 124.752"", ""  63.402""], ["" 131.620"", "" 124.351"", ""  61.814""], ["" 133.047"", "" 124.319"", ""  61.838""], ["" 130.997"", "" 124.013"", ""  60.581""], ["" 133.834"", "" 124.001"", ""  60.809""], ["" 131.820"", "" 123.679"", ""  59.499""], ["" 133.205"", "" 123.685"", ""  59.652""], ["" 134.120"", "" 123.326"", ""  58.495""], ["" 129.748"", "" 124.841"", ""  63.336""], ["" 129.144"", "" 124.032"", ""  63.337""], ["" 129.313"", "" 125.736"", ""  63.519""], ["" 129.527"", "" 124.002"", ""  60.404""], ["" 128.786"", "" 122.871"", ""  60.757""], ["" 128.875"", "" 125.122"", ""  59.879""], ["" 127.402"", "" 122.860"", ""  60.592""], ["" 127.493"", "" 125.113"", ""  59.713""], ["" 126.762"", "" 123.982"", ""  60.071""], ["" 128.545"", "" 127.179"", ""  70.928""], ["" 127.848"", "" 128.169"", ""  71.167""], ["" 128.891"", "" 126.263"", ""  71.870""], ["" 130.101"", "" 126.389"", ""  72.602""]]",[],4eb_Grossjean_2025
99,8224,8a_Ghoteimi_2023,receptor_tmp,1,8,-8.23,-0.19139534883720932,0.0,0.0,5,186.68,-11.21,-10.44,-0.78,-11.21,0.0,-1.1,2.98,-1.1,59,6,0.0,0.0,0.0,10.071985,8.910808,8.515914,0.39132882,0.28727531,-0.87426234,108.762375,"141.283264, 352.644928, 57.370899, 137.76712, 281.713501, 94.569572, 224.002609, 116.766182, 151.582382, 320.503906, ","[["" 130.435"", "" 122.923"", ""  62.743""], ["" 131.740"", "" 122.439"", ""  62.629""], ["" 132.046"", "" 121.440"", ""  61.709""], ["" 131.052"", "" 120.905"", ""  60.881""], ["" 129.742"", "" 121.397"", ""  60.994""], ["" 129.433"", "" 122.396"", ""  61.913""], ["" 130.242"", "" 123.929"", ""  63.710""], ["" 130.962"", "" 125.049"", ""  63.965""], ["" 131.973"", "" 125.381"", ""  63.346""], ["" 129.430"", "" 123.788"", ""  64.292""], ["" 130.453"", "" 125.883"", ""  65.058""], ["" 128.312"", "" 128.544"", ""  66.685""], ["" 129.204"", "" 127.512"", ""  66.279""], ["" 128.289"", "" 128.890"", ""  68.041""], ["" 130.024"", "" 126.945"", ""  67.299""], ["" 129.457"", "" 126.873"", ""  65.012""], ["" 129.136"", "" 128.261"", ""  68.956""], ["" 131.095"", "" 125.704"", ""  66.690""], ["" 130.010"", "" 127.288"", ""  68.587""], ["" 127.413"", "" 129.267"", ""  65.749""], ["" 125.699"", "" 130.662"", ""  64.017""], ["" 125.185"", "" 129.742"", ""  64.932""], ["" 127.084"", "" 130.885"", ""  63.977""], ["" 126.033"", "" 129.052"", ""  65.793""], ["" 127.930"", "" 130.194"", ""  64.841""], ["" 124.782"", "" 131.299"", ""  63.203""], ["" 123.680"", "" 130.563"", ""  62.689""], ["" 128.767"", "" 127.199"", ""  63.871""], ["" 128.250"", "" 126.503"", ""  63.352""], ["" 128.748"", "" 128.143"", ""  63.513""], ["" 129.123"", "" 128.616"", ""  70.408""], ["" 128.001"", "" 128.354"", ""  71.207""], ["" 130.235"", "" 129.226"", ""  71.002""], ["" 127.990"", "" 128.697"", ""  72.556""], ["" 130.228"", "" 129.567"", ""  72.352""], ["" 129.098"", "" 129.306"", ""  73.141""], ["" 128.997"", "" 129.613"", ""  74.485""], ["" 127.782"", "" 130.163"", ""  74.980""], ["" 131.416"", "" 119.828"", ""  59.901""], ["" 132.460"", "" 119.836"", ""  59.241""], ["" 130.485"", "" 118.841"", ""  59.816""], ["" 129.653"", "" 118.521"", ""  60.924""], ["" 130.517"", "" 118.002"", ""  62.076""]]",[],8a_Ghoteimi_2023
100,1795,8b_Ghoteimi_2023,receptor_tmp,1,4,-7.9,-0.21351351351351353,0.0,0.0,19,186.89,-9.99,-9.05,-0.94,-9.99,0.0,-1.03,2.09,-1.03,40,9,0.0,0.0,0.0,10.03878,9.544498,9.083381,-0.82650828,0.46049358,-0.3237742,209.609772,"164.503571, 165.01828, 42.172924, 109.489288, 226.135941, 176.654831, 125.864822, ","[["" 128.616"", "" 128.136"", ""  66.431""], ["" 129.253"", "" 126.897"", ""  66.150""], ["" 129.804"", "" 126.202"", ""  67.264""], ["" 130.562"", "" 124.695"", ""  66.803""], ["" 130.162"", "" 124.958"", ""  65.105""], ["" 129.472"", "" 126.167"", ""  64.928""], ["" 129.769"", "" 126.615"", ""  68.530""], ["" 129.153"", "" 127.802"", ""  68.777""], ["" 128.581"", "" 128.572"", ""  67.759""], ["" 127.992"", "" 128.970"", ""  65.378""], ["" 126.803"", "" 130.558"", ""  63.396""], ["" 126.187"", "" 129.380"", ""  63.824""], ["" 128.027"", "" 130.936"", ""  63.969""], ["" 126.777"", "" 128.589"", ""  64.807""], ["" 128.615"", "" 130.145"", ""  64.953""], ["" 126.145"", "" 131.279"", ""  62.418""], ["" 125.102"", "" 130.654"", ""  61.678""], ["" 129.040"", "" 126.628"", ""  63.711""], ["" 128.617"", "" 126.008"", ""  63.034""], ["" 129.131"", "" 127.599"", ""  63.446""], ["" 129.131"", "" 128.244"", ""  70.206""], ["" 127.984"", "" 128.085"", ""  70.997""], ["" 130.262"", "" 128.831"", ""  70.789""], ["" 127.970"", "" 128.496"", ""  72.326""], ["" 130.251"", "" 129.243"", ""  72.119""], ["" 129.098"", "" 129.077"", ""  72.901""], ["" 128.993"", "" 129.454"", ""  74.226""], ["" 128.176"", "" 130.569"", ""  74.567""], ["" 130.556"", "" 123.977"", ""  64.092""], ["" 129.554"", "" 123.534"", ""  63.291""], ["" 131.727"", "" 123.603"", ""  64.000""], ["" 128.633"", "" 123.912"", ""  63.458""], ["" 129.642"", "" 122.609"", ""  62.260""], ["" 128.630"", "" 122.140"", ""  61.547""], ["" 130.848"", "" 122.047"", ""  61.842""], ["" 129.171"", "" 121.244"", ""  60.622""], ["" 130.510"", "" 121.199"", ""  60.813""]]",[],8b_Ghoteimi_2023
101,7954,8c_Ghoteimi_2023,receptor_tmp,1,5,-8.0,-0.21621621621621623,0.0,0.0,20,187.01,-10.09,-9.14,-0.95,-10.09,0.0,-1.0,2.09,-1.0,42,9,0.0,0.0,0.0,10.040066,9.59297,9.04822,-0.82526005,0.46078013,-0.3265387,208.615875,"191.037628, 162.104568, 69.502106, 112.417999, 225.15715, 232.981705, 125.030724, ","[["" 128.604"", "" 128.188"", ""  66.403""], ["" 129.252"", "" 126.957"", ""  66.115""], ["" 129.795"", "" 126.250"", ""  67.227""], ["" 130.568"", "" 124.754"", ""  66.758""], ["" 130.185"", "" 125.035"", ""  65.058""], ["" 129.490"", "" 126.243"", ""  64.888""], ["" 129.741"", "" 126.647"", ""  68.499""], ["" 129.112"", "" 127.827"", ""  68.752""], ["" 128.549"", "" 128.606"", ""  67.737""], ["" 127.990"", "" 129.031"", ""  65.352""], ["" 126.817"", "" 130.634"", ""  63.374""], ["" 126.234"", "" 129.419"", ""  63.738""], ["" 128.000"", "" 131.043"", ""  64.010""], ["" 126.815"", "" 128.621"", ""  64.718""], ["" 128.580"", "" 130.244"", ""  64.991""], ["" 126.169"", "" 131.361"", ""  62.394""], ["" 124.864"", "" 130.968"", ""  61.986""], ["" 129.069"", "" 126.714"", ""  63.670""], ["" 128.325"", "" 126.261"", ""  63.158""], ["" 129.488"", "" 127.527"", ""  63.242""], ["" 129.071"", "" 128.251"", ""  70.186""], ["" 127.910"", "" 128.094"", ""  70.957""], ["" 130.198"", "" 128.818"", ""  70.796""], ["" 127.878"", "" 128.487"", ""  72.291""], ["" 130.170"", "" 129.211"", ""  72.131""], ["" 129.003"", "" 129.047"", ""  72.892""], ["" 128.882"", "" 129.405"", ""  74.221""], ["" 128.018"", "" 130.480"", ""  74.574""], ["" 130.596"", "" 124.068"", ""  64.038""], ["" 129.603"", "" 123.616"", ""  63.232""], ["" 131.772"", "" 123.711"", ""  63.945""], ["" 128.674"", "" 123.974"", ""  63.398""], ["" 129.721"", "" 122.701"", ""  62.196""], ["" 129.310"", "" 122.830"", ""  60.953""], ["" 130.503"", "" 121.195"", ""  62.555""], ["" 129.592"", "" 121.761"", ""  60.236""], ["" 130.247"", "" 120.729"", ""  60.900""]]",[],8c_Ghoteimi_2023
102,8173,8d_Ghoteimi_2023,receptor_tmp,1,7,-6.59,-0.2059375,0.0,0.0,3,188.22,-8.68,-7.96,-0.72,-8.68,0.0,-1.18,2.09,-1.18,29,8,0.0,0.0,0.0,10.049229,9.89407,9.135038,0.2620462,0.00500213,0.96504237,144.641281,"82.83889, 37.783497, 141.957779, 113.230751, 85.684029, 286.295593, 188.102005, ","[["" 129.803"", "" 126.826"", ""  66.248""], ["" 128.736"", "" 127.417"", ""  65.523""], ["" 127.815"", "" 128.203"", ""  66.273""], ["" 126.545"", "" 128.883"", ""  65.282""], ["" 127.217"", "" 128.130"", ""  63.835""], ["" 128.369"", "" 127.394"", ""  64.133""], ["" 127.877"", "" 128.423"", ""  67.586""], ["" 128.906"", "" 127.845"", ""  68.263""], ["" 129.870"", "" 127.059"", ""  67.626""], ["" 130.835"", "" 125.981"", ""  65.604""], ["" 132.792"", "" 124.393"", ""  64.375""], ["" 133.160"", "" 125.453"", ""  65.204""], ["" 131.427"", "" 124.130"", ""  64.165""], ["" 132.190"", "" 126.242"", ""  65.817""], ["" 130.459"", "" 124.920"", ""  64.778""], ["" 133.821"", "" 123.666"", ""  63.809""], ["" 134.234"", "" 123.965"", ""  62.481""], ["" 129.094"", "" 126.711"", ""  63.189""], ["" 130.103"", "" 126.675"", ""  63.223""], ["" 128.645"", "" 126.217"", ""  62.431""], ["" 128.954"", "" 128.111"", ""  69.734""], ["" 127.840"", "" 127.872"", ""  70.551""], ["" 130.120"", "" 128.607"", ""  70.332""], ["" 127.890"", "" 128.122"", ""  71.919""], ["" 130.174"", "" 128.859"", ""  71.700""], ["" 129.053"", "" 128.618"", ""  72.507""], ["" 129.012"", "" 128.835"", ""  73.870""], ["" 128.171"", "" 129.863"", ""  74.385""], ["" 126.557"", "" 128.328"", ""  62.526""], ["" 125.630"", "" 129.123"", ""  62.353""], ["" 127.080"", "" 127.546"", ""  61.546""], ["" 126.371"", "" 126.412"", ""  61.064""]]",[],8d_Ghoteimi_2023
103,1357,9a_Ghoteimi_2023,receptor_tmp,1,1,-9.45,-0.1852941176470588,0.0,0.0,14,186.92,-12.44,-12.14,-0.3,-12.44,0.0,-1.67,2.98,-1.67,89,6,0.0,0.0,0.0,9.592039,9.051692,10.268614,-0.42233436,-0.85900763,0.28937792,200.331497,"249.307449, 187.236115, 359.685974, 66.662849, 343.849457, 213.19603, 254.182144, 94.121918, 107.302322, 175.436905, ","[["" 127.498"", "" 130.572"", ""  63.988""], ["" 128.487"", "" 131.347"", ""  63.383""], ["" 128.144"", "" 132.372"", ""  62.506""], ["" 126.800"", "" 132.643"", ""  62.216""], ["" 125.807"", "" 131.864"", ""  62.829""], ["" 126.148"", "" 130.838"", ""  63.707""], ["" 127.961"", "" 129.564"", ""  64.855""], ["" 128.459"", "" 129.648"", ""  66.114""], ["" 128.588"", "" 130.701"", ""  66.738""], ["" 127.907"", "" 128.633"", ""  64.468""], ["" 128.843"", "" 128.370"", ""  66.722""], ["" 129.375"", "" 127.231"", ""  66.099""], ["" 129.653"", "" 126.143"", ""  67.003""], ["" 128.642"", "" 128.113"", ""  68.456""], ["" 130.198"", "" 124.841"", ""  66.818""], ["" 129.270"", "" 126.486"", ""  68.333""], ["" 130.274"", "" 124.001"", ""  67.935""], ["" 129.362"", "" 125.691"", ""  69.398""], ["" 129.853"", "" 124.439"", ""  69.192""], ["" 129.601"", "" 127.145"", ""  64.749""], ["" 130.331"", "" 127.676"", ""  64.295""], ["" 129.041"", "" 126.544"", ""  64.160""], ["" 130.694"", "" 124.336"", ""  65.512""], ["" 131.777"", "" 124.949"", ""  64.877""], ["" 130.102"", "" 123.222"", ""  64.915""], ["" 132.248"", "" 124.467"", ""  63.660""], ["" 130.576"", "" 122.737"", ""  63.700""], ["" 131.660"", "" 123.346"", ""  63.053""], ["" 132.109"", "" 122.851"", ""  61.826""], ["" 132.479"", "" 123.801"", ""  60.758""], ["" 131.518"", "" 121.639"", ""  61.224""], ["" 133.302"", "" 123.155"", ""  59.623""], ["" 132.366"", "" 121.049"", ""  60.076""], ["" 132.603"", "" 122.041"", ""  59.090""], ["" 129.936"", "" 123.561"", ""  70.398""], ["" 129.395"", "" 122.270"", ""  70.377""], ["" 130.550"", "" 124.000"", ""  71.577""], ["" 129.470"", "" 121.445"", ""  71.495""], ["" 130.627"", "" 123.174"", ""  72.695""], ["" 130.100"", "" 121.874"", ""  72.674""], ["" 130.165"", "" 121.063"", ""  73.812""], ["" 130.873"", "" 119.767"", ""  73.796""], ["" 130.297"", "" 121.682"", ""  75.147""], ["" 130.539"", "" 118.861"", ""  74.999""], ["" 129.972"", "" 120.721"", ""  76.309""], ["" 130.775"", "" 119.555"", ""  76.213""], ["" 126.464"", "" 133.755"", ""  61.265""], ["" 125.315"", "" 133.992"", ""  60.878""], ["" 127.547"", "" 134.477"", ""  60.879""], ["" 128.185"", "" 135.380"", ""  61.774""], ["" 127.499"", "" 136.748"", ""  61.692""]]",[],9a_Ghoteimi_2023
104,8417,9b_Ghoteimi_2023,receptor_tmp,1,4,-9.16,-0.20355555555555555,0.0,0.0,17,188.78,-11.25,-10.84,-0.41,-11.25,0.0,-1.33,2.09,-1.33,87,10,0.0,0.0,0.0,10.69853,7.99867,10.399363,0.35336915,0.731113,0.58361291,114.339165,"90.952789, 36.162655, 190.455948, 150.141983, 304.942535, 215.384811, 82.103462, ","[["" 129.448"", "" 127.287"", ""  66.563""], ["" 128.942"", "" 128.390"", ""  67.269""], ["" 128.701"", "" 128.000"", ""  68.972""], ["" 129.294"", "" 126.375"", ""  68.731""], ["" 129.392"", "" 125.510"", ""  69.739""], ["" 129.882"", "" 124.277"", ""  69.449""], ["" 130.246"", "" 123.904"", ""  68.153""], ["" 130.125"", "" 124.802"", ""  67.086""], ["" 129.646"", "" 126.111"", ""  67.373""], ["" 129.749"", "" 127.320"", ""  65.225""], ["" 129.065"", "" 127.088"", ""  64.518""], ["" 130.671"", "" 127.580"", ""  64.899""], ["" 128.620"", "" 129.728"", ""  66.766""], ["" 128.588"", "" 129.850"", ""  65.415""], ["" 128.393"", "" 130.655"", ""  67.545""], ["" 128.800"", "" 129.025"", ""  64.875""], ["" 128.301"", "" 130.990"", ""  64.674""], ["" 128.627"", "" 132.230"", ""  65.000""], ["" 127.611"", "" 130.957"", ""  63.464""], ["" 128.144"", "" 133.053"", ""  63.982""], ["" 127.533"", "" 132.270"", ""  63.061""], ["" 130.496"", "" 124.347"", ""  65.722""], ["" 131.526"", "" 124.980"", ""  65.024""], ["" 129.848"", "" 123.260"", ""  65.135""], ["" 131.889"", "" 124.544"", ""  63.754""], ["" 130.211"", "" 122.823"", ""  63.864""], ["" 131.232"", "" 123.463"", ""  63.145""], ["" 131.590"", "" 122.999"", ""  61.877""], ["" 132.894"", "" 123.390"", ""  61.307""], ["" 131.254"", "" 121.631"", ""  61.434""], ["" 132.988"", "" 123.152"", ""  59.785""], ["" 131.391"", "" 121.432"", ""  59.909""], ["" 132.697"", "" 121.795"", ""  59.487""], ["" 130.002"", "" 123.334"", ""  70.602""], ["" 129.272"", "" 122.139"", ""  70.639""], ["" 130.846"", "" 123.627"", ""  71.678""], ["" 129.376"", "" 121.272"", ""  71.722""], ["" 130.946"", "" 122.761"", ""  72.764""], ["" 130.203"", "" 121.574"", ""  72.815""], ["" 130.320"", "" 120.710"", ""  73.910""], ["" 130.368"", "" 121.224"", ""  75.294""], ["" 131.162"", "" 119.500"", ""  73.797""], ["" 130.149"", "" 120.140"", ""  76.369""], ["" 130.923"", "" 118.468"", ""  74.920""], ["" 131.076"", "" 119.083"", ""  76.189""]]",[],9b_Ghoteimi_2023
105,8293,9c_Ghoteimi_2023,receptor_tmp,1,14,-8.79,-0.1953333333333333,0.0,0.0,15,188.85,-10.88,-10.55,-0.33,-10.88,0.0,-1.26,2.09,-1.26,78,9,0.0,0.0,0.0,10.65922,8.089261,10.291997,-0.34519864,-0.74430068,-0.57171182,247.091888,"260.405304, 35.566929, 193.875854, 151.220795, 305.500793, 195.137283, 94.955879, ","[["" 129.438"", "" 127.327"", ""  66.367""], ["" 128.935"", "" 128.462"", ""  67.023""], ["" 128.680"", "" 128.146"", ""  68.739""], ["" 129.264"", "" 126.507"", ""  68.571""], ["" 129.348"", "" 125.685"", ""  69.616""], ["" 129.831"", "" 124.438"", ""  69.381""], ["" 130.200"", "" 124.008"", ""  68.104""], ["" 130.093"", "" 124.861"", ""  67.000""], ["" 129.622"", "" 126.186"", ""  67.228""], ["" 129.747"", "" 127.302"", ""  65.031""], ["" 130.611"", "" 127.686"", ""  64.676""], ["" 129.117"", "" 126.897"", ""  64.353""], ["" 128.628"", "" 129.780"", ""  66.461""], ["" 128.548"", "" 129.832"", ""  65.109""], ["" 128.454"", "" 130.754"", ""  67.197""], ["" 128.718"", "" 128.976"", ""  64.601""], ["" 128.258"", "" 130.945"", ""  64.332""], ["" 128.586"", "" 132.198"", ""  64.561""], ["" 127.348"", "" 130.680"", ""  62.879""], ["" 128.140"", "" 132.997"", ""  63.611""], ["" 127.429"", "" 132.390"", ""  62.579""], ["" 130.468"", "" 124.347"", ""  65.659""], ["" 131.514"", "" 124.936"", ""  64.947""], ["" 129.806"", "" 123.248"", ""  65.109""], ["" 131.880"", "" 124.446"", ""  63.696""], ["" 130.172"", "" 122.759"", ""  63.858""], ["" 131.208"", "" 123.355"", ""  63.124""], ["" 131.566"", "" 122.840"", ""  61.874""], ["" 132.890"", "" 123.171"", ""  61.311""], ["" 131.192"", "" 121.470"", ""  61.471""], ["" 133.000"", "" 122.877"", ""  59.799""], ["" 131.348"", "" 121.214"", ""  59.956""], ["" 132.670"", "" 121.519"", ""  59.544""], ["" 129.935"", "" 123.544"", ""  70.574""], ["" 129.421"", "" 122.242"", ""  70.552""], ["" 130.554"", "" 123.990"", ""  71.747""], ["" 129.512"", "" 121.417"", ""  71.668""], ["" 130.642"", "" 123.166"", ""  72.866""], ["" 130.111"", "" 121.869"", ""  72.856""], ["" 130.217"", "" 121.049"", ""  73.985""], ["" 130.433"", "" 121.618"", ""  75.331""], ["" 130.904"", "" 119.745"", ""  73.878""], ["" 130.175"", "" 120.619"", ""  76.479""], ["" 130.637"", "" 118.802"", ""  75.072""], ["" 130.960"", "" 119.452"", ""  76.290""]]",[],9c_Ghoteimi_2023
106,8036,9d_Ghoteimi_2023,receptor_tmp,1,12,-8.2,-0.205,0.0,0.0,12,191.55,-10.29,-9.98,-0.31,-10.29,0.0,-1.78,2.09,-1.78,53,10,0.0,0.0,0.0,9.631435,10.297086,7.392717,-0.13013523,-0.63957405,0.75763439,143.822495,"158.494766, 99.195343, 169.592865, 44.639809, 230.702026, 112.872772, 7.457003, ","[["" 126.171"", "" 129.478"", ""  64.963""], ["" 125.204"", "" 129.843"", ""  64.018""], ["" 125.550"", "" 129.136"", ""  62.441""], ["" 126.996"", "" 128.371"", ""  63.057""], ["" 127.792"", "" 127.649"", ""  62.270""], ["" 128.902"", "" 127.111"", ""  62.842""], ["" 129.192"", "" 127.268"", ""  64.199""], ["" 128.348"", "" 128.009"", ""  65.034""], ["" 127.203"", "" 128.616"", ""  64.447""], ["" 126.150"", "" 129.920"", ""  66.261""], ["" 125.639"", "" 130.747"", ""  66.533""], ["" 126.644"", "" 129.429"", ""  66.993""], ["" 124.015"", "" 130.707"", ""  64.194""], ["" 123.340"", "" 131.123"", ""  63.249""], ["" 123.750"", "" 130.984"", ""  65.497""], ["" 123.074"", "" 130.043"", ""  66.318""], ["" 128.689"", "" 128.121"", ""  66.477""], ["" 129.047"", "" 129.352"", ""  67.031""], ["" 128.622"", "" 126.999"", ""  67.304""], ["" 129.347"", "" 129.456"", ""  68.387""], ["" 128.920"", "" 127.102"", ""  68.659""], ["" 129.281"", "" 128.333"", ""  69.228""], ["" 129.586"", "" 128.409"", ""  70.588""], ["" 129.417"", "" 127.208"", ""  71.429""], ["" 129.271"", "" 129.612"", ""  71.382""], ["" 130.144"", "" 127.309"", ""  72.788""], ["" 130.005"", "" 129.654"", ""  72.739""], ["" 129.722"", "" 128.475"", ""  73.479""], ["" 129.794"", "" 126.326"", ""  61.934""], ["" 131.162"", "" 126.217"", ""  62.204""], ["" 129.292"", "" 125.691"", ""  60.792""], ["" 132.002"", "" 125.491"", ""  61.364""], ["" 130.131"", "" 124.962"", ""  59.953""], ["" 131.501"", "" 124.836"", ""  60.228""], ["" 132.335"", "" 124.117"", ""  59.365""], ["" 132.304"", "" 122.641"", ""  59.318""], ["" 132.632"", "" 124.654"", ""  58.021""], ["" 133.508"", "" 122.014"", ""  58.585""], ["" 133.826"", "" 123.964"", ""  57.325""], ["" 133.622"", "" 122.562"", ""  57.282""]]",[],9d_Ghoteimi_2023
107,7981,RR10_Rahimova_2017,receptor_tmp,1,18,-9.23,-0.2563888888888889,0.0,0.0,1,188.7,-10.72,-10.57,-0.15,-10.72,0.0,-1.24,1.49,-1.24,50,6,0.0,0.0,0.0,9.118099,10.196498,16.312938,-0.59340169,0.76607992,0.24697364,276.253113,"170.15239, 216.589157, 176.047455, 75.380127, 6.052582, ","[["" 129.071"", "" 126.713"", ""  72.176""], ["" 129.226"", "" 125.378"", ""  71.545""], ["" 129.660"", "" 124.364"", ""  72.632""], ["" 131.006"", "" 124.796"", ""  73.271""], ["" 130.874"", "" 126.232"", ""  73.834""], ["" 130.325"", "" 127.230"", ""  72.788""], ["" 128.195"", "" 127.895"", ""  71.189""], ["" 128.853"", "" 129.198"", ""  71.347""], ["" 126.763"", "" 127.751"", ""  71.477""], ["" 128.471"", "" 127.382"", ""  69.494""], ["" 129.754"", "" 127.004"", ""  69.081""], ["" 127.398"", "" 127.376"", ""  68.597""], ["" 129.933"", "" 126.604"", ""  67.749""], ["" 127.545"", "" 126.984"", ""  67.263""], ["" 128.827"", "" 126.598"", ""  66.865""], ["" 131.073"", "" 126.185"", ""  67.116""], ["" 129.363"", "" 126.156"", ""  65.678""], ["" 130.707"", "" 125.919"", ""  65.881""], ["" 128.901"", "" 126.009"", ""  64.793""], ["" 131.633"", "" 125.415"", ""  64.812""], ["" 131.122"", "" 124.946"", ""  63.594""], ["" 133.019"", "" 125.409"", ""  65.016""], ["" 131.979"", "" 124.482"", ""  62.600""], ["" 133.878"", "" 124.945"", ""  64.023""], ["" 133.354"", "" 124.482"", ""  62.819""], ["" 129.823"", "" 122.970"", ""  71.991""], ["" 129.005"", "" 121.999"", ""  72.438""], ["" 130.676"", "" 122.781"", ""  71.121""], ["" 128.406"", "" 122.205"", ""  73.224""], ["" 129.020"", "" 120.600"", ""  71.991""], ["" 128.520"", "" 119.619"", ""  73.086""], ["" 128.142"", "" 120.417"", ""  70.726""], ["" 127.019"", "" 119.814"", ""  73.396""], ["" 126.639"", "" 120.610"", ""  71.028""], ["" 126.162"", "" 119.627"", ""  72.122""], ["" 124.660"", "" 119.778"", ""  72.415""]]",[],RR10_Rahimova_2017
108,8185,RR11_Rahimova_2017,receptor_tmp,1,15,-7.97,-0.20435897435897435,0.0,0.0,1,192.1,-9.76,-9.51,-0.25,-9.76,0.0,-0.65,1.79,-0.65,53,9,0.0,0.0,0.0,11.003444,12.475855,11.485166,0.27339389,0.52854978,-0.80367338,87.299538,"352.365509, 323.702728, 73.023865, 76.72097, 192.604919, 215.168442, ","[["" 129.618"", "" 125.837"", ""  69.415""], ["" 129.485"", "" 126.825"", ""  70.565""], ["" 129.014"", "" 130.710"", ""  72.846""], ["" 129.070"", "" 130.411"", ""  71.501""], ["" 129.137"", "" 129.634"", ""  73.594""], ["" 129.233"", "" 129.052"", ""  71.374""], ["" 129.272"", "" 128.594"", ""  72.713""], ["" 129.346"", "" 128.190"", ""  70.281""], ["" 129.430"", "" 127.226"", ""  72.972""], ["" 129.539"", "" 126.358"", ""  71.883""], ["" 128.992"", "" 131.108"", ""  70.774""], ["" 128.824"", "" 132.100"", ""  73.381""], ["" 128.455"", "" 134.690"", ""  74.365""], ["" 127.811"", "" 133.618"", ""  74.978""], ["" 129.284"", "" 134.478"", ""  73.267""], ["" 127.996"", "" 132.328"", ""  74.488""], ["" 129.468"", "" 133.188"", ""  72.777""], ["" 128.267"", "" 135.983"", ""  74.852""], ["" 128.810"", "" 136.744"", ""  74.468""], ["" 127.565"", "" 136.150"", ""  75.559""], ["" 129.210"", "" 126.429"", ""  68.073""], ["" 127.923"", "" 126.957"", ""  67.914""], ["" 130.132"", "" 126.469"", ""  67.021""], ["" 127.575"", "" 127.501"", ""  66.670""], ["" 129.817"", "" 127.009"", ""  65.771""], ["" 128.525"", "" 127.517"", ""  65.621""], ["" 126.388"", "" 128.056"", ""  66.268""], ["" 127.848"", "" 128.106"", ""  64.579""], ["" 126.574"", "" 128.405"", ""  65.014""], ["" 128.176"", "" 128.302"", ""  63.645""], ["" 125.530"", "" 129.048"", ""  64.150""], ["" 125.687"", "" 129.091"", ""  62.758""], ["" 124.385"", "" 129.618"", ""  64.723""], ["" 124.722"", "" 129.692"", ""  61.955""], ["" 123.418"", "" 130.220"", ""  63.922""], ["" 123.589"", "" 130.256"", ""  62.539""], ["" 122.624"", "" 130.860"", ""  61.736""], ["" 122.593"", "" 131.868"", ""  61.669""], ["" 121.993"", "" 130.284"", ""  61.199""]]",[],RR11_Rahimova_2017
109,1771,RR11_Rahimova_2017-again1,receptor_tmp,1,4,-8.14,-0.20350000000000001,0.0,0.0,4,186.13,-9.93,-8.82,-1.11,-9.93,0.0,-0.46,1.79,-0.46,52,9,0.0,0.0,0.0,7.468483,11.25251,11.927006,-0.72533314,0.57828911,0.37346157,159.555252,"4.661462, 134.527954, 256.516357, 77.841789, 196.447418, 30.504097, ","[["" 129.668"", "" 125.770"", ""  69.429""], ["" 129.523"", "" 126.765"", ""  70.571""], ["" 129.035"", "" 130.662"", ""  72.828""], ["" 129.076"", "" 130.355"", ""  71.484""], ["" 129.142"", "" 129.591"", ""  73.581""], ["" 129.233"", "" 128.994"", ""  71.365""], ["" 129.268"", "" 128.543"", ""  72.706""], ["" 129.349"", "" 128.124"", ""  70.278""], ["" 129.420"", "" 127.176"", ""  72.974""], ["" 129.544"", "" 126.304"", ""  71.892""], ["" 129.008"", "" 131.048"", ""  70.754""], ["" 128.895"", "" 132.060"", ""  73.357""], ["" 128.623"", "" 134.667"", ""  74.332""], ["" 129.499"", "" 134.408"", ""  73.280""], ["" 127.883"", "" 133.633"", ""  74.902""], ["" 129.634"", "" 133.109"", ""  72.795""], ["" 128.019"", "" 132.335"", ""  74.415""], ["" 128.484"", "" 135.966"", ""  74.817""], ["" 127.886"", "" 136.139"", ""  75.611""], ["" 128.952"", "" 136.726"", ""  74.342""], ["" 129.253"", "" 126.355"", ""  68.086""], ["" 127.956"", "" 126.860"", ""  67.930""], ["" 130.164"", "" 126.357"", ""  67.023""], ["" 127.631"", "" 127.392"", ""  66.680""], ["" 129.842"", "" 126.882"", ""  65.769""], ["" 128.554"", "" 127.406"", ""  65.621""], ["" 126.468"", "" 127.981"", ""  66.202""], ["" 127.916"", "" 128.003"", ""  64.542""], ["" 126.635"", "" 128.365"", ""  64.892""], ["" 125.606"", "" 128.134"", ""  66.704""], ["" 128.295"", "" 128.175"", ""  63.622""], ["" 125.626"", "" 129.049"", ""  64.027""], ["" 125.809"", "" 129.098"", ""  62.640""], ["" 124.490"", "" 129.640"", ""  64.592""], ["" 124.869"", "" 129.727"", ""  61.828""], ["" 123.549"", "" 130.268"", ""  63.781""], ["" 123.740"", "" 130.310"", ""  62.401""], ["" 122.797"", "" 130.936"", ""  61.587""], ["" 122.772"", "" 131.944"", ""  61.537""], ["" 122.129"", "" 130.375"", ""  61.078""]]",[],RR11_Rahimova_2017-again1
110,1534,RR11_Rahimova_2017-again2,receptor_tmp,1,16,-7.98,-0.19463414634146342,0.0,0.0,14,182.06,-9.77,-7.9,-1.87,-9.77,0.0,0.08,1.79,0.08,58,7,0.0,0.0,0.0,6.601693,7.83689,5.960058,0.08616786,0.12151091,0.98884286,114.801834,"266.338196, 155.226929, 211.112183, 9.380814, 303.187408, 103.017075, ","[["" 125.999"", "" 127.421"", ""  59.979""], ["" 126.611"", "" 126.028"", ""  59.920""], ["" 129.760"", "" 122.694"", ""  60.165""], ["" 129.750"", "" 124.054"", ""  60.376""], ["" 128.476"", "" 122.345"", ""  59.817""], ["" 128.476"", "" 124.560"", ""  60.156""], ["" 127.663"", "" 123.471"", ""  59.802""], ["" 127.966"", "" 125.859"", ""  60.231""], ["" 126.306"", "" 123.634"", ""  59.511""], ["" 125.804"", "" 124.936"", ""  59.581""], ["" 130.577"", "" 124.565"", ""  60.645""], ["" 128.213"", "" 121.393"", ""  59.608""], ["" 130.938"", "" 121.781"", ""  60.278""], ["" 133.138"", "" 120.077"", ""  60.509""], ["" 133.335"", "" 121.437"", ""  60.278""], ["" 131.848"", "" 119.562"", ""  60.621""], ["" 132.238"", "" 122.287"", ""  60.163""], ["" 130.751"", "" 120.412"", ""  60.506""], ["" 134.236"", "" 119.227"", ""  60.630""], ["" 134.700"", "" 119.138"", ""  61.523""], ["" 134.598"", "" 118.760"", ""  59.811""], ["" 126.104"", "" 128.054"", ""  61.360""], ["" 126.958"", "" 127.483"", ""  62.313""], ["" 125.329"", "" 129.179"", ""  61.664""], ["" 127.020"", "" 128.107"", ""  63.562""], ["" 125.382"", "" 129.803"", ""  62.913""], ["" 126.250"", "" 129.245"", ""  63.856""], ["" 127.758"", "" 127.821"", ""  64.703""], ["" 126.553"", "" 129.606"", ""  65.161""], ["" 127.483"", "" 128.740"", ""  65.688""], ["" 128.418"", "" 127.068"", ""  64.835""], ["" 126.178"", "" 130.383"", ""  65.687""], ["" 128.084"", "" 128.793"", ""  67.055""], ["" 127.956"", "" 127.704"", ""  67.925""], ["" 128.786"", "" 129.930"", ""  67.475""], ["" 128.525"", "" 127.748"", ""  69.195""], ["" 129.354"", "" 129.975"", ""  68.746""], ["" 129.224"", "" 128.882"", ""  69.602""], ["" 129.799"", "" 128.925"", ""  70.872""], ["" 130.210"", "" 129.785"", ""  71.204""], ["" 129.857"", "" 128.078"", ""  71.419""]]",[],RR11_Rahimova_2017-again2
111,1369,RR12_Rahimova_2017,receptor_tmp,1,13,-6.92,-0.2562962962962963,0.0,0.0,1,194.21,-9.61,-9.04,-0.57,-9.61,0.0,-1.98,2.68,-1.98,64,5,0.0,0.0,0.0,10.711292,13.909385,13.443521,0.13918201,0.76719635,-0.62612948,227.150497,"292.038849, 49.506104, 198.548096, 23.465994, 187.868179, 97.969505, 188.554596, 326.231201, 61.487309, ","[["" 129.391"", "" 129.979"", ""  71.805""], ["" 130.140"", "" 128.765"", ""  71.223""], ["" 130.532"", "" 127.776"", ""  72.227""], ["" 128.852"", "" 126.291"", ""  71.879""], ["" 129.874"", "" 126.629"", ""  72.479""], ["" 131.365"", "" 127.984"", ""  72.758""], ["" 130.482"", "" 125.743"", ""  73.573""], ["" 131.358"", "" 126.524"", ""  74.387""], ["" 132.606"", "" 126.024"", ""  74.711""], ["" 133.703"", "" 126.696"", ""  74.167""], ["" 132.823"", "" 124.909"", ""  75.537""], ["" 135.000"", "" 126.268"", ""  74.439""], ["" 134.120"", "" 124.481"", ""  75.811""], ["" 135.202"", "" 125.164"", ""  75.261""], ["" 129.396"", "" 129.999"", ""  73.345""], ["" 127.995"", "" 129.952"", ""  73.929""], ["" 127.186"", "" 128.938"", ""  73.747""], ["" 127.438"", "" 130.972"", ""  74.686""], ["" 126.047"", "" 129.272"", ""  74.427""], ["" 126.171"", "" 130.545"", ""  75.037""], ["" 124.861"", "" 128.538"", ""  74.575""], ["" 125.138"", "" 131.108"", ""  75.798""], ["" 123.832"", "" 129.099"", ""  75.332""], ["" 123.971"", "" 130.352"", ""  75.929""], ["" 128.072"", "" 132.223"", ""  75.095""], ["" 127.761"", "" 133.347"", ""  74.090""], ["" 128.674"", "" 133.305"", ""  72.858""]]",[],RR12_Rahimova_2017
112,8191,RR13_Rahimova_2017,receptor_tmp,1,6,-11.87,-0.24729166666666666,0.0,0.0,1,183.59,-15.45,-15.28,-0.16,-15.45,0.0,-4.3,3.58,-4.3,51,8,0.0,0.0,0.0,7.849149,10.793281,4.569464,-0.11758066,0.49853302,-0.85885949,99.385635,"348.482727, 117.917465, 299.220795, 146.337143, 264.484833, 307.517609, 146.113525, 286.593811, 103.45372, 164.276184, 144.678238, 101.24189, ","[["" 126.272"", "" 128.942"", ""  62.378""], ["" 127.628"", "" 128.371"", ""  62.477""], ["" 127.694"", "" 126.990"", ""  61.783""], ["" 127.374"", "" 127.113"", ""  60.351""], ["" 126.016"", "" 127.679"", ""  60.257""], ["" 125.958"", "" 129.063"", ""  60.943""], ["" 126.180"", "" 130.203"", ""  63.152""], ["" 126.001"", "" 131.456"", ""  62.268""], ["" 127.045"", "" 132.387"", ""  62.090""], ["" 126.845"", "" 133.523"", ""  61.303""], ["" 125.615"", "" 133.754"", ""  60.694""], ["" 124.763"", "" 131.712"", ""  61.655""], ["" 124.572"", "" 132.848"", ""  60.871""], ["" 128.594"", "" 132.185"", ""  62.836""], ["" 125.104"", "" 130.141"", ""  64.246""], ["" 124.081"", "" 130.954"", ""  64.388""], ["" 125.114"", "" 129.237"", ""  65.287""], ["" 123.405"", "" 130.523"", ""  65.526""], ["" 124.056"", "" 129.438"", ""  66.080""], ["" 126.029"", "" 128.131"", ""  65.544""], ["" 127.463"", "" 128.658"", ""  65.739""], ["" 127.984"", "" 128.401"", ""  67.144""], ["" 128.998"", "" 129.206"", ""  67.670""], ["" 127.454"", "" 127.353"", ""  67.902""], ["" 129.480"", "" 128.964"", ""  68.954""], ["" 127.937"", "" 127.113"", ""  69.187""], ["" 128.946"", "" 127.919"", ""  69.706""], ["" 127.506"", "" 125.826"", ""  59.629""], ["" 126.923"", "" 124.641"", ""  60.401""], ["" 125.682"", "" 124.219"", ""  60.326""], ["" 127.636"", "" 123.815"", ""  61.244""], ["" 125.601"", "" 123.119"", ""  61.174""], ["" 126.829"", "" 122.876"", ""  61.753""], ["" 129.034"", "" 123.878"", ""  61.657""], ["" 129.453"", "" 122.563"", ""  62.339""], ["" 130.390"", "" 121.739"", ""  61.469""], ["" 131.591"", "" 122.293"", ""  61.018""], ["" 130.052"", "" 120.425"", ""  61.130""], ["" 132.452"", "" 121.536"", ""  60.227""], ["" 130.912"", "" 119.670"", ""  60.339""], ["" 132.109"", "" 120.227"", ""  59.891""], ["" 128.927"", "" 125.486"", ""  59.128""], ["" 129.963"", "" 126.351"", ""  59.507""], ["" 129.240"", "" 124.374"", ""  58.311""], ["" 131.280"", "" 126.113"", ""  59.115""], ["" 130.564"", "" 124.143"", ""  57.927""], ["" 131.580"", "" 125.004"", ""  58.329""], ["" 128.039"", "" 123.285"", ""  57.704""]]",[],RR13_Rahimova_2017
113,7942,RR14_Rahimova_2017,receptor_tmp,1,3,-9.66,-0.2415,0.0,0.0,1,188.92,-12.94,-12.71,-0.23,-12.94,0.0,-1.72,3.28,-1.72,49,11,0.0,0.0,0.0,10.62716,10.591708,9.611255,-0.76553429,0.56888663,0.30054159,250.198471,"332.555878, 315.915527, 30.453175, 32.171143, 298.112762, 164.682724, 303.960663, 173.789871, 151.832001, 337.712189, 126.516289, ","[["" 130.214"", "" 125.580"", ""  65.374""], ["" 129.795"", "" 126.921"", ""  65.814""], ["" 128.718"", "" 126.813"", ""  66.809""], ["" 129.037"", "" 127.345"", ""  68.204""], ["" 129.783"", "" 128.945"", ""  72.042""], ["" 129.531"", "" 128.388"", ""  70.779""], ["" 130.008"", "" 128.095"", ""  73.129""], ["" 129.296"", "" 129.206"", ""  69.654""], ["" 129.506"", "" 126.991"", ""  70.613""], ["" 129.985"", "" 126.711"", ""  72.965""], ["" 129.043"", "" 128.801"", ""  68.384""], ["" 129.235"", "" 126.502"", ""  69.246""], ["" 129.735"", "" 126.145"", ""  71.712""], ["" 128.840"", "" 129.628"", ""  67.495""], ["" 129.816"", "" 130.453"", ""  72.253""], ["" 129.305"", "" 130.205"", ""  69.781""], ["" 129.721"", "" 124.629"", ""  71.569""], ["" 129.372"", "" 127.761"", ""  64.686""], ["" 127.843"", "" 127.773"", ""  64.471""], ["" 127.262"", "" 129.183"", ""  64.232""], ["" 125.805"", "" 129.246"", ""  64.394""], ["" 125.216"", "" 130.124"", ""  63.376""], ["" 125.389"", "" 129.624"", ""  65.754""], ["" 123.688"", "" 130.254"", ""  63.551""], ["" 123.856"", "" 129.767"", ""  65.858""], ["" 123.381"", "" 130.679"", ""  64.875""], ["" 131.722"", "" 125.387"", ""  65.455""], ["" 132.421"", "" 125.344"", ""  66.565""], ["" 132.560"", "" 125.216"", ""  64.373""], ["" 133.739"", "" 125.128"", ""  66.173""], ["" 133.817"", "" 125.044"", ""  64.797""], ["" 132.246"", "" 125.160"", ""  62.946""], ["" 132.062"", "" 123.740"", ""  62.424""], ["" 130.792"", "" 123.159"", ""  62.404""], ["" 133.160"", "" 123.025"", ""  61.941""], ["" 130.618"", "" 121.886"", ""  61.872""], ["" 132.984"", "" 121.752"", ""  61.408""], ["" 131.704"", "" 121.175"", ""  61.360""], ["" 131.431"", "" 119.929"", ""  60.829""], ["" 130.135"", "" 119.367"", ""  61.011""]]",[],RR14_Rahimova_2017
114,1591,RR15_Rahimova_2017,receptor_tmp,1,15,-8.67,-0.1884782608695652,0.0,0.0,1,185.66,-13.14,-12.74,-0.4,-13.14,0.0,-3.91,4.47,-3.91,70,10,0.0,0.0,0.0,7.557838,10.442324,9.109118,-0.20449885,-0.18652594,0.96093095,87.634239,"333.453674, 211.845947, 313.388611, 199.801666, 73.673119, 339.247498, 109.801781, 244.967972, 168.85347, 266.062042, 49.463211, 289.414703, 175.888306, 151.732162, 297.66275, ","[["" 127.601"", "" 127.685"", ""  67.270""], ["" 126.466"", "" 127.295"", ""  67.556""], ["" 128.649"", "" 126.819"", ""  67.113""], ["" 129.646"", "" 126.532"", ""  68.190""], ["" 129.291"", "" 127.285"", ""  69.467""], ["" 128.739"", "" 128.729"", ""  71.796""], ["" 129.896"", "" 128.999"", ""  71.072""], ["" 127.852"", "" 127.744"", ""  71.368""], ["" 130.169"", "" 128.279"", ""  69.913""], ["" 128.127"", "" 127.025"", ""  70.209""], ["" 128.473"", "" 129.428"", ""  72.923""], ["" 130.019"", "" 125.022"", ""  68.326""], ["" 129.754"", "" 124.463"", ""  69.520""], ["" 130.555"", "" 124.414"", ""  67.399""], ["" 129.339"", "" 125.038"", ""  70.239""], ["" 130.107"", "" 123.103"", ""  69.911""], ["" 130.119"", "" 122.950"", ""  71.443""], ["" 129.366"", "" 124.056"", ""  71.961""], ["" 129.386"", "" 121.711"", ""  71.988""], ["" 128.450"", "" 123.626"", ""  72.962""], ["" 128.059"", "" 122.241"", ""  72.476""], ["" 128.984"", "" 126.249"", ""  65.793""], ["" 129.675"", "" 127.252"", ""  64.844""], ["" 130.452"", "" 126.607"", ""  63.673""], ["" 131.856"", "" 126.319"", ""  63.983""], ["" 132.066"", "" 125.830"", ""  65.354""], ["" 132.413"", "" 125.394"", ""  62.987""], ["" 133.545"", "" 125.461"", ""  65.602""], ["" 133.883"", "" 125.040"", ""  63.298""], ["" 133.989"", "" 124.528"", ""  64.623""], ["" 127.820"", "" 129.202"", ""  67.049""], ["" 127.406"", "" 129.697"", ""  65.737""], ["" 128.262"", "" 130.263"", ""  64.878""], ["" 126.122"", "" 129.823"", ""  65.403""], ["" 127.447"", "" 130.702"", ""  63.938""], ["" 126.165"", "" 130.472"", ""  64.186""], ["" 127.926"", "" 131.406"", ""  62.699""], ["" 129.295"", "" 131.531"", ""  62.427""], ["" 127.016"", "" 131.954"", ""  61.789""], ["" 129.758"", "" 132.188"", ""  61.274""], ["" 127.459"", "" 132.612"", ""  60.645""], ["" 128.831"", "" 132.737"", ""  60.376""], ["" 131.099"", "" 132.334"", ""  60.961""], ["" 131.955"", "" 131.197"", ""  60.989""], ["" 129.338"", "" 133.379"", ""  59.260""], ["" 129.183"", "" 132.783"", ""  57.976""]]",[],RR15_Rahimova_2017
115,8296,RR16_Rahimova_2017,receptor_tmp,1,6,-9.94,-0.2070833333333333,0.0,0.0,3,189.82,-14.41,-14.1,-0.73,-14.83,0.41,-2.4,4.47,-2.4,62,8,0.0,0.0,0.0,6.748677,11.628414,9.230615,-0.20041615,0.93233242,0.30098111,325.452637,"338.626343, 139.433289, 292.249603, 39.727135, 229.335327, 24.877459, 255.862488, 8.529494, 357.310577, 26.908978, 212.306717, 106.839882, 72.597069, 270.278748, 273.682617, ","[["" 129.586"", "" 127.168"", ""  68.598""], ["" 130.126"", "" 128.438"", ""  68.817""], ["" 130.000"", "" 129.037"", ""  70.067""], ["" 129.333"", "" 128.363"", ""  71.093""], ["" 128.828"", "" 127.079"", ""  70.885""], ["" 128.957"", "" 126.479"", ""  69.637""], ["" 129.622"", "" 126.455"", ""  66.955""], ["" 129.025"", "" 125.116"", ""  67.045""], ["" 130.983"", "" 126.626"", ""  66.431""], ["" 128.533"", "" 127.488"", ""  66.010""], ["" 126.478"", "" 128.589"", ""  64.240""], ["" 127.971"", "" 128.544"", ""  63.828""], ["" 126.292"", "" 128.550"", ""  65.780""], ["" 128.726"", "" 127.402"", ""  64.539""], ["" 127.109"", "" 127.416"", ""  66.430""], ["" 125.721"", "" 129.745"", ""  63.581""], ["" 126.022"", "" 133.198"", ""  62.158""], ["" 124.925"", "" 133.840"", ""  61.711""], ["" 125.685"", "" 131.938"", ""  62.625""], ["" 123.846"", "" 132.992"", ""  61.828""], ["" 124.293"", "" 131.834"", ""  62.396""], ["" 126.420"", "" 130.904"", ""  63.214""], ["" 123.611"", "" 130.663"", ""  62.759""], ["" 124.343"", "" 129.632"", ""  63.350""], ["" 127.301"", "" 133.893"", ""  62.229""], ["" 128.390"", "" 133.204"", ""  61.419""], ["" 129.396"", "" 132.660"", ""  59.281""], ["" 130.367"", "" 131.898"", ""  59.931""], ["" 128.411"", "" 133.315"", ""  60.025""], ["" 130.351"", "" 131.786"", ""  61.322""], ["" 129.365"", "" 132.436"", ""  62.064""], ["" 129.406"", "" 132.793"", ""  57.561""], ["" 122.263"", "" 130.536"", ""  62.544""], ["" 122.046"", "" 129.880"", ""  61.877""], ["" 129.024"", "" 129.176"", ""  72.656""], ["" 127.616"", "" 128.933"", ""  72.990""], ["" 130.095"", "" 128.794"", ""  73.583""], ["" 129.197"", "" 130.896"", ""  72.298""], ["" 129.486"", "" 131.147"", ""  71.349""], ["" 129.524"", "" 131.867"", ""  73.368""], ["" 129.956"", "" 133.209"", ""  72.723""], ["" 130.135"", "" 134.419"", ""  73.661""], ["" 128.844"", "" 134.850"", ""  74.378""], ["" 127.528"", "" 134.371"", ""  73.736""], ["" 128.324"", "" 131.946"", ""  74.341""], ["" 127.183"", "" 132.876"", ""  73.885""], ["" 127.528"", "" 134.371"", ""  73.738""], ["" 128.845"", "" 134.855"", ""  74.374""]]",[],RR16_Rahimova_2017
116,8813,RR17_Rahimova_2017,receptor_tmp,2,20,-7.3,-0.18717948717948718,0.0,0.0,1,189.12,-10.88,-10.41,-0.46,-10.88,0.0,-1.56,3.58,-1.56,60,9,0.0,0.0,0.0,12.418682,8.61629,9.974819,-0.52027903,-0.13945498,-0.84253311,187.781799,"11.82985, 35.620441, 7.966905, 4.055384, 339.901154, 316.139709, 117.491364, 321.213501, 274.080078, 6.942652, 105.931992, 43.385063, ","[["" 129.739"", "" 126.369"", ""  68.422""], ["" 130.308"", "" 125.899"", ""  66.812""], ["" 129.771"", "" 126.361"", ""  65.627""], ["" 130.507"", "" 125.723"", ""  64.651""], ["" 131.292"", "" 125.066"", ""  66.566""], ["" 131.422"", "" 124.955"", ""  65.188""], ["" 128.701"", "" 127.252"", ""  65.453""], ["" 126.571"", "" 129.015"", ""  65.102""], ["" 126.473"", "" 127.963"", ""  66.027""], ["" 127.744"", "" 129.168"", ""  64.359""], ["" 127.537"", "" 127.082"", ""  66.202""], ["" 128.812"", "" 128.292"", ""  64.531""], ["" 125.570"", "" 129.936"", ""  64.862""], ["" 124.468"", "" 130.015"", ""  65.761""], ["" 130.288"", "" 125.888"", ""  63.154""], ["" 129.717"", "" 124.710"", ""  62.508""], ["" 128.749"", "" 124.760"", ""  62.227""], ["" 130.486"", "" 123.645"", ""  62.006""], ["" 129.803"", "" 122.584"", ""  61.411""], ["" 131.885"", "" 123.612"", ""  62.071""], ["" 130.502"", "" 121.495"", ""  60.898""], ["" 132.585"", "" 122.523"", ""  61.560""], ["" 131.897"", "" 121.457"", ""  60.971""], ["" 132.650"", "" 120.251"", ""  60.409""], ["" 133.863"", "" 120.115"", ""  60.949""], ["" 131.969"", "" 119.128"", ""  60.641""], ["" 132.792"", "" 120.400"", ""  59.092""], ["" 130.096"", "" 128.162"", ""  68.370""], ["" 130.773"", "" 128.658"", ""  69.667""], ["" 131.973"", "" 128.948"", ""  69.678""], ["" 129.904"", "" 128.783"", ""  70.885""], ["" 130.411"", "" 129.414"", ""  72.030""], ["" 128.595"", "" 128.281"", ""  70.915""], ["" 129.628"", "" 129.542"", ""  73.172""], ["" 127.813"", "" 128.410"", ""  72.060""], ["" 128.326"", "" 129.044"", ""  73.201""], ["" 127.624"", "" 129.219"", ""  74.379""], ["" 126.776"", "" 130.355"", ""  74.525""], ["" 125.520"", "" 129.935"", ""  75.295""]]",[],RR17_Rahimova_2017
117,7893,RR18_Rahimova_2017,receptor_tmp,1,12,-8.16,-0.21473684210526317,0.0,0.0,2,190.54,-9.05,-8.93,-0.12,-9.05,0.0,-1.31,0.89,-1.31,54,6,0.0,0.0,0.0,8.426713,11.51867,6.449994,-0.03145867,-0.59373818,-0.80404311,241.300278,"303.311401, 358.050385, 346.359009, ","[["" 126.727"", "" 129.445"", ""  63.823""], ["" 125.516"", "" 130.166"", ""  64.488""], ["" 125.027"", "" 129.669"", ""  65.654""], ["" 125.589"", "" 128.648"", ""  66.359""], ["" 126.702"", "" 128.148"", ""  65.967""], ["" 127.614"", "" 126.944"", ""  66.847""], ["" 128.906"", "" 126.940"", ""  65.606""], ["" 130.059"", "" 126.184"", ""  65.607""], ["" 130.376"", "" 125.315"", ""  66.749""], ["" 131.563"", "" 124.751"", ""  66.504""], ["" 132.083"", "" 125.112"", ""  65.298""], ["" 131.207"", "" 125.978"", ""  64.668""], ["" 131.555"", "" 126.416"", ""  63.376""], ["" 132.756"", "" 126.017"", ""  62.785""], ["" 133.626"", "" 125.163"", ""  63.461""], ["" 133.288"", "" 124.699"", ""  64.729""], ["" 129.741"", "" 125.101"", ""  67.781""], ["" 127.334"", "" 128.486"", ""  64.814""], ["" 128.540"", "" 127.906"", ""  64.569""], ["" 129.210"", "" 128.211"", ""  63.587""], ["" 132.011"", "" 124.110"", ""  67.142""], ["" 126.316"", "" 128.730"", ""  62.538""], ["" 125.998"", "" 126.934"", ""  61.314""], ["" 125.635"", "" 128.020"", ""  60.534""], ["" 126.411"", "" 127.374"", ""  62.532""], ["" 125.838"", "" 129.160"", ""  61.311""], ["" 126.023"", "" 125.443"", ""  61.093""], ["" 124.859"", "" 131.281"", ""  63.812""], ["" 125.682"", "" 132.021"", ""  63.034""], ["" 123.659"", "" 131.517"", ""  63.965""], ["" 126.659"", "" 131.770"", ""  63.065""], ["" 125.408"", "" 133.145"", ""  62.226""], ["" 126.500"", "" 133.938"", ""  61.818""], ["" 124.115"", "" 133.493"", ""  61.795""], ["" 126.281"", "" 135.059"", ""  61.010""], ["" 123.912"", "" 134.613"", ""  60.991""], ["" 124.994"", "" 135.398"", ""  60.601""], ["" 127.930"", "" 133.607"", ""  62.235""]]",[],RR18_Rahimova_2017
118,7810,RR19_Rahimova_2017,receptor_tmp,1,2,-10.18,-0.21208333333333332,0.0,0.0,8,187.51,-12.56,-12.18,-0.39,-12.56,0.0,-5.72,2.39,-5.72,54,5,0.0,0.0,0.0,9.683501,8.685637,6.538339,-0.50037274,-0.53664796,0.67943807,159.462296,"165.809769, 20.171362, 172.083542, 243.410187, 196.356567, 114.821815, 13.404047, 238.538177, ","[["" 130.506"", "" 124.591"", ""  67.030""], ["" 129.960"", "" 125.237"", ""  65.564""], ["" 129.302"", "" 126.433"", ""  65.413""], ["" 129.070"", "" 127.474"", ""  66.253""], ["" 129.610"", "" 127.656"", ""  67.348""], ["" 130.099"", "" 124.654"", ""  64.329""], ["" 130.535"", "" 123.433"", ""  63.928""], ["" 130.751"", "" 122.459"", ""  64.653""], ["" 128.813"", "" 126.515"", ""  64.533""], ["" 129.933"", "" 125.288"", ""  63.562""], ["" 128.034"", "" 128.504"", ""  65.730""], ["" 126.606"", "" 127.918"", ""  65.534""], ["" 125.637"", "" 128.870"", ""  64.857""], ["" 125.558"", "" 128.918"", ""  63.448""], ["" 124.691"", "" 129.588"", ""  65.620""], ["" 124.600"", "" 129.714"", ""  62.834""], ["" 123.741"", "" 130.377"", ""  64.986""], ["" 123.700"", "" 130.445"", ""  63.598""], ["" 128.493"", "" 129.242"", ""  64.518""], ["" 128.616"", "" 130.600"", ""  64.432""], ["" 128.791"", "" 128.596"", ""  63.356""], ["" 129.071"", "" 130.865"", ""  63.046""], ["" 128.394"", "" 131.427"", ""  65.316""], ["" 129.177"", "" 129.664"", ""  62.401""], ["" 128.749"", "" 127.383"", ""  63.144""], ["" 129.368"", "" 132.064"", ""  62.395""], ["" 129.584"", "" 129.594"", ""  61.067""], ["" 129.780"", "" 132.015"", ""  61.058""], ["" 129.888"", "" 130.784"", ""  60.397""], ["" 130.786"", "" 123.325"", ""  62.403""], ["" 132.137"", "" 123.929"", ""  61.920""], ["" 132.427"", "" 123.762"", ""  60.437""], ["" 132.131"", "" 124.794"", ""  59.520""], ["" 133.119"", "" 122.620"", ""  59.980""], ["" 132.475"", "" 124.656"", ""  58.183""], ["" 133.453"", "" 122.500"", ""  58.638""], ["" 133.128"", "" 123.511"", ""  57.742""], ["" 129.637"", "" 123.866"", ""  61.626""], ["" 129.450"", "" 125.181"", ""  61.304""], ["" 128.613"", "" 123.062"", ""  61.223""], ["" 128.157"", "" 125.229"", ""  60.577""], ["" 130.191"", "" 126.130"", ""  61.566""], ["" 127.654"", "" 123.957"", ""  60.529""], ["" 128.503"", "" 121.847"", ""  61.399""], ["" 127.467"", "" 126.300"", ""  60.009""], ["" 126.434"", "" 123.687"", ""  59.910""], ["" 126.241"", "" 126.050"", ""  59.382""], ["" 125.726"", "" 124.747"", ""  59.333""]]",[],RR19_Rahimova_2017
119,1659,RR19_Rahimova_2017-again1,receptor_tmp,1,12,-10.31,-0.2193617021276596,0.0,0.0,3,188.94,-13.0,-13.37,0.37,-13.0,0.0,-3.39,2.68,-3.39,58,7,0.0,0.0,0.0,10.424782,13.718797,7.37787,-0.73793704,0.1567599,0.65641089,69.545959,"318.3992, 160.05722, 181.795395, 337.271088, 194.039749, 38.731503, 323.366577, 122.825562, 258.446014, ","[["" 125.496"", "" 129.472"", ""  62.630""], ["" 127.086"", "" 129.649"", ""  63.145""], ["" 127.788"", "" 128.962"", ""  64.095""], ["" 127.436"", "" 128.003"", ""  64.984""], ["" 126.349"", "" 127.421"", ""  65.025""], ["" 128.732"", "" 129.299"", ""  64.212""], ["" 127.923"", "" 130.648"", ""  62.680""], ["" 128.469"", "" 131.625"", ""  63.328""], ["" 128.464"", "" 131.888"", ""  64.547""], ["" 129.252"", "" 132.659"", ""  62.451""], ["" 128.282"", "" 133.687"", ""  61.778""], ["" 126.817"", "" 133.259"", ""  61.762""], ["" 126.243"", "" 132.784"", ""  60.581""], ["" 126.052"", "" 133.337"", ""  62.930""], ["" 124.910"", "" 132.379"", ""  60.568""], ["" 124.721"", "" 132.932"", ""  62.919""], ["" 124.155"", "" 132.454"", ""  61.738""], ["" 130.238"", "" 132.026"", ""  61.514""], ["" 131.580"", "" 131.900"", ""  61.752""], ["" 129.857"", "" 131.535"", ""  60.301""], ["" 132.133"", "" 131.234"", ""  60.549""], ["" 132.201"", "" 132.261"", ""  62.751""], ["" 131.102"", "" 131.015"", ""  59.678""], ["" 128.723"", "" 131.522"", ""  59.822""], ["" 133.438"", "" 130.851"", ""  60.235""], ["" 131.318"", "" 130.399"", ""  58.444""], ["" 133.675"", "" 130.231"", ""  59.004""], ["" 132.619"", "" 130.006"", ""  58.112""], ["" 128.543"", "" 127.641"", ""  66.018""], ["" 128.989"", "" 128.841"", ""  66.903""], ["" 129.017"", "" 128.534"", ""  68.390""], ["" 128.008"", "" 127.734"", ""  68.966""], ["" 130.131"", "" 128.900"", ""  69.175""], ["" 128.087"", "" 127.372"", ""  70.305""], ["" 130.192"", "" 128.529"", ""  70.511""], ["" 129.172"", "" 127.772"", ""  71.075""], ["" 129.709"", "" 126.912"", ""  65.433""], ["" 130.682"", "" 126.286"", ""  66.160""], ["" 129.960"", "" 126.924"", ""  64.093""], ["" 131.679"", "" 125.819"", ""  65.165""], ["" 130.731"", "" 126.149"", ""  67.383""], ["" 131.247"", "" 126.206"", ""  63.925""], ["" 129.269"", "" 127.430"", ""  63.208""], ["" 132.881"", "" 125.129"", ""  65.329""], ["" 131.995"", "" 125.925"", ""  62.780""], ["" 133.646"", "" 124.841"", ""  64.193""], ["" 133.205"", "" 125.237"", ""  62.924""]]",[],RR19_Rahimova_2017-again1
120,8024,RR1_Rahimova_2017,receptor_tmp,1,2,-8.48,-0.19272727272727275,0.0,0.0,1,193.45,-12.06,-11.34,-0.73,-12.06,0.0,-3.04,3.58,-3.04,74,9,0.0,0.0,0.0,7.350128,8.606817,10.071781,0.79189059,0.2928456,-0.53586448,141.143326,"281.885864, 57.887672, 302.237183, 65.220573, 157.80571, 16.536205, 72.760956, 9.738108, 2.265518, 5.184227, 47.868023, 38.514587, ","[["" 129.222"", "" 126.406"", ""  71.000""], ["" 129.288"", "" 125.611"", ""  72.038""], ["" 129.755"", "" 124.472"", ""  71.536""], ["" 130.002"", "" 124.484"", ""  70.239""], ["" 129.661"", "" 125.728"", ""  69.892""], ["" 128.649"", "" 128.071"", ""  71.064""], ["" 129.961"", "" 128.744"", ""  72.143""], ["" 130.495"", "" 127.779"", ""  73.212""], ["" 129.781"", "" 127.421"", ""  74.149""], ["" 131.771"", "" 127.378"", ""  73.021""], ["" 132.206"", "" 127.669"", ""  72.157""], ["" 132.582"", "" 126.567"", ""  73.836""], ["" 133.908"", "" 126.977"", ""  73.987""], ["" 132.128"", "" 125.432"", ""  74.525""], ["" 134.777"", "" 126.265"", ""  74.808""], ["" 133.001"", "" 124.722"", ""  75.345""], ["" 134.326"", "" 125.129"", ""  75.500""], ["" 135.113"", "" 124.366"", ""  76.341""], ["" 136.094"", "" 123.502"", ""  75.780""], ["" 129.761"", "" 126.165"", ""  68.500""], ["" 128.447"", "" 126.675"", ""  67.882""], ["" 128.539"", "" 127.075"", ""  66.600""], ["" 127.403"", "" 126.697"", ""  68.545""], ["" 129.406"", "" 127.262"", ""  66.114""], ["" 127.433"", "" 127.683"", ""  66.023""], ["" 127.651"", "" 128.617"", ""  65.072""], ["" 128.765"", "" 128.889"", ""  64.611""], ["" 126.676"", "" 127.776"", ""  66.685""], ["" 126.416"", "" 129.326"", ""  64.553""], ["" 125.259"", "" 129.466"", ""  65.337""], ["" 126.416"", "" 129.879"", ""  63.268""], ["" 124.125"", "" 130.143"", ""  64.855""], ["" 125.298"", "" 130.545"", ""  62.777""], ["" 124.142"", "" 130.684"", ""  63.563""], ["" 122.969"", "" 130.325"", ""  65.596""], ["" 123.006"", "" 130.161"", ""  67.009""], ["" 123.003"", "" 131.345"", ""  63.140""], ["" 122.179"", "" 130.754"", ""  62.141""], ["" 129.980"", "" 123.252"", ""  72.384""], ["" 131.100"", "" 122.425"", ""  72.198""], ["" 129.079"", "" 122.888"", ""  73.397""], ["" 131.281"", "" 121.297"", ""  73.000""], ["" 129.237"", "" 121.795"", ""  74.187""], ["" 130.330"", "" 121.018"", ""  73.980""]]",[],RR1_Rahimova_2017
121,1484,RR20_Rahimova_2017,receptor_tmp,1,16,-10.39,-0.26641025641025645,0.0,0.0,9,180.67,-12.18,-12.28,0.1,-12.18,0.0,-1.84,1.79,-1.84,65,5,0.0,0.0,0.0,9.764169,10.799556,7.841998,0.00124349,0.91913672,-0.39393672,182.093552,"91.367386, 320.884308, 142.543488, 305.421417, 117.430695, 126.818695, ","[["" 127.540"", "" 128.037"", ""  65.473""], ["" 127.643"", "" 128.866"", ""  64.345""], ["" 126.594"", "" 129.708"", ""  63.975""], ["" 125.399"", "" 129.697"", ""  64.706""], ["" 124.242"", "" 130.499"", ""  64.575""], ["" 123.285"", "" 130.105"", ""  65.622""], ["" 124.063"", "" 129.262"", ""  66.618""], ["" 125.315"", "" 128.926"", ""  65.866""], ["" 126.373"", "" 128.100"", ""  66.244""], ["" 128.677"", "" 127.140"", ""  65.876""], ["" 130.509"", "" 126.018"", ""  65.415""], ["" 129.553"", "" 126.781"", ""  64.950""], ["" 130.384"", "" 125.664"", ""  67.094""], ["" 128.921"", "" 126.618"", ""  67.164""], ["" 128.147"", "" 126.740"", ""  68.458""], ["" 131.580"", "" 125.473"", ""  64.723""], ["" 133.224"", "" 125.651"", ""  66.302""], ["" 132.850"", "" 125.327"", ""  65.173""], ["" 131.388"", "" 125.162"", ""  63.781""], ["" 133.890"", "" 124.690"", ""  64.220""], ["" 133.273"", "" 124.019"", ""  63.060""], ["" 134.254"", "" 123.686"", ""  62.017""], ["" 132.603"", "" 122.779"", ""  63.471""], ["" 133.529"", "" 123.236"", ""  60.728""], ["" 131.926"", "" 122.051"", ""  62.309""], ["" 132.404"", "" 122.235"", ""  60.995""], ["" 130.871"", "" 121.160"", ""  62.534""], ["" 131.816"", "" 121.516"", ""  59.948""], ["" 130.289"", "" 120.457"", ""  61.481""], ["" 130.765"", "" 120.633"", ""  60.186""], ["" 123.841"", "" 131.166"", ""  63.453""], ["" 122.745"", "" 130.985"", ""  62.918""], ["" 124.777"", "" 132.167"", ""  62.812""], ["" 125.884"", "" 132.633"", ""  63.530""], ["" 124.520"", "" 132.681"", ""  61.535""], ["" 126.746"", "" 133.569"", ""  62.963""], ["" 125.381"", "" 133.618"", ""  60.968""], ["" 126.500"", "" 134.055"", ""  61.679""], ["" 127.435"", "" 135.082"", ""  61.068""]]",[],RR20_Rahimova_2017
122,8323,RR20_Rahimova_2017-again1,receptor_tmp,1,16,-10.58,-0.2712820512820513,0.0,0.0,3,182.74,-12.37,-10.7,-1.67,-12.37,0.0,-2.81,1.79,-2.81,60,5,0.0,0.0,0.0,9.046595,7.371831,14.52616,-0.79413999,0.59027815,-0.14461464,166.233521,"1.851297, 166.863113, 39.677372, 227.314072, 105.279877, 213.188538, ","[["" 130.487"", "" 126.965"", ""  73.075""], ["" 129.832"", "" 125.853"", ""  72.845""], ["" 130.464"", "" 124.761"", ""  73.247""], ["" 131.716"", "" 124.990"", ""  73.853""], ["" 132.716"", "" 124.044"", ""  74.483""], ["" 132.021"", "" 126.709"", ""  73.819""], ["" 130.143"", "" 128.251"", ""  72.751""], ["" 129.267"", "" 128.962"", ""  73.378""], ["" 128.602"", "" 128.737"", ""  74.407""], ["" 129.010"", "" 130.342"", ""  72.739""], ["" 128.855"", "" 131.421"", ""  73.850""], ["" 127.867"", "" 132.539"", ""  73.456""], ["" 130.217"", "" 131.997"", ""  74.306""], ["" 128.428"", "" 133.340"", ""  72.267""], ["" 130.720"", "" 133.118"", ""  73.389""], ["" 129.875"", "" 133.779"", ""  72.465""], ["" 132.056"", "" 133.525"", ""  73.490""], ["" 130.392"", "" 134.835"", ""  71.706""], ["" 132.557"", "" 134.570"", ""  72.718""], ["" 131.721"", "" 135.231"", ""  71.826""], ["" 128.446"", "" 130.945"", ""  74.644""], ["" 129.801"", "" 123.433"", ""  73.020""], ["" 128.545"", "" 123.352"", ""  72.404""], ["" 130.402"", "" 122.247"", ""  73.469""], ["" 127.914"", "" 122.122"", ""  72.213""], ["" 129.782"", "" 121.014"", ""  73.263""], ["" 128.560"", "" 120.939"", ""  72.595""], ["" 130.163"", "" 119.665"", ""  73.798""], ["" 128.099"", "" 119.604"", ""  72.581""], ["" 129.163"", "" 118.741"", ""  73.122""], ["" 127.098"", "" 119.097"", ""  71.803""], ["" 127.307"", "" 118.428"", ""  70.789""], ["" 125.659"", "" 119.387"", ""  72.170""], ["" 125.005"", "" 120.480"", ""  71.590""], ["" 124.989"", "" 118.613"", ""  73.126""], ["" 123.686"", "" 120.770"", ""  71.929""], ["" 123.670"", "" 118.903"", ""  73.465""], ["" 123.015"", "" 119.976"", ""  72.859""], ["" 121.579"", "" 120.298"", ""  73.234""]]",[],RR20_Rahimova_2017-again1
123,8019,RR21_Rahimova_2017,receptor_tmp,1,5,-9.08,-0.227,0.0,0.0,11,188.38,-10.87,-10.69,-0.18,-10.87,0.0,-1.49,1.79,-1.49,63,7,0.0,0.0,0.0,8.997633,10.17266,8.206565,-0.65472134,-0.62354369,0.42723909,191.795166,"83.656326, 122.593163, 311.4263, 331.11853, 166.030014, 281.16687, ","[["" 129.360"", "" 127.437"", ""  66.462""], ["" 128.148"", "" 127.941"", ""  66.133""], ["" 126.547"", "" 127.317"", ""  66.588""], ["" 125.797"", "" 128.648"", ""  65.719""], ["" 126.734"", "" 129.456"", ""  65.129""], ["" 128.039"", "" 129.133"", ""  65.304""], ["" 128.991"", "" 129.767"", ""  64.833""], ["" 124.532"", "" 128.908"", ""  65.599""], ["" 124.055"", "" 130.033"", ""  64.872""], ["" 125.145"", "" 130.863"", ""  64.252""], ["" 126.403"", "" 130.589"", ""  64.375""], ["" 122.877"", "" 130.359"", ""  64.730""], ["" 129.660"", "" 126.268"", ""  67.275""], ["" 130.376"", "" 125.104"", ""  66.915""], ["" 130.503"", "" 124.271"", ""  67.930""], ["" 129.886"", "" 124.840"", ""  68.976""], ["" 129.375"", "" 126.062"", ""  68.617""], ["" 130.967"", "" 124.753"", ""  65.584""], ["" 132.084"", "" 124.086"", ""  63.078""], ["" 132.783"", "" 124.895"", ""  63.979""], ["" 130.812"", "" 123.616"", ""  63.445""], ["" 132.231"", "" 125.226"", ""  65.217""], ["" 130.261"", "" 123.948"", ""  64.682""], ["" 134.009"", "" 125.369"", ""  63.655""], ["" 132.700"", "" 123.801"", ""  61.874""], ["" 132.378"", "" 124.579"", ""  60.725""], ["" 129.851"", "" 124.212"", ""  70.248""], ["" 129.922"", "" 122.815"", ""  70.360""], ["" 129.746"", "" 124.993"", ""  71.408""], ["" 129.892"", "" 122.211"", ""  71.614""], ["" 129.717"", "" 124.386"", ""  72.660""], ["" 129.790"", "" 122.999"", ""  72.758""], ["" 124.749"", "" 132.094"", ""  63.426""], ["" 125.728"", "" 132.440"", ""  62.305""], ["" 126.845"", "" 133.236"", ""  62.573""], ["" 125.523"", "" 131.937"", ""  61.017""], ["" 127.745"", "" 133.538"", ""  61.555""], ["" 126.423"", "" 132.238"", ""  60.000""], ["" 127.533"", "" 133.043"", ""  60.267""], ["" 128.524"", "" 133.365"", ""  59.163""]]",[],RR21_Rahimova_2017
124,8254,RR22_Rahimova_2017,receptor_tmp,1,19,-8.47,-0.2646875,0.0,0.0,17,190.31,-9.06,-8.94,-0.12,-9.06,0.0,-0.61,0.6,-0.61,36,7,0.0,0.0,0.0,11.353429,8.795518,5.974429,-0.77495927,-0.45058152,0.44318667,209.772934,"75.181892, 283.184845, ","[["" 134.823"", "" 125.203"", ""  64.903""], ["" 133.631"", "" 125.149"", ""  64.609""], ["" 132.603"", "" 125.934"", ""  65.103""], ["" 132.908"", "" 123.983"", ""  63.416""], ["" 131.257"", "" 124.515"", ""  63.768""], ["" 131.269"", "" 125.783"", ""  64.609""], ["" 130.892"", "" 126.980"", ""  63.842""], ["" 129.491"", "" 127.256"", ""  63.726""], ["" 128.892"", "" 127.304"", ""  65.114""], ["" 127.808"", "" 128.108"", ""  65.480""], ["" 127.295"", "" 128.054"", ""  66.778""], ["" 127.850"", "" 127.184"", ""  67.716""], ["" 128.916"", "" 126.358"", ""  67.357""], ["" 129.429"", "" 126.412"", ""  66.061""], ["" 130.467"", "" 125.527"", ""  65.765""], ["" 129.527"", "" 128.465"", ""  62.813""], ["" 130.800"", "" 128.155"", ""  62.019""], ["" 131.533"", "" 127.305"", ""  62.635""], ["" 130.118"", "" 123.869"", ""  63.424""], ["" 132.769"", "" 126.593"", ""  65.848""], ["" 129.963"", "" 122.652"", ""  62.604""], ["" 130.863"", "" 121.577"", ""  62.648""], ["" 128.880"", "" 122.551"", ""  61.723""], ["" 130.652"", "" 120.457"", ""  61.842""], ["" 128.658"", "" 121.471"", ""  60.930""], ["" 129.540"", "" 120.443"", ""  61.001""], ["" 131.112"", "" 128.800"", ""  60.728""], ["" 130.372"", "" 128.488"", ""  59.578""], ["" 132.154"", "" 129.736"", ""  60.639""], ["" 130.669"", "" 129.100"", ""  58.363""], ["" 132.451"", "" 130.345"", ""  59.423""], ["" 131.707"", "" 130.025"", ""  58.290""]]",[],RR22_Rahimova_2017
125,8042,RR23_Rahimova_2017,receptor_tmp,1,12,-9.61,-0.24025,0.0,0.0,7,192.69,-11.1,-10.91,-0.19,-11.1,0.0,-1.89,1.49,-1.89,48,7,0.0,0.0,0.0,10.37315,8.969326,6.155471,0.00879413,-0.03285556,0.99942142,122.80687,"227.930298, 256.963867, 118.789474, 302.847198, 98.706093, ","[["" 128.844"", "" 128.049"", ""  65.001""], ["" 128.431"", "" 129.379"", ""  65.138""], ["" 128.601"", "" 130.291"", ""  64.096""], ["" 129.238"", "" 129.892"", ""  62.913""], ["" 129.458"", "" 130.600"", ""  61.710""], ["" 130.152"", "" 129.709"", ""  60.767""], ["" 130.027"", "" 128.304"", ""  61.334""], ["" 129.597"", "" 128.553"", ""  62.748""], ["" 129.407"", "" 127.637"", ""  63.783""], ["" 128.618"", "" 127.073"", ""  66.166""], ["" 129.330"", "" 128.442"", ""  70.287""], ["" 129.394"", "" 127.242"", ""  69.661""], ["" 128.997"", "" 129.507"", ""  69.762""], ["" 129.158"", "" 126.958"", ""  68.352""], ["" 128.698"", "" 127.731"", ""  67.452""], ["" 129.568"", "" 125.291"", ""  67.856""], ["" 129.529"", "" 125.824"", ""  66.136""], ["" 129.701"", "" 126.469"", ""  70.233""], ["" 130.976"", "" 126.034"", ""  65.642""], ["" 129.719"", "" 128.435"", ""  71.775""], ["" 129.775"", "" 127.036"", ""  72.254""], ["" 131.785"", "" 127.378"", ""  73.338""], ["" 130.852"", "" 126.637"", ""  73.014""], ["" 130.755"", "" 125.184"", ""  73.418""], ["" 128.704"", "" 126.234"", ""  71.880""], ["" 131.757"", "" 124.596"", ""  74.198""], ["" 129.651"", "" 124.432"", ""  73.013""], ["" 128.633"", "" 124.991"", ""  72.236""], ["" 131.648"", "" 123.254"", ""  74.565""], ["" 129.543"", "" 123.089"", ""  73.381""], ["" 130.543"", "" 122.502"", ""  74.158""], ["" 129.482"", "" 131.958"", ""  61.560""], ["" 130.520"", "" 132.621"", ""  61.605""], ["" 128.183"", "" 132.703"", ""  61.345""], ["" 128.178"", "" 134.102"", ""  61.386""], ["" 126.976"", "" 132.016"", ""  61.165""], ["" 126.989"", "" 134.806"", ""  61.209""], ["" 125.788"", "" 132.719"", ""  60.989""], ["" 125.795"", "" 134.115"", ""  61.002""], ["" 124.497"", "" 134.880"", ""  60.819""]]",[],RR23_Rahimova_2017
126,1671,RR24_Rahimova_2017,receptor_tmp,1,10,-10.32,-0.22933333333333333,0.0,0.0,8,188.65,-11.81,-11.61,-0.2,-11.81,0.0,-1.95,1.49,-1.95,66,7,0.0,0.0,0.0,8.961966,12.768465,8.428931,0.25006903,0.70893262,0.65945433,117.167168,"28.084015, 257.691376, 33.72715, 94.615067, 301.85434, ","[["" 126.640"", "" 131.834"", ""  63.569""], ["" 127.028"", "" 130.632"", ""  64.116""], ["" 127.832"", "" 128.215"", ""  65.253""], ["" 128.759"", "" 129.245"", ""  65.067""], ["" 126.497"", "" 128.404"", ""  64.881""], ["" 128.357"", "" 130.453"", ""  64.504""], ["" 126.095"", "" 129.612"", ""  64.319""], ["" 128.285"", "" 126.880"", ""  65.856""], ["" 128.529"", "" 126.972"", ""  71.449""], ["" 128.346"", "" 126.758"", ""  70.249""], ["" 127.191"", "" 127.037"", ""  69.535""], ["" 129.395"", "" 126.365"", ""  69.476""], ["" 127.052"", "" 127.141"", ""  68.161""], ["" 129.366"", "" 126.439"", ""  68.121""], ["" 125.999"", "" 127.446"", ""  67.593""], ["" 128.274"", "" 126.831"", ""  67.413""], ["" 130.547"", "" 126.078"", ""  67.516""], ["" 130.682"", "" 126.090"", ""  66.149""], ["" 129.675"", "" 126.451"", ""  65.332""], ["" 131.867"", "" 125.738"", ""  65.386""], ["" 130.129"", "" 126.348"", ""  63.949""], ["" 131.533"", "" 125.896"", ""  64.047""], ["" 133.145"", "" 125.313"", ""  65.753""], ["" 129.450"", "" 126.597"", ""  62.955""], ["" 132.471"", "" 125.632"", ""  63.047""], ["" 134.088"", "" 125.048"", ""  64.757""], ["" 133.752"", "" 125.206"", ""  63.409""], ["" 125.996"", "" 127.380"", ""  70.332""], ["" 130.218"", "" 126.036"", ""  69.959""], ["" 131.329"", "" 125.797"", ""  68.092""], ["" 127.552"", "" 132.842"", ""  63.442""], ["" 128.216"", "" 133.327"", ""  64.364""], ["" 127.709"", "" 133.322"", ""  61.969""], ["" 127.747"", "" 134.850"", ""  61.830""], ["" 128.859"", "" 132.667"", ""  61.277""], ["" 130.000"", "" 132.230"", ""  61.892""], ["" 128.861"", "" 132.470"", ""  59.928""], ["" 130.842"", "" 131.671"", ""  60.805""], ["" 130.275"", "" 132.291"", ""  63.091""], ["" 130.159"", "" 131.815"", ""  59.628""], ["" 127.975"", "" 132.771"", ""  59.127""], ["" 132.108"", "" 131.084"", ""  60.837""], ["" 130.704"", "" 131.380"", ""  58.419""], ["" 132.671"", "" 130.641"", ""  59.635""], ["" 131.972"", "" 130.788"", ""  58.431""]]",[],RR24_Rahimova_2017
127,8167,RR24_Rahimova_2017-again1,receptor_tmp,1,10,-9.08,-0.2111627906976744,0.0,0.0,10,187.86,-10.57,-11.23,0.66,-10.57,0.0,-1.58,1.49,-1.58,65,7,0.0,0.0,0.0,7.52567,12.724284,8.010115,-0.05561484,0.76601198,0.64041599,156.05069,"42.526512, 23.198635, 329.247589, 53.075985, 251.352921, ","[["" 124.356"", "" 129.300"", ""  63.724""], ["" 125.575"", "" 128.956"", ""  64.260""], ["" 128.033"", "" 128.208"", ""  65.352""], ["" 126.877"", "" 128.179"", ""  66.138""], ["" 127.952"", "" 128.605"", ""  64.014""], ["" 125.650"", "" 128.548"", ""  65.593""], ["" 126.726"", "" 128.972"", ""  63.467""], ["" 129.388"", "" 127.802"", ""  65.948""], ["" 130.492"", "" 123.797"", ""  64.924""], ["" 130.391"", "" 124.733"", ""  63.896""], ["" 130.273"", "" 124.100"", ""  66.155""], ["" 130.057"", "" 126.053"", ""  64.130""], ["" 129.920"", "" 125.379"", ""  66.476""], ["" 129.981"", "" 126.919"", ""  63.252""], ["" 129.800"", "" 126.369"", ""  65.538""], ["" 129.700"", "" 125.553"", ""  67.810""], ["" 129.500"", "" 126.714"", ""  68.312""], ["" 129.378"", "" 127.907"", ""  67.491""], ["" 129.370"", "" 127.120"", ""  69.700""], ["" 129.234"", "" 128.957"", ""  68.330""], ["" 129.221"", "" 128.499"", ""  69.719""], ["" 129.391"", "" 126.398"", ""  70.896""], ["" 129.087"", "" 129.178"", ""  70.937""], ["" 129.257"", "" 127.071"", ""  72.112""], ["" 129.105"", "" 128.459"", ""  72.132""], ["" 130.800"", "" 122.606"", ""  64.749""], ["" 130.636"", "" 124.415"", ""  62.469""], ["" 129.103"", "" 130.185"", ""  67.960""], ["" 124.184"", "" 130.540"", ""  63.178""], ["" 123.522"", "" 131.456"", ""  63.680""], ["" 124.948"", "" 130.715"", ""  61.834""], ["" 124.098"", "" 130.376"", ""  60.602""], ["" 125.592"", "" 132.057"", ""  61.718""], ["" 125.029"", "" 133.148"", ""  61.115""], ["" 126.840"", "" 132.294"", ""  62.210""], ["" 126.036"", "" 134.231"", ""  61.246""], ["" 123.924"", "" 133.218"", ""  60.576""], ["" 127.122"", "" 133.718"", ""  61.901""], ["" 127.581"", "" 131.497"", ""  62.789""], ["" 126.008"", "" 135.561"", ""  60.823""], ["" 128.241"", "" 134.508"", ""  62.171""], ["" 127.120"", "" 136.369"", ""  61.085""], ["" 128.232"", "" 135.844"", ""  61.757""]]",[],RR24_Rahimova_2017-again1
128,8489,RR25_Rahimova_2017,receptor_tmp,1,19,-9.72,-0.24923076923076926,0.0,0.0,8,188.68,-11.21,-11.01,-0.2,-11.21,0.0,-0.84,1.49,-0.84,49,7,0.0,0.0,0.0,8.146137,8.074642,7.784986,-0.44645351,-0.50833882,0.73639046,146.4953,"137.151291, 220.841919, 306.151276, 293.546509, 277.958771, ","[["" 131.097"", "" 125.859"", ""  65.788""], ["" 130.039"", "" 126.622"", ""  66.198""], ["" 128.641"", "" 126.316"", ""  65.828""], ["" 127.882"", "" 127.640"", ""  65.600""], ["" 127.981"", "" 128.521"", ""  66.768""], ["" 129.383"", "" 128.862"", ""  67.015""], ["" 130.238"", "" 127.601"", ""  67.291""], ["" 132.210"", "" 125.966"", ""  66.312""], ["" 131.011"", "" 124.919"", ""  64.551""], ["" 132.717"", "" 123.226"", ""  60.302""], ["" 132.002"", "" 122.045"", ""  60.553""], ["" 132.828"", "" 124.174"", ""  61.332""], ["" 131.408"", "" 121.821"", ""  61.794""], ["" 132.245"", "" 123.961"", ""  62.584""], ["" 131.520"", "" 122.780"", ""  62.799""], ["" 132.328"", "" 124.958"", ""  63.725""], ["" 130.914"", "" 122.489"", ""  64.007""], ["" 130.495"", "" 123.483"", ""  64.857""], ["" 129.767"", "" 123.133"", ""  65.787""], ["" 133.342"", "" 123.466"", ""  58.978""], ["" 133.919"", "" 122.534"", ""  58.422""], ["" 133.260"", "" 124.587"", ""  58.485""], ["" 127.151"", "" 129.723"", ""  66.607""], ["" 126.141"", "" 129.605"", ""  65.435""], ["" 126.251"", "" 130.642"", ""  64.368""], ["" 127.527"", "" 130.922"", ""  63.923""], ["" 125.056"", "" 131.199"", ""  63.962""], ["" 127.605"", "" 132.029"", ""  62.889""], ["" 128.534"", "" 130.340"", ""  64.338""], ["" 125.191"", "" 132.297"", ""  62.925""], ["" 123.959"", "" 130.850"", ""  64.414""], ["" 128.856"", "" 132.417"", ""  62.391""], ["" 126.450"", "" 132.698"", ""  62.409""], ["" 124.042"", "" 132.950"", ""  62.461""], ["" 128.967"", "" 133.435"", ""  61.447""], ["" 126.552"", "" 133.738"", ""  61.444""], ["" 124.130"", "" 133.969"", ""  61.515""], ["" 127.837"", "" 134.095"", ""  60.970""], ["" 125.364"", "" 134.370"", ""  61.005""]]",[],RR25_Rahimova_2017
129,7801,RR26_Rahimova_2017,receptor_tmp,1,7,-9.19,-0.24184210526315789,0.0,0.0,3,188.29,-10.39,-9.8,-0.59,-10.39,0.0,-1.23,1.19,-1.23,64,4,0.0,0.0,0.0,9.569676,10.329597,8.222558,-0.65031464,0.5226817,-0.55126647,82.42617,"322.341736, 106.000305, 335.654907, 25.471838, ","[["" 128.488"", "" 130.416"", ""  66.827""], ["" 128.575"", "" 129.975"", ""  65.680""], ["" 128.983"", "" 128.647"", ""  65.232""], ["" 128.941"", "" 128.486"", ""  63.436""], ["" 129.324"", "" 127.705"", ""  66.140""], ["" 128.281"", "" 130.716"", ""  64.525""], ["" 128.412"", "" 130.124"", ""  63.324""], ["" 128.103"", "" 130.944"", ""  62.356""], ["" 127.775"", "" 132.047"", ""  63.024""], ["" 127.870"", "" 131.974"", ""  64.342""], ["" 129.746"", "" 126.336"", ""  65.895""], ["" 129.962"", "" 125.300"", ""  66.832""], ["" 130.099"", "" 125.751"", ""  64.688""], ["" 130.394"", "" 124.196"", ""  66.255""], ["" 130.469"", "" 124.454"", ""  64.940""], ["" 129.761"", "" 125.336"", ""  68.315""], ["" 129.279"", "" 126.497"", ""  68.938""], ["" 130.044"", "" 124.208"", ""  69.101""], ["" 129.091"", "" 126.543"", ""  70.321""], ["" 129.851"", "" 124.248"", ""  70.481""], ["" 129.386"", "" 125.422"", ""  71.094""], ["" 130.198"", "" 123.129"", ""  71.211""], ["" 129.141"", "" 125.493"", ""  72.450""], ["" 129.646"", "" 123.097"", ""  72.531""], ["" 129.797"", "" 124.477"", ""  73.217""], ["" 130.912"", "" 123.472"", ""  64.016""], ["" 130.028"", "" 122.504"", ""  63.518""], ["" 132.250"", "" 123.468"", ""  63.594""], ["" 130.476"", "" 121.545"", ""  62.614""], ["" 132.695"", "" 122.509"", ""  62.689""], ["" 131.807"", "" 121.551"", ""  62.204""], ["" 127.348"", "" 133.308"", ""  62.330""], ["" 128.224"", "" 134.404"", ""  62.377""], ["" 126.125"", "" 133.444"", ""  61.637""], ["" 127.905"", "" 135.604"", ""  61.745""], ["" 125.816"", "" 134.655"", ""  61.008""], ["" 126.702"", "" 135.729"", ""  61.058""], ["" 125.096"", "" 132.322"", ""  61.585""]]",[],RR26_Rahimova_2017
130,1850,RR27_Rahimova_2017,receptor_tmp,1,11,-10.09,-0.25225,0.0,0.0,4,191.44,-12.18,-11.81,-0.37,-12.18,0.0,-2.55,2.09,-2.55,59,11,0.0,0.0,0.0,10.687719,12.549853,5.872206,-0.56414979,-0.6728747,0.47851295,201.021774,"201.00737, 180.304443, 304.0159, 295.353912, 340.098389, 112.631874, 291.688385, ","[["" 132.939"", "" 125.703"", ""  63.539""], ["" 132.434"", "" 126.418"", ""  62.496""], ["" 131.207"", "" 127.002"", ""  62.633""], ["" 130.393"", "" 126.931"", ""  63.725""], ["" 130.915"", "" 126.231"", ""  64.735""], ["" 132.174"", "" 125.594"", ""  64.717""], ["" 132.377"", "" 124.976"", ""  65.916""], ["" 131.258"", "" 125.212"", ""  66.693""], ["" 130.389"", "" 125.967"", ""  65.989""], ["" 134.157"", "" 125.076"", ""  63.524""], ["" 134.751"", "" 125.436"", ""  62.861""], ["" 130.702"", "" 127.823"", ""  61.432""], ["" 129.192"", "" 128.217"", ""  61.497""], ["" 131.608"", "" 129.046"", ""  61.094""], ["" 128.763"", "" 129.133"", ""  60.330""], ["" 131.038"", "" 129.932"", ""  59.957""], ["" 129.666"", "" 130.294"", ""  60.346""], ["" 129.438"", "" 131.414"", ""  61.089""], ["" 130.310"", "" 132.272"", ""  61.252""], ["" 128.001"", "" 131.715"", ""  61.606""], ["" 127.624"", "" 133.206"", ""  61.513""], ["" 126.369"", "" 133.625"", ""  61.047""], ["" 128.564"", "" 134.167"", ""  61.904""], ["" 126.061"", "" 134.980"", ""  60.978""], ["" 128.256"", "" 135.523"", ""  61.835""], ["" 127.006"", "" 135.923"", ""  61.373""], ["" 127.739"", "" 131.064"", ""  62.978""], ["" 128.720"", "" 131.030"", ""  63.977""], ["" 126.495"", "" 130.467"", ""  63.218""], ["" 128.454"", "" 130.423"", ""  65.202""], ["" 126.227"", "" 129.862"", ""  64.442""], ["" 127.208"", "" 129.844"", ""  65.430""], ["" 129.101"", "" 126.347"", ""  66.564""], ["" 129.220"", "" 127.163"", ""  67.844""], ["" 128.233"", "" 127.075"", ""  68.833""], ["" 130.308"", "" 128.022"", ""  68.034""], ["" 128.332"", "" 127.837"", ""  69.997""], ["" 130.411"", "" 128.778"", ""  69.202""], ["" 129.425"", "" 128.684"", ""  70.184""], ["" 127.097"", "" 127.739"", ""  71.200""]]",[],RR27_Rahimova_2017
131,1750,RR27_Rahimova_2017-again1,receptor_tmp,1,15,-10.24,-0.256,0.0,0.0,7,189.32,-12.03,-11.99,-0.04,-12.03,0.0,-2.64,1.79,-2.64,63,5,0.0,0.0,0.0,8.534307,12.18859,4.260817,-0.69685038,0.68544662,0.21109828,81.403313,"292.3638, 344.518341, 294.789429, 340.000397, 125.073013, 306.127472, ","[["" 121.494"", "" 130.573"", ""  62.501""], ["" 122.718"", "" 130.461"", ""  62.475""], ["" 123.416"", "" 130.395"", ""  61.288""], ["" 124.790"", "" 130.264"", ""  61.108""], ["" 125.598"", "" 130.199"", ""  62.120""], ["" 125.008"", "" 130.260"", ""  63.346""], ["" 123.650"", "" 130.379"", ""  63.599""], ["" 123.425"", "" 130.398"", ""  64.901""], ["" 124.657"", "" 130.292"", ""  65.539""], ["" 125.599"", "" 130.227"", ""  64.582""], ["" 122.844"", "" 130.443"", ""  60.458""], ["" 125.329"", "" 130.200"", ""  59.675""], ["" 126.069"", "" 131.504"", ""  59.229""], ["" 126.070"", "" 128.857"", ""  59.382""], ["" 127.127"", "" 131.327"", ""  58.114""], ["" 127.138"", "" 128.898"", ""  58.261""], ["" 127.919"", "" 130.131"", ""  58.436""], ["" 129.000"", "" 130.140"", ""  59.269""], ["" 129.485"", "" 129.089"", ""  59.698""], ["" 129.763"", "" 131.470"", ""  59.546""], ["" 131.268"", "" 131.248"", ""  59.786""], ["" 131.870"", "" 131.501"", ""  61.028""], ["" 132.058"", "" 130.777"", ""  58.729""], ["" 133.233"", "" 131.286"", ""  61.207""], ["" 133.422"", "" 130.563"", ""  58.908""], ["" 134.004"", "" 130.819"", ""  60.146""], ["" 129.079"", "" 132.312"", ""  60.640""], ["" 128.894"", "" 131.813"", ""  61.938""], ["" 128.606"", "" 133.593"", ""  60.327""], ["" 128.254"", "" 132.585"", ""  62.905""], ["" 127.974"", "" 134.368"", ""  61.296""], ["" 127.799"", "" 133.860"", ""  62.580""], ["" 127.008"", "" 130.087"", ""  64.926""], ["" 127.256"", "" 129.118"", ""  66.072""], ["" 128.388"", "" 129.257"", ""  66.884""], ["" 126.352"", "" 128.080"", ""  66.322""], ["" 128.607"", "" 128.372"", ""  67.941""], ["" 126.573"", "" 127.196"", ""  67.379""], ["" 127.699"", "" 127.342"", ""  68.188""], ["" 129.997"", "" 128.555"", ""  68.946""]]",[],RR27_Rahimova_2017-again1
132,8341,RR28_Rahimova_2017,receptor_tmp,1,1,-8.86,-0.18458333333333332,0.0,0.0,2,186.01,-11.54,-11.48,-0.06,-11.54,0.0,-2.25,2.68,-2.25,78,5,0.0,0.0,0.0,7.610487,14.281514,4.062954,-0.73034058,0.48302604,-0.48299945,84.131325,"238.384125, 208.465988, 206.57045, 71.302338, 197.508377, 162.307129, 20.938498, 252.419296, 11.810616, ","[["" 123.981"", "" 130.499"", ""  63.671""], ["" 123.899"", "" 131.086"", ""  62.240""], ["" 123.212"", "" 130.500"", ""  61.399""], ["" 124.464"", "" 132.299"", ""  61.994""], ["" 124.445"", "" 132.866"", ""  60.635""], ["" 125.511"", "" 132.874"", ""  62.850""], ["" 125.778"", "" 132.447"", ""  59.966""], ["" 126.876"", "" 132.478"", ""  62.228""], ["" 127.048"", "" 132.944"", ""  60.745""], ["" 128.385"", "" 132.373"", ""  60.192""], ["" 128.483"", "" 132.045"", ""  58.831""], ["" 129.507"", "" 132.164"", ""  61.009""], ["" 129.661"", "" 131.529"", ""  58.302""], ["" 130.687"", "" 131.647"", ""  60.481""], ["" 130.771"", "" 131.326"", ""  59.123""], ["" 132.056"", "" 130.754"", ""  58.526""], ["" 132.670"", "" 131.622"", ""  57.719""], ["" 132.908"", "" 130.418"", ""  59.495""], ["" 131.762"", "" 129.663"", ""  57.817""], ["" 127.128"", "" 134.422"", ""  60.717""], ["" 127.510"", "" 135.255"", ""  61.706""], ["" 127.856"", "" 134.884"", ""  62.826""], ["" 126.886"", "" 134.841"", ""  59.832""], ["" 127.501"", "" 136.744"", ""  61.376""], ["" 124.939"", "" 129.291"", ""  63.855""], ["" 126.426"", "" 129.660"", ""  64.071""], ["" 126.928"", "" 129.731"", ""  65.336""], ["" 127.086"", "" 130.003"", ""  63.086""], ["" 126.318"", "" 129.052"", ""  66.485""], ["" 128.360"", "" 129.976"", ""  65.548""], ["" 126.878"", "" 127.612"", ""  66.495""], ["" 129.056"", "" 128.588"", ""  65.564""], ["" 128.443"", "" 127.518"", ""  66.548""], ["" 128.876"", "" 127.730"", ""  68.035""], ["" 128.265"", "" 127.060"", ""  69.108""], ["" 129.911"", "" 128.633"", ""  68.327""], ["" 128.682"", "" 127.277"", ""  70.419""], ["" 130.329"", "" 128.853"", ""  69.636""], ["" 129.718"", "" 128.173"", ""  70.691""], ["" 130.189"", "" 128.419"", ""  72.124""], ["" 129.212"", "" 128.149"", ""  72.992""], ["" 131.224"", "" 127.622"", ""  72.386""], ["" 130.573"", "" 129.682"", ""  72.317""], ["" 128.860"", "" 126.155"", ""  66.152""], ["" 130.012"", "" 125.520"", ""  66.445""], ["" 130.914"", "" 126.008"", ""  67.126""], ["" 128.205"", "" 125.668"", ""  65.559""], ["" 130.172"", "" 124.113"", ""  65.879""]]",[],RR28_Rahimova_2017
133,1732,RR29_Rahimova_2017,receptor_tmp,1,1,-7.35,-0.31956521739130433,0.0,0.0,13,190.53,-8.54,-6.31,-2.23,-8.54,0.0,-0.17,1.19,-0.17,39,11,0.0,0.0,0.0,9.863116,10.166039,9.283846,-0.49215031,-0.84581349,0.2058825,162.996384,"259.260529, 56.217937, 173.789398, 77.059021, ","[["" 129.791"", "" 124.303"", ""  68.495""], ["" 130.103"", "" 125.426"", ""  67.517""], ["" 130.951"", "" 125.208"", ""  66.581""], ["" 129.305"", "" 126.717"", ""  67.807""], ["" 130.075"", "" 127.663"", ""  68.753""], ["" 129.297"", "" 127.967"", ""  70.024""], ["" 129.915"", "" 128.667"", ""  71.074""], ["" 127.956"", "" 127.549"", ""  70.145""], ["" 129.158"", "" 128.929"", ""  72.211""], ["" 127.221"", "" 127.818"", ""  71.308""], ["" 129.533"", "" 129.556"", ""  73.358""], ["" 127.860"", "" 128.519"", ""  72.324""], ["" 128.357"", "" 129.712"", ""  74.106""], ["" 127.380"", "" 128.876"", ""  73.545""], ["" 131.171"", "" 126.193"", ""  65.644""], ["" 130.608"", "" 126.211"", ""  64.425""], ["" 129.753"", "" 125.296"", ""  63.967""], ["" 130.922"", "" 127.211"", ""  63.615""], ["" 131.820"", "" 126.924"", ""  65.899""], ["" 129.136"", "" 125.516"", ""  63.198""], ["" 129.719"", "" 124.385"", ""  64.402""], ["" 131.772"", "" 127.735"", ""  63.765""], ["" 130.313"", "" 127.444"", ""  62.844""]]",[],RR29_Rahimova_2017
134,7915,RR29_Rahimova_2017-again1,receptor_tmp,1,16,-6.4,-0.29090909090909095,0.0,0.0,10,185.51,-7.59,-7.28,-0.31,-7.59,0.0,-0.35,1.19,-0.35,33,15,0.0,0.0,0.0,9.204065,5.083098,6.460158,0.62446025,-0.40403184,0.66843673,95.691513,"171.15625, 13.451989, 174.500443, 259.007355, ","[["" 129.725"", "" 121.797"", ""  59.995""], ["" 128.703"", "" 122.426"", ""  60.930""], ["" 127.477"", "" 122.515"", ""  60.551""], ["" 129.299"", "" 122.874"", ""  62.278""], ["" 129.767"", "" 124.344"", ""  62.229""], ["" 130.710"", "" 124.686"", ""  63.373""], ["" 132.072"", "" 124.353"", ""  63.283""], ["" 130.216"", "" 125.337"", ""  64.520""], ["" 132.895"", "" 124.695"", ""  64.351""], ["" 131.066"", "" 125.660"", ""  65.587""], ["" 134.223"", "" 124.459"", ""  64.513""], ["" 132.410"", "" 125.324"", ""  65.463""], ["" 134.593"", "" 125.157"", ""  65.671""], ["" 133.418"", "" 125.502"", ""  66.356""], ["" 126.634"", "" 123.030"", ""  61.387""], ["" 125.701"", "" 123.768"", ""  60.906""], ["" 125.466"", "" 124.107"", ""  59.544""], ["" 124.735"", "" 124.367"", ""  61.743""], ["" 126.062"", "" 123.774"", ""  58.799""], ["" 124.704"", "" 124.701"", ""  59.257""], ["" 124.743"", "" 124.243"", ""  62.745""], ["" 123.997"", "" 124.953"", ""  61.385""]]",[],RR29_Rahimova_2017-again1
135,1431,RR2_Rahimova_2017,receptor_tmp,1,4,-9.88,-0.2016326530612245,0.0,0.0,1,187.9,-13.46,-12.87,-0.58,-13.46,0.0,-4.12,3.58,-4.12,61,8,0.0,0.0,0.0,13.402325,7.583776,10.871231,0.19871058,0.97711793,0.0758595,245.242386,"90.964401, 150.335129, 288.108398, 94.469048, 36.061539, 105.67141, 307.956085, 162.30249, 149.175201, 99.978165, 125.829102, 304.591034, ","[["" 128.259"", "" 127.077"", ""  69.509""], ["" 129.136"", "" 126.119"", ""  68.310""], ["" 130.120"", "" 125.423"", ""  66.499""], ["" 130.375"", "" 124.553"", ""  67.447""], ["" 129.335"", "" 126.456"", ""  66.984""], ["" 129.731"", "" 124.989"", ""  68.597""], ["" 130.631"", "" 125.288"", ""  65.101""], ["" 131.579"", "" 125.018"", ""  62.483""], ["" 130.978"", "" 123.932"", ""  63.129""], ["" 131.707"", "" 126.234"", ""  63.154""], ["" 130.499"", "" 124.070"", ""  64.428""], ["" 131.234"", "" 126.371"", ""  64.456""], ["" 132.089"", "" 124.933"", ""  61.179""], ["" 131.800"", "" 125.638"", ""  60.515""], ["" 133.174"", "" 123.650"", ""  60.597""], ["" 134.197"", "" 123.485"", ""  61.635""], ["" 133.549"", "" 123.964"", ""  59.213""], ["" 132.182"", "" 122.159"", ""  60.608""], ["" 130.610"", "" 119.863"", ""  60.597""], ["" 132.001"", "" 119.754"", ""  60.643""], ["" 130.006"", "" 121.121"", ""  60.550""], ["" 132.789"", "" 120.901"", ""  60.651""], ["" 130.792"", "" 122.269"", ""  60.557""], ["" 129.753"", "" 118.610"", ""  60.574""], ["" 128.879"", "" 127.604"", ""  66.304""], ["" 129.073"", "" 128.868"", ""  66.864""], ["" 128.240"", "" 127.470"", ""  65.069""], ["" 128.626"", "" 129.998"", ""  66.185""], ["" 127.792"", "" 128.603"", ""  64.396""], ["" 127.984"", "" 129.878"", ""  64.952""], ["" 127.574"", "" 131.056"", ""  64.356""], ["" 126.352"", "" 131.077"", ""  63.626""], ["" 129.565"", "" 127.319"", ""  70.768""], ["" 129.505"", "" 126.353"", ""  71.960""], ["" 129.298"", "" 125.058"", ""  71.648""], ["" 129.660"", "" 126.787"", ""  73.105""], ["" 129.414"", "" 124.684"", ""  70.716""], ["" 129.469"", "" 124.105"", ""  72.647""], ["" 130.059"", "" 122.933"", ""  72.317""], ["" 130.397"", "" 122.630"", ""  71.168""], ["" 129.613"", "" 124.533"", ""  73.550""], ["" 130.312"", "" 121.975"", ""  73.465""], ["" 130.281"", "" 122.448"", ""  74.784""], ["" 130.582"", "" 120.615"", ""  73.245""], ["" 130.505"", "" 121.586"", ""  75.854""], ["" 130.806"", "" 119.755"", ""  74.317""], ["" 130.767"", "" 120.228"", ""  75.627""], ["" 130.997"", "" 119.300"", ""  76.625""], ["" 130.888"", "" 117.913"", ""  76.322""]]",[],RR2_Rahimova_2017
136,1783,RR30_Rahimova_2017,receptor_tmp,1,2,-6.3,-0.33157894736842103,0.0,0.0,4,188.7,-7.79,-7.49,-0.31,-7.79,0.0,-1.09,1.49,-1.09,27,9,0.0,0.0,0.0,10.604127,7.286577,8.169308,-0.80262339,0.01674473,-0.59625104,178.295975,"132.540771, 118.478836, 302.09729, 16.310308, 228.638626, ","[["" 130.175"", "" 125.193"", ""  65.243""], ["" 130.091"", "" 123.836"", ""  64.540""], ["" 130.475"", "" 122.826"", ""  65.133""], ["" 129.619"", "" 123.855"", ""  63.273""], ["" 129.362"", "" 124.749"", ""  62.882""], ["" 129.455"", "" 122.759"", ""  62.439""], ["" 128.448"", "" 122.489"", ""  61.639""], ["" 130.712"", "" 121.562"", ""  62.407""], ["" 128.626"", "" 121.295"", ""  60.951""], ["" 129.755"", "" 120.690"", ""  61.240""], ["" 130.171"", "" 119.375"", ""  60.623""], ["" 131.864"", "" 125.571"", ""  65.809""], ["" 132.781"", "" 125.043"", ""  64.398""], ["" 134.039"", "" 124.684"", ""  64.353""], ["" 132.177"", "" 125.003"", ""  63.183""], ["" 134.301"", "" 124.368"", ""  63.022""], ["" 133.181"", "" 124.575"", ""  62.376""], ["" 132.901"", "" 124.381"", ""  60.902""], ["" 133.107"", "" 122.925"", ""  60.457""]]",[],RR30_Rahimova_2017
137,8048,RR31_Rahimova_2017,receptor_tmp,1,1,-5.84,-0.27809523809523806,0.0,0.0,3,192.23,-7.33,-5.68,-1.65,-7.33,0.0,-0.91,1.49,-0.91,47,7,0.0,0.0,0.0,10.933091,14.393742,1.966126,0.42202923,-0.82012288,0.38638036,331.667084,"163.856613, 62.72213, 228.055893, 252.259094, 180.914978, ","[["" 132.797"", "" 130.680"", ""  58.068""], ["" 131.458"", "" 130.857"", ""  58.639""], ["" 128.508"", "" 131.077"", ""  58.616""], ["" 129.402"", "" 132.239"", ""  58.781""], ["" 129.226"", "" 129.830"", ""  58.949""], ["" 130.795"", "" 132.061"", ""  58.132""], ["" 130.618"", "" 129.713"", ""  58.287""], ["" 127.129"", "" 131.169"", ""  58.816""], ["" 125.224"", "" 132.225"", ""  59.934""], ["" 124.342"", "" 131.363"", ""  59.264""], ["" 126.601"", "" 132.117"", ""  59.705""], ["" 124.855"", "" 130.410"", ""  58.383""], ["" 126.228"", "" 130.311"", ""  58.165""], ["" 124.714"", "" 133.273"", ""  60.915""], ["" 122.836"", "" 131.445"", ""  59.475""], ["" 133.875"", "" 130.400"", ""  59.135""], ["" 133.378"", "" 130.699"", ""  60.558""], ["" 132.372"", "" 129.628"", ""  60.998""], ["" 132.735"", "" 128.707"", ""  60.795""], ["" 131.498"", "" 129.749"", ""  60.506""], ["" 132.200"", "" 129.697"", ""  61.990""]]",[],RR31_Rahimova_2017
138,7998,RR32_Rahimova_2017,receptor_tmp,6,12,-5.71,-0.31722222222222224,0.0,0.0,17,192.31,-6.01,-5.98,-0.03,-6.01,0.0,-0.31,0.3,-0.31,47,0,0.0,0.0,0.0,9.226197,15.003788,2.905503,0.96312655,-0.26722791,-0.03124897,204.451431,"150.160507, ","[["" 127.984"", "" 135.822"", ""  61.750""], ["" 127.838"", "" 134.442"", ""  61.116""], ["" 128.997"", "" 133.712"", ""  60.850""], ["" 128.902"", "" 132.448"", ""  60.276""], ["" 127.712"", "" 131.879"", ""  59.951""], ["" 126.564"", "" 132.568"", ""  60.195""], ["" 125.338"", "" 131.951"", ""  59.844""], ["" 124.134"", "" 132.608"", ""  60.070""], ["" 124.118"", "" 133.874"", ""  60.642""], ["" 125.305"", "" 134.508"", ""  60.999""], ["" 126.563"", "" 133.873"", ""  60.785""], ["" 130.054"", "" 131.727"", ""  60.014""], ["" 130.621"", "" 131.829"", ""  58.657""], ["" 131.149"", "" 131.831"", ""  60.998""], ["" 131.795"", "" 130.852"", ""  58.411""], ["" 132.317"", "" 130.857"", ""  60.718""], ["" 132.862"", "" 131.089"", ""  59.382""], ["" 133.982"", "" 130.189"", ""  59.130""]]",[],RR32_Rahimova_2017
139,1543,RR32_Rahimova_2017-again1,receptor_tmp,1,3,-6.35,-0.33421052631578946,0.0,0.0,15,189.17,-6.64,-5.21,-1.44,-6.64,0.0,-0.41,0.3,-0.41,26,2,0.0,0.0,0.0,12.338267,6.744172,4.557695,-0.41260382,-0.0537816,-0.90932152,272.367065,"55.824619, ","[["" 133.494"", "" 122.514"", ""  58.592""], ["" 132.821"", "" 122.750"", ""  59.936""], ["" 133.039"", "" 123.938"", ""  60.633""], ["" 132.415"", "" 124.155"", ""  61.867""], ["" 131.610"", "" 123.211"", ""  62.428""], ["" 131.376"", "" 122.043"", ""  61.771""], ["" 130.521"", "" 121.092"", ""  62.377""], ["" 130.252"", "" 119.885"", ""  61.739""], ["" 130.819"", "" 119.598"", ""  60.501""], ["" 131.666"", "" 120.513"", ""  59.880""], ["" 131.964"", "" 121.758"", ""  60.501""], ["" 132.627"", "" 125.334"", ""  62.588""], ["" 131.635"", "" 126.427"", ""  62.540""], ["" 133.225"", "" 125.346"", ""  63.940""], ["" 130.507"", "" 126.252"", ""  63.584""], ["" 132.186"", "" 125.128"", ""  65.066""], ["" 131.136"", "" 126.255"", ""  64.991""], ["" 130.056"", "" 126.067"", ""  66.074""], ["" 131.605"", "" 127.139"", ""  65.131""]]",[],RR32_Rahimova_2017-again1
140,8302,RR32_Rahimova_2017-again2,receptor_tmp,1,4,-6.69,-0.3345,0.0,0.0,9,189.98,-6.99,-4.7,-2.29,-6.99,0.0,0.24,0.3,0.24,28,2,0.0,0.0,0.0,13.507646,6.388705,4.896834,0.51687063,0.09179953,0.85112725,110.603149,"250.571854, ","[["" 133.502"", "" 122.531"", ""  58.556""], ["" 132.835"", "" 122.781"", ""  59.902""], ["" 133.058"", "" 123.981"", ""  60.584""], ["" 132.458"", "" 124.227"", ""  61.826""], ["" 131.653"", "" 123.274"", ""  62.337""], ["" 131.374"", "" 122.066"", ""  61.739""], ["" 130.514"", "" 121.135"", ""  62.364""], ["" 130.251"", "" 119.924"", ""  61.728""], ["" 130.827"", "" 119.631"", ""  60.494""], ["" 131.677"", "" 120.541"", ""  59.866""], ["" 131.977"", "" 121.792"", ""  60.476""], ["" 131.216"", "" 123.465"", ""  63.226""], ["" 132.644"", "" 125.452"", ""  62.562""], ["" 131.631"", "" 126.540"", ""  62.500""], ["" 133.277"", "" 125.490"", ""  63.905""], ["" 130.501"", "" 126.298"", ""  63.536""], ["" 132.237"", "" 125.187"", ""  65.016""], ["" 131.108"", "" 126.243"", ""  64.958""], ["" 130.021"", "" 125.947"", ""  66.010""], ["" 131.520"", "" 127.145"", ""  65.153""]]",[],RR32_Rahimova_2017-again2
141,1381,RR33_Rahimova_2017,receptor_tmp,1,4,-5.31,-0.2794736842105263,0.0,0.0,4,190.9,-6.8,-6.28,-0.52,-6.8,0.0,-0.5,1.49,-0.5,19,6,0.0,0.0,0.0,9.861181,10.660977,11.847703,-0.69890295,0.48870198,0.52221169,138.526108,"283.396088, 103.099236, 48.587269, 246.837616, 246.399628, ","[["" 128.917"", "" 128.659"", ""  72.594""], ["" 127.859"", "" 128.105"", ""  71.873""], ["" 128.023"", "" 127.744"", ""  70.539""], ["" 129.253"", "" 127.934"", ""  69.902""], ["" 130.315"", "" 128.494"", ""  70.619""], ["" 130.152"", "" 128.854"", ""  71.955""], ["" 128.661"", "" 128.982"", ""  73.912""], ["" 127.929"", "" 130.166"", ""  74.213""], ["" 126.506"", "" 129.774"", ""  74.622""], ["" 129.428"", "" 127.546"", ""  68.469""], ["" 130.182"", "" 126.585"", ""  67.984""], ["" 128.750"", "" 128.239"", ""  67.517""], ["" 130.006"", "" 126.630"", ""  66.673""], ["" 129.119"", "" 127.651"", ""  66.356""], ["" 128.521"", "" 128.197"", ""  65.082""], ["" 130.712"", "" 125.651"", ""  65.759""], ["" 132.017"", "" 125.296"", ""  66.298""], ["" 133.052"", "" 125.471"", ""  65.292""], ["" 132.005"", "" 124.329"", ""  66.590""]]",[],RR33_Rahimova_2017
142,1612,RR33_Rahimova_2017-again1,receptor_tmp,1,3,-5.69,-0.28450000000000003,0.0,0.0,7,186.72,-7.18,-5.61,-1.57,-7.18,0.0,-1.11,1.49,-1.11,26,7,0.0,0.0,0.0,10.552158,7.175757,4.300038,-0.32364984,-0.02145547,0.94593364,183.536224,"343.183838, 51.056389, 76.11171, 47.125416, 308.774414, ","[["" 132.915"", "" 124.363"", ""  63.605""], ["" 132.545"", "" 123.092"", ""  63.162""], ["" 131.474"", "" 122.929"", ""  62.289""], ["" 130.753"", "" 124.041"", ""  61.841""], ["" 131.121"", "" 125.317"", ""  62.282""], ["" 132.192"", "" 125.479"", ""  63.157""], ["" 133.990"", "" 124.426"", ""  64.471""], ["" 133.867"", "" 125.158"", ""  65.686""], ["" 135.010"", "" 124.756"", ""  66.622""], ["" 129.601"", "" 123.870"", ""  60.904""], ["" 128.372"", "" 124.312"", ""  61.054""], ["" 129.794"", "" 123.182"", ""  59.750""], ["" 127.721"", "" 123.917"", ""  59.970""], ["" 128.584"", "" 123.206"", ""  59.144""], ["" 128.465"", "" 122.509"", ""  57.811""], ["" 126.250"", "" 124.232"", ""  59.780""], ["" 125.649"", "" 124.663"", ""  61.129""], ["" 124.769"", "" 123.587"", ""  61.781""], ["" 126.401"", "" 124.899"", ""  61.760""], ["" 125.094"", "" 125.494"", ""  60.983""]]",[],RR33_Rahimova_2017-again1
143,8022,RR3_Rahimova_2017,receptor_tmp,3,14,-10.06,-0.2515,0.0,0.0,19,187.34,-11.55,-11.3,-0.25,-11.55,0.0,-1.7,1.49,-1.7,52,4,0.0,0.0,0.0,9.882365,10.621101,13.972142,0.69466881,-0.70464658,0.14459751,217.962036,"247.486298, 48.874424, 53.075752, 19.124529, 139.80249, ","[["" 129.503"", "" 127.353"", ""  71.971""], ["" 129.118"", "" 126.785"", ""  70.744""], ["" 129.379"", "" 125.450"", ""  70.914""], ["" 129.917"", "" 125.285"", ""  72.161""], ["" 129.994"", "" 126.432"", ""  72.793""], ["" 129.228"", "" 124.722"", ""  70.230""], ["" 129.406"", "" 128.778"", ""  72.415""], ["" 129.214"", "" 131.461"", ""  73.254""], ["" 130.390"", "" 130.975"", ""  72.668""], ["" 128.140"", "" 130.578"", ""  73.420""], ["" 130.488"", "" 129.648"", ""  72.256""], ["" 128.235"", "" 129.250"", ""  73.010""], ["" 129.107"", "" 132.889"", ""  73.693""], ["" 129.733"", "" 133.913"", ""  72.966""], ["" 128.379"", "" 133.233"", ""  74.841""], ["" 129.633"", "" 135.240"", ""  73.373""], ["" 128.276"", "" 134.560"", ""  75.250""], ["" 128.905"", "" 135.559"", ""  74.514""], ["" 128.578"", "" 127.350"", ""  69.471""], ["" 129.255"", "" 128.381"", ""  68.820""], ["" 127.398"", "" 126.848"", ""  68.918""], ["" 128.749"", "" 128.918"", ""  67.641""], ["" 126.894"", "" 127.388"", ""  67.738""], ["" 127.556"", "" 128.436"", ""  67.083""], ["" 127.003"", "" 129.029"", ""  65.826""], ["" 125.646"", "" 128.886"", ""  65.498""], ["" 127.830"", "" 129.748"", ""  64.949""], ["" 125.131"", "" 129.442"", ""  64.329""], ["" 127.318"", "" 130.307"", ""  63.781""], ["" 125.970"", "" 130.151"", ""  63.475""], ["" 130.348"", "" 123.998"", ""  72.698""], ["" 131.468"", "" 123.782"", ""  73.484""], ["" 129.724"", "" 122.705"", ""  72.539""], ["" 131.564"", "" 122.455"", ""  73.816""], ["" 130.516"", "" 121.756"", ""  73.259""], ["" 128.577"", "" 122.241"", ""  71.868""], ["" 130.192"", "" 120.396"", ""  73.317""], ["" 128.256"", "" 120.886"", ""  71.926""], ["" 129.046"", "" 119.988"", ""  72.636""], ["" 132.312"", "" 122.093"", ""  74.388""]]",[],RR3_Rahimova_2017
144,8561,RR4_Rahimova_2017,receptor_tmp,1,17,-9.85,-0.24024390243902438,0.0,0.0,2,186.42,-12.24,-11.58,-0.66,-12.24,0.0,-2.38,2.39,-2.38,47,9,0.0,0.0,0.0,9.301485,7.885378,9.549057,-0.79067986,0.29186611,0.53818169,251.040482,"157.275772, 157.875031, 120.168541, 89.30854, 43.609276, 251.006073, 5.110281, 134.961044, ","[["" 128.454"", "" 128.387"", ""  66.222""], ["" 128.394"", "" 128.672"", ""  67.592""], ["" 129.149"", "" 127.933"", ""  68.508""], ["" 129.935"", "" 126.908"", ""  68.089""], ["" 129.986"", "" 126.591"", ""  66.774""], ["" 129.273"", "" 127.315"", ""  65.791""], ["" 129.374"", "" 126.974"", ""  64.369""], ["" 129.452"", "" 126.705"", ""  63.246""], ["" 127.642"", "" 129.238"", ""  65.301""], ["" 126.138"", "" 130.831"", ""  63.540""], ["" 127.493"", "" 131.089"", ""  63.745""], ["" 125.534"", "" 129.764"", ""  64.223""], ["" 128.240"", "" 130.298"", ""  64.614""], ["" 126.284"", "" 128.975"", ""  65.092""], ["" 125.478"", "" 131.667"", ""  62.660""], ["" 126.008"", "" 132.963"", ""  62.403""], ["" 129.125"", "" 128.200"", ""  69.986""], ["" 127.970"", "" 127.956"", ""  70.744""], ["" 130.252"", "" 128.706"", ""  70.653""], ["" 127.945"", "" 128.202"", ""  72.114""], ["" 130.230"", "" 128.952"", ""  72.022""], ["" 129.070"", "" 128.700"", ""  72.767""], ["" 128.953"", "" 128.915"", ""  74.127""], ["" 127.963"", "" 129.819"", ""  74.605""], ["" 131.051"", "" 125.210"", ""  66.417""], ["" 132.657"", "" 125.874"", ""  65.864""], ["" 133.173"", "" 125.279"", ""  64.547""], ["" 132.284"", "" 125.305"", ""  63.527""], ["" 134.321"", "" 124.835"", ""  64.467""], ["" 131.377"", "" 125.698"", ""  63.728""], ["" 132.449"", "" 124.843"", ""  62.218""], ["" 132.007"", "" 125.491"", ""  61.055""], ["" 133.249"", "" 123.341"", ""  61.837""], ["" 131.289"", "" 126.762"", ""  61.060""], ["" 132.337"", "" 124.786"", ""  59.872""], ["" 133.009"", "" 123.582"", ""  60.134""], ["" 130.721"", "" 127.770"", ""  61.063""], ["" 131.972"", "" 125.208"", ""  58.444""], ["" 133.427"", "" 122.556"", ""  59.089""], ["" 132.071"", "" 124.005"", ""  57.478""], ["" 133.365"", "" 123.198"", ""  57.687""]]",[],RR4_Rahimova_2017
145,1514,RR5_Rahimova_2017,receptor_tmp,1,10,-9.86,-0.20541666666666666,0.0,0.0,2,183.94,-13.44,-12.78,-0.66,-13.44,0.0,-4.59,3.58,-4.59,68,6,0.0,0.0,0.0,10.553764,8.201898,2.866439,0.11744664,0.62738124,0.76980456,170.651245,"200.139191, 64.522415, 135.030396, 90.647484, 104.325836, 7.885258, 99.578827, 80.555557, 150.998611, 9.647299, 250.70433, 149.627686, ","[["" 126.462"", "" 124.355"", ""  60.439""], ["" 126.900"", "" 123.697"", ""  59.082""], ["" 128.331"", "" 123.128"", ""  59.094""], ["" 128.757"", "" 122.528"", ""  58.108""], ["" 129.021"", "" 123.312"", ""  60.243""], ["" 128.556"", "" 123.910"", ""  60.910""], ["" 130.397"", "" 122.936"", ""  60.686""], ["" 130.301"", "" 121.375"", ""  60.763""], ["" 129.079"", "" 120.727"", ""  61.009""], ["" 131.447"", "" 120.577"", ""  60.581""], ["" 129.005"", "" 119.338"", ""  61.073""], ["" 131.377"", "" 119.189"", ""  60.655""], ["" 130.154"", "" 118.574"", ""  60.902""], ["" 131.393"", "" 123.425"", ""  59.583""], ["" 132.734"", "" 123.008"", ""  59.561""], ["" 130.956"", "" 124.313"", ""  58.584""], ["" 133.608"", "" 123.471"", ""  58.581""], ["" 131.830"", "" 124.783"", ""  57.609""], ["" 133.154"", "" 124.358"", ""  57.611""], ["" 130.598"", "" 123.603"", ""  62.089""], ["" 131.343"", "" 124.788"", ""  62.227""], ["" 130.033"", "" 123.047"", ""  63.252""], ["" 131.532"", "" 125.381"", ""  63.473""], ["" 130.220"", "" 123.637"", ""  64.499""], ["" 130.973"", "" 124.800"", ""  64.605""], ["" 127.411"", "" 125.346"", ""  60.986""], ["" 127.557"", "" 126.604"", ""  60.419""], ["" 126.919"", "" 127.061"", ""  59.467""], ["" 128.081"", "" 125.036"", ""  61.674""], ["" 128.533"", "" 127.254"", ""  61.075""], ["" 128.809"", "" 126.991"", ""  62.448""], ["" 128.434"", "" 128.205"", ""  63.326""], ["" 127.065"", "" 128.783"", ""  63.013""], ["" 128.301"", "" 127.880"", ""  64.801""], ["" 126.567"", "" 129.288"", ""  61.809""], ["" 126.248"", "" 128.751"", ""  64.144""], ["" 127.021"", "" 128.189"", ""  65.262""], ["" 129.245"", "" 127.349"", ""  65.683""], ["" 125.253"", "" 129.754"", ""  61.741""], ["" 124.933"", "" 129.217"", ""  64.078""], ["" 126.674"", "" 127.958"", ""  66.595""], ["" 128.905"", "" 127.121"", ""  67.017""], ["" 124.437"", "" 129.718"", ""  62.873""], ["" 127.620"", "" 127.425"", ""  67.472""], ["" 126.167"", "" 123.272"", ""  61.505""], ["" 125.062"", "" 122.838"", ""  61.764""], ["" 127.335"", "" 122.870"", ""  62.088""], ["" 127.708"", "" 123.546"", ""  62.657""]]",[],RR5_Rahimova_2017
146,8063,RR5_Rahimova_2017-again1,receptor_tmp,1,2,-8.7,-0.1851063829787234,0.0,0.0,1,188.81,-11.99,-12.13,0.14,-11.99,0.0,-3.5,3.28,-3.5,57,8,0.0,0.0,0.0,10.355764,8.479264,6.095155,0.52696767,0.62998834,0.57045575,210.883484,"310.648529, 166.928925, 185.295654, 337.21347, 83.791603, 49.415028, 245.634216, 304.014313, 68.55529, 127.434074, 255.507782, ","[["" 130.759"", "" 125.151"", ""  63.748""], ["" 131.749"", "" 126.174"", ""  63.102""], ["" 131.249"", "" 126.927"", ""  61.852""], ["" 131.243"", "" 126.340"", ""  60.770""], ["" 130.956"", "" 128.239"", ""  61.976""], ["" 130.933"", "" 128.599"", ""  62.919""], ["" 130.477"", "" 129.202"", ""  60.952""], ["" 129.854"", "" 130.456"", ""  61.645""], ["" 129.797"", "" 131.694"", ""  60.981""], ["" 129.317"", "" 130.373"", ""  62.942""], ["" 129.232"", "" 132.810"", ""  61.591""], ["" 128.750"", "" 131.488"", ""  63.554""], ["" 128.710"", "" 132.702"", ""  62.876""], ["" 131.587"", "" 129.804"", ""  60.032""], ["" 132.893"", "" 130.002"", ""  60.512""], ["" 131.312"", "" 130.148"", ""  58.698""], ["" 133.884"", "" 130.539"", ""  59.696""], ["" 132.301"", "" 130.685"", ""  57.878""], ["" 133.583"", "" 130.881"", ""  58.381""], ["" 129.380"", "" 128.407"", ""  60.161""], ["" 128.041"", "" 128.374"", ""  60.586""], ["" 129.711"", "" 127.748"", ""  58.964""], ["" 127.076"", "" 127.680"", ""  59.863""], ["" 128.747"", "" 127.053"", ""  58.238""], ["" 127.434"", "" 127.017"", ""  58.694""], ["" 130.358"", "" 125.642"", ""  65.084""], ["" 131.231"", "" 125.610"", ""  66.166""], ["" 132.385"", "" 125.172"", ""  66.165""], ["" 129.449"", "" 126.069"", ""  65.189""], ["" 130.611"", "" 126.142"", ""  67.236""], ["" 130.994"", "" 127.415"", ""  67.745""], ["" 129.749"", "" 128.297"", ""  67.957""], ["" 128.716"", "" 128.163"", ""  66.852""], ["" 128.947"", "" 127.896"", ""  69.179""], ["" 128.837"", "" 128.416"", ""  65.483""], ["" 127.500"", "" 127.713"", ""  67.367""], ["" 127.643"", "" 127.547"", ""  68.822""], ["" 129.338"", "" 127.839"", ""  70.520""], ["" 127.747"", "" 128.207"", ""  64.636""], ["" 126.407"", "" 127.504"", ""  66.523""], ["" 126.730"", "" 127.135"", ""  69.794""], ["" 128.426"", "" 127.429"", ""  71.495""], ["" 126.533"", "" 127.752"", ""  65.156""], ["" 127.125"", "" 127.077"", ""  71.132""], ["" 131.371"", "" 123.694"", ""  63.816""], ["" 130.789"", "" 122.925"", ""  64.617""], ["" 132.333"", "" 123.448"", ""  63.049""]]",[],RR5_Rahimova_2017-again1
147,8131,RR6_Rahimova_2017,receptor_tmp,1,12,-8.81,-0.2258974358974359,0.0,0.0,6,189.43,-11.5,-10.94,-0.55,-11.5,0.0,-2.48,2.68,-2.48,42,5,0.0,0.0,0.0,7.864751,10.183103,4.165514,0.68929147,-0.48976543,0.53386056,46.636196,"142.488266, 318.81076, 119.479546, 147.378799, 262.181, 225.927063, 74.664833, 289.410126, 61.94659, ","[["" 130.900"", "" 127.811"", ""  62.157""], ["" 130.189"", "" 126.450"", ""  63.143""], ["" 129.183"", "" 127.202"", ""  64.405""], ["" 127.247"", "" 128.466"", ""  64.801""], ["" 127.468"", "" 128.401"", ""  66.181""], ["" 128.106"", "" 127.874"", ""  63.933""], ["" 128.578"", "" 127.715"", ""  66.694""], ["" 129.470"", "" 127.100"", ""  65.782""], ["" 130.665"", "" 126.391"", ""  66.250""], ["" 131.608"", "" 125.831"", ""  66.619""], ["" 126.047"", "" 129.137"", ""  64.200""], ["" 123.806"", "" 130.414"", ""  63.080""], ["" 124.879"", "" 130.048"", ""  62.270""], ["" 123.845"", "" 130.147"", ""  64.447""], ["" 125.987"", "" 129.413"", ""  62.825""], ["" 124.954"", "" 129.512"", ""  64.996""], ["" 122.604"", "" 131.114"", ""  62.472""], ["" 128.742"", "" 127.669"", ""  68.178""], ["" 127.763"", "" 127.069"", ""  68.975""], ["" 129.883"", "" 128.197"", ""  68.790""], ["" 127.916"", "" 127.008"", ""  70.358""], ["" 130.039"", "" 128.138"", ""  70.172""], ["" 129.051"", "" 127.539"", ""  70.969""], ["" 129.118"", "" 127.431"", ""  72.345""], ["" 130.358"", "" 127.085"", ""  72.953""], ["" 129.875"", "" 128.871"", ""  61.742""], ["" 130.274"", "" 130.154"", ""  61.882""], ["" 128.762"", "" 128.507"", ""  61.362""], ["" 131.188"", "" 130.294"", ""  62.285""], ["" 129.554"", "" 131.342"", ""  61.654""], ["" 129.428"", "" 131.975"", ""  60.408""], ["" 128.926"", "" 131.896"", ""  62.770""], ["" 128.665"", "" 133.134"", ""  60.287""], ["" 128.162"", "" 133.053"", ""  62.647""], ["" 128.019"", "" 133.684"", ""  61.404""], ["" 127.183"", "" 134.928"", ""  61.308""], ["" 127.558"", "" 136.031"", ""  61.719""], ["" 125.975"", "" 134.719"", ""  60.724""], ["" 125.162"", "" 133.617"", ""  61.101""]]",[],RR6_Rahimova_2017
148,8086,RR7_Rahimova_2017,receptor_tmp,1,17,-9.65,-0.19693877551020408,0.0,0.0,2,190.54,-12.93,-12.55,-0.39,-12.93,0.0,-2.5,3.28,-2.5,81,10,0.0,0.0,0.0,9.31419,7.616499,7.003404,0.65395026,0.75599517,-0.02864198,151.802658,"205.452042, 247.218597, 346.862701, 96.158936, 255.617096, 332.431335, 200.82489, 244.092285, 294.529633, 133.813934, 326.719177, ","[["" 128.626"", "" 127.253"", ""  65.084""], ["" 129.931"", "" 126.943"", ""  65.834""], ["" 130.132"", "" 125.467"", ""  66.205""], ["" 129.551"", "" 125.368"", ""  67.605""], ["" 129.960"", "" 126.726"", ""  68.165""], ["" 129.854"", "" 127.614"", ""  67.090""], ["" 131.495"", "" 125.080"", ""  66.166""], ["" 131.624"", "" 124.353"", ""  66.781""], ["" 129.160"", "" 127.195"", ""  69.280""], ["" 129.590"", "" 127.938"", ""  70.369""], ["" 127.788"", "" 127.112"", ""  69.439""], ["" 130.824"", "" 128.350"", ""  70.686""], ["" 128.423"", "" 128.192"", ""  71.135""], ["" 127.316"", "" 127.661"", ""  70.531""], ["" 130.870"", "" 129.047"", ""  71.853""], ["" 128.588"", "" 128.922"", ""  72.328""], ["" 129.837"", "" 129.350"", ""  72.682""], ["" 127.453"", "" 129.190"", ""  73.118""], ["" 127.390"", "" 129.632"", ""  74.396""], ["" 128.375"", "" 129.860"", ""  75.102""], ["" 126.572"", "" 129.021"", ""  72.655""], ["" 125.996"", "" 129.811"", ""  74.959""], ["" 125.028"", "" 128.818"", ""  74.744""], ["" 125.648"", "" 130.948"", ""  75.707""], ["" 123.742"", "" 128.960"", ""  75.257""], ["" 124.361"", "" 131.089"", ""  76.221""], ["" 123.414"", "" 130.094"", ""  75.993""], ["" 128.673"", "" 128.601"", ""  64.604""], ["" 127.851"", "" 129.000"", ""  63.484""], ["" 127.836"", "" 127.811"", ""  62.486""], ["" 126.625"", "" 127.370"", ""  61.928""], ["" 129.022"", "" 127.144"", ""  62.135""], ["" 126.599"", "" 126.296"", ""  61.044""], ["" 128.996"", "" 126.071"", ""  61.250""], ["" 127.785"", "" 125.651"", ""  60.708""], ["" 126.435"", "" 129.305"", ""  64.065""], ["" 126.053"", "" 128.877"", ""  65.345""], ["" 125.488"", "" 129.975"", ""  63.277""], ["" 124.775"", "" 129.135"", ""  65.829""], ["" 124.209"", "" 130.233"", ""  63.761""], ["" 123.842"", "" 129.815"", ""  65.048""], ["" 122.597"", "" 130.021"", ""  65.610""], ["" 122.463"", "" 129.988"", ""  67.028""], ["" 128.538"", "" 130.172"", ""  62.727""], ["" 128.720"", "" 130.109"", ""  61.336""], ["" 129.018"", "" 131.297"", ""  63.417""], ["" 129.343"", "" 131.148"", ""  60.652""], ["" 129.641"", "" 132.338"", ""  62.734""], ["" 129.799"", "" 132.260"", ""  61.353""]]",[],RR7_Rahimova_2017
149,8459,RR8_A_Rahimova_2017,receptor_tmp,1,17,-9.13,-0.2173809523809524,0.0,0.0,2,190.02,-13.3,-12.84,-0.46,-13.3,0.0,-3.35,4.18,-3.35,47,4,0.0,0.0,0.0,9.319425,11.440942,8.659069,0.02772809,-0.3685785,-0.929183,171.477524,"217.485992, 118.523964, 59.280087, 23.657759, 65.89048, 45.732224, 65.290573, 255.167847, 20.256193, 133.504517, 105.508102, 321.161346, 48.862736, 139.271835, ","[["" 128.370"", "" 127.981"", ""  66.131""], ["" 128.935"", "" 128.460"", ""  64.801""], ["" 127.647"", "" 128.903"", ""  64.130""], ["" 126.854"", "" 129.544"", ""  65.277""], ["" 127.364"", "" 128.901"", ""  66.442""], ["" 129.394"", "" 127.993"", ""  67.087""], ["" 129.378"", "" 127.013"", ""  68.043""], ["" 129.409"", "" 125.802"", ""  67.803""], ["" 129.308"", "" 127.567"", ""  69.437""], ["" 128.198"", "" 127.345"", ""  70.268""], ["" 130.374"", "" 128.332"", ""  69.927""], ["" 128.162"", "" 127.873"", ""  71.556""], ["" 130.335"", "" 128.859"", ""  71.214""], ["" 129.230"", "" 128.636"", ""  72.045""], ["" 129.191"", "" 129.197"", ""  73.418""], ["" 128.621"", "" 128.559"", ""  74.298""], ["" 129.730"", "" 130.280"", ""  73.626""], ["" 129.567"", "" 127.431"", ""  64.044""], ["" 129.742"", "" 126.189"", ""  64.717""], ["" 131.218"", "" 125.820"", ""  64.747""], ["" 131.930"", "" 125.863"", ""  65.950""], ["" 131.858"", "" 125.417"", ""  63.571""], ["" 133.278"", "" 125.515"", ""  65.974""], ["" 133.207"", "" 125.069"", ""  63.596""], ["" 133.910"", "" 125.120"", ""  64.797""], ["" 128.000"", "" 129.829"", ""  63.106""], ["" 128.778"", "" 130.945"", ""  63.524""], ["" 128.428"", "" 132.166"", ""  62.685""], ["" 127.810"", "" 133.267"", ""  63.287""], ["" 128.702"", "" 132.184"", ""  61.313""], ["" 127.479"", "" 134.383"", ""  62.525""], ["" 128.371"", "" 133.302"", ""  60.551""], ["" 127.762"", "" 134.396"", ""  61.160""], ["" 125.331"", "" 129.332"", ""  65.227""], ["" 124.887"", "" 129.509"", ""  63.889""], ["" 123.797"", "" 130.412"", ""  63.756""], ["" 124.011"", "" 131.303"", ""  62.542""], ["" 124.137"", "" 132.685"", ""  62.705""], ["" 124.099"", "" 130.741"", ""  61.263""], ["" 124.339"", "" 133.503"", ""  61.596""], ["" 124.300"", "" 131.558"", ""  60.154""], ["" 124.419"", "" 132.936"", ""  60.326""]]",[],RR8_A_Rahimova_2017
150,8098,RR8_B_Rahimova_2017,receptor_tmp,1,16,-9.46,-0.22523809523809527,0.0,0.0,2,187.52,-13.64,-13.38,-0.25,-13.64,0.0,-2.49,4.18,-2.49,89,8,0.0,0.0,0.0,7.644693,8.421696,8.949286,0.36328485,-0.83540182,0.41246565,222.142593,"174.252869, 203.727692, 31.283842, 341.426666, 35.936127, 95.563263, 5.352573, 254.130692, 105.508652, 297.735077, 296.985657, 72.476639, 64.510735, 152.108902, ","[["" 129.919"", "" 126.512"", ""  66.459""], ["" 129.723"", "" 125.871"", ""  67.833""], ["" 129.496"", "" 124.427"", ""  67.400""], ["" 130.454"", "" 124.251"", ""  66.216""], ["" 130.671"", "" 125.578"", ""  65.738""], ["" 128.665"", "" 126.746"", ""  65.867""], ["" 128.583"", "" 127.688"", ""  64.880""], ["" 129.508"", "" 127.982"", ""  64.117""], ["" 127.219"", "" 128.311"", ""  64.795""], ["" 126.698"", "" 128.788"", ""  63.583""], ["" 126.443"", "" 128.428"", ""  65.954""], ["" 125.435"", "" 129.368"", ""  63.535""], ["" 125.183"", "" 129.015"", ""  65.907""], ["" 124.665"", "" 129.496"", ""  64.698""], ["" 123.329"", "" 130.140"", ""  64.649""], ["" 123.004"", "" 130.745"", ""  63.632""], ["" 122.593"", "" 130.040"", ""  65.628""], ["" 128.588"", "" 126.363"", ""  68.540""], ["" 128.657"", "" 127.722"", ""  68.944""], ["" 129.309"", "" 127.778"", ""  70.314""], ["" 130.086"", "" 128.880"", ""  70.682""], ["" 129.143"", "" 126.710"", ""  71.201""], ["" 130.695"", "" 128.912"", ""  71.934""], ["" 129.752"", "" 126.742"", ""  72.452""], ["" 130.527"", "" 127.844"", ""  72.812""], ["" 129.804"", "" 123.474"", ""  68.421""], ["" 130.114"", "" 123.988"", ""  69.718""], ["" 130.078"", "" 122.905"", ""  70.793""], ["" 131.106"", "" 122.820"", ""  71.736""], ["" 129.002"", "" 122.016"", ""  70.847""], ["" 131.054"", "" 121.851"", ""  72.735""], ["" 128.951"", "" 121.044"", ""  71.844""], ["" 129.977"", "" 120.968"", ""  72.784""], ["" 129.932"", "" 123.370"", ""  65.068""], ["" 131.037"", "" 122.804"", ""  64.373""], ["" 131.200"", "" 123.259"", ""  63.038""], ["" 131.252"", "" 122.060"", ""  62.103""], ["" 132.442"", "" 121.750"", ""  61.438""], ["" 130.110"", "" 121.281"", ""  61.894""], ["" 132.490"", "" 120.668"", ""  60.562""], ["" 130.159"", "" 120.198"", ""  61.020""], ["" 131.346"", "" 119.898"", ""  60.356""]]",[],RR8_B_Rahimova_2017
151,8371,RR9_Rahimova_2017,receptor_tmp,1,19,-8.75,-0.23026315789473684,0.0,0.0,14,187.3,-11.14,-10.56,-0.57,-11.14,0.0,-2.39,2.39,-2.39,46,6,0.0,0.0,0.0,10.443445,8.966671,9.759252,-0.81191627,0.53376497,-0.23640417,104.242271,"359.062134, 65.402817, 107.097382, 298.427185, 175.814713, 279.017761, 95.493912, 110.473602, ","[["" 129.265"", "" 127.592"", ""  64.033""], ["" 128.544"", "" 128.667"", ""  63.807""], ["" 128.234"", "" 129.214"", ""  64.993""], ["" 128.741"", "" 128.472"", ""  66.034""], ["" 129.404"", "" 127.365"", ""  65.452""], ["" 129.981"", "" 126.412"", ""  66.328""], ["" 129.872"", "" 126.684"", ""  67.704""], ["" 129.197"", "" 127.822"", ""  68.173""], ["" 128.624"", "" 128.732"", ""  67.335""], ["" 127.690"", "" 130.064"", ""  65.042""], ["" 129.829"", "" 126.817"", ""  62.889""], ["" 130.880"", "" 125.343"", ""  60.765""], ["" 129.531"", "" 125.701"", ""  60.763""], ["" 131.704"", "" 125.717"", ""  61.828""], ["" 129.007"", "" 126.438"", ""  61.823""], ["" 131.179"", "" 126.456"", ""  62.885""], ["" 131.448"", "" 124.524"", ""  59.620""], ["" 130.628"", "" 125.126"", ""  65.893""], ["" 129.936"", "" 124.397"", ""  64.995""], ["" 131.731"", "" 124.803"", ""  66.334""], ["" 129.002"", "" 124.697"", ""  64.756""], ["" 130.411"", "" 123.182"", ""  64.325""], ["" 129.642"", "" 122.869"", ""  63.020""], ["" 130.394"", "" 121.983"", ""  62.034""], ["" 131.782"", "" 122.095"", ""  61.907""], ["" 129.696"", "" 121.039"", ""  61.276""], ["" 132.470"", "" 121.261"", ""  61.031""], ["" 130.385"", "" 120.205"", ""  60.398""], ["" 131.769"", "" 120.320"", ""  60.280""], ["" 129.065"", "" 128.110"", ""  69.639""], ["" 127.902"", "" 127.770"", ""  70.345""], ["" 130.109"", "" 128.723"", ""  70.345""], ["" 127.786"", "" 128.035"", ""  71.706""], ["" 129.996"", "" 128.991"", ""  71.707""], ["" 128.828"", "" 128.647"", ""  72.401""], ["" 128.625"", "" 128.869"", ""  73.749""], ["" 127.936"", "" 130.043"", ""  74.169""], ["" 126.484"", "" 129.675"", ""  74.487""]]",[],RR9_Rahimova_2017
