,Pose_ID,LigName,receptor,pose_rank,run_number,docking_score,leff,deltas,cluster_rmsd,cluster_size,reference_rmsd,energies_inter,energies_vdw,energies_electro,energies_flexLig,energies_flexLR,energies_intra,energies_torsional,unbound_energy,nr_interactions,num_hb,about_x,about_y,about_z,trans_x,trans_y,trans_z,axisangle_x,axisangle_y,axisangle_z,axisangle_w,dihedrals,ligand_coordinates,flexible_res_coordinates,LigName:1
0,13899,1a_Ghoteimi_2023,receptor_tmp,1,2,-8.86,-0.21609756097560975,0.0,0.0,2,185.78,-12.14,-11.74,-0.4,-12.14,0.0,-1.37,3.28,-1.37,61,6,0.0,0.0,0.0,9.26094,8.320702,6.859525,-0.78945375,0.25834126,-0.5567967,230.000031,"196.28746, 69.198593, 128.079727, 337.44162, 182.848709, 314.390411, 266.829895, 322.913574, 254.320648, 110.3853, 13.632113, ","[["" 129.589"", "" 126.876"", ""  66.445""], ["" 128.618"", "" 126.790"", ""  67.380""], ["" 130.768"", "" 127.154"", ""  66.660""], ["" 127.709"", "" 126.501"", ""  67.051""], ["" 129.146"", "" 126.591"", ""  65.010""], ["" 130.451"", "" 126.989"", ""  63.811""], ["" 130.452"", "" 125.666"", ""  62.622""], ["" 131.344"", "" 123.680"", ""  61.559""], ["" 131.462"", "" 124.683"", ""  62.552""], ["" 130.241"", "" 123.722"", ""  60.697""], ["" 132.603"", "" 124.700"", ""  63.473""], ["" 129.264"", "" 124.716"", ""  60.834""], ["" 133.503"", "" 124.714"", ""  64.200""], ["" 129.381"", "" 125.672"", ""  61.793""], ["" 132.330"", "" 122.573"", ""  61.373""], ["" 134.190"", "" 120.500"", ""  60.987""], ["" 132.829"", "" 120.217"", ""  61.105""], ["" 134.617"", "" 121.835"", ""  61.059""], ["" 131.906"", "" 121.242"", ""  61.292""], ["" 133.693"", "" 122.859"", ""  61.248""], ["" 135.030"", "" 119.420"", ""  60.802""], ["" 134.478"", "" 118.173"", ""  60.395""], ["" 128.060"", "" 124.803"", ""  59.941""], ["" 127.073"", "" 125.783"", ""  60.140""], ["" 127.879"", "" 123.901"", ""  58.881""], ["" 125.959"", "" 125.861"", ""  59.310""], ["" 126.766"", "" 123.977"", ""  58.050""], ["" 125.793"", "" 124.964"", ""  58.259""], ["" 124.658"", "" 125.118"", ""  57.485""], ["" 123.386"", "" 125.170"", ""  58.122""], ["" 128.685"", "" 126.999"", ""  68.771""], ["" 129.678"", "" 127.745"", ""  69.425""], ["" 127.663"", "" 126.417"", ""  69.521""], ["" 129.644"", "" 127.893"", ""  70.809""], ["" 127.630"", "" 126.566"", ""  70.905""], ["" 128.620"", "" 127.305"", ""  71.566""], ["" 128.553"", "" 127.448"", ""  73.059""], ["" 129.362"", "" 126.920"", ""  73.828""], ["" 127.513"", "" 128.213"", ""  73.478""], ["" 126.179"", "" 127.719"", ""  73.450""], ["" 125.421"", "" 128.234"", ""  74.677""]]",[],1a_Ghoteimi_2023
1,4599,1a_Grossjean_2025,receptor_tmp,1,5,-7.97,-0.29518518518518516,0.0,0.0,9,190.79,-10.06,-9.81,-0.24,-10.06,0.0,-0.62,2.09,-0.62,45,6,0.0,0.0,0.0,10.794846,8.501783,10.053214,-0.49725985,-0.56271642,0.66036571,125.515572,"17.394148, 350.318634, 194.691818, 134.557419, 15.381665, 17.497732, 148.829681, ","[["" 129.759"", "" 126.956"", ""  68.608""], ["" 128.578"", "" 126.348"", ""  69.037""], ["" 128.109"", "" 126.550"", ""  70.331""], ["" 128.812"", "" 127.368"", ""  71.224""], ["" 129.995"", "" 127.985"", ""  70.788""], ["" 130.465"", "" 127.784"", ""  69.493""], ["" 130.141"", "" 126.680"", ""  67.281""], ["" 130.088"", "" 125.524"", ""  66.585""], ["" 129.670"", "" 124.449"", ""  67.014""], ["" 130.476"", "" 127.486"", ""  66.776""], ["" 130.600"", "" 125.603"", ""  65.145""], ["" 132.333"", "" 125.074"", ""  65.004""], ["" 132.443"", "" 123.966"", ""  63.617""], ["" 131.695"", "" 122.153"", ""  62.196""], ["" 131.486"", "" 122.962"", ""  63.336""], ["" 132.833"", "" 122.360"", ""  61.408""], ["" 130.327"", "" 122.730"", ""  64.203""], ["" 133.735"", "" 123.357"", ""  61.774""], ["" 129.411"", "" 122.545"", ""  64.885""], ["" 133.554"", "" 124.145"", ""  62.859""], ["" 130.727"", "" 121.044"", ""  61.785""], ["" 134.992"", "" 123.625"", ""  60.967""], ["" 128.281"", "" 127.561"", ""  72.615""], ["" 129.005"", "" 127.720"", ""  73.603""], ["" 126.924"", "" 127.559"", ""  72.677""], ["" 126.239"", "" 128.101"", ""  73.798""], ["" 124.781"", "" 127.635"", ""  73.781""]]",[],1a_Grossjean_2025
2,14184,1aa_Ghoteimi_2023,receptor_tmp,1,11,-9.27,-0.22609756097560973,0.0,0.0,2,186.27,-12.55,-11.92,-0.63,-12.55,0.0,-2.17,3.28,-2.17,46,4,0.0,0.0,0.0,8.61899,11.136961,7.669054,-0.51751652,-0.76318862,0.38693641,178.01268,"286.357574, 156.918976, 303.389862, 59.680767, 307.827271, 355.480286, 11.016796, 88.969048, 153.430618, 311.489105, 223.422958, ","[["" 125.265"", "" 129.890"", ""  64.973""], ["" 125.929"", "" 130.479"", ""  63.952""], ["" 124.136"", "" 130.202"", ""  65.352""], ["" 126.845"", "" 130.104"", ""  63.752""], ["" 125.979"", "" 128.745"", ""  65.709""], ["" 127.355"", "" 128.676"", ""  65.315""], ["" 128.221"", "" 127.791"", ""  65.942""], ["" 129.872"", "" 126.017"", ""  65.837""], ["" 129.002"", "" 126.912"", ""  65.172""], ["" 129.926"", "" 126.065"", ""  67.237""], ["" 128.911"", "" 126.966"", ""  63.712""], ["" 129.129"", "" 126.968"", ""  67.951""], ["" 128.283"", "" 127.810"", ""  67.302""], ["" 128.838"", "" 127.009"", ""  62.558""], ["" 130.739"", "" 125.025"", ""  65.134""], ["" 132.347"", "" 123.153"", ""  63.784""], ["" 130.999"", "" 122.887"", ""  64.023""], ["" 132.889"", "" 124.371"", ""  64.223""], ["" 130.200"", "" 123.813"", ""  64.688""], ["" 132.089"", "" 125.296"", ""  64.889""], ["" 133.062"", "" 122.177"", ""  63.118""], ["" 133.428"", "" 122.390"", ""  61.760""], ["" 129.137"", "" 127.049"", ""  69.451""], ["" 130.141"", "" 127.754"", ""  70.131""], ["" 128.138"", "" 126.428"", ""  70.219""], ["" 130.151"", "" 127.830"", ""  71.521""], ["" 128.147"", "" 126.501"", ""  71.609""], ["" 129.160"", "" 127.205"", ""  72.274""], ["" 129.251"", "" 127.333"", ""  73.646""], ["" 128.154"", "" 127.883"", ""  74.367""], ["" 125.547"", "" 131.537"", ""  63.107""], ["" 125.707"", "" 131.554"", ""  61.713""], ["" 124.964"", "" 132.635"", ""  63.742""], ["" 125.289"", "" 132.660"", ""  60.975""], ["" 124.547"", "" 133.738"", ""  63.003""], ["" 124.704"", "" 133.766"", ""  61.611""], ["" 124.245"", "" 134.972"", ""  60.844""], ["" 123.135"", "" 135.490"", ""  60.998""], ["" 125.171"", "" 135.435"", ""  59.966""], ["" 126.560"", "" 135.211"", ""  60.178""], ["" 127.146"", "" 136.372"", ""  60.986""]]",[],1aa_Ghoteimi_2023
3,13967,1b_Ghoteimi_2023,receptor_tmp,1,13,-9.66,-0.276,0.0,0.0,9,187.65,-12.05,-11.21,-0.84,-12.05,0.0,-1.37,2.39,-1.37,43,7,0.0,0.0,0.0,9.089813,8.856388,8.445319,0.82534429,-0.08068259,-0.55883551,113.553719,"259.253204, 53.619255, 6.448445, 192.533813, 344.291107, 175.578049, 131.340179, 56.999512, ","[["" 127.851"", "" 128.127"", ""  65.592""], ["" 128.632"", "" 127.240"", ""  64.812""], ["" 128.557"", "" 127.273"", ""  63.348""], ["" 128.497"", "" 127.300"", ""  62.192""], ["" 129.522"", "" 126.373"", ""  65.485""], ["" 129.680"", "" 126.399"", ""  66.830""], ["" 128.940"", "" 127.253"", ""  67.584""], ["" 128.026"", "" 128.123"", ""  66.982""], ["" 126.854"", "" 129.080"", ""  65.019""], ["" 124.987"", "" 130.891"", ""  63.951""], ["" 126.351"", "" 131.049"", ""  63.701""], ["" 124.560"", "" 129.818"", ""  64.748""], ["" 127.276"", "" 130.154"", ""  64.231""], ["" 125.488"", "" 128.925"", ""  65.277""], ["" 124.143"", "" 131.827"", ""  63.385""], ["" 123.799"", "" 131.708"", ""  62.009""], ["" 130.572"", "" 125.188"", ""  64.670""], ["" 132.293"", "" 125.520"", ""  65.179""], ["" 133.365"", "" 125.079"", ""  64.171""], ["" 132.878"", "" 124.609"", ""  63.001""], ["" 134.563"", "" 125.166"", ""  64.448""], ["" 131.875"", "" 124.577"", ""  62.896""], ["" 133.608"", "" 124.143"", ""  61.914""], ["" 134.923"", "" 124.002"", ""  61.863""], ["" 133.019"", "" 123.759"", ""  60.710""], ["" 135.227"", "" 123.509"", ""  60.593""], ["" 134.067"", "" 123.366"", ""  59.908""], ["" 129.170"", "" 127.208"", ""  69.069""], ["" 128.249"", "" 126.585"", ""  69.924""], ["" 130.315"", "" 127.779"", ""  69.647""], ["" 128.460"", "" 126.540"", ""  71.299""], ["" 130.530"", "" 127.735"", ""  71.021""], ["" 129.599"", "" 127.112"", ""  71.862""], ["" 129.725"", "" 127.018"", ""  73.235""], ["" 128.626"", "" 127.390"", ""  74.059""]]",[],1b_Ghoteimi_2023
4,13999,1b_Grossjean_2025,receptor_tmp,1,18,-7.3,-0.28076923076923077,0.0,0.0,5,190.62,-9.09,-8.75,-0.34,-9.09,0.0,-1.21,1.79,-1.21,39,7,0.0,0.0,0.0,10.122627,9.186234,8.97147,-0.88525796,0.08758571,-0.45677903,120.101715,"249.971283, 284.015259, 153.177261, 298.604034, 342.721222, 184.074402, ","[["" 131.259"", "" 127.027"", ""  66.504""], ["" 130.192"", "" 126.432"", ""  67.082""], ["" 131.974"", "" 127.879"", ""  67.030""], ["" 129.701"", "" 125.757"", ""  66.514""], ["" 131.575"", "" 126.565"", ""  65.081""], ["" 133.037"", "" 125.487"", ""  65.018""], ["" 132.710"", "" 124.219"", ""  63.813""], ["" 131.399"", "" 122.467"", ""  62.776""], ["" 131.529"", "" 123.440"", ""  63.793""], ["" 132.422"", "" 122.320"", ""  61.835""], ["" 130.451"", "" 123.641"", ""  64.764""], ["" 133.541"", "" 123.146"", ""  61.917""], ["" 129.598"", "" 123.797"", ""  65.530""], ["" 133.687"", "" 124.084"", ""  62.882""], ["" 130.175"", "" 121.561"", ""  62.656""], ["" 134.681"", "" 123.042"", ""  60.920""], ["" 129.634"", "" 126.615"", ""  68.362""], ["" 130.230"", "" 127.604"", ""  69.144""], ["" 128.551"", "" 125.889"", ""  68.880""], ["" 129.759"", "" 127.871"", ""  70.426""], ["" 128.081"", "" 126.156"", ""  70.162""], ["" 128.676"", "" 127.149"", ""  70.951""], ["" 128.141"", "" 127.411"", ""  72.330""], ["" 127.035"", "" 127.017"", ""  72.714""], ["" 128.990"", "" 128.130"", ""  73.108""], ["" 128.614"", "" 129.403"", ""  73.616""]]",[],1b_Grossjean_2025
5,4278,1c_Ghoteimi_2023,receptor_tmp,1,3,-9.52,-0.27199999999999996,0.0,0.0,5,192.24,-11.91,-11.18,-0.73,-11.91,0.0,-1.34,2.39,-1.34,46,6,0.0,0.0,0.0,9.728625,11.411174,9.025006,-0.84739419,0.07328607,0.52588234,237.582932,"113.725739, 141.795944, 3.514391, 276.589233, 258.522522, 27.614647, 312.832825, 61.322033, ","[["" 127.802"", "" 128.372"", ""  65.614""], ["" 128.476"", "" 127.419"", ""  64.815""], ["" 128.331"", "" 127.417"", ""  63.355""], ["" 128.217"", "" 127.417"", ""  62.204""], ["" 129.304"", "" 126.479"", ""  65.464""], ["" 129.455"", "" 126.445"", ""  66.810""], ["" 128.777"", "" 127.332"", ""  67.585""], ["" 127.954"", "" 128.303"", ""  67.004""], ["" 126.962"", "" 129.475"", ""  65.060""], ["" 125.398"", "" 131.539"", ""  63.973""], ["" 124.865"", "" 130.261"", ""  64.139""], ["" 126.727"", "" 131.780"", ""  64.352""], ["" 125.639"", "" 129.237"", ""  64.675""], ["" 127.500"", "" 130.754"", ""  64.888""], ["" 124.556"", "" 132.493"", ""  63.433""], ["" 124.119"", "" 132.351"", ""  62.085""], ["" 130.339"", "" 125.336"", ""  64.577""], ["" 131.990"", "" 125.523"", ""  65.328""], ["" 133.112"", "" 125.122"", ""  64.364""], ["" 132.711"", "" 124.810"", ""  63.112""], ["" 134.273"", "" 125.067"", ""  64.772""], ["" 131.729"", "" 124.904"", ""  62.902""], ["" 133.494"", "" 124.274"", ""  62.101""], ["" 134.784"", "" 124.019"", ""  62.128""], ["" 132.688"", "" 123.831"", ""  60.631""], ["" 135.192"", "" 123.471"", ""  61.000""], ["" 134.218"", "" 123.267"", ""  60.027""], ["" 128.996"", "" 127.234"", ""  69.067""], ["" 130.126"", "" 127.801"", ""  69.677""], ["" 128.075"", "" 126.568"", ""  69.889""], ["" 130.323"", "" 127.712"", ""  71.052""], ["" 128.267"", "" 126.478"", ""  71.264""], ["" 129.399"", "" 127.054"", ""  71.859""], ["" 129.673"", "" 127.016"", ""  73.213""], ["" 128.644"", "" 127.347"", ""  74.140""]]",[],1c_Ghoteimi_2023
6,14100,1c_Grossjean_2025,receptor_tmp,1,10,-7.05,-0.29375,0.0,0.0,6,190.43,-8.54,-8.06,-0.48,-8.54,0.0,-0.67,1.49,-0.67,26,8,0.0,0.0,0.0,10.215132,7.833081,9.225388,0.02895516,0.38928876,-0.92066056,211.396423,"10.211179, 78.375023, 36.596443, 318.850952, 0.160097, ","[["" 130.559"", "" 126.562"", ""  66.498""], ["" 129.618"", "" 126.363"", ""  67.445""], ["" 131.625"", "" 127.156"", ""  66.663""], ["" 128.829"", "" 125.795"", ""  67.177""], ["" 130.238"", "" 125.977"", ""  65.121""], ["" 130.124"", "" 124.163"", ""  65.166""], ["" 130.841"", "" 123.518"", ""  63.669""], ["" 132.615"", "" 123.148"", ""  62.060""], ["" 132.185"", "" 123.727"", ""  63.277""], ["" 131.713"", "" 122.390"", ""  61.307""], ["" 133.130"", "" 124.479"", ""  64.106""], ["" 130.415"", "" 122.214"", ""  61.782""], ["" 133.877"", "" 125.073"", ""  64.760""], ["" 129.982"", "" 122.760"", ""  62.942""], ["" 134.037"", "" 123.312"", ""  61.528""], ["" 129.395"", "" 121.389"", ""  61.020""], ["" 129.601"", "" 126.780"", ""  68.791""], ["" 130.453"", "" 127.752"", ""  69.335""], ["" 128.638"", "" 126.179"", ""  69.603""], ["" 130.344"", "" 128.098"", ""  70.679""], ["" 128.532"", "" 126.528"", ""  70.946""], ["" 129.391"", "" 127.492"", ""  71.497""], ["" 129.361"", "" 127.901"", ""  72.816""], ["" 128.104"", "" 128.099"", ""  73.453""]]",[],1c_Grossjean_2025
7,4546,1d_Ghoteimi_2023,receptor_tmp,1,1,-8.66,-0.2886666666666667,0.0,0.0,9,191.5,-11.05,-10.24,-0.81,-11.05,0.0,-1.08,2.39,-1.08,42,8,0.0,0.0,0.0,9.734634,9.774813,9.36175,0.27058342,0.94800098,0.16756719,143.594696,"90.872292, 347.817108, 303.710266, 236.204666, 60.153152, 250.736603, 294.454498, 349.688934, ","[["" 126.830"", "" 129.298"", ""  65.330""], ["" 128.064"", "" 128.169"", ""  65.937""], ["" 129.841"", "" 126.533"", ""  65.719""], ["" 128.914"", "" 127.409"", ""  65.102""], ["" 129.894"", "" 126.496"", ""  67.118""], ["" 128.887"", "" 127.565"", ""  63.645""], ["" 129.049"", "" 127.307"", ""  67.886""], ["" 128.868"", "" 127.686"", ""  62.494""], ["" 128.146"", "" 128.125"", ""  67.288""], ["" 130.777"", "" 125.647"", ""  64.962""], ["" 132.552"", "" 123.988"", ""  63.547""], ["" 133.028"", "" 125.087"", ""  64.261""], ["" 131.176"", "" 123.715"", ""  63.551""], ["" 132.150"", "" 125.908"", ""  64.964""], ["" 130.301"", "" 124.537"", ""  64.256""], ["" 133.494"", "" 123.234"", ""  62.873""], ["" 133.851"", "" 123.594"", ""  61.543""], ["" 129.071"", "" 127.313"", ""  69.387""], ["" 130.077"", "" 127.986"", ""  70.098""], ["" 128.090"", "" 126.637"", ""  70.127""], ["" 130.100"", "" 127.986"", ""  71.489""], ["" 128.110"", "" 126.633"", ""  71.519""], ["" 129.121"", "" 127.311"", ""  72.214""], ["" 129.224"", "" 127.361"", ""  73.591""], ["" 128.123"", "" 127.847"", ""  74.352""], ["" 125.219"", "" 128.687"", ""  65.909""], ["" 124.207"", "" 129.815"", ""  65.725""], ["" 123.293"", "" 129.996"", ""  66.531""], ["" 124.449"", "" 130.546"", ""  64.617""], ["" 124.213"", "" 130.000"", ""  63.328""]]",[],1d_Ghoteimi_2023
8,14048,1d_Grossjean_2025,receptor_tmp,1,4,-7.27,-0.33045454545454545,0.0,0.0,6,190.67,-8.47,-8.1,-0.36,-8.47,0.0,-0.54,1.19,-0.54,56,3,0.0,0.0,0.0,9.226863,10.435164,14.271824,0.32938024,-0.24941408,0.9106598,152.014908,"15.235086, 44.11335, 147.158112, 329.689758, ","[["" 127.336"", "" 126.389"", ""  70.214""], ["" 128.628"", "" 126.733"", ""  69.040""], ["" 130.724"", "" 127.699"", ""  68.306""], ["" 129.776"", "" 127.505"", ""  69.337""], ["" 130.487"", "" 127.142"", ""  67.045""], ["" 129.980"", "" 128.118"", ""  70.651""], ["" 129.317"", "" 126.416"", ""  66.834""], ["" 130.144"", "" 128.605"", ""  71.688""], ["" 128.397"", "" 126.215"", ""  67.806""], ["" 132.007"", "" 128.503"", ""  68.509""], ["" 128.998"", "" 125.798"", ""  65.487""], ["" 128.136"", "" 125.930"", ""  71.781""], ["" 127.922"", "" 126.985"", ""  72.868""], ["" 126.654"", "" 127.432"", ""  72.998""], ["" 128.887"", "" 127.373"", ""  73.527""], ["" 125.981"", "" 127.051"", ""  72.350""], ["" 126.118"", "" 128.373"", ""  73.896""], ["" 124.815"", "" 128.118"", ""  74.334""], ["" 126.802"", "" 129.502"", ""  74.377""], ["" 124.191"", "" 128.983"", ""  75.228""], ["" 126.176"", "" 130.365"", ""  75.273""], ["" 124.874"", "" 130.104"", ""  75.693""]]",[],1d_Grossjean_2025
9,14243,1e_Grossjean_2025,receptor_tmp,1,4,-6.83,-0.29695652173913045,0.0,0.0,1,184.5,-8.03,-8.03,0.0,-8.03,0.0,-0.66,1.19,-0.66,44,3,0.0,0.0,0.0,9.547069,3.749246,4.856156,0.00926919,0.56371491,0.82591742,97.032738,"255.730316, 149.894867, 256.894257, 347.175629, ","[["" 129.965"", "" 120.885"", ""  61.380""], ["" 130.509"", "" 121.372"", ""  63.045""], ["" 131.738"", "" 122.653"", ""  62.892""], ["" 133.806"", "" 123.636"", ""  62.101""], ["" 132.926"", "" 122.530"", ""  62.132""], ["" 133.467"", "" 124.801"", ""  62.796""], ["" 133.238"", "" 121.324"", ""  61.362""], ["" 132.264"", "" 124.845"", ""  63.497""], ["" 133.487"", "" 120.372"", ""  60.752""], ["" 131.408"", "" 123.797"", ""  63.543""], ["" 135.123"", "" 123.620"", ""  61.325""], ["" 131.832"", "" 126.085"", ""  64.254""], ["" 129.197"", "" 122.007"", ""  60.677""], ["" 127.922"", "" 121.721"", ""  60.335""], ["" 129.770"", "" 123.073"", ""  60.445""], ["" 127.601"", "" 120.783"", ""  60.525""], ["" 126.989"", "" 122.541"", ""  59.675""], ["" 125.848"", "" 122.975"", ""  60.288""], ["" 127.278"", "" 122.871"", ""  58.346""], ["" 124.987"", "" 123.752"", ""  59.585""], ["" 126.382"", "" 123.672"", ""  57.636""], ["" 125.217"", "" 124.123"", ""  58.257""], ["" 123.743"", "" 124.199"", ""  60.329""]]",[],1e_Grossjean_2025
10,13964,1f_Grossjean_2025,receptor_tmp,1,11,-6.77,-0.3077272727272727,0.0,0.0,2,192.23,-7.96,-7.62,-0.34,-7.96,0.0,-0.64,1.19,-0.64,52,4,0.0,0.0,0.0,9.243372,9.129366,14.539514,0.17011975,-0.98066306,0.09674318,142.550537,"265.967682, 32.248222, 239.251724, 331.573792, ","[["" 127.394"", "" 126.286"", ""  70.176""], ["" 128.696"", "" 126.635"", ""  69.011""], ["" 130.779"", "" 127.623"", ""  68.271""], ["" 129.826"", "" 127.436"", ""  69.298""], ["" 130.583"", "" 127.003"", ""  67.032""], ["" 130.043"", "" 128.032"", ""  70.619""], ["" 129.455"", "" 126.208"", ""  66.846""], ["" 130.215"", "" 128.503"", ""  71.661""], ["" 128.528"", "" 126.018"", ""  67.814""], ["" 132.033"", "" 128.475"", ""  68.457""], ["" 129.192"", "" 125.498"", ""  65.532""], ["" 128.154"", "" 125.875"", ""  71.784""], ["" 127.928"", "" 126.916"", ""  72.890""], ["" 126.661"", "" 127.374"", ""  72.980""], ["" 128.854"", "" 127.256"", ""  73.627""], ["" 125.997"", "" 126.972"", ""  72.334""], ["" 126.109"", "" 128.324"", ""  73.860""], ["" 124.813"", "" 128.073"", ""  74.327""], ["" 126.743"", "" 129.502"", ""  74.298""], ["" 124.151"", "" 128.899"", ""  75.177""], ["" 126.074"", "" 130.362"", ""  75.173""], ["" 124.786"", "" 130.025"", ""  75.588""]]",[],1f_Grossjean_2025
11,4936,1g_Grossjean_2025,receptor_tmp,1,9,-6.79,-0.2952173913043478,0.0,0.0,1,185.55,-8.28,-8.17,-0.12,-8.28,0.0,-1.09,1.49,-1.09,48,4,0.0,0.0,0.0,9.16857,6.267687,6.274289,0.46362002,0.50679893,-0.72678148,106.813698,"34.77232, 166.363312, 252.809097, 179.134537, 332.695862, ","[["" 129.233"", "" 125.321"", ""  63.084""], ["" 130.077"", "" 124.104"", ""  64.137""], ["" 130.912"", "" 122.961"", ""  63.060""], ["" 132.805"", "" 122.108"", ""  61.814""], ["" 132.270"", "" 123.085"", ""  62.683""], ["" 131.988"", "" 121.060"", ""  61.376""], ["" 133.121"", "" 124.162"", ""  63.196""], ["" 130.668"", "" 121.002"", ""  61.817""], ["" 133.796"", "" 125.011"", ""  63.601""], ["" 130.134"", "" 121.928"", ""  62.648""], ["" 134.254"", "" 122.143"", ""  61.329""], ["" 129.737"", "" 119.882"", ""  61.392""], ["" 128.902"", "" 124.752"", ""  61.703""], ["" 127.884"", "" 123.877"", ""  61.648""], ["" 129.554"", "" 125.105"", ""  60.718""], ["" 127.417"", "" 123.628"", ""  62.509""], ["" 127.436"", "" 123.170"", ""  60.448""], ["" 126.031"", "" 123.544"", ""  59.987""], ["" 124.990"", "" 123.630"", ""  60.917""], ["" 125.787"", "" 123.809"", ""  58.636""], ["" 123.708"", "" 123.971"", ""  60.496""], ["" 124.504"", "" 124.152"", ""  58.217""], ["" 123.471"", "" 124.231"", ""  59.147""]]",[],1g_Grossjean_2025
12,13928,1h_Grossjean_2025,receptor_tmp,1,17,-7.12,-0.24551724137931036,0.0,0.0,4,189.29,-9.5,-8.54,-0.96,-9.5,0.0,-0.95,2.39,-0.95,40,10,0.0,0.0,0.0,10.08537,8.594796,8.876013,-0.05293791,-0.95456844,0.29325188,130.826569,"231.487854, 325.929657, 154.221207, 8.152894, 345.30484, 327.404114, 43.184097, 145.568375, ","[["" 129.565"", "" 126.497"", ""  66.475""], ["" 129.310"", "" 125.993"", ""  67.696""], ["" 129.023"", "" 127.507"", ""  66.027""], ["" 129.791"", "" 125.152"", ""  67.980""], ["" 130.586"", "" 125.741"", ""  65.625""], ["" 130.132"", "" 123.992"", ""  65.412""], ["" 130.760"", "" 123.446"", ""  63.832""], ["" 132.519"", "" 123.158"", ""  62.189""], ["" 132.114"", "" 123.619"", ""  63.463""], ["" 131.576"", "" 122.554"", ""  61.351""], ["" 133.081"", "" 124.254"", ""  64.363""], ["" 130.262"", "" 122.422"", ""  61.794""], ["" 133.845"", "" 124.755"", ""  65.074""], ["" 129.854"", "" 122.856"", ""  63.009""], ["" 133.953"", "" 123.295"", ""  61.683""], ["" 129.193"", "" 121.778"", ""  60.932""], ["" 128.345"", "" 126.538"", ""  68.651""], ["" 128.774"", "" 126.406"", ""  70.109""], ["" 129.011"", "" 125.147"", ""  70.663""], ["" 128.875"", "" 127.542"", ""  70.914""], ["" 129.385"", "" 125.012"", ""  72.009""], ["" 129.242"", "" 127.436"", ""  72.265""], ["" 129.505"", "" 126.166"", ""  72.797""], ["" 129.648"", "" 123.799"", ""  72.619""], ["" 129.730"", "" 122.622"", ""  71.825""], ["" 129.364"", "" 128.517"", ""  73.119""], ["" 129.423"", "" 129.833"", ""  72.578""], ["" 129.860"", "" 126.046"", ""  74.119""], ["" 131.118"", "" 125.419"", ""  74.326""]]",[],1h_Grossjean_2025
13,14222,1i_Grossjean_2025,receptor_tmp,1,16,-6.67,-0.31761904761904763,0.0,0.0,8,186.6,-7.87,-7.73,-0.14,-7.87,0.0,-0.63,1.19,-0.63,30,6,0.0,0.0,0.0,9.52171,6.619022,5.514996,0.27874954,0.69763462,-0.66000351,142.652847,"148.644058, 108.214622, 39.680836, 353.499542, ","[["" 130.213"", "" 124.584"", ""  61.652""], ["" 130.798"", "" 125.004"", ""  63.279""], ["" 132.468"", "" 125.226"", ""  65.019""], ["" 132.141"", "" 124.852"", ""  63.695""], ["" 131.461"", "" 125.710"", ""  65.861""], ["" 133.171"", "" 124.296"", ""  62.812""], ["" 130.159"", "" 125.803"", ""  65.375""], ["" 133.985"", "" 123.856"", ""  62.117""], ["" 129.824"", "" 125.454"", ""  64.110""], ["" 133.885"", "" 125.117"", ""  65.580""], ["" 129.021"", "" 126.309"", ""  66.242""], ["" 129.692"", "" 122.842"", ""  61.687""], ["" 128.354"", "" 122.627"", ""  60.976""], ["" 127.316"", "" 123.344"", ""  61.459""], ["" 128.292"", "" 121.836"", ""  60.034""], ["" 127.507"", "" 123.981"", ""  62.219""], ["" 126.007"", "" 123.341"", ""  61.000""], ["" 124.954"", "" 122.878"", ""  61.655""], ["" 125.636"", "" 123.848"", ""  59.756""], ["" 123.847"", "" 123.074"", ""  60.827""], ["" 124.275"", "" 123.661"", ""  59.684""]]",[],1i_Grossjean_2025
14,4288,1j_Grossjean_2025,receptor_tmp,2,18,-6.36,-0.3028571428571429,0.0,0.0,1,191.38,-7.55,-7.57,0.02,-7.55,0.0,-0.31,1.19,-0.31,45,4,0.0,0.0,0.0,9.760868,10.810766,16.904318,0.84675196,-0.50304785,0.1730722,216.415054,"227.859146, 219.848541, 241.34903, 81.590103, ","[["" 127.386"", "" 127.387"", ""  73.302""], ["" 126.760"", "" 128.857"", ""  74.086""], ["" 125.114"", "" 130.179"", ""  75.273""], ["" 125.481"", "" 128.948"", ""  74.684""], ["" 126.009"", "" 131.252"", ""  75.228""], ["" 124.538"", "" 127.826"", ""  74.674""], ["" 127.238"", "" 131.082"", ""  74.595""], ["" 123.791"", "" 126.943"", ""  74.667""], ["" 127.612"", "" 129.911"", ""  74.028""], ["" 123.765"", "" 130.395"", ""  75.958""], ["" 128.246"", "" 132.213"", ""  74.500""], ["" 128.908"", "" 127.838"", ""  72.418""], ["" 128.961"", "" 127.225"", ""  71.017""], ["" 129.541"", "" 127.991"", ""  70.067""], ["" 128.487"", "" 126.104"", ""  70.830""], ["" 129.916"", "" 128.885"", ""  70.352""], ["" 129.717"", "" 127.662"", ""  68.731""], ["" 130.795"", "" 127.828"", ""  67.994""], ["" 128.372"", "" 126.939"", ""  67.910""], ["" 130.608"", "" 127.400"", ""  66.761""], ["" 129.353"", "" 126.869"", ""  66.477""]]",[],1j_Grossjean_2025
15,5332,1k_Grossjean_2025,receptor_tmp,1,18,-6.53,-0.25115384615384617,0.0,0.0,6,189.66,-10.11,-9.52,-0.59,-10.11,0.0,-0.86,3.58,-0.86,40,7,0.0,0.0,0.0,9.027998,8.643224,9.148945,0.39366327,-0.38190086,0.83617042,137.281357,"110.759132, 75.399857, 276.989838, 249.288498, 48.680424, 300.759521, 357.849701, 147.018097, 310.94931, 158.69223, 200.919067, 100.075569, ","[["" 129.081"", "" 126.652"", ""  69.587""], ["" 129.115"", "" 127.663"", ""  68.588""], ["" 130.577"", "" 128.047"", ""  68.291""], ["" 131.059"", "" 127.591"", ""  66.987""], ["" 130.747"", "" 126.416"", ""  66.413""], ["" 130.001"", "" 125.587"", ""  66.938""], ["" 131.679"", "" 128.219"", ""  66.496""], ["" 131.390"", "" 126.157"", ""  65.041""], ["" 132.860"", "" 125.072"", ""  65.049""], ["" 132.823"", "" 124.024"", ""  63.602""], ["" 131.824"", "" 122.324"", ""  62.192""], ["" 131.772"", "" 123.108"", ""  63.366""], ["" 132.901"", "" 122.480"", ""  61.314""], ["" 130.653"", "" 122.968"", ""  64.303""], ["" 133.897"", "" 123.404"", ""  61.623""], ["" 129.769"", "" 122.857"", ""  65.042""], ["" 133.868"", "" 124.161"", ""  62.744""], ["" 130.743"", "" 121.306"", ""  61.835""], ["" 135.090"", "" 123.621"", ""  60.713""], ["" 128.311"", "" 127.003"", ""  70.730""], ["" 129.132"", "" 127.933"", ""  71.633""], ["" 129.729"", "" 127.172"", ""  72.675""], ["" 129.083"", "" 125.928"", ""  72.916""], ["" 130.137"", "" 124.816"", ""  73.006""], ["" 129.557"", "" 123.580"", ""  72.608""], ["" 130.473"", "" 122.497"", ""  72.619""]]",[],1k_Grossjean_2025
16,4266,1l_Grossjean_2025,receptor_tmp,1,6,-5.85,-0.32499999999999996,0.0,0.0,5,187.42,-7.05,-6.72,-0.33,-7.05,0.0,-0.17,1.19,-0.17,26,5,0.0,0.0,0.0,11.035051,5.761757,3.851288,-0.2117964,0.90284952,-0.37417246,147.768036,"281.850891, 12.131303, 330.513458, 280.640869, ","[["" 128.813"", "" 123.351"", ""  60.527""], ["" 129.790"", "" 122.181"", ""  61.530""], ["" 131.333"", "" 122.968"", ""  61.957""], ["" 132.822"", "" 124.117"", ""  63.486""], ["" 131.569"", "" 123.513"", ""  63.241""], ["" 133.775"", "" 124.155"", ""  62.463""], ["" 130.551"", "" 123.459"", ""  64.295""], ["" 133.461"", "" 123.595"", ""  61.227""], ["" 129.750"", "" 123.418"", ""  65.128""], ["" 132.266"", "" 123.012"", ""  60.970""], ["" 133.187"", "" 124.737"", ""  64.834""], ["" 134.450"", "" 123.605"", ""  60.076""], ["" 127.375"", "" 122.905"", ""  60.224""], ["" 126.433"", "" 123.421"", ""  61.037""], ["" 127.126"", "" 122.138"", ""  59.290""], ["" 126.637"", "" 123.876"", ""  61.916""], ["" 125.147"", "" 122.884"", ""  61.008""], ["" 124.186"", "" 123.930"", ""  60.988""]]",[],1l_Grossjean_2025
17,13848,1m_Grossjean_2025,receptor_tmp,1,11,-6.18,-0.29428571428571426,0.0,0.0,2,187.36,-7.97,-7.8,-0.17,-7.97,0.0,-0.7,1.79,-0.7,30,5,0.0,0.0,0.0,10.661262,6.851438,4.123547,-0.39419452,-0.90322393,-0.1696974,187.570663,"65.125854, 15.715524, 75.926285, 135.997238, 345.079987, 217.537659, ","[["" 128.202"", "" 122.847"", ""  60.815""], ["" 127.042"", "" 123.469"", ""  61.099""], ["" 128.392"", "" 122.225"", ""  59.768""], ["" 126.954"", "" 123.935"", ""  61.991""], ["" 129.289"", "" 122.951"", ""  61.893""], ["" 130.426"", "" 124.365"", ""  61.695""], ["" 130.999"", "" 124.841"", ""  63.312""], ["" 132.660"", "" 125.181"", ""  65.043""], ["" 132.352"", "" 124.771"", ""  63.726""], ["" 131.634"", "" 125.646"", ""  65.873""], ["" 133.418"", "" 124.328"", ""  62.824""], ["" 130.334"", "" 125.705"", ""  65.374""], ["" 134.260"", "" 123.978"", ""  62.113""], ["" 130.016"", "" 125.318"", ""  64.118""], ["" 134.079"", "" 125.139"", ""  65.606""], ["" 129.181"", "" 126.208"", ""  66.221""], ["" 125.861"", "" 123.522"", ""  60.225""], ["" 124.536"", "" 123.359"", ""  60.999""], ["" 124.477"", "" 122.880"", ""  62.136""], ["" 123.484"", "" 123.793"", ""  60.276""], ["" 123.560"", "" 125.012"", ""  59.550""]]",[],1m_Grossjean_2025
18,14199,1n_Grossjean_2025,receptor_tmp,1,6,-8.34,-0.2978571428571429,0.0,0.0,10,191.88,-10.72,-10.44,-0.29,-10.72,0.0,-0.84,2.39,-0.84,46,6,0.0,0.0,0.0,10.7016,8.169081,9.825258,-0.82251642,-0.5055163,0.26061466,95.921387,"223.505646, 16.92384, 233.675171, 192.813492, 4.729973, 33.484077, 330.288055, 117.485008, ","[["" 129.803"", "" 125.626"", ""  66.601""], ["" 129.694"", "" 126.777"", ""  67.299""], ["" 129.639"", "" 124.495"", ""  67.059""], ["" 129.809"", "" 127.630"", ""  66.771""], ["" 130.159"", "" 125.783"", ""  65.117""], ["" 131.630"", "" 126.194"", ""  64.887""], ["" 132.831"", "" 124.845"", ""  65.094""], ["" 132.773"", "" 123.841"", ""  63.625""], ["" 131.835"", "" 122.170"", ""  62.144""], ["" 131.741"", "" 122.916"", ""  63.341""], ["" 132.922"", "" 122.383"", ""  61.289""], ["" 130.586"", "" 122.746"", ""  64.225""], ["" 133.880"", "" 123.334"", ""  61.637""], ["" 129.672"", "" 122.611"", ""  64.922""], ["" 133.812"", "" 124.055"", ""  62.780""], ["" 130.791"", "" 121.133"", ""  61.736""], ["" 135.074"", "" 123.619"", ""  60.746""], ["" 129.390"", "" 126.980"", ""  68.660""], ["" 128.222"", "" 126.369"", ""  69.117""], ["" 130.159"", "" 127.744"", ""  69.548""], ["" 127.830"", "" 126.500"", ""  70.446""], ["" 129.764"", "" 127.878"", ""  70.877""], ["" 128.600"", "" 127.256"", ""  71.344""], ["" 128.209"", "" 127.417"", ""  72.785""], ["" 129.024"", "" 127.616"", ""  73.691""], ["" 126.872"", "" 127.309"", ""  72.993""], ["" 126.224"", "" 128.060"", ""  74.013""], ["" 124.757"", "" 127.630"", ""  74.108""]]",[],1n_Grossjean_2025
19,13873,1o_Grossjean_2025,receptor_tmp,1,2,-7.94,-0.2940740740740741,0.0,0.0,9,187.0,-10.03,-9.69,-0.34,-10.03,0.0,-0.78,2.09,-0.78,42,7,0.0,0.0,0.0,12.29297,8.349215,9.537488,-0.53243931,-0.49925537,-0.68355867,134.807861,"227.22374, 297.056, 242.121506, 285.178772, 42.430538, 345.078186, 132.755432, ","[["" 129.897"", "" 125.787"", ""  66.341""], ["" 130.016"", "" 126.870"", ""  67.141""], ["" 129.412"", "" 124.707"", ""  66.677""], ["" 130.373"", "" 127.707"", ""  66.704""], ["" 130.391"", "" 125.974"", ""  64.899""], ["" 131.905"", "" 126.246"", ""  64.803""], ["" 132.937"", "" 124.770"", ""  65.043""], ["" 132.837"", "" 123.766"", ""  63.575""], ["" 131.851"", "" 122.113"", ""  62.104""], ["" 131.792"", "" 122.848"", ""  63.310""], ["" 132.914"", "" 122.331"", ""  61.221""], ["" 130.656"", "" 122.677"", ""  64.218""], ["" 133.884"", "" 123.274"", ""  61.549""], ["" 129.758"", "" 122.539"", ""  64.935""], ["" 133.850"", "" 123.987"", ""  62.699""], ["" 130.792"", "" 121.083"", ""  61.714""], ["" 135.054"", "" 123.565"", ""  60.627""], ["" 129.687"", "" 127.027"", ""  68.502""], ["" 128.503"", "" 126.415"", ""  68.914""], ["" 130.444"", "" 127.755"", ""  69.433""], ["" 128.079"", "" 126.515"", ""  70.237""], ["" 130.019"", "" 127.854"", ""  70.754""], ["" 128.833"", "" 127.237"", ""  71.174""], ["" 128.406"", "" 127.367"", ""  72.607""], ["" 129.156"", "" 127.763"", ""  73.504""], ["" 127.114"", "" 127.004"", ""  72.818""], ["" 126.268"", "" 127.770"", ""  73.664""]]",[],1o_Grossjean_2025
20,13941,1p_Grossjean_2025,receptor_tmp,2,16,-6.9,-0.31363636363636366,0.0,0.0,1,191.5,-8.39,-8.04,-0.34,-8.39,0.0,-0.49,1.49,-0.49,32,7,0.0,0.0,0.0,10.533926,11.113011,8.767263,0.34099206,-0.44557752,0.82775908,151.74559,"230.281265, 357.232269, 259.155884, 241.497269, 36.508972, ","[["" 129.318"", "" 127.797"", ""  65.888""], ["" 129.848"", "" 126.114"", ""  66.320""], ["" 131.198"", "" 125.705"", ""  65.236""], ["" 132.213"", "" 125.215"", ""  63.093""], ["" 131.059"", "" 125.550"", ""  63.836""], ["" 133.436"", "" 125.067"", ""  63.757""], ["" 129.779"", "" 125.758"", ""  63.159""], ["" 133.484"", "" 125.260"", ""  65.137""], ["" 128.766"", "" 125.923"", ""  62.621""], ["" 132.392"", "" 125.579"", ""  65.869""], ["" 132.186"", "" 125.013"", ""  61.579""], ["" 134.783"", "" 125.127"", ""  65.910""], ["" 128.004"", "" 128.229"", ""  66.568""], ["" 127.229"", "" 129.297"", ""  65.782""], ["" 126.178"", "" 128.845"", ""  65.062""], ["" 127.595"", "" 130.473"", ""  65.832""], ["" 125.979"", "" 127.856"", ""  65.104""], ["" 125.318"", "" 129.594"", ""  64.269""], ["" 124.114"", "" 130.019"", ""  64.614""], ["" 125.637"", "" 130.000"", ""  62.973""], ["" 123.608"", "" 130.727"", ""  63.522""], ["" 124.539"", "" 130.707"", ""  62.539""]]",[],1p_Grossjean_2025
21,5604,1q_Grossjean_2025,receptor_tmp,1,10,-6.09,-0.2768181818181818,0.0,0.0,1,188.85,-8.18,-7.67,-0.51,-8.18,0.0,-0.59,2.09,-0.59,32,13,0.0,0.0,0.0,10.631501,10.240748,10.158517,0.56399632,0.70909588,0.42319166,164.747864,"156.377014, 260.688507, 356.126129, 334.004425, 195.958969, 276.236115, 279.66745, ","[["" 127.869"", "" 128.608"", ""  66.278""], ["" 126.628"", "" 128.690"", ""  65.759""], ["" 128.533"", "" 129.596"", ""  66.596""], ["" 126.162"", "" 127.832"", ""  65.501""], ["" 128.423"", "" 127.189"", ""  66.473""], ["" 129.857"", "" 126.991"", ""  65.942""], ["" 130.505"", "" 125.313"", ""  66.206""], ["" 130.812"", "" 124.567"", ""  64.617""], ["" 132.188"", "" 123.757"", ""  62.795""], ["" 132.102"", "" 124.362"", ""  64.069""], ["" 131.013"", "" 123.402"", ""  62.124""], ["" 133.319"", "" 124.792"", ""  64.760""], ["" 129.785"", "" 123.665"", ""  62.727""], ["" 134.284"", "" 125.131"", ""  65.303""], ["" 129.679"", "" 124.241"", ""  63.947""], ["" 133.522"", "" 123.474"", ""  62.105""], ["" 128.475"", "" 123.314"", ""  62.047""], ["" 125.886"", "" 129.932"", ""  65.494""], ["" 124.355"", "" 129.737"", ""  65.523""], ["" 123.790"", "" 129.387"", ""  66.561""], ["" 123.741"", "" 130.009"", ""  64.345""], ["" 124.494"", "" 130.107"", ""  63.145""]]",[],1q_Grossjean_2025
22,4431,2a_Ghoteimi_2023,receptor_tmp,1,4,-9.14,-0.18653061224489798,0.0,0.0,2,191.02,-12.42,-12.22,-0.2,-12.42,0.0,-2.0,3.28,-2.0,90,5,0.0,0.0,0.0,10.564025,9.378692,4.241456,-0.90117262,0.43332911,0.01066749,283.046753,"283.152985, 173.327805, 261.945251, 238.540436, 151.53299, 88.30777, 157.61763, 259.604156, 358.307098, 219.161667, 22.844398, ","[["" 132.872"", "" 124.689"", ""  63.598""], ["" 132.247"", "" 123.534"", ""  63.279""], ["" 134.027"", "" 124.980"", ""  63.284""], ["" 131.325"", "" 123.407"", ""  63.668""], ["" 132.048"", "" 125.662"", ""  64.452""], ["" 130.498"", "" 124.964"", ""  65.106""], ["" 129.591"", "" 126.344"", ""  65.766""], ["" 129.145"", "" 127.245"", ""  62.344""], ["" 129.066"", "" 127.277"", ""  63.499""], ["" 128.962"", "" 127.319"", ""  64.961""], ["" 128.263"", "" 128.366"", ""  65.610""], ["" 129.559"", "" 126.382"", ""  67.118""], ["" 128.243"", "" 128.384"", ""  67.011""], ["" 128.889"", "" 127.383"", ""  67.741""], ["" 127.546"", "" 129.463"", ""  64.892""], ["" 126.633"", "" 129.161"", ""  63.879""], ["" 127.795"", "" 130.805"", ""  65.194""], ["" 125.975"", "" 130.176"", ""  63.191""], ["" 127.136"", "" 131.820"", ""  64.507""], ["" 126.209"", "" 131.525"", ""  63.497""], ["" 125.573"", "" 132.560"", ""  62.806""], ["" 124.097"", "" 132.601"", ""  62.761""], ["" 126.116"", "" 133.087"", ""  61.538""], ["" 123.538"", "" 133.970"", ""  62.320""], ["" 125.504"", "" 134.441"", ""  61.124""], ["" 124.090"", "" 134.338"", ""  61.065""], ["" 128.888"", "" 127.355"", ""  69.236""], ["" 127.901"", "" 126.663"", ""  69.948""], ["" 129.870"", "" 128.036"", ""  69.963""], ["" 127.898"", "" 126.650"", ""  71.340""], ["" 129.866"", "" 128.026"", ""  71.354""], ["" 128.885"", "" 127.323"", ""  72.073""], ["" 128.852"", "" 127.326"", ""  73.472""], ["" 129.509"", "" 126.264"", ""  74.260""], ["" 127.642"", "" 127.796"", ""  74.177""], ["" 129.684"", "" 126.614"", ""  75.753""], ["" 127.872"", "" 128.099"", ""  75.673""], ["" 128.432"", "" 126.968"", ""  76.320""], ["" 132.699"", "" 122.448"", ""  62.506""], ["" 131.712"", "" 121.560"", ""  62.074""], ["" 134.034"", "" 122.222"", ""  62.140""], ["" 132.048"", "" 120.454"", ""  61.299""], ["" 134.369"", "" 121.113"", ""  61.367""], ["" 133.382"", "" 120.216"", ""  60.937""], ["" 133.780"", "" 119.032"", ""  60.104""], ["" 133.124"", "" 118.628"", ""  59.139""], ["" 134.932"", "" 118.446"", ""  60.522""], ["" 135.444"", "" 117.288"", ""  59.876""], ["" 136.185"", "" 117.702"", ""  58.601""]]",[],2a_Ghoteimi_2023
23,13905,2a_Grossjean_2025,receptor_tmp,1,4,-7.43,-0.24766666666666665,0.0,0.0,7,185.11,-9.82,-9.53,-0.28,-9.82,0.0,-1.1,2.39,-1.1,54,7,0.0,0.0,0.0,11.765066,7.478426,11.11624,-0.17903849,-0.28767466,-0.94084457,201.268585,"130.39621, 130.687439, 78.877708, 354.854462, 4.254768, 25.900167, 146.250351, 169.99173, ","[["" 131.076"", "" 127.072"", ""  66.688""], ["" 130.005"", "" 126.512"", ""  67.288""], ["" 131.830"", "" 127.901"", ""  67.198""], ["" 129.503"", "" 125.827"", ""  66.744""], ["" 131.341"", "" 126.615"", ""  65.249""], ["" 132.944"", "" 125.770"", ""  65.044""], ["" 132.789"", "" 124.468"", ""  63.827""], ["" 133.763"", "" 123.401"", ""  61.995""], ["" 132.693"", "" 122.518"", ""  61.877""], ["" 133.819"", "" 124.355"", ""  62.950""], ["" 131.621"", "" 122.610"", ""  62.778""], ["" 131.666"", "" 123.609"", ""  63.783""], ["" 130.572"", "" 123.752"", ""  64.749""], ["" 129.708"", "" 123.864"", ""  65.511""], ["" 134.938"", "" 123.355"", ""  61.035""], ["" 130.446"", "" 121.625"", ""  62.635""], ["" 129.364"", "" 122.264"", ""  62.189""], ["" 130.764"", "" 120.657"", ""  61.773""], ["" 130.119"", "" 121.041"", ""  63.791""], ["" 129.504"", "" 126.687"", ""  68.591""], ["" 130.251"", "" 127.527"", ""  69.417""], ["" 128.340"", "" 126.087"", ""  69.094""], ["" 129.841"", "" 127.782"", ""  70.723""], ["" 127.933"", "" 126.340"", ""  70.401""], ["" 128.673"", "" 127.193"", ""  71.229""], ["" 128.200"", "" 127.447"", ""  72.632""], ["" 128.962"", "" 127.688"", ""  73.573""], ["" 126.851"", "" 127.365"", ""  72.764""], ["" 126.170"", "" 128.063"", ""  73.800""], ["" 124.688"", "" 127.676"", ""  73.782""]]",[],2a_Grossjean_2025
24,14234,2aa_Ghoteimi_2023,receptor_tmp,1,16,-9.01,-0.18387755102040815,0.0,0.0,3,189.09,-12.29,-12.12,-0.17,-12.29,0.0,-2.55,3.28,-2.55,66,6,0.0,0.0,0.0,7.219791,9.959365,9.915733,-0.51671529,-0.24616687,0.82000438,147.747604,"62.767529, 59.869476, 120.193687, 298.848053, 257.121399, 56.48666, 126.360527, 77.546783, 174.186081, 291.216492, 100.796349, ","[["" 125.532"", "" 129.575"", ""  64.507""], ["" 125.874"", "" 130.881"", ""  64.466""], ["" 125.029"", "" 128.945"", ""  63.575""], ["" 126.342"", "" 131.243"", ""  65.285""], ["" 125.841"", "" 128.876"", ""  65.838""], ["" 127.154"", "" 129.240"", ""  66.279""], ["" 128.074"", "" 128.255"", ""  66.613""], ["" 128.315"", "" 128.175"", ""  63.091""], ["" 128.524"", "" 127.917"", ""  64.200""], ["" 128.790"", "" 127.589"", ""  65.602""], ["" 129.735"", "" 126.605"", ""  65.973""], ["" 128.252"", "" 127.967"", ""  67.933""], ["" 129.891"", "" 126.320"", ""  67.336""], ["" 129.141"", "" 127.008"", ""  68.294""], ["" 130.583"", "" 125.854"", ""  64.997""], ["" 129.993"", "" 125.007"", ""  64.056""], ["" 131.976"", "" 125.963"", ""  65.025""], ["" 130.778"", "" 124.290"", ""  63.157""], ["" 132.760"", "" 125.246"", ""  64.127""], ["" 132.178"", "" 124.388"", ""  63.184""], ["" 132.985"", "" 123.680"", ""  62.289""], ["" 133.060"", "" 124.050"", ""  60.863""], ["" 133.092"", "" 122.213"", ""  62.423""], ["" 134.248"", "" 123.401"", ""  60.121""], ["" 134.279"", "" 121.613"", ""  61.641""], ["" 134.203"", "" 121.991"", ""  60.276""], ["" 129.288"", "" 126.750"", ""  69.761""], ["" 128.448"", "" 125.840"", ""  70.413""], ["" 130.261"", "" 127.410"", ""  70.519""], ["" 128.584"", "" 125.591"", ""  71.776""], ["" 130.400"", "" 127.159"", ""  71.882""], ["" 129.575"", "" 126.233"", ""  72.536""], ["" 129.717"", "" 126.003"", ""  73.909""], ["" 130.939"", "" 125.384"", ""  74.464""], ["" 129.174"", "" 126.981"", ""  74.874""], ["" 130.781"", "" 124.888"", ""  75.916""], ["" 129.067"", "" 126.437"", ""  76.315""], ["" 130.327"", "" 125.945"", ""  76.745""], ["" 125.726"", "" 131.820"", ""  63.427""], ["" 126.540"", "" 131.621"", ""  62.310""], ["" 124.853"", "" 132.917"", ""  63.454""], ["" 126.477"", "" 132.492"", ""  61.227""], ["" 124.794"", "" 133.789"", ""  62.370""], ["" 125.601"", "" 133.587"", ""  61.244""], ["" 125.511"", "" 134.548"", ""  60.093""], ["" 124.505"", "" 134.668"", ""  59.386""], ["" 126.651"", "" 135.262"", ""  59.901""], ["" 127.740"", "" 135.166"", ""  60.809""], ["" 127.727"", "" 136.378"", ""  61.746""]]",[],2aa_Ghoteimi_2023
25,14128,2b_Ghoteimi_2023,receptor_tmp,1,8,-10.14,-0.2358139534883721,0.0,0.0,7,191.91,-12.53,-12.18,-0.35,-12.53,0.0,-1.78,2.39,-1.78,63,5,0.0,0.0,0.0,9.799001,10.785459,8.206577,-0.87933425,0.35579832,0.31651039,178.763657,"217.271866, 177.735001, 252.023987, 63.203793, 74.368423, 15.68487, 237.608734, 10.068876, ","[["" 130.210"", "" 124.952"", ""  64.020""], ["" 129.370"", "" 126.344"", ""  64.743""], ["" 128.725"", "" 127.327"", ""  61.370""], ["" 128.733"", "" 127.340"", ""  62.527""], ["" 128.740"", "" 127.362"", ""  63.993""], ["" 128.105"", "" 128.414"", ""  64.700""], ["" 129.355"", "" 126.325"", ""  66.097""], ["" 128.134"", "" 128.389"", ""  66.100""], ["" 128.749"", "" 127.331"", ""  66.776""], ["" 127.397"", "" 129.550"", ""  64.039""], ["" 126.321"", "" 129.307"", ""  63.183""], ["" 127.808"", "" 130.869"", ""  64.251""], ["" 125.658"", "" 130.362"", ""  62.563""], ["" 127.148"", "" 131.924"", ""  63.628""], ["" 126.065"", "" 131.690"", ""  62.769""], ["" 125.408"", "" 132.766"", ""  62.170""], ["" 124.222"", "" 133.344"", ""  62.833""], ["" 126.155"", "" 133.834"", ""  61.476""], ["" 123.383"", "" 134.248"", ""  61.905""], ["" 125.264"", "" 134.717"", ""  60.579""], ["" 124.200"", "" 135.264"", ""  61.342""], ["" 128.781"", "" 127.242"", ""  68.269""], ["" 127.813"", "" 126.505"", ""  68.961""], ["" 129.782"", "" 127.878"", ""  69.014""], ["" 127.847"", "" 126.405"", ""  70.349""], ["" 129.814"", "" 127.780"", ""  70.402""], ["" 128.842"", "" 127.049"", ""  71.100""], ["" 128.906"", "" 126.932"", ""  72.493""], ["" 130.035"", "" 126.214"", ""  73.121""], ["" 128.454"", "" 128.022"", ""  73.379""], ["" 129.780"", "" 125.829"", ""  74.594""], ["" 128.248"", "" 127.587"", ""  74.846""], ["" 129.430"", "" 126.982"", ""  75.344""], ["" 131.788"", "" 124.746"", ""  64.900""], ["" 132.969"", "" 124.603"", ""  63.939""], ["" 132.659"", "" 124.170"", ""  62.697""], ["" 134.103"", "" 124.885"", ""  64.329""], ["" 131.690"", "" 123.959"", ""  62.510""], ["" 133.531"", "" 123.945"", ""  61.642""], ["" 134.849"", "" 123.879"", ""  61.725""], ["" 133.103"", "" 123.759"", ""  60.328""], ["" 135.321"", "" 123.638"", ""  60.433""], ["" 134.255"", "" 123.569"", ""  59.601""]]",[],2b_Ghoteimi_2023
26,4215,2b_Grossjean_2025,receptor_tmp,1,13,-7.04,-0.24275862068965517,0.0,0.0,10,187.38,-9.13,-8.65,-0.47,-9.13,0.0,-0.68,2.09,-0.68,43,6,0.0,0.0,0.0,10.480275,11.310589,8.906829,0.16248824,0.84232141,0.51389903,302.677582,"268.469788, 230.145172, 134.789932, 225.889816, 268.781555, 173.898682, 24.502821, ","[["" 130.622"", "" 126.582"", ""  66.293""], ["" 129.559"", "" 126.349"", ""  67.091""], ["" 131.623"", "" 127.226"", ""  66.609""], ["" 128.779"", "" 125.871"", ""  66.664""], ["" 130.521"", "" 125.992"", ""  64.883""], ["" 130.136"", "" 124.210"", ""  64.877""], ["" 130.738"", "" 123.462"", ""  63.369""], ["" 130.188"", "" 122.244"", ""  61.455""], ["" 131.507"", "" 122.254"", ""  61.010""], ["" 129.803"", "" 122.837"", ""  62.607""], ["" 132.489"", "" 122.899"", ""  61.777""], ["" 132.100"", "" 123.520"", ""  62.992""], ["" 133.085"", "" 124.204"", ""  63.836""], ["" 133.863"", "" 124.744"", ""  64.501""], ["" 129.087"", "" 121.558"", ""  60.670""], ["" 133.943"", "" 122.905"", ""  61.268""], ["" 133.959"", "" 122.836"", ""  59.936""], ["" 134.559"", "" 124.024"", ""  61.651""], ["" 134.657"", "" 121.876"", ""  61.732""], ["" 129.337"", "" 126.731"", ""  68.429""], ["" 128.274"", "" 126.099"", ""  69.072""], ["" 130.112"", "" 127.665"", ""  69.133""], ["" 127.972"", "" 126.400"", ""  70.398""], ["" 129.809"", "" 127.963"", ""  70.458""], ["" 128.736"", "" 127.338"", ""  71.107""], ["" 128.440"", "" 127.685"", ""  72.538""], ["" 127.446"", "" 127.273"", ""  73.144""], ["" 129.376"", "" 128.493"", ""  73.098""], ["" 129.267"", "" 129.907"", ""  73.012""]]",[],2b_Grossjean_2025
27,14178,2c_Ghoteimi_2023,receptor_tmp,1,20,-10.1,-0.23488372093023255,0.0,0.0,9,191.77,-12.49,-12.16,-0.33,-12.49,0.0,-1.61,2.39,-1.61,51,6,0.0,0.0,0.0,10.121531,9.883751,8.645531,-0.15265618,-0.61797698,-0.77123313,239.972733,"57.434879, 60.657303, 258.075531, 47.992847, 345.417389, 29.425657, 325.621552, 330.632904, ","[["" 126.950"", "" 129.782"", ""  65.687""], ["" 128.124"", "" 128.511"", ""  66.096""], ["" 128.624"", "" 128.260"", ""  62.569""], ["" 128.732"", "" 128.055"", ""  63.702""], ["" 128.874"", "" 127.791"", ""  65.138""], ["" 129.774"", "" 126.801"", ""  65.604""], ["" 128.264"", "" 128.310"", ""  67.428""], ["" 129.876"", "" 126.590"", ""  66.985""], ["" 129.124"", "" 127.360"", ""  67.877""], ["" 130.627"", "" 125.964"", ""  64.708""], ["" 130.039"", "" 125.153"", ""  63.735""], ["" 132.019"", "" 125.968"", ""  64.832""], ["" 130.828"", "" 124.373"", ""  62.893""], ["" 132.807"", "" 125.187"", ""  63.992""], ["" 132.226"", "" 124.372"", ""  63.009""], ["" 133.037"", "" 123.613"", ""  62.162""], ["" 133.127"", "" 122.153"", ""  62.364""], ["" 133.142"", "" 123.918"", ""  60.722""], ["" 134.325"", "" 121.509"", ""  61.635""], ["" 134.339"", "" 123.229"", ""  60.034""], ["" 134.281"", "" 121.828"", ""  60.252""], ["" 129.209"", "" 127.185"", ""  69.359""], ["" 130.261"", "" 127.751"", ""  70.086""], ["" 128.238"", "" 126.459"", ""  70.061""], ["" 130.343"", "" 127.596"", ""  71.468""], ["" 128.320"", "" 126.303"", ""  71.442""], ["" 129.380"", "" 126.858"", ""  72.173""], ["" 129.434"", "" 126.714"", ""  73.564""], ["" 128.327"", "" 127.223"", ""  74.400""], ["" 130.015"", "" 125.510"", ""  74.192""], ["" 128.687"", "" 127.347"", ""  75.895""], ["" 130.322"", "" 125.679"", ""  75.695""], ["" 129.158"", "" 126.103"", ""  76.386""], ["" 125.918"", "" 129.155"", ""  64.328""], ["" 125.019"", "" 130.245"", ""  63.740""], ["" 125.662"", "" 131.260"", ""  63.124""], ["" 123.796"", "" 130.143"", ""  63.850""], ["" 126.672"", "" 131.233"", ""  63.108""], ["" 125.081"", "" 132.370"", ""  62.528""], ["" 123.931"", "" 132.936"", ""  62.825""], ["" 125.958"", "" 133.126"", ""  61.238""], ["" 123.693"", "" 133.981"", ""  62.057""], ["" 124.665"", "" 134.281"", ""  61.108""]]",[],2c_Ghoteimi_2023
28,4557,2c_Grossjean_2025,receptor_tmp,1,14,-6.85,-0.2537037037037037,0.0,0.0,7,190.22,-8.64,-8.19,-0.45,-8.64,0.0,-0.63,1.79,-0.63,36,7,0.0,0.0,0.0,9.791069,8.459141,10.109299,-0.32708099,0.12024435,0.93731495,124.589111,"151.672684, 239.223831, 145.633682, 318.924133, 35.210522, 105.04705, ","[["" 130.378"", "" 126.078"", ""  65.128""], ["" 130.140"", "" 124.267"", ""  65.101""], ["" 130.736"", "" 123.612"", ""  63.547""], ["" 130.176"", "" 122.520"", ""  61.563""], ["" 131.496"", "" 122.546"", ""  61.119""], ["" 129.796"", "" 123.044"", ""  62.749""], ["" 132.483"", "" 123.133"", ""  61.923""], ["" 132.099"", "" 123.683"", ""  63.173""], ["" 133.089"", "" 124.308"", ""  64.056""], ["" 133.871"", "" 124.802"", ""  64.752""], ["" 129.071"", "" 121.890"", ""  60.738""], ["" 133.938"", "" 123.156"", ""  61.417""], ["" 134.567"", "" 122.040"", ""  61.788""], ["" 133.959"", "" 123.243"", ""  60.087""], ["" 134.635"", "" 124.188"", ""  61.898""], ["" 130.628"", "" 126.690"", ""  66.515""], ["" 129.662"", "" 126.449"", ""  67.426""], ["" 131.635"", "" 127.370"", ""  66.724""], ["" 128.834"", "" 125.978"", ""  67.092""], ["" 129.609"", "" 126.843"", ""  68.776""], ["" 130.489"", "" 127.767"", ""  69.358""], ["" 128.638"", "" 126.225"", ""  69.565""], ["" 130.372"", "" 128.081"", ""  70.709""], ["" 128.525"", "" 126.542"", ""  70.915""], ["" 129.393"", "" 127.478"", ""  71.499""], ["" 129.354"", "" 127.855"", ""  72.827""], ["" 128.093"", "" 128.074"", ""  73.450""]]",[],2c_Grossjean_2025
29,14112,2d_Ghoteimi_2023,receptor_tmp,1,18,-9.59,-0.2523684210526316,0.0,0.0,10,191.52,-11.98,-11.42,-0.55,-11.98,0.0,-1.51,2.39,-1.51,54,7,0.0,0.0,0.0,10.456191,9.315054,9.385554,0.36204375,0.86099094,-0.35723792,195.780106,"76.748825, 176.80925, 128.850571, 107.723412, 131.475281, 174.482315, 262.105835, 32.193844, ","[["" 126.847"", "" 129.735"", ""  65.641""], ["" 128.052"", "" 128.497"", ""  66.073""], ["" 128.491"", "" 128.084"", ""  62.550""], ["" 128.626"", "" 127.939"", ""  63.691""], ["" 128.801"", "" 127.751"", ""  65.134""], ["" 129.731"", "" 126.802"", ""  65.628""], ["" 128.164"", "" 128.302"", ""  67.410""], ["" 129.850"", "" 126.644"", ""  67.014""], ["" 129.051"", "" 127.391"", ""  67.884""], ["" 130.597"", "" 125.950"", ""  64.760""], ["" 130.023"", "" 125.022"", ""  63.889""], ["" 131.989"", "" 126.083"", ""  64.780""], ["" 130.821"", "" 124.232"", ""  63.066""], ["" 132.787"", "" 125.293"", ""  63.958""], ["" 132.220"", "" 124.347"", ""  63.094""], ["" 133.041"", "" 123.573"", ""  62.268""], ["" 133.356"", "" 123.991"", ""  60.888""], ["" 132.937"", "" 122.102"", ""  62.324""], ["" 134.540"", "" 123.219"", ""  60.267""], ["" 134.134"", "" 121.379"", ""  61.669""], ["" 134.295"", "" 121.822"", ""  60.330""], ["" 129.130"", "" 127.244"", ""  69.369""], ["" 130.212"", "" 127.776"", ""  70.080""], ["" 128.134"", "" 126.570"", ""  70.086""], ["" 130.292"", "" 127.643"", ""  71.464""], ["" 128.214"", "" 126.439"", ""  71.469""], ["" 129.288"", "" 126.982"", ""  72.188""], ["" 129.363"", "" 126.824"", ""  73.577""], ["" 128.295"", "" 127.318"", ""  74.468""], ["" 129.950"", "" 125.592"", ""  74.142""], ["" 128.715"", "" 127.394"", ""  75.951""], ["" 130.319"", "" 125.712"", ""  75.636""], ["" 129.190"", "" 126.129"", ""  76.385""], ["" 125.313"", "" 128.889"", ""  65.128""], ["" 124.096"", "" 129.817"", ""  65.260""], ["" 123.498"", "" 130.002"", ""  66.324""], ["" 123.778"", "" 130.379"", ""  64.075""], ["" 124.611"", "" 130.191"", ""  62.941""]]",[],2d_Ghoteimi_2023
30,4440,2d_Grossjean_2025,receptor_tmp,1,6,-6.53,-0.2612,0.0,0.0,1,186.83,-8.02,-7.88,-0.14,-8.02,0.0,-0.68,1.49,-0.68,46,2,0.0,0.0,0.0,12.117074,6.21007,3.584632,0.14294519,-0.91138128,0.38594149,189.681763,"15.118059, 265.258759, 118.954956, 65.403404, 272.333282, ","[["" 129.267"", "" 123.490"", ""  62.569""], ["" 131.002"", "" 123.875"", ""  62.695""], ["" 133.018"", "" 123.904"", ""  61.530""], ["" 133.713"", "" 124.364"", ""  62.646""], ["" 131.687"", "" 123.666"", ""  61.544""], ["" 133.017"", "" 124.607"", ""  63.839""], ["" 131.619"", "" 124.367"", ""  63.870""], ["" 130.839"", "" 124.649"", ""  65.078""], ["" 130.224"", "" 124.873"", ""  66.032""], ["" 133.721"", "" 123.631"", ""  60.214""], ["" 133.800"", "" 125.126"", ""  65.061""], ["" 133.146"", "" 126.142"", ""  65.624""], ["" 133.942"", "" 124.151"", ""  65.960""], ["" 135.021"", "" 125.561"", ""  64.745""], ["" 129.040"", "" 122.224"", ""  61.276""], ["" 127.867"", "" 122.528"", ""  60.340""], ["" 126.918"", "" 123.348"", ""  60.839""], ["" 127.865"", "" 122.045"", ""  59.207""], ["" 127.100"", "" 123.739"", ""  61.752""], ["" 125.732"", "" 123.806"", ""  60.236""], ["" 125.841"", "" 124.221"", ""  58.907""], ["" 124.491"", "" 123.889"", ""  60.891""], ["" 124.723"", "" 124.696"", ""  58.226""], ["" 123.377"", "" 124.365"", ""  60.208""], ["" 123.495"", "" 124.764"", ""  58.879""]]",[],2d_Grossjean_2025
31,14065,2e_Grossjean_2025,receptor_tmp,1,8,-6.51,-0.25038461538461537,0.0,0.0,1,191.57,-8.01,-7.95,-0.06,-8.01,0.0,-1.23,1.49,-1.23,45,5,0.0,0.0,0.0,11.619885,6.011249,7.341139,0.36638202,0.89467468,-0.2555806,269.040649,"131.412735, 57.884354, 319.785217, 184.161987, 96.251579, ","[["" 133.045"", "" 125.495"", ""  65.205""], ["" 132.869"", "" 124.333"", ""  63.869""], ["" 133.804"", "" 123.533"", ""  61.893""], ["" 132.728"", "" 122.674"", ""  61.678""], ["" 133.880"", "" 124.354"", ""  62.965""], ["" 131.670"", "" 122.647"", ""  62.599""], ["" 131.737"", "" 123.497"", ""  63.730""], ["" 130.650"", "" 123.538"", ""  64.713""], ["" 129.791"", "" 123.570"", ""  65.489""], ["" 134.968"", "" 123.607"", ""  60.923""], ["" 130.478"", "" 121.708"", ""  62.336""], ["" 129.409"", "" 122.416"", ""  61.970""], ["" 130.781"", "" 120.849"", ""  61.362""], ["" 130.138"", "" 120.994"", ""  63.411""], ["" 131.524"", "" 126.497"", ""  65.181""], ["" 131.091"", "" 126.918"", ""  66.589""], ["" 130.057"", "" 126.226"", ""  67.117""], ["" 131.664"", "" 127.861"", ""  67.138""], ["" 129.750"", "" 125.408"", ""  66.612""], ["" 129.378"", "" 126.469"", ""  68.323""], ["" 129.960"", "" 127.161"", ""  69.346""], ["" 128.055"", "" 126.020"", ""  68.400""], ["" 129.232"", "" 127.401"", ""  70.467""], ["" 127.319"", "" 126.272"", ""  69.560""], ["" 127.910"", "" 126.972"", ""  70.613""], ["" 129.941"", "" 128.177"", ""  71.560""]]",[],2e_Grossjean_2025
32,13922,2f_Grossjean_2025,receptor_tmp,1,16,-5.79,-0.2316,0.0,0.0,1,188.26,-7.28,-7.37,0.1,-7.28,0.0,-1.56,1.49,-1.56,48,3,0.0,0.0,0.0,11.206441,5.339898,6.008714,0.47565557,-0.86873962,0.13799732,250.359329,"5.79842, 244.076401, 110.109261, 131.720566, 352.962189, ","[["" 132.046"", "" 123.073"", ""  62.067""], ["" 132.049"", "" 124.233"", ""  63.420""], ["" 133.349"", "" 125.117"", ""  65.140""], ["" 132.315"", "" 125.953"", ""  65.556""], ["" 133.223"", "" 124.266"", ""  64.096""], ["" 131.084"", "" 125.916"", ""  64.883""], ["" 130.936"", "" 125.026"", ""  63.788""], ["" 129.653"", "" 124.910"", ""  63.090""], ["" 128.640"", "" 124.820"", ""  62.538""], ["" 134.696"", "" 125.111"", ""  65.837""], ["" 129.950"", "" 126.840"", ""  65.366""], ["" 129.465"", "" 127.545"", ""  64.341""], ["" 128.965"", "" 126.113"", ""  65.894""], ["" 130.351"", "" 127.710"", ""  66.295""], ["" 130.841"", "" 121.757"", ""  62.454""], ["" 129.815"", "" 121.469"", ""  61.349""], ["" 129.251"", "" 122.571"", ""  60.807""], ["" 129.570"", "" 120.312"", ""  61.005""], ["" 129.591"", "" 123.459"", ""  61.147""], ["" 128.278"", "" 122.672"", ""  59.795""], ["" 128.599"", "" 122.115"", ""  58.552""], ["" 127.025"", "" 123.299"", ""  59.926""], ["" 127.761"", "" 122.140"", ""  57.484""], ["" 126.152"", "" 123.334"", ""  58.837""], ["" 126.555"", "" 122.744"", ""  57.639""]]",[],2f_Grossjean_2025
33,14240,2g_Grossjean_2025,receptor_tmp,1,9,-6.87,-0.2642307692307692,0.0,0.0,3,189.27,-8.66,-8.5,-0.16,-8.66,0.0,-0.65,1.79,-0.65,46,5,0.0,0.0,0.0,12.252889,8.441181,7.145249,-0.65626938,-0.08536355,-0.74968231,232.276062,"150.729523, 222.511292, 337.81311, 14.469806, 306.746735, 344.658691, ","[["" 132.837"", "" 124.792"", ""  65.144""], ["" 132.761"", "" 123.799"", ""  63.669""], ["" 133.844"", "" 123.306"", ""  61.667""], ["" 132.879"", "" 122.364"", ""  61.320""], ["" 133.792"", "" 124.018"", ""  62.816""], ["" 131.792"", "" 122.141"", ""  62.180""], ["" 131.718"", "" 122.884"", ""  63.386""], ["" 130.575"", "" 122.732"", ""  64.290""], ["" 129.672"", "" 122.610"", ""  65.004""], ["" 135.034"", "" 123.591"", ""  60.771""], ["" 130.730"", "" 121.101"", ""  61.775""], ["" 129.808"", "" 121.662"", ""  60.990""], ["" 131.309"", "" 120.098"", ""  61.113""], ["" 130.094"", "" 120.577"", ""  62.825""], ["" 131.785"", "" 126.258"", ""  64.874""], ["" 130.490"", "" 126.280"", ""  65.697""], ["" 130.173"", "" 127.467"", ""  66.245""], ["" 129.798"", "" 125.269"", ""  65.831""], ["" 130.805"", "" 128.243"", ""  66.110""], ["" 128.998"", "" 127.733"", ""  67.075""], ["" 129.174"", "" 127.377"", ""  68.548""], ["" 130.222"", "" 127.945"", ""  69.280""], ["" 128.256"", "" 126.535"", ""  69.179""], ["" 130.362"", "" 127.651"", ""  70.634""], ["" 128.397"", "" 126.241"", ""  70.532""], ["" 129.451"", "" 126.800"", ""  71.254""]]",[],2g_Grossjean_2025
34,4380,2h_Grossjean_2025,receptor_tmp,1,10,-5.92,-0.185,0.0,0.0,1,192.51,-8.61,-8.45,-0.15,-8.61,0.0,-1.47,2.68,-1.47,55,8,0.0,0.0,0.0,10.510919,8.071028,6.166547,-0.36156464,-0.60808264,-0.70675775,171.697739,"217.853729, 350.963531, 342.078613, 350.269043, 349.688538, 24.922455, 108.349663, 112.047577, 128.801544, ","[["" 130.899"", "" 126.169"", ""  66.067""], ["" 130.118"", "" 127.262"", ""  66.011""], ["" 130.584"", "" 125.144"", ""  66.676""], ["" 130.431"", "" 128.052"", ""  65.465""], ["" 132.229"", "" 126.265"", ""  65.307""], ["" 133.193"", "" 124.718"", ""  65.239""], ["" 132.839"", "" 123.961"", ""  63.668""], ["" 133.699"", "" 123.502"", ""  61.553""], ["" 132.515"", "" 122.884"", ""  61.154""], ["" 133.867"", "" 124.030"", ""  62.786""], ["" 131.449"", "" 122.784"", ""  62.060""], ["" 131.612"", "" 123.327"", ""  63.360""], ["" 130.550"", "" 123.197"", ""  64.362""], ["" 129.712"", "" 123.090"", ""  65.152""], ["" 134.886"", "" 123.622"", ""  60.617""], ["" 130.151"", "" 122.089"", ""  61.604""], ["" 130.147"", "" 120.820"", ""  62.012""], ["" 129.054"", "" 122.671"", ""  62.095""], ["" 130.059"", "" 122.117"", ""  60.274""], ["" 128.769"", "" 127.358"", ""  66.569""], ["" 128.704"", "" 127.072"", ""  68.068""], ["" 129.592"", "" 127.692"", ""  68.961""], ["" 127.751"", "" 126.177"", ""  68.558""], ["" 129.489"", "" 127.442"", ""  70.340""], ["" 127.663"", "" 125.916"", ""  69.923""], ["" 128.529"", "" 126.547"", ""  70.830""], ["" 130.535"", "" 128.572"", ""  68.485""], ["" 131.877"", "" 128.120"", ""  68.616""], ["" 130.345"", "" 128.062"", ""  71.218""], ["" 129.734"", "" 129.073"", ""  72.008""], ["" 128.496"", "" 126.344"", ""  72.199""], ["" 129.537"", "" 125.599"", ""  72.820""]]",[],2h_Grossjean_2025
35,4233,2i_Grossjean_2025,receptor_tmp,1,13,-6.55,-0.27291666666666664,0.0,0.0,2,187.23,-8.04,-7.76,-0.27,-8.04,0.0,-0.65,1.49,-0.65,45,4,0.0,0.0,0.0,10.520571,6.282425,4.685006,-0.16379494,0.42182741,-0.89175829,160.335083,"11.747384, 14.23613, 278.87149, 237.429031, 35.241737, ","[["" 129.321"", "" 123.360"", ""  62.444""], ["" 131.056"", "" 123.768"", ""  62.544""], ["" 133.091"", "" 123.859"", ""  61.406""], ["" 133.754"", "" 124.341"", ""  62.531""], ["" 131.769"", "" 123.576"", ""  61.404""], ["" 133.037"", "" 124.548"", ""  63.719""], ["" 131.649"", "" 124.256"", ""  63.731""], ["" 130.851"", "" 124.456"", ""  64.945""], ["" 130.220"", "" 124.613"", ""  65.903""], ["" 133.817"", "" 123.619"", ""  60.096""], ["" 133.787"", "" 125.081"", ""  64.954""], ["" 133.117"", "" 126.103"", ""  65.489""], ["" 133.908"", "" 124.117"", ""  65.868""], ["" 135.016"", "" 125.515"", ""  64.665""], ["" 129.062"", "" 122.355"", ""  60.951""], ["" 127.679"", "" 122.579"", ""  60.335""], ["" 126.801"", "" 123.268"", ""  61.095""], ["" 127.453"", "" 122.153"", ""  59.201""], ["" 127.119"", "" 123.601"", ""  61.993""], ["" 125.503"", "" 123.610"", ""  60.754""], ["" 124.509"", "" 122.941"", ""  61.297""], ["" 125.030"", "" 124.592"", ""  59.871""], ["" 123.330"", "" 123.486"", ""  60.785""], ["" 123.660"", "" 124.480"", ""  59.926""]]",[],2i_Grossjean_2025
36,14237,2j_Grossjean_2025,receptor_tmp,1,12,-6.41,-0.26708333333333334,0.0,0.0,4,186.78,-7.9,-7.73,-0.16,-7.9,0.0,-0.57,1.49,-0.57,52,3,0.0,0.0,0.0,10.718036,5.76622,4.655068,0.17172883,-0.40286041,0.8990065,204.269424,"8.200741, 11.91664, 99.088722, 182.068954, 41.97084, ","[["" 129.352"", "" 123.272"", ""  62.535""], ["" 131.079"", "" 123.722"", ""  62.621""], ["" 133.102"", "" 123.861"", ""  61.472""], ["" 133.758"", "" 124.372"", ""  62.589""], ["" 131.789"", "" 123.541"", ""  61.479""], ["" 133.042"", "" 124.569"", ""  63.780""], ["" 131.664"", "" 124.236"", ""  63.803""], ["" 130.867"", "" 124.421"", ""  65.020""], ["" 130.238"", "" 124.567"", ""  65.980""], ["" 133.829"", "" 123.633"", ""  60.160""], ["" 133.782"", "" 125.135"", ""  65.006""], ["" 133.122"", "" 126.187"", ""  65.492""], ["" 133.872"", "" 124.204"", ""  65.957""], ["" 135.023"", "" 125.537"", ""  64.720""], ["" 129.084"", "" 122.309"", ""  61.008""], ["" 127.728"", "" 122.542"", ""  60.326""], ["" 126.844"", "" 123.258"", ""  61.056""], ["" 127.508"", "" 122.104"", ""  59.195""], ["" 127.139"", "" 123.576"", ""  61.968""], ["" 125.553"", "" 123.610"", ""  60.684""], ["" 124.425"", "" 123.034"", ""  61.038""], ["" 125.376"", "" 124.972"", ""  59.625""], ["" 123.382"", "" 123.634"", ""  60.498""], ["" 123.656"", "" 124.726"", ""  59.681""]]",[],2j_Grossjean_2025
37,14272,2k_Grossjean_2025,receptor_tmp,1,6,-4.68,-0.16137931034482758,0.0,0.0,3,188.26,-8.56,-8.12,-0.44,-8.56,0.0,-2.23,3.88,-2.23,40,6,0.0,0.0,0.0,10.585665,8.549266,1.73675,-0.50069849,0.61095576,-0.61321617,104.22422,"222.790436, 67.23951, 210.448914, 178.076675, 17.469778, 166.265823, 354.14502, 23.04916, 293.60614, 225.433472, 24.515787, 330.36438, 206.634644, ","[["" 131.913"", "" 122.189"", ""  62.020""], ["" 132.169"", "" 123.702"", ""  61.895""], ["" 132.018"", "" 124.415"", ""  63.165""], ["" 133.026"", "" 124.875"", ""  63.931""], ["" 134.214"", "" 124.769"", ""  63.622""], ["" 131.071"", "" 124.558"", ""  63.485""], ["" 132.610"", "" 125.538"", ""  65.252""], ["" 130.906"", "" 125.182"", ""  65.805""], ["" 129.769"", "" 126.281"", ""  64.970""], ["" 129.519"", "" 127.759"", ""  68.203""], ["" 129.339"", "" 127.572"", ""  67.075""], ["" 129.110"", "" 127.334"", ""  65.646""], ["" 128.221"", "" 128.155"", ""  64.906""], ["" 129.574"", "" 126.034"", ""  63.650""], ["" 128.041"", "" 127.887"", ""  63.541""], ["" 128.730"", "" 126.829"", ""  62.955""], ["" 128.575"", "" 126.496"", ""  61.484""], ["" 127.446"", "" 129.327"", ""  65.540""], ["" 128.199"", "" 130.059"", ""  66.363""], ["" 126.988"", "" 130.140"", ""  64.587""], ["" 126.414"", "" 128.863"", ""  66.246""], ["" 130.639"", "" 121.890"", ""  61.469""], ["" 130.050"", "" 122.934"", ""  60.711""], ["" 128.994"", "" 122.308"", ""  59.790""], ["" 127.805"", "" 122.104"", ""  60.543""], ["" 127.381"", "" 123.240"", ""  61.283""], ["" 126.107"", "" 123.806"", ""  60.643""], ["" 124.973"", "" 123.086"", ""  61.111""], ["" 123.738"", "" 123.629"", ""  60.673""]]",[],2k_Grossjean_2025
38,14284,3aa_Grossjean_2025,receptor_tmp,1,8,-8.73,-0.24942857142857144,0.0,0.0,7,188.73,-11.41,-10.99,-0.42,-11.41,0.0,-1.17,2.68,-1.17,59,5,0.0,0.0,0.0,10.431501,10.016096,7.219492,-0.86015189,0.20574942,-0.4666968,113.633041,"144.320755, 273.43103, 3.641842, 37.673588, 205.495972, 359.867676, 38.456818, 332.944061, 31.928585, ","[["" 130.641"", "" 126.917"", ""  66.200""], ["" 129.516"", "" 126.746"", ""  66.928""], ["" 131.724"", "" 127.306"", ""  66.640""], ["" 128.686"", "" 126.493"", ""  66.411""], ["" 130.516"", "" 126.605"", ""  64.709""], ["" 129.990"", "" 124.888"", ""  64.421""], ["" 130.834"", "" 124.322"", ""  62.961""], ["" 133.778"", "" 124.563"", ""  64.959""], ["" 133.096"", "" 124.378"", ""  64.041""], ["" 132.233"", "" 124.143"", ""  62.880""], ["" 132.776"", "" 123.697"", ""  61.651""], ["" 131.898"", "" 123.434"", ""  60.588""], ["" 130.004"", "" 124.045"", ""  61.927""], ["" 130.519"", "" 123.602"", ""  60.751""], ["" 134.286"", "" 123.488"", ""  61.435""], ["" 135.032"", "" 124.353"", ""  62.126""], ["" 134.641"", "" 122.262"", ""  61.820""], ["" 134.586"", "" 123.640"", ""  60.145""], ["" 129.538"", "" 123.332"", ""  59.650""], ["" 129.617"", "" 124.031"", ""  58.435""], ["" 128.520"", "" 122.374"", ""  59.801""], ["" 128.710"", "" 123.785"", ""  57.407""], ["" 127.610"", "" 122.128"", ""  58.776""], ["" 127.709"", "" 122.835"", ""  57.583""], ["" 129.303"", "" 126.929"", ""  68.309""], ["" 128.208"", "" 126.256"", ""  68.852""], ["" 130.113"", "" 127.711"", ""  69.146""], ["" 127.907"", "" 126.373"", ""  70.207""], ["" 129.813"", "" 127.826"", ""  70.499""], ["" 128.705"", "" 127.165"", ""  71.047""], ["" 128.409"", "" 127.319"", ""  72.511""], ["" 129.281"", "" 127.530"", ""  73.360""], ["" 127.088"", "" 127.218"", ""  72.805""], ["" 126.490"", "" 128.057"", ""  73.787""], ["" 124.993"", "" 127.746"", ""  73.880""]]",[],3aa_Grossjean_2025
39,4491,3ab_Grossjean_2025,receptor_tmp,1,20,-8.34,-0.24529411764705883,0.0,0.0,4,188.17,-10.73,-10.32,-0.41,-10.73,0.0,-0.97,2.39,-0.97,58,5,0.0,0.0,0.0,9.607076,9.735286,7.088649,0.86429396,-0.26091439,0.43002284,235.846542,"147.856171, 20.331997, 351.643677, 347.64859, 226.778412, 54.854763, 350.499451, 202.393021, ","[["" 130.736"", "" 126.808"", ""  66.140""], ["" 129.589"", "" 126.517"", ""  66.790""], ["" 131.744"", "" 127.296"", ""  66.651""], ["" 128.832"", "" 126.169"", ""  66.220""], ["" 130.739"", "" 126.492"", ""  64.643""], ["" 129.757"", "" 125.012"", ""  64.253""], ["" 130.383"", "" 124.341"", ""  62.728""], ["" 133.566"", "" 124.463"", ""  64.337""], ["" 132.763"", "" 124.289"", ""  63.522""], ["" 131.749"", "" 124.067"", ""  62.488""], ["" 132.106"", "" 123.532"", ""  61.226""], ["" 131.090"", "" 123.287"", ""  60.290""], ["" 129.418"", "" 124.078"", ""  61.815""], ["" 129.755"", "" 123.567"", ""  60.603""], ["" 133.562"", "" 123.204"", ""  60.844""], ["" 134.447"", "" 123.995"", ""  61.454""], ["" 133.854"", "" 121.947"", ""  61.180""], ["" 133.731"", "" 123.350"", ""  59.529""], ["" 128.628"", "" 123.308"", ""  59.648""], ["" 128.882"", "" 122.856"", ""  58.343""], ["" 127.291"", "" 123.512"", ""  60.029""], ["" 127.839"", "" 122.613"", ""  57.452""], ["" 126.245"", "" 123.270"", ""  59.142""], ["" 126.524"", "" 122.820"", ""  57.856""], ["" 129.258"", "" 126.668"", ""  68.150""], ["" 128.155"", "" 126.070"", ""  68.780""], ["" 130.107"", "" 127.490"", ""  68.893""], ["" 127.919"", "" 126.293"", ""  70.133""], ["" 129.869"", "" 127.711"", ""  70.246""], ["" 128.774"", "" 127.115"", ""  70.885""], ["" 128.545"", "" 127.376"", ""  72.346""], ["" 129.359"", "" 127.963"", ""  73.064""], ["" 127.357"", "" 126.899"", ""  72.796""], ["" 126.430"", "" 127.750"", ""  73.456""]]",[],3ab_Grossjean_2025
40,14281,3ac_Grossjean_2025,receptor_tmp,1,18,-8.11,-0.2534375,0.0,0.0,7,187.68,-10.19,-9.7,-0.49,-10.19,0.0,-0.96,2.09,-0.96,51,8,0.0,0.0,0.0,11.501076,7.247993,6.587721,-0.51936075,0.44499521,-0.72955032,144.141739,"123.532822, 348.138641, 200.095856, 340.591248, 320.778656, 204.529953, 249.694397, ","[["" 129.169"", "" 125.977"", ""  64.681""], ["" 130.454"", "" 126.522"", ""  63.515""], ["" 130.852"", "" 125.166"", ""  62.428""], ["" 133.981"", "" 125.053"", ""  64.146""], ["" 133.144"", "" 124.799"", ""  63.387""], ["" 132.086"", "" 124.476"", ""  62.428""], ["" 132.256"", "" 123.422"", ""  61.496""], ["" 131.188"", "" 123.099"", ""  60.647""], ["" 129.828"", "" 124.820"", ""  61.611""], ["" 129.985"", "" 123.807"", ""  60.721""], ["" 133.562"", "" 122.611"", ""  61.385""], ["" 134.641"", "" 123.385"", ""  61.240""], ["" 133.746"", "" 121.877"", ""  62.484""], ["" 133.503"", "" 121.800"", ""  60.329""], ["" 128.801"", "" 123.483"", ""  59.859""], ["" 128.972"", "" 123.091"", ""  58.521""], ["" 127.491"", "" 123.564"", ""  60.361""], ["" 127.878"", "" 122.783"", ""  57.717""], ["" 126.394"", "" 123.257"", ""  59.561""], ["" 126.592"", "" 122.866"", ""  58.241""], ["" 129.608"", "" 126.126"", ""  66.138""], ["" 128.635"", "" 126.476"", ""  67.007""], ["" 130.786"", "" 125.922"", ""  66.433""], ["" 127.697"", "" 126.516"", ""  66.637""], ["" 128.729"", "" 126.732"", ""  68.387""], ["" 129.837"", "" 127.473"", ""  68.802""], ["" 127.814"", "" 126.265"", ""  69.344""], ["" 130.025"", "" 127.760"", ""  70.151""], ["" 128.006"", "" 126.553"", ""  70.692""], ["" 129.117"", "" 127.305"", ""  71.106""], ["" 129.388"", "" 127.634"", ""  72.420""], ["" 128.311"", "" 127.978"", ""  73.288""]]",[],3ac_Grossjean_2025
41,4132,3ad_Grossjean_2025,receptor_tmp,1,7,-7.71,-0.257,0.0,0.0,7,189.72,-9.5,-9.36,-0.13,-9.5,0.0,-1.09,1.79,-1.09,44,4,0.0,0.0,0.0,7.953552,11.200127,9.35764,-0.42696236,-0.83129192,0.35588887,144.222107,"248.781219, 251.155197, 142.465118, 16.048386, 101.543648, 67.999207, ","[["" 127.335"", "" 130.013"", ""  65.623""], ["" 128.213"", "" 128.519"", ""  66.025""], ["" 128.314"", "" 127.998"", ""  62.496""], ["" 128.485"", "" 127.828"", ""  63.628""], ["" 128.705"", "" 127.610"", ""  65.061""], ["" 129.387"", "" 126.459"", ""  65.522""], ["" 129.530"", "" 126.274"", ""  66.906""], ["" 128.346"", "" 128.308"", ""  67.356""], ["" 129.004"", "" 127.209"", ""  67.803""], ["" 129.973"", "" 125.401"", ""  64.568""], ["" 130.991"", "" 125.866"", ""  63.840""], ["" 130.423"", "" 124.357"", ""  65.267""], ["" 129.035"", "" 124.979"", ""  63.718""], ["" 129.115"", "" 127.053"", ""  69.290""], ["" 128.211"", "" 126.244"", ""  69.996""], ["" 130.126"", "" 127.706"", ""  70.015""], ["" 128.309"", "" 126.094"", ""  71.376""], ["" 130.227"", "" 127.559"", ""  71.397""], ["" 129.317"", "" 126.754"", ""  72.073""], ["" 125.604"", "" 129.554"", ""  65.312""], ["" 124.932"", "" 130.485"", ""  64.300""], ["" 125.709"", "" 131.481"", ""  63.824""], ["" 123.759"", "" 130.280"", ""  63.986""], ["" 126.668"", "" 131.484"", ""  64.138""], ["" 125.402"", "" 132.503"", ""  62.906""], ["" 126.488"", "" 133.023"", ""  62.194""], ["" 124.115"", "" 133.022"", ""  62.685""], ["" 126.296"", "" 134.040"", ""  61.263""], ["" 123.928"", "" 134.040"", ""  61.753""], ["" 125.016"", "" 134.543"", ""  61.046""]]",[],3ad_Grossjean_2025
42,14249,3af_Grossjean_2025,receptor_tmp,1,14,-7.36,-0.24533333333333335,0.0,0.0,8,187.86,-9.15,-9.02,-0.13,-9.15,0.0,-1.07,1.79,-1.07,44,5,0.0,0.0,0.0,8.34146,10.891869,7.441991,0.45578604,0.74686865,-0.48419656,190.514633,"249.804169, 251.496277, 138.033264, 34.259605, 247.872528, 352.334656, ","[["" 127.318"", "" 130.029"", ""  65.632""], ["" 128.198"", "" 128.534"", ""  66.037""], ["" 128.302"", "" 127.978"", ""  62.513""], ["" 128.474"", "" 127.820"", ""  63.647""], ["" 128.693"", "" 127.617"", ""  65.081""], ["" 129.378"", "" 126.471"", ""  65.553""], ["" 129.515"", "" 126.294"", ""  66.938""], ["" 128.323"", "" 128.329"", ""  67.371""], ["" 128.982"", "" 127.234"", ""  67.827""], ["" 129.970"", "" 125.408"", ""  64.608""], ["" 130.998"", "" 125.867"", ""  63.890""], ["" 130.407"", "" 124.364"", ""  65.314""], ["" 129.040"", "" 124.990"", ""  63.748""], ["" 129.083"", "" 127.085"", ""  69.316""], ["" 128.181"", "" 126.270"", ""  70.018""], ["" 130.083"", "" 127.748"", ""  70.046""], ["" 128.271"", "" 126.125"", ""  71.400""], ["" 130.177"", "" 127.607"", ""  71.428""], ["" 129.268"", "" 126.796"", ""  72.100""], ["" 125.556"", "" 129.614"", ""  65.456""], ["" 124.868"", "" 130.488"", ""  64.408""], ["" 125.578"", "" 131.559"", ""  63.992""], ["" 123.746"", "" 130.175"", ""  64.010""], ["" 126.483"", "" 131.687"", ""  64.420""], ["" 125.243"", "" 132.546"", ""  63.044""], ["" 126.295"", "" 133.078"", ""  62.291""], ["" 123.948"", "" 133.036"", ""  62.792""], ["" 126.128"", "" 134.032"", ""  61.341""], ["" 123.759"", "" 134.018"", ""  61.817""], ["" 124.870"", "" 134.488"", ""  61.117""]]",[],3af_Grossjean_2025
43,13902,3ag_Grossjean_2025,receptor_tmp,1,2,-7.8,-0.25161290322580643,0.0,0.0,7,190.65,-9.89,-9.67,-0.22,-9.89,0.0,-1.15,2.09,-1.15,38,4,0.0,0.0,0.0,7.595462,11.314638,9.035083,0.5527694,0.79897861,-0.23681041,210.518509,"6.826316, 119.852463, 166.133865, 332.357666, 53.413723, 105.34626, 80.367157, ","[["" 127.313"", "" 129.845"", ""  65.171""], ["" 128.194"", "" 128.387"", ""  65.684""], ["" 128.518"", "" 127.725"", ""  62.192""], ["" 128.626"", "" 127.607"", ""  63.338""], ["" 128.765"", "" 127.454"", ""  64.789""], ["" 129.450"", "" 126.342"", ""  65.338""], ["" 129.509"", "" 126.213"", ""  66.734""], ["" 128.247"", "" 128.231"", ""  67.029""], ["" 128.891"", "" 127.159"", ""  67.558""], ["" 130.133"", "" 125.272"", ""  64.464""], ["" 130.635"", "" 124.264"", ""  65.179""], ["" 129.251"", "" 124.756"", ""  63.607""], ["" 131.139"", "" 125.813"", ""  63.777""], ["" 128.921"", "" 127.069"", ""  69.054""], ["" 129.918"", "" 127.726"", ""  69.792""], ["" 127.958"", "" 126.324"", ""  69.757""], ["" 129.952"", "" 127.647"", ""  71.182""], ["" 127.988"", "" 126.243"", ""  71.146""], ["" 128.985"", "" 126.906"", ""  71.854""], ["" 125.546"", "" 129.547"", ""  65.478""], ["" 124.669"", "" 130.031"", ""  64.323""], ["" 125.313"", "" 130.487"", ""  63.234""], ["" 123.441"", "" 129.995"", ""  64.426""], ["" 126.322"", "" 130.490"", ""  63.239""], ["" 124.675"", "" 131.028"", ""  62.035""], ["" 125.124"", "" 132.440"", ""  61.674""], ["" 126.487"", "" 132.736"", ""  61.596""], ["" 124.176"", "" 133.421"", ""  61.369""], ["" 126.902"", "" 134.016"", ""  61.238""], ["" 124.591"", "" 134.701"", ""  61.011""], ["" 125.952"", "" 134.993"", ""  60.949""]]",[],3ag_Grossjean_2025
44,4653,3ai_Grossjean_2025,receptor_tmp,1,3,-7.29,-0.2513793103448276,0.0,0.0,3,186.27,-9.08,-8.74,-0.34,-9.08,0.0,-1.02,1.79,-1.02,39,5,0.0,0.0,0.0,11.615488,6.592401,5.044572,0.30276699,0.588677,-0.74952755,120.971252,"0.081242, 312.940216, 138.634796, 99.410393, 112.048019, 259.153351, ","[["" 130.069"", "" 124.474"", ""  60.592""], ["" 130.598"", "" 125.118"", ""  62.165""], ["" 133.481"", "" 123.067"", ""  61.700""], ["" 132.749"", "" 123.824"", ""  62.179""], ["" 131.823"", "" 124.785"", ""  62.787""], ["" 132.115"", "" 125.379"", ""  64.039""], ["" 131.174"", "" 126.255"", ""  64.601""], ["" 129.695"", "" 125.949"", ""  62.739""], ["" 129.975"", "" 126.528"", ""  63.935""], ["" 133.420"", "" 125.099"", ""  64.808""], ["" 133.511"", "" 125.794"", ""  65.944""], ["" 133.493"", "" 123.804"", ""  65.123""], ["" 134.474"", "" 125.422"", ""  64.058""], ["" 128.930"", "" 127.446"", ""  64.494""], ["" 128.895"", "" 127.740"", ""  65.866""], ["" 127.966"", "" 128.043"", ""  63.663""], ["" 127.930"", "" 128.596"", ""  66.391""], ["" 127.000"", "" 128.899"", ""  64.184""], ["" 126.986"", "" 129.172"", ""  65.548""], ["" 129.243"", "" 122.874"", ""  60.892""], ["" 127.812"", "" 122.769"", ""  60.342""], ["" 126.894"", "" 123.496"", ""  61.017""], ["" 127.565"", "" 122.067"", ""  59.358""], ["" 127.219"", "" 124.034"", ""  61.807""], ["" 125.534"", "" 123.588"", ""  60.752""], ["" 124.574"", "" 122.922"", ""  61.373""], ["" 125.003"", "" 124.422"", ""  59.769""], ["" 123.368"", "" 123.318"", ""  60.794""], ["" 123.643"", "" 124.225"", ""  59.826""]]",[],3ai_Grossjean_2025
45,13943,3aj_Grossjean_2025,receptor_tmp,1,1,-7.48,-0.2579310344827586,0.0,0.0,4,186.38,-9.27,-8.99,-0.27,-9.27,0.0,-0.9,1.79,-0.9,47,4,0.0,0.0,0.0,11.695697,6.417685,5.547977,-0.33557866,-0.50183741,0.7972115,239.030701,"117.407639, 125.022972, 150.445465, 101.860924, 99.841125, 264.024139, ","[["" 130.387"", "" 124.207"", ""  60.994""], ["" 130.881"", "" 124.950"", ""  62.534""], ["" 133.868"", "" 123.034"", ""  62.156""], ["" 133.097"", "" 123.772"", ""  62.601""], ["" 132.122"", "" 124.710"", ""  63.167""], ["" 132.384"", "" 125.376"", ""  64.389""], ["" 131.399"", "" 126.227"", ""  64.913""], ["" 129.937"", "" 125.757"", ""  63.072""], ["" 130.186"", "" 126.404"", ""  64.239""], ["" 133.702"", "" 125.198"", ""  65.168""], ["" 133.876"", "" 123.951"", ""  65.613""], ["" 134.739"", "" 125.494"", ""  64.384""], ["" 133.718"", "" 126.006"", ""  66.229""], ["" 129.097"", "" 127.292"", ""  64.759""], ["" 128.192"", "" 127.905"", ""  63.879""], ["" 128.948"", "" 127.531"", ""  66.135""], ["" 127.174"", "" 128.729"", ""  64.355""], ["" 127.934"", "" 128.354"", ""  66.616""], ["" 127.050"", "" 128.951"", ""  65.723""], ["" 129.335"", "" 122.766"", ""  61.379""], ["" 127.982"", "" 122.738"", ""  60.655""], ["" 127.011"", "" 123.472"", ""  61.243""], ["" 127.833"", "" 122.083"", ""  59.620""], ["" 127.248"", "" 123.963"", ""  62.093""], ["" 125.701"", "" 123.616"", ""  60.807""], ["" 124.629"", "" 122.995"", ""  61.249""], ["" 125.412"", "" 124.748"", ""  59.525""], ["" 123.544"", "" 123.380"", ""  60.607""], ["" 123.725"", "" 124.339"", ""  59.613""]]",[],3aj_Grossjean_2025
46,13931,3ak_Grossjean_2025,receptor_tmp,1,10,-6.7,-0.19705882352941176,0.0,0.0,7,192.73,-10.87,-10.51,-0.36,-10.87,0.0,-2.25,4.18,-2.25,44,6,0.0,0.0,0.0,6.454304,13.311098,8.671884,-0.22333998,-0.54877091,0.80558658,184.742157,"115.009628, 98.037773, 348.180115, 131.636276, 175.888306, 288.979553, 251.547089, 131.200165, 266.672211, 52.564342, 3.19758, 104.792213, 54.603077, 299.667694, ","[["" 127.415"", "" 132.391"", ""  61.999""], ["" 128.324"", "" 131.604"", ""  61.241""], ["" 129.378"", "" 132.525"", ""  60.600""], ["" 130.714"", "" 132.237"", ""  61.005""], ["" 131.208"", "" 130.957"", ""  60.626""], ["" 132.685"", "" 130.854"", ""  61.027""], ["" 133.480"", "" 131.479"", ""  60.029""], ["" 133.429"", "" 130.820"", ""  58.773""], ["" 126.136"", "" 132.535"", ""  61.398""], ["" 125.056"", "" 131.887"", ""  62.283""], ["" 125.602"", "" 131.092"", ""  63.385""], ["" 124.901"", "" 130.266"", ""  64.186""], ["" 123.691"", "" 130.079"", ""  64.056""], ["" 126.596"", "" 131.177"", ""  63.543""], ["" 125.640"", "" 129.525"", ""  65.313""], ["" 127.415"", "" 129.920"", ""  65.526""], ["" 128.273"", "" 128.442"", ""  66.044""], ["" 128.383"", "" 128.266"", ""  67.384""], ["" 128.802"", "" 127.514"", ""  65.119""], ["" 129.025"", "" 127.176"", ""  67.875""], ["" 129.463"", "" 126.369"", ""  65.625""], ["" 128.666"", "" 127.730"", ""  63.675""], ["" 129.564"", "" 126.213"", ""  67.015""], ["" 128.560"", "" 127.901"", ""  62.534""], ["" 129.099"", "" 127.061"", ""  69.368""], ["" 128.168"", "" 126.285"", ""  70.076""], ["" 130.105"", "" 127.719"", ""  70.099""], ["" 128.234"", "" 126.172"", ""  71.462""], ["" 130.173"", "" 127.609"", ""  71.485""], ["" 129.237"", "" 126.836"", ""  72.161""], ["" 130.072"", "" 125.289"", ""  64.709""], ["" 131.156"", "" 125.766"", ""  64.098""], ["" 130.417"", "" 124.221"", ""  65.430""], ["" 129.226"", "" 124.876"", ""  63.762""]]",[],3ak_Grossjean_2025
47,14011,3bc_Grossjean_2025,receptor_tmp,1,8,-8.31,-0.28655172413793106,0.0,0.0,10,189.21,-10.1,-9.62,-0.48,-10.1,0.0,-0.95,1.79,-0.95,33,5,0.0,0.0,0.0,11.499882,8.259974,7.184621,-0.16934876,0.43094035,-0.88634723,187.719101,"39.642101, 126.341316, 88.882668, 116.562233, 134.242294, 6.967969, ","[["" 130.515"", "" 126.662"", ""  66.215""], ["" 129.528"", "" 126.605"", ""  67.134""], ["" 131.689"", "" 126.941"", ""  66.462""], ["" 128.633"", "" 126.264"", ""  66.811""], ["" 130.082"", "" 126.304"", ""  64.786""], ["" 129.753"", "" 124.532"", ""  64.495""], ["" 130.322"", "" 124.135"", ""  62.857""], ["" 131.987"", "" 123.756"", ""  61.147""], ["" 131.685"", "" 124.090"", ""  62.485""], ["" 130.942"", "" 123.505"", ""  60.251""], ["" 132.760"", "" 124.404"", ""  63.427""], ["" 129.615"", "" 123.600"", ""  60.682""], ["" 133.613"", "" 124.651"", ""  64.170""], ["" 129.321"", "" 123.911"", ""  61.971""], ["" 133.421"", "" 123.658"", ""  60.627""], ["" 128.450"", "" 123.347"", ""  59.771""], ["" 128.637"", "" 122.732"", ""  58.524""], ["" 127.146"", "" 123.722"", ""  60.137""], ["" 127.560"", "" 122.493"", ""  57.673""], ["" 126.067"", "" 123.485"", ""  59.290""], ["" 126.279"", "" 122.870"", ""  58.060""], ["" 129.582"", "" 126.878"", ""  68.514""], ["" 128.623"", "" 126.243"", ""  69.305""], ["" 130.500"", "" 127.755"", ""  69.110""], ["" 128.592"", "" 126.462"", ""  70.680""], ["" 130.466"", "" 127.971"", ""  70.486""], ["" 129.510"", "" 127.323"", ""  71.283""], ["" 129.401"", "" 127.477"", ""  72.652""], ["" 128.117"", "" 127.691"", ""  73.226""]]",[],3bc_Grossjean_2025
48,14265,3bd_Grossjean_2025,receptor_tmp,1,6,-8.03,-0.2974074074074074,0.0,0.0,1,185.08,-9.52,-9.5,-0.02,-9.52,0.0,-0.88,1.49,-0.88,49,2,0.0,0.0,0.0,10.502252,6.265452,5.611687,0.63512857,-0.23176304,-0.73681585,169.323425,"144.423264, 289.565613, 109.505356, 25.318737, 325.530914, ","[["" 130.518"", "" 124.354"", ""  61.748""], ["" 131.185"", "" 124.833"", ""  63.333""], ["" 132.993"", "" 125.173"", ""  64.902""], ["" 132.566"", "" 124.772"", ""  63.618""], ["" 132.043"", "" 125.607"", ""  65.834""], ["" 133.536"", "" 124.313"", ""  62.620""], ["" 130.687"", "" 125.635"", ""  65.488""], ["" 134.304"", "" 123.952"", ""  61.833""], ["" 130.277"", "" 125.257"", ""  64.249""], ["" 134.461"", "" 125.154"", ""  65.323""], ["" 129.618"", "" 126.093"", ""  66.436""], ["" 128.798"", "" 127.187"", ""  66.117""], ["" 129.412"", "" 125.447"", ""  67.667""], ["" 127.805"", "" 127.618"", ""  66.994""], ["" 128.421"", "" 125.875"", ""  68.545""], ["" 127.619"", "" 126.960"", ""  68.205""], ["" 129.584"", "" 122.810"", ""  61.973""], ["" 128.428"", "" 122.690"", ""  60.978""], ["" 127.372"", "" 123.500"", ""  61.208""], ["" 128.524"", "" 121.895"", ""  60.043""], ["" 127.472"", "" 124.166"", ""  61.959""], ["" 126.162"", "" 123.600"", ""  60.495""], ["" 126.276"", "" 123.788"", ""  59.115""], ["" 124.890"", "" 123.555"", ""  61.087""], ["" 125.134"", "" 123.908"", ""  58.327""], ["" 123.750"", "" 123.677"", ""  60.297""], ["" 123.876"", "" 123.850"", ""  58.921""]]",[],3bd_Grossjean_2025
49,14140,3be_Grossjean_2025,receptor_tmp,2,5,-8.28,-0.2957142857142857,0.0,0.0,2,188.62,-9.77,-9.67,-0.1,-9.77,0.0,-0.85,1.49,-0.85,41,3,0.0,0.0,0.0,7.056183,13.016617,9.22675,0.62962182,0.43877619,-0.64113323,169.276199,"304.77652, 136.442001, 80.647675, 208.132614, 179.969833, ","[["" 125.732"", "" 129.596"", ""  65.252""], ["" 127.488"", "" 129.967"", ""  65.584""], ["" 128.296"", "" 128.450"", ""  66.047""], ["" 129.377"", "" 126.327"", ""  65.639""], ["" 128.748"", "" 127.481"", ""  65.123""], ["" 129.505"", "" 126.179"", ""  67.024""], ["" 128.555"", "" 127.630"", ""  63.679""], ["" 129.001"", "" 127.162"", ""  67.882""], ["" 128.403"", "" 127.746"", ""  62.538""], ["" 128.407"", "" 128.281"", ""  67.387""], ["" 129.927"", "" 125.219"", ""  64.742""], ["" 129.096"", "" 127.058"", ""  69.376""], ["" 128.188"", "" 126.269"", ""  70.100""], ["" 130.088"", "" 127.750"", ""  70.091""], ["" 128.269"", "" 126.171"", ""  71.485""], ["" 130.173"", "" 127.653"", ""  71.477""], ["" 129.263"", "" 126.863"", ""  72.169""], ["" 125.031"", "" 130.564"", ""  64.287""], ["" 125.813"", "" 131.563"", ""  63.821""], ["" 123.846"", "" 130.406"", ""  63.988""], ["" 126.758"", "" 131.599"", ""  64.174""], ["" 125.481"", "" 132.597"", ""  62.927""], ["" 126.430"", "" 133.267"", ""  62.210""], ["" 124.122"", "" 132.916"", ""  62.822""], ["" 126.035"", "" 134.261"", ""  61.375""], ["" 123.730"", "" 133.941"", ""  61.958""], ["" 124.695"", "" 134.627"", ""  61.221""], ["" 127.142"", "" 134.961"", ""  60.611""]]",[],3be_Grossjean_2025
50,4144,3bf_Grossjean_2025,receptor_tmp,1,4,-7.91,-0.292962962962963,0.0,0.0,1,188.04,-9.41,-9.24,-0.17,-9.41,0.0,-0.77,1.49,-0.77,39,4,0.0,0.0,0.0,10.724468,6.593041,5.847177,0.33160504,-0.91325772,0.2366399,249.36528,"323.134552, 90.739754, 286.287415, 72.48307, 287.999969, ","[["" 130.371"", "" 124.190"", ""  61.749""], ["" 131.118"", "" 124.701"", ""  63.282""], ["" 132.956"", "" 125.117"", ""  64.796""], ["" 132.508"", "" 124.675"", ""  63.532""], ["" 132.021"", "" 125.569"", ""  65.733""], ["" 133.474"", "" 124.245"", ""  62.518""], ["" 130.660"", "" 125.585"", ""  65.411""], ["" 134.238"", "" 123.904"", ""  61.718""], ["" 130.226"", "" 125.165"", ""  64.192""], ["" 134.432"", "" 125.133"", ""  65.186""], ["" 129.611"", "" 126.077"", ""  66.362""], ["" 129.387"", "" 125.423"", ""  67.583""], ["" 128.823"", "" 127.200"", ""  66.057""], ["" 128.415"", "" 125.873"", ""  68.472""], ["" 127.850"", "" 127.655"", ""  66.944""], ["" 127.649"", "" 126.989"", ""  68.148""], ["" 128.751"", "" 123.441"", ""  62.131""], ["" 127.778"", "" 123.351"", ""  60.946""], ["" 126.817"", "" 124.300"", ""  60.935""], ["" 127.886"", "" 122.452"", ""  60.110""], ["" 126.793"", "" 124.927"", ""  61.725""], ["" 125.789"", "" 124.504"", ""  59.995""], ["" 125.877"", "" 125.345"", ""  58.872""], ["" 124.579"", "" 123.838"", ""  60.218""], ["" 124.852"", "" 125.522"", ""  57.999""], ["" 123.516"", "" 124.010"", ""  59.329""], ["" 123.694"", "" 124.856"", ""  58.234""]]",[],3bf_Grossjean_2025
51,4395,3bg_Grossjean_2025,receptor_tmp,1,7,-8.28,-0.2957142857142857,0.0,0.0,7,191.55,-10.07,-10.0,-0.07,-10.07,0.0,-1.19,1.79,-1.19,36,5,0.0,0.0,0.0,6.08771,15.805514,8.996788,0.72078174,-0.63345531,-0.28143926,157.958267,"112.77755, 235.670486, 150.526337, 102.229149, 348.308533, 79.886169, ","[["" 125.333"", "" 129.543"", ""  65.479""], ["" 127.078"", "" 130.038"", ""  65.664""], ["" 128.041"", "" 128.573"", ""  66.005""], ["" 129.319"", "" 126.630"", ""  65.349""], ["" 128.532"", "" 127.741"", ""  64.978""], ["" 129.569"", "" 126.392"", ""  66.704""], ["" 128.260"", "" 128.021"", ""  63.566""], ["" 129.037"", "" 127.248"", ""  67.678""], ["" 128.045"", "" 128.241"", ""  62.451""], ["" 128.291"", "" 128.325"", ""  67.317""], ["" 129.927"", "" 125.675"", ""  64.324""], ["" 129.277"", "" 127.054"", ""  69.150""], ["" 130.305"", "" 127.744"", ""  69.813""], ["" 128.479"", "" 126.180"", ""  69.909""], ["" 130.519"", "" 127.582"", ""  71.179""], ["" 128.687"", "" 126.016"", ""  71.276""], ["" 129.705"", "" 126.720"", ""  71.907""], ["" 124.579"", "" 130.464"", ""  64.514""], ["" 124.960"", "" 131.753"", ""  64.497""], ["" 123.693"", "" 130.004"", ""  63.794""], ["" 125.701"", "" 132.039"", ""  65.120""], ["" 124.509"", "" 132.759"", ""  63.535""], ["" 125.595"", "" 133.101"", ""  62.522""], ["" 125.316"", "" 133.972"", ""  61.463""], ["" 126.877"", "" 132.564"", ""  62.663""], ["" 126.305"", "" 134.278"", ""  60.533""], ["" 127.868"", "" 132.870"", ""  61.733""], ["" 127.576"", "" 133.721"", ""  60.670""]]",[],3bg_Grossjean_2025
52,14170,3bk_Grossjean_2025,receptor_tmp,1,16,-6.31,-0.20354838709677417,0.0,0.0,1,190.97,-10.19,-9.92,-0.26,-10.19,0.0,-1.43,3.88,-1.43,67,8,0.0,0.0,0.0,6.888812,7.197641,11.009699,-0.75401659,0.06899381,0.65322189,131.891632,"75.472992, 257.339386, 255.201965, 217.408447, 229.648514, 20.528296, 295.806824, 210.697571, 122.297668, 291.296356, 338.471161, 8.36705, 343.379211, ","[["" 128.723"", "" 127.722"", ""  67.662""], ["" 129.825"", "" 127.215"", ""  68.404""], ["" 130.086"", "" 128.121"", ""  69.615""], ["" 129.207"", "" 127.811"", ""  70.744""], ["" 128.351"", "" 126.777"", ""  70.805""], ["" 128.219"", "" 125.944"", ""  69.907""], ["" 129.295"", "" 128.412"", ""  71.550""], ["" 127.531"", "" 126.645"", ""  72.090""], ["" 128.401"", "" 127.346"", ""  73.528""], ["" 127.852"", "" 129.026"", ""  73.777""], ["" 126.267"", "" 130.685"", ""  74.541""], ["" 126.615"", "" 129.327"", ""  74.387""], ["" 127.150"", "" 131.672"", ""  74.090""], ["" 125.708"", "" 128.271"", ""  74.847""], ["" 128.364"", "" 131.305"", ""  73.498""], ["" 128.698"", "" 129.996"", ""  73.347""], ["" 124.993"", "" 127.437"", ""  75.212""], ["" 124.953"", "" 131.129"", ""  75.182""], ["" 129.345"", "" 132.311"", ""  72.976""], ["" 130.484"", "" 132.657"", ""  73.721""], ["" 129.153"", "" 132.935"", ""  71.731""], ["" 131.395"", "" 133.595"", ""  73.243""], ["" 130.061"", "" 133.875"", ""  71.251""], ["" 131.180"", "" 134.202"", ""  72.010""], ["" 129.070"", "" 128.193"", ""  66.367""], ["" 127.797"", "" 128.352"", ""  65.525""], ["" 127.014"", "" 129.415"", ""  66.053""], ["" 126.109"", "" 129.981"", ""  65.117""], ["" 124.673"", "" 129.601"", ""  65.503""], ["" 123.766"", "" 130.119"", ""  64.540""], ["" 124.308"", "" 130.180"", ""  63.229""]]",[],3bk_Grossjean_2025
53,14275,3ca_Grossjean_2025,receptor_tmp,1,18,-8.68,-0.27125,0.0,0.0,1,189.51,-11.06,-10.68,-0.38,-11.06,0.0,-1.15,2.39,-1.15,56,5,0.0,0.0,0.0,8.910009,10.822256,8.666762,-0.59837417,0.7437668,-0.29792498,200.017136,"48.968159, 143.392105, 232.52829, 336.219513, 169.334229, 68.739388, 293.172241, 173.467911, ","[["" 129.578"", "" 126.632"", ""  68.407""], ["" 130.263"", "" 127.526"", ""  69.232""], ["" 129.806"", "" 127.788"", ""  70.521""], ["" 128.658"", "" 127.154"", ""  71.013""], ["" 127.978"", "" 126.249"", ""  70.185""], ["" 128.432"", "" 125.986"", ""  68.895""], ["" 130.126"", "" 126.438"", ""  67.125""], ["" 131.222"", "" 126.994"", ""  66.563""], ["" 131.978"", "" 127.792"", ""  67.115""], ["" 129.647"", "" 125.744"", ""  66.571""], ["" 131.519"", "" 126.546"", ""  65.128""], ["" 132.803"", "" 125.256"", ""  65.030""], ["" 132.779"", "" 124.496"", ""  63.411""], ["" 134.048"", "" 123.760"", ""  61.599""], ["" 132.912"", "" 123.318"", ""  60.924""], ["" 133.988"", "" 124.345"", ""  62.815""], ["" 131.651"", "" 123.479"", ""  61.510""], ["" 131.576"", "" 124.077"", ""  62.794""], ["" 130.288"", "" 124.226"", ""  63.480""], ["" 129.271"", "" 124.343"", ""  64.021""], ["" 135.435"", "" 123.610"", ""  61.007""], ["" 130.460"", "" 123.003"", ""  60.743""], ["" 129.780"", "" 121.848"", ""  61.147""], ["" 130.023"", "" 123.687"", ""  59.602""], ["" 128.675"", "" 121.391"", ""  60.433""], ["" 128.918"", "" 123.234"", ""  58.885""], ["" 128.248"", "" 122.087"", ""  59.305""], ["" 128.191"", "" 127.460"", ""  72.408""], ["" 127.137"", "" 127.024"", ""  72.881""], ["" 129.041"", "" 128.267"", ""  73.093""], ["" 128.663"", "" 129.587"", ""  73.462""], ["" 129.479"", "" 130.597"", ""  72.650""]]",[],3ca_Grossjean_2025
54,14287,3cb_Grossjean_2025,receptor_tmp,1,6,-8.06,-0.26,0.0,0.0,1,187.61,-10.15,-9.95,-0.19,-10.15,0.0,-1.44,2.09,-1.44,44,4,0.0,0.0,0.0,12.667129,6.371021,2.608645,-0.51484069,-0.66094187,0.54598068,201.719299,"346.856598, 10.097486, 129.008072, 311.064667, 201.834579, 83.883591, 126.510582, ","[["" 130.300"", "" 122.961"", ""  60.659""], ["" 129.660"", "" 124.092"", ""  60.287""], ["" 129.780"", "" 121.846"", ""  60.725""], ["" 130.228"", "" 124.926"", ""  60.235""], ["" 131.787"", "" 123.152"", ""  60.992""], ["" 132.319"", "" 122.427"", ""  62.581""], ["" 132.279"", "" 123.717"", ""  63.808""], ["" 133.579"", "" 124.935"", ""  65.307""], ["" 132.477"", "" 125.667"", ""  65.739""], ["" 133.489"", "" 123.973"", ""  64.362""], ["" 131.213"", "" 125.408"", ""  65.193""], ["" 131.099"", "" 124.393"", ""  64.209""], ["" 129.788"", "" 124.016"", ""  63.671""], ["" 128.754"", "" 123.718"", ""  63.247""], ["" 134.966"", "" 125.176"", ""  65.872""], ["" 130.061"", "" 126.218"", ""  65.694""], ["" 129.587"", "" 126.036"", ""  66.999""], ["" 129.454"", "" 127.184"", ""  64.879""], ["" 128.521"", "" 126.793"", ""  67.479""], ["" 128.386"", "" 127.941"", ""  65.355""], ["" 127.924"", "" 127.741"", ""  66.653""], ["" 128.314"", "" 124.291"", ""  59.921""], ["" 127.789"", "" 123.372"", ""  59.012""], ["" 127.499"", "" 125.333"", ""  60.391""], ["" 126.471"", "" 123.478"", ""  58.581""], ["" 126.180"", "" 125.438"", ""  59.958""], ["" 125.648"", "" 124.513"", ""  59.049""], ["" 124.221"", "" 124.660"", ""  58.603""], ["" 123.871"", "" 125.411"", ""  57.687""], ["" 123.357"", "" 123.884"", ""  59.306""], ["" 123.689"", "" 123.408"", ""  60.602""]]",[],3cb_Grossjean_2025
55,14109,3ce_Grossjean_2025,receptor_tmp,1,18,-8.01,-0.2860714285714286,0.0,0.0,8,187.61,-9.5,-9.43,-0.07,-9.5,0.0,-1.06,1.49,-1.06,44,4,0.0,0.0,0.0,7.377956,10.981409,8.321709,-0.27650694,-0.90427305,-0.32532162,240.358093,"198.184662, 41.322098, 10.631343, 231.154617, 112.348778, ","[["" 125.701"", "" 128.888"", ""  65.512""], ["" 127.477"", "" 129.268"", ""  65.480""], ["" 128.291"", "" 127.829"", ""  66.135""], ["" 128.635"", "" 126.548"", ""  68.049""], ["" 129.439"", "" 125.647"", ""  67.355""], ["" 128.073"", "" 127.627"", ""  67.458""], ["" 129.698"", "" 125.854"", ""  65.993""], ["" 129.107"", "" 126.974"", ""  65.357""], ["" 129.329"", "" 127.233"", ""  63.931""], ["" 129.505"", "" 127.436"", ""  62.806""], ["" 128.339"", "" 126.375"", ""  69.526""], ["" 130.587"", "" 124.875"", ""  65.299""], ["" 131.921"", "" 125.204"", ""  65.030""], ["" 130.096"", "" 123.629"", ""  64.887""], ["" 132.754"", "" 124.299"", ""  64.377""], ["" 130.926"", "" 122.723"", ""  64.233""], ["" 132.254"", "" 123.061"", ""  63.982""], ["" 124.895"", "" 129.851"", ""  64.641""], ["" 125.594"", "" 130.503"", ""  63.687""], ["" 123.685"", "" 129.975"", ""  64.841""], ["" 126.558"", "" 130.229"", ""  63.565""], ["" 125.122"", "" 131.438"", ""  62.750""], ["" 125.042"", "" 131.143"", ""  61.418""], ["" 124.703"", "" 132.673"", ""  63.255""], ["" 124.555"", "" 132.087"", ""  60.573""], ["" 124.206"", "" 133.634"", ""  62.371""], ["" 124.129"", "" 133.344"", ""  61.010""], ["" 124.492"", "" 131.692"", ""  59.110""]]",[],3ce_Grossjean_2025
56,14106,3ch_Grossjean_2025,receptor_tmp,1,2,-7.99,-0.24212121212121213,0.0,0.0,9,189.02,-10.38,-9.89,-0.49,-10.38,0.0,-2.54,2.39,-2.54,49,11,0.0,0.0,0.0,10.282415,9.874804,9.936615,-0.22433486,-0.88668111,-0.40431483,220.171524,"237.877991, 284.41861, 98.760918, 345.2164, 20.075022, 54.562653, 357.218597, 70.026199, ","[["" 128.720"", "" 128.221"", ""  67.014""], ["" 127.975"", "" 128.091"", ""  65.894""], ["" 128.757"", "" 129.217"", ""  67.736""], ["" 128.008"", "" 127.190"", ""  65.441""], ["" 129.540"", "" 126.992"", ""  67.406""], ["" 131.190"", "" 126.997"", ""  66.644""], ["" 130.988"", "" 126.287"", ""  65.024""], ["" 129.604"", "" 126.187"", ""  63.155""], ["" 130.462"", "" 125.298"", ""  62.512""], ["" 129.855"", "" 126.677"", ""  64.390""], ["" 131.643"", "" 124.889"", ""  63.148""], ["" 131.929"", "" 125.410"", ""  64.436""], ["" 133.193"", "" 125.091"", ""  65.107""], ["" 134.190"", "" 124.838"", ""  65.638""], ["" 128.318"", "" 126.659"", ""  62.506""], ["" 132.528"", "" 123.926"", ""  62.423""], ["" 132.074"", "" 122.634"", ""  62.134""], ["" 133.824"", "" 124.295"", ""  62.044""], ["" 132.896"", "" 121.729"", ""  61.467""], ["" 134.649"", "" 123.393"", ""  61.376""], ["" 134.180"", "" 122.114"", ""  61.089""], ["" 127.104"", "" 129.013"", ""  65.282""], ["" 127.501"", "" 130.036"", ""  64.409""], ["" 125.748"", "" 128.860"", ""  65.578""], ["" 126.557"", "" 130.913"", ""  63.851""], ["" 124.786"", "" 129.722"", ""  65.030""], ["" 125.203"", "" 130.743"", ""  64.166""], ["" 126.877"", "" 131.948"", ""  62.991""], ["" 128.117"", "" 131.923"", ""  62.291""], ["" 123.429"", "" 129.629"", ""  65.288""], ["" 122.971"", "" 129.625"", ""  66.636""], ["" 124.272"", "" 131.605"", ""  63.637""], ["" 123.776"", "" 131.212"", ""  62.364""]]",[],3ch_Grossjean_2025
57,14149,3ci_Grossjean_2025,receptor_tmp,1,11,-8.04,-0.3092307692307692,0.0,0.0,3,193.71,-9.53,-9.02,-0.51,-9.53,0.0,-0.89,1.49,-0.89,41,7,0.0,0.0,0.0,11.483674,9.535566,6.644951,0.60980207,0.0147856,0.79241582,126.146118,"349.990326, 26.402775, 137.961868, 351.880371, 185.410004, ","[["" 131.551"", "" 127.075"", ""  66.600""], ["" 131.310"", "" 126.270"", ""  65.021""], ["" 129.920"", "" 126.019"", ""  63.165""], ["" 130.802"", "" 125.125"", ""  62.565""], ["" 130.160"", "" 126.582"", ""  64.370""], ["" 131.995"", "" 124.786"", ""  63.217""], ["" 132.259"", "" 125.366"", ""  64.485""], ["" 133.471"", "" 125.016"", ""  65.234""], ["" 134.428"", "" 124.740"", ""  65.823""], ["" 128.624"", "" 126.432"", ""  62.494""], ["" 132.918"", "" 123.835"", ""  62.529""], ["" 134.146"", "" 124.272"", ""  62.016""], ["" 132.552"", "" 122.493"", ""  62.367""], ["" 134.999"", "" 123.382"", ""  61.368""], ["" 133.402"", "" 121.601"", ""  61.719""], ["" 134.623"", "" 122.050"", ""  61.223""], ["" 129.955"", "" 127.718"", ""  67.204""], ["" 129.545"", "" 127.143"", ""  68.564""], ["" 129.603"", "" 128.003"", ""  69.606""], ["" 129.180"", "" 125.968"", ""  68.637""], ["" 129.914"", "" 128.943"", ""  69.412""], ["" 129.315"", "" 127.733"", ""  70.937""], ["" 130.022"", "" 128.131"", ""  71.981""], ["" 128.207"", "" 126.987"", ""  71.338""], ["" 129.374"", "" 127.640"", ""  73.116""], ["" 128.279"", "" 126.952"", ""  72.713""]]",[],3ci_Grossjean_2025
58,14092,3cj_Grossjean_2025,receptor_tmp,1,10,-6.77,-0.2603846153846154,0.0,0.0,3,190.01,-8.27,-8.1,-0.17,-8.27,0.0,-1.97,1.49,-1.97,33,4,0.0,0.0,0.0,10.20672,8.397328,7.505679,-0.78200947,0.60894956,-0.13282178,122.772209,"128.16832, 327.566162, 83.091583, 217.272476, 144.76001, ","[["" 130.241"", "" 124.680"", ""  61.448""], ["" 129.493"", "" 125.877"", ""  62.534""], ["" 127.835"", "" 127.498"", ""  62.736""], ["" 128.104"", "" 127.667"", ""  64.093""], ["" 128.504"", "" 126.612"", ""  61.966""], ["" 129.104"", "" 126.897"", ""  64.702""], ["" 129.837"", "" 125.987"", ""  63.900""], ["" 130.914"", "" 125.174"", ""  64.473""], ["" 131.764"", "" 124.532"", ""  64.927""], ["" 126.747"", "" 128.290"", ""  62.039""], ["" 129.314"", "" 127.065"", ""  66.170""], ["" 130.504"", "" 127.615"", ""  66.660""], ["" 128.330"", "" 126.647"", ""  67.074""], ["" 130.704"", "" 127.759"", ""  68.030""], ["" 128.528"", "" 126.790"", ""  68.446""], ["" 129.714"", "" 127.348"", ""  68.917""], ["" 129.400"", "" 123.112"", ""  61.833""], ["" 128.114"", "" 122.939"", ""  61.019""], ["" 127.205"", "" 123.929"", ""  61.156""], ["" 127.960"", "" 121.927"", ""  60.332""], ["" 127.446"", "" 124.699"", ""  61.764""], ["" 125.920"", "" 123.950"", ""  60.639""], ["" 124.880"", "" 123.247"", ""  61.033""], ["" 125.611"", "" 125.052"", ""  59.335""], ["" 123.803"", "" 123.545"", ""  60.333""], ["" 123.958"", "" 124.511"", ""  59.343""]]",[],3cj_Grossjean_2025
59,4312,3ck_Grossjean_2025,receptor_tmp,1,6,-6.73,-0.2170967741935484,0.0,0.0,4,187.42,-10.61,-10.29,-0.32,-10.61,0.0,-1.41,3.88,-1.41,37,5,0.0,0.0,0.0,11.403305,1.75967,8.125679,-0.02917593,-0.44501886,-0.8950458,237.35112,"30.28327, 236.363693, 112.182907, 293.059784, 334.628876, 130.539963, 199.541916, 312.88736, 61.354935, 20.901756, 77.332329, 129.722488, 349.89975, ","[["" 131.813"", "" 121.752"", ""  61.611""], ["" 133.117"", "" 122.293"", ""  61.463""], ["" 133.019"", "" 123.734"", ""  60.927""], ["" 132.397"", "" 124.672"", ""  61.866""], ["" 132.812"", "" 124.915"", ""  63.123""], ["" 133.802"", "" 124.378"", ""  63.622""], ["" 131.585"", "" 125.166"", ""  61.527""], ["" 131.967"", "" 125.925"", ""  63.915""], ["" 130.763"", "" 125.197"", ""  65.079""], ["" 129.893"", "" 126.511"", ""  65.920""], ["" 128.422"", "" 126.997"", ""  62.710""], ["" 128.651"", "" 127.141"", ""  63.835""], ["" 128.942"", "" 127.324"", ""  65.262""], ["" 128.286"", "" 128.334"", ""  66.011""], ["" 128.630"", "" 128.492"", ""  67.360""], ["" 130.207"", "" 126.678"", ""  67.230""], ["" 129.584"", "" 127.652"", ""  67.929""], ["" 129.984"", "" 127.776"", ""  69.387""], ["" 127.241"", "" 129.242"", ""  65.449""], ["" 127.607"", "" 130.469"", ""  64.883""], ["" 125.886"", "" 128.892"", ""  65.503""], ["" 126.637"", "" 131.326"", ""  64.366""], ["" 124.915"", "" 129.746"", ""  64.988""], ["" 125.295"", "" 130.959"", ""  64.419""], ["" 130.779"", "" 122.513"", ""  61.004""], ["" 129.479"", "" 121.702"", ""  61.072""], ["" 128.480"", "" 122.361"", ""  60.305""], ["" 127.602"", "" 123.171"", ""  61.076""], ["" 126.309"", "" 123.412"", ""  60.286""], ["" 125.197"", "" 122.952"", ""  61.042""], ["" 124.124"", "" 123.880"", ""  61.090""]]",[],3ck_Grossjean_2025
60,4700,4aa_Grossjean_2025,receptor_tmp,1,19,-7.22,-0.2489655172413793,0.0,0.0,19,189.5,-9.01,-8.72,-0.29,-9.01,0.0,-0.39,1.79,-0.39,45,10,0.0,0.0,0.0,10.877885,8.589477,9.49913,-0.86084191,0.1644411,0.48157069,149.67981,"112.4198, 274.789337, 169.702103, 354.90155, 11.977653, 346.222717, ","[["" 129.690"", "" 126.593"", ""  68.626""], ["" 130.433"", "" 127.464"", ""  69.423""], ["" 129.965"", "" 127.846"", ""  70.678""], ["" 128.737"", "" 127.370"", ""  71.156""], ["" 127.988"", "" 126.501"", ""  70.348""], ["" 128.457"", "" 126.115"", ""  69.094""], ["" 130.252"", "" 126.280"", ""  67.374""], ["" 131.727"", "" 127.986"", ""  67.000""], ["" 131.203"", "" 126.926"", ""  66.657""], ["" 129.869"", "" 125.448"", ""  66.946""], ["" 131.573"", "" 126.288"", ""  65.392""], ["" 131.008"", "" 126.476"", ""  64.121""], ["" 132.927"", "" 125.157"", ""  65.328""], ["" 131.642"", "" 125.709"", ""  63.081""], ["" 132.720"", "" 124.935"", ""  63.606""], ["" 131.394"", "" 125.597"", ""  61.687""], ["" 133.508"", "" 124.122"", ""  62.899""], ["" 132.219"", "" 124.746"", ""  60.943""], ["" 133.243"", "" 124.043"", ""  61.572""], ["" 130.288"", "" 126.343"", ""  60.955""], ["" 134.154"", "" 123.117"", ""  60.786""], ["" 129.945"", "" 127.307"", ""  63.872""], ["" 129.021"", "" 127.112"", ""  64.229""], ["" 130.051"", "" 128.145"", ""  63.317""], ["" 128.260"", "" 127.806"", ""  72.511""], ["" 128.989"", "" 128.355"", ""  73.343""], ["" 126.946"", "" 127.539"", ""  72.728""], ["" 126.255"", "" 128.107"", ""  73.833""], ["" 124.774"", "" 127.721"", ""  73.760""]]",[],4aa_Grossjean_2025
61,13973,4ab_Grossjean_2025,receptor_tmp,1,10,-7.01,-0.25035714285714283,0.0,0.0,17,189.61,-8.51,-8.11,-0.4,-8.51,0.0,-0.28,1.49,-0.28,41,9,0.0,0.0,0.0,11.080849,8.473397,9.130363,0.86758578,-0.14604926,-0.47535727,208.588028,"105.000847, 272.818451, 173.579132, 276.764954, 169.747986, ","[["" 129.637"", "" 126.520"", ""  68.497""], ["" 130.321"", "" 127.445"", ""  69.286""], ["" 129.816"", "" 127.827"", ""  70.526""], ["" 128.608"", "" 127.295"", ""  70.997""], ["" 127.919"", "" 126.371"", ""  70.197""], ["" 128.425"", "" 125.986"", ""  68.958""], ["" 130.235"", "" 126.212"", ""  67.260""], ["" 131.751"", "" 127.898"", ""  66.956""], ["" 131.219"", "" 126.852"", ""  66.582""], ["" 129.854"", "" 125.393"", ""  66.812""], ["" 131.618"", "" 126.224"", ""  65.321""], ["" 131.075"", "" 126.411"", ""  64.041""], ["" 132.983"", "" 125.105"", ""  65.277""], ["" 131.733"", "" 125.654"", ""  63.010""], ["" 132.809"", "" 124.887"", ""  63.550""], ["" 131.510"", "" 125.543"", ""  61.611""], ["" 133.618"", "" 124.087"", ""  62.854""], ["" 132.356"", "" 124.703"", ""  60.878""], ["" 133.377"", "" 124.009"", ""  61.523""], ["" 130.410"", "" 126.281"", ""  60.861""], ["" 134.311"", "" 123.097"", ""  60.749""], ["" 130.010"", "" 127.235"", ""  63.776""], ["" 129.065"", "" 126.979"", ""  64.020""], ["" 130.139"", "" 128.128"", ""  63.320""], ["" 128.090"", "" 127.730"", ""  72.337""], ["" 126.950"", "" 127.475"", ""  72.739""], ["" 129.002"", "" 128.425"", ""  73.064""], ["" 128.995"", "" 129.845"", ""  73.081""]]",[],4ab_Grossjean_2025
62,14080,4ac_Grossjean_2025,receptor_tmp,2,18,-6.29,-0.24192307692307694,0.0,0.0,7,189.25,-7.49,-7.38,-0.11,-7.49,0.0,-0.28,1.19,-0.28,35,5,0.0,0.0,0.0,11.977601,9.015475,8.703427,0.28082749,0.7584659,-0.58810322,76.088936,"101.308022, 260.393433, 337.633667, 7.361924, ","[["" 131.837"", "" 127.828"", ""  67.030""], ["" 131.243"", "" 126.846"", ""  66.579""], ["" 130.174"", "" 126.267"", ""  67.177""], ["" 129.736"", "" 125.510"", ""  66.671""], ["" 131.669"", "" 126.230"", ""  65.320""], ["" 131.121"", "" 126.395"", ""  64.038""], ["" 133.042"", "" 125.122"", ""  65.288""], ["" 131.792"", "" 125.640"", ""  63.014""], ["" 132.873"", "" 124.888"", ""  63.563""], ["" 131.574"", "" 125.519"", ""  61.615""], ["" 133.688"", "" 124.086"", ""  62.876""], ["" 132.427"", "" 124.678"", ""  60.892""], ["" 133.450"", "" 123.993"", ""  61.546""], ["" 130.473"", "" 126.244"", ""  60.857""], ["" 134.388"", "" 123.076"", ""  60.783""], ["" 130.043"", "" 127.200"", ""  63.766""], ["" 129.097"", "" 126.907"", ""  63.957""], ["" 130.164"", "" 128.119"", ""  63.364""], ["" 129.548"", "" 126.595"", ""  68.394""], ["" 128.314"", "" 125.991"", ""  68.634""], ["" 130.103"", "" 127.445"", ""  69.362""], ["" 127.627"", "" 126.247"", ""  69.818""], ["" 129.413"", "" 127.698"", ""  70.545""], ["" 128.165"", "" 127.101"", ""  70.781""], ["" 127.412"", "" 127.295"", ""  71.922""], ["" 128.056"", "" 127.735"", ""  73.113""]]",[],4ac_Grossjean_2025
63,14252,4ad_Grossjean_2025,receptor_tmp,1,18,-6.5,-0.2708333333333333,0.0,0.0,6,189.07,-7.4,-7.22,-0.18,-7.4,0.0,-0.26,0.89,-0.26,34,6,0.0,0.0,0.0,12.511182,8.956016,8.218985,0.64158745,-0.75098447,-0.15616616,258.377625,"7.259478, 261.562042, 100.383667, ","[["" 131.652"", "" 126.247"", ""  65.313""], ["" 131.105"", "" 126.398"", ""  64.029""], ["" 131.782"", "" 125.639"", ""  63.012""], ["" 131.569"", "" 125.507"", ""  61.613""], ["" 130.467"", "" 126.223"", ""  60.847""], ["" 132.430"", "" 124.666"", ""  60.898""], ["" 133.455"", "" 123.992"", ""  61.559""], ["" 134.402"", "" 123.078"", ""  60.806""], ["" 133.688"", "" 124.094"", ""  62.890""], ["" 132.867"", "" 124.897"", ""  63.569""], ["" 133.030"", "" 125.145"", ""  65.292""], ["" 131.227"", "" 126.878"", ""  66.564""], ["" 131.823"", "" 127.864"", ""  67.004""], ["" 130.154"", "" 126.309"", ""  67.167""], ["" 129.720"", "" 125.545"", ""  66.671""], ["" 129.530"", "" 126.642"", ""  68.385""], ["" 128.322"", "" 125.991"", ""  68.651""], ["" 130.057"", "" 127.539"", ""  69.328""], ["" 127.634"", "" 126.245"", ""  69.834""], ["" 129.367"", "" 127.790"", ""  70.511""], ["" 128.158"", "" 127.145"", ""  70.757""], ["" 130.022"", "" 127.192"", ""  63.748""], ["" 129.076"", "" 126.893"", ""  63.936""], ["" 130.136"", "" 128.114"", ""  63.347""]]",[],4ad_Grossjean_2025
64,14278,4ae_Grossjean_2025,receptor_tmp,1,20,-6.77,-0.2708,0.0,0.0,8,188.62,-7.66,-7.57,-0.09,-7.66,0.0,-0.21,0.89,-0.21,40,8,0.0,0.0,0.0,7.334245,13.090525,7.194911,0.50885505,-0.0109872,-0.8607821,240.004883,"356.046173, 309.505432, 294.222412, ","[["" 126.451"", "" 130.503"", ""  64.130""], ["" 125.527"", "" 130.593"", ""  63.076""], ["" 125.646"", "" 131.797"", ""  62.298""], ["" 124.928"", "" 132.286"", ""  61.173""], ["" 123.775"", "" 131.548"", ""  60.510""], ["" 125.304"", "" 133.527"", ""  60.647""], ["" 126.353"", "" 134.240"", ""  61.225""], ["" 126.776"", "" 135.591"", ""  60.677""], ["" 127.060"", "" 133.805"", ""  62.295""], ["" 126.698"", "" 132.623"", ""  62.795""], ["" 127.502"", "" 131.919"", ""  64.178""], ["" 126.593"", "" 129.441"", ""  65.129""], ["" 125.628"", "" 129.073"", ""  65.801""], ["" 127.838"", "" 128.914"", ""  65.243""], ["" 128.532"", "" 129.254"", ""  64.594""], ["" 128.286"", "" 127.897"", ""  66.104""], ["" 127.601"", "" 127.555"", ""  67.234""], ["" 129.493"", "" 127.278"", ""  65.761""], ["" 128.106"", "" 126.578"", ""  68.030""], ["" 130.000"", "" 126.274"", ""  66.589""], ["" 129.302"", "" 125.914"", ""  67.742""], ["" 127.294"", "" 126.250"", ""  69.267""], ["" 124.588"", "" 129.631"", ""  62.799""], ["" 123.598"", "" 129.808"", ""  62.895""], ["" 124.859"", "" 128.708"", ""  62.488""]]",[],4ae_Grossjean_2025
65,4976,4af_Grossjean_2025,receptor_tmp,1,1,-6.46,-0.26916666666666667,0.0,0.0,17,185.42,-7.36,-7.22,-0.14,-7.36,0.0,-0.8,0.89,-0.8,29,4,0.0,0.0,0.0,9.884174,7.00802,3.685898,-0.91965164,-0.28610007,-0.26904946,112.836823,"128.755081, 14.433874, 171.094147, ","[["" 129.311"", "" 124.218"", ""  60.850""], ["" 130.671"", "" 124.020"", ""  60.566""], ["" 131.545"", "" 124.282"", ""  61.678""], ["" 132.957"", "" 124.210"", ""  61.825""], ["" 133.910"", "" 123.799"", ""  60.714""], ["" 133.502"", "" 124.542"", ""  63.071""], ["" 132.666"", "" 124.926"", ""  64.117""], ["" 133.233"", "" 125.294"", ""  65.476""], ["" 131.316"", "" 125.005"", ""  64.014""], ["" 130.800"", "" 124.689"", ""  62.825""], ["" 129.079"", "" 124.743"", ""  62.520""], ["" 128.162"", "" 124.075"", ""  59.953""], ["" 128.291"", "" 123.546"", ""  58.849""], ["" 126.987"", "" 124.545"", ""  60.438""], ["" 127.006"", "" 124.904"", ""  61.381""], ["" 125.723"", "" 124.603"", ""  59.820""], ["" 125.617"", "" 125.390"", ""  58.666""], ["" 124.573"", "" 123.916"", ""  60.250""], ["" 124.467"", "" 125.528"", ""  57.960""], ["" 123.382"", "" 124.048"", ""  59.533""], ["" 123.369"", "" 124.861"", ""  58.399""], ["" 131.144"", "" 123.612"", ""  59.344""], ["" 130.525"", "" 123.307"", ""  58.606""], ["" 132.134"", "" 123.607"", ""  59.140""]]",[],4af_Grossjean_2025
66,13857,4ag_Grossjean_2025,receptor_tmp,2,9,-7.81,-0.3124,0.0,0.0,9,190.82,-9.0,-8.76,-0.24,-9.0,0.0,-0.37,1.19,-0.37,73,8,0.0,0.0,0.0,8.959347,10.574842,14.212873,0.53993114,0.68153192,-0.49395203,97.782372,"58.988804, 21.683479, 333.670807, 92.99781, ","[["" 128.537"", "" 127.260"", ""  71.365""], ["" 129.687"", "" 127.745"", ""  70.728""], ["" 129.756"", "" 127.428"", ""  69.327""], ["" 130.723"", "" 127.714"", ""  68.327""], ["" 132.005"", "" 128.494"", ""  68.578""], ["" 130.479"", "" 127.249"", ""  67.030""], ["" 129.317"", "" 126.531"", ""  66.754""], ["" 129.030"", "" 126.018"", ""  65.355""], ["" 128.372"", "" 126.241"", ""  67.681""], ["" 128.608"", "" 126.685"", ""  68.917""], ["" 127.493"", "" 126.399"", ""  70.234""], ["" 128.143"", "" 127.407"", ""  72.767""], ["" 128.981"", "" 127.589"", ""  73.653""], ["" 126.822"", "" 127.313"", ""  73.026""], ["" 126.188"", "" 127.221"", ""  72.246""], ["" 126.205"", "" 127.455"", ""  74.344""], ["" 125.753"", "" 128.874"", ""  74.667""], ["" 124.509"", "" 129.088"", ""  75.266""], ["" 126.603"", "" 129.955"", ""  74.413""], ["" 124.104"", "" 130.382"", ""  75.585""], ["" 126.197"", "" 131.248"", ""  74.732""], ["" 124.950"", "" 131.456"", ""  75.314""], ["" 130.670"", "" 128.458"", ""  71.368""], ["" 130.619"", "" 129.461"", ""  71.472""], ["" 131.480"", "" 127.999"", ""  71.762""]]",[],4ag_Grossjean_2025
67,14137,4ah_Grossjean_2025,receptor_tmp,1,8,-6.99,-0.22548387096774195,0.0,0.0,12,188.9,-9.08,-8.48,-0.6,-9.08,0.0,-0.68,2.09,-0.68,45,12,0.0,0.0,0.0,10.206939,8.655556,8.502976,-0.3413826,0.1280974,-0.93115465,147.980591,"70.294403, 196.218307, 26.781601, 54.702988, 348.42215, 22.30442, 252.122192, ","[["" 130.597"", "" 126.999"", ""  66.980""], ["" 130.206"", "" 127.009"", ""  65.811""], ["" 129.127"", "" 127.714"", ""  65.411""], ["" 128.817"", "" 127.609"", ""  64.456""], ["" 130.921"", "" 126.280"", ""  64.764""], ["" 130.737"", "" 126.346"", ""  63.375""], ["" 132.250"", "" 125.199"", ""  65.185""], ["" 131.640"", "" 125.512"", ""  62.629""], ["" 132.535"", "" 124.822"", ""  63.501""], ["" 131.790"", "" 125.267"", ""  61.236""], ["" 133.494"", "" 123.978"", ""  63.119""], ["" 132.795"", "" 124.380"", ""  60.834""], ["" 133.609"", "" 123.771"", ""  61.785""], ["" 130.926"", "" 125.908"", ""  60.160""], ["" 134.709"", "" 122.810"", ""  61.372""], ["" 129.783"", "" 127.123"", ""  62.768""], ["" 128.977"", "" 126.720"", ""  62.314""], ["" 129.862"", "" 128.131"", ""  62.751""], ["" 128.263"", "" 128.509"", ""  66.283""], ["" 127.189"", "" 129.289"", ""  65.531""], ["" 127.554"", "" 130.294"", ""  64.635""], ["" 125.838"", "" 129.052"", ""  65.786""], ["" 126.579"", "" 131.050"", ""  63.967""], ["" 124.841"", "" 129.789"", ""  65.129""], ["" 125.225"", "" 130.781"", ""  64.216""], ["" 126.868"", "" 132.060"", ""  63.065""], ["" 128.094"", "" 132.022"", ""  62.344""], ["" 123.485"", "" 129.597"", ""  65.322""], ["" 122.956"", "" 129.638"", ""  66.644""], ["" 124.260"", "" 131.523"", ""  63.578""], ["" 124.019"", "" 131.127"", ""  62.235""]]",[],4ah_Grossjean_2025
68,13839,4ai_Grossjean_2025,receptor_tmp,1,14,-6.71,-0.2917391304347826,0.0,0.0,16,185.38,-7.6,-7.33,-0.27,-7.6,0.0,-0.68,0.89,-0.68,39,7,0.0,0.0,0.0,9.974474,6.236537,4.214446,-0.93680664,-0.3150668,-0.15207311,105.567726,"118.840912, 27.244043, 169.803543, ","[["" 129.102"", "" 123.477"", ""  61.337""], ["" 130.404"", "" 123.525"", ""  60.814""], ["" 131.409"", "" 123.877"", ""  61.781""], ["" 132.820"", "" 124.026"", ""  61.685""], ["" 133.615"", "" 123.817"", ""  60.406""], ["" 133.519"", "" 124.385"", ""  62.843""], ["" 132.831"", "" 124.584"", ""  64.039""], ["" 133.568"", "" 124.967"", ""  65.309""], ["" 131.488"", "" 124.453"", ""  64.167""], ["" 130.825"", "" 124.110"", ""  63.062""], ["" 129.089"", "" 123.894"", ""  63.052""], ["" 127.852"", "" 123.166"", ""  60.641""], ["" 127.858"", "" 122.497"", ""  59.606""], ["" 126.727"", "" 123.649"", ""  61.225""], ["" 126.841"", "" 124.174"", ""  62.079""], ["" 125.417"", "" 123.497"", ""  60.788""], ["" 124.448"", "" 122.874"", ""  61.440""], ["" 124.956"", "" 124.000"", ""  59.572""], ["" 123.305"", "" 122.964"", ""  60.643""], ["" 123.627"", "" 123.646"", ""  59.518""], ["" 130.711"", "" 123.259"", ""  59.503""], ["" 130.034"", "" 122.863"", ""  58.868""], ["" 131.631"", "" 123.446"", ""  59.131""]]",[],4ai_Grossjean_2025
69,4371,4aj_Grossjean_2025,receptor_tmp,1,4,-6.58,-0.28608695652173916,0.0,0.0,12,185.4,-7.47,-7.29,-0.18,-7.47,0.0,-0.5,0.89,-0.5,40,5,0.0,0.0,0.0,10.011602,6.168899,4.238647,-0.93681301,-0.32271794,-0.13503525,103.464981,"107.075104, 36.783394, 169.531235, ","[["" 129.152"", "" 123.407"", ""  61.361""], ["" 130.439"", "" 123.497"", ""  60.808""], ["" 131.460"", "" 123.842"", ""  61.761""], ["" 132.863"", "" 124.027"", ""  61.636""], ["" 133.632"", "" 123.875"", ""  60.332""], ["" 133.582"", "" 124.370"", ""  62.787""], ["" 132.921"", "" 124.521"", ""  64.003""], ["" 133.678"", "" 124.898"", ""  65.263""], ["" 131.585"", "" 124.351"", ""  64.161""], ["" 130.903"", "" 124.024"", ""  63.063""], ["" 129.173"", "" 123.768"", ""  63.088""], ["" 127.892"", "" 123.089"", ""  60.686""], ["" 127.865"", "" 122.299"", ""  59.741""], ["" 126.793"", "" 123.709"", ""  61.184""], ["" 126.928"", "" 124.333"", ""  61.966""], ["" 125.486"", "" 123.574"", ""  60.738""], ["" 124.500"", "" 122.918"", ""  61.312""], ["" 125.073"", "" 124.358"", ""  59.248""], ["" 123.387"", "" 123.005"", ""  60.611""], ["" 123.456"", "" 123.746"", ""  59.434""], ["" 130.718"", "" 123.273"", ""  59.484""], ["" 130.034"", "" 122.883"", ""  58.853""], ["" 131.625"", "" 123.493"", ""  59.094""]]",[],4aj_Grossjean_2025
70,5406,4ak_Grossjean_2025,receptor_tmp,1,7,-5.78,-0.20642857142857143,0.0,0.0,1,191.38,-9.06,-8.73,-0.33,-9.06,0.0,-1.96,3.28,-1.96,64,7,0.0,0.0,0.0,5.928352,11.870113,13.942676,-0.29505942,-0.39388322,0.87051476,143.642273,"95.989769, 332.875885, 100.599594, 202.769165, 121.700073, 210.194427, 49.546036, 321.651642, 23.961733, 243.036499, 301.114594, ","[["" 124.231"", "" 128.927"", ""  74.505""], ["" 124.758"", "" 127.607"", ""  74.546""], ["" 126.296"", "" 127.674"", ""  74.556""], ["" 126.899"", "" 127.504"", ""  73.234""], ["" 129.063"", "" 127.771"", ""  73.838""], ["" 128.218"", "" 127.572"", ""  72.963""], ["" 126.259"", "" 127.332"", ""  72.471""], ["" 128.598"", "" 127.388"", ""  71.563""], ["" 129.746"", "" 127.853"", ""  70.903""], ["" 127.540"", "" 126.505"", ""  70.463""], ["" 129.802"", "" 127.497"", ""  69.510""], ["" 128.646"", "" 126.751"", ""  69.130""], ["" 130.763"", "" 127.749"", ""  68.495""], ["" 128.396"", "" 126.274"", ""  67.910""], ["" 130.505"", "" 127.249"", ""  67.213""], ["" 129.336"", "" 126.532"", ""  66.967""], ["" 132.054"", "" 128.522"", ""  68.716""], ["" 129.034"", "" 125.982"", ""  65.585""], ["" 130.736"", "" 128.579"", ""  71.514""], ["" 130.671"", "" 129.581"", ""  71.628""], ["" 131.567"", "" 128.132"", ""  71.877""], ["" 124.662"", "" 129.752"", ""  75.579""], ["" 125.372"", "" 130.988"", ""  75.014""], ["" 126.448"", "" 130.574"", ""  74.183""], ["" 127.488"", "" 131.536"", ""  74.069""], ["" 128.844"", "" 130.818"", ""  74.038""], ["" 129.410"", "" 130.930"", ""  72.738""], ["" 129.052"", "" 132.129"", ""  72.067""]]",[],4ak_Grossjean_2025
71,14231,4al_Grossjean_2025,receptor_tmp,1,6,-4.73,-0.2627777777777778,0.0,0.0,15,188.06,-5.63,-5.38,-0.25,-5.63,0.0,-0.48,0.89,-0.48,26,4,0.0,0.0,0.0,6.68289,13.323481,5.193306,-0.48147174,-0.42031507,-0.76910351,124.861153,"85.644402, 359.552368, 348.985718, ","[["" 125.769"", "" 131.133"", ""  61.142""], ["" 126.633"", "" 130.538"", ""  62.069""], ["" 126.010"", "" 130.206"", ""  63.320""], ["" 126.508"", "" 129.604"", ""  64.508""], ["" 127.947"", "" 129.152"", ""  64.696""], ["" 125.614"", "" 129.419"", ""  65.568""], ["" 124.285"", "" 129.819"", ""  65.438""], ["" 123.297"", "" 129.628"", ""  66.574""], ["" 123.777"", "" 130.395"", ""  64.321""], ["" 124.631"", "" 130.571"", ""  63.312""], ["" 124.139"", "" 131.299"", ""  61.800""], ["" 126.062"", "" 131.600"", ""  59.769""], ["" 127.180"", "" 131.519"", ""  59.255""], ["" 124.975"", "" 132.122"", ""  59.145""], ["" 124.164"", "" 131.319"", ""  58.301""], ["" 127.958"", "" 130.291"", ""  61.814""], ["" 128.600"", "" 130.015"", ""  62.543""], ["" 128.339"", "" 130.378"", ""  60.881""]]",[],4al_Grossjean_2025
72,14255,4ba_Grossjean_2025,receptor_tmp,1,18,-6.93,-0.2235483870967742,0.0,0.0,15,188.94,-8.72,-8.35,-0.36,-8.72,0.0,-0.39,1.79,-0.39,44,8,0.0,0.0,0.0,11.015213,8.311292,8.821003,0.8600017,-0.16637129,-0.4824082,211.357315,"288.805481, 358.924927, 272.305573, 167.554245, 19.945654, 341.364471, ","[["" 129.608"", "" 126.646"", ""  68.724""], ["" 130.360"", "" 127.496"", ""  69.536""], ["" 129.893"", "" 127.867"", ""  70.793""], ["" 128.659"", "" 127.398"", ""  71.263""], ["" 127.902"", "" 126.550"", ""  70.441""], ["" 128.368"", "" 126.177"", ""  69.184""], ["" 130.171"", "" 126.342"", ""  67.469""], ["" 131.625"", "" 128.069"", ""  67.101""], ["" 131.113"", "" 127.004"", ""  66.753""], ["" 129.796"", "" 125.509"", ""  67.041""], ["" 131.488"", "" 126.376"", ""  65.484""], ["" 130.886"", "" 126.520"", ""  64.223""], ["" 132.901"", "" 125.326"", ""  65.398""], ["" 131.537"", "" 125.780"", ""  63.170""], ["" 132.672"", "" 125.079"", ""  63.684""], ["" 131.268"", "" 125.633"", ""  61.776""], ["" 133.498"", "" 124.310"", ""  62.976""], ["" 132.143"", "" 124.821"", ""  61.036""], ["" 133.220"", "" 124.195"", ""  61.658""], ["" 134.179"", "" 123.322"", ""  60.869""], ["" 129.775"", "" 127.295"", ""  64.005""], ["" 129.821"", "" 128.165"", ""  63.495""], ["" 128.867"", "" 127.022"", ""  64.356""], ["" 130.095"", "" 126.299"", ""  61.049""], ["" 130.059"", "" 126.014"", ""  59.746""], ["" 128.942"", "" 125.890"", ""  61.580""], ["" 130.188"", "" 127.624"", ""  61.165""], ["" 128.181"", "" 127.816"", ""  72.622""], ["" 128.933"", "" 128.279"", ""  73.482""], ["" 126.680"", "" 127.647"", ""  72.938""], ["" 126.158"", "" 128.500"", ""  74.109""]]",[],4ba_Grossjean_2025
73,4672,4bb_Grossjean_2025,receptor_tmp,1,3,-6.82,-0.22733333333333333,0.0,0.0,13,188.95,-8.31,-7.95,-0.36,-8.31,0.0,-0.34,1.49,-0.34,43,10,0.0,0.0,0.0,12.125064,9.179226,8.568512,-0.0909058,-0.85444635,0.51152474,286.755737,"113.205475, 237.149673, 277.055298, 353.084808, 165.976334, ","[["" 131.765"", "" 127.961"", ""  66.997""], ["" 131.251"", "" 126.897"", ""  66.655""], ["" 130.308"", "" 126.241"", ""  67.375""], ["" 129.934"", "" 125.403"", ""  66.953""], ["" 131.619"", "" 126.264"", ""  65.386""], ["" 131.064"", "" 126.467"", ""  64.112""], ["" 132.958"", "" 125.120"", ""  65.321""], ["" 131.691"", "" 125.700"", ""  63.065""], ["" 132.757"", "" 124.909"", ""  63.597""], ["" 131.452"", "" 125.593"", ""  61.662""], ["" 133.540"", "" 124.088"", ""  62.901""], ["" 132.281"", "" 124.726"", ""  60.933""], ["" 133.288"", "" 124.009"", ""  61.574""], ["" 134.191"", "" 123.067"", ""  60.800""], ["" 130.011"", "" 127.314"", ""  63.879""], ["" 129.089"", "" 127.137"", ""  64.253""], ["" 130.121"", "" 128.150"", ""  63.322""], ["" 130.357"", "" 126.360"", ""  60.913""], ["" 130.454"", "" 127.684"", ""  61.060""], ["" 130.434"", "" 126.097"", ""  59.608""], ["" 129.158"", "" 125.995"", ""  61.366""], ["" 129.735"", "" 126.561"", ""  68.622""], ["" 130.506"", "" 127.379"", ""  69.451""], ["" 128.471"", "" 126.136"", ""  69.059""], ["" 130.033"", "" 127.758"", ""  70.704""], ["" 128.000"", "" 126.517"", ""  70.312""], ["" 128.776"", "" 127.331"", ""  71.149""], ["" 128.292"", "" 127.755"", ""  72.503""], ["" 128.994"", "" 128.350"", ""  73.323""], ["" 126.844"", "" 127.442"", ""  72.887""]]",[],4bb_Grossjean_2025
74,4227,4bc_Grossjean_2025,receptor_tmp,1,2,-5.92,-0.20413793103448274,0.0,0.0,1,188.77,-7.41,-7.33,-0.09,-7.41,0.0,-0.32,1.49,-0.32,35,5,0.0,0.0,0.0,12.362947,9.107267,8.295648,-0.28600008,-0.75455675,0.59063362,283.441132,"103.565109, 356.837402, 259.719299, 336.676453, 8.160394, ","[["" 131.817"", "" 127.824"", ""  67.037""], ["" 131.216"", "" 126.851"", ""  66.580""], ["" 130.140"", "" 126.280"", ""  67.174""], ["" 129.694"", "" 125.531"", ""  66.665""], ["" 131.639"", "" 126.237"", ""  65.318""], ["" 131.087"", "" 126.401"", ""  64.037""], ["" 133.012"", "" 125.133"", ""  65.284""], ["" 131.756"", "" 125.646"", ""  63.005""], ["" 132.839"", "" 124.897"", ""  63.561""], ["" 131.540"", "" 125.519"", ""  61.601""], ["" 133.658"", "" 124.093"", ""  62.884""], ["" 132.405"", "" 124.670"", ""  60.893""], ["" 133.426"", "" 123.992"", ""  61.555""], ["" 134.366"", "" 123.067"", ""  60.803""], ["" 130.006"", "" 127.206"", ""  63.782""], ["" 129.064"", "" 126.926"", ""  64.012""], ["" 130.120"", "" 128.115"", ""  63.354""], ["" 130.434"", "" 126.245"", ""  60.828""], ["" 130.484"", "" 126.024"", ""  59.513""], ["" 129.241"", "" 125.835"", ""  61.257""], ["" 130.541"", "" 127.561"", ""  61.015""], ["" 129.517"", "" 126.609"", ""  68.392""], ["" 128.284"", "" 126.000"", ""  68.637""], ["" 130.072"", "" 127.460"", ""  69.359""], ["" 127.601"", "" 126.255"", ""  69.824""], ["" 129.386"", "" 127.712"", ""  70.544""], ["" 128.140"", "" 127.111"", ""  70.784""], ["" 127.391"", "" 127.302"", ""  71.929""], ["" 128.042"", "" 127.726"", ""  73.122""]]",[],4bc_Grossjean_2025
75,14176,4bd_Grossjean_2025,receptor_tmp,2,9,-6.23,-0.23074074074074075,0.0,0.0,18,185.41,-7.43,-7.33,-0.1,-7.43,0.0,-0.84,1.19,-0.84,48,3,0.0,0.0,0.0,10.656123,6.783653,3.818304,-0.9289107,-0.28709996,-0.23387715,115.167946,"151.744324, 6.09436, 9.00604, 350.166565, ","[["" 129.515"", "" 124.040"", ""  61.066""], ["" 130.869"", "" 123.849"", ""  60.743""], ["" 131.784"", "" 124.202"", ""  61.801""], ["" 133.207"", "" 124.175"", ""  61.904""], ["" 133.770"", "" 124.602"", ""  63.117""], ["" 132.956"", "" 125.030"", ""  64.162""], ["" 133.551"", "" 125.496"", ""  65.478""], ["" 131.605"", "" 125.068"", ""  64.094""], ["" 131.064"", "" 124.665"", ""  62.946""], ["" 129.333"", "" 124.662"", ""  62.704""], ["" 128.335"", "" 123.803"", ""  60.230""], ["" 128.447"", "" 123.291"", ""  59.115""], ["" 127.150"", "" 124.171"", ""  60.779""], ["" 127.189"", "" 124.521"", ""  61.725""], ["" 125.855"", "" 124.117"", ""  60.231""], ["" 125.729"", "" 124.564"", ""  58.913""], ["" 124.727"", "" 123.624"", ""  60.908""], ["" 124.490"", "" 124.540"", ""  58.278""], ["" 123.489"", "" 123.602"", ""  60.270""], ["" 123.375"", "" 124.062"", ""  58.960""], ["" 131.292"", "" 123.369"", ""  59.530""], ["" 132.254"", "" 123.107"", ""  59.364""], ["" 130.651"", "" 123.253"", ""  58.757""], ["" 134.143"", "" 123.716"", ""  60.782""], ["" 135.427"", "" 123.982"", ""  61.032""], ["" 134.034"", "" 122.398"", ""  60.614""], ["" 133.823"", "" 124.334"", ""  59.646""]]",[],4bd_Grossjean_2025
76,4341,4be_Grossjean_2025,receptor_tmp,2,10,-6.25,-0.22321428571428573,0.0,0.0,4,188.24,-7.45,-7.4,-0.04,-7.45,0.0,-0.24,1.19,-0.24,53,7,0.0,0.0,0.0,7.209128,13.311718,6.632442,0.55176966,0.06830822,-0.83119446,236.000366,"350.921112, 303.427246, 106.941292, 0.613609, ","[["" 126.590"", "" 130.658"", ""  64.072""], ["" 125.830"", "" 130.696"", ""  62.893""], ["" 125.973"", "" 131.917"", ""  62.138""], ["" 125.413"", "" 132.368"", ""  60.906""], ["" 125.779"", "" 133.650"", ""  60.466""], ["" 126.656"", "" 134.430"", ""  61.215""], ["" 127.059"", "" 135.817"", ""  60.751""], ["" 127.207"", "" 134.029"", ""  62.384""], ["" 126.862"", "" 132.814"", ""  62.807""], ["" 127.493"", "" 132.155"", ""  64.299""], ["" 126.667"", "" 129.593"", ""  65.075""], ["" 125.664"", "" 129.241"", ""  65.699""], ["" 127.893"", "" 129.034"", ""  65.238""], ["" 128.628"", "" 129.382"", ""  64.640""], ["" 128.279"", "" 127.986"", ""  66.093""], ["" 127.532"", "" 127.621"", ""  67.176""], ["" 129.486"", "" 127.348"", ""  65.784""], ["" 127.977"", "" 126.605"", ""  67.959""], ["" 129.929"", "" 126.304"", ""  66.598""], ["" 129.168"", "" 125.922"", ""  67.704""], ["" 127.096"", "" 126.250"", ""  69.142""], ["" 125.025"", "" 129.664"", ""  62.485""], ["" 125.403"", "" 128.802"", ""  62.119""], ["" 124.017"", "" 129.734"", ""  62.532""], ["" 124.447"", "" 131.546"", ""  60.045""], ["" 124.085"", "" 132.173"", ""  58.923""], ["" 125.025"", "" 130.398"", ""  59.690""], ["" 123.337"", "" 131.286"", ""  60.735""]]",[],4be_Grossjean_2025
77,14158,4bf_Grossjean_2025,receptor_tmp,1,8,-6.31,-0.2337037037037037,0.0,0.0,15,185.41,-7.5,-7.37,-0.13,-7.5,0.0,-0.85,1.19,-0.85,40,4,0.0,0.0,0.0,10.42834,6.869462,3.73122,-0.92442063,-0.27526183,-0.26396481,117.389557,"124.344147, 14.764227, 181.646667, 232.221634, ","[["" 129.293"", "" 124.152"", ""  60.954""], ["" 130.647"", "" 123.889"", ""  60.690""], ["" 131.534"", "" 124.205"", ""  61.782""], ["" 132.947"", "" 124.102"", ""  61.947""], ["" 133.483"", "" 124.515"", ""  63.177""], ["" 132.649"", "" 125.002"", ""  64.180""], ["" 133.214"", "" 125.456"", ""  65.514""], ["" 131.306"", "" 125.112"", ""  64.056""], ["" 130.793"", "" 124.722"", ""  62.890""], ["" 129.076"", "" 124.809"", ""  62.574""], ["" 128.139"", "" 123.981"", ""  60.066""], ["" 128.248"", "" 123.360"", ""  59.008""], ["" 126.981"", "" 124.534"", ""  60.505""], ["" 127.013"", "" 124.965"", ""  61.418""], ["" 125.721"", "" 124.591"", ""  59.880""], ["" 125.626"", "" 125.368"", ""  58.720""], ["" 124.567"", "" 123.913"", ""  60.310""], ["" 124.478"", "" 125.506"", ""  58.006""], ["" 123.379"", "" 124.044"", ""  59.586""], ["" 123.377"", "" 124.848"", ""  58.446""], ["" 131.095"", "" 123.372"", ""  59.500""], ["" 130.468"", "" 123.180"", ""  58.732""], ["" 132.073"", "" 123.166"", ""  59.352""], ["" 133.904"", "" 123.575"", ""  60.871""], ["" 133.749"", "" 124.183"", ""  59.692""], ["" 135.165"", "" 123.765"", ""  61.256""], ["" 133.693"", "" 122.272"", ""  60.678""]]",[],4bf_Grossjean_2025
78,14228,4bg_Grossjean_2025,receptor_tmp,1,4,-6.76,-0.2414285714285714,0.0,0.0,4,185.5,-8.25,-8.19,-0.06,-8.25,0.0,-0.37,1.49,-0.37,47,6,0.0,0.0,0.0,10.839841,5.731714,5.342045,-0.55644797,0.53059082,-0.63940522,292.962311,"43.464153, 201.511108, 239.117172, 35.721371, 126.286591, ","[["" 130.325"", "" 123.131"", ""  62.038""], ["" 129.939"", "" 124.108"", ""  62.969""], ["" 131.007"", "" 124.557"", ""  63.827""], ["" 131.070"", "" 125.525"", ""  64.873""], ["" 132.309"", "" 125.699"", ""  65.512""], ["" 133.414"", "" 124.947"", ""  65.124""], ["" 134.757"", "" 125.120"", ""  65.810""], ["" 133.388"", "" 124.026"", ""  64.134""], ["" 132.216"", "" 123.858"", ""  63.522""], ["" 132.024"", "" 122.706"", ""  62.222""], ["" 129.501"", "" 122.438"", ""  61.048""], ["" 129.478"", "" 121.209"", ""  60.976""], ["" 128.746"", "" 123.226"", ""  60.254""], ["" 128.875"", "" 124.226"", ""  60.314""], ["" 127.861"", "" 122.758"", ""  59.187""], ["" 126.420"", "" 123.228"", ""  59.340""], ["" 125.669"", "" 123.564"", ""  58.210""], ["" 125.829"", "" 123.257"", ""  60.606""], ["" 124.341"", "" 123.957"", ""  58.349""], ["" 124.499"", "" 123.648"", ""  60.745""], ["" 123.762"", "" 123.999"", ""  59.616""], ["" 128.661"", "" 124.601"", ""  63.053""], ["" 128.474"", "" 125.566"", ""  63.279""], ["" 127.858"", "" 124.006"", ""  62.898""], ["" 129.882"", "" 126.375"", ""  65.334""], ["" 129.291"", "" 127.033"", ""  64.334""], ["" 128.960"", "" 125.594"", ""  65.897""], ["" 130.292"", "" 127.282"", ""  66.221""]]",[],4bg_Grossjean_2025
79,4171,4bh_Grossjean_2025,receptor_tmp,1,19,-6.55,-0.1926470588235294,0.0,0.0,7,188.72,-8.93,-8.34,-0.6,-8.93,0.0,-0.68,2.39,-0.68,50,12,0.0,0.0,0.0,10.631284,8.488308,8.412293,-0.31536369,0.1590316,-0.93555048,149.647614,"73.756134, 353.23175, 190.800827, 51.371773, 41.292076, 175.459549, 201.452881, 254.820236, ","[["" 130.545"", "" 126.913"", ""  67.086""], ["" 130.189"", "" 127.004"", ""  65.909""], ["" 129.161"", "" 127.787"", ""  65.520""], ["" 128.872"", "" 127.748"", ""  64.553""], ["" 130.895"", "" 126.293"", ""  64.843""], ["" 130.682"", "" 126.362"", ""  63.457""], ["" 132.250"", "" 125.239"", ""  65.233""], ["" 131.586"", "" 125.547"", ""  62.683""], ["" 132.509"", "" 124.875"", ""  63.543""], ["" 131.717"", "" 125.305"", ""  61.283""], ["" 133.480"", "" 124.051"", ""  63.150""], ["" 132.741"", "" 124.435"", ""  60.876""], ["" 133.580"", "" 123.845"", ""  61.817""], ["" 134.694"", "" 122.905"", ""  61.391""], ["" 129.699"", "" 127.129"", ""  62.886""], ["" 128.862"", "" 126.719"", ""  62.494""], ["" 129.782"", "" 128.134"", ""  62.831""], ["" 130.817"", "" 125.929"", ""  60.212""], ["" 131.217"", "" 125.657"", ""  58.968""], ["" 129.574"", "" 125.465"", ""  60.341""], ["" 130.807"", "" 127.255"", ""  60.347""], ["" 128.316"", "" 128.581"", ""  66.412""], ["" 127.268"", "" 129.410"", ""  65.678""], ["" 125.911"", "" 129.140"", ""  65.856""], ["" 127.660"", "" 130.397"", ""  64.771""], ["" 124.934"", "" 129.866"", ""  65.156""], ["" 126.705"", "" 131.143"", ""  64.064""], ["" 125.345"", "" 130.871"", ""  64.270""], ["" 123.574"", "" 129.653"", ""  65.285""], ["" 122.990"", "" 129.628"", ""  66.583""], ["" 127.020"", "" 132.143"", ""  63.161""], ["" 128.123"", "" 131.964"", ""  62.278""], ["" 124.399"", "" 131.583"", ""  63.570""], ["" 124.124"", "" 131.061"", ""  62.277""]]",[],4bh_Grossjean_2025
80,13961,4bi_Grossjean_2025,receptor_tmp,1,4,-6.48,-0.24923076923076926,0.0,0.0,14,185.4,-7.67,-7.4,-0.27,-7.67,0.0,-0.8,1.19,-0.8,48,6,0.0,0.0,0.0,10.490717,6.382726,4.00869,-0.93884407,-0.29941505,-0.170066,108.907486,"119.246063, 18.432449, 353.276093, 352.945251, ","[["" 129.082"", "" 123.627"", ""  61.282""], ["" 130.396"", "" 123.590"", ""  60.788""], ["" 131.402"", "" 123.937"", ""  61.761""], ["" 132.826"", "" 124.014"", ""  61.700""], ["" 133.498"", "" 124.400"", ""  62.871""], ["" 132.785"", "" 124.686"", ""  64.032""], ["" 133.498"", "" 125.100"", ""  65.307""], ["" 131.436"", "" 124.620"", ""  64.122""], ["" 130.793"", "" 124.256"", ""  63.013""], ["" 129.051"", "" 124.121"", ""  62.973""], ["" 127.830"", "" 123.349"", ""  60.571""], ["" 127.840"", "" 122.779"", ""  59.478""], ["" 126.699"", "" 123.742"", ""  61.209""], ["" 126.810"", "" 124.188"", ""  62.108""], ["" 125.389"", "" 123.593"", ""  60.774""], ["" 124.446"", "" 122.888"", ""  61.377""], ["" 124.899"", "" 124.191"", ""  59.614""], ["" 123.291"", "" 123.013"", ""  60.602""], ["" 123.580"", "" 123.804"", ""  59.541""], ["" 130.702"", "" 123.247"", ""  59.495""], ["" 131.641"", "" 123.324"", ""  59.130""], ["" 129.994"", "" 122.910"", ""  58.859""], ["" 133.654"", "" 123.701"", ""  60.450""], ["" 134.952"", "" 123.973"", ""  60.602""], ["" 133.551"", "" 122.407"", ""  60.151""], ["" 133.212"", "" 124.427"", ""  59.422""]]",[],4bi_Grossjean_2025
81,14054,4bj_Grossjean_2025,receptor_tmp,1,3,-6.31,-0.24269230769230768,0.0,0.0,14,185.45,-7.5,-7.34,-0.16,-7.5,0.0,-0.71,1.19,-0.71,53,5,0.0,0.0,0.0,10.562876,6.413857,3.989604,-0.93911866,-0.29632516,-0.17391818,109.297005,"125.642548, 16.054428, 353.684387, 234.295456, ","[["" 129.168"", "" 123.663"", ""  61.258""], ["" 130.482"", "" 123.601"", ""  60.770""], ["" 131.490"", "" 123.932"", ""  61.748""], ["" 132.915"", "" 123.988"", ""  61.694""], ["" 133.588"", "" 124.363"", ""  62.867""], ["" 132.874"", "" 124.667"", ""  64.023""], ["" 133.587"", "" 125.081"", ""  65.297""], ["" 131.524"", "" 124.622"", ""  64.108""], ["" 130.881"", "" 124.264"", ""  62.997""], ["" 129.137"", "" 124.158"", ""  62.949""], ["" 127.916"", "" 123.403"", ""  60.543""], ["" 127.922"", "" 122.856"", ""  59.438""], ["" 126.786"", "" 123.789"", ""  61.187""], ["" 126.893"", "" 124.220"", ""  62.093""], ["" 125.481"", "" 123.647"", ""  60.737""], ["" 124.477"", "" 123.051"", ""  61.343""], ["" 125.097"", "" 124.335"", ""  59.191""], ["" 123.373"", "" 123.111"", ""  60.626""], ["" 123.467"", "" 123.770"", ""  59.404""], ["" 130.789"", "" 123.251"", ""  59.479""], ["" 131.732"", "" 123.299"", ""  59.122""], ["" 130.074"", "" 122.937"", ""  58.837""], ["" 133.744"", "" 123.666"", ""  60.445""], ["" 133.381"", "" 124.381"", ""  59.379""], ["" 135.031"", "" 123.921"", ""  60.680""], ["" 133.600"", "" 122.378"", ""  60.130""]]",[],4bj_Grossjean_2025
82,14083,4bk_Grossjean_2025,receptor_tmp,1,4,-5.75,-0.18548387096774194,0.0,0.0,2,188.97,-9.33,-8.63,-0.7,-9.33,0.0,-1.1,3.58,-1.1,53,5,0.0,0.0,0.0,10.99331,7.603234,9.232666,-0.50172055,0.03312646,-0.86439524,108.493874,"162.769821, 9.814518, 22.844259, 11.761572, 210.687759, 94.365807, 313.407623, 106.937706, 349.355743, 176.127762, 218.79422, 94.016968, ","[["" 130.137"", "" 127.042"", ""  69.813""], ["" 130.650"", "" 128.095"", ""  69.005""], ["" 129.912"", "" 128.109"", ""  67.656""], ["" 130.530"", "" 127.256"", ""  66.639""], ["" 129.416"", "" 125.345"", ""  67.116""], ["" 130.254"", "" 125.950"", ""  66.445""], ["" 131.227"", "" 127.693"", ""  66.055""], ["" 131.004"", "" 125.285"", ""  65.378""], ["" 130.635"", "" 124.165"", ""  64.618""], ["" 132.608"", "" 125.862"", ""  64.934""], ["" 131.627"", "" 123.754"", ""  63.656""], ["" 132.772"", "" 124.609"", ""  63.727""], ["" 131.671"", "" 122.699"", ""  62.696""], ["" 133.868"", "" 124.505"", ""  62.977""], ["" 132.830"", "" 122.594"", ""  61.912""], ["" 133.880"", "" 123.494"", ""  62.078""], ["" 135.140"", "" 123.392"", ""  61.237""], ["" 129.436"", "" 123.517"", ""  64.770""], ["" 128.863"", "" 123.638"", ""  65.595""], ["" 129.080"", "" 122.897"", ""  64.056""], ["" 130.542"", "" 121.688"", ""  62.475""], ["" 130.892"", "" 120.681"", ""  61.671""], ["" 130.174"", "" 121.159"", ""  63.641""], ["" 129.495"", "" 122.296"", ""  61.918""], ["" 128.969"", "" 127.393"", ""  70.541""], ["" 129.377"", "" 128.057"", ""  71.864""], ["" 129.724"", "" 127.054"", ""  72.809""], ["" 129.557"", "" 125.728"", ""  72.325""], ["" 130.187"", "" 124.741"", ""  73.317""], ["" 129.788"", "" 123.417"", ""  72.986""], ["" 130.857"", "" 122.484"", ""  73.005""]]",[],4bk_Grossjean_2025
83,13809,4ca_Grossjean_2025,receptor_tmp,1,9,-6.88,-0.18594594594594593,0.0,0.0,1,187.57,-9.26,-9.11,-0.15,-9.26,0.0,-0.77,2.39,-0.77,45,5,0.0,0.0,0.0,10.846898,8.502661,8.208561,0.39763229,0.61618462,-0.67985666,106.161552,"93.286476, 1.697883, 317.66217, 64.306107, 333.814178, 309.482758, 293.616577, 127.830482, ","[["" 129.364"", "" 126.651"", ""  68.894""], ["" 128.201"", "" 126.158"", ""  69.484""], ["" 127.860"", "" 126.522"", ""  70.784""], ["" 128.675"", "" 127.394"", ""  71.518""], ["" 129.841"", "" 127.893"", ""  70.917""], ["" 130.185"", "" 127.529"", ""  69.618""], ["" 129.608"", "" 126.226"", ""  67.573""], ["" 131.202"", "" 127.683"", ""  66.824""], ["" 130.442"", "" 126.734"", ""  66.633""], ["" 129.082"", "" 125.410"", ""  67.300""], ["" 130.407"", "" 126.057"", ""  65.335""], ["" 131.400"", "" 125.269"", ""  64.728""], ["" 128.997"", "" 126.218"", ""  64.290""], ["" 131.046"", "" 124.780"", ""  63.418""], ["" 129.744"", "" 125.232"", ""  63.055""], ["" 131.727"", "" 123.966"", ""  62.468""], ["" 129.121"", "" 124.965"", ""  61.910""], ["" 131.064"", "" 123.694"", ""  61.262""], ["" 129.786"", "" 124.202"", ""  61.004""], ["" 132.602"", "" 124.985"", ""  65.325""], ["" 133.398"", "" 125.602"", ""  65.243""], ["" 132.733"", "" 124.146"", ""  65.873""], ["" 133.128"", "" 123.380"", ""  62.683""], ["" 133.567"", "" 122.676"", ""  61.638""], ["" 134.001"", "" 124.363"", ""  62.897""], ["" 133.117"", "" 122.563"", ""  63.737""], ["" 129.061"", "" 123.926"", ""  59.718""], ["" 129.517"", "" 124.468"", ""  58.505""], ["" 127.903"", "" 123.129"", ""  59.692""], ["" 128.845"", "" 124.220"", ""  57.311""], ["" 127.229"", "" 122.879"", ""  58.500""], ["" 127.703"", "" 123.425"", ""  57.312""], ["" 128.277"", "" 127.769"", ""  72.915""], ["" 129.031"", "" 127.667"", ""  73.887""], ["" 127.002"", "" 128.230"", ""  73.003""], ["" 126.001"", "" 127.495"", ""  73.695""], ["" 125.309"", "" 128.408"", ""  74.712""]]",[],4ca_Grossjean_2025
84,4164,4cb_Grossjean_2025,receptor_tmp,1,6,-6.64,-0.18444444444444444,0.0,0.0,16,188.42,-8.72,-8.27,-0.45,-8.72,0.0,-1.21,2.09,-1.21,41,6,0.0,0.0,0.0,8.559503,11.66317,8.333673,0.36344557,0.84120377,-0.40035426,137.809433,"167.954514, 132.654068, 137.538895, 2.900664, 86.677292, 311.715332, 227.723694, ","[["" 128.889"", "" 127.349"", ""  69.006""], ["" 128.086"", "" 126.340"", ""  69.538""], ["" 128.386"", "" 125.779"", ""  70.776""], ["" 129.493"", "" 126.222"", ""  71.510""], ["" 130.296"", "" 127.240"", ""  70.974""], ["" 129.998"", "" 127.802"", ""  69.736""], ["" 128.485"", "" 127.855"", ""  67.755""], ["" 129.372"", "" 126.369"", ""  66.261""], ["" 128.740"", "" 127.398"", ""  66.505""], ["" 127.909"", "" 128.682"", ""  67.812""], ["" 128.189"", "" 128.210"", ""  65.417""], ["" 128.158"", "" 127.928"", ""  64.041""], ["" 127.487"", "" 129.790"", ""  65.758""], ["" 127.564"", "" 128.970"", ""  63.239""], ["" 127.154"", "" 130.059"", ""  64.063""], ["" 127.326"", "" 129.102"", ""  61.841""], ["" 126.578"", "" 131.179"", ""  63.637""], ["" 126.721"", "" 130.289"", ""  61.402""], ["" 126.369"", "" 131.302"", ""  62.300""], ["" 128.647"", "" 126.765"", ""  63.502""], ["" 129.219"", "" 126.127"", ""  64.037""], ["" 128.447"", "" 126.504"", ""  62.546""], ["" 127.688"", "" 128.034"", ""  60.802""], ["" 128.930"", "" 127.567"", ""  60.943""], ["" 126.857"", "" 126.997"", ""  60.914""], ["" 127.590"", "" 128.545"", ""  59.575""], ["" 125.722"", "" 132.580"", ""  61.850""], ["" 124.387"", "" 132.863"", ""  62.178""], ["" 126.428"", "" 133.523"", ""  61.083""], ["" 123.779"", "" 134.045"", ""  61.760""], ["" 125.827"", "" 134.706"", ""  60.665""], ["" 124.502"", "" 134.963"", ""  61.006""], ["" 129.784"", "" 125.601"", ""  72.847""], ["" 130.033"", "" 126.261"", ""  73.861""], ["" 129.745"", "" 124.244"", ""  72.828""], ["" 130.792"", "" 123.474"", ""  73.401""]]",[],4cb_Grossjean_2025
85,5054,4cc_Grossjean_2025,receptor_tmp,1,9,-7.0,-0.20588235294117646,0.0,0.0,3,187.3,-8.79,-8.72,-0.06,-8.79,0.0,-0.57,1.79,-0.57,63,7,0.0,0.0,0.0,11.179256,8.563678,6.857414,-0.3669124,-0.89233531,-0.26289349,170.695847,"66.841171, 16.340717, 127.621353, 280.717285, 120.295456, 333.629822, ","[["" 133.510"", "" 124.837"", ""  63.614""], ["" 132.323"", "" 124.587"", ""  63.396""], ["" 131.893"", "" 123.506"", ""  62.700""], ["" 130.900"", "" 123.450"", ""  62.533""], ["" 131.269"", "" 125.476"", ""  63.893""], ["" 130.727"", "" 125.555"", ""  65.186""], ["" 130.508"", "" 126.641"", ""  62.812""], ["" 129.688"", "" 126.544"", ""  65.331""], ["" 129.468"", "" 127.218"", ""  64.094""], ["" 128.880"", "" 126.951"", ""  66.431""], ["" 128.580"", "" 128.187"", ""  63.884""], ["" 127.946"", "" 127.974"", ""  66.200""], ["" 127.810"", "" 128.562"", ""  64.938""], ["" 131.145"", "" 124.762"", ""  66.225""], ["" 130.544"", "" 124.062"", ""  66.638""], ["" 132.072"", "" 124.853"", ""  66.616""], ["" 128.972"", "" 126.347"", ""  67.837""], ["" 127.908"", "" 126.619"", ""  68.596""], ["" 129.071"", "" 125.020"", ""  67.752""], ["" 130.044"", "" 126.828"", ""  68.466""], ["" 126.820"", "" 129.659"", ""  64.674""], ["" 127.234"", "" 131.000"", ""  64.616""], ["" 125.456"", "" 129.380"", ""  64.485""], ["" 126.321"", "" 132.024"", ""  64.372""], ["" 124.540"", "" 130.400"", ""  64.240""], ["" 124.977"", "" 131.720"", ""  64.184""], ["" 132.640"", "" 122.456"", ""  62.136""], ["" 131.907"", "" 121.388"", ""  61.616""], ["" 134.042"", "" 122.410"", ""  62.105""], ["" 132.561"", "" 120.297"", ""  61.051""], ["" 134.692"", "" 121.317"", ""  61.540""], ["" 133.954"", "" 120.250"", ""  61.006""], ["" 134.515"", "" 119.127"", ""  60.428""], ["" 134.248"", "" 117.848"", ""  60.993""]]",[],4cc_Grossjean_2025
86,4910,4cd_Grossjean_2025,receptor_tmp,2,8,-7.18,-0.224375,0.0,0.0,4,187.81,-8.68,-8.54,-0.14,-8.68,0.0,-0.44,1.49,-0.44,55,7,0.0,0.0,0.0,8.363196,11.308777,6.981082,-0.76492532,0.50519487,0.39958404,280.054871,"21.478392, 286.682739, 238.072083, 151.600052, 264.068207, ","[["" 126.704"", "" 129.653"", ""  63.997""], ["" 127.339"", "" 129.457"", ""  65.234""], ["" 128.230"", "" 128.323"", ""  65.267""], ["" 129.053"", "" 127.764"", ""  66.286""], ["" 129.804"", "" 126.625"", ""  65.953""], ["" 129.741"", "" 126.061"", ""  64.675""], ["" 128.968"", "" 126.593"", ""  63.692""], ["" 128.250"", "" 127.671"", ""  63.999""], ["" 127.206"", "" 128.435"", ""  62.825""], ["" 125.733"", "" 130.685"", ""  63.621""], ["" 124.572"", "" 130.632"", ""  64.029""], ["" 126.212"", "" 131.669"", ""  62.822""], ["" 127.198"", "" 131.631"", ""  62.611""], ["" 125.539"", "" 132.764"", ""  62.248""], ["" 126.286"", "" 133.546"", ""  61.362""], ["" 124.190"", "" 133.080"", ""  62.485""], ["" 125.706"", "" 134.643"", ""  60.733""], ["" 123.613"", "" 134.180"", ""  61.853""], ["" 124.373"", "" 134.957"", ""  60.984""], ["" 127.133"", "" 130.269"", ""  66.321""], ["" 126.215"", "" 130.408"", ""  66.717""], ["" 127.899"", "" 130.755"", ""  66.766""], ["" 129.166"", "" 128.328"", ""  67.707""], ["" 128.951"", "" 129.645"", ""  67.767""], ["" 128.269"", "" 127.740"", ""  68.499""], ["" 130.390"", "" 128.103"", ""  68.185""], ["" 130.537"", "" 124.845"", ""  64.301""], ["" 131.935"", "" 124.909"", ""  64.182""], ["" 129.911"", "" 123.609"", ""  64.065""], ["" 132.679"", "" 123.785"", ""  63.836""], ["" 130.651"", "" 122.483"", ""  63.716""], ["" 132.034"", "" 122.575"", ""  63.602""]]",[],4cd_Grossjean_2025
87,13979,4ce_Grossjean_2025,receptor_tmp,2,17,-6.81,-0.20636363636363636,0.0,0.0,6,188.35,-8.3,-8.17,-0.13,-8.3,0.0,-0.89,1.49,-0.89,52,7,0.0,0.0,0.0,8.803468,11.62113,7.066456,0.76757674,-0.5166997,-0.37927214,94.031654,"107.831871, 327.551483, 14.52573, 135.538376, 289.098663, ","[["" 127.356"", "" 129.836"", ""  64.198""], ["" 127.792"", "" 129.390"", ""  65.457""], ["" 128.588"", "" 128.187"", ""  65.412""], ["" 129.223"", "" 127.406"", ""  66.420""], ["" 129.939"", "" 126.274"", ""  65.999""], ["" 130.025"", "" 125.930"", ""  64.645""], ["" 129.410"", "" 126.660"", ""  63.678""], ["" 128.733"", "" 127.738"", ""  64.067""], ["" 127.917"", "" 128.766"", ""  62.914""], ["" 126.566"", "" 131.026"", ""  63.873""], ["" 125.754"", "" 131.483"", ""  64.678""], ["" 126.798"", "" 131.563"", ""  62.649""], ["" 127.444"", "" 131.066"", ""  62.054""], ["" 126.217"", "" 132.702"", ""  62.063""], ["" 126.969"", "" 133.761"", ""  61.644""], ["" 124.827"", "" 132.677"", ""  61.899""], ["" 126.340"", "" 134.815"", ""  61.064""], ["" 124.194"", "" 133.769"", ""  61.303""], ["" 124.956"", "" 134.857"", ""  60.875""], ["" 127.236"", "" 135.956"", ""  60.619""], ["" 127.493"", "" 130.039"", ""  66.627""], ["" 127.977"", "" 129.836"", ""  67.490""], ["" 126.770"", "" 130.744"", ""  66.667""], ["" 129.172"", "" 127.725"", ""  67.918""], ["" 129.375"", "" 129.017"", ""  68.185""], ["" 127.975"", "" 127.400"", ""  68.407""], ["" 130.113"", "" 127.032"", ""  68.559""], ["" 130.783"", "" 124.726"", ""  64.173""], ["" 132.090"", "" 124.852"", ""  63.674""], ["" 130.209"", "" 123.444"", ""  64.208""], ["" 132.798"", "" 123.738"", ""  63.228""], ["" 130.914"", "" 122.328"", ""  63.764""], ["" 132.207"", "" 122.480"", ""  63.276""]]",[],4ce_Grossjean_2025
88,13914,4cf_Grossjean_2025,receptor_tmp,2,16,-7.01,-0.2190625,0.0,0.0,9,187.22,-8.5,-8.42,-0.08,-8.5,0.0,-0.57,1.49,-0.57,52,6,0.0,0.0,0.0,10.966832,9.10042,6.966032,0.33820379,0.53473678,0.7743867,158.661575,"6.406085, 284.241119, 60.035988, 254.688477, 248.059296, ","[["" 131.235"", "" 125.379"", ""  63.896""], ["" 130.712"", "" 125.512"", ""  65.192""], ["" 129.689"", "" 126.522"", ""  65.315""], ["" 128.908"", "" 126.984"", ""  66.413""], ["" 127.991"", "" 128.017"", ""  66.160""], ["" 127.853"", "" 128.569"", ""  64.883""], ["" 128.580"", "" 128.124"", ""  63.824""], ["" 129.456"", "" 127.148"", ""  64.056""], ["" 130.464"", "" 126.505"", ""  62.781""], ["" 132.300"", "" 124.488"", ""  63.427""], ["" 133.483"", "" 124.763"", ""  63.633""], ["" 131.882"", "" 123.373"", ""  62.782""], ["" 130.883"", "" 123.240"", ""  62.727""], ["" 132.636"", "" 122.352"", ""  62.172""], ["" 131.924"", "" 121.273"", ""  61.636""], ["" 134.038"", "" 122.340"", ""  62.039""], ["" 132.516"", "" 120.223"", ""  61.010""], ["" 134.661"", "" 121.268"", ""  61.397""], ["" 133.869"", "" 120.233"", ""  60.901""], ["" 131.132"", "" 124.752"", ""  66.254""], ["" 130.500"", "" 124.151"", ""  66.764""], ["" 132.095"", "" 124.766"", ""  66.562""], ["" 129.011"", "" 126.428"", ""  67.838""], ["" 130.107"", "" 126.835"", ""  68.482""], ["" 127.958"", "" 126.823"", ""  68.553""], ["" 129.043"", "" 125.096"", ""  67.801""], ["" 126.880"", "" 129.675"", ""  64.593""], ["" 125.540"", "" 129.390"", ""  64.288""], ["" 127.278"", "" 131.023"", ""  64.626""], ["" 124.631"", "" 130.409"", ""  64.019""], ["" 126.373"", "" 132.046"", ""  64.358""], ["" 125.052"", "" 131.734"", ""  64.055""]]",[],4cf_Grossjean_2025
89,14020,4cg_Grossjean_2025,receptor_tmp,1,2,-7.27,-0.22030303030303028,0.0,0.0,20,187.65,-9.06,-8.84,-0.22,-9.06,0.0,-1.04,1.79,-1.04,52,7,0.0,0.0,0.0,8.356246,11.543263,6.716541,-0.85126395,0.40067598,0.33883394,282.297668,"146.890259, 18.692661, 334.314819, 185.178421, 139.117935, 109.387558, ","[["" 126.324"", "" 129.289"", ""  63.941""], ["" 127.048"", "" 129.186"", ""  65.137""], ["" 128.105"", "" 128.205"", ""  65.101""], ["" 129.054"", "" 127.762"", ""  66.067""], ["" 129.965"", "" 126.772"", ""  65.666""], ["" 129.944"", "" 126.245"", ""  64.370""], ["" 129.033"", "" 126.651"", ""  63.447""], ["" 128.166"", "" 127.589"", ""  63.816""], ["" 126.953"", "" 128.195"", ""  62.713""], ["" 125.223"", "" 130.196"", ""  63.617""], ["" 124.575"", "" 130.761"", ""  64.500""], ["" 124.942"", "" 130.340"", ""  62.304""], ["" 125.561"", "" 129.905"", ""  61.636""], ["" 123.904"", "" 131.207"", ""  61.750""], ["" 124.421"", "" 132.578"", ""  61.328""], ["" 123.741"", "" 133.730"", ""  61.731""], ["" 125.604"", "" 132.684"", ""  60.591""], ["" 124.227"", "" 134.986"", ""  61.374""], ["" 126.089"", "" 133.939"", ""  60.234""], ["" 125.397"", "" 135.084"", ""  60.624""], ["" 126.772"", "" 129.940"", ""  66.249""], ["" 125.980"", "" 130.566"", ""  66.288""], ["" 127.352"", "" 129.888"", ""  67.076""], ["" 129.133"", "" 128.296"", ""  67.502""], ["" 128.975"", "" 129.618"", ""  67.578""], ["" 128.178"", "" 127.735"", ""  68.244""], ["" 130.323"", "" 128.006"", ""  68.026""], ["" 130.907"", "" 125.183"", ""  63.922""], ["" 130.647"", "" 123.824"", ""  64.166""], ["" 132.099"", "" 125.516"", ""  63.254""], ["" 131.537"", "" 122.837"", ""  63.755""], ["" 132.992"", "" 124.532"", ""  62.840""], ["" 132.708"", "" 123.195"", ""  63.092""]]",[],4cg_Grossjean_2025
90,4248,4ch_Grossjean_2025,receptor_tmp,1,3,-7.29,-0.18692307692307691,0.0,0.0,11,188.7,-9.97,-9.01,-0.96,-9.97,0.0,-1.17,2.68,-1.17,68,9,0.0,0.0,0.0,9.155605,9.114522,8.397334,0.15871052,0.67183573,-0.72349687,183.364456,"299.392975, 235.111023, 105.280647, 306.175293, 346.581848, 8.537117, 167.190781, 44.912434, 194.157715, ","[["" 128.345"", "" 128.152"", ""  67.733""], ["" 128.472"", "" 126.946"", ""  67.508""], ["" 128.007"", "" 125.999"", ""  68.348""], ["" 128.098"", "" 125.031"", ""  68.074""], ["" 129.174"", "" 126.461"", ""  66.319""], ["" 129.006"", "" 126.853"", ""  64.982""], ["" 130.374"", "" 125.181"", ""  66.465""], ["" 129.858"", "" 126.151"", ""  64.052""], ["" 130.662"", "" 125.196"", ""  64.742""], ["" 130.034"", "" 126.236"", ""  62.641""], ["" 131.551"", "" 124.381"", ""  64.179""], ["" 130.974"", "" 125.370"", ""  62.058""], ["" 131.703"", "" 124.461"", ""  62.831""], ["" 128.120"", "" 127.825"", ""  64.591""], ["" 128.424"", "" 128.669"", ""  64.124""], ["" 127.128"", "" 127.726"", ""  64.753""], ["" 129.269"", "" 127.208"", ""  61.736""], ["" 129.376"", "" 128.481"", ""  62.126""], ["" 129.739"", "" 127.131"", ""  60.492""], ["" 127.973"", "" 126.899"", ""  61.736""], ["" 132.718"", "" 123.533"", ""  62.228""], ["" 134.006"", "" 123.989"", ""  61.903""], ["" 132.409"", "" 122.187"", ""  61.965""], ["" 134.951"", "" 123.134"", ""  61.342""], ["" 133.352"", "" 121.328"", ""  61.407""], ["" 134.621"", "" 121.806"", ""  61.098""], ["" 127.279"", "" 126.248"", ""  69.593""], ["" 128.152"", "" 126.228"", ""  70.842""], ["" 128.340"", "" 127.396"", ""  71.584""], ["" 128.732"", "" 125.036"", ""  71.277""], ["" 129.120"", "" 127.390"", ""  72.751""], ["" 129.516"", "" 125.000"", ""  72.442""], ["" 129.707"", "" 126.186"", ""  73.166""], ["" 129.350"", "" 128.508"", ""  73.532""], ["" 129.043"", "" 129.797"", ""  73.012""], ["" 130.122"", "" 123.857"", ""  72.929""], ["" 130.128"", "" 122.676"", ""  72.134""], ["" 130.459"", "" 126.162"", ""  74.316""], ["" 129.690"", "" 126.181"", ""  75.511""]]",[],4ch_Grossjean_2025
91,4336,4ci_Grossjean_2025,receptor_tmp,1,10,-6.98,-0.22516129032258067,0.0,0.0,19,187.77,-8.47,-8.35,-0.13,-8.47,0.0,-0.55,1.49,-0.55,40,6,0.0,0.0,0.0,10.825441,9.260199,7.159763,0.32628904,0.5380056,0.77722933,159.588867,"148.666901, 288.567047, 60.88739, 135.679932, 304.543854, ","[["" 131.287"", "" 125.476"", ""  63.915""], ["" 130.724"", "" 125.546"", ""  65.200""], ["" 129.680"", "" 126.533"", ""  65.333""], ["" 128.866"", "" 126.944"", ""  66.427""], ["" 127.926"", "" 127.958"", ""  66.183""], ["" 127.791"", "" 128.536"", ""  64.917""], ["" 128.571"", "" 128.160"", ""  63.871""], ["" 129.466"", "" 127.200"", ""  64.091""], ["" 130.523"", "" 126.628"", ""  62.822""], ["" 132.350"", "" 124.591"", ""  63.431""], ["" 133.511"", "" 124.728"", ""  63.825""], ["" 131.963"", "" 123.651"", ""  62.533""], ["" 130.988"", "" 123.636"", ""  62.274""], ["" 132.758"", "" 122.694"", ""  61.915""], ["" 132.363"", "" 121.494"", ""  61.521""], ["" 134.107"", "" 122.893"", ""  61.627""], ["" 133.476"", "" 120.870"", ""  60.955""], ["" 134.522"", "" 121.728"", ""  61.025""], ["" 131.129"", "" 124.752"", ""  66.241""], ["" 130.499"", "" 124.109"", ""  66.701""], ["" 132.081"", "" 124.777"", ""  66.582""], ["" 128.960"", "" 126.354"", ""  67.839""], ["" 129.042"", "" 125.022"", ""  67.846""], ["" 130.047"", "" 126.824"", ""  68.450""], ["" 127.879"", "" 126.692"", ""  68.542""], ["" 126.795"", "" 129.625"", ""  64.638""], ["" 125.443"", "" 129.323"", ""  64.403""], ["" 127.184"", "" 130.976"", ""  64.598""], ["" 124.515"", "" 130.328"", ""  64.146""], ["" 126.259"", "" 131.984"", ""  64.342""], ["" 124.927"", "" 131.656"", ""  64.117""]]",[],4ci_Grossjean_2025
92,14257,4cj_Grossjean_2025,receptor_tmp,1,17,-7.0,-0.22580645161290322,0.0,0.0,19,187.81,-8.49,-8.42,-0.07,-8.49,0.0,-0.42,1.49,-0.42,47,6,0.0,0.0,0.0,10.855169,9.279636,7.205493,0.32290834,0.53810838,0.77856893,159.622437,"144.698334, 286.924255, 58.551216, 135.921707, 304.573181, ","[["" 131.315"", "" 125.500"", ""  63.976""], ["" 130.754"", "" 125.574"", ""  65.262""], ["" 129.717"", "" 126.568"", ""  65.396""], ["" 128.904"", "" 126.983"", ""  66.490""], ["" 127.966"", "" 127.998"", ""  66.243""], ["" 127.831"", "" 128.573"", ""  64.975""], ["" 128.614"", "" 128.196"", ""  63.931""], ["" 129.505"", "" 127.234"", ""  64.153""], ["" 130.561"", "" 126.659"", ""  62.884""], ["" 132.371"", "" 124.608"", ""  63.491""], ["" 133.540"", "" 124.757"", ""  63.857""], ["" 131.968"", "" 123.645"", ""  62.626""], ["" 130.990"", "" 123.623"", ""  62.379""], ["" 132.764"", "" 122.679"", ""  62.023""], ["" 132.428"", "" 121.452"", ""  61.687""], ["" 134.401"", "" 123.119"", ""  61.653""], ["" 133.436"", "" 120.810"", ""  61.130""], ["" 134.626"", "" 121.522"", ""  61.004""], ["" 131.152"", "" 124.774"", ""  66.302""], ["" 130.508"", "" 124.162"", ""  66.784""], ["" 132.111"", "" 124.767"", ""  66.622""], ["" 128.996"", "" 126.395"", ""  67.902""], ["" 129.070"", "" 125.062"", ""  67.911""], ["" 130.086"", "" 126.859"", ""  68.513""], ["" 127.917"", "" 126.739"", ""  68.606""], ["" 126.827"", "" 129.652"", ""  64.687""], ["" 125.481"", "" 129.334"", ""  64.445""], ["" 127.205"", "" 131.005"", ""  64.643""], ["" 124.546"", "" 130.329"", ""  64.172""], ["" 126.274"", "" 132.003"", ""  64.369""], ["" 124.947"", "" 131.661"", ""  64.134""]]",[],4cj_Grossjean_2025
93,14042,4ck_Grossjean_2025,receptor_tmp,1,1,-5.88,-0.16333333333333333,0.0,0.0,8,185.37,-9.76,-9.53,-0.23,-9.76,0.0,-2.97,3.88,-2.97,70,9,0.0,0.0,0.0,7.900899,7.127104,4.969058,-0.35501589,-0.04624558,0.93371573,108.159538,"4.189852, 115.848763, 36.314724, 11.359429, 81.6651, 35.296837, 292.643921, 308.09967, 188.878235, 358.963013, 160.774399, 80.028, 182.133377, ","[["" 131.700"", "" 123.453"", ""  60.595""], ["" 131.919"", "" 122.166"", ""  61.160""], ["" 130.945"", "" 121.943"", ""  62.326""], ["" 130.490"", "" 123.205"", ""  62.912""], ["" 130.590"", "" 122.619"", ""  65.099""], ["" 130.331"", "" 123.453"", ""  64.229""], ["" 130.343"", "" 123.965"", ""  62.264""], ["" 129.839"", "" 124.787"", ""  64.573""], ["" 129.890"", "" 125.445"", ""  65.811""], ["" 128.995"", "" 125.756"", ""  63.368""], ["" 129.267"", "" 126.747"", ""  65.812""], ["" 128.730"", "" 127.040"", ""  64.524""], ["" 129.094"", "" 127.741"", ""  66.817""], ["" 128.084"", "" 128.154"", ""  64.189""], ["" 128.411"", "" 128.912"", ""  66.454""], ["" 127.926"", "" 129.097"", ""  65.155""], ["" 130.483"", "" 124.905"", ""  66.924""], ["" 130.460"", "" 125.367"", ""  67.822""], ["" 130.961"", "" 124.015"", ""  66.884""], ["" 129.602"", "" 127.606"", ""  68.258""], ["" 129.010"", "" 126.618"", ""  68.932""], ["" 130.911"", "" 127.357"", ""  68.253""], ["" 129.372"", "" 128.737"", ""  68.924""], ["" 127.177"", "" 130.334"", ""  64.750""], ["" 127.792"", "" 131.595"", ""  64.799""], ["" 125.845"", "" 130.266"", ""  64.307""], ["" 127.102"", "" 132.747"", ""  64.427""], ["" 125.151"", "" 131.414"", ""  63.935""], ["" 125.783"", "" 132.652"", ""  63.998""], ["" 132.755"", "" 124.374"", ""  60.838""], ["" 133.884"", "" 123.647"", ""  61.579""], ["" 133.827"", "" 123.983"", ""  62.959""], ["" 133.089"", "" 125.167"", ""  63.224""], ["" 133.057"", "" 125.408"", ""  64.739""], ["" 133.938"", "" 124.492"", ""  65.373""], ["" 134.870"", "" 125.117"", ""  66.243""]]",[],4ck_Grossjean_2025
94,14211,4dd_Grossjean_2025,receptor_tmp,1,13,-7.6,-0.26206896551724135,0.0,0.0,7,187.91,-8.79,-8.7,-0.09,-8.79,0.0,-0.59,1.19,-0.59,48,7,0.0,0.0,0.0,8.211997,11.340165,6.89073,0.75835469,-0.50200617,-0.41579799,76.694672,"21.179071, 285.274902, 39.635334, 257.871063, ","[["" 126.713"", "" 129.680"", ""  64.290""], ["" 127.402"", "" 129.534"", ""  65.504""], ["" 128.299"", "" 128.409"", ""  65.535""], ["" 129.164"", "" 127.903"", ""  66.539""], ["" 129.327"", "" 128.527"", ""  67.917""], ["" 129.912"", "" 126.757"", ""  66.240""], ["" 129.807"", "" 126.135"", ""  64.990""], ["" 128.990"", "" 126.618"", ""  64.014""], ["" 128.273"", "" 127.703"", ""  64.299""], ["" 127.171"", "" 128.418"", ""  63.144""], ["" 125.721"", "" 130.692"", ""  63.921""], ["" 124.572"", "" 130.634"", ""  64.361""], ["" 126.167"", "" 131.665"", ""  63.090""], ["" 127.147"", "" 131.632"", ""  62.854""], ["" 125.467"", "" 132.739"", ""  62.511""], ["" 126.183"", "" 133.510"", ""  61.590""], ["" 124.121"", "" 133.046"", ""  62.774""], ["" 125.573"", "" 134.586"", ""  60.951""], ["" 123.515"", "" 134.123"", ""  62.134""], ["" 124.243"", "" 134.890"", ""  61.228""], ["" 127.247"", "" 130.377"", ""  66.576""], ["" 128.031"", "" 130.668"", ""  67.144""], ["" 126.340"", "" 130.739"", ""  66.832""], ["" 130.600"", "" 124.911"", ""  64.641""], ["" 131.965"", "" 125.003"", ""  64.326""], ["" 130.004"", "" 123.638"", ""  64.623""], ["" 132.708"", "" 123.870"", ""  64.004""], ["" 130.742"", "" 122.502"", ""  64.299""], ["" 132.093"", "" 122.624"", ""  63.990""]]",[],4dd_Grossjean_2025
95,14262,4dg_Grossjean_2025,receptor_tmp,1,4,-8.14,-0.27133333333333337,0.0,0.0,2,189.52,-9.63,-9.43,-0.2,-9.63,0.0,-0.66,1.49,-0.66,78,7,0.0,0.0,0.0,9.027026,9.992348,12.836449,0.51034876,0.72729522,-0.45889629,89.020454,"64.665276, 4.977514, 325.455566, 90.143852, 128.612656, ","[["" 128.567"", "" 127.175"", ""  71.328""], ["" 129.718"", "" 127.716"", ""  70.736""], ["" 129.868"", "" 127.381"", ""  69.345""], ["" 130.866"", "" 127.693"", ""  68.387""], ["" 132.106"", "" 128.521"", ""  68.689""], ["" 130.699"", "" 127.203"", ""  67.086""], ["" 129.580"", "" 126.435"", ""  66.744""], ["" 128.622"", "" 126.117"", ""  67.656""], ["" 128.778"", "" 126.583"", ""  68.895""], ["" 127.619"", "" 126.254"", ""  70.161""], ["" 128.085"", "" 127.341"", ""  72.698""], ["" 128.862"", "" 127.550"", ""  73.632""], ["" 126.753"", "" 127.213"", ""  72.874""], ["" 126.171"", "" 127.121"", ""  72.054""], ["" 126.049"", "" 127.361"", ""  74.147""], ["" 125.768"", "" 128.813"", ""  74.519""], ["" 124.608"", "" 129.135"", ""  75.230""], ["" 126.695"", "" 129.810"", ""  74.203""], ["" 124.364"", "" 130.455"", ""  75.598""], ["" 126.450"", "" 131.130"", ""  74.570""], ["" 125.284"", "" 131.447"", ""  75.264""], ["" 130.630"", "" 128.489"", ""  71.408""], ["" 130.547"", "" 129.494"", ""  71.456""], ["" 131.418"", "" 128.073"", ""  71.887""], ["" 129.375"", "" 125.895"", ""  65.357""], ["" 129.582"", "" 124.535"", ""  65.075""], ["" 128.978"", "" 126.734"", ""  64.299""], ["" 129.397"", "" 124.030"", ""  63.790""], ["" 128.791"", "" 126.234"", ""  63.014""], ["" 129.000"", "" 124.881"", ""  62.764""]]",[],4dg_Grossjean_2025
96,14268,4dj_Grossjean_2025,receptor_tmp,1,17,-6.92,-0.24714285714285714,0.0,0.0,20,188.21,-8.11,-8.12,0.01,-8.11,0.0,-0.89,1.19,-0.89,41,8,0.0,0.0,0.0,10.739013,9.583264,7.082758,-0.29139043,-0.52957705,-0.79664281,205.34288,"285.113617, 334.30368, 5.87081, 117.136612, ","[["" 131.049"", "" 125.730"", ""  64.385""], ["" 130.353"", "" 125.841"", ""  65.598""], ["" 129.338"", "" 126.860"", ""  65.599""], ["" 128.427"", "" 127.304"", ""  66.592""], ["" 128.348"", "" 126.723"", ""  67.996""], ["" 127.550"", "" 128.343"", ""  66.258""], ["" 127.570"", "" 128.919"", ""  64.982""], ["" 128.446"", "" 128.511"", ""  64.023""], ["" 129.280"", "" 127.522"", ""  64.340""], ["" 130.451"", "" 126.895"", ""  63.201""], ["" 132.127"", "" 124.805"", ""  64.033""], ["" 132.839"", "" 124.305"", ""  64.908""], ["" 132.277"", "" 124.561"", ""  62.708""], ["" 131.646"", "" 125.031"", ""  62.076""], ["" 133.217"", "" 123.731"", ""  62.114""], ["" 134.507"", "" 123.948"", ""  61.964""], ["" 132.653"", "" 122.216"", ""  61.485""], ["" 135.100"", "" 122.941"", ""  61.353""], ["" 134.284"", "" 121.873"", ""  60.993""], ["" 130.605"", "" 125.057"", ""  66.696""], ["" 130.032"", "" 125.101"", ""  67.526""], ["" 131.378"", "" 124.406"", ""  66.710""], ["" 126.646"", "" 130.038"", ""  64.596""], ["" 127.042"", "" 131.379"", ""  64.732""], ["" 125.356"", "" 129.780"", ""  64.097""], ["" 126.190"", "" 132.422"", ""  64.377""], ["" 124.501"", "" 130.819"", ""  63.742""], ["" 124.921"", "" 132.137"", ""  63.883""]]",[],4dj_Grossjean_2025
97,14164,4ea_Grossjean_2025,receptor_tmp,1,20,-7.89,-0.23205882352941176,0.0,0.0,16,187.36,-9.97,-9.71,-0.26,-9.97,0.0,-1.46,2.09,-1.46,48,5,0.0,0.0,0.0,9.596083,8.61106,8.081809,-0.80895697,0.2794015,0.51722666,131.20369,"185.941238, 348.642883, 341.580414, 282.672028, 0.126192, 41.814423, 341.094788, ","[["" 129.035"", "" 126.723"", ""  68.308""], ["" 129.960"", "" 127.442"", ""  69.066""], ["" 129.742"", "" 127.662"", ""  70.423""], ["" 128.592"", "" 127.166"", ""  71.051""], ["" 127.664"", "" 126.442"", ""  70.286""], ["" 127.880"", "" 126.221"", ""  68.929""], ["" 129.359"", "" 126.563"", ""  66.947""], ["" 130.123"", "" 124.411"", ""  66.810""], ["" 129.857"", "" 125.491"", ""  66.283""], ["" 129.188"", "" 127.385"", ""  66.387""], ["" 130.073"", "" 125.692"", ""  64.848""], ["" 130.876"", "" 124.943"", ""  63.972""], ["" 129.270"", "" 127.016"", ""  64.000""], ["" 130.860"", "" 125.419"", ""  62.613""], ["" 130.013"", "" 126.560"", ""  62.484""], ["" 131.510"", "" 124.972"", ""  61.429""], ["" 129.783"", "" 127.235"", ""  61.356""], ["" 131.272"", "" 125.677"", ""  60.244""], ["" 130.420"", "" 126.779"", ""  60.249""], ["" 130.145"", "" 127.560"", ""  58.978""], ["" 131.616"", "" 123.855"", ""  64.358""], ["" 131.556"", "" 123.473"", ""  65.292""], ["" 132.251"", "" 123.396"", ""  63.718""], ["" 132.417"", "" 123.803"", ""  61.408""], ["" 133.804"", "" 123.989"", ""  61.398""], ["" 131.893"", "" 122.507"", ""  61.390""], ["" 134.658"", "" 122.890"", ""  61.380""], ["" 132.746"", "" 121.406"", ""  61.373""], ["" 134.125"", "" 121.603"", ""  61.368""], ["" 128.389"", "" 127.421"", ""  72.516""], ["" 129.303"", "" 127.743"", ""  73.282""], ["" 127.101"", "" 127.264"", ""  72.915""], ["" 126.496"", "" 128.175"", ""  73.823""], ["" 125.050"", "" 127.744"", ""  74.088""]]",[],4ea_Grossjean_2025
98,4590,4eb_Grossjean_2025,receptor_tmp,1,7,-7.69,-0.23303030303030303,0.0,0.0,1,186.83,-9.48,-9.19,-0.29,-9.48,0.0,-1.17,1.79,-1.17,46,7,0.0,0.0,0.0,11.067994,7.439633,7.99348,-0.86981795,0.22635774,0.43838216,145.824753,"201.547165, 189.162109, 321.109314, 72.274544, 281.469025, 159.399673, ","[["" 129.772"", "" 126.299"", ""  68.160""], ["" 130.448"", "" 127.334"", ""  68.808""], ["" 129.994"", "" 127.817"", ""  70.031""], ["" 128.851"", "" 127.273"", ""  70.632""], ["" 128.174"", "" 126.232"", ""  69.978""], ["" 128.627"", "" 125.747"", ""  68.754""], ["" 130.322"", "" 125.891"", ""  66.929""], ["" 128.844"", "" 126.686"", ""  65.374""], ["" 129.877"", "" 126.081"", ""  65.663""], ["" 131.185"", "" 125.376"", ""  67.016""], ["" 130.721"", "" 125.508"", ""  64.611""], ["" 130.326"", "" 124.866"", ""  63.426""], ["" 132.480"", "" 125.574"", ""  64.743""], ["" 131.423"", "" 124.419"", ""  62.609""], ["" 132.674"", "" 124.744"", ""  63.215""], ["" 131.480"", "" 123.742"", ""  61.360""], ["" 133.877"", "" 124.467"", ""  62.711""], ["" 132.741"", "" 123.449"", ""  60.828""], ["" 133.891"", "" 123.821"", ""  61.521""], ["" 135.271"", "" 123.516"", ""  60.966""], ["" 129.017"", "" 124.674"", ""  63.064""], ["" 128.272"", "" 125.241"", ""  63.443""], ["" 128.753"", "" 123.956"", ""  62.403""], ["" 130.266"", "" 123.340"", ""  60.612""], ["" 129.804"", "" 124.124"", ""  59.551""], ["" 129.576"", "" 122.177"", ""  60.967""], ["" 128.664"", "" 123.745"", ""  58.846""], ["" 128.437"", "" 121.797"", ""  60.263""], ["" 127.985"", "" 122.583"", ""  59.205""], ["" 128.388"", "" 127.817"", ""  71.953""], ["" 127.237"", "" 127.682"", ""  72.377""], ["" 129.363"", "" 128.475"", ""  72.633""], ["" 129.415"", "" 129.894"", ""  72.647""]]",[],4eb_Grossjean_2025
99,14008,8a_Ghoteimi_2023,receptor_tmp,1,12,-7.63,-0.17744186046511629,0.0,0.0,7,186.95,-10.62,-10.43,-0.19,-10.62,0.0,-1.33,2.98,-1.33,72,5,0.0,0.0,0.0,10.564112,10.039194,4.319631,0.29107218,0.7756301,0.56006691,117.037895,"308.750183, 189.161362, 96.394173, 182.021866, 307.882477, 261.44342, 285.987274, 298.430878, 145.841385, 111.287704, ","[["" 128.114"", "" 131.504"", ""  61.117""], ["" 127.821"", "" 132.302"", ""  62.223""], ["" 127.318"", "" 133.589"", ""  62.054""], ["" 127.097"", "" 134.105"", ""  60.771""], ["" 127.388"", "" 133.299"", ""  59.660""], ["" 127.891"", "" 132.011"", ""  59.827""], ["" 128.622"", "" 130.223"", ""  61.409""], ["" 128.044"", "" 129.002"", ""  61.285""], ["" 126.901"", "" 128.814"", ""  60.870""], ["" 129.570"", "" 130.226"", ""  61.754""], ["" 128.887"", "" 127.870"", ""  61.682""], ["" 130.532"", "" 125.434"", ""  64.063""], ["" 130.020"", "" 126.236"", ""  63.004""], ["" 131.358"", "" 124.357"", ""  63.724""], ["" 130.431"", "" 125.883"", ""  61.685""], ["" 129.123"", "" 127.365"", ""  62.970""], ["" 131.691"", "" 124.100"", ""  62.392""], ["" 129.763"", "" 126.942"", ""  60.465""], ["" 131.231"", "" 124.866"", ""  61.368""], ["" 130.235"", "" 125.681"", ""  65.497""], ["" 129.634"", "" 126.175"", ""  68.196""], ["" 130.185"", "" 127.178"", ""  67.398""], ["" 129.379"", "" 124.915"", ""  67.630""], ["" 130.481"", "" 126.936"", ""  66.060""], ["" 129.675"", "" 124.676"", ""  66.290""], ["" 129.373"", "" 126.506"", ""  69.511""], ["" 128.082"", "" 126.248"", ""  70.049""], ["" 128.543"", "" 127.879"", ""  64.103""], ["" 127.701"", "" 127.478"", ""  64.492""], ["" 128.938"", "" 128.672"", ""  64.588""], ["" 132.571"", "" 122.952"", ""  62.011""], ["" 132.027"", "" 121.703"", ""  61.681""], ["" 133.963"", "" 123.101"", ""  61.982""], ["" 132.851"", "" 120.635"", ""  61.339""], ["" 134.790"", "" 122.035"", ""  61.637""], ["" 134.236"", "" 120.788"", ""  61.314""], ["" 134.975"", "" 119.673"", ""  60.965""], ["" 134.295"", "" 118.475"", ""  60.608""], ["" 126.556"", "" 135.498"", ""  60.624""], ["" 127.220"", "" 136.442"", ""  60.186""], ["" 125.260"", "" 135.614"", ""  61.017""], ["" 124.338"", "" 134.548"", ""  60.827""], ["" 123.821"", "" 134.074"", ""  62.189""]]",[],8a_Ghoteimi_2023
100,5296,8b_Ghoteimi_2023,receptor_tmp,4,5,-8.55,-0.2310810810810811,0.0,0.0,20,187.12,-10.64,-10.4,-0.25,-10.64,0.0,-1.61,2.09,-1.61,44,11,0.0,0.0,0.0,10.128355,9.950143,7.934657,0.38845975,0.89019436,-0.23801893,108.434746,"294.10495, 170.744492, 169.914078, 50.963989, 45.395081, 292.287933, 2.934296, ","[["" 128.619"", "" 127.716"", ""  66.376""], ["" 129.406"", "" 127.095"", ""  65.369""], ["" 129.146"", "" 127.495"", ""  64.027""], ["" 130.168"", "" 126.669"", ""  62.873""], ["" 130.969"", "" 125.765"", ""  64.159""], ["" 130.450"", "" 126.105"", ""  65.418""], ["" 128.237"", "" 128.392"", ""  63.646""], ["" 127.496"", "" 128.976"", ""  64.627""], ["" 127.663"", "" 128.656"", ""  65.978""], ["" 128.777"", "" 127.407"", ""  67.816""], ["" 129.066"", "" 126.837"", ""  70.546""], ["" 129.954"", "" 127.703"", ""  69.905""], ["" 128.027"", "" 126.253"", ""  69.804""], ["" 129.814"", "" 127.986"", ""  68.550""], ["" 127.886"", "" 126.539"", ""  68.449""], ["" 129.282"", "" 126.615"", ""  71.892""], ["" 128.317"", "" 127.072"", ""  72.835""], ["" 130.884"", "" 125.554"", ""  66.596""], ["" 130.599"", "" 125.930"", ""  67.489""], ["" 131.506"", "" 124.758"", ""  66.613""], ["" 126.481"", "" 129.976"", ""  64.173""], ["" 125.256"", "" 129.569"", ""  63.625""], ["" 126.733"", "" 131.350"", ""  64.285""], ["" 124.314"", "" 130.503"", ""  63.206""], ["" 125.792"", "" 132.288"", ""  63.868""], ["" 124.570"", "" 131.868"", ""  63.323""], ["" 123.577"", "" 132.723"", ""  62.883""], ["" 123.914"", "" 133.772"", ""  61.981""], ["" 132.025"", "" 124.801"", ""  63.839""], ["" 132.377"", "" 124.738"", ""  62.530""], ["" 132.537"", "" 124.112"", ""  64.724""], ["" 131.889"", "" 125.350"", ""  61.894""], ["" 133.337"", "" 123.918"", ""  61.952""], ["" 134.646"", "" 124.006"", ""  62.132""], ["" 133.023"", "" 122.872"", ""  61.086""], ["" 135.226"", "" 122.990"", ""  61.370""], ["" 134.234"", "" 122.314"", ""  60.745""]]",[],8b_Ghoteimi_2023
101,14033,8c_Ghoteimi_2023,receptor_tmp,1,9,-8.69,-0.23486486486486485,0.0,0.0,20,187.17,-10.78,-10.54,-0.24,-10.78,0.0,-1.4,2.09,-1.4,57,10,0.0,0.0,0.0,9.992055,9.816595,8.100798,-0.4044145,-0.85964514,0.31218446,245.224243,"47.095791, 176.921432, 347.661621, 279.366852, 220.824677, 251.688293, 29.831099, ","[["" 128.683"", "" 127.726"", ""  66.593""], ["" 129.270"", "" 126.968"", ""  65.545""], ["" 128.926"", "" 127.351"", ""  64.216""], ["" 129.703"", "" 126.352"", ""  63.009""], ["" 130.510"", "" 125.395"", ""  64.252""], ["" 130.174"", "" 125.848"", ""  65.538""], ["" 128.110"", "" 128.351"", ""  63.884""], ["" 127.561"", "" 129.066"", ""  64.904""], ["" 127.825"", "" 128.775"", ""  66.245""], ["" 128.948"", "" 127.449"", ""  68.023""], ["" 129.443"", "" 126.939"", ""  70.735""], ["" 130.301"", "" 127.761"", ""  70.001""], ["" 128.330"", "" 126.369"", ""  70.097""], ["" 130.059"", "" 128.014"", ""  68.655""], ["" 128.088"", "" 126.624"", ""  68.749""], ["" 129.761"", "" 126.746"", ""  72.065""], ["" 129.737"", "" 125.428"", ""  72.600""], ["" 130.655"", "" 125.285"", ""  66.694""], ["" 131.134"", "" 124.395"", ""  66.686""], ["" 130.545"", "" 125.737"", ""  67.590""], ["" 126.646"", "" 130.179"", ""  64.503""], ["" 127.043"", "" 131.520"", ""  64.607""], ["" 125.362"", "" 129.906"", ""  64.011""], ["" 126.188"", "" 132.551"", ""  64.230""], ["" 124.505"", "" 130.935"", ""  63.632""], ["" 124.915"", "" 132.271"", ""  63.739""], ["" 124.135"", "" 133.357"", ""  63.387""], ["" 124.044"", "" 133.730"", ""  62.016""], ["" 131.390"", "" 124.287"", ""  63.877""], ["" 132.046"", "" 124.438"", ""  62.700""], ["" 131.505"", "" 123.299"", ""  64.606""], ["" 131.876"", "" 125.288"", ""  62.182""], ["" 132.931"", "" 123.543"", ""  62.117""], ["" 134.234"", "" 123.665"", ""  61.982""], ["" 132.265"", "" 122.074"", ""  61.479""], ["" 134.760"", "" 122.618"", ""  61.380""], ["" 133.874"", "" 121.612"", ""  61.009""]]",[],8c_Ghoteimi_2023
102,14290,8d_Ghoteimi_2023,receptor_tmp,1,9,-7.57,-0.2365625,0.0,0.0,5,188.14,-9.66,-9.26,-0.4,-9.66,0.0,-0.98,2.09,-0.98,49,9,0.0,0.0,0.0,9.422141,10.263218,9.117961,-0.54474715,0.36048913,0.75716453,139.211914,"49.554523, 0.622587, 201.484818, 115.806862, 105.42115, 162.701996, 100.776283, ","[["" 128.769"", "" 127.580"", ""  66.968""], ["" 129.193"", "" 126.680"", ""  65.955""], ["" 128.808"", "" 126.996"", ""  64.621""], ["" 129.382"", "" 125.825"", ""  63.457""], ["" 130.155"", "" 124.880"", ""  64.731""], ["" 129.962"", "" 125.466"", ""  65.988""], ["" 128.089"", "" 128.058"", ""  64.255""], ["" 127.690"", "" 128.906"", ""  65.241""], ["" 128.017"", "" 128.695"", ""  66.584""], ["" 129.092"", "" 127.380"", ""  68.400""], ["" 129.714"", "" 126.993"", ""  71.106""], ["" 130.549"", "" 127.759"", ""  70.291""], ["" 128.557"", "" 126.419"", ""  70.553""], ["" 130.241"", "" 127.955"", ""  68.948""], ["" 128.251"", "" 126.615"", ""  69.209""], ["" 130.100"", "" 126.852"", ""  72.424""], ["" 130.130"", "" 125.554"", ""  73.005""], ["" 130.463"", "" 124.940"", ""  67.151""], ["" 130.066"", "" 125.174"", ""  68.050""], ["" 131.241"", "" 124.296"", ""  67.150""], ["" 126.889"", "" 130.091"", ""  64.802""], ["" 125.560"", "" 129.950"", ""  64.379""], ["" 127.452"", "" 131.373"", ""  64.806""], ["" 124.819"", "" 131.056"", ""  63.971""], ["" 126.714"", "" 132.482"", ""  64.399""], ["" 125.386"", "" 132.329"", ""  63.975""], ["" 124.577"", "" 133.367"", ""  63.556""], ["" 124.125"", "" 133.393"", ""  62.206""], ["" 130.890"", "" 123.642"", ""  64.390""], ["" 130.328"", "" 122.568"", ""  64.160""], ["" 132.236"", "" 123.818"", ""  64.357""], ["" 132.799"", "" 125.119"", ""  64.259""]]",[],8d_Ghoteimi_2023
103,4230,9a_Ghoteimi_2023,receptor_tmp,1,9,-7.72,-0.15137254901960784,0.0,0.0,3,187.55,-10.71,-10.45,-0.25,-10.71,0.0,-1.55,2.98,-1.55,75,8,0.0,0.0,0.0,9.493296,10.42066,8.421535,-0.16980609,-0.94074536,-0.29353715,253.615219,"247.190414, 165.330276, 37.942848, 91.164413, 144.23201, 70.868858, 315.684692, 103.659492, 238.816788, 79.820778, ","[["" 127.257"", "" 132.102"", ""  62.406""], ["" 127.143"", "" 133.386"", ""  62.939""], ["" 126.801"", "" 134.461"", ""  62.125""], ["" 126.566"", "" 134.274"", ""  60.757""], ["" 126.678"", "" 132.980"", ""  60.223""], ["" 127.020"", "" 131.903"", ""  61.037""], ["" 127.609"", "" 131.092"", ""  63.323""], ["" 127.126"", "" 129.834"", ""  63.472""], ["" 126.238"", "" 129.346"", ""  62.772""], ["" 128.341"", "" 131.358"", ""  63.964""], ["" 127.744"", "" 129.049"", ""  64.545""], ["" 128.617"", "" 127.956"", ""  64.438""], ["" 129.049"", "" 127.423"", ""  65.706""], ["" 127.407"", "" 129.432"", ""  66.234""], ["" 129.923"", "" 126.358"", ""  66.066""], ["" 128.435"", "" 128.129"", ""  66.782""], ["" 130.073"", "" 126.068"", ""  67.427""], ["" 128.595"", "" 127.862"", ""  68.078""], ["" 129.406"", "" 126.819"", ""  68.397""], ["" 129.018"", "" 127.425"", ""  63.239""], ["" 129.615"", "" 127.935"", ""  62.603""], ["" 128.729"", "" 126.501"", ""  62.950""], ["" 130.684"", "" 125.551"", ""  65.077""], ["" 132.039"", "" 125.801"", ""  64.847""], ["" 130.060"", "" 124.511"", ""  64.386""], ["" 132.753"", "" 125.035"", ""  63.930""], ["" 130.775"", "" 123.742"", ""  63.473""], ["" 132.135"", "" 123.985"", ""  63.231""], ["" 132.828"", "" 123.210"", ""  62.299""], ["" 133.379"", "" 123.859"", ""  61.091""], ["" 132.396"", "" 121.838"", ""  61.967""], ["" 134.424"", "" 122.993"", ""  60.356""], ["" 133.467"", "" 121.025"", ""  61.208""], ["" 133.871"", "" 121.725"", ""  60.042""], ["" 129.562"", "" 126.532"", ""  69.856""], ["" 130.279"", "" 127.407"", ""  70.680""], ["" 129.003"", "" 125.388"", ""  70.436""], ["" 130.428"", "" 127.147"", ""  72.040""], ["" 129.149"", "" 125.129"", ""  71.795""], ["" 129.854"", "" 126.010"", ""  72.629""], ["" 130.012"", "" 125.726"", ""  73.989""], ["" 129.098"", "" 126.286"", ""  75.006""], ["" 130.456"", "" 124.381"", ""  74.412""], ["" 129.628"", "" 126.170"", ""  76.450""], ["" 130.952"", "" 124.324"", ""  75.871""], ["" 129.949"", "" 124.821"", ""  76.744""], ["" 126.200"", "" 135.455"", ""  59.906""], ["" 127.026"", "" 136.276"", ""  59.494""], ["" 124.872"", "" 135.528"", ""  59.631""], ["" 123.909"", "" 135.612"", ""  60.674""], ["" 123.705"", "" 134.225"", ""  61.292""]]",[],9a_Ghoteimi_2023
104,14002,9b_Ghoteimi_2023,receptor_tmp,1,6,-9.49,-0.2108888888888889,0.0,0.0,4,189.52,-11.57,-11.26,-0.31,-11.57,0.0,-1.45,2.09,-1.45,51,4,0.0,0.0,0.0,10.136531,10.010134,8.831766,-0.00188422,0.84884533,0.52863793,112.347961,"74.121948, 293.048615, 103.431602, 60.650246, 182.344849, 66.428909, 232.065002, ","[["" 128.615"", "" 128.280"", ""  64.094""], ["" 127.648"", "" 129.297"", ""  64.119""], ["" 127.100"", "" 129.615"", ""  65.764""], ["" 128.179"", "" 128.401"", ""  66.407""], ["" 128.260"", "" 128.160"", ""  67.714""], ["" 129.143"", "" 127.208"", ""  68.113""], ["" 129.920"", "" 126.483"", ""  67.205""], ["" 129.823"", "" 126.719"", ""  65.829""], ["" 128.930"", "" 127.736"", ""  65.392""], ["" 129.228"", "" 127.848"", ""  62.945""], ["" 129.004"", "" 126.957"", ""  62.524""], ["" 129.928"", "" 128.409"", ""  62.478""], ["" 127.093"", "" 130.058"", ""  62.996""], ["" 127.913"", "" 131.003"", ""  62.471""], ["" 125.956"", "" 129.826"", ""  62.580""], ["" 128.821"", "" 131.112"", ""  62.899""], ["" 127.651"", "" 131.854"", ""  61.405""], ["" 127.510"", "" 131.494"", ""  60.140""], ["" 127.504"", "" 133.233"", ""  61.550""], ["" 127.262"", "" 132.659"", ""  59.415""], ["" 127.262"", "" 133.702"", ""  60.280""], ["" 130.649"", "" 125.901"", ""  64.903""], ["" 130.039"", "" 125.086"", ""  63.949""], ["" 132.042"", "" 125.965"", ""  64.951""], ["" 130.810"", "" 124.334"", ""  63.068""], ["" 132.813"", "" 125.212"", ""  64.069""], ["" 132.212"", "" 124.375"", ""  63.118""], ["" 133.005"", "" 123.640"", ""  62.233""], ["" 133.103"", "" 122.177"", ""  62.396""], ["" 133.073"", "" 123.977"", ""  60.797""], ["" 134.293"", "" 121.558"", ""  61.632""], ["" 134.260"", "" 123.313"", ""  60.069""], ["" 134.221"", "" 121.906"", ""  60.258""], ["" 129.229"", "" 126.972"", ""  69.586""], ["" 130.166"", "" 127.651"", ""  70.375""], ["" 128.374"", "" 126.060"", ""  70.213""], ["" 130.252"", "" 127.416"", ""  71.743""], ["" 128.462"", "" 125.822"", ""  71.582""], ["" 129.412"", "" 126.484"", ""  72.373""], ["" 129.484"", "" 126.240"", ""  73.749""], ["" 129.003"", "" 127.231"", ""  74.732""], ["" 130.647"", "" 125.513"", ""  74.300""], ["" 128.838"", "" 126.666"", ""  76.158""], ["" 130.436"", "" 125.002"", ""  75.742""], ["" 130.051"", "" 126.073"", ""  76.588""]]",[],9b_Ghoteimi_2023
105,13990,9c_Ghoteimi_2023,receptor_tmp,1,13,-9.66,-0.21466666666666667,0.0,0.0,3,189.64,-11.74,-11.45,-0.3,-11.74,0.0,-1.41,2.09,-1.41,52,4,0.0,0.0,0.0,10.129678,9.986862,8.880857,-0.00351582,-0.84301546,-0.53787785,247.628189,"250.407272, 278.695923, 103.887917, 263.824951, 346.442719, 248.400406, 51.351326, ","[["" 128.612"", "" 128.283"", ""  64.163""], ["" 127.640"", "" 129.294"", ""  64.205""], ["" 127.090"", "" 129.582"", ""  65.855""], ["" 128.175"", "" 128.363"", ""  66.478""], ["" 128.256"", "" 128.101"", ""  67.782""], ["" 129.144"", "" 127.147"", ""  68.165""], ["" 129.925"", "" 126.442"", ""  67.246""], ["" 129.827"", "" 126.699"", ""  65.874""], ["" 128.929"", "" 127.720"", ""  65.452""], ["" 129.227"", "" 127.872"", ""  63.008""], ["" 129.883"", "" 128.461"", ""  62.514""], ["" 129.043"", "" 126.963"", ""  62.608""], ["" 127.084"", "" 130.072"", ""  63.094""], ["" 127.900"", "" 131.030"", ""  62.589""], ["" 125.950"", "" 129.843"", ""  62.668""], ["" 128.807"", "" 131.140"", ""  63.019""], ["" 127.626"", "" 131.890"", ""  61.535""], ["" 127.740"", "" 131.651"", ""  60.246""], ["" 127.068"", "" 133.482"", ""  61.938""], ["" 127.396"", "" 132.702"", ""  59.526""], ["" 126.991"", "" 133.829"", ""  60.236""], ["" 130.655"", "" 125.901"", ""  64.936""], ["" 132.014"", "" 126.182"", ""  64.781""], ["" 130.097"", "" 124.838"", ""  64.223""], ["" 132.797"", "" 125.425"", ""  63.914""], ["" 130.880"", "" 124.081"", ""  63.357""], ["" 132.242"", "" 124.367"", ""  63.177""], ["" 133.012"", "" 123.586"", ""  62.310""], ["" 132.936"", "" 122.115"", ""  62.406""], ["" 133.214"", "" 123.974"", ""  60.901""], ["" 134.098"", "" 121.397"", ""  61.686""], ["" 134.366"", "" 123.208"", ""  60.214""], ["" 134.157"", "" 121.809"", ""  60.329""], ["" 129.229"", "" 126.888"", ""  69.634""], ["" 128.373"", "" 125.975"", ""  70.260""], ["" 130.173"", "" 127.556"", ""  70.422""], ["" 128.450"", "" 125.744"", ""  71.630""], ["" 130.248"", "" 127.329"", ""  71.793""], ["" 129.380"", "" 126.429"", ""  72.429""], ["" 129.475"", "" 126.203"", ""  73.807""], ["" 128.984"", "" 127.196"", ""  74.784""], ["" 130.660"", "" 125.510"", ""  74.353""], ["" 128.846"", "" 126.642"", ""  76.219""], ["" 130.476"", "" 125.010"", ""  75.802""], ["" 130.079"", "" 126.082"", ""  76.641""]]",[],9c_Ghoteimi_2023
106,13807,9d_Ghoteimi_2023,receptor_tmp,1,1,-9.07,-0.22675,0.0,0.0,19,192.07,-11.16,-11.0,-0.16,-11.16,0.0,-1.33,2.09,-1.33,66,8,0.0,0.0,0.0,9.050049,10.709909,9.038117,0.73105145,-0.48253297,0.48241654,254.843796,"61.524086, 194.370972, 75.629707, 123.947693, 217.768692, 295.536224, 246.582733, ","[["" 129.713"", "" 124.962"", ""  65.852""], ["" 130.085"", "" 124.299"", ""  64.675""], ["" 129.709"", "" 125.266"", ""  63.250""], ["" 129.041"", "" 126.541"", ""  64.242""], ["" 128.512"", "" 127.639"", ""  63.704""], ["" 128.003"", "" 128.563"", ""  64.561""], ["" 128.056"", "" 128.402"", ""  65.948""], ["" 128.628"", "" 127.259"", ""  66.518""], ["" 129.129"", "" 126.260"", ""  65.638""], ["" 129.870"", "" 124.412"", ""  67.098""], ["" 129.081"", "" 124.218"", ""  67.698""], ["" 130.785"", "" 124.177"", ""  67.460""], ["" 130.706"", "" 122.966"", ""  64.518""], ["" 130.082"", "" 121.911"", ""  64.662""], ["" 132.024"", "" 123.030"", ""  64.197""], ["" 132.753"", "" 124.240"", ""  64.351""], ["" 128.683"", "" 127.151"", ""  68.000""], ["" 127.755"", "" 126.371"", ""  68.693""], ["" 129.687"", "" 127.806"", ""  68.716""], ["" 127.822"", "" 126.258"", ""  70.079""], ["" 129.755"", "" 127.692"", ""  70.101""], ["" 128.830"", "" 126.910"", ""  70.807""], ["" 128.913"", "" 126.820"", ""  72.199""], ["" 128.482"", "" 127.969"", ""  73.019""], ["" 130.043"", "" 126.141"", ""  72.860""], ["" 128.256"", "" 127.607"", ""  74.503""], ["" 129.775"", "" 125.821"", ""  74.347""], ["" 129.426"", "" 127.009"", ""  75.042""], ["" 127.391"", "" 129.775"", ""  63.934""], ["" 126.760"", "" 129.687"", ""  62.689""], ["" 127.440"", "" 131.023"", ""  64.565""], ["" 126.190"", "" 130.810"", ""  62.096""], ["" 126.866"", "" 132.146"", ""  63.974""], ["" 126.219"", "" 132.061"", ""  62.733""], ["" 125.665"", "" 133.202"", ""  62.141""], ["" 126.276"", "" 133.822"", ""  60.948""], ["" 124.196"", "" 133.358"", ""  62.090""], ["" 125.752"", "" 135.241"", ""  60.646""], ["" 123.735"", "" 134.792"", ""  61.750""], ["" 124.339"", "" 135.226"", ""  60.543""]]",[],9d_Ghoteimi_2023
107,13996,RR10_Rahimova_2017,receptor_tmp,1,18,-9.88,-0.2744444444444445,0.0,0.0,2,190.81,-11.37,-11.24,-0.14,-11.37,0.0,-0.71,1.49,-0.71,77,6,0.0,0.0,0.0,11.079105,8.721908,12.095311,0.55237906,-0.11157567,0.82609215,202.113144,"359.121094, 107.914391, 18.341732, 30.933243, 128.069748, ","[["" 129.549"", "" 127.467"", ""  69.677""], ["" 129.404"", "" 128.462"", ""  70.770""], ["" 129.108"", "" 127.709"", ""  72.090""], ["" 127.802"", "" 126.883"", ""  71.963""], ["" 127.913"", "" 125.921"", ""  70.755""], ["" 128.327"", "" 126.648"", ""  69.455""], ["" 130.285"", "" 128.103"", ""  68.196""], ["" 131.642"", "" 128.560"", ""  68.520""], ["" 129.324"", "" 129.024"", ""  67.575""], ["" 130.463"", "" 126.683"", ""  67.117""], ["" 131.469"", "" 126.671"", ""  66.143""], ["" 129.584"", "" 125.604"", ""  67.255""], ["" 131.583"", "" 125.542"", ""  65.320""], ["" 129.672"", "" 124.466"", ""  66.447""], ["" 130.686"", "" 124.459"", ""  65.486""], ["" 132.479"", "" 125.290"", ""  64.314""], ["" 131.091"", "" 123.553"", ""  64.535""], ["" 132.168"", "" 124.095"", ""  63.864""], ["" 130.709"", "" 122.642"", ""  64.328""], ["" 132.893"", "" 123.391"", ""  62.753""], ["" 133.958"", "" 124.019"", ""  62.092""], ["" 132.517"", "" 122.099"", ""  62.364""], ["" 134.634"", "" 123.366"", ""  61.064""], ["" 133.192"", "" 121.445"", ""  61.336""], ["" 134.247"", "" 122.082"", ""  60.690""], ["" 128.958"", "" 128.731"", ""  73.236""], ["" 129.005"", "" 130.032"", ""  72.897""], ["" 128.816"", "" 128.345"", ""  74.399""], ["" 129.229"", "" 130.268"", ""  71.941""], ["" 128.921"", "" 131.160"", ""  73.834""], ["" 130.285"", "" 131.879"", ""  74.024""], ["" 127.878"", "" 132.200"", ""  73.351""], ["" 130.745"", "" 132.598"", ""  72.735""], ["" 128.331"", "" 132.925"", ""  72.062""], ["" 129.691"", "" 133.631"", ""  72.272""], ["" 130.144"", "" 134.387"", ""  71.012""]]",[],RR10_Rahimova_2017
108,13920,RR11_Rahimova_2017,receptor_tmp,1,3,-8.32,-0.21333333333333335,0.0,0.0,3,192.27,-10.11,-9.9,-0.21,-10.11,0.0,-0.65,1.79,-0.65,55,9,0.0,0.0,0.0,10.724871,12.281483,11.451253,-0.42025792,-0.57937586,0.69836014,269.942139,"110.669449, 178.806442, 51.616138, 291.486664, 87.348969, 234.351135, ","[["" 129.357"", "" 125.599"", ""  68.322""], ["" 129.135"", "" 126.260"", ""  69.675""], ["" 128.990"", "" 129.394"", ""  72.942""], ["" 129.374"", "" 129.435"", ""  71.618""], ["" 128.605"", "" 128.190"", ""  73.306""], ["" 129.219"", "" 128.174"", ""  71.093""], ["" 128.733"", "" 127.414"", ""  72.184""], ["" 129.437"", "" 127.620"", ""  69.829""], ["" 128.455"", "" 126.052"", ""  72.010""], ["" 128.666"", "" 125.493"", ""  70.747""], ["" 129.700"", "" 130.274"", ""  71.160""], ["" 129.004"", "" 130.592"", ""  73.848""], ["" 129.048"", "" 132.815"", ""  75.543""], ["" 129.542"", "" 132.923"", ""  74.244""], ["" 128.529"", "" 131.606"", ""  75.999""], ["" 129.519"", "" 131.815"", ""  73.401""], ["" 128.507"", "" 130.499"", ""  75.155""], ["" 129.075"", "" 133.922"", ""  76.390""], ["" 129.962"", "" 134.276"", ""  76.718""], ["" 128.208"", "" 134.379"", ""  76.637""], ["" 129.027"", "" 126.516"", ""  67.152""], ["" 127.927"", "" 127.378"", ""  67.238""], ["" 129.842"", "" 126.511"", ""  66.014""], ["" 127.649"", "" 128.214"", ""  66.149""], ["" 129.594"", "" 127.336"", ""  64.914""], ["" 128.484"", "" 128.179"", ""  65.007""], ["" 126.633"", "" 129.120"", ""  65.990""], ["" 127.918"", "" 129.106"", ""  64.163""], ["" 126.812"", "" 129.637"", ""  64.794""], ["" 128.216"", "" 129.381"", ""  63.238""], ["" 125.923"", "" 130.677"", ""  64.178""], ["" 126.194"", "" 132.040"", ""  64.357""], ["" 124.808"", "" 130.298"", ""  63.418""], ["" 125.367"", "" 133.005"", ""  63.790""], ["" 123.979"", "" 131.263"", ""  62.850""], ["" 124.261"", "" 132.615"", ""  63.038""], ["" 123.431"", "" 133.581"", ""  62.473""], ["" 123.395"", "" 133.679"", ""  61.468""], ["" 122.845"", "" 134.144"", ""  63.072""]]",[],RR11_Rahimova_2017
109,4350,RR11_Rahimova_2017-again1,receptor_tmp,1,14,-8.98,-0.2245,0.0,0.0,5,186.33,-10.77,-9.14,-1.63,-10.77,0.0,-0.42,1.79,-0.42,57,11,0.0,0.0,0.0,7.392307,11.1555,11.519004,0.70188563,-0.56225714,-0.43729106,215.259521,"299.012634, 157.496811, 248.957703, 275.789032, 284.178925, 39.480095, ","[["" 129.371"", "" 125.468"", ""  68.378""], ["" 129.227"", "" 126.125"", ""  69.744""], ["" 129.066"", "" 129.283"", ""  72.987""], ["" 129.254"", "" 129.348"", ""  71.622""], ["" 128.880"", "" 128.049"", ""  73.400""], ["" 129.198"", "" 128.067"", ""  71.125""], ["" 128.959"", "" 127.274"", ""  72.272""], ["" 129.327"", "" 127.519"", ""  69.847""], ["" 128.839"", "" 125.884"", ""  72.141""], ["" 128.974"", "" 125.330"", ""  70.867""], ["" 129.412"", "" 130.212"", ""  71.124""], ["" 129.085"", "" 130.485"", ""  73.887""], ["" 129.106"", "" 132.727"", ""  75.556""], ["" 129.717"", "" 132.789"", ""  74.306""], ["" 128.487"", "" 131.554"", ""  75.980""], ["" 129.706"", "" 131.671"", ""  73.474""], ["" 128.476"", "" 130.437"", ""  75.148""], ["" 129.114"", "" 133.846"", ""  76.388""], ["" 128.238"", "" 134.275"", ""  76.651""], ["" 129.996"", "" 134.238"", ""  76.685""], ["" 129.082"", "" 126.427"", ""  67.232""], ["" 127.918"", "" 127.205"", ""  67.268""], ["" 129.969"", "" 126.499"", ""  66.152""], ["" 127.705"", "" 128.075"", ""  66.194""], ["" 129.758"", "" 127.361"", ""  65.073""], ["" 128.607"", "" 128.153"", ""  65.120""], ["" 126.689"", "" 128.981"", ""  65.930""], ["" 128.103"", "" 129.107"", ""  64.245""], ["" 126.927"", "" 129.625"", ""  64.738""], ["" 125.880"", "" 129.181"", ""  66.498""], ["" 128.506"", "" 129.413"", ""  63.371""], ["" 126.080"", "" 130.684"", ""  64.110""], ["" 124.895"", "" 130.336"", ""  63.451""], ["" 126.457"", "" 132.030"", ""  64.181""], ["" 124.097"", "" 131.320"", ""  62.872""], ["" 125.661"", "" 133.014"", ""  63.602""], ["" 124.482"", "" 132.657"", ""  62.949""], ["" 123.680"", "" 133.641"", ""  62.373""], ["" 123.001"", "" 134.127"", ""  62.943""], ["" 123.766"", "" 133.839"", ""  61.387""]]",[],RR11_Rahimova_2017-again1
110,4311,RR11_Rahimova_2017-again2,receptor_tmp,1,2,-8.86,-0.21609756097560975,0.0,0.0,20,184.44,-10.65,-8.43,-2.22,-10.65,0.0,-0.06,1.79,-0.06,56,8,0.0,0.0,0.0,8.648367,11.230345,6.298054,-0.61419856,0.34645874,0.70903206,122.516144,"204.667511, 248.222931, 294.091522, 220.302551, 20.23032, 21.497299, ","[["" 130.797"", "" 127.111"", ""  61.174""], ["" 130.748"", "" 126.659"", ""  62.627""], ["" 129.489"", "" 126.479"", ""  67.041""], ["" 129.122"", "" 127.224"", ""  65.943""], ["" 130.454"", "" 125.600"", ""  66.609""], ["" 129.853"", "" 126.827"", ""  64.832""], ["" 130.701"", "" 125.790"", ""  65.255""], ["" 129.853"", "" 127.277"", ""  63.509""], ["" 131.581"", "" 125.158"", ""  64.372""], ["" 131.580"", "" 125.617"", ""  63.053""], ["" 128.422"", "" 127.950"", ""  65.992""], ["" 130.893"", "" 124.934"", ""  67.226""], ["" 128.953"", "" 126.610"", ""  68.430""], ["" 127.959"", "" 126.837"", ""  71.029""], ["" 127.148"", "" 126.325"", ""  70.019""], ["" 129.263"", "" 127.241"", ""  70.748""], ["" 127.643"", "" 126.212"", ""  68.723""], ["" 129.759"", "" 127.127"", ""  69.452""], ["" 127.465"", "" 126.945"", ""  72.328""], ["" 126.689"", "" 126.367"", ""  72.615""], ["" 127.844"", "" 127.647"", ""  72.949""], ["" 130.285"", "" 128.531"", ""  60.981""], ["" 128.926"", "" 128.806"", ""  61.187""], ["" 131.173"", "" 129.536"", ""  60.576""], ["" 128.512"", "" 130.127"", ""  61.000""], ["" 130.762"", "" 130.857"", ""  60.382""], ["" 129.411"", "" 131.132"", ""  60.608""], ["" 127.270"", "" 130.734"", ""  61.135""], ["" 128.681"", "" 132.310"", ""  60.523""], ["" 127.365"", "" 132.076"", ""  60.850""], ["" 126.399"", "" 130.300"", ""  61.406""], ["" 129.020"", "" 133.227"", ""  60.270""], ["" 126.260"", "" 133.081"", ""  60.897""], ["" 125.086"", "" 132.806"", ""  61.606""], ["" 126.394"", "" 134.310"", ""  60.238""], ["" 124.060"", "" 133.746"", ""  61.660""], ["" 125.368"", "" 135.250"", ""  60.290""], ["" 124.204"", "" 134.967"", ""  61.003""], ["" 123.180"", "" 135.911"", ""  61.061""], ["" 122.662"", "" 136.033"", ""  61.918""], ["" 122.924"", "" 136.416"", ""  60.225""]]",[],RR11_Rahimova_2017-again2
111,4500,RR12_Rahimova_2017,receptor_tmp,1,12,-6.93,-0.25666666666666665,0.0,0.0,1,190.63,-9.62,-9.48,-0.13,-9.62,0.0,-1.45,2.68,-1.45,36,3,0.0,0.0,0.0,8.652888,17.55962,2.05429,-0.91516767,-0.05583143,-0.3991879,19.694273,"359.071442, 105.976982, 312.704102, 65.910889, 156.699112, 298.408813, 8.583188, 21.812176, 337.472656, ","[["" 127.816"", "" 134.030"", ""  60.834""], ["" 126.322"", "" 134.281"", ""  61.112""], ["" 125.523"", "" 133.058"", ""  61.194""], ["" 124.130"", "" 133.704"", ""  62.865""], ["" 124.502"", "" 132.859"", ""  62.047""], ["" 125.768"", "" 132.320"", ""  60.550""], ["" 123.805"", "" 131.497"", ""  61.942""], ["" 123.637"", "" 130.945"", ""  63.249""], ["" 124.720"", "" 130.367"", ""  63.884""], ["" 124.486"", "" 129.847"", ""  65.159""], ["" 126.008"", "" 130.276"", ""  63.330""], ["" 125.515"", "" 129.242"", ""  65.876""], ["" 127.037"", "" 129.670"", ""  64.046""], ["" 126.786"", "" 129.155"", ""  65.316""], ["" 128.268"", "" 132.615"", ""  61.240""], ["" 129.505"", "" 132.163"", ""  60.483""], ["" 130.635"", "" 131.877"", ""  61.080""], ["" 129.562"", "" 132.029"", ""  59.104""], ["" 131.482"", "" 131.511"", ""  60.072""], ["" 130.840"", "" 131.588"", ""  58.811""], ["" 132.820"", "" 131.094"", ""  60.150""], ["" 131.497"", "" 131.256"", ""  57.620""], ["" 133.475"", "" 130.764"", ""  58.963""], ["" 132.827"", "" 130.844"", ""  57.731""], ["" 128.481"", "" 132.242"", ""  58.145""], ["" 127.645"", "" 130.961"", ""  57.972""], ["" 126.178"", "" 131.156"", ""  58.376""]]",[],RR12_Rahimova_2017
112,14205,RR13_Rahimova_2017,receptor_tmp,1,12,-11.61,-0.24187499999999998,0.0,0.0,2,185.26,-15.19,-15.17,-0.02,-15.19,0.0,-3.97,3.58,-3.97,77,9,0.0,0.0,0.0,9.304541,10.728544,7.615656,-0.41694995,0.10115076,0.9032836,114.895706,"357.556488, 176.573227, 94.316093, 335.501617, 291.264526, 173.165909, 243.808426, 248.269608, 325.004547, 344.443146, 158.304398, 11.690265, ","[["" 129.685"", "" 127.409"", ""  65.314""], ["" 128.330"", "" 127.817"", ""  65.727""], ["" 127.761"", "" 128.886"", ""  64.766""], ["" 127.660"", "" 128.353"", ""  63.397""], ["" 129.018"", "" 127.953"", ""  62.986""], ["" 129.577"", "" 126.876"", ""  63.945""], ["" 130.275"", "" 126.481"", ""  66.308""], ["" 129.638"", "" 126.596"", ""  67.711""], ["" 130.251"", "" 127.343"", ""  68.738""], ["" 129.662"", "" 127.410"", ""  70.003""], ["" 128.474"", "" 126.735"", ""  70.266""], ["" 128.446"", "" 125.913"", ""  67.999""], ["" 127.865"", "" 125.984"", ""  69.264""], ["" 131.743"", "" 128.187"", ""  68.497""], ["" 130.275"", "" 125.024"", ""  65.820""], ["" 129.377"", "" 124.104"", ""  66.095""], ["" 131.283"", "" 124.464"", ""  65.065""], ["" 129.811"", "" 122.945"", ""  65.459""], ["" 131.006"", "" 123.182"", ""  64.807""], ["" 132.472"", "" 125.090"", ""  64.499""], ["" 132.343"", "" 125.193"", ""  62.968""], ["" 132.881"", "" 123.958"", ""  62.261""], ["" 134.180"", "" 123.959"", ""  61.747""], ["" 132.071"", "" 122.828"", ""  62.120""], ["" 134.669"", "" 122.831"", ""  61.094""], ["" 132.561"", "" 121.700"", ""  61.467""], ["" 133.857"", "" 121.706"", ""  60.958""], ["" 127.043"", "" 129.318"", ""  62.457""], ["" 125.772"", "" 129.967"", ""  63.010""], ["" 124.552"", "" 129.504"", ""  62.858""], ["" 125.735"", "" 131.101"", ""  63.793""], ["" 123.720"", "" 130.391"", ""  63.532""], ["" 124.469"", "" 131.396"", ""  64.110""], ["" 126.819"", "" 131.975"", ""  64.227""], ["" 127.618"", "" 132.484"", ""  63.013""], ["" 126.821"", "" 133.471"", ""  62.175""], ["" 127.487"", "" 134.415"", ""  61.388""], ["" 125.424"", "" 133.427"", ""  62.186""], ["" 126.757"", "" 135.314"", ""  60.615""], ["" 124.695"", "" 134.327"", ""  61.414""], ["" 125.364"", "" 135.267"", ""  60.631""], ["" 126.790"", "" 128.788"", ""  61.029""], ["" 126.759"", "" 127.397"", ""  60.859""], ["" 126.599"", "" 129.611"", ""  59.895""], ["" 126.520"", "" 126.829"", ""  59.608""], ["" 126.356"", "" 129.032"", ""  58.646""], ["" 126.313"", "" 127.648"", ""  58.502""], ["" 126.702"", "" 131.338"", ""  59.957""]]",[],RR13_Rahimova_2017
113,14125,RR14_Rahimova_2017,receptor_tmp,1,15,-9.7,-0.2425,0.0,0.0,1,187.35,-12.98,-12.39,-0.59,-12.98,0.0,-1.79,3.28,-1.79,48,6,0.0,0.0,0.0,8.588668,10.027653,5.811215,0.9626092,0.11587377,0.24486079,270.972473,"333.812408, 349.972565, 269.405334, 134.279068, 31.214796, 18.260967, 349.638275, 314.882172, 104.361961, 315.667603, 146.264816, ","[["" 129.003"", "" 128.126"", ""  65.377""], ["" 128.036"", "" 127.918"", ""  64.287""], ["" 128.745"", "" 127.699"", ""  63.017""], ["" 128.027"", "" 126.825"", ""  61.991""], ["" 126.042"", "" 124.556"", ""  59.032""], ["" 126.722"", "" 125.290"", ""  60.016""], ["" 126.434"", "" 123.239"", ""  58.771""], ["" 126.364"", "" 126.622"", ""  60.311""], ["" 127.785"", "" 124.705"", ""  60.727""], ["" 127.486"", "" 122.659"", ""  59.478""], ["" 126.932"", "" 127.439"", ""  61.233""], ["" 128.436"", "" 125.557"", ""  61.743""], ["" 128.170"", "" 123.380"", ""  60.459""], ["" 126.527"", "" 128.593"", ""  61.377""], ["" 124.887"", "" 125.161"", ""  58.245""], ["" 125.608"", "" 127.039"", ""  59.791""], ["" 129.312"", "" 122.713"", ""  61.214""], ["" 127.096"", "" 129.040"", ""  64.164""], ["" 126.443"", "" 129.441"", ""  65.505""], ["" 124.912"", "" 129.613"", ""  65.421""], ["" 124.497"", "" 130.679"", ""  64.502""], ["" 124.121"", "" 130.112"", ""  63.201""], ["" 125.496"", "" 131.750"", ""  64.367""], ["" 123.728"", "" 131.213"", ""  62.192""], ["" 125.061"", "" 132.803"", ""  63.325""], ["" 124.775"", "" 132.172"", ""  62.082""], ["" 129.521"", "" 126.816"", ""  65.954""], ["" 130.547"", "" 126.140"", ""  65.493""], ["" 128.991"", "" 126.165"", ""  67.048""], ["" 130.677"", "" 125.035"", ""  66.328""], ["" 129.700"", "" 125.060"", ""  67.304""], ["" 127.870"", "" 126.540"", ""  67.908""], ["" 128.278"", "" 126.796"", ""  69.354""], ["" 129.420"", "" 127.549"", ""  69.637""], ["" 127.498"", "" 126.298"", ""  70.399""], ["" 129.757"", "" 127.832"", ""  70.957""], ["" 127.836"", "" 126.582"", ""  71.719""], ["" 128.967"", "" 127.364"", ""  72.008""], ["" 129.366"", "" 127.715"", ""  73.283""], ["" 128.404"", "" 128.241"", ""  74.190""]]",[],RR14_Rahimova_2017
114,5484,RR15_Rahimova_2017,receptor_tmp,1,15,-10.27,-0.22326086956521737,0.0,0.0,1,185.33,-14.74,-13.8,-0.94,-14.74,0.0,-3.62,4.47,-3.62,58,10,0.0,0.0,0.0,9.544477,8.553527,7.440706,-0.83055739,0.09796339,-0.54824958,240.629059,"188.235596, 153.325546, 4.262574, 60.870358, 122.45916, 312.324341, 70.85614, 4.969243, 189.269974, 247.367767, 74.702431, 274.524414, 232.372604, 59.639771, 314.848511, ","[["" 129.793"", "" 125.896"", ""  64.017""], ["" 129.391"", "" 124.746"", ""  64.207""], ["" 129.622"", "" 126.538"", ""  62.820""], ["" 130.759"", "" 126.967"", ""  61.949""], ["" 131.719"", "" 125.808"", ""  61.708""], ["" 133.431"", "" 123.666"", ""  61.161""], ["" 132.475"", "" 124.046"", ""  60.223""], ["" 133.541"", "" 124.346"", ""  62.371""], ["" 131.625"", "" 125.113"", ""  60.496""], ["" 132.689"", "" 125.412"", ""  62.644""], ["" 134.258"", "" 122.630"", ""  60.895""], ["" 130.327"", "" 127.811"", ""  60.709""], ["" 130.503"", "" 129.139"", ""  60.820""], ["" 129.826"", "" 127.276"", ""  59.720""], ["" 130.895"", "" 129.503"", ""  61.676""], ["" 130.081"", "" 130.131"", ""  59.837""], ["" 131.021"", "" 131.351"", ""  59.840""], ["" 131.331"", "" 131.613"", ""  61.215""], ["" 132.394"", "" 131.128"", ""  59.183""], ["" 132.725"", "" 131.843"", ""  61.390""], ["" 133.341"", "" 130.931"", ""  60.342""], ["" 128.297"", "" 127.028"", ""  62.394""], ["" 128.049"", "" 128.514"", ""  62.734""], ["" 127.648"", "" 128.785"", ""  64.203""], ["" 126.442"", "" 129.607"", ""  64.344""], ["" 125.702"", "" 129.785"", ""  63.086""], ["" 125.584"", "" 129.065"", ""  65.406""], ["" 124.399"", "" 130.584"", ""  63.305""], ["" 124.285"", "" 129.886"", ""  65.563""], ["" 123.607"", "" 129.965"", ""  64.314""], ["" 130.479"", "" 126.635"", ""  65.193""], ["" 129.625"", "" 126.858"", ""  66.358""], ["" 130.106"", "" 126.897"", ""  67.607""], ["" 128.294"", "" 126.811"", ""  66.279""], ["" 128.996"", "" 126.940"", ""  68.320""], ["" 127.887"", "" 126.894"", ""  67.594""], ["" 128.987"", "" 127.025"", ""  69.821""], ["" 129.549"", "" 128.126"", ""  70.482""], ["" 128.420"", "" 126.006"", ""  70.593""], ["" 129.551"", "" 128.219"", ""  71.884""], ["" 128.417"", "" 126.082"", ""  71.984""], ["" 128.983"", "" 127.185"", ""  72.643""], ["" 130.090"", "" 129.287"", ""  72.581""], ["" 129.386"", "" 130.523"", ""  72.628""], ["" 129.015"", "" 127.322"", ""  74.020""], ["" 127.892"", "" 127.877"", ""  74.696""]]",[],RR15_Rahimova_2017
115,14014,RR16_Rahimova_2017,receptor_tmp,1,10,-9.82,-0.20458333333333334,0.0,0.0,3,189.8,-14.29,-14.73,-0.07,-14.8,0.51,-2.39,4.47,-2.39,78,7,0.0,0.0,0.0,7.234259,6.506372,8.253516,-0.71827851,-0.34407352,0.60472258,100.502068,"214.201172, 29.153303, 174.679337, 182.749725, 353.346771, 272.316864, 189.905991, 107.924561, 349.27594, 354.673798, 340.539337, 340.295349, 186.551392, 194.69986, 140.300491, ","[["" 128.669"", "" 127.694"", ""  65.508""], ["" 128.551"", "" 127.819"", ""  64.122""], ["" 127.578"", "" 128.656"", ""  63.583""], ["" 126.727"", "" 129.365"", ""  64.434""], ["" 126.870"", "" 129.270"", ""  65.819""], ["" 127.844"", "" 128.436"", ""  66.357""], ["" 129.822"", "" 126.513"", ""  66.202""], ["" 131.176"", "" 126.960"", ""  65.846""], ["" 129.361"", "" 125.172"", ""  65.821""], ["" 129.621"", "" 126.689"", ""  67.956""], ["" 128.902"", "" 127.518"", ""  70.669""], ["" 130.297"", "" 127.819"", ""  70.067""], ["" 128.207"", "" 126.319"", ""  69.972""], ["" 130.249"", "" 127.908"", ""  68.528""], ["" 128.235"", "" 126.450"", ""  68.436""], ["" 128.936"", "" 127.379"", ""  72.193""], ["" 127.784"", "" 128.858"", ""  75.437""], ["" 128.183"", "" 128.316"", ""  76.604""], ["" 128.313"", "" 128.150"", ""  74.371""], ["" 128.945"", "" 127.202"", ""  76.329""], ["" 129.043"", "" 127.097"", ""  74.971""], ["" 128.244"", "" 128.309"", ""  72.983""], ["" 129.720"", "" 126.169"", ""  74.165""], ["" 129.655"", "" 126.329"", ""  72.780""], ["" 127.030"", "" 130.105"", ""  75.428""], ["" 127.646"", "" 131.157"", ""  74.517""], ["" 129.571"", "" 132.426"", ""  73.768""], ["" 128.764"", "" 133.125"", ""  72.871""], ["" 129.014"", "" 131.441"", ""  74.587""], ["" 127.399"", "" 132.844"", ""  72.795""], ["" 126.841"", "" 131.864"", ""  73.616""], ["" 131.257"", "" 132.777"", ""  73.872""], ["" 130.431"", "" 125.137"", ""  74.722""], ["" 130.474"", "" 125.180"", ""  75.680""], ["" 125.373"", "" 130.322"", ""  63.764""], ["" 125.432"", "" 130.180"", ""  62.305""], ["" 124.157"", "" 129.966"", ""  64.506""], ["" 125.782"", "" 131.994"", ""  64.153""], ["" 125.594"", "" 132.309"", ""  65.108""], ["" 125.794"", "" 133.039"", ""  63.102""], ["" 127.122"", "" 132.946"", ""  62.307""], ["" 127.178"", "" 133.652"", ""  60.938""], ["" 126.406"", "" 134.982"", ""  60.891""], ["" 124.903"", "" 134.875"", ""  60.572""], ["" 124.500"", "" 132.907"", ""  62.265""], ["" 123.998"", "" 134.224"", ""  61.641""], ["" 124.901"", "" 134.869"", ""  60.571""], ["" 126.403"", "" 134.980"", ""  60.891""]]",[],RR16_Rahimova_2017
116,14202,RR17_Rahimova_2017,receptor_tmp,1,7,-8.65,-0.2217948717948718,0.0,0.0,2,189.4,-12.23,-12.17,-0.06,-12.23,0.0,-1.83,3.58,-1.83,71,5,0.0,0.0,0.0,8.749287,11.062011,6.457977,0.55453,0.83189809,-0.02102504,212.451965,"35.075184, 179.987167, 134.020721, 128.951843, 339.873779, 331.13031, 88.604416, 290.243286, 274.806549, 277.857178, 178.583923, 61.446346, ","[["" 127.824"", "" 129.681"", ""  65.579""], ["" 128.405"", "" 128.093"", ""  65.054""], ["" 128.856"", "" 127.105"", ""  65.905""], ["" 129.214"", "" 126.072"", ""  65.063""], ["" 128.472"", "" 127.682"", ""  63.809""], ["" 128.986"", "" 126.391"", ""  63.814""], ["" 128.959"", "" 127.150"", ""  67.304""], ["" 129.159"", "" 127.245"", ""  70.082""], ["" 128.061"", "" 126.617"", ""  69.473""], ["" 130.149"", "" 127.822"", ""  69.283""], ["" 127.960"", "" 126.569"", ""  68.085""], ["" 130.055"", "" 127.777"", ""  67.895""], ["" 129.342"", "" 127.340"", ""  71.448""], ["" 128.940"", "" 126.256"", ""  72.280""], ["" 129.794"", "" 124.742"", ""  65.523""], ["" 131.254"", "" 124.700"", ""  65.512""], ["" 131.725"", "" 124.732"", ""  66.404""], ["" 132.017"", "" 124.337"", ""  64.387""], ["" 131.743"", "" 123.104"", ""  63.796""], ["" 133.016"", "" 125.154"", ""  63.842""], ["" 132.463"", "" 122.681"", ""  62.683""], ["" 133.738"", "" 124.732"", ""  62.730""], ["" 133.467"", "" 123.491"", ""  62.144""], ["" 134.253"", "" 123.009"", ""  60.926""], ["" 134.386"", "" 121.681"", ""  60.902""], ["" 133.641"", "" 123.380"", ""  59.800""], ["" 135.471"", "" 123.551"", ""  60.949""], ["" 126.040"", "" 129.320"", ""  65.757""], ["" 125.178"", "" 130.147"", ""  64.778""], ["" 123.951"", "" 130.015"", ""  64.755""], ["" 125.900"", "" 131.114"", ""  63.884""], ["" 126.159"", "" 130.759"", ""  62.553""], ["" 126.329"", "" 132.368"", ""  64.343""], ["" 126.826"", "" 131.635"", ""  61.703""], ["" 126.998"", "" 133.243"", ""  63.491""], ["" 127.252"", "" 132.881"", ""  62.160""], ["" 127.906"", "" 133.684"", ""  61.244""], ["" 127.164"", "" 134.657"", ""  60.512""], ["" 127.586"", "" 136.052"", ""  60.981""]]",[],RR17_Rahimova_2017
117,14190,RR18_Rahimova_2017,receptor_tmp,1,11,-7.69,-0.2023684210526316,0.0,0.0,7,188.66,-8.58,-8.46,-0.12,-8.58,0.0,-1.08,0.89,-1.08,38,4,0.0,0.0,0.0,9.06248,10.498346,3.002598,-0.29331623,-0.45536932,0.84059763,101.767227,"149.250504, 36.692848, 281.156006, ","[["" 127.728"", "" 128.662"", ""  59.807""], ["" 126.665"", "" 129.474"", ""  59.008""], ["" 126.003"", "" 128.854"", ""  57.996""], ["" 126.109"", "" 127.530"", ""  57.695""], ["" 126.813"", "" 126.767"", ""  58.446""], ["" 126.920"", "" 125.031"", ""  58.274""], ["" 128.011"", "" 124.905"", ""  59.690""], ["" 128.563"", "" 123.758"", ""  60.217""], ["" 128.211"", "" 122.443"", ""  59.662""], ["" 128.844"", "" 121.519"", ""  60.393""], ["" 129.623"", "" 122.058"", ""  61.371""], ["" 129.526"", "" 123.438"", ""  61.318""], ["" 130.311"", "" 124.172"", ""  62.227""], ["" 131.120"", "" 123.522"", ""  63.162""], ["" 131.173"", "" 122.130"", ""  63.201""], ["" 130.422"", "" 121.386"", ""  62.295""], ["" 127.471"", "" 122.152"", ""  58.723""], ["" 127.574"", "" 127.198"", ""  59.485""], ["" 128.218"", "" 126.253"", ""  60.222""], ["" 128.865"", "" 126.552"", ""  61.221""], ["" 128.764"", "" 120.528"", ""  60.218""], ["" 129.144"", "" 129.150"", ""  59.512""], ["" 130.899"", "" 130.412"", ""  59.901""], ["" 131.214"", "" 129.611"", ""  58.815""], ["" 129.638"", "" 130.126"", ""  60.319""], ["" 130.099"", "" 128.810"", ""  58.569""], ["" 131.636"", "" 131.480"", ""  60.669""], ["" 126.471"", "" 130.897"", ""  59.272""], ["" 125.453"", "" 131.169"", ""  60.120""], ["" 127.177"", "" 131.758"", ""  58.745""], ["" 124.901"", "" 130.377"", ""  60.413""], ["" 124.985"", "" 132.404"", ""  60.619""], ["" 124.234"", "" 132.385"", ""  61.811""], ["" 125.251"", "" 133.640"", ""  60.001""], ["" 123.754"", "" 133.583"", ""  62.349""], ["" 124.765"", "" 134.826"", ""  60.548""], ["" 124.015"", "" 134.798"", ""  61.720""], ["" 123.924"", "" 131.081"", ""  62.542""]]",[],RR18_Rahimova_2017
118,14167,RR19_Rahimova_2017,receptor_tmp,1,2,-11.15,-0.23229166666666667,0.0,0.0,4,186.95,-13.54,-13.55,0.01,-13.54,0.0,-4.34,2.39,-4.34,73,3,0.0,0.0,0.0,10.120744,7.748687,5.307866,-0.03115923,0.90809582,0.41760159,116.190071,"339.621307, 202.438889, 164.991211, 236.86644, 350.550171, 85.082619, 171.712402, 96.685295, ","[["" 130.993"", "" 122.054"", ""  64.425""], ["" 130.139"", "" 123.302"", ""  63.666""], ["" 129.731"", "" 123.310"", ""  62.354""], ["" 129.698"", "" 122.355"", ""  61.390""], ["" 129.860"", "" 121.144"", ""  61.565""], ["" 129.739"", "" 124.476"", ""  64.256""], ["" 129.996"", "" 125.035"", ""  65.466""], ["" 130.842"", "" 124.660"", ""  66.281""], ["" 129.497"", "" 124.230"", ""  62.011""], ["" 129.044"", "" 124.979"", ""  63.725""], ["" 129.413"", "" 122.892"", ""  59.963""], ["" 130.415"", "" 123.983"", ""  59.488""], ["" 131.615"", "" 124.157"", ""  60.401""], ["" 131.639"", "" 125.205"", ""  61.347""], ["" 132.634"", "" 123.182"", ""  60.435""], ["" 132.690"", "" 125.302"", ""  62.250""], ["" 133.676"", "" 123.296"", ""  61.347""], ["" 133.706"", "" 124.355"", ""  62.246""], ["" 128.000"", "" 123.324"", ""  59.765""], ["" 127.197"", "" 122.919"", ""  58.736""], ["" 127.402"", "" 124.221"", ""  60.598""], ["" 125.910"", "" 123.624"", ""  58.942""], ["" 127.482"", "" 122.134"", ""  57.831""], ["" 126.032"", "" 124.406"", ""  60.058""], ["" 127.894"", "" 124.764"", ""  61.588""], ["" 124.722"", "" 123.592"", ""  58.210""], ["" 124.972"", "" 125.198"", ""  60.504""], ["" 123.647"", "" 124.378"", ""  58.641""], ["" 123.772"", "" 125.178"", ""  59.785""], ["" 129.089"", "" 126.245"", ""  65.803""], ["" 129.227"", "" 127.455"", ""  64.834""], ["" 127.953"", "" 128.253"", ""  64.609""], ["" 127.279"", "" 128.207"", ""  63.369""], ["" 127.359"", "" 128.947"", ""  65.684""], ["" 126.076"", "" 128.879"", ""  63.207""], ["" 126.156"", "" 129.615"", ""  65.501""], ["" 125.519"", "" 129.585"", ""  64.267""], ["" 129.248"", "" 126.661"", ""  67.223""], ["" 128.265"", "" 126.625"", ""  68.172""], ["" 130.418"", "" 127.193"", ""  67.679""], ["" 128.885"", "" 127.177"", ""  69.403""], ["" 127.107"", "" 126.229"", ""  68.038""], ["" 130.177"", "" 127.518"", ""  69.107""], ["" 131.457"", "" 127.370"", ""  67.040""], ["" 128.361"", "" 127.375"", ""  70.681""], ["" 131.015"", "" 128.076"", ""  70.072""], ["" 129.187"", "" 127.932"", ""  71.664""], ["" 130.510"", "" 128.281"", ""  71.361""]]",[],RR19_Rahimova_2017
119,4412,RR19_Rahimova_2017-again1,receptor_tmp,1,3,-10.06,-0.21404255319148938,0.0,0.0,7,186.67,-12.75,-13.7,0.95,-12.75,0.0,-3.41,2.68,-3.41,68,3,0.0,0.0,0.0,9.616711,7.082333,8.3644,-0.28875858,-0.34925527,0.8914254,230.88002,"10.811438, 138.330078, 250.31279, 172.845642, 344.762329, 59.905148, 292.142151, 165.835739, 264.320251, ","[["" 133.586"", "" 125.510"", ""  65.425""], ["" 131.915"", "" 125.441"", ""  65.261""], ["" 130.939"", "" 126.210"", ""  65.830""], ["" 130.970"", "" 127.197"", ""  66.758""], ["" 131.986"", "" 127.724"", ""  67.217""], ["" 130.007"", "" 125.928"", ""  65.567""], ["" 131.268"", "" 124.462"", ""  64.527""], ["" 130.897"", "" 124.481"", ""  63.288""], ["" 131.087"", "" 125.336"", ""  62.401""], ["" 130.059"", "" 123.244"", ""  62.820""], ["" 130.984"", "" 122.048"", ""  62.416""], ["" 132.257"", "" 122.452"", ""  61.677""], ["" 132.179"", "" 123.289"", ""  60.561""], ["" 133.500"", "" 121.989"", ""  62.119""], ["" 133.340"", "" 123.670"", ""  59.894""], ["" 134.661"", "" 122.371"", ""  61.454""], ["" 134.577"", "" 123.210"", ""  60.345""], ["" 129.001"", "" 123.583"", ""  61.811""], ["" 128.358"", "" 124.787"", ""  61.721""], ["" 128.570"", "" 122.671"", ""  60.894""], ["" 127.402"", "" 124.640"", ""  60.598""], ["" 128.533"", "" 125.784"", ""  62.420""], ["" 127.527"", "" 123.371"", ""  60.102""], ["" 128.963"", "" 121.513"", ""  60.750""], ["" 126.488"", "" 125.542"", ""  60.051""], ["" 126.747"", "" 122.935"", ""  59.030""], ["" 125.697"", "" 125.125"", ""  58.976""], ["" 125.827"", "" 123.826"", ""  58.467""], ["" 129.569"", "" 127.667"", ""  67.249""], ["" 128.786"", "" 126.580"", ""  68.041""], ["" 128.858"", "" 126.743"", ""  69.549""], ["" 129.864"", "" 127.547"", ""  70.126""], ["" 127.831"", "" 126.235"", ""  70.372""], ["" 129.870"", "" 127.775"", ""  71.496""], ["" 127.855"", "" 126.474"", ""  71.740""], ["" 128.872"", "" 127.236"", ""  72.300""], ["" 128.731"", "" 128.299"", ""  66.186""], ["" 128.174"", "" 129.544"", ""  66.269""], ["" 128.349"", "" 127.611"", ""  65.073""], ["" 127.342"", "" 129.687"", ""  65.049""], ["" 128.321"", "" 130.371"", ""  67.170""], ["" 127.443"", "" 128.524"", ""  64.334""], ["" 128.679"", "" 126.469"", ""  64.752""], ["" 126.538"", "" 130.739"", ""  64.607""], ["" 126.746"", "" 128.350"", ""  63.137""], ["" 125.830"", "" 130.582"", ""  63.411""], ["" 125.933"", "" 129.392"", ""  62.678""]]",[],RR19_Rahimova_2017-again1
120,14216,RR1_Rahimova_2017,receptor_tmp,1,6,-8.98,-0.2040909090909091,0.0,0.0,2,193.07,-12.56,-12.18,-0.38,-12.56,0.0,-2.68,3.58,-2.68,73,9,0.0,0.0,0.0,8.279894,11.012017,9.877159,0.57372349,-0.54147507,-0.61452917,167.984848,"188.011871, 102.081413, 80.231232, 346.406525, 321.867279, 56.957951, 262.954681, 165.908264, 353.394073, 282.290741, 353.9534, 357.344025, ","[["" 129.536"", "" 127.608"", ""  71.159""], ["" 129.246"", "" 128.214"", ""  72.283""], ["" 127.996"", "" 127.838"", ""  72.534""], ["" 127.462"", "" 127.020"", ""  71.646""], ["" 128.452"", "" 126.869"", ""  70.761""], ["" 131.081"", "" 127.752"", ""  70.326""], ["" 130.432"", "" 128.089"", ""  68.652""], ["" 130.688"", "" 126.987"", ""  67.611""], ["" 130.101"", "" 125.907"", ""  67.682""], ["" 131.580"", "" 127.316"", ""  66.652""], ["" 131.910"", "" 128.271"", ""  66.656""], ["" 132.094"", "" 126.529"", ""  65.604""], ["" 133.298"", "" 125.872"", ""  65.862""], ["" 131.452"", "" 126.336"", ""  64.371""], ["" 133.863"", "" 125.036"", ""  64.904""], ["" 132.021"", "" 125.499"", ""  63.416""], ["" 133.224"", "" 124.840"", ""  63.669""], ["" 133.705"", "" 124.024"", ""  62.664""], ["" 133.121"", "" 124.100"", ""  61.368""], ["" 128.265"", "" 126.037"", ""  69.572""], ["" 127.270"", "" 126.592"", ""  68.539""], ["" 127.831"", "" 127.264"", ""  67.515""], ["" 126.054"", "" 126.413"", ""  68.670""], ["" 128.785"", "" 127.599"", ""  67.496""], ["" 126.991"", "" 127.919"", ""  66.624""], ["" 127.371"", "" 129.136"", ""  66.178""], ["" 128.463"", "" 129.656"", ""  66.431""], ["" 126.021"", "" 127.707"", ""  66.807""], ["" 126.369"", "" 129.853"", ""  65.296""], ["" 126.653"", "" 131.099"", ""  64.715""], ["" 125.130"", "" 129.263"", ""  65.024""], ["" 125.725"", "" 131.748"", ""  63.881""], ["" 124.201"", "" 129.897"", ""  64.207""], ["" 124.486"", "" 131.144"", ""  63.627""], ["" 125.966"", "" 132.967"", ""  63.270""], ["" 127.083"", "" 133.110"", ""  62.401""], ["" 123.613"", "" 131.822"", ""  62.795""], ["" 123.779"", "" 131.735"", ""  61.385""], ["" 127.241"", "" 128.314"", ""  73.742""], ["" 125.910"", "" 127.932"", ""  73.974""], ["" 127.834"", "" 129.165"", ""  74.688""], ["" 125.232"", "" 128.393"", ""  75.104""], ["" 127.193"", "" 129.626"", ""  75.792""], ["" 125.907"", "" 129.236"", ""  75.985""]]",[],RR1_Rahimova_2017
121,4263,RR20_Rahimova_2017,receptor_tmp,1,20,-10.76,-0.27589743589743587,0.0,0.0,4,181.26,-12.55,-12.48,-0.07,-12.55,0.0,-1.41,1.79,-1.41,79,3,0.0,0.0,0.0,9.996912,7.462322,9.394061,-0.88203811,0.02152989,0.47068593,154.688171,"252.332443, 216.919495, 110.929756, 45.243759, 196.518585, 227.054947, ","[["" 130.326"", "" 125.118"", ""  65.650""], ["" 129.789"", "" 123.913"", ""  65.170""], ["" 130.439"", "" 123.183"", ""  64.175""], ["" 131.621"", "" 123.675"", ""  63.607""], ["" 132.488"", "" 123.091"", ""  62.656""], ["" 133.613"", "" 124.013"", ""  62.427""], ["" 133.567"", "" 125.032"", ""  63.554""], ["" 132.195"", "" 124.836"", ""  64.125""], ["" 131.552"", "" 125.555"", ""  65.133""], ["" 129.628"", "" 125.896"", ""  66.730""], ["" 129.091"", "" 126.225"", ""  68.835""], ["" 129.718"", "" 125.461"", ""  67.977""], ["" 128.303"", "" 127.584"", ""  68.133""], ["" 128.862"", "" 127.069"", ""  66.560""], ["" 128.477"", "" 127.845"", ""  65.318""], ["" 128.990"", "" 126.063"", ""  70.208""], ["" 130.266"", "" 127.819"", ""  70.925""], ["" 129.568"", "" 126.831"", ""  71.163""], ["" 128.430"", "" 125.283"", ""  70.522""], ["" 129.317"", "" 126.461"", ""  72.644""], ["" 128.629"", "" 127.528"", ""  73.396""], ["" 128.979"", "" 128.871"", ""  72.911""], ["" 127.172"", "" 127.374"", ""  73.306""], ["" 128.451"", "" 129.945"", ""  73.890""], ["" 126.408"", "" 128.443"", ""  74.086""], ["" 127.007"", "" 129.697"", ""  74.325""], ["" 125.098"", "" 128.217"", ""  74.523""], ["" 126.273"", "" 130.689"", ""  74.986""], ["" 124.382"", "" 129.210"", ""  75.188""], ["" 124.970"", "" 130.451"", ""  75.417""], ["" 132.164"", "" 122.121"", ""  61.752""], ["" 132.896"", "" 121.159"", ""  61.506""], ["" 130.858"", "" 122.218"", ""  60.996""], ["" 130.647"", "" 123.288"", ""  60.118""], ["" 129.830"", "" 121.290"", ""  61.206""], ["" 129.444"", "" 123.405"", ""  59.428""], ["" 128.626"", "" 121.407"", ""  60.517""], ["" 128.436"", "" 122.460"", ""  59.620""], ["" 127.121"", "" 122.595"", ""  58.874""]]",[],RR20_Rahimova_2017
122,14213,RR20_Rahimova_2017-again1,receptor_tmp,1,16,-9.75,-0.25,0.0,0.0,3,184.06,-11.54,-11.01,-0.53,-11.54,0.0,-2.21,1.79,-2.21,77,3,0.0,0.0,0.0,11.336539,11.804393,11.717774,-0.29948152,0.75100531,-0.58847417,99.20694,"115.415031, 59.189796, 102.967415, 249.857834, 314.790466, 196.161484, ","[["" 129.351"", "" 128.905"", ""  72.197""], ["" 129.569"", "" 128.670"", ""  70.926""], ["" 129.217"", "" 127.455"", ""  70.533""], ["" 128.667"", "" 126.642"", ""  71.543""], ["" 128.101"", "" 125.238"", ""  71.507""], ["" 128.684"", "" 127.553"", ""  73.034""], ["" 129.635"", "" 130.029"", ""  72.927""], ["" 128.866"", "" 130.539"", ""  73.829""], ["" 127.783"", "" 130.151"", ""  74.308""], ["" 129.393"", "" 131.861"", ""  74.425""], ["" 128.466"", "" 133.038"", ""  74.005""], ["" 127.867"", "" 132.847"", ""  72.596""], ["" 129.160"", "" 134.414"", ""  74.149""], ["" 128.986"", "" 132.888"", ""  71.539""], ["" 130.032"", "" 134.764"", ""  72.937""], ["" 129.923"", "" 134.082"", ""  71.702""], ["" 130.949"", "" 135.816"", ""  73.045""], ["" 130.709"", "" 134.499"", ""  70.622""], ["" 131.734"", "" 136.210"", ""  71.965""], ["" 131.610"", "" 135.553"", ""  70.747""], ["" 127.687"", "" 133.023"", ""  74.651""], ["" 129.436"", "" 127.084"", ""  69.094""], ["" 129.652"", "" 128.069"", ""  68.122""], ["" 129.377"", "" 125.742"", ""  68.685""], ["" 129.832"", "" 127.729"", ""  66.780""], ["" 129.574"", "" 125.398"", ""  67.347""], ["" 129.848"", "" 126.382"", ""  66.397""], ["" 129.393"", "" 124.069"", ""  66.678""], ["" 129.928"", "" 125.801"", ""  65.112""], ["" 129.871"", "" 124.337"", ""  65.260""], ["" 130.438"", "" 126.383"", ""  63.987""], ["" 130.132"", "" 127.519"", ""  63.619""], ["" 131.402"", "" 125.600"", ""  63.122""], ["" 131.042"", "" 125.270"", ""  61.810""], ["" 132.626"", "" 125.147"", ""  63.632""], ["" 131.910"", "" 124.537"", ""  61.006""], ["" 133.493"", "" 124.414"", ""  62.829""], ["" 133.140"", "" 124.116"", ""  61.512""], ["" 134.083"", "" 123.309"", ""  60.637""]]",[],RR20_Rahimova_2017-again1
123,14193,RR21_Rahimova_2017,receptor_tmp,1,5,-9.75,-0.24375,0.0,0.0,11,189.3,-11.54,-11.63,0.09,-11.54,0.0,-1.43,1.79,-1.43,65,4,0.0,0.0,0.0,10.523995,10.560859,10.794065,-0.5488299,-0.83589241,-0.00834372,106.246475,"252.18663, 222.868469, 81.58828, 276.293823, 347.79834, 24.041948, ","[["" 130.923"", "" 127.112"", ""  67.381""], ["" 130.062"", "" 127.098"", ""  68.425""], ["" 128.474"", "" 126.305"", ""  68.520""], ["" 128.305"", "" 126.874"", ""  70.175""], ["" 129.386"", "" 127.621"", ""  70.563""], ["" 130.384"", "" 127.794"", ""  69.663""], ["" 131.417"", "" 128.443"", ""  69.871""], ["" 127.321"", "" 126.661"", ""  70.993""], ["" 127.314"", "" 127.173"", ""  72.319""], ["" 128.532"", "" 127.986"", ""  72.664""], ["" 129.503"", "" 128.195"", ""  71.836""], ["" 126.432"", "" 126.999"", ""  73.160""], ["" 130.772"", "" 126.476"", ""  66.081""], ["" 129.833"", "" 126.760"", ""  65.064""], ["" 130.029"", "" 126.019"", ""  63.991""], ["" 131.082"", "" 125.231"", ""  64.254""], ["" 131.568"", "" 125.493"", ""  65.511""], ["" 128.716"", "" 127.758"", ""  65.086""], ["" 126.606"", "" 129.635"", ""  65.130""], ["" 126.775"", "" 128.774"", ""  64.040""], ["" 127.512"", "" 129.548"", ""  66.200""], ["" 127.818"", "" 127.848"", ""  64.017""], ["" 128.554"", "" 128.622"", ""  66.175""], ["" 125.922"", "" 128.835"", ""  62.990""], ["" 125.546"", "" 130.521"", ""  65.078""], ["" 124.218"", "" 130.028"", ""  65.224""], ["" 131.580"", "" 124.313"", ""  63.293""], ["" 132.743"", "" 124.600"", ""  62.562""], ["" 130.905"", "" 123.105"", ""  63.069""], ["" 133.224"", "" 123.689"", ""  61.625""], ["" 131.388"", "" 122.196"", ""  62.132""], ["" 132.545"", "" 122.491"", ""  61.415""], ["" 128.627"", "" 128.607"", ""  74.063""], ["" 127.362"", "" 129.334"", ""  74.516""], ["" 126.424"", "" 128.675"", ""  75.315""], ["" 127.156"", "" 130.670"", ""  74.156""], ["" 125.279"", "" 129.344"", ""  75.742""], ["" 126.012"", "" 131.338"", ""  74.582""], ["" 125.071"", "" 130.674"", ""  75.372""], ["" 123.827"", "" 131.402"", ""  75.849""]]",[],RR21_Rahimova_2017
124,14098,RR22_Rahimova_2017,receptor_tmp,4,16,-8.97,-0.2803125,0.0,0.0,19,189.15,-9.57,-9.51,-0.06,-9.57,0.0,-0.59,0.6,-0.59,36,3,0.0,0.0,0.0,10.555218,8.218181,5.320138,-0.0573419,0.92866918,-0.36644981,249.740036,"67.357162, 314.021149, ","[["" 130.008"", "" 129.622"", ""  60.562""], ["" 129.877"", "" 128.423"", ""  60.795""], ["" 130.874"", "" 127.501"", ""  61.065""], ["" 128.286"", "" 127.543"", ""  60.840""], ["" 129.067"", "" 125.970"", ""  61.063""], ["" 130.546"", "" 126.144"", ""  61.377""], ["" 130.866"", "" 125.874"", ""  62.787""], ["" 131.112"", "" 124.509"", ""  63.142""], ["" 132.193"", "" 123.961"", ""  62.238""], ["" 133.117"", "" 122.981"", ""  62.613""], ["" 134.055"", "" 122.505"", ""  61.695""], ["" 134.066"", "" 122.992"", ""  60.388""], ["" 133.134"", "" 123.952"", ""  59.992""], ["" 132.197"", "" 124.428"", ""  60.910""], ["" 131.271"", "" 125.355"", ""  60.430""], ["" 131.295"", "" 124.646"", ""  64.640""], ["" 130.390"", "" 125.853"", ""  64.905""], ["" 130.169"", "" 126.509"", ""  63.828""], ["" 128.484"", "" 124.759"", ""  60.908""], ["" 131.847"", "" 127.759"", ""  61.003""], ["" 127.069"", "" 124.449"", ""  60.624""], ["" 126.223"", "" 125.309"", ""  59.910""], ["" 126.522"", "" 123.249"", ""  61.094""], ["" 124.895"", "" 124.949"", ""  59.680""], ["" 125.232"", "" 122.881"", ""  60.882""], ["" 124.440"", "" 123.730"", ""  60.180""], ["" 129.887"", "" 126.192"", ""  66.251""], ["" 129.473"", "" 125.184"", ""  67.133""], ["" 129.819"", "" 127.532"", ""  66.662""], ["" 129.000"", "" 125.509"", ""  68.401""], ["" 129.345"", "" 127.856"", ""  67.931""], ["" 128.937"", "" 126.843"", ""  68.795""]]",[],RR22_Rahimova_2017
125,13976,RR23_Rahimova_2017,receptor_tmp,1,13,-10.02,-0.2505,0.0,0.0,5,192.62,-11.51,-11.29,-0.22,-11.51,0.0,-1.33,1.49,-1.33,65,5,0.0,0.0,0.0,8.545277,8.79968,10.567951,0.92878517,0.17428425,0.32708273,205.946381,"203.17157, 107.349815, 27.461531, 56.963024, 242.786774, ","[["" 129.860"", "" 127.491"", ""  68.218""], ["" 130.717"", "" 128.064"", ""  69.164""], ["" 130.369"", "" 128.100"", ""  70.515""], ["" 129.125"", "" 127.607"", ""  70.930""], ["" 128.585"", "" 127.469"", ""  72.228""], ["" 127.247"", "" 126.866"", ""  72.113""], ["" 127.146"", "" 126.316"", ""  70.700""], ["" 128.293"", "" 126.981"", ""  70.001""], ["" 128.651"", "" 126.926"", ""  68.654""], ["" 130.292"", "" 127.453"", ""  66.744""], ["" 127.466"", "" 128.767"", ""  63.637""], ["" 128.496"", "" 127.888"", ""  63.672""], ["" 127.092"", "" 129.471"", ""  64.578""], ["" 129.293"", "" 127.561"", ""  64.726""], ["" 129.333"", "" 128.102"", ""  65.876""], ["" 130.400"", "" 126.188"", ""  64.437""], ["" 130.634"", "" 126.040"", ""  66.217""], ["" 128.663"", "" 127.378"", ""  62.818""], ["" 129.768"", "" 124.876"", ""  66.743""], ["" 126.722"", "" 128.863"", ""  62.295""], ["" 125.931"", "" 130.113"", ""  62.267""], ["" 127.319"", "" 131.079"", ""  60.695""], ["" 126.334"", "" 131.136"", ""  61.438""], ["" 125.421"", "" 132.336"", ""  61.531""], ["" 124.825"", "" 130.137"", ""  63.106""], ["" 125.667"", "" 133.477"", ""  60.758""], ["" 124.323"", "" 132.297"", ""  62.392""], ["" 124.050"", "" 131.172"", ""  63.174""], ["" 124.810"", "" 134.575"", ""  60.855""], ["" 123.466"", "" 133.396"", ""  62.487""], ["" 123.712"", "" 134.534"", ""  61.717""], ["" 128.962"", "" 128.164"", ""  73.343""], ["" 129.370"", "" 127.617"", ""  74.370""], ["" 128.866"", "" 129.673"", ""  73.344""], ["" 129.812"", "" 130.424"", ""  72.636""], ["" 127.881"", "" 130.335"", ""  74.089""], ["" 129.751"", "" 131.815"", ""  72.641""], ["" 127.821"", "" 131.726"", ""  74.095""], ["" 128.750"", "" 132.467"", ""  73.363""], ["" 128.689"", "" 133.983"", ""  73.377""]]",[],RR23_Rahimova_2017
126,4293,RR24_Rahimova_2017,receptor_tmp,1,15,-9.6,-0.21333333333333332,0.0,0.0,9,187.98,-11.09,-11.1,0.0,-11.09,0.0,-1.14,1.49,-1.14,80,7,0.0,0.0,0.0,9.797313,11.145434,10.942469,0.25662343,0.88456944,0.38946287,266.874084,"186.277405, 3.547203, 107.041367, 12.096939, 55.896027, ","[["" 129.239"", "" 126.708"", ""  70.900""], ["" 129.333"", "" 126.868"", ""  69.536""], ["" 129.560"", "" 127.191"", ""  66.775""], ["" 130.384"", "" 127.920"", ""  67.637""], ["" 128.631"", "" 126.287"", ""  67.300""], ["" 130.274"", "" 127.757"", ""  69.014""], ["" 128.522"", "" 126.122"", ""  68.678""], ["" 129.673"", "" 127.389"", ""  65.259""], ["" 124.924"", "" 129.227"", ""  62.931""], ["" 126.069"", "" 129.002"", ""  63.330""], ["" 126.730"", "" 129.680"", ""  64.342""], ["" 126.724"", "" 127.897"", ""  62.882""], ["" 127.844"", "" 129.264"", ""  65.050""], ["" 127.819"", "" 127.397"", ""  63.511""], ["" 128.352"", "" 129.899"", ""  65.979""], ["" 128.404"", "" 127.991"", ""  64.584""], ["" 128.294"", "" 126.229"", ""  62.963""], ["" 129.401"", "" 125.599"", ""  63.477""], ["" 130.077"", "" 126.084"", ""  64.533""], ["" 130.002"", "" 124.364"", ""  63.000""], ["" 131.198"", "" 125.197"", ""  64.825""], ["" 131.095"", "" 124.118"", ""  63.820""], ["" 129.683"", "" 123.490"", ""  61.960""], ["" 132.022"", "" 125.359"", ""  65.725""], ["" 131.893"", "" 122.990"", ""  63.617""], ["" 130.477"", "" 122.359"", ""  61.753""], ["" 131.578"", "" 122.111"", ""  62.577""], ["" 126.106"", "" 130.939"", ""  64.802""], ["" 126.342"", "" 127.440"", ""  62.067""], ["" 127.818"", "" 125.831"", ""  62.166""], ["" 128.202"", "" 127.282"", ""  71.577""], ["" 127.004"", "" 127.081"", ""  71.354""], ["" 128.684"", "" 128.224"", ""  72.720""], ["" 129.684"", "" 129.288"", ""  72.246""], ["" 127.547"", "" 128.821"", ""  73.481""], ["" 126.437"", "" 128.139"", ""  73.900""], ["" 127.525"", "" 130.143"", ""  73.809""], ["" 125.597"", "" 129.146"", ""  74.594""], ["" 126.185"", "" 126.945"", ""  73.733""], ["" 126.249"", "" 130.348"", ""  74.539""], ["" 128.382"", "" 130.992"", ""  73.553""], ["" 124.356"", "" 129.027"", ""  75.222""], ["" 125.698"", "" 131.496"", ""  75.110""], ["" 123.787"", "" 130.166"", ""  75.801""], ["" 124.455"", "" 131.396"", ""  75.745""]]",[],RR24_Rahimova_2017
127,14269,RR24_Rahimova_2017-again1,receptor_tmp,1,8,-8.48,-0.1972093023255814,0.0,0.0,9,185.82,-9.97,-11.35,1.37,-9.97,0.0,-2.29,1.49,-2.29,48,4,0.0,0.0,0.0,8.563822,11.812042,1.932404,0.658913,0.75045421,-0.05149886,221.796829,"15.297004, 109.897438, 176.425934, 213.29483, 77.457306, ","[["" 127.829"", "" 130.891"", ""  61.490""], ["" 127.873"", "" 129.622"", ""  60.960""], ["" 127.919"", "" 127.035"", ""  59.914""], ["" 128.199"", "" 127.251"", ""  61.267""], ["" 127.607"", "" 128.120"", ""  59.089""], ["" 128.172"", "" 128.540"", ""  61.790""], ["" 127.578"", "" 129.409"", ""  59.611""], ["" 127.948"", "" 125.614"", ""  59.332""], ["" 124.609"", "" 123.260"", ""  60.603""], ["" 124.359"", "" 124.376"", ""  59.806""], ["" 125.797"", "" 122.918"", ""  60.956""], ["" 125.372"", "" 125.188"", ""  59.334""], ["" 126.859"", "" 123.673"", ""  60.549""], ["" 125.197"", "" 126.171"", ""  58.607""], ["" 126.715"", "" 124.784"", ""  59.761""], ["" 128.054"", "" 123.208"", ""  61.011""], ["" 129.166"", "" 123.703"", ""  60.615""], ["" 129.236"", "" 124.864"", ""  59.744""], ["" 130.527"", "" 123.276"", ""  60.888""], ["" 130.542"", "" 125.085"", ""  59.474""], ["" 131.377"", "" 124.112"", ""  60.178""], ["" 131.048"", "" 122.239"", ""  61.665""], ["" 132.764"", "" 123.925"", ""  60.238""], ["" 132.430"", "" 122.050"", ""  61.730""], ["" 133.286"", "" 122.892"", ""  61.018""], ["" 123.721"", "" 122.504"", ""  61.034""], ["" 123.002"", "" 124.796"", ""  59.385""], ["" 130.991"", "" 126.033"", ""  58.724""], ["" 127.002"", "" 131.826"", ""  60.935""], ["" 125.781"", "" 131.899"", ""  61.117""], ["" 127.765"", "" 132.848"", ""  60.042""], ["" 127.886"", "" 134.239"", ""  60.678""], ["" 129.086"", "" 132.324"", ""  59.584""], ["" 129.407"", "" 132.031"", ""  58.287""], ["" 130.098"", "" 132.077"", ""  60.462""], ["" 130.810"", "" 131.546"", ""  58.331""], ["" 128.688"", "" 132.143"", ""  57.295""], ["" 131.223"", "" 131.572"", ""  59.635""], ["" 130.087"", "" 132.237"", ""  61.684""], ["" 131.659"", "" 131.112"", ""  57.312""], ["" 132.510"", "" 131.165"", ""  59.992""], ["" 132.953"", "" 130.701"", ""  57.650""], ["" 133.377"", "" 130.728"", ""  58.985""]]",[],RR24_Rahimova_2017-again1
128,13949,RR25_Rahimova_2017,receptor_tmp,2,18,-10.04,-0.2574358974358974,0.0,0.0,3,188.81,-11.54,-11.05,-0.49,-11.54,0.0,-0.91,1.49,-0.91,53,11,0.0,0.0,0.0,8.999984,7.94066,6.982058,0.44812604,0.58534049,-0.67569191,199.828079,"285.710785, 133.160278, 340.290985, 287.298492, 278.527039, ","[["" 131.517"", "" 126.376"", ""  65.805""], ["" 130.261"", "" 126.883"", ""  65.997""], ["" 129.067"", "" 126.340"", ""  65.315""], ["" 128.113"", "" 127.504"", ""  64.972""], ["" 127.780"", "" 128.292"", ""  66.162""], ["" 128.997"", "" 128.879"", ""  66.726""], ["" 130.018"", "" 127.792"", ""  67.139""], ["" 132.448"", "" 126.657"", ""  66.566""], ["" 131.889"", "" 125.539"", ""  64.547""], ["" 131.736"", "" 124.683"", ""  59.743""], ["" 132.928"", "" 123.959"", ""  59.895""], ["" 131.273"", "" 125.445"", ""  60.828""], ["" 133.634"", "" 123.989"", ""  61.096""], ["" 131.973"", "" 125.492"", ""  62.037""], ["" 133.151"", "" 124.742"", ""  62.164""], ["" 131.509"", "" 126.292"", ""  63.241""], ["" 133.906"", "" 124.734"", ""  63.323""], ["" 133.336"", "" 124.964"", ""  64.551""], ["" 134.035"", "" 124.708"", ""  65.532""], ["" 130.982"", "" 124.643"", ""  58.466""], ["" 129.934"", "" 124.004"", ""  58.422""], ["" 131.433"", "" 125.249"", ""  57.499""], ["" 126.771"", "" 129.317"", ""  65.864""], ["" 126.066"", "" 129.090"", ""  64.499""], ["" 126.050"", "" 130.255"", ""  63.567""], ["" 127.212"", "" 130.480"", ""  62.858""], ["" 124.871"", "" 130.969"", ""  63.538""], ["" 127.182"", "" 131.712"", ""  61.974""], ["" 128.210"", "" 129.756"", ""  62.940""], ["" 124.893"", "" 132.188"", ""  62.635""], ["" 123.875"", "" 130.659"", ""  64.202""], ["" 128.320"", "" 132.053"", ""  61.232""], ["" 126.037"", "" 132.544"", ""  61.876""], ["" 123.756"", "" 133.001"", ""  62.550""], ["" 128.331"", "" 133.182"", ""  60.415""], ["" 126.037"", "" 133.698"", ""  61.044""], ["" 123.744"", "" 134.133"", ""  61.737""], ["" 127.210"", "" 134.003"", ""  60.313""], ["" 124.865"", "" 134.490"", ""  60.989""]]",[],RR25_Rahimova_2017
129,14027,RR26_Rahimova_2017,receptor_tmp,1,16,-10.52,-0.2768421052631579,0.0,0.0,15,188.02,-11.71,-11.53,-0.18,-11.71,0.0,-1.3,1.19,-1.3,49,3,0.0,0.0,0.0,9.579164,10.885358,7.63925,0.51479906,-0.8444674,0.14784023,104.092606,"227.223862, 307.932343, 336.795166, 68.575943, ","[["" 127.756"", "" 128.197"", ""  61.917""], ["" 127.608"", "" 128.872"", ""  62.937""], ["" 127.984"", "" 128.556"", ""  64.312""], ["" 127.561"", "" 129.881"", ""  65.460""], ["" 128.590"", "" 127.381"", ""  64.592""], ["" 127.016"", "" 130.143"", ""  62.965""], ["" 126.912"", "" 130.786"", ""  64.142""], ["" 126.339"", "" 131.950"", ""  63.998""], ["" 126.111"", "" 131.983"", ""  62.687""], ["" 126.492"", "" 130.913"", ""  62.007""], ["" 129.042"", "" 126.891"", ""  65.884""], ["" 129.824"", "" 125.748"", ""  66.169""], ["" 128.754"", "" 127.398"", ""  67.142""], ["" 129.999"", "" 125.581"", ""  67.465""], ["" 129.361"", "" 126.593"", ""  68.072""], ["" 130.429"", "" 124.776"", ""  65.203""], ["" 129.747"", "" 123.599"", ""  64.858""], ["" 131.681"", "" 125.033"", ""  64.625""], ["" 130.304"", "" 122.686"", ""  63.962""], ["" 132.237"", "" 124.125"", ""  63.724""], ["" 131.554"", "" 122.943"", ""  63.402""], ["" 133.497"", "" 124.401"", ""  63.229""], ["" 132.046"", "" 122.038"", ""  62.484""], ["" 133.844"", "" 123.648"", ""  62.063""], ["" 133.452"", "" 122.161"", ""  62.239""], ["" 129.341"", "" 126.715"", ""  69.485""], ["" 128.532"", "" 125.877"", ""  70.267""], ["" 130.140"", "" 127.684"", ""  70.111""], ["" 128.519"", "" 126.009"", ""  71.653""], ["" 130.127"", "" 127.811"", ""  71.497""], ["" 129.316"", "" 126.975"", ""  72.262""], ["" 125.439"", "" 133.148"", ""  62.019""], ["" 124.087"", "" 133.377"", ""  62.318""], ["" 126.093"", "" 134.017"", ""  61.118""], ["" 123.398"", "" 134.446"", ""  61.749""], ["" 125.389"", "" 135.086"", ""  60.553""], ["" 124.050"", "" 135.303"", ""  60.868""], ["" 127.542"", "" 133.805"", ""  60.700""]]",[],RR26_Rahimova_2017
130,4541,RR27_Rahimova_2017,receptor_tmp,1,20,-9.71,-0.24275000000000002,0.0,0.0,5,191.13,-11.79,-11.5,-0.3,-11.79,0.0,-2.3,2.09,-2.3,58,9,0.0,0.0,0.0,10.676609,12.57826,5.618233,-0.56774506,-0.65948709,0.49268888,192.769867,"218.86235, 187.091766, 349.661133, 314.263977, 332.036224, 127.838989, 281.523285, ","[["" 132.548"", "" 125.460"", ""  62.774""], ["" 132.010"", "" 126.275"", ""  61.824""], ["" 130.866"", "" 126.959"", ""  62.118""], ["" 130.164"", "" 126.901"", ""  63.285""], ["" 130.716"", "" 126.101"", ""  64.201""], ["" 131.900"", "" 125.354"", ""  64.019""], ["" 132.163"", "" 124.655"", ""  65.161""], ["" 131.157"", "" 124.947"", ""  66.062""], ["" 130.297"", "" 125.815"", ""  65.490""], ["" 133.693"", "" 124.727"", ""  62.599""], ["" 134.365"", "" 125.201"", ""  62.105""], ["" 130.322"", "" 127.888"", ""  61.017""], ["" 128.810"", "" 128.254"", ""  61.157""], ["" 131.207"", "" 129.151"", ""  60.781""], ["" 128.343"", "" 129.276"", ""  60.097""], ["" 130.599"", "" 130.137"", ""  59.751""], ["" 129.234"", "" 130.441"", ""  60.207""], ["" 129.012"", "" 131.479"", ""  61.063""], ["" 129.879"", "" 132.328"", ""  61.289""], ["" 127.585"", "" 131.709"", ""  61.641""], ["" 127.007"", "" 133.092"", ""  61.291""], ["" 125.645"", "" 133.275"", ""  61.005""], ["" 127.866"", "" 134.197"", ""  61.256""], ["" 125.154"", "" 134.540"", ""  60.695""], ["" 127.376"", "" 135.462"", ""  60.946""], ["" 126.022"", "" 135.628"", ""  60.668""], ["" 127.505"", "" 131.330"", ""  63.132""], ["" 127.864"", "" 132.232"", ""  64.142""], ["" 127.089"", "" 130.039"", ""  63.482""], ["" 127.791"", "" 131.854"", ""  65.481""], ["" 127.014"", "" 129.661"", ""  64.819""], ["" 127.364"", "" 130.571"", ""  65.813""], ["" 129.117"", "" 126.278"", ""  66.216""], ["" 129.421"", "" 126.785"", ""  67.619""], ["" 128.626"", "" 126.390"", ""  68.701""], ["" 130.488"", "" 127.664"", ""  67.834""], ["" 128.893"", "" 126.870"", ""  69.984""], ["" 130.760"", "" 128.138"", ""  69.119""], ["" 129.965"", "" 127.739"", ""  70.193""], ["" 127.891"", "" 126.396"", ""  71.308""]]",[],RR27_Rahimova_2017
131,4383,RR27_Rahimova_2017-again1,receptor_tmp,1,19,-9.86,-0.2465,0.0,0.0,6,189.89,-11.65,-11.46,-0.19,-11.65,0.0,-2.49,1.79,-2.49,54,7,0.0,0.0,0.0,9.487962,12.224676,5.824584,0.56279622,0.42033692,-0.71174243,200.709366,"34.935863, 352.992188, 333.776276, 13.675817, 347.149292, 262.987244, ","[["" 133.207"", "" 124.809"", ""  62.765""], ["" 132.269"", "" 125.581"", ""  62.955""], ["" 131.772"", "" 126.381"", ""  61.948""], ["" 130.728"", "" 127.299"", ""  62.019""], ["" 130.073"", "" 127.488"", ""  63.121""], ["" 130.483"", "" 126.741"", ""  64.183""], ["" 131.518"", "" 125.819"", ""  64.188""], ["" 131.652"", "" 125.282"", ""  65.388""], ["" 130.684"", "" 125.852"", ""  66.209""], ["" 129.980"", "" 126.717"", ""  65.458""], ["" 132.239"", "" 126.280"", ""  61.059""], ["" 130.368"", "" 128.084"", ""  60.754""], ["" 128.828"", "" 128.279"", ""  60.558""], ["" 131.248"", "" 129.363"", ""  60.582""], ["" 128.409"", "" 129.510"", ""  59.720""], ["" 130.626"", "" 130.511"", ""  59.749""], ["" 129.222"", "" 130.650"", ""  60.162""], ["" 128.902"", "" 131.441"", ""  61.228""], ["" 129.722"", "" 132.229"", ""  61.710""], ["" 127.432"", "" 131.503"", ""  61.741""], ["" 126.753"", "" 132.850"", ""  61.425""], ["" 127.477"", "" 133.959"", ""  60.962""], ["" 125.368"", "" 132.966"", ""  61.605""], ["" 126.827"", "" 135.159"", ""  60.686""], ["" 124.719"", "" 134.166"", ""  61.329""], ["" 125.451"", "" 135.257"", ""  60.872""], ["" 127.317"", "" 131.084"", ""  63.219""], ["" 127.856"", "" 131.872"", ""  64.247""], ["" 126.685"", "" 129.876"", ""  63.544""], ["" 127.758"", "" 131.462"", ""  65.575""], ["" 126.581"", "" 129.471"", ""  64.872""], ["" 127.119"", "" 130.264"", ""  65.881""], ["" 128.896"", "" 127.501"", ""  66.035""], ["" 128.642"", "" 127.190"", ""  67.503""], ["" 129.583"", "" 127.545"", ""  68.476""], ["" 127.461"", "" 126.545"", ""  67.889""], ["" 129.341"", "" 127.268"", ""  69.822""], ["" 127.221"", "" 126.268"", ""  69.235""], ["" 128.160"", "" 126.630"", ""  70.201""], ["" 130.500"", "" 127.719"", ""  71.017""]]",[],RR27_Rahimova_2017-again1
132,14259,RR28_Rahimova_2017,receptor_tmp,1,20,-8.91,-0.185625,0.0,0.0,3,183.19,-11.6,-11.29,-0.31,-11.6,0.0,-2.04,2.68,-2.04,55,9,0.0,0.0,0.0,5.072753,14.71385,6.345317,-0.4157629,0.62986512,0.65605727,244.834656,"190.548691, 270.105194, 192.127441, 139.620514, 80.80294, 15.532947, 278.676147, 245.425949, 164.859818, ","[["" 125.891"", "" 132.294"", ""  60.081""], ["" 126.473"", "" 132.733"", ""  61.446""], ["" 127.414"", "" 133.530"", ""  61.460""], ["" 125.842"", "" 132.342"", ""  62.587""], ["" 126.393"", "" 132.703"", ""  63.903""], ["" 124.930"", "" 131.189"", ""  62.633""], ["" 127.281"", "" 131.513"", ""  64.348""], ["" 125.771"", "" 129.961"", ""  63.068""], ["" 126.499"", "" 130.154"", ""  64.439""], ["" 127.413"", "" 128.922"", ""  64.699""], ["" 127.671"", "" 128.523"", ""  66.020""], ["" 128.003"", "" 128.191"", ""  63.656""], ["" 128.487"", "" 127.429"", ""  66.290""], ["" 128.820"", "" 127.096"", ""  63.925""], ["" 129.067"", "" 126.708"", ""  65.244""], ["" 129.964"", "" 125.512"", ""  65.561""], ["" 129.721"", "" 125.002"", ""  66.770""], ["" 129.781"", "" 124.546"", ""  64.661""], ["" 131.240"", "" 125.899"", ""  65.522""], ["" 125.483"", "" 130.211"", ""  65.514""], ["" 124.164"", "" 129.943"", ""  65.429""], ["" 123.594"", "" 129.604"", ""  64.394""], ["" 125.843"", "" 130.460"", ""  66.423""], ["" 123.363"", "" 130.080"", ""  66.719""], ["" 125.349"", "" 130.840"", ""  60.010""], ["" 125.980"", "" 129.958"", ""  58.907""], ["" 127.102"", "" 129.233"", ""  59.180""], ["" 125.513"", "" 130.036"", ""  57.767""], ["" 127.507"", "" 128.854"", ""  60.538""], ["" 127.647"", "" 128.312"", ""  58.174""], ["" 126.753"", "" 127.549"", ""  60.876""], ["" 126.950"", "" 126.943"", ""  58.394""], ["" 126.993"", "" 126.373"", ""  59.865""], ["" 128.362"", "" 125.714"", ""  60.231""], ["" 129.553"", "" 126.001"", ""  59.543""], ["" 128.419"", "" 124.785"", ""  61.282""], ["" 130.753"", "" 125.392"", ""  59.901""], ["" 129.616"", "" 124.174"", ""  61.642""], ["" 130.792"", "" 124.477"", ""  60.955""], ["" 132.102"", "" 123.803"", ""  61.362""], ["" 131.891"", "" 122.529"", ""  61.698""], ["" 132.950"", "" 123.837"", ""  60.334""], ["" 132.679"", "" 124.411"", ""  62.400""], ["" 125.941"", "" 125.351"", ""  60.053""], ["" 124.831"", "" 125.154"", ""  59.315""], ["" 124.532"", "" 125.825"", ""  58.327""], ["" 126.066"", "" 124.758"", ""  60.860""], ["" 123.912"", "" 124.023"", ""  59.764""]]",[],RR28_Rahimova_2017
133,4158,RR29_Rahimova_2017,receptor_tmp,1,1,-7.3,-0.3173913043478261,0.0,0.0,7,189.58,-8.5,-5.98,-2.51,-8.5,0.0,-0.15,1.19,-0.15,31,9,0.0,0.0,0.0,9.255426,11.770384,8.563875,-0.50146683,-0.82110492,0.27261277,112.468849,"304.094421, 67.701187, 119.715157, 55.257545, ","[["" 129.360"", "" 125.379"", ""  65.928""], ["" 129.247"", "" 126.763"", ""  65.304""], ["" 129.128"", "" 126.854"", ""  64.032""], ["" 129.284"", "" 127.900"", ""  66.349""], ["" 130.262"", "" 127.586"", ""  67.501""], ["" 129.539"", "" 127.303"", ""  68.809""], ["" 130.096"", "" 127.735"", ""  70.026""], ["" 128.312"", "" 126.611"", ""  68.800""], ["" 129.393"", "" 127.460"", ""  71.193""], ["" 127.630"", "" 126.338"", ""  69.994""], ["" 129.732"", "" 127.746"", ""  72.478""], ["" 128.204"", "" 126.787"", ""  71.178""], ["" 128.607"", "" 127.415"", ""  73.249""], ["" 127.761"", "" 126.628"", ""  72.454""], ["" 128.940"", "" 128.099"", ""  63.472""], ["" 127.874"", "" 128.436"", ""  62.728""], ["" 126.853"", "" 127.625"", ""  62.448""], ["" 127.829"", "" 129.665"", ""  62.235""], ["" 129.674"", "" 128.778"", ""  63.620""], ["" 125.962"", "" 128.008"", ""  62.167""], ["" 126.975"", "" 126.626"", ""  62.531""], ["" 128.679"", "" 130.201"", ""  62.137""], ["" 126.945"", "" 130.061"", ""  61.953""]]",[],RR29_Rahimova_2017
134,14146,RR29_Rahimova_2017-again1,receptor_tmp,1,15,-5.87,-0.26681818181818184,0.0,0.0,6,189.39,-7.06,-6.52,-0.54,-7.06,0.0,-0.37,1.19,-0.37,31,7,0.0,0.0,0.0,8.982863,11.029978,8.37554,0.37990743,0.75204001,-0.53861505,249.825089,"285.154999, 69.791512, 135.758713, 265.102203, ","[["" 129.855"", "" 124.772"", ""  66.503""], ["" 129.852"", "" 126.004"", ""  65.611""], ["" 130.125"", "" 125.874"", ""  64.360""], ["" 129.484"", "" 127.301"", ""  66.356""], ["" 130.366"", "" 127.506"", ""  67.605""], ["" 129.605"", "" 127.249"", ""  68.897""], ["" 130.131"", "" 127.692"", ""  70.123""], ["" 128.373"", "" 126.566"", ""  68.863""], ["" 129.394"", "" 127.441"", ""  71.274""], ["" 127.656"", "" 126.317"", ""  70.041""], ["" 129.699"", "" 127.741"", ""  72.564""], ["" 128.200"", "" 126.776"", ""  71.236""], ["" 128.550"", "" 127.431"", ""  73.306""], ["" 127.721"", "" 126.638"", ""  72.499""], ["" 130.083"", "" 126.942"", ""  63.630""], ["" 130.876"", "" 126.999"", ""  62.623""], ["" 131.818"", "" 126.024"", ""  62.193""], ["" 130.894"", "" 128.123"", ""  61.769""], ["" 131.951"", "" 125.153"", ""  62.687""], ["" 132.407"", "" 126.158"", ""  61.385""], ["" 130.295"", "" 128.920"", ""  61.919""], ["" 131.512"", "" 128.189"", ""  60.974""]]",[],RR29_Rahimova_2017-again1
135,4124,RR2_Rahimova_2017,receptor_tmp,1,10,-9.75,-0.1989795918367347,0.0,0.0,3,186.99,-13.33,-13.08,-0.25,-13.33,0.0,-5.37,3.58,-5.37,59,10,0.0,0.0,0.0,11.606484,7.966116,7.338814,0.93370385,-0.35497598,-0.04678863,188.529617,"357.055878, 168.077057, 21.309063, 3.174775, 307.643372, 145.641937, 324.41095, 158.887238, 357.458588, 84.393211, 1.000283, 58.405346, ","[["" 132.875"", "" 123.361"", ""  60.260""], ["" 132.033"", "" 124.687"", ""  61.069""], ["" 130.521"", "" 126.061"", ""  61.817""], ["" 131.654"", "" 126.359"", ""  62.409""], ["" 130.691"", "" 124.996"", ""  60.949""], ["" 132.621"", "" 125.494"", ""  61.916""], ["" 129.243"", "" 126.791"", ""  62.076""], ["" 126.854"", "" 128.158"", ""  62.578""], ["" 127.692"", "" 127.792"", ""  63.638""], ["" 127.215"", "" 127.831"", ""  61.270""], ["" 128.884"", "" 127.120"", ""  63.386""], ["" 128.404"", "" 127.153"", ""  61.018""], ["" 125.636"", "" 128.827"", ""  62.773""], ["" 124.842"", "" 128.524"", ""  62.228""], ["" 125.401"", "" 130.199"", ""  63.878""], ["" 126.400"", "" 130.037"", ""  64.941""], ["" 123.971"", "" 130.287"", ""  64.197""], ["" 125.878"", "" 131.646"", ""  62.937""], ["" 126.656"", "" 133.870"", ""  61.455""], ["" 125.304"", "" 133.659"", ""  61.739""], ["" 127.617"", "" 132.963"", ""  61.907""], ["" 124.914"", "" 132.549"", ""  62.483""], ["" 127.228"", "" 131.852"", ""  62.650""], ["" 127.078"", "" 135.073"", ""  60.632""], ["" 129.720"", "" 124.345"", ""  60.160""], ["" 129.006"", "" 123.266"", ""  60.682""], ["" 129.474"", "" 124.789"", ""  58.858""], ["" 128.046"", "" 122.631"", ""  59.900""], ["" 128.515"", "" 124.150"", ""  58.079""], ["" 127.792"", "" 123.063"", ""  58.597""], ["" 126.822"", "" 122.370"", ""  57.899""], ["" 125.761"", "" 123.091"", ""  57.281""], ["" 133.079"", "" 122.191"", ""  61.652""], ["" 132.201"", "" 122.480"", ""  62.878""], ["" 132.649"", "" 123.454"", ""  63.696""], ["" 131.156"", "" 121.845"", ""  63.043""], ["" 133.361"", "" 124.120"", ""  63.431""], ["" 131.793"", "" 123.928"", ""  64.685""], ["" 132.003"", "" 125.175"", ""  65.167""], ["" 132.949"", "" 125.894"", ""  64.828""], ["" 130.862"", "" 123.549"", ""  64.585""], ["" 130.979"", "" 125.677"", ""  66.167""], ["" 130.979"", "" 127.028"", ""  66.540""], ["" 130.025"", "" 124.822"", ""  66.738""], ["" 130.045"", "" 127.514"", ""  67.451""], ["" 129.093"", "" 125.310"", ""  67.650""], ["" 129.091"", "" 126.655"", ""  68.013""], ["" 128.126"", "" 127.048"", ""  68.921""], ["" 126.963"", "" 126.244"", ""  69.090""]]",[],RR2_Rahimova_2017
136,4181,RR30_Rahimova_2017,receptor_tmp,1,3,-6.42,-0.33789473684210525,0.0,0.0,4,187.38,-7.91,-7.92,0.01,-7.91,0.0,-0.51,1.49,-0.51,34,6,0.0,0.0,0.0,10.649926,5.719603,3.731435,-0.19185109,0.48614403,-0.85255917,279.208252,"90.140831, 294.359955, 183.285492, 141.91275, 38.932217, ","[["" 130.355"", "" 122.462"", ""  61.297""], ["" 128.917"", "" 122.411"", ""  60.775""], ["" 128.633"", "" 121.624"", ""  59.870""], ["" 128.052"", "" 123.283"", ""  61.339""], ["" 128.410"", "" 123.902"", ""  62.053""], ["" 126.707"", "" 123.426"", ""  61.032""], ["" 125.673"", "" 122.880"", ""  61.631""], ["" 126.280"", "" 124.446"", ""  59.694""], ["" 124.468"", "" 123.249"", ""  61.046""], ["" 124.613"", "" 124.060"", ""  60.024""], ["" 123.450"", "" 124.597"", ""  59.222""], ["" 130.435"", "" 122.302"", ""  63.110""], ["" 131.834"", "" 123.323"", ""  63.442""], ["" 132.875"", "" 123.525"", ""  62.676""], ["" 131.912"", "" 123.989"", ""  64.623""], ["" 133.708"", "" 124.393"", ""  63.378""], ["" 133.101"", "" 124.632"", ""  64.514""], ["" 133.561"", "" 125.518"", ""  65.651""], ["" 134.928"", "" 125.092"", ""  66.205""]]",[],RR30_Rahimova_2017
137,14181,RR31_Rahimova_2017,receptor_tmp,1,10,-6.69,-0.3185714285714286,0.0,0.0,15,192.41,-8.18,-6.28,-1.9,-8.18,0.0,-0.88,1.49,-0.88,31,8,0.0,0.0,0.0,11.064546,9.466633,7.944983,0.79512007,-0.06111759,-0.6033645,166.453751,"71.590599, 316.907318, 24.779446, 176.494675, 275.805389, ","[["" 131.239"", "" 126.291"", ""  62.359""], ["" 130.837"", "" 126.788"", ""  63.678""], ["" 129.723"", "" 126.623"", ""  66.414""], ["" 128.998"", "" 127.234"", ""  65.283""], ["" 131.170"", "" 126.570"", ""  66.123""], ["" 129.394"", "" 126.668"", ""  63.899""], ["" 131.506"", "" 126.011"", ""  64.722""], ["" 129.274"", "" 126.740"", ""  67.731""], ["" 129.664"", "" 127.461"", ""  70.038""], ["" 128.405"", "" 126.967"", ""  70.414""], ["" 130.083"", "" 127.340"", ""  68.708""], ["" 127.594"", "" 126.361"", ""  69.454""], ["" 128.023"", "" 126.245"", ""  68.134""], ["" 130.591"", "" 128.120"", ""  71.052""], ["" 127.902"", "" 127.080"", ""  71.847""], ["" 130.099"", "" 126.343"", ""  61.322""], ["" 129.929"", "" 127.743"", ""  60.712""], ["" 130.900"", "" 128.725"", ""  61.375""], ["" 130.551"", "" 129.670"", ""  61.291""], ["" 131.805"", "" 128.673"", ""  60.931""], ["" 131.006"", "" 128.504"", ""  62.355""]]",[],RR31_Rahimova_2017
138,13830,RR32_Rahimova_2017,receptor_tmp,4,5,-5.72,-0.31777777777777777,0.0,0.0,17,193.75,-6.02,-5.63,-0.39,-6.02,0.0,-0.31,0.3,-0.31,39,2,0.0,0.0,0.0,9.79728,10.839691,15.779182,-0.24131574,0.36464718,-0.89933261,71.615753,"177.080261, ","[["" 125.720"", "" 129.014"", ""  74.924""], ["" 127.043"", "" 128.991"", ""  74.166""], ["" 127.603"", "" 127.751"", ""  73.854""], ["" 128.808"", "" 127.691"", ""  73.160""], ["" 129.482"", "" 128.802"", ""  72.766""], ["" 128.963"", "" 130.026"", ""  73.059""], ["" 129.689"", "" 131.167"", ""  72.638""], ["" 129.207"", "" 132.442"", ""  72.909""], ["" 128.010"", "" 132.613"", ""  73.594""], ["" 127.272"", "" 131.512"", ""  74.022""], ["" 127.728"", "" 130.186"", ""  73.767""], ["" 129.360"", "" 126.460"", ""  72.853""], ["" 129.855"", "" 125.642"", ""  73.975""], ["" 128.598"", "" 125.594"", ""  71.932""], ["" 130.614"", "" 124.373"", ""  73.518""], ["" 129.372"", "" 124.325"", ""  71.505""], ["" 129.750"", "" 123.542"", ""  72.680""], ["" 130.455"", "" 122.331"", ""  72.275""]]",[],RR32_Rahimova_2017
139,4156,RR32_Rahimova_2017-again1,receptor_tmp,3,12,-6.47,-0.3405263157894737,0.0,0.0,18,190.68,-6.77,-5.01,-1.76,-6.77,0.0,-0.3,0.3,-0.3,32,2,0.0,0.0,0.0,6.278075,14.164362,6.134215,0.64868543,-0.75428227,-0.10131865,124.673309,"286.31781, ","[["" 128.539"", "" 132.605"", ""  61.001""], ["" 127.199"", "" 132.269"", ""  61.638""], ["" 127.029"", "" 131.069"", ""  62.329""], ["" 125.797"", "" 130.764"", ""  62.917""], ["" 124.733"", "" 131.607"", ""  62.810""], ["" 124.869"", "" 132.786"", ""  62.145""], ["" 123.747"", "" 133.645"", ""  62.067""], ["" 123.842"", "" 134.863"", ""  61.398""], ["" 125.037"", "" 135.249"", ""  60.799""], ["" 126.158"", "" 134.424"", ""  60.857""], ["" 126.100"", "" 133.174"", ""  61.532""], ["" 125.601"", "" 129.562"", ""  63.606""], ["" 126.351"", "" 128.350"", ""  63.221""], ["" 125.401"", "" 129.506"", ""  65.070""], ["" 127.734"", "" 128.264"", ""  63.909""], ["" 126.728"", "" 129.466"", ""  65.864""], ["" 127.521"", "" 128.214"", ""  65.435""], ["" 128.871"", "" 128.144"", ""  66.174""], ["" 126.971"", "" 127.396"", ""  65.655""]]",[],RR32_Rahimova_2017-again1
140,13869,RR32_Rahimova_2017-again2,receptor_tmp,1,14,-7.4,-0.37,0.0,0.0,20,187.96,-7.7,-4.44,-3.26,-7.7,0.0,0.2,0.3,0.2,20,4,0.0,0.0,0.0,7.420313,8.429039,3.929166,-0.10023489,-0.6313585,0.76898597,70.702446,"171.969742, ","[["" 128.156"", "" 122.489"", ""  59.664""], ["" 127.448"", "" 123.823"", ""  59.863""], ["" 127.949"", "" 124.754"", ""  60.778""], ["" 127.308"", "" 125.983"", ""  60.980""], ["" 126.199"", "" 126.243"", ""  60.257""], ["" 125.635"", "" 125.391"", ""  59.335""], ["" 124.468"", "" 125.762"", ""  58.631""], ["" 123.927"", "" 124.876"", ""  57.703""], ["" 124.525"", "" 123.640"", ""  57.469""], ["" 125.678"", "" 123.261"", ""  58.158""], ["" 126.269"", "" 124.132"", ""  59.116""], ["" 125.752"", "" 127.136"", ""  60.400""], ["" 127.791"", "" 126.983"", ""  61.899""], ["" 129.202"", "" 126.969"", ""  62.368""], ["" 127.333"", "" 128.395"", ""  61.858""], ["" 130.123"", "" 127.708"", ""  61.360""], ["" 128.150"", "" 129.211"", ""  60.820""], ["" 129.648"", "" 129.173"", ""  61.206""], ["" 130.504"", "" 129.925"", ""  60.169""], ["" 129.745"", "" 129.625"", ""  62.106""]]",[],RR32_Rahimova_2017-again2
141,4536,RR33_Rahimova_2017,receptor_tmp,1,3,-5.87,-0.30894736842105264,0.0,0.0,13,185.83,-7.36,-7.17,-0.19,-7.36,0.0,-1.02,1.49,-1.02,36,4,0.0,0.0,0.0,10.510782,6.452003,4.101863,0.30020595,-0.545122,-0.78276331,189.77684,"352.617706, 131.666092, 325.407806, 255.09465, 41.782913, ","[["" 132.776"", "" 124.247"", ""  63.203""], ["" 131.639"", "" 123.659"", ""  63.756""], ["" 130.528"", "" 123.383"", ""  62.964""], ["" 130.539"", "" 123.692"", ""  61.600""], ["" 131.676"", "" 124.286"", ""  61.043""], ["" 132.788"", "" 124.562"", ""  61.835""], ["" 133.830"", "" 124.481"", ""  64.066""], ["" 133.584"", "" 125.131"", ""  65.310""], ["" 134.878"", "" 125.128"", ""  66.130""], ["" 129.346"", "" 123.394"", ""  60.750""], ["" 128.081"", "" 123.587"", ""  61.047""], ["" 129.541"", "" 122.860"", ""  59.516""], ["" 127.405"", "" 123.174"", ""  59.986""], ["" 128.291"", "" 122.717"", ""  59.018""], ["" 128.160"", "" 122.141"", ""  57.629""], ["" 125.894"", "" 123.250"", ""  59.947""], ["" 125.345"", "" 123.247"", ""  61.295""], ["" 124.120"", "" 124.027"", ""  61.352""], ["" 126.020"", "" 123.651"", ""  61.930""]]",[],RR33_Rahimova_2017
142,4174,RR33_Rahimova_2017-again1,receptor_tmp,2,14,-6.42,-0.321,0.0,0.0,20,190.32,-7.91,-5.68,-2.23,-7.91,0.0,-1.09,1.49,-1.09,23,4,0.0,0.0,0.0,9.876559,9.345794,10.726479,0.4346087,0.74121368,-0.51158338,104.982056,"259.008728, 286.568268, 303.997009, 43.471146, 63.589966, ","[["" 129.305"", "" 127.277"", ""  71.639""], ["" 130.396"", "" 127.805"", ""  70.948""], ["" 130.449"", "" 127.750"", ""  69.558""], ["" 129.404"", "" 127.164"", ""  68.836""], ["" 128.309"", "" 126.633"", ""  69.525""], ["" 128.258"", "" 126.688"", ""  70.915""], ["" 129.342"", "" 127.377"", ""  73.017""], ["" 128.508"", "" 128.328"", ""  73.672""], ["" 127.092"", "" 127.753"", ""  73.776""], ["" 129.458"", "" 127.102"", ""  67.343""], ["" 128.619"", "" 127.643"", ""  66.487""], ["" 130.469"", "" 126.416"", ""  66.752""], ["" 129.080"", "" 127.318"", ""  65.288""], ["" 130.230"", "" 126.550"", ""  65.426""], ["" 131.197"", "" 125.883"", ""  64.480""], ["" 128.363"", "" 127.758"", ""  64.026""], ["" 126.913"", "" 128.132"", ""  64.375""], ["" 126.538"", "" 129.568"", ""  63.983""], ["" 126.289"", "" 127.490"", ""  63.908""], ["" 126.784"", "" 128.021"", ""  65.372""]]",[],RR33_Rahimova_2017-again1
143,14117,RR3_Rahimova_2017,receptor_tmp,1,5,-10.22,-0.2555,0.0,0.0,19,185.31,-11.71,-11.64,-0.07,-11.71,0.0,-1.69,1.49,-1.69,60,2,0.0,0.0,0.0,10.028936,9.647256,8.430234,-0.70469221,0.4610505,0.53929706,289.470917,"76.941185, 148.281021, 37.023483, 54.780518, 19.205063, ","[["" 129.588"", "" 126.503"", ""  64.834""], ["" 130.054"", "" 126.101"", ""  66.098""], ["" 130.968"", "" 125.122"", ""  65.805""], ["" 130.984"", "" 124.960"", ""  64.447""], ["" 130.151"", "" 125.789"", ""  63.866""], ["" 131.509"", "" 124.594"", ""  66.474""], ["" 128.609"", "" 127.584"", ""  64.496""], ["" 126.769"", "" 129.617"", ""  63.850""], ["" 127.205"", "" 129.436"", ""  65.169""], ["" 127.265"", "" 128.756"", ""  62.862""], ["" 128.111"", "" 128.429"", ""  65.491""], ["" 128.171"", "" 127.748"", ""  63.181""], ["" 125.798"", "" 130.702"", ""  63.502""], ["" 124.708"", "" 130.447"", ""  62.657""], ["" 125.957"", "" 131.998"", ""  64.014""], ["" 123.803"", "" 131.454"", ""  62.334""], ["" 125.054"", "" 133.008"", ""  63.694""], ["" 123.980"", "" 132.732"", ""  62.854""], ["" 129.722"", "" 126.508"", ""  67.496""], ["" 128.703"", "" 125.855"", ""  68.192""], ["" 130.430"", "" 127.535"", ""  68.123""], ["" 128.382"", "" 126.240"", ""  69.489""], ["" 130.106"", "" 127.917"", ""  69.421""], ["" 129.074"", "" 127.281"", ""  70.125""], ["" 128.713"", "" 127.705"", ""  71.513""], ["" 129.331"", "" 128.814"", ""  72.111""], ["" 127.743"", "" 127.005"", ""  72.247""], ["" 128.992"", "" 129.211"", ""  73.403""], ["" 127.400"", "" 127.400"", ""  73.537""], ["" 128.027"", "" 128.502"", ""  74.111""], ["" 131.821"", "" 123.984"", ""  63.754""], ["" 132.377"", "" 122.848"", ""  64.318""], ["" 132.237"", "" 123.981"", ""  62.371""], ["" 133.095"", "" 122.156"", ""  63.377""], ["" 133.038"", "" 122.813"", ""  62.168""], ["" 132.021"", "" 124.836"", ""  61.275""], ["" 133.607"", "" 122.496"", ""  60.929""], ["" 132.589"", "" 124.521"", ""  60.042""], ["" 133.362"", "" 123.377"", ""  59.877""], ["" 133.577"", "" 121.295"", ""  63.589""]]",[],RR3_Rahimova_2017
144,14187,RR4_Rahimova_2017,receptor_tmp,1,16,-9.88,-0.24097560975609758,0.0,0.0,1,184.47,-12.26,-11.86,-0.41,-12.26,0.0,-1.93,2.39,-1.93,54,3,0.0,0.0,0.0,10.264463,7.327571,8.127138,0.86994611,-0.1747725,-0.4611381,110.346733,"103.440735, 103.774284, 314.495453, 265.955597, 232.947769, 107.157387, 225.279724, 330.499023, ","[["" 128.728"", "" 127.784"", ""  65.270""], ["" 128.584"", "" 127.840"", ""  66.663""], ["" 129.464"", "" 127.146"", ""  67.499""], ["" 130.460"", "" 126.386"", ""  66.976""], ["" 130.602"", "" 126.289"", ""  65.633""], ["" 129.767"", "" 126.987"", ""  64.731""], ["" 129.963"", "" 126.894"", ""  63.281""], ["" 130.117"", "" 126.821"", ""  62.136""], ["" 127.767"", "" 128.574"", ""  64.442""], ["" 125.986"", "" 130.087"", ""  62.881""], ["" 126.560"", "" 130.634"", ""  64.028""], ["" 126.310"", "" 128.773"", ""  62.514""], ["" 127.445"", "" 129.887"", ""  64.801""], ["" 127.196"", "" 128.028"", ""  63.288""], ["" 125.120"", "" 130.902"", ""  62.177""], ["" 123.803"", "" 131.112"", ""  62.676""], ["" 129.358"", "" 127.176"", ""  68.997""], ["" 130.376"", "" 127.736"", ""  69.782""], ["" 128.240"", "" 126.641"", ""  69.657""], ["" 130.280"", "" 127.766"", ""  71.169""], ["" 128.140"", "" 126.669"", ""  71.045""], ["" 129.166"", "" 127.235"", ""  71.816""], ["" 129.156"", "" 127.307"", ""  73.196""], ["" 127.972"", "" 127.732"", ""  73.860""], ["" 131.946"", "" 125.234"", ""  65.134""], ["" 131.249"", "" 123.594"", ""  64.743""], ["" 130.845"", "" 123.407"", ""  63.274""], ["" 129.553"", "" 123.704"", ""  63.000""], ["" 131.671"", "" 123.026"", ""  62.441""], ["" 128.984"", "" 124.005"", ""  63.777""], ["" 128.888"", "" 123.635"", ""  61.774""], ["" 128.873"", "" 122.532"", ""  60.907""], ["" 127.955"", "" 124.957"", ""  61.125""], ["" 129.579"", "" 121.282"", ""  61.175""], ["" 128.095"", "" 122.754"", ""  59.745""], ["" 127.535"", "" 124.041"", ""  59.711""], ["" 130.137"", "" 120.291"", ""  61.387""], ["" 127.900"", "" 121.764"", ""  58.591""], ["" 126.717"", "" 124.621"", ""  58.564""], ["" 127.402"", "" 122.494"", ""  57.324""], ["" 126.260"", "" 123.479"", ""  57.632""]]",[],RR4_Rahimova_2017
145,4175,RR5_Rahimova_2017,receptor_tmp,1,11,-10.5,-0.21875,0.0,0.0,1,187.12,-14.08,-13.39,-0.69,-14.08,0.0,-4.6,3.58,-4.6,66,5,0.0,0.0,0.0,8.197957,12.449475,3.176887,0.94845515,-0.16184758,-0.27246685,72.241333,"96.29287, 117.989868, 213.530853, 191.076614, 116.818924, 355.662994, 169.180191, 259.027405, 70.845619, 358.499847, 245.05986, 149.762817, ","[["" 130.886"", "" 130.444"", ""  60.108""], ["" 130.301"", "" 130.977"", ""  58.752""], ["" 128.832"", "" 131.431"", ""  58.838""], ["" 128.220"", "" 131.714"", ""  57.808""], ["" 128.321"", "" 131.516"", ""  60.086""], ["" 128.929"", "" 131.152"", ""  60.805""], ["" 126.983"", "" 131.904"", ""  60.625""], ["" 126.019"", "" 131.405"", ""  59.496""], ["" 125.017"", "" 132.236"", ""  58.968""], ["" 126.137"", "" 130.100"", ""  58.977""], ["" 124.166"", "" 131.782"", ""  57.963""], ["" 125.281"", "" 129.642"", ""  57.980""], ["" 124.297"", "" 130.486"", ""  57.477""], ["" 126.781"", "" 131.134"", ""  61.973""], ["" 125.790"", "" 130.150"", ""  62.119""], ["" 127.597"", "" 131.428"", ""  63.080""], ["" 125.615"", "" 129.491"", ""  63.334""], ["" 127.417"", "" 130.777"", ""  64.296""], ["" 126.427"", "" 129.809"", ""  64.417""], ["" 127.004"", "" 133.464"", ""  60.761""], ["" 128.219"", "" 134.164"", ""  60.872""], ["" 125.815"", "" 134.215"", ""  60.766""], ["" 128.244"", "" 135.550"", ""  61.001""], ["" 125.836"", "" 135.601"", ""  60.895""], ["" 127.051"", "" 136.263"", ""  61.017""], ["" 129.948"", "" 129.641"", ""  60.918""], ["" 129.421"", "" 128.445"", ""  60.448""], ["" 129.683"", "" 127.896"", ""  59.375""], ["" 129.556"", "" 130.058"", ""  61.750""], ["" 128.550"", "" 127.979"", ""  61.360""], ["" 128.840"", "" 126.823"", ""  62.141""], ["" 130.016"", "" 127.095"", ""  63.106""], ["" 129.632"", "" 127.010"", ""  64.573""], ["" 131.131"", "" 126.070"", ""  63.020""], ["" 128.665"", "" 127.728"", ""  65.282""], ["" 130.392"", "" 126.039"", ""  65.226""], ["" 131.331"", "" 125.453"", ""  64.256""], ["" 131.921"", "" 125.706"", ""  61.928""], ["" 128.461"", "" 127.468"", ""  66.638""], ["" 130.191"", "" 125.777"", ""  66.582""], ["" 132.307"", "" 124.465"", ""  64.403""], ["" 132.900"", "" 124.722"", ""  62.071""], ["" 129.222"", "" 126.494"", ""  67.287""], ["" 133.092"", "" 124.102"", ""  63.307""], ["" 131.445"", "" 131.609"", ""  60.962""], ["" 132.612"", "" 131.945"", ""  60.994""], ["" 130.427"", "" 132.205"", ""  61.649""], ["" 130.031"", "" 131.617"", ""  62.296""]]",[],RR5_Rahimova_2017
146,14152,RR5_Rahimova_2017-again1,receptor_tmp,1,20,-9.56,-0.20340425531914894,0.0,0.0,3,188.83,-12.84,-13.3,0.45,-12.84,0.0,-4.31,3.28,-4.31,63,8,0.0,0.0,0.0,11.426609,12.766917,2.033656,-0.18577495,0.73315252,0.65419802,252.263367,"190.28627, 212.308899, 156.473862, 352.02063, 72.741234, 92.68663, 323.921082, 357.400513, 246.959351, 310.795502, 13.479589, ","[["" 131.625"", "" 130.538"", ""  60.093""], ["" 130.844"", "" 131.815"", ""  60.544""], ["" 129.322"", "" 131.820"", ""  60.295""], ["" 128.899"", "" 132.240"", ""  59.217""], ["" 128.510"", "" 131.479"", ""  61.318""], ["" 128.964"", "" 131.089"", ""  62.131""], ["" 127.027"", "" 131.412"", ""  61.367""], ["" 126.560"", "" 130.885"", ""  62.761""], ["" 127.264"", "" 131.218"", ""  63.932""], ["" 125.412"", "" 130.081"", ""  62.883""], ["" 126.843"", "" 130.760"", ""  65.177""], ["" 124.989"", "" 129.623"", ""  64.128""], ["" 125.706"", "" 129.964"", ""  65.270""], ["" 126.293"", "" 132.785"", ""  61.229""], ["" 126.980"", "" 133.928"", ""  60.783""], ["" 124.927"", "" 132.908"", ""  61.532""], ["" 126.329"", "" 135.153"", ""  60.659""], ["" 124.274"", "" 134.131"", ""  61.410""], ["" 124.978"", "" 135.250"", ""  60.976""], ["" 126.651"", "" 130.393"", ""  60.237""], ["" 127.143"", "" 129.076"", ""  60.236""], ["" 125.757"", "" 130.765"", ""  59.217""], ["" 126.785"", "" 128.177"", ""  59.236""], ["" 125.397"", "" 129.868"", ""  58.216""], ["" 125.917"", "" 128.578"", ""  58.226""], ["" 131.266"", "" 129.412"", ""  60.982""], ["" 130.505"", "" 128.340"", ""  60.531""], ["" 130.032"", "" 128.200"", ""  59.399""], ["" 131.642"", "" 129.397"", ""  61.920""], ["" 130.359"", "" 127.459"", ""  61.539""], ["" 129.557"", "" 127.771"", ""  62.673""], ["" 129.657"", "" 126.645"", ""  63.719""], ["" 131.050"", "" 126.052"", ""  63.840""], ["" 129.405"", "" 127.132"", ""  65.132""], ["" 131.837"", "" 125.419"", ""  62.874""], ["" 131.541"", "" 126.211"", ""  65.137""], ["" 130.512"", "" 126.885"", ""  65.945""], ["" 128.275"", "" 127.755"", ""  65.669""], ["" 133.112"", "" 124.958"", ""  63.207""], ["" 132.815"", "" 125.750"", ""  65.473""], ["" 130.501"", "" 127.262"", ""  67.289""], ["" 128.260"", "" 128.132"", ""  67.013""], ["" 133.601"", "" 125.123"", ""  64.504""], ["" 129.372"", "" 127.886"", ""  67.822""], ["" 133.188"", "" 130.781"", ""  60.053""], ["" 133.591"", "" 131.383"", ""  59.030""], ["" 133.848"", "" 130.389"", ""  61.046""]]",[],RR5_Rahimova_2017-again1
147,14086,RR6_Rahimova_2017,receptor_tmp,1,12,-8.89,-0.22794871794871796,0.0,0.0,12,189.23,-11.58,-11.18,-0.4,-11.58,0.0,-3.18,2.68,-3.18,45,4,0.0,0.0,0.0,6.785004,9.634,3.733828,0.55509727,-0.53402933,0.63771444,35.894016,"222.543747, 33.30888, 326.934418, 135.663284, 242.789505, 86.404648, 201.856659, 42.367222, 29.063427, ","[["" 129.862"", "" 127.152"", ""  61.536""], ["" 129.108"", "" 126.079"", ""  62.804""], ["" 128.699"", "" 127.126"", ""  64.185""], ["" 127.542"", "" 129.060"", ""  64.836""], ["" 127.912"", "" 128.851"", ""  66.169""], ["" 127.942"", "" 128.203"", ""  63.863""], ["" 128.698"", "" 127.747"", ""  66.526""], ["" 129.112"", "" 126.857"", ""  65.505""], ["" 129.959"", "" 125.698"", ""  65.806""], ["" 130.626"", "" 124.783"", ""  66.043""], ["" 126.656"", "" 130.192"", ""  64.405""], ["" 125.007"", "" 132.315"", ""  63.579""], ["" 124.549"", "" 131.001"", ""  63.496""], ["" 126.284"", "" 132.576"", ""  64.072""], ["" 125.366"", "" 129.951"", ""  63.908""], ["" 127.095"", "" 131.523"", ""  64.483""], ["" 124.117"", "" 133.455"", ""  63.120""], ["" 129.041"", "" 127.575"", ""  67.969""], ["" 130.218"", "" 128.129"", ""  68.483""], ["" 128.185"", "" 126.886"", ""  68.834""], ["" 130.538"", "" 127.987"", ""  69.831""], ["" 128.502"", "" 126.742"", ""  70.182""], ["" 129.687"", "" 127.295"", ""  70.691""], ["" 130.083"", "" 127.207"", ""  72.012""], ["" 129.752"", "" 126.041"", ""  72.759""], ["" 128.888"", "" 128.169"", ""  60.931""], ["" 129.016"", "" 129.437"", ""  61.379""], ["" 128.037"", "" 127.776"", ""  60.132""], ["" 129.709"", "" 129.586"", ""  62.097""], ["" 128.243"", "" 130.572"", ""  61.074""], ["" 126.894"", "" 130.542"", ""  60.690""], ["" 128.898"", "" 131.800"", ""  61.180""], ["" 126.212"", "" 131.731"", ""  60.438""], ["" 128.214"", "" 132.987"", ""  60.931""], ["" 126.863"", "" 132.967"", ""  60.561""], ["" 126.156"", "" 134.267"", ""  60.305""], ["" 124.929"", "" 134.395"", ""  60.362""], ["" 127.000"", "" 135.287"", ""  60.003""], ["" 127.486"", "" 136.158"", ""  61.016""]]",[],RR6_Rahimova_2017
148,13827,RR7_Rahimova_2017,receptor_tmp,1,19,-8.27,-0.16877551020408163,0.0,0.0,1,189.75,-11.55,-11.16,-0.39,-11.55,0.0,-2.67,3.28,-2.67,72,6,0.0,0.0,0.0,8.421285,7.654758,6.924693,-0.68246705,-0.6484351,0.33729904,214.825287,"76.45118, 65.160553, 352.118866, 94.004684, 298.488098, 67.452019, 224.302582, 307.463196, 23.279465, 320.221832, 4.67092, ","[["" 128.540"", "" 127.220"", ""  63.651""], ["" 129.899"", "" 126.832"", ""  64.256""], ["" 130.138"", "" 125.322"", ""  64.398""], ["" 129.662"", "" 125.016"", ""  65.807""], ["" 130.098"", "" 126.288"", ""  66.524""], ["" 129.907"", "" 127.317"", ""  65.596""], ["" 131.498"", "" 124.970"", ""  64.208""], ["" 132.042"", "" 125.739"", ""  64.395""], ["" 129.377"", "" 126.579"", ""  67.748""], ["" 129.887"", "" 127.131"", ""  68.913""], ["" 128.016"", "" 126.488"", ""  67.978""], ["" 131.147"", "" 127.473"", ""  69.214""], ["" 128.775"", "" 127.272"", ""  69.782""], ["" 127.622"", "" 126.858"", ""  69.171""], ["" 131.278"", "" 127.971"", ""  70.473""], ["" 129.026"", "" 127.797"", ""  71.064""], ["" 130.304"", "" 128.148"", ""  71.403""], ["" 127.948"", "" 127.946"", ""  71.956""], ["" 127.968"", "" 128.271"", ""  73.271""], ["" 128.996"", "" 128.477"", ""  73.920""], ["" 127.040"", "" 127.783"", ""  71.546""], ["" 126.616"", "" 128.342"", ""  73.948""], ["" 126.338"", "" 129.393"", ""  74.836""], ["" 125.619"", "" 127.383"", ""  73.700""], ["" 125.100"", "" 129.480"", ""  75.465""], ["" 124.380"", "" 127.472"", ""  74.329""], ["" 124.126"", "" 128.520"", ""  75.210""], ["" 128.757"", "" 128.108"", ""  62.549""], ["" 127.657"", "" 128.876"", ""  62.011""], ["" 128.251"", "" 130.211"", ""  61.487""], ["" 127.650"", "" 131.434"", ""  61.825""], ["" 129.383"", "" 130.224"", ""  60.654""], ["" 128.166"", "" 132.636"", ""  61.350""], ["" 129.899"", "" 131.426"", ""  60.179""], ["" 129.288"", "" 132.627"", ""  60.528""], ["" 127.037"", "" 128.013"", ""  60.868""], ["" 126.739"", "" 126.654"", ""  61.045""], ["" 126.816"", "" 128.584"", ""  59.606""], ["" 126.214"", "" 125.899"", ""  60.002""], ["" 126.291"", "" 127.829"", ""  58.561""], ["" 125.983"", "" 126.475"", ""  58.754""], ["" 125.465"", "" 125.646"", ""  57.778""], ["" 124.379"", "" 124.783"", ""  58.105""], ["" 126.689"", "" 129.273"", ""  63.161""], ["" 125.301"", "" 129.281"", ""  62.951""], ["" 127.179"", "" 129.660"", ""  64.419""], ["" 124.427"", "" 129.644"", ""  63.971""], ["" 126.307"", "" 130.023"", ""  65.441""], ["" 124.934"", "" 130.012"", ""  65.214""]]",[],RR7_Rahimova_2017
149,14225,RR8_A_Rahimova_2017,receptor_tmp,1,2,-9.17,-0.21833333333333332,0.0,0.0,5,189.36,-13.34,-12.71,-0.63,-13.34,0.0,-3.61,4.18,-3.61,53,5,0.0,0.0,0.0,8.641355,11.776933,7.889398,0.03937062,0.57803171,0.81506398,183.608963,"37.492779, 94.671021, 72.644081, 98.713203, 1.950166, 313.371277, 285.483032, 285.508362, 308.798859, 45.621895, 81.248764, 306.255249, 152.794098, 45.230347, ","[["" 127.636"", "" 128.533"", ""  65.672""], ["" 128.137"", "" 128.265"", ""  64.260""], ["" 126.852"", "" 128.515"", ""  63.491""], ["" 126.230"", "" 129.712"", ""  64.223""], ["" 126.763"", "" 129.618"", ""  65.541""], ["" 128.732"", "" 128.847"", ""  66.487""], ["" 129.606"", "" 127.838"", ""  66.791""], ["" 130.397"", "" 127.334"", ""  65.986""], ["" 129.495"", "" 127.387"", ""  68.218""], ["" 128.639"", "" 126.343"", ""  68.603""], ["" 130.262"", "" 128.026"", ""  69.201""], ["" 128.559"", "" 125.949"", ""  69.936""], ["" 130.180"", "" 127.631"", ""  70.533""], ["" 129.328"", "" 126.587"", ""  70.917""], ["" 129.242"", "" 126.166"", ""  72.337""], ["" 129.375"", "" 127.015"", ""  73.212""], ["" 129.041"", "" 124.980"", ""  72.587""], ["" 128.590"", "" 126.929"", ""  64.057""], ["" 129.644"", "" 126.772"", ""  63.113""], ["" 130.565"", "" 125.642"", ""  63.548""], ["" 130.030"", "" 124.428"", ""  63.990""], ["" 131.952"", "" 125.813"", ""  63.486""], ["" 130.877"", "" 123.393"", ""  64.377""], ["" 132.799"", "" 124.777"", ""  63.874""], ["" 132.257"", "" 123.573"", ""  64.318""], ["" 127.215"", "" 128.810"", ""  62.143""], ["" 126.427"", "" 129.801"", ""  61.495""], ["" 127.313"", "" 130.679"", ""  60.622""], ["" 126.824"", "" 131.166"", ""  59.406""], ["" 128.620"", "" 130.983"", ""  61.020""], ["" 127.632"", "" 131.962"", ""  58.598""], ["" 129.427"", "" 131.780"", ""  60.212""], ["" 128.929"", "" 132.267"", ""  59.006""], ["" 124.694"", "" 129.706"", ""  64.314""], ["" 124.213"", "" 131.013"", ""  64.033""], ["" 125.154"", "" 132.045"", ""  64.299""], ["" 125.383"", "" 132.871"", ""  63.041""], ["" 126.664"", "" 133.342"", ""  62.741""], ["" 124.318"", "" 133.145"", ""  62.177""], ["" 126.878"", "" 134.093"", ""  61.587""], ["" 124.531"", "" 133.897"", ""  61.024""], ["" 125.810"", "" 134.367"", ""  60.735""]]",[],RR8_A_Rahimova_2017
150,14114,RR8_B_Rahimova_2017,receptor_tmp,1,16,-9.47,-0.2254761904761905,0.0,0.0,1,186.07,-13.64,-13.3,-0.35,-13.64,0.0,-3.46,4.18,-3.46,79,7,0.0,0.0,0.0,11.200291,8.835026,3.214975,-0.80248854,-0.59325649,0.0637093,337.820984,"158.064514, 126.017914, 113.151329, 15.985735, 347.703522, 288.801727, 289.455048, 282.310333, 243.521774, 127.086151, 209.965302, 329.468597, 74.667023, 114.81308, ","[["" 128.630"", "" 124.872"", ""  62.731""], ["" 128.626"", "" 123.695"", ""  61.757""], ["" 130.097"", "" 123.302"", ""  61.839""], ["" 130.446"", "" 123.523"", ""  63.315""], ["" 129.477"", "" 124.468"", ""  63.770""], ["" 129.112"", "" 126.020"", ""  62.078""], ["" 129.446"", "" 127.105"", ""  62.841""], ["" 130.600"", "" 127.512"", ""  63.008""], ["" 128.244"", "" 127.780"", ""  63.435""], ["" 128.189"", "" 128.136"", ""  64.791""], ["" 127.141"", "" 128.060"", ""  62.620""], ["" 127.059"", "" 128.753"", ""  65.315""], ["" 126.008"", "" 128.671"", ""  63.147""], ["" 125.951"", "" 129.021"", ""  64.502""], ["" 124.735"", "" 129.655"", ""  65.070""], ["" 124.481"", "" 129.481"", ""  66.258""], ["" 124.028"", "" 130.337"", ""  64.331""], ["" 128.282"", "" 124.056"", ""  60.421""], ["" 127.488"", "" 123.114"", ""  59.716""], ["" 126.064"", "" 123.638"", ""  59.661""], ["" 125.587"", "" 124.264"", ""  58.506""], ["" 125.237"", "" 123.507"", ""  60.781""], ["" 124.285"", "" 124.758"", ""  58.473""], ["" 123.937"", "" 124.002"", ""  60.748""], ["" 123.467"", "" 124.626"", ""  59.593""], ["" 130.341"", "" 121.939"", ""  61.481""], ["" 131.597"", "" 121.379"", ""  61.871""], ["" 132.779"", "" 122.184"", ""  61.337""], ["" 134.049"", "" 122.020"", ""  61.898""], ["" 132.592"", "" 123.067"", ""  60.270""], ["" 135.131"", "" 122.732"", ""  61.387""], ["" 133.675"", "" 123.782"", ""  59.762""], ["" 134.939"", "" 123.609"", ""  60.322""], ["" 131.860"", "" 124.067"", ""  63.587""], ["" 131.953"", "" 124.469"", ""  64.948""], ["" 131.891"", "" 125.871"", ""  65.163""], ["" 130.881"", "" 126.165"", ""  66.262""], ["" 130.923"", "" 127.391"", ""  66.933""], ["" 129.925"", "" 125.208"", ""  66.614""], ["" 130.017"", "" 127.658"", ""  67.956""], ["" 129.017"", "" 125.476"", ""  67.635""], ["" 129.069"", "" 126.696"", ""  68.304""]]",[],RR8_B_Rahimova_2017
151,14062,RR9_Rahimova_2017,receptor_tmp,1,17,-8.76,-0.2305263157894737,0.0,0.0,6,187.3,-11.14,-10.54,-0.6,-11.14,0.0,-1.91,2.39,-1.91,39,4,0.0,0.0,0.0,9.217624,10.930663,9.181211,0.41068766,0.59782443,-0.68843416,187.648376,"276.980225, 284.589386, 160.846115, 164.061554, 327.090759, 109.336761, 315.483917, 110.097641, ","[["" 129.323"", "" 126.224"", ""  63.907""], ["" 130.206"", "" 125.253"", ""  63.984""], ["" 130.495"", "" 125.059"", ""  65.280""], ["" 129.806"", "" 125.937"", ""  66.083""], ["" 129.040"", "" 126.756"", ""  65.219""], ["" 128.266"", "" 127.786"", ""  65.808""], ["" 128.303"", "" 127.869"", ""  67.211""], ["" 129.094"", "" 126.996"", ""  67.975""], ["" 129.856"", "" 126.016"", ""  67.412""], ["" 131.149"", "" 124.342"", ""  65.560""], ["" 128.747"", "" 126.606"", ""  62.584""], ["" 127.644"", "" 127.319"", ""  60.122""], ["" 128.144"", "" 128.306"", ""  60.973""], ["" 127.692"", "" 125.977"", ""  60.501""], ["" 128.696"", "" 127.950"", ""  62.201""], ["" 128.246"", "" 125.623"", ""  61.728""], ["" 127.026"", "" 127.709"", ""  58.791""], ["" 127.478"", "" 128.814"", ""  65.041""], ["" 126.144"", "" 128.628"", ""  65.013""], ["" 128.050"", "" 129.764"", ""  64.506""], ["" 125.774"", "" 127.775"", ""  65.406""], ["" 125.159"", "" 129.555"", ""  64.447""], ["" 125.279"", "" 129.704"", ""  62.912""], ["" 124.889"", "" 131.076"", ""  62.373""], ["" 124.873"", "" 131.310"", ""  60.994""], ["" 124.523"", "" 132.092"", ""  63.260""], ["" 124.484"", "" 132.553"", ""  60.504""], ["" 124.134"", "" 133.337"", ""  62.769""], ["" 124.116"", "" 133.560"", ""  61.393""], ["" 129.149"", "" 127.089"", ""  69.471""], ["" 130.196"", "" 127.759"", ""  70.120""], ["" 128.146"", "" 126.511"", ""  70.261""], ["" 130.240"", "" 127.846"", ""  71.508""], ["" 128.188"", "" 126.595"", ""  71.651""], ["" 129.240"", "" 127.267"", ""  72.287""], ["" 129.365"", "" 127.406"", ""  73.656""], ["" 128.224"", "" 127.766"", ""  74.430""], ["" 127.853"", "" 129.218"", ""  74.114""]]",[],RR9_Rahimova_2017
