,Pose_ID,LigName,receptor,pose_rank,run_number,docking_score,leff,deltas,cluster_rmsd,cluster_size,reference_rmsd,energies_inter,energies_vdw,energies_electro,energies_flexLig,energies_flexLR,energies_intra,energies_torsional,unbound_energy,nr_interactions,num_hb,about_x,about_y,about_z,trans_x,trans_y,trans_z,axisangle_x,axisangle_y,axisangle_z,axisangle_w,dihedrals,ligand_coordinates,flexible_res_coordinates,LigName:1
0,9692,1a_Ghoteimi_2023,4h2i_c_3_mae_prepped,1,7,-6.8,-0.16585365853658537,0.0,0.0,1,187.56,-10.09,-9.93,-0.15,-10.09,0.0,-1.42,3.28,-1.42,71,8,0.0,0.0,0.0,8.916358,12.79222,8.990431,0.28304638,-0.90582415,-0.31522588,98.741226,"330.957794, 164.647446, 158.822617, 168.455002, 146.599457, 42.838264, 320.254669, 305.409241, 72.030418, 193.373505, 310.393036, ","[["" 128.839"", "" 127.854"", ""  67.995""], ["" 129.388"", "" 128.430"", ""  69.087""], ["" 128.428"", "" 126.696"", ""  67.927""], ["" 129.630"", "" 129.406"", ""  69.000""], ["" 128.730"", "" 128.752"", ""  66.763""], ["" 127.110"", "" 128.595"", ""  65.957""], ["" 127.437"", "" 128.421"", ""  64.217""], ["" 126.990"", "" 128.769"", ""  61.862""], ["" 126.618"", "" 128.978"", ""  63.212""], ["" 128.142"", "" 128.017"", ""  61.596""], ["" 125.414"", "" 129.743"", ""  63.552""], ["" 128.921"", "" 127.509"", ""  62.643""], ["" 124.464"", "" 130.347"", ""  63.819""], ["" 128.560"", "" 127.718"", ""  63.937""], ["" 126.226"", "" 129.305"", ""  60.695""], ["" 124.755"", "" 130.315"", ""  58.522""], ["" 125.226"", "" 129.002"", ""  58.509""], ["" 125.021"", "" 131.124"", ""  59.638""], ["" 125.952"", "" 128.499"", ""  59.585""], ["" 125.748"", "" 130.619"", ""  60.713""], ["" 124.045"", "" 130.726"", ""  57.412""], ["" 123.046"", "" 131.729"", ""  57.558""], ["" 130.166"", "" 126.703"", ""  62.415""], ["" 130.719"", "" 126.561"", ""  61.131""], ["" 130.816"", "" 126.059"", ""  63.479""], ["" 131.874"", "" 125.814"", ""  60.922""], ["" 131.971"", "" 125.311"", ""  63.274""], ["" 132.512"", "" 125.183"", ""  61.987""], ["" 133.654"", "" 124.464"", ""  61.688""], ["" 133.858"", "" 124.009"", ""  60.355""], ["" 129.641"", "" 127.888"", ""  70.361""], ["" 128.763"", "" 127.052"", ""  71.068""], ["" 130.873"", "" 128.218"", ""  70.926""], ["" 129.118"", "" 126.567"", ""  72.324""], ["" 131.227"", "" 127.732"", ""  72.183""], ["" 130.354"", "" 126.901"", ""  72.897""], ["" 130.768"", "" 126.391"", ""  74.247""], ["" 130.189"", "" 125.469"", ""  74.831""], ["" 131.837"", "" 127.049"", ""  74.763""], ["" 133.113"", "" 126.426"", ""  74.848""], ["" 134.154"", "" 127.304"", ""  74.147""]]",[],1a_Ghoteimi_2023
1,251,1a_Grossjean_2025,4h2i_c_3_mae_prepped,1,6,-7.28,-0.26962962962962966,0.0,0.0,4,191.84,-9.37,-8.93,-0.44,-9.37,0.0,-0.67,2.09,-0.67,48,8,0.0,0.0,0.0,9.454778,11.308773,10.22329,0.64344656,-0.45292578,0.61711811,256.652008,"240.947937, 336.94397, 215.222748, 115.38253, 17.605631, 312.610168, 119.510864, ","[["" 128.884"", "" 127.479"", ""  68.900""], ["" 129.928"", "" 128.224"", ""  69.449""], ["" 130.204"", "" 128.156"", ""  70.811""], ["" 129.441"", "" 127.337"", ""  71.653""], ["" 128.397"", "" 126.582"", ""  71.097""], ["" 128.120"", "" 126.649"", ""  69.734""], ["" 128.692"", "" 127.626"", ""  67.512""], ["" 128.415"", "" 128.731"", ""  66.787""], ["" 128.275"", "" 129.867"", ""  67.240""], ["" 128.812"", "" 126.772"", ""  66.990""], ["" 128.269"", "" 128.506"", ""  65.281""], ["" 126.594"", "" 128.891"", ""  64.689""], ["" 126.741"", "" 130.182"", ""  63.474""], ["" 125.896"", "" 131.791"", ""  61.872""], ["" 125.635"", "" 130.768"", ""  62.813""], ["" 127.219"", "" 132.169"", ""  61.621""], ["" 124.260"", "" 130.322"", ""  63.056""], ["" 128.248"", "" 131.521"", ""  62.302""], ["" 123.174"", "" 129.972"", ""  63.246""], ["" 128.022"", "" 130.542"", ""  63.209""], ["" 124.785"", "" 132.504"", ""  61.103""], ["" 129.704"", "" 131.879"", ""  62.067""], ["" 129.764"", "" 127.290"", ""  73.119""], ["" 128.975"", "" 127.648"", ""  73.999""], ["" 131.004"", "" 126.800"", ""  73.381""], ["" 131.872"", "" 127.454"", ""  74.298""], ["" 133.307"", "" 126.965"", ""  74.079""]]",[],1a_Grossjean_2025
2,9874,1aa_Ghoteimi_2023,4h2i_c_3_mae_prepped,1,9,-6.98,-0.1702439024390244,0.0,0.0,4,183.14,-10.26,-9.97,-0.29,-10.26,0.0,-2.74,3.28,-2.74,56,8,0.0,0.0,0.0,9.593297,10.762599,0.234007,0.13868243,0.26795643,0.95339736,267.290833,"332.990814, 247.212677, 138.815201, 160.024521, 77.20369, 172.898026, 299.495789, 8.789332, 28.27136, 118.222305, 325.835022, ","[["" 126.961"", "" 125.861"", ""  58.416""], ["" 128.157"", "" 125.434"", ""  58.883""], ["" 125.893"", "" 125.269"", ""  58.572""], ["" 128.943"", "" 126.037"", ""  58.685""], ["" 126.941"", "" 127.186"", ""  57.638""], ["" 127.402"", "" 128.262"", ""  58.465""], ["" 127.625"", "" 128.059"", ""  59.820""], ["" 126.939"", "" 128.297"", ""  62.135""], ["" 126.684"", "" 128.513"", ""  60.760""], ["" 128.114"", "" 127.622"", ""  62.490""], ["" 125.463"", "" 129.170"", ""  60.291""], ["" 129.012"", "" 127.184"", ""  61.509""], ["" 128.765"", "" 127.414"", ""  60.193""], ["" 124.498"", "" 129.689"", ""  59.918""], ["" 126.027"", "" 128.747"", ""  63.229""], ["" 124.287"", "" 129.576"", ""  65.276""], ["" 123.895"", "" 129.652"", ""  63.940""], ["" 125.560"", "" 129.075"", ""  65.585""], ["" 124.754"", "" 129.239"", ""  62.925""], ["" 126.418"", "" 128.664"", ""  64.569""], ["" 123.369"", "" 130.007"", ""  66.214""], ["" 123.414"", "" 129.465"", ""  67.529""], ["" 130.291"", "" 126.470"", ""  61.837""], ["" 131.175"", "" 126.071"", ""  60.824""], ["" 130.646"", "" 126.184"", ""  63.166""], ["" 132.361"", "" 125.407"", ""  61.125""], ["" 131.830"", "" 125.520"", ""  63.470""], ["" 132.701"", "" 125.122"", ""  62.446""], ["" 133.896"", "" 124.460"", ""  62.649""], ["" 134.259"", "" 123.398"", ""  61.773""], ["" 128.491"", "" 124.279"", ""  59.614""], ["" 127.656"", "" 123.645"", ""  60.546""], ["" 129.757"", "" 123.751"", ""  59.359""], ["" 128.094"", "" 122.502"", ""  61.211""], ["" 130.193"", "" 122.609"", ""  60.024""], ["" 129.367"", "" 121.970"", ""  60.959""], ["" 129.868"", "" 120.740"", ""  61.660""], ["" 130.017"", "" 120.672"", ""  62.884""], ["" 130.139"", "" 119.713"", ""  60.816""], ["" 130.034"", "" 118.361"", ""  61.246""], ["" 130.617"", "" 117.437"", ""  60.173""]]",[],1aa_Ghoteimi_2023
3,9935,1b_Ghoteimi_2023,4h2i_c_3_mae_prepped,1,14,-7.37,-0.21057142857142858,0.0,0.0,5,187.07,-9.76,-9.33,-0.43,-9.76,0.0,-2.51,2.39,-2.51,29,6,0.0,0.0,0.0,10.29422,11.499115,2.69061,0.22649197,-0.79366399,-0.56462275,260.924805,"174.070374, 69.703461, 120.870064, 131.599304, 194.51738, 284.881927, 348.524017, 179.890106, ","[["" 129.841"", "" 126.849"", ""  60.737""], ["" 129.692"", "" 127.381"", ""  59.433""], ["" 130.553"", "" 126.923"", ""  58.338""], ["" 131.233"", "" 126.561"", ""  57.475""], ["" 128.654"", "" 128.314"", ""  59.213""], ["" 127.783"", "" 128.672"", ""  60.187""], ["" 127.916"", "" 128.160"", ""  61.438""], ["" 128.936"", "" 127.248"", ""  61.728""], ["" 130.908"", "" 125.875"", ""  61.119""], ["" 132.897"", "" 124.025"", ""  61.841""], ["" 132.092"", "" 123.799"", ""  60.724""], ["" 132.697"", "" 125.186"", ""  62.603""], ["" 131.105"", "" 124.714"", ""  60.367""], ["" 131.709"", "" 126.098"", ""  62.244""], ["" 133.850"", "" 123.064"", ""  62.119""], ["" 133.872"", "" 121.866"", ""  61.351""], ["" 128.322"", "" 129.091"", ""  57.645""], ["" 128.297"", "" 130.896"", ""  57.907""], ["" 129.573"", "" 131.481"", ""  58.529""], ["" 129.934"", "" 130.921"", ""  59.705""], ["" 130.191"", "" 132.387"", ""  57.965""], ["" 129.340"", "" 130.192"", ""  60.072""], ["" 131.035"", "" 131.247"", ""  60.489""], ["" 130.996"", "" 131.707"", ""  61.730""], ["" 132.350"", "" 131.127"", ""  60.043""], ["" 132.319"", "" 131.899"", ""  62.129""], ["" 133.126"", "" 131.544"", ""  61.101""], ["" 126.915"", "" 128.620"", ""  62.461""], ["" 125.698"", "" 129.200"", ""  62.071""], ["" 127.159"", "" 128.477"", ""  63.836""], ["" 124.769"", "" 129.625"", ""  63.015""], ["" 126.231"", "" 128.899"", ""  64.784""], ["" 125.022"", "" 129.480"", ""  64.378""], ["" 124.041"", "" 129.929"", ""  65.241""], ["" 124.116"", "" 129.577"", ""  66.618""]]",[],1b_Ghoteimi_2023
4,9689,1b_Grossjean_2025,4h2i_c_3_mae_prepped,1,13,-7.12,-0.27384615384615385,0.0,0.0,2,191.08,-8.91,-8.16,-0.75,-8.91,0.0,-0.57,1.79,-0.57,48,9,0.0,0.0,0.0,8.685741,9.581344,9.851913,-0.96901081,-0.20678215,0.13512655,102.876579,"117.64048, 266.024475, 16.158676, 310.602539, 222.391251, 121.193268, ","[["" 128.376"", "" 128.757"", ""  66.815""], ["" 128.675"", "" 127.654"", ""  67.535""], ["" 128.247"", "" 129.894"", ""  67.268""], ["" 128.739"", "" 126.791"", ""  67.015""], ["" 128.204"", "" 128.531"", ""  65.312""], ["" 126.519"", "" 128.919"", ""  64.749""], ["" 126.659"", "" 130.134"", ""  63.455""], ["" 125.809"", "" 131.610"", ""  61.735""], ["" 125.553"", "" 130.646"", ""  62.736""], ["" 127.124"", "" 132.023"", ""  61.502""], ["" 124.179"", "" 130.231"", ""  63.027""], ["" 128.150"", "" 131.481"", ""  62.273""], ["" 123.092"", "" 129.905"", ""  63.254""], ["" 127.929"", "" 130.557"", ""  63.237""], ["" 124.699"", "" 132.231"", ""  60.888""], ["" 129.597"", "" 131.895"", ""  62.076""], ["" 128.901"", "" 127.506"", ""  68.917""], ["" 129.957"", "" 128.253"", ""  69.439""], ["" 128.152"", "" 126.684"", ""  69.772""], ["" 130.269"", "" 128.185"", ""  70.793""], ["" 128.465"", "" 126.616"", ""  71.126""], ["" 129.524"", "" 127.365"", ""  71.655""], ["" 129.832"", "" 127.268"", ""  73.123""], ["" 130.090"", "" 128.249"", ""  73.827""], ["" 129.804"", "" 125.995"", ""  73.594""], ["" 130.874"", "" 125.482"", ""  74.376""]]",[],1b_Grossjean_2025
5,63,1c_Ghoteimi_2023,4h2i_c_3_mae_prepped,1,8,-7.22,-0.20628571428571427,0.0,0.0,9,190.62,-9.61,-9.08,-0.53,-9.61,0.0,-2.84,2.39,-2.84,37,5,0.0,0.0,0.0,9.090975,8.835402,3.544828,-0.15107671,-0.84407381,-0.51450483,299.201019,"316.334869, 282.404297, 250.456024, 350.314178, 331.490997, 133.008652, 322.478119, 56.724827, ","[["" 129.473"", "" 125.481"", ""  61.304""], ["" 130.287"", "" 126.319"", ""  60.506""], ["" 131.365"", "" 125.763"", ""  59.680""], ["" 132.215"", "" 125.323"", ""  59.029""], ["" 130.022"", "" 127.704"", ""  60.517""], ["" 129.042"", "" 128.254"", ""  61.274""], ["" 128.283"", "" 127.459"", ""  62.073""], ["" 128.481"", "" 126.074"", ""  62.095""], ["" 129.583"", "" 123.993"", ""  61.326""], ["" 129.792"", "" 121.193"", ""  61.416""], ["" 128.541"", "" 121.807"", ""  61.370""], ["" 130.946"", "" 121.991"", ""  61.422""], ["" 128.436"", "" 123.194"", ""  61.327""], ["" 130.839"", "" 123.379"", ""  61.379""], ["" 129.800"", "" 119.811"", ""  61.456""], ["" 130.722"", "" 119.098"", ""  60.639""], ["" 130.852"", "" 128.851"", ""  59.439""], ["" 131.560"", "" 130.109"", ""  60.552""], ["" 130.529"", "" 131.168"", ""  60.958""], ["" 129.668"", "" 130.792"", ""  61.929""], ["" 130.510"", "" 132.253"", ""  60.374""], ["" 129.796"", "" 129.876"", ""  62.333""], ["" 128.557"", "" 131.493"", ""  62.368""], ["" 128.341"", "" 132.000"", ""  63.563""], ["" 127.305"", "" 131.795"", ""  61.206""], ["" 127.190"", "" 132.641"", ""  63.615""], ["" 126.444"", "" 132.665"", ""  62.441""], ["" 127.216"", "" 128.139"", ""  62.880""], ["" 126.017"", "" 128.569"", ""  62.290""], ["" 127.388"", "" 128.369"", ""  64.253""], ["" 125.028"", "" 129.195"", ""  63.043""], ["" 126.401"", "" 128.993"", ""  65.010""], ["" 125.207"", "" 129.412"", ""  64.407""], ["" 124.172"", "" 130.038"", ""  65.076""], ["" 123.849"", "" 129.624"", ""  66.399""]]",[],1c_Ghoteimi_2023
6,9900,1c_Grossjean_2025,4h2i_c_3_mae_prepped,1,20,-7.14,-0.2975,0.0,0.0,1,190.71,-8.63,-8.23,-0.4,-8.63,0.0,-0.58,1.49,-0.58,48,4,0.0,0.0,0.0,10.658848,3.744723,16.924812,-0.51714924,-0.11946904,0.84751626,256.189575,"201.828445, 115.382713, 348.986145, 52.997334, 91.450607, ","[["" 129.185"", "" 122.203"", ""  72.991""], ["" 128.729"", "" 120.935"", ""  73.076""], ["" 128.513"", "" 123.184"", ""  72.673""], ["" 129.383"", "" 120.248"", ""  73.420""], ["" 130.664"", "" 122.392"", ""  73.334""], ["" 130.888"", "" 123.322"", ""  74.879""], ["" 131.404"", "" 124.977"", ""  74.469""], ["" 132.975"", "" 126.814"", ""  74.303""], ["" 132.710"", "" 125.478"", ""  74.682""], ["" 131.954"", "" 127.576"", ""  73.725""], ["" 133.782"", "" 124.647"", ""  75.239""], ["" 130.704"", "" 126.994"", ""  73.528""], ["" 134.628"", "" 123.993"", ""  75.678""], ["" 130.428"", "" 125.718"", ""  73.885""], ["" 134.342"", "" 127.469"", ""  74.493""], ["" 129.561"", "" 127.762"", ""  72.891""], ["" 127.440"", "" 120.429"", ""  72.817""], ["" 127.092"", "" 119.673"", ""  71.688""], ["" 126.474"", "" 120.696"", ""  73.789""], ["" 125.787"", "" 119.212"", ""  71.535""], ["" 125.171"", "" 120.232"", ""  73.633""], ["" 124.816"", "" 119.486"", ""  72.498""], ["" 123.551"", "" 118.986"", ""  72.257""], ["" 122.436"", "" 119.871"", ""  72.298""]]",[],1c_Grossjean_2025
7,89,1d_Ghoteimi_2023,4h2i_c_3_mae_prepped,1,14,-6.43,-0.21433333333333332,0.0,0.0,16,190.15,-8.81,-8.33,-0.49,-8.81,0.0,-1.12,2.39,-1.12,31,6,0.0,0.0,0.0,9.692867,10.283413,4.451298,-0.71947171,-0.28990475,0.63112256,126.143448,"173.392426, 108.846458, 174.538773, 213.419418, 239.11586, 187.941925, 87.6287, 92.502197, ","[["" 129.763"", "" 130.079"", ""  59.627""], ["" 129.203"", "" 128.750"", ""  60.670""], ["" 129.191"", "" 126.476"", ""  61.514""], ["" 129.745"", "" 127.445"", ""  60.641""], ["" 128.168"", "" 126.872"", ""  62.385""], ["" 130.887"", "" 127.113"", ""  59.783""], ["" 127.705"", "" 128.193"", ""  62.389""], ["" 131.788"", "" 126.851"", ""  59.106""], ["" 128.223"", "" 129.109"", ""  61.532""], ["" 129.643"", "" 125.052"", ""  61.568""], ["" 130.475"", "" 122.368"", ""  61.661""], ["" 129.124"", "" 122.686"", ""  61.528""], ["" 131.416"", "" 123.406"", ""  61.737""], ["" 128.710"", "" 124.015"", ""  61.479""], ["" 131.000"", "" 124.734"", ""  61.687""], ["" 130.792"", "" 121.024"", ""  61.707""], ["" 129.743"", "" 120.063"", ""  61.743""], ["" 126.618"", "" 128.670"", ""  63.308""], ["" 126.710"", "" 128.495"", ""  64.698""], ["" 125.471"", "" 129.301"", ""  62.804""], ["" 125.698"", "" 128.933"", ""  65.547""], ["" 124.456"", "" 129.739"", ""  63.650""], ["" 124.563"", "" 129.557"", ""  65.036""], ["" 123.609"", "" 129.956"", ""  65.953""], ["" 123.782"", "" 129.617"", ""  67.325""], ["" 131.501"", "" 130.394"", ""  60.054""], ["" 131.521"", "" 131.475"", ""  61.132""], ["" 130.484"", "" 131.857"", ""  61.677""], ["" 132.768"", "" 131.921"", ""  61.388""], ["" 133.858"", "" 131.523"", ""  60.571""]]",[],1d_Ghoteimi_2023
8,10302,1d_Grossjean_2025,4h2i_c_3_mae_prepped,1,17,-7.48,-0.34,0.0,0.0,1,189.94,-8.67,-8.32,-0.35,-8.67,0.0,-0.55,1.19,-0.55,48,3,0.0,0.0,0.0,13.221953,5.555157,16.483861,-0.7348813,0.67776298,0.02422427,211.562546,"318.331329, 116.989456, 345.12146, 112.359352, ","[["" 130.819"", "" 123.471"", ""  74.966""], ["" 131.379"", "" 125.101"", ""  74.524""], ["" 133.018"", "" 126.870"", ""  74.297""], ["" 132.711"", "" 125.548"", ""  74.693""], ["" 132.003"", "" 127.681"", ""  73.777""], ["" 133.746"", "" 124.697"", ""  75.284""], ["" 130.713"", "" 127.167"", ""  73.669""], ["" 134.566"", "" 124.027"", ""  75.752""], ["" 130.398"", "" 125.903"", ""  74.038""], ["" 134.420"", "" 127.462"", ""  74.421""], ["" 129.569"", "" 127.999"", ""  73.124""], ["" 130.717"", "" 122.499"", ""  73.433""], ["" 129.271"", "" 122.283"", ""  72.982""], ["" 128.848"", "" 121.001"", ""  72.991""], ["" 128.602"", "" 123.253"", ""  72.627""], ["" 129.531"", "" 120.309"", ""  73.264""], ["" 127.590"", "" 120.463"", ""  72.659""], ["" 126.564"", "" 120.711"", ""  73.575""], ["" 127.314"", "" 119.736"", ""  71.489""], ["" 125.280"", "" 120.229"", ""  73.340""], ["" 126.028"", "" 119.256"", ""  71.255""], ["" 125.017"", "" 119.503"", ""  72.181""]]",[],1d_Grossjean_2025
9,9793,1e_Grossjean_2025,4h2i_c_3_mae_prepped,1,4,-7.53,-0.3273913043478261,0.0,0.0,15,187.8,-8.72,-8.43,-0.29,-8.72,0.0,-0.86,1.19,-0.86,51,8,0.0,0.0,0.0,5.440806,13.377753,3.185047,0.57665492,0.66521937,0.47429137,232.473755,"165.934906, 247.640686, 70.570045, 323.058533, ","[["" 123.312"", "" 130.659"", ""  60.490""], ["" 123.766"", "" 132.149"", ""  59.552""], ["" 125.253"", "" 132.835"", ""  60.255""], ["" 126.755"", "" 134.615"", ""  60.920""], ["" 125.533"", "" 134.220"", ""  60.330""], ["" 127.623"", "" 133.638"", ""  61.418""], ["" 124.588"", "" 135.234"", ""  59.857""], ["" 127.255"", "" 132.297"", ""  61.327""], ["" 123.842"", "" 136.037"", ""  59.484""], ["" 126.092"", "" 131.896"", ""  60.763""], ["" 127.173"", "" 136.079"", ""  61.050""], ["" 128.144"", "" 131.192"", ""  61.865""], ["" 123.746"", "" 130.750"", ""  61.955""], ["" 124.175"", "" 129.598"", ""  62.513""], ["" 123.662"", "" 131.831"", ""  62.540""], ["" 124.129"", "" 128.770"", ""  61.937""], ["" 124.619"", "" 129.375"", ""  63.829""], ["" 123.825"", "" 129.626"", ""  64.911""], ["" 125.929"", "" 128.904"", ""  63.974""], ["" 124.325"", "" 129.399"", ""  66.152""], ["" 126.429"", "" 128.674"", ""  65.257""], ["" 125.622"", "" 128.924"", ""  66.368""], ["" 123.387"", "" 129.697"", ""  67.306""]]",[],1e_Grossjean_2025
10,9828,1f_Grossjean_2025,4h2i_c_3_mae_prepped,1,17,-7.17,-0.3259090909090909,0.0,0.0,1,191.64,-8.36,-8.0,-0.36,-8.36,0.0,-0.54,1.19,-0.54,49,5,0.0,0.0,0.0,12.021303,5.385239,16.061324,0.0709173,-0.37850036,-0.92288039,111.6008,"208.561768, 101.220856, 78.051331, 116.418221, ","[["" 130.834"", "" 123.501"", ""  75.009""], ["" 131.392"", "" 125.134"", ""  74.564""], ["" 133.017"", "" 126.914"", ""  74.325""], ["" 132.722"", "" 125.590"", ""  74.724""], ["" 132.003"", "" 127.706"", ""  73.777""], ["" 133.783"", "" 124.727"", ""  75.248""], ["" 130.728"", "" 127.166"", ""  73.630""], ["" 134.623"", "" 124.047"", ""  75.662""], ["" 130.422"", "" 125.903"", ""  74.009""], ["" 134.412"", "" 127.522"", ""  74.459""], ["" 129.589"", "" 127.969"", ""  73.031""], ["" 130.705"", "" 122.502"", ""  73.486""], ["" 129.273"", "" 122.286"", ""  72.974""], ["" 128.863"", "" 121.000"", ""  72.979""], ["" 128.584"", "" 123.244"", ""  72.621""], ["" 129.524"", "" 120.325"", ""  73.337""], ["" 127.633"", "" 120.446"", ""  72.577""], ["" 126.536"", "" 120.670"", ""  73.417""], ["" 127.419"", "" 119.684"", ""  71.413""], ["" 125.289"", "" 120.197"", ""  73.161""], ["" 126.141"", "" 119.190"", ""  71.136""], ["" 125.108"", "" 119.469"", ""  72.031""]]",[],1f_Grossjean_2025
11,83,1g_Grossjean_2025,4h2i_c_3_mae_prepped,1,11,-6.5,-0.2826086956521739,0.0,0.0,4,187.18,-7.99,-7.84,-0.15,-7.99,0.0,-1.55,1.49,-1.55,47,5,0.0,0.0,0.0,13.153793,7.040717,3.386294,-0.22840178,-0.59061314,-0.77395655,128.756134,"231.252655, 130.729553, 342.529144, 47.708683, 31.760832, ","[["" 133.625"", "" 122.710"", ""  60.290""], ["" 134.249"", "" 124.309"", ""  60.892""], ["" 133.207"", "" 124.806"", ""  62.246""], ["" 131.144"", "" 125.570"", ""  63.258""], ["" 131.854"", "" 125.190"", ""  62.096""], ["" 131.792"", "" 125.537"", ""  64.497""], ["" 131.181"", "" 125.166"", ""  60.795""], ["" 133.121"", "" 125.121"", ""  64.555""], ["" 130.646"", "" 125.148"", ""  59.769""], ["" 133.821"", "" 124.755"", ""  63.456""], ["" 129.683"", "" 126.014"", ""  63.221""], ["" 133.873"", "" 125.047"", ""  65.870""], ["" 132.565"", "" 122.121"", ""  61.222""], ["" 131.451"", "" 121.652"", ""  60.635""], ["" 132.761"", "" 122.091"", ""  62.438""], ["" 131.365"", "" 121.735"", ""  59.632""], ["" 130.290"", "" 121.102"", ""  61.334""], ["" 129.021"", "" 121.938"", ""  61.199""], ["" 128.659"", "" 122.461"", ""  59.953""], ["" 128.217"", "" 122.174"", ""  62.318""], ["" 127.501"", "" 123.223"", ""  59.829""], ["" 127.058"", "" 122.935"", ""  62.192""], ["" 126.706"", "" 123.457"", ""  60.949""]]",[],1g_Grossjean_2025
12,10388,1h_Grossjean_2025,4h2i_c_3_mae_prepped,1,17,-6.02,-0.20758620689655172,0.0,0.0,1,186.26,-8.41,-8.13,-0.28,-8.41,0.0,-1.78,2.39,-1.78,36,8,0.0,0.0,0.0,6.667498,7.757786,3.453899,0.59122773,0.55412721,-0.58599727,251.452927,"273.997528, 86.992104, 89.065788, 40.019623, 348.516174, 208.1875, 176.217819, 52.975822, ","[["" 126.531"", "" 125.245"", ""  60.295""], ["" 126.996"", "" 125.979"", ""  61.322""], ["" 126.233"", "" 125.717"", ""  59.198""], ["" 127.204"", "" 125.513"", ""  62.193""], ["" 126.372"", "" 123.745"", ""  60.546""], ["" 127.117"", "" 123.238"", ""  62.126""], ["" 128.826"", "" 122.819"", ""  61.823""], ["" 131.194"", "" 123.331"", ""  61.744""], ["" 129.872"", "" 123.752"", ""  62.013""], ["" 131.417"", "" 122.021"", ""  61.305""], ["" 129.608"", "" 125.117"", ""  62.477""], ["" 130.329"", "" 121.166"", ""  61.146""], ["" 129.400"", "" 126.195"", ""  62.843""], ["" 129.056"", "" 121.549"", ""  61.399""], ["" 132.400"", "" 124.252"", ""  61.910""], ["" 130.505"", "" 119.736"", ""  60.672""], ["" 127.186"", "" 127.429"", ""  61.306""], ["" 126.412"", "" 128.169"", ""  62.393""], ["" 126.824"", "" 128.094"", ""  63.724""], ["" 125.255"", "" 128.878"", ""  62.069""], ["" 126.108"", "" 128.752"", ""  64.736""], ["" 124.516"", "" 129.541"", ""  63.061""], ["" 124.960"", "" 129.480"", ""  64.390""], ["" 126.465"", "" 128.733"", ""  66.072""], ["" 127.837"", "" 128.847"", ""  66.430""], ["" 123.363"", "" 130.263"", ""  62.813""], ["" 123.004"", "" 130.566"", ""  61.469""], ["" 124.244"", "" 130.120"", ""  65.373""], ["" 123.738"", "" 129.252"", ""  66.378""]]",[],1h_Grossjean_2025
13,10365,1i_Grossjean_2025,4h2i_c_3_mae_prepped,1,4,-7.41,-0.35285714285714287,0.0,0.0,2,194.98,-8.6,-8.3,-0.3,-8.6,0.0,-0.58,1.19,-0.58,39,7,0.0,0.0,0.0,6.631516,15.417021,17.08552,-0.63338628,-0.73782829,-0.23330501,178.52034,"319.101624, 92.754761, 337.965332, 138.049042, ","[["" 127.511"", "" 132.498"", ""  75.405""], ["" 127.164"", "" 130.792"", ""  75.039""], ["" 125.777"", "" 128.809"", ""  74.937""], ["" 125.913"", "" 130.175"", ""  75.277""], ["" 126.873"", "" 128.124"", ""  74.402""], ["" 124.793"", "" 130.897"", ""  75.886""], ["" 128.075"", "" 128.805"", ""  74.223""], ["" 123.908"", "" 131.465"", ""  76.368""], ["" 128.227"", "" 130.113"", ""  74.538""], ["" 124.475"", "" 128.036"", ""  75.139""], ["" 129.303"", "" 128.116"", ""  73.658""], ["" 127.380"", "" 133.432"", ""  73.850""], ["" 128.636"", "" 133.293"", ""  72.988""], ["" 129.285"", "" 134.446"", ""  72.715""], ["" 128.979"", "" 132.176"", ""  72.596""], ["" 128.916"", "" 135.293"", ""  73.123""], ["" 130.443"", "" 134.602"", ""  71.966""], ["" 130.502"", "" 134.941"", ""  70.689""], ["" 131.720"", "" 134.418"", ""  72.493""], ["" 131.855"", "" 134.982"", ""  70.346""], ["" 132.578"", "" 134.663"", ""  71.445""]]",[],1i_Grossjean_2025
14,286,1j_Grossjean_2025,4h2i_c_3_mae_prepped,1,9,-7.12,-0.33904761904761904,0.0,0.0,1,194.77,-8.32,-7.92,-0.4,-8.32,0.0,-0.4,1.19,-0.4,51,6,0.0,0.0,0.0,7.23113,16.165913,18.074887,-0.8748833,-0.47774913,-0.07959258,161.882248,"169.237564, 70.986404, 335.263153, 86.705994, ","[["" 127.969"", "" 132.149"", ""  75.379""], ["" 126.585"", "" 131.033"", ""  75.447""], ["" 125.478"", "" 128.893"", ""  75.197""], ["" 126.657"", "" 129.665"", ""  75.093""], ["" 124.295"", "" 129.505"", ""  75.623""], ["" 127.894"", "" 129.056"", ""  74.598""], ["" 124.309"", "" 130.865"", ""  75.927""], ["" 128.870"", "" 128.572"", ""  74.205""], ["" 125.427"", "" 131.622"", ""  75.839""], ["" 125.434"", "" 127.405"", ""  74.852""], ["" 123.055"", "" 131.590"", ""  76.381""], ["" 127.661"", "" 133.328"", ""  74.030""], ["" 128.866"", "" 133.458"", ""  73.096""], ["" 129.378"", "" 134.702"", ""  72.975""], ["" 129.293"", "" 132.458"", ""  72.518""], ["" 128.954"", "" 135.438"", ""  73.521""], ["" 130.466"", "" 135.079"", ""  72.200""], ["" 130.511"", "" 135.233"", ""  70.893""], ["" 131.957"", "" 135.393"", ""  73.027""], ["" 131.712"", "" 135.600"", ""  70.492""], ["" 132.674"", "" 135.752"", ""  71.485""]]",[],1j_Grossjean_2025
15,129,1k_Grossjean_2025,4h2i_c_3_mae_prepped,1,5,-5.85,-0.22499999999999998,0.0,0.0,1,189.44,-9.43,-9.25,-0.18,-9.43,0.0,-1.72,3.58,-1.72,47,7,0.0,0.0,0.0,4.445044,17.069209,2.904671,0.91342461,-0.22940909,0.33619481,137.66272,"73.502167, 34.587475, 352.083221, 202.197311, 10.443079, 43.160362, 325.296539, 2.441204, 283.897949, 72.535904, 89.644501, 299.819611, ","[["" 127.064"", "" 134.370"", ""  60.319""], ["" 126.326"", "" 135.564"", ""  60.544""], ["" 124.836"", "" 135.313"", ""  60.250""], ["" 124.171"", "" 134.454"", ""  61.231""], ["" 124.169"", "" 133.110"", ""  61.208""], ["" 124.745"", "" 132.451"", ""  60.341""], ["" 123.675"", "" 134.926"", ""  61.972""], ["" 123.388"", "" 132.429"", ""  62.343""], ["" 123.270"", "" 130.609"", ""  62.241""], ["" 124.456"", "" 129.880"", ""  63.362""], ["" 126.591"", "" 128.856"", ""  63.880""], ["" 125.715"", "" 129.413"", ""  62.921""], ["" 126.186"", "" 128.788"", ""  65.217""], ["" 126.115"", "" 129.500"", ""  61.513""], ["" 124.926"", "" 129.269"", ""  65.566""], ["" 126.432"", "" 129.569"", ""  60.402""], ["" 124.071"", "" 129.802"", ""  64.663""], ["" 127.975"", "" 128.324"", ""  63.517""], ["" 124.428"", "" 129.225"", ""  66.998""], ["" 127.996"", "" 134.071"", ""  61.351""], ["" 127.664"", "" 132.701"", ""  61.958""], ["" 128.856"", "" 132.102"", ""  62.450""], ["" 129.321"", "" 131.019"", ""  61.655""], ["" 130.548"", "" 131.466"", ""  60.850""], ["" 131.602"", "" 131.806"", ""  61.741""], ["" 132.890"", "" 131.487"", ""  61.241""]]",[],1k_Grossjean_2025
16,13,1l_Grossjean_2025,4h2i_c_3_mae_prepped,1,15,-6.17,-0.3427777777777778,0.0,0.0,10,188.47,-7.36,-7.07,-0.3,-7.36,0.0,-0.34,1.19,-0.34,32,8,0.0,0.0,0.0,11.475235,8.555994,3.702492,0.69291102,-0.67989091,-0.24004723,89.265167,"80.635086, 266.290161, 304.702698, 20.557615, ","[["" 131.720"", "" 125.824"", ""  62.227""], ["" 131.357"", "" 125.021"", ""  60.628""], ["" 130.246"", "" 123.658"", ""  60.931""], ["" 129.749"", "" 121.311"", ""  61.277""], ["" 130.704"", "" 122.324"", ""  61.035""], ["" 128.401"", "" 121.658"", ""  61.403""], ["" 132.125"", "" 121.988"", ""  60.899""], ["" 128.034"", "" 122.997"", ""  61.286""], ["" 133.245"", "" 121.722"", ""  60.791""], ["" 128.932"", "" 123.983"", ""  61.054""], ["" 130.129"", "" 119.836"", ""  61.407""], ["" 126.588"", "" 123.439"", ""  61.411""], ["" 132.809"", "" 125.139"", ""  63.065""], ["" 132.830"", "" 125.483"", ""  64.367""], ["" 133.589"", "" 124.327"", ""  62.559""], ["" 132.343"", "" 126.284"", ""  64.744""], ["" 133.927"", "" 125.118"", ""  65.145""], ["" 133.581"", "" 125.164"", ""  66.522""]]",[],1l_Grossjean_2025
17,9922,1m_Grossjean_2025,4h2i_c_3_mae_prepped,1,8,-5.33,-0.2538095238095238,0.0,0.0,1,188.95,-7.12,-6.82,-0.3,-7.12,0.0,-1.31,1.79,-1.31,41,11,0.0,0.0,0.0,9.064985,9.587924,5.255051,0.06713262,0.62714365,-0.77600519,306.665405,"32.914001, 170.322021, 285.064117, 202.381897, 346.421753, 190.601517, ","[["" 129.890"", "" 125.386"", ""  62.971""], ["" 131.031"", "" 126.015"", ""  63.313""], ["" 129.462"", "" 124.398"", ""  63.571""], ["" 131.330"", "" 126.802"", ""  62.755""], ["" 129.146"", "" 125.975"", ""  61.766""], ["" 128.989"", "" 124.846"", ""  60.341""], ["" 130.619"", "" 124.281"", ""  59.903""], ["" 132.571"", "" 122.856"", ""  60.073""], ["" 131.273"", "" 123.189"", ""  60.523""], ["" 133.148"", "" 123.598"", ""  59.036""], ["" 130.631"", "" 122.394"", ""  61.572""], ["" 132.421"", "" 124.641"", ""  58.465""], ["" 130.125"", "" 121.766"", ""  62.402""], ["" 131.178"", "" 124.978"", ""  58.880""], ["" 133.379"", "" 121.707"", ""  60.673""], ["" 132.987"", "" 125.476"", ""  57.333""], ["" 131.911"", "" 125.648"", ""  64.433""], ["" 133.281"", "" 125.115"", ""  63.967""], ["" 133.494"", "" 124.724"", ""  62.816""], ["" 134.185"", "" 125.130"", ""  64.969""], ["" 133.759"", "" 125.124"", ""  66.325""]]",[],1m_Grossjean_2025
18,9718,1n_Grossjean_2025,4h2i_c_3_mae_prepped,1,10,-7.48,-0.2671428571428572,0.0,0.0,4,193.34,-9.86,-9.47,-0.39,-9.86,0.0,-0.63,2.39,-0.63,51,6,0.0,0.0,0.0,8.852763,11.723486,9.786323,0.43233318,-0.5805921,0.68992813,216.728622,"175.955185, 75.190819, 240.896973, 277.381958, 8.928292, 310.038727, 296.330322, 110.468788, ","[["" 128.350"", "" 128.825"", ""  66.582""], ["" 128.670"", "" 127.719"", ""  67.287""], ["" 128.170"", "" 129.946"", ""  67.057""], ["" 128.836"", "" 126.881"", ""  66.748""], ["" 128.212"", "" 128.628"", ""  65.066""], ["" 127.343"", "" 129.711"", ""  64.392""], ["" 128.231"", "" 131.243"", ""  63.981""], ["" 127.739"", "" 131.729"", ""  62.341""], ["" 128.113"", "" 132.342"", ""  60.028""], ["" 128.644"", "" 131.939"", ""  61.274""], ["" 126.729"", "" 132.501"", ""  59.894""], ["" 130.084"", "" 131.716"", ""  61.423""], ["" 125.909"", "" 132.248"", ""  60.992""], ["" 131.222"", "" 131.540"", ""  61.538""], ["" 126.397"", "" 131.866"", ""  62.195""], ["" 128.990"", "" 132.612"", ""  58.808""], ["" 124.402"", "" 132.392"", ""  60.907""], ["" 128.864"", "" 127.558"", ""  68.673""], ["" 129.887"", "" 128.323"", ""  69.235""], ["" 128.122"", "" 126.695"", ""  69.492""], ["" 130.160"", "" 128.246"", ""  70.597""], ["" 128.399"", "" 126.616"", ""  70.854""], ["" 129.416"", "" 127.391"", ""  71.425""], ["" 129.681"", "" 127.284"", ""  72.900""], ["" 128.846"", "" 127.575"", ""  73.761""], ["" 130.933"", "" 126.847"", ""  73.189""], ["" 131.759"", "" 127.544"", ""  74.114""], ["" 133.181"", "" 126.977"", ""  74.054""]]",[],1n_Grossjean_2025
19,9886,1o_Grossjean_2025,4h2i_c_3_mae_prepped,1,14,-7.15,-0.26481481481481484,0.0,0.0,6,188.06,-9.24,-8.69,-0.55,-9.24,0.0,-0.53,2.09,-0.53,56,8,0.0,0.0,0.0,7.579301,10.841341,9.581095,0.63940083,-0.44982641,0.62355655,125.109825,"120.132034, 37.443604, 274.412445, 5.089771, 70.99041, 333.693665, 111.27034, ","[["" 128.372"", "" 128.808"", ""  66.607""], ["" 128.746"", "" 127.752"", ""  67.363""], ["" 128.190"", "" 129.951"", ""  67.025""], ["" 128.922"", "" 126.891"", ""  66.866""], ["" 128.201"", "" 128.520"", ""  65.108""], ["" 127.044"", "" 129.308"", ""  64.462""], ["" 127.588"", "" 130.639"", ""  63.351""], ["" 126.150"", "" 131.350"", ""  62.576""], ["" 124.944"", "" 132.988"", ""  61.261""], ["" 126.167"", "" 132.539"", ""  61.808""], ["" 123.782"", "" 132.241"", ""  61.478""], ["" 127.404"", "" 133.277"", ""  61.542""], ["" 123.861"", "" 131.066"", ""  62.222""], ["" 128.380"", "" 133.862"", ""  61.332""], ["" 125.021"", "" 130.619"", ""  62.759""], ["" 124.833"", "" 134.265"", ""  60.429""], ["" 122.639"", "" 130.205"", ""  62.481""], ["" 128.963"", "" 127.670"", ""  68.753""], ["" 129.978"", "" 128.483"", ""  69.257""], ["" 128.256"", "" 126.831"", ""  69.627""], ["" 130.282"", "" 128.473"", ""  70.616""], ["" 128.561"", "" 126.822"", ""  70.986""], ["" 129.576"", "" 127.641"", ""  71.497""], ["" 129.878"", "" 127.602"", ""  72.968""], ["" 129.046"", "" 127.280"", ""  73.822""], ["" 131.154"", "" 127.960"", ""  73.264""], ["" 132.098"", "" 126.997"", ""  73.713""]]",[],1o_Grossjean_2025
20,9978,1p_Grossjean_2025,4h2i_c_3_mae_prepped,1,1,-6.92,-0.3145454545454545,0.0,0.0,1,196.02,-8.41,-8.01,-0.4,-8.41,0.0,-0.42,1.49,-0.42,47,8,0.0,0.0,0.0,9.465847,10.732468,15.419269,-0.30934014,0.10099164,0.94557356,328.745819,"184.149643, 7.899973, 167.412994, 358.403198, 235.800751, ","[["" 129.148"", "" 128.441"", ""  73.066""], ["" 128.926"", "" 128.510"", ""  74.867""], ["" 127.218"", "" 128.910"", ""  75.161""], ["" 125.398"", "" 130.321"", ""  75.909""], ["" 126.786"", "" 130.136"", ""  75.721""], ["" 124.514"", "" 129.307"", ""  75.526""], ["" 127.728"", "" 131.201"", ""  76.069""], ["" 125.026"", "" 128.140"", ""  74.961""], ["" 128.471"", "" 132.045"", ""  76.344""], ["" 126.352"", "" 127.940"", ""  74.773""], ["" 124.813"", "" 131.597"", ""  76.512""], ["" 124.118"", "" 127.011"", ""  74.513""], ["" 130.581"", "" 128.078"", ""  72.629""], ["" 131.178"", "" 126.896"", ""  73.408""], ["" 132.492"", "" 126.999"", ""  73.708""], ["" 130.461"", "" 125.937"", ""  73.701""], ["" 132.970"", "" 127.837"", ""  73.413""], ["" 133.271"", "" 126.078"", ""  74.398""], ["" 134.589"", "" 126.098"", ""  74.502""], ["" 132.734"", "" 124.990"", ""  75.085""], ["" 134.949"", "" 124.994"", ""  75.277""], ["" 133.819"", "" 124.334"", ""  75.622""]]",[],1p_Grossjean_2025
21,157,1q_Grossjean_2025,4h2i_c_3_mae_prepped,1,3,-5.72,-0.26,0.0,0.0,1,188.16,-7.8,-7.44,-0.36,-7.8,0.0,-1.51,2.09,-1.51,40,11,0.0,0.0,0.0,8.668885,7.585405,4.171487,0.71384398,-0.48714169,0.50311007,141.975861,"141.768448, 151.206711, 92.247894, 24.159708, 205.394211, 197.109268, 174.471542, ","[["" 130.060"", "" 125.314"", ""  62.750""], ["" 131.080"", "" 126.051"", ""  63.231""], ["" 129.726"", "" 124.230"", ""  63.232""], ["" 131.304"", "" 126.916"", ""  62.762""], ["" 129.304"", "" 125.911"", ""  61.555""], ["" 128.107"", "" 125.066"", ""  61.075""], ["" 128.569"", "" 123.744"", ""  59.915""], ["" 130.346"", "" 123.664"", ""  59.825""], ["" 132.550"", "" 122.875"", ""  60.451""], ["" 131.150"", "" 122.830"", ""  60.640""], ["" 133.084"", "" 123.741"", ""  59.492""], ["" 130.577"", "" 121.971"", ""  61.678""], ["" 132.221"", "" 124.547"", ""  58.753""], ["" 130.128"", "" 121.291"", ""  62.501""], ["" 130.878"", "" 124.519"", ""  58.914""], ["" 133.518"", "" 122.015"", ""  61.262""], ["" 132.740"", "" 125.515"", ""  57.705""], ["" 131.938"", "" 125.694"", ""  64.371""], ["" 133.307"", "" 125.126"", ""  63.941""], ["" 133.485"", "" 124.736"", ""  62.786""], ["" 134.241"", "" 125.135"", ""  64.923""], ["" 133.853"", "" 125.115"", ""  66.289""]]",[],1q_Grossjean_2025
22,166,2a_Ghoteimi_2023,4h2i_c_3_mae_prepped,1,5,-0.66,-0.013469387755102041,0.0,0.0,2,192.04,-3.95,-3.63,-0.32,-3.95,0.0,-1.21,3.28,-1.21,103,8,0.0,0.0,0.0,4.788454,14.466721,2.575754,-0.87023711,0.19498816,-0.45240136,223.603546,"172.660721, 163.642319, 274.83432, 45.054512, 36.911373, 222.525726, 250.218964, 22.276207, 122.364174, 171.264908, 230.864471, ","[["" 126.738"", "" 130.990"", ""  62.946""], ["" 127.536"", "" 130.424"", ""  62.014""], ["" 127.043"", "" 131.956"", ""  63.647""], ["" 127.177"", "" 129.593"", ""  61.569""], ["" 125.374"", "" 130.314"", ""  63.133""], ["" 125.256"", "" 129.251"", ""  64.608""], ["" 126.862"", "" 128.514"", ""  64.798""], ["" 126.686"", "" 128.046"", ""  61.267""], ["" 127.098"", "" 128.032"", ""  62.349""], ["" 127.623"", "" 128.016"", ""  63.718""], ["" 128.894"", "" 127.458"", ""  64.001""], ["" 127.295"", "" 128.466"", ""  66.080""], ["" 129.321"", "" 127.420"", ""  65.336""], ["" 128.512"", "" 127.933"", ""  66.353""], ["" 129.811"", "" 126.897"", ""  62.963""], ["" 129.972"", "" 127.553"", ""  61.740""], ["" 130.498"", "" 125.699"", ""  63.179""], ["" 130.809"", "" 127.029"", ""  60.759""], ["" 131.336"", "" 125.176"", ""  62.199""], ["" 131.512"", "" 125.834"", ""  60.973""], ["" 132.343"", "" 125.281"", ""  59.995""], ["" 131.802"", "" 125.031"", ""  58.643""], ["" 133.335"", "" 124.239"", ""  60.326""], ["" 132.898"", "" 124.798"", ""  57.582""], ["" 134.390"", "" 124.022"", ""  59.222""], ["" 133.750"", "" 123.738"", ""  57.987""], ["" 128.928"", "" 127.923"", ""  67.789""], ["" 128.417"", "" 126.977"", ""  68.686""], ["" 129.833"", "" 128.872"", ""  68.276""], ["" 128.799"", "" 126.980"", ""  70.024""], ["" 130.214"", "" 128.876"", ""  69.614""], ["" 129.713"", "" 127.922"", ""  70.515""], ["" 130.065"", "" 127.932"", ""  71.869""], ["" 131.341"", "" 127.355"", ""  72.337""], ["" 129.023"", "" 127.742"", ""  72.901""], ["" 131.723"", "" 127.769"", ""  73.774""], ["" 129.475"", "" 128.144"", ""  74.321""], ["" 130.666"", "" 127.457"", ""  74.667""], ["" 128.824"", "" 130.796"", ""  61.582""], ["" 129.725"", "" 131.141"", ""  62.591""], ["" 129.246"", "" 130.824"", ""  60.245""], ["" 131.026"", "" 131.521"", ""  62.277""], ["" 130.548"", "" 131.205"", ""  59.932""], ["" 131.454"", "" 131.559"", ""  60.941""], ["" 132.850"", "" 131.965"", ""  60.565""], ["" 133.667"", "" 132.418"", ""  61.373""], ["" 133.121"", "" 131.791"", ""  59.246""], ["" 132.997"", "" 130.515"", ""  58.632""], ["" 133.873"", "" 130.467"", ""  57.377""]]",[],2a_Ghoteimi_2023
23,10070,2a_Grossjean_2025,4h2i_c_3_mae_prepped,1,16,-7.11,-0.23700000000000002,0.0,0.0,5,185.98,-9.49,-8.93,-0.57,-9.49,0.0,-0.76,2.39,-0.76,59,10,0.0,0.0,0.0,11.755182,10.584085,10.237528,0.25207548,0.36024393,0.89815492,224.546371,"358.010315, 357.904144, 50.562302, 226.726974, 357.006561, 61.816326, 317.891937, 117.537361, ","[["" 128.401"", "" 128.773"", ""  66.679""], ["" 128.695"", "" 127.689"", ""  67.429""], ["" 128.247"", "" 129.918"", ""  67.105""], ["" 128.817"", "" 126.824"", ""  66.925""], ["" 128.253"", "" 128.514"", ""  65.175""], ["" 126.558"", "" 128.789"", ""  64.560""], ["" 126.555"", "" 130.134"", ""  63.380""], ["" 127.847"", "" 131.662"", ""  62.179""], ["" 126.720"", "" 132.223"", ""  61.585""], ["" 127.774"", "" 130.636"", ""  63.056""], ["" 125.450"", "" 131.715"", ""  61.898""], ["" 125.360"", "" 130.641"", ""  62.820""], ["" 124.058"", "" 130.073"", ""  63.185""], ["" 123.030"", "" 129.625"", ""  63.474""], ["" 129.241"", "" 132.186"", ""  61.888""], ["" 124.213"", "" 132.347"", ""  61.232""], ["" 123.575"", "" 131.436"", ""  60.496""], ["" 123.381"", "" 132.812"", ""  62.164""], ["" 124.525"", "" 133.366"", ""  60.428""], ["" 128.920"", "" 127.583"", ""  68.814""], ["" 129.920"", "" 128.410"", ""  69.328""], ["" 128.227"", "" 126.725"", ""  69.679""], ["" 130.218"", "" 128.397"", ""  70.687""], ["" 128.529"", "" 126.710"", ""  71.038""], ["" 129.523"", "" 127.548"", ""  71.560""], ["" 129.817"", "" 127.509"", ""  73.033""], ["" 128.943"", "" 127.392"", ""  73.897""], ["" 131.139"", "" 127.634"", ""  73.317""], ["" 131.847"", "" 126.600"", ""  73.991""], ["" 133.318"", "" 127.002"", ""  74.131""]]",[],2a_Grossjean_2025
24,10209,2aa_Ghoteimi_2023,4h2i_c_3_mae_prepped,1,18,0.24,0.004897959183673469,0.0,0.0,4,189.45,-3.04,-2.72,-0.32,-3.04,0.0,-1.1,3.28,-1.1,92,5,0.0,0.0,0.0,8.211205,10.423259,8.927482,-0.77941786,-0.50345365,-0.37288365,110.198891,"286.751282, 59.256252, 190.143158, 309.923676, 141.136078, 312.153656, 308.207825, 298.454559, 188.371979, 261.797974, 221.520096, ","[["" 129.375"", "" 127.906"", ""  69.312""], ["" 128.903"", "" 127.602"", ""  70.541""], ["" 130.559"", "" 128.114"", ""  69.039""], ["" 127.918"", "" 127.388"", ""  70.598""], ["" 128.306"", "" 127.956"", ""  68.213""], ["" 128.532"", "" 129.094"", ""  67.374""], ["" 128.605"", "" 128.940"", ""  65.996""], ["" 130.205"", "" 125.974"", ""  67.049""], ["" 129.757"", "" 126.774"", ""  66.342""], ["" 129.192"", "" 127.786"", ""  65.447""], ["" 129.235"", "" 127.647"", ""  64.040""], ["" 128.095"", "" 129.932"", ""  65.213""], ["" 128.714"", "" 128.686"", ""  63.259""], ["" 128.153"", "" 129.815"", ""  63.863""], ["" 129.798"", "" 126.454"", ""  63.338""], ["" 131.155"", "" 126.143"", ""  63.452""], ["" 128.988"", "" 125.646"", ""  62.536""], ["" 131.690"", "" 125.045"", ""  62.785""], ["" 129.523"", "" 124.548"", ""  61.868""], ["" 130.885"", "" 124.233"", ""  61.971""], ["" 131.399"", "" 123.123"", ""  61.295""], ["" 132.419"", "" 123.272"", ""  60.239""], ["" 130.495"", "" 122.008"", ""  60.951""], ["" 133.114"", "" 121.945"", ""  59.865""], ["" 131.239"", "" 120.714"", ""  60.559""], ["" 132.143"", "" 120.976"", ""  59.498""], ["" 127.569"", "" 130.940"", ""  63.068""], ["" 128.389"", "" 131.943"", ""  62.540""], ["" 126.191"", "" 131.023"", ""  62.834""], ["" 127.851"", "" 132.989"", ""  61.794""], ["" 125.653"", "" 132.066"", ""  62.085""], ["" 126.473"", "" 133.063"", ""  61.536""], ["" 125.915"", "" 134.113"", ""  60.799""], ["" 124.452"", "" 134.255"", ""  60.647""], ["" 126.541"", "" 135.451"", ""  60.842""], ["" 124.034"", "" 135.236"", ""  59.531""], ["" 126.063"", "" 136.397"", ""  59.720""], ["" 124.648"", "" 136.498"", ""  59.739""], ["" 129.588"", "" 127.483"", ""  71.766""], ["" 130.406"", "" 128.560"", ""  72.110""], ["" 129.514"", "" 126.375"", ""  72.622""], ["" 131.131"", "" 128.544"", ""  73.298""], ["" 130.243"", "" 126.360"", ""  73.808""], ["" 131.057"", "" 127.443"", ""  74.163""], ["" 131.829"", "" 127.392"", ""  75.450""], ["" 131.426"", "" 127.898"", ""  76.503""], ["" 133.019"", "" 126.748"", ""  75.337""], ["" 133.521"", "" 126.349"", ""  74.068""], ["" 134.873"", "" 127.026"", ""  73.822""]]",[],2aa_Ghoteimi_2023
25,9889,2b_Ghoteimi_2023,4h2i_c_3_mae_prepped,1,6,-5.83,-0.1355813953488372,0.0,0.0,9,191.0,-8.21,-7.84,-0.37,-8.21,0.0,-1.68,2.39,-1.68,83,8,0.0,0.0,0.0,9.150694,10.522789,7.699764,-0.02159903,0.26786944,-0.96321308,71.141594,"163.289307, 19.620888, 274.585175, 62.700886, 270.696503, 18.177095, 32.926277, 58.831409, ","[["" 130.575"", "" 125.213"", ""  63.669""], ["" 129.750"", "" 126.628"", ""  64.365""], ["" 128.887"", "" 127.410"", ""  60.988""], ["" 128.963"", "" 127.488"", ""  62.140""], ["" 129.057"", "" 127.592"", ""  63.599""], ["" 128.444"", "" 128.671"", ""  64.285""], ["" 129.816"", "" 126.684"", ""  65.716""], ["" 128.556"", "" 128.724"", ""  65.680""], ["" 129.231"", "" 127.717"", ""  66.374""], ["" 127.674"", "" 129.756"", ""  63.607""], ["" 128.276"", "" 130.989"", ""  63.347""], ["" 126.340"", "" 129.564"", ""  63.239""], ["" 127.564"", "" 132.004"", ""  62.716""], ["" 125.626"", "" 130.581"", ""  62.611""], ["" 126.223"", "" 131.821"", ""  62.343""], ["" 125.491"", "" 132.819"", ""  61.698""], ["" 126.191"", "" 133.749"", ""  60.789""], ["" 124.127"", "" 132.569"", ""  61.192""], ["" 125.366"", "" 135.009"", ""  60.450""], ["" 123.356"", "" 133.861"", ""  60.852""], ["" 124.100"", "" 134.637"", ""  59.925""], ["" 129.353"", "" 127.711"", ""  67.865""], ["" 128.437"", "" 127.006"", ""  68.654""], ["" 130.389"", "" 128.396"", ""  68.512""], ["" 128.555"", "" 126.984"", ""  70.041""], ["" 130.506"", "" 128.376"", ""  69.899""], ["" 129.586"", "" 127.677"", ""  70.694""], ["" 129.735"", "" 127.639"", ""  72.085""], ["" 131.073"", "" 127.439"", ""  72.677""], ["" 128.920"", "" 128.493"", ""  72.971""], ["" 131.036"", "" 127.031"", ""  74.166""], ["" 128.947"", "" 128.058"", ""  74.451""], ["" 130.286"", "" 127.979"", ""  74.910""], ["" 129.700"", "" 124.765"", ""  62.139""], ["" 128.458"", "" 123.917"", ""  62.415""], ["" 127.332"", "" 124.310"", ""  61.780""], ["" 128.544"", "" 122.947"", ""  63.171""], ["" 127.393"", "" 125.132"", ""  61.198""], ["" 126.074"", "" 123.730"", ""  61.860""], ["" 125.672"", "" 122.872"", ""  62.782""], ["" 125.056"", "" 123.994"", ""  60.945""], ["" 124.346"", "" 122.552"", ""  62.481""], ["" 123.989"", "" 123.236"", ""  61.369""]]",[],2b_Ghoteimi_2023
26,31,2b_Grossjean_2025,4h2i_c_3_mae_prepped,1,1,-6.95,-0.2396551724137931,0.0,0.0,11,187.99,-9.04,-8.26,-0.78,-9.04,0.0,-0.66,2.09,-0.66,60,10,0.0,0.0,0.0,7.148772,11.268377,10.231075,0.6415329,-0.41015811,0.64823288,48.264706,"120.272247, 352.472595, 49.905354, 32.770008, 308.335846, 222.949387, 136.052612, ","[["" 128.382"", "" 128.796"", ""  66.633""], ["" 128.653"", "" 127.684"", ""  67.349""], ["" 128.251"", "" 129.929"", ""  67.099""], ["" 128.652"", "" 126.815"", ""  66.835""], ["" 128.214"", "" 128.578"", ""  65.126""], ["" 126.518"", "" 128.903"", ""  64.539""], ["" 126.536"", "" 130.201"", ""  63.310""], ["" 127.845"", "" 131.702"", ""  62.095""], ["" 126.733"", "" 132.213"", ""  61.433""], ["" 127.757"", "" 130.714"", ""  63.013""], ["" 125.461"", "" 131.693"", ""  61.718""], ["" 125.353"", "" 130.660"", ""  62.684""], ["" 124.049"", "" 130.083"", ""  63.026""], ["" 123.020"", "" 129.628"", ""  63.295""], ["" 129.242"", "" 132.230"", ""  61.830""], ["" 124.241"", "" 132.266"", ""  60.973""], ["" 123.377"", "" 132.788"", ""  61.846""], ["" 124.628"", "" 133.221"", ""  60.125""], ["" 123.587"", "" 131.343"", ""  60.265""], ["" 128.875"", "" 127.536"", ""  68.731""], ["" 129.886"", "" 128.331"", ""  69.271""], ["" 128.151"", "" 126.679"", ""  69.572""], ["" 130.184"", "" 128.268"", ""  70.629""], ["" 128.450"", "" 126.617"", ""  70.930""], ["" 129.470"", "" 127.408"", ""  71.476""], ["" 129.764"", "" 127.315"", ""  72.946""], ["" 129.991"", "" 128.300"", ""  73.656""], ["" 129.751"", "" 126.041"", ""  73.415""], ["" 130.840"", "" 125.529"", ""  74.171""]]",[],2b_Grossjean_2025
27,9790,2c_Ghoteimi_2023,4h2i_c_3_mae_prepped,1,11,-5.49,-0.12767441860465117,0.0,0.0,7,191.96,-7.87,-7.57,-0.3,-7.87,0.0,-1.96,2.39,-1.96,90,5,0.0,0.0,0.0,10.053582,11.128231,7.493426,0.82106019,-0.29589511,-0.48816621,150.033585,"184.155502, 189.994263, 268.694977, 64.869621, 41.269646, 30.449463, 297.832306, 6.717702, ","[["" 130.578"", "" 125.176"", ""  63.722""], ["" 129.751"", "" 126.596"", ""  64.401""], ["" 128.903"", "" 127.344"", ""  61.014""], ["" 128.974"", "" 127.435"", ""  62.165""], ["" 129.061"", "" 127.554"", ""  63.624""], ["" 128.448"", "" 128.641"", ""  64.296""], ["" 129.815"", "" 126.667"", ""  65.752""], ["" 128.556"", "" 128.708"", ""  65.691""], ["" 129.231"", "" 127.708"", ""  66.398""], ["" 127.689"", "" 129.726"", ""  63.605""], ["" 126.447"", "" 129.456"", ""  63.027""], ["" 128.209"", "" 131.019"", ""  63.514""], ["" 125.731"", "" 130.463"", ""  62.385""], ["" 127.495"", "" 132.026"", ""  62.870""], ["" 126.245"", "" 131.766"", ""  62.290""], ["" 125.535"", "" 132.796"", ""  61.668""], ["" 124.136"", "" 133.051"", ""  62.065""], ["" 126.186"", "" 134.071"", ""  61.311""], ["" 123.367"", "" 133.929"", ""  61.055""], ["" 125.365"", "" 134.923"", ""  60.321""], ["" 124.063"", "" 135.147"", ""  60.840""], ["" 129.359"", "" 127.725"", ""  67.888""], ["" 128.480"", "" 126.989"", ""  68.689""], ["" 130.363"", "" 128.467"", ""  68.521""], ["" 128.598"", "" 126.996"", ""  70.077""], ["" 130.481"", "" 128.476"", ""  69.908""], ["" 129.594"", "" 127.750"", ""  70.716""], ["" 129.742"", "" 127.749"", ""  72.107""], ["" 131.068"", "" 127.495"", ""  72.706""], ["" 128.982"", "" 128.682"", ""  72.965""], ["" 131.013"", "" 127.142"", ""  74.207""], ["" 128.990"", "" 128.299"", ""  74.460""], ["" 130.325"", "" 128.157"", ""  74.919""], ["" 132.358"", "" 125.544"", ""  63.690""], ["" 133.002"", "" 125.148"", ""  62.360""], ["" 132.247"", "" 125.359"", ""  61.261""], ["" 134.141"", "" 124.677"", ""  62.357""], ["" 131.322"", "" 125.743"", ""  61.397""], ["" 132.592"", "" 125.071"", ""  59.949""], ["" 133.407"", "" 124.134"", ""  59.516""], ["" 131.871"", "" 126.045"", ""  58.709""], ["" 133.499"", "" 124.141"", ""  58.201""], ["" 132.745"", "" 125.105"", ""  57.537""]]",[],2c_Ghoteimi_2023
28,237,2c_Grossjean_2025,4h2i_c_3_mae_prepped,1,7,-6.36,-0.23555555555555557,0.0,0.0,4,190.52,-8.15,-7.47,-0.68,-8.15,0.0,-0.61,1.79,-0.61,55,8,0.0,0.0,0.0,8.012618,13.197003,9.350692,0.80575825,-0.36534505,-0.46612942,314.820953,"114.133339, 10.927222, 49.777287, 151.682755, 322.637634, 271.425934, ","[["" 128.321"", "" 128.533"", ""  65.146""], ["" 126.662"", "" 128.671"", ""  64.393""], ["" 126.617"", "" 130.094"", ""  63.311""], ["" 127.868"", "" 131.687"", ""  62.154""], ["" 126.720"", "" 132.297"", ""  61.654""], ["" 127.826"", "" 130.606"", ""  62.962""], ["" 125.462"", "" 131.782"", ""  61.995""], ["" 125.402"", "" 130.650"", ""  62.847""], ["" 124.112"", "" 130.070"", ""  63.238""], ["" 123.095"", "" 129.613"", ""  63.546""], ["" 129.254"", "" 132.208"", ""  61.824""], ["" 124.201"", "" 132.467"", ""  61.433""], ["" 123.376"", "" 132.793"", ""  62.429""], ["" 124.538"", "" 133.574"", ""  60.770""], ["" 123.522"", "" 131.685"", ""  60.590""], ["" 128.373"", "" 128.727"", ""  66.669""], ["" 128.624"", "" 127.605"", ""  67.377""], ["" 128.164"", "" 129.836"", ""  67.164""], ["" 128.659"", "" 126.741"", ""  66.856""], ["" 128.761"", "" 127.458"", ""  68.770""], ["" 129.754"", "" 128.093"", ""  69.532""], ["" 127.866"", "" 126.588"", ""  69.393""], ["" 129.823"", "" 127.871"", ""  70.904""], ["" 127.939"", "" 126.369"", ""  70.765""], ["" 128.921"", "" 127.015"", ""  71.534""], ["" 129.067"", "" 126.860"", ""  72.899""], ["" 130.359"", "" 127.011"", ""  73.480""]]",[],2c_Grossjean_2025
29,9839,2d_Ghoteimi_2023,4h2i_c_3_mae_prepped,1,12,-5.01,-0.1318421052631579,0.0,0.0,17,192.11,-7.4,-6.98,-0.42,-7.4,0.0,-1.53,2.39,-1.53,74,10,0.0,0.0,0.0,9.41282,11.535902,8.138296,0.86105901,-0.50449367,0.06374572,215.943375,"169.02417, 138.497726, 325.226471, 303.257233, 123.882301, 225.863815, 263.528992, 1.858992, ","[["" 130.550"", "" 125.209"", ""  63.699""], ["" 129.739"", "" 126.620"", ""  64.422""], ["" 128.971"", "" 127.560"", ""  61.061""], ["" 129.019"", "" 127.587"", ""  62.217""], ["" 129.077"", "" 127.626"", ""  63.682""], ["" 128.470"", "" 128.688"", ""  64.397""], ["" 129.846"", "" 126.664"", ""  65.773""], ["" 128.567"", "" 128.692"", ""  65.794""], ["" 129.269"", "" 127.683"", ""  66.458""], ["" 127.729"", "" 129.814"", ""  63.753""], ["" 128.341"", "" 131.058"", ""  63.596""], ["" 126.428"", "" 129.637"", ""  63.273""], ["" 127.664"", "" 132.111"", ""  62.986""], ["" 125.750"", "" 130.690"", ""  62.664""], ["" 126.350"", "" 131.948"", ""  62.518""], ["" 125.656"", "" 132.986"", ""  61.891""], ["" 124.293"", "" 132.789"", ""  61.359""], ["" 126.393"", "" 133.924"", ""  61.022""], ["" 123.562"", "" 134.110"", ""  61.037""], ["" 125.608"", "" 135.216"", ""  60.712""], ["" 124.344"", "" 134.895"", ""  60.151""], ["" 129.414"", "" 127.656"", ""  67.946""], ["" 130.496"", "" 128.288"", ""  68.568""], ["" 128.480"", "" 126.996"", ""  68.754""], ["" 130.637"", "" 128.267"", ""  69.953""], ["" 128.620"", "" 126.976"", ""  70.139""], ["" 129.695"", "" 127.621"", ""  70.767""], ["" 129.832"", "" 127.574"", ""  72.159""], ["" 131.144"", "" 127.351"", ""  72.799""], ["" 129.014"", "" 128.467"", ""  73.005""], ["" 131.046"", "" 126.961"", ""  74.289""], ["" 128.979"", "" 128.052"", ""  74.491""], ["" 130.299"", "" 127.938"", ""  74.996""], ["" 132.055"", "" 125.788"", ""  62.843""], ["" 133.291"", "" 124.994"", ""  63.292""], ["" 133.906"", "" 125.234"", ""  64.335""], ["" 133.603"", "" 124.028"", ""  62.404""], ["" 133.615"", "" 124.305"", ""  61.012""]]",[],2d_Ghoteimi_2023
30,254,2d_Grossjean_2025,4h2i_c_3_mae_prepped,1,6,-6.98,-0.2792,0.0,0.0,2,191.02,-8.47,-8.22,-0.25,-8.47,0.0,-0.36,1.49,-0.36,62,4,0.0,0.0,0.0,11.101343,7.565587,15.422969,0.61466518,-0.779518,0.12057534,176.500214,"312.57312, 315.042267, 98.747772, 333.42038, 297.213989, ","[["" 130.509"", "" 123.231"", ""  74.883""], ["" 131.116"", "" 124.851"", ""  74.456""], ["" 130.530"", "" 126.898"", ""  73.512""], ["" 131.819"", "" 127.398"", ""  73.676""], ["" 130.175"", "" 125.650"", ""  73.897""], ["" 132.800"", "" 126.592"", ""  74.274""], ["" 132.444"", "" 125.283"", ""  74.686""], ["" 133.419"", "" 124.420"", ""  75.357""], ["" 134.190"", "" 123.739"", ""  75.888""], ["" 129.431"", "" 127.728"", ""  72.877""], ["" 134.219"", "" 127.166"", ""  74.456""], ["" 134.214"", "" 128.100"", ""  75.408""], ["" 135.063"", "" 126.195"", ""  74.807""], ["" 134.695"", "" 127.729"", ""  73.344""], ["" 130.379"", "" 122.234"", ""  73.361""], ["" 128.931"", "" 121.944"", ""  72.957""], ["" 128.560"", "" 120.647"", ""  73.006""], ["" 128.197"", "" 122.882"", ""  72.645""], ["" 129.245"", "" 119.999"", ""  73.367""], ["" 127.317"", "" 120.066"", ""  72.695""], ["" 126.244"", "" 120.445"", ""  73.505""], ["" 127.114"", "" 119.134"", ""  71.663""], ["" 124.974"", "" 119.919"", ""  73.279""], ["" 125.844"", "" 118.609"", ""  71.441""], ["" 124.780"", "" 119.005"", ""  72.247""]]",[],2d_Grossjean_2025
31,9928,2e_Grossjean_2025,4h2i_c_3_mae_prepped,1,13,-7.11,-0.2734615384615385,0.0,0.0,2,192.01,-8.6,-8.35,-0.25,-8.6,0.0,-1.49,1.49,-1.49,63,5,0.0,0.0,0.0,5.697627,15.204268,5.497787,-0.09122368,-0.4029034,0.91068496,201.952087,"136.123779, 300.763092, 336.581787, 184.387848, 12.886604, ","[["" 123.732"", "" 132.277"", ""  59.817""], ["" 125.291"", "" 132.876"", ""  60.430""], ["" 127.278"", "" 132.299"", ""  61.496""], ["" 127.705"", "" 133.626"", ""  61.520""], ["" 126.093"", "" 131.922"", ""  60.965""], ["" 126.883"", "" 134.625"", ""  60.978""], ["" 125.640"", "" 134.246"", ""  60.414""], ["" 124.723"", "" 135.247"", ""  59.859""], ["" 123.999"", "" 136.038"", ""  59.422""], ["" 128.124"", "" 131.182"", ""  62.076""], ["" 127.359"", "" 136.089"", ""  61.032""], ["" 126.720"", "" 136.744"", ""  62.002""], ["" 128.670"", "" 136.134"", ""  61.270""], ["" 127.135"", "" 136.745"", ""  59.891""], ["" 123.648"", "" 130.530"", ""  60.328""], ["" 123.648"", "" 130.376"", ""  61.852""], ["" 124.820"", "" 129.990"", ""  62.403""], ["" 122.604"", "" 130.571"", ""  62.476""], ["" 125.626"", "" 129.971"", ""  61.796""], ["" 125.079"", "" 129.655"", ""  63.744""], ["" 124.134"", "" 129.813"", ""  64.716""], ["" 126.332"", "" 129.096"", ""  64.020""], ["" 124.433"", "" 129.428"", ""  65.983""], ["" 126.626"", "" 128.706"", ""  65.329""], ["" 125.667"", "" 128.872"", ""  66.330""], ["" 123.335"", "" 129.629"", ""  67.010""]]",[],2e_Grossjean_2025
32,9943,2f_Grossjean_2025,4h2i_c_3_mae_prepped,1,13,-6.09,-0.24359999999999998,0.0,0.0,2,188.97,-7.58,-7.39,-0.19,-7.58,0.0,-0.64,1.49,-0.64,49,11,0.0,0.0,0.0,9.782248,9.247952,4.240211,0.42121946,0.02380243,0.90664636,119.955116,"355.72699, 64.338577, 149.507523, 220.858414, 348.594666, ","[["" 129.783"", "" 126.051"", ""  63.338""], ["" 130.183"", "" 124.676"", ""  62.278""], ["" 129.282"", "" 123.097"", ""  60.821""], ["" 130.534"", "" 122.538"", ""  60.576""], ["" 129.101"", "" 124.142"", ""  61.660""], ["" 131.663"", "" 123.062"", ""  61.224""], ["" 131.489"", "" 124.157"", ""  62.110""], ["" 132.628"", "" 124.702"", ""  62.854""], ["" 133.528"", "" 125.133"", ""  63.440""], ["" 128.029"", "" 122.563"", ""  60.154""], ["" 133.037"", "" 122.423"", ""  60.948""], ["" 133.856"", "" 123.318"", ""  60.393""], ["" 133.577"", "" 121.995"", ""  62.090""], ["" 132.966"", "" 121.379"", ""  60.120""], ["" 129.158"", "" 127.409"", ""  62.292""], ["" 127.768"", "" 127.938"", ""  62.674""], ["" 127.575"", "" 128.101"", ""  64.000""], ["" 126.934"", "" 128.197"", ""  61.805""], ["" 128.369"", "" 127.905"", ""  64.594""], ["" 126.433"", "" 128.550"", ""  64.690""], ["" 125.494"", "" 129.279"", ""  63.952""], ["" 126.171"", "" 128.342"", ""  66.057""], ["" 124.349"", "" 129.776"", ""  64.485""], ["" 124.998"", "" 128.848"", ""  66.620""], ["" 124.115"", "" 129.554"", ""  65.803""]]",[],2f_Grossjean_2025
33,9726,2g_Grossjean_2025,4h2i_c_3_mae_prepped,1,4,-6.49,-0.24961538461538463,0.0,0.0,2,190.32,-8.28,-8.06,-0.22,-8.28,0.0,-0.66,1.79,-0.66,53,7,0.0,0.0,0.0,7.341155,12.385612,7.761347,-0.82539519,0.36186046,-0.43333565,170.463242,"9.300797, 255.712952, 321.248352, 9.275281, 105.989136, 111.694756, ","[["" 127.773"", "" 129.062"", ""  63.818""], ["" 127.210"", "" 130.450"", ""  62.857""], ["" 127.893"", "" 132.160"", ""  61.430""], ["" 126.588"", "" 132.623"", ""  61.281""], ["" 128.208"", "" 131.097"", ""  62.204""], ["" 125.546"", "" 131.982"", ""  61.968""], ["" 125.859"", "" 130.869"", ""  62.790""], ["" 124.817"", "" 130.199"", ""  63.573""], ["" 123.994"", "" 129.671"", ""  64.190""], ["" 129.057"", "" 132.822"", ""  60.717""], ["" 124.110"", "" 132.514"", ""  61.798""], ["" 123.269"", "" 131.507"", ""  61.554""], ["" 123.725"", "" 133.139"", ""  62.911""], ["" 123.996"", "" 133.380"", ""  60.789""], ["" 127.080"", "" 129.240"", ""  65.496""], ["" 128.122"", "" 129.258"", ""  66.623""], ["" 128.841"", "" 128.129"", ""  66.763""], ["" 128.279"", "" 130.250"", ""  67.337""], ["" 128.636"", "" 127.350"", ""  66.154""], ["" 129.883"", "" 127.904"", ""  67.766""], ["" 129.354"", "" 127.569"", ""  69.157""], ["" 128.250"", "" 126.723"", ""  69.296""], ["" 130.010"", "" 128.057"", ""  70.291""], ["" 127.789"", "" 126.385"", ""  70.566""], ["" 129.548"", "" 127.719"", ""  71.560""], ["" 128.439"", "" 126.886"", ""  71.692""]]",[],2g_Grossjean_2025
34,292,2h_Grossjean_2025,4h2i_c_3_mae_prepped,1,16,-5.74,-0.179375,0.0,0.0,8,192.64,-8.43,-8.29,-0.14,-8.43,0.0,-1.59,2.68,-1.59,61,8,0.0,0.0,0.0,5.428053,12.717788,2.149151,-0.21631242,-0.45554034,-0.86353456,303.206329,"33.810165, 296.069794, 10.667183, 114.81266, 197.904648, 34.752972, 81.509827, 346.6138, 299.20462, ","[["" 124.140"", "" 132.378"", ""  61.113""], ["" 125.466"", "" 132.592"", ""  61.165""], ["" 123.396"", "" 132.944"", ""  60.310""], ["" 126.015"", "" 132.066"", ""  61.831""], ["" 123.592"", "" 131.362"", ""  62.126""], ["" 124.497"", "" 129.780"", ""  62.197""], ["" 124.950"", "" 129.523"", ""  63.898""], ["" 124.143"", "" 129.453"", ""  66.081""], ["" 125.412"", "" 129.193"", ""  66.593""], ["" 123.907"", "" 129.614"", ""  64.760""], ["" 126.500"", "" 129.074"", ""  65.715""], ["" 126.268"", "" 129.233"", ""  64.325""], ["" 127.359"", "" 129.061"", ""  63.362""], ["" 128.221"", "" 128.921"", ""  62.603""], ["" 122.931"", "" 129.576"", ""  66.986""], ["" 127.895"", "" 128.777"", ""  66.299""], ["" 128.498"", "" 129.916"", ""  66.639""], ["" 127.845"", "" 128.009"", ""  67.390""], ["" 128.644"", "" 128.143"", ""  65.396""], ["" 126.217"", "" 133.433"", ""  60.233""], ["" 127.475"", "" 132.764"", ""  59.680""], ["" 128.636"", "" 132.655"", ""  60.460""], ["" 127.470"", "" 132.258"", ""  58.379""], ["" 129.768"", "" 132.002"", ""  59.943""], ["" 128.600"", "" 131.628"", ""  57.862""], ["" 129.761"", "" 131.490"", ""  58.639""], ["" 128.650"", "" 133.153"", ""  61.741""], ["" 128.357"", "" 132.192"", ""  62.747""], ["" 130.902"", "" 131.876"", ""  60.710""], ["" 131.268"", "" 130.532"", ""  60.990""], ["" 130.916"", "" 130.871"", ""  58.196""], ["" 131.829"", "" 131.596"", ""  57.380""]]",[],2h_Grossjean_2025
35,132,2i_Grossjean_2025,4h2i_c_3_mae_prepped,1,8,-6.62,-0.2758333333333333,0.0,0.0,2,191.84,-8.11,-7.91,-0.2,-8.11,0.0,-0.3,1.49,-0.3,64,9,0.0,0.0,0.0,11.06567,6.36647,17.077971,0.58437591,-0.37583525,0.71920279,232.312714,"67.807182, 80.044861, 276.124146, 122.724854, 79.306671, ","[["" 130.429"", "" 123.260"", ""  74.921""], ["" 131.035"", "" 124.863"", ""  74.419""], ["" 130.516"", "" 126.894"", ""  73.396""], ["" 131.813"", "" 127.370"", ""  73.573""], ["" 130.127"", "" 125.667"", ""  73.809""], ["" 132.766"", "" 126.556"", ""  74.202""], ["" 132.372"", "" 125.267"", ""  74.641""], ["" 133.328"", "" 124.375"", ""  75.306""], ["" 134.081"", "" 123.671"", ""  75.832""], ["" 129.445"", "" 127.733"", ""  72.724""], ["" 134.196"", "" 127.098"", ""  74.388""], ["" 134.993"", "" 126.134"", ""  74.853""], ["" 134.677"", "" 127.532"", ""  73.223""], ["" 134.255"", "" 128.117"", ""  75.250""], ["" 130.449"", "" 122.168"", ""  73.467""], ["" 129.050"", "" 121.944"", ""  72.891""], ["" 128.674"", "" 120.655"", ""  72.745""], ["" 128.350"", "" 122.921"", ""  72.621""], ["" 129.323"", "" 119.940"", ""  73.040""], ["" 127.458"", "" 120.197"", ""  72.264""], ["" 127.391"", "" 119.763"", ""  71.024""], ["" 126.208"", "" 120.122"", ""  72.894""], ["" 126.069"", "" 119.369"", ""  70.806""], ["" 125.368"", "" 119.592"", ""  71.943""]]",[],2i_Grossjean_2025
36,10924,2j_Grossjean_2025,4h2i_c_3_mae_prepped,1,18,-6.66,-0.2775,0.0,0.0,1,191.36,-8.15,-7.85,-0.3,-8.15,0.0,-0.25,1.49,-0.25,67,8,0.0,0.0,0.0,11.45406,6.225165,16.835217,0.59217488,-0.37708409,0.71213517,236.245148,"74.552521, 74.738792, 108.257332, 67.223549, 81.800301, ","[["" 130.466"", "" 123.282"", ""  74.950""], ["" 131.054"", "" 124.889"", ""  74.437""], ["" 130.524"", "" 126.894"", ""  73.370""], ["" 131.804"", "" 127.400"", ""  73.581""], ["" 130.148"", "" 125.664"", ""  73.788""], ["" 132.755"", "" 126.616"", ""  74.252""], ["" 132.376"", "" 125.324"", ""  74.694""], ["" 133.328"", "" 124.462"", ""  75.400""], ["" 134.081"", "" 123.781"", ""  75.958""], ["" 129.458"", "" 127.701"", ""  72.654""], ["" 134.166"", "" 127.193"", ""  74.478""], ["" 135.004"", "" 126.219"", ""  74.837""], ["" 134.614"", "" 127.757"", ""  73.355""], ["" 134.196"", "" 128.123"", ""  75.434""], ["" 130.395"", "" 122.200"", ""  73.481""], ["" 128.982"", "" 121.937"", ""  72.941""], ["" 128.651"", "" 120.630"", ""  72.832""], ["" 128.234"", "" 122.873"", ""  72.651""], ["" 129.343"", "" 119.949"", ""  73.110""], ["" 127.446"", "" 120.115"", ""  72.373""], ["" 127.216"", "" 119.488"", ""  71.240""], ["" 126.060"", "" 120.304"", ""  73.398""], ["" 125.951"", "" 119.132"", ""  71.130""], ["" 125.121"", "" 119.473"", ""  72.194""]]",[],2j_Grossjean_2025
37,9819,2k_Grossjean_2025,4h2i_c_3_mae_prepped,1,7,-5.05,-0.17413793103448275,0.0,0.0,1,186.61,-8.93,-8.42,-0.51,-8.93,0.0,-1.69,3.88,-1.69,50,8,0.0,0.0,0.0,10.927576,8.131964,5.43524,0.03634542,-0.90238573,-0.42939375,133.542984,"126.112053, 350.114502, 249.913971, 130.462982, 53.259983, 354.461456, 5.796587, 308.442017, 299.466003, 192.965485, 83.070122, 300.535889, 156.327316, ","[["" 125.481"", "" 123.706"", ""  61.386""], ["" 126.424"", "" 124.735"", ""  60.737""], ["" 126.988"", "" 125.683"", ""  61.702""], ["" 128.254"", "" 126.141"", ""  61.703""], ["" 129.090"", "" 125.825"", ""  60.853""], ["" 126.362"", "" 126.005"", ""  62.426""], ["" 128.621"", "" 127.084"", ""  62.858""], ["" 127.252"", "" 128.112"", ""  63.494""], ["" 126.316"", "" 128.770"", ""  62.120""], ["" 124.186"", "" 129.963"", ""  64.717""], ["" 124.599"", "" 129.761"", ""  63.654""], ["" 125.121"", "" 129.504"", ""  62.308""], ["" 124.440"", "" 129.985"", ""  61.161""], ["" 126.820"", "" 128.512"", ""  60.887""], ["" 124.985"", "" 129.714"", ""  59.896""], ["" 126.166"", "" 128.983"", ""  59.802""], ["" 126.799"", "" 128.664"", ""  58.462""], ["" 123.130"", "" 130.791"", ""  61.247""], ["" 122.187"", "" 130.170"", ""  61.957""], ["" 123.356"", "" 131.971"", ""  61.826""], ["" 122.640"", "" 130.997"", ""  60.024""], ["" 126.240"", "" 122.856"", ""  62.233""], ["" 127.528"", "" 122.512"", ""  61.746""], ["" 128.543"", "" 122.794"", ""  62.862""], ["" 129.500"", "" 121.741"", ""  62.875""], ["" 129.520"", "" 120.956"", ""  61.692""], ["" 130.874"", "" 121.137"", ""  60.995""], ["" 131.755"", "" 121.867"", ""  61.839""], ["" 132.990"", "" 122.193"", ""  61.220""]]",[],2k_Grossjean_2025
38,10105,3aa_Grossjean_2025,4h2i_c_3_mae_prepped,1,14,-7.9,-0.22571428571428573,0.0,0.0,3,190.55,-10.59,-10.06,-0.52,-10.59,0.0,-1.09,2.68,-1.09,63,6,0.0,0.0,0.0,8.401176,10.444925,7.688338,-0.86649186,-0.39924867,0.29965372,94.084564,"111.297188, 279.388397, 126.681091, 308.11441, 29.375469, 353.759369, 40.170593, 325.986053, 126.341057, ","[["" 128.431"", "" 128.805"", ""  66.421""], ["" 128.827"", "" 127.749"", ""  67.165""], ["" 128.145"", "" 129.920"", ""  66.859""], ["" 128.953"", "" 126.878"", ""  66.670""], ["" 128.328"", "" 128.550"", ""  64.917""], ["" 126.682"", "" 128.973"", ""  64.271""], ["" 126.928"", "" 130.096"", ""  62.913""], ["" 123.398"", "" 130.569"", ""  63.085""], ["" 124.494"", "" 130.669"", ""  62.725""], ["" 125.882"", "" 130.796"", ""  62.271""], ["" 126.218"", "" 131.651"", ""  61.194""], ["" 127.569"", "" 131.778"", ""  60.836""], ["" 128.227"", "" 130.247"", ""  62.561""], ["" 128.556"", "" 131.079"", ""  61.539""], ["" 125.163"", "" 132.447"", ""  60.403""], ["" 124.340"", "" 131.663"", ""  59.704""], ["" 124.412"", "" 133.169"", ""  61.236""], ["" 125.764"", "" 133.268"", ""  59.542""], ["" 130.013"", "" 131.180"", ""  61.201""], ["" 130.461"", "" 130.944"", ""  59.891""], ["" 130.964"", "" 131.519"", ""  62.178""], ["" 131.812"", "" 131.038"", ""  59.569""], ["" 132.317"", "" 131.611"", ""  61.859""], ["" 132.735"", "" 131.370"", ""  60.555""], ["" 129.033"", "" 127.658"", ""  68.556""], ["" 130.062"", "" 128.447"", ""  69.073""], ["" 128.277"", "" 126.857"", ""  69.426""], ["" 130.350"", "" 128.427"", ""  70.435""], ["" 128.566"", "" 126.840"", ""  70.786""], ["" 129.607"", "" 127.619"", ""  71.309""], ["" 129.892"", "" 127.568"", ""  72.783""], ["" 129.010"", "" 127.456"", ""  73.640""], ["" 131.216"", "" 127.643"", ""  73.076""], ["" 131.786"", "" 126.836"", ""  74.099""], ["" 133.310"", "" 126.990"", ""  74.082""]]",[],3aa_Grossjean_2025
39,80,3ab_Grossjean_2025,4h2i_c_3_mae_prepped,1,18,-7.79,-0.22911764705882354,0.0,0.0,6,190.13,-10.17,-9.38,-0.79,-10.17,0.0,-1.0,2.39,-1.0,60,8,0.0,0.0,0.0,8.293038,9.500208,7.913979,-0.94278251,-0.29402838,0.1571892,106.811752,"354.961182, 149.559494, 130.539551, 273.238037, 17.635769, 308.327759, 48.507679, 127.375107, ","[["" 128.443"", "" 128.760"", ""  66.562""], ["" 128.724"", "" 127.662"", ""  67.294""], ["" 128.253"", "" 129.890"", ""  67.012""], ["" 128.803"", "" 126.795"", ""  66.782""], ["" 128.361"", "" 128.537"", ""  65.050""], ["" 126.699"", "" 128.876"", ""  64.398""], ["" 126.885"", "" 129.960"", ""  62.997""], ["" 123.343"", "" 130.339"", ""  63.205""], ["" 124.431"", "" 130.457"", ""  62.830""], ["" 125.808"", "" 130.608"", ""  62.352""], ["" 126.104"", "" 131.445"", ""  61.247""], ["" 127.444"", "" 131.600"", ""  60.863""], ["" 128.173"", "" 130.140"", ""  62.619""], ["" 128.462"", "" 130.939"", ""  61.560""], ["" 125.014"", "" 132.194"", ""  60.457""], ["" 125.515"", "" 132.973"", ""  59.495""], ["" 124.187"", "" 131.325"", ""  59.876""], ["" 124.311"", "" 132.975"", ""  61.280""], ["" 129.912"", "" 131.083"", ""  61.205""], ["" 130.849"", "" 131.500"", ""  62.164""], ["" 130.373"", "" 130.811"", ""  59.905""], ["" 132.196"", "" 131.635"", ""  61.840""], ["" 131.719"", "" 130.944"", ""  59.576""], ["" 132.627"", "" 131.355"", ""  60.547""], ["" 128.882"", "" 127.519"", ""  68.686""], ["" 128.098"", "" 126.690"", ""  69.503""], ["" 129.897"", "" 128.285"", ""  69.262""], ["" 128.339"", "" 126.631"", ""  70.873""], ["" 130.137"", "" 128.222"", ""  70.632""], ["" 129.362"", "" 127.395"", ""  71.455""], ["" 129.646"", "" 127.353"", ""  72.929""], ["" 129.770"", "" 128.366"", ""  73.623""], ["" 129.755"", "" 126.092"", ""  73.418""], ["" 130.881"", "" 125.704"", ""  74.194""]]",[],3ab_Grossjean_2025
40,9952,3ac_Grossjean_2025,4h2i_c_3_mae_prepped,1,8,-7.11,-0.2221875,0.0,0.0,1,189.26,-9.2,-8.66,-0.54,-9.2,0.0,-0.93,2.09,-0.93,58,7,0.0,0.0,0.0,8.254487,13.453249,6.931298,0.89688542,0.29713861,-0.3275747,284.664215,"359.747406, 165.013199, 138.700745, 354.053802, 328.356842, 276.340424, 222.655136, ","[["" 128.254"", "" 128.627"", ""  64.908""], ["" 126.540"", "" 128.879"", ""  64.353""], ["" 126.561"", "" 129.837"", ""  62.850""], ["" 123.014"", "" 130.012"", ""  63.223""], ["" 124.071"", "" 130.158"", ""  62.775""], ["" 125.408"", "" 130.343"", ""  62.207""], ["" 125.586"", "" 131.084"", ""  61.012""], ["" 126.890"", "" 131.300"", ""  60.545""], ["" 127.813"", "" 130.078"", ""  62.389""], ["" 127.988"", "" 130.792"", ""  61.247""], ["" 124.406"", "" 131.666"", ""  60.209""], ["" 124.791"", "" 132.258"", ""  59.077""], ["" 123.549"", "" 130.698"", ""  59.879""], ["" 123.766"", "" 132.577"", ""  60.943""], ["" 129.404"", "" 131.020"", ""  60.810""], ["" 130.409"", "" 131.305"", ""  61.750""], ["" 129.766"", "" 130.959"", ""  59.454""], ["" 131.726"", "" 131.512"", ""  61.351""], ["" 131.082"", "" 131.165"", ""  59.051""], ["" 132.058"", "" 131.440"", ""  60.002""], ["" 128.412"", "" 128.848"", ""  66.413""], ["" 128.811"", "" 127.769"", ""  67.121""], ["" 128.179"", "" 129.962"", ""  66.884""], ["" 129.056"", "" 126.948"", ""  66.588""], ["" 129.001"", "" 127.640"", ""  68.510""], ["" 128.124"", "" 126.783"", ""  69.174""], ["" 129.974"", "" 128.337"", ""  69.244""], ["" 128.222"", "" 126.606"", ""  70.551""], ["" 130.069"", "" 128.159"", ""  70.622""], ["" 129.190"", "" 127.289"", ""  71.287""], ["" 129.209"", "" 127.054"", ""  72.648""], ["" 130.446"", "" 127.130"", ""  73.350""]]",[],3ac_Grossjean_2025
41,207,3ad_Grossjean_2025,4h2i_c_3_mae_prepped,1,19,-7.34,-0.24466666666666667,0.0,0.0,1,194.46,-9.13,-8.82,-0.31,-9.13,0.0,-1.05,1.79,-1.05,71,7,0.0,0.0,0.0,7.132261,14.128238,16.942014,-0.59307437,-0.74438575,-0.30684303,189.062607,"25.348797, 67.603577, 316.803772, 297.354828, 353.685974, 133.312439, ","[["" 127.349"", "" 132.541"", ""  75.262""], ["" 127.094"", "" 130.813"", ""  74.925""], ["" 123.736"", "" 131.423"", ""  75.966""], ["" 124.671"", "" 130.865"", ""  75.575""], ["" 125.854"", "" 130.154"", ""  75.079""], ["" 125.793"", "" 128.773"", ""  74.774""], ["" 126.965"", "" 128.129"", ""  74.347""], ["" 128.217"", "" 130.165"", ""  74.531""], ["" 128.163"", "" 128.843"", ""  74.231""], ["" 124.497"", "" 127.949"", ""  74.897""], ["" 124.725"", "" 126.644"", ""  75.057""], ["" 123.791"", "" 128.367"", ""  75.949""], ["" 123.757"", "" 128.092"", ""  73.796""], ["" 129.446"", "" 128.201"", ""  73.795""], ["" 129.838"", "" 128.226"", ""  72.447""], ["" 130.292"", "" 127.566"", ""  74.720""], ["" 131.028"", "" 127.633"", ""  72.035""], ["" 131.483"", "" 126.972"", ""  74.312""], ["" 131.847"", "" 127.007"", ""  72.970""], ["" 127.431"", "" 133.397"", ""  73.660""], ["" 128.835"", "" 133.353"", ""  73.053""], ["" 129.505"", "" 134.526"", ""  73.058""], ["" 129.263"", "" 132.287"", ""  72.610""], ["" 129.039"", "" 135.301"", ""  73.507""], ["" 130.790"", "" 134.832"", ""  72.573""], ["" 130.862"", "" 135.913"", ""  71.689""], ["" 131.960"", "" 134.126"", ""  72.902""], ["" 132.086"", "" 136.297"", ""  71.147""], ["" 133.182"", "" 134.514"", ""  72.357""], ["" 133.240"", "" 135.597"", ""  71.484""]]",[],3ad_Grossjean_2025
42,10073,3af_Grossjean_2025,4h2i_c_3_mae_prepped,1,18,-7.2,-0.24000000000000002,0.0,0.0,1,192.55,-8.99,-8.67,-0.31,-8.99,0.0,-1.07,1.79,-1.07,71,6,0.0,0.0,0.0,9.127957,13.821434,17.001972,0.77030867,0.60962798,0.1870248,161.609268,"264.955109, 64.226242, 311.792969, 108.815598, 149.003601, 60.716274, ","[["" 127.346"", "" 132.536"", ""  75.396""], ["" 127.096"", "" 130.809"", ""  75.038""], ["" 123.716"", "" 131.384"", ""  76.028""], ["" 124.661"", "" 130.836"", ""  75.645""], ["" 125.856"", "" 130.141"", ""  75.161""], ["" 125.809"", "" 128.763"", ""  74.837""], ["" 126.993"", "" 128.129"", ""  74.429""], ["" 128.231"", "" 130.169"", ""  74.663""], ["" 128.189"", "" 128.849"", ""  74.348""], ["" 124.514"", "" 127.932"", ""  74.922""], ["" 123.744"", "" 128.059"", ""  73.839""], ["" 124.811"", "" 126.639"", ""  75.055""], ["" 123.789"", "" 128.320"", ""  75.972""], ["" 129.485"", "" 128.218"", ""  73.937""], ["" 129.877"", "" 128.196"", ""  72.589""], ["" 130.344"", "" 127.638"", ""  74.886""], ["" 131.081"", "" 127.613"", ""  72.201""], ["" 131.549"", "" 127.054"", ""  74.502""], ["" 131.911"", "" 127.043"", ""  73.159""], ["" 127.337"", "" 133.443"", ""  73.820""], ["" 128.671"", "" 133.318"", ""  73.085""], ["" 129.401"", "" 134.452"", ""  73.014""], ["" 128.999"", "" 132.227"", ""  72.620""], ["" 128.993"", "" 135.271"", ""  73.438""], ["" 130.660"", "" 134.674"", ""  72.423""], ["" 131.769"", "" 134.131"", ""  73.082""], ["" 130.895"", "" 135.389"", ""  71.234""], ["" 133.043"", "" 134.259"", ""  72.633""], ["" 132.201"", "" 135.531"", ""  70.759""], ["" 133.242"", "" 134.952"", ""  71.485""]]",[],3af_Grossjean_2025
43,9865,3ag_Grossjean_2025,4h2i_c_3_mae_prepped,1,17,-7.57,-0.24419354838709678,0.0,0.0,1,191.72,-9.66,-9.49,-0.16,-9.66,0.0,-1.09,2.09,-1.09,57,5,0.0,0.0,0.0,7.419547,12.891073,6.881985,-0.29557302,0.18286836,-0.93765439,131.156647,"103.581238, 320.533203, 358.132599, 319.058807, 13.484082, 46.155266, 116.245865, ","[["" 127.376"", "" 128.531"", ""  64.041""], ["" 127.547"", "" 129.927"", ""  62.950""], ["" 124.043"", "" 130.372"", ""  63.466""], ["" 125.121"", "" 130.553"", ""  63.083""], ["" 126.483"", "" 130.787"", ""  62.597""], ["" 126.766"", "" 131.868"", ""  61.727""], ["" 128.076"", "" 132.018"", ""  61.247""], ["" 128.800"", "" 130.079"", ""  62.459""], ["" 129.072"", "" 131.107"", ""  61.614""], ["" 125.695"", "" 132.886"", ""  61.289""], ["" 124.900"", "" 132.418"", ""  60.325""], ["" 124.922"", "" 133.206"", ""  62.328""], ["" 126.276"", "" 133.993"", ""  60.825""], ["" 130.486"", "" 131.217"", ""  61.129""], ["" 130.794"", "" 131.040"", ""  59.771""], ["" 131.540"", "" 131.496"", ""  62.016""], ["" 132.105"", "" 131.141"", ""  59.313""], ["" 132.852"", "" 131.598"", ""  61.563""], ["" 133.130"", "" 131.421"", ""  60.211""], ["" 126.844"", "" 129.169"", ""  65.658""], ["" 128.000"", "" 129.249"", ""  66.656""], ["" 128.703"", "" 128.119"", ""  66.847""], ["" 128.237"", "" 130.309"", ""  67.238""], ["" 128.433"", "" 127.292"", ""  66.335""], ["" 129.820"", "" 127.962"", ""  67.778""], ["" 129.398"", "" 127.664"", ""  69.212""], ["" 128.296"", "" 126.840"", ""  69.455""], ["" 130.144"", "" 128.169"", ""  70.282""], ["" 127.926"", "" 126.541"", ""  70.764""], ["" 129.773"", "" 127.871"", ""  71.590""], ["" 128.664"", "" 127.061"", ""  71.825""]]",[],3ag_Grossjean_2025
44,68,3ai_Grossjean_2025,4h2i_c_3_mae_prepped,1,3,-7.68,-0.26482758620689656,0.0,0.0,1,193.05,-9.47,-9.23,-0.23,-9.47,0.0,-0.99,1.79,-0.99,70,9,0.0,0.0,0.0,8.620467,13.945398,16.899924,0.73696461,0.63875112,0.2210886,170.922989,"266.55426, 242.278259, 318.327759, 87.346283, 63.71719, 62.548019, ","[["" 127.441"", "" 132.453"", ""  75.622""], ["" 127.146"", "" 130.761"", ""  75.152""], ["" 123.781"", "" 131.375"", ""  76.166""], ["" 124.710"", "" 130.824"", ""  75.753""], ["" 125.887"", "" 130.124"", ""  75.227""], ["" 125.800"", "" 128.772"", ""  74.813""], ["" 126.965"", "" 128.133"", ""  74.363""], ["" 128.262"", "" 130.114"", ""  74.736""], ["" 128.182"", "" 128.821"", ""  74.330""], ["" 124.481"", "" 127.977"", ""  74.842""], ["" 123.735"", "" 128.170"", ""  73.753""], ["" 124.740"", "" 126.670"", ""  74.926""], ["" 123.749"", "" 128.341"", ""  75.895""], ["" 129.459"", "" 128.185"", ""  73.869""], ["" 130.312"", "" 127.547"", ""  74.784""], ["" 129.832"", "" 128.201"", ""  72.514""], ["" 131.497"", "" 126.950"", ""  74.362""], ["" 131.016"", "" 127.605"", ""  72.089""], ["" 131.845"", "" 126.982"", ""  73.016""], ["" 127.313"", "" 133.482"", ""  74.120""], ["" 128.479"", "" 133.335"", ""  73.132""], ["" 129.160"", "" 134.478"", ""  72.889""], ["" 128.742"", "" 132.242"", ""  72.624""], ["" 128.850"", "" 135.312"", ""  73.368""], ["" 130.247"", "" 134.646"", ""  72.042""], ["" 130.190"", "" 134.907"", ""  70.747""], ["" 131.570"", "" 134.556"", ""  72.474""], ["" 131.508"", "" 134.997"", ""  70.295""], ["" 132.330"", "" 134.783"", ""  71.350""]]",[],3ai_Grossjean_2025
45,10385,3aj_Grossjean_2025,4h2i_c_3_mae_prepped,1,1,-6.13,-0.21137931034482757,0.0,0.0,6,188.81,-7.92,-7.89,-0.02,-7.92,0.0,-2.11,1.79,-2.11,54,7,0.0,0.0,0.0,5.896373,14.554303,4.466198,0.10440561,-0.75299751,-0.64968779,200.164413,"183.214478, 161.231277, 203.663757, 313.450806, 272.811768, 81.705994, ","[["" 123.640"", "" 130.621"", ""  61.279""], ["" 125.321"", "" 130.513"", ""  61.854""], ["" 123.879"", "" 129.488"", ""  64.953""], ["" 124.676"", "" 129.757"", ""  64.159""], ["" 125.688"", "" 130.097"", ""  63.155""], ["" 127.068"", "" 130.052"", ""  63.473""], ["" 127.995"", "" 130.433"", ""  62.490""], ["" 126.234"", "" 130.898"", ""  60.931""], ["" 127.557"", "" 130.849"", ""  61.229""], ["" 127.589"", "" 129.610"", ""  64.854""], ["" 126.608"", "" 129.251"", ""  65.686""], ["" 128.406"", "" 128.566"", ""  64.721""], ["" 128.255"", "" 130.610"", ""  65.432""], ["" 128.503"", "" 131.275"", ""  60.148""], ["" 128.023"", "" 131.854"", ""  58.963""], ["" 129.892"", "" 131.114"", ""  60.291""], ["" 128.897"", "" 132.256"", ""  57.955""], ["" 130.768"", "" 131.512"", ""  59.287""], ["" 130.267"", "" 132.082"", ""  58.121""], ["" 123.566"", "" 131.933"", ""  60.012""], ["" 124.110"", "" 133.298"", ""  60.458""], ["" 125.429"", "" 133.482"", ""  60.230""], ["" 123.367"", "" 134.133"", ""  60.980""], ["" 125.938"", "" 132.724"", ""  59.800""], ["" 126.174"", "" 134.613"", ""  60.539""], ["" 125.883"", "" 135.868"", ""  60.275""], ["" 127.675"", "" 134.370"", ""  61.375""], ["" 126.817"", "" 136.687"", ""  60.718""], ["" 127.902"", "" 136.093"", ""  61.359""]]",[],3aj_Grossjean_2025
46,9877,3ak_Grossjean_2025,4h2i_c_3_mae_prepped,1,12,-6.28,-0.1847058823529412,0.0,0.0,1,193.27,-10.46,-9.78,-0.68,-10.46,0.0,-1.14,4.18,-1.14,59,7,0.0,0.0,0.0,9.659826,15.788638,12.969222,-0.73019073,0.21917303,0.64713575,164.140945,"7.538547, 218.099777, 323.037354, 278.216217, 206.365372, 2.258878, 280.15918, 108.5467, 10.376795, 321.832397, 126.136131, 198.091873, 233.802109, 208.46991, ","[["" 130.285"", "" 128.606"", ""  70.569""], ["" 129.446"", "" 127.705"", ""  71.280""], ["" 129.523"", "" 128.022"", ""  72.784""], ["" 128.327"", "" 127.715"", ""  73.497""], ["" 128.057"", "" 128.538"", ""  74.627""], ["" 126.539"", "" 128.638"", ""  74.819""], ["" 125.950"", "" 127.380"", ""  74.518""], ["" 124.532"", "" 127.409"", ""  74.504""], ["" 130.292"", "" 128.399"", ""  69.163""], ["" 128.982"", "" 127.724"", ""  68.718""], ["" 128.799"", "" 127.701"", ""  67.266""], ["" 128.426"", "" 128.744"", ""  66.500""], ["" 128.212"", "" 129.866"", ""  66.960""], ["" 128.976"", "" 126.817"", ""  66.811""], ["" 128.260"", "" 128.529"", ""  64.986""], ["" 126.658"", "" 129.036"", ""  64.259""], ["" 126.969"", "" 130.206"", ""  62.946""], ["" 128.262"", "" 130.316"", ""  62.553""], ["" 125.937"", "" 130.966"", ""  62.353""], ["" 128.600"", "" 131.184"", ""  61.565""], ["" 126.281"", "" 131.866"", ""  61.316""], ["" 124.547"", "" 130.825"", ""  62.799""], ["" 127.626"", "" 131.962"", ""  60.930""], ["" 123.450"", "" 130.714"", ""  63.152""], ["" 130.052"", "" 131.240"", ""  61.193""], ["" 130.461"", "" 131.041"", ""  59.866""], ["" 131.040"", "" 131.503"", ""  62.159""], ["" 131.807"", "" 131.095"", ""  59.514""], ["" 132.387"", "" 131.558"", ""  61.811""], ["" 132.765"", "" 131.353"", ""  60.489""], ["" 125.236"", "" 132.741"", ""  60.594""], ["" 124.456"", "" 133.351"", ""  61.487""], ["" 125.848"", "" 133.665"", ""  59.852""], ["" 124.443"", "" 132.037"", ""  59.783""]]",[],3ak_Grossjean_2025
47,10280,3bc_Grossjean_2025,4h2i_c_3_mae_prepped,1,4,-8.54,-0.2944827586206896,0.0,0.0,1,196.13,-10.33,-9.98,-0.35,-10.33,0.0,-1.13,1.79,-1.13,63,7,0.0,0.0,0.0,7.718736,15.306992,17.058691,-0.43389239,-0.34376504,-0.83280429,269.256927,"308.889191, 299.170074, 155.123856, 84.11087, 241.917847, 60.212334, ","[["" 128.499"", "" 133.149"", ""  72.946""], ["" 129.219"", "" 134.291"", ""  72.928""], ["" 128.919"", "" 132.049"", ""  72.583""], ["" 128.786"", "" 135.101"", ""  73.348""], ["" 127.078"", "" 133.296"", ""  73.507""], ["" 126.834"", "" 132.624"", ""  75.186""], ["" 126.726"", "" 130.853"", ""  75.053""], ["" 125.641"", "" 128.702"", ""  75.242""], ["" 125.581"", "" 130.103"", ""  75.405""], ["" 126.820"", "" 128.118"", ""  74.766""], ["" 124.376"", "" 130.732"", ""  75.948""], ["" 127.926"", "" 128.920"", ""  74.469""], ["" 123.421"", "" 131.226"", ""  76.377""], ["" 127.869"", "" 130.270"", ""  74.614""], ["" 124.463"", "" 127.786"", ""  75.571""], ["" 129.218"", "" 128.355"", ""  73.958""], ["" 130.116"", "" 127.718"", ""  74.828""], ["" 129.567"", "" 128.452"", ""  72.600""], ["" 131.317"", "" 127.191"", ""  74.361""], ["" 130.767"", "" 127.925"", ""  72.128""], ["" 131.638"", "" 127.296"", ""  73.012""], ["" 130.534"", "" 134.505"", ""  72.474""], ["" 131.519"", "" 134.587"", ""  73.460""], ["" 130.889"", "" 134.670"", ""  71.127""], ["" 132.848"", "" 134.808"", ""  73.107""], ["" 132.219"", "" 134.892"", ""  70.778""], ["" 133.211"", "" 134.960"", ""  71.768""], ["" 134.553"", "" 135.176"", ""  71.515""], ["" 135.498"", "" 134.179"", ""  71.886""]]",[],3bc_Grossjean_2025
48,9906,3bd_Grossjean_2025,4h2i_c_3_mae_prepped,1,1,-8.6,-0.3185185185185185,0.0,0.0,5,192.86,-10.09,-9.76,-0.33,-10.09,0.0,-1.1,1.49,-1.1,59,6,0.0,0.0,0.0,7.403616,15.115942,16.467622,0.73843194,0.56762581,-0.36403188,240.927704,"121.504807, 68.875114, 240.187027, 352.527313, 97.767288, ","[["" 126.990"", "" 132.609"", ""  75.253""], ["" 126.842"", "" 130.847"", ""  75.009""], ["" 125.625"", "" 128.758"", ""  75.033""], ["" 125.639"", "" 130.151"", ""  75.257""], ["" 126.789"", "" 128.126"", ""  74.582""], ["" 124.435"", "" 130.843"", ""  75.729""], ["" 127.951"", "" 128.875"", ""  74.364""], ["" 123.484"", "" 131.387"", ""  76.100""], ["" 127.962"", "" 130.218"", ""  74.571""], ["" 124.381"", "" 127.901"", ""  75.263""], ["" 129.231"", "" 128.262"", ""  73.877""], ["" 129.570"", "" 128.296"", ""  72.515""], ["" 130.120"", "" 127.634"", ""  74.765""], ["" 130.755"", "" 127.728"", ""  72.056""], ["" 131.306"", "" 127.064"", ""  74.310""], ["" 131.621"", "" 127.114"", ""  72.957""], ["" 127.157"", "" 133.392"", ""  73.621""], ["" 128.569"", "" 133.239"", ""  73.053""], ["" 129.336"", "" 134.350"", ""  73.084""], ["" 128.924"", "" 132.141"", ""  72.623""], ["" 128.943"", "" 135.154"", ""  73.551""], ["" 130.652"", "" 134.530"", ""  72.618""], ["" 130.797"", "" 134.701"", ""  71.239""], ["" 131.790"", "" 134.515"", ""  73.440""], ["" 132.062"", "" 134.878"", ""  70.684""], ["" 133.054"", "" 134.691"", ""  72.882""], ["" 133.184"", "" 134.874"", ""  71.508""]]",[],3bd_Grossjean_2025
49,10493,3be_Grossjean_2025,4h2i_c_3_mae_prepped,1,10,-8.04,-0.2871428571428571,0.0,0.0,3,188.08,-9.53,-9.26,-0.27,-9.53,0.0,-1.12,1.49,-1.12,52,8,0.0,0.0,0.0,4.735378,12.784036,2.345509,0.30558622,0.91838957,-0.25135165,293.178436,"267.172272, 356.609131, 206.781219, 92.389214, 67.107567, ","[["" 123.405"", "" 131.055"", ""  60.544""], ["" 124.538"", "" 131.368"", ""  59.148""], ["" 125.885"", "" 132.367"", ""  59.741""], ["" 126.889"", "" 134.318"", ""  60.756""], ["" 125.725"", "" 133.643"", ""  60.327""], ["" 128.137"", "" 133.716"", ""  60.567""], ["" 124.413"", "" 134.279"", ""  60.466""], ["" 128.224"", "" 132.466"", ""  59.946""], ["" 123.377"", "" 134.783"", ""  60.576""], ["" 127.104"", "" 131.808"", ""  59.544""], ["" 126.844"", "" 135.692"", ""  61.423""], ["" 129.532"", "" 131.773"", ""  59.704""], ["" 129.961"", "" 131.485"", ""  58.398""], ["" 130.359"", "" 131.387"", ""  60.772""], ["" 131.172"", "" 130.840"", ""  58.167""], ["" 131.572"", "" 130.742"", ""  60.544""], ["" 131.974"", "" 130.471"", ""  59.241""], ["" 124.065"", "" 131.054"", ""  61.933""], ["" 124.072"", "" 129.855"", ""  62.554""], ["" 124.538"", "" 132.090"", ""  62.404""], ["" 123.619"", "" 129.093"", ""  62.071""], ["" 124.601"", "" 129.519"", ""  63.814""], ["" 123.881"", "" 129.671"", ""  64.965""], ["" 125.913"", "" 129.035"", ""  63.828""], ["" 124.462"", "" 129.336"", ""  66.145""], ["" 126.498"", "" 128.694"", ""  65.051""], ["" 125.767"", "" 128.844"", ""  66.229""], ["" 123.606"", "" 129.530"", ""  67.381""]]",[],3be_Grossjean_2025
50,222,3bf_Grossjean_2025,4h2i_c_3_mae_prepped,1,7,-8.38,-0.3103703703703704,0.0,0.0,4,196.02,-9.87,-9.57,-0.3,-9.87,0.0,-1.08,1.49,-1.08,54,7,0.0,0.0,0.0,7.926211,14.594596,17.065129,0.48904785,0.12023653,0.86393019,67.356194,"125.108368, 201.550705, 104.1642, 60.718567, 51.57217, ","[["" 127.069"", "" 132.538"", ""  75.581""], ["" 126.827"", "" 130.805"", ""  75.251""], ["" 125.553"", "" 128.756"", ""  75.107""], ["" 125.595"", "" 130.133"", ""  75.415""], ["" 126.711"", "" 128.122"", ""  74.648""], ["" 124.380"", "" 130.828"", ""  75.850""], ["" 127.894"", "" 128.854"", ""  74.491""], ["" 123.420"", "" 131.375"", ""  76.195""], ["" 127.935"", "" 130.182"", ""  74.781""], ["" 124.282"", "" 127.920"", ""  75.247""], ["" 129.163"", "" 128.239"", ""  73.983""], ["" 129.537"", "" 128.379"", ""  72.637""], ["" 130.008"", "" 127.507"", ""  74.833""], ["" 130.714"", "" 127.810"", ""  72.157""], ["" 131.186"", "" 126.938"", ""  74.358""], ["" 131.535"", "" 127.092"", ""  73.020""], ["" 127.109"", "" 133.418"", ""  73.983""], ["" 128.406"", "" 133.249"", ""  73.178""], ["" 129.135"", "" 134.378"", ""  73.043""], ["" 128.704"", "" 132.159"", ""  72.688""], ["" 128.734"", "" 135.222"", ""  73.424""], ["" 130.365"", "" 134.561"", ""  72.382""], ["" 130.512"", "" 134.831"", ""  71.010""], ["" 131.527"", "" 134.433"", ""  73.150""], ["" 131.722"", "" 134.986"", ""  70.413""], ["" 132.778"", "" 134.590"", ""  72.550""], ["" 132.832"", "" 134.868"", ""  71.184""]]",[],3bf_Grossjean_2025
51,51,3bg_Grossjean_2025,4h2i_c_3_mae_prepped,1,1,-8.02,-0.2864285714285714,0.0,0.0,1,192.36,-9.81,-9.69,-0.12,-9.81,0.0,-0.96,1.79,-0.96,52,4,0.0,0.0,0.0,9.743941,8.960734,8.927496,0.03952442,0.41367285,0.90956725,128.777939,"128.967545, 98.654297, 205.457565, 317.866577, 198.346115, 43.322929, ","[["" 126.843"", "" 129.016"", ""  65.524""], ["" 127.521"", "" 128.489"", ""  63.916""], ["" 127.744"", "" 129.941"", ""  62.900""], ["" 126.997"", "" 132.010"", ""  61.900""], ["" 126.708"", "" 130.874"", ""  62.685""], ["" 128.278"", "" 132.162"", ""  61.362""], ["" 125.377"", "" 130.691"", ""  63.269""], ["" 129.259"", "" 131.189"", ""  61.599""], ["" 124.325"", "" 130.548"", ""  63.729""], ["" 128.982"", "" 130.102"", ""  62.367""], ["" 125.963"", "" 133.100"", ""  61.622""], ["" 130.659"", "" 131.297"", ""  61.060""], ["" 131.752"", "" 131.502"", ""  61.918""], ["" 130.919"", "" 131.194"", ""  59.682""], ["" 133.051"", "" 131.584"", ""  61.425""], ["" 132.216"", "" 131.274"", ""  59.184""], ["" 133.279"", "" 131.465"", ""  60.058""], ["" 127.944"", "" 129.217"", ""  66.569""], ["" 128.563"", "" 128.107"", ""  67.008""], ["" 128.233"", "" 130.354"", ""  66.945""], ["" 128.262"", "" 127.217"", ""  66.639""], ["" 129.753"", "" 128.078"", ""  67.859""], ["" 129.409"", "" 127.724"", ""  69.301""], ["" 128.325"", "" 126.884"", ""  69.577""], ["" 130.190"", "" 128.221"", ""  70.347""], ["" 128.005"", "" 126.569"", ""  70.893""], ["" 129.871"", "" 127.906"", ""  71.666""], ["" 128.778"", "" 127.085"", ""  71.933""]]",[],3bg_Grossjean_2025
52,9747,3bk_Grossjean_2025,4h2i_c_3_mae_prepped,1,8,-5.39,-0.17387096774193547,0.0,0.0,1,185.49,-9.27,-9.11,-0.16,-9.27,0.0,-4.59,3.88,-4.59,37,7,0.0,0.0,0.0,11.887276,8.100654,4.72983,-0.40262125,0.86776134,0.29135269,214.460236,"286.273773, 101.058754, 282.160126, 165.662384, 16.17057, 320.128479, 43.065033, 315.550476, 96.964417, 128.954346, 324.22226, 310.224426, 290.201324, ","[["" 131.322"", "" 121.476"", ""  60.333""], ["" 132.722"", "" 121.284"", ""  60.493""], ["" 133.372"", "" 122.603"", ""  60.935""], ["" 132.412"", "" 123.515"", ""  61.560""], ["" 132.710"", "" 124.457"", ""  62.471""], ["" 133.852"", "" 124.677"", ""  62.878""], ["" 131.459"", "" 123.441"", ""  61.236""], ["" 131.542"", "" 125.301"", ""  62.986""], ["" 131.094"", "" 126.627"", ""  61.822""], ["" 129.379"", "" 126.440"", ""  61.361""], ["" 127.583"", "" 125.412"", ""  60.111""], ["" 128.960"", "" 125.485"", ""  60.410""], ["" 126.695"", "" 126.277"", ""  60.760""], ["" 129.913"", "" 124.594"", ""  59.744""], ["" 127.177"", "" 127.198"", ""  61.697""], ["" 128.504"", "" 127.271"", ""  61.982""], ["" 130.666"", "" 123.889"", ""  59.218""], ["" 127.014"", "" 124.421"", ""  59.096""], ["" 126.283"", "" 128.166"", ""  62.412""], ["" 125.344"", "" 128.933"", ""  61.704""], ["" 126.359"", "" 128.331"", ""  63.805""], ["" 124.515"", "" 129.837"", ""  62.363""], ["" 125.533"", "" 129.235"", ""  64.467""], ["" 124.613"", "" 129.986"", ""  63.742""], ["" 130.534"", "" 120.401"", ""  60.824""], ["" 129.756"", "" 120.864"", ""  62.062""], ["" 129.886"", "" 122.273"", ""  62.199""], ["" 128.712"", "" 122.915"", ""  62.675""], ["" 127.519"", "" 122.509"", ""  61.798""], ["" 126.311"", "" 122.682"", ""  62.527""], ["" 125.273"", "" 123.281"", ""  61.766""]]",[],3bk_Grossjean_2025
53,9955,3ca_Grossjean_2025,4h2i_c_3_mae_prepped,1,3,-8.88,-0.2775,0.0,0.0,2,191.42,-11.27,-10.78,-0.49,-11.27,0.0,-1.03,2.39,-1.03,73,7,0.0,0.0,0.0,11.801607,9.046344,9.177019,0.70848208,0.66629541,0.23260172,204.146271,"71.342628, 28.426773, 174.953522, 220.955185, 293.614319, 16.784714, 300.934875, 296.246063, ","[["" 129.004"", "" 127.735"", ""  68.434""], ["" 128.213"", "" 126.829"", ""  69.143""], ["" 128.381"", "" 126.669"", ""  70.516""], ["" 129.339"", "" 127.420"", ""  71.209""], ["" 130.125"", "" 128.337"", ""  70.496""], ["" 129.961"", "" 128.497"", ""  69.122""], ["" 128.752"", "" 127.818"", ""  67.052""], ["" 128.434"", "" 128.892"", ""  66.297""], ["" 128.323"", "" 130.046"", ""  66.711""], ["" 128.878"", "" 126.949"", ""  66.555""], ["" 128.224"", "" 128.606"", ""  64.806""], ["" 126.931"", "" 129.646"", ""  64.050""], ["" 127.682"", "" 130.870"", ""  62.986""], ["" 129.580"", "" 131.482"", ""  61.776""], ["" 128.971"", "" 132.650"", ""  61.322""], ["" 128.956"", "" 130.610"", ""  62.598""], ["" 127.663"", "" 132.950"", ""  61.722""], ["" 126.991"", "" 132.034"", ""  62.572""], ["" 125.603"", "" 132.269"", ""  62.982""], ["" 124.507"", "" 132.456"", ""  63.306""], ["" 130.993"", "" 131.112"", ""  61.374""], ["" 127.055"", "" 134.220"", ""  61.221""], ["" 125.786"", "" 134.206"", ""  60.631""], ["" 127.751"", "" 135.432"", ""  61.313""], ["" 125.216"", "" 135.383"", ""  60.152""], ["" 127.184"", "" 136.611"", ""  60.836""], ["" 125.918"", "" 136.581"", ""  60.258""], ["" 129.494"", "" 127.223"", ""  72.690""], ["" 128.597"", "" 127.467"", ""  73.503""], ["" 130.718"", "" 126.756"", ""  73.044""], ["" 131.556"", "" 127.489"", ""  73.930""], ["" 132.993"", "" 126.974"", ""  73.814""]]",[],3ca_Grossjean_2025
54,9774,3cb_Grossjean_2025,4h2i_c_3_mae_prepped,1,4,-8.06,-0.26,0.0,0.0,1,191.71,-10.15,-9.69,-0.46,-10.15,0.0,-0.93,2.09,-0.93,68,8,0.0,0.0,0.0,10.016876,12.093136,7.712558,0.70555503,0.70261984,0.09229003,294.003082,"5.067542, 164.718445, 353.779297, 0.083885, 66.086754, 123.911583, 58.472992, ","[["" 127.960"", "" 128.610"", ""  66.165""], ["" 128.950"", "" 128.050"", ""  66.893""], ["" 126.899"", "" 129.035"", ""  66.625""], ["" 129.782"", "" 127.789"", ""  66.383""], ["" 128.254"", "" 128.708"", ""  64.660""], ["" 126.917"", "" 129.449"", ""  63.661""], ["" 127.633"", "" 130.740"", ""  62.666""], ["" 129.526"", "" 131.363"", ""  61.462""], ["" 128.957"", "" 132.583"", ""  61.109""], ["" 128.883"", "" 130.454"", ""  62.229""], ["" 127.672"", "" 132.908"", ""  61.563""], ["" 126.988"", "" 131.970"", ""  62.380""], ["" 125.681"", "" 132.295"", ""  62.959""], ["" 124.650"", "" 132.551"", ""  63.416""], ["" 130.916"", "" 130.971"", ""  60.999""], ["" 127.107"", "" 134.232"", ""  61.162""], ["" 127.847"", "" 135.404"", ""  61.363""], ["" 125.845"", "" 134.321"", ""  60.558""], ["" 127.334"", "" 136.641"", ""  60.983""], ["" 125.328"", "" 135.557"", ""  60.179""], ["" 126.075"", "" 136.712"", ""  60.393""], ["" 129.023"", "" 127.797"", ""  68.277""], ["" 129.998"", "" 128.513"", ""  68.973""], ["" 128.211"", "" 126.889"", ""  68.973""], ["" 130.160"", "" 128.338"", ""  70.344""], ["" 128.374"", "" 126.714"", ""  70.345""], ["" 129.349"", "" 127.435"", ""  71.049""], ["" 129.497"", "" 127.219"", ""  72.528""], ["" 130.558"", "" 126.880"", ""  73.060""], ["" 128.348"", "" 127.435"", ""  73.219""], ["" 128.239"", "" 128.512"", ""  74.137""]]",[],3cb_Grossjean_2025
55,10260,3ce_Grossjean_2025,4h2i_c_3_mae_prepped,1,5,-7.94,-0.2835714285714286,0.0,0.0,5,187.73,-9.43,-9.12,-0.31,-9.43,0.0,-1.59,1.49,-1.59,51,8,0.0,0.0,0.0,3.673048,13.965355,2.022227,0.88288379,0.14969846,0.44509166,195.15625,"186.993515, 43.115612, 147.37529, 58.672962, 352.756317, ","[["" 123.006"", "" 130.754"", ""  60.309""], ["" 124.196"", "" 130.936"", ""  58.947""], ["" 125.522"", "" 131.928"", ""  59.593""], ["" 126.103"", "" 134.038"", ""  60.386""], ["" 127.415"", "" 133.637"", ""  60.623""], ["" 125.168"", "" 133.206"", ""  59.873""], ["" 127.807"", "" 132.328"", ""  60.315""], ["" 126.836"", "" 131.439"", ""  59.788""], ["" 127.184"", "" 130.053"", ""  59.461""], ["" 127.459"", "" 128.959"", ""  59.203""], ["" 125.637"", "" 135.449"", ""  60.689""], ["" 129.231"", "" 131.951"", ""  60.563""], ["" 130.076"", "" 131.650"", ""  59.488""], ["" 129.734"", "" 131.873"", ""  61.868""], ["" 131.403"", "" 131.292"", ""  59.712""], ["" 131.060"", "" 131.515"", ""  62.095""], ["" 131.891"", "" 131.228"", ""  61.014""], ["" 123.685"", "" 130.845"", ""  61.675""], ["" 123.952"", "" 129.664"", ""  62.276""], ["" 123.952"", "" 131.952"", ""  62.143""], ["" 123.774"", "" 128.830"", ""  61.736""], ["" 124.563"", "" 129.442"", ""  63.522""], ["" 123.883"", "" 129.602"", ""  64.696""], ["" 125.894"", "" 129.011"", ""  63.498""], ["" 124.530"", "" 129.348"", ""  65.862""], ["" 126.546"", "" 128.757"", ""  64.707""], ["" 125.861"", "" 128.926"", ""  65.909""], ["" 123.714"", "" 129.545"", ""  67.125""]]",[],3ce_Grossjean_2025
56,10543,3ch_Grossjean_2025,4h2i_c_3_mae_prepped,1,20,-7.98,-0.24181818181818182,0.0,0.0,7,186.49,-10.37,-9.87,-0.5,-10.37,0.0,-1.5,2.39,-1.5,59,10,0.0,0.0,0.0,10.555041,8.937952,6.396878,0.32666039,0.65218238,-0.68406954,200.118164,"256.200592, 280.166199, 107.533623, 78.239738, 109.38131, 3.020565, 200.30513, 324.392853, ","[["" 128.930"", "" 126.954"", ""  62.912""], ["" 128.151"", "" 127.701"", ""  63.724""], ["" 128.820"", "" 126.877"", ""  61.688""], ["" 128.404"", "" 127.705"", ""  64.702""], ["" 130.057"", "" 126.186"", ""  63.603""], ["" 131.088"", "" 125.268"", ""  62.420""], ["" 130.143"", "" 123.837"", ""  61.948""], ["" 128.000"", "" 123.034"", ""  61.519""], ["" 128.483"", "" 121.757"", ""  61.249""], ["" 128.808"", "" 124.062"", ""  61.864""], ["" 129.861"", "" 121.505"", ""  61.324""], ["" 130.723"", "" 122.578"", ""  61.665""], ["" 132.178"", "" 122.396"", ""  61.665""], ["" 133.327"", "" 122.253"", ""  61.667""], ["" 126.519"", "" 123.354"", ""  61.449""], ["" 130.333"", "" 120.117"", ""  61.036""], ["" 129.678"", "" 119.019"", ""  61.606""], ["" 131.443"", "" 119.896"", ""  60.212""], ["" 130.117"", "" 117.722"", ""  61.349""], ["" 131.885"", "" 118.601"", ""  59.952""], ["" 131.219"", "" 117.520"", ""  60.521""], ["" 127.059"", "" 128.532"", ""  63.408""], ["" 126.823"", "" 129.103"", ""  62.150""], ["" 126.156"", "" 128.773"", ""  64.445""], ["" 125.706"", "" 129.925"", ""  61.931""], ["" 125.031"", "" 129.589"", ""  64.250""], ["" 124.816"", "" 130.157"", ""  62.988""], ["" 125.415"", "" 130.529"", ""  60.721""], ["" 124.304"", "" 130.073"", ""  59.956""], ["" 124.102"", "" 129.873"", ""  65.236""], ["" 124.297"", "" 129.361"", ""  66.550""], ["" 123.727"", "" 130.972"", ""  62.789""], ["" 124.055"", "" 132.344"", ""  62.610""]]",[],3ch_Grossjean_2025
57,10025,3ci_Grossjean_2025,4h2i_c_3_mae_prepped,1,13,-7.44,-0.28615384615384615,0.0,0.0,1,190.7,-8.93,-8.74,-0.19,-8.93,0.0,-1.52,1.49,-1.52,65,13,0.0,0.0,0.0,11.335886,5.884967,4.492008,0.34991238,0.92581618,0.14291856,187.40152,"18.818874, 295.945251, 121.248199, 335.294098, 59.798229, ","[["" 129.347"", "" 125.533"", ""  60.858""], ["" 130.522"", "" 124.185"", ""  60.871""], ["" 132.773"", "" 123.577"", ""  60.892""], ["" 132.457"", "" 122.221"", ""  60.907""], ["" 131.831"", "" 124.545"", ""  60.870""], ["" 131.112"", "" 121.824"", ""  60.907""], ["" 130.112"", "" 122.830"", ""  60.880""], ["" 128.690"", "" 122.474"", ""  60.835""], ["" 127.568"", "" 122.191"", ""  60.801""], ["" 134.211"", "" 124.059"", ""  60.909""], ["" 130.820"", "" 120.359"", ""  60.940""], ["" 129.783"", "" 119.853"", ""  61.733""], ["" 131.600"", "" 119.470"", ""  60.191""], ["" 129.520"", "" 118.486"", ""  61.767""], ["" 131.340"", "" 118.103"", ""  60.222""], ["" 130.300"", "" 117.617"", ""  61.009""], ["" 129.334"", "" 126.344"", ""  62.491""], ["" 130.224"", "" 125.644"", ""  63.524""], ["" 131.490"", "" 126.106"", ""  63.617""], ["" 129.751"", "" 124.733"", ""  64.207""], ["" 131.751"", "" 126.863"", ""  63.004""], ["" 132.499"", "" 125.634"", ""  64.445""], ["" 133.662"", "" 125.142"", ""  64.051""], ["" 132.400"", "" 125.626"", ""  65.836""], ["" 134.364"", "" 124.793"", ""  65.205""], ["" 133.590"", "" 125.092"", ""  66.277""]]",[],3ci_Grossjean_2025
58,9757,3cj_Grossjean_2025,4h2i_c_3_mae_prepped,2,7,-6.97,-0.26807692307692305,0.0,0.0,6,192.08,-8.46,-8.25,-0.21,-8.46,0.0,-1.4,1.49,-1.4,42,7,0.0,0.0,0.0,7.468002,14.361101,4.349462,0.37504797,-0.89631632,0.23655037,182.37561,"316.941223, 10.186784, 88.343735, 182.539322, 14.950119, ","[["" 124.066"", "" 130.603"", ""  59.493""], ["" 125.422"", "" 131.719"", ""  59.783""], ["" 126.013"", "" 133.902"", ""  60.335""], ["" 127.362"", "" 133.563"", ""  60.418""], ["" 125.052"", "" 132.999"", ""  60.037""], ["" 127.759"", "" 132.239"", ""  60.186""], ["" 126.766"", "" 131.288"", ""  59.840""], ["" 127.123"", "" 129.894"", ""  59.557""], ["" 127.404"", "" 128.793"", ""  59.335""], ["" 125.533"", "" 135.315"", ""  60.602""], ["" 129.204"", "" 131.908"", ""  60.349""], ["" 129.769"", "" 131.794"", ""  61.625""], ["" 130.019"", "" 131.736"", ""  59.223""], ["" 131.121"", "" 131.498"", ""  61.775""], ["" 131.372"", "" 131.441"", ""  59.371""], ["" 131.916"", "" 131.321"", ""  60.647""], ["" 122.994"", "" 130.779"", ""  60.954""], ["" 123.804"", "" 130.829"", ""  62.254""], ["" 124.009"", "" 129.637"", ""  62.854""], ["" 124.186"", "" 131.917"", ""  62.690""], ["" 123.628"", "" 128.818"", ""  62.401""], ["" 124.588"", "" 129.424"", ""  64.094""], ["" 124.043"", "" 129.590"", ""  65.280""], ["" 126.220"", "" 128.834"", ""  64.112""], ["" 124.878"", "" 129.261"", ""  66.245""], ["" 126.136"", "" 128.816"", ""  65.848""]]",[],3cj_Grossjean_2025
59,274,3ck_Grossjean_2025,4h2i_c_3_mae_prepped,1,10,-5.09,-0.16419354838709677,0.0,0.0,1,186.14,-8.96,-8.73,-0.23,-8.96,0.0,-2.94,3.88,-2.94,50,7,0.0,0.0,0.0,6.670238,5.397543,4.463615,-0.32796322,-0.13498009,0.9349976,109.51152,"258.249695, 100.899162, 245.071991, 185.155853, 59.971375, 119.443321, 48.339169, 205.715546, 184.392593, 1.288257, 254.538803, 3.299059, 55.418365, ","[["" 128.875"", "" 126.373"", ""  62.367""], ["" 129.482"", "" 126.625"", ""  63.625""], ["" 130.511"", "" 125.521"", ""  63.931""], ["" 131.524"", "" 125.351"", ""  62.885""], ["" 132.826"", "" 125.084"", ""  63.090""], ["" 133.315"", "" 124.924"", ""  64.211""], ["" 131.200"", "" 125.451"", ""  61.934""], ["" 133.688"", "" 124.981"", ""  61.822""], ["" 132.767"", "" 125.002"", ""  60.245""], ["" 131.404"", "" 123.851"", ""  60.349""], ["" 134.026"", "" 121.447"", ""  60.576""], ["" 132.959"", "" 121.894"", ""  60.543""], ["" 131.606"", "" 122.460"", ""  60.499""], ["" 130.466"", "" 121.620"", ""  60.590""], ["" 129.197"", "" 122.209"", ""  60.502""], ["" 130.166"", "" 124.401"", ""  60.272""], ["" 129.088"", "" 123.589"", ""  60.348""], ["" 127.739"", "" 124.275"", ""  60.258""], ["" 130.534"", "" 120.140"", ""  60.778""], ["" 129.668"", "" 119.505"", ""  61.676""], ["" 131.477"", "" 119.374"", ""  60.082""], ["" 129.733"", "" 118.126"", ""  61.864""], ["" 131.545"", "" 117.996"", ""  60.268""], ["" 130.670"", "" 117.378"", ""  61.159""], ["" 128.675"", "" 127.524"", ""  61.560""], ["" 127.182"", "" 127.627"", ""  61.227""], ["" 126.446"", "" 127.782"", ""  62.433""], ["" 126.456"", "" 129.107"", ""  62.949""], ["" 125.652"", "" 129.149"", ""  64.255""], ["" 124.498"", "" 129.959"", ""  64.077""], ["" 124.059"", "" 130.029"", ""  62.729""]]",[],3ck_Grossjean_2025
60,216,4aa_Grossjean_2025,4h2i_c_3_mae_prepped,1,18,-5.89,-0.20310344827586205,0.0,0.0,2,185.58,-7.68,-7.44,-0.24,-7.68,0.0,-0.38,1.79,-0.38,33,6,0.0,0.0,0.0,7.740231,8.600598,4.437228,0.07509444,0.06380443,0.99513307,102.700645,"86.885696, 210.06279, 222.421936, 242.098648, 302.812775, 341.554352, ","[["" 128.270"", "" 124.245"", ""  61.426""], ["" 129.551"", "" 124.218"", ""  60.874""], ["" 130.251"", "" 123.019"", ""  60.775""], ["" 129.686"", "" 121.823"", ""  61.235""], ["" 128.401"", "" 121.855"", ""  61.797""], ["" 127.697"", "" 123.054"", ""  61.894""], ["" 127.656"", "" 125.511"", ""  61.486""], ["" 128.477"", "" 126.598"", ""  59.649""], ["" 127.752"", "" 126.569"", ""  60.644""], ["" 127.065"", "" 125.645"", ""  62.294""], ["" 126.937"", "" 127.730"", ""  61.005""], ["" 126.460"", "" 128.104"", ""  62.271""], ["" 126.477"", "" 128.912"", ""  59.776""], ["" 125.712"", "" 129.333"", ""  62.274""], ["" 125.642"", "" 129.889"", ""  60.962""], ["" 125.061"", "" 130.056"", ""  63.310""], ["" 125.024"", "" 131.024"", ""  60.631""], ["" 124.413"", "" 131.248"", ""  62.967""], ["" 124.418"", "" 131.689"", ""  61.646""], ["" 125.028"", "" 129.616"", ""  64.766""], ["" 123.725"", "" 132.980"", ""  61.250""], ["" 126.673"", "" 127.375"", ""  63.414""], ["" 126.012"", "" 126.684"", ""  63.737""], ["" 127.503"", "" 127.508"", ""  63.975""], ["" 130.471"", "" 120.548"", ""  61.117""], ["" 131.429"", "" 120.410"", ""  60.350""], ["" 130.024"", "" 119.565"", ""  61.941""], ["" 129.625"", "" 118.302"", ""  61.427""], ["" 130.826"", "" 117.619"", ""  60.764""]]",[],4aa_Grossjean_2025
61,9666,4ab_Grossjean_2025,4h2i_c_3_mae_prepped,1,7,-5.74,-0.20500000000000002,0.0,0.0,12,187.05,-7.23,-6.8,-0.44,-7.23,0.0,-0.32,1.49,-0.32,47,12,0.0,0.0,0.0,9.426718,8.578071,4.162882,0.94096513,-0.32496315,0.09478176,232.458298,"210.211655, 87.793701, 62.369911, 251.309875, 111.278397, ","[["" 127.289"", "" 127.448"", ""  62.436""], ["" 127.452"", "" 127.969"", ""  63.720""], ["" 126.558"", "" 128.913"", ""  64.218""], ["" 125.485"", "" 129.360"", ""  63.435""], ["" 125.329"", "" 128.839"", ""  62.141""], ["" 126.221"", "" 127.893"", ""  61.643""], ["" 128.255"", "" 126.507"", ""  62.033""], ["" 129.006"", "" 127.324"", ""  60.033""], ["" 129.045"", "" 126.483"", ""  60.932""], ["" 128.357"", "" 125.725"", ""  62.663""], ["" 129.968"", "" 125.349"", ""  60.850""], ["" 131.324"", "" 125.297"", ""  61.211""], ["" 129.399"", "" 123.776"", ""  60.286""], ["" 131.928"", "" 124.004"", ""  61.030""], ["" 130.978"", "" 123.065"", ""  60.526""], ["" 133.245"", "" 123.521"", ""  61.257""], ["" 131.223"", "" 121.782"", ""  60.258""], ["" 133.505"", "" 122.175"", ""  60.976""], ["" 132.488"", "" 121.356"", ""  60.490""], ["" 134.387"", "" 124.375"", ""  61.787""], ["" 132.744"", "" 119.892"", ""  60.184""], ["" 132.028"", "" 126.372"", ""  61.692""], ["" 131.585"", "" 127.102"", ""  62.229""], ["" 133.019"", "" 126.471"", ""  61.517""], ["" 124.540"", "" 130.380"", ""  64.001""], ["" 124.481"", "" 131.547"", ""  63.600""], ["" 123.753"", "" 129.889"", ""  64.993""], ["" 124.292"", "" 129.586"", ""  66.272""]]",[],4ab_Grossjean_2025
62,9883,4ac_Grossjean_2025,4h2i_c_3_mae_prepped,1,7,-5.97,-0.2296153846153846,0.0,0.0,7,187.63,-7.16,-6.75,-0.42,-7.16,0.0,-0.26,1.19,-0.26,51,15,0.0,0.0,0.0,9.453753,9.520093,4.996004,-0.96301602,0.26941791,0.00375958,116.970482,"215.044159, 201.605148, 161.846298, 346.333038, ","[["" 126.911"", "" 126.753"", ""  61.376""], ["" 127.868"", "" 126.906"", ""  62.138""], ["" 127.795"", "" 127.554"", ""  63.325""], ["" 128.634"", "" 127.552"", ""  63.887""], ["" 129.187"", "" 126.369"", ""  61.796""], ["" 130.258"", "" 126.070"", ""  62.654""], ["" 129.596"", "" 126.007"", ""  60.118""], ["" 131.417"", "" 125.546"", ""  61.982""], ["" 131.193"", "" 125.459"", ""  60.575""], ["" 132.687"", "" 125.120"", ""  62.455""], ["" 132.072"", "" 125.017"", ""  59.676""], ["" 133.612"", "" 124.656"", ""  61.513""], ["" 133.273"", "" 124.621"", ""  60.161""], ["" 133.104"", "" 125.139"", ""  63.918""], ["" 134.259"", "" 124.122"", ""  59.122""], ["" 130.221"", "" 126.251"", ""  64.013""], ["" 129.376"", "" 126.111"", ""  64.547""], ["" 131.044"", "" 126.532"", ""  64.528""], ["" 126.696"", "" 128.202"", ""  63.920""], ["" 126.635"", "" 128.159"", ""  65.313""], ["" 125.709"", "" 128.898"", ""  63.206""], ["" 125.590"", "" 128.783"", ""  65.989""], ["" 124.666"", "" 129.521"", ""  63.886""], ["" 124.598"", "" 129.466"", ""  65.286""], ["" 123.602"", "" 130.053"", ""  66.041""], ["" 123.408"", "" 129.631"", ""  67.387""]]",[],4ac_Grossjean_2025
63,9919,4ad_Grossjean_2025,4h2i_c_3_mae_prepped,1,1,-6.05,-0.2520833333333333,0.0,0.0,1,189.7,-6.94,-6.99,0.05,-6.94,0.0,-0.17,0.89,-0.17,44,3,0.0,0.0,0.0,9.225693,14.234599,3.790722,0.0109612,-0.98522825,0.17089511,173.264191,"200.29306, 94.951935, 315.6763, ","[["" 128.386"", "" 131.653"", ""  61.001""], ["" 127.472"", "" 132.685"", ""  60.737""], ["" 126.104"", "" 132.340"", ""  61.016""], ["" 124.888"", "" 133.066"", ""  60.892""], ["" 124.797"", "" 134.496"", ""  60.382""], ["" 123.702"", "" 132.420"", ""  61.260""], ["" 123.739"", "" 131.109"", ""  61.730""], ["" 122.467"", "" 130.386"", ""  62.133""], ["" 124.878"", "" 130.387"", ""  61.861""], ["" 126.007"", "" 131.004"", ""  61.509""], ["" 127.564"", "" 130.216"", ""  61.612""], ["" 129.839"", "" 131.653"", ""  60.817""], ["" 130.589"", "" 131.948"", ""  61.750""], ["" 130.268"", "" 131.301"", ""  59.580""], ["" 129.553"", "" 131.023"", ""  58.924""], ["" 131.579"", "" 131.243"", ""  59.070""], ["" 132.603"", "" 131.508"", ""  59.985""], ["" 131.902"", "" 130.913"", ""  57.744""], ["" 133.934"", "" 131.465"", ""  59.580""], ["" 133.235"", "" 130.870"", ""  57.343""], ["" 134.244"", "" 131.149"", ""  58.261""], ["" 127.831"", "" 133.920"", ""  60.257""], ["" 127.316"", "" 134.377"", ""  59.518""], ["" 128.626"", "" 134.418"", ""  60.633""]]",[],4ad_Grossjean_2025
64,9710,4ae_Grossjean_2025,4h2i_c_3_mae_prepped,1,5,-5.85,-0.23399999999999999,0.0,0.0,19,186.64,-6.74,-6.74,0.0,-6.74,0.0,-0.68,0.89,-0.68,29,10,0.0,0.0,0.0,9.573924,8.792522,4.82439,0.10736143,0.11143277,-0.9879556,65.068336,"253.001984, 24.62303, 0.047265, ","[["" 129.109"", "" 125.808"", ""  61.992""], ["" 130.476"", "" 125.505"", ""  61.882""], ["" 130.748"", "" 124.113"", ""  61.639""], ["" 131.959"", "" 123.389"", ""  61.472""], ["" 133.343"", "" 124.017"", ""  61.524""], ["" 131.870"", "" 122.010"", ""  61.249""], ["" 130.621"", "" 121.392"", ""  61.197""], ["" 130.498"", "" 119.897"", ""  60.963""], ["" 129.447"", "" 122.050"", ""  61.350""], ["" 129.536"", "" 123.364"", ""  61.563""], ["" 128.118"", "" 124.362"", ""  61.788""], ["" 128.481"", "" 127.102"", ""  62.265""], ["" 129.079"", "" 128.155"", ""  62.037""], ["" 127.223"", "" 127.042"", ""  62.769""], ["" 126.816"", "" 126.123"", ""  62.853""], ["" 126.371"", "" 128.099"", ""  63.133""], ["" 125.857"", "" 128.211"", ""  64.393""], ["" 126.046"", "" 129.013"", ""  62.124""], ["" 125.022"", "" 129.246"", ""  64.665""], ["" 125.187"", "" 130.073"", ""  62.420""], ["" 124.663"", "" 130.198"", ""  63.707""], ["" 124.488"", "" 129.307"", ""  66.083""], ["" 131.476"", "" 126.438"", ""  61.995""], ["" 132.451"", "" 126.189"", ""  61.909""], ["" 131.267"", "" 127.412"", ""  62.169""]]",[],4ae_Grossjean_2025
65,189,4af_Grossjean_2025,4h2i_c_3_mae_prepped,1,18,-6.25,-0.2604166666666667,0.0,0.0,5,187.53,-7.15,-6.71,-0.44,-7.15,0.0,-0.03,0.89,-0.03,46,14,0.0,0.0,0.0,9.158484,9.740095,4.501331,0.91781089,-0.03647413,-0.39533886,91.381218,"174.342712, 185.1436, 38.507015, ","[["" 128.543"", "" 126.950"", ""  61.894""], ["" 129.672"", "" 126.549"", ""  62.627""], ["" 130.710"", "" 125.959"", ""  61.824""], ["" 131.987"", "" 125.429"", ""  62.150""], ["" 132.556"", "" 125.380"", ""  63.559""], ["" 132.767"", "" 124.917"", ""  61.106""], ["" 132.284"", "" 124.939"", ""  59.799""], ["" 133.110"", "" 124.388"", ""  58.651""], ["" 131.072"", "" 125.438"", ""  59.452""], ["" 130.332"", "" 125.924"", ""  60.449""], ["" 128.741"", "" 126.599"", ""  60.175""], ["" 127.303"", "" 127.552"", ""  62.388""], ["" 126.382"", "" 127.816"", ""  61.614""], ["" 127.256"", "" 127.768"", ""  63.725""], ["" 128.055"", "" 127.454"", ""  64.255""], ["" 126.244"", "" 128.366"", ""  64.501""], ["" 125.286"", "" 129.124"", ""  63.817""], ["" 126.103"", "" 128.240"", ""  65.894""], ["" 124.247"", "" 129.745"", ""  64.431""], ["" 125.040"", "" 128.872"", ""  66.541""], ["" 124.138"", "" 129.615"", ""  65.777""], ["" 129.793"", "" 126.699"", ""  63.985""], ["" 130.666"", "" 126.965"", ""  64.417""], ["" 129.005"", "" 126.551"", ""  64.601""]]",[],4af_Grossjean_2025
66,10329,4ag_Grossjean_2025,4h2i_c_3_mae_prepped,1,16,-6.44,-0.2576,0.0,0.0,3,188.79,-7.63,-7.25,-0.38,-7.63,0.0,-0.41,1.19,-0.41,58,10,0.0,0.0,0.0,7.984529,12.743035,8.641565,-0.30998465,-0.75388861,0.57927669,205.341278,"334.360077, 350.422546, 98.459183, 84.75705, ","[["" 127.120"", "" 129.439"", ""  65.551""], ["" 127.323"", "" 129.905"", ""  64.244""], ["" 126.116"", "" 130.019"", ""  63.471""], ["" 125.870"", "" 130.437"", ""  62.135""], ["" 126.955"", "" 130.890"", ""  61.170""], ["" 124.546"", "" 130.430"", ""  61.682""], ["" 123.520"", "" 130.023"", ""  62.533""], ["" 122.077"", "" 130.008"", ""  62.064""], ["" 123.717"", "" 129.621"", ""  63.812""], ["" 124.980"", "" 129.627"", ""  64.241""], ["" 125.411"", "" 129.137"", ""  65.864""], ["" 128.114"", "" 129.217"", ""  66.601""], ["" 128.295"", "" 130.042"", ""  67.499""], ["" 128.825"", "" 128.073"", ""  66.514""], ["" 128.584"", "" 127.416"", ""  65.785""], ["" 129.846"", "" 127.635"", ""  67.464""], ["" 129.325"", "" 127.428"", ""  68.881""], ["" 128.203"", "" 126.623"", ""  69.099""], ["" 129.998"", "" 127.997"", ""  69.966""], ["" 127.740"", "" 126.411"", ""  70.395""], ["" 129.534"", "" 127.786"", ""  71.262""], ["" 128.407"", "" 126.996"", ""  71.470""], ["" 128.556"", "" 130.226"", ""  63.731""], ["" 128.905"", "" 131.173"", ""  63.737""], ["" 129.159"", "" 129.519"", ""  63.333""]]",[],4ag_Grossjean_2025
67,9845,4ah_Grossjean_2025,4h2i_c_3_mae_prepped,1,19,-6.88,-0.22193548387096773,0.0,0.0,7,187.53,-8.97,-8.32,-0.65,-8.97,0.0,-0.64,2.09,-0.64,54,15,0.0,0.0,0.0,9.192676,9.982796,3.785462,0.57606038,0.31339869,-0.75494086,187.430466,"103.849892, 199.547409, 24.729103, 338.388611, 145.807266, 328.264557, 108.867767, ","[["" 126.961"", "" 126.990"", ""  62.357""], ["" 128.192"", "" 127.036"", ""  62.331""], ["" 128.884"", "" 128.164"", ""  62.595""], ["" 129.886"", "" 128.148"", ""  62.476""], ["" 128.992"", "" 125.844"", ""  62.051""], ["" 130.369"", "" 125.653"", ""  62.241""], ["" 128.217"", "" 124.376"", ""  61.455""], ["" 130.828"", "" 124.337"", ""  61.885""], ["" 129.744"", "" 123.523"", ""  61.438""], ["" 132.115"", "" 123.734"", ""  61.904""], ["" 129.839"", "" 122.253"", ""  61.044""], ["" 132.217"", "" 122.402"", ""  61.488""], ["" 131.080"", "" 121.710"", ""  61.076""], ["" 133.384"", "" 124.447"", ""  62.346""], ["" 131.165"", "" 120.264"", ""  60.627""], ["" 131.216"", "" 126.624"", ""  62.711""], ["" 131.529"", "" 127.387"", ""  62.130""], ["" 131.559"", "" 126.604"", ""  63.662""], ["" 128.295"", "" 129.469"", ""  62.896""], ["" 126.961"", "" 129.381"", ""  63.631""], ["" 125.804"", "" 129.893"", ""  63.042""], ["" 126.902"", "" 128.854"", ""  64.921""], ["" 124.576"", "" 129.859"", ""  63.722""], ["" 125.687"", "" 128.802"", ""  65.623""], ["" 124.530"", "" 129.302"", ""  65.008""], ["" 123.391"", "" 130.346"", ""  63.200""], ["" 123.230"", "" 130.427"", ""  61.788""], ["" 125.553"", "" 128.280"", ""  66.897""], ["" 126.515"", "" 127.346"", ""  67.373""], ["" 123.337"", "" 129.275"", ""  65.690""], ["" 123.381"", "" 129.912"", ""  66.960""]]",[],4ah_Grossjean_2025
68,9721,4ai_Grossjean_2025,4h2i_c_3_mae_prepped,1,9,-5.86,-0.25478260869565217,0.0,0.0,2,186.41,-6.75,-6.25,-0.5,-6.75,0.0,-0.21,0.89,-0.21,34,15,0.0,0.0,0.0,8.316547,9.960101,4.659806,0.91566875,-0.3557888,-0.18698948,197.588791,"9.629975, 276.415649, 270.545868, ","[["" 127.413"", "" 127.290"", ""  61.945""], ["" 127.227"", "" 126.013"", ""  61.392""], ["" 128.423"", "" 125.436"", ""  60.839""], ["" 128.681"", "" 124.189"", ""  60.208""], ["" 127.629"", "" 123.115"", ""  59.976""], ["" 129.988"", "" 123.935"", ""  59.775""], ["" 130.984"", "" 124.890"", ""  59.968""], ["" 132.410"", "" 124.634"", ""  59.513""], ["" 130.775"", "" 126.089"", ""  60.564""], ["" 129.529"", "" 126.327"", ""  60.976""], ["" 129.086"", "" 127.823"", ""  61.768""], ["" 126.420"", "" 128.162"", ""  62.577""], ["" 125.741"", "" 128.936"", ""  61.900""], ["" 126.308"", "" 128.034"", ""  63.923""], ["" 126.907"", "" 127.358"", ""  64.372""], ["" 125.447"", "" 128.724"", ""  64.767""], ["" 124.469"", "" 129.531"", ""  64.390""], ["" 125.516"", "" 128.642"", ""  66.158""], ["" 123.863"", "" 130.002"", ""  65.556""], ["" 124.506"", "" 129.456"", ""  66.616""], ["" 126.023"", "" 125.355"", ""  61.378""], ["" 125.374"", "" 125.449"", ""  60.610""], ["" 125.743"", "" 124.756"", ""  62.142""]]",[],4ai_Grossjean_2025
69,175,4aj_Grossjean_2025,4h2i_c_3_mae_prepped,1,18,-5.78,-0.25130434782608696,0.0,0.0,2,190.14,-6.68,-6.74,0.06,-6.68,0.0,-0.1,0.89,-0.1,38,4,0.0,0.0,0.0,9.013015,14.397045,4.282345,-0.01684774,0.98299145,-0.1828769,180.560181,"355.950256, 104.464279, 4.186239, ","[["" 128.417"", "" 131.692"", ""  61.480""], ["" 127.523"", "" 132.704"", ""  61.093""], ["" 126.138"", "" 132.355"", ""  61.263""], ["" 124.934"", "" 133.065"", ""  61.012""], ["" 124.878"", "" 134.481"", ""  60.459""], ["" 123.724"", "" 132.420"", ""  61.292""], ["" 123.727"", "" 131.123"", ""  61.798""], ["" 122.427"", "" 130.400"", ""  62.104""], ["" 124.855"", "" 130.414"", ""  62.052""], ["" 126.006"", "" 131.032"", ""  61.785""], ["" 127.554"", "" 130.264"", ""  62.053""], ["" 129.881"", "" 131.703"", ""  61.433""], ["" 130.542"", "" 131.903"", ""  62.454""], ["" 130.425"", "" 131.469"", ""  60.213""], ["" 129.790"", "" 131.312"", ""  59.445""], ["" 131.777"", "" 131.414"", ""  59.901""], ["" 132.799"", "" 131.671"", ""  60.689""], ["" 132.197"", "" 130.949"", ""  58.284""], ["" 133.947"", "" 131.514"", ""  60.059""], ["" 133.870"", "" 131.120"", ""  58.726""], ["" 127.917"", "" 133.922"", ""  60.602""], ["" 127.252"", "" 134.653"", ""  60.395""], ["" 128.891"", "" 134.129"", ""  60.428""]]",[],4aj_Grossjean_2025
70,126,4ak_Grossjean_2025,4h2i_c_3_mae_prepped,1,18,-4.51,-0.16107142857142856,0.0,0.0,1,187.38,-7.8,-7.44,-0.35,-7.8,0.0,-0.82,3.28,-0.82,30,10,0.0,0.0,0.0,9.451552,7.17111,3.851147,-0.42147748,0.75454982,0.50300229,101.505508,"264.572083, 163.417511, 334.074799, 203.411331, 47.889091, 268.202087, 18.607779, 66.191612, 110.836502, 40.427452, 238.373154, ","[["" 131.921"", "" 125.574"", ""  61.565""], ["" 131.583"", "" 125.878"", ""  62.912""], ["" 130.114"", "" 125.495"", ""  63.168""], ["" 129.184"", "" 126.615"", ""  63.030""], ["" 129.854"", "" 127.332"", ""  60.992""], ["" 129.122"", "" 127.453"", ""  61.975""], ["" 128.550"", "" 126.767"", ""  63.802""], ["" 128.124"", "" 128.518"", ""  62.057""], ["" 127.043"", "" 128.634"", ""  62.945""], ["" 128.172"", "" 129.872"", ""  60.928""], ["" 126.246"", "" 129.814"", ""  62.742""], ["" 126.755"", "" 130.591"", ""  61.658""], ["" 125.093"", "" 130.317"", ""  63.404""], ["" 126.241"", "" 131.741"", ""  61.219""], ["" 124.552"", "" 131.524"", ""  62.945""], ["" 125.143"", "" 132.190"", ""  61.874""], ["" 124.416"", "" 129.628"", ""  64.578""], ["" 124.573"", "" 133.499"", ""  61.359""], ["" 126.759"", "" 127.716"", ""  63.924""], ["" 127.209"", "" 127.744"", ""  64.828""], ["" 126.083"", "" 126.981"", ""  63.773""], ["" 133.131"", "" 124.842"", ""  61.427""], ["" 133.016"", "" 123.523"", ""  62.201""], ["" 132.734"", "" 122.467"", ""  61.292""], ["" 131.445"", "" 122.550"", ""  60.699""], ["" 130.583"", "" 121.380"", ""  61.191""], ["" 130.088"", "" 121.670"", ""  62.492""], ["" 128.849"", "" 122.361"", ""  62.484""]]",[],4ak_Grossjean_2025
71,9816,4al_Grossjean_2025,4h2i_c_3_mae_prepped,1,17,-5.0,-0.2777777777777778,0.0,0.0,7,185.16,-5.89,-5.79,-0.11,-5.89,0.0,-0.04,0.89,-0.04,24,6,0.0,0.0,0.0,9.361011,6.500155,4.501572,-0.05487527,0.02507909,0.99817821,1.653644,"191.698898, 253.176849, 61.169472, ","[["" 127.278"", "" 123.244"", ""  61.753""], ["" 128.112"", "" 124.369"", ""  61.751""], ["" 129.514"", "" 124.057"", ""  61.750""], ["" 130.677"", "" 124.874"", ""  61.748""], ["" 130.651"", "" 126.394"", ""  61.746""], ["" 131.922"", "" 124.235"", ""  61.748""], ["" 131.992"", "" 122.844"", ""  61.751""], ["" 133.330"", "" 122.128"", ""  61.751""], ["" 130.904"", "" 122.034"", ""  61.753""], ["" 129.719"", "" 122.645"", ""  61.753""], ["" 128.217"", "" 121.750"", ""  61.755""], ["" 125.800"", "" 123.188"", ""  61.754""], ["" 125.139"", "" 122.865"", ""  62.745""], ["" 125.257"", "" 123.527"", ""  60.557""], ["" 126.067"", "" 123.649"", ""  59.397""], ["" 127.641"", "" 125.657"", ""  61.749""], ["" 127.845"", "" 126.300"", ""  60.998""], ["" 127.070"", "" 126.009"", ""  62.506""]]",[],4al_Grossjean_2025
72,10230,4ba_Grossjean_2025,4h2i_c_3_mae_prepped,1,14,-5.66,-0.18258064516129033,0.0,0.0,1,186.3,-7.45,-7.28,-0.17,-7.45,0.0,-0.35,1.79,-0.35,30,6,0.0,0.0,0.0,8.79162,9.341818,4.351451,-0.05084031,-0.15831596,0.98607876,85.505684,"104.52771, 125.71019, 226.350311, 186.473373, 24.34116, 135.8582, ","[["" 129.126"", "" 123.860"", ""  61.541""], ["" 130.453"", "" 123.444"", ""  61.420""], ["" 130.766"", "" 122.089"", ""  61.365""], ["" 129.756"", "" 121.120"", ""  61.435""], ["" 128.424"", "" 121.541"", ""  61.564""], ["" 128.110"", "" 122.896"", ""  61.618""], ["" 128.924"", "" 125.252"", ""  61.596""], ["" 131.046"", "" 126.105"", ""  61.572""], ["" 129.825"", "" 126.265"", ""  61.588""], ["" 127.955"", "" 125.524"", ""  61.666""], ["" 129.251"", "" 127.612"", ""  61.626""], ["" 128.163"", "" 128.080"", ""  62.382""], ["" 129.976"", "" 128.911"", ""  60.682""], ["" 127.883"", "" 129.484"", ""  62.206""], ["" 128.817"", "" 130.067"", ""  61.295""], ["" 126.892"", "" 130.353"", ""  62.754""], ["" 128.846"", "" 131.345"", ""  60.921""], ["" 126.929"", "" 131.699"", ""  62.356""], ["" 127.899"", "" 132.144"", ""  61.462""], ["" 127.956"", "" 133.598"", ""  61.029""], ["" 127.426"", "" 127.277"", ""  63.215""], ["" 126.752"", "" 126.614"", ""  62.861""], ["" 127.528"", "" 127.328"", ""  64.219""], ["" 125.805"", "" 129.910"", ""  63.739""], ["" 125.095"", "" 128.869"", ""  63.298""], ["" 126.361"", "" 129.552"", ""  64.897""], ["" 124.953"", "" 130.914"", ""  63.951""], ["" 130.124"", "" 119.667"", ""  61.375""], ["" 129.627"", "" 118.820"", ""  62.121""], ["" 131.176"", "" 119.235"", ""  60.332""], ["" 131.102"", "" 117.758"", ""  59.902""]]",[],4ba_Grossjean_2025
73,43,4bb_Grossjean_2025,4h2i_c_3_mae_prepped,2,11,-5.33,-0.17766666666666667,0.0,0.0,11,185.8,-6.82,-6.76,-0.06,-6.82,0.0,-0.96,1.49,-0.96,46,7,0.0,0.0,0.0,9.691127,7.995194,4.405551,-0.20786321,0.22964253,-0.95081922,73.055634,"1.12869, 236.455505, 4.468119, 197.459518, 281.820129, ","[["" 129.572"", "" 127.113"", ""  61.598""], ["" 128.783"", "" 126.189"", ""  61.794""], ["" 127.483"", "" 126.357"", ""  62.139""], ["" 126.934"", "" 125.513"", ""  62.219""], ["" 129.209"", "" 124.796"", ""  61.630""], ["" 130.469"", "" 124.305"", ""  61.248""], ["" 128.093"", "" 123.479"", ""  61.982""], ["" 130.557"", "" 122.867"", ""  61.217""], ["" 129.311"", "" 122.283"", ""  61.602""], ["" 131.614"", "" 121.965"", ""  60.889""], ["" 129.052"", "" 120.979"", ""  61.680""], ["" 131.336"", "" 120.592"", ""  60.973""], ["" 130.074"", "" 120.151"", ""  61.362""], ["" 129.758"", "" 118.669"", ""  61.457""], ["" 131.524"", "" 125.119"", ""  60.923""], ["" 132.414"", "" 124.747"", ""  60.623""], ["" 131.448"", "" 126.126"", ""  60.975""], ["" 133.017"", "" 122.402"", ""  60.455""], ["" 133.612"", "" 123.203"", ""  61.343""], ["" 133.795"", "" 121.330"", ""  60.299""], ["" 132.947"", "" 123.067"", ""  59.302""], ["" 126.756"", "" 127.540"", ""  62.380""], ["" 126.090"", "" 128.077"", ""  61.277""], ["" 126.649"", "" 128.178"", ""  63.625""], ["" 125.340"", "" 129.243"", ""  61.405""], ["" 125.897"", "" 129.343"", ""  63.751""], ["" 125.236"", "" 129.889"", ""  62.643""], ["" 124.420"", "" 131.143"", ""  62.752""], ["" 124.501"", "" 131.929"", ""  63.697""], ["" 123.441"", "" 131.471"", ""  61.623""]]",[],4bb_Grossjean_2025
74,204,4bc_Grossjean_2025,4h2i_c_3_mae_prepped,1,10,-5.52,-0.19034482758620688,0.0,0.0,18,186.61,-7.01,-6.84,-0.17,-7.01,0.0,-0.82,1.49,-0.82,36,10,0.0,0.0,0.0,9.840669,8.79443,4.65957,-0.15653721,0.24081612,-0.95786413,65.027596,"4.755862, 231.233078, 20.824911, 150.115692, 274.509949, ","[["" 129.160"", "" 128.143"", ""  61.827""], ["" 128.528"", "" 127.110"", ""  62.050""], ["" 127.238"", "" 127.087"", ""  62.464""], ["" 126.811"", "" 126.176"", ""  62.547""], ["" 129.154"", "" 125.797"", ""  61.866""], ["" 130.520"", "" 125.476"", ""  61.835""], ["" 128.156"", "" 124.361"", ""  61.652""], ["" 130.792"", "" 124.072"", ""  61.641""], ["" 129.570"", "" 123.342"", ""  61.521""], ["" 132.002"", "" 123.321"", ""  61.549""], ["" 129.464"", "" 122.027"", ""  61.330""], ["" 131.885"", "" 121.937"", ""  61.348""], ["" 130.629"", "" 121.343"", ""  61.246""], ["" 130.486"", "" 119.849"", ""  61.024""], ["" 131.515"", "" 126.410"", ""  61.976""], ["" 132.491"", "" 126.170"", ""  61.883""], ["" 131.301"", "" 127.377"", ""  62.175""], ["" 133.406"", "" 123.928"", ""  61.657""], ["" 133.557"", "" 124.703"", ""  62.733""], ["" 134.312"", "" 122.954"", ""  61.735""], ["" 133.657"", "" 124.680"", ""  60.586""], ["" 126.379"", "" 128.161"", ""  62.760""], ["" 125.862"", "" 128.857"", ""  61.665""], ["" 125.997"", "" 128.533"", ""  64.058""], ["" 124.992"", "" 129.926"", ""  61.862""], ["" 125.126"", "" 129.602"", ""  64.250""], ["" 124.618"", "" 130.310"", ""  63.149""], ["" 123.750"", "" 131.381"", ""  63.245""], ["" 123.778"", "" 132.389"", ""  62.240""]]",[],4bc_Grossjean_2025
75,9903,4bd_Grossjean_2025,4h2i_c_3_mae_prepped,1,1,-5.39,-0.19962962962962963,0.0,0.0,18,186.46,-6.58,-6.59,0.02,-6.58,0.0,-0.82,1.19,-0.82,32,8,0.0,0.0,0.0,10.200825,8.365377,4.639083,-0.10337393,-0.09956577,0.98964665,294.913391,"279.726562, 16.846298, 3.96875, 230.975891, ","[["" 129.107"", "" 125.799"", ""  61.916""], ["" 130.475"", "" 125.491"", ""  61.825""], ["" 130.751"", "" 124.091"", ""  61.612""], ["" 131.962"", "" 123.350"", ""  61.471""], ["" 131.849"", "" 121.966"", ""  61.270""], ["" 130.596"", "" 121.361"", ""  61.215""], ["" 130.458"", "" 119.865"", ""  61.000""], ["" 129.430"", "" 122.035"", ""  61.345""], ["" 129.532"", "" 123.349"", ""  61.538""], ["" 128.115"", "" 124.355"", ""  61.730""], ["" 128.478"", "" 127.103"", ""  62.144""], ["" 129.120"", "" 128.144"", ""  61.997""], ["" 127.171"", "" 127.063"", ""  62.504""], ["" 126.744"", "" 126.149"", ""  62.528""], ["" 126.301"", "" 128.119"", ""  62.832""], ["" 125.694"", "" 128.770"", ""  61.753""], ["" 125.995"", "" 128.519"", ""  64.144""], ["" 124.808"", "" 129.821"", ""  61.975""], ["" 125.108"", "" 129.570"", ""  64.361""], ["" 124.521"", "" 130.219"", ""  63.277""], ["" 131.466"", "" 126.432"", ""  61.931""], ["" 132.441"", "" 126.200"", ""  61.800""], ["" 131.254"", "" 127.398"", ""  62.138""], ["" 133.362"", "" 123.971"", ""  61.528""], ["" 133.547"", "" 124.746"", ""  62.599""], ["" 134.282"", "" 123.007"", ""  61.569""], ["" 133.564"", "" 124.727"", ""  60.450""]]",[],4bd_Grossjean_2025
76,123,4be_Grossjean_2025,4h2i_c_3_mae_prepped,1,6,-5.61,-0.20035714285714287,0.0,0.0,19,186.67,-6.8,-6.8,0.0,-6.8,0.0,-0.69,1.19,-0.69,37,11,0.0,0.0,0.0,10.034507,8.780272,4.768449,-0.13711294,-0.04611037,0.98948162,294.994904,"243.589645, 32.821445, 353.570984, 238.58577, ","[["" 129.040"", "" 125.981"", ""  62.035""], ["" 130.410"", "" 125.673"", ""  62.029""], ["" 130.700"", "" 124.283"", ""  61.776""], ["" 131.920"", "" 123.550"", ""  61.669""], ["" 131.820"", "" 122.173"", ""  61.417""], ["" 130.574"", "" 121.569"", ""  61.278""], ["" 130.452"", "" 120.081"", ""  61.007""], ["" 129.400"", "" 122.236"", ""  61.369""], ["" 129.488"", "" 123.544"", ""  61.609""], ["" 128.061"", "" 124.542"", ""  61.752""], ["" 128.395"", "" 127.274"", ""  62.276""], ["" 128.974"", "" 128.328"", ""  62.002""], ["" 127.142"", "" 127.213"", ""  62.790""], ["" 126.760"", "" 126.290"", ""  62.935""], ["" 126.263"", "" 128.266"", ""  63.104""], ["" 125.689"", "" 128.389"", ""  64.336""], ["" 125.992"", "" 129.173"", ""  62.073""], ["" 124.844"", "" 129.428"", ""  64.559""], ["" 125.121"", "" 130.238"", ""  62.319""], ["" 124.535"", "" 130.373"", ""  63.578""], ["" 124.246"", "" 129.505"", ""  65.951""], ["" 131.390"", "" 126.609"", ""  62.237""], ["" 132.364"", "" 126.355"", ""  62.317""], ["" 131.168"", "" 127.591"", ""  62.325""], ["" 133.314"", "" 124.170"", ""  61.811""], ["" 133.506"", "" 124.755"", ""  62.996""], ["" 134.244"", "" 123.225"", ""  61.678""], ["" 133.493"", "" 125.099"", ""  60.872""]]",[],4be_Grossjean_2025
77,9912,4bf_Grossjean_2025,4h2i_c_3_mae_prepped,1,17,-5.48,-0.20296296296296298,0.0,0.0,2,187.94,-6.67,-6.37,-0.31,-6.67,0.0,-0.4,1.19,-0.4,28,9,0.0,0.0,0.0,9.476575,10.947968,4.675127,-0.23384129,-0.27353208,-0.93300507,237.020874,"89.625793, 46.11459, 110.476723, 116.808083, ","[["" 129.024"", "" 128.016"", ""  61.756""], ["" 127.871"", "" 128.313"", ""  62.501""], ["" 127.471"", "" 129.697"", ""  62.443""], ["" 126.392"", "" 130.421"", ""  63.032""], ["" 126.311"", "" 131.794"", ""  62.752""], ["" 127.257"", "" 132.402"", ""  61.931""], ["" 127.185"", "" 133.887"", ""  61.622""], ["" 128.291"", "" 131.744"", ""  61.356""], ["" 128.372"", "" 130.441"", ""  61.620""], ["" 129.655"", "" 129.455"", ""  60.959""], ["" 129.719"", "" 126.732"", ""  61.620""], ["" 129.084"", "" 125.690"", ""  61.455""], ["" 131.072"", "" 126.795"", ""  61.673""], ["" 131.470"", "" 127.719"", ""  61.752""], ["" 132.020"", "" 125.756"", ""  61.625""], ["" 132.587"", "" 125.359"", ""  62.842""], ["" 132.422"", "" 125.073"", ""  60.464""], ["" 133.504"", "" 124.364"", ""  62.949""], ["" 133.365"", "" 124.046"", ""  60.557""], ["" 133.880"", "" 123.725"", ""  61.813""], ["" 127.178"", "" 127.372"", ""  63.221""], ["" 126.654"", "" 126.636"", ""  62.771""], ["" 127.172"", "" 127.384"", ""  64.231""], ["" 125.330"", "" 129.796"", ""  63.943""], ["" 124.587"", "" 128.875"", ""  63.324""], ["" 125.919"", "" 129.201"", ""  64.981""], ["" 124.503"", "" 130.742"", ""  64.388""]]",[],4bf_Grossjean_2025
78,9729,4bg_Grossjean_2025,4h2i_c_3_mae_prepped,1,3,-5.89,-0.21035714285714285,0.0,0.0,15,186.62,-7.38,-7.33,-0.05,-7.38,0.0,-0.68,1.49,-0.68,37,8,0.0,0.0,0.0,10.099513,8.709013,5.113232,0.01539474,-0.00888046,-0.99984206,69.2733,"302.048401, 308.887054, 35.270302, 9.694667, 237.249954, ","[["" 129.042"", "" 126.051"", ""  61.833""], ["" 130.393"", "" 125.672"", ""  61.852""], ["" 130.606"", "" 124.248"", ""  61.778""], ["" 131.783"", "" 123.442"", ""  61.749""], ["" 131.606"", "" 122.051"", ""  61.680""], ["" 130.327"", "" 121.503"", ""  61.645""], ["" 130.120"", "" 120.001"", ""  61.578""], ["" 129.192"", "" 122.239"", ""  61.667""], ["" 129.353"", "" 123.561"", ""  61.729""], ["" 127.983"", "" 124.645"", ""  61.763""], ["" 128.469"", "" 127.394"", ""  61.923""], ["" 129.081"", "" 128.382"", ""  61.515""], ["" 127.225"", "" 127.472"", ""  62.438""], ["" 126.816"", "" 126.633"", ""  62.825""], ["" 126.464"", "" 128.706"", ""  62.636""], ["" 125.906"", "" 128.858"", ""  64.045""], ["" 126.691"", "" 128.521"", ""  65.152""], ["" 124.631"", "" 129.401"", ""  64.233""], ["" 126.192"", "" 128.698"", ""  66.439""], ["" 124.133"", "" 129.579"", ""  65.521""], ["" 124.915"", "" 129.225"", ""  66.618""], ["" 131.424"", "" 126.575"", ""  61.924""], ["" 132.386"", "" 126.299"", ""  61.792""], ["" 131.254"", "" 127.551"", ""  62.124""], ["" 133.210"", "" 123.998"", ""  61.786""], ["" 133.449"", "" 124.749"", ""  62.863""], ["" 134.085"", "" 122.993"", ""  61.797""], ["" 133.426"", "" 124.759"", ""  60.713""]]",[],4bg_Grossjean_2025
79,186,4bh_Grossjean_2025,4h2i_c_3_mae_prepped,1,18,-6.49,-0.19088235294117648,0.0,0.0,9,187.52,-8.88,-8.22,-0.66,-8.88,0.0,-0.66,2.39,-0.66,59,14,0.0,0.0,0.0,9.094461,9.56088,3.808607,-0.60616954,-0.3133411,0.73101015,170.497284,"105.62352, 247.286514, 195.080048, 347.926819, 36.303902, 324.312805, 146.481613, 113.160835, ","[["" 126.840"", "" 127.153"", ""  62.269""], ["" 128.071"", "" 127.135"", ""  62.314""], ["" 128.800"", "" 128.218"", ""  62.655""], ["" 129.806"", "" 128.155"", ""  62.591""], ["" 128.826"", "" 125.912"", ""  62.042""], ["" 130.198"", "" 125.673"", ""  62.220""], ["" 127.992"", "" 124.468"", ""  61.475""], ["" 130.611"", "" 124.334"", ""  61.878""], ["" 129.486"", "" 123.560"", ""  61.455""], ["" 131.876"", "" 123.676"", ""  61.889""], ["" 129.518"", "" 122.283"", ""  61.077""], ["" 131.904"", "" 122.331"", ""  61.488""], ["" 130.732"", "" 121.687"", ""  61.101""], ["" 130.746"", "" 120.232"", ""  60.668""], ["" 131.072"", "" 126.628"", ""  62.672""], ["" 131.383"", "" 127.389"", ""  62.083""], ["" 131.444"", "" 126.598"", ""  63.611""], ["" 133.192"", "" 124.344"", ""  62.304""], ["" 133.238"", "" 124.646"", ""  63.603""], ["" 134.213"", "" 123.527"", ""  62.048""], ["" 133.355"", "" 125.479"", ""  61.624""], ["" 128.259"", "" 129.542"", ""  62.964""], ["" 126.928"", "" 129.497"", ""  63.706""], ["" 126.839"", "" 128.867"", ""  64.948""], ["" 125.776"", "" 130.021"", ""  63.117""], ["" 125.613"", "" 128.780"", ""  65.625""], ["" 124.538"", "" 129.955"", ""  63.775""], ["" 124.471"", "" 129.337"", ""  65.032""], ["" 125.453"", "" 128.174"", ""  66.858""], ["" 126.505"", "" 127.372"", ""  67.384""], ["" 123.360"", "" 130.465"", ""  63.258""], ["" 123.133"", "" 130.408"", ""  61.853""], ["" 123.261"", "" 129.249"", ""  65.679""], ["" 123.275"", "" 129.766"", ""  67.002""]]",[],4bh_Grossjean_2025
80,10043,4bi_Grossjean_2025,4h2i_c_3_mae_prepped,1,18,-5.74,-0.22076923076923077,0.0,0.0,5,185.71,-6.93,-6.4,-0.53,-6.93,0.0,-0.24,1.19,-0.24,44,15,0.0,0.0,0.0,8.264716,9.516919,4.408642,-0.91545365,0.35157254,0.19580948,162.690933,"11.419376, 274.647491, 271.283417, 233.600571, ","[["" 127.387"", "" 127.356"", ""  61.926""], ["" 127.203"", "" 126.077"", ""  61.374""], ["" 128.397"", "" 125.507"", ""  60.798""], ["" 128.665"", "" 124.260"", ""  60.159""], ["" 129.976"", "" 124.039"", ""  59.706""], ["" 130.957"", "" 125.010"", ""  59.889""], ["" 132.380"", "" 124.785"", ""  59.410""], ["" 130.735"", "" 126.201"", ""  60.493""], ["" 129.492"", "" 126.416"", ""  60.923""], ["" 129.050"", "" 127.904"", ""  61.726""], ["" 126.398"", "" 128.222"", ""  62.573""], ["" 125.731"", "" 129.021"", ""  61.910""], ["" 126.270"", "" 128.062"", ""  63.914""], ["" 126.859"", "" 127.367"", ""  64.351""], ["" 125.408"", "" 128.736"", ""  64.768""], ["" 124.424"", "" 129.540"", ""  64.402""], ["" 125.484"", "" 128.641"", ""  66.157""], ["" 123.820"", "" 129.998"", ""  65.575""], ["" 124.471"", "" 129.446"", ""  66.627""], ["" 125.999"", "" 125.422"", ""  61.384""], ["" 125.337"", "" 125.509"", ""  60.625""], ["" 125.728"", "" 124.831"", ""  62.158""], ["" 127.621"", "" 123.159"", ""  59.942""], ["" 126.531"", "" 123.591"", ""  59.305""], ["" 128.147"", "" 122.176"", ""  59.212""], ["" 127.229"", "" 122.671"", ""  61.119""]]",[],4bi_Grossjean_2025
81,9975,4bj_Grossjean_2025,4h2i_c_3_mae_prepped,1,15,-5.06,-0.1946153846153846,0.0,0.0,1,189.21,-6.26,-6.16,-0.09,-6.26,0.0,-0.09,1.19,-0.09,42,7,0.0,0.0,0.0,8.425941,13.91197,4.421921,0.07026639,0.46667794,0.88163163,203.448624,"100.474556, 212.913208, 322.348022, 225.899002, ","[["" 128.010"", "" 131.524"", ""  61.255""], ["" 127.697"", "" 130.721"", ""  62.364""], ["" 126.287"", "" 130.458"", ""  62.521""], ["" 125.541"", "" 129.703"", ""  63.474""], ["" 124.146"", "" 129.670"", ""  63.317""], ["" 123.539"", "" 130.355"", ""  62.268""], ["" 122.032"", "" 130.334"", ""  62.089""], ["" 124.218"", "" 131.077"", ""  61.347""], ["" 125.542"", "" 131.110"", ""  61.490""], ["" 126.557"", "" 131.999"", ""  60.379""], ["" 129.325"", "" 131.990"", ""  60.808""], ["" 129.445"", "" 133.062"", ""  60.210""], ["" 130.366"", "" 131.176"", ""  61.111""], ["" 130.159"", "" 130.325"", ""  61.612""], ["" 131.705"", "" 131.389"", ""  60.815""], ["" 132.645"", "" 131.857"", ""  61.608""], ["" 132.233"", "" 130.996"", ""  59.209""], ["" 133.809"", "" 131.923"", ""  60.995""], ["" 133.831"", "" 131.501"", ""  59.669""], ["" 128.644"", "" 130.223"", ""  63.222""], ["" 128.481"", "" 130.151"", ""  64.215""], ["" 129.546"", "" 129.914"", ""  62.885""], ["" 126.164"", "" 128.936"", ""  64.646""], ["" 127.074"", "" 129.650"", ""  65.312""], ["" 125.214"", "" 128.589"", ""  65.514""], ["" 126.770"", "" 127.839"", ""  64.193""]]",[],4bj_Grossjean_2025
82,9825,4bk_Grossjean_2025,4h2i_c_3_mae_prepped,1,3,-4.74,-0.15290322580645163,0.0,0.0,1,186.42,-8.32,-7.73,-0.6,-8.32,0.0,-0.96,3.58,-0.96,42,11,0.0,0.0,0.0,13.430317,6.700381,7.255758,0.64409394,-0.61081886,-0.46048162,91.342239,"115.733437, 114.856972, 235.7034, 346.148712, 140.459412, 222.613724, 150.538788, 190.860382, 33.670357, 73.35228, 307.150543, 281.616791, ","[["" 129.670"", "" 121.990"", ""  62.779""], ["" 128.958"", "" 123.218"", ""  62.877""], ["" 127.639"", "" 123.107"", ""  62.095""], ["" 127.069"", "" 124.401"", ""  61.716""], ["" 128.737"", "" 125.088"", ""  60.350""], ["" 127.650"", "" 125.297"", ""  60.891""], ["" 126.177"", "" 124.632"", ""  62.127""], ["" 126.907"", "" 126.537"", ""  60.662""], ["" 126.488"", "" 127.491"", ""  61.602""], ["" 126.390"", "" 126.970"", ""  59.035""], ["" 125.752"", "" 128.593"", ""  61.034""], ["" 125.626"", "" 128.429"", ""  59.619""], ["" 125.157"", "" 129.759"", ""  61.602""], ["" 125.002"", "" 129.267"", ""  58.791""], ["" 124.500"", "" 130.636"", ""  60.725""], ["" 124.446"", "" 130.361"", ""  59.361""], ["" 123.739"", "" 131.300"", ""  58.399""], ["" 126.754"", "" 127.389"", ""  62.943""], ["" 126.377"", "" 126.640"", ""  63.508""], ["" 127.344"", "" 128.061"", ""  63.414""], ["" 125.192"", "" 130.105"", ""  63.094""], ["" 124.517"", "" 129.236"", ""  63.848""], ["" 126.454"", "" 130.113"", ""  63.525""], ["" 124.653"", "" 131.307"", ""  63.291""], ["" 129.679"", "" 121.435"", ""  61.471""], ["" 131.031"", "" 121.724"", ""  60.806""], ["" 131.914"", "" 122.298"", ""  61.761""], ["" 132.113"", "" 123.695"", ""  61.593""], ["" 133.554"", "" 124.054"", ""  61.978""], ["" 133.553"", "" 124.761"", ""  63.211""], ["" 132.359"", "" 125.491"", ""  63.443""]]",[],4bk_Grossjean_2025
83,9848,4ca_Grossjean_2025,4h2i_c_3_mae_prepped,1,9,-7.01,-0.18945945945945947,0.0,0.0,5,186.58,-9.39,-9.2,-0.19,-9.39,0.0,-0.73,2.39,-0.73,43,6,0.0,0.0,0.0,9.362427,10.540533,4.437697,-0.49665283,-0.85734755,0.13524477,159.261658,"278.89682, 244.9758, 144.548462, 207.419266, 353.271973, 348.881927, 356.710449, 314.172394, ","[["" 129.357"", "" 124.250"", ""  61.443""], ["" 128.319"", "" 123.333"", ""  61.604""], ["" 128.574"", "" 121.965"", ""  61.567""], ["" 129.878"", "" 121.488"", ""  61.376""], ["" 130.920"", "" 122.414"", ""  61.223""], ["" 130.666"", "" 123.783"", ""  61.257""], ["" 128.988"", "" 125.608"", ""  61.507""], ["" 130.934"", "" 126.717"", ""  61.049""], ["" 129.739"", "" 126.725"", ""  61.344""], ["" 128.008"", "" 125.761"", ""  61.691""], ["" 129.025"", "" 127.991"", ""  61.526""], ["" 127.940"", "" 128.273"", ""  62.374""], ["" 129.471"", "" 129.405"", ""  60.573""], ["" 127.452"", "" 129.627"", ""  62.276""], ["" 128.209"", "" 130.359"", ""  61.316""], ["" 126.403"", "" 130.331"", ""  62.933""], ["" 128.014"", "" 131.632"", ""  60.981""], ["" 126.202"", "" 131.672"", ""  62.569""], ["" 127.001"", "" 132.290"", ""  61.601""], ["" 127.391"", "" 127.347"", ""  63.224""], ["" 127.630"", "" 127.315"", ""  64.205""], ["" 126.723"", "" 126.662"", ""  62.896""], ["" 125.489"", "" 129.716"", ""  63.999""], ["" 126.142"", "" 129.369"", ""  65.110""], ["" 124.548"", "" 130.593"", ""  64.348""], ["" 124.910"", "" 128.616"", ""  63.518""], ["" 126.800"", "" 133.721"", ""  61.194""], ["" 127.818"", "" 134.670"", ""  61.379""], ["" 125.588"", "" 134.154"", ""  60.628""], ["" 127.636"", "" 136.000"", ""  61.010""], ["" 125.402"", "" 135.483"", ""  60.257""], ["" 126.428"", "" 136.402"", ""  60.449""], ["" 130.119"", "" 120.007"", ""  61.346""], ["" 129.635"", "" 119.222"", ""  62.168""], ["" 130.927"", "" 119.616"", ""  60.326""], ["" 131.333"", "" 118.260"", ""  60.189""], ["" 131.962"", "" 118.054"", ""  58.808""]]",[],4ca_Grossjean_2025
84,263,4cb_Grossjean_2025,4h2i_c_3_mae_prepped,1,3,-6.71,-0.18638888888888888,0.0,0.0,16,186.72,-8.79,-8.75,-0.04,-8.79,0.0,-0.6,2.09,-0.6,55,8,0.0,0.0,0.0,10.333172,8.945342,4.468404,0.71933134,-0.3980755,-0.56929634,119.305946,"120.015419, 139.225662, 337.793243, 199.071075, 85.008606, 13.179326, 227.357513, ","[["" 128.398"", "" 129.926"", ""  61.671""], ["" 127.896"", "" 130.430"", ""  60.470""], ["" 127.506"", "" 131.762"", ""  60.373""], ["" 127.617"", "" 132.620"", ""  61.475""], ["" 128.126"", "" 132.111"", ""  62.679""], ["" 128.515"", "" 130.778"", ""  62.778""], ["" 128.775"", "" 128.569"", ""  61.653""], ["" 126.821"", "" 127.460"", ""  62.077""], ["" 128.034"", "" 127.454"", ""  61.866""], ["" 129.750"", "" 128.415"", ""  61.438""], ["" 128.775"", "" 126.191"", ""  61.811""], ["" 130.147"", "" 125.969"", ""  62.017""], ["" 127.945"", "" 124.694"", ""  61.394""], ["" 130.553"", "" 124.594"", ""  61.853""], ["" 129.433"", "" 123.784"", ""  61.503""], ["" 131.809"", "" 123.932"", ""  61.969""], ["" 129.466"", "" 122.474"", ""  61.274""], ["" 131.833"", "" 122.551"", ""  61.722""], ["" 130.671"", "" 121.854"", ""  61.372""], ["" 131.028"", "" 126.967"", ""  62.348""], ["" 131.182"", "" 127.764"", ""  61.747""], ["" 131.552"", "" 126.941"", ""  63.211""], ["" 133.120"", "" 124.634"", ""  62.346""], ["" 133.266"", "" 125.821"", ""  61.754""], ["" 133.158"", "" 124.838"", ""  63.663""], ["" 134.156"", "" 123.878"", ""  61.987""], ["" 130.676"", "" 120.378"", ""  61.103""], ["" 131.631"", "" 119.808"", ""  60.245""], ["" 129.725"", "" 119.526"", ""  61.691""], ["" 131.639"", "" 118.440"", ""  59.987""], ["" 129.731"", "" 118.157"", ""  61.438""], ["" 130.690"", "" 117.619"", ""  60.586""], ["" 127.195"", "" 134.055"", ""  61.333""], ["" 127.882"", "" 135.004"", ""  61.722""], ["" 125.984"", "" 134.202"", ""  60.737""], ["" 125.547"", "" 135.471"", ""  60.272""]]",[],4cb_Grossjean_2025
85,112,4cc_Grossjean_2025,4h2i_c_3_mae_prepped,1,3,-7.22,-0.21235294117647058,0.0,0.0,19,185.56,-9.01,-8.87,-0.15,-9.01,0.0,-1.08,1.79,-1.08,59,9,0.0,0.0,0.0,10.094703,7.760774,4.496362,-0.13410365,0.22491334,-0.96510632,62.888477,"9.991606, 348.834106, 167.678833, 17.637835, 114.820763, 241.520004, ","[["" 129.114"", "" 128.269"", ""  61.861""], ["" 128.512"", "" 127.207"", ""  62.029""], ["" 127.211"", "" 127.125"", ""  62.398""], ["" 126.854"", "" 126.197"", ""  62.568""], ["" 129.194"", "" 125.924"", ""  61.834""], ["" 130.573"", "" 125.664"", ""  61.782""], ["" 128.259"", "" 124.445"", ""  61.625""], ["" 130.904"", "" 124.277"", ""  61.565""], ["" 129.717"", "" 123.494"", ""  61.462""], ["" 132.140"", "" 123.581"", ""  61.442""], ["" 129.669"", "" 122.179"", ""  61.264""], ["" 132.079"", "" 122.194"", ""  61.232""], ["" 130.854"", "" 121.526"", ""  61.140""], ["" 131.527"", "" 126.641"", ""  61.921""], ["" 132.503"", "" 126.464"", ""  61.733""], ["" 131.283"", "" 127.574"", ""  62.222""], ["" 133.517"", "" 124.250"", ""  61.527""], ["" 134.521"", "" 123.374"", ""  61.612""], ["" 133.726"", "" 124.991"", ""  60.439""], ["" 133.575"", "" 125.029"", ""  62.607""], ["" 130.770"", "" 120.044"", ""  60.920""], ["" 129.796"", "" 119.275"", ""  61.579""], ["" 131.663"", "" 119.383"", ""  60.059""], ["" 129.713"", "" 117.898"", ""  61.381""], ["" 131.582"", "" 118.007"", ""  59.858""], ["" 130.606"", "" 117.270"", ""  60.520""], ["" 126.281"", "" 128.158"", ""  62.620""], ["" 125.690"", "" 128.709"", ""  61.481""], ["" 125.957"", "" 128.672"", ""  63.884""], ["" 124.769"", "" 129.746"", ""  61.603""], ["" 125.037"", "" 129.710"", ""  64.000""], ["" 124.433"", "" 130.255"", ""  62.857""], ["" 123.512"", "" 131.284"", ""  62.877""], ["" 123.857"", "" 132.538"", ""  62.298""]]",[],4cc_Grossjean_2025
86,110,4cd_Grossjean_2025,4h2i_c_3_mae_prepped,1,5,-7.17,-0.2240625,0.0,0.0,15,185.25,-8.66,-8.63,-0.03,-8.66,0.0,-1.07,1.49,-1.07,56,8,0.0,0.0,0.0,10.471712,7.408527,4.463141,0.08365113,0.13507467,-0.98729799,63.49147,"271.539886, 20.565825, 5.242992, 229.026138, 300.401367, ","[["" 129.196"", "" 125.985"", ""  61.921""], ["" 130.572"", "" 125.734"", ""  61.796""], ["" 130.902"", "" 124.348"", ""  61.569""], ["" 132.135"", "" 123.659"", ""  61.395""], ["" 132.074"", "" 122.270"", ""  61.194""], ["" 130.851"", "" 121.593"", ""  61.171""], ["" 129.667"", "" 122.242"", ""  61.324""], ["" 129.715"", "" 123.558"", ""  61.519""], ["" 128.262"", "" 124.501"", ""  61.747""], ["" 128.519"", "" 127.260"", ""  62.173""], ["" 129.087"", "" 128.329"", ""  61.944""], ["" 127.256"", "" 127.162"", ""  62.654""], ["" 126.883"", "" 126.227"", ""  62.737""], ["" 126.364"", "" 128.178"", ""  63.044""], ["" 125.749"", "" 128.885"", ""  62.007""], ["" 126.043"", "" 128.483"", ""  64.378""], ["" 124.840"", "" 129.900"", ""  62.291""], ["" 125.132"", "" 129.500"", ""  64.658""], ["" 124.538"", "" 130.205"", ""  63.615""], ["" 131.526"", "" 126.717"", ""  61.883""], ["" 132.504"", "" 126.528"", ""  61.712""], ["" 131.281"", "" 127.668"", ""  62.119""], ["" 133.510"", "" 124.337"", ""  61.412""], ["" 133.680"", "" 125.150"", ""  62.458""], ["" 134.469"", "" 123.413"", ""  61.466""], ["" 133.666"", "" 125.070"", ""  60.309""], ["" 130.764"", "" 120.110"", ""  60.956""], ["" 131.691"", "" 119.448"", ""  60.134""], ["" 129.762"", "" 119.342"", ""  61.573""], ["" 131.617"", "" 118.073"", ""  59.931""], ["" 129.684"", "" 117.967"", ""  61.371""], ["" 130.612"", "" 117.337"", ""  60.549""]]",[],4cd_Grossjean_2025
87,10834,4ce_Grossjean_2025,4h2i_c_3_mae_prepped,1,1,-7.45,-0.22575757575757577,0.0,0.0,18,185.6,-8.95,-8.89,-0.05,-8.95,0.0,-0.92,1.49,-0.92,56,10,0.0,0.0,0.0,10.33771,7.628182,4.537895,-0.12130257,-0.1033353,0.98722211,296.554413,"214.71666, 23.897242, 0.449365, 348.949158, 172.763718, ","[["" 129.158"", "" 125.971"", ""  62.014""], ["" 130.538"", "" 125.724"", ""  61.927""], ["" 130.875"", "" 124.341"", ""  61.694""], ["" 132.114"", "" 123.656"", ""  61.540""], ["" 132.059"", "" 122.271"", ""  61.311""], ["" 130.837"", "" 121.595"", ""  61.238""], ["" 129.650"", "" 122.236"", ""  61.399""], ["" 129.691"", "" 123.549"", ""  61.611""], ["" 128.231"", "" 124.486"", ""  61.813""], ["" 128.469"", "" 127.249"", ""  62.209""], ["" 128.989"", "" 128.307"", ""  61.851""], ["" 127.250"", "" 127.170"", ""  62.800""], ["" 126.955"", "" 126.254"", ""  63.103""], ["" 126.350"", "" 128.208"", ""  63.103""], ["" 125.771"", "" 128.324"", ""  64.333""], ["" 126.107"", "" 129.137"", ""  62.084""], ["" 124.931"", "" 129.367"", ""  64.559""], ["" 125.241"", "" 130.203"", ""  62.332""], ["" 124.641"", "" 130.327"", ""  63.586""], ["" 124.325"", "" 129.438"", ""  65.948""], ["" 131.485"", "" 126.707"", ""  62.051""], ["" 132.474"", "" 126.509"", ""  61.984""], ["" 131.225"", "" 127.669"", ""  62.218""], ["" 133.487"", "" 124.334"", ""  61.606""], ["" 134.498"", "" 123.465"", ""  61.670""], ["" 133.673"", "" 125.084"", ""  60.519""], ["" 133.556"", "" 125.106"", ""  62.690""], ["" 130.755"", "" 120.117"", ""  60.996""], ["" 129.747"", "" 119.347"", ""  61.599""], ["" 131.685"", "" 119.462"", ""  60.171""], ["" 129.669"", "" 117.973"", ""  61.384""], ["" 131.608"", "" 118.088"", ""  59.952""], ["" 130.599"", "" 117.349"", ""  60.560""]]",[],4ce_Grossjean_2025
88,9973,4cf_Grossjean_2025,4h2i_c_3_mae_prepped,2,20,-7.36,-0.23,0.0,0.0,12,187.69,-8.85,-8.5,-0.35,-8.85,0.0,-0.63,1.49,-0.63,40,10,0.0,0.0,0.0,9.067243,12.058913,4.197306,0.26991319,0.34527303,0.89885116,127.744987,"76.53949, 68.178764, 101.673897, 248.299469, 269.188843, ","[["" 128.937"", "" 128.008"", ""  61.367""], ["" 127.901"", "" 128.286"", ""  62.273""], ["" 127.394"", "" 129.634"", ""  62.194""], ["" 126.376"", "" 130.333"", ""  62.905""], ["" 126.155"", "" 131.675"", ""  62.558""], ["" 126.905"", "" 132.300"", ""  61.558""], ["" 127.867"", "" 131.639"", ""  60.862""], ["" 128.087"", "" 130.367"", ""  61.186""], ["" 129.311"", "" 129.417"", ""  60.377""], ["" 129.699"", "" 126.767"", ""  61.203""], ["" 129.146"", "" 125.738"", ""  60.813""], ["" 131.019"", "" 126.853"", ""  61.497""], ["" 131.358"", "" 127.769"", ""  61.755""], ["" 132.008"", "" 125.851"", ""  61.494""], ["" 132.557"", "" 125.499"", ""  62.732""], ["" 132.468"", "" 125.161"", ""  60.355""], ["" 133.510"", "" 124.543"", ""  62.883""], ["" 133.446"", "" 124.175"", ""  60.494""], ["" 133.941"", "" 123.899"", ""  61.769""], ["" 127.410"", "" 127.362"", ""  63.160""], ["" 126.767"", "" 126.637"", ""  62.875""], ["" 127.677"", "" 127.375"", ""  64.135""], ["" 125.520"", "" 129.711"", ""  64.014""], ["" 126.214"", "" 129.435"", ""  65.120""], ["" 124.544"", "" 130.552"", ""  64.356""], ["" 124.985"", "" 128.567"", ""  63.585""], ["" 126.685"", "" 133.735"", ""  61.176""], ["" 125.469"", "" 134.148"", ""  60.610""], ["" 127.683"", "" 134.705"", ""  61.378""], ["" 125.256"", "" 135.477"", ""  60.253""], ["" 127.475"", "" 136.035"", ""  61.023""], ["" 126.261"", "" 136.415"", ""  60.461""]]",[],4cf_Grossjean_2025
89,10644,4cg_Grossjean_2025,4h2i_c_3_mae_prepped,1,10,-7.84,-0.23757575757575758,0.0,0.0,17,185.51,-9.63,-9.52,-0.11,-9.63,0.0,-0.61,1.79,-0.61,61,7,0.0,0.0,0.0,10.164511,7.868346,3.972675,0.26313257,-0.06480792,-0.96258048,63.574265,"125.189285, 142.144775, 47.0438, 118.321175, 257.432098, 154.54892, ","[["" 128.753"", "" 126.200"", ""  61.756""], ["" 130.121"", "" 125.989"", ""  61.985""], ["" 130.536"", "" 124.616"", ""  61.831""], ["" 131.791"", "" 123.958"", ""  61.981""], ["" 131.826"", "" 122.577"", ""  61.733""], ["" 130.677"", "" 121.876"", ""  61.351""], ["" 129.473"", "" 122.493"", ""  61.219""], ["" 129.429"", "" 123.801"", ""  61.451""], ["" 127.939"", "" 124.704"", ""  61.308""], ["" 128.007"", "" 127.457"", ""  61.787""], ["" 128.357"", "" 128.429"", ""  61.115""], ["" 126.945"", "" 127.495"", ""  62.620""], ["" 126.674"", "" 126.640"", ""  63.083""], ["" 126.046"", "" 128.633"", ""  62.796""], ["" 125.603"", "" 128.840"", ""  64.240""], ["" 124.382"", "" 129.464"", ""  64.509""], ["" 126.387"", "" 128.353"", ""  65.289""], ["" 123.959"", "" 129.626"", ""  65.826""], ["" 125.965"", "" 128.517"", ""  66.606""], ["" 124.754"", "" 129.155"", ""  66.868""], ["" 130.987"", "" 126.993"", ""  62.334""], ["" 131.165"", "" 127.781"", ""  61.727""], ["" 131.473"", "" 126.983"", ""  63.220""], ["" 133.088"", "" 124.663"", ""  62.397""], ["" 133.140"", "" 124.935"", ""  63.703""], ["" 134.134"", "" 123.889"", ""  62.108""], ["" 133.202"", "" 125.818"", ""  61.745""], ["" 130.692"", "" 120.398"", ""  61.084""], ["" 129.748"", "" 119.547"", ""  61.681""], ["" 131.654"", "" 119.822"", ""  60.235""], ["" 129.759"", "" 118.177"", ""  61.438""], ["" 131.669"", "" 118.452"", ""  59.989""], ["" 130.720"", "" 117.634"", ""  60.591""]]",[],4cg_Grossjean_2025
90,7,4ch_Grossjean_2025,4h2i_c_3_mae_prepped,1,19,-7.5,-0.19230769230769232,0.0,0.0,12,187.25,-10.18,-9.84,-0.34,-10.18,0.0,-1.26,2.68,-1.26,55,10,0.0,0.0,0.0,8.569704,8.098405,5.172183,0.09999827,-0.10315193,0.98962621,190.256851,"110.978661, 7.100096, 163.394073, 109.874062, 312.114319, 45.633999, 161.785461, 64.337479, 235.056442, ","[["" 127.015"", "" 127.767"", ""  61.396""], ["" 127.682"", "" 127.291"", ""  62.318""], ["" 127.749"", "" 127.866"", ""  63.536""], ["" 128.271"", "" 127.393"", ""  64.259""], ["" 128.480"", "" 126.079"", ""  62.136""], ["" 129.876"", "" 125.934"", ""  62.185""], ["" 127.692"", "" 124.552"", ""  61.750""], ["" 130.336"", "" 124.588"", ""  61.940""], ["" 129.229"", "" 123.725"", ""  61.683""], ["" 131.630"", "" 123.994"", ""  61.912""], ["" 129.307"", "" 122.424"", ""  61.416""], ["" 131.700"", "" 122.620"", ""  61.628""], ["" 130.547"", "" 121.869"", ""  61.379""], ["" 130.729"", "" 126.974"", ""  62.451""], ["" 130.867"", "" 127.733"", ""  61.798""], ["" 131.247"", "" 127.019"", ""  63.317""], ["" 132.932"", "" 124.757"", ""  62.175""], ["" 134.025"", "" 124.020"", ""  61.959""], ["" 133.004"", "" 125.818"", ""  61.373""], ["" 132.970"", "" 125.162"", ""  63.444""], ["" 130.599"", "" 120.398"", ""  61.081""], ["" 129.673"", "" 119.514"", ""  61.659""], ["" 131.577"", "" 119.862"", ""  60.226""], ["" 129.717"", "" 118.149"", ""  61.388""], ["" 131.624"", "" 118.498"", ""  59.951""], ["" 130.692"", "" 117.646"", ""  60.533""], ["" 127.040"", "" 129.080"", ""  63.944""], ["" 127.306"", "" 130.289"", ""  63.054""], ["" 126.244"", "" 131.078"", ""  62.610""], ["" 128.613"", "" 130.639"", ""  62.713""], ["" 126.472"", "" 132.209"", ""  61.811""], ["" 128.871"", "" 131.766"", ""  61.916""], ["" 127.791"", "" 132.539"", ""  61.466""], ["" 125.469"", "" 133.034"", ""  61.335""], ["" 124.333"", "" 132.456"", ""  60.701""], ["" 130.139"", "" 132.170"", ""  61.539""], ["" 131.060"", "" 131.206"", ""  61.039""], ["" 128.030"", "" 133.653"", ""  60.698""], ["" 127.808"", "" 134.882"", ""  61.376""]]",[],4ch_Grossjean_2025
91,240,4ci_Grossjean_2025,4h2i_c_3_mae_prepped,1,1,-7.38,-0.23806451612903226,0.0,0.0,18,185.59,-8.87,-8.49,-0.38,-8.87,0.0,-0.54,1.49,-0.54,42,10,0.0,0.0,0.0,9.713129,7.464571,4.437643,-0.2603425,0.05860936,0.96373582,302.455383,"158.103012, 92.178192, 132.196487, 239.500961, 157.972885, ","[["" 128.031"", "" 126.094"", ""  61.790""], ["" 129.420"", "" 126.012"", ""  61.977""], ["" 129.959"", "" 124.683"", ""  61.814""], ["" 131.275"", "" 124.150"", ""  61.920""], ["" 131.432"", "" 122.774"", ""  61.683""], ["" 130.342"", "" 121.964"", ""  61.351""], ["" 129.081"", "" 122.461"", ""  61.259""], ["" 128.921"", "" 123.763"", ""  61.482""], ["" 127.348"", "" 124.520"", ""  61.388""], ["" 127.167"", "" 127.275"", ""  61.871""], ["" 126.880"", "" 127.915"", ""  60.857""], ["" 126.735"", "" 127.598"", ""  63.116""], ["" 127.040"", "" 127.008"", ""  63.876""], ["" 125.916"", "" 128.660"", ""  63.478""], ["" 125.201"", "" 128.745"", ""  64.587""], ["" 125.749"", "" 129.798"", ""  62.690""], ["" 124.534"", "" 129.970"", ""  64.544""], ["" 124.876"", "" 130.596"", ""  63.392""], ["" 130.201"", "" 127.094"", ""  62.291""], ["" 130.129"", "" 127.969"", ""  61.791""], ["" 130.875"", "" 127.054"", ""  63.043""], ["" 132.514"", "" 124.978"", ""  62.280""], ["" 132.415"", "" 125.582"", ""  63.465""], ["" 133.586"", "" 124.187"", ""  62.323""], ["" 132.704"", "" 125.927"", ""  61.362""], ["" 130.489"", "" 120.490"", ""  61.099""], ["" 129.614"", "" 119.567"", ""  61.694""], ["" 131.508"", "" 119.992"", ""  60.268""], ["" 129.745"", "" 118.200"", ""  61.463""], ["" 131.642"", "" 118.626"", ""  60.034""], ["" 130.759"", "" 117.735"", ""  60.632""]]",[],4ci_Grossjean_2025
92,9941,4cj_Grossjean_2025,4h2i_c_3_mae_prepped,1,2,-6.89,-0.22225806451612903,0.0,0.0,14,185.68,-8.38,-8.21,-0.17,-8.38,0.0,-0.46,1.49,-0.46,47,7,0.0,0.0,0.0,10.137703,7.441988,4.415653,-0.26276663,0.06934316,0.96236439,298.856903,"28.980234, 65.175964, 117.557152, 13.229239, 156.496338, ","[["" 128.551"", "" 126.122"", ""  61.771""], ["" 129.928"", "" 125.952"", ""  61.988""], ["" 130.387"", "" 124.593"", ""  61.832""], ["" 131.665"", "" 123.978"", ""  61.963""], ["" 131.742"", "" 122.598"", ""  61.716""], ["" 130.610"", "" 121.860"", ""  61.352""], ["" 129.385"", "" 122.434"", ""  61.243""], ["" 129.302"", "" 123.742"", ""  61.472""], ["" 127.780"", "" 124.594"", ""  61.352""], ["" 127.761"", "" 127.353"", ""  61.837""], ["" 127.927"", "" 128.255"", ""  61.013""], ["" 126.867"", "" 127.418"", ""  62.855""], ["" 126.824"", "" 126.630"", ""  63.485""], ["" 126.002"", "" 128.466"", ""  63.140""], ["" 125.431"", "" 129.294"", ""  62.292""], ["" 125.603"", "" 128.734"", ""  64.807""], ["" 124.664"", "" 130.169"", ""  62.911""], ["" 124.600"", "" 130.060"", ""  64.297""], ["" 130.769"", "" 126.984"", ""  62.320""], ["" 130.921"", "" 127.770"", ""  61.703""], ["" 131.264"", "" 126.995"", ""  63.201""], ["" 132.945"", "" 124.726"", ""  62.354""], ["" 134.052"", "" 124.007"", ""  62.161""], ["" 133.057"", "" 125.836"", ""  61.626""], ["" 132.900"", "" 125.051"", ""  63.647""], ["" 130.672"", "" 120.385"", ""  61.074""], ["" 129.751"", "" 119.504"", ""  61.664""], ["" 131.653"", "" 119.844"", ""  60.226""], ["" 129.806"", "" 118.135"", ""  61.415""], ["" 131.712"", "" 118.476"", ""  59.975""], ["" 130.788"", "" 117.626"", ""  60.570""]]",[],4cj_Grossjean_2025
93,9871,4ck_Grossjean_2025,4h2i_c_3_mae_prepped,1,10,-6.47,-0.17972222222222223,0.0,0.0,8,183.41,-10.35,-9.92,-0.43,-10.35,0.0,-1.14,3.88,-1.14,59,12,0.0,0.0,0.0,9.493757,10.402677,0.039051,0.15364554,0.79852324,-0.5820255,149.735046,"282.815399, 251.819427, 113.014191, 176.523697, 117.109192, 151.991699, 207.738586, 346.289307, 220.92955, 328.112152, 188.380096, 32.326992, 260.466553, ","[["" 126.992"", "" 130.306"", ""  61.041""], ["" 128.150"", "" 130.389"", ""  61.862""], ["" 128.001"", "" 129.442"", ""  63.062""], ["" 128.573"", "" 128.122"", ""  62.795""], ["" 126.648"", "" 126.986"", ""  62.422""], ["" 127.877"", "" 127.001"", ""  62.513""], ["" 129.581"", "" 128.074"", ""  62.764""], ["" 128.671"", "" 125.790"", ""  62.307""], ["" 130.061"", "" 125.626"", ""  62.413""], ["" 127.890"", "" 124.298"", ""  61.789""], ["" 130.523"", "" 124.296"", ""  62.097""], ["" 129.424"", "" 123.463"", ""  61.733""], ["" 131.814"", "" 123.696"", ""  62.077""], ["" 129.507"", "" 122.184"", ""  61.377""], ["" 131.890"", "" 122.346"", ""  61.699""], ["" 130.743"", "" 121.620"", ""  61.364""], ["" 130.908"", "" 126.638"", ""  62.789""], ["" 131.296"", "" 126.694"", ""  63.720""], ["" 131.179"", "" 127.364"", ""  62.139""], ["" 133.112"", "" 124.431"", ""  62.437""], ["" 133.220"", "" 124.694"", ""  63.740""], ["" 134.162"", "" 123.687"", ""  62.090""], ["" 133.163"", "" 125.595"", ""  61.789""], ["" 130.804"", "" 120.181"", ""  60.940""], ["" 129.850"", "" 119.256"", ""  61.394""], ["" 131.811"", "" 119.718"", ""  60.075""], ["" 129.902"", "" 117.919"", ""  61.007""], ["" 131.868"", "" 118.382"", ""  59.686""], ["" 130.913"", "" 117.487"", ""  60.155""], ["" 125.824"", "" 129.889"", ""  61.737""], ["" 125.212"", "" 131.105"", ""  62.445""], ["" 124.554"", "" 130.671"", ""  63.628""], ["" 124.791"", "" 129.306"", ""  63.941""], ["" 124.793"", "" 129.135"", ""  65.466""], ["" 123.752"", "" 129.924"", ""  66.023""], ["" 123.460"", "" 129.602"", ""  67.373""]]",[],4ck_Grossjean_2025
94,9898,4dd_Grossjean_2025,4h2i_c_3_mae_prepped,1,16,-7.5,-0.25862068965517243,0.0,0.0,19,185.12,-8.69,-8.61,-0.08,-8.69,0.0,-1.05,1.19,-1.05,45,8,0.0,0.0,0.0,10.012732,7.434351,4.477724,0.0929608,0.12720687,-0.98751035,63.28373,"272.076904, 20.606466, 4.162821, 119.446785, ","[["" 129.159"", "" 125.998"", ""  61.910""], ["" 130.536"", "" 125.746"", ""  61.804""], ["" 130.860"", "" 124.363"", ""  61.575""], ["" 132.095"", "" 123.683"", ""  61.416""], ["" 133.454"", "" 124.366"", ""  61.455""], ["" 132.058"", "" 122.299"", ""  61.210""], ["" 130.839"", "" 121.611"", ""  61.164""], ["" 129.646"", "" 122.252"", ""  61.303""], ["" 129.681"", "" 123.569"", ""  61.505""], ["" 128.224"", "" 124.513"", ""  61.717""], ["" 128.483"", "" 127.273"", ""  62.157""], ["" 129.058"", "" 128.341"", ""  61.940""], ["" 127.213"", "" 127.176"", ""  62.620""], ["" 126.838"", "" 126.242"", ""  62.694""], ["" 126.319"", "" 128.192"", ""  63.003""], ["" 125.707"", "" 128.894"", ""  61.960""], ["" 125.992"", "" 128.504"", ""  64.334""], ["" 124.795"", "" 129.909"", ""  62.236""], ["" 125.079"", "" 129.520"", ""  64.606""], ["" 124.487"", "" 130.219"", ""  63.558""], ["" 131.501"", "" 126.717"", ""  61.908""], ["" 132.480"", "" 126.514"", ""  61.765""], ["" 131.260"", "" 127.673"", ""  62.129""], ["" 130.769"", "" 120.130"", ""  60.940""], ["" 129.777"", "" 119.354"", ""  61.562""], ["" 131.687"", "" 119.476"", ""  60.100""], ["" 129.704"", "" 117.979"", ""  61.356""], ["" 131.619"", "" 118.100"", ""  59.892""], ["" 130.627"", "" 117.357"", ""  60.523""]]",[],4dd_Grossjean_2025
95,9853,4dg_Grossjean_2025,4h2i_c_3_mae_prepped,1,10,-7.95,-0.265,0.0,0.0,14,185.53,-9.44,-9.27,-0.17,-9.44,0.0,-0.61,1.49,-0.61,44,8,0.0,0.0,0.0,9.747017,7.535927,4.229815,-0.29382189,-0.05794339,0.95410233,297.710358,"163.319214, 331.48764, 168.624573, 284.435028, 339.682587, ","[["" 128.752"", "" 125.769"", ""  62.257""], ["" 130.143"", "" 125.608"", ""  62.336""], ["" 130.592"", "" 124.277"", ""  62.024""], ["" 131.879"", "" 123.682"", ""  61.997""], ["" 133.164"", "" 124.418"", ""  62.344""], ["" 131.969"", "" 122.333"", ""  61.634""], ["" 130.823"", "" 121.599"", ""  61.303""], ["" 129.581"", "" 122.153"", ""  61.338""], ["" 129.494"", "" 123.438"", ""  61.683""], ["" 127.961"", "" 124.274"", ""  61.761""], ["" 127.964"", "" 126.982"", ""  62.469""], ["" 126.747"", "" 127.000"", ""  62.270""], ["" 128.655"", "" 128.075"", ""  62.853""], ["" 129.635"", "" 127.965"", ""  63.072""], ["" 128.075"", "" 129.385"", ""  63.143""], ["" 126.867"", "" 129.321"", ""  64.071""], ["" 125.605"", "" 129.687"", ""  63.593""], ["" 127.009"", "" 128.839"", ""  65.375""], ["" 124.494"", "" 129.599"", ""  64.428""], ["" 125.898"", "" 128.753"", ""  66.210""], ["" 124.646"", "" 129.135"", ""  65.732""], ["" 131.009"", "" 126.612"", ""  62.686""], ["" 131.437"", "" 126.656"", ""  63.599""], ["" 131.254"", "" 127.344"", ""  62.032""], ["" 130.887"", "" 120.150"", ""  60.911""], ["" 131.872"", "" 119.686"", ""  60.023""], ["" 129.962"", "" 119.217"", ""  61.413""], ["" 131.933"", "" 118.345"", ""  59.653""], ["" 130.020"", "" 117.876"", ""  61.047""], ["" 131.008"", "" 117.444"", ""  60.168""]]",[],4dg_Grossjean_2025
96,10001,4dj_Grossjean_2025,4h2i_c_3_mae_prepped,1,14,-6.96,-0.24857142857142858,0.0,0.0,16,185.57,-8.15,-8.12,-0.03,-8.15,0.0,-0.93,1.19,-0.93,42,9,0.0,0.0,0.0,10.134987,7.246602,4.499988,0.16038753,0.06958088,-0.98459857,64.123024,"83.333588, 16.612457, 358.341919, 345.321075, ","[["" 129.083"", "" 125.977"", ""  61.993""], ["" 130.463"", "" 125.726"", ""  61.962""], ["" 130.801"", "" 124.348"", ""  61.728""], ["" 132.044"", "" 123.670"", ""  61.629""], ["" 133.398"", "" 124.348"", ""  61.772""], ["" 132.019"", "" 122.291"", ""  61.389""], ["" 130.805"", "" 121.607"", ""  61.246""], ["" 129.606"", "" 122.242"", ""  61.349""], ["" 129.628"", "" 123.555"", ""  61.576""], ["" 128.161"", "" 124.496"", ""  61.724""], ["" 128.392"", "" 127.251"", ""  62.198""], ["" 128.986"", "" 128.322"", ""  62.044""], ["" 127.091"", "" 127.157"", ""  62.567""], ["" 126.705"", "" 126.230"", ""  62.673""], ["" 126.218"", "" 128.205"", ""  62.824""], ["" 125.497"", "" 128.886"", ""  61.959""], ["" 126.035"", "" 128.696"", ""  64.477""], ["" 124.776"", "" 129.816"", ""  62.555""], ["" 124.905"", "" 129.903"", ""  63.938""], ["" 131.419"", "" 126.695"", ""  62.139""], ["" 132.404"", "" 126.479"", ""  62.137""], ["" 131.164"", "" 127.663"", ""  62.278""], ["" 130.748"", "" 120.127"", ""  60.993""], ["" 131.674"", "" 119.505"", ""  60.139""], ["" 129.764"", "" 119.322"", ""  61.595""], ["" 131.626"", "" 118.135"", ""  59.901""], ["" 129.712"", "" 117.952"", ""  61.359""], ["" 130.644"", "" 117.362"", ""  60.512""]]",[],4dj_Grossjean_2025
97,10311,4ea_Grossjean_2025,4h2i_c_3_mae_prepped,1,5,-7.33,-0.21558823529411764,0.0,0.0,4,185.42,-9.42,-9.22,-0.19,-9.42,0.0,-0.86,2.09,-0.86,44,7,0.0,0.0,0.0,11.021769,9.521541,3.922401,-0.5486206,-0.83059143,0.09556833,165.14978,"100.664864, 333.192261, 201.127304, 13.563448, 342.143768, 13.54075, 330.782593, ","[["" 129.765"", "" 123.716"", ""  61.391""], ["" 128.679"", "" 122.925"", ""  61.766""], ["" 128.779"", "" 121.537"", ""  61.755""], ["" 129.971"", "" 120.911"", ""  61.368""], ["" 131.062"", "" 121.710"", ""  60.992""], ["" 130.964"", "" 123.098"", ""  61.002""], ["" 129.549"", "" 125.107"", ""  61.440""], ["" 131.320"", "" 125.984"", ""  60.287""], ["" 130.277"", "" 126.128"", ""  60.926""], ["" 128.714"", "" 125.373"", ""  61.942""], ["" 129.739"", "" 127.468"", ""  61.178""], ["" 128.840"", "" 127.874"", ""  62.178""], ["" 130.210"", "" 128.828"", ""  60.155""], ["" 128.518"", "" 129.277"", ""  62.139""], ["" 129.205"", "" 129.927"", ""  61.070""], ["" 127.673"", "" 130.093"", ""  62.942""], ["" 129.120"", "" 131.223"", ""  60.766""], ["" 127.582"", "" 131.453"", ""  62.626""], ["" 128.306"", "" 131.968"", ""  61.554""], ["" 128.224"", "" 133.439"", ""  61.190""], ["" 128.308"", "" 127.026"", ""  63.115""], ["" 127.534"", "" 126.412"", ""  62.901""], ["" 128.673"", "" 126.987"", ""  64.057""], ["" 126.898"", "" 129.560"", ""  64.084""], ["" 125.500"", "" 129.599"", ""  64.065""], ["" 127.559"", "" 129.021"", ""  65.193""], ["" 124.770"", "" 129.096"", ""  65.138""], ["" 126.831"", "" 128.518"", ""  66.267""], ["" 125.439"", "" 128.557"", ""  66.235""], ["" 130.045"", "" 119.412"", ""  61.368""], ["" 129.384"", "" 118.700"", ""  62.131""], ["" 130.910"", "" 118.917"", ""  60.446""], ["" 130.907"", "" 117.539"", ""  60.100""], ["" 131.637"", "" 117.346"", ""  58.768""]]",[],4ea_Grossjean_2025
98,34,4eb_Grossjean_2025,4h2i_c_3_mae_prepped,1,10,-7.04,-0.21333333333333335,0.0,0.0,12,185.46,-8.83,-8.63,-0.21,-8.83,0.0,-0.73,1.79,-0.73,40,7,0.0,0.0,0.0,8.847196,9.497826,4.651674,0.16677477,0.19937032,0.96562811,83.85553,"95.268463, 153.763657, 213.111908, 176.556656, 19.672743, 154.885376, ","[["" 129.341"", "" 123.640"", ""  61.469""], ["" 130.577"", "" 123.172"", ""  61.022""], ["" 130.827"", "" 121.805"", ""  60.940""], ["" 129.842"", "" 120.878"", ""  61.305""], ["" 128.600"", "" 121.352"", ""  61.754""], ["" 128.348"", "" 122.718"", ""  61.836""], ["" 129.201"", "" 125.041"", ""  61.511""], ["" 131.263"", "" 125.820"", ""  60.897""], ["" 130.098"", "" 126.021"", ""  61.244""], ["" 128.281"", "" 125.353"", ""  61.785""], ["" 129.594"", "" 127.389"", ""  61.394""], ["" 128.641"", "" 127.874"", ""  62.304""], ["" 130.190"", "" 128.680"", ""  60.349""], ["" 128.375"", "" 129.283"", ""  62.178""], ["" 129.162"", "" 129.856"", ""  61.135""], ["" 127.506"", "" 130.165"", ""  62.877""], ["" 129.149"", "" 131.139"", ""  60.767""], ["" 127.489"", "" 131.511"", ""  62.493""], ["" 128.309"", "" 131.948"", ""  61.456""], ["" 128.310"", "" 133.402"", ""  61.020""], ["" 128.010"", "" 127.090"", ""  63.237""], ["" 127.183"", "" 126.556"", ""  63.009""], ["" 128.352"", "" 127.020"", ""  64.186""], ["" 126.628"", "" 129.715"", ""  63.982""], ["" 127.187"", "" 129.214"", ""  65.162""], ["" 125.239"", "" 129.785"", ""  63.848""], ["" 126.362"", "" 128.792"", ""  66.203""], ["" 124.413"", "" 129.364"", ""  64.887""], ["" 124.979"", "" 128.869"", ""  66.060""], ["" 130.145"", "" 119.410"", ""  61.204""], ["" 129.575"", "" 118.552"", ""  61.883""], ["" 131.110"", "" 119.123"", ""  60.291""], ["" 131.243"", "" 117.814"", ""  59.757""]]",[],4eb_Grossjean_2025
99,10006,8a_Ghoteimi_2023,4h2i_c_3_mae_prepped,1,3,-6.32,-0.14697674418604653,0.0,0.0,3,186.01,-9.31,-9.08,-0.22,-9.31,0.0,-1.25,2.98,-1.25,73,9,0.0,0.0,0.0,9.284522,10.738245,4.316456,0.31684871,-0.25493373,0.91357304,273.093384,"323.752014, 134.268112, 55.889084, 148.308655, 141.083435, 225.319275, 168.843018, 295.221619, 56.403896, 45.769238, ","[["" 130.551"", "" 123.971"", ""  60.752""], ["" 131.750"", "" 123.880"", ""  60.043""], ["" 132.349"", "" 122.643"", ""  59.824""], ["" 131.759"", "" 121.469"", ""  60.309""], ["" 130.551"", "" 121.563"", ""  61.017""], ["" 129.950"", "" 122.800"", ""  61.238""], ["" 130.040"", "" 125.274"", ""  60.916""], ["" 130.598"", "" 126.477"", ""  60.633""], ["" 131.722"", "" 126.625"", ""  60.154""], ["" 129.105"", "" 125.304"", ""  61.297""], ["" 129.757"", "" 127.641"", ""  60.931""], ["" 127.412"", "" 129.797"", ""  62.971""], ["" 128.281"", "" 129.149"", ""  62.048""], ["" 126.913"", "" 131.057"", ""  62.622""], ["" 128.537"", "" 129.839"", ""  60.826""], ["" 129.007"", "" 127.904"", ""  62.088""], ["" 127.236"", "" 131.642"", ""  61.395""], ["" 129.598"", "" 128.948"", ""  59.759""], ["" 128.047"", "" 131.032"", ""  60.491""], ["" 127.011"", "" 129.207"", ""  64.273""], ["" 126.255"", "" 128.046"", ""  66.716""], ["" 125.330"", "" 128.180"", ""  65.679""], ["" 127.570"", "" 128.495"", ""  66.520""], ["" 125.705"", "" 128.753"", ""  64.467""], ["" 127.942"", "" 129.066"", ""  65.306""], ["" 125.794"", "" 127.466"", ""  67.882""], ["" 126.659"", "" 126.612"", ""  68.621""], ["" 128.973"", "" 127.066"", ""  63.175""], ["" 129.821"", "" 126.776"", ""  63.642""], ["" 128.103"", "" 126.714"", ""  63.547""], ["" 126.714"", "" 132.988"", ""  61.007""], ["" 125.380"", "" 133.161"", ""  60.611""], ["" 127.554"", "" 134.109"", ""  61.026""], ["" 124.904"", "" 134.415"", ""  60.240""], ["" 127.078"", "" 135.365"", ""  60.658""], ["" 125.744"", "" 135.526"", ""  60.257""], ["" 125.185"", "" 136.729"", ""  59.871""], ["" 124.144"", "" 136.730"", ""  58.900""], ["" 132.433"", "" 120.152"", ""  60.056""], ["" 133.646"", "" 119.970"", ""  60.203""], ["" 131.575"", "" 119.178"", ""  59.654""], ["" 131.468"", "" 117.953"", ""  60.368""], ["" 130.070"", "" 117.840"", ""  60.981""]]",[],8a_Ghoteimi_2023
100,147,8b_Ghoteimi_2023,4h2i_c_3_mae_prepped,1,1,-6.97,-0.18837837837837837,0.0,0.0,12,187.15,-9.05,-8.59,-0.46,-9.05,0.0,-1.01,2.09,-1.01,63,14,0.0,0.0,0.0,9.194351,12.240382,4.683842,0.63200483,0.76076948,-0.14764716,103.76519,"325.010712, 338.143585, 221.692184, 140.066727, 75.213287, 178.350571, 130.622086, ","[["" 127.447"", "" 129.929"", ""  62.970""], ["" 128.388"", "" 129.346"", ""  62.081""], ["" 128.671"", "" 130.075"", ""  60.891""], ["" 129.839"", "" 129.267"", ""  59.872""], ["" 129.978"", "" 127.928"", ""  61.013""], ["" 129.146"", "" 128.122"", ""  62.126""], ["" 128.130"", "" 131.245"", ""  60.551""], ["" 127.233"", "" 131.786"", ""  61.418""], ["" 126.876"", "" 131.155"", ""  62.614""], ["" 127.054"", "" 129.291"", ""  64.248""], ["" 126.316"", "" 128.069"", ""  66.661""], ["" 125.392"", "" 128.201"", ""  65.623""], ["" 127.619"", "" 128.558"", ""  66.482""], ["" 125.756"", "" 128.809"", ""  64.424""], ["" 127.982"", "" 129.165"", ""  65.283""], ["" 125.866"", "" 127.451"", ""  67.812""], ["" 126.760"", "" 126.627"", ""  68.552""], ["" 129.050"", "" 127.238"", ""  63.169""], ["" 128.158"", "" 127.012"", ""  63.588""], ["" 129.865"", "" 126.783"", ""  63.558""], ["" 126.638"", "" 133.097"", ""  61.011""], ["" 125.303"", "" 133.190"", ""  60.593""], ["" 127.407"", "" 134.269"", ""  61.038""], ["" 124.754"", "" 134.412"", ""  60.218""], ["" 126.860"", "" 135.494"", ""  60.664""], ["" 125.523"", "" 135.573"", ""  60.249""], ["" 124.894"", "" 136.741"", ""  59.860""], ["" 124.004"", "" 136.713"", ""  58.749""], ["" 130.874"", "" 126.805"", ""  60.730""], ["" 131.692"", "" 126.442"", ""  61.750""], ["" 130.859"", "" 126.249"", ""  59.629""], ["" 131.617"", "" 126.969"", ""  62.607""], ["" 132.635"", "" 125.423"", ""  61.756""], ["" 133.451"", "" 125.124"", ""  62.754""], ["" 132.840"", "" 124.569"", ""  60.673""], ["" 134.220"", "" 124.037"", ""  62.334""], ["" 133.840"", "" 123.713"", ""  61.076""]]",[],8b_Ghoteimi_2023
101,10129,8c_Ghoteimi_2023,4h2i_c_3_mae_prepped,1,3,-6.23,-0.16837837837837838,0.0,0.0,13,187.09,-8.32,-8.01,-0.31,-8.32,0.0,-0.76,2.09,-0.76,62,12,0.0,0.0,0.0,8.947096,12.325078,4.487833,-0.61454273,-0.77248095,0.16003256,255.457169,"319.859528, 330.824799, 45.797131, 138.013519, 65.982231, 193.608948, 131.916336, ","[["" 127.225"", "" 130.024"", ""  62.806""], ["" 128.141"", "" 129.434"", ""  61.896""], ["" 128.374"", "" 130.143"", ""  60.682""], ["" 129.515"", "" 129.327"", ""  59.639""], ["" 129.711"", "" 128.014"", ""  60.800""], ["" 128.914"", "" 128.221"", ""  61.938""], ["" 127.809"", "" 131.301"", ""  60.340""], ["" 126.937"", "" 131.850"", ""  61.229""], ["" 126.630"", "" 131.238"", ""  62.447""], ["" 126.884"", "" 129.406"", ""  64.108""], ["" 126.239"", "" 128.222"", ""  66.566""], ["" 125.247"", "" 128.462"", ""  65.615""], ["" 127.565"", "" 128.583"", ""  66.278""], ["" 125.563"", "" 129.051"", ""  64.395""], ["" 127.881"", "" 129.172"", ""  65.057""], ["" 125.833"", "" 127.631"", ""  67.747""], ["" 126.649"", "" 126.626"", ""  68.337""], ["" 128.866"", "" 127.355"", ""  63.002""], ["" 129.709"", "" 126.968"", ""  63.404""], ["" 127.990"", "" 127.073"", ""  63.417""], ["" 126.314"", "" 133.147"", ""  60.818""], ["" 125.026"", "" 133.191"", ""  60.265""], ["" 127.007"", "" 134.354"", ""  60.978""], ["" 124.450"", "" 134.400"", ""  59.888""], ["" 126.434"", "" 135.566"", ""  60.603""], ["" 125.145"", "" 135.597"", ""  60.053""], ["" 124.494"", "" 136.749"", ""  59.654""], ["" 123.758"", "" 136.744"", ""  58.436""], ["" 130.611"", "" 126.896"", ""  60.508""], ["" 131.448"", "" 126.545"", ""  61.515""], ["" 130.581"", "" 126.334"", ""  59.411""], ["" 131.388"", "" 127.075"", ""  62.373""], ["" 132.394"", "" 125.530"", ""  61.498""], ["" 133.053"", "" 125.022"", ""  62.517""], ["" 132.772"", "" 124.826"", ""  59.959""], ["" 133.874"", "" 124.065"", ""  62.135""], ["" 133.894"", "" 123.778"", ""  60.774""]]",[],8c_Ghoteimi_2023
102,10712,8d_Ghoteimi_2023,4h2i_c_3_mae_prepped,1,18,-6.14,-0.191875,0.0,0.0,14,186.49,-8.23,-7.74,-0.48,-8.23,0.0,-0.94,2.09,-0.94,29,4,0.0,0.0,0.0,9.432298,10.094264,4.575116,0.83863811,0.08300544,-0.53832724,86.726212,"152.535492, 166.296921, 78.858315, 325.12793, 238.535278, 234.946289, 255.490967, ","[["" 128.178"", "" 127.480"", ""  62.143""], ["" 129.122"", "" 128.198"", ""  61.363""], ["" 130.098"", "" 127.423"", ""  60.674""], ["" 131.207"", "" 128.406"", ""  59.745""], ["" 130.388"", "" 129.883"", ""  60.258""], ["" 129.312"", "" 129.599"", ""  61.107""], ["" 130.193"", "" 126.094"", ""  60.704""], ["" 129.280"", "" 125.425"", ""  61.460""], ["" 128.275"", "" 126.085"", ""  62.173""], ["" 127.107"", "" 128.150"", ""  62.917""], ["" 125.077"", "" 129.406"", ""  64.387""], ["" 126.222"", "" 128.929"", ""  65.027""], ["" 124.956"", "" 129.251"", ""  62.996""], ["" 127.232"", "" 128.307"", ""  64.299""], ["" 125.967"", "" 128.628"", ""  62.270""], ["" 124.128"", "" 130.008"", ""  65.190""], ["" 124.025"", "" 129.619"", ""  66.554""], ["" 128.502"", "" 130.566"", ""  61.647""], ["" 127.766"", "" 130.999"", ""  61.107""], ["" 128.609"", "" 130.874"", ""  62.603""], ["" 129.406"", "" 123.935"", ""  61.474""], ["" 128.298"", "" 123.116"", ""  61.733""], ["" 130.640"", "" 123.321"", ""  61.225""], ["" 128.421"", "" 121.730"", ""  61.745""], ["" 130.768"", "" 121.934"", ""  61.237""], ["" 129.653"", "" 121.125"", ""  61.499""], ["" 129.681"", "" 119.745"", ""  61.531""], ["" 130.537"", "" 119.047"", ""  60.632""], ["" 130.871"", "" 131.198"", ""  59.781""], ["" 130.664"", "" 131.617"", ""  58.640""], ["" 131.561"", "" 131.883"", ""  60.730""], ["" 132.676"", "" 131.296"", ""  61.386""]]",[],8d_Ghoteimi_2023
103,57,9a_Ghoteimi_2023,4h2i_c_3_mae_prepped,1,1,-1.5,-0.029411764705882353,0.0,0.0,15,188.03,-4.48,-4.35,-0.13,-4.48,0.0,-1.62,2.98,-1.62,107,8,0.0,0.0,0.0,9.07232,11.8918,8.982617,-0.68489857,-0.36137141,-0.63271213,137.340897,"267.856659, 167.468079, 245.148056, 216.982956, 279.672089, 298.891663, 269.15744, 235.539688, 254.541992, 79.044266, ","[["" 130.613"", "" 128.000"", ""  71.327""], ["" 131.835"", "" 127.336"", ""  71.437""], ["" 132.391"", "" 127.083"", ""  72.687""], ["" 131.736"", "" 127.492"", ""  73.856""], ["" 130.505"", "" 128.157"", ""  73.743""], ["" 129.947"", "" 128.410"", ""  72.493""], ["" 130.146"", "" 128.201"", ""  70.014""], ["" 129.352"", "" 127.425"", ""  69.235""], ["" 128.880"", "" 126.344"", ""  69.588""], ["" 130.458"", "" 129.065"", ""  69.596""], ["" 129.065"", "" 127.962"", ""  67.902""], ["" 129.369"", "" 127.404"", ""  66.651""], ["" 128.928"", "" 128.199"", ""  65.531""], ["" 128.244"", "" 129.514"", ""  67.725""], ["" 129.006"", "" 128.018"", ""  64.120""], ["" 128.315"", "" 129.404"", ""  65.982""], ["" 128.517"", "" 129.044"", ""  63.304""], ["" 127.834"", "" 130.371"", ""  65.201""], ["" 127.949"", "" 130.193"", ""  63.858""], ["" 130.038"", "" 126.217"", ""  66.495""], ["" 129.552"", "" 125.332"", ""  66.465""], ["" 131.044"", "" 126.189"", ""  66.406""], ["" 129.567"", "" 126.802"", ""  63.479""], ["" 130.829"", "" 126.324"", ""  63.841""], ["" 128.826"", "" 126.100"", ""  62.526""], ["" 131.347"", "" 125.177"", ""  63.248""], ["" 129.342"", "" 124.950"", ""  61.937""], ["" 130.609"", "" 124.464"", ""  62.290""], ["" 131.113"", "" 123.316"", ""  61.674""], ["" 132.356"", "" 123.410"", ""  60.883""], ["" 130.215"", "" 122.315"", ""  61.064""], ["" 132.997"", "" 122.038"", ""  60.586""], ["" 130.912"", "" 120.970"", ""  60.762""], ["" 132.055"", "" 121.189"", ""  59.950""], ["" 127.412"", "" 131.294"", ""  63.002""], ["" 127.994"", "" 132.566"", ""  63.032""], ["" 126.318"", "" 131.089"", ""  62.153""], ["" 127.501"", "" 133.597"", ""  62.237""], ["" 125.826"", "" 132.118"", ""  61.356""], ["" 126.415"", "" 133.391"", ""  61.371""], ["" 125.897"", "" 134.422"", ""  60.581""], ["" 124.460"", "" 134.489"", ""  60.245""], ["" 126.438"", "" 135.791"", ""  60.713""], ["" 124.135"", "" 135.461"", ""  59.091""], ["" 126.061"", "" 136.721"", ""  59.542""], ["" 124.652"", "" 136.750"", ""  59.380""], ["" 132.365"", "" 127.206"", ""  75.189""], ["" 133.300"", "" 127.866"", ""  75.653""], ["" 131.800"", "" 126.154"", ""  75.835""], ["" 132.049"", "" 124.816"", ""  75.419""], ["" 133.561"", "" 124.570"", ""  75.372""]]",[],9a_Ghoteimi_2023
104,9895,9b_Ghoteimi_2023,4h2i_c_3_mae_prepped,1,10,-4.61,-0.10244444444444445,0.0,0.0,15,189.27,-6.69,-6.35,-0.34,-6.69,0.0,-1.51,2.09,-1.51,77,6,0.0,0.0,0.0,9.709489,10.553859,7.408897,-0.75951887,-0.0272304,0.64991506,220.786758,"94.134079, 247.547409, 286.258057, 332.946381, 346.574738, 278.349457, 228.812546, ","[["" 129.446"", "" 127.049"", ""  62.472""], ["" 130.283"", "" 125.945"", ""  62.246""], ["" 130.916"", "" 125.305"", ""  63.762""], ["" 130.044"", "" 126.504"", ""  64.686""], ["" 130.095"", "" 126.534"", ""  66.017""], ["" 129.366"", "" 127.496"", ""  66.641""], ["" 128.612"", "" 128.437"", ""  65.935""], ["" 128.572"", "" 128.422"", ""  64.536""], ["" 129.301"", "" 127.402"", ""  63.863""], ["" 128.800"", "" 127.726"", ""  61.468""], ["" 129.243"", "" 128.484"", ""  60.967""], ["" 127.857"", "" 127.489"", ""  61.195""], ["" 130.653"", "" 125.325"", ""  60.972""], ["" 131.931"", "" 125.535"", ""  60.571""], ["" 129.833"", "" 124.658"", ""  60.335""], ["" 132.511"", "" 126.105"", ""  61.168""], ["" 132.547"", "" 125.059"", ""  59.420""], ["" 133.536"", "" 124.182"", ""  59.374""], ["" 132.183"", "" 125.467"", ""  58.138""], ["" 133.846"", "" 123.995"", ""  58.027""], ["" 133.021"", "" 124.778"", ""  57.292""], ["" 127.781"", "" 129.463"", ""  63.832""], ["" 126.390"", "" 129.368"", ""  63.767""], ["" 128.412"", "" 130.569"", ""  63.259""], ["" 125.644"", "" 130.351"", ""  63.125""], ["" 127.666"", "" 131.553"", ""  62.617""], ["" 126.269"", "" 131.458"", ""  62.529""], ["" 125.539"", "" 132.465"", ""  61.893""], ["" 126.220"", "" 133.354"", ""  60.932""], ["" 124.146"", "" 132.246"", ""  61.453""], ["" 125.421"", "" 134.638"", ""  60.620""], ["" 123.397"", "" 133.555"", ""  61.124""], ["" 124.122"", "" 134.300"", ""  60.157""], ["" 129.424"", "" 127.494"", ""  68.134""], ["" 128.439"", "" 126.854"", ""  68.896""], ["" 130.467"", "" 128.139"", ""  68.807""], ["" 128.491"", "" 126.868"", ""  70.287""], ["" 130.516"", "" 128.156"", ""  70.198""], ["" 129.522"", "" 127.534"", ""  70.967""], ["" 129.589"", "" 127.554"", ""  72.365""], ["" 128.703"", "" 128.424"", ""  73.165""], ["" 130.901"", "" 127.427"", ""  73.033""], ["" 128.670"", "" 128.068"", ""  74.666""], ["" 130.804"", "" 127.105"", ""  74.540""], ["" 129.987"", "" 128.063"", ""  75.192""]]",[],9b_Ghoteimi_2023
105,10137,9c_Ghoteimi_2023,4h2i_c_3_mae_prepped,1,12,-4.64,-0.1031111111111111,0.0,0.0,15,189.41,-6.73,-6.48,-0.25,-6.73,0.0,-1.41,2.09,-1.41,86,7,0.0,0.0,0.0,9.481941,10.777702,7.557533,-0.75518328,-0.0182441,0.65525977,218.646027,"87.173813, 69.745346, 285.284149, 150.455719, 158.753067, 267.294342, 237.977356, ","[["" 129.170"", "" 127.299"", ""  62.609""], ["" 129.964"", "" 126.170"", ""  62.358""], ["" 130.581"", "" 125.478"", ""  63.858""], ["" 129.758"", "" 126.691"", ""  64.810""], ["" 129.819"", "" 126.694"", ""  66.140""], ["" 129.129"", "" 127.670"", ""  66.786""], ["" 128.408"", "" 128.653"", ""  66.103""], ["" 128.360"", "" 128.666"", ""  64.705""], ["" 129.046"", "" 127.631"", ""  64.007""], ["" 128.547"", "" 128.020"", ""  61.622""], ["" 128.975"", "" 128.835"", ""  61.205""], ["" 127.633"", "" 127.760"", ""  61.277""], ["" 130.301"", "" 125.558"", ""  61.069""], ["" 131.574"", "" 125.755"", ""  60.648""], ["" 129.462"", "" 124.911"", ""  60.440""], ["" 132.178"", "" 126.310"", ""  61.238""], ["" 132.150"", "" 125.276"", ""  59.480""], ["" 131.878"", "" 125.626"", ""  58.241""], ["" 133.377"", "" 124.060"", ""  59.644""], ["" 132.618"", "" 124.960"", ""  57.376""], ["" 133.516"", "" 124.041"", ""  57.911""], ["" 127.607"", "" 129.749"", ""  64.024""], ["" 128.267"", "" 130.896"", ""  63.581""], ["" 126.237"", "" 129.619"", ""  63.786""], ["" 127.567"", "" 131.906"", ""  62.927""], ["" 125.537"", "" 130.630"", ""  63.132""], ["" 126.186"", "" 131.796"", ""  62.701""], ["" 125.465"", "" 132.793"", ""  62.037""], ["" 126.193"", "" 133.797"", ""  61.237""], ["" 124.167"", "" 132.506"", ""  61.397""], ["" 125.340"", "" 135.037"", ""  60.893""], ["" 123.364"", "" 133.777"", ""  61.044""], ["" 124.148"", "" 134.639"", ""  60.234""], ["" 129.197"", "" 127.638"", ""  68.279""], ["" 128.306"", "" 126.860"", ""  69.028""], ["" 130.158"", "" 128.387"", ""  68.965""], ["" 128.367"", "" 126.840"", ""  70.418""], ["" 130.218"", "" 128.371"", ""  70.356""], ["" 129.315"", "" 127.609"", ""  71.112""], ["" 129.394"", "" 127.595"", ""  72.509""], ["" 128.585"", "" 128.515"", ""  73.335""], ["" 130.696"", "" 127.350"", ""  73.165""], ["" 128.532"", "" 128.129"", ""  74.828""], ["" 130.582"", "" 127.004"", ""  74.665""], ["" 129.848"", "" 128.010"", ""  75.344""]]",[],9c_Ghoteimi_2023
106,9784,9d_Ghoteimi_2023,4h2i_c_3_mae_prepped,1,11,-3.37,-0.08425,0.0,0.0,18,192.39,-5.46,-5.22,-0.25,-5.46,0.0,-1.75,2.09,-1.75,68,3,0.0,0.0,0.0,9.217938,11.515371,8.046257,0.738885,0.05675425,-0.67143719,141.226974,"6.954669, 94.727997, 350.224274, 56.606148, 188.918732, 321.594574, 308.526611, ","[["" 129.256"", "" 127.311"", ""  62.391""], ["" 129.958"", "" 126.127"", ""  62.133""], ["" 130.473"", "" 125.349"", ""  63.629""], ["" 129.759"", "" 126.626"", ""  64.585""], ["" 129.846"", "" 126.634"", ""  65.915""], ["" 129.273"", "" 127.680"", ""  66.565""], ["" 128.589"", "" 128.694"", ""  65.889""], ["" 128.479"", "" 128.680"", ""  64.494""], ["" 129.108"", "" 127.615"", ""  63.790""], ["" 128.772"", "" 128.123"", ""  61.397""], ["" 128.374"", "" 129.029"", ""  61.597""], ["" 128.802"", "" 127.843"", ""  60.427""], ["" 130.294"", "" 125.513"", ""  60.830""], ["" 129.818"", "" 125.901"", ""  59.759""], ["" 131.180"", "" 124.489"", ""  60.940""], ["" 132.578"", "" 124.737"", ""  60.982""], ["" 127.717"", "" 129.769"", ""  63.827""], ["" 128.236"", "" 131.063"", ""  63.757""], ["" 126.483"", "" 129.501"", ""  63.232""], ["" 127.527"", "" 132.075"", ""  63.114""], ["" 125.775"", "" 130.511"", ""  62.588""], ["" 126.287"", "" 131.814"", ""  62.510""], ["" 125.552"", "" 132.814"", ""  61.868""], ["" 124.178"", "" 132.518"", ""  61.419""], ["" 126.188"", "" 133.748"", ""  60.920""], ["" 123.358"", "" 133.784"", ""  61.092""], ["" 125.319"", "" 134.986"", ""  60.610""], ["" 124.045"", "" 134.575"", ""  60.134""], ["" 129.404"", "" 127.681"", ""  68.054""], ["" 130.454"", "" 128.367"", ""  68.674""], ["" 128.494"", "" 126.993"", ""  68.865""], ["" 130.587"", "" 128.372"", ""  70.060""], ["" 128.624"", "" 127.000"", ""  70.251""], ["" 129.665"", "" 127.699"", ""  70.879""], ["" 129.796"", "" 127.680"", ""  72.272""], ["" 131.106"", "" 127.463"", ""  72.918""], ["" 128.978"", "" 128.596"", ""  73.094""], ["" 131.012"", "" 127.128"", ""  74.421""], ["" 128.950"", "" 128.229"", ""  74.593""], ["" 130.272"", "" 128.131"", ""  75.097""]]",[],9d_Ghoteimi_2023
107,10748,RR10_Rahimova_2017,4h2i_c_3_mae_prepped,1,20,-8.37,-0.23249999999999998,0.0,0.0,1,189.83,-9.86,-9.63,-0.23,-9.86,0.0,-1.1,1.49,-1.1,65,6,0.0,0.0,0.0,8.830338,11.478266,12.249925,-0.49772019,-0.78933428,0.35948018,75.598068,"184.593719, 128.692429, 11.554337, 61.507568, 194.24057, ","[["" 128.612"", "" 127.351"", ""  70.380""], ["" 128.628"", "" 126.816"", ""  71.765""], ["" 129.092"", "" 127.940"", ""  72.724""], ["" 130.512"", "" 128.430"", ""  72.340""], ["" 130.519"", "" 128.887"", ""  70.861""], ["" 129.945"", "" 127.814"", ""  69.907""], ["" 127.729"", "" 126.349"", ""  69.216""], ["" 126.370"", "" 126.142"", ""  69.730""], ["" 128.575"", "" 125.197"", ""  68.878""], ["" 127.574"", "" 127.367"", ""  67.748""], ["" 126.333"", "" 127.484"", ""  67.110""], ["" 128.703"", "" 128.025"", ""  67.249""], ["" 126.248"", "" 128.292"", ""  65.967""], ["" 128.648"", "" 128.835"", ""  66.111""], ["" 127.403"", "" 128.955"", ""  65.489""], ["" 125.159"", "" 128.571"", ""  65.183""], ["" 126.951"", "" 129.640"", ""  64.386""], ["" 125.603"", "" 129.381"", ""  64.248""], ["" 127.468"", "" 130.241"", ""  63.761""], ["" 124.753"", "" 129.964"", ""  63.156""], ["" 125.329"", "" 130.759"", ""  62.156""], ["" 123.374"", "" 129.718"", ""  63.121""], ["" 124.543"", "" 131.297"", ""  61.141""], ["" 122.586"", "" 130.256"", ""  62.107""], ["" 123.174"", "" 131.044"", ""  61.121""], ["" 129.110"", "" 127.400"", ""  74.169""], ["" 130.073"", "" 126.509"", ""  74.470""], ["" 128.264"", "" 127.776"", ""  74.984""], ["" 130.661"", "" 126.172"", ""  73.723""], ["" 130.243"", "" 125.846"", ""  75.770""], ["" 130.587"", "" 124.338"", ""  75.630""], ["" 131.362"", "" 126.533"", ""  76.594""], ["" 131.981"", "" 124.118"", ""  75.000""], ["" 132.760"", "" 126.317"", ""  75.972""], ["" 133.081"", "" 124.810"", ""  75.838""], ["" 134.483"", "" 124.572"", ""  75.252""]]",[],RR10_Rahimova_2017
108,10079,RR11_Rahimova_2017,4h2i_c_3_mae_prepped,1,14,-4.76,-0.12205128205128205,0.0,0.0,19,189.21,-6.55,-6.46,-0.09,-6.55,0.0,-0.52,1.79,-0.52,71,11,0.0,0.0,0.0,7.983564,8.252089,5.812058,-0.64089902,0.26916017,0.7188889,135.182755,"13.809215, 36.447742, 140.984741, 71.784386, 236.248428, 281.211212, ","[["" 127.022"", "" 129.300"", ""  61.830""], ["" 126.977"", "" 128.998"", ""  63.321""], ["" 128.313"", "" 128.128"", ""  67.561""], ["" 129.001"", "" 128.368"", ""  66.390""], ["" 127.010"", "" 128.149"", ""  67.379""], ["" 128.079"", "" 128.564"", ""  65.389""], ["" 126.834"", "" 128.419"", ""  66.047""], ["" 128.179"", "" 128.846"", ""  64.024""], ["" 125.645"", "" 128.557"", ""  65.318""], ["" 125.738"", "" 128.844"", ""  63.955""], ["" 130.008"", "" 128.392"", ""  66.334""], ["" 128.982"", "" 127.884"", ""  68.883""], ["" 130.218"", "" 127.445"", ""  71.351""], ["" 129.015"", "" 126.807"", ""  71.055""], ["" 130.809"", "" 128.296"", ""  70.422""], ["" 128.400"", "" 127.026"", ""  69.825""], ["" 130.194"", "" 128.515"", ""  69.193""], ["" 130.832"", "" 127.230"", ""  72.585""], ["" 131.567"", "" 127.852"", ""  72.890""], ["" 130.511"", "" 126.475"", ""  73.175""], ["" 127.885"", "" 128.317"", ""  61.050""], ["" 128.381"", "" 127.175"", ""  61.690""], ["" 128.150"", "" 128.547"", ""  59.696""], ["" 129.168"", "" 126.284"", ""  60.948""], ["" 128.927"", "" 127.676"", ""  58.928""], ["" 129.428"", "" 126.549"", ""  59.583""], ["" 129.772"", "" 125.121"", ""  61.349""], ["" 130.215"", "" 125.491"", ""  59.191""], ["" 130.396"", "" 124.668"", ""  60.284""], ["" 130.616"", "" 125.306"", ""  58.284""], ["" 131.213"", "" 123.411"", ""  60.251""], ["" 132.570"", "" 123.454"", ""  59.904""], ["" 130.630"", "" 122.175"", ""  60.563""], ["" 133.329"", "" 122.288"", ""  59.868""], ["" 131.386"", "" 121.007"", ""  60.526""], ["" 132.735"", "" 121.066"", ""  60.179""], ["" 133.493"", "" 119.897"", ""  60.140""], ["" 133.353"", "" 119.239"", ""  59.386""], ["" 134.201"", "" 119.741"", ""  60.842""]]",[],RR11_Rahimova_2017
109,178,RR11_Rahimova_2017-again1,4h2i_c_3_mae_prepped,1,13,-5.29,-0.13225,0.0,0.0,15,183.18,-7.08,-5.42,-1.66,-7.08,0.0,-0.37,1.79,-0.37,82,9,0.0,0.0,0.0,9.168376,8.618545,6.017972,-0.09408561,0.02911077,-0.99513841,232.25592,"264.665253, 189.395584, 335.488129, 288.176178, 112.571625, 77.185532, ","[["" 128.433"", "" 128.921"", ""  60.640""], ["" 129.307"", "" 127.714"", ""  60.330""], ["" 130.817"", "" 123.448"", ""  60.145""], ["" 129.675"", "" 124.017"", ""  60.668""], ["" 131.596"", "" 124.341"", ""  59.576""], ["" 129.730"", "" 125.371"", ""  60.431""], ["" 130.953"", "" 125.540"", ""  59.739""], ["" 128.883"", "" 126.440"", ""  60.731""], ["" 131.344"", "" 126.820"", ""  59.327""], ["" 130.506"", "" 127.894"", ""  59.631""], ["" 128.959"", "" 123.488"", ""  61.143""], ["" 131.129"", "" 121.982"", ""  60.231""], ["" 131.706"", "" 119.250"", ""  60.375""], ["" 130.437"", "" 119.710"", ""  60.721""], ["" 132.689"", "" 120.144"", ""  59.960""], ["" 130.151"", "" 121.071"", ""  60.649""], ["" 132.402"", "" 121.505"", ""  59.887""], ["" 131.993"", "" 117.887"", ""  60.444""], ["" 131.738"", "" 117.287"", ""  59.673""], ["" 132.415"", "" 117.510"", ""  61.280""], ["" 128.290"", "" 129.174"", ""  62.134""], ["" 128.735"", "" 128.201"", ""  63.039""], ["" 127.698"", "" 130.361"", ""  62.581""], ["" 128.587"", "" 128.487"", ""  64.398""], ["" 127.541"", "" 130.649"", ""  63.939""], ["" 128.005"", "" 129.687"", ""  64.840""], ["" 128.933"", "" 127.769"", ""  65.534""], ["" 128.021"", "" 129.650"", ""  66.229""], ["" 128.594"", "" 128.477"", ""  66.664""], ["" 129.374"", "" 126.863"", ""  65.578""], ["" 127.681"", "" 130.356"", ""  66.866""], ["" 128.817"", "" 128.058"", ""  68.081""], ["" 129.750"", "" 128.735"", ""  68.875""], ["" 128.093"", "" 126.992"", ""  68.628""], ["" 129.956"", "" 128.354"", ""  70.198""], ["" 128.297"", "" 126.611"", ""  69.951""], ["" 129.228"", "" 127.292"", ""  70.734""], ["" 129.432"", "" 126.915"", ""  72.060""], ["" 128.727"", "" 127.128"", ""  72.752""], ["" 130.293"", "" 126.458"", ""  72.321""]]",[],RR11_Rahimova_2017-again1
110,153,RR11_Rahimova_2017-again2,4h2i_c_3_mae_prepped,1,4,-5.75,-0.1402439024390244,0.0,0.0,20,182.54,-7.54,-5.6,-1.94,-7.54,0.0,0.94,1.79,0.94,69,12,0.0,0.0,0.0,10.022128,10.232009,5.594431,0.44406356,0.80157712,-0.40035194,105.457008,"356.73645, 242.086319, 312.33493, 78.631683, 269.995544, 69.781143, ","[["" 126.101"", "" 128.997"", ""  60.956""], ["" 126.104"", "" 128.935"", ""  62.478""], ["" 127.644"", "" 128.314"", ""  66.760""], ["" 128.186"", "" 128.227"", ""  65.498""], ["" 126.334"", "" 128.698"", ""  66.595""], ["" 127.227"", "" 128.544"", ""  64.545""], ["" 126.047"", "" 128.846"", ""  65.244""], ["" 127.283"", "" 128.590"", ""  63.149""], ["" 124.874"", "" 129.210"", ""  64.577""], ["" 124.934"", "" 129.248"", ""  63.181""], ["" 129.146"", "" 127.960"", ""  65.339""], ["" 125.709"", "" 128.835"", ""  67.375""], ["" 128.339"", "" 128.033"", ""  68.052""], ["" 129.626"", "" 127.521"", ""  70.477""], ["" 130.056"", "" 128.574"", ""  69.673""], ["" 128.559"", "" 126.719"", ""  70.076""], ["" 129.415"", "" 128.830"", ""  68.464""], ["" 127.918"", "" 126.975"", ""  68.866""], ["" 130.264"", "" 127.268"", ""  71.691""], ["" 129.896"", "" 126.558"", ""  72.307""], ["" 131.047"", "" 127.841"", ""  71.971""], ["" 126.869"", "" 127.847"", ""  60.318""], ["" 127.802"", "" 127.136"", ""  61.084""], ["" 126.649"", "" 127.533"", ""  58.972""], ["" 128.474"", "" 126.087"", ""  60.450""], ["" 127.323"", "" 126.490"", ""  58.332""], ["" 128.238"", "" 125.769"", ""  59.103""], ["" 129.428"", "" 125.188"", ""  60.910""], ["" 129.054"", "" 124.689"", ""  58.798""], ["" 129.785"", "" 124.321"", ""  59.904""], ["" 129.825"", "" 125.134"", ""  61.838""], ["" 129.132"", "" 124.206"", ""  57.915""], ["" 130.766"", "" 123.197"", ""  59.999""], ["" 132.111"", "" 123.405"", ""  59.676""], ["" 130.347"", "" 121.929"", ""  60.419""], ["" 133.027"", "" 122.360"", ""  59.774""], ["" 131.262"", "" 120.884"", ""  60.517""], ["" 132.601"", "" 121.103"", ""  60.196""], ["" 133.518"", "" 120.058"", ""  60.300""], ["" 133.539"", "" 119.340"", ""  59.591""], ["" 134.108"", "" 119.995"", ""  61.118""]]",[],RR11_Rahimova_2017-again2
111,28,RR12_Rahimova_2017,4h2i_c_3_mae_prepped,1,17,-6.1,-0.22592592592592592,0.0,0.0,1,189.85,-8.78,-8.7,-0.08,-8.78,0.0,-2.4,2.68,-2.4,50,3,0.0,0.0,0.0,7.681447,12.744352,6.843388,0.94409452,-0.30616905,-0.12225407,187.627884,"337.783508, 271.46167, 173.874054, 3.47587, 327.055176, 8.55446, 171.647064, 133.963623, 72.046776, ","[["" 127.482"", "" 131.171"", ""  62.968""], ["" 126.274"", "" 132.123"", ""  63.052""], ["" 125.074"", "" 131.613"", ""  62.390""], ["" 124.377"", "" 130.215"", ""  64.035""], ["" 124.224"", "" 130.714"", ""  62.918""], ["" 124.881"", "" 131.980"", ""  61.469""], ["" 123.026"", "" 130.337"", ""  62.038""], ["" 123.019"", "" 131.153"", ""  60.866""], ["" 123.726"", "" 130.743"", ""  59.752""], ["" 123.336"", "" 131.298"", ""  58.531""], ["" 124.789"", "" 129.825"", ""  59.781""], ["" 123.991"", "" 130.948"", ""  57.353""], ["" 125.446"", "" 129.475"", ""  58.604""], ["" 125.045"", "" 130.039"", ""  57.395""], ["" 128.827"", "" 131.920"", ""  62.912""], ["" 129.485"", "" 131.827"", ""  61.546""], ["" 130.733"", "" 131.464"", ""  61.384""], ["" 128.842"", "" 132.132"", ""  60.356""], ["" 130.936"", "" 131.499"", ""  60.033""], ["" 129.765"", "" 131.910"", ""  59.350""], ["" 132.097"", "" 131.190"", ""  59.307""], ["" 129.717"", "" 132.018"", ""  57.954""], ["" 132.050"", "" 131.299"", ""  57.917""], ["" 130.887"", "" 131.703"", ""  57.260""], ["" 127.451"", "" 132.541"", ""  60.176""], ["" 127.260"", "" 134.016"", ""  60.577""], ["" 125.783"", "" 134.429"", ""  60.616""]]",[],RR12_Rahimova_2017
112,9813,RR13_Rahimova_2017,4h2i_c_3_mae_prepped,1,15,-10.9,-0.22708333333333333,0.0,0.0,1,184.41,-14.48,-14.4,-0.08,-14.48,0.0,-3.23,3.58,-3.23,88,0,0.0,0.0,0.0,11.032975,9.935881,2.74289,-0.42804992,0.137092,0.89329673,247.336273,"171.111053, 31.842291, 107.419952, 356.461853, 20.507608, 291.121368, 281.509003, 246.183472, 118.670898, 159.686157, 347.322662, 80.595879, ","[["" 130.055"", "" 128.428"", ""  59.535""], ["" 129.973"", "" 127.586"", ""  60.743""], ["" 129.944"", "" 126.086"", ""  60.366""], ["" 131.173"", "" 125.707"", ""  59.650""], ["" 131.247"", "" 126.546"", ""  58.441""], ["" 131.287"", "" 128.044"", ""  58.824""], ["" 129.954"", "" 129.863"", ""  59.894""], ["" 131.326"", "" 130.555"", ""  60.052""], ["" 132.114"", "" 130.890"", ""  58.932""], ["" 133.361"", "" 131.494"", ""  59.109""], ["" 133.842"", "" 131.764"", ""  60.387""], ["" 131.833"", "" 130.823"", ""  61.334""], ["" 133.078"", "" 131.427"", ""  61.501""], ["" 131.599"", "" 130.563"", ""  57.312""], ["" 129.049"", "" 130.645"", ""  58.930""], ["" 128.510"", "" 130.194"", ""  57.819""], ["" 128.735"", "" 131.979"", ""  59.078""], ["" 127.801"", "" 131.262"", ""  57.277""], ["" 127.941"", "" 132.378"", ""  58.079""], ["" 129.078"", "" 132.895"", ""  60.159""], ["" 128.014"", "" 132.832"", ""  61.271""], ["" 126.741"", "" 133.572"", ""  60.891""], ["" 125.533"", "" 132.877"", ""  60.793""], ["" 126.784"", "" 134.945"", ""  60.632""], ["" 124.369"", "" 133.554"", ""  60.437""], ["" 125.619"", "" 135.621"", ""  60.276""], ["" 124.418"", "" 134.923"", ""  60.181""], ["" 131.224"", "" 124.259"", ""  59.341""], ["" 129.844"", "" 123.598"", ""  59.324""], ["" 129.025"", "" 123.569"", ""  58.298""], ["" 129.289"", "" 122.892"", ""  60.371""], ["" 127.908"", "" 122.857"", ""  58.721""], ["" 128.077"", "" 122.441"", ""  60.026""], ["" 129.802"", "" 122.652"", ""  61.715""], ["" 129.263"", "" 121.319"", ""  62.266""], ["" 129.825"", "" 120.120"", ""  61.518""], ["" 129.258"", "" 118.856"", ""  61.700""], ["" 130.902"", "" 120.286"", ""  60.642""], ["" 129.767"", "" 117.759"", ""  61.009""], ["" 131.412"", "" 119.190"", ""  59.953""], ["" 130.843"", "" 117.931"", ""  60.139""], ["" 132.200"", "" 123.428"", ""  60.203""], ["" 132.749"", "" 122.278"", ""  59.620""], ["" 132.561"", "" 123.750"", ""  61.532""], ["" 133.652"", "" 121.477"", ""  60.318""], ["" 133.470"", "" 122.942"", ""  62.222""], ["" 134.016"", "" 121.813"", ""  61.619""], ["" 131.886"", "" 125.092"", ""  62.393""]]",[],RR13_Rahimova_2017
113,9669,RR14_Rahimova_2017,4h2i_c_3_mae_prepped,1,11,-8.2,-0.205,0.0,0.0,1,186.56,-11.48,-11.43,-0.06,-11.48,0.0,-2.17,3.28,-2.17,52,10,0.0,0.0,0.0,11.01285,9.894042,3.229009,0.31523494,-0.9433651,0.10338871,78.469627,"304.242249, 316.495605, 51.830612, 271.238495, 77.876511, 183.259598, 284.84024, 148.580994, 296.624878, 0.363528, 169.545242, ","[["" 130.309"", "" 124.883"", ""  62.003""], ["" 130.094"", "" 125.819"", ""  60.888""], ["" 128.733"", "" 126.372"", ""  60.948""], ["" 128.630"", "" 127.882"", ""  61.151""], ["" 128.350"", "" 132.081"", ""  61.525""], ["" 128.419"", "" 130.683"", ""  61.416""], ["" 127.456"", "" 132.650"", ""  62.436""], ["" 129.304"", "" 130.064"", ""  60.508""], ["" 127.596"", "" 129.869"", ""  62.215""], ["" 126.642"", "" 131.843"", ""  63.229""], ["" 129.472"", "" 128.733"", ""  60.304""], ["" 127.743"", "" 128.411"", ""  62.029""], ["" 126.701"", "" 130.451"", ""  63.129""], ["" 130.275"", "" 128.328"", ""  59.464""], ["" 129.229"", "" 132.988"", ""  60.673""], ["" 129.884"", "" 130.653"", ""  59.931""], ["" 125.799"", "" 129.601"", ""  64.014""], ["" 130.335"", "" 125.187"", ""  59.585""], ["" 129.069"", "" 125.091"", ""  58.706""], ["" 128.211"", "" 123.840"", ""  58.990""], ["" 127.445"", "" 123.932"", ""  60.238""], ["" 127.837"", "" 122.856"", ""  61.157""], ["" 125.990"", "" 123.970"", ""  60.024""], ["" 127.012"", "" 122.892"", ""  62.461""], ["" 125.221"", "" 123.975"", ""  61.362""], ["" 125.620"", "" 122.867"", ""  62.161""], ["" 131.756"", "" 124.867"", ""  62.479""], ["" 132.179"", "" 125.338"", ""  63.628""], ["" 132.818"", "" 124.344"", ""  61.773""], ["" 133.548"", "" 125.095"", ""  63.655""], ["" 133.941"", "" 124.467"", ""  62.489""], ["" 132.842"", "" 123.688"", ""  60.466""], ["" 132.235"", "" 122.290"", ""  60.482""], ["" 132.987"", "" 121.194"", ""  60.054""], ["" 130.933"", "" 122.099"", ""  60.949""], ["" 132.452"", "" 119.912"", ""  60.126""], ["" 130.399"", "" 120.816"", ""  61.021""], ["" 131.162"", "" 119.707"", ""  60.619""], ["" 130.725"", "" 118.398"", ""  60.676""], ["" 131.143"", "" 117.483"", ""  59.670""]]",[],RR14_Rahimova_2017
114,138,RR15_Rahimova_2017,4h2i_c_3_mae_prepped,1,2,-9.13,-0.19847826086956524,0.0,0.0,1,185.46,-13.6,-12.5,-1.1,-13.6,0.0,-3.99,4.47,-3.99,69,7,0.0,0.0,0.0,9.788979,12.389513,8.615323,0.19307253,-0.76644168,-0.61260929,57.506313,"356.071625, 162.966537, 11.494704, 67.258507, 184.707275, 306.089935, 94.131081, 232.712723, 144.768356, 112.311516, 307.932526, 319.386017, 311.458466, 158.358505, 68.042282, ","[["" 128.204"", "" 128.767"", ""  65.877""], ["" 127.871"", "" 129.822"", ""  66.421""], ["" 127.734"", "" 128.403"", ""  64.645""], ["" 128.578"", "" 128.398"", ""  63.411""], ["" 128.780"", "" 126.975"", ""  62.902""], ["" 129.250"", "" 124.359"", ""  62.034""], ["" 130.142"", "" 124.969"", ""  62.911""], ["" 128.123"", "" 125.044"", ""  61.586""], ["" 129.906"", "" 126.271"", ""  63.343""], ["" 127.889"", "" 126.346"", ""  62.018""], ["" 129.478"", "" 123.094"", ""  61.615""], ["" 128.181"", "" 129.486"", ""  62.364""], ["" 129.031"", "" 130.522"", ""  62.252""], ["" 127.135"", "" 129.398"", ""  61.722""], ["" 129.855"", "" 130.534"", ""  62.836""], ["" 128.819"", "" 131.701"", ""  61.419""], ["" 130.135"", "" 132.167"", ""  60.769""], ["" 131.180"", "" 131.810"", ""  61.684""], ["" 130.518"", "" 131.447"", ""  59.465""], ["" 132.269"", "" 131.197"", ""  61.001""], ["" 131.572"", "" 130.448"", ""  59.878""], ["" 126.295"", "" 128.170"", ""  64.411""], ["" 125.394"", "" 129.322"", ""  64.908""], ["" 124.105"", "" 129.541"", ""  64.082""], ["" 124.150"", "" 130.725"", ""  63.219""], ["" 125.456"", "" 131.400"", ""  63.216""], ["" 123.717"", "" 130.375"", ""  61.860""], ["" 125.476"", "" 132.587"", ""  62.229""], ["" 123.782"", "" 131.592"", ""  60.911""], ["" 125.090"", "" 132.152"", ""  60.929""], ["" 129.217"", "" 127.853"", ""  66.613""], ["" 128.877"", "" 127.557"", ""  68.003""], ["" 129.599"", "" 128.014"", ""  69.033""], ["" 127.970"", "" 126.636"", ""  68.329""], ["" 129.050"", "" 127.375"", ""  70.049""], ["" 128.077"", "" 126.544"", ""  69.701""], ["" 129.491"", "" 127.566"", ""  71.474""], ["" 128.557"", "" 127.597"", ""  72.518""], ["" 130.845"", "" 127.717"", ""  71.790""], ["" 128.953"", "" 127.777"", ""  73.854""], ["" 131.253"", "" 127.900"", ""  73.109""], ["" 130.315"", "" 127.933"", ""  74.152""], ["" 128.069"", "" 127.812"", ""  74.919""], ["" 126.945"", "" 128.683"", ""  74.871""], ["" 130.653"", "" 128.113"", ""  75.483""], ["" 131.808"", "" 127.466"", ""  76.006""]]",[],RR15_Rahimova_2017
115,9856,RR16_Rahimova_2017,4h2i_c_3_mae_prepped,1,16,-7.82,-0.16291666666666668,0.0,0.0,1,186.31,-12.29,-12.18,-0.27,-12.45,0.16,-2.58,4.47,-2.58,61,7,0.0,0.0,0.0,10.107407,13.637083,6.75003,-0.47691037,0.42211311,0.77095851,146.726868,"176.264587, 93.715111, 293.373352, 232.694061, 126.194275, 86.154182, 355.878418, 354.448273, 0.914173, 348.097198, 0.472927, 5.507931, 203.802017, 37.984703, 339.711456, ","[["" 128.185"", "" 131.506"", ""  59.696""], ["" 127.072"", "" 130.672"", ""  59.827""], ["" 125.805"", "" 131.229"", ""  59.980""], ["" 125.659"", "" 132.618"", ""  60.002""], ["" 126.766"", "" 133.450"", ""  59.834""], ["" 128.031"", "" 132.894"", ""  59.677""], ["" 129.829"", "" 130.796"", ""  59.641""], ["" 130.587"", "" 131.355"", ""  60.769""], ["" 130.327"", "" 130.944"", ""  58.268""], ["" 129.566"", "" 129.068"", ""  59.950""], ["" 129.467"", "" 126.145"", ""  59.862""], ["" 128.233"", "" 127.013"", ""  59.514""], ["" 130.483"", "" 126.899"", ""  60.759""], ["" 128.642"", "" 128.406"", ""  58.993""], ["" 130.812"", "" 128.299"", ""  60.205""], ["" 129.082"", "" 124.774"", ""  60.425""], ["" 130.312"", "" 121.324"", ""  61.217""], ["" 129.460"", "" 120.400"", ""  61.702""], ["" 129.653"", "" 122.525"", ""  61.010""], ["" 128.227"", "" 120.992"", ""  61.873""], ["" 128.328"", "" 122.283"", ""  61.443""], ["" 130.053"", "" 123.765"", ""  60.500""], ["" 127.373"", "" 123.308"", ""  61.372""], ["" 127.769"", "" 124.544"", ""  60.860""], ["" 131.673"", "" 120.950"", ""  60.858""], ["" 132.568"", "" 122.156"", ""  60.607""], ["" 133.456"", "" 123.840"", ""  59.107""], ["" 134.248"", "" 124.343"", ""  60.139""], ["" 132.615"", "" 122.750"", ""  59.341""], ["" 134.204"", "" 123.755"", ""  61.403""], ["" 133.366"", "" 122.664"", ""  61.637""], ["" 133.516"", "" 124.558"", ""  57.539""], ["" 126.083"", "" 123.101"", ""  61.789""], ["" 125.849"", "" 123.613"", ""  62.566""], ["" 124.066"", "" 133.352"", ""  60.354""], ["" 124.121"", "" 134.737"", ""  59.873""], ["" 123.029"", "" 132.430"", ""  59.877""], ["" 123.985"", "" 133.404"", ""  62.116""], ["" 123.818"", "" 134.317"", ""  62.547""], ["" 124.703"", "" 132.404"", ""  62.941""], ["" 124.132"", "" 130.993"", ""  62.642""], ["" 124.832"", "" 129.792"", ""  63.307""], ["" 126.158"", "" 129.393"", ""  62.638""], ["" 127.384"", "" 130.245"", ""  63.019""], ["" 126.222"", "" 132.575"", ""  62.706""], ["" 127.116"", "" 131.660"", ""  63.567""], ["" 127.383"", "" 130.244"", ""  63.019""], ["" 126.157"", "" 129.393"", ""  62.640""]]",[],RR16_Rahimova_2017
116,9822,RR17_Rahimova_2017,4h2i_c_3_mae_prepped,1,7,-8.33,-0.21358974358974359,0.0,0.0,2,189.86,-11.91,-11.36,-0.55,-11.91,0.0,-2.34,3.58,-2.34,81,10,0.0,0.0,0.0,7.145429,13.188842,6.951333,0.02790412,-0.92066705,-0.38935015,229.577591,"128.300751, 168.882294, 179.490265, 315.727814, 306.868896, 273.947601, 237.043579, 97.733826, 7.399963, 92.727043, 222.337997, 25.100262, ","[["" 124.371"", "" 130.130"", ""  63.100""], ["" 125.343"", "" 129.513"", ""  64.445""], ["" 126.714"", "" 129.643"", ""  64.543""], ["" 127.029"", "" 129.008"", ""  65.727""], ["" 124.875"", "" 128.870"", ""  65.489""], ["" 125.950"", "" 128.550"", ""  66.309""], ["" 127.591"", "" 130.252"", ""  63.633""], ["" 129.329"", "" 131.461"", ""  61.820""], ["" 128.712"", "" 132.223"", ""  62.826""], ["" 129.062"", "" 130.093"", ""  61.736""], ["" 127.844"", "" 131.620"", ""  63.731""], ["" 128.196"", "" 129.483"", ""  62.639""], ["" 130.203"", "" 131.974"", ""  60.881""], ["" 131.459"", "" 131.336"", ""  60.680""], ["" 128.438"", "" 128.863"", ""  66.282""], ["" 128.626"", "" 127.675"", ""  67.112""], ["" 128.670"", "" 126.784"", ""  66.641""], ["" 129.025"", "" 127.720"", ""  68.460""], ["" 128.293"", "" 126.960"", ""  69.372""], ["" 130.114"", "" 128.477"", ""  68.912""], ["" 128.631"", "" 126.962"", ""  70.722""], ["" 130.452"", "" 128.481"", ""  70.262""], ["" 129.711"", "" 127.724"", ""  71.176""], ["" 130.066"", "" 127.721"", ""  72.663""], ["" 129.456"", "" 126.735"", ""  73.325""], ["" 131.381"", "" 127.575"", ""  72.827""], ["" 129.693"", "" 128.881"", ""  73.203""], ["" 125.186"", "" 129.275"", ""  61.704""], ["" 125.044"", "" 130.056"", ""  60.379""], ["" 124.774"", "" 129.467"", ""  59.328""], ["" 125.233"", "" 131.544"", ""  60.442""], ["" 124.149"", "" 132.361"", ""  60.792""], ["" 126.467"", "" 132.147"", ""  60.155""], ["" 124.296"", "" 133.743"", ""  60.857""], ["" 126.611"", "" 133.530"", ""  60.220""], ["" 125.523"", "" 134.341"", ""  60.573""], ["" 125.573"", "" 135.720"", ""  60.665""], ["" 126.747"", "" 136.405"", ""  60.237""], ["" 127.789"", "" 136.342"", ""  61.358""]]",[],RR17_Rahimova_2017
117,9842,RR18_Rahimova_2017,4h2i_c_3_mae_prepped,1,16,-7.89,-0.20763157894736842,0.0,0.0,8,189.0,-8.79,-8.71,-0.07,-8.79,0.0,-2.3,0.89,-2.3,52,1,0.0,0.0,0.0,10.959933,9.030018,3.692431,0.54151176,-0.22330127,0.81049464,254.784546,"25.471178, 310.985535, 93.131233, ","[["" 130.776"", "" 125.292"", ""  60.664""], ["" 131.804"", "" 124.328"", ""  60.000""], ["" 132.421"", "" 124.727"", ""  58.858""], ["" 132.302"", "" 125.965"", ""  58.302""], ["" 131.629"", "" 126.869"", ""  58.914""], ["" 131.513"", "" 128.536"", ""  58.403""], ["" 130.483"", "" 128.950"", ""  59.809""], ["" 129.953"", "" 130.184"", ""  60.118""], ["" 130.280"", "" 131.359"", ""  59.298""], ["" 129.678"", "" 132.415"", ""  59.855""], ["" 128.942"", "" 132.088"", ""  60.953""], ["" 129.038"", "" 130.725"", ""  61.173""], ["" 128.294"", "" 130.194"", ""  62.243""], ["" 127.525"", "" 131.024"", ""  63.062""], ["" 127.472"", "" 132.397"", ""  62.824""], ["" 128.183"", "" 132.938"", ""  61.757""], ["" 130.978"", "" 131.451"", ""  58.288""], ["" 130.914"", "" 126.660"", ""  60.049""], ["" 130.302"", "" 127.738"", ""  60.609""], ["" 129.698"", "" 127.650"", ""  61.674""], ["" 129.749"", "" 133.350"", ""  59.482""], ["" 129.349"", "" 124.765"", ""  60.534""], ["" 127.753"", "" 123.679"", ""  59.487""], ["" 127.209"", "" 124.145"", ""  60.673""], ["" 129.054"", "" 124.061"", ""  59.408""], ["" 128.223"", "" 124.834"", ""  61.337""], ["" 127.216"", "" 122.878"", ""  58.328""], ["" 132.011"", "" 122.986"", ""  60.535""], ["" 131.020"", "" 122.112"", ""  60.240""], ["" 133.003"", "" 122.700"", ""  61.209""], ["" 130.225"", "" 122.498"", ""  59.754""], ["" 130.883"", "" 120.745"", ""  60.562""], ["" 129.814"", "" 120.376"", ""  61.404""], ["" 131.739"", "" 119.742"", ""  60.069""], ["" 129.631"", "" 119.033"", ""  61.747""], ["" 131.544"", "" 118.408"", ""  60.421""], ["" 130.493"", "" 118.053"", ""  61.261""], ["" 128.839"", "" 121.410"", ""  61.960""]]",[],RR18_Rahimova_2017
118,9771,RR19_Rahimova_2017,4h2i_c_3_mae_prepped,1,17,-10.12,-0.21083333333333332,0.0,0.0,4,187.25,-12.5,-12.51,0.0,-12.5,0.0,-2.8,2.39,-2.8,93,8,0.0,0.0,0.0,9.411661,10.06097,5.387362,0.72808616,0.43249115,0.53182888,187.233109,"119.946877, 286.024445, 12.259145, 77.926483, 62.490982, 71.845627, 21.119129, 71.903542, ","[["" 126.588"", "" 126.253"", ""  59.576""], ["" 127.431"", "" 126.598"", ""  61.003""], ["" 127.111"", "" 127.586"", ""  61.901""], ["" 126.029"", "" 128.394"", ""  62.042""], ["" 124.946"", "" 128.262"", ""  61.463""], ["" 128.547"", "" 125.939"", ""  61.455""], ["" 129.351"", "" 124.997"", ""  60.901""], ["" 129.348"", "" 124.633"", ""  59.722""], ["" 127.869"", "" 127.825"", ""  62.524""], ["" 128.759"", "" 126.122"", ""  62.424""], ["" 126.224"", "" 129.562"", ""  63.044""], ["" 125.547"", "" 129.328"", ""  64.425""], ["" 126.466"", "" 128.711"", ""  65.464""], ["" 127.805"", "" 129.146"", ""  65.573""], ["" 125.952"", "" 127.828"", ""  66.438""], ["" 128.614"", "" 128.654"", ""  66.590""], ["" 126.777"", "" 127.349"", ""  67.447""], ["" 128.104"", "" 127.756"", ""  67.518""], ["" 125.862"", "" 130.893"", ""  62.478""], ["" 124.586"", "" 131.362"", ""  62.342""], ["" 126.808"", "" 131.749"", ""  61.997""], ["" 124.724"", "" 132.699"", ""  61.715""], ["" 123.543"", "" 130.796"", ""  62.671""], ["" 126.056"", "" 132.931"", ""  61.508""], ["" 128.027"", "" 131.577"", ""  61.973""], ["" 123.761"", "" 133.641"", ""  61.349""], ["" 126.499"", "" 134.118"", ""  60.922""], ["" 124.185"", "" 134.838"", ""  60.762""], ["" 125.549"", "" 135.076"", ""  60.549""], ["" 130.330"", "" 124.337"", ""  61.905""], ["" 131.677"", "" 125.093"", ""  62.095""], ["" 132.120"", "" 125.274"", ""  63.538""], ["" 131.178"", "" 125.542"", ""  64.556""], ["" 133.466"", "" 125.045"", ""  63.895""], ["" 131.591"", "" 125.627"", ""  65.879""], ["" 133.858"", "" 125.136"", ""  65.223""], ["" 132.926"", "" 125.430"", ""  66.210""], ["" 130.550"", "" 122.901"", ""  61.581""], ["" 131.558"", "" 122.413"", ""  60.796""], ["" 129.686"", "" 121.937"", ""  62.008""], ["" 131.332"", "" 120.948"", ""  60.731""], ["" 132.459"", "" 123.051"", ""  60.250""], ["" 130.208"", "" 120.663"", ""  61.457""], ["" 128.679"", "" 122.092"", ""  62.703""], ["" 132.046"", "" 119.941"", ""  60.080""], ["" 129.737"", "" 119.355"", ""  61.574""], ["" 131.590"", "" 118.622"", ""  60.185""], ["" 130.439"", "" 118.330"", ""  60.930""]]",[],RR19_Rahimova_2017
119,265,RR19_Rahimova_2017-again1,4h2i_c_3_mae_prepped,1,1,-9.26,-0.19702127659574467,0.0,0.0,2,186.2,-11.94,-12.53,0.59,-11.94,0.0,-2.83,2.68,-2.83,72,1,0.0,0.0,0.0,8.811274,9.594548,6.017389,-0.11315542,-0.61950507,0.77679426,91.171104,"59.182095, 295.586395, 175.874405, 206.777359, 32.542915, 39.765217, 328.014832, 18.621588, 133.30513, ","[["" 126.753"", "" 126.417"", ""  58.598""], ["" 127.565"", "" 126.671"", ""  60.048""], ["" 128.533"", "" 125.925"", ""  60.659""], ["" 129.086"", "" 124.723"", ""  60.372""], ["" 128.898"", "" 124.069"", ""  59.343""], ["" 128.830"", "" 126.309"", ""  61.543""], ["" 127.271"", "" 127.717"", ""  60.905""], ["" 127.065"", "" 128.964"", ""  60.632""], ["" 126.992"", "" 129.550"", ""  59.533""], ["" 126.894"", "" 129.903"", ""  61.873""], ["" 125.849"", "" 129.327"", ""  62.886""], ["" 126.413"", "" 129.018"", ""  64.271""], ["" 127.775"", "" 129.197"", ""  64.525""], ["" 125.565"", "" 128.563"", ""  65.285""], ["" 128.287"", "" 128.930"", ""  65.792""], ["" 126.076"", "" 128.297"", ""  66.552""], ["" 127.435"", "" 128.481"", ""  66.800""], ["" 126.683"", "" 131.344"", ""  61.511""], ["" 127.633"", "" 132.325"", ""  61.604""], ["" 125.476"", "" 131.801"", ""  61.071""], ["" 126.959"", "" 133.568"", ""  61.157""], ["" 128.798"", "" 132.207"", ""  61.978""], ["" 125.667"", "" 133.255"", ""  60.838""], ["" 124.447"", "" 131.147"", ""  60.900""], ["" 127.437"", "" 134.874"", ""  61.039""], ["" 124.780"", "" 134.232"", ""  60.382""], ["" 126.564"", "" 135.867"", ""  60.584""], ["" 125.240"", "" 135.547"", ""  60.256""], ["" 130.038"", "" 124.168"", ""  61.474""], ["" 131.316"", "" 125.028"", ""  61.688""], ["" 131.658"", "" 125.273"", ""  63.147""], ["" 130.629"", "" 125.498"", ""  64.086""], ["" 132.982"", "" 125.112"", ""  63.608""], ["" 130.935"", "" 125.623"", ""  65.435""], ["" 133.267"", "" 125.241"", ""  64.961""], ["" 132.249"", "" 125.500"", ""  65.870""], ["" 130.357"", "" 122.715"", ""  61.328""], ["" 131.387"", "" 122.215"", ""  60.583""], ["" 129.545"", "" 121.750"", ""  61.843""], ["" 131.233"", "" 120.740"", ""  60.637""], ["" 132.254"", "" 122.851"", ""  59.981""], ["" 130.125"", "" 120.462"", ""  61.390""], ["" 128.537"", "" 121.911"", ""  62.533""], ["" 131.988"", "" 119.719"", ""  60.057""], ["" 129.709"", "" 119.146"", ""  61.604""], ["" 131.585"", "" 118.394"", ""  60.257""], ["" 130.451"", "" 118.108"", ""  61.028""]]",[],RR19_Rahimova_2017-again1
120,9892,RR1_Rahimova_2017,4h2i_c_3_mae_prepped,1,6,-7.82,-0.17772727272727273,0.0,0.0,1,193.14,-11.4,-10.78,-0.62,-11.4,0.0,-2.65,3.58,-2.65,85,17,0.0,0.0,0.0,9.889152,11.100367,11.615443,-0.62503437,0.61656247,0.47873036,178.676331,"58.708382, 329.782471, 274.358246, 144.362946, 160.0578, 17.279205, 34.826408, 18.606157, 357.211334, 305.944031, 329.263153, 194.201523, ","[["" 129.499"", "" 127.932"", ""  73.382""], ["" 128.940"", "" 128.697"", ""  74.285""], ["" 127.637"", "" 128.513"", ""  74.095""], ["" 127.320"", "" 127.669"", ""  73.131""], ["" 128.517"", "" 127.292"", ""  72.671""], ["" 131.239"", "" 127.782"", ""  73.151""], ["" 131.634"", "" 126.978"", ""  74.744""], ["" 130.695"", "" 125.832"", ""  75.154""], ["" 129.746"", "" 126.038"", ""  75.911""], ["" 131.004"", "" 124.633"", ""  74.617""], ["" 131.748"", "" 124.627"", ""  73.933""], ["" 130.407"", "" 123.377"", ""  74.836""], ["" 130.131"", "" 122.620"", ""  73.696""], ["" 130.132"", "" 122.841"", ""  76.104""], ["" 129.581"", "" 121.347"", ""  73.812""], ["" 129.582"", "" 121.568"", ""  76.215""], ["" 129.305"", "" 120.807"", ""  75.079""], ["" 128.768"", "" 119.553"", ""  75.291""], ["" 129.501"", "" 118.405"", ""  74.878""], ["" 128.622"", "" 126.355"", ""  71.553""], ["" 127.656"", "" 126.624"", ""  70.386""], ["" 128.249"", "" 126.848"", ""  69.198""], ["" 126.433"", "" 126.622"", ""  70.564""], ["" 129.230"", "" 127.059"", ""  69.072""], ["" 127.451"", "" 127.243"", ""  68.133""], ["" 127.964"", "" 128.134"", ""  67.257""], ["" 129.131"", "" 128.540"", ""  67.285""], ["" 126.475"", "" 127.263"", ""  68.391""], ["" 127.015"", "" 128.612"", ""  66.177""], ["" 125.646"", "" 128.801"", ""  66.425""], ["" 127.501"", "" 128.897"", ""  64.896""], ["" 124.776"", "" 129.264"", ""  65.422""], ["" 126.649"", "" 129.349"", ""  63.893""], ["" 125.281"", "" 129.537"", ""  64.144""], ["" 123.423"", "" 129.486"", ""  65.623""], ["" 122.922"", "" 129.626"", ""  66.948""], ["" 124.384"", "" 129.997"", ""  63.196""], ["" 124.568"", "" 129.648"", ""  61.829""], ["" 126.597"", "" 129.219"", ""  74.917""], ["" 126.918"", "" 130.336"", ""  75.705""], ["" 125.260"", "" 128.791"", ""  74.932""], ["" 125.930"", "" 130.971"", ""  76.461""], ["" 124.285"", "" 129.393"", ""  75.660""], ["" 124.631"", "" 130.469"", ""  76.410""]]",[],RR1_Rahimova_2017
121,74,RR20_Rahimova_2017,4h2i_c_3_mae_prepped,1,1,-7.07,-0.1812820512820513,0.0,0.0,6,182.32,-8.86,-8.92,0.06,-8.86,0.0,-1.32,1.79,-1.32,94,4,0.0,0.0,0.0,9.778291,11.284405,9.233034,0.32849898,0.72322355,0.60748344,240.635971,"291.270142, 50.166008, 135.75975, 10.331553, 265.252258, 37.083988, ","[["" 128.371"", "" 128.006"", ""  67.750""], ["" 129.580"", "" 128.593"", ""  68.156""], ["" 130.100"", "" 128.358"", ""  69.428""], ["" 129.389"", "" 127.566"", ""  70.339""], ["" 129.740"", "" 127.129"", ""  71.637""], ["" 128.650"", "" 126.283"", ""  72.150""], ["" 127.776"", "" 125.940"", ""  70.957""], ["" 128.222"", "" 126.926"", ""  69.921""], ["" 127.714"", "" 127.148"", ""  68.641""], ["" 127.819"", "" 128.252"", ""  66.374""], ["" 128.067"", "" 128.454"", ""  64.201""], ["" 128.658"", "" 128.251"", ""  65.350""], ["" 126.365"", "" 128.683"", ""  64.306""], ["" 126.469"", "" 128.496"", ""  66.041""], ["" 125.232"", "" 128.629"", ""  66.901""], ["" 128.644"", "" 128.509"", ""  62.941""], ["" 127.158"", "" 127.245"", ""  61.751""], ["" 128.190"", "" 127.915"", ""  61.810""], ["" 129.499"", "" 129.043"", ""  62.868""], ["" 129.004"", "" 128.113"", ""  60.509""], ["" 130.245"", "" 127.318"", ""  60.479""], ["" 130.347"", "" 126.393"", ""  61.619""], ["" 130.331"", "" 126.531"", ""  59.243""], ["" 131.767"", "" 125.787"", ""  61.687""], ["" 131.612"", "" 125.701"", ""  59.150""], ["" 132.276"", "" 125.303"", ""  60.329""], ["" 132.110"", "" 125.282"", ""  57.911""], ["" 133.412"", "" 124.492"", ""  60.232""], ["" 133.247"", "" 124.482"", ""  57.828""], ["" 133.898"", "" 124.083"", ""  58.992""], ["" 130.643"", "" 127.719"", ""  72.473""], ["" 130.840"", "" 128.936"", ""  72.501""], ["" 131.463"", "" 126.855"", ""  73.407""], ["" 132.845"", "" 127.057"", ""  73.496""], ["" 130.871"", "" 125.817"", ""  74.137""], ["" 133.619"", "" 126.259"", ""  74.336""], ["" 131.645"", "" 125.018"", ""  74.976""], ["" 133.018"", "" 125.245"", ""  75.082""], ["" 133.865"", "" 124.371"", ""  75.989""]]",[],RR20_Rahimova_2017
122,9807,RR20_Rahimova_2017-again1,4h2i_c_3_mae_prepped,1,15,-8.9,-0.22820512820512823,0.0,0.0,6,178.63,-10.69,-10.57,-0.11,-10.69,0.0,-2.67,1.79,-2.67,64,3,0.0,0.0,0.0,9.21363,11.000395,2.019758,0.15006046,0.97208883,0.18034734,168.027878,"279.222382, 214.175049, 306.188721, 52.313797, 279.606842, 142.874451, ","[["" 129.036"", "" 124.893"", ""  58.659""], ["" 128.459"", "" 126.034"", ""  58.947""], ["" 127.148"", "" 126.039"", ""  58.762""], ["" 126.611"", "" 124.821"", ""  58.300""], ["" 125.186"", "" 124.393"", ""  58.016""], ["" 127.932"", "" 123.698"", ""  58.086""], ["" 130.366"", "" 124.565"", ""  58.697""], ["" 131.337"", "" 125.414"", ""  58.734""], ["" 131.345"", "" 126.657"", ""  58.818""], ["" 132.736"", "" 124.767"", ""  58.673""], ["" 133.267"", "" 124.517"", ""  60.115""], ["" 133.784"", "" 123.077"", ""  60.314""], ["" 132.235"", "" 124.909"", ""  61.200""], ["" 132.618"", "" 122.079"", ""  60.193""], ["" 131.209"", "" 123.800"", ""  61.464""], ["" 131.405"", "" 122.467"", ""  61.033""], ["" 130.049"", "" 124.111"", ""  62.184""], ["" 130.452"", "" 121.497"", ""  61.366""], ["" 129.105"", "" 123.137"", ""  62.496""], ["" 129.309"", "" 121.824"", ""  62.091""], ["" 134.068"", "" 125.126"", ""  60.225""], ["" 126.394"", "" 127.304"", ""  59.054""], ["" 126.224"", "" 127.752"", ""  60.371""], ["" 125.799"", "" 128.038"", ""  58.017""], ["" 125.504"", "" 128.915"", ""  60.649""], ["" 125.093"", "" 129.211"", ""  58.290""], ["" 124.981"", "" 129.680"", ""  59.599""], ["" 124.254"", "" 130.044"", ""  57.367""], ["" 124.160"", "" 130.829"", ""  59.629""], ["" 123.863"", "" 131.224"", ""  58.242""], ["" 124.037"", "" 131.713"", ""  60.662""], ["" 123.283"", "" 131.528"", ""  61.620""], ["" 124.832"", "" 133.000"", ""  60.632""], ["" 126.174"", "" 132.992"", ""  61.033""], ["" 124.232"", "" 134.211"", ""  60.265""], ["" 126.915"", "" 134.170"", ""  61.027""], ["" 124.974"", "" 135.389"", ""  60.259""], ["" 126.319"", "" 135.368"", ""  60.630""], ["" 127.127"", "" 136.653"", ""  60.632""]]",[],RR20_Rahimova_2017-again1
123,9768,RR21_Rahimova_2017,4h2i_c_3_mae_prepped,1,20,-8.37,-0.20925,0.0,0.0,6,187.02,-10.16,-9.73,-0.43,-10.16,0.0,-1.48,1.79,-1.48,56,5,0.0,0.0,0.0,8.879516,10.989055,4.788509,0.24200799,-0.05137424,-0.96891322,56.934933,"341.956848, 276.478241, 76.291512, 261.761902, 84.340508, 280.616638, ","[["" 128.308"", "" 129.435"", ""  61.151""], ["" 127.821"", "" 128.176"", ""  61.241""], ["" 126.189"", "" 127.669"", ""  61.732""], ["" 126.646"", "" 125.992"", ""  61.468""], ["" 127.950"", "" 125.883"", ""  61.063""], ["" 128.660"", "" 127.029"", ""  60.921""], ["" 129.843"", "" 127.086"", ""  60.566""], ["" 125.909"", "" 124.934"", ""  61.612""], ["" 126.402"", "" 123.626"", ""  61.352""], ["" 127.842"", "" 123.594"", ""  60.919""], ["" 128.566"", "" 124.657"", ""  60.785""], ["" 125.763"", "" 122.578"", ""  61.444""], ["" 127.621"", "" 130.688"", ""  61.425""], ["" 126.885"", "" 131.057"", ""  62.574""], ["" 126.447"", "" 132.299"", ""  62.500""], ["" 126.867"", "" 132.786"", ""  61.323""], ["" 127.596"", "" 131.838"", ""  60.651""], ["" 126.579"", "" 130.231"", ""  63.785""], ["" 126.002"", "" 128.667"", ""  66.065""], ["" 124.971"", "" 129.222"", ""  65.299""], ["" 127.331"", "" 128.909"", ""  65.677""], ["" 125.256"", "" 129.996"", ""  64.173""], ["" 127.613"", "" 129.683"", ""  64.553""], ["" 123.680"", "" 129.013"", ""  65.647""], ["" 125.638"", "" 127.910"", ""  67.163""], ["" 126.584"", "" 127.011"", ""  67.733""], ["" 126.584"", "" 134.120"", ""  60.929""], ["" 127.532"", "" 135.139"", ""  61.111""], ["" 125.344"", "" 134.427"", ""  60.351""], ["" 127.244"", "" 136.443"", ""  60.716""], ["" 125.059"", "" 135.732"", ""  59.957""], ["" 126.009"", "" 136.733"", ""  60.140""], ["" 128.489"", "" 122.234"", ""  60.628""], ["" 129.994"", "" 122.186"", ""  60.885""], ["" 130.749"", "" 121.107"", ""  60.418""], ["" 130.622"", "" 123.237"", ""  61.560""], ["" 132.124"", "" 121.071"", ""  60.637""], ["" 131.996"", "" 123.202"", ""  61.779""], ["" 132.748"", "" 122.116"", ""  61.322""], ["" 134.248"", "" 122.079"", ""  61.547""]]",[],RR21_Rahimova_2017
124,9970,RR22_Rahimova_2017,4h2i_c_3_mae_prepped,5,14,-7.85,-0.2453125,0.0,0.0,14,190.62,-8.45,-8.49,0.04,-8.45,0.0,-0.6,0.6,-0.6,51,4,0.0,0.0,0.0,8.615489,12.964365,4.171092,-0.9901113,-0.04261762,0.13365386,229.77829,"69.787209, 114.241676, ","[["" 128.214"", "" 129.100"", ""  65.889""], ["" 127.843"", "" 129.231"", ""  64.725""], ["" 127.363"", "" 130.377"", ""  64.116""], ["" 127.833"", "" 127.902"", ""  63.484""], ["" 127.044"", "" 128.924"", ""  62.274""], ["" 127.028"", "" 130.377"", ""  62.725""], ["" 127.987"", "" 131.214"", ""  61.989""], ["" 127.542"", "" 131.760"", ""  60.742""], ["" 126.252"", "" 132.512"", ""  60.976""], ["" 125.849"", "" 133.638"", ""  60.251""], ["" 124.618"", "" 134.243"", ""  60.511""], ["" 123.770"", "" 133.717"", ""  61.487""], ["" 124.148"", "" 132.580"", ""  62.201""], ["" 125.379"", "" 131.976"", ""  61.942""], ["" 125.669"", "" 130.819"", ""  62.666""], ["" 128.811"", "" 132.445"", ""  60.277""], ["" 129.855"", "" 131.535"", ""  60.930""], ["" 129.341"", "" 130.853"", ""  61.884""], ["" 126.455"", "" 128.500"", ""  61.131""], ["" 127.201"", "" 131.217"", ""  64.650""], ["" 126.412"", "" 127.136"", ""  60.569""], ["" 126.405"", "" 125.980"", ""  61.362""], ["" 126.392"", "" 126.967"", ""  59.179""], ["" 126.364"", "" 124.721"", ""  60.760""], ["" 126.354"", "" 125.752"", ""  58.575""], ["" 126.338"", "" 124.651"", ""  59.367""], ["" 131.267"", "" 131.502"", ""  60.501""], ["" 132.295"", "" 131.809"", ""  61.405""], ["" 131.596"", "" 131.161"", ""  59.180""], ["" 133.625"", "" 131.776"", ""  60.995""], ["" 132.927"", "" 131.130"", ""  58.771""], ["" 133.935"", "" 131.437"", ""  59.681""]]",[],RR22_Rahimova_2017
125,10215,RR23_Rahimova_2017,4h2i_c_3_mae_prepped,1,15,-9.16,-0.229,0.0,0.0,7,188.55,-10.66,-10.7,0.05,-10.66,0.0,-1.33,1.49,-1.33,51,3,0.0,0.0,0.0,7.820701,9.126174,5.590617,-0.68514378,-0.69298225,0.2243961,200.815552,"40.069233, 209.573563, 299.657074, 116.704704, 99.183586, ","[["" 126.539"", "" 127.261"", ""  60.510""], ["" 126.123"", "" 128.356"", ""  59.744""], ["" 125.573"", "" 129.486"", ""  60.353""], ["" 125.384"", "" 129.510"", ""  61.741""], ["" 124.922"", "" 130.548"", ""  62.581""], ["" 124.938"", "" 130.063"", ""  63.971""], ["" 125.771"", "" 128.792"", ""  63.970""], ["" 125.852"", "" 128.447"", ""  62.514""], ["" 126.421"", "" 127.327"", ""  61.906""], ["" 127.159"", "" 126.047"", ""  59.801""], ["" 130.603"", "" 124.011"", ""  61.633""], ["" 130.166"", "" 124.179"", ""  60.361""], ["" 130.037"", "" 124.427"", ""  62.646""], ["" 129.070"", "" 124.858"", ""  59.927""], ["" 128.141"", "" 125.376"", ""  60.625""], ["" 128.954"", "" 125.047"", ""  58.153""], ["" 127.741"", "" 126.356"", ""  58.402""], ["" 130.757"", "" 123.787"", ""  59.643""], ["" 128.435"", "" 127.724"", ""  58.227""], ["" 131.921"", "" 123.234"", ""  61.783""], ["" 131.750"", "" 121.875"", ""  61.222""], ["" 129.889"", "" 121.460"", ""  62.524""], ["" 130.709"", "" 121.096"", ""  61.677""], ["" 130.678"", "" 119.742"", ""  61.005""], ["" 132.684"", "" 121.503"", ""  60.264""], ["" 129.687"", "" 118.810"", ""  61.334""], ["" 131.644"", "" 119.430"", ""  60.047""], ["" 132.643"", "" 120.340"", ""  59.695""], ["" 129.673"", "" 117.566"", ""  60.700""], ["" 131.627"", "" 118.185"", ""  59.413""], ["" 130.640"", "" 117.255"", ""  59.743""], ["" 124.158"", "" 131.617"", ""  62.207""], ["" 122.928"", "" 131.629"", ""  62.295""], ["" 124.831"", "" 132.847"", ""  61.639""], ["" 126.211"", "" 133.013"", ""  61.800""], ["" 124.087"", "" 133.851"", ""  61.006""], ["" 126.845"", "" 134.148"", ""  61.301""], ["" 124.721"", "" 134.986"", ""  60.508""], ["" 126.102"", "" 135.131"", ""  60.647""], ["" 126.790"", "" 136.373"", ""  60.111""]]",[],RR23_Rahimova_2017
126,213,RR24_Rahimova_2017,4h2i_c_3_mae_prepped,1,3,-8.14,-0.1808888888888889,0.0,0.0,16,184.58,-9.64,-9.69,0.06,-9.64,0.0,-1.69,1.49,-1.69,53,7,0.0,0.0,0.0,7.381531,10.157744,1.984838,-0.22917265,0.07517496,0.97047855,104.187241,"44.732571, 202.141937, 60.916389, 303.925201, 101.056198, ","[["" 127.147"", "" 130.031"", ""  57.482""], ["" 127.382"", "" 128.725"", ""  57.849""], ["" 127.864"", "" 126.090"", ""  58.628""], ["" 128.684"", "" 127.121"", ""  59.096""], ["" 126.792"", "" 126.385"", ""  57.779""], ["" 128.442"", "" 128.437"", ""  58.711""], ["" 126.548"", "" 127.700"", ""  57.395""], ["" 128.148"", "" 124.641"", ""  59.040""], ["" 124.888"", "" 122.878"", ""  63.237""], ["" 125.534"", "" 123.070"", ""  62.205""], ["" 125.033"", "" 123.545"", ""  61.003""], ["" 126.891"", "" 122.979"", ""  62.244""], ["" 125.744"", "" 124.096"", ""  59.950""], ["" 127.682"", "" 123.498"", ""  61.269""], ["" 125.225"", "" 124.549"", ""  58.925""], ["" 127.198"", "" 124.078"", ""  60.140""], ["" 129.029"", "" 123.384"", ""  61.522""], ["" 129.964"", "" 123.851"", ""  60.632""], ["" 129.619"", "" 124.441"", ""  59.473""], ["" 131.409"", "" 123.799"", ""  60.776""], ["" 130.832"", "" 124.813"", ""  58.753""], ["" 131.939"", "" 124.385"", ""  59.634""], ["" 132.248"", "" 123.304"", ""  61.776""], ["" 130.870"", "" 125.362"", ""  57.653""], ["" 133.321"", "" 124.488"", ""  59.468""], ["" 133.633"", "" 123.406"", ""  61.615""], ["" 134.167"", "" 123.995"", ""  60.465""], ["" 123.561"", "" 123.578"", ""  60.874""], ["" 127.294"", "" 122.527"", ""  63.051""], ["" 129.332"", "" 122.945"", ""  62.380""], ["" 126.925"", "" 130.972"", ""  58.446""], ["" 127.749"", "" 131.805"", ""  58.836""], ["" 125.474"", "" 130.918"", ""  59.009""], ["" 124.516"", "" 130.095"", ""  58.136""], ["" 125.435"", "" 130.493"", ""  60.440""], ["" 126.526"", "" 130.136"", ""  61.184""], ["" 124.260"", "" 130.408"", ""  61.126""], ["" 125.990"", "" 129.786"", ""  62.523""], ["" 127.702"", "" 130.105"", ""  60.820""], ["" 124.632"", "" 129.949"", ""  62.488""], ["" 123.129"", "" 130.659"", ""  60.707""], ["" 126.635"", "" 129.354"", ""  63.682""], ["" 123.844"", "" 129.691"", ""  63.611""], ["" 125.864"", "" 129.090"", ""  64.819""], ["" 124.474"", "" 129.258"", ""  64.784""]]",[],RR24_Rahimova_2017
127,9990,RR24_Rahimova_2017-again1,4h2i_c_3_mae_prepped,1,1,-7.38,-0.17162790697674418,0.0,0.0,10,186.6,-8.88,-9.21,0.34,-8.88,0.0,-1.36,1.49,-1.36,61,8,0.0,0.0,0.0,9.086773,11.302034,3.879849,0.83956534,-0.08822334,-0.53604727,125.255875,"133.307327, 103.442986, 297.751038, 293.226837, 26.953371, ","[["" 130.338"", "" 128.120"", ""  59.014""], ["" 129.687"", "" 128.942"", ""  59.904""], ["" 128.356"", "" 130.644"", ""  61.671""], ["" 129.568"", "" 131.038"", ""  61.094""], ["" 127.809"", "" 129.397"", ""  61.352""], ["" 130.230"", "" 130.191"", ""  60.210""], ["" 128.469"", "" 128.551"", ""  60.466""], ["" 127.622"", "" 131.574"", ""  62.647""], ["" 124.385"", "" 129.618"", ""  64.648""], ["" 125.679"", "" 129.165"", ""  64.897""], ["" 124.139"", "" 130.597"", ""  63.852""], ["" 126.789"", "" 129.743"", ""  64.311""], ["" 125.175"", "" 131.217"", ""  63.215""], ["" 127.953"", "" 129.388"", ""  64.522""], ["" 126.481"", "" 130.848"", ""  63.398""], ["" 124.769"", "" 132.223"", ""  62.389""], ["" 125.608"", "" 133.006"", ""  61.821""], ["" 127.046"", "" 132.811"", ""  61.919""], ["" 125.380"", "" 134.193"", ""  61.016""], ["" 127.634"", "" 133.836"", ""  61.263""], ["" 126.621"", "" 134.716"", ""  60.683""], ["" 124.211"", "" 134.829"", ""  60.592""], ["" 126.712"", "" 135.883"", ""  59.914""], ["" 124.297"", "" 135.993"", ""  59.824""], ["" 125.545"", "" 136.519"", ""  59.486""], ["" 123.368"", "" 129.128"", ""  65.167""], ["" 125.994"", "" 128.038"", ""  65.807""], ["" 128.908"", "" 134.002"", ""  61.144""], ["" 129.637"", "" 127.152"", ""  58.351""], ["" 128.433"", "" 127.205"", ""  58.074""], ["" 130.527"", "" 125.946"", ""  57.934""], ["" 132.001"", "" 126.320"", ""  57.725""], ["" 130.371"", "" 124.781"", ""  58.854""], ["" 131.395"", "" 124.153"", ""  59.508""], ["" 129.150"", "" 124.229"", ""  59.104""], ["" 130.753"", "" 123.067"", ""  60.291""], ["" 132.594"", "" 124.427"", ""  59.457""], ["" 129.408"", "" 123.112"", ""  60.047""], ["" 128.061"", "" 124.581"", ""  58.647""], ["" 131.301"", "" 122.110"", ""  61.147""], ["" 128.535"", "" 122.203"", ""  60.648""], ["" 130.443"", "" 121.191"", ""  61.760""], ["" 129.065"", "" 121.237"", ""  61.511""]]",[],RR24_Rahimova_2017-again1
128,10155,RR25_Rahimova_2017,4h2i_c_3_mae_prepped,1,19,-8.96,-0.22974358974358977,0.0,0.0,3,186.41,-10.45,-10.26,-0.18,-10.45,0.0,-0.94,1.49,-0.94,49,3,0.0,0.0,0.0,7.253574,8.78,3.699951,-0.99848966,0.02573073,0.04854206,269.319611,"227.996475, 138.643326, 357.366913, 320.63089, 358.095612, ","[["" 125.205"", "" 129.529"", ""  60.159""], ["" 126.129"", "" 128.799"", ""  59.463""], ["" 126.562"", "" 127.449"", ""  59.880""], ["" 128.065"", "" 127.287"", ""  59.572""], ["" 128.356"", "" 127.567"", ""  58.163""], ["" 127.995"", "" 128.950"", ""  57.847""], ["" 126.490"", "" 129.217"", ""  58.089""], ["" 124.664"", "" 130.522"", ""  59.666""], ["" 124.884"", "" 129.247"", ""  61.655""], ["" 126.245"", "" 128.404"", ""  66.267""], ["" 124.989"", "" 128.887"", ""  66.663""], ["" 126.631"", "" 128.562"", ""  64.926""], ["" 124.139"", "" 129.503"", ""  65.747""], ["" 125.794"", "" 129.184"", ""  63.996""], ["" 124.536"", "" 129.639"", ""  64.418""], ["" 126.161"", "" 129.369"", ""  62.535""], ["" 123.648"", "" 130.267"", ""  63.564""], ["" 123.651"", "" 130.015"", ""  62.214""], ["" 122.684"", "" 130.437"", ""  61.579""], ["" 127.145"", "" 127.742"", ""  67.244""], ["" 126.685"", "" 126.856"", ""  67.959""], ["" 128.316"", "" 128.104"", ""  67.302""], ["" 129.761"", "" 127.286"", ""  57.837""], ["" 129.974"", "" 125.854"", ""  57.276""], ["" 130.364"", "" 124.812"", ""  58.270""], ["" 129.338"", "" 124.036"", ""  58.771""], ["" 131.709"", "" 124.759"", ""  58.571""], ["" 129.762"", "" 123.035"", ""  59.828""], ["" 128.162"", "" 124.149"", ""  58.409""], ["" 132.079"", "" 123.739"", ""  59.630""], ["" 132.551"", "" 125.491"", ""  58.037""], ["" 128.796"", "" 122.217"", ""  60.427""], ["" 131.113"", "" 122.901"", ""  60.243""], ["" 133.416"", "" 123.619"", ""  60.032""], ["" 129.148"", "" 121.292"", ""  61.407""], ["" 131.483"", "" 121.959"", ""  61.243""], ["" 133.791"", "" 122.698"", ""  61.008""], ["" 130.472"", "" 121.154"", ""  61.819""], ["" 132.846"", "" 121.873"", ""  61.616""]]",[],RR25_Rahimova_2017
129,10173,RR26_Rahimova_2017,4h2i_c_3_mae_prepped,1,16,-8.11,-0.21342105263157893,0.0,0.0,5,186.14,-9.31,-9.15,-0.16,-9.31,0.0,-1.34,1.19,-1.34,67,5,0.0,0.0,0.0,10.111347,9.491222,4.08268,0.03412393,0.03744876,-0.99871575,216.552658,"221.254608, 71.647972, 22.144609, 74.244164, ","[["" 131.663"", "" 125.184"", ""  62.839""], ["" 130.662"", "" 124.890"", ""  62.183""], ["" 129.552"", "" 125.741"", ""  61.765""], ["" 128.320"", "" 124.838"", ""  60.806""], ["" 129.545"", "" 127.051"", ""  62.098""], ["" 130.391"", "" 123.605"", ""  61.688""], ["" 129.264"", "" 123.406"", ""  60.981""], ["" 129.160"", "" 122.163"", ""  60.596""], ["" 130.272"", "" 121.627"", ""  61.093""], ["" 131.056"", "" 122.449"", ""  61.773""], ["" 128.543"", "" 128.053"", ""  61.773""], ["" 128.720"", "" 129.302"", ""  61.135""], ["" 127.190"", "" 128.041"", ""  62.075""], ["" 127.591"", "" 129.977"", ""  61.050""], ["" 126.643"", "" 129.210"", ""  61.610""], ["" 129.983"", "" 129.889"", ""  60.584""], ["" 130.702"", "" 130.845"", ""  61.318""], ["" 130.469"", "" 129.485"", ""  59.331""], ["" 131.878"", "" 131.401"", ""  60.811""], ["" 131.646"", "" 130.034"", ""  58.825""], ["" 132.345"", "" 131.003"", ""  59.560""], ["" 132.048"", "" 129.642"", ""  57.563""], ["" 133.537"", "" 131.541"", ""  59.118""], ["" 133.414"", "" 129.946"", ""  57.263""], ["" 133.762"", "" 131.386"", ""  57.713""], ["" 125.295"", "" 129.644"", ""  61.696""], ["" 124.636"", "" 130.166"", ""  60.573""], ["" 124.610"", "" 129.549"", ""  62.917""], ["" 123.313"", "" 130.591"", ""  60.672""], ["" 123.287"", "" 129.972"", ""  63.011""], ["" 122.645"", "" 130.492"", ""  61.890""], ["" 130.609"", "" 120.174"", ""  60.921""], ["" 129.728"", "" 119.232"", ""  61.475""], ["" 131.754"", "" 119.712"", ""  60.235""], ["" 129.964"", "" 117.865"", ""  61.345""], ["" 131.981"", "" 118.337"", ""  60.113""], ["" 131.090"", "" 117.417"", ""  60.661""], ["" 132.787"", "" 120.668"", ""  59.653""]]",[],RR26_Rahimova_2017
130,135,RR27_Rahimova_2017,4h2i_c_3_mae_prepped,1,20,-9.25,-0.23125,0.0,0.0,1,186.99,-11.34,-11.26,-0.08,-11.34,0.0,-2.2,2.09,-2.2,64,2,0.0,0.0,0.0,4.787092,7.781373,2.649756,0.44368502,-0.35720281,0.82191834,249.213104,"2.618087, 219.33017, 48.543476, 348.687897, 179.621628, 70.641731, 120.838692, ","[["" 127.824"", "" 128.081"", ""  58.375""], ["" 127.723"", "" 126.757"", ""  58.678""], ["" 126.834"", "" 126.369"", ""  59.638""], ["" 126.022"", "" 127.185"", ""  60.369""], ["" 126.135"", "" 128.477"", ""  60.047""], ["" 127.007"", "" 128.997"", ""  59.066""], ["" 126.854"", "" 130.351"", ""  59.009""], ["" 125.897"", "" 130.696"", ""  59.945""], ["" 125.464"", "" 129.575"", ""  60.560""], ["" 128.674"", "" 128.592"", ""  57.429""], ["" 128.639"", "" 129.549"", ""  57.377""], ["" 126.742"", "" 124.857"", ""  59.915""], ["" 127.810"", "" 123.990"", ""  59.176""], ["" 126.661"", "" 124.511"", ""  61.434""], ["" 127.748"", "" 122.499"", ""  59.575""], ["" 126.681"", "" 122.987"", ""  61.714""], ["" 127.871"", "" 122.445"", ""  61.040""], ["" 129.067"", "" 122.398"", ""  61.693""], ["" 129.145"", "" 122.572"", ""  62.913""], ["" 130.345"", "" 121.946"", ""  60.928""], ["" 130.538"", "" 120.419"", ""  60.922""], ["" 131.579"", "" 119.806"", ""  60.206""], ["" 129.648"", "" 119.620"", ""  61.651""], ["" 131.726"", "" 118.423"", ""  60.224""], ["" 129.795"", "" 118.237"", ""  61.669""], ["" 130.834"", "" 117.644"", ""  60.957""], ["" 131.584"", "" 122.756"", ""  61.357""], ["" 132.853"", "" 122.169"", ""  61.446""], ["" 131.428"", "" 124.106"", ""  61.694""], ["" 133.950"", "" 122.927"", ""  61.849""], ["" 132.524"", "" 124.864"", ""  62.095""], ["" 133.781"", "" 124.271"", ""  62.168""], ["" 124.461"", "" 129.650"", ""  61.620""], ["" 125.004"", "" 129.311"", ""  63.001""], ["" 124.237"", "" 129.567"", ""  64.144""], ["" 126.282"", "" 128.759"", ""  63.140""], ["" 124.742"", "" 129.274"", ""  65.411""], ["" 126.783"", "" 128.459"", ""  64.407""], ["" 126.014"", "" 128.714"", ""  65.542""], ["" 123.798"", "" 129.615"", ""  66.816""]]",[],RR27_Rahimova_2017
131,225,RR27_Rahimova_2017-again1,4h2i_c_3_mae_prepped,1,14,-9.35,-0.23374999999999999,0.0,0.0,3,187.97,-11.14,-11.08,-0.06,-11.14,0.0,-2.2,1.79,-2.2,50,7,0.0,0.0,0.0,8.965924,9.687861,0.445836,0.50322936,0.86415055,-0.00200962,141.85791,"325.645874, 237.716415, 172.680099, 138.176254, 256.870392, 356.763977, ","[["" 131.536"", "" 126.300"", ""  63.209""], ["" 130.980"", "" 126.247"", ""  62.115""], ["" 130.744"", "" 127.379"", ""  61.364""], ["" 130.124"", "" 127.470"", ""  60.121""], ["" 129.690"", "" 126.414"", ""  59.508""], ["" 129.877"", "" 125.236"", ""  60.164""], ["" 130.474"", "" 125.072"", ""  61.404""], ["" 130.482"", "" 123.795"", ""  61.747""], ["" 129.878"", "" 123.083"", ""  60.715""], ["" 129.536"", "" 123.970"", ""  59.764""], ["" 131.062"", "" 128.239"", ""  61.786""], ["" 129.968"", "" 128.857"", ""  59.491""], ["" 128.582"", "" 129.522"", ""  59.784""], ["" 131.222"", "" 129.758"", ""  59.724""], ["" 128.557"", "" 131.068"", ""  59.738""], ["" 130.980"", "" 131.287"", ""  59.693""], ["" 129.747"", "" 131.556"", ""  60.448""], ["" 129.802"", "" 131.736"", ""  61.800""], ["" 130.878"", "" 131.914"", ""  62.378""], ["" 128.488"", "" 131.909"", ""  62.620""], ["" 127.925"", "" 130.565"", ""  63.122""], ["" 127.171"", "" 129.717"", ""  62.296""], ["" 128.178"", "" 130.180"", ""  64.445""], ["" 126.681"", "" 128.510"", ""  62.786""], ["" 127.687"", "" 128.973"", ""  64.935""], ["" 126.941"", "" 128.144"", ""  64.104""], ["" 127.452"", "" 132.774"", ""  61.877""], ["" 127.810"", "" 133.993"", ""  61.281""], ["" 126.118"", "" 132.351"", ""  61.818""], ["" 126.852"", "" 134.769"", ""  60.633""], ["" 125.162"", "" 133.123"", ""  61.163""], ["" 125.533"", "" 134.329"", ""  60.575""], ["" 128.858"", "" 123.540"", ""  58.548""], ["" 127.341"", "" 123.588"", ""  58.655""], ["" 126.717"", "" 123.567"", ""  59.908""], ["" 126.558"", "" 123.655"", ""  57.497""], ["" 125.326"", "" 123.623"", ""  60.002""], ["" 125.167"", "" 123.710"", ""  57.592""], ["" 124.551"", "" 123.695"", ""  58.844""], ["" 124.564"", "" 123.609"", ""  61.549""]]",[],RR27_Rahimova_2017-again1
132,10046,RR28_Rahimova_2017,4h2i_c_3_mae_prepped,1,8,-7.91,-0.16479166666666667,0.0,0.0,3,183.76,-10.6,-10.48,-0.12,-10.6,0.0,-2.12,2.68,-2.12,69,3,0.0,0.0,0.0,9.953876,12.617134,4.199565,-0.54918002,0.76562507,0.33499188,274.757416,"296.593201, 163.807465, 39.730289, 56.717236, 89.481552, 322.10199, 147.193359, 302.745575, 9.734919, ","[["" 130.866"", "" 129.549"", ""  57.978""], ["" 130.881"", "" 130.752"", ""  58.952""], ["" 131.951"", "" 131.084"", ""  59.466""], ["" 129.749"", "" 131.492"", ""  59.100""], ["" 129.713"", "" 132.615"", ""  60.052""], ["" 128.415"", "" 130.979"", ""  58.755""], ["" 129.152"", "" 132.047"", ""  61.380""], ["" 127.806"", "" 130.388"", ""  60.053""], ["" 127.722"", "" 131.414"", ""  61.230""], ["" 127.228"", "" 130.674"", ""  62.506""], ["" 128.151"", "" 130.343"", ""  63.510""], ["" 125.884"", "" 130.315"", ""  62.693""], ["" 127.746"", "" 129.678"", ""  64.663""], ["" 125.477"", "" 129.650"", ""  63.846""], ["" 126.406"", "" 129.327"", ""  64.839""], ["" 125.981"", "" 128.593"", ""  66.110""], ["" 124.948"", "" 129.183"", ""  66.715""], ["" 125.629"", "" 127.339"", ""  65.824""], ["" 127.004"", "" 128.567"", ""  66.965""], ["" 126.728"", "" 132.455"", ""  60.884""], ["" 126.775"", "" 133.776"", ""  61.152""], ["" 127.695"", "" 134.324"", ""  61.757""], ["" 125.931"", "" 132.121"", ""  60.362""], ["" 125.597"", "" 134.608"", ""  60.658""], ["" 131.239"", "" 128.172"", ""  58.593""], ["" 130.091"", "" 127.457"", ""  59.345""], ["" 130.017"", "" 126.096"", ""  59.329""], ["" 129.199"", "" 128.154"", ""  59.836""], ["" 131.168"", "" 125.229"", ""  59.051""], ["" 128.995"", "" 125.405"", ""  60.124""], ["" 131.905"", "" 125.032"", ""  60.394""], ["" 129.611"", "" 125.155"", ""  61.527""], ["" 131.020"", "" 124.445"", ""  61.549""], ["" 130.934"", "" 122.900"", ""  61.333""], ["" 129.847"", "" 122.128"", ""  61.778""], ["" 131.984"", "" 122.237"", ""  60.678""], ["" 129.808"", "" 120.753"", ""  61.565""], ["" 131.949"", "" 120.863"", ""  60.463""], ["" 130.858"", "" 120.112"", ""  60.904""], ["" 130.829"", "" 118.604"", ""  60.659""], ["" 131.996"", "" 118.050"", ""  60.994""], ["" 129.869"", "" 118.058"", ""  61.405""], ["" 130.585"", "" 118.306"", ""  59.381""], ["" 131.696"", "" 124.678"", ""  62.843""], ["" 133.019"", "" 124.737"", ""  63.092""], ["" 133.889"", "" 124.610"", ""  62.231""], ["" 131.076"", "" 124.765"", ""  63.635""], ["" 133.424"", "" 124.974"", ""  64.543""]]",[],RR28_Rahimova_2017
133,180,RR29_Rahimova_2017,4h2i_c_3_mae_prepped,1,20,-6.75,-0.29347826086956524,0.0,0.0,6,186.66,-7.94,-5.8,-2.14,-7.94,0.0,-0.32,1.19,-0.32,38,17,0.0,0.0,0.0,11.635493,8.75296,3.11045,-0.24687827,0.78453149,0.56882463,140.386093,"342.730927, 300.760773, 150.207336, 273.205353, ","[["" 133.773"", "" 124.035"", ""  61.698""], ["" 132.526"", "" 124.904"", ""  61.777""], ["" 132.373"", "" 125.667"", ""  62.796""], ["" 131.596"", "" 124.736"", ""  60.556""], ["" 130.958"", "" 123.332"", ""  60.513""], ["" 129.438"", "" 123.388"", ""  60.489""], ["" 128.706"", "" 123.075"", ""  61.648""], ["" 128.766"", "" 123.758"", ""  59.307""], ["" 127.319"", "" 123.151"", ""  61.578""], ["" 127.366"", "" 123.815"", ""  59.262""], ["" 126.402"", "" 122.874"", ""  62.541""], ["" 126.673"", "" 123.507"", ""  60.427""], ["" 125.166"", "" 123.277"", ""  62.014""], ["" 125.330"", "" 123.464"", ""  60.634""], ["" 131.289"", "" 126.517"", ""  62.829""], ["" 130.139"", "" 126.243"", ""  63.466""], ["" 129.898"", "" 125.131"", ""  64.162""], ["" 129.169"", "" 127.144"", ""  63.401""], ["" 131.375"", "" 127.381"", ""  62.314""], ["" 129.168"", "" 125.116"", ""  64.859""], ["" 130.460"", "" 124.309"", ""  63.994""], ["" 129.162"", "" 127.826"", ""  62.656""], ["" 128.434"", "" 127.142"", ""  64.093""]]",[],RR29_Rahimova_2017
134,10143,RR29_Rahimova_2017-again1,4h2i_c_3_mae_prepped,2,11,-6.11,-0.27772727272727277,0.0,0.0,5,189.47,-7.3,-6.93,-0.37,-7.3,0.0,-0.34,1.19,-0.34,41,16,0.0,0.0,0.0,10.016986,12.004077,3.408464,0.10574098,0.56790562,-0.81627327,124.547493,"318.417236, 267.179291, 32.536434, 8.209018, ","[["" 128.737"", "" 131.858"", ""  63.599""], ["" 129.266"", "" 131.584"", ""  62.199""], ["" 130.345"", "" 132.166"", ""  61.810""], ["" 128.407"", "" 130.582"", ""  61.404""], ["" 128.133"", "" 129.301"", ""  62.220""], ["" 126.854"", "" 129.402"", ""  63.038""], ["" 126.862"", "" 129.052"", ""  64.399""], ["" 125.664"", "" 129.848"", ""  62.430""], ["" 125.671"", "" 129.170"", ""  65.106""], ["" 124.474"", "" 129.947"", ""  63.165""], ["" 125.418"", "" 128.870"", ""  66.407""], ["" 124.518"", "" 129.600"", ""  64.510""], ["" 124.119"", "" 129.335"", ""  66.658""], ["" 123.509"", "" 129.584"", ""  65.420""], ["" 130.777"", "" 131.883"", ""  60.623""], ["" 131.826"", "" 131.151"", ""  60.536""], ["" 132.599"", "" 130.597"", ""  61.594""], ["" 132.364"", "" 130.788"", ""  59.282""], ["" 132.369"", "" 130.754"", ""  62.565""], ["" 133.417"", "" 130.031"", ""  61.430""], ["" 131.951"", "" 131.093"", ""  58.413""], ["" 133.190"", "" 130.216"", ""  59.192""]]",[],RR29_Rahimova_2017-again1
135,98,RR2_Rahimova_2017,4h2i_c_3_mae_prepped,1,3,-9.3,-0.18979591836734697,0.0,0.0,5,187.45,-12.88,-12.48,-0.41,-12.88,0.0,-3.89,3.58,-3.89,62,10,0.0,0.0,0.0,5.697699,9.773573,4.938657,0.71281674,-0.37277303,-0.59408128,248.503662,"35.158474, 280.199829, 189.590927, 238.382599, 169.73494, 309.070251, 169.041367, 10.835126, 92.801979, 46.870445, 145.737213, 352.187012, ","[["" 124.696"", "" 131.310"", ""  59.393""], ["" 124.757"", "" 130.573"", ""  60.998""], ["" 125.390"", "" 129.872"", ""  62.958""], ["" 124.098"", "" 129.662"", ""  62.860""], ["" 125.876"", "" 130.458"", ""  61.801""], ["" 123.700"", "" 130.092"", ""  61.602""], ["" 126.190"", "" 129.521"", ""  64.170""], ["" 127.702"", "" 128.874"", ""  66.433""], ["" 128.254"", "" 129.668"", ""  65.422""], ["" 126.395"", "" 128.402"", ""  66.303""], ["" 127.498"", "" 129.996"", ""  64.301""], ["" 125.641"", "" 128.725"", ""  65.179""], ["" 128.420"", "" 128.503"", ""  67.580""], ["" 129.125"", "" 129.142"", ""  67.919""], ["" 128.211"", "" 126.969"", ""  68.453""], ["" 129.049"", "" 125.988"", ""  67.753""], ["" 126.773"", "" 126.739"", ""  68.631""], ["" 128.962"", "" 127.237"", ""  70.058""], ["" 130.140"", "" 127.698"", ""  72.537""], ["" 129.024"", "" 126.863"", ""  72.440""], ["" 130.661"", "" 128.307"", ""  71.393""], ["" 128.435"", "" 126.629"", ""  71.200""], ["" 130.073"", "" 128.076"", ""  70.153""], ["" 130.771"", "" 127.963"", ""  73.891""], ["" 127.192"", "" 130.882"", ""  61.519""], ["" 128.184"", "" 129.940"", ""  61.244""], ["" 127.492"", "" 132.247"", ""  61.513""], ["" 129.478"", "" 130.366"", ""  60.962""], ["" 128.789"", "" 132.667"", ""  61.232""], ["" 129.794"", "" 131.726"", ""  60.954""], ["" 131.105"", "" 132.051"", ""  60.665""], ["" 132.082"", "" 131.016"", ""  60.610""], ["" 124.766"", "" 129.820"", ""  58.333""], ["" 125.901"", "" 128.841"", ""  58.664""], ["" 125.824"", "" 128.249"", ""  59.873""], ["" 126.790"", "" 128.634"", ""  57.832""], ["" 124.984"", "" 128.238"", ""  60.435""], ["" 126.678"", "" 127.184"", ""  60.139""], ["" 126.804"", "" 126.772"", ""  61.422""], ["" 126.256"", "" 127.326"", ""  62.381""], ["" 126.713"", "" 126.532"", ""  59.369""], ["" 127.667"", "" 125.544"", ""  61.640""], ["" 127.182"", "" 124.281"", ""  61.273""], ["" 128.947"", "" 125.634"", ""  62.207""], ["" 127.958"", "" 123.140"", ""  61.458""], ["" 129.721"", "" 124.491"", ""  62.392""], ["" 129.238"", "" 123.238"", ""  62.019""], ["" 130.080"", "" 122.163"", ""  62.237""], ["" 129.756"", "" 120.901"", ""  61.663""]]",[],RR2_Rahimova_2017
136,268,RR30_Rahimova_2017,4h2i_c_3_mae_prepped,1,14,-6.01,-0.3163157894736842,0.0,0.0,1,193.22,-7.5,-6.94,-0.56,-7.5,0.0,-0.95,1.49,-0.95,25,6,0.0,0.0,0.0,13.087236,7.250657,18.428427,-0.93138503,0.26823791,0.24611044,124.924828,"52.909252, 337.419128, 158.969147, 251.50412, 215.586288, ","[["" 132.590"", "" 125.133"", ""  75.997""], ["" 131.245"", "" 124.718"", ""  75.395""], ["" 130.240"", "" 125.386"", ""  75.648""], ["" 131.257"", "" 123.599"", ""  74.637""], ["" 132.138"", "" 123.119"", ""  74.525""], ["" 130.169"", "" 123.029"", ""  73.992""], ["" 129.376"", "" 123.573"", ""  73.097""], ["" 129.761"", "" 121.386"", ""  74.379""], ["" 128.385"", "" 122.699"", ""  72.669""], ["" 128.447"", "" 121.520"", ""  73.243""], ["" 127.475"", "" 120.401"", ""  72.943""], ["" 133.435"", "" 126.394"", ""  74.991""], ["" 132.037"", "" 127.211"", ""  74.293""], ["" 131.257"", "" 128.090"", ""  74.869""], ["" 131.660"", "" 126.925"", ""  73.021""], ["" 130.295"", "" 128.430"", ""  73.921""], ["" 130.572"", "" 127.718"", ""  72.857""], ["" 129.849"", "" 127.702"", ""  71.528""], ["" 128.610"", "" 126.795"", ""  71.551""]]",[],RR30_Rahimova_2017
137,10123,RR31_Rahimova_2017,4h2i_c_3_mae_prepped,1,3,-6.64,-0.3161904761904762,0.0,0.0,3,194.14,-8.14,-5.72,-2.42,-8.14,0.0,-0.07,1.49,-0.07,50,8,0.0,0.0,0.0,9.218334,10.675352,12.802444,0.68140003,-0.30294754,-0.6662708,214.211456,"337.18634, 72.950867, 66.064743, 159.292618, 26.827267, ","[["" 128.822"", "" 128.014"", ""  67.061""], ["" 128.912"", "" 128.116"", ""  68.521""], ["" 129.948"", "" 127.501"", ""  71.223""], ["" 128.651"", "" 127.004"", ""  70.724""], ["" 130.381"", "" 128.673"", ""  70.436""], ["" 128.584"", "" 126.853"", ""  69.186""], ["" 130.278"", "" 128.471"", ""  68.907""], ["" 130.322"", "" 127.377"", ""  72.563""], ["" 132.064"", "" 127.010"", ""  74.244""], ["" 131.106"", "" 127.092"", ""  75.267""], ["" 131.662"", "" 127.150"", ""  72.910""], ["" 129.768"", "" 127.309"", ""  74.935""], ["" 129.381"", "" 127.445"", ""  73.604""], ["" 133.535"", "" 126.761"", ""  74.554""], ["" 131.495"", "" 126.951"", ""  76.732""], ["" 128.222"", "" 129.274"", ""  66.405""], ["" 127.855"", "" 129.045"", ""  64.930""], ["" 128.629"", "" 127.842"", ""  64.378""], ["" 129.275"", "" 128.143"", ""  63.661""], ["" 127.990"", "" 127.170"", ""  63.979""], ["" 129.152"", "" 127.394"", ""  65.118""]]",[],RR31_Rahimova_2017
138,9834,RR32_Rahimova_2017,4h2i_c_3_mae_prepped,2,15,-5.92,-0.3288888888888889,0.0,0.0,19,194.83,-6.22,-6.07,-0.15,-6.22,0.0,-0.31,0.3,-0.31,30,1,0.0,0.0,0.0,9.81025,11.105068,17.797291,0.25916698,0.67814569,0.68771426,179.931992,"155.346451, ","[["" 130.045"", "" 127.765"", ""  71.279""], ["" 129.974"", "" 127.876"", ""  72.799""], ["" 128.797"", "" 128.360"", ""  73.371""], ["" 128.695"", "" 128.472"", ""  74.754""], ["" 129.706"", "" 128.129"", ""  75.593""], ["" 130.868"", "" 127.656"", ""  75.065""], ["" 131.906"", "" 127.308"", ""  75.963""], ["" 133.115"", "" 126.820"", ""  75.481""], ["" 133.319"", "" 126.667"", ""  74.115""], ["" 132.319"", "" 127.000"", ""  73.205""], ["" 131.064"", "" 127.504"", ""  73.654""], ["" 127.525"", "" 128.953"", ""  75.318""], ["" 127.422"", "" 130.409"", ""  75.520""], ["" 126.255"", "" 128.458"", ""  74.751""], ["" 126.163"", "" 130.827"", ""  76.316""], ["" 125.012"", "" 128.906"", ""  75.556""], ["" 124.956"", "" 130.364"", ""  75.633""], ["" 123.768"", "" 130.786"", ""  76.368""]]",[],RR32_Rahimova_2017
139,1,RR32_Rahimova_2017-again1,4h2i_c_3_mae_prepped,2,20,-6.91,-0.3636842105263158,0.0,0.0,5,186.32,-7.21,-5.69,-1.52,-7.21,0.0,-0.31,0.3,-0.31,47,2,0.0,0.0,0.0,9.971152,4.204861,4.260516,0.16054619,-0.16736416,0.9727354,121.578575,"303.27182, ","[["" 132.858"", "" 121.978"", ""  59.878""], ["" 131.626"", "" 121.486"", ""  60.624""], ["" 130.833"", "" 122.382"", ""  61.340""], ["" 129.698"", "" 121.928"", ""  62.022""], ["" 129.356"", "" 120.610"", ""  62.028""], ["" 130.109"", "" 119.713"", ""  61.336""], ["" 129.714"", "" 118.353"", ""  61.351""], ["" 130.454"", "" 117.402"", ""  60.655""], ["" 131.587"", "" 117.773"", ""  59.938""], ["" 132.001"", "" 119.103"", ""  59.905""], ["" 131.271"", "" 120.104"", ""  60.603""], ["" 128.894"", "" 122.807"", ""  62.755""], ["" 129.368"", "" 124.171"", ""  63.065""], ["" 127.428"", "" 122.885"", ""  62.576""], ["" 129.057"", "" 125.180"", ""  61.933""], ["" 127.005"", "" 123.833"", ""  61.429""], ["" 127.530"", "" 125.249"", ""  61.744""], ["" 127.162"", "" 126.230"", ""  60.614""], ["" 127.113"", "" 125.560"", ""  62.610""]]",[],RR32_Rahimova_2017-again1
140,9993,RR32_Rahimova_2017-again2,4h2i_c_3_mae_prepped,2,9,-6.65,-0.3325,0.0,0.0,11,189.22,-6.95,-4.18,-2.77,-6.95,0.0,0.11,0.3,0.11,34,2,0.0,0.0,0.0,11.934716,6.680267,3.683374,-0.80157284,-0.59299826,-0.0763809,161.867081,"56.069687, ","[["" 128.259"", "" 121.581"", ""  61.705""], ["" 129.648"", "" 122.172"", ""  61.506""], ["" 129.897"", "" 123.507"", ""  61.835""], ["" 131.167"", "" 124.071"", ""  61.654""], ["" 132.143"", "" 123.281"", ""  61.160""], ["" 131.992"", "" 121.959"", ""  60.810""], ["" 133.083"", "" 121.220"", ""  60.299""], ["" 132.895"", "" 119.883"", ""  59.959""], ["" 131.651"", "" 119.279"", ""  60.118""], ["" 130.565"", "" 119.996"", ""  60.620""], ["" 130.707"", "" 121.365"", ""  60.983""], ["" 133.057"", "" 123.692"", ""  61.044""], ["" 131.479"", "" 125.437"", ""  61.990""], ["" 131.448"", "" 126.503"", ""  60.954""], ["" 131.099"", "" 126.047"", ""  63.290""], ["" 130.009"", "" 127.062"", ""  60.784""], ["" 129.641"", "" 126.576"", ""  63.248""], ["" 129.518"", "" 127.641"", ""  62.133""], ["" 128.070"", "" 128.155"", ""  62.017""], ["" 130.125"", "" 128.413"", ""  62.376""]]",[],RR32_Rahimova_2017-again2
141,4,RR33_Rahimova_2017,4h2i_c_3_mae_prepped,1,1,-5.13,-0.27,0.0,0.0,5,189.39,-6.62,-6.38,-0.24,-6.62,0.0,-1.04,1.49,-1.04,28,6,0.0,0.0,0.0,8.098866,13.441157,4.351339,-0.92025728,-0.27676689,0.27663445,222.968567,"327.458801, 215.871277, 326.241394, 270.601227, 328.301025, ","[["" 124.700"", "" 130.022"", ""  63.916""], ["" 125.975"", "" 129.470"", ""  64.037""], ["" 126.994"", "" 129.842"", ""  63.164""], ["" 126.750"", "" 130.775"", ""  62.151""], ["" 125.472"", "" 131.328"", ""  62.024""], ["" 124.453"", "" 130.957"", ""  62.898""], ["" 123.755"", "" 129.596"", ""  64.829""], ["" 124.155"", "" 129.309"", ""  66.166""], ["" 122.988"", "" 129.626"", ""  67.107""], ["" 127.845"", "" 131.174"", ""  61.215""], ["" 129.134"", "" 131.233"", ""  61.465""], ["" 127.521"", "" 131.526"", ""  59.943""], ["" 129.692"", "" 131.633"", ""  60.334""], ["" 128.710"", "" 131.823"", ""  59.370""], ["" 128.694"", "" 132.254"", ""  57.924""], ["" 131.192"", "" 131.810"", ""  60.226""], ["" 131.818"", "" 131.691"", ""  61.534""], ["" 133.158"", "" 131.139"", ""  61.414""], ["" 131.263"", "" 131.078"", ""  62.115""]]",[],RR33_Rahimova_2017
142,16,RR33_Rahimova_2017-again1,4h2i_c_3_mae_prepped,1,17,-6.02,-0.301,0.0,0.0,5,187.99,-7.51,-5.62,-1.89,-7.51,0.0,-0.97,1.49,-0.97,51,7,0.0,0.0,0.0,4.824252,12.841134,6.403855,0.38721022,0.63525007,0.66822571,262.514648,"97.520325, 327.636169, 264.957275, 94.670242, 135.582947, ","[["" 124.252"", "" 131.362"", ""  60.152""], ["" 125.467"", "" 131.491"", ""  60.825""], ["" 125.628"", "" 130.968"", ""  62.105""], ["" 124.569"", "" 130.304"", ""  62.733""], ["" 123.348"", "" 130.173"", ""  62.061""], ["" 123.189"", "" 130.697"", ""  60.782""], ["" 124.187"", "" 131.913"", ""  58.886""], ["" 123.375"", "" 131.293"", ""  57.894""], ["" 124.149"", "" 130.120"", ""  57.285""], ["" 124.737"", "" 129.743"", ""  64.109""], ["" 125.735"", "" 129.015"", ""  64.562""], ["" 123.773"", "" 129.979"", ""  65.034""], ["" 125.438"", "" 128.761"", ""  65.828""], ["" 124.218"", "" 129.346"", ""  66.145""], ["" 123.350"", "" 129.421"", ""  67.377""], ["" 126.358"", "" 127.924"", ""  66.696""], ["" 127.813"", "" 128.146"", ""  66.247""], ["" 128.460"", "" 129.396"", ""  66.861""], ["" 128.359"", "" 127.336"", ""  66.500""], ["" 127.829"", "" 128.231"", ""  65.240""]]",[],RR33_Rahimova_2017-again1
143,9777,RR3_Rahimova_2017,4h2i_c_3_mae_prepped,1,4,-8.0,-0.2,0.0,0.0,20,184.2,-9.49,-9.44,-0.06,-9.49,0.0,-1.68,1.49,-1.68,70,1,0.0,0.0,0.0,8.149441,10.621261,6.086149,0.36150802,0.47769211,0.80070107,136.461487,"333.741852, 272.032837, 236.728394, 35.092934, 252.000595, ","[["" 127.051"", "" 128.233"", ""  62.491""], ["" 126.836"", "" 128.833"", ""  63.744""], ["" 126.073"", "" 129.932"", ""  63.445""], ["" 125.900"", "" 129.963"", ""  62.089""], ["" 126.493"", "" 128.943"", ""  61.517""], ["" 125.725"", "" 130.613"", ""  64.105""], ["" 127.775"", "" 126.963"", ""  62.172""], ["" 129.146"", "" 124.575"", ""  61.574""], ["" 127.857"", "" 124.808"", ""  61.074""], ["" 129.731"", "" 125.556"", ""  62.385""], ["" 127.177"", "" 125.986"", ""  61.371""], ["" 129.053"", "" 126.734"", ""  62.685""], ["" 129.879"", "" 123.311"", ""  61.251""], ["" 131.126"", "" 123.347"", ""  60.609""], ["" 129.335"", "" 122.061"", ""  61.582""], ["" 131.810"", "" 122.172"", ""  60.309""], ["" 130.016"", "" 120.884"", ""  61.284""], ["" 131.251"", "" 120.944"", ""  60.648""], ["" 127.280"", "" 128.508"", ""  65.132""], ["" 128.620"", "" 128.658"", ""  65.492""], ["" 126.362"", "" 128.060"", ""  66.083""], ["" 129.040"", "" 128.343"", ""  66.780""], ["" 126.785"", "" 127.746"", ""  67.372""], ["" 128.131"", "" 127.876"", ""  67.741""], ["" 128.590"", "" 127.520"", ""  69.120""], ["" 129.751"", "" 128.093"", ""  69.662""], ["" 127.865"", "" 126.609"", ""  69.904""], ["" 130.175"", "" 127.764"", ""  70.948""], ["" 128.286"", "" 126.281"", ""  71.189""], ["" 129.440"", "" 126.859"", ""  71.706""], ["" 125.157"", "" 131.007"", ""  61.387""], ["" 123.898"", "" 130.869"", ""  60.827""], ["" 125.553"", "" 132.373"", ""  61.132""], ["" 123.502"", "" 132.050"", ""  60.257""], ["" 124.484"", "" 133.002"", ""  60.420""], ["" 126.694"", "" 133.139"", ""  61.430""], ["" 124.536"", "" 134.339"", ""  60.013""], ["" 126.746"", "" 134.471"", ""  61.024""], ["" 125.689"", "" 135.054"", ""  60.333""], ["" 122.610"", "" 132.157"", ""  59.797""]]",[],RR3_Rahimova_2017
144,10447,RR4_Rahimova_2017,4h2i_c_3_mae_prepped,1,8,-7.97,-0.19439024390243903,0.0,0.0,3,183.39,-10.36,-10.31,-0.04,-10.36,0.0,-3.46,2.39,-3.46,58,8,0.0,0.0,0.0,7.162401,9.521548,2.635511,-0.57609523,-0.44791996,0.68372655,207.13121,"222.961899, 251.619202, 127.628098, 197.157944, 130.175232, 177.557602, 95.045776, 327.791168, ","[["" 126.992"", "" 128.406"", ""  62.697""], ["" 128.166"", "" 127.678"", ""  62.930""], ["" 129.023"", "" 127.351"", ""  61.874""], ["" 128.720"", "" 127.712"", ""  60.601""], ["" 127.576"", "" 128.388"", ""  60.344""], ["" 126.680"", "" 128.777"", ""  61.366""], ["" 125.465"", "" 129.541"", ""  61.067""], ["" 124.505"", "" 130.143"", ""  60.831""], ["" 126.140"", "" 128.743"", ""  63.878""], ["" 124.511"", "" 129.355"", ""  66.085""], ["" 124.042"", "" 129.545"", ""  64.786""], ["" 125.807"", "" 128.852"", ""  66.277""], ["" 124.846"", "" 129.239"", ""  63.691""], ["" 126.609"", "" 128.547"", ""  65.181""], ["" 123.643"", "" 129.684"", ""  67.108""], ["" 122.274"", "" 129.305"", ""  67.007""], ["" 130.295"", "" 126.577"", ""  62.068""], ["" 131.076"", "" 126.185"", ""  60.971""], ["" 130.739"", "" 126.217"", ""  63.351""], ["" 132.255"", "" 125.469"", ""  61.148""], ["" 131.919"", "" 125.501"", ""  63.531""], ["" 132.690"", "" 125.120"", ""  62.425""], ["" 133.871"", "" 124.407"", ""  62.504""], ["" 134.024"", "" 123.227"", ""  61.724""], ["" 127.338"", "" 128.756"", ""  58.618""], ["" 126.296"", "" 127.438"", ""  57.907""], ["" 126.610"", "" 126.028"", ""  58.425""], ["" 127.853"", "" 125.877"", ""  58.938""], ["" 125.759"", "" 125.137"", ""  58.371""], ["" 128.451"", "" 126.690"", ""  58.921""], ["" 128.435"", "" 124.728"", ""  59.480""], ["" 127.883"", "" 123.924"", ""  60.489""], ["" 129.985"", "" 124.117"", ""  58.967""], ["" 126.598"", "" 124.195"", ""  61.128""], ["" 128.699"", "" 122.815"", ""  60.819""], ["" 129.892"", "" 122.787"", ""  60.080""], ["" 125.579"", "" 124.409"", ""  61.634""], ["" 128.398"", "" 121.767"", ""  61.897""], ["" 131.018"", "" 121.776"", ""  60.254""], ["" 129.684"", "" 121.008"", ""  62.294""], ["" 130.502"", "" 120.570"", ""  61.067""]]",[],RR4_Rahimova_2017
145,45,RR5_Rahimova_2017,4h2i_c_3_mae_prepped,1,18,-10.14,-0.21125000000000002,0.0,0.0,9,186.04,-13.72,-13.02,-0.7,-13.72,0.0,-4.11,3.58,-4.11,50,5,0.0,0.0,0.0,11.050394,10.815182,5.959509,0.5424401,0.5758478,-0.6116846,162.196808,"129.992264, 35.499863, 78.536018, 336.987549, 121.343384, 241.855209, 103.208977, 336.339142, 132.486572, 56.971954, 82.206451, 242.819626, ","[["" 130.467"", "" 130.793"", ""  60.972""], ["" 130.145"", "" 131.500"", ""  62.337""], ["" 128.643"", "" 131.553"", ""  62.676""], ["" 128.249"", "" 132.287"", ""  63.582""], ["" 127.852"", "" 130.736"", ""  61.945""], ["" 128.327"", "" 130.280"", ""  61.180""], ["" 126.383"", "" 130.469"", ""  61.935""], ["" 126.250"", "" 129.422"", ""  60.778""], ["" 125.880"", "" 129.808"", ""  59.479""], ["" 126.502"", "" 128.056"", ""  61.015""], ["" 125.766"", "" 128.868"", ""  58.458""], ["" 126.378"", "" 127.114"", ""  59.997""], ["" 126.009"", "" 127.525"", ""  58.721""], ["" 126.007"", "" 129.872"", ""  63.333""], ["" 124.677"", "" 129.826"", ""  63.782""], ["" 127.014"", "" 129.374"", ""  64.178""], ["" 124.368"", "" 129.309"", ""  65.038""], ["" 126.708"", "" 128.865"", ""  65.436""], ["" 125.384"", "" 128.834"", ""  65.861""], ["" 125.694"", "" 131.835"", ""  61.601""], ["" 124.353"", "" 132.074"", ""  61.952""], ["" 126.394"", "" 132.869"", ""  60.953""], ["" 123.733"", "" 133.284"", ""  61.651""], ["" 125.778"", "" 134.080"", ""  60.651""], ["" 124.447"", "" 134.281"", ""  60.997""], ["" 130.360"", "" 129.320"", ""  60.993""], ["" 129.482"", "" 128.643"", ""  60.158""], ["" 128.749"", "" 129.142"", ""  59.300""], ["" 130.809"", "" 128.819"", ""  61.746""], ["" 129.548"", "" 127.332"", ""  60.447""], ["" 130.799"", "" 126.661"", ""  60.573""], ["" 130.736"", "" 125.587"", ""  61.681""], ["" 129.549"", "" 124.649"", ""  61.554""], ["" 131.900"", "" 124.615"", ""  61.662""], ["" 128.183"", "" 124.942"", ""  61.529""], ["" 129.977"", "" 123.326"", ""  61.435""], ["" 131.447"", "" 123.305"", ""  61.504""], ["" 133.270"", "" 124.865"", ""  61.779""], ["" 127.253"", "" 123.911"", ""  61.380""], ["" 129.050"", "" 122.294"", ""  61.285""], ["" 132.355"", "" 122.244"", ""  61.449""], ["" 134.179"", "" 123.808"", ""  61.728""], ["" 127.686"", "" 122.590"", ""  61.257""], ["" 133.722"", "" 122.499"", ""  61.563""], ["" 131.867"", "" 131.207"", ""  60.456""], ["" 132.593"", "" 132.016"", ""  60.997""], ["" 132.161"", "" 130.511"", ""  59.318""], ["" 132.711"", "" 129.744"", ""  59.493""]]",[],RR5_Rahimova_2017
146,9916,RR5_Rahimova_2017-again1,4h2i_c_3_mae_prepped,1,3,-9.5,-0.20212765957446807,0.0,0.0,5,188.03,-12.78,-13.17,0.39,-12.78,0.0,-3.97,3.28,-3.97,61,5,0.0,0.0,0.0,13.01855,12.56339,1.870307,-0.47443377,0.87484506,0.09776867,206.27153,"114.459824, 1.905157, 351.344116, 113.425812, 331.287201, 216.659973, 74.812508, 63.938751, 96.667702, 260.095001, 178.835098, ","[["" 131.601"", "" 130.729"", ""  59.857""], ["" 130.840"", "" 131.433"", ""  58.686""], ["" 129.376"", "" 131.837"", ""  58.956""], ["" 128.799"", "" 132.555"", ""  58.140""], ["" 128.829"", "" 131.486"", ""  60.140""], ["" 129.367"", "" 130.843"", ""  60.702""], ["" 127.466"", "" 131.751"", ""  60.668""], ["" 127.229"", "" 133.290"", ""  60.794""], ["" 128.244"", "" 134.140"", ""  61.268""], ["" 126.003"", "" 133.867"", ""  60.417""], ["" 128.041"", "" 135.513"", ""  61.369""], ["" 125.798"", "" 135.240"", ""  60.517""], ["" 126.817"", "" 136.058"", ""  60.993""], ["" 126.293"", "" 131.273"", ""  59.754""], ["" 124.988"", "" 131.145"", ""  60.261""], ["" 126.508"", "" 130.973"", ""  58.398""], ["" 123.941"", "" 130.718"", ""  59.450""], ["" 125.463"", "" 130.545"", ""  57.584""], ["" 124.183"", "" 130.417"", ""  58.114""], ["" 127.464"", "" 131.075"", ""  62.082""], ["" 126.761"", "" 129.883"", ""  62.331""], ["" 128.221"", "" 131.626"", ""  63.131""], ["" 126.784"", "" 129.285"", ""  63.587""], ["" 128.247"", "" 131.029"", ""  64.389""], ["" 127.523"", "" 129.863"", ""  64.613""], ["" 130.816"", "" 129.563"", ""  60.313""], ["" 130.496"", "" 128.517"", ""  59.455""], ["" 130.787"", "" 128.434"", ""  58.258""], ["" 130.565"", "" 129.501"", ""  61.290""], ["" 129.806"", "" 127.588"", ""  60.145""], ["" 130.476"", "" 126.643"", ""  60.971""], ["" 130.410"", "" 125.242"", ""  60.333""], ["" 131.613"", "" 124.373"", ""  60.655""], ["" 129.270"", "" 124.404"", ""  60.876""], ["" 132.967"", "" 124.588"", ""  60.385""], ["" 131.216"", "" 123.212"", ""  61.322""], ["" 129.752"", "" 123.231"", ""  61.458""], ["" 127.895"", "" 124.656"", ""  60.859""], ["" 133.917"", "" 123.649"", ""  60.791""], ["" 132.164"", "" 122.270"", ""  61.728""], ["" 128.870"", "" 122.312"", ""  62.032""], ["" 127.011"", "" 123.738"", ""  61.430""], ["" 133.516"", "" 122.492"", ""  61.461""], ["" 127.498"", "" 122.568"", ""  62.016""], ["" 131.917"", "" 131.727"", ""  61.043""], ["" 130.988"", "" 131.852"", ""  61.875""], ["" 133.057"", "" 132.251"", ""  61.053""]]",[],RR5_Rahimova_2017-again1
147,10511,RR6_Rahimova_2017,4h2i_c_3_mae_prepped,1,7,-8.11,-0.20794871794871794,0.0,0.0,3,186.23,-10.79,-10.31,-0.48,-10.79,0.0,-2.61,2.68,-2.61,58,7,0.0,0.0,0.0,10.190463,9.470501,1.385801,-0.13827824,-0.43419792,-0.89014117,176.982712,"157.600311, 144.261063, 241.819519, 344.079773, 272.960419, 97.823013, 244.80957, 232.627594, 355.603607, ","[["" 125.629"", "" 127.342"", ""  58.311""], ["" 126.462"", "" 128.822"", ""  58.977""], ["" 127.212"", "" 128.340"", ""  60.518""], ["" 126.941"", "" 128.319"", ""  62.847""], ["" 128.159"", "" 127.648"", ""  62.999""], ["" 126.486"", "" 128.661"", ""  61.616""], ["" 128.931"", "" 127.308"", ""  61.879""], ["" 128.449"", "" 127.669"", ""  60.596""], ["" 129.220"", "" 127.370"", ""  59.384""], ["" 129.827"", "" 127.132"", ""  58.428""], ["" 126.049"", "" 128.656"", ""  64.006""], ["" 124.389"", "" 129.306"", ""  66.181""], ["" 123.988"", "" 129.609"", ""  64.880""], ["" 125.613"", "" 128.681"", ""  66.402""], ["" 124.810"", "" 129.284"", ""  63.804""], ["" 126.430"", "" 128.358"", ""  65.323""], ["" 123.494"", "" 129.671"", ""  67.351""], ["" 130.211"", "" 126.577"", ""  62.111""], ["" 131.055"", "" 126.277"", ""  61.037""], ["" 130.602"", "" 126.205"", ""  63.401""], ["" 132.258"", "" 125.609"", ""  61.247""], ["" 131.804"", "" 125.537"", ""  63.615""], ["" 132.645"", "" 125.234"", ""  62.533""], ["" 133.855"", "" 124.578"", ""  62.646""], ["" 134.252"", "" 123.672"", ""  61.622""], ["" 126.387"", "" 126.037"", ""  58.575""], ["" 126.418"", "" 125.630"", ""  59.863""], ["" 126.951"", "" 125.476"", ""  57.636""], ["" 125.977"", "" 126.243"", ""  60.533""], ["" 127.078"", "" 124.526"", ""  60.434""], ["" 126.558"", "" 123.730"", ""  61.465""], ["" 128.334"", "" 124.229"", ""  59.905""], ["" 127.284"", "" 122.639"", ""  61.939""], ["" 129.056"", "" 123.136"", ""  60.378""], ["" 128.540"", "" 122.326"", ""  61.397""], ["" 129.345"", "" 121.154"", ""  61.879""], ["" 128.983"", "" 119.981"", ""  61.742""], ["" 130.509"", "" 121.512"", ""  62.479""], ["" 131.663"", "" 121.822"", ""  61.711""]]",[],RR6_Rahimova_2017
148,11009,RR7_Rahimova_2017,4h2i_c_3_mae_prepped,1,20,-8.92,-0.1820408163265306,0.0,0.0,4,188.46,-12.21,-11.93,-0.27,-12.21,0.0,-2.47,3.28,-2.47,87,10,0.0,0.0,0.0,9.717663,9.266771,2.696397,0.22968371,0.12711848,0.96492812,274.93692,"227.10144, 299.166718, 291.361145, 10.943039, 2.086169, 245.477005, 83.140663, 179.809967, 174.300369, 341.605103, 288.840118, ","[["" 129.835"", "" 124.329"", ""  59.023""], ["" 131.090"", "" 125.057"", ""  58.516""], ["" 132.179"", "" 125.287"", ""  59.573""], ["" 131.859"", "" 126.667"", ""  60.122""], ["" 131.371"", "" 127.356"", ""  58.853""], ["" 130.682"", "" 126.370"", ""  58.140""], ["" 133.486"", "" 125.222"", ""  59.027""], ["" 134.116"", "" 125.461"", ""  59.711""], ["" 130.513"", "" 128.505"", ""  59.072""], ["" 130.826"", "" 129.669"", ""  59.757""], ["" 129.255"", "" 128.742"", ""  58.547""], ["" 131.944"", "" 129.995"", ""  60.418""], ["" 129.682"", "" 130.499"", ""  59.631""], ["" 128.717"", "" 129.891"", ""  58.874""], ["" 131.884"", "" 131.227"", ""  60.991""], ["" 129.728"", "" 131.754"", ""  60.269""], ["" 130.854"", "" 132.112"", ""  60.957""], ["" 128.610"", "" 132.603"", ""  60.171""], ["" 127.731"", "" 132.968"", ""  61.134""], ["" 127.775"", "" 132.573"", ""  62.301""], ["" 128.451"", "" 132.981"", ""  59.248""], ["" 126.623"", "" 133.900"", ""  60.690""], ["" 125.368"", "" 133.372"", ""  60.347""], ["" 126.815"", "" 135.290"", ""  60.625""], ["" 124.334"", "" 134.210"", ""  59.941""], ["" 125.779"", "" 136.128"", ""  60.220""], ["" 124.543"", "" 135.584"", ""  59.880""], ["" 130.197"", "" 123.008"", ""  59.438""], ["" 129.993"", "" 122.598"", ""  60.809""], ["" 130.235"", "" 121.066"", ""  60.864""], ["" 131.357"", "" 120.503"", ""  60.234""], ["" 129.337"", "" 120.213"", ""  61.526""], ["" 131.576"", "" 119.130"", ""  60.265""], ["" 129.556"", "" 118.839"", ""  61.559""], ["" 130.675"", "" 118.303"", ""  60.928""], ["" 131.028"", "" 123.394"", ""  61.664""], ["" 132.371"", "" 123.000"", ""  61.757""], ["" 130.606"", "" 124.504"", ""  62.411""], ["" 133.267"", "" 123.709"", ""  62.550""], ["" 131.503"", "" 125.213"", ""  63.205""], ["" 132.846"", "" 124.820"", ""  63.278""], ["" 133.806"", "" 125.458"", ""  64.041""], ["" 133.928"", "" 125.125"", ""  65.421""], ["" 128.500"", "" 122.799"", ""  61.193""], ["" 127.552"", "" 123.133"", ""  60.212""], ["" 128.073"", "" 122.684"", ""  62.527""], ["" 126.216"", "" 123.324"", ""  60.548""], ["" 126.737"", "" 122.875"", ""  62.864""], ["" 125.813"", "" 123.192"", ""  61.874""]]",[],RR7_Rahimova_2017
149,10224,RR8_A_Rahimova_2017,4h2i_c_3_mae_prepped,1,3,-8.56,-0.20380952380952383,0.0,0.0,1,189.58,-12.74,-12.55,-0.19,-12.74,0.0,-3.45,4.18,-3.45,72,6,0.0,0.0,0.0,8.563469,11.239628,5.639931,-0.48219223,0.33155584,-0.81090159,211.523087,"147.930557, 3.170678, 271.718323, 187.44191, 142.09137, 306.10318, 120.276649, 96.162354, 56.047779, 243.824387, 275.2948, 311.303619, 246.712036, 349.194519, ","[["" 127.059"", "" 128.338"", ""  62.902""], ["" 127.796"", "" 129.557"", ""  62.364""], ["" 127.930"", "" 130.352"", ""  63.650""], ["" 128.220"", "" 129.274"", ""  64.704""], ["" 127.635"", "" 128.097"", ""  64.153""], ["" 127.260"", "" 127.265"", ""  62.025""], ["" 128.310"", "" 127.351"", ""  61.149""], ["" 128.239"", "" 127.854"", ""  60.023""], ["" 129.572"", "" 126.753"", ""  61.699""], ["" 129.627"", "" 126.184"", ""  62.981""], ["" 130.735"", "" 126.765"", ""  60.917""], ["" 130.814"", "" 125.638"", ""  63.463""], ["" 131.920"", "" 126.219"", ""  61.401""], ["" 131.975"", "" 125.649"", ""  62.679""], ["" 133.238"", "" 125.066"", ""  63.193""], ["" 133.500"", "" 125.188"", ""  64.386""], ["" 133.978"", "" 124.480"", ""  62.407""], ["" 127.054"", "" 130.293"", ""  61.394""], ["" 125.696"", "" 130.556"", ""  61.727""], ["" 125.334"", "" 131.981"", ""  61.336""], ["" 124.083"", "" 132.507"", ""  61.674""], ["" 126.262"", "" 132.772"", ""  60.652""], ["" 123.759"", "" 133.815"", ""  61.322""], ["" 125.938"", "" 134.080"", ""  60.301""], ["" 124.688"", "" 134.595"", ""  60.637""], ["" 129.010"", "" 131.266"", ""  63.472""], ["" 128.909"", "" 132.129"", ""  62.345""], ["" 129.969"", "" 131.764"", ""  61.315""], ["" 131.282"", "" 131.517"", ""  61.729""], ["" 129.641"", "" 131.696"", ""  59.957""], ["" 132.258"", "" 131.192"", ""  60.792""], ["" 130.618"", "" 131.370"", ""  59.020""], ["" 131.921"", "" 131.118"", ""  59.441""], ["" 127.605"", "" 129.524"", ""  66.092""], ["" 127.703"", "" 128.330"", ""  66.857""], ["" 129.032"", "" 127.986"", ""  67.224""], ["" 129.105"", "" 127.733"", ""  68.722""], ["" 128.213"", "" 126.842"", ""  69.323""], ["" 130.076"", "" 128.379"", ""  69.497""], ["" 128.282"", "" 126.604"", ""  70.694""], ["" 130.144"", "" 128.142"", ""  70.868""], ["" 129.246"", "" 127.256"", ""  71.460""]]",[],RR8_A_Rahimova_2017
150,10022,RR8_B_Rahimova_2017,4h2i_c_3_mae_prepped,1,17,-8.35,-0.1988095238095238,0.0,0.0,4,186.41,-12.53,-12.24,-0.29,-12.53,0.0,-4.17,4.18,-4.17,68,8,0.0,0.0,0.0,10.760772,10.87417,2.93809,-0.68254136,-0.31965357,0.65723579,223.88269,"33.315681, 37.719238, 84.540871, 27.822481, 185.508926, 156.202057, 350.07547, 77.698097, 189.139069, 12.758059, 15.503812, 128.14888, 134.49678, 155.704803, ","[["" 128.201"", "" 126.899"", ""  62.457""], ["" 127.343"", "" 128.107"", ""  62.083""], ["" 126.953"", "" 127.703"", ""  60.666""], ["" 126.756"", "" 126.185"", ""  60.766""], ["" 127.530"", "" 125.803"", ""  61.903""], ["" 129.490"", "" 127.053"", ""  61.914""], ["" 130.229"", "" 125.928"", ""  61.677""], ["" 130.119"", "" 125.220"", ""  60.671""], ["" 131.229"", "" 125.659"", ""  62.765""], ["" 130.892"", "" 125.769"", ""  64.122""], ["" 132.536"", "" 125.293"", ""  62.422""], ["" 131.840"", "" 125.522"", ""  65.108""], ["" 133.486"", "" 125.054"", ""  63.409""], ["" 133.151"", "" 125.170"", ""  64.765""], ["" 134.169"", "" 124.933"", ""  65.818""], ["" 135.351"", "" 125.129"", ""  65.550""], ["" 133.793"", "" 124.553"", ""  66.925""], ["" 128.059"", "" 129.339"", ""  62.069""], ["" 128.236"", "" 129.961"", ""  63.333""], ["" 127.076"", "" 129.557"", ""  64.227""], ["" 125.766"", "" 129.901"", ""  63.883""], ["" 127.330"", "" 128.854"", ""  65.409""], ["" 124.713"", "" 129.542"", ""  64.721""], ["" 126.277"", "" 128.496"", ""  66.246""], ["" 124.973"", "" 128.843"", ""  65.898""], ["" 125.745"", "" 128.320"", ""  60.212""], ["" 125.849"", "" 129.649"", ""  59.694""], ["" 125.191"", "" 130.678"", ""  60.607""], ["" 123.959"", "" 130.399"", ""  61.205""], ["" 125.837"", "" 131.890"", ""  60.866""], ["" 123.377"", "" 131.327"", ""  62.064""], ["" 125.252"", "" 132.821"", ""  61.722""], ["" 124.026"", "" 132.534"", ""  62.318""], ["" 127.212"", "" 125.376"", ""  59.539""], ["" 126.416"", "" 124.203"", ""  59.431""], ["" 126.185"", "" 123.521"", ""  60.655""], ["" 127.483"", "" 122.878"", ""  61.122""], ["" 128.393"", "" 122.389"", ""  60.181""], ["" 127.757"", "" 122.759"", ""  62.488""], ["" 129.571"", "" 121.778"", ""  60.602""], ["" 128.936"", "" 122.150"", ""  62.909""], ["" 129.836"", "" 121.659"", ""  61.965""]]",[],RR8_B_Rahimova_2017
151,9750,RR9_Rahimova_2017,4h2i_c_3_mae_prepped,1,2,-7.91,-0.2081578947368421,0.0,0.0,1,187.58,-10.3,-10.25,-0.05,-10.3,0.0,-1.54,2.39,-1.54,75,6,0.0,0.0,0.0,8.21852,11.516501,6.822221,-0.74288751,0.36265109,0.56267427,98.006111,"96.066162, 349.100647, 179.23262, 68.138397, 308.458862, 274.772858, 240.630051, 267.170776, ","[["" 124.438"", "" 129.713"", ""  63.150""], ["" 123.361"", "" 129.589"", ""  63.894""], ["" 123.751"", "" 129.251"", ""  65.133""], ["" 125.118"", "" 129.123"", ""  65.209""], ["" 125.620"", "" 129.384"", ""  63.912""], ["" 127.018"", "" 129.270"", ""  63.714""], ["" 127.783"", "" 128.944"", ""  64.849""], ["" 127.180"", "" 128.713"", ""  66.095""], ["" 125.834"", "" 128.803"", ""  66.286""], ["" 123.071"", "" 129.119"", ""  65.868""], ["" 124.318"", "" 130.167"", ""  61.733""], ["" 124.076"", "" 130.996"", ""  59.079""], ["" 123.412"", "" 131.693"", ""  60.090""], ["" 124.857"", "" 129.883"", ""  59.393""], ["" 123.535"", "" 131.280"", ""  61.415""], ["" 124.981"", "" 129.474"", ""  60.717""], ["" 123.927"", "" 131.434"", ""  57.633""], ["" 127.712"", "" 129.406"", ""  62.386""], ["" 128.027"", "" 130.663"", ""  62.015""], ["" 127.979"", "" 128.407"", ""  61.718""], ["" 127.691"", "" 131.425"", ""  62.586""], ["" 128.814"", "" 131.040"", ""  60.837""], ["" 129.852"", "" 129.966"", ""  60.434""], ["" 131.264"", "" 130.497"", ""  60.213""], ["" 131.815"", "" 130.513"", ""  58.928""], ["" 131.997"", "" 130.991"", ""  61.296""], ["" 133.092"", "" 131.030"", ""  58.725""], ["" 133.275"", "" 131.507"", ""  61.092""], ["" 133.816"", "" 131.524"", ""  59.808""], ["" 127.989"", "" 128.352"", ""  67.305""], ["" 128.998"", "" 129.200"", ""  67.785""], ["" 127.752"", "" 127.154"", ""  67.994""], ["" 129.743"", "" 128.862"", ""  68.910""], ["" 128.498"", "" 126.812"", ""  69.120""], ["" 129.503"", "" 127.668"", ""  69.589""], ["" 130.290"", "" 127.417"", ""  70.696""], ["" 130.258"", "" 128.323"", ""  71.796""], ["" 129.271"", "" 127.793"", ""  72.841""]]",[],RR9_Rahimova_2017
