,Pose_ID,LigName,receptor,pose_rank,run_number,docking_score,leff,deltas,cluster_rmsd,cluster_size,reference_rmsd,energies_inter,energies_vdw,energies_electro,energies_flexLig,energies_flexLR,energies_intra,energies_torsional,unbound_energy,nr_interactions,num_hb,about_x,about_y,about_z,trans_x,trans_y,trans_z,axisangle_x,axisangle_y,axisangle_z,axisangle_w,dihedrals,ligand_coordinates,flexible_res_coordinates,LigName:1
0,10027,1a_Ghoteimi_2023,4h2i_c_4_mae_prepped,1,6,-8.46,-0.20634146341463416,0.0,0.0,1,186.98,-11.74,-11.05,-0.69,-11.74,0.0,-2.4,3.28,-2.4,69,11,0.0,0.0,0.0,6.895035,10.507077,9.562847,-0.50017637,-0.36036697,0.7873749,183.774155,"173.507736, 22.19507, 294.306, 64.494316, 8.471059, 41.185421, 161.454239, 138.599411, 117.253853, 342.957275, 198.523407, ","[["" 125.185"", "" 129.574"", ""  64.789""], ["" 125.838"", "" 129.225"", ""  63.659""], ["" 124.180"", "" 130.282"", ""  64.846""], ["" 126.619"", "" 128.596"", ""  63.774""], ["" 125.772"", "" 129.017"", ""  66.086""], ["" 127.423"", "" 129.695"", ""  66.423""], ["" 128.433"", "" 128.317"", ""  66.918""], ["" 129.771"", "" 126.335"", ""  66.530""], ["" 128.983"", "" 127.389"", ""  66.008""], ["" 129.958"", "" 126.266"", ""  67.917""], ["" 128.740"", "" 127.505"", ""  64.566""], ["" 129.399"", "" 127.232"", ""  68.762""], ["" 128.548"", "" 127.596"", ""  63.428""], ["" 128.646"", "" 128.243"", ""  68.253""], ["" 130.424"", "" 125.288"", ""  65.687""], ["" 131.660"", "" 123.296"", ""  64.135""], ["" 132.258"", "" 124.546"", ""  64.289""], ["" 130.434"", "" 123.044"", ""  64.770""], ["" 131.650"", "" 125.533"", ""  65.060""], ["" 129.827"", "" 124.032"", ""  65.540""], ["" 132.337"", "" 122.381"", ""  63.354""], ["" 133.504"", "" 122.795"", ""  62.652""], ["" 129.572"", "" 127.208"", ""  70.253""], ["" 128.605"", "" 126.627"", ""  71.090""], ["" 130.706"", "" 127.771"", ""  70.858""], ["" 128.769"", "" 126.606"", ""  72.472""], ["" 130.873"", "" 127.750"", ""  72.239""], ["" 129.901"", "" 127.164"", ""  73.061""], ["" 129.981"", "" 127.094"", ""  74.439""], ["" 130.995"", "" 126.294"", ""  75.036""], ["" 125.573"", "" 129.571"", ""  62.320""], ["" 125.935"", "" 128.802"", ""  61.205""], ["" 124.884"", "" 130.769"", ""  62.130""], ["" 125.617"", "" 129.238"", ""  59.921""], ["" 124.566"", "" 131.204"", ""  60.845""], ["" 124.929"", "" 130.444"", ""  59.726""], ["" 124.568"", "" 130.940"", ""  58.355""], ["" 123.726"", "" 131.820"", ""  58.152""], ["" 125.257"", "" 130.320"", ""  57.363""], ["" 126.672"", "" 130.431"", ""  57.271""], ["" 127.088"", "" 131.875"", ""  57.571""]]",[],1a_Ghoteimi_2023
1,2145,1a_Grossjean_2025,4h2i_c_4_mae_prepped,1,16,-7.91,-0.292962962962963,0.0,0.0,7,191.48,-10.0,-9.35,-0.65,-10.0,0.0,-0.62,2.09,-0.62,47,11,0.0,0.0,0.0,11.341421,10.097996,10.047757,0.52558991,-0.21719762,0.8225451,234.464569,"112.982002, 41.597248, 280.444366, 298.843109, 7.887713, 302.326385, 224.130966, ","[["" 129.931"", "" 127.087"", ""  68.950""], ["" 130.987"", "" 127.750"", ""  69.577""], ["" 130.827"", "" 128.291"", ""  70.849""], ["" 129.603"", "" 128.178"", ""  71.522""], ["" 128.545"", "" 127.504"", ""  70.892""], ["" 128.704"", "" 126.962"", ""  69.620""], ["" 130.204"", "" 126.582"", ""  67.664""], ["" 130.091"", "" 125.326"", ""  67.183""], ["" 129.706"", "" 124.347"", ""  67.822""], ["" 130.500"", "" 127.285"", ""  67.003""], ["" 130.486"", "" 125.148"", ""  65.715""], ["" 130.249"", "" 123.439"", ""  65.144""], ["" 130.874"", "" 123.340"", ""  63.481""], ["" 132.548"", "" 123.602"", ""  61.750""], ["" 132.179"", "" 123.740"", ""  63.108""], ["" 131.616"", "" 123.097"", ""  60.836""], ["" 133.122"", "" 124.312"", ""  64.073""], ["" 130.345"", "" 122.749"", ""  61.288""], ["" 133.868"", "" 124.764"", ""  64.834""], ["" 129.972"", "" 122.871"", ""  62.584""], ["" 133.930"", "" 123.991"", ""  61.229""], ["" 129.288"", "" 122.206"", ""  60.345""], ["" 129.463"", "" 128.777"", ""  72.891""], ["" 128.886"", "" 128.210"", ""  73.824""], ["" 130.046"", "" 129.999"", ""  73.005""], ["" 129.297"", "" 131.133"", ""  73.423""], ["" 130.154"", "" 132.393"", ""  73.276""]]",[],1a_Grossjean_2025
2,9808,1aa_Ghoteimi_2023,4h2i_c_4_mae_prepped,1,4,-7.42,-0.18097560975609756,0.0,0.0,2,185.76,-10.7,-10.07,-0.63,-10.7,0.0,-1.64,3.28,-1.64,57,6,0.0,0.0,0.0,11.768146,9.932082,7.873868,0.48960377,0.59075807,0.64132134,228.980576,"111.634743, 309.151825, 334.173004, 158.608414, 21.341581, 2.610099, 64.193672, 247.066635, 247.136505, 257.040771, 197.816116, ","[["" 128.674"", "" 127.524"", ""  66.976""], ["" 129.727"", "" 127.519"", ""  67.825""], ["" 127.497"", "" 127.642"", ""  67.316""], ["" 130.636"", "" 127.426"", ""  67.394""], ["" 128.977"", "" 127.375"", ""  65.477""], ["" 129.565"", "" 126.095"", ""  65.209""], ["" 129.948"", "" 125.754"", ""  63.919""], ["" 130.484"", "" 124.084"", ""  62.244""], ["" 130.087"", "" 124.402"", ""  63.564""], ["" 130.702"", "" 125.139"", ""  61.348""], ["" 129.794"", "" 123.367"", ""  64.557""], ["" 130.541"", "" 126.468"", ""  61.756""], ["" 130.177"", "" 126.762"", ""  63.032""], ["" 129.562"", "" 122.551"", ""  65.343""], ["" 130.683"", "" 122.689"", ""  61.750""], ["" 131.035"", "" 120.067"", ""  60.796""], ["" 129.758"", "" 120.555"", ""  61.070""], ["" 132.142"", "" 120.904"", ""  60.999""], ["" 129.581"", "" 121.854"", ""  61.539""], ["" 131.964"", "" 122.202"", ""  61.469""], ["" 131.114"", "" 118.767"", ""  60.334""], ["" 130.781"", "" 117.697"", ""  61.211""], ["" 130.776"", "" 127.635"", ""  60.840""], ["" 130.599"", "" 128.952"", ""  61.289""], ["" 131.187"", "" 127.446"", ""  59.511""], ["" 130.815"", "" 130.036"", ""  60.442""], ["" 131.403"", "" 128.527"", ""  58.661""], ["" 131.216"", "" 129.837"", ""  59.123""], ["" 131.406"", "" 130.971"", ""  58.356""], ["" 132.302"", "" 130.919"", ""  57.251""], ["" 129.769"", "" 127.630"", ""  69.227""], ["" 130.896"", "" 128.001"", ""  69.974""], ["" 128.573"", "" 127.347"", ""  69.889""], ["" 130.820"", "" 128.079"", ""  71.363""], ["" 128.498"", "" 127.427"", ""  71.276""], ["" 129.620"", "" 127.793"", ""  72.031""], ["" 129.505"", "" 127.868"", ""  73.527""], ["" 129.404"", "" 128.932"", ""  74.146""], ["" 129.525"", "" 126.651"", ""  74.128""], ["" 130.697"", "" 125.846"", ""  74.119""], ["" 131.782"", "" 126.515"", ""  74.968""]]",[],1aa_Ghoteimi_2023
3,10332,1b_Ghoteimi_2023,4h2i_c_4_mae_prepped,1,2,-8.81,-0.2517142857142857,0.0,0.0,3,187.17,-11.19,-10.5,-0.69,-11.19,0.0,-1.42,2.39,-1.42,60,12,0.0,0.0,0.0,10.23844,11.051465,8.993429,0.1457743,0.79818178,0.58451321,126.366661,"131.037476, 210.941055, 356.426697, 193.901917, 349.587738, 175.923355, 101.728043, 226.294861, ","[["" 129.778"", "" 126.245"", ""  66.094""], ["" 128.996"", "" 127.204"", ""  65.404""], ["" 128.899"", "" 127.173"", ""  63.942""], ["" 128.823"", "" 127.147"", ""  62.787""], ["" 128.271"", "" 128.144"", ""  66.171""], ["" 128.266"", "" 128.124"", ""  67.526""], ["" 129.009"", "" 127.203"", ""  68.194""], ["" 129.766"", "" 126.258"", ""  67.495""], ["" 130.614"", "" 125.211"", ""  65.414""], ["" 132.190"", "" 123.279"", ""  64.115""], ["" 132.725"", "" 124.525"", ""  64.445""], ["" 130.852"", "" 123.005"", ""  64.435""], ["" 131.945"", "" 125.483"", ""  65.086""], ["" 130.074"", "" 123.965"", ""  65.076""], ["" 133.037"", "" 122.392"", ""  63.480""], ["" 133.792"", "" 122.836"", ""  62.357""], ["" 127.244"", "" 129.422"", ""  65.477""], ["" 125.574"", "" 129.250"", ""  66.189""], ["" 124.425"", "" 129.673"", ""  65.262""], ["" 124.803"", "" 129.980"", ""  64.001""], ["" 123.264"", "" 129.713"", ""  65.676""], ["" 125.787"", "" 129.918"", ""  63.785""], ["" 123.986"", "" 130.392"", ""  62.955""], ["" 122.665"", "" 130.456"", ""  62.980""], ["" 124.481"", "" 130.796"", ""  61.716""], ["" 122.260"", "" 130.917"", ""  61.727""], ["" 123.368"", "" 131.119"", ""  60.974""], ["" 128.955"", "" 127.260"", ""  69.695""], ["" 127.764"", "" 126.993"", ""  70.386""], ["" 130.094"", "" 127.574"", ""  70.454""], ["" 127.711"", "" 127.043"", ""  71.776""], ["" 130.046"", "" 127.623"", ""  71.844""], ["" 128.847"", "" 127.357"", ""  72.519""], ["" 128.701"", "" 127.382"", ""  73.893""], ["" 128.107"", "" 128.519"", ""  74.507""]]",[],1b_Ghoteimi_2023
4,10781,1b_Grossjean_2025,4h2i_c_4_mae_prepped,1,12,-8.04,-0.3092307692307692,0.0,0.0,3,190.65,-9.83,-9.28,-0.55,-9.83,0.0,-0.33,1.79,-0.33,48,10,0.0,0.0,0.0,7.099464,10.641481,9.731054,0.98074989,-0.19488888,-0.01216502,261.631805,"269.643066, 283.420685, 331.032074, 39.917767, 25.007219, 140.495026, ","[["" 127.717"", "" 129.266"", ""  66.507""], ["" 127.499"", "" 128.115"", ""  67.179""], ["" 128.358"", "" 130.229"", ""  66.926""], ["" 126.945"", "" 127.421"", ""  66.700""], ["" 127.108"", "" 129.332"", ""  65.106""], ["" 125.298"", "" 129.497"", ""  65.152""], ["" 124.834"", "" 130.617"", ""  63.849""], ["" 125.163"", "" 132.486"", ""  62.345""], ["" 125.657"", "" 131.673"", ""  63.390""], ["" 123.903"", "" 132.214"", ""  61.803""], ["" 126.992"", "" 131.911"", ""  63.943""], ["" 123.169"", "" 131.139"", ""  62.302""], ["" 128.047"", "" 132.103"", ""  64.378""], ["" 123.622"", "" 130.348"", ""  63.302""], ["" 125.956"", "" 133.659"", ""  61.771""], ["" 121.800"", "" 130.788"", ""  61.750""], ["" 127.913"", "" 127.725"", ""  68.468""], ["" 129.212"", "" 128.089"", ""  68.820""], ["" 127.124"", "" 127.018"", ""  69.387""], ["" 129.725"", "" 127.756"", ""  70.070""], ["" 127.637"", "" 126.685"", ""  70.637""], ["" 128.942"", "" 127.049"", ""  70.996""], ["" 129.462"", "" 126.674"", ""  72.354""], ["" 129.042"", "" 125.707"", ""  72.997""], ["" 130.434"", "" 127.508"", ""  72.806""], ["" 131.564"", "" 127.003"", ""  73.504""]]",[],1b_Grossjean_2025
5,1738,1c_Ghoteimi_2023,4h2i_c_4_mae_prepped,1,8,-8.55,-0.2442857142857143,0.0,0.0,1,191.59,-10.93,-10.31,-0.63,-10.93,0.0,-1.37,2.39,-1.37,61,9,0.0,0.0,0.0,9.357465,8.74724,9.491203,-0.12720839,-0.83223433,-0.53963325,231.556946,"152.725189, 146.424072, 352.354767, 283.252533, 264.212494, 25.072578, 349.024414, 47.054707, ","[["" 129.731"", "" 126.270"", ""  65.988""], ["" 129.032"", "" 127.290"", ""  65.301""], ["" 129.043"", "" 127.362"", ""  63.836""], ["" 129.052"", "" 127.416"", ""  62.680""], ["" 128.313"", "" 128.230"", ""  66.069""], ["" 128.287"", "" 128.201"", ""  67.423""], ["" 128.990"", "" 127.247"", ""  68.088""], ["" 129.710"", "" 126.273"", ""  67.388""], ["" 130.464"", "" 125.162"", ""  65.306""], ["" 131.826"", "" 123.094"", ""  63.979""], ["" 132.464"", "" 124.307"", ""  64.241""], ["" 130.493"", "" 122.922"", ""  64.383""], ["" 131.789"", "" 125.333"", ""  64.896""], ["" 129.821"", "" 123.949"", ""  65.038""], ["" 132.573"", "" 122.133"", ""  63.325""], ["" 133.631"", "" 122.543"", ""  62.464""], ["" 127.255"", "" 129.461"", ""  65.338""], ["" 125.650"", "" 129.253"", ""  66.176""], ["" 124.472"", "" 129.621"", ""  65.268""], ["" 124.781"", "" 129.786"", ""  63.963""], ["" 123.353"", "" 129.781"", ""  65.758""], ["" 125.736"", "" 129.617"", ""  63.687""], ["" 123.943"", "" 130.264"", ""  62.968""], ["" 122.635"", "" 130.403"", ""  63.010""], ["" 124.690"", "" 130.796"", ""  61.496""], ["" 122.169"", "" 130.928"", ""  61.894""], ["" 123.110"", "" 131.230"", ""  60.915""], ["" 128.913"", "" 127.278"", ""  69.587""], ["" 127.712"", "" 127.006"", ""  70.262""], ["" 130.042"", "" 127.582"", ""  70.361""], ["" 127.645"", "" 127.031"", ""  71.652""], ["" 129.981"", "" 127.606"", ""  71.751""], ["" 128.775"", "" 127.329"", ""  72.410""], ["" 128.618"", "" 127.328"", ""  73.783""], ["" 129.772"", "" 127.384"", ""  74.614""]]",[],1c_Ghoteimi_2023
6,10579,1c_Grossjean_2025,4h2i_c_4_mae_prepped,1,5,-7.17,-0.29875,0.0,0.0,8,190.67,-8.66,-8.16,-0.5,-8.66,0.0,-0.51,1.49,-0.51,45,9,0.0,0.0,0.0,10.278923,9.555933,8.908391,-0.90067995,-0.36035986,0.242727,83.014923,"10.513601, 56.392902, 272.701447, 103.337555, 281.972778, ","[["" 129.982"", "" 125.388"", ""  67.240""], ["" 130.110"", "" 126.666"", ""  67.657""], ["" 129.747"", "" 124.421"", ""  67.964""], ["" 130.231"", "" 127.360"", ""  66.935""], ["" 130.142"", "" 125.171"", ""  65.734""], ["" 130.183"", "" 123.405"", ""  65.305""], ["" 130.832"", "" 123.242"", ""  63.655""], ["" 132.500"", "" 123.475"", ""  61.914""], ["" 132.121"", "" 123.673"", ""  63.261""], ["" 131.606"", "" 122.854"", ""  61.036""], ["" 133.065"", "" 124.272"", ""  64.209""], ["" 130.366"", "" 122.438"", ""  61.515""], ["" 133.811"", "" 124.744"", ""  64.956""], ["" 129.981"", "" 122.620"", ""  62.799""], ["" 133.861"", "" 123.906"", ""  61.369""], ["" 129.359"", "" 121.745"", ""  60.616""], ["" 130.033"", "" 127.193"", ""  68.961""], ["" 128.888"", "" 127.154"", ""  69.771""], ["" 131.206"", "" 127.763"", ""  69.458""], ["" 128.924"", "" 127.697"", ""  71.052""], ["" 131.238"", "" 128.304"", ""  70.741""], ["" 130.091"", "" 128.277"", ""  71.549""], ["" 130.028"", "" 128.789"", ""  72.831""], ["" 129.378"", "" 130.037"", ""  73.048""]]",[],1c_Grossjean_2025
7,1886,1d_Ghoteimi_2023,4h2i_c_4_mae_prepped,2,6,-7.34,-0.24466666666666667,0.0,0.0,5,191.87,-9.73,-9.02,-0.71,-9.73,0.0,-1.13,2.39,-1.13,44,8,0.0,0.0,0.0,9.657428,10.432908,9.237426,0.75752004,-0.24382413,-0.60556848,113.211952,"171.35582, 332.593475, 96.41378, 235.186172, 356.482727, 204.856491, 26.00934, 310.342072, ","[["" 130.532"", "" 124.871"", ""  65.534""], ["" 129.589"", "" 126.269"", ""  66.104""], ["" 128.259"", "" 128.279"", ""  65.833""], ["" 128.964"", "" 127.200"", ""  65.244""], ["" 128.185"", "" 128.343"", ""  67.230""], ["" 128.986"", "" 127.026"", ""  63.788""], ["" 128.794"", "" 127.363"", ""  68.023""], ["" 129.003"", "" 126.890"", ""  62.639""], ["" 129.489"", "" 126.346"", ""  67.453""], ["" 127.580"", "" 129.353"", ""  65.047""], ["" 126.283"", "" 131.368"", ""  63.575""], ["" 125.577"", "" 130.251"", ""  64.019""], ["" 127.648"", "" 131.479"", ""  63.881""], ["" 126.217"", "" 129.253"", ""  64.750""], ["" 128.285"", "" 130.481"", ""  64.614""], ["" 125.569"", "" 132.303"", ""  62.851""], ["" 124.233"", "" 132.007"", ""  62.461""], ["" 128.736"", "" 127.379"", ""  69.523""], ["" 127.576"", "" 126.993"", ""  70.212""], ["" 129.841"", "" 127.790"", ""  70.284""], ["" 127.522"", "" 127.015"", ""  71.602""], ["" 129.791"", "" 127.814"", ""  71.675""], ["" 128.624"", "" 127.425"", ""  72.348""], ["" 128.480"", "" 127.418"", ""  73.722""], ["" 127.860"", "" 128.530"", ""  74.359""], ["" 131.813"", "" 125.513"", ""  64.416""], ["" 133.161"", "" 125.006"", ""  64.922""], ["" 133.510"", "" 125.170"", ""  66.091""], ["" 133.869"", "" 124.384"", ""  63.957""], ["" 133.651"", "" 124.694"", ""  62.589""]]",[],1d_Ghoteimi_2023
8,9826,1d_Grossjean_2025,4h2i_c_4_mae_prepped,1,14,-7.03,-0.3195454545454546,0.0,0.0,1,188.78,-8.22,-7.94,-0.28,-8.22,0.0,-0.43,1.19,-0.43,41,8,0.0,0.0,0.0,9.990075,7.926099,7.161351,0.35659375,0.43815697,0.82514203,192.838272,"112.365463, 138.718353, 278.49826, 40.488865, ","[["" 130.261"", "" 123.407"", ""  65.132""], ["" 130.862"", "" 123.290"", ""  63.462""], ["" 132.503"", "" 123.545"", ""  61.699""], ["" 132.157"", "" 123.695"", ""  63.062""], ["" 131.559"", "" 123.024"", ""  60.808""], ["" 133.112"", "" 124.283"", ""  64.004""], ["" 130.298"", "" 122.673"", ""  61.284""], ["" 133.869"", "" 124.748"", ""  64.746""], ["" 129.947"", "" 122.805"", ""  62.585""], ["" 133.874"", "" 123.936"", ""  61.150""], ["" 129.229"", "" 122.113"", ""  60.366""], ["" 130.521"", "" 125.120"", ""  65.685""], ["" 130.090"", "" 125.328"", ""  67.137""], ["" 130.294"", "" 126.570"", ""  67.628""], ["" 129.618"", "" 124.381"", ""  67.766""], ["" 130.737"", "" 127.227"", ""  67.003""], ["" 130.001"", "" 127.097"", ""  68.900""], ["" 128.698"", "" 126.883"", ""  69.358""], ["" 130.918"", "" 127.783"", ""  69.714""], ["" 128.304"", "" 127.358"", ""  70.606""], ["" 130.522"", "" 128.256"", ""  70.962""], ["" 129.218"", "" 128.044"", ""  71.402""]]",[],1d_Grossjean_2025
9,9756,1e_Grossjean_2025,4h2i_c_4_mae_prepped,1,18,-7.36,-0.32,0.0,0.0,1,188.79,-8.55,-8.32,-0.24,-8.55,0.0,-0.39,1.19,-0.39,49,9,0.0,0.0,0.0,7.699707,13.329223,8.114148,-0.34500791,0.92867692,0.13612023,285.350494,"273.071838, 354.484711, 318.794312, 191.816544, ","[["" 127.022"", "" 129.261"", ""  64.962""], ["" 125.242"", "" 129.584"", ""  65.152""], ["" 124.724"", "" 130.698"", ""  63.862""], ["" 124.959"", "" 132.579"", ""  62.352""], ["" 125.501"", "" 131.782"", ""  63.386""], ["" 123.701"", "" 132.261"", ""  61.831""], ["" 126.842"", "" 132.066"", ""  63.902""], ["" 123.016"", "" 131.159"", ""  62.340""], ["" 127.902"", "" 132.293"", ""  64.309""], ["" 123.515"", "" 130.385"", ""  63.332""], ["" 125.697"", "" 133.781"", ""  61.764""], ["" 121.657"", "" 130.752"", ""  61.804""], ["" 127.754"", "" 129.281"", ""  66.306""], ["" 127.748"", "" 128.120"", ""  66.996""], ["" 128.276"", "" 130.329"", ""  66.690""], ["" 127.224"", "" 127.356"", ""  66.594""], ["" 128.321"", "" 127.845"", ""  68.251""], ["" 129.632"", "" 128.113"", ""  68.521""], ["" 127.480"", "" 127.259"", ""  69.205""], ["" 130.119"", "" 127.808"", ""  69.750""], ["" 127.996"", "" 126.952"", ""  70.466""], ["" 129.334"", "" 127.227"", ""  70.750""], ["" 131.583"", "" 128.136"", ""  69.980""]]",[],1e_Grossjean_2025
10,9980,1f_Grossjean_2025,4h2i_c_4_mae_prepped,1,14,-6.73,-0.3059090909090909,0.0,0.0,1,192.16,-7.93,-7.66,-0.27,-7.93,0.0,-0.6,1.19,-0.6,45,8,0.0,0.0,0.0,9.419607,15.30566,6.997183,-0.87997566,0.47308351,0.04283502,243.817291,"149.769348, 288.275665, 94.136894, 145.213974, ","[["" 127.410"", "" 131.169"", ""  63.689""], ["" 126.211"", "" 132.258"", ""  62.946""], ["" 123.985"", "" 132.982"", ""  62.323""], ["" 124.815"", "" 132.027"", ""  62.954""], ["" 124.564"", "" 134.113"", ""  61.740""], ["" 124.222"", "" 130.863"", ""  63.619""], ["" 125.946"", "" 134.274"", ""  61.803""], ["" 123.752"", "" 129.945"", ""  64.143""], ["" 126.760"", "" 133.371"", ""  62.399""], ["" 122.466"", "" 132.836"", ""  62.257""], ["" 126.633"", "" 135.486"", ""  61.202""], ["" 128.954"", "" 132.106"", ""  63.953""], ["" 129.775"", "" 132.370"", ""  62.682""], ["" 130.823"", "" 131.537"", ""  62.508""], ["" 129.450"", "" 133.267"", ""  61.903""], ["" 130.942"", "" 130.820"", ""  63.209""], ["" 131.777"", "" 131.497"", ""  61.474""], ["" 133.098"", "" 131.800"", ""  61.824""], ["" 131.513"", "" 131.191"", ""  60.125""], ["" 134.125"", "" 131.805"", ""  60.935""], ["" 132.560"", "" 131.192"", ""  59.199""], ["" 133.845"", "" 131.502"", ""  59.643""]]",[],1f_Grossjean_2025
11,1779,1g_Grossjean_2025,4h2i_c_4_mae_prepped,1,6,-6.65,-0.2891304347826087,0.0,0.0,5,189.25,-8.14,-8.02,-0.13,-8.14,0.0,-2.19,1.49,-2.19,37,5,0.0,0.0,0.0,6.532006,13.536255,5.372048,-0.81577432,-0.52354105,0.24579875,171.489334,"248.726135, 80.052528, 106.013496, 195.543701, 265.815796, ","[["" 127.263"", "" 130.350"", ""  63.936""], ["" 126.963"", "" 129.357"", ""  62.444""], ["" 125.532"", "" 130.038"", ""  61.634""], ["" 123.245"", "" 130.825"", ""  61.522""], ["" 124.303"", "" 130.288"", ""  62.289""], ["" 123.454"", "" 131.102"", ""  60.167""], ["" 124.124"", "" 130.039"", ""  63.722""], ["" 124.706"", "" 130.848"", ""  59.609""], ["" 123.980"", "" 129.845"", ""  64.854""], ["" 125.733"", "" 130.331"", ""  60.324""], ["" 121.869"", "" 131.126"", ""  62.115""], ["" 125.000"", "" 131.142"", ""  58.150""], ["" 127.528"", "" 131.819"", ""  63.603""], ["" 127.351"", "" 132.180"", ""  62.320""], ["" 127.877"", "" 132.600"", ""  64.489""], ["" 127.082"", "" 131.469"", ""  61.654""], ["" 127.602"", "" 133.512"", ""  61.770""], ["" 126.354"", "" 134.378"", ""  61.629""], ["" 126.480"", "" 135.746"", ""  61.366""], ["" 125.086"", "" 133.803"", ""  61.754""], ["" 125.341"", "" 136.537"", ""  61.236""], ["" 123.948"", "" 134.594"", ""  61.623""], ["" 124.080"", "" 135.957"", ""  61.365""]]",[],1g_Grossjean_2025
12,9847,1h_Grossjean_2025,4h2i_c_4_mae_prepped,1,6,-6.47,-0.22310344827586207,0.0,0.0,1,189.74,-8.85,-7.93,-0.92,-8.85,0.0,-0.88,2.39,-0.88,45,11,0.0,0.0,0.0,9.513071,8.688786,9.338389,-0.17431131,-0.8801091,0.44161471,118.291466,"85.5718, 11.33517, 301.042267, 349.107666, 72.288872, 335.869781, 47.9841, 127.753258, ","[["" 129.137"", "" 126.615"", ""  66.646""], ["" 129.127"", "" 126.564"", ""  67.990""], ["" 128.613"", "" 127.518"", ""  65.993""], ["" 129.570"", "" 125.779"", ""  68.446""], ["" 129.841"", "" 125.465"", ""  65.925""], ["" 130.365"", "" 125.932"", ""  64.248""], ["" 130.756"", "" 124.437"", ""  63.353""], ["" 132.286"", "" 122.733"", ""  62.559""], ["" 132.071"", "" 123.920"", ""  63.295""], ["" 131.201"", "" 122.118"", ""  61.924""], ["" 133.187"", "" 124.584"", ""  63.974""], ["" 129.938"", "" 122.694"", ""  62.033""], ["" 134.070"", "" 125.108"", ""  64.510""], ["" 129.710"", "" 123.830"", ""  62.733""], ["" 133.663"", "" 122.086"", ""  62.425""], ["" 128.723"", "" 122.078"", ""  61.366""], ["" 128.480"", "" 127.538"", ""  68.868""], ["" 128.956"", "" 127.481"", ""  70.317""], ["" 128.895"", "" 126.283"", ""  71.030""], ["" 129.402"", "" 128.640"", ""  70.953""], ["" 129.311"", "" 126.222"", ""  72.370""], ["" 129.819"", "" 128.610"", ""  72.293""], ["" 129.779"", "" 127.392"", ""  72.987""], ["" 129.291"", "" 125.069"", ""  73.133""], ["" 128.632"", "" 123.912"", ""  72.632""], ["" 130.273"", "" 129.717"", ""  72.986""], ["" 129.348"", "" 130.726"", ""  73.376""], ["" 130.177"", "" 127.348"", ""  74.301""], ["" 131.358"", "" 126.589"", ""  74.523""]]",[],1h_Grossjean_2025
13,10090,1i_Grossjean_2025,4h2i_c_4_mae_prepped,1,9,-6.37,-0.30333333333333334,0.0,0.0,1,190.21,-7.57,-7.02,-0.55,-7.57,0.0,-0.45,1.19,-0.45,24,9,0.0,0.0,0.0,9.649936,7.829787,9.245412,0.22765302,0.78390568,0.57763829,245.533447,"208.046646, 163.089752, 31.766491, 60.644405, ","[["" 130.699"", "" 125.491"", ""  67.144""], ["" 130.993"", "" 125.339"", ""  65.396""], ["" 132.363"", "" 125.056"", ""  63.419""], ["" 132.276"", "" 125.164"", ""  64.826""], ["" 131.196"", "" 125.144"", ""  62.652""], ["" 133.491"", "" 125.125"", ""  65.644""], ["" 129.977"", "" 125.342"", ""  63.296""], ["" 134.452"", "" 125.096"", ""  66.288""], ["" 129.869"", "" 125.443"", ""  64.642""], ["" 133.691"", "" 124.856"", ""  62.689""], ["" 128.678"", "" 125.456"", ""  62.520""], ["" 129.244"", "" 126.559"", ""  67.366""], ["" 129.216"", "" 127.212"", ""  68.750""], ["" 129.057"", "" 126.366"", ""  69.791""], ["" 129.333"", "" 128.435"", ""  68.842""], ["" 129.004"", "" 125.379"", ""  69.581""], ["" 129.002"", "" 126.691"", ""  71.138""], ["" 128.617"", "" 125.888"", ""  72.117""], ["" 129.364"", "" 127.943"", ""  71.634""], ["" 128.718"", "" 126.621"", ""  73.301""], ["" 129.170"", "" 127.859"", ""  72.993""]]",[],1i_Grossjean_2025
14,1597,1j_Grossjean_2025,4h2i_c_4_mae_prepped,1,15,-6.46,-0.3076190476190476,0.0,0.0,2,192.64,-7.65,-7.28,-0.37,-7.65,0.0,-0.74,1.19,-0.74,29,5,0.0,0.0,0.0,9.403931,9.18629,15.995924,-0.58540131,0.7881721,-0.18997381,109.520859,"86.104416, 159.692276, 318.26001, 278.985565, ","[["" 127.359"", "" 127.329"", ""  72.086""], ["" 127.042"", "" 128.156"", ""  73.629""], ["" 127.509"", "" 129.726"", ""  75.413""], ["" 127.885"", "" 129.151"", ""  74.178""], ["" 126.344"", "" 129.285"", ""  76.047""], ["" 129.130"", "" 129.562"", ""  73.523""], ["" 125.586"", "" 128.281"", ""  75.447""], ["" 130.114"", "" 129.887"", ""  73.008""], ["" 125.924"", "" 127.719"", ""  74.262""], ["" 128.333"", "" 130.816"", ""  76.099""], ["" 124.319"", "" 127.749"", ""  76.091""], ["" 129.157"", "" 127.325"", ""  71.820""], ["" 129.898"", "" 126.562"", ""  72.920""], ["" 131.041"", "" 127.134"", ""  73.356""], ["" 129.434"", "" 125.500"", ""  73.336""], ["" 131.304"", "" 128.021"", ""  72.953""], ["" 131.886"", "" 126.647"", ""  74.344""], ["" 133.124"", "" 127.014"", ""  74.599""], ["" 131.259"", "" 125.410"", ""  75.384""], ["" 133.628"", "" 126.339"", ""  75.614""], ["" 132.790"", "" 125.400"", ""  76.207""]]",[],1j_Grossjean_2025
15,2408,1k_Grossjean_2025,4h2i_c_4_mae_prepped,1,2,-5.19,-0.19961538461538464,0.0,0.0,1,189.56,-8.77,-8.44,-0.33,-8.77,0.0,-3.38,3.58,-3.38,32,6,0.0,0.0,0.0,8.37679,15.268991,5.951062,0.89098967,0.0276995,-0.45317783,129.375259,"117.99839, 242.272217, 175.857925, 91.923965, 309.90387, 49.225723, 110.293449, 256.988281, 68.352592, 185.242096, 40.502258, 171.240662, ","[["" 127.793"", "" 132.157"", ""  59.851""], ["" 128.177"", "" 133.388"", ""  60.450""], ["" 127.995"", "" 133.298"", ""  61.977""], ["" 127.707"", "" 131.948"", ""  62.464""], ["" 127.792"", "" 131.553"", ""  63.746""], ["" 128.122"", "" 132.308"", ""  64.663""], ["" 127.432"", "" 131.272"", ""  61.767""], ["" 127.452"", "" 130.077"", ""  64.008""], ["" 126.963"", "" 129.106"", ""  62.540""], ["" 125.672"", "" 129.978"", ""  61.663""], ["" 123.522"", "" 131.089"", ""  61.533""], ["" 124.485"", "" 130.401"", ""  62.305""], ["" 123.774"", "" 131.324"", ""  60.178""], ["" 124.250"", "" 130.145"", ""  63.729""], ["" 124.968"", "" 130.869"", ""  59.623""], ["" 124.063"", "" 129.943"", ""  64.853""], ["" 125.901"", "" 130.205"", ""  60.344""], ["" 122.207"", "" 131.596"", ""  62.122""], ["" 125.301"", "" 131.092"", ""  58.161""], ["" 128.774"", "" 131.617"", ""  58.975""], ["" 129.903"", "" 132.637"", ""  58.781""], ["" 131.018"", "" 132.266"", ""  59.580""], ["" 130.859"", "" 131.015"", ""  60.237""], ["" 130.693"", "" 131.248"", ""  61.745""], ["" 131.615"", "" 132.240"", ""  62.176""], ["" 132.965"", "" 131.808"", ""  62.145""]]",[],1k_Grossjean_2025
16,1928,1l_Grossjean_2025,4h2i_c_4_mae_prepped,1,8,-6.1,-0.33888888888888885,0.0,0.0,1,191.89,-7.29,-6.81,-0.48,-7.29,0.0,-0.27,1.19,-0.27,29,8,0.0,0.0,0.0,8.052981,13.489148,6.093764,-0.83422569,-0.36762696,0.41099625,135.029419,"295.296906, 272.102539, 313.17984, 306.81488, ","[["" 128.692"", "" 130.990"", ""  62.555""], ["" 127.570"", "" 131.633"", ""  63.843""], ["" 126.292"", "" 132.586"", ""  63.041""], ["" 123.989"", "" 133.023"", ""  62.421""], ["" 124.930"", "" 132.205"", ""  63.086""], ["" 124.432"", "" 134.167"", ""  61.750""], ["" 124.494"", "" 130.999"", ""  63.797""], ["" 125.792"", "" 134.470"", ""  61.754""], ["" 124.149"", "" 130.049"", ""  64.358""], ["" 126.710"", "" 133.699"", ""  62.384""], ["" 122.494"", "" 132.709"", ""  62.402""], ["" 126.335"", "" 135.695"", ""  61.044""], ["" 129.841"", "" 131.930"", ""  62.166""], ["" 131.076"", "" 131.406"", ""  62.290""], ["" 129.622"", "" 133.075"", ""  61.761""], ["" 131.278"", "" 130.561"", ""  62.806""], ["" 132.181"", "" 132.252"", ""  62.210""], ["" 133.308"", "" 131.532"", ""  61.730""]]",[],1l_Grossjean_2025
17,10008,1m_Grossjean_2025,4h2i_c_4_mae_prepped,1,16,-6.19,-0.2947619047619048,0.0,0.0,2,191.55,-7.98,-7.71,-0.27,-7.98,0.0,-1.32,1.79,-1.32,34,8,0.0,0.0,0.0,9.884453,15.571062,4.87361,0.04877214,-0.73288541,0.67860169,238.556717,"126.710434, 140.869873, 122.686592, 261.433685, 209.721573, 212.567581, ","[["" 127.719"", "" 132.191"", ""  63.675""], ["" 126.644"", "" 131.596"", ""  63.125""], ["" 128.283"", "" 131.761"", ""  64.684""], ["" 126.222"", "" 132.025"", ""  62.314""], ["" 128.207"", "" 133.462"", ""  62.967""], ["" 128.286"", "" 133.337"", ""  61.147""], ["" 129.839"", "" 132.582"", ""  60.714""], ["" 131.498"", "" 131.683"", ""  59.194""], ["" 130.235"", "" 132.288"", ""  59.387""], ["" 132.304"", "" 131.413"", ""  60.305""], ["" 129.397"", "" 132.626"", ""  58.234""], ["" 131.846"", "" 131.759"", ""  61.575""], ["" 128.735"", "" 132.891"", ""  57.324""], ["" 130.640"", "" 132.338"", ""  61.783""], ["" 132.028"", "" 131.310"", ""  57.812""], ["" 132.676"", "" 131.500"", ""  62.817""], ["" 126.000"", "" 130.367"", ""  63.613""], ["" 124.462"", "" 130.476"", ""  63.661""], ["" 123.766"", "" 129.809"", ""  64.432""], ["" 124.001"", "" 131.370"", ""  62.763""], ["" 123.830"", "" 131.003"", ""  61.401""]]",[],1m_Grossjean_2025
18,10329,1n_Grossjean_2025,4h2i_c_4_mae_prepped,1,5,-7.88,-0.2814285714285714,0.0,0.0,1,192.46,-10.26,-9.72,-0.54,-10.26,0.0,-0.71,2.39,-0.71,56,10,0.0,0.0,0.0,8.506169,11.526142,9.56749,0.50178421,-0.53972533,0.67595057,228.115982,"255.447342, 123.035408, 97.890045, 290.74704, 220.097702, 258.421295, 53.991196, 74.330673, ","[["" 128.052"", "" 128.700"", ""  66.374""], ["" 128.601"", "" 127.693"", ""  67.087""], ["" 127.583"", "" 129.736"", ""  66.846""], ["" 128.989"", "" 126.930"", ""  66.553""], ["" 128.032"", "" 128.500"", ""  64.853""], ["" 127.200"", "" 129.570"", ""  64.113""], ["" 125.454"", "" 129.645"", ""  64.612""], ["" 124.648"", "" 130.848"", ""  63.577""], ["" 124.434"", "" 132.976"", ""  62.442""], ["" 125.197"", "" 132.113"", ""  63.261""], ["" 123.190"", "" 132.547"", ""  61.967""], ["" 126.523"", "" 132.521"", ""  63.727""], ["" 122.738"", "" 131.274"", ""  62.308""], ["" 127.572"", "" 132.845"", ""  64.093""], ["" 123.449"", "" 130.433"", ""  63.095""], ["" 124.915"", "" 134.370"", ""  62.044""], ["" 121.404"", "" 130.747"", ""  61.815""], ["" 128.767"", "" 127.562"", ""  68.480""], ["" 130.017"", "" 127.931"", ""  68.979""], ["" 127.788"", "" 127.086"", ""  69.364""], ["" 130.287"", "" 127.846"", ""  70.341""], ["" 128.061"", "" 126.998"", ""  70.726""], ["" 129.309"", "" 127.380"", ""  71.233""], ["" 129.564"", "" 127.278"", ""  72.710""], ["" 129.429"", "" 126.231"", ""  73.350""], ["" 129.945"", "" 128.454"", ""  73.271""], ["" 128.994"", "" 129.471"", ""  73.564""], ["" 127.729"", "" 128.831"", ""  74.145""]]",[],1n_Grossjean_2025
19,9965,1o_Grossjean_2025,4h2i_c_4_mae_prepped,1,1,-7.78,-0.28814814814814815,0.0,0.0,4,187.06,-9.87,-9.27,-0.59,-9.87,0.0,-0.56,2.09,-0.56,56,10,0.0,0.0,0.0,7.948546,9.900367,8.970039,-0.6620402,0.28572719,-0.6928656,205.250137,"263.715759, 43.585846, 25.044086, 34.689938, 226.481766, 52.315716, 55.421021, ","[["" 128.086"", "" 128.616"", ""  66.301""], ["" 128.914"", "" 127.837"", ""  67.030""], ["" 127.255"", "" 129.397"", ""  66.764""], ["" 129.589"", "" 127.297"", ""  66.508""], ["" 128.249"", "" 128.510"", ""  64.777""], ["" 127.182"", "" 129.298"", ""  63.992""], ["" 126.587"", "" 128.449"", ""  62.499""], ["" 125.390"", "" 129.494"", ""  61.695""], ["" 123.452"", "" 130.945"", ""  61.593""], ["" 124.332"", "" 130.153"", ""  62.366""], ["" 123.669"", "" 131.063"", ""  60.216""], ["" 124.156"", "" 130.066"", ""  63.818""], ["" 124.753"", "" 130.403"", ""  59.642""], ["" 124.014"", "" 129.997"", ""  64.964""], ["" 125.606"", "" 129.636"", ""  60.362""], ["" 122.265"", "" 131.690"", ""  62.201""], ["" 125.049"", "" 130.502"", ""  58.158""], ["" 129.008"", "" 127.679"", ""  68.427""], ["" 130.220"", "" 128.061"", ""  69.001""], ["" 127.994"", "" 127.157"", ""  69.246""], ["" 130.422"", "" 127.939"", ""  70.373""], ["" 128.198"", "" 127.035"", ""  70.617""], ["" 129.412"", "" 127.424"", ""  71.199""], ["" 129.596"", "" 127.275"", ""  72.681""], ["" 129.395"", "" 126.218"", ""  73.287""], ["" 130.001"", "" 128.420"", ""  73.290""], ["" 129.373"", "" 129.662"", ""  73.005""]]",[],1o_Grossjean_2025
20,9850,1p_Grossjean_2025,4h2i_c_4_mae_prepped,1,7,-6.51,-0.2959090909090909,0.0,0.0,1,193.58,-8.0,-7.59,-0.41,-8.0,0.0,-0.66,1.49,-0.66,41,6,0.0,0.0,0.0,7.506854,14.940598,5.308513,0.88474703,-0.08131299,0.45892362,245.143463,"35.055809, 213.946304, 12.239437, 288.180511, 287.56665, ","[["" 127.257"", "" 132.047"", ""  62.026""], ["" 128.357"", "" 133.385"", ""  61.478""], ["" 129.875"", "" 132.621"", ""  60.954""], ["" 131.428"", "" 131.729"", ""  59.323""], ["" 130.188"", "" 132.348"", ""  59.601""], ["" 132.294"", "" 131.428"", ""  60.380""], ["" 129.286"", "" 132.717"", ""  58.509""], ["" 131.913"", "" 131.753"", ""  61.681""], ["" 128.573"", "" 133.008"", ""  57.644""], ["" 130.731"", "" 132.344"", ""  61.970""], ["" 131.871"", "" 131.377"", ""  57.905""], ["" 132.815"", "" 131.465"", ""  62.866""], ["" 128.003"", "" 130.800"", ""  62.538""], ["" 128.142"", "" 130.752"", ""  64.067""], ["" 128.138"", "" 129.516"", ""  64.615""], ["" 128.234"", "" 131.804"", ""  64.701""], ["" 128.056"", "" 128.731"", ""  63.987""], ["" 128.247"", "" 129.195"", ""  65.962""], ["" 128.122"", "" 130.036"", ""  66.975""], ["" 128.507"", "" 127.902"", ""  66.418""], ["" 128.306"", "" 129.292"", ""  68.142""], ["" 128.538"", "" 128.006"", ""  67.790""]]",[],1p_Grossjean_2025
21,2017,1q_Grossjean_2025,4h2i_c_4_mae_prepped,1,20,-5.75,-0.26136363636363635,0.0,0.0,2,190.03,-7.84,-7.38,-0.46,-7.84,0.0,-1.31,2.09,-1.31,30,9,0.0,0.0,0.0,6.564101,10.937555,5.156889,0.74222654,-0.19186047,-0.64209759,235.510742,"2.311034, 85.388954, 280.821686, 271.86731, 82.200317, 183.639786, 210.076126, ","[["" 127.928"", "" 129.600"", ""  62.067""], ["" 129.217"", "" 129.957"", ""  62.225""], ["" 127.222"", "" 130.015"", ""  61.146""], ["" 129.718"", "" 129.591"", ""  63.022""], ["" 127.371"", "" 128.616"", ""  63.106""], ["" 127.190"", "" 129.215"", ""  64.514""], ["" 125.461"", "" 129.597"", ""  64.926""], ["" 124.830"", "" 130.743"", ""  63.717""], ["" 124.880"", "" 132.727"", ""  62.326""], ["" 125.508"", "" 131.913"", ""  63.296""], ["" 123.622"", "" 132.361"", ""  61.836""], ["" 126.799"", "" 132.311"", ""  63.862""], ["" 123.015"", "" 131.207"", ""  62.326""], ["" 127.819"", "" 132.629"", ""  64.307""], ["" 123.598"", "" 130.412"", ""  63.252""], ["" 125.517"", "" 134.007"", ""  61.787""], ["" 121.647"", "" 130.763"", ""  61.842""], ["" 129.970"", "" 130.872"", ""  61.355""], ["" 130.839"", "" 131.875"", ""  62.143""], ["" 130.498"", "" 132.247"", ""  63.267""], ["" 131.971"", "" 132.252"", ""  61.498""], ["" 133.213"", "" 131.632"", ""  61.800""]]",[],1q_Grossjean_2025
22,1625,2a_Ghoteimi_2023,4h2i_c_4_mae_prepped,1,1,-10.04,-0.20489795918367346,0.0,0.0,7,192.14,-13.33,-13.01,-0.31,-13.33,0.0,-2.98,3.28,-2.98,63,5,0.0,0.0,0.0,9.04223,10.83951,7.985115,-0.86566261,0.19830096,0.45967921,168.656265,"140.914169, 30.487875, 1.669434, 227.043732, 245.147934, 335.83078, 15.525063, 84.374832, 201.021561, 273.487396, 284.83075, ","[["" 129.606"", "" 127.148"", ""  61.370""], ["" 128.776"", "" 128.123"", ""  60.939""], ["" 130.825"", "" 127.126"", ""  61.193""], ["" 127.791"", "" 127.969"", ""  61.096""], ["" 128.922"", "" 125.983"", ""  62.096""], ["" 129.711"", "" 125.505"", ""  63.666""], ["" 129.177"", "" 126.710"", ""  64.859""], ["" 130.376"", "" 124.362"", ""  67.260""], ["" 129.916"", "" 125.326"", ""  66.815""], ["" 129.335"", "" 126.550"", ""  66.253""], ["" 128.873"", "" 127.588"", ""  67.098""], ["" 128.598"", "" 127.804"", ""  64.310""], ["" 128.276"", "" 128.711"", ""  66.507""], ["" 128.156"", "" 128.800"", ""  65.118""], ["" 128.975"", "" 127.561"", ""  68.588""], ["" 127.926"", "" 127.050"", ""  69.356""], ["" 130.100"", "" 128.071"", ""  69.243""], ["" 128.003"", "" 127.038"", ""  70.745""], ["" 130.178"", "" 128.058"", ""  70.633""], ["" 129.134"", "" 127.535"", ""  71.410""], ["" 129.224"", "" 127.550"", ""  72.805""], ["" 128.651"", "" 128.686"", ""  73.554""], ["" 130.428"", "" 127.058"", ""  73.504""], ["" 128.470"", "" 128.394"", ""  75.059""], ["" 130.205"", "" 126.810"", ""  75.010""], ["" 129.706"", "" 127.986"", ""  75.627""], ["" 127.536"", "" 129.981"", ""  64.442""], ["" 128.256"", "" 131.165"", ""  64.245""], ["" 126.209"", "" 129.935"", ""  64.002""], ["" 127.670"", "" 132.265"", ""  63.626""], ["" 125.622"", "" 131.035"", ""  63.385""], ["" 126.344"", "" 132.221"", ""  63.173""], ["" 125.758"", "" 133.344"", ""  62.580""], ["" 124.317"", "" 133.385"", ""  62.263""], ["" 126.513"", "" 134.122"", ""  61.574""], ["" 123.785"", "" 134.801"", ""  61.959""], ["" 125.914"", "" 135.515"", ""  61.290""], ["" 124.550"", "" 135.395"", ""  60.922""], ["" 129.068"", "" 129.324"", ""  60.265""], ["" 128.909"", "" 129.296"", ""  58.878""], ["" 129.480"", "" 130.514"", ""  60.884""], ["" 129.167"", "" 130.429"", ""  58.114""], ["" 129.739"", "" 131.647"", ""  60.118""], ["" 129.586"", "" 131.620"", ""  58.725""], ["" 129.875"", "" 132.862"", ""  57.931""], ["" 129.046"", "" 133.758"", ""  57.746""], ["" 131.138"", "" 132.898"", ""  57.433""], ["" 131.900"", "" 131.709"", ""  57.277""], ["" 132.787"", "" 131.507"", ""  58.509""]]",[],2a_Ghoteimi_2023
23,10066,2a_Grossjean_2025,4h2i_c_4_mae_prepped,1,7,-7.54,-0.25133333333333335,0.0,0.0,6,185.68,-9.93,-9.39,-0.54,-9.93,0.0,-0.74,2.39,-0.74,57,10,0.0,0.0,0.0,8.809668,10.130132,10.264217,0.41242561,-0.67327337,0.61368403,45.050159,"119.485565, 229.437531, 123.338875, 288.494904, 35.457371, 314.881073, 221.336472, 114.452263, ","[["" 130.053"", "" 125.320"", ""  67.201""], ["" 130.233"", "" 126.589"", ""  67.626""], ["" 129.746"", "" 124.365"", ""  67.914""], ["" 130.457"", "" 127.265"", ""  66.911""], ["" 130.262"", "" 125.090"", ""  65.700""], ["" 130.118"", "" 123.339"", ""  65.212""], ["" 130.640"", "" 123.141"", ""  63.512""], ["" 130.057"", "" 122.396"", ""  61.379""], ["" 131.299"", "" 122.752"", ""  60.861""], ["" 129.726"", "" 122.587"", ""  62.676""], ["" 132.257"", "" 123.335"", ""  61.705""], ["" 131.923"", "" 123.537"", ""  63.069""], ["" 132.887"", "" 124.139"", ""  63.996""], ["" 133.648"", "" 124.613"", ""  64.728""], ["" 128.993"", "" 121.747"", ""  60.513""], ["" 133.626"", "" 123.725"", ""  61.117""], ["" 134.599"", "" 123.067"", ""  61.746""], ["" 133.667"", "" 123.421"", ""  59.818""], ["" 133.883"", "" 125.030"", ""  61.231""], ["" 130.098"", "" 127.140"", ""  68.913""], ["" 128.841"", "" 126.997"", ""  69.502""], ["" 131.114"", "" 127.803"", ""  69.616""], ["" 128.598"", "" 127.492"", ""  70.780""], ["" 130.869"", "" 128.302"", ""  70.893""], ["" 129.612"", "" 128.149"", ""  71.492""], ["" 129.386"", "" 128.694"", ""  72.874""], ["" 128.801"", "" 128.069"", ""  73.763""], ["" 129.873"", "" 129.951"", ""  73.038""], ["" 129.101"", "" 130.959"", ""  73.680""], ["" 129.357"", "" 132.306"", ""  72.996""]]",[],2a_Grossjean_2025
24,9892,2aa_Ghoteimi_2023,4h2i_c_4_mae_prepped,1,6,-9.98,-0.2036734693877551,0.0,0.0,10,189.6,-13.26,-12.74,-0.52,-13.26,0.0,-3.91,3.28,-3.91,76,6,0.0,0.0,0.0,12.156797,7.215969,7.067082,0.61481123,0.46360098,-0.63802922,185.473022,"278.574371, 22.011974, 32.30883, 120.198441, 89.541595, 92.53006, 233.037308, 77.568939, 208.534058, 261.579681, 28.862669, ","[["" 130.966"", "" 126.889"", ""  61.583""], ["" 130.645"", "" 128.192"", ""  61.737""], ["" 131.347"", "" 126.373"", ""  60.530""], ["" 130.417"", "" 128.485"", ""  62.675""], ["" 130.848"", "" 126.048"", ""  62.860""], ["" 129.491"", "" 126.050"", ""  63.314""], ["" 129.061"", "" 127.007"", ""  64.224""], ["" 130.217"", "" 124.508"", ""  66.435""], ["" 129.770"", "" 125.511"", ""  66.068""], ["" 129.204"", "" 126.780"", ""  65.604""], ["" 128.776"", "" 127.781"", ""  66.507""], ["" 128.509"", "" 128.153"", ""  63.735""], ["" 128.201"", "" 128.943"", ""  65.979""], ["" 128.076"", "" 129.107"", ""  64.596""], ["" 128.906"", "" 127.674"", ""  67.992""], ["" 127.801"", "" 127.332"", ""  68.775""], ["" 130.123"", "" 127.939"", ""  68.626""], ["" 127.910"", "" 127.251"", ""  70.160""], ["" 130.232"", "" 127.858"", ""  70.011""], ["" 129.127"", "" 127.523"", ""  70.805""], ["" 129.261"", "" 127.444"", ""  72.194""], ["" 128.659"", "" 128.455"", ""  73.083""], ["" 130.543"", "" 126.985"", ""  72.767""], ["" 128.606"", "" 128.019"", ""  74.563""], ["" 130.440"", "" 126.586"", ""  74.254""], ["" 129.905"", "" 127.661"", ""  75.010""], ["" 127.485"", "" 130.340"", ""  63.987""], ["" 128.286"", "" 131.451"", ""  63.704""], ["" 126.120"", "" 130.417"", ""  63.688""], ["" 127.742"", "" 132.598"", ""  63.131""], ["" 125.576"", "" 131.562"", ""  63.112""], ["" 126.379"", "" 132.671"", ""  62.807""], ["" 125.814"", "" 133.820"", ""  62.242""], ["" 126.613"", "" 134.741"", ""  61.408""], ["" 124.422"", "" 133.784"", ""  61.748""], ["" 125.942"", "" 136.110"", ""  61.172""], ["" 123.814"", "" 135.182"", ""  61.503""], ["" 124.645"", "" 135.928"", ""  60.627""], ["" 130.628"", "" 129.235"", ""  60.790""], ["" 131.077"", "" 130.475"", ""  61.247""], ["" 130.184"", "" 129.109"", ""  59.466""], ["" 131.099"", "" 131.575"", ""  60.394""], ["" 130.204"", "" 130.212"", ""  58.616""], ["" 130.663"", "" 131.456"", ""  59.066""], ["" 130.670"", "" 132.623"", ""  58.122""], ["" 131.666"", "" 132.970"", ""  57.478""], ["" 129.476"", "" 133.268"", ""  58.057""], ["" 128.585"", "" 133.279"", ""  59.165""], ["" 127.479"", "" 132.243"", ""  58.937""]]",[],2aa_Ghoteimi_2023
25,9700,2b_Ghoteimi_2023,4h2i_c_4_mae_prepped,1,12,-10.69,-0.24860465116279068,0.0,0.0,5,192.72,-13.07,-12.45,-0.62,-13.07,0.0,-2.32,2.39,-2.32,85,15,0.0,0.0,0.0,9.443107,11.1274,8.314156,-0.72888207,0.16274294,0.66501554,209.027756,"83.991089, 208.322296, 356.713989, 232.045654, 200.84285, 23.326578, 199.442047, 231.285614, ","[["" 129.467"", "" 125.538"", ""  63.501""], ["" 129.001"", "" 126.742"", ""  64.726""], ["" 130.326"", "" 124.412"", ""  67.087""], ["" 129.831"", "" 125.364"", ""  66.655""], ["" 129.203"", "" 126.573"", ""  66.114""], ["" 128.784"", "" 127.615"", ""  66.978""], ["" 128.457"", "" 127.866"", ""  64.202""], ["" 128.193"", "" 128.753"", ""  66.414""], ["" 128.054"", "" 128.864"", ""  65.028""], ["" 128.940"", "" 127.576"", ""  68.463""], ["" 130.102"", "" 128.068"", ""  69.061""], ["" 127.939"", "" 127.033"", ""  69.273""], ["" 130.253"", "" 128.033"", ""  70.445""], ["" 128.092"", "" 126.995"", ""  70.656""], ["" 129.253"", "" 127.489"", ""  71.266""], ["" 129.376"", "" 127.455"", ""  72.656""], ["" 130.636"", "" 126.970"", ""  73.255""], ["" 128.804"", "" 128.518"", ""  73.506""], ["" 130.509"", "" 126.627"", ""  74.754""], ["" 128.718"", "" 128.128"", ""  74.996""], ["" 129.999"", "" 127.743"", ""  75.469""], ["" 127.458"", "" 130.071"", ""  64.374""], ["" 126.108"", "" 130.091"", ""  64.010""], ["" 128.226"", "" 131.214"", ""  64.121""], ["" 125.543"", "" 131.216"", ""  63.416""], ["" 127.663"", "" 132.339"", ""  63.525""], ["" 126.311"", "" 132.361"", ""  63.151""], ["" 125.751"", "" 133.510"", ""  62.582""], ["" 126.526"", "" 134.301"", ""  61.605""], ["" 124.313"", "" 133.586"", ""  62.257""], ["" 125.959"", "" 135.717"", ""  61.366""], ["" 123.809"", "" 135.022"", ""  61.997""], ["" 124.594"", "" 135.636"", ""  60.987""], ["" 131.060"", "" 126.059"", ""  62.797""], ["" 132.246"", "" 125.475"", ""  63.564""], ["" 132.332"", "" 125.833"", ""  64.864""], ["" 133.034"", "" 124.728"", ""  62.980""], ["" 131.628"", "" 126.464"", ""  65.217""], ["" 133.306"", "" 125.458"", ""  65.778""], ["" 134.516"", "" 125.011"", ""  65.484""], ["" 133.114"", "" 125.508"", ""  67.158""], ["" 135.155"", "" 124.758"", ""  66.700""], ["" 134.296"", "" 125.062"", ""  67.701""]]",[],2b_Ghoteimi_2023
26,1818,2b_Grossjean_2025,4h2i_c_4_mae_prepped,1,14,-7.56,-0.26068965517241377,0.0,0.0,12,187.66,-9.65,-9.01,-0.64,-9.65,0.0,-0.63,2.09,-0.63,56,8,0.0,0.0,0.0,12.678782,7.717102,10.751415,0.23158285,0.33703041,0.91256775,186.489914,"135.8741, 232.170471, 119.835091, 93.842453, 297.589813, 213.411331, 135.145416, ","[["" 129.978"", "" 125.256"", ""  67.087""], ["" 130.162"", "" 126.526"", ""  67.508""], ["" 129.673"", "" 124.304"", ""  67.806""], ["" 130.487"", "" 127.181"", ""  66.812""], ["" 130.193"", "" 125.028"", ""  65.587""], ["" 130.074"", "" 123.274"", ""  65.105""], ["" 130.629"", "" 123.065"", ""  63.419""], ["" 130.066"", "" 122.371"", ""  61.264""], ["" 131.333"", "" 122.682"", ""  60.779""], ["" 129.713"", "" 122.560"", ""  62.554""], ["" 132.295"", "" 123.212"", ""  61.652""], ["" 131.940"", "" 123.410"", ""  63.011""], ["" 132.907"", "" 123.955"", ""  63.969""], ["" 133.669"", "" 124.386"", ""  64.725""], ["" 128.990"", "" 121.791"", ""  60.366""], ["" 133.691"", "" 123.555"", ""  61.099""], ["" 134.572"", "" 122.628"", ""  61.479""], ["" 133.658"", "" 123.598"", ""  59.766""], ["" 134.141"", "" 124.736"", ""  61.527""], ["" 130.034"", "" 127.073"", ""  68.799""], ["" 128.798"", "" 126.884"", ""  69.417""], ["" 131.049"", "" 127.756"", ""  69.484""], ["" 128.566"", "" 127.380"", ""  70.697""], ["" 130.816"", "" 128.250"", ""  70.764""], ["" 129.573"", "" 128.071"", ""  71.387""], ["" 129.359"", "" 128.617"", ""  72.769""], ["" 128.628"", "" 128.078"", ""  73.605""], ["" 130.051"", "" 129.761"", ""  73.006""], ["" 129.378"", "" 130.977"", ""  73.299""]]",[],2b_Grossjean_2025
27,10402,2c_Ghoteimi_2023,4h2i_c_4_mae_prepped,1,20,-10.05,-0.23372093023255816,0.0,0.0,5,191.42,-12.44,-11.98,-0.46,-12.44,0.0,-1.72,2.39,-1.72,67,8,0.0,0.0,0.0,9.703727,9.531111,8.227524,-0.24772016,-0.79498723,-0.55374184,243.125977,"178.333054, 24.371464, 275.581116, 225.775375, 3.958482, 12.456994, 297.601898, 318.597473, ","[["" 127.234"", "" 129.882"", ""  64.883""], ["" 128.166"", "" 128.476"", ""  65.446""], ["" 128.457"", "" 127.660"", ""  61.982""], ["" 128.573"", "" 127.593"", ""  63.131""], ["" 128.726"", "" 127.503"", ""  64.586""], ["" 129.444"", "" 126.431"", ""  65.172""], ["" 128.323"", "" 128.433"", ""  66.791""], ["" 129.564"", "" 126.392"", ""  66.567""], ["" 129.009"", "" 127.405"", ""  67.354""], ["" 130.085"", "" 125.333"", ""  64.388""], ["" 129.408"", "" 124.130"", ""  64.181""], ["" 131.370"", "" 125.483"", ""  63.860""], ["" 129.997"", "" 123.103"", ""  63.447""], ["" 131.960"", "" 124.456"", ""  63.129""], ["" 131.286"", "" 123.246"", ""  62.912""], ["" 131.888"", "" 122.237"", ""  62.156""], ["" 131.106"", "" 121.561"", ""  61.102""], ["" 133.301"", "" 122.327"", ""  61.740""], ["" 131.743"", "" 120.238"", ""  60.625""], ["" 133.882"", "" 120.986"", ""  61.246""], ["" 133.078"", "" 120.467"", ""  60.198""], ["" 129.124"", "" 127.419"", ""  68.845""], ["" 128.049"", "" 127.028"", ""  69.648""], ["" 130.310"", "" 127.813"", ""  69.476""], ["" 128.152"", "" 127.033"", ""  71.037""], ["" 130.414"", "" 127.820"", ""  70.865""], ["" 129.334"", "" 127.441"", ""  71.675""], ["" 129.463"", "" 127.428"", ""  73.068""], ["" 130.701"", "" 126.912"", ""  73.687""], ["" 128.905"", "" 128.510"", ""  73.904""], ["" 130.557"", "" 126.599"", ""  75.192""], ["" 128.816"", "" 128.156"", ""  75.404""], ["" 130.087"", "" 127.745"", ""  75.883""], ["" 125.720"", "" 129.253"", ""  64.097""], ["" 124.802"", "" 130.385"", ""  63.632""], ["" 125.426"", "" 131.473"", ""  63.133""], ["" 123.581"", "" 130.250"", ""  63.728""], ["" 126.436"", "" 131.466"", ""  63.116""], ["" 124.825"", "" 132.632"", ""  62.664""], ["" 123.564"", "" 132.989"", ""  62.775""], ["" 125.838"", "" 133.768"", ""  61.833""], ["" 123.341"", "" 134.162"", ""  62.216""], ["" 124.441"", "" 134.784"", ""  61.632""]]",[],2c_Ghoteimi_2023
28,1633,2c_Grossjean_2025,4h2i_c_4_mae_prepped,1,1,-6.76,-0.25037037037037035,0.0,0.0,6,190.24,-8.55,-8.18,-0.37,-8.55,0.0,-0.6,1.79,-0.6,56,9,0.0,0.0,0.0,9.223056,6.654083,10.383675,-0.32815859,-0.05022056,0.94328672,129.868713,"355.409851, 241.071091, 130.021027, 359.588684, 140.079071, 326.830872, ","[["" 129.948"", "" 125.002"", ""  65.757""], ["" 130.069"", "" 123.234"", ""  65.312""], ["" 130.523"", "" 123.085"", ""  63.588""], ["" 129.857"", "" 122.386"", ""  61.464""], ["" 131.071"", "" 122.776"", ""  60.902""], ["" 129.580"", "" 122.538"", ""  62.777""], ["" 132.056"", "" 123.349"", ""  61.719""], ["" 131.781"", "" 123.510"", ""  63.100""], ["" 132.776"", "" 124.102"", ""  64.002""], ["" 133.561"", "" 124.569"", ""  64.713""], ["" 128.761"", "" 121.754"", ""  60.629""], ["" 133.393"", "" 123.777"", ""  61.082""], ["" 133.536"", "" 125.101"", ""  61.167""], ["" 134.410"", "" 123.190"", ""  61.714""], ["" 133.478"", "" 123.447"", ""  59.791""], ["" 129.923"", "" 125.303"", ""  67.263""], ["" 130.164"", "" 126.591"", ""  67.589""], ["" 129.725"", "" 124.399"", ""  68.077""], ["" 130.428"", "" 127.206"", ""  66.834""], ["" 130.183"", "" 127.185"", ""  68.865""], ["" 131.325"", "" 127.752"", ""  69.450""], ["" 128.985"", "" 127.153"", ""  69.581""], ["" 131.250"", "" 128.301"", ""  70.727""], ["" 128.916"", "" 127.702"", ""  70.858""], ["" 130.053"", "" 128.286"", ""  71.441""], ["" 130.077"", "" 128.856"", ""  72.699""], ["" 128.881"", "" 128.886"", ""  73.471""]]",[],2c_Grossjean_2025
29,9680,2d_Ghoteimi_2023,4h2i_c_4_mae_prepped,1,10,-9.24,-0.2431578947368421,0.0,0.0,9,191.0,-11.62,-11.02,-0.6,-11.62,0.0,-1.52,2.39,-1.52,61,8,0.0,0.0,0.0,10.156925,9.017627,8.734655,0.4484407,0.83323933,-0.32343956,192.555557,"147.284714, 172.588913, 144.645203, 289.074677, 120.222984, 206.700882, 277.42511, 2.458255, ","[["" 127.220"", "" 129.825"", ""  64.651""], ["" 128.155"", "" 128.422"", ""  65.226""], ["" 128.380"", "" 127.501"", ""  61.780""], ["" 128.521"", "" 127.471"", ""  62.929""], ["" 128.701"", "" 127.427"", ""  64.383""], ["" 129.429"", "" 126.371"", ""  64.985""], ["" 128.269"", "" 128.372"", ""  66.576""], ["" 129.560"", "" 126.361"", ""  66.379""], ["" 128.963"", "" 127.359"", ""  67.154""], ["" 130.070"", "" 125.257"", ""  64.224""], ["" 129.282"", "" 124.320"", ""  63.553""], ["" 131.461"", "" 125.147"", ""  64.145""], ["" 129.869"", "" 123.285"", ""  62.831""], ["" 132.049"", "" 124.111"", ""  63.424""], ["" 131.266"", "" 123.156"", ""  62.762""], ["" 131.878"", "" 122.133"", ""  62.033""], ["" 133.256"", "" 122.269"", ""  61.523""], ["" 131.073"", "" 121.353"", ""  61.072""], ["" 133.879"", "" 120.932"", ""  61.067""], ["" 131.751"", "" 120.038"", ""  60.632""], ["" 133.041"", "" 120.308"", ""  60.106""], ["" 129.060"", "" 127.380"", ""  68.645""], ["" 127.970"", "" 126.999"", ""  69.436""], ["" 130.235"", "" 127.785"", ""  69.290""], ["" 128.054"", "" 127.016"", ""  70.825""], ["" 130.320"", "" 127.800"", ""  70.679""], ["" 129.235"", "" 127.406"", ""  71.475""], ["" 129.330"", "" 127.446"", ""  72.871""], ["" 130.539"", "" 126.975"", ""  73.576""], ["" 128.732"", "" 128.575"", ""  73.612""], ["" 130.323"", "" 126.747"", ""  75.087""], ["" 128.570"", "" 128.306"", ""  75.123""], ["" 129.816"", "" 127.928"", ""  75.687""], ["" 125.649"", "" 129.217"", ""  63.946""], ["" 124.446"", "" 129.958"", ""  64.549""], ["" 124.109"", "" 129.850"", ""  65.732""], ["" 123.824"", "" 130.717"", ""  63.624""], ["" 123.900"", "" 130.382"", ""  62.246""]]",[],2d_Ghoteimi_2023
30,1665,2d_Grossjean_2025,4h2i_c_4_mae_prepped,1,1,-6.64,-0.2656,0.0,0.0,1,189.28,-8.14,-7.92,-0.21,-8.14,0.0,-0.51,1.49,-0.51,51,5,0.0,0.0,0.0,12.813465,7.193637,6.497459,-0.49416329,-0.58805804,-0.64030491,147.227234,"133.301926, 111.782906, 292.135132, 267.127838, 228.284241, ","[["" 130.125"", "" 123.271"", ""  65.260""], ["" 130.695"", "" 123.078"", ""  63.582""], ["" 130.083"", "" 122.359"", ""  61.453""], ["" 131.345"", "" 122.650"", ""  60.939""], ["" 129.755"", "" 122.570"", ""  62.748""], ["" 132.323"", "" 123.197"", ""  61.783""], ["" 131.994"", "" 123.428"", ""  63.143""], ["" 132.965"", "" 124.040"", ""  64.054""], ["" 133.732"", "" 124.524"", ""  64.772""], ["" 128.988"", "" 121.772"", ""  60.583""], ["" 133.710"", "" 123.522"", ""  61.195""], ["" 134.612"", "" 122.648"", ""  61.643""], ["" 133.669"", "" 123.456"", ""  59.863""], ["" 134.137"", "" 124.743"", ""  61.523""], ["" 130.426"", "" 124.991"", ""  65.786""], ["" 129.981"", "" 125.263"", ""  67.226""], ["" 130.196"", "" 126.517"", ""  67.676""], ["" 129.442"", "" 124.360"", ""  67.866""], ["" 130.565"", "" 127.176"", ""  67.006""], ["" 129.907"", "" 127.070"", ""  68.938""], ["" 130.956"", "" 127.746"", ""  69.565""], ["" 128.666"", "" 126.955"", ""  69.587""], ["" 130.769"", "" 128.322"", ""  70.819""], ["" 128.483"", "" 127.531"", ""  70.841""], ["" 129.532"", "" 128.214"", ""  71.451""]]",[],2d_Grossjean_2025
31,10600,2e_Grossjean_2025,4h2i_c_4_mae_prepped,1,4,-6.47,-0.24884615384615383,0.0,0.0,2,190.93,-7.96,-7.89,-0.07,-7.96,0.0,-0.47,1.49,-0.47,52,2,0.0,0.0,0.0,13.317803,7.854861,5.834563,0.46644533,0.31197697,0.82770715,147.646973,"129.515244, 255.22757, 310.214478, 167.897858, 161.916153, ","[["" 129.772"", "" 125.109"", ""  64.596""], ["" 130.541"", "" 123.930"", ""  63.507""], ["" 132.547"", "" 123.222"", ""  62.563""], ["" 131.898"", "" 122.257"", ""  61.794""], ["" 131.888"", "" 124.050"", ""  63.404""], ["" 130.504"", "" 122.126"", ""  61.882""], ["" 129.799"", "" 122.983"", ""  62.764""], ["" 128.339"", "" 122.917"", ""  62.879""], ["" 127.186"", "" 122.865"", ""  62.969""], ["" 134.050"", "" 123.409"", ""  62.497""], ["" 129.799"", "" 121.070"", ""  61.011""], ["" 129.091"", "" 121.666"", ""  60.051""], ["" 130.702"", "" 120.267"", ""  60.448""], ["" 128.959"", "" 120.303"", ""  61.710""], ["" 130.919"", "" 125.295"", ""  65.999""], ["" 130.182"", "" 125.593"", ""  67.308""], ["" 130.491"", "" 126.767"", ""  67.903""], ["" 129.395"", "" 124.759"", ""  67.758""], ["" 131.066"", "" 127.408"", ""  67.376""], ["" 130.068"", "" 127.241"", ""  69.156""], ["" 128.837"", "" 126.932"", ""  69.660""], ["" 130.994"", "" 127.995"", ""  69.887""], ["" 128.509"", "" 127.386"", ""  70.897""], ["" 130.640"", "" 128.456"", ""  71.158""], ["" 129.381"", "" 128.151"", ""  71.676""], ["" 127.128"", "" 127.002"", ""  71.395""]]",[],2e_Grossjean_2025
32,10841,2f_Grossjean_2025,4h2i_c_4_mae_prepped,1,4,-6.16,-0.2464,0.0,0.0,3,190.94,-7.65,-7.36,-0.29,-7.65,0.0,-0.65,1.49,-0.65,32,9,0.0,0.0,0.0,9.681335,8.469934,8.582183,-0.63951192,0.00436841,-0.76876877,210.034653,"240.365158, 72.576408, 318.272797, 121.141327, 60.200817, ","[["" 130.517"", "" 124.941"", ""  66.860""], ["" 130.641"", "" 124.331"", ""  65.191""], ["" 129.437"", "" 123.371"", ""  63.442""], ["" 130.564"", "" 123.333"", ""  62.624""], ["" 129.469"", "" 123.854"", ""  64.705""], ["" 131.792"", "" 123.801"", ""  63.117""], ["" 131.842"", "" 124.307"", ""  64.442""], ["" 133.111"", "" 124.754"", ""  65.022""], ["" 134.114"", "" 125.108"", ""  65.479""], ["" 128.089"", "" 122.871"", ""  62.962""], ["" 133.029"", "" 123.739"", ""  62.201""], ["" 132.686"", "" 123.271"", ""  60.999""], ["" 133.549"", "" 124.958"", ""  62.057""], ["" 133.989"", "" 122.946"", ""  62.680""], ["" 129.233"", "" 126.238"", ""  66.895""], ["" 129.249"", "" 127.136"", ""  68.140""], ["" 129.145"", "" 126.472"", ""  69.311""], ["" 129.366"", "" 128.358"", ""  68.032""], ["" 129.115"", "" 125.464"", ""  69.252""], ["" 129.115"", "" 126.975"", ""  70.626""], ["" 128.370"", "" 126.251"", ""  71.563""], ["" 129.756"", "" 128.148"", ""  71.066""], ["" 128.250"", "" 126.618"", ""  72.865""], ["" 129.642"", "" 128.539"", ""  72.401""], ["" 128.885"", "" 127.748"", ""  73.266""]]",[],2f_Grossjean_2025
33,9974,2g_Grossjean_2025,4h2i_c_4_mae_prepped,1,19,-6.23,-0.23961538461538462,0.0,0.0,1,189.68,-8.02,-7.69,-0.33,-8.02,0.0,-1.39,1.79,-1.39,45,7,0.0,0.0,0.0,12.70466,8.718633,9.256055,0.86383258,-0.20068366,-0.46208154,124.598221,"190.888184, 22.859928, 11.252812, 343.929657, 228.128098, 106.012566, ","[["" 130.636"", "" 124.788"", ""  66.369""], ["" 129.617"", "" 126.125"", ""  66.954""], ["" 128.715"", "" 127.117"", ""  68.859""], ["" 128.099"", "" 128.115"", ""  68.107""], ["" 129.459"", "" 126.135"", ""  68.301""], ["" 128.232"", "" 128.107"", ""  66.710""], ["" 129.002"", "" 127.079"", ""  66.108""], ["" 129.126"", "" 126.992"", ""  64.650""], ["" 129.223"", "" 126.924"", ""  63.499""], ["" 128.596"", "" 127.075"", ""  70.370""], ["" 127.536"", "" 129.213"", ""  65.894""], ["" 126.283"", "" 129.383"", ""  66.320""], ["" 128.199"", "" 130.362"", ""  66.033""], ["" 127.479"", "" 128.935"", ""  64.590""], ["" 132.274"", "" 125.484"", ""  65.964""], ["" 132.797"", "" 125.123"", ""  64.567""], ["" 132.015"", "" 125.504"", ""  63.541""], ["" 133.866"", "" 124.528"", ""  64.416""], ["" 131.141"", "" 125.965"", ""  63.748""], ["" 132.297"", "" 125.265"", ""  62.124""], ["" 132.578"", "" 123.808"", ""  61.776""], ["" 131.525"", "" 122.963"", ""  61.413""], ["" 133.893"", "" 123.334"", ""  61.759""], ["" 131.784"", "" 121.641"", ""  61.058""], ["" 134.151"", "" 122.013"", ""  61.404""], ["" 133.095"", "" 121.172"", ""  61.056""]]",[],2g_Grossjean_2025
34,1698,2h_Grossjean_2025,4h2i_c_4_mae_prepped,1,14,-5.85,-0.1828125,0.0,0.0,1,192.51,-8.53,-8.08,-0.45,-8.53,0.0,-1.38,2.68,-1.38,71,11,0.0,0.0,0.0,9.410146,7.046632,11.439562,-0.68783181,-0.72166108,0.07805567,148.897034,"3.803772, 4.345405, 32.890759, 217.527023, 25.977747, 190.273117, 265.350861, 189.566925, 352.763702, ","[["" 130.314"", "" 125.886"", ""  66.746""], ["" 129.365"", "" 126.839"", ""  66.775""], ["" 131.330"", "" 125.924"", ""  67.443""], ["" 128.545"", "" 126.721"", ""  66.197""], ["" 130.053"", "" 124.719"", ""  65.784""], ["" 129.706"", "" 125.204"", ""  64.060""], ["" 130.333"", "" 123.901"", ""  63.023""], ["" 129.754"", "" 122.311"", ""  61.423""], ["" 131.061"", "" 121.835"", ""  61.354""], ["" 129.389"", "" 123.326"", ""  62.238""], ["" 132.056"", "" 122.431"", ""  62.144""], ["" 131.691"", "" 123.502"", ""  62.999""], ["" 132.703"", "" 124.196"", ""  63.800""], ["" 133.504"", "" 124.744"", ""  64.429""], ["" 128.645"", "" 121.712"", ""  60.580""], ["" 133.498"", "" 121.896"", ""  62.047""], ["" 133.876"", "" 121.391"", ""  63.221""], ["" 133.631"", "" 120.930"", ""  61.135""], ["" 134.331"", "" 122.882"", ""  61.711""], ["" 129.353"", "" 127.983"", ""  67.687""], ["" 128.885"", "" 127.635"", ""  69.099""], ["" 129.668"", "" 127.954"", ""  70.219""], ["" 127.662"", "" 126.986"", ""  69.279""], ["" 129.199"", "" 127.659"", ""  71.510""], ["" 127.208"", "" 126.677"", ""  70.559""], ["" 127.970"", "" 127.011"", ""  71.689""], ["" 130.875"", "" 128.591"", ""  70.049""], ["" 131.926"", "" 127.745"", ""  69.599""], ["" 129.956"", "" 127.987"", ""  72.610""], ["" 130.911"", "" 126.999"", ""  72.974""], ["" 127.581"", "" 126.744"", ""  72.990""], ["" 126.909"", "" 127.750"", ""  73.739""]]",[],2h_Grossjean_2025
35,1692,2i_Grossjean_2025,4h2i_c_4_mae_prepped,1,9,-6.04,-0.25166666666666665,0.0,0.0,1,187.21,-7.53,-7.4,-0.13,-7.53,0.0,-1.34,1.49,-1.34,46,6,0.0,0.0,0.0,13.672374,5.240669,4.828365,-0.9409816,0.16356054,0.2963133,99.881088,"168.188889, 18.862904, 334.509888, 319.752106, 105.046623, ","[["" 133.533"", "" 122.832"", ""  62.119""], ["" 131.985"", "" 123.161"", ""  62.945""], ["" 129.680"", "" 122.801"", ""  62.949""], ["" 129.511"", "" 123.578"", ""  64.092""], ["" 130.889"", "" 122.591"", ""  62.381""], ["" 130.631"", "" 124.175"", ""  64.691""], ["" 131.905"", "" 123.963"", ""  64.107""], ["" 133.109"", "" 124.562"", ""  64.693""], ["" 134.059"", "" 125.034"", ""  65.155""], ["" 128.505"", "" 122.130"", ""  62.263""], ["" 130.426"", "" 125.032"", ""  65.955""], ["" 129.836"", "" 126.185"", ""  65.633""], ["" 129.657"", "" 124.383"", ""  66.830""], ["" 131.573"", "" 125.327"", ""  66.571""], ["" 133.166"", "" 122.314"", ""  60.415""], ["" 132.717"", "" 120.853"", ""  60.338""], ["" 131.491"", "" 120.588"", ""  60.839""], ["" 133.463"", "" 120.024"", ""  59.815""], ["" 130.956"", "" 121.361"", ""  61.205""], ["" 130.859"", "" 119.356"", ""  60.869""], ["" 129.870"", "" 119.173"", ""  61.716""], ["" 131.108"", "" 118.194"", ""  60.123""], ["" 129.423"", "" 117.862"", ""  61.537""], ["" 130.179"", "" 117.284"", ""  60.573""]]",[],2i_Grossjean_2025
36,10218,2j_Grossjean_2025,4h2i_c_4_mae_prepped,1,16,-6.19,-0.2579166666666667,0.0,0.0,2,188.95,-7.68,-7.47,-0.21,-7.68,0.0,-0.36,1.49,-0.36,44,7,0.0,0.0,0.0,11.616878,7.444628,7.337216,-0.70897714,-0.58141132,-0.39913943,190.158478,"124.152145, 131.630127, 316.395233, 100.459167, 51.983669, ","[["" 130.261"", "" 125.351"", ""  64.380""], ["" 130.672"", "" 124.017"", ""  63.265""], ["" 129.854"", "" 122.392"", ""  61.806""], ["" 131.138"", "" 121.939"", ""  61.514""], ["" 129.617"", "" 123.411"", ""  62.663""], ["" 132.242"", "" 122.553"", ""  62.124""], ["" 132.010"", "" 123.621"", ""  63.026""], ["" 133.126"", "" 124.299"", ""  63.693""], ["" 134.008"", "" 124.834"", ""  64.218""], ["" 128.627"", "" 121.766"", ""  61.171""], ["" 133.656"", "" 122.039"", ""  61.789""], ["" 134.226"", "" 121.529"", ""  62.881""], ["" 133.588"", "" 121.092"", ""  60.853""], ["" 134.458"", "" 123.001"", ""  61.328""], ["" 131.197"", "" 125.116"", ""  65.929""], ["" 130.380"", "" 125.312"", ""  67.214""], ["" 130.399"", "" 126.569"", ""  67.711""], ["" 129.759"", "" 124.372"", ""  67.715""], ["" 130.934"", "" 127.261"", ""  67.209""], ["" 129.752"", "" 127.018"", ""  68.855""], ["" 128.528"", "" 126.742"", ""  69.251""], ["" 130.640"", "" 128.072"", ""  69.907""], ["" 128.240"", "" 127.341"", ""  70.390""], ["" 129.245"", "" 128.128"", ""  70.943""]]",[],2j_Grossjean_2025
37,9703,2k_Grossjean_2025,4h2i_c_4_mae_prepped,1,5,-4.66,-0.1606896551724138,0.0,0.0,1,189.76,-8.53,-8.22,-0.31,-8.53,0.0,-2.93,3.88,-2.93,43,8,0.0,0.0,0.0,6.262648,12.298705,2.191778,-0.94735483,-0.22366768,-0.22911044,122.58622,"350.349579, 78.074806, 335.259766, 196.889191, 316.849152, 124.804703, 334.730255, 282.854767, 98.341446, 56.989887, 2.506403, 73.787636, 10.177476, ","[["" 126.763"", "" 133.754"", ""  62.144""], ["" 125.855"", "" 133.549"", ""  60.917""], ["" 124.504"", "" 133.109"", ""  61.273""], ["" 123.754"", "" 133.610"", ""  62.273""], ["" 124.123"", "" 134.537"", ""  62.998""], ["" 124.120"", "" 132.359"", ""  60.716""], ["" 122.390"", "" 132.937"", ""  62.485""], ["" 122.353"", "" 131.135"", ""  62.191""], ["" 123.819"", "" 130.388"", ""  62.890""], ["" 124.991"", "" 130.598"", ""  59.531""], ["" 124.975"", "" 130.370"", ""  60.666""], ["" 124.954"", "" 130.080"", ""  62.103""], ["" 126.072"", "" 129.485"", ""  62.741""], ["" 123.769"", "" 130.127"", ""  64.221""], ["" 126.001"", "" 129.232"", ""  64.120""], ["" 124.844"", "" 129.566"", ""  64.818""], ["" 124.715"", "" 129.317"", ""  66.308""], ["" 127.359"", "" 129.104"", ""  61.983""], ["" 128.352"", "" 128.747"", ""  62.798""], ["" 127.120"", "" 128.076"", ""  61.166""], ["" 127.786"", "" 130.140"", ""  61.260""], ["" 126.932"", "" 132.509"", ""  62.805""], ["" 127.820"", "" 132.529"", ""  63.912""], ["" 129.189"", "" 132.035"", ""  63.424""], ["" 129.634"", "" 132.899"", ""  62.385""], ["" 129.833"", "" 132.254"", ""  61.135""], ["" 131.247"", "" 131.660"", ""  61.099""], ["" 132.043"", "" 132.253"", ""  62.117""], ["" 133.118"", "" 131.431"", ""  62.545""]]",[],2k_Grossjean_2025
38,9907,3aa_Grossjean_2025,4h2i_c_4_mae_prepped,1,8,-8.63,-0.24657142857142858,0.0,0.0,6,188.74,-11.31,-10.64,-0.67,-11.31,0.0,-1.05,2.68,-1.05,58,7,0.0,0.0,0.0,11.857756,8.608425,8.007214,0.15768503,-0.62692635,0.76295398,185.603622,"247.011429, 183.204391, 4.392477, 9.719325, 92.414207, 26.013266, 298.017883, 216.796082, 136.688614, ","[["" 129.955"", "" 125.421"", ""  66.844""], ["" 130.055"", "" 126.646"", ""  67.405""], ["" 129.748"", "" 124.371"", ""  67.454""], ["" 130.302"", "" 127.402"", ""  66.783""], ["" 130.132"", "" 125.375"", ""  65.326""], ["" 129.742"", "" 123.732"", ""  64.650""], ["" 130.213"", "" 123.750"", ""  62.935""], ["" 133.547"", "" 123.945"", ""  64.182""], ["" 132.665"", "" 123.903"", ""  63.434""], ["" 131.548"", "" 123.850"", ""  62.486""], ["" 131.780"", "" 123.863"", ""  61.089""], ["" 130.678"", "" 123.754"", ""  60.226""], ["" 129.166"", "" 123.628"", ""  62.084""], ["" 129.385"", "" 123.624"", ""  60.743""], ["" 133.189"", "" 123.992"", ""  60.481""], ["" 133.940"", "" 122.907"", ""  60.680""], ["" 133.107"", "" 124.182"", ""  59.164""], ["" 133.827"", "" 125.028"", ""  61.028""], ["" 128.175"", "" 123.500"", ""  59.867""], ["" 126.931"", "" 123.993"", ""  60.293""], ["" 128.252"", "" 122.897"", ""  58.601""], ["" 125.802"", "" 123.882"", ""  59.485""], ["" 127.125"", "" 122.783"", ""  57.791""], ["" 125.904"", "" 123.276"", ""  58.237""], ["" 129.929"", "" 127.028"", ""  68.756""], ["" 128.752"", "" 126.633"", ""  69.394""], ["" 130.895"", "" 127.745"", ""  69.478""], ["" 128.527"", "" 126.963"", ""  70.728""], ["" 130.669"", "" 128.072"", ""  70.811""], ["" 129.483"", "" 127.691"", ""  71.452""], ["" 129.273"", "" 128.069"", ""  72.891""], ["" 128.675"", "" 127.352"", ""  73.699""], ["" 129.818"", "" 129.269"", ""  73.215""], ["" 129.005"", "" 130.342"", ""  73.675""], ["" 129.703"", "" 131.674"", ""  73.382""]]",[],3aa_Grossjean_2025
39,1714,3ab_Grossjean_2025,4h2i_c_4_mae_prepped,2,10,-8.56,-0.25176470588235295,0.0,0.0,6,188.33,-10.95,-10.41,-0.54,-10.95,0.0,-0.92,2.39,-0.92,59,7,0.0,0.0,0.0,12.595731,9.304105,8.039408,0.02353076,-0.73409767,0.67863607,184.46196,"3.005441, 55.172436, 359.212128, 321.642029, 95.66362, 46.544621, 22.443151, 316.930969, ","[["" 129.988"", "" 125.364"", ""  66.682""], ["" 130.119"", "" 126.588"", ""  67.234""], ["" 129.609"", "" 124.351"", ""  67.270""], ["" 130.492"", "" 127.309"", ""  66.633""], ["" 130.355"", "" 125.271"", ""  65.199""], ["" 129.756"", "" 123.731"", ""  64.441""], ["" 130.210"", "" 123.770"", ""  62.720""], ["" 133.562"", "" 123.988"", ""  63.924""], ["" 132.669"", "" 123.942"", ""  63.190""], ["" 131.540"", "" 123.885"", ""  62.257""], ["" 131.755"", "" 123.902"", ""  60.857""], ["" 130.646"", "" 123.790"", ""  60.006""], ["" 129.156"", "" 123.644"", ""  61.879""], ["" 129.357"", "" 123.662"", ""  60.536""], ["" 133.158"", "" 124.035"", ""  60.233""], ["" 133.125"", "" 124.142"", ""  58.903""], ["" 133.771"", "" 125.122"", ""  60.705""], ["" 133.892"", "" 122.962"", ""  60.532""], ["" 128.137"", "" 123.520"", ""  59.674""], ["" 128.215"", "" 122.899"", ""  58.417""], ["" 126.888"", "" 124.005"", ""  60.096""], ["" 127.087"", "" 122.763"", ""  57.613""], ["" 125.757"", "" 123.871"", ""  59.296""], ["" 125.860"", "" 123.249"", ""  58.056""], ["" 129.858"", "" 127.020"", ""  68.549""], ["" 128.666"", "" 126.782"", ""  69.251""], ["" 130.880"", "" 127.745"", ""  69.163""], ["" 128.513"", "" 127.261"", ""  70.548""], ["" 130.725"", "" 128.222"", ""  70.461""], ["" 129.541"", "" 127.986"", ""  71.171""], ["" 129.406"", "" 128.517"", ""  72.569""], ["" 130.061"", "" 129.471"", ""  72.997""], ["" 128.494"", "" 127.842"", ""  73.313""], ["" 127.528"", "" 128.534"", ""  74.092""]]",[],3ab_Grossjean_2025
40,9977,3ac_Grossjean_2025,4h2i_c_4_mae_prepped,1,7,-7.58,-0.236875,0.0,0.0,1,189.22,-9.67,-9.34,-0.33,-9.67,0.0,-1.02,2.09,-1.02,57,4,0.0,0.0,0.0,7.089194,13.115393,9.655859,0.19070959,0.54453335,0.81677003,192.597961,"8.672301, 289.92981, 35.754654, 46.123474, 353.975311, 4.730335, 117.505394, ","[["" 125.797"", "" 129.269"", ""  64.930""], ["" 127.512"", "" 129.731"", ""  65.321""], ["" 128.338"", "" 128.318"", ""  66.027""], ["" 129.000"", "" 127.354"", ""  62.652""], ["" 128.972"", "" 127.323"", ""  63.809""], ["" 128.938"", "" 127.283"", ""  65.272""], ["" 129.553"", "" 126.219"", ""  65.978""], ["" 129.561"", "" 126.260"", ""  67.379""], ["" 128.379"", "" 128.345"", ""  67.381""], ["" 128.972"", "" 127.330"", ""  68.060""], ["" 130.219"", "" 125.024"", ""  65.268""], ["" 130.493"", "" 124.016"", ""  66.098""], ["" 129.415"", "" 124.546"", ""  64.316""], ["" 131.366"", "" 125.411"", ""  64.709""], ["" 128.980"", "" 127.440"", ""  69.556""], ["" 127.884"", "" 126.996"", ""  70.315""], ["" 130.078"", "" 127.989"", ""  70.239""], ["" 127.888"", "" 127.090"", ""  71.704""], ["" 130.086"", "" 128.085"", ""  71.628""], ["" 128.991"", "" 127.633"", ""  72.355""], ["" 125.069"", "" 130.359"", ""  64.143""], ["" 125.853"", "" 131.340"", ""  63.646""], ["" 123.847"", "" 130.287"", ""  64.006""], ["" 126.849"", "" 131.218"", ""  63.757""], ["" 125.484"", "" 132.493"", ""  62.927""], ["" 126.482"", "" 133.076"", ""  62.145""], ["" 124.214"", "" 133.089"", ""  62.983""], ["" 126.216"", "" 134.230"", ""  61.414""], ["" 123.952"", "" 134.243"", ""  62.251""], ["" 124.955"", "" 134.824"", ""  61.459""], ["" 124.786"", "" 135.969"", ""  60.704""], ["" 123.494"", "" 136.562"", ""  60.619""]]",[],3ac_Grossjean_2025
41,1507,3ad_Grossjean_2025,4h2i_c_4_mae_prepped,1,1,-7.75,-0.25833333333333336,0.0,0.0,7,189.87,-9.54,-9.16,-0.39,-9.54,0.0,-1.63,1.79,-1.63,59,5,0.0,0.0,0.0,11.404256,9.117287,10.015243,-0.86603005,0.40608611,-0.29169508,136.806702,"201.426163, 232.587875, 143.187149, 163.005768, 163.411301, 89.642036, ","[["" 130.653"", "" 124.847"", ""  66.207""], ["" 129.642"", "" 126.226"", ""  66.700""], ["" 129.368"", "" 126.875"", ""  63.201""], ["" 129.219"", "" 126.980"", ""  64.344""], ["" 129.028"", "" 127.117"", ""  65.792""], ["" 128.248"", "" 128.173"", ""  66.322""], ["" 128.135"", "" 128.286"", ""  67.717""], ["" 129.535"", "" 126.368"", ""  68.042""], ["" 128.784"", "" 127.375"", ""  68.556""], ["" 127.525"", "" 129.202"", ""  65.433""], ["" 127.357"", "" 128.777"", ""  64.179""], ["" 126.316"", "" 129.466"", ""  65.934""], ["" 128.227"", "" 130.335"", ""  65.379""], ["" 128.709"", "" 127.459"", ""  70.052""], ["" 129.768"", "" 128.007"", ""  70.793""], ["" 127.580"", "" 126.998"", ""  70.749""], ["" 129.704"", "" 128.089"", ""  72.181""], ["" 127.513"", "" 127.077"", ""  72.138""], ["" 128.576"", "" 127.622"", ""  72.849""], ["" 132.323"", "" 125.491"", ""  65.885""], ["" 132.851"", "" 125.067"", ""  64.513""], ["" 132.128"", "" 125.494"", ""  63.456""], ["" 133.873"", "" 124.382"", ""  64.451""], ["" 131.344"", "" 126.094"", ""  63.668""], ["" 132.327"", "" 125.274"", ""  62.081""], ["" 133.520"", "" 124.632"", ""  61.736""], ["" 131.432"", "" 125.665"", ""  61.069""], ["" 133.817"", "" 124.370"", ""  60.401""], ["" 131.734"", "" 125.400"", ""  59.735""], ["" 132.922"", "" 124.754"", ""  59.407""]]",[],3ad_Grossjean_2025
42,9871,3af_Grossjean_2025,4h2i_c_4_mae_prepped,1,10,-7.37,-0.24566666666666667,0.0,0.0,4,188.05,-9.16,-8.8,-0.36,-9.16,0.0,-1.69,1.79,-1.69,52,5,0.0,0.0,0.0,10.829624,9.44348,8.065195,-0.87424885,0.48471028,-0.02729268,123.860298,"202.144058, 229.841675, 134.547287, 13.899068, 321.012878, 11.956164, ","[["" 130.674"", "" 124.851"", ""  66.192""], ["" 129.653"", "" 126.219"", ""  66.702""], ["" 129.332"", "" 126.909"", ""  63.215""], ["" 129.194"", "" 126.999"", ""  64.361""], ["" 129.018"", "" 127.113"", ""  65.811""], ["" 128.232"", "" 128.154"", ""  66.363""], ["" 128.138"", "" 128.255"", ""  67.759""], ["" 129.565"", "" 126.351"", ""  68.048""], ["" 128.810"", "" 127.345"", ""  68.581""], ["" 127.485"", "" 129.184"", ""  65.493""], ["" 127.298"", "" 128.765"", ""  64.239""], ["" 126.284"", "" 129.435"", ""  66.016""], ["" 128.178"", "" 130.322"", ""  65.433""], ["" 128.760"", "" 127.418"", ""  70.078""], ["" 129.847"", "" 127.921"", ""  70.809""], ["" 127.624"", "" 126.993"", ""  70.787""], ["" 129.805"", "" 127.994"", ""  72.199""], ["" 127.578"", "" 127.063"", ""  72.177""], ["" 128.671"", "" 127.563"", ""  72.877""], ["" 132.346"", "" 125.487"", ""  65.866""], ["" 132.852"", "" 125.075"", ""  64.484""], ["" 132.114"", "" 125.518"", ""  63.443""], ["" 133.872"", "" 124.392"", ""  64.399""], ["" 131.298"", "" 126.063"", ""  63.676""], ["" 132.307"", "" 125.327"", ""  62.061""], ["" 131.543"", "" 126.128"", ""  61.204""], ["" 133.196"", "" 124.408"", ""  61.474""], ["" 131.620"", "" 126.060"", ""  59.850""], ["" 133.287"", "" 124.326"", ""  60.083""], ["" 132.485"", "" 125.166"", ""  59.310""]]",[],3af_Grossjean_2025
43,9910,3ag_Grossjean_2025,4h2i_c_4_mae_prepped,1,6,-7.95,-0.2564516129032258,0.0,0.0,7,190.78,-10.04,-9.68,-0.36,-10.04,0.0,-1.71,2.09,-1.71,54,6,0.0,0.0,0.0,11.899867,9.130001,9.72113,0.87066495,-0.46308413,0.16581808,190.695007,"194.73938, 282.985626, 145.641617, 10.010954, 339.844299, 155.558548, 92.339325, ","[["" 130.663"", "" 124.837"", ""  66.277""], ["" 129.680"", "" 126.217"", ""  66.819""], ["" 129.198"", "" 126.847"", ""  63.339""], ["" 129.114"", "" 126.957"", ""  64.489""], ["" 129.006"", "" 127.098"", ""  65.944""], ["" 128.248"", "" 128.149"", ""  66.515""], ["" 128.219"", "" 128.273"", ""  67.912""], ["" 129.654"", "" 126.368"", ""  68.165""], ["" 128.938"", "" 127.382"", ""  68.716""], ["" 127.452"", "" 129.158"", ""  65.664""], ["" 127.340"", "" 128.784"", ""  64.388""], ["" 126.220"", "" 129.292"", ""  66.154""], ["" 128.055"", "" 130.348"", ""  65.679""], ["" 128.945"", "" 127.470"", ""  70.212""], ["" 130.056"", "" 127.992"", ""  70.894""], ["" 127.847"", "" 127.031"", ""  70.972""], ["" 130.069"", "" 128.077"", ""  72.284""], ["" 127.856"", "" 127.114"", ""  72.361""], ["" 128.968"", "" 127.638"", ""  73.013""], ["" 132.338"", "" 125.462"", ""  65.947""], ["" 132.811"", "" 125.127"", ""  64.532""], ["" 132.020"", "" 125.536"", ""  63.525""], ["" 133.864"", "" 124.508"", ""  64.366""], ["" 131.169"", "" 126.030"", ""  63.752""], ["" 132.261"", "" 125.293"", ""  62.103""], ["" 132.567"", "" 123.838"", ""  61.764""], ["" 131.521"", "" 122.955"", ""  61.484""], ["" 133.893"", "" 123.402"", ""  61.680""], ["" 131.798"", "" 121.633"", ""  61.145""], ["" 134.170"", "" 122.080"", ""  61.341""], ["" 133.121"", "" 121.201"", ""  61.078""]]",[],3ag_Grossjean_2025
44,2298,3ai_Grossjean_2025,4h2i_c_4_mae_prepped,1,16,-6.99,-0.2410344827586207,0.0,0.0,11,188.95,-8.78,-8.32,-0.46,-8.78,0.0,-1.58,1.79,-1.58,50,6,0.0,0.0,0.0,11.102913,9.4967,8.4403,-0.87618384,0.47491931,-0.08217985,130.291718,"195.26207, 232.52739, 135.502686, 19.889656, 243.410141, 8.852436, ","[["" 130.681"", "" 124.848"", ""  66.158""], ["" 129.689"", "" 126.226"", ""  66.693""], ["" 129.212"", "" 126.850"", ""  63.211""], ["" 129.126"", "" 126.963"", ""  64.360""], ["" 129.016"", "" 127.106"", ""  65.815""], ["" 128.257"", "" 128.159"", ""  66.383""], ["" 128.222"", "" 128.282"", ""  67.780""], ["" 129.659"", "" 126.380"", ""  68.039""], ["" 128.926"", "" 127.382"", ""  68.587""], ["" 127.475"", "" 129.175"", ""  65.529""], ["" 127.360"", "" 128.799"", ""  64.253""], ["" 126.243"", "" 129.326"", ""  66.016""], ["" 128.093"", "" 130.356"", ""  65.540""], ["" 128.933"", "" 127.473"", ""  70.084""], ["" 130.025"", "" 128.037"", ""  70.762""], ["" 127.848"", "" 127.007"", ""  70.846""], ["" 130.036"", "" 128.129"", ""  72.151""], ["" 127.855"", "" 127.097"", ""  72.235""], ["" 128.951"", "" 127.658"", ""  72.883""], ["" 132.338"", "" 125.483"", ""  65.731""], ["" 132.827"", "" 125.123"", ""  64.320""], ["" 132.038"", "" 125.572"", ""  63.318""], ["" 133.864"", "" 124.475"", ""  64.158""], ["" 131.213"", "" 126.094"", ""  63.577""], ["" 132.226"", "" 125.392"", ""  61.954""], ["" 132.988"", "" 124.469"", ""  61.390""], ["" 131.614"", "" 126.190"", ""  60.988""], ["" 132.884"", "" 124.649"", ""  60.009""], ["" 132.051"", "" 125.692"", ""  59.783""]]",[],3ai_Grossjean_2025
45,10296,3aj_Grossjean_2025,4h2i_c_4_mae_prepped,1,13,-7.23,-0.2493103448275862,0.0,0.0,6,188.23,-9.02,-8.63,-0.39,-9.02,0.0,-0.86,1.79,-0.86,51,7,0.0,0.0,0.0,8.011943,10.327362,8.743124,0.41539955,0.62635791,-0.65963549,201.09198,"20.292715, 227.278107, 165.09642, 7.442368, 193.683395, 349.743713, ","[["" 127.361"", "" 129.515"", ""  65.687""], ["" 128.362"", "" 128.198"", ""  66.342""], ["" 128.668"", "" 127.144"", ""  62.947""], ["" 128.807"", "" 127.172"", ""  64.095""], ["" 128.985"", "" 127.206"", ""  65.550""], ["" 129.760"", "" 126.220"", ""  66.207""], ["" 129.860"", "" 126.269"", ""  67.606""], ["" 128.455"", "" 128.210"", ""  67.693""], ["" 129.203"", "" 127.271"", ""  68.328""], ["" 130.489"", "" 125.093"", ""  65.450""], ["" 130.820"", "" 124.069"", ""  66.240""], ["" 129.710"", "" 124.617"", ""  64.479""], ["" 131.615"", "" 125.561"", ""  64.910""], ["" 129.268"", "" 127.365"", ""  69.822""], ["" 128.170"", "" 126.991"", ""  70.611""], ["" 130.427"", "" 127.821"", ""  70.471""], ["" 128.226"", "" 127.071"", ""  72.001""], ["" 130.487"", "" 127.905"", ""  71.859""], ["" 129.384"", "" 127.529"", ""  72.620""], ["" 125.641"", "" 129.231"", ""  66.226""], ["" 124.565"", "" 129.672"", ""  65.222""], ["" 125.034"", "" 129.994"", ""  63.997""], ["" 123.376"", "" 129.716"", ""  65.550""], ["" 126.030"", "" 129.925"", ""  63.846""], ["" 124.287"", "" 130.427"", ""  62.910""], ["" 123.001"", "" 130.706"", ""  62.873""], ["" 125.123"", "" 130.638"", ""  61.405""], ["" 122.623"", "" 131.096"", ""  61.672""], ["" 123.616"", "" 131.139"", ""  60.698""]]",[],3aj_Grossjean_2025
46,9762,3ak_Grossjean_2025,4h2i_c_4_mae_prepped,1,12,-6.67,-0.19617647058823529,0.0,0.0,3,192.92,-10.85,-10.36,-0.49,-10.85,0.0,-2.18,4.18,-2.18,58,8,0.0,0.0,0.0,8.077298,11.469778,4.241362,-0.05714895,-0.9654371,0.25429353,193.375885,"10.322028, 219.905136, 340.087006, 154.680389, 318.882538, 87.69323, 54.697433, 14.424082, 277.410767, 29.833626, 343.633057, 121.389946, 46.663269, 14.003688, ","[["" 126.844"", "" 133.180"", ""  62.729""], ["" 127.718"", "" 134.132"", ""  62.137""], ["" 128.430"", "" 133.485"", ""  60.934""], ["" 129.734"", "" 132.994"", ""  61.235""], ["" 129.787"", "" 131.665"", ""  61.743""], ["" 131.240"", "" 131.176"", ""  61.708""], ["" 132.097"", "" 132.243"", ""  62.087""], ["" 133.472"", "" 131.967"", ""  61.868""], ["" 125.504"", "" 133.262"", ""  62.263""], ["" 124.583"", "" 132.393"", ""  63.139""], ["" 125.302"", "" 131.397"", ""  63.937""], ["" 124.805"", "" 130.224"", ""  64.371""], ["" 123.659"", "" 129.851"", ""  64.117""], ["" 126.259"", "" 131.623"", ""  64.170""], ["" 125.701"", "" 129.308"", ""  65.221""], ["" 127.496"", "" 129.670"", ""  65.198""], ["" 128.366"", "" 128.307"", ""  65.956""], ["" 128.391"", "" 128.309"", ""  67.312""], ["" 128.985"", "" 127.292"", ""  65.195""], ["" 129.034"", "" 127.317"", ""  67.980""], ["" 129.648"", "" 126.249"", ""  65.885""], ["" 128.940"", "" 127.315"", ""  63.729""], ["" 129.661"", "" 126.276"", ""  67.287""], ["" 128.904"", "" 127.335"", ""  62.572""], ["" 129.011"", "" 127.398"", ""  69.477""], ["" 130.119"", "" 127.889"", ""  70.186""], ["" 127.881"", "" 126.994"", ""  70.210""], ["" 130.102"", "" 127.969"", ""  71.576""], ["" 127.862"", "" 127.073"", ""  71.600""], ["" 128.973"", "" 127.560"", ""  72.277""], ["" 130.352"", "" 125.087"", ""  65.158""], ["" 129.568"", "" 124.611"", ""  64.191""], ["" 131.495"", "" 125.511"", ""  64.617""], ["" 130.649"", "" 124.070"", ""  65.971""]]",[],3ak_Grossjean_2025
47,10933,3bc_Grossjean_2025,4h2i_c_4_mae_prepped,1,6,-8.01,-0.27620689655172415,0.0,0.0,3,189.57,-9.8,-9.34,-0.46,-9.8,0.0,-0.81,1.79,-0.81,52,9,0.0,0.0,0.0,9.690569,7.627201,8.056179,0.56501003,0.43681595,-0.69996821,262.328064,"48.97057, 137.524582, 70.000847, 355.048645, 162.951996, 90.582123, ","[["" 129.889"", "" 125.530"", ""  67.102""], ["" 130.038"", "" 126.788"", ""  67.570""], ["" 129.751"", "" 124.530"", ""  67.809""], ["" 130.039"", "" 127.525"", ""  66.880""], ["" 129.858"", "" 125.415"", ""  65.571""], ["" 130.070"", "" 123.725"", ""  64.916""], ["" 130.529"", "" 123.859"", ""  63.203""], ["" 132.060"", "" 124.199"", ""  61.363""], ["" 131.844"", "" 124.124"", ""  62.757""], ["" 130.977"", "" 124.031"", ""  60.493""], ["" 132.952"", "" 124.344"", ""  63.687""], ["" 129.697"", "" 123.805"", ""  61.007""], ["" 133.830"", "" 124.519"", ""  64.421""], ["" 129.487"", "" 123.721"", ""  62.347""], ["" 133.438"", "" 124.462"", ""  60.758""], ["" 128.496"", "" 123.620"", ""  60.128""], ["" 128.639"", "" 123.196"", ""  58.798""], ["" 127.199"", "" 123.871"", ""  60.607""], ["" 127.529"", "" 123.022"", ""  57.976""], ["" 126.085"", "" 123.698"", ""  59.789""], ["" 126.255"", "" 123.273"", ""  58.475""], ["" 130.115"", "" 127.236"", ""  68.902""], ["" 128.931"", "" 127.181"", ""  69.639""], ["" 131.276"", "" 127.753"", ""  69.496""], ["" 128.908"", "" 127.615"", ""  70.962""], ["" 131.248"", "" 128.186"", ""  70.820""], ["" 130.061"", "" 128.117"", ""  71.565""], ["" 129.941"", "" 128.523"", ""  72.881""], ["" 128.644"", "" 128.762"", ""  73.417""]]",[],3bc_Grossjean_2025
48,10666,3bd_Grossjean_2025,4h2i_c_4_mae_prepped,1,15,-8.17,-0.3025925925925926,0.0,0.0,6,187.49,-9.66,-9.46,-0.21,-9.66,0.0,-0.98,1.49,-0.98,53,6,0.0,0.0,0.0,12.375658,8.791502,9.099045,0.15062728,-0.70257479,0.6954855,296.49704,"99.507935, 257.388, 181.195953, 111.185356, 24.666714, ","[["" 130.626"", "" 124.820"", ""  66.150""], ["" 129.675"", "" 126.196"", ""  66.776""], ["" 128.279"", "" 128.152"", ""  66.516""], ["" 129.004"", "" 127.097"", ""  65.922""], ["" 128.256"", "" 128.267"", ""  67.910""], ["" 129.046"", "" 126.949"", ""  64.464""], ["" 128.952"", "" 127.343"", ""  68.699""], ["" 129.077"", "" 126.833"", ""  63.313""], ["" 129.642"", "" 126.322"", ""  68.127""], ["" 127.509"", "" 129.185"", ""  65.694""], ["" 128.966"", "" 127.404"", ""  70.197""], ["" 127.845"", "" 127.005"", ""  70.942""], ["" 130.094"", "" 127.868"", ""  70.896""], ["" 127.851"", "" 127.061"", ""  72.334""], ["" 130.104"", "" 127.925"", ""  72.287""], ["" 128.982"", "" 127.521"", ""  73.001""], ["" 132.222"", "" 125.461"", ""  65.559""], ["" 132.791"", "" 124.617"", ""  64.418""], ["" 131.932"", "" 123.739"", ""  63.855""], ["" 133.961"", "" 124.787"", ""  64.075""], ["" 130.977"", "" 123.776"", ""  64.178""], ["" 132.163"", "" 122.817"", ""  62.817""], ["" 133.499"", "" 122.488"", ""  62.572""], ["" 131.152"", "" 122.256"", ""  62.020""], ["" 133.826"", "" 121.591"", ""  61.559""], ["" 131.483"", "" 121.360"", ""  61.007""], ["" 132.817"", "" 121.029"", ""  60.782""]]",[],3bd_Grossjean_2025
49,10864,3be_Grossjean_2025,4h2i_c_4_mae_prepped,1,20,-8.3,-0.29642857142857143,0.0,0.0,2,187.96,-9.79,-9.56,-0.23,-9.79,0.0,-0.88,1.49,-0.88,62,9,0.0,0.0,0.0,7.286118,12.766568,9.944046,0.47048451,0.2905242,-0.83321066,167.100784,"97.268463, 173.67894, 75.44046, 332.35376, 186.84903, ","[["" 125.545"", "" 129.016"", ""  66.650""], ["" 127.281"", "" 129.242"", ""  66.131""], ["" 128.268"", "" 128.011"", ""  66.953""], ["" 129.750"", "" 126.105"", ""  67.069""], ["" 129.008"", "" 127.012"", ""  66.281""], ["" 129.706"", "" 126.213"", ""  68.463""], ["" 128.997"", "" 126.882"", ""  64.823""], ["" 128.922"", "" 127.205"", ""  69.062""], ["" 128.989"", "" 126.777"", ""  63.670""], ["" 128.217"", "" 128.088"", ""  68.306""], ["" 130.606"", "" 124.996"", ""  66.459""], ["" 128.823"", "" 127.368"", ""  70.550""], ["" 129.902"", "" 127.879"", ""  71.289""], ["" 127.656"", "" 127.008"", ""  71.245""], ["" 129.817"", "" 128.030"", ""  72.670""], ["" 127.567"", "" 127.159"", ""  72.626""], ["" 128.650"", "" 127.670"", ""  73.334""], ["" 124.497"", "" 129.632"", ""  65.710""], ["" 124.995"", "" 130.133"", ""  64.559""], ["" 123.304"", "" 129.645"", ""  66.021""], ["" 125.998"", "" 130.090"", ""  64.443""], ["" 124.309"", "" 130.749"", ""  63.496""], ["" 123.049"", "" 130.369"", ""  63.130""], ["" 124.995"", "" 131.763"", ""  62.819""], ["" 122.455"", "" 131.003"", ""  62.087""], ["" 124.370"", "" 132.407"", ""  61.747""], ["" 123.082"", "" 132.026"", ""  61.371""], ["" 121.058"", "" 130.530"", ""  61.738""]]",[],3be_Grossjean_2025
50,2561,3bf_Grossjean_2025,4h2i_c_4_mae_prepped,1,12,-7.53,-0.2788888888888889,0.0,0.0,10,190.98,-9.02,-8.76,-0.26,-9.02,0.0,-1.7,1.49,-1.7,45,6,0.0,0.0,0.0,11.682668,9.028303,8.888087,-0.80432644,0.19028902,0.56289347,223.7034,"283.668365, 26.007721, 219.494049, 232.384216, 1.88554, ","[["" 130.644"", "" 124.868"", ""  66.289""], ["" 129.649"", "" 126.256"", ""  66.793""], ["" 128.245"", "" 128.192"", ""  66.442""], ["" 129.009"", "" 127.138"", ""  65.895""], ["" 128.145"", "" 128.314"", ""  67.831""], ["" 129.087"", "" 126.963"", ""  64.442""], ["" 128.791"", "" 127.392"", ""  68.663""], ["" 129.148"", "" 126.827"", ""  63.294""], ["" 129.521"", "" 126.372"", ""  68.138""], ["" 127.510"", "" 129.212"", ""  65.575""], ["" 128.704"", "" 127.454"", ""  70.158""], ["" 129.771"", "" 127.959"", ""  70.917""], ["" 127.560"", "" 127.006"", ""  70.839""], ["" 129.698"", "" 128.019"", ""  72.306""], ["" 127.482"", "" 127.066"", ""  72.228""], ["" 128.553"", "" 127.572"", ""  72.956""], ["" 132.310"", "" 125.488"", ""  65.875""], ["" 132.808"", "" 125.128"", ""  64.467""], ["" 132.019"", "" 125.565"", ""  63.462""], ["" 133.837"", "" 124.467"", ""  64.314""], ["" 131.160"", "" 126.024"", ""  63.730""], ["" 132.193"", "" 125.416"", ""  62.074""], ["" 131.594"", "" 126.226"", ""  61.093""], ["" 133.003"", "" 124.360"", ""  61.642""], ["" 131.781"", "" 126.035"", ""  59.761""], ["" 133.204"", "" 124.151"", ""  60.276""], ["" 132.579"", "" 125.010"", ""  59.371""]]",[],3bf_Grossjean_2025
51,1922,3bg_Grossjean_2025,4h2i_c_4_mae_prepped,1,6,-8.36,-0.29857142857142854,0.0,0.0,1,192.63,-10.15,-9.93,-0.22,-10.15,0.0,-0.98,1.79,-0.98,58,2,0.0,0.0,0.0,11.862496,12.680261,5.981675,-0.17883377,-0.81803966,-0.5466531,150.305008,"274.840515, 359.355133, 81.355095, 239.665314, 243.745483, 73.404694, ","[["" 128.181"", "" 130.282"", ""  65.283""], ["" 128.047"", "" 128.667"", ""  64.449""], ["" 128.823"", "" 127.436"", ""  65.485""], ["" 130.045"", "" 125.384"", ""  65.851""], ["" 129.421"", "" 126.275"", ""  64.952""], ["" 130.036"", "" 125.674"", ""  67.219""], ["" 129.421"", "" 126.002"", ""  63.513""], ["" 129.408"", "" 126.837"", ""  67.686""], ["" 129.422"", "" 125.785"", ""  62.376""], ["" 128.820"", "" 127.701"", ""  66.816""], ["" 130.748"", "" 124.110"", ""  65.388""], ["" 129.372"", "" 127.213"", ""  69.141""], ["" 128.216"", "" 127.011"", ""  69.913""], ["" 130.493"", "" 127.777"", ""  69.776""], ["" 128.184"", "" 127.342"", ""  71.265""], ["" 130.467"", "" 128.108"", ""  71.128""], ["" 129.313"", "" 127.885"", ""  71.869""], ["" 128.472"", "" 131.413"", ""  64.292""], ["" 129.338"", "" 131.133"", ""  63.302""], ["" 127.906"", "" 132.499"", ""  64.418""], ["" 129.750"", "" 130.212"", ""  63.276""], ["" 129.620"", "" 131.993"", ""  62.153""], ["" 131.053"", "" 131.829"", ""  61.661""], ["" 132.113"", "" 131.846"", ""  62.574""], ["" 131.308"", "" 131.638"", ""  60.300""], ["" 133.422"", "" 131.705"", ""  62.125""], ["" 132.618"", "" 131.497"", ""  59.850""], ["" 133.669"", "" 131.535"", ""  60.763""]]",[],3bg_Grossjean_2025
52,9691,3bk_Grossjean_2025,4h2i_c_4_mae_prepped,1,16,-6.44,-0.207741935483871,0.0,0.0,2,186.7,-10.32,-10.13,-0.18,-10.32,0.0,-1.4,3.88,-1.4,48,5,0.0,0.0,0.0,6.093037,11.492163,10.020675,0.53363231,-0.69761641,0.47808776,50.808372,"252.489639, 123.307098, 107.998581, 148.053116, 69.788185, 148.027908, 263.817535, 93.886909, 353.715149, 22.166061, 232.343445, 56.47242, 291.865692, ","[["" 128.895"", "" 126.585"", ""  67.966""], ["" 129.339"", "" 126.536"", ""  66.616""], ["" 130.113"", "" 125.232"", ""  66.379""], ["" 131.148"", "" 125.376"", ""  65.354""], ["" 131.627"", "" 124.385"", ""  64.583""], ["" 131.227"", "" 123.221"", ""  64.639""], ["" 131.490"", "" 126.314"", ""  65.201""], ["" 132.709"", "" 124.769"", ""  63.571""], ["" 132.020"", "" 125.048"", ""  61.909""], ["" 131.034"", "" 123.635"", ""  61.445""], ["" 130.705"", "" 121.271"", ""  61.049""], ["" 131.562"", "" 122.325"", ""  61.430""], ["" 129.380"", "" 121.558"", ""  60.704""], ["" 132.956"", "" 122.055"", ""  61.794""], ["" 128.919"", "" 122.879"", ""  60.744""], ["" 129.745"", "" 123.895"", ""  61.109""], ["" 134.057"", "" 121.841"", ""  62.081""], ["" 131.168"", "" 119.816"", ""  60.991""], ["" 127.518"", "" 123.257"", ""  60.368""], ["" 127.157"", "" 123.430"", ""  59.022""], ["" 126.529"", "" 123.447"", ""  61.349""], ["" 125.858"", "" 123.786"", ""  58.668""], ["" 125.229"", "" 123.805"", ""  60.998""], ["" 124.899"", "" 123.974"", ""  59.657""], ["" 129.888"", "" 127.025"", ""  68.882""], ["" 129.478"", "" 128.385"", ""  69.462""], ["" 129.264"", "" 128.253"", ""  70.861""], ["" 130.341"", "" 127.636"", ""  71.551""], ["" 129.837"", "" 127.084"", ""  72.892""], ["" 128.719"", "" 126.236"", ""  72.669""], ["" 127.486"", "" 126.936"", ""  72.588""]]",[],3bk_Grossjean_2025
53,10130,3ca_Grossjean_2025,4h2i_c_4_mae_prepped,2,15,-8.3,-0.259375,0.0,0.0,2,188.51,-10.69,-10.39,-0.3,-10.69,0.0,-1.02,2.39,-1.02,53,6,0.0,0.0,0.0,8.229084,11.21887,9.354605,-0.63114956,0.75490172,-0.1782516,222.977783,"181.593262, 94.481537, 255.471039, 254.938904, 277.557007, 174.855286, 296.680969, 242.830917, ","[["" 129.671"", "" 126.924"", ""  68.366""], ["" 130.738"", "" 127.742"", ""  68.742""], ["" 130.916"", "" 128.101"", ""  70.075""], ["" 130.033"", "" 127.642"", ""  71.061""], ["" 128.967"", "" 126.812"", ""  70.681""], ["" 128.786"", "" 126.453"", ""  69.348""], ["" 129.584"", "" 126.622"", ""  66.993""], ["" 129.831"", "" 125.460"", ""  66.350""], ["" 130.174"", "" 124.408"", ""  66.886""], ["" 129.239"", "" 127.380"", ""  66.424""], ["" 129.634"", "" 125.499"", ""  64.831""], ["" 130.000"", "" 123.908"", ""  64.018""], ["" 129.969"", "" 124.112"", ""  62.242""], ["" 131.177"", "" 124.717"", ""  60.341""], ["" 130.090"", "" 124.453"", ""  59.510""], ["" 131.121"", "" 124.559"", ""  61.682""], ["" 128.884"", "" 124.009"", ""  60.066""], ["" 128.818"", "" 123.822"", ""  61.471""], ["" 127.599"", "" 123.310"", ""  62.104""], ["" 126.635"", "" 122.905"", ""  62.603""], ["" 132.503"", "" 125.202"", ""  59.790""], ["" 127.742"", "" 123.752"", ""  59.137""], ["" 126.546"", "" 124.464"", ""  59.281""], ["" 127.843"", "" 122.786"", ""  58.129""], ["" 125.473"", "" 124.225"", ""  58.426""], ["" 126.773"", "" 122.544"", ""  57.271""], ["" 125.592"", "" 123.266"", ""  57.424""], ["" 130.253"", "" 128.048"", ""  72.490""], ["" 130.517"", "" 127.244"", ""  73.390""], ["" 130.127"", "" 129.384"", ""  72.693""], ["" 129.106"", "" 129.906"", ""  73.534""], ["" 128.201"", "" 128.765"", ""  74.006""]]",[],3ca_Grossjean_2025
54,9895,3cb_Grossjean_2025,4h2i_c_4_mae_prepped,1,2,-8.5,-0.27419354838709675,0.0,0.0,1,190.19,-10.58,-9.92,-0.67,-10.58,0.0,-0.92,2.09,-0.92,50,7,0.0,0.0,0.0,10.33586,8.800263,8.352592,-0.13570507,-0.59533572,0.79193403,125.887352,"114.372681, 20.208929, 20.37236, 2.493123, 281.008484, 192.519302, 120.139603, ","[["" 130.107"", "" 125.397"", ""  67.333""], ["" 130.189"", "" 126.668"", ""  67.783""], ["" 129.763"", "" 124.429"", ""  68.012""], ["" 130.441"", "" 127.366"", ""  67.097""], ["" 130.467"", "" 125.223"", ""  65.849""], ["" 130.310"", "" 123.519"", ""  65.214""], ["" 130.054"", "" 123.615"", ""  63.454""], ["" 128.483"", "" 123.332"", ""  61.759""], ["" 129.409"", "" 123.683"", ""  60.780""], ["" 128.794"", "" 123.294"", ""  63.074""], ["" 130.722"", "" 124.004"", ""  61.148""], ["" 131.067"", "" 123.955"", ""  62.524""], ["" 132.448"", "" 124.189"", ""  62.957""], ["" 133.538"", "" 124.374"", ""  63.298""], ["" 127.052"", "" 122.973"", ""  61.408""], ["" 131.680"", "" 124.368"", ""  60.060""], ["" 131.400"", "" 125.443"", ""  59.207""], ["" 132.878"", "" 123.661"", ""  59.891""], ["" 132.291"", "" 125.798"", ""  58.197""], ["" 133.770"", "" 124.011"", ""  58.881""], ["" 133.472"", "" 125.078"", ""  58.038""], ["" 129.942"", "" 127.191"", ""  69.068""], ["" 128.702"", "" 126.873"", ""  69.624""], ["" 130.833"", "" 127.996"", ""  69.793""], ["" 128.353"", "" 127.340"", ""  70.888""], ["" 130.483"", "" 128.464"", ""  71.058""], ["" 129.240"", "" 128.142"", ""  71.621""], ["" 128.896"", "" 128.666"", ""  72.987""], ["" 127.934"", "" 128.261"", ""  73.646""], ["" 129.750"", "" 129.628"", ""  73.423""], ["" 129.396"", "" 131.002"", ""  73.364""]]",[],3cb_Grossjean_2025
55,9862,3ce_Grossjean_2025,4h2i_c_4_mae_prepped,1,13,-7.74,-0.2764285714285714,0.0,0.0,2,188.37,-9.23,-9.21,-0.02,-9.23,0.0,-1.02,1.49,-1.02,66,4,0.0,0.0,0.0,11.486625,8.546187,8.128402,-0.85982922,0.12462628,0.49513837,162.667282,"215.42218, 232.115753, 33.71207, 196.64444, 90.732864, ","[["" 131.573"", "" 125.154"", ""  64.950""], ["" 129.856"", "" 125.444"", ""  64.427""], ["" 129.223"", "" 126.696"", ""  65.519""], ["" 128.261"", "" 128.813"", ""  65.626""], ["" 128.181"", "" 128.756"", ""  67.015""], ["" 128.778"", "" 127.808"", ""  64.883""], ["" 128.659"", "" 127.626"", ""  67.691""], ["" 129.194"", "" 126.558"", ""  66.927""], ["" 129.695"", "" 125.344"", ""  67.579""], ["" 130.091"", "" 124.387"", ""  68.094""], ["" 127.770"", "" 130.021"", ""  64.851""], ["" 128.574"", "" 127.621"", ""  69.183""], ["" 129.587"", "" 128.215"", ""  69.946""], ["" 127.499"", "" 127.006"", ""  69.837""], ["" 129.518"", "" 128.209"", ""  71.337""], ["" 127.428"", "" 126.997"", ""  71.227""], ["" 128.438"", "" 127.602"", ""  71.972""], ["" 132.503"", "" 124.932"", ""  63.758""], ["" 131.915"", "" 124.965"", ""  62.542""], ["" 133.705"", "" 124.747"", ""  63.958""], ["" 130.941"", "" 125.229"", ""  62.517""], ["" 132.515"", "" 124.796"", ""  61.282""], ["" 132.093"", "" 125.492"", ""  60.185""], ["" 133.592"", "" 123.904"", ""  61.217""], ["" 132.734"", "" 125.295"", ""  59.005""], ["" 134.238"", "" 123.711"", ""  59.994""], ["" 133.808"", "" 124.412"", ""  58.868""], ["" 132.215"", "" 126.101"", ""  57.830""]]",[],3ce_Grossjean_2025
56,9823,3ch_Grossjean_2025,4h2i_c_4_mae_prepped,1,4,-7.32,-0.22181818181818183,0.0,0.0,1,190.83,-9.7,-8.74,-0.96,-9.7,0.0,-1.47,2.39,-1.47,60,8,0.0,0.0,0.0,9.220704,11.201946,9.103381,-0.02783902,0.99930875,0.02463774,277.936462,"341.651001, 254.793289, 289.032043, 14.07618, 82.093315, 82.297012, 185.727798, 312.151733, ","[["" 128.628"", "" 128.864"", ""  67.656""], ["" 128.826"", "" 127.805"", ""  68.471""], ["" 128.501"", "" 130.033"", ""  68.021""], ["" 128.970"", "" 126.915"", ""  68.016""], ["" 128.608"", "" 128.550"", ""  66.160""], ["" 127.010"", "" 128.956"", ""  65.395""], ["" 127.275"", "" 130.447"", ""  64.461""], ["" 128.887"", "" 131.923"", ""  63.659""], ["" 127.918"", "" 132.731"", ""  63.069""], ["" 128.579"", "" 130.799"", ""  64.346""], ["" 126.565"", "" 132.380"", ""  63.170""], ["" 126.228"", "" 131.193"", ""  63.871""], ["" 124.839"", "" 130.727"", ""  63.927""], ["" 123.742"", "" 130.359"", ""  63.974""], ["" 130.363"", "" 132.262"", ""  63.574""], ["" 125.560"", "" 133.282"", ""  62.530""], ["" 125.830"", "" 133.866"", ""  61.287""], ["" 124.348"", "" 133.571"", ""  63.170""], ["" 124.903"", "" 134.715"", ""  60.688""], ["" 123.417"", "" 134.418"", ""  62.573""], ["" 123.699"", "" 134.985"", ""  61.334""], ["" 128.918"", "" 127.756"", ""  69.875""], ["" 129.492"", "" 128.754"", ""  70.677""], ["" 128.377"", "" 126.623"", ""  70.484""], ["" 129.544"", "" 128.613"", ""  72.074""], ["" 128.414"", "" 126.461"", ""  71.877""], ["" 128.998"", "" 127.464"", ""  72.661""], ["" 130.102"", "" 129.550"", ""  72.925""], ["" 129.336"", "" 130.682"", ""  73.323""], ["" 127.902"", "" 125.359"", ""  72.542""], ["" 128.679"", "" 124.169"", ""  72.625""], ["" 129.057"", "" 127.310"", ""  74.026""], ["" 130.285"", "" 126.769"", ""  74.495""]]",[],3ch_Grossjean_2025
57,10251,3ci_Grossjean_2025,4h2i_c_4_mae_prepped,1,5,-7.39,-0.28423076923076923,0.0,0.0,1,194.0,-8.88,-8.52,-0.36,-8.88,0.0,-1.61,1.49,-1.61,65,13,0.0,0.0,0.0,9.678786,10.99686,7.494827,0.65494164,0.21912266,-0.72321277,111.169678,"150.281357, 86.062225, 15.338015, 192.652939, 150.319962, ","[["" 129.329"", "" 125.642"", ""  63.686""], ["" 128.986"", "" 126.893"", ""  64.917""], ["" 128.215"", "" 129.057"", ""  65.318""], ["" 128.391"", "" 128.917"", ""  66.692""], ["" 128.508"", "" 128.071"", ""  64.442""], ["" 128.885"", "" 127.711"", ""  67.207""], ["" 129.201"", "" 126.669"", ""  66.298""], ["" 129.761"", "" 125.400"", ""  66.775""], ["" 130.203"", "" 124.398"", ""  67.154""], ["" 127.668"", "" 130.335"", ""  64.711""], ["" 129.043"", "" 127.600"", ""  68.688""], ["" 130.240"", "" 127.979"", ""  69.311""], ["" 128.000"", "" 127.092"", ""  69.471""], ["" 130.385"", "" 127.867"", ""  70.691""], ["" 128.142"", "" 126.977"", ""  70.851""], ["" 129.335"", "" 127.367"", ""  71.456""], ["" 130.905"", "" 126.024"", ""  62.853""], ["" 132.132"", "" 125.477"", ""  63.591""], ["" 132.201"", "" 125.767"", ""  64.909""], ["" 132.960"", "" 124.810"", ""  62.969""], ["" 131.452"", "" 126.318"", ""  65.301""], ["" 133.211"", "" 125.419"", ""  65.795""], ["" 134.410"", "" 124.966"", ""  65.467""], ["" 133.075"", "" 125.514"", ""  67.179""], ["" 135.099"", "" 124.749"", ""  66.661""], ["" 134.281"", "" 125.086"", ""  67.688""]]",[],3ci_Grossjean_2025
58,10107,3cj_Grossjean_2025,4h2i_c_4_mae_prepped,1,11,-6.87,-0.2642307692307692,0.0,0.0,1,190.7,-8.37,-8.11,-0.25,-8.37,0.0,-1.69,1.49,-1.69,47,7,0.0,0.0,0.0,11.18856,6.218667,3.201239,-0.84546022,-0.39773883,0.35637177,288.855804,"160.968384, 161.912369, 112.543694, 344.831421, 3.368853, ","[["" 133.756"", "" 122.573"", ""  61.277""], ["" 132.120"", "" 122.988"", ""  61.842""], ["" 129.841"", "" 122.652"", ""  61.505""], ["" 129.519"", "" 123.378"", ""  62.649""], ["" 131.116"", "" 122.445"", ""  61.107""], ["" 130.545"", "" 123.924"", ""  63.434""], ["" 131.885"", "" 123.743"", ""  63.013""], ["" 133.000"", "" 124.314"", ""  63.776""], ["" 133.879"", "" 124.763"", ""  64.380""], ["" 128.769"", "" 122.023"", ""  60.637""], ["" 130.156"", "" 124.638"", ""  64.686""], ["" 129.710"", "" 125.964"", ""  64.638""], ["" 130.263"", "" 123.996"", ""  65.925""], ["" 129.360"", "" 126.634"", ""  65.808""], ["" 129.914"", "" 124.664"", ""  67.097""], ["" 129.463"", "" 125.980"", ""  67.032""], ["" 134.268"", "" 123.988"", ""  60.250""], ["" 133.252"", "" 124.287"", ""  59.143""], ["" 132.080"", "" 124.811"", ""  59.560""], ["" 133.530"", "" 124.013"", ""  57.974""], ["" 131.971"", "" 124.973"", ""  60.551""], ["" 130.956"", "" 125.045"", ""  58.785""], ["" 129.860"", "" 124.321"", ""  58.710""], ["" 130.956"", "" 126.480"", ""  57.809""], ["" 128.980"", "" 124.860"", ""  57.891""], ["" 129.357"", "" 126.051"", ""  57.277""]]",[],3cj_Grossjean_2025
59,1746,3ck_Grossjean_2025,4h2i_c_4_mae_prepped,1,3,-6.65,-0.21451612903225808,0.0,0.0,2,187.7,-10.53,-10.36,-0.17,-10.53,0.0,-2.51,3.88,-2.51,60,6,0.0,0.0,0.0,7.855199,8.12304,1.741506,-0.73034651,0.67386039,-0.11183087,172.294418,"211.577545, 115.77037, 147.095291, 172.544174, 86.907135, 51.693195, 92.491013, 144.813339, 201.456833, 143.388565, 73.302979, 337.991364, 7.055935, ","[["" 130.929"", "" 122.996"", ""  60.656""], ["" 132.240"", "" 123.291"", ""  60.200""], ["" 133.060"", "" 123.904"", ""  61.350""], ["" 132.250"", "" 124.303"", ""  62.505""], ["" 132.727"", "" 124.660"", ""  63.711""], ["" 133.930"", "" 124.717"", ""  63.973""], ["" 131.250"", "" 124.298"", ""  62.368""], ["" 131.664"", "" 125.007"", ""  64.766""], ["" 130.023"", "" 125.460"", ""  64.105""], ["" 129.288"", "" 126.700"", ""  65.160""], ["" 130.148"", "" 124.388"", ""  67.734""], ["" 129.743"", "" 125.342"", ""  67.219""], ["" 129.228"", "" 126.551"", ""  66.565""], ["" 128.641"", "" 127.593"", ""  67.328""], ["" 128.130"", "" 128.707"", ""  66.650""], ["" 128.791"", "" 127.790"", ""  64.524""], ["" 128.224"", "" 128.771"", ""  65.262""], ["" 127.694"", "" 129.959"", ""  64.482""], ["" 128.539"", "" 127.579"", ""  68.818""], ["" 129.563"", "" 128.130"", ""  69.599""], ["" 127.436"", "" 126.995"", ""  69.453""], ["" 129.479"", "" 128.111"", ""  70.989""], ["" 127.349"", "" 126.974"", ""  70.842""], ["" 128.372"", "" 127.534"", ""  71.605""], ["" 130.736"", "" 121.659"", ""  61.094""], ["" 129.238"", "" 121.441"", ""  61.336""], ["" 128.500"", "" 122.160"", ""  60.357""], ["" 127.952"", "" 123.384"", ""  60.831""], ["" 127.487"", "" 123.203"", ""  62.282""], ["" 126.091"", "" 122.943"", ""  62.305""], ["" 125.369"", "" 123.638"", ""  61.299""]]",[],3ck_Grossjean_2025
60,1674,4aa_Grossjean_2025,4h2i_c_4_mae_prepped,1,20,-7.08,-0.24413793103448275,0.0,0.0,5,189.62,-8.87,-8.29,-0.57,-8.87,0.0,-0.48,1.79,-0.48,44,7,0.0,0.0,0.0,10.664387,8.934325,9.486144,0.81861598,-0.22882078,-0.52679117,211.961029,"31.705957, 278.432983, 319.871857, 79.418533, 90.732353, 24.066435, ","[["" 129.820"", "" 126.962"", ""  68.652""], ["" 130.754"", "" 127.742"", ""  69.335""], ["" 130.506"", "" 128.159"", ""  70.639""], ["" 129.312"", "" 127.812"", ""  71.284""], ["" 128.371"", "" 127.035"", ""  70.591""], ["" 128.619"", "" 126.613"", ""  69.286""], ["" 130.169"", "" 126.603"", ""  67.335""], ["" 129.837"", "" 124.341"", ""  67.285""], ["" 130.148"", "" 125.393"", ""  66.725""], ["" 130.497"", "" 127.374"", ""  66.771""], ["" 130.553"", "" 125.396"", ""  65.318""], ["" 131.827"", "" 125.168"", ""  64.775""], ["" 129.356"", "" 125.657"", ""  64.047""], ["" 131.866"", "" 125.210"", ""  63.338""], ["" 130.569"", "" 125.472"", ""  62.802""], ["" 132.922"", "" 125.044"", ""  62.402""], ["" 130.270"", "" 125.569"", ""  61.505""], ["" 132.612"", "" 125.144"", ""  61.042""], ["" 131.302"", "" 125.400"", ""  60.643""], ["" 134.366"", "" 124.762"", ""  62.789""], ["" 130.939"", "" 125.510"", ""  59.173""], ["" 132.948"", "" 124.928"", ""  65.530""], ["" 133.866"", "" 125.224"", ""  65.230""], ["" 132.893"", "" 124.443"", ""  66.414""], ["" 129.073"", "" 128.283"", ""  72.689""], ["" 129.629"", "" 129.274"", ""  73.176""], ["" 128.184"", "" 127.514"", ""  73.369""], ["" 126.790"", "" 127.790"", ""  73.325""], ["" 126.380"", "" 128.547"", ""  74.592""]]",[],4aa_Grossjean_2025
61,9841,4ab_Grossjean_2025,4h2i_c_4_mae_prepped,1,14,-7.03,-0.25107142857142856,0.0,0.0,6,189.8,-8.53,-7.97,-0.56,-8.53,0.0,-0.4,1.49,-0.4,40,7,0.0,0.0,0.0,10.7998,8.93193,9.209267,-0.82301677,0.2646933,0.50257422,144.455933,"33.252102, 278.207031, 312.897095, 296.148895, 203.02356, ","[["" 129.824"", "" 127.029"", ""  68.657""], ["" 130.802"", "" 127.725"", ""  69.368""], ["" 130.553"", "" 128.163"", ""  70.666""], ["" 129.314"", "" 127.919"", ""  71.275""], ["" 128.331"", "" 127.226"", ""  70.553""], ["" 128.579"", "" 126.785"", ""  69.256""], ["" 130.180"", "" 126.640"", ""  67.351""], ["" 129.884"", "" 124.372"", ""  67.361""], ["" 130.180"", "" 125.414"", ""  66.774""], ["" 130.495"", "" 127.400"", ""  66.767""], ["" 130.589"", "" 125.385"", ""  65.369""], ["" 131.868"", "" 125.164"", ""  64.834""], ["" 129.392"", "" 125.594"", ""  64.089""], ["" 131.910"", "" 125.171"", ""  63.397""], ["" 130.611"", "" 125.395"", ""  62.850""], ["" 132.972"", "" 124.999"", ""  62.468""], ["" 130.314"", "" 125.452"", ""  61.552""], ["" 132.664"", "" 125.058"", ""  61.104""], ["" 131.350"", "" 125.279"", ""  60.696""], ["" 134.420"", "" 124.753"", ""  62.863""], ["" 130.990"", "" 125.342"", ""  59.223""], ["" 132.990"", "" 124.960"", ""  65.598""], ["" 133.900"", "" 125.283"", ""  65.305""], ["" 132.941"", "" 124.473"", ""  66.482""], ["" 129.078"", "" 128.407"", ""  72.675""], ["" 128.220"", "" 127.930"", ""  73.424""], ["" 129.907"", "" 129.420"", ""  73.036""], ["" 129.395"", "" 130.708"", ""  73.347""]]",[],4ab_Grossjean_2025
62,9921,4ac_Grossjean_2025,4h2i_c_4_mae_prepped,1,5,-6.27,-0.24115384615384614,0.0,0.0,1,188.38,-7.46,-7.28,-0.19,-7.46,0.0,-0.31,1.19,-0.31,48,5,0.0,0.0,0.0,7.757796,12.68386,6.691006,0.15484977,0.98126069,-0.11466913,127.038826,"56.527172, 257.287811, 131.836914, 245.77562, ","[["" 128.237"", "" 131.084"", ""  65.007""], ["" 127.542"", "" 130.167"", ""  64.565""], ["" 127.474"", "" 128.933"", ""  65.119""], ["" 126.815"", "" 128.292"", ""  64.701""], ["" 126.711"", "" 130.368"", ""  63.375""], ["" 125.324"", "" 130.578"", ""  63.303""], ["" 127.439"", "" 130.372"", ""  61.768""], ["" 124.827"", "" 130.746"", ""  61.964""], ["" 125.886"", "" 130.653"", ""  61.013""], ["" 123.523"", "" 130.977"", ""  61.449""], ["" 125.754"", "" 130.763"", ""  59.691""], ["" 123.380"", "" 131.092"", ""  60.062""], ["" 124.497"", "" 130.981"", ""  59.235""], ["" 122.275"", "" 131.105"", ""  62.309""], ["" 124.367"", "" 131.102"", ""  57.728""], ["" 124.501"", "" 130.623"", ""  64.400""], ["" 123.703"", "" 130.012"", ""  64.495""], ["" 124.670"", "" 131.273"", ""  65.156""], ["" 128.163"", "" 128.418"", ""  66.233""], ["" 128.194"", "" 129.230"", ""  67.367""], ["" 128.769"", "" 127.154"", ""  66.270""], ["" 128.843"", "" 128.796"", ""  68.521""], ["" 129.416"", "" 126.724"", ""  67.425""], ["" 129.459"", "" 127.546"", ""  68.562""], ["" 130.077"", "" 127.202"", ""  69.748""], ["" 130.949"", "" 128.138"", ""  70.374""]]",[],4ac_Grossjean_2025
63,10174,4ad_Grossjean_2025,4h2i_c_4_mae_prepped,1,17,-6.34,-0.26416666666666666,0.0,0.0,2,188.06,-7.24,-7.12,-0.11,-7.24,0.0,-0.3,0.89,-0.3,46,5,0.0,0.0,0.0,7.625826,13.203077,6.021257,-0.29530123,0.68334505,0.66771006,136.201523,"67.031769, 253.868347, 236.433563, ","[["" 126.685"", "" 130.468"", ""  63.305""], ["" 125.296"", "" 130.660"", ""  63.232""], ["" 124.793"", "" 130.798"", ""  61.892""], ["" 123.486"", "" 131.006"", ""  61.375""], ["" 122.239"", "" 131.139"", ""  62.236""], ["" 123.340"", "" 131.096"", ""  59.985""], ["" 124.455"", "" 130.982"", ""  59.158""], ["" 124.323"", "" 131.079"", ""  57.650""], ["" 125.715"", "" 130.784"", ""  59.615""], ["" 125.852"", "" 130.699"", ""  60.939""], ["" 127.409"", "" 130.449"", ""  61.696""], ["" 127.522"", "" 130.309"", ""  64.495""], ["" 128.271"", "" 131.217"", ""  64.861""], ["" 127.395"", "" 129.124"", ""  65.141""], ["" 126.701"", "" 128.490"", ""  64.773""], ["" 128.077"", "" 128.644"", ""  66.275""], ["" 128.648"", "" 127.374"", ""  66.154""], ["" 128.237"", "" 129.365"", ""  67.470""], ["" 129.353"", "" 126.816"", ""  67.217""], ["" 128.943"", "" 128.806"", ""  68.531""], ["" 129.495"", "" 127.533"", ""  68.402""], ["" 124.473"", "" 130.713"", ""  64.330""], ["" 124.619"", "" 131.378"", ""  65.075""], ["" 123.686"", "" 130.086"", ""  64.426""]]",[],4ad_Grossjean_2025
64,10454,4ae_Grossjean_2025,4h2i_c_4_mae_prepped,1,17,-6.7,-0.268,0.0,0.0,3,188.69,-7.6,-7.47,-0.13,-7.6,0.0,-0.15,0.89,-0.15,48,6,0.0,0.0,0.0,11.362772,6.804984,8.25472,-0.43021857,-0.69520105,0.5758537,290.44043,"342.500305, 204.447784, 299.023529, ","[["" 130.872"", "" 124.060"", ""  65.228""], ["" 132.087"", "" 124.493"", ""  64.674""], ["" 132.475"", "" 123.777"", ""  63.488""], ["" 133.604"", "" 123.882"", ""  62.631""], ["" 134.735"", "" 124.880"", ""  62.830""], ["" 133.680"", "" 123.010"", ""  61.539""], ["" 132.667"", "" 122.078"", ""  61.321""], ["" 132.728"", "" 121.117"", ""  60.148""], ["" 131.576"", "" 121.950"", ""  62.115""], ["" 131.508"", "" 122.782"", ""  63.154""], ["" 130.171"", "" 122.747"", ""  64.281""], ["" 130.199"", "" 124.539"", ""  66.438""], ["" 129.379"", "" 123.833"", ""  67.026""], ["" 130.551"", "" 125.785"", ""  66.843""], ["" 131.281"", "" 126.240"", ""  66.315""], ["" 130.085"", "" 126.514"", ""  67.951""], ["" 128.801"", "" 126.396"", ""  68.403""], ["" 130.994"", "" 127.395"", ""  68.545""], ["" 128.415"", "" 127.149"", ""  69.465""], ["" 130.582"", "" 128.161"", ""  69.638""], ["" 129.275"", "" 128.042"", ""  70.109""], ["" 126.977"", "" 126.968"", ""  69.912""], ["" 132.849"", "" 125.504"", ""  65.202""], ["" 133.795"", "" 125.349"", ""  65.522""], ["" 132.487"", "" 126.444"", ""  65.288""]]",[],4ae_Grossjean_2025
65,1573,4af_Grossjean_2025,4h2i_c_4_mae_prepped,1,9,-6.36,-0.265,0.0,0.0,7,188.72,-7.25,-7.05,-0.2,-7.25,0.0,-0.24,0.89,-0.24,42,6,0.0,0.0,0.0,11.368557,6.748286,8.081059,0.41248787,0.69316833,-0.59107649,70.645966,"326.902344, 208.372925, 115.562302, ","[["" 130.792"", "" 124.087"", ""  65.285""], ["" 132.004"", "" 124.484"", ""  64.699""], ["" 132.355"", "" 123.738"", ""  63.520""], ["" 133.468"", "" 123.808"", ""  62.638""], ["" 134.619"", "" 124.788"", ""  62.794""], ["" 133.504"", "" 122.914"", ""  61.561""], ["" 132.471"", "" 121.997"", ""  61.381""], ["" 132.489"", "" 121.016"", ""  60.223""], ["" 131.395"", "" 121.903"", ""  62.200""], ["" 131.363"", "" 122.755"", ""  63.226""], ["" 130.050"", "" 122.765"", ""  64.381""], ["" 130.155"", "" 124.603"", ""  66.498""], ["" 129.376"", "" 123.901"", ""  67.144""], ["" 130.499"", "" 125.869"", ""  66.841""], ["" 131.192"", "" 126.314"", ""  66.257""], ["" 130.037"", "" 126.665"", ""  67.906""], ["" 131.001"", "" 127.383"", ""  68.624""], ["" 128.691"", "" 126.819"", ""  68.285""], ["" 130.701"", "" 128.200"", ""  69.665""], ["" 128.366"", "" 127.657"", ""  69.353""], ["" 129.396"", "" 128.326"", ""  70.016""], ["" 132.797"", "" 125.490"", ""  65.191""], ["" 132.483"", "" 126.450"", ""  65.225""], ["" 133.726"", "" 125.301"", ""  65.542""]]",[],4af_Grossjean_2025
66,9659,4ag_Grossjean_2025,4h2i_c_4_mae_prepped,1,15,-6.98,-0.2792,0.0,0.0,3,188.84,-8.17,-7.9,-0.27,-8.17,0.0,-0.38,1.19,-0.38,46,10,0.0,0.0,0.0,8.04788,12.408782,8.990542,0.38611393,0.69522368,-0.60628382,162.340164,"344.296082, 330.343353, 94.767395, 287.326691, ","[["" 127.054"", "" 129.137"", ""  65.917""], ["" 127.347"", "" 129.505"", ""  64.596""], ["" 126.192"", "" 129.875"", ""  63.824""], ["" 126.037"", "" 130.299"", ""  62.477""], ["" 127.187"", "" 130.458"", ""  61.494""], ["" 124.743"", "" 130.588"", ""  62.028""], ["" 123.659"", "" 130.457"", ""  62.894""], ["" 122.248"", "" 130.766"", ""  62.431""], ["" 123.770"", "" 130.057"", ""  64.185""], ["" 125.004"", "" 129.781"", ""  64.609""], ["" 125.325"", "" 129.252"", ""  66.245""], ["" 127.979"", "" 128.720"", ""  66.971""], ["" 128.409"", "" 129.522"", ""  67.803""], ["" 128.342"", "" 127.420"", ""  66.962""], ["" 127.907"", "" 126.808"", ""  66.287""], ["" 129.231"", "" 126.782"", ""  67.932""], ["" 128.996"", "" 127.223"", ""  69.372""], ["" 127.761"", "" 126.980"", ""  69.981""], ["" 130.029"", "" 127.822"", ""  70.099""], ["" 127.552"", "" 127.360"", ""  71.304""], ["" 129.819"", "" 128.202"", ""  71.422""], ["" 128.581"", "" 127.971"", ""  72.018""], ["" 128.615"", "" 129.513"", ""  64.070""], ["" 128.921"", "" 128.818"", ""  63.404""], ["" 129.287"", "" 130.222"", ""  64.331""]]",[],4ag_Grossjean_2025
67,10761,4ah_Grossjean_2025,4h2i_c_4_mae_prepped,1,17,-5.89,-0.19,0.0,0.0,2,188.25,-7.98,-7.45,-0.53,-7.98,0.0,-0.66,2.09,-0.66,44,11,0.0,0.0,0.0,9.824065,11.679969,7.832459,-0.8531201,0.00860889,0.52164355,43.071503,"112.726776, 126.324234, 241.898087, 55.870911, 157.696075, 200.149261, 277.943573, ","[["" 128.557"", "" 128.960"", ""  67.014""], ["" 128.241"", "" 128.385"", ""  65.971""], ["" 128.731"", "" 127.175"", ""  65.629""], ["" 128.492"", "" 126.803"", ""  64.723""], ["" 127.269"", "" 128.967"", ""  65.046""], ["" 127.446"", "" 129.315"", ""  63.699""], ["" 125.608"", "" 129.251"", ""  65.569""], ["" 126.263"", "" 129.840"", ""  63.073""], ["" 125.167"", "" 129.858"", ""  63.988""], ["" 126.006"", "" 130.319"", ""  61.759""], ["" 123.933"", "" 130.280"", ""  63.713""], ["" 124.711"", "" 130.765"", ""  61.469""], ["" 123.724"", "" 130.728"", ""  62.451""], ["" 127.049"", "" 130.377"", ""  60.654""], ["" 122.312"", "" 131.201"", ""  62.158""], ["" 128.635"", "" 129.183"", ""  63.028""], ["" 129.443"", "" 129.742"", ""  63.257""], ["" 128.739"", "" 128.519"", ""  62.272""], ["" 129.714"", "" 126.411"", ""  66.398""], ["" 130.454"", "" 125.364"", ""  65.573""], ["" 131.822"", "" 125.499"", ""  65.338""], ["" 129.756"", "" 124.306"", ""  64.990""], ["" 132.511"", "" 124.568"", ""  64.544""], ["" 130.419"", "" 123.356"", ""  64.197""], ["" 131.798"", "" 123.495"", ""  63.987""], ["" 133.865"", "" 124.638"", ""  64.271""], ["" 134.299"", "" 124.786"", ""  62.923""], ["" 129.794"", "" 122.275"", ""  63.602""], ["" 128.670"", "" 122.498"", ""  62.757""], ["" 132.458"", "" 122.583"", ""  63.198""], ["" 132.082"", "" 122.626"", ""  61.828""]]",[],4ah_Grossjean_2025
68,9694,4ai_Grossjean_2025,4h2i_c_4_mae_prepped,1,17,-6.1,-0.2652173913043478,0.0,0.0,3,188.95,-7.0,-6.71,-0.29,-7.0,0.0,-0.24,0.89,-0.24,35,6,0.0,0.0,0.0,11.262674,7.057892,8.462918,-0.34638313,-0.69744165,0.6273706,281.866425,"129.695953, 214.759979, 287.696655, ","[["" 130.517"", "" 124.380"", ""  65.874""], ["" 131.677"", "" 124.668"", ""  65.137""], ["" 131.815"", "" 123.888"", ""  63.937""], ["" 132.806"", "" 123.865"", ""  62.918""], ["" 134.037"", "" 124.759"", ""  62.905""], ["" 132.635"", "" 122.965"", ""  61.861""], ["" 131.521"", "" 122.128"", ""  61.831""], ["" 131.311"", "" 121.148"", ""  60.692""], ["" 130.558"", "" 122.120"", ""  62.785""], ["" 130.723"", "" 122.981"", ""  63.790""], ["" 129.572"", "" 123.105"", ""  65.102""], ["" 130.070"", "" 124.972"", ""  67.137""], ["" 129.417"", "" 124.309"", ""  67.945""], ["" 130.441"", "" 126.261"", ""  67.338""], ["" 130.987"", "" 126.701"", ""  66.613""], ["" 130.165"", "" 127.056"", ""  68.443""], ["" 131.051"", "" 127.742"", ""  69.148""], ["" 128.879"", "" 127.231"", ""  68.954""], ["" 130.341"", "" 128.397"", ""  70.157""], ["" 129.032"", "" 128.079"", ""  70.027""], ["" 132.603"", "" 125.610"", ""  65.509""], ["" 133.513"", "" 125.351"", ""  65.864""], ["" 132.402"", "" 126.598"", ""  65.445""]]",[],4ai_Grossjean_2025
69,2148,4aj_Grossjean_2025,4h2i_c_4_mae_prepped,1,20,-6.17,-0.2682608695652174,0.0,0.0,1,188.9,-7.07,-6.86,-0.21,-7.07,0.0,-0.13,0.89,-0.13,39,5,0.0,0.0,0.0,11.250272,7.018802,8.464547,-0.34829777,-0.6973137,0.62645212,281.958832,"130.342117, 214.147247, 108.372162, ","[["" 130.514"", "" 124.345"", ""  65.864""], ["" 131.670"", "" 124.646"", ""  65.127""], ["" 131.808"", "" 123.877"", ""  63.919""], ["" 132.797"", "" 123.865"", ""  62.899""], ["" 134.026"", "" 124.761"", ""  62.891""], ["" 132.627"", "" 122.972"", ""  61.834""], ["" 131.516"", "" 122.132"", ""  61.800""], ["" 131.314"", "" 121.152"", ""  60.659""], ["" 130.552"", "" 122.116"", ""  62.753""], ["" 130.717"", "" 122.969"", ""  63.765""], ["" 129.569"", "" 123.079"", ""  65.080""], ["" 130.069"", "" 124.922"", ""  67.134""], ["" 129.419"", "" 124.250"", ""  67.938""], ["" 130.432"", "" 126.211"", ""  67.347""], ["" 130.969"", "" 126.666"", ""  66.624""], ["" 130.150"", "" 126.983"", ""  68.466""], ["" 130.990"", "" 127.685"", ""  69.196""], ["" 128.497"", "" 127.050"", ""  68.985""], ["" 130.374"", "" 128.302"", ""  70.185""], ["" 128.999"", "" 128.104"", ""  70.274""], ["" 132.593"", "" 125.587"", ""  65.505""], ["" 132.394"", "" 126.576"", ""  65.464""], ["" 133.509"", "" 125.320"", ""  65.838""]]",[],4aj_Grossjean_2025
70,1732,4ak_Grossjean_2025,4h2i_c_4_mae_prepped,1,10,-6.12,-0.21857142857142858,0.0,0.0,1,189.87,-9.4,-8.75,-0.65,-9.4,0.0,-0.56,3.28,-0.56,47,11,0.0,0.0,0.0,11.107839,7.282544,11.783014,0.9882814,-0.05546599,-0.14220896,242.631516,"97.182686, 56.837471, 323.42926, 177.29187, 11.532072, 34.995522, 338.999481, 320.014709, 12.662637, 85.935974, 246.207428, ","[["" 130.134"", "" 127.859"", ""  69.922""], ["" 128.729"", "" 127.786"", ""  69.719""], ["" 128.435"", "" 126.860"", ""  68.524""], ["" 127.675"", "" 127.507"", ""  67.454""], ["" 128.728"", "" 129.509"", ""  67.488""], ["" 127.860"", "" 128.770"", ""  67.020""], ["" 126.949"", "" 126.951"", ""  67.024""], ["" 126.972"", "" 129.218"", ""  65.948""], ["" 127.315"", "" 129.679"", ""  64.668""], ["" 125.226"", "" 129.249"", ""  66.194""], ["" 126.184"", "" 130.051"", ""  63.860""], ["" 124.964"", "" 129.865"", ""  64.578""], ["" 126.077"", "" 130.549"", ""  62.534""], ["" 123.742"", "" 130.118"", ""  64.109""], ["" 124.795"", "" 130.814"", ""  62.038""], ["" 123.677"", "" 130.590"", ""  62.839""], ["" 127.265"", "" 130.805"", ""  61.620""], ["" 122.278"", "" 130.873"", ""  62.325""], ["" 128.605"", "" 129.771"", ""  64.210""], ["" 129.191"", "" 130.566"", ""  64.424""], ["" 129.014"", "" 129.041"", ""  63.645""], ["" 130.506"", "" 128.452"", ""  71.159""], ["" 130.066"", "" 127.539"", ""  72.310""], ["" 131.009"", "" 127.634"", ""  73.370""], ["" 130.878"", "" 126.609"", ""  74.347""], ["" 132.272"", "" 126.156"", ""  74.798""], ["" 133.126"", "" 127.288"", ""  74.911""], ["" 134.466"", "" 127.025"", ""  74.528""]]",[],4ak_Grossjean_2025
71,10045,4al_Grossjean_2025,4h2i_c_4_mae_prepped,1,20,-4.88,-0.2711111111111111,0.0,0.0,2,191.31,-5.78,-5.59,-0.19,-5.78,0.0,-0.1,0.89,-0.1,33,5,0.0,0.0,0.0,11.309803,14.689446,3.132885,0.33515991,0.55769723,0.75936924,175.758652,"116.985466, 289.530914, 185.62204, ","[["" 131.453"", "" 131.537"", ""  59.347""], ["" 131.132"", "" 131.495"", ""  60.709""], ["" 129.944"", "" 132.225"", ""  61.053""], ["" 129.276"", "" 132.440"", ""  62.289""], ["" 129.744"", "" 131.876"", ""  63.620""], ["" 128.114"", "" 133.220"", ""  62.274""], ["" 127.650"", "" 133.757"", ""  61.076""], ["" 126.392"", "" 134.606"", ""  61.034""], ["" 128.261"", "" 133.573"", ""  59.879""], ["" 129.368"", "" 132.829"", ""  59.896""], ["" 130.278"", "" 132.493"", ""  58.441""], ["" 132.592"", "" 130.907"", ""  58.644""], ["" 133.757"", "" 131.288"", ""  58.773""], ["" 132.215"", "" 129.872"", ""  57.848""], ["" 131.619"", "" 128.708"", ""  58.400""], ["" 131.880"", "" 130.820"", ""  61.639""], ["" 132.757"", "" 130.379"", ""  61.403""], ["" 131.575"", "" 130.739"", ""  62.601""]]",[],4al_Grossjean_2025
72,9924,4ba_Grossjean_2025,4h2i_c_4_mae_prepped,2,13,-6.82,-0.22,0.0,0.0,16,187.83,-8.61,-8.36,-0.26,-8.61,0.0,-0.88,1.79,-0.88,54,4,0.0,0.0,0.0,12.259599,8.587577,8.339623,0.08680104,0.73996529,-0.66702095,89.279572,"173.612595, 229.927414, 24.469221, 162.402283, 355.273834, 180.797699, ","[["" 130.473"", "" 126.704"", ""  68.201""], ["" 129.269"", "" 126.371"", ""  68.822""], ["" 128.933"", "" 126.925"", ""  70.054""], ["" 129.798"", "" 127.822"", ""  70.692""], ["" 131.011"", "" 128.151"", ""  70.069""], ["" 131.348"", "" 127.597"", ""  68.836""], ["" 130.716"", "" 126.080"", ""  66.963""], ["" 129.543"", "" 124.121"", ""  67.109""], ["" 130.259"", "" 124.899"", ""  66.477""], ["" 131.339"", "" 126.593"", ""  66.358""], ["" 130.696"", "" 124.571"", ""  65.118""], ["" 130.138"", "" 123.651"", ""  64.216""], ["" 132.058"", "" 125.425"", ""  64.395""], ["" 130.801"", "" 123.602"", ""  62.936""], ["" 131.879"", "" 124.539"", ""  62.899""], ["" 130.582"", "" 122.828"", ""  61.757""], ["" 132.688"", "" 124.756"", ""  61.863""], ["" 131.438"", "" 123.061"", ""  60.669""], ["" 132.451"", "" 124.011"", ""  60.759""], ["" 133.379"", "" 124.280"", ""  59.588""], ["" 129.057"", "" 122.862"", ""  64.520""], ["" 128.658"", "" 122.836"", ""  65.447""], ["" 128.627"", "" 122.270"", ""  63.823""], ["" 129.483"", "" 121.770"", ""  61.611""], ["" 128.276"", "" 122.219"", ""  61.962""], ["" 129.406"", "" 121.369"", ""  60.342""], ["" 129.760"", "" 120.722"", ""  62.388""], ["" 129.410"", "" 128.403"", ""  72.021""], ["" 130.113"", "" 129.215"", ""  72.627""], ["" 128.072"", "" 127.946"", ""  72.639""], ["" 127.788"", "" 128.487"", ""  74.053""]]",[],4ba_Grossjean_2025
73,1833,4bb_Grossjean_2025,4h2i_c_4_mae_prepped,1,18,-6.91,-0.23033333333333333,0.0,0.0,2,187.85,-8.4,-8.17,-0.22,-8.4,0.0,-0.33,1.49,-0.33,64,5,0.0,0.0,0.0,7.64989,12.981184,6.423268,0.11046463,0.9879873,-0.10806787,123.577278,"232.659714, 258.618042, 260.347076, 269.917328, 234.696289, ","[["" 128.244"", "" 131.184"", ""  64.757""], ["" 127.532"", "" 130.244"", ""  64.405""], ["" 127.431"", "" 129.071"", ""  65.077""], ["" 126.771"", "" 128.405"", ""  64.705""], ["" 126.694"", "" 130.351"", ""  63.207""], ["" 125.304"", "" 130.540"", ""  63.124""], ["" 127.426"", "" 130.303"", ""  61.605""], ["" 124.801"", "" 130.636"", ""  61.776""], ["" 125.871"", "" 130.520"", ""  60.836""], ["" 123.491"", "" 130.817"", ""  61.239""], ["" 125.752"", "" 130.567"", ""  59.510""], ["" 123.372"", "" 130.865"", ""  59.842""], ["" 124.498"", "" 130.739"", ""  59.033""], ["" 124.384"", "" 130.788"", ""  57.520""], ["" 124.491"", "" 130.620"", ""  64.225""], ["" 124.670"", "" 131.271"", ""  64.977""], ["" 123.679"", "" 130.026"", ""  64.324""], ["" 122.223"", "" 130.960"", ""  62.087""], ["" 122.079"", "" 132.181"", ""  62.609""], ["" 121.149"", "" 130.717"", ""  61.337""], ["" 122.257"", "" 130.095"", ""  63.101""], ["" 128.088"", "" 128.638"", ""  66.246""], ["" 128.150"", "" 129.567"", ""  67.286""], ["" 128.648"", "" 127.365"", ""  66.427""], ["" 128.774"", "" 129.241"", ""  68.486""], ["" 129.271"", "" 127.040"", ""  67.629""], ["" 129.342"", "" 127.975"", ""  68.672""], ["" 130.008"", "" 127.650"", ""  69.975""], ["" 131.207"", "" 127.831"", ""  70.192""], ["" 129.150"", "" 127.074"", ""  71.104""]]",[],4bb_Grossjean_2025
74,1606,4bc_Grossjean_2025,4h2i_c_4_mae_prepped,1,10,-6.01,-0.2072413793103448,0.0,0.0,1,187.74,-7.51,-7.25,-0.26,-7.51,0.0,-0.29,1.49,-0.29,57,4,0.0,0.0,0.0,7.636546,13.020337,6.250686,0.14371926,0.98083058,-0.13159085,126.672585,"55.684853, 258.413025, 256.275299, 189.567337, 246.843536, ","[["" 128.231"", "" 131.040"", ""  64.922""], ["" 127.539"", "" 130.107"", ""  64.510""], ["" 127.474"", "" 128.892"", ""  65.108""], ["" 126.819"", "" 128.234"", ""  64.712""], ["" 126.710"", "" 130.264"", ""  63.311""], ["" 125.320"", "" 130.446"", ""  63.227""], ["" 127.449"", "" 130.242"", ""  61.712""], ["" 124.823"", "" 130.572"", ""  61.878""], ["" 125.898"", "" 130.474"", ""  60.941""], ["" 123.516"", "" 130.767"", ""  61.339""], ["" 125.784"", "" 130.545"", ""  59.615""], ["" 123.402"", "" 130.841"", ""  59.942""], ["" 124.532"", "" 130.728"", ""  59.136""], ["" 124.424"", "" 130.801"", ""  57.623""], ["" 124.501"", "" 130.499"", ""  64.325""], ["" 123.708"", "" 129.884"", ""  64.432""], ["" 124.668"", "" 131.160"", ""  65.072""], ["" 122.244"", "" 130.899"", ""  62.185""], ["" 122.108"", "" 132.107"", ""  62.735""], ["" 121.173"", "" 130.684"", ""  61.422""], ["" 122.267"", "" 130.009"", ""  63.176""], ["" 128.164"", "" 128.420"", ""  66.239""], ["" 128.170"", "" 129.261"", ""  67.354""], ["" 128.794"", "" 127.168"", ""  66.315""], ["" 128.815"", "" 128.869"", ""  68.524""], ["" 129.437"", "" 126.780"", ""  67.487""], ["" 129.455"", "" 127.633"", ""  68.603""], ["" 130.067"", "" 127.331"", ""  69.804""], ["" 129.838"", "" 128.171"", ""  70.930""]]",[],4bc_Grossjean_2025
75,9999,4bd_Grossjean_2025,4h2i_c_4_mae_prepped,1,3,-6.16,-0.22814814814814816,0.0,0.0,4,187.44,-7.35,-7.12,-0.23,-7.35,0.0,-0.27,1.19,-0.27,60,4,0.0,0.0,0.0,7.086664,13.150925,5.934705,0.30870436,-0.68135013,-0.66367433,223.289154,"66.381981, 253.137833, 233.034012, 17.947638, ","[["" 126.702"", "" 130.343"", ""  63.311""], ["" 125.309"", "" 130.505"", ""  63.221""], ["" 124.814"", "" 130.615"", ""  61.871""], ["" 123.507"", "" 130.792"", ""  61.327""], ["" 123.397"", "" 130.858"", ""  59.929""], ["" 124.529"", "" 130.753"", ""  59.126""], ["" 124.426"", "" 130.825"", ""  57.613""], ["" 125.781"", "" 130.585"", ""  59.611""], ["" 125.892"", "" 130.523"", ""  60.937""], ["" 127.445"", "" 130.316"", ""  61.713""], ["" 127.531"", "" 130.217"", ""  64.513""], ["" 128.265"", "" 131.140"", ""  64.869""], ["" 127.412"", "" 129.043"", ""  65.182""], ["" 126.729"", "" 128.393"", ""  64.821""], ["" 128.089"", "" 128.595"", ""  66.331""], ["" 128.660"", "" 127.322"", ""  66.248""], ["" 128.243"", "" 129.350"", ""  67.506""], ["" 129.360"", "" 126.794"", ""  67.330""], ["" 128.943"", "" 128.818"", ""  68.586""], ["" 129.496"", "" 127.543"", ""  68.495""], ["" 124.486"", "" 130.555"", ""  64.316""], ["" 124.647"", "" 131.199"", ""  65.078""], ["" 123.681"", "" 129.949"", ""  64.397""], ["" 122.233"", "" 130.915"", ""  62.169""], ["" 121.119"", "" 130.701"", ""  61.465""], ["" 122.258"", "" 130.023"", ""  63.159""], ["" 122.149"", "" 132.142"", ""  62.683""]]",[],4bd_Grossjean_2025
76,2778,4be_Grossjean_2025,4h2i_c_4_mae_prepped,4,20,-6.08,-0.21714285714285714,0.0,0.0,5,188.36,-7.28,-7.01,-0.26,-7.28,0.0,-0.23,1.19,-0.23,58,7,0.0,0.0,0.0,8.386873,12.005786,7.628537,-0.72545019,0.6041717,0.32969467,264.764099,"3.023733, 83.311501, 39.598091, 126.410446, ","[["" 127.614"", "" 129.217"", ""  64.633""], ["" 127.877"", "" 128.859"", ""  65.964""], ["" 128.649"", "" 127.649"", ""  66.108""], ["" 129.145"", "" 126.943"", ""  67.245""], ["" 129.870"", "" 125.767"", ""  67.003""], ["" 130.087"", "" 125.327"", ""  65.700""], ["" 130.868"", "" 124.055"", ""  65.424""], ["" 129.634"", "" 125.975"", ""  64.602""], ["" 128.945"", "" 127.093"", ""  64.826""], ["" 128.297"", "" 128.043"", ""  63.509""], ["" 126.850"", "" 130.361"", ""  64.128""], ["" 127.355"", "" 131.485"", ""  64.082""], ["" 125.590"", "" 130.082"", ""  63.710""], ["" 125.304"", "" 129.115"", ""  63.761""], ["" 124.630"", "" 130.948"", ""  63.156""], ["" 124.824"", "" 132.298"", ""  63.093""], ["" 123.454"", "" 130.352"", ""  62.690""], ["" 123.846"", "" 133.070"", ""  62.552""], ["" 122.458"", "" 131.159"", ""  62.135""], ["" 122.651"", "" 132.539"", ""  62.062""], ["" 124.129"", "" 134.560"", ""  62.511""], ["" 127.446"", "" 129.596"", ""  67.038""], ["" 128.026"", "" 129.746"", ""  67.851""], ["" 126.524"", "" 130.010"", ""  67.055""], ["" 128.934"", "" 127.389"", ""  68.696""], ["" 129.311"", "" 128.652"", ""  68.914""], ["" 127.643"", "" 127.300"", ""  69.013""], ["" 129.644"", "" 126.613"", ""  69.514""]]",[],4be_Grossjean_2025
77,9913,4bf_Grossjean_2025,4h2i_c_4_mae_prepped,1,8,-5.83,-0.21592592592592594,0.0,0.0,3,188.28,-7.03,-6.81,-0.21,-7.03,0.0,-0.27,1.19,-0.27,53,6,0.0,0.0,0.0,11.312448,6.905535,8.21958,0.27315164,0.75352794,-0.59798313,79.357643,"141.640961, 211.393143, 290.179565, 346.918304, ","[["" 130.313"", "" 124.144"", ""  65.766""], ["" 131.360"", "" 124.490"", ""  64.897""], ["" 131.437"", "" 123.673"", ""  63.711""], ["" 132.318"", "" 123.670"", ""  62.589""], ["" 132.090"", "" 122.705"", ""  61.595""], ["" 131.041"", "" 121.798"", ""  61.721""], ["" 130.784"", "" 120.746"", ""  60.657""], ["" 130.187"", "" 121.775"", ""  62.771""], ["" 130.400"", "" 122.689"", ""  63.717""], ["" 129.387"", "" 122.783"", ""  65.138""], ["" 129.968"", "" 124.737"", ""  67.062""], ["" 129.408"", "" 124.066"", ""  67.930""], ["" 130.320"", "" 126.037"", ""  67.218""], ["" 130.827"", "" 126.454"", ""  66.451""], ["" 130.094"", "" 126.903"", ""  68.304""], ["" 128.787"", "" 126.965"", ""  68.802""], ["" 131.074"", "" 127.684"", ""  68.941""], ["" 128.425"", "" 127.746"", ""  69.852""], ["" 130.717"", "" 128.493"", ""  70.023""], ["" 129.387"", "" 128.496"", ""  70.445""], ["" 132.236"", "" 125.516"", ""  65.145""], ["" 133.207"", "" 125.348"", ""  65.367""], ["" 131.937"", "" 126.481"", ""  65.112""], ["" 133.487"", "" 124.645"", ""  62.408""], ["" 134.330"", "" 124.276"", ""  61.441""], ["" 133.022"", "" 125.854"", ""  62.093""], ["" 134.188"", "" 124.723"", ""  63.540""]]",[],4bf_Grossjean_2025
78,10221,4bg_Grossjean_2025,4h2i_c_4_mae_prepped,1,7,-6.5,-0.23214285714285715,0.0,0.0,6,188.49,-7.99,-7.74,-0.26,-7.99,0.0,-0.42,1.49,-0.42,46,10,0.0,0.0,0.0,7.86432,11.591404,8.071375,-0.34948837,-0.75132033,0.55979964,206.49118,"321.824127, 120.754562, 105.681541, 110.763885, 1.255209, ","[["" 127.063"", "" 129.247"", ""  65.787""], ["" 127.355"", "" 129.654"", ""  64.476""], ["" 126.194"", "" 130.011"", ""  63.698""], ["" 126.028"", "" 130.485"", ""  62.363""], ["" 124.715"", "" 130.728"", ""  61.927""], ["" 123.637"", "" 130.506"", ""  62.779""], ["" 122.212"", "" 130.758"", ""  62.320""], ["" 123.761"", "" 130.062"", ""  64.051""], ["" 125.005"", "" 129.832"", ""  64.471""], ["" 125.328"", "" 129.257"", ""  66.090""], ["" 127.984"", "" 128.791"", ""  66.827""], ["" 128.371"", "" 129.547"", ""  67.720""], ["" 128.347"", "" 127.493"", ""  66.767""], ["" 128.057"", "" 126.955"", ""  65.964""], ["" 129.267"", "" 126.825"", ""  67.688""], ["" 129.033"", "" 127.184"", ""  69.150""], ["" 127.813"", "" 126.879"", ""  69.761""], ["" 130.065"", "" 127.756"", ""  69.899""], ["" 127.616"", "" 127.173"", ""  71.107""], ["" 129.869"", "" 128.048"", ""  71.246""], ["" 128.644"", "" 127.758"", ""  71.844""], ["" 128.632"", "" 129.716"", ""  63.976""], ["" 129.299"", "" 130.401"", ""  64.298""], ["" 128.946"", "" 129.077"", ""  63.258""], ["" 127.183"", "" 130.743"", ""  61.390""], ["" 126.775"", "" 131.219"", ""  60.211""], ["" 128.021"", "" 131.638"", ""  61.913""], ["" 127.839"", "" 129.608"", ""  61.156""]]",[],4bg_Grossjean_2025
79,2711,4bh_Grossjean_2025,4h2i_c_4_mae_prepped,1,18,-5.41,-0.15911764705882353,0.0,0.0,2,190.6,-7.8,-7.01,-0.79,-7.8,0.0,-0.76,2.39,-0.76,79,10,0.0,0.0,0.0,9.901954,8.701484,12.324307,0.65156811,-0.36058961,0.66740852,243.979065,"226.62738, 340.890656, 79.466843, 113.470444, 356.859894, 13.862833, 37.007572, 155.389725, ","[["" 130.030"", "" 127.033"", ""  70.955""], ["" 128.967"", "" 127.024"", ""  70.331""], ["" 127.769"", "" 126.926"", ""  70.943""], ["" 126.944"", "" 126.840"", ""  70.365""], ["" 128.936"", "" 127.165"", ""  68.875""], ["" 129.296"", "" 126.224"", ""  67.898""], ["" 128.322"", "" 128.645"", ""  68.146""], ["" 129.112"", "" 126.684"", ""  66.543""], ["" 128.573"", "" 128.008"", ""  66.538""], ["" 129.356"", "" 126.083"", ""  65.273""], ["" 128.277"", "" 128.723"", ""  65.453""], ["" 129.044"", "" 126.842"", ""  64.134""], ["" 128.518"", "" 128.124"", ""  64.264""], ["" 128.172"", "" 128.955"", ""  63.041""], ["" 129.786"", "" 124.979"", ""  68.200""], ["" 129.354"", "" 124.390"", ""  68.899""], ["" 130.605"", "" 124.611"", ""  67.737""], ["" 129.935"", "" 124.677"", ""  65.081""], ["" 129.714"", "" 124.182"", ""  63.861""], ["" 131.255"", "" 124.704"", ""  65.266""], ["" 129.384"", "" 123.839"", ""  65.959""], ["" 127.562"", "" 126.773"", ""  72.384""], ["" 127.715"", "" 128.074"", ""  73.161""], ["" 128.836"", "" 128.881"", ""  72.962""], ["" 126.774"", "" 128.432"", ""  74.128""], ["" 129.015"", "" 130.062"", ""  73.700""], ["" 126.922"", "" 129.611"", ""  74.876""], ["" 128.045"", "" 130.420"", ""  74.648""], ["" 130.098"", "" 130.908"", ""  73.553""], ["" 129.898"", "" 132.215"", ""  73.028""], ["" 126.023"", "" 130.034"", ""  75.838""], ["" 124.821"", "" 129.298"", ""  76.040""], ["" 128.212"", "" 131.568"", ""  75.386""], ["" 127.386"", "" 132.647"", ""  74.970""]]",[],4bh_Grossjean_2025
80,9796,4bi_Grossjean_2025,4h2i_c_4_mae_prepped,2,9,-5.83,-0.22423076923076923,0.0,0.0,5,188.47,-7.02,-6.72,-0.3,-7.02,0.0,-0.25,1.19,-0.25,47,7,0.0,0.0,0.0,11.474499,7.021434,8.088799,-0.21805515,-0.75203906,0.62200419,278.290375,"122.510231, 213.05162, 294.909698, 232.229416, ","[["" 130.367"", "" 124.277"", ""  65.893""], ["" 131.374"", "" 124.563"", ""  64.956""], ["" 131.369"", "" 123.698"", ""  63.802""], ["" 132.181"", "" 123.640"", ""  62.630""], ["" 131.884"", "" 122.637"", ""  61.693""], ["" 130.833"", "" 121.751"", ""  61.918""], ["" 130.497"", "" 120.664"", ""  60.912""], ["" 130.045"", "" 121.782"", ""  63.017""], ["" 130.324"", "" 122.731"", ""  63.911""], ["" 129.392"", "" 122.902"", ""  65.380""], ["" 130.093"", "" 124.939"", ""  67.171""], ["" 129.584"", "" 124.317"", ""  68.106""], ["" 130.452"", "" 126.246"", ""  67.239""], ["" 130.874"", "" 126.649"", ""  66.415""], ["" 130.320"", "" 127.104"", ""  68.323""], ["" 131.305"", "" 127.743"", ""  68.932""], ["" 129.093"", "" 127.402"", ""  68.913""], ["" 130.726"", "" 128.490"", ""  69.960""], ["" 129.389"", "" 128.274"", ""  69.935""], ["" 132.281"", "" 125.579"", ""  65.118""], ["" 133.269"", "" 125.400"", ""  65.236""], ["" 131.990"", "" 126.547"", ""  65.129""], ["" 133.341"", "" 124.596"", ""  62.335""], ["" 134.227"", "" 124.665"", ""  63.331""], ["" 133.995"", "" 124.191"", ""  61.247""], ["" 132.871"", "" 125.828"", ""  62.133""]]",[],4bi_Grossjean_2025
81,10153,4bj_Grossjean_2025,4h2i_c_4_mae_prepped,2,12,-5.82,-0.22384615384615386,0.0,0.0,6,188.37,-7.01,-6.8,-0.21,-7.01,0.0,-0.14,1.19,-0.14,52,7,0.0,0.0,0.0,11.467004,6.94409,7.981251,-0.23060356,-0.74573034,0.62506661,278.589294,"115.26123, 211.588974, 300.143585, 234.379333, ","[["" 130.359"", "" 124.201"", ""  65.768""], ["" 131.378"", "" 124.492"", ""  64.847""], ["" 131.378"", "" 123.643"", ""  63.681""], ["" 132.203"", "" 123.590"", ""  62.518""], ["" 131.908"", "" 122.603"", ""  61.565""], ["" 130.850"", "" 121.720"", ""  61.769""], ["" 130.523"", "" 120.643"", ""  60.751""], ["" 130.048"", "" 121.745"", ""  62.859""], ["" 130.323"", "" 122.682"", ""  63.765""], ["" 129.377"", "" 122.842"", ""  65.226""], ["" 130.075"", "" 124.851"", ""  67.050""], ["" 129.539"", "" 124.227"", ""  67.969""], ["" 130.451"", "" 126.150"", ""  67.141""], ["" 130.890"", "" 126.563"", ""  66.332""], ["" 130.308"", "" 126.985"", ""  68.241""], ["" 131.256"", "" 127.516"", ""  68.982""], ["" 128.691"", "" 127.396"", ""  68.717""], ["" 130.757"", "" 128.265"", ""  69.945""], ["" 129.370"", "" 128.354"", ""  69.999""], ["" 132.291"", "" 125.499"", ""  65.031""], ["" 133.284"", "" 125.320"", ""  65.072""], ["" 131.998"", "" 126.461"", ""  65.136""], ["" 133.379"", "" 124.537"", ""  62.251""], ["" 134.272"", "" 124.553"", ""  63.243""], ["" 134.018"", "" 124.161"", ""  61.144""], ["" 132.928"", "" 125.782"", ""  62.099""]]",[],4bj_Grossjean_2025
82,10314,4bk_Grossjean_2025,4h2i_c_4_mae_prepped,1,9,-5.85,-0.18870967741935482,0.0,0.0,2,190.1,-9.43,-8.53,-0.9,-9.43,0.0,-0.77,3.58,-0.77,46,9,0.0,0.0,0.0,7.059082,7.932637,13.671729,-0.8233975,0.20053307,-0.53085125,170.923111,"338.173584, 123.151741, 42.476845, 253.681198, 91.50148, 68.770996, 79.426094, 224.634796, 30.562956, 117.400223, 41.776039, 322.109955, ","[["" 129.706"", "" 127.203"", ""  70.400""], ["" 129.321"", "" 127.280"", ""  69.033""], ["" 127.820"", "" 126.966"", ""  68.907""], ["" 127.180"", "" 127.610"", ""  67.758""], ["" 128.527"", "" 129.423"", ""  67.625""], ["" 127.562"", "" 128.781"", ""  67.208""], ["" 126.381"", "" 127.132"", ""  67.369""], ["" 126.766"", "" 129.248"", ""  66.071""], ["" 127.213"", "" 129.760"", ""  64.844""], ["" 125.007"", "" 129.245"", ""  66.163""], ["" 126.152"", "" 130.150"", ""  63.948""], ["" 124.878"", "" 129.918"", ""  64.556""], ["" 126.146"", "" 130.700"", ""  62.632""], ["" 123.694"", "" 130.171"", ""  64.001""], ["" 124.895"", "" 130.966"", ""  62.054""], ["" 123.722"", "" 130.694"", ""  62.753""], ["" 122.361"", "" 130.976"", ""  62.141""], ["" 128.539"", "" 129.878"", ""  64.518""], ["" 128.852"", "" 129.930"", ""  63.558""], ["" 129.254"", "" 129.922"", ""  65.232""], ["" 127.408"", "" 131.013"", ""  61.822""], ["" 128.235"", "" 131.854"", ""  62.448""], ["" 128.084"", "" 129.889"", ""  61.588""], ["" 127.072"", "" 131.575"", ""  60.661""], ["" 130.024"", "" 128.461"", ""  70.979""], ["" 129.513"", "" 128.497"", ""  72.426""], ["" 130.602"", "" 128.293"", ""  73.316""], ["" 131.250"", "" 127.039"", ""  73.152""], ["" 131.802"", "" 126.570"", ""  74.504""], ["" 132.954"", "" 127.333"", ""  74.838""], ["" 134.174"", "" 126.669"", ""  74.550""]]",[],4bk_Grossjean_2025
83,9782,4ca_Grossjean_2025,4h2i_c_4_mae_prepped,1,9,-7.43,-0.2008108108108108,0.0,0.0,13,188.75,-9.82,-9.35,-0.47,-9.82,0.0,-0.98,2.39,-0.98,55,8,0.0,0.0,0.0,10.226726,9.239442,10.31903,-0.79241823,0.48480704,0.37018303,116.768867,"318.833008, 226.068924, 296.307159, 36.02092, 16.466002, 311.085876, 82.633415, 14.634461, ","[["" 128.811"", "" 127.458"", ""  70.999""], ["" 129.846"", "" 128.008"", ""  71.755""], ["" 129.644"", "" 128.345"", ""  73.090""], ["" 128.399"", "" 128.131"", ""  73.699""], ["" 127.363"", "" 127.569"", ""  72.937""], ["" 127.564"", "" 127.234"", ""  71.600""], ["" 129.129"", "" 127.146"", ""  69.663""], ["" 127.120"", "" 127.300"", ""  68.582""], ["" 128.327"", "" 127.058"", ""  68.573""], ["" 130.110"", "" 126.975"", ""  69.501""], ["" 128.999"", "" 126.662"", ""  67.333""], ["" 128.799"", "" 127.153"", ""  66.032""], ["" 130.205"", "" 125.378"", ""  67.350""], ["" 129.612"", "" 126.511"", ""  65.028""], ["" 130.433"", "" 125.509"", ""  65.622""], ["" 129.737"", "" 126.687"", ""  63.620""], ["" 131.295"", "" 124.727"", ""  64.975""], ["" 130.645"", "" 125.855"", ""  62.946""], ["" 131.394"", "" 124.892"", ""  63.631""], ["" 127.913"", "" 128.157"", ""  65.736""], ["" 128.138"", "" 128.893"", ""  65.080""], ["" 126.997"", "" 128.195"", ""  66.163""], ["" 128.946"", "" 127.718"", ""  62.808""], ["" 128.923"", "" 128.926"", ""  63.376""], ["" 129.491"", "" 127.857"", ""  61.600""], ["" 127.682"", "" 127.316"", ""  62.677""], ["" 132.367"", "" 123.989"", ""  62.928""], ["" 131.953"", "" 122.752"", ""  62.408""], ["" 133.718"", "" 124.350"", ""  62.779""], ["" 132.852"", "" 121.908"", ""  61.761""], ["" 134.620"", "" 123.509"", ""  62.132""], ["" 134.183"", "" 122.290"", ""  61.624""], ["" 128.215"", "" 128.501"", ""  75.141""], ["" 129.002"", "" 129.221"", ""  75.764""], ["" 127.098"", "" 127.962"", ""  75.695""], ["" 125.899"", "" 128.717"", ""  75.812""], ["" 124.729"", "" 127.906"", ""  75.245""]]",[],4ca_Grossjean_2025
84,1726,4cb_Grossjean_2025,4h2i_c_4_mae_prepped,1,16,-7.14,-0.19833333333333333,0.0,0.0,16,188.73,-9.23,-8.69,-0.53,-9.23,0.0,-0.62,2.09,-0.62,50,9,0.0,0.0,0.0,10.521686,9.536833,10.081409,-0.46661904,-0.57107624,0.67538033,245.151764,"290.836884, 340.418945, 298.144501, 45.400833, 193.252151, 79.459023, 194.207321, ","[["" 129.128"", "" 127.570"", ""  71.112""], ["" 127.875"", "" 127.250"", ""  71.635""], ["" 127.565"", "" 127.550"", ""  72.959""], ["" 128.503"", "" 128.184"", ""  73.784""], ["" 129.760"", "" 128.509"", ""  73.253""], ["" 130.072"", "" 128.209"", ""  71.931""], ["" 129.329"", "" 127.235"", ""  69.759""], ["" 127.209"", "" 127.135"", ""  68.908""], ["" 128.427"", "" 127.018"", ""  68.771""], ["" 130.300"", "" 127.156"", ""  69.494""], ["" 128.999"", "" 126.640"", ""  67.475""], ["" 128.735"", "" 127.186"", ""  66.208""], ["" 130.146"", "" 125.307"", ""  67.366""], ["" 129.454"", "" 126.550"", ""  65.131""], ["" 130.267"", "" 125.492"", ""  65.632""], ["" 129.495"", "" 126.775"", ""  63.725""], ["" 131.050"", "" 124.702"", ""  64.902""], ["" 130.321"", "" 125.935"", ""  62.963""], ["" 131.070"", "" 124.915"", ""  63.560""], ["" 127.872"", "" 128.233"", ""  66.006""], ["" 128.198"", "" 129.148"", ""  65.729""], ["" 126.874"", "" 128.123"", ""  66.125""], ["" 128.699"", "" 127.872"", ""  63.005""], ["" 129.196"", "" 128.175"", ""  61.804""], ["" 127.441"", "" 127.470"", ""  62.827""], ["" 128.707"", "" 128.987"", ""  63.734""], ["" 131.958"", "" 124.005"", ""  62.763""], ["" 131.453"", "" 122.823"", ""  62.199""], ["" 133.318"", "" 124.303"", ""  62.565""], ["" 132.272"", "" 121.972"", ""  61.460""], ["" 134.140"", "" 123.457"", ""  61.827""], ["" 133.613"", "" 122.293"", ""  61.276""], ["" 128.132"", "" 128.501"", ""  75.205""], ["" 128.783"", "" 129.271"", ""  75.919""], ["" 127.013"", "" 127.858"", ""  75.625""], ["" 125.760"", "" 128.526"", ""  75.674""]]",[],4cb_Grossjean_2025
85,1937,4cc_Grossjean_2025,4h2i_c_4_mae_prepped,1,2,-7.04,-0.20705882352941177,0.0,0.0,1,187.18,-8.83,-8.51,-0.33,-8.83,0.0,-0.5,1.79,-0.5,81,7,0.0,0.0,0.0,9.975195,8.555965,8.428848,0.62969173,0.61927474,0.46902785,207.697311,"84.714272, 26.885801, 88.892433, 129.364975, 170.421112, 11.361149, ","[["" 130.939"", "" 124.091"", ""  63.486""], ["" 129.841"", "" 124.586"", ""  63.747""], ["" 128.755"", "" 124.486"", ""  62.943""], ["" 127.934"", "" 124.993"", ""  63.238""], ["" 129.639"", "" 125.340"", ""  64.988""], ["" 129.088"", "" 126.621"", ""  65.155""], ["" 130.112"", "" 124.644"", ""  66.537""], ["" 129.045"", "" 127.070"", ""  66.525""], ["" 129.579"", "" 126.072"", ""  67.392""], ["" 128.587"", "" 128.271"", ""  67.139""], ["" 129.683"", "" 126.169"", ""  68.716""], ["" 128.702"", "" 128.363"", ""  68.536""], ["" 129.251"", "" 127.321"", ""  69.290""], ["" 128.632"", "" 127.384"", ""  64.110""], ["" 129.212"", "" 128.081"", ""  63.665""], ["" 127.695"", "" 127.275"", ""  63.750""], ["" 127.981"", "" 129.453"", ""  66.374""], ["" 128.155"", "" 130.623"", ""  66.994""], ["" 128.549"", "" 129.551"", ""  65.173""], ["" 126.669"", "" 129.270"", ""  66.227""], ["" 129.377"", "" 127.400"", ""  70.784""], ["" 128.237"", "" 127.515"", ""  71.596""], ["" 130.635"", "" 127.369"", ""  71.411""], ["" 128.347"", "" 127.590"", ""  72.982""], ["" 130.749"", "" 127.443"", ""  72.797""], ["" 129.603"", "" 127.553"", ""  73.578""], ["" 128.612"", "" 123.804"", ""  61.721""], ["" 127.699"", "" 124.346"", ""  60.815""], ["" 129.291"", "" 122.620"", ""  61.392""], ["" 127.480"", "" 123.730"", ""  59.586""], ["" 129.068"", "" 122.007"", ""  60.162""], ["" 128.160"", "" 122.560"", ""  59.247""], ["" 127.876"", "" 122.020"", ""  58.007""], ["" 126.782"", "" 122.537"", ""  57.258""]]",[],4cc_Grossjean_2025
86,1711,4cd_Grossjean_2025,4h2i_c_4_mae_prepped,1,2,-7.22,-0.225625,0.0,0.0,18,187.58,-8.71,-8.56,-0.15,-8.71,0.0,-0.51,1.49,-0.51,65,5,0.0,0.0,0.0,10.465334,8.730883,8.770502,-0.0180247,-0.87952119,0.47551822,108.435921,"150.306671, 347.571075, 272.68222, 208.260941, 229.160675, ","[["" 130.136"", "" 125.418"", ""  64.762""], ["" 129.372"", "" 126.593"", ""  64.840""], ["" 129.069"", "" 127.013"", ""  66.186""], ["" 128.338"", "" 128.111"", ""  66.720""], ["" 128.244"", "" 128.203"", ""  68.119""], ["" 128.842"", "" 127.252"", ""  68.951""], ["" 129.553"", "" 126.206"", ""  68.452""], ["" 129.644"", "" 126.109"", ""  67.128""], ["" 130.516"", "" 124.799"", ""  66.368""], ["" 130.601"", "" 124.708"", ""  63.567""], ["" 130.146"", "" 124.982"", ""  62.456""], ["" 131.548"", "" 123.762"", ""  63.784""], ["" 131.883"", "" 123.679"", ""  64.733""], ["" 132.159"", "" 122.879"", ""  62.875""], ["" 131.301"", "" 122.230"", ""  61.982""], ["" 133.543"", "" 122.651"", ""  62.798""], ["" 131.812"", "" 121.347"", ""  61.035""], ["" 134.050"", "" 121.767"", ""  61.848""], ["" 133.183"", "" 121.117"", ""  60.974""], ["" 128.946"", "" 127.287"", ""  63.735""], ["" 128.042"", "" 127.119"", ""  63.315""], ["" 129.523"", "" 127.996"", ""  63.305""], ["" 127.654"", "" 129.186"", ""  65.867""], ["" 127.283"", "" 128.743"", ""  64.664""], ["" 126.559"", "" 129.626"", ""  66.486""], ["" 128.490"", "" 130.207"", ""  65.674""], ["" 128.755"", "" 127.334"", ""  70.447""], ["" 129.855"", "" 127.763"", ""  71.208""], ["" 127.573"", "" 126.993"", ""  71.128""], ["" 129.780"", "" 127.842"", ""  72.596""], ["" 127.496"", "" 127.069"", ""  72.515""], ["" 128.601"", "" 127.493"", ""  73.245""]]",[],4cd_Grossjean_2025
87,10019,4ce_Grossjean_2025,4h2i_c_4_mae_prepped,3,18,-7.33,-0.22212121212121214,0.0,0.0,15,188.22,-8.82,-8.67,-0.16,-8.82,0.0,-0.45,1.49,-0.45,63,6,0.0,0.0,0.0,10.69717,8.687834,8.50515,-0.00160765,0.86726506,-0.49784408,249.425995,"90.851768, 241.410019, 94.822723, 210.894257, 282.825623, ","[["" 130.282"", "" 125.450"", ""  64.715""], ["" 129.466"", "" 126.593"", ""  64.767""], ["" 129.126"", "" 127.014"", ""  66.104""], ["" 128.347"", "" 128.092"", ""  66.614""], ["" 128.237"", "" 128.202"", ""  68.009""], ["" 128.869"", "" 127.290"", ""  68.862""], ["" 129.602"", "" 126.250"", ""  68.385""], ["" 129.716"", "" 126.141"", ""  67.064""], ["" 130.649"", "" 124.857"", ""  66.333""], ["" 130.837"", "" 124.776"", ""  63.540""], ["" 130.505"", "" 123.623"", ""  63.258""], ["" 131.720"", "" 125.505"", ""  62.812""], ["" 131.958"", "" 126.416"", ""  63.174""], ["" 132.400"", "" 125.144"", ""  61.635""], ["" 132.036"", "" 125.631"", ""  60.413""], ["" 133.495"", "" 124.285"", ""  61.787""], ["" 132.756"", "" 125.257"", ""  59.324""], ["" 134.224"", "" 123.909"", ""  60.658""], ["" 133.856"", "" 124.399"", ""  59.405""], ["" 132.299"", "" 125.839"", ""  57.999""], ["" 129.030"", "" 127.254"", ""  63.647""], ["" 129.589"", "" 127.964"", ""  63.193""], ["" 128.128"", "" 127.055"", ""  63.237""], ["" 127.631"", "" 129.126"", ""  65.739""], ["" 127.237"", "" 128.635"", ""  64.562""], ["" 126.544"", "" 129.574"", ""  66.368""], ["" 128.448"", "" 130.150"", ""  65.490""], ["" 128.764"", "" 127.388"", ""  70.355""], ["" 129.842"", "" 127.865"", ""  71.119""], ["" 127.595"", "" 126.999"", ""  71.030""], ["" 129.754"", "" 127.952"", ""  72.506""], ["" 127.503"", "" 127.087"", ""  72.417""], ["" 128.584"", "" 127.564"", ""  73.149""]]",[],4ce_Grossjean_2025
88,10054,4cf_Grossjean_2025,4h2i_c_4_mae_prepped,1,17,-6.79,-0.2121875,0.0,0.0,12,187.67,-8.28,-8.16,-0.13,-8.28,0.0,-0.47,1.49,-0.47,61,6,0.0,0.0,0.0,10.494673,8.739994,8.701071,-0.00611975,-0.8747207,0.48458873,108.520927,"325.922546, 353.397614, 271.607056, 89.787544, 47.489098, ","[["" 130.151"", "" 125.427"", ""  64.686""], ["" 129.361"", "" 126.586"", ""  64.768""], ["" 129.073"", "" 127.008"", ""  66.117""], ["" 128.328"", "" 128.097"", ""  66.655""], ["" 128.251"", "" 128.194"", ""  68.053""], ["" 128.877"", "" 127.259"", ""  68.882""], ["" 129.605"", "" 126.227"", ""  68.380""], ["" 129.681"", "" 126.124"", ""  67.055""], ["" 130.569"", "" 124.828"", ""  66.289""], ["" 130.596"", "" 124.707"", ""  63.489""], ["" 130.145"", "" 124.997"", ""  62.380""], ["" 131.520"", "" 123.740"", ""  63.704""], ["" 131.845"", "" 123.639"", ""  64.654""], ["" 132.110"", "" 122.843"", ""  62.792""], ["" 133.491"", "" 122.649"", ""  62.900""], ["" 131.422"", "" 122.114"", ""  61.803""], ["" 134.193"", "" 121.808"", ""  62.097""], ["" 132.129"", "" 121.244"", ""  60.971""], ["" 133.508"", "" 121.122"", ""  61.147""], ["" 128.899"", "" 127.260"", ""  63.667""], ["" 128.000"", "" 127.056"", ""  63.254""], ["" 129.446"", "" 127.989"", ""  63.229""], ["" 127.613"", "" 129.154"", ""  65.805""], ["" 128.381"", "" 130.208"", ""  65.523""], ["" 127.230"", "" 128.618"", ""  64.647""], ["" 126.540"", "" 129.606"", ""  66.456""], ["" 128.804"", "" 127.345"", ""  70.379""], ["" 127.625"", "" 127.008"", ""  71.060""], ["" 129.912"", "" 127.758"", ""  71.141""], ["" 127.548"", "" 127.084"", ""  72.448""], ["" 129.841"", "" 127.836"", ""  72.529""], ["" 128.658"", "" 127.499"", ""  73.177""]]",[],4cf_Grossjean_2025
89,10072,4cg_Grossjean_2025,4h2i_c_4_mae_prepped,3,18,-7.58,-0.2296969696969697,0.0,0.0,13,186.83,-9.37,-9.11,-0.26,-9.37,0.0,-0.47,1.79,-0.47,65,5,0.0,0.0,0.0,10.602705,8.746477,8.437679,0.07452063,0.888482,-0.45282051,263.892487,"68.023117, 136.56958, 99.39164, 259.985565, 149.839874, 116.217567, ","[["" 129.567"", "" 125.204"", ""  64.601""], ["" 129.067"", "" 126.509"", ""  64.710""], ["" 128.996"", "" 126.999"", ""  66.065""], ["" 128.547"", "" 128.227"", ""  66.633""], ["" 128.639"", "" 128.362"", ""  68.027""], ["" 129.155"", "" 127.334"", ""  68.825""], ["" 129.573"", "" 126.156"", ""  68.294""], ["" 129.490"", "" 126.018"", ""  66.974""], ["" 130.003"", "" 124.549"", ""  66.177""], ["" 129.807"", "" 124.417"", ""  63.391""], ["" 130.949"", "" 124.216"", ""  62.972""], ["" 128.708"", "" 123.967"", ""  62.750""], ["" 127.811"", "" 124.107"", ""  63.190""], ["" 128.710"", "" 123.146"", ""  61.541""], ["" 127.525"", "" 123.420"", ""  60.621""], ["" 127.666"", "" 123.254"", ""  59.240""], ["" 126.287"", "" 123.778"", ""  61.160""], ["" 126.577"", "" 123.472"", ""  58.399""], ["" 125.200"", "" 123.999"", ""  60.319""], ["" 125.351"", "" 123.847"", ""  58.942""], ["" 128.668"", "" 127.253"", ""  63.629""], ["" 127.767"", "" 127.120"", ""  63.191""], ["" 129.262"", "" 127.970"", ""  63.237""], ["" 127.971"", "" 129.391"", ""  65.818""], ["" 128.488"", "" 129.477"", ""  64.591""], ["" 126.653"", "" 129.240"", ""  65.687""], ["" 128.222"", "" 130.542"", ""  66.438""], ["" 129.259"", "" 127.458"", ""  70.319""], ["" 128.217"", "" 127.022"", ""  71.153""], ["" 130.398"", "" 128.018"", ""  70.925""], ["" 128.308"", "" 127.135"", ""  72.537""], ["" 130.494"", "" 128.134"", ""  72.308""], ["" 129.448"", "" 127.691"", ""  73.110""]]",[],4cg_Grossjean_2025
90,2032,4ch_Grossjean_2025,4h2i_c_4_mae_prepped,1,2,-6.8,-0.17435897435897435,0.0,0.0,3,187.46,-9.49,-9.05,-0.43,-9.49,0.0,-0.68,2.68,-0.68,85,9,0.0,0.0,0.0,10.111932,7.316626,7.95471,0.57223078,-0.60261896,-0.55623945,108.036827,"80.239197, 145.99028, 293.945984, 107.900421, 56.412083, 6.440258, 354.62561, 210.185501, 310.60614, ","[["" 130.791"", "" 124.250"", ""  62.879""], ["" 129.669"", "" 124.570"", ""  63.279""], ["" 128.545"", "" 124.284"", ""  62.589""], ["" 127.657"", "" 124.529"", ""  63.002""], ["" 129.486"", "" 125.321"", ""  64.521""], ["" 129.023"", "" 126.635"", ""  64.690""], ["" 129.922"", "" 124.593"", ""  66.064""], ["" 128.984"", "" 127.072"", ""  66.065""], ["" 129.457"", "" 126.040"", ""  66.927""], ["" 128.576"", "" 128.287"", ""  66.686""], ["" 129.553"", "" 126.120"", ""  68.251""], ["" 128.683"", "" 128.361"", ""  68.085""], ["" 129.174"", "" 127.287"", ""  68.834""], ["" 128.632"", "" 127.432"", ""  63.645""], ["" 129.240"", "" 128.140"", ""  63.256""], ["" 127.719"", "" 127.335"", ""  63.223""], ["" 128.030"", "" 129.501"", ""  65.927""], ["" 128.597"", "" 129.669"", ""  64.730""], ["" 126.720"", "" 129.359"", ""  65.731""], ["" 128.251"", "" 130.611"", ""  66.631""], ["" 129.289"", "" 127.342"", ""  70.331""], ["" 130.477"", "" 127.770"", ""  70.945""], ["" 128.218"", "" 126.962"", ""  71.158""], ["" 130.591"", "" 127.823"", ""  72.332""], ["" 128.326"", "" 127.015"", ""  72.545""], ["" 129.514"", "" 127.447"", ""  73.127""], ["" 128.486"", "" 123.548"", ""  61.326""], ["" 129.718"", "" 122.697"", ""  61.039""], ["" 130.870"", "" 123.287"", ""  60.516""], ["" 129.718"", "" 121.334"", ""  61.337""], ["" 132.022"", "" 122.523"", ""  60.269""], ["" 130.856"", "" 120.546"", ""  61.102""], ["" 132.000"", "" 121.152"", ""  60.562""], ["" 133.195"", "" 123.040"", ""  59.752""], ["" 133.827"", "" 124.133"", ""  60.410""], ["" 130.925"", "" 119.192"", ""  61.372""], ["" 129.749"", "" 118.498"", ""  61.774""], ["" 133.125"", "" 120.396"", ""  60.342""], ["" 133.128"", "" 119.711"", ""  59.096""]]",[],4ch_Grossjean_2025
91,1619,4ci_Grossjean_2025,4h2i_c_4_mae_prepped,1,1,-6.75,-0.21774193548387097,0.0,0.0,3,187.71,-8.24,-7.89,-0.34,-8.24,0.0,-0.45,1.49,-0.45,60,7,0.0,0.0,0.0,10.110248,8.891912,8.847332,-0.06535392,-0.890338,0.4505853,97.910042,"72.705521, 107.64595, 78.951454, 148.832458, 116.63755, ","[["" 129.588"", "" 125.304"", ""  64.673""], ["" 129.080"", "" 126.608"", ""  64.801""], ["" 129.006"", "" 127.080"", ""  66.163""], ["" 128.557"", "" 128.299"", ""  66.744""], ["" 128.638"", "" 128.413"", ""  68.142""], ["" 129.146"", "" 127.374"", ""  68.929""], ["" 129.565"", "" 126.203"", ""  68.384""], ["" 129.492"", "" 126.084"", ""  67.061""], ["" 130.006"", "" 124.626"", ""  66.244""], ["" 129.804"", "" 124.525"", ""  63.451""], ["" 130.946"", "" 124.283"", ""  63.053""], ["" 128.679"", "" 124.119"", ""  62.810""], ["" 127.796"", "" 124.383"", ""  63.221""], ["" 128.594"", "" 123.377"", ""  61.639""], ["" 128.849"", "" 122.084"", ""  61.520""], ["" 128.216"", "" 123.925"", ""  60.415""], ["" 128.637"", "" 121.754"", ""  60.180""], ["" 128.254"", "" 122.877"", ""  59.525""], ["" 128.684"", "" 127.368"", ""  63.732""], ["" 129.269"", "" 128.097"", ""  63.347""], ["" 127.790"", "" 127.220"", ""  63.284""], ["" 127.991"", "" 129.478"", ""  65.944""], ["" 128.527"", "" 129.591"", ""  64.727""], ["" 126.676"", "" 129.324"", ""  65.787""], ["" 128.226"", "" 130.619"", ""  66.593""], ["" 129.236"", "" 127.476"", ""  70.424""], ["" 128.184"", "" 127.032"", ""  71.242""], ["" 130.370"", "" 128.023"", ""  71.050""], ["" 128.262"", "" 127.123"", ""  72.629""], ["" 130.453"", "" 128.115"", ""  72.437""], ["" 129.399"", "" 127.663"", ""  73.222""]]",[],4ci_Grossjean_2025
92,10119,4cj_Grossjean_2025,4h2i_c_4_mae_prepped,1,10,-6.93,-0.2235483870967742,0.0,0.0,19,188.34,-8.42,-8.21,-0.21,-8.42,0.0,-0.34,1.49,-0.34,55,6,0.0,0.0,0.0,10.525319,8.945922,9.079268,-0.02186904,0.85482319,-0.51845835,248.338058,"124.176987, 351.002563, 286.111938, 204.58168, 101.245346, ","[["" 130.388"", "" 125.465"", ""  64.971""], ["" 129.525"", "" 126.573"", ""  64.995""], ["" 129.147"", "" 126.997"", ""  66.321""], ["" 128.305"", "" 128.039"", ""  66.806""], ["" 128.177"", "" 128.166"", ""  68.198""], ["" 128.852"", "" 127.309"", ""  69.072""], ["" 129.642"", "" 126.301"", ""  68.620""], ["" 129.772"", "" 126.172"", ""  67.302""], ["" 130.770"", "" 124.920"", ""  66.603""], ["" 130.970"", "" 124.786"", ""  63.811""], ["" 130.626"", "" 125.086"", ""  62.665""], ["" 131.882"", "" 123.823"", ""  64.097""], ["" 132.078"", "" 123.645"", ""  65.071""], ["" 132.576"", "" 123.037"", ""  63.188""], ["" 133.877"", "" 122.856"", ""  63.105""], ["" 131.640"", "" 122.171"", ""  62.011""], ["" 134.191"", "" 122.038"", ""  62.120""], ["" 133.128"", "" 121.533"", ""  61.376""], ["" 129.077"", "" 127.201"", ""  63.861""], ["" 128.128"", "" 127.095"", ""  63.530""], ["" 129.685"", "" 127.799"", ""  63.317""], ["" 127.539"", "" 129.015"", ""  65.905""], ["" 127.315"", "" 128.533"", ""  64.681""], ["" 126.355"", "" 129.293"", ""  66.448""], ["" 128.236"", "" 130.143"", ""  65.768""], ["" 128.738"", "" 127.434"", ""  70.564""], ["" 127.587"", "" 126.992"", ""  71.236""], ["" 129.770"", "" 128.003"", ""  71.329""], ["" 127.472"", "" 127.110"", ""  72.619""], ["" 129.659"", "" 128.125"", ""  72.711""], ["" 128.510"", "" 127.677"", ""  73.352""]]",[],4cj_Grossjean_2025
93,9889,4ck_Grossjean_2025,4h2i_c_4_mae_prepped,1,10,-5.96,-0.16555555555555557,0.0,0.0,12,184.63,-9.84,-9.48,-0.36,-9.84,0.0,-1.15,3.88,-1.15,63,9,0.0,0.0,0.0,14.171581,3.808793,7.233249,-0.00840871,0.00019366,0.99996463,238.426498,"269.671265, 92.850517, 56.381432, 240.246597, 293.905701, 335.452576, 303.375, 333.020508, 286.169006, 239.583954, 227.190948, 284.706146, 359.657196, ","[["" 131.360"", "" 123.404"", ""  60.684""], ["" 132.091"", "" 124.623"", ""  60.705""], ["" 132.943"", "" 124.690"", ""  61.982""], ["" 132.182"", "" 125.193"", ""  63.126""], ["" 130.914"", "" 123.357"", ""  63.523""], ["" 131.228"", "" 124.516"", ""  63.799""], ["" 132.447"", "" 126.106"", ""  63.467""], ["" 130.586"", "" 125.239"", ""  64.898""], ["" 129.758"", "" 126.370"", ""  64.834""], ["" 130.877"", "" 124.752"", ""  66.566""], ["" 129.327"", "" 126.857"", ""  66.123""], ["" 129.878"", "" 126.055"", ""  67.165""], ["" 128.499"", "" 127.944"", ""  66.523""], ["" 129.684"", "" 126.239"", ""  68.469""], ["" 128.302"", "" 128.130"", ""  67.901""], ["" 128.890"", "" 127.277"", ""  68.840""], ["" 129.384"", "" 126.960"", ""  63.654""], ["" 128.553"", "" 126.678"", ""  63.152""], ["" 129.928"", "" 127.709"", ""  63.245""], ["" 127.820"", "" 128.915"", ""  65.548""], ["" 128.592"", "" 129.952"", ""  65.220""], ["" 127.509"", "" 128.276"", ""  64.420""], ["" 126.709"", "" 129.402"", ""  66.099""], ["" 128.707"", "" 127.468"", ""  70.318""], ["" 127.560"", "" 126.988"", ""  70.969""], ["" 129.678"", "" 128.127"", ""  71.092""], ["" 127.383"", "" 127.165"", ""  72.339""], ["" 129.505"", "" 128.307"", ""  72.462""], ["" 128.355"", "" 127.826"", ""  73.081""], ["" 129.951"", "" 123.581"", ""  60.623""], ["" 129.280"", "" 122.201"", ""  60.640""], ["" 128.757"", "" 121.954"", ""  61.938""], ["" 128.016"", "" 123.044"", ""  62.468""], ["" 126.848"", "" 123.361"", ""  61.526""], ["" 125.639"", "" 122.905"", ""  62.116""], ["" 124.496"", "" 123.636"", ""  61.698""]]",[],4ck_Grossjean_2025
94,9952,4dd_Grossjean_2025,4h2i_c_4_mae_prepped,2,3,-7.17,-0.24724137931034482,0.0,0.0,20,187.7,-8.36,-8.36,0.0,-8.36,0.0,-1.1,1.19,-1.1,56,5,0.0,0.0,0.0,10.71779,8.379498,8.907135,-0.01270123,-0.87641001,0.48139813,108.187241,"149.34761, 349.580383, 6.848968, 231.97049, ","[["" 130.146"", "" 125.422"", ""  64.855""], ["" 129.369"", "" 126.588"", ""  64.942""], ["" 129.084"", "" 127.001"", ""  66.290""], ["" 128.348"", "" 128.091"", ""  66.821""], ["" 127.653"", "" 129.144"", ""  65.972""], ["" 128.257"", "" 128.201"", ""  68.214""], ["" 128.874"", "" 127.264"", ""  69.052""], ["" 129.594"", "" 126.221"", ""  68.556""], ["" 129.676"", "" 126.111"", ""  67.231""], ["" 130.553"", "" 124.809"", ""  66.460""], ["" 130.603"", "" 124.718"", ""  63.655""], ["" 130.155"", "" 125.012"", ""  62.546""], ["" 131.533"", "" 123.755"", ""  63.865""], ["" 131.863"", "" 123.657"", ""  64.814""], ["" 132.131"", "" 122.871"", ""  62.949""], ["" 131.262"", "" 122.235"", ""  62.058""], ["" 133.513"", "" 122.629"", ""  62.863""], ["" 131.759"", "" 121.352"", ""  61.103""], ["" 134.006"", "" 121.746"", ""  61.906""], ["" 133.128"", "" 121.110"", ""  61.033""], ["" 128.912"", "" 127.284"", ""  63.850""], ["" 128.443"", "" 128.174"", ""  63.943""], ["" 129.035"", "" 126.928"", ""  62.913""], ["" 128.798"", "" 127.360"", ""  70.547""], ["" 129.881"", "" 127.851"", ""  71.293""], ["" 127.641"", "" 126.968"", ""  71.244""], ["" 129.816"", "" 127.946"", ""  72.681""], ["" 127.573"", "" 127.059"", ""  72.632""], ["" 128.662"", "" 127.548"", ""  73.345""]]",[],4dd_Grossjean_2025
95,10042,4dg_Grossjean_2025,4h2i_c_4_mae_prepped,2,10,-7.79,-0.25966666666666666,0.0,0.0,5,186.84,-9.29,-9.07,-0.22,-9.29,0.0,-0.56,1.49,-0.56,52,5,0.0,0.0,0.0,10.838279,8.424625,8.482226,-0.06015677,-0.88299488,0.46551176,96.518829,"66.523003, 123.89212, 109.256187, 81.284065, 113.901253, ","[["" 129.601"", "" 125.232"", ""  64.638""], ["" 129.067"", "" 126.524"", ""  64.753""], ["" 128.999"", "" 127.005"", ""  66.107""], ["" 128.525"", "" 128.218"", ""  66.670""], ["" 127.923"", "" 129.355"", ""  65.858""], ["" 128.612"", "" 128.373"", ""  68.059""], ["" 129.156"", "" 127.363"", ""  68.863""], ["" 129.601"", "" 126.190"", ""  68.338""], ["" 129.519"", "" 126.041"", ""  67.016""], ["" 130.062"", "" 124.586"", ""  66.213""], ["" 129.849"", "" 124.456"", ""  63.425""], ["" 130.992"", "" 124.142"", ""  63.086""], ["" 128.760"", "" 124.144"", ""  62.691""], ["" 127.852"", "" 124.366"", ""  63.070""], ["" 128.767"", "" 123.359"", ""  61.457""], ["" 127.530"", "" 123.578"", ""  60.593""], ["" 127.627"", "" 123.475"", ""  59.202""], ["" 126.291"", "" 123.820"", ""  61.193""], ["" 126.493"", "" 123.643"", ""  58.413""], ["" 125.157"", "" 123.989"", ""  60.402""], ["" 125.264"", "" 123.902"", ""  59.016""], ["" 128.639"", "" 127.271"", ""  63.685""], ["" 129.214"", "" 127.989"", ""  63.271""], ["" 127.728"", "" 127.120"", ""  63.273""], ["" 129.262"", "" 127.500"", ""  70.356""], ["" 128.222"", "" 127.067"", ""  71.195""], ["" 130.398"", "" 128.072"", ""  70.956""], ["" 128.314"", "" 127.196"", ""  72.579""], ["" 130.494"", "" 128.201"", ""  72.338""], ["" 129.450"", "" 127.760"", ""  73.146""]]",[],4dg_Grossjean_2025
96,9959,4dj_Grossjean_2025,4h2i_c_4_mae_prepped,1,1,-6.96,-0.24857142857142858,0.0,0.0,1,187.78,-8.16,-7.91,-0.24,-8.16,0.0,-0.45,1.19,-0.45,55,6,0.0,0.0,0.0,10.309091,8.546868,8.94616,0.06195725,0.88495292,-0.46154049,261.381531,"54.533672, 107.857353, 81.33387, 109.001488, ","[["" 129.635"", "" 125.345"", ""  64.736""], ["" 129.091"", "" 126.633"", ""  64.854""], ["" 129.005"", "" 127.109"", ""  66.209""], ["" 128.525"", "" 128.321"", ""  66.770""], ["" 127.946"", "" 129.466"", ""  65.954""], ["" 128.587"", "" 128.466"", ""  68.161""], ["" 129.111"", "" 127.450"", ""  68.969""], ["" 129.564"", "" 126.278"", ""  68.446""], ["" 129.508"", "" 126.138"", ""  67.122""], ["" 130.064"", "" 124.688"", ""  66.317""], ["" 129.875"", "" 124.565"", ""  63.521""], ["" 131.023"", "" 124.359"", ""  63.120""], ["" 128.764"", "" 124.110"", ""  62.891""], ["" 127.871"", "" 124.344"", ""  63.301""], ["" 128.714"", "" 123.355"", ""  61.728""], ["" 129.296"", "" 122.198"", ""  61.490""], ["" 127.775"", "" 123.985"", ""  60.413""], ["" 129.031"", "" 121.764"", ""  60.273""], ["" 128.215"", "" 122.577"", ""  59.493""], ["" 128.673"", "" 127.386"", ""  63.786""], ["" 129.250"", "" 128.109"", ""  63.383""], ["" 127.765"", "" 127.240"", ""  63.365""], ["" 129.184"", "" 127.576"", ""  70.464""], ["" 128.081"", "" 127.249"", ""  71.270""], ["" 130.353"", "" 128.031"", ""  71.101""], ["" 128.142"", "" 127.364"", ""  72.656""], ["" 130.419"", "" 128.148"", ""  72.486""], ["" 129.312"", "" 127.814"", ""  73.259""]]",[],4dj_Grossjean_2025
97,9995,4ea_Grossjean_2025,4h2i_c_4_mae_prepped,3,7,-7.68,-0.22588235294117645,0.0,0.0,20,187.97,-9.77,-9.15,-0.62,-9.77,0.0,-1.36,2.09,-1.36,51,7,0.0,0.0,0.0,9.844261,8.83541,8.612202,0.76977406,-0.35157453,-0.53276941,226.668427,"8.545828, 194.621552, 328.036713, 292.149719, 9.460288, 275.707764, 226.729324, ","[["" 129.714"", "" 127.076"", ""  68.739""], ["" 130.780"", "" 127.748"", ""  69.338""], ["" 130.748"", "" 128.054"", ""  70.695""], ["" 129.647"", "" 127.693"", ""  71.482""], ["" 128.577"", "" 127.017"", ""  70.877""], ["" 128.606"", "" 126.710"", ""  69.519""], ["" 129.856"", "" 126.820"", ""  67.361""], ["" 130.059"", "" 124.544"", ""  67.240""], ["" 130.013"", "" 125.648"", ""  66.697""], ["" 129.836"", "" 127.649"", ""  66.787""], ["" 130.130"", "" 125.767"", ""  65.241""], ["" 130.861"", "" 124.960"", ""  64.355""], ["" 129.284"", "" 127.055"", ""  64.379""], ["" 130.755"", "" 125.361"", ""  62.976""], ["" 129.913"", "" 126.506"", ""  62.843""], ["" 131.316"", "" 124.842"", ""  61.776""], ["" 129.613"", "" 127.122"", ""  61.698""], ["" 131.003"", "" 125.484"", ""  60.573""], ["" 130.166"", "" 126.597"", ""  60.577""], ["" 129.811"", "" 127.312"", ""  59.286""], ["" 131.615"", "" 123.884"", ""  64.748""], ["" 132.229"", "" 123.401"", ""  64.107""], ["" 131.581"", "" 123.536"", ""  65.696""], ["" 132.207"", "" 123.660"", ""  61.757""], ["" 131.725"", "" 122.423"", ""  61.316""], ["" 133.533"", "" 123.772"", ""  62.185""], ["" 132.563"", "" 121.311"", ""  61.295""], ["" 134.373"", "" 122.662"", ""  62.165""], ["" 133.884"", "" 121.436"", ""  61.719""], ["" 129.646"", "" 128.039"", ""  72.943""], ["" 129.337"", "" 127.237"", ""  73.830""], ["" 130.020"", "" 129.320"", ""  73.191""], ["" 129.052"", "" 130.348"", ""  73.359""], ["" 129.755"", "" 131.709"", ""  73.388""]]",[],4ea_Grossjean_2025
98,1955,4eb_Grossjean_2025,4h2i_c_4_mae_prepped,1,2,-7.79,-0.23606060606060605,0.0,0.0,2,187.59,-9.58,-8.99,-0.59,-9.58,0.0,-1.17,1.79,-1.17,54,7,0.0,0.0,0.0,11.164812,8.083383,9.058627,-0.87085707,0.34944575,0.3456814,134.990707,"147.34967, 170.586044, 35.347084, 329.374847, 290.646454, 193.606201, ","[["" 130.051"", "" 126.998"", ""  69.222""], ["" 130.934"", "" 127.756"", ""  69.993""], ["" 130.509"", "" 128.345"", ""  71.180""], ["" 129.189"", "" 128.186"", ""  71.621""], ["" 128.304"", "" 127.423"", ""  70.844""], ["" 128.727"", "" 126.834"", ""  69.656""], ["" 130.591"", "" 126.451"", ""  68.042""], ["" 129.415"", "" 124.511"", ""  67.744""], ["" 130.282"", "" 125.307"", ""  67.383""], ["" 131.324"", "" 127.008"", ""  67.630""], ["" 131.063"", "" 125.055"", ""  66.169""], ["" 130.646"", "" 124.456"", ""  64.970""], ["" 132.763"", "" 125.522"", ""  66.089""], ["" 131.678"", "" 124.363"", ""  63.971""], ["" 132.903"", "" 124.914"", ""  64.454""], ["" 131.694"", "" 123.842"", ""  62.649""], ["" 134.048"", "" 124.980"", ""  63.773""], ["" 132.894"", "" 123.909"", ""  61.930""], ["" 134.024"", "" 124.474"", ""  62.517""], ["" 135.337"", "" 124.560"", ""  61.760""], ["" 129.372"", "" 123.995"", ""  64.751""], ["" 128.812"", "" 123.610"", ""  65.498""], ["" 128.950"", "" 124.026"", ""  63.833""], ["" 130.501"", "" 123.239"", ""  62.012""], ["" 129.515"", "" 124.057"", ""  61.451""], ["" 130.353"", "" 121.849"", ""  61.972""], ["" 128.393"", "" 123.490"", ""  60.850""], ["" 129.233"", "" 121.281"", ""  61.372""], ["" 128.257"", "" 122.104"", ""  60.813""], ["" 128.763"", "" 128.835"", ""  72.907""], ["" 127.713"", "" 128.557"", ""  73.491""], ["" 129.650"", "" 129.758"", ""  73.361""], ["" 129.332"", "" 131.142"", ""  73.355""]]",[],4eb_Grossjean_2025
99,9935,8a_Ghoteimi_2023,4h2i_c_4_mae_prepped,1,1,-8.01,-0.18627906976744185,0.0,0.0,4,187.81,-10.99,-10.44,-0.56,-10.99,0.0,-1.27,2.98,-1.27,58,7,0.0,0.0,0.0,10.633707,9.577224,9.813839,-0.61091817,0.50183335,-0.6123253,252.154938,"197.074127, 133.988892, 84.976311, 176.036026, 208.797913, 64.853226, 162.362579, 304.214386, 74.554306, 209.582825, ","[["" 129.024"", "" 127.648"", ""  71.474""], ["" 127.721"", "" 127.699"", ""  71.972""], ["" 127.490"", "" 127.936"", ""  73.325""], ["" 128.560"", "" 128.128"", ""  74.207""], ["" 129.869"", "" 128.081"", ""  73.703""], ["" 130.102"", "" 127.844"", ""  72.350""], ["" 129.136"", "" 127.398"", ""  70.092""], ["" 128.219"", "" 126.933"", ""  69.208""], ["" 127.062"", "" 126.633"", ""  69.502""], ["" 130.044"", "" 127.612"", ""  69.709""], ["" 128.693"", "" 126.805"", ""  67.826""], ["" 128.839"", "" 127.564"", ""  64.123""], ["" 128.948"", "" 127.129"", ""  65.474""], ["" 129.710"", "" 127.000"", ""  63.185""], ["" 129.923"", "" 126.123"", ""  65.740""], ["" 128.272"", "" 127.513"", ""  66.689""], ["" 130.633"", "" 126.022"", ""  63.560""], ["" 129.959"", "" 125.647"", ""  67.422""], ["" 130.740"", "" 125.577"", ""  64.840""], ["" 127.855"", "" 128.577"", ""  63.664""], ["" 125.962"", "" 130.476"", ""  62.830""], ["" 125.836"", "" 129.139"", ""  62.454""], ["" 127.045"", "" 130.860"", ""  63.637""], ["" 126.772"", "" 128.196"", ""  62.869""], ["" 127.979"", "" 129.914"", ""  64.052""], ["" 124.986"", "" 131.341"", ""  62.372""], ["" 123.761"", "" 130.808"", ""  61.882""], ["" 127.317"", "" 128.498"", ""  66.721""], ["" 127.552"", "" 129.451"", ""  66.960""], ["" 126.350"", "" 128.307"", ""  66.504""], ["" 131.574"", "" 125.411"", ""  62.571""], ["" 131.466"", "" 125.690"", ""  61.201""], ["" 132.584"", "" 124.538"", ""  62.995""], ["" 132.337"", "" 125.109"", ""  60.285""], ["" 133.459"", "" 123.958"", ""  62.080""], ["" 133.338"", "" 124.239"", ""  60.712""], ["" 134.154"", "" 123.707"", ""  59.731""], ["" 133.884"", "" 124.008"", ""  58.366""], ["" 128.275"", "" 128.379"", ""  75.660""], ["" 129.020"", "" 129.037"", ""  76.393""], ["" 127.114"", "" 127.816"", ""  76.085""], ["" 125.959"", "" 128.609"", ""  76.327""], ["" 124.794"", "" 128.081"", ""  75.486""]]",[],8a_Ghoteimi_2023
100,1650,8b_Ghoteimi_2023,4h2i_c_4_mae_prepped,1,10,-7.45,-0.20135135135135135,0.0,0.0,2,186.49,-9.54,-9.02,-0.52,-9.54,0.0,-1.1,2.09,-1.1,51,5,0.0,0.0,0.0,9.500734,9.944231,7.892783,0.84756536,-0.49967929,0.17875563,155.692551,"14.48971, 352.113251, 83.908089, 103.269562, 47.743576, 62.991184, 107.85363, ","[["" 128.248"", "" 128.512"", ""  65.665""], ["" 128.696"", "" 127.341"", ""  64.997""], ["" 129.347"", "" 126.363"", ""  65.803""], ["" 129.856"", "" 124.967"", ""  64.880""], ["" 129.211"", "" 125.658"", ""  63.390""], ["" 128.632"", "" 126.915"", ""  63.623""], ["" 129.566"", "" 126.458"", ""  67.114""], ["" 129.127"", "" 127.587"", ""  67.733""], ["" 128.479"", "" 128.615"", ""  67.040""], ["" 127.551"", "" 129.614"", ""  64.963""], ["" 126.236"", "" 131.694"", ""  63.618""], ["" 127.599"", "" 131.785"", ""  63.903""], ["" 125.531"", "" 130.547"", ""  64.016""], ["" 128.254"", "" 130.755"", ""  64.572""], ["" 126.187"", "" 129.517"", ""  64.684""], ["" 125.671"", "" 132.763"", ""  62.950""], ["" 124.253"", "" 132.881"", ""  62.901""], ["" 128.056"", "" 127.683"", ""  62.643""], ["" 127.099"", "" 127.535"", ""  62.354""], ["" 128.567"", "" 128.419"", ""  62.176""], ["" 129.388"", "" 127.671"", ""  69.204""], ["" 130.643"", "" 128.057"", ""  69.697""], ["" 128.380"", "" 127.362"", ""  70.126""], ["" 130.880"", "" 128.135"", ""  71.065""], ["" 128.613"", "" 127.440"", ""  71.497""], ["" 129.872"", "" 127.830"", ""  71.978""], ["" 130.198"", "" 127.936"", ""  73.317""], ["" 130.977"", "" 126.911"", ""  73.925""], ["" 129.326"", "" 124.928"", ""  62.126""], ["" 128.165"", "" 124.424"", ""  61.637""], ["" 130.420"", "" 124.801"", ""  61.569""], ["" 127.330"", "" 124.591"", ""  62.178""], ["" 127.985"", "" 123.694"", ""  60.470""], ["" 128.521"", "" 122.513"", ""  60.202""], ["" 127.194"", "" 124.134"", ""  59.411""], ["" 128.074"", "" 122.149"", ""  58.930""], ["" 127.273"", "" 123.136"", ""  58.466""]]",[],8b_Ghoteimi_2023
101,10201,8c_Ghoteimi_2023,4h2i_c_4_mae_prepped,1,1,-7.42,-0.20054054054054055,0.0,0.0,3,187.37,-9.5,-8.98,-0.53,-9.5,0.0,-1.01,2.09,-1.01,67,7,0.0,0.0,0.0,9.791918,9.766189,8.656213,-0.83930367,0.45067287,-0.30407779,194.707153,"44.751579, 20.792034, 93.813431, 111.80172, 230.776184, 100.307579, 239.249573, ","[["" 128.217"", "" 128.238"", ""  66.248""], ["" 129.002"", "" 127.164"", ""  65.750""], ["" 129.557"", "" 126.280"", ""  66.720""], ["" 130.502"", "" 125.000"", ""  65.996""], ["" 130.180"", "" 125.615"", ""  64.374""], ["" 129.374"", "" 126.764"", ""  64.418""], ["" 129.397"", "" 126.379"", ""  68.040""], ["" 128.639"", "" 127.413"", ""  68.495""], ["" 128.051"", "" 128.343"", ""  67.633""], ["" 127.574"", "" 129.235"", ""  65.363""], ["" 126.361"", "" 131.114"", ""  63.673""], ["" 127.747"", "" 131.098"", ""  63.833""], ["" 125.580"", "" 130.178"", ""  64.371""], ["" 128.352"", "" 130.168"", ""  64.672""], ["" 126.187"", "" 129.247"", ""  65.210""], ["" 125.848"", "" 132.070"", ""  62.818""], ["" 124.700"", "" 132.811"", ""  63.213""], ["" 128.970"", "" 127.454"", ""  63.303""], ["" 128.083"", "" 127.263"", ""  62.858""], ["" 129.544"", "" 128.173"", ""  62.887""], ["" 128.481"", "" 127.503"", ""  69.980""], ["" 127.355"", "" 126.970"", ""  70.624""], ["" 129.461"", "" 128.125"", ""  70.766""], ["" 127.215"", "" 127.054"", ""  72.006""], ["" 129.324"", "" 128.209"", ""  72.149""], ["" 128.194"", "" 127.671"", ""  72.781""], ["" 127.973"", "" 127.706"", ""  74.145""], ["" 126.916"", "" 128.510"", ""  74.656""], ["" 130.739"", "" 124.938"", ""  63.202""], ["" 131.569"", "" 125.690"", ""  62.437""], ["" 130.456"", "" 123.763"", ""  62.958""], ["" 131.731"", "" 126.643"", ""  62.730""], ["" 132.225"", "" 125.295"", ""  61.280""], ["" 131.876"", "" 125.530"", ""  60.033""], ["" 133.684"", "" 124.378"", ""  61.470""], ["" 132.735"", "" 125.006"", ""  59.183""], ["" 133.814"", "" 124.324"", ""  59.737""]]",[],8c_Ghoteimi_2023
102,9930,8d_Ghoteimi_2023,4h2i_c_4_mae_prepped,1,5,-6.62,-0.206875,0.0,0.0,2,187.99,-8.71,-8.47,-0.24,-8.71,0.0,-0.92,2.09,-0.92,52,8,0.0,0.0,0.0,9.432997,10.233451,9.030823,-0.61208143,0.31532433,0.72520817,138.886841,"357.09137, 158.103409, 197.081802, 163.642349, 132.41716, 200.096924, 258.986603, ","[["" 128.684"", "" 127.554"", ""  66.888""], ["" 129.309"", "" 126.685"", ""  65.956""], ["" 129.112"", "" 126.982"", ""  64.578""], ["" 129.925"", "" 125.852"", ""  63.520""], ["" 130.553"", "" 124.951"", ""  64.902""], ["" 130.136"", "" 125.520"", ""  66.111""], ["" 128.394"", "" 127.999"", ""  64.101""], ["" 127.801"", "" 128.818"", ""  65.011""], ["" 127.933"", "" 128.623"", ""  66.389""], ["" 128.798"", "" 127.369"", ""  68.354""], ["" 129.006"", "" 127.029"", ""  71.129""], ["" 127.792"", "" 126.806"", ""  70.478""], ["" 130.124"", "" 127.425"", ""  70.375""], ["" 127.687"", "" 126.971"", ""  69.100""], ["" 130.016"", "" 127.591"", ""  68.997""], ["" 129.016"", "" 126.841"", ""  72.497""], ["" 130.239"", "" 126.988"", ""  73.209""], ["" 130.487"", "" 125.020"", ""  67.340""], ["" 129.984"", "" 125.279"", ""  68.178""], ["" 131.254"", "" 124.373"", ""  67.450""], ["" 127.005"", "" 129.954"", ""  64.450""], ["" 125.608"", "" 129.880"", ""  64.349""], ["" 127.640"", "" 131.122"", ""  64.011""], ["" 124.873"", "" 130.939"", ""  63.825""], ["" 126.908"", "" 132.184"", ""  63.487""], ["" 125.512"", "" 132.099"", ""  63.389""], ["" 124.703"", "" 133.098"", ""  62.884""], ["" 123.368"", "" 132.784"", ""  62.500""], ["" 131.403"", "" 123.761"", ""  64.682""], ["" 132.602"", "" 123.833"", ""  64.401""], ["" 130.725"", "" 122.592"", ""  64.822""], ["" 129.307"", "" 122.559"", ""  64.733""]]",[],8d_Ghoteimi_2023
103,1931,9a_Ghoteimi_2023,4h2i_c_4_mae_prepped,1,11,-8.32,-0.1631372549019608,0.0,0.0,10,186.59,-11.31,-11.08,-0.23,-11.31,0.0,-1.6,2.98,-1.6,98,10,0.0,0.0,0.0,9.703413,8.908293,8.652732,-0.37417337,-0.75273944,-0.54164345,140.464691,"73.287224, 156.501175, 61.417698, 349.618439, 147.623596, 281.436127, 144.347748, 138.632446, 295.17868, 292.786407, ","[["" 128.065"", "" 127.453"", ""  71.384""], ["" 129.116"", "" 127.847"", ""  72.212""], ["" 128.879"", "" 128.181"", ""  73.542""], ["" 127.584"", "" 128.128"", ""  74.072""], ["" 126.528"", "" 127.728"", ""  73.238""], ["" 126.763"", "" 127.394"", ""  71.906""], ["" 128.421"", "" 127.140"", ""  70.058""], ["" 129.374"", "" 127.675"", ""  69.254""], ["" 130.131"", "" 128.586"", ""  69.590""], ["" 127.875"", "" 126.394"", ""  69.652""], ["" 129.465"", "" 127.086"", ""  67.915""], ["" 128.978"", "" 127.595"", ""  66.701""], ["" 129.254"", "" 126.758"", ""  65.560""], ["" 130.261"", "" 125.530"", ""  67.679""], ["" 128.970"", "" 126.885"", ""  64.170""], ["" 129.935"", "" 125.572"", ""  65.962""], ["" 129.340"", "" 125.829"", ""  63.330""], ["" 130.303"", "" 124.577"", ""  65.156""], ["" 129.991"", "" 124.702"", ""  63.839""], ["" 128.285"", "" 128.775"", ""  66.601""], ["" 127.288"", "" 128.795"", ""  66.441""], ["" 128.752"", "" 129.667"", ""  66.683""], ["" 128.313"", "" 128.075"", ""  63.572""], ["" 128.920"", "" 128.772"", ""  62.525""], ["" 127.062"", "" 128.495"", ""  64.030""], ["" 128.296"", "" 129.879"", ""  61.957""], ["" 126.437"", "" 129.599"", ""  63.459""], ["" 127.038"", "" 130.308"", ""  62.409""], ["" 126.398"", "" 131.423"", ""  61.862""], ["" 126.929"", "" 132.771"", ""  62.148""], ["" 124.927"", "" 131.486"", ""  61.751""], ["" 126.382"", "" 133.857"", ""  61.199""], ["" 124.432"", "" 132.607"", ""  60.812""], ["" 124.963"", "" 133.856"", ""  61.225""], ["" 130.403"", "" 123.569"", ""  62.955""], ["" 131.758"", "" 123.307"", ""  62.722""], ["" 129.455"", "" 122.745"", ""  62.338""], ["" 132.151"", "" 122.253"", ""  61.901""], ["" 129.847"", "" 121.690"", ""  61.520""], ["" 131.204"", "" 121.413"", ""  61.294""], ["" 131.583"", "" 120.363"", ""  60.452""], ["" 132.950"", "" 120.271"", ""  59.901""], ["" 131.055"", "" 119.003"", ""  60.691""], ["" 133.083"", "" 119.276"", ""  58.728""], ["" 131.237"", "" 118.049"", ""  59.493""], ["" 132.604"", "" 118.000"", ""  59.117""], ["" 127.363"", "" 128.496"", ""  75.511""], ["" 127.778"", "" 127.817"", ""  76.456""], ["" 126.669"", "" 129.652"", ""  75.670""], ["" 125.379"", "" 129.658"", ""  76.269""], ["" 124.560"", "" 128.482"", ""  75.727""]]",[],9a_Ghoteimi_2023
104,9738,9b_Ghoteimi_2023,4h2i_c_4_mae_prepped,1,3,-9.23,-0.20511111111111113,0.0,0.0,6,188.94,-11.32,-10.88,-0.44,-11.32,0.0,-1.5,2.09,-1.5,55,5,0.0,0.0,0.0,9.198395,10.618662,8.55337,0.72307169,-0.03795019,-0.68972974,144.261551,"88.052139, 92.603958, 105.7145, 175.099899, 150.293381, 84.34462, 52.017269, ","[["" 128.672"", "" 126.977"", ""  63.626""], ["" 129.297"", "" 125.740"", ""  63.400""], ["" 129.900"", "" 125.047"", ""  64.905""], ["" 129.298"", "" 126.405"", ""  65.825""], ["" 129.430"", "" 126.465"", ""  67.149""], ["" 128.911"", "" 127.555"", ""  67.772""], ["" 128.288"", "" 128.590"", ""  67.070""], ["" 128.164"", "" 128.540"", ""  65.676""], ["" 128.670"", "" 127.391"", ""  65.007""], ["" 128.093"", "" 127.724"", ""  62.631""], ["" 128.604"", "" 128.444"", ""  62.139""], ["" 127.132"", "" 127.579"", ""  62.355""], ["" 129.482"", "" 125.028"", ""  62.133""], ["" 128.362"", "" 124.474"", ""  61.607""], ["" 130.595"", "" 124.960"", ""  61.607""], ["" 127.506"", "" 124.585"", ""  62.130""], ["" 128.247"", "" 123.759"", ""  60.422""], ["" 128.352"", "" 122.446"", ""  60.293""], ["" 128.002"", "" 124.362"", ""  59.189""], ["" 128.174"", "" 122.159"", ""  58.940""], ["" 127.963"", "" 123.326"", ""  58.285""], ["" 127.520"", "" 129.679"", ""  64.974""], ["" 128.275"", "" 130.789"", ""  64.592""], ["" 126.162"", "" 129.640"", ""  64.655""], ["" 127.678"", "" 131.849"", ""  63.917""], ["" 125.565"", "" 130.701"", ""  63.979""], ["" 126.309"", "" 131.830"", ""  63.606""], ["" 125.693"", "" 132.876"", ""  62.916""], ["" 126.390"", "" 133.496"", ""  61.772""], ["" 124.239"", "" 132.881"", ""  62.662""], ["" 125.799"", "" 134.864"", ""  61.369""], ["" 123.698"", "" 134.262"", ""  62.233""], ["" 124.412"", "" 134.732"", ""  61.099""], ["" 129.055"", "" 127.588"", ""  69.259""], ["" 130.200"", "" 128.120"", ""  69.864""], ["" 128.046"", "" 127.081"", ""  70.084""], ["" 130.335"", "" 128.135"", ""  71.249""], ["" 128.183"", "" 127.091"", ""  71.469""], ["" 129.337"", "" 127.605"", ""  72.080""], ["" 129.457"", "" 127.615"", ""  73.474""], ["" 128.964"", "" 128.750"", ""  74.280""], ["" 130.663"", "" 127.040"", ""  74.106""], ["" 128.862"", "" 128.445"", ""  75.789""], ["" 130.514"", "" 126.790"", ""  75.622""], ["" 130.110"", "" 127.982"", ""  76.276""]]",[],9b_Ghoteimi_2023
105,10493,9c_Ghoteimi_2023,4h2i_c_4_mae_prepped,1,7,-9.09,-0.20199999999999999,0.0,0.0,8,189.03,-11.18,-10.8,-0.38,-11.18,0.0,-1.42,2.09,-1.42,64,5,0.0,0.0,0.0,9.176615,10.626838,8.479652,0.71957643,-0.03322431,-0.69361799,144.902802,"84.55117, 103.467247, 114.843285, 179.660263, 149.227509, 87.825462, 51.611752, ","[["" 128.620"", "" 127.023"", ""  63.541""], ["" 129.240"", "" 125.790"", ""  63.291""], ["" 129.857"", "" 125.071"", ""  64.778""], ["" 129.265"", "" 126.415"", ""  65.726""], ["" 129.412"", "" 126.455"", ""  67.049""], ["" 128.901"", "" 127.536"", ""  67.694""], ["" 128.273"", "" 128.582"", ""  67.015""], ["" 128.137"", "" 128.555"", ""  65.623""], ["" 128.633"", "" 127.415"", ""  64.929""], ["" 128.035"", "" 127.788"", ""  62.564""], ["" 128.526"", "" 128.549"", ""  62.116""], ["" 127.088"", "" 127.616"", ""  62.259""], ["" 129.409"", "" 125.096"", ""  62.010""], ["" 128.261"", "" 124.712"", ""  61.401""], ["" 130.533"", "" 124.896"", ""  61.545""], ["" 127.393"", "" 124.918"", ""  61.874""], ["" 128.140"", "" 124.057"", ""  60.183""], ["" 127.900"", "" 122.781"", ""  59.972""], ["" 128.334"", "" 125.013"", ""  58.748""], ["" 127.857"", "" 122.503"", ""  58.683""], ["" 128.067"", "" 123.571"", ""  57.815""], ["" 127.490"", "" 129.706"", ""  64.944""], ["" 128.241"", "" 130.829"", ""  64.592""], ["" 126.133"", "" 129.667"", ""  64.617""], ["" 127.641"", "" 131.903"", ""  63.940""], ["" 125.534"", "" 130.742"", ""  63.966""], ["" 126.273"", "" 131.884"", ""  63.625""], ["" 125.653"", "" 132.946"", ""  62.961""], ["" 126.305"", "" 133.533"", ""  61.774""], ["" 124.188"", "" 132.995"", ""  62.788""], ["" 125.734"", "" 134.913"", ""  61.385""], ["" 123.667"", "" 134.387"", ""  62.369""], ["" 124.330"", "" 134.821"", ""  61.192""], ["" 129.061"", "" 127.544"", ""  69.180""], ["" 130.214"", "" 128.060"", ""  69.782""], ["" 128.055"", "" 127.034"", ""  70.008""], ["" 130.362"", "" 128.057"", ""  71.165""], ["" 128.204"", "" 127.026"", ""  71.392""], ["" 129.365"", "" 127.525"", ""  71.999""], ["" 129.496"", "" 127.521"", ""  73.393""], ["" 128.960"", "" 128.622"", ""  74.219""], ["" 130.730"", "" 126.990"", ""  74.009""], ["" 128.879"", "" 128.291"", ""  75.724""], ["" 130.600"", "" 126.711"", ""  75.522""], ["" 130.150"", "" 127.875"", ""  76.196""]]",[],9c_Ghoteimi_2023
106,9723,9d_Ghoteimi_2023,4h2i_c_4_mae_prepped,1,11,-8.86,-0.22149999999999997,0.0,0.0,13,192.55,-10.95,-10.69,-0.25,-10.95,0.0,-1.33,2.09,-1.33,73,7,0.0,0.0,0.0,9.312953,11.015658,9.365706,-0.75021355,0.49451607,-0.4389003,108.627998,"45.55405, 192.702606, 75.97113, 339.161926, 15.304416, 43.980873, 121.169136, ","[["" 129.976"", "" 125.274"", ""  66.132""], ["" 130.246"", "" 124.583"", ""  64.945""], ["" 129.723"", "" 125.503"", ""  63.535""], ["" 129.131"", "" 126.797"", ""  64.549""], ["" 128.537"", "" 127.872"", ""  64.033""], ["" 128.096"", "" 128.814"", ""  64.908""], ["" 128.281"", "" 128.694"", ""  66.288""], ["" 128.922"", "" 127.576"", ""  66.833""], ["" 129.354"", "" 126.558"", ""  65.938""], ["" 130.258"", "" 124.764"", ""  67.373""], ["" 129.586"", "" 124.796"", ""  68.127""], ["" 131.149"", "" 124.332"", ""  67.576""], ["" 130.870"", "" 123.253"", ""  64.767""], ["" 130.277"", "" 122.195"", ""  64.993""], ["" 132.154"", "" 123.326"", ""  64.329""], ["" 132.863"", "" 124.556"", ""  64.354""], ["" 129.117"", "" 127.513"", ""  68.306""], ["" 130.359"", "" 127.806"", ""  68.874""], ["" 128.049"", "" 127.188"", ""  69.143""], ["" 130.531"", "" 127.763"", ""  70.255""], ["" 128.220"", "" 127.147"", ""  70.523""], ["" 129.462"", "" 127.441"", ""  71.105""], ["" 129.612"", "" 127.382"", ""  72.493""], ["" 128.957"", "" 128.407"", ""  73.329""], ["" 130.890"", "" 126.987"", ""  73.113""], ["" 128.872"", "" 128.013"", ""  74.820""], ["" 130.755"", "" 126.624"", ""  74.607""], ["" 130.166"", "" 127.704"", ""  75.316""], ["" 127.409"", "" 129.999"", ""  64.308""], ["" 128.129"", "" 131.160"", ""  64.010""], ["" 126.036"", "" 129.983"", ""  64.036""], ["" 127.498"", "" 132.270"", ""  63.453""], ["" 125.406"", "" 131.091"", ""  63.476""], ["" 126.125"", "" 132.253"", ""  63.162""], ["" 125.474"", "" 133.366"", ""  62.618""], ["" 126.119"", "" 134.207"", ""  61.589""], ["" 124.016"", "" 133.317"", ""  62.383""], ["" 125.419"", "" 135.563"", ""  61.362""], ["" 123.379"", "" 134.700"", ""  62.130""], ["" 124.048"", "" 135.358"", ""  61.066""]]",[],9d_Ghoteimi_2023
107,10030,RR10_Rahimova_2017,4h2i_c_4_mae_prepped,1,1,-9.84,-0.2733333333333333,0.0,0.0,1,189.42,-11.34,-11.15,-0.19,-11.34,0.0,-1.32,1.49,-1.32,62,9,0.0,0.0,0.0,13.536497,5.633654,3.786503,0.56875629,0.1543689,-0.80789017,176.24826,"23.177502, 112.979881, 240.142593, 354.19635, 207.343384, ","[["" 132.945"", "" 124.573"", ""  61.308""], ["" 132.157"", "" 125.827"", ""  61.195""], ["" 131.449"", "" 125.844"", ""  59.818""], ["" 132.490"", "" 125.779"", ""  58.670""], ["" 133.381"", "" 124.526"", ""  58.851""], ["" 133.998"", "" 124.438"", ""  60.266""], ["" 133.485"", "" 124.191"", ""  62.952""], ["" 134.623"", "" 125.062"", ""  63.272""], ["" 133.619"", "" 122.733"", ""  63.055""], ["" 132.133"", "" 124.697"", ""  64.016""], ["" 132.403"", "" 125.171"", ""  65.305""], ["" 130.819"", "" 124.601"", ""  63.546""], ["" 131.322"", "" 125.562"", ""  66.109""], ["" 129.722"", "" 124.982"", ""  64.325""], ["" 130.003"", "" 125.463"", ""  65.605""], ["" 131.328"", "" 126.061"", ""  67.384""], ["" 129.226"", "" 125.928"", ""  66.640""], ["" 130.064"", "" 126.276"", ""  67.679""], ["" 128.221"", "" 126.022"", ""  66.682""], ["" 129.580"", "" 126.836"", ""  68.985""], ["" 130.440"", "" 127.588"", ""  69.797""], ["" 128.263"", "" 126.615"", ""  69.409""], ["" 129.992"", "" 128.111"", ""  71.007""], ["" 127.813"", "" 127.138"", ""  70.619""], ["" 128.680"", "" 127.883"", ""  71.413""], ["" 130.623"", "" 127.141"", ""  59.686""], ["" 131.281"", "" 128.238"", ""  59.270""], ["" 129.422"", "" 127.144"", ""  59.967""], ["" 132.284"", "" 128.181"", ""  59.161""], ["" 130.695"", "" 129.576"", ""  59.116""], ["" 130.362"", "" 130.241"", ""  60.479""], ["" 131.653"", "" 130.510"", ""  58.333""], ["" 131.635"", "" 130.568"", ""  61.291""], ["" 132.930"", "" 130.842"", ""  59.138""], ["" 132.576"", "" 131.500"", ""  60.492""], ["" 133.834"", "" 131.872"", ""  61.296""]]",[],RR10_Rahimova_2017
108,10948,RR11_Rahimova_2017,4h2i_c_4_mae_prepped,1,6,-8.19,-0.21,0.0,0.0,1,190.23,-9.98,-9.95,-0.03,-9.98,0.0,-0.53,1.79,-0.53,64,9,0.0,0.0,0.0,12.960468,9.552091,5.891661,-0.66007898,-0.50966731,0.55184687,278.704651,"239.385025, 339.761993, 30.304712, 175.910172, 289.438232, 272.857544, ","[["" 132.236"", "" 123.001"", ""  61.901""], ["" 131.481"", "" 123.364"", ""  63.171""], ["" 130.231"", "" 125.543"", ""  66.941""], ["" 131.221"", "" 125.772"", ""  66.008""], ["" 129.534"", "" 124.462"", ""  66.663""], ["" 131.151"", "" 124.776"", ""  65.063""], ["" 130.077"", "" 123.968"", ""  65.506""], ["" 131.876"", "" 124.492"", ""  63.903""], ["" 129.713"", "" 122.834"", ""  64.768""], ["" 130.430"", "" 122.548"", ""  63.604""], ["" 131.856"", "" 126.555"", ""  66.055""], ["" 129.982"", "" 126.434"", ""  68.124""], ["" 129.513"", "" 128.108"", ""  70.313""], ["" 128.487"", "" 127.302"", ""  69.825""], ["" 130.772"", "" 128.081"", ""  69.719""], ["" 128.722"", "" 126.468"", ""  68.734""], ["" 131.006"", "" 127.247"", ""  68.629""], ["" 129.278"", "" 128.947"", ""  71.401""], ["" 128.998"", "" 128.547"", ""  72.286""], ["" 129.425"", "" 129.942"", ""  71.303""], ["" 132.226"", "" 124.117"", ""  60.865""], ["" 131.568"", "" 125.319"", ""  61.150""], ["" 132.901"", "" 123.943"", ""  59.650""], ["" 131.579"", "" 126.331"", ""  60.181""], ["" 132.934"", "" 124.935"", ""  58.667""], ["" 132.260"", "" 126.123"", ""  58.958""], ["" 131.000"", "" 127.573"", ""  60.219""], ["" 132.058"", "" 127.297"", ""  58.270""], ["" 131.296"", "" 128.129"", ""  59.064""], ["" 132.383"", "" 127.552"", ""  57.350""], ["" 130.858"", "" 129.502"", ""  58.648""], ["" 129.504"", "" 129.774"", ""  58.410""], ["" 131.797"", "" 130.530"", ""  58.488""], ["" 129.097"", "" 131.046"", ""  58.019""], ["" 131.392"", "" 131.803"", ""  58.097""], ["" 130.042"", "" 132.059"", ""  57.863""], ["" 129.635"", "" 133.332"", ""  57.468""], ["" 128.661"", "" 133.500"", ""  57.259""], ["" 130.311"", "" 134.081"", ""  57.436""]]",[],RR11_Rahimova_2017
109,1622,RR11_Rahimova_2017-again1,4h2i_c_4_mae_prepped,1,16,-8.94,-0.22349999999999998,0.0,0.0,7,184.76,-10.73,-9.66,-1.07,-10.73,0.0,-0.28,1.79,-0.28,66,11,0.0,0.0,0.0,9.77256,8.231018,4.435004,-0.8231564,0.42675679,0.37455597,130.049088,"228.257172, 160.496323, 215.81839, 334.906219, 320.798523, 85.31308, ","[["" 132.143"", "" 122.955"", ""  62.019""], ["" 131.404"", "" 123.342"", ""  63.292""], ["" 130.205"", "" 125.585"", ""  67.040""], ["" 131.165"", "" 125.813"", ""  66.077""], ["" 129.499"", "" 124.506"", ""  66.786""], ["" 131.080"", "" 124.804"", ""  65.146""], ["" 130.018"", "" 123.999"", ""  65.623""], ["" 131.784"", "" 124.504"", ""  63.978""], ["" 129.641"", "" 122.856"", ""  64.907""], ["" 130.346"", "" 122.545"", ""  63.743""], ["" 131.803"", "" 126.596"", ""  66.103""], ["" 130.005"", "" 126.466"", ""  68.240""], ["" 129.628"", "" 128.116"", ""  70.465""], ["" 130.821"", "" 128.180"", ""  69.749""], ["" 128.622"", "" 127.233"", ""  70.078""], ["" 131.009"", "" 127.357"", ""  68.641""], ["" 128.811"", "" 126.411"", ""  68.970""], ["" 129.437"", "" 128.941"", ""  71.572""], ["" 129.664"", "" 129.923"", ""  71.505""], ["" 129.113"", "" 128.540"", ""  72.440""], ["" 132.142"", "" 124.067"", ""  60.979""], ["" 131.445"", "" 125.252"", ""  61.245""], ["" 132.816"", "" 123.879"", ""  59.767""], ["" 131.483"", "" 126.243"", ""  60.260""], ["" 132.852"", "" 124.864"", ""  58.776""], ["" 132.174"", "" 126.055"", ""  59.052""], ["" 130.932"", "" 127.515"", ""  60.211""], ["" 132.016"", "" 127.222"", ""  58.316""], ["" 131.259"", "" 128.127"", ""  59.023""], ["" 130.374"", "" 127.972"", ""  60.917""], ["" 132.388"", "" 127.425"", ""  57.399""], ["" 130.874"", "" 129.506"", ""  58.594""], ["" 129.588"", "" 129.991"", ""  58.859""], ["" 131.795"", "" 130.326"", ""  57.930""], ["" 129.227"", "" 131.278"", ""  58.469""], ["" 131.435"", "" 131.613"", ""  57.540""], ["" 130.152"", "" 132.087"", ""  57.811""], ["" 129.790"", "" 133.377"", ""  57.425""], ["" 130.504"", "" 134.084"", ""  57.323""], ["" 128.817"", "" 133.598"", ""  57.278""]]",[],RR11_Rahimova_2017-again1
110,1860,RR11_Rahimova_2017-again2,4h2i_c_4_mae_prepped,1,8,-9.38,-0.22878048780487806,0.0,0.0,8,184.43,-11.17,-8.98,-2.19,-11.17,0.0,0.07,1.79,0.07,71,12,0.0,0.0,0.0,12.945289,9.594526,5.975157,-0.0596512,-0.59484385,-0.80162493,86.843903,"124.459373, 332.61615, 274.606476, 35.911007, 342.758423, 31.993145, ","[["" 132.339"", "" 123.088"", ""  61.890""], ["" 132.275"", "" 124.234"", ""  60.888""], ["" 131.281"", "" 128.352"", ""  59.113""], ["" 131.066"", "" 127.722"", ""  60.318""], ["" 131.979"", "" 127.462"", ""  58.330""], ["" 131.613"", "" 126.446"", ""  60.294""], ["" 132.197"", "" 126.281"", ""  59.027""], ["" 131.647"", "" 125.431"", ""  61.253""], ["" 132.842"", "" 125.094"", ""  58.668""], ["" 132.867"", "" 124.080"", ""  59.628""], ["" 130.570"", "" 128.164"", ""  61.078""], ["" 132.264"", "" 127.682"", ""  57.387""], ["" 130.834"", "" 129.725"", ""  58.730""], ["" 129.987"", "" 132.283"", ""  58.000""], ["" 131.098"", "" 131.717"", ""  57.378""], ["" 129.299"", "" 131.581"", ""  58.987""], ["" 131.520"", "" 130.441"", ""  57.741""], ["" 129.722"", "" 130.305"", ""  59.351""], ["" 129.560"", "" 133.558"", ""  57.631""], ["" 130.198"", "" 134.337"", ""  57.706""], ["" 128.598"", "" 133.701"", ""  57.357""], ["" 131.591"", "" 123.391"", ""  63.181""], ["" 131.945"", "" 124.521"", ""  63.930""], ["" 130.580"", "" 122.525"", ""  63.612""], ["" 131.223"", "" 124.755"", ""  65.103""], ["" 129.859"", "" 122.751"", ""  64.787""], ["" 130.200"", "" 123.889"", ""  65.522""], ["" 131.300"", "" 125.768"", ""  66.050""], ["" 129.693"", "" 124.411"", ""  66.705""], ["" 130.360"", "" 125.569"", ""  67.034""], ["" 131.929"", "" 126.558"", ""  66.055""], ["" 128.945"", "" 124.038"", ""  67.272""], ["" 130.107"", "" 126.443"", ""  68.219""], ["" 131.081"", "" 127.352"", ""  68.646""], ["" 128.890"", "" 126.365"", ""  68.908""], ["" 130.842"", "" 128.175"", ""  69.744""], ["" 128.650"", "" 127.187"", ""  70.006""], ["" 129.626"", "" 128.092"", ""  70.421""], ["" 129.384"", "" 128.919"", ""  71.517""], ["" 128.824"", "" 128.578"", ""  72.284""], ["" 129.716"", "" 129.873"", ""  71.501""]]",[],RR11_Rahimova_2017-again2
111,2646,RR12_Rahimova_2017,4h2i_c_4_mae_prepped,1,8,-6.69,-0.2477777777777778,0.0,0.0,2,186.82,-9.37,-9.32,-0.05,-9.37,0.0,-2.44,2.68,-2.44,53,4,0.0,0.0,0.0,8.376376,5.279897,7.831881,0.03600431,0.82000126,0.57122818,128.262192,"52.769928, 248.19371, 201.732346, 320.657318, 262.38974, 241.00708, 358.44162, 237.250351, 354.791718, ","[["" 128.887"", "" 122.883"", ""  63.968""], ["" 130.064"", "" 122.359"", ""  64.811""], ["" 131.245"", "" 123.221"", ""  64.777""], ["" 130.174"", "" 125.221"", ""  64.760""], ["" 131.218"", "" 124.566"", ""  64.756""], ["" 132.141"", "" 122.754"", ""  64.775""], ["" 132.588"", "" 125.257"", ""  64.731""], ["" 133.570"", "" 124.351"", ""  64.226""], ["" 133.478"", "" 123.914"", ""  62.918""], ["" 133.483"", "" 122.531"", ""  62.724""], ["" 133.381"", "" 124.763"", ""  61.803""], ["" 133.391"", "" 121.995"", ""  61.442""], ["" 133.288"", "" 124.229"", ""  60.520""], ["" 133.293"", "" 122.847"", ""  60.346""], ["" 129.010"", "" 122.514"", ""  62.478""], ["" 127.775"", "" 122.898"", ""  61.682""], ["" 126.586"", "" 122.999"", ""  62.224""], ["" 127.782"", "" 123.158"", ""  60.320""], ["" 125.762"", "" 123.366"", ""  61.196""], ["" 126.481"", "" 123.482"", ""  59.980""], ["" 124.383"", "" 123.624"", ""  61.220""], ["" 125.859"", "" 123.853"", ""  58.782""], ["" 123.763"", "" 123.993"", ""  60.025""], ["" 124.487"", "" 124.104"", ""  58.838""], ["" 128.934"", "" 123.159"", ""  59.421""], ["" 129.472"", "" 124.588"", ""  59.225""], ["" 129.957"", "" 125.221"", ""  60.537""]]",[],RR12_Rahimova_2017
112,9726,RR13_Rahimova_2017,4h2i_c_4_mae_prepped,1,5,-12.5,-0.2604166666666667,0.0,0.0,2,185.83,-16.08,-15.99,-0.09,-16.08,0.0,-4.09,3.58,-4.09,79,10,0.0,0.0,0.0,9.268866,10.429012,6.360741,0.09759208,-0.39356033,-0.91410396,268.029663,"300.820709, 177.591217, 75.598183, 355.178589, 306.284393, 0.336638, 325.904205, 90.633331, 206.922226, 20.020943, 9.896725, 53.507969, ","[["" 129.236"", "" 126.558"", ""  63.431""], ["" 128.683"", "" 127.447"", ""  64.470""], ["" 128.382"", "" 128.849"", ""  63.889""], ["" 127.384"", "" 128.760"", ""  62.811""], ["" 127.942"", "" 127.875"", ""  61.773""], ["" 128.232"", "" 126.473"", ""  62.357""], ["" 129.642"", "" 125.259"", ""  64.020""], ["" 129.874"", "" 124.152"", ""  62.968""], ["" 129.764"", "" 122.787"", ""  63.300""], ["" 130.003"", "" 121.808"", ""  62.332""], ["" 130.360"", "" 122.169"", ""  61.036""], ["" 130.246"", "" 124.496"", ""  61.658""], ["" 130.483"", "" 123.514"", ""  60.698""], ["" 129.351"", "" 122.258"", ""  64.896""], ["" 130.852"", "" 125.394"", ""  64.956""], ["" 132.116"", "" 125.457"", ""  64.601""], ["" 130.766"", "" 125.396"", ""  66.332""], ["" 132.841"", "" 125.546"", ""  65.785""], ["" 131.985"", "" 125.516"", ""  66.869""], ["" 129.584"", "" 125.370"", ""  67.186""], ["" 129.106"", "" 126.805"", ""  67.479""], ["" 129.384"", "" 127.221"", ""  68.915""], ["" 128.383"", "" 127.100"", ""  69.883""], ["" 130.638"", "" 127.731"", ""  69.262""], ["" 128.636"", "" 127.488"", ""  71.196""], ["" 130.890"", "" 128.119"", ""  70.576""], ["" 129.889"", "" 127.995"", ""  71.536""], ["" 127.004"", "" 130.090"", ""  62.281""], ["" 127.642"", "" 131.249"", ""  63.050""], ["" 127.557"", "" 131.442"", ""  64.346""], ["" 128.442"", "" 132.226"", ""  62.495""], ["" 128.294"", "" 132.592"", ""  64.610""], ["" 128.840"", "" 133.083"", ""  63.442""], ["" 128.822"", "" 132.446"", ""  61.104""], ["" 129.645"", "" 131.257"", ""  60.576""], ["" 131.131"", "" 131.417"", ""  60.856""], ["" 132.047"", "" 131.384"", ""  59.801""], ["" 131.577"", "" 131.606"", ""  62.168""], ["" 133.407"", "" 131.538"", ""  60.057""], ["" 132.937"", "" 131.759"", ""  62.423""], ["" 133.846"", "" 131.724"", ""  61.367""], ["" 125.487"", "" 130.333"", ""  62.117""], ["" 125.045"", "" 130.807"", ""  60.874""], ["" 124.530"", "" 130.118"", ""  63.137""], ["" 123.692"", "" 131.038"", ""  60.631""], ["" 123.176"", "" 130.350"", ""  62.882""], ["" 122.756"", "" 130.804"", ""  61.635""], ["" 124.958"", "" 129.620"", ""  64.739""]]",[],RR13_Rahimova_2017
113,9790,RR14_Rahimova_2017,4h2i_c_4_mae_prepped,1,9,-8.33,-0.20825,0.0,0.0,1,188.19,-11.61,-11.15,-0.46,-11.61,0.0,-1.89,3.28,-1.89,72,12,0.0,0.0,0.0,11.817644,7.797219,6.870652,0.22505371,0.81240419,-0.53791287,244.523621,"168.41275, 35.010834, 312.951111, 117.993279, 47.951447, 321.807587, 37.387123, 88.19429, 292.099274, 211.040573, 34.030628, ","[["" 129.778"", "" 124.998"", ""  66.523""], ["" 130.438"", "" 124.579"", ""  65.276""], ["" 131.235"", "" 125.686"", ""  64.729""], ["" 131.670"", "" 125.544"", ""  63.272""], ["" 132.926"", "" 124.973"", ""  59.279""], ["" 132.482"", "" 125.170"", ""  60.596""], ["" 132.137"", "" 125.431"", ""  58.219""], ["" 133.243"", "" 124.723"", ""  61.697""], ["" 131.259"", "" 125.819"", ""  60.842""], ["" 130.926"", "" 126.076"", ""  58.463""], ["" 132.935"", "" 124.849"", ""  63.012""], ["" 130.880"", "" 125.980"", ""  62.261""], ["" 130.474"", "" 126.277"", ""  59.770""], ["" 133.688"", "" 124.396"", ""  63.875""], ["" 134.245"", "" 124.274"", ""  58.980""], ["" 134.114"", "" 124.249"", ""  61.514""], ["" 129.148"", "" 126.989"", ""  59.999""], ["" 129.472"", "" 124.099"", ""  64.278""], ["" 129.488"", "" 122.565"", ""  64.099""], ["" 129.940"", "" 122.110"", ""  62.695""], ["" 128.890"", "" 122.235"", ""  61.679""], ["" 129.465"", "" 122.686"", ""  60.405""], ["" 127.767"", "" 123.083"", ""  62.106""], ["" 128.378"", "" 122.878"", ""  59.326""], ["" 126.730"", "" 123.262"", ""  60.976""], ["" 127.365"", "" 123.757"", ""  59.803""], ["" 130.642"", "" 125.939"", ""  67.351""], ["" 131.952"", "" 125.998"", ""  67.306""], ["" 130.167"", "" 126.870"", ""  68.250""], ["" 132.315"", "" 127.004"", ""  68.197""], ["" 131.189"", "" 127.549"", ""  68.782""], ["" 128.790"", "" 127.197"", ""  68.619""], ["" 128.604"", "" 127.424"", ""  70.115""], ["" 127.609"", "" 126.734"", ""  70.811""], ["" 129.446"", "" 128.305"", ""  70.797""], ["" 127.481"", "" 126.898"", ""  72.186""], ["" 129.317"", "" 128.467"", ""  72.174""], ["" 128.336"", "" 127.753"", ""  72.882""], ["" 128.150"", "" 127.833"", ""  74.249""], ["" 127.337"", "" 128.875"", ""  74.778""]]",[],RR14_Rahimova_2017
114,2163,RR15_Rahimova_2017,4h2i_c_4_mae_prepped,1,3,-8.64,-0.18782608695652175,0.0,0.0,1,185.23,-13.11,-12.4,-0.71,-13.11,0.0,-3.4,4.47,-3.4,71,6,0.0,0.0,0.0,10.530421,10.497366,7.301386,-0.25397293,0.95170959,0.17247203,265.638763,"194.928101, 150.564529, 1.541448, 74.163971, 242.30954, 337.291962, 109.969681, 353.679443, 31.993059, 48.221828, 89.478561, 275.59201, 288.414429, 81.87429, 354.406799, ","[["" 129.331"", "" 126.715"", ""  64.115""], ["" 128.578"", "" 127.690"", ""  64.043""], ["" 129.985"", "" 126.219"", ""  63.020""], ["" 130.682"", "" 127.082"", ""  62.017""], ["" 131.497"", "" 126.232"", ""  61.050""], ["" 132.912"", "" 124.696"", ""  59.191""], ["" 131.723"", "" 125.314"", ""  58.816""], ["" 133.403"", "" 124.837"", ""  60.486""], ["" 131.020"", "" 126.080"", ""  59.742""], ["" 132.699"", "" 125.602"", ""  61.412""], ["" 133.595"", "" 123.953"", ""  58.291""], ["" 129.782"", "" 128.202"", ""  61.407""], ["" 130.140"", "" 129.463"", ""  61.707""], ["" 128.793"", "" 127.924"", ""  60.730""], ["" 130.950"", "" 129.607"", ""  62.292""], ["" 129.396"", "" 130.662"", ""  61.336""], ["" 130.332"", "" 131.876"", ""  61.192""], ["" 131.241"", "" 131.812"", ""  62.300""], ["" 131.248"", "" 131.860"", ""  59.956""], ["" 132.580"", "" 132.038"", ""  61.875""], ["" 132.592"", "" 131.423"", ""  60.486""], ["" 129.885"", "" 124.794"", ""  62.646""], ["" 130.440"", "" 123.833"", ""  63.720""], ["" 131.938"", "" 123.481"", ""  63.564""], ["" 132.182"", "" 122.297"", ""  62.733""], ["" 131.256"", "" 122.175"", ""  61.597""], ["" 133.584"", "" 122.271"", ""  62.294""], ["" 131.610"", "" 120.963"", ""  60.709""], ["" 133.874"", "" 121.054"", ""  61.389""], ["" 132.968"", "" 121.040"", ""  60.290""], ["" 129.557"", "" 126.066"", ""  65.503""], ["" 129.298"", "" 126.947"", ""  66.641""], ["" 129.276"", "" 126.505"", ""  67.903""], ["" 128.847"", "" 128.192"", ""  66.482""], ["" 128.844"", "" 127.571"", ""  68.552""], ["" 128.573"", "" 128.605"", ""  67.769""], ["" 128.668"", "" 127.607"", ""  70.045""], ["" 129.406"", "" 128.500"", ""  70.834""], ["" 127.764"", "" 126.749"", ""  70.681""], ["" 129.254"", "" 128.544"", ""  72.231""], ["" 127.606"", "" 126.779"", ""  72.064""], ["" 128.348"", "" 127.672"", ""  72.852""], ["" 129.957"", "" 129.409"", ""  73.052""], ["" 129.418"", "" 130.693"", ""  73.346""], ["" 128.240"", "" 127.751"", ""  74.230""], ["" 127.207"", "" 128.542"", ""  74.808""]]",[],RR15_Rahimova_2017
115,10435,RR16_Rahimova_2017,4h2i_c_4_mae_prepped,1,4,-8.61,-0.17937499999999998,0.0,0.0,3,186.49,-13.08,-13.57,-0.32,-13.89,0.8,-2.74,4.47,-2.74,76,7,0.0,0.0,0.0,9.883307,10.568683,5.85595,0.74548355,-0.58786248,0.31412095,193.97702,"169.632187, 130.811295, 263.052429, 195.750809, 254.209045, 28.437737, 341.347443, 82.760139, 235.037231, 354.264465, 332.291473, 90.719757, 351.877014, 338.093018, 320.808624, ","[["" 130.311"", "" 123.911"", ""  65.008""], ["" 129.171"", "" 123.270"", ""  64.517""], ["" 129.267"", "" 122.453"", ""  63.395""], ["" 130.503"", "" 122.281"", ""  62.768""], ["" 131.649"", "" 122.891"", ""  63.281""], ["" 131.554"", "" 123.704"", ""  64.405""], ["" 130.167"", "" 125.072"", ""  66.364""], ["" 131.507"", "" 125.613"", ""  66.624""], ["" 129.416"", "" 124.406"", ""  67.436""], ["" 129.157"", "" 126.378"", ""  65.712""], ["" 128.085"", "" 128.880"", ""  64.638""], ["" 127.868"", "" 128.467"", ""  66.115""], ["" 128.382"", "" 127.662"", ""  63.724""], ["" 128.993"", "" 127.541"", ""  66.621""], ["" 129.482"", "" 126.756"", ""  64.312""], ["" 126.955"", "" 129.762"", ""  64.101""], ["" 126.130"", "" 132.980"", ""  62.369""], ["" 124.844"", "" 133.326"", ""  62.167""], ["" 126.204"", "" 131.754"", ""  63.009""], ["" 124.041"", "" 132.305"", ""  62.627""], ["" 124.857"", "" 131.347"", ""  63.154""], ["" 127.270"", "" 130.975"", ""  63.473""], ["" 124.561"", "" 130.124"", ""  63.775""], ["" 125.622"", "" 129.348"", ""  64.242""], ["" 127.200"", "" 133.918"", ""  62.053""], ["" 128.306"", "" 133.287"", ""  61.218""], ["" 130.455"", "" 132.176"", ""  61.068""], ["" 130.357"", "" 132.171"", ""  59.676""], ["" 129.429"", "" 132.729"", ""  61.837""], ["" 129.237"", "" 132.725"", ""  59.053""], ["" 128.214"", "" 133.282"", ""  59.822""], ["" 131.842"", "" 131.502"", ""  61.841""], ["" 123.264"", "" 129.704"", ""  63.924""], ["" 122.912"", "" 129.275"", ""  63.141""], ["" 130.619"", "" 121.364"", ""  61.236""], ["" 132.032"", "" 121.373"", ""  60.841""], ["" 129.895"", "" 120.099"", ""  61.411""], ["" 129.733"", "" 122.345"", ""  60.068""], ["" 130.112"", "" 123.273"", ""  59.857""], ["" 128.276"", "" 122.165"", ""  59.872""], ["" 127.512"", "" 123.013"", ""  60.923""], ["" 127.939"", "" 124.484"", ""  61.090""], ["" 128.888"", "" 124.988"", ""  59.989""], ["" 128.291"", "" 125.060"", ""  58.571""], ["" 127.938"", "" 122.469"", ""  58.394""], ["" 127.391"", "" 123.886"", ""  58.134""], ["" 128.284"", "" 125.062"", ""  58.578""], ["" 128.888"", "" 124.992"", ""  59.993""]]",[],RR16_Rahimova_2017
116,9814,RR17_Rahimova_2017,4h2i_c_4_mae_prepped,1,18,-7.78,-0.1994871794871795,0.0,0.0,1,190.29,-11.36,-10.69,-0.67,-11.36,0.0,-1.07,3.58,-1.07,89,6,0.0,0.0,0.0,8.560017,9.281985,10.591558,0.35966675,0.90043171,-0.24466829,247.73999,"275.188599, 277.428986, 244.574158, 79.931999, 232.559341, 142.097824, 319.165497, 252.50882, 30.112061, 259.715393, 254.874146, 292.595428, ","[["" 128.447"", "" 127.733"", ""  69.728""], ["" 129.032"", "" 126.528"", ""  68.570""], ["" 129.114"", "" 126.729"", ""  67.207""], ["" 129.600"", "" 125.534"", ""  66.718""], ["" 129.448"", "" 125.321"", ""  68.874""], ["" 129.813"", "" 124.686"", ""  67.693""], ["" 128.756"", "" 127.874"", ""  66.479""], ["" 128.052"", "" 130.150"", ""  65.033""], ["" 128.233"", "" 128.922"", ""  64.376""], ["" 128.230"", "" 130.220"", ""  66.416""], ["" 128.585"", "" 127.785"", ""  65.098""], ["" 128.581"", "" 129.087"", ""  67.144""], ["" 127.703"", "" 131.327"", ""  64.399""], ["" 128.720"", "" 132.119"", ""  63.796""], ["" 129.855"", "" 125.240"", ""  65.247""], ["" 131.075"", "" 125.853"", ""  64.726""], ["" 131.621"", "" 126.413"", ""  65.364""], ["" 131.671"", "" 125.489"", ""  63.505""], ["" 132.820"", "" 124.699"", ""  63.562""], ["" 131.163"", "" 125.875"", ""  62.258""], ["" 133.464"", "" 124.308"", ""  62.392""], ["" 131.806"", "" 125.485"", ""  61.088""], ["" 132.963"", "" 124.700"", ""  61.147""], ["" 133.685"", "" 124.267"", ""  59.872""], ["" 133.406"", "" 123.005"", ""  59.537""], ["" 133.336"", "" 125.050"", ""  58.851""], ["" 135.001"", "" 124.369"", ""  60.060""], ["" 127.457"", "" 126.659"", ""  70.827""], ["" 128.048"", "" 126.580"", ""  72.252""], ["" 128.660"", "" 125.574"", ""  72.624""], ["" 127.857"", "" 127.777"", ""  73.137""], ["" 126.647"", "" 127.935"", ""  73.828""], ["" 128.854"", "" 128.751"", ""  73.293""], ["" 126.442"", "" 129.036"", ""  74.654""], ["" 128.647"", "" 129.852"", ""  74.119""], ["" 127.435"", "" 130.002"", ""  74.809""], ["" 127.141"", "" 131.059"", ""  75.651""], ["" 127.728"", "" 132.334"", ""  75.402""], ["" 127.044"", "" 132.961"", ""  74.184""]]",[],RR17_Rahimova_2017
117,10287,RR18_Rahimova_2017,4h2i_c_4_mae_prepped,1,15,-7.89,-0.20763157894736842,0.0,0.0,1,191.02,-8.79,-8.91,0.12,-8.79,0.0,-1.05,0.89,-1.05,64,2,0.0,0.0,0.0,9.212487,13.612796,3.531574,0.96044461,-0.13294517,-0.24468701,165.649826,"121.83432, 330.227081, 181.64357, ","[["" 129.078"", "" 129.875"", ""  60.640""], ["" 129.425"", "" 128.357"", ""  60.594""], ["" 128.641"", "" 127.493"", ""  61.292""], ["" 127.494"", "" 127.836"", ""  61.941""], ["" 127.048"", "" 129.033"", ""  61.844""], ["" 125.519"", "" 129.579"", ""  62.492""], ["" 125.779"", "" 131.233"", ""  61.854""], ["" 124.932"", "" 132.314"", ""  61.973""], ["" 123.618"", "" 132.160"", ""  62.615""], ["" 122.998"", "" 133.342"", ""  62.542""], ["" 123.758"", "" 134.305"", ""  61.950""], ["" 124.978"", "" 133.760"", ""  61.588""], ["" 125.921"", "" 134.627"", ""  61.006""], ["" 125.612"", "" 135.970"", ""  60.774""], ["" 124.363"", "" 136.477"", ""  61.130""], ["" 123.425"", "" 135.641"", ""  61.729""], ["" 123.099"", "" 131.170"", ""  63.129""], ["" 127.699"", "" 130.049"", ""  61.220""], ["" 127.063"", "" 131.250"", ""  61.153""], ["" 127.549"", "" 132.198"", ""  60.543""], ["" 122.072"", "" 133.503"", ""  62.910""], ["" 130.117"", "" 130.663"", ""  61.433""], ["" 132.146"", "" 131.432"", ""  61.776""], ["" 131.359"", "" 131.900"", ""  62.816""], ["" 131.384"", "" 130.680"", ""  60.939""], ["" 130.071"", "" 131.412"", ""  62.598""], ["" 133.601"", "" 131.582"", ""  61.408""], ["" 130.627"", "" 127.894"", ""  59.909""], ["" 130.994"", "" 126.630"", ""  60.225""], ["" 131.247"", "" 128.615"", ""  59.125""], ["" 130.447"", "" 126.182"", ""  60.944""], ["" 132.071"", "" 125.848"", ""  59.756""], ["" 132.821"", "" 125.130"", ""  60.710""], ["" 132.412"", "" 125.734"", ""  58.396""], ["" 133.894"", "" 124.335"", ""  60.295""], ["" 133.485"", "" 124.938"", ""  57.997""], ["" 134.227"", "" 124.241"", ""  58.946""], ["" 132.495"", "" 125.196"", ""  62.199""]]",[],RR18_Rahimova_2017
118,9770,RR19_Rahimova_2017,4h2i_c_4_mae_prepped,1,15,-10.8,-0.225,0.0,0.0,3,188.08,-13.19,-13.15,-0.04,-13.19,0.0,-4.36,2.39,-4.36,80,7,0.0,0.0,0.0,9.618249,9.00561,6.665518,-0.7191621,0.14750271,0.67900577,245.554398,"157.631927, 345.069916, 164.125534, 232.489014, 309.362305, 38.690693, 168.669357, 105.589119, ","[["" 127.566"", "" 129.873"", ""  64.027""], ["" 128.288"", "" 128.342"", ""  63.989""], ["" 128.514"", "" 127.592"", ""  62.861""], ["" 128.434"", "" 127.870"", ""  61.535""], ["" 128.319"", "" 128.992"", ""  61.035""], ["" 128.742"", "" 127.642"", ""  65.080""], ["" 128.641"", "" 127.848"", ""  66.418""], ["" 127.919"", "" 128.677"", ""  66.978""], ["" 128.683"", "" 126.616"", ""  63.055""], ["" 129.349"", "" 126.872"", ""  64.841""], ["" 128.514"", "" 126.625"", ""  60.612""], ["" 127.508"", "" 125.498"", ""  60.985""], ["" 127.092"", "" 124.630"", ""  59.811""], ["" 127.949"", "" 123.609"", ""  59.346""], ["" 125.785"", "" 124.719"", ""  59.286""], ["" 127.523"", "" 122.751"", ""  58.339""], ["" 125.379"", "" 123.851"", ""  58.281""], ["" 126.248"", "" 122.876"", ""  57.805""], ["" 129.898"", "" 126.093"", ""  60.455""], ["" 130.496"", "" 125.815"", ""  59.259""], ["" 130.676"", "" 125.792"", ""  61.533""], ["" 131.839"", "" 125.290"", ""  59.604""], ["" 130.022"", "" 125.969"", ""  58.133""], ["" 131.947"", "" 125.275"", ""  60.968""], ["" 130.386"", "" 125.921"", ""  62.723""], ["" 132.886"", "" 124.852"", ""  58.791""], ["" 133.109"", "" 124.822"", ""  61.594""], ["" 134.061"", "" 124.396"", ""  59.401""], ["" 134.172"", "" 124.381"", ""  60.797""], ["" 129.563"", "" 126.936"", ""  67.265""], ["" 129.422"", "" 125.414"", ""  66.974""], ["" 130.503"", "" 124.823"", ""  66.083""], ["" 130.231"", "" 123.713"", ""  65.253""], ["" 131.756"", "" 125.463"", ""  65.979""], ["" 131.206"", "" 123.236"", ""  64.388""], ["" 132.719"", "" 124.969"", ""  65.109""], ["" 132.448"", "" 123.858"", ""  64.321""], ["" 129.426"", "" 127.229"", ""  68.718""], ["" 130.436"", "" 127.649"", ""  69.538""], ["" 128.248"", "" 127.027"", ""  69.374""], ["" 129.829"", "" 127.758"", ""  70.887""], ["" 131.606"", "" 127.880"", ""  69.229""], ["" 128.516"", "" 127.384"", ""  70.789""], ["" 127.185"", "" 126.628"", ""  68.895""], ["" 130.380"", "" 128.145"", ""  72.110""], ["" 127.683"", "" 127.376"", ""  71.908""], ["" 129.560"", "" 128.145"", ""  73.244""], ["" 128.215"", "" 127.762"", ""  73.143""]]",[],RR19_Rahimova_2017
119,2076,RR19_Rahimova_2017-again1,4h2i_c_4_mae_prepped,1,10,-10.08,-0.214468085106383,0.0,0.0,10,187.67,-12.76,-13.02,0.26,-12.76,0.0,-4.25,2.68,-4.25,52,3,0.0,0.0,0.0,10.879154,12.583129,4.296036,0.13990691,0.82371108,0.54947803,102.371742,"92.742882, 302.889893, 59.164646, 343.46756, 87.923706, 4.815076, 42.966743, 162.864334, 248.65889, ","[["" 127.727"", "" 129.408"", ""  65.758""], ["" 128.250"", "" 129.323"", ""  64.163""], ["" 128.801"", "" 128.282"", ""  63.470""], ["" 129.191"", "" 127.037"", ""  63.835""], ["" 128.988"", "" 126.511"", ""  64.932""], ["" 129.042"", "" 128.522"", ""  62.520""], ["" 128.254"", "" 130.413"", ""  63.311""], ["" 128.057"", "" 131.662"", ""  63.581""], ["" 127.895"", "" 132.237"", ""  64.676""], ["" 127.995"", "" 132.616"", ""  62.340""], ["" 126.546"", "" 132.692"", ""  61.752""], ["" 125.990"", "" 134.107"", ""  61.618""], ["" 126.857"", "" 135.177"", ""  61.377""], ["" 124.615"", "" 134.332"", ""  61.730""], ["" 126.349"", "" 136.466"", ""  61.239""], ["" 124.107"", "" 135.621"", ""  61.592""], ["" 124.976"", "" 136.682"", ""  61.346""], ["" 129.068"", "" 132.351"", ""  61.326""], ["" 128.890"", "" 132.374"", ""  59.969""], ["" 130.340"", "" 132.033"", ""  61.698""], ["" 130.214"", "" 132.040"", ""  59.393""], ["" 127.853"", "" 132.618"", ""  59.353""], ["" 131.084"", "" 131.835"", ""  60.428""], ["" 130.781"", "" 131.933"", ""  62.843""], ["" 130.629"", "" 131.922"", ""  58.065""], ["" 132.419"", "" 131.501"", ""  60.193""], ["" 131.963"", "" 131.588"", ""  57.809""], ["" 132.855"", "" 131.380"", ""  58.869""], ["" 129.954"", "" 126.248"", ""  62.730""], ["" 131.127"", "" 127.044"", ""  62.090""], ["" 131.398"", "" 126.683"", ""  60.640""], ["" 132.007"", "" 125.451"", ""  60.319""], ["" 130.898"", "" 127.491"", ""  59.597""], ["" 132.164"", "" 125.079"", ""  58.990""], ["" 131.065"", "" 127.102"", ""  58.275""], ["" 131.700"", "" 125.903"", ""  57.972""], ["" 129.065"", "" 125.631"", ""  61.699""], ["" 129.099"", "" 124.316"", ""  61.327""], ["" 128.216"", "" 126.384"", ""  60.945""], ["" 128.137"", "" 124.200"", ""  60.203""], ["" 129.789"", "" 123.419"", ""  61.812""], ["" 127.612"", "" 125.442"", ""  59.971""], ["" 128.000"", "" 127.592"", ""  61.043""], ["" 127.766"", "" 123.101"", ""  59.427""], ["" 126.685"", "" 125.653"", ""  58.948""], ["" 126.841"", "" 123.294"", ""  58.395""], ["" 126.302"", "" 124.565"", ""  58.157""]]",[],RR19_Rahimova_2017-again1
120,9832,RR1_Rahimova_2017,4h2i_c_4_mae_prepped,1,8,-8.86,-0.20136363636363636,0.0,0.0,1,193.1,-12.44,-11.61,-0.84,-12.44,0.0,-1.7,3.58,-1.7,63,15,0.0,0.0,0.0,6.538256,9.950185,12.488839,-0.36663643,-0.6576402,0.65809353,159.515564,"176.491989, 180.054382, 230.74437, 291.351624, 347.647369, 63.346172, 256.786377, 352.308136, 50.910862, 298.60318, 241.825195, 106.416222, ","[["" 130.100"", "" 127.263"", ""  68.285""], ["" 130.757"", "" 126.267"", ""  67.747""], ["" 130.092"", "" 126.016"", ""  66.624""], ["" 129.050"", "" 126.793"", ""  66.398""], ["" 129.053"", "" 127.598"", ""  67.465""], ["" 130.524"", "" 128.017"", ""  69.819""], ["" 129.175"", "" 127.310"", ""  70.827""], ["" 128.990"", "" 127.939"", ""  72.217""], ["" 128.744"", "" 127.236"", ""  73.197""], ["" 129.125"", "" 129.282"", ""  72.248""], ["" 129.427"", "" 129.722"", ""  71.390""], ["" 128.950"", "" 130.172"", ""  73.325""], ["" 128.266"", "" 129.669"", ""  74.433""], ["" 129.457"", "" 131.480"", ""  73.362""], ["" 128.081"", "" 130.458"", ""  75.564""], ["" 129.269"", "" 132.266"", ""  74.495""], ["" 128.587"", "" 131.767"", ""  75.605""], ["" 128.459"", "" 132.618"", ""  76.685""], ["" 129.002"", "" 133.930"", ""  76.604""], ["" 128.021"", "" 128.622"", ""  67.626""], ["" 127.694"", "" 129.421"", ""  66.353""], ["" 126.455"", "" 129.224"", ""  65.861""], ["" 128.529"", "" 130.181"", ""  65.850""], ["" 125.842"", "" 128.466"", ""  66.127""], ["" 126.139"", "" 129.796"", ""  64.636""], ["" 124.833"", "" 129.912"", ""  64.313""], ["" 123.903"", "" 129.638"", ""  65.079""], ["" 126.835"", "" 129.579"", ""  63.937""], ["" 124.546"", "" 130.441"", ""  62.923""], ["" 125.564"", "" 130.607"", ""  61.969""], ["" 123.235"", "" 130.760"", ""  62.553""], ["" 125.286"", "" 131.081"", ""  60.675""], ["" 122.947"", "" 131.235"", ""  61.278""], ["" 123.966"", "" 131.401"", ""  60.327""], ["" 126.250"", "" 131.243"", ""  59.694""], ["" 126.939"", "" 130.104"", ""  59.190""], ["" 123.746"", "" 131.856"", ""  59.039""], ["" 123.776"", "" 130.935"", ""  57.955""], ["" 130.495"", "" 124.919"", ""  65.680""], ["" 131.640"", "" 125.028"", ""  64.873""], ["" 129.742"", "" 123.740"", ""  65.563""], ["" 131.987"", "" 123.993"", ""  64.002""], ["" 130.062"", "" 122.723"", ""  64.722""], ["" 131.175"", "" 122.862"", ""  63.957""]]",[],RR1_Rahimova_2017
121,1910,RR20_Rahimova_2017,4h2i_c_4_mae_prepped,1,1,-10.07,-0.2582051282051282,0.0,0.0,2,183.33,-11.86,-11.63,-0.22,-11.86,0.0,-1.56,1.79,-1.56,72,2,0.0,0.0,0.0,10.841004,10.285216,9.610208,-0.38453248,-0.71137599,-0.58828478,146.204514,"138.366348, 259.057953, 37.220234, 224.835663, 252.862595, 72.736046, ","[["" 129.035"", "" 127.569"", ""  67.956""], ["" 130.256"", "" 127.850"", ""  68.586""], ["" 130.375"", "" 127.803"", ""  69.975""], ["" 129.252"", "" 127.519"", ""  70.763""], ["" 129.139"", "" 127.343"", ""  72.161""], ["" 127.737"", "" 127.022"", ""  72.475""], ["" 127.074"", "" 126.664"", ""  71.156""], ["" 128.052"", "" 127.173"", ""  70.141""], ["" 127.941"", "" 127.203"", ""  68.751""], ["" 128.913"", "" 127.609"", ""  66.458""], ["" 128.280"", "" 128.590"", ""  64.597""], ["" 128.312"", "" 128.650"", ""  65.904""], ["" 129.011"", "" 127.182"", ""  63.932""], ["" 129.376"", "" 126.633"", ""  65.550""], ["" 130.054"", "" 125.298"", ""  65.772""], ["" 127.736"", "" 129.509"", ""  63.712""], ["" 128.267"", "" 131.464"", ""  64.770""], ["" 127.741"", "" 130.859"", ""  63.834""], ["" 127.282"", "" 129.123"", ""  62.896""], ["" 127.067"", "" 131.691"", ""  62.718""], ["" 127.887"", "" 131.785"", ""  61.495""], ["" 127.733"", "" 133.079"", ""  60.813""], ["" 129.310"", "" 131.598"", ""  61.805""], ["" 128.392"", "" 133.027"", ""  59.416""], ["" 130.205"", "" 131.664"", ""  60.567""], ["" 129.783"", "" 132.392"", ""  59.436""], ["" 131.466"", "" 131.057"", ""  60.558""], ["" 130.639"", "" 132.497"", ""  58.334""], ["" 132.304"", "" 131.161"", ""  59.450""], ["" 131.891"", "" 131.886"", ""  58.336""], ["" 129.992"", "" 127.828"", ""  73.110""], ["" 130.105"", "" 129.030"", ""  73.362""], ["" 130.860"", "" 126.865"", ""  73.889""], ["" 132.253"", "" 126.988"", ""  73.829""], ["" 130.294"", "" 125.813"", ""  74.621""], ["" 133.068"", "" 126.099"", ""  74.524""], ["" 131.109"", "" 124.922"", ""  75.316""], ["" 132.497"", "" 125.071"", ""  75.275""], ["" 133.388"", "" 124.097"", ""  76.024""]]",[],RR20_Rahimova_2017
122,9956,RR20_Rahimova_2017-again1,4h2i_c_4_mae_prepped,1,7,-7.89,-0.2023076923076923,0.0,0.0,1,182.82,-9.68,-9.46,-0.22,-9.68,0.0,-2.35,1.79,-2.35,64,2,0.0,0.0,0.0,8.415028,12.351065,10.359396,-0.51748104,0.80670268,0.28538424,266.468719,"311.943115, 174.568115, 345.196899, 312.889099, 49.141899, 108.202675, ","[["" 128.152"", "" 128.880"", ""  64.260""], ["" 128.238"", "" 128.879"", ""  65.568""], ["" 128.737"", "" 127.763"", ""  66.076""], ["" 129.093"", "" 126.787"", ""  65.124""], ["" 129.731"", "" 125.422"", ""  65.274""], ["" 128.690"", "" 127.408"", ""  63.542""], ["" 127.648"", "" 129.846"", ""  63.430""], ["" 127.527"", "" 131.095"", ""  63.735""], ["" 127.874"", "" 131.736"", ""  64.745""], ["" 126.840"", "" 131.941"", ""  62.643""], ["" 127.661"", "" 133.237"", ""  62.381""], ["" 127.290"", "" 133.913"", ""  61.045""], ["" 129.186"", "" 133.002"", ""  62.497""], ["" 127.686"", "" 133.003"", ""  59.867""], ["" 129.796"", "" 132.440"", ""  61.207""], ["" 129.115"", "" 132.479"", ""  59.967""], ["" 131.086"", "" 131.897"", ""  61.250""], ["" 129.762"", "" 132.004"", ""  58.820""], ["" 131.710"", "" 131.416"", ""  60.102""], ["" 131.048"", "" 131.475"", ""  58.882""], ["" 127.398"", "" 133.885"", ""  63.112""], ["" 128.868"", "" 127.658"", ""  67.568""], ["" 130.119"", "" 127.768"", ""  68.190""], ["" 127.745"", "" 127.395"", ""  68.368""], ["" 130.248"", "" 127.648"", ""  69.574""], ["" 127.868"", "" 127.292"", ""  69.754""], ["" 129.109"", "" 127.463"", ""  70.369""], ["" 126.846"", "" 126.859"", ""  70.763""], ["" 128.993"", "" 127.234"", ""  71.758""], ["" 127.567"", "" 127.071"", ""  72.084""], ["" 129.909"", "" 127.564"", ""  72.715""], ["" 130.466"", "" 128.662"", ""  72.763""], ["" 130.294"", "" 126.534"", ""  73.755""], ["" 131.245"", "" 126.859"", ""  74.730""], ["" 129.757"", "" 125.241"", ""  73.723""], ["" 131.622"", "" 125.919"", ""  75.684""], ["" 130.135"", "" 124.301"", ""  74.678""], ["" 131.060"", "" 124.642"", ""  75.665""], ["" 131.479"", "" 123.615"", ""  76.702""]]",[],RR20_Rahimova_2017-again1
123,10121,RR21_Rahimova_2017,4h2i_c_4_mae_prepped,1,20,-8.22,-0.20550000000000002,0.0,0.0,7,189.7,-10.01,-9.65,-0.36,-10.01,0.0,-1.36,1.79,-1.36,45,1,0.0,0.0,0.0,9.803206,8.732093,10.700056,-0.40829851,0.41570079,-0.8127024,205.311798,"248.748016, 262.385803, 3.83571, 84.948822, 64.509789, 138.692566, ","[["" 128.631"", "" 126.522"", ""  66.616""], ["" 129.082"", "" 126.834"", ""  67.853""], ["" 130.767"", "" 127.008"", ""  68.390""], ["" 130.197"", "" 127.416"", ""  70.002""], ["" 128.830"", "" 127.384"", ""  70.075""], ["" 128.149"", "" 127.069"", ""  68.946""], ["" 126.917"", "" 127.001"", ""  68.862""], ["" 130.908"", "" 127.721"", ""  71.043""], ["" 130.317"", "" 128.046"", ""  72.295""], ["" 128.814"", "" 127.982"", ""  72.293""], ["" 128.119"", "" 127.670"", ""  71.248""], ["" 130.917"", "" 128.365"", ""  73.321""], ["" 129.409"", "" 126.259"", ""  65.414""], ["" 129.308"", "" 126.876"", ""  64.147""], ["" 130.217"", "" 126.424"", ""  63.305""], ["" 130.936"", "" 125.508"", ""  63.971""], ["" 130.481"", "" 125.394"", ""  65.260""], ["" 128.337"", "" 127.925"", ""  63.700""], ["" 126.501"", "" 129.901"", ""  62.861""], ["" 126.802"", "" 128.809"", ""  62.039""], ["" 127.136"", "" 129.995"", ""  64.111""], ["" 127.710"", "" 127.834"", ""  62.453""], ["" 128.043"", "" 129.020"", ""  64.522""], ["" 126.212"", "" 128.691"", ""  60.827""], ["" 125.589"", "" 130.822"", ""  62.381""], ["" 124.225"", "" 130.439"", ""  62.234""], ["" 132.023"", "" 124.831"", ""  63.358""], ["" 132.715"", "" 125.409"", ""  62.283""], ["" 132.413"", "" 123.570"", ""  63.831""], ["" 133.782"", "" 124.737"", ""  61.694""], ["" 133.481"", "" 122.900"", ""  63.240""], ["" 134.161"", "" 123.486"", ""  62.176""], ["" 128.065"", "" 128.293"", ""  73.595""], ["" 128.174"", "" 129.746"", ""  74.052""], ["" 127.418"", "" 130.197"", ""  75.137""], ["" 129.054"", "" 130.619"", ""  73.404""], ["" 127.530"", "" 131.518"", ""  75.564""], ["" 129.167"", "" 131.938"", ""  73.831""], ["" 128.401"", "" 132.390"", ""  74.909""], ["" 128.529"", "" 133.826"", ""  75.385""]]",[],RR21_Rahimova_2017
124,9947,RR22_Rahimova_2017,4h2i_c_4_mae_prepped,1,9,-8.35,-0.2609375,0.0,0.0,19,194.95,-8.95,-8.41,-0.53,-8.95,0.0,-0.63,0.6,-0.63,54,4,0.0,0.0,0.0,9.162782,12.441583,16.540725,-0.89686984,-0.43112073,0.09878968,186.292084,"4.705889, 86.052933, ","[["" 131.428"", "" 126.922"", ""  75.928""], ["" 130.500"", "" 127.375"", ""  75.262""], ["" 129.344"", "" 127.980"", ""  75.726""], ["" 130.421"", "" 127.357"", ""  73.445""], ["" 128.780"", "" 128.018"", ""  73.426""], ["" 128.383"", "" 128.513"", ""  74.809""], ["" 128.370"", "" 129.980"", ""  74.910""], ["" 127.170"", "" 130.644"", ""  74.500""], ["" 126.005"", "" 130.050"", ""  75.260""], ["" 124.857"", "" 130.757"", ""  75.628""], ["" 123.812"", "" 130.113"", ""  76.293""], ["" 123.899"", "" 128.750"", ""  76.581""], ["" 125.028"", "" 128.026"", ""  76.198""], ["" 126.072"", "" 128.670"", ""  75.534""], ["" 127.149"", "" 127.872"", ""  75.146""], ["" 127.592"", "" 132.091"", ""  74.657""], ["" 129.092"", "" 131.958"", ""  74.379""], ["" 129.483"", "" 130.747"", ""  74.525""], ["" 127.935"", "" 128.030"", ""  72.368""], ["" 129.140"", "" 128.016"", ""  76.713""], ["" 128.193"", "" 127.603"", ""  70.980""], ["" 129.440"", "" 127.745"", ""  70.353""], ["" 127.154"", "" 127.038"", ""  70.231""], ["" 129.610"", "" 127.318"", ""  69.035""], ["" 127.300"", "" 126.618"", ""  68.948""], ["" 128.519"", "" 126.760"", ""  68.370""], ["" 129.942"", "" 133.110"", ""  74.021""], ["" 130.628"", "" 133.826"", ""  75.013""], ["" 130.076"", "" 133.500"", ""  72.680""], ["" 131.430"", "" 134.911"", ""  74.670""], ["" 130.877"", "" 134.586"", ""  72.338""], ["" 131.551"", "" 135.286"", ""  73.335""]]",[],RR22_Rahimova_2017
125,9880,RR23_Rahimova_2017,4h2i_c_4_mae_prepped,1,1,-8.93,-0.22325,0.0,0.0,2,191.81,-10.42,-10.32,-0.09,-10.42,0.0,-1.4,1.49,-1.4,74,5,0.0,0.0,0.0,7.039508,9.154587,11.642118,-0.99286487,0.02971732,-0.11548261,155.338272,"141.916245, 148.289902, 186.697998, 91.125908, 60.419487, ","[["" 128.608"", "" 127.168"", ""  68.157""], ["" 129.936"", "" 127.397"", ""  68.535""], ["" 130.301"", "" 127.420"", ""  69.882""], ["" 129.324"", "" 127.264"", ""  70.875""], ["" 129.455"", "" 127.179"", ""  72.279""], ["" 128.116"", "" 126.989"", ""  72.860""], ["" 127.201"", "" 126.607"", ""  71.708""], ["" 128.010"", "" 126.976"", ""  70.502""], ["" 127.650"", "" 126.933"", ""  69.155""], ["" 128.254"", "" 127.130"", ""  66.662""], ["" 131.333"", "" 125.945"", ""  63.751""], ["" 130.240"", "" 126.744"", ""  63.704""], ["" 131.707"", "" 125.299"", ""  64.732""], ["" 129.366"", "" 127.040"", ""  64.703""], ["" 129.304"", "" 126.531"", ""  65.867""], ["" 128.178"", "" 128.317"", ""  64.312""], ["" 127.837"", "" 128.498"", ""  66.072""], ["" 130.083"", "" 127.215"", ""  62.825""], ["" 128.585"", "" 129.738"", ""  66.604""], ["" 132.154"", "" 125.867"", ""  62.452""], ["" 132.225"", "" 124.457"", ""  62.007""], ["" 129.951"", "" 124.152"", ""  62.269""], ["" 131.065"", "" 123.715"", ""  61.966""], ["" 131.313"", "" 122.301"", ""  61.493""], ["" 133.492"", "" 124.003"", ""  61.665""], ["" 130.252"", "" 121.394"", ""  61.382""], ["" 132.610"", "" 121.907"", ""  61.161""], ["" 133.688"", "" 122.789"", ""  61.259""], ["" 130.500"", "" 120.093"", ""  60.940""], ["" 132.856"", "" 120.605"", ""  60.718""], ["" 131.799"", "" 119.700"", ""  60.609""], ["" 130.498"", "" 127.646"", ""  73.027""], ["" 130.879"", "" 128.819"", ""  72.992""], ["" 131.246"", "" 126.695"", ""  73.934""], ["" 130.531"", "" 125.746"", ""  74.675""], ["" 132.635"", "" 126.784"", ""  74.089""], ["" 131.201"", "" 124.874"", ""  75.530""], ["" 133.304"", "" 125.913"", ""  74.945""], ["" 132.588"", "" 124.951"", ""  75.659""], ["" 133.317"", "" 124.007"", ""  76.598""]]",[],RR23_Rahimova_2017
126,1764,RR24_Rahimova_2017,4h2i_c_4_mae_prepped,1,2,-11.42,-0.25377777777777777,0.0,0.0,8,186.09,-12.91,-12.97,0.07,-12.91,0.0,-1.66,1.49,-1.66,72,7,0.0,0.0,0.0,9.98699,7.947176,6.792835,-0.17824857,-0.93745893,0.29899533,77.626244,"148.499268, 208.255417, 340.76059, 50.509102, 65.230644, ","[["" 130.953"", "" 125.675"", ""  66.697""], ["" 130.731"", "" 125.133"", ""  65.452""], ["" 130.245"", "" 124.023"", ""  62.939""], ["" 129.891"", "" 123.323"", ""  64.095""], ["" 130.831"", "" 125.289"", ""  63.044""], ["" 130.129"", "" 123.877"", ""  65.349""], ["" 131.068"", "" 125.845"", ""  64.298""], ["" 129.998"", "" 123.399"", ""  61.560""], ["" 133.301"", "" 125.523"", ""  57.569""], ["" 132.650"", "" 124.847"", ""  58.369""], ["" 133.139"", "" 124.243"", ""  59.517""], ["" 131.295"", "" 124.796"", ""  58.249""], ["" 132.415"", "" 123.782"", ""  60.603""], ["" 130.492"", "" 124.373"", ""  59.258""], ["" 132.922"", "" 123.300"", ""  61.620""], ["" 130.961"", "" 123.891"", ""  60.439""], ["" 129.149"", "" 124.470"", ""  58.982""], ["" 128.202"", "" 124.076"", ""  59.896""], ["" 128.532"", "" 123.575"", ""  61.100""], ["" 126.759"", "" 124.128"", ""  59.735""], ["" 127.310"", "" 123.245"", ""  61.826""], ["" 126.214"", "" 123.625"", ""  60.909""], ["" 125.932"", "" 124.559"", ""  58.696""], ["" 127.259"", "" 122.759"", ""  62.954""], ["" 124.830"", "" 123.541"", ""  61.069""], ["" 124.546"", "" 124.478"", ""  58.851""], ["" 123.997"", "" 123.971"", ""  60.032""], ["" 134.609"", "" 124.191"", ""  59.653""], ["" 130.904"", "" 125.114"", ""  57.375""], ["" 128.856"", "" 124.838"", ""  58.088""], ["" 129.929"", "" 125.735"", ""  67.599""], ["" 129.385"", "" 124.761"", ""  68.129""], ["" 129.513"", "" 127.198"", ""  67.933""], ["" 128.389"", "" 127.729"", ""  67.032""], ["" 129.206"", "" 127.384"", ""  69.382""], ["" 128.011"", "" 127.084"", ""  69.977""], ["" 130.123"", "" 127.907"", ""  70.244""], ["" 128.182"", "" 127.449"", ""  71.405""], ["" 127.006"", "" 126.616"", ""  69.442""], ["" 129.448"", "" 127.942"", ""  71.565""], ["" 131.271"", "" 128.272"", ""  69.983""], ["" 127.300"", "" 127.361"", ""  72.484""], ["" 129.903"", "" 128.374"", ""  72.812""], ["" 127.737"", "" 127.789"", ""  73.742""], ["" 129.034"", "" 128.293"", ""  73.906""]]",[],RR24_Rahimova_2017
127,9838,RR24_Rahimova_2017-again1,4h2i_c_4_mae_prepped,1,10,-8.57,-0.19930232558139535,0.0,0.0,2,188.55,-10.06,-11.15,1.09,-10.06,0.0,-1.37,1.49,-1.37,65,7,0.0,0.0,0.0,9.61481,13.048635,7.700455,-0.27843137,-0.33903664,-0.8986268,93.534813,"187.008698, 273.173065, 146.392456, 0.444763, 23.331507, ","[["" 128.275"", "" 127.512"", ""  65.698""], ["" 128.257"", "" 128.543"", ""  64.787""], ["" 128.269"", "" 130.647"", ""  62.953""], ["" 128.246"", "" 130.912"", ""  64.326""], ["" 128.295"", "" 129.324"", ""  62.502""], ["" 128.244"", "" 129.863"", ""  65.241""], ["" 128.295"", "" 128.274"", ""  63.416""], ["" 128.271"", "" 131.800"", ""  61.940""], ["" 124.745"", "" 131.855"", ""  59.517""], ["" 124.604"", "" 132.078"", ""  60.886""], ["" 125.888"", "" 131.643"", ""  58.968""], ["" 125.685"", "" 132.096"", ""  61.746""], ["" 127.010"", "" 131.625"", ""  59.745""], ["" 125.607"", "" 132.314"", ""  62.959""], ["" 126.975"", "" 131.839"", ""  61.098""], ["" 128.147"", "" 131.371"", ""  59.037""], ["" 129.306"", "" 131.458"", ""  59.574""], ["" 129.491"", "" 131.715"", ""  60.992""], ["" 130.623"", "" 131.348"", ""  58.972""], ["" 130.821"", "" 131.803"", ""  61.214""], ["" 131.558"", "" 131.574"", ""  59.971""], ["" 131.040"", "" 131.096"", ""  57.663""], ["" 132.928"", "" 131.546"", ""  59.676""], ["" 132.403"", "" 131.065"", ""  57.364""], ["" 133.346"", "" 131.290"", ""  58.370""], ["" 123.795"", "" 131.844"", ""  58.716""], ["" 123.301"", "" 132.323"", ""  61.547""], ["" 131.366"", "" 132.031"", ""  62.360""], ["" 128.017"", "" 127.770"", ""  67.014""], ["" 127.366"", "" 128.731"", ""  67.440""], ["" 128.612"", "" 126.691"", ""  67.965""], ["" 130.005"", "" 126.208"", ""  67.541""], ["" 128.578"", "" 127.116"", ""  69.396""], ["" 127.496"", "" 126.994"", ""  70.225""], ["" 129.658"", "" 127.691"", ""  69.995""], ["" 127.939"", "" 127.549"", ""  71.529""], ["" 126.391"", "" 126.527"", ""  69.950""], ["" 129.234"", "" 127.968"", ""  71.390""], ["" 130.755"", "" 127.932"", ""  69.489""], ["" 127.262"", "" 127.682"", ""  72.743""], ["" 129.925"", "" 128.543"", ""  72.459""], ["" 127.938"", "" 128.254"", ""  73.826""], ["" 129.264"", "" 128.682"", ""  73.684""]]",[],RR24_Rahimova_2017-again1
128,10084,RR25_Rahimova_2017,4h2i_c_4_mae_prepped,1,7,-10.36,-0.26564102564102565,0.0,0.0,1,189.13,-11.85,-11.39,-0.47,-11.85,0.0,-0.26,1.49,-0.26,71,15,0.0,0.0,0.0,9.499721,8.309567,6.305747,-0.57228742,-0.66716668,0.47683932,157.04631,"147.958511, 104.828957, 134.124817, 265.029694, 311.836731, ","[["" 131.382"", "" 125.516"", ""  66.316""], ["" 130.206"", "" 126.213"", ""  66.289""], ["" 129.268"", "" 126.157"", ""  65.148""], ["" 128.635"", "" 127.550"", ""  64.949""], ["" 128.004"", "" 128.032"", ""  66.181""], ["" 129.009"", "" 128.158"", ""  67.238""], ["" 129.689"", "" 126.802"", ""  67.546""], ["" 132.017"", "" 125.364"", ""  67.364""], ["" 132.068"", "" 124.998"", ""  65.019""], ["" 132.596"", "" 124.911"", ""  60.166""], ["" 133.908"", "" 124.462"", ""  60.377""], ["" 131.858"", "" 125.365"", ""  61.272""], ["" 134.465"", "" 124.457"", ""  61.654""], ["" 132.404"", "" 125.374"", ""  62.558""], ["" 133.711"", "" 124.900"", ""  62.740""], ["" 131.644"", "" 125.844"", ""  63.785""], ["" 134.329"", "" 124.876"", ""  63.977""], ["" 133.603"", "" 124.772"", ""  65.138""], ["" 134.245"", "" 124.526"", ""  66.160""], ["" 132.002"", "" 124.908"", ""  58.807""], ["" 132.743"", "" 125.076"", ""  57.842""], ["" 130.792"", "" 124.736"", ""  58.695""], ["" 127.287"", "" 129.295"", ""  65.960""], ["" 126.381"", "" 129.261"", ""  64.701""], ["" 126.175"", "" 130.565"", ""  64.005""], ["" 124.864"", "" 130.938"", ""  63.790""], ["" 127.329"", "" 131.234"", ""  63.655""], ["" 124.696"", "" 132.234"", ""  63.020""], ["" 123.897"", "" 130.273"", ""  64.173""], ["" 127.104"", "" 132.524"", ""  62.890""], ["" 128.462"", "" 130.815"", ""  63.923""], ["" 123.407"", "" 132.692"", ""  62.719""], ["" 125.805"", "" 133.002"", ""  62.581""], ["" 128.209"", "" 133.271"", ""  62.462""], ["" 123.214"", "" 133.873"", ""  62.006""], ["" 125.620"", "" 134.211"", ""  61.854""], ["" 128.039"", "" 134.457"", ""  61.750""], ["" 124.299"", "" 134.633"", ""  61.573""], ["" 126.766"", "" 134.932"", ""  61.441""]]",[],RR25_Rahimova_2017
129,10021,RR26_Rahimova_2017,4h2i_c_4_mae_prepped,1,20,-9.48,-0.24947368421052632,0.0,0.0,7,188.55,-10.67,-10.39,-0.29,-10.67,0.0,-1.33,1.19,-1.33,62,4,0.0,0.0,0.0,9.785247,11.049189,7.899251,-0.43044133,0.89741215,-0.09680745,268.317749,"237.150314, 282.158295, 354.098175, 205.573685, ","[["" 127.523"", "" 128.235"", ""  62.374""], ["" 127.664"", "" 129.036"", ""  63.300""], ["" 128.196"", "" 128.810"", ""  64.641""], ["" 128.205"", "" 130.313"", ""  65.637""], ["" 128.621"", "" 127.578"", ""  64.998""], ["" 127.318"", "" 130.394"", ""  63.229""], ["" 127.522"", "" 131.173"", ""  64.307""], ["" 127.149"", "" 132.403"", ""  64.080""], ["" 126.720"", "" 132.333"", ""  62.823""], ["" 126.790"", "" 131.139"", ""  62.254""], ["" 129.183"", "" 127.157"", ""  66.271""], ["" 130.067"", "" 126.086"", ""  66.533""], ["" 128.927"", "" 127.673"", ""  67.532""], ["" 130.328"", "" 125.966"", ""  67.820""], ["" 129.648"", "" 126.941"", ""  68.442""], ["" 130.691"", "" 125.139"", ""  65.554""], ["" 129.989"", "" 124.005"", ""  65.117""], ["" 131.980"", "" 125.378"", ""  65.055""], ["" 130.564"", "" 123.115"", ""  64.207""], ["" 132.554"", "" 124.494"", ""  64.142""], ["" 131.850"", "" 123.354"", ""  63.727""], ["" 133.846"", "" 124.748"", ""  63.727""], ["" 132.361"", "" 122.475"", ""  62.793""], ["" 134.231"", "" 124.038"", ""  62.545""], ["" 133.780"", "" 122.559"", ""  62.628""], ["" 129.699"", "" 127.096"", ""  69.851""], ["" 128.656"", "" 126.627"", ""  70.663""], ["" 130.804"", "" 127.726"", ""  70.442""], ["" 128.716"", "" 126.789"", ""  72.045""], ["" 130.863"", "" 127.884"", ""  71.824""], ["" 129.819"", "" 127.417"", ""  72.619""], ["" 126.166"", "" 133.524"", ""  62.096""], ["" 127.059"", "" 134.551"", ""  61.755""], ["" 124.806"", "" 133.660"", ""  61.739""], ["" 126.624"", "" 135.682"", ""  61.067""], ["" 124.381"", "" 134.801"", ""  61.050""], ["" 125.284"", "" 135.806"", ""  60.712""], ["" 123.763"", "" 132.616"", ""  62.120""]]",[],RR26_Rahimova_2017
130,2429,RR27_Rahimova_2017,4h2i_c_4_mae_prepped,1,16,-10.01,-0.25025,0.0,0.0,6,189.45,-12.1,-11.77,-0.33,-12.1,0.0,-1.95,2.09,-1.95,49,4,0.0,0.0,0.0,11.83008,10.982335,3.559948,0.74011477,-0.29473678,-0.60445047,143.283279,"134.167587, 276.711121, 172.596634, 138.43544, 109.255188, 41.965313, 358.600555, ","[["" 128.038"", "" 128.853"", ""  64.851""], ["" 128.229"", "" 127.860"", ""  63.939""], ["" 128.582"", "" 128.197"", ""  62.664""], ["" 128.751"", "" 129.459"", ""  62.177""], ["" 128.565"", "" 130.414"", ""  63.092""], ["" 128.211"", "" 130.189"", ""  64.440""], ["" 128.108"", "" 131.391"", ""  65.078""], ["" 128.388"", "" 132.374"", ""  64.148""], ["" 128.667"", "" 131.789"", ""  62.964""], ["" 127.688"", "" 128.641"", ""  66.158""], ["" 126.976"", "" 128.005"", ""  66.252""], ["" 128.814"", "" 127.030"", ""  61.687""], ["" 129.999"", "" 126.085"", ""  62.064""], ["" 127.516"", "" 126.232"", ""  61.357""], ["" 130.118"", "" 124.869"", ""  61.118""], ["" 127.772"", "" 124.993"", ""  60.462""], ["" 128.812"", "" 124.193"", ""  61.127""], ["" 128.465"", "" 123.239"", ""  62.038""], ["" 127.300"", "" 122.850"", ""  62.155""], ["" 129.577"", "" 122.493"", ""  62.831""], ["" 130.397"", "" 123.424"", ""  63.744""], ["" 131.799"", "" 123.467"", ""  63.689""], ["" 129.722"", "" 124.248"", ""  64.652""], ["" 132.509"", "" 124.322"", ""  64.527""], ["" 130.433"", "" 125.103"", ""  65.490""], ["" 131.823"", "" 125.137"", ""  65.423""], ["" 130.413"", "" 121.576"", ""  61.919""], ["" 130.083"", "" 120.228"", ""  61.725""], ["" 131.550"", "" 122.100"", ""  61.290""], ["" 130.868"", "" 119.424"", ""  60.902""], ["" 132.334"", "" 121.298"", ""  60.467""], ["" 131.988"", "" 119.963"", ""  60.275""], ["" 128.977"", "" 132.601"", ""  61.790""], ["" 130.284"", "" 132.218"", ""  61.109""], ["" 130.373"", "" 132.199"", ""  59.712""], ["" 131.400"", "" 131.865"", ""  61.874""], ["" 131.564"", "" 131.830"", ""  59.087""], ["" 132.595"", "" 131.504"", ""  61.249""], ["" 132.678"", "" 131.488"", ""  59.857""], ["" 131.657"", "" 131.785"", ""  57.364""]]",[],RR27_Rahimova_2017
131,1865,RR27_Rahimova_2017-again1,4h2i_c_4_mae_prepped,1,15,-9.59,-0.23975,0.0,0.0,4,188.16,-11.38,-11.25,-0.13,-11.38,0.0,-2.23,1.79,-2.23,64,3,0.0,0.0,0.0,8.970646,7.755873,6.979621,0.23882285,-0.72097843,0.65050269,265.461273,"319.90799, 42.065487, 168.217194, 357.014587, 34.207241, 234.658691, ","[["" 128.019"", "" 131.337"", ""  62.921""], ["" 128.151"", "" 130.186"", ""  63.332""], ["" 128.320"", "" 129.122"", ""  62.471""], ["" 128.475"", "" 127.777"", ""  62.792""], ["" 128.487"", "" 127.376"", ""  64.025""], ["" 128.331"", "" 128.353"", ""  64.960""], ["" 128.161"", "" 129.707"", ""  64.714""], ["" 128.030"", "" 130.368"", ""  65.851""], ["" 128.114"", "" 129.441"", ""  66.885""], ["" 128.313"", "" 128.235"", ""  66.326""], ["" 128.323"", "" 129.367"", ""  61.492""], ["" 128.635"", "" 126.774"", ""  61.645""], ["" 129.935"", "" 125.911"", ""  61.748""], ["" 127.315"", "" 125.991"", ""  61.356""], ["" 129.884"", "" 124.533"", ""  61.047""], ["" 127.477"", "" 124.600"", ""  60.695""], ["" 128.590"", "" 123.915"", ""  61.369""], ["" 128.358"", "" 123.192"", ""  62.503""], ["" 127.210"", "" 122.897"", ""  62.850""], ["" 129.549"", "" 122.559"", ""  63.284""], ["" 130.186"", "" 123.541"", ""  64.286""], ["" 131.195"", "" 124.440"", ""  63.908""], ["" 129.740"", "" 123.535"", ""  65.614""], ["" 131.745"", "" 125.314"", ""  64.841""], ["" 130.291"", "" 124.409"", ""  66.547""], ["" 131.291"", "" 125.293"", ""  66.157""], ["" 130.566"", "" 121.887"", ""  62.343""], ["" 131.891"", "" 122.341"", ""  62.253""], ["" 130.156"", "" 120.816"", ""  61.538""], ["" 132.787"", "" 121.731"", ""  61.380""], ["" 131.055"", "" 120.201"", ""  60.670""], ["" 132.366"", "" 120.662"", ""  60.594""], ["" 128.424"", "" 127.037"", ""  67.148""], ["" 129.020"", "" 127.302"", ""  68.523""], ["" 128.255"", "" 127.099"", ""  69.678""], ["" 130.340"", "" 127.751"", ""  68.641""], ["" 128.809"", "" 127.333"", ""  70.937""], ["" 130.892"", "" 127.986"", ""  69.901""], ["" 130.127"", "" 127.776"", ""  71.048""], ["" 127.865"", "" 127.070"", ""  72.357""]]",[],RR27_Rahimova_2017-again1
132,9938,RR28_Rahimova_2017,4h2i_c_4_mae_prepped,1,11,-8.04,-0.16749999999999998,0.0,0.0,1,183.13,-10.73,-10.51,-0.22,-10.73,0.0,-2.26,2.68,-2.26,80,3,0.0,0.0,0.0,9.144602,7.308722,4.178429,0.51231563,0.30585991,0.80248515,165.554077,"85.190933, 57.533699, 32.074551, 65.99424, 271.355957, 328.010559, 125.477631, 294.685699, 36.129612, ","[["" 126.773"", "" 125.538"", ""  58.062""], ["" 126.879"", "" 124.139"", ""  58.715""], ["" 125.844"", "" 123.503"", ""  58.925""], ["" 128.112"", "" 123.593"", ""  58.906""], ["" 128.252"", "" 122.285"", ""  59.565""], ["" 129.338"", "" 124.402"", ""  58.949""], ["" 128.482"", "" 122.574"", ""  61.070""], ["" 129.614"", "" 124.729"", ""  60.440""], ["" 129.748"", "" 123.462"", ""  61.346""], ["" 129.883"", "" 123.916"", ""  62.828""], ["" 129.931"", "" 125.286"", ""  63.126""], ["" 129.967"", "" 123.000"", ""  63.888""], ["" 130.056"", "" 125.728"", ""  64.439""], ["" 130.092"", "" 123.442"", ""  65.203""], ["" 130.137"", "" 124.809"", ""  65.487""], ["" 130.278"", "" 125.314"", ""  66.922""], ["" 131.543"", "" 125.605"", ""  67.235""], ["" 129.546"", "" 126.413"", ""  67.100""], ["" 129.848"", "" 124.371"", ""  67.762""], ["" 130.982"", "" 122.736"", ""  60.970""], ["" 131.229"", "" 121.413"", ""  61.049""], ["" 130.424"", "" 120.585"", ""  61.472""], ["" 131.713"", "" 123.317"", ""  60.585""], ["" 132.603"", "" 120.952"", ""  60.575""], ["" 126.232"", "" 126.673"", ""  58.974""], ["" 127.289"", "" 127.706"", ""  59.433""], ["" 126.974"", "" 129.032"", ""  59.454""], ["" 128.435"", "" 127.303"", ""  59.651""], ["" 125.596"", "" 129.534"", ""  59.516""], ["" 127.932"", "" 130.008"", ""  59.987""], ["" 125.205"", "" 129.563"", ""  61.010""], ["" 127.654"", "" 130.124"", ""  61.510""], ["" 126.158"", "" 130.412"", ""  61.921""], ["" 125.753"", "" 131.913"", ""  61.753""], ["" 126.682"", "" 132.964"", ""  61.815""], ["" 124.404"", "" 132.240"", ""  61.541""], ["" 126.279"", "" 134.288"", ""  61.659""], ["" 123.997"", "" 133.561"", ""  61.385""], ["" 124.934"", "" 134.595"", ""  61.440""], ["" 124.476"", "" 136.042"", ""  61.263""], ["" 125.246"", "" 136.673"", ""  60.375""], ["" 123.219"", "" 136.052"", ""  60.821""], ["" 124.523"", "" 136.728"", ""  62.407""], ["" 125.932"", "" 130.045"", ""  63.335""], ["" 124.765"", "" 130.015"", ""  64.010""], ["" 123.674"", "" 130.292"", ""  63.514""], ["" 126.769"", "" 129.828"", ""  63.856""], ["" 124.845"", "" 129.611"", ""  65.479""]]",[],RR28_Rahimova_2017
133,2014,RR29_Rahimova_2017,4h2i_c_4_mae_prepped,1,19,-7.01,-0.30478260869565216,0.0,0.0,7,190.03,-8.2,-5.68,-2.53,-8.2,0.0,-0.19,1.19,-0.19,47,10,0.0,0.0,0.0,9.448711,10.692317,8.842097,-0.50316404,-0.81311323,0.29269921,144.821518,"293.33017, 276.927612, 61.463192, 61.891796, ","[["" 129.740"", "" 124.749"", ""  67.741""], ["" 129.791"", "" 125.858"", ""  66.700""], ["" 130.238"", "" 125.582"", ""  65.531""], ["" 129.259"", "" 127.208"", ""  67.230""], ["" 128.342"", "" 127.018"", ""  68.456""], ["" 129.070"", "" 127.276"", ""  69.766""], ["" 128.622"", "" 126.663"", ""  70.950""], ["" 130.192"", "" 128.127"", ""  69.792""], ["" 129.327"", "" 126.923"", ""  72.120""], ["" 130.877"", "" 128.380"", ""  70.989""], ["" 129.079"", "" 126.478"", ""  73.380""], ["" 130.414"", "" 127.751"", ""  72.139""], ["" 130.178"", "" 126.887"", ""  74.150""], ["" 130.881"", "" 127.852"", ""  73.412""], ["" 130.205"", "" 126.561"", ""  64.562""], ["" 129.451"", "" 126.495"", ""  63.452""], ["" 128.625"", "" 125.492"", ""  63.151""], ["" 129.530"", "" 127.500"", ""  62.593""], ["" 130.813"", "" 127.356"", ""  64.699""], ["" 127.873"", "" 125.634"", ""  62.492""], ["" 128.752"", "" 124.593"", ""  63.594""], ["" 130.338"", "" 128.105"", ""  62.596""], ["" 128.783"", "" 127.655"", ""  61.931""]]",[],RR29_Rahimova_2017
134,9874,RR29_Rahimova_2017-again1,4h2i_c_4_mae_prepped,1,3,-6.42,-0.2918181818181818,0.0,0.0,3,189.07,-7.61,-7.33,-0.28,-7.61,0.0,-0.38,1.19,-0.38,42,15,0.0,0.0,0.0,7.288536,15.040237,6.836625,-0.85446493,-0.29109061,-0.43029751,218.064957,"49.416649, 76.129128, 67.276459, 8.366319, ","[["" 123.807"", "" 131.995"", ""  61.230""], ["" 124.187"", "" 131.745"", ""  62.682""], ["" 123.762"", "" 130.681"", ""  63.267""], ["" 125.090"", "" 132.842"", ""  63.278""], ["" 125.710"", "" 133.726"", ""  62.175""], ["" 127.149"", "" 133.340"", ""  61.868""], ["" 128.022"", "" 132.995"", ""  62.914""], ["" 127.604"", "" 133.328"", ""  60.535""], ["" 129.325"", "" 132.642"", ""  62.582""], ["" 128.926"", "" 132.977"", ""  60.229""], ["" 130.351"", "" 132.301"", ""  63.403""], ["" 129.762"", "" 132.635"", ""  61.286""], ["" 131.385"", "" 131.870"", ""  62.559""], ["" 131.075"", "" 132.289"", ""  61.257""], ["" 124.132"", "" 130.491"", ""  64.493""], ["" 125.000"", "" 129.573"", ""  64.712""], ["" 125.624"", "" 128.713"", ""  63.766""], ["" 125.465"", "" 129.300"", ""  66.016""], ["" 125.411"", "" 128.757"", ""  62.779""], ["" 126.298"", "" 128.011"", ""  64.032""], ["" 125.131"", "" 129.809"", ""  66.822""], ["" 126.144"", "" 128.580"", ""  66.211""]]",[],RR29_Rahimova_2017-again1
135,2005,RR2_Rahimova_2017,4h2i_c_4_mae_prepped,1,7,-10.1,-0.20612244897959184,0.0,0.0,4,188.12,-13.68,-13.44,-0.24,-13.68,0.0,-4.32,3.58,-4.32,66,11,0.0,0.0,0.0,14.896452,9.465047,6.018123,-0.52328,-0.52886844,0.66818875,226.085068,"331.34668, 300.681305, 43.387283, 76.77327, 188.598572, 302.883514, 187.941711, 58.834896, 277.421967, 79.972832, 125.243134, 330.862091, ","[["" 133.023"", "" 122.787"", ""  60.175""], ["" 133.028"", "" 123.446"", ""  61.815""], ["" 132.453"", "" 124.125"", ""  63.800""], ["" 133.762"", "" 124.168"", ""  63.731""], ["" 131.917"", "" 123.667"", ""  62.608""], ["" 134.126"", "" 123.753"", ""  62.458""], ["" 131.681"", "" 124.518"", ""  65.018""], ["" 130.248"", "" 125.267"", ""  67.301""], ["" 131.480"", "" 125.867"", ""  67.015""], ["" 129.742"", "" 124.291"", ""  66.444""], ["" 132.188"", "" 125.499"", ""  65.875""], ["" 130.452"", "" 123.918"", ""  65.306""], ["" 129.497"", "" 125.591"", ""  68.441""], ["" 129.353"", "" 124.866"", ""  69.130""], ["" 128.742"", "" 127.172"", ""  68.741""], ["" 127.307"", "" 126.987"", ""  68.497""], ["" 129.505"", "" 128.188"", ""  68.006""], ["" 128.933"", "" 127.457"", ""  70.499""], ["" 129.202"", "" 127.863"", ""  73.239""], ["" 130.264"", "" 128.163"", ""  72.383""], ["" 128.008"", "" 127.353"", ""  72.724""], ["" 130.130"", "" 127.963"", ""  71.012""], ["" 127.873"", "" 127.152"", ""  71.354""], ["" 129.355"", "" 128.067"", ""  74.735""], ["" 130.563"", "" 123.434"", ""  62.287""], ["" 129.679"", "" 124.508"", ""  62.175""], ["" 130.116"", "" 122.128"", ""  62.078""], ["" 128.346"", "" 124.272"", ""  61.853""], ["" 128.782"", "" 121.897"", ""  61.759""], ["" 127.885"", "" 122.972"", ""  61.644""], ["" 126.546"", "" 122.837"", ""  61.331""], ["" 125.776"", "" 124.003"", ""  61.055""], ["" 133.743"", "" 124.191"", ""  59.246""], ["" 132.820"", "" 125.406"", ""  59.088""], ["" 132.154"", "" 125.778"", ""  60.199""], ["" 132.746"", "" 125.978"", ""  57.996""], ["" 132.400"", "" 125.464"", ""  61.128""], ["" 131.492"", "" 127.001"", ""  60.191""], ["" 131.174"", "" 127.564"", ""  61.380""], ["" 131.378"", "" 127.025"", ""  62.474""], ["" 131.756"", "" 127.564"", ""  59.395""], ["" 130.546"", "" 128.943"", ""  61.313""], ["" 129.201"", "" 129.111"", ""  61.667""], ["" 131.278"", "" 130.067"", ""  60.900""], ["" 128.605"", "" 130.368"", ""  61.620""], ["" 130.680"", "" 131.322"", ""  60.851""], ["" 129.344"", "" 131.487"", ""  61.212""], ["" 128.838"", "" 132.771"", ""  61.137""], ["" 128.315"", "" 133.381"", ""  62.311""]]",[],RR2_Rahimova_2017
136,1642,RR30_Rahimova_2017,4h2i_c_4_mae_prepped,1,8,-6.33,-0.3331578947368421,0.0,0.0,1,193.4,-7.82,-7.66,-0.16,-7.82,0.0,-0.6,1.49,-0.6,30,8,0.0,0.0,0.0,10.422823,10.736233,16.853262,0.86717689,0.46802922,-0.17015549,239.197998,"232.213455, 273.250031, 4.69406, 330.605072, 303.453583, ","[["" 129.077"", "" 128.249"", ""  74.479""], ["" 129.255"", "" 127.588"", ""  73.109""], ["" 129.011"", "" 126.386"", ""  72.985""], ["" 129.712"", "" 128.389"", ""  72.122""], ["" 129.906"", "" 129.353"", ""  72.352""], ["" 129.955"", "" 128.020"", ""  70.807""], ["" 131.076"", "" 128.115"", ""  70.128""], ["" 128.643"", "" 127.338"", ""  69.896""], ["" 130.947"", "" 127.645"", ""  68.827""], ["" 129.741"", "" 127.207"", ""  68.549""], ["" 129.353"", "" 126.651"", ""  67.198""], ["" 128.604"", "" 130.002"", ""  74.340""], ["" 127.024"", "" 129.952"", ""  75.121""], ["" 126.378"", "" 130.944"", ""  75.680""], ["" 126.354"", "" 128.774"", ""  75.205""], ["" 125.189"", "" 130.405"", ""  76.165""], ["" 125.224"", "" 129.130"", ""  75.864""], ["" 124.180"", "" 128.073"", ""  76.150""], ["" 123.709"", "" 127.361"", ""  74.874""]]",[],RR30_Rahimova_2017
137,9898,RR31_Rahimova_2017,4h2i_c_4_mae_prepped,1,9,-6.41,-0.30523809523809525,0.0,0.0,8,192.66,-7.91,-6.09,-1.82,-7.91,0.0,-0.26,1.49,-0.26,42,8,0.0,0.0,0.0,9.849705,8.827296,8.673526,0.51590707,-0.83256139,-0.20169639,271.910919,"102.688385, 249.640381, 174.712616, 277.042572, 57.275265, ","[["" 130.058"", "" 125.158"", ""  63.218""], ["" 129.726"", "" 125.356"", ""  64.633""], ["" 129.939"", "" 126.564"", ""  67.325""], ["" 130.458"", "" 125.221"", ""  67.000""], ["" 128.929"", "" 126.974"", ""  66.329""], ["" 130.852"", "" 125.039"", ""  65.515""], ["" 129.369"", "" 126.755"", ""  64.864""], ["" 129.862"", "" 127.029"", ""  68.640""], ["" 128.601"", "" 127.266"", ""  70.724""], ["" 129.663"", "" 127.984"", ""  71.295""], ["" 128.711"", "" 126.802"", ""  69.408""], ["" 130.810"", "" 128.225"", ""  70.539""], ["" 130.906"", "" 127.759"", ""  69.229""], ["" 127.322"", "" 126.988"", ""  71.505""], ["" 129.592"", "" 128.505"", ""  72.725""], ["" 131.462"", "" 125.679"", ""  62.850""], ["" 131.471"", "" 126.437"", ""  61.513""], ["" 131.379"", "" 127.946"", ""  61.766""], ["" 131.234"", "" 128.125"", ""  62.749""], ["" 130.607"", "" 128.339"", ""  61.247""], ["" 132.232"", "" 128.401"", ""  61.475""]]",[],RR31_Rahimova_2017
138,9638,RR32_Rahimova_2017,4h2i_c_4_mae_prepped,1,9,-6.13,-0.34055555555555556,0.0,0.0,15,192.41,-6.43,-6.35,-0.07,-6.43,0.0,-0.31,0.3,-0.31,33,1,0.0,0.0,0.0,8.036601,16.123551,4.33394,-0.51993174,0.07303309,-0.85107999,29.327522,"14.764, ","[["" 123.824"", "" 131.662"", ""  62.359""], ["" 124.975"", "" 132.598"", ""  62.005""], ["" 126.272"", "" 132.083"", ""  62.012""], ["" 127.346"", "" 132.907"", ""  61.691""], ["" 127.193"", "" 134.216"", ""  61.367""], ["" 125.941"", "" 134.750"", ""  61.354""], ["" 125.812"", "" 136.118"", ""  61.014""], ["" 124.557"", "" 136.717"", ""  60.985""], ["" 123.418"", "" 135.980"", ""  61.286""], ["" 123.510"", "" 134.633"", ""  61.624""], ["" 124.775"", "" 133.978"", ""  61.668""], ["" 128.631"", "" 132.391"", ""  61.700""], ["" 129.465"", "" 132.635"", ""  60.510""], ["" 129.442"", "" 132.632"", ""  62.909""], ["" 130.809"", "" 131.870"", ""  60.538""], ["" 130.788"", "" 131.870"", ""  62.903""], ["" 131.575"", "" 132.238"", ""  61.728""], ["" 132.857"", "" 131.541"", ""  61.739""]]",[],RR32_Rahimova_2017
139,1839,RR32_Rahimova_2017-again1,4h2i_c_4_mae_prepped,4,11,-6.47,-0.3405263157894737,0.0,0.0,8,186.66,-6.77,-5.9,-0.87,-6.77,0.0,-0.34,0.3,-0.34,38,2,0.0,0.0,0.0,8.82756,6.143712,5.083489,0.86965704,-0.47095586,0.14797706,77.865166,"328.21933, ","[["" 128.485"", "" 123.726"", ""  58.347""], ["" 128.038"", "" 123.424"", ""  59.771""], ["" 128.970"", "" 123.035"", ""  60.733""], ["" 128.557"", "" 122.763"", ""  62.042""], ["" 127.247"", "" 122.843"", ""  62.402""], ["" 126.315"", "" 123.223"", ""  61.486""], ["" 124.964"", "" 123.310"", ""  61.900""], ["" 123.979"", "" 123.697"", ""  60.996""], ["" 124.308"", "" 124.001"", ""  59.679""], ["" 125.628"", "" 123.923"", ""  59.242""], ["" 126.662"", "" 123.532"", ""  60.136""], ["" 129.473"", "" 122.361"", ""  63.021""], ["" 130.924"", "" 122.467"", ""  62.774""], ["" 129.256"", "" 122.605"", ""  64.463""], ["" 131.488"", "" 123.862"", ""  63.133""], ["" 129.740"", "" 124.000"", ""  64.924""], ["" 131.251"", "" 124.115"", ""  64.635""], ["" 131.780"", "" 125.502"", ""  65.047""], ["" 131.733"", "" 123.400"", ""  65.160""]]",[],RR32_Rahimova_2017-again1
140,10349,RR32_Rahimova_2017-again2,4h2i_c_4_mae_prepped,1,20,-6.72,-0.33599999999999997,0.0,0.0,10,192.66,-7.02,-4.03,-2.98,-7.02,0.0,0.25,0.3,0.25,27,3,0.0,0.0,0.0,10.116707,13.21639,3.803147,0.01950436,0.68033733,0.73263954,222.182159,"240.385727, ","[["" 130.817"", "" 130.449"", ""  57.507""], ["" 130.644"", "" 130.368"", ""  59.018""], ["" 129.478"", "" 129.820"", ""  59.563""], ["" 129.298"", "" 129.743"", ""  60.950""], ["" 130.288"", "" 130.205"", ""  61.742""], ["" 131.466"", "" 130.758"", ""  61.297""], ["" 132.439"", "" 131.214"", ""  62.215""], ["" 133.622"", "" 131.765"", ""  61.729""], ["" 133.847"", "" 131.867"", ""  60.359""], ["" 132.895"", "" 131.422"", ""  59.441""], ["" 131.670"", "" 130.851"", ""  59.888""], ["" 130.154"", "" 130.134"", ""  62.739""], ["" 128.124"", "" 129.174"", ""  61.562""], ["" 128.045"", "" 127.718"", ""  61.854""], ["" 127.331"", "" 129.894"", ""  62.592""], ["" 128.696"", "" 127.397"", ""  63.226""], ["" 127.946"", "" 129.694"", ""  64.003""], ["" 127.966"", "" 128.184"", ""  64.340""], ["" 128.622"", "" 127.934"", ""  65.712""], ["" 127.008"", "" 127.862"", ""  64.368""]]",[],RR32_Rahimova_2017-again2
141,1628,RR33_Rahimova_2017,4h2i_c_4_mae_prepped,1,7,-4.86,-0.25578947368421057,0.0,0.0,1,189.84,-6.35,-6.12,-0.23,-6.35,0.0,-1.02,1.49,-1.02,35,8,0.0,0.0,0.0,8.124107,14.247116,5.331233,-0.2113001,0.7813877,0.5871844,41.164864,"131.341248, 90.270241, 324.378387, 273.927673, 118.517036, ","[["" 124.596"", "" 130.099"", ""  64.355""], ["" 124.649"", "" 131.433"", ""  63.952""], ["" 125.710"", "" 131.898"", ""  63.180""], ["" 126.739"", "" 131.031"", ""  62.799""], ["" 126.692"", "" 129.694"", ""  63.204""], ["" 125.629"", "" 129.228"", ""  63.975""], ["" 123.504"", "" 129.728"", ""  65.115""], ["" 123.575"", "" 129.822"", ""  66.535""], ["" 124.891"", "" 129.195"", ""  67.004""], ["" 127.878"", "" 131.532"", ""  61.969""], ["" 129.154"", "" 131.546"", ""  62.283""], ["" 127.614"", "" 132.043"", ""  60.738""], ["" 129.766"", "" 132.078"", ""  61.237""], ["" 128.829"", "" 132.396"", ""  60.261""], ["" 128.882"", "" 133.003"", ""  58.880""], ["" 131.269"", "" 132.250"", ""  61.219""], ["" 131.842"", "" 131.889"", ""  62.508""], ["" 133.164"", "" 131.309"", ""  62.336""], ["" 131.244"", "" 131.211"", ""  62.959""]]",[],RR33_Rahimova_2017
142,2717,RR33_Rahimova_2017-again1,4h2i_c_4_mae_prepped,1,9,-6.11,-0.3055,0.0,0.0,17,190.59,-7.6,-5.58,-2.01,-7.6,0.0,-0.81,1.49,-0.81,32,6,0.0,0.0,0.0,9.743767,10.875911,10.903536,-0.58240429,0.41591026,0.69844391,122.413651,"82.557877, 28.469633, 315.158081, 14.628261, 81.801537, ","[["" 128.888"", "" 126.996"", ""  71.706""], ["" 127.691"", "" 126.749"", ""  71.036""], ["" 127.577"", "" 126.998"", ""  69.671""], ["" 128.668"", "" 127.500"", ""  68.953""], ["" 129.871"", "" 127.749"", ""  69.622""], ["" 129.983"", "" 127.500"", ""  70.987""], ["" 128.905"", "" 126.718"", ""  73.060""], ["" 129.785"", "" 127.445"", ""  73.912""], ["" 131.062"", "" 126.625"", ""  74.118""], ["" 128.550"", "" 127.770"", ""  67.487""], ["" 128.979"", "" 127.020"", ""  66.496""], ["" 127.939"", "" 128.911"", ""  67.080""], ["" 128.644"", "" 127.670"", ""  65.392""], ["" 127.999"", "" 128.854"", ""  65.728""], ["" 127.395"", "" 130.005"", ""  64.962""], ["" 128.987"", "" 127.118"", ""  64.022""], ["" 130.465"", "" 126.693"", ""  64.005""], ["" 130.700"", "" 125.312"", ""  63.379""], ["" 130.996"", "" 127.382"", ""  63.492""], ["" 130.807"", "" 126.683"", ""  64.956""]]",[],RR33_Rahimova_2017-again1
143,10686,RR3_Rahimova_2017,4h2i_c_4_mae_prepped,1,14,-9.87,-0.24674999999999997,0.0,0.0,7,185.18,-11.36,-11.22,-0.14,-11.36,0.0,-1.54,1.49,-1.54,80,2,0.0,0.0,0.0,8.820462,11.886317,7.016521,0.63329929,0.42172378,-0.64890759,170.445297,"144.303665, 129.522552, 230.718124, 97.541702, 277.948944, ","[["" 127.841"", "" 130.085"", ""  64.387""], ["" 127.911"", "" 129.452"", ""  63.134""], ["" 127.609"", "" 130.458"", ""  62.252""], ["" 127.349"", "" 131.586"", ""  62.979""], ["" 127.485"", "" 131.359"", ""  64.263""], ["" 127.559"", "" 130.372"", ""  61.246""], ["" 128.123"", "" 129.515"", ""  65.742""], ["" 128.657"", "" 128.451"", ""  68.295""], ["" 128.514"", "" 127.611"", ""  67.183""], ["" 128.520"", "" 129.833"", ""  68.107""], ["" 128.246"", "" 128.134"", ""  65.921""], ["" 128.252"", "" 130.359"", ""  66.846""], ["" 128.949"", "" 127.888"", ""  69.652""], ["" 127.994"", "" 127.118"", ""  70.331""], ["" 130.184"", "" 128.120"", ""  70.274""], ["" 128.264"", "" 126.593"", ""  71.592""], ["" 130.459"", "" 127.597"", ""  71.535""], ["" 129.496"", "" 126.836"", ""  72.189""], ["" 128.193"", "" 128.051"", ""  62.701""], ["" 127.362"", "" 127.425"", ""  61.771""], ["" 129.292"", "" 127.359"", ""  63.213""], ["" 127.614"", "" 126.115"", ""  61.375""], ["" 129.542"", "" 126.049"", ""  62.814""], ["" 128.705"", "" 125.402"", ""  61.894""], ["" 128.962"", "" 123.988"", ""  61.480""], ["" 128.390"", "" 123.465"", ""  60.310""], ["" 129.785"", "" 123.153"", ""  62.252""], ["" 128.634"", "" 122.149"", ""  59.922""], ["" 130.031"", "" 121.839"", ""  61.867""], ["" 129.453"", "" 121.341"", ""  60.704""], ["" 126.965"", "" 132.865"", ""  62.387""], ["" 127.827"", "" 133.786"", ""  61.817""], ["" 125.643"", "" 133.435"", ""  62.262""], ["" 127.126"", "" 134.868"", ""  61.353""], ["" 125.782"", "" 134.697"", ""  61.604""], ["" 124.352"", "" 133.017"", ""  62.633""], ["" 124.688"", "" 135.522"", ""  61.319""], ["" 123.263"", "" 133.839"", ""  62.350""], ["" 123.430"", "" 135.061"", ""  61.707""], ["" 127.573"", "" 135.651"", ""  60.900""]]",[],RR3_Rahimova_2017
144,10116,RR4_Rahimova_2017,4h2i_c_4_mae_prepped,1,15,-9.77,-0.23829268292682926,0.0,0.0,2,185.61,-12.15,-11.62,-0.54,-12.15,0.0,-2.06,2.39,-2.06,69,10,0.0,0.0,0.0,10.756984,12.333959,9.225806,-0.28602251,-0.77630117,-0.56173626,236.374054,"169.134338, 318.122925, 92.391403, 276.007172, 233.572952, 231.825348, 7.332498, 143.23111, ","[["" 129.713"", "" 126.294"", ""  66.434""], ["" 129.821"", "" 126.223"", ""  67.829""], ["" 129.206"", "" 127.181"", ""  68.641""], ["" 128.514"", "" 128.212"", ""  68.092""], ["" 128.422"", "" 128.322"", ""  66.746""], ["" 128.992"", "" 127.373"", ""  65.867""], ["" 128.848"", "" 127.495"", ""  64.413""], ["" 128.734"", "" 127.591"", ""  63.266""], ["" 130.372"", "" 125.219"", ""  65.633""], ["" 131.643"", "" 123.200"", ""  64.146""], ["" 132.227"", "" 124.460"", ""  64.272""], ["" 130.413"", "" 122.952"", ""  64.773""], ["" 131.600"", "" 125.460"", ""  65.011""], ["" 129.788"", "" 123.953"", ""  65.512""], ["" 132.337"", "" 122.271"", ""  63.395""], ["" 133.451"", "" 122.699"", ""  62.618""], ["" 129.287"", "" 127.150"", ""  70.141""], ["" 128.183"", "" 126.761"", ""  70.914""], ["" 130.464"", "" 127.513"", ""  70.815""], ["" 128.254"", "" 126.730"", ""  72.303""], ["" 130.539"", "" 127.482"", ""  72.204""], ["" 129.428"", "" 127.088"", ""  72.963""], ["" 129.407"", "" 127.028"", ""  74.343""], ["" 128.956"", "" 128.158"", ""  75.080""], ["" 127.496"", "" 129.746"", ""  66.211""], ["" 125.745"", "" 129.252"", ""  66.076""], ["" 125.098"", "" 129.564"", ""  64.720""], ["" 125.939"", "" 129.498"", ""  63.662""], ["" 123.897"", "" 129.836"", ""  64.647""], ["" 126.900"", "" 129.264"", ""  63.863""], ["" 125.658"", "" 129.728"", ""  62.313""], ["" 125.013"", "" 130.858"", ""  61.788""], ["" 126.077"", "" 128.600"", ""  61.051""], ["" 124.531"", "" 131.967"", ""  62.605""], ["" 124.886"", "" 130.815"", ""  60.378""], ["" 125.410"", "" 129.636"", ""  59.827""], ["" 124.149"", "" 132.847"", ""  63.252""], ["" 124.206"", "" 131.876"", ""  59.505""], ["" 125.355"", "" 129.245"", ""  58.356""], ["" 123.844"", "" 131.292"", ""  58.120""], ["" 125.004"", "" 130.486"", ""  57.509""]]",[],RR4_Rahimova_2017
145,1836,RR5_Rahimova_2017,4h2i_c_4_mae_prepped,1,12,-10.42,-0.21708333333333332,0.0,0.0,2,183.57,-14.0,-13.39,-0.61,-14.0,0.0,-4.77,3.58,-4.77,80,6,0.0,0.0,0.0,9.882689,8.202172,3.015047,-0.05488659,-0.70315549,-0.70891454,189.496918,"0.488182, 243.594574, 167.193817, 90.836502, 123.784874, 355.807037, 173.109451, 224.650223, 67.446625, 347.92157, 263.609955, 155.25737, ","[["" 125.869"", "" 124.144"", ""  60.597""], ["" 126.461"", "" 123.272"", ""  59.432""], ["" 127.990"", "" 123.095"", ""  59.497""], ["" 128.600"", "" 122.692"", ""  58.508""], ["" 128.558"", "" 123.377"", ""  60.691""], ["" 127.925"", "" 123.789"", ""  61.361""], ["" 129.965"", "" 123.343"", ""  61.193""], ["" 130.281"", "" 121.810"", ""  61.178""], ["" 131.477"", "" 121.313"", ""  60.633""], ["" 129.366"", "" 120.884"", ""  61.718""], ["" 131.748"", "" 119.947"", ""  60.627""], ["" 129.631"", "" 119.518"", ""  61.702""], ["" 130.822"", "" 119.054"", ""  61.156""], ["" 130.843"", "" 124.149"", ""  60.178""], ["" 130.268"", "" 124.944"", ""  59.174""], ["" 132.245"", "" 124.078"", ""  60.251""], ["" 131.068"", "" 125.637"", ""  58.268""], ["" 133.046"", "" 124.762"", ""  59.342""], ["" 132.453"", "" 125.541"", ""  58.354""], ["" 129.924"", "" 123.942"", ""  62.640""], ["" 129.657"", "" 125.307"", ""  62.851""], ["" 130.141"", "" 123.136"", ""  63.772""], ["" 129.628"", "" 125.847"", ""  64.134""], ["" 130.113"", "" 123.672"", ""  65.057""], ["" 129.860"", "" 125.027"", ""  65.232""], ["" 126.694"", "" 125.304"", ""  60.988""], ["" 127.154"", "" 126.219"", ""  60.051""], ["" 126.913"", "" 126.218"", ""  58.841""], ["" 127.067"", "" 125.331"", ""  61.926""], ["" 127.932"", "" 127.116"", ""  60.681""], ["" 127.540"", "" 128.481"", ""  60.807""], ["" 126.004"", "" 128.603"", ""  60.919""], ["" 125.538"", "" 129.262"", ""  62.204""], ["" 125.380"", "" 129.501"", ""  59.867""], ["" 125.772"", "" 128.890"", ""  63.531""], ["" 124.787"", "" 130.405"", ""  61.926""], ["" 124.687"", "" 130.553"", ""  60.466""], ["" 125.417"", "" 129.398"", ""  58.475""], ["" 125.258"", "" 129.665"", ""  64.572""], ["" 124.273"", "" 131.183"", ""  62.966""], ["" 124.041"", "" 131.512"", ""  59.681""], ["" 124.770"", "" 130.351"", ""  57.687""], ["" 124.511"", "" 130.810"", ""  64.290""], ["" 124.083"", "" 131.407"", ""  58.290""], ["" 125.574"", "" 123.270"", ""  61.841""], ["" 124.515"", "" 122.719"", ""  62.065""], ["" 126.687"", "" 123.203"", ""  62.629""], ["" 126.763"", "" 123.958"", ""  63.216""]]",[],RR5_Rahimova_2017
146,9779,RR5_Rahimova_2017-again1,4h2i_c_4_mae_prepped,1,6,-8.45,-0.17978723404255317,0.0,0.0,4,185.89,-11.74,-12.47,0.73,-11.74,0.0,-3.4,3.28,-3.4,79,6,0.0,0.0,0.0,6.254872,8.603466,2.276681,-0.70961827,-0.57315462,-0.40979958,191.365616,"275.100006, 2.595686, 194.504944, 1.738586, 73.077721, 226.075211, 230.161026, 5.686269, 177.024567, 258.203247, 284.798889, ","[["" 126.170"", "" 125.109"", ""  60.438""], ["" 127.473"", "" 124.868"", ""  59.607""], ["" 128.783"", "" 124.704"", ""  60.405""], ["" 129.435"", "" 125.709"", ""  60.687""], ["" 129.223"", "" 123.452"", ""  60.653""], ["" 128.578"", "" 122.706"", ""  60.436""], ["" 130.441"", "" 123.002"", ""  61.374""], ["" 130.595"", "" 121.453"", ""  61.253""], ["" 131.732"", "" 120.884"", ""  60.653""], ["" 129.609"", "" 120.587"", ""  61.761""], ["" 131.877"", "" 119.503"", ""  60.555""], ["" 129.753"", "" 119.205"", ""  61.666""], ["" 130.887"", "" 118.669"", ""  61.063""], ["" 131.790"", "" 123.550"", ""  60.807""], ["" 132.972"", "" 123.481"", ""  61.565""], ["" 131.860"", "" 124.112"", ""  59.521""], ["" 134.176"", "" 123.969"", ""  61.064""], ["" 133.061"", "" 124.601"", ""  59.017""], ["" 134.215"", "" 124.530"", ""  59.791""], ["" 130.181"", "" 123.417"", ""  62.863""], ["" 129.662"", "" 122.510"", ""  63.803""], ["" 130.519"", "" 124.708"", ""  63.307""], ["" 129.454"", "" 122.889"", ""  65.126""], ["" 130.313"", "" 125.089"", ""  64.630""], ["" 129.777"", "" 124.179"", ""  65.534""], ["" 126.292"", "" 126.389"", ""  61.167""], ["" 126.522"", "" 127.589"", ""  60.503""], ["" 126.671"", "" 127.738"", ""  59.286""], ["" 126.138"", "" 126.394"", ""  62.165""], ["" 126.558"", "" 128.584"", ""  61.409""], ["" 126.369"", "" 128.319"", ""  62.794""], ["" 126.137"", "" 129.636"", ""  63.559""], ["" 127.244"", "" 130.656"", ""  63.360""], ["" 124.924"", "" 130.397"", ""  63.062""], ["" 128.607"", "" 130.560"", ""  63.652""], ["" 126.738"", "" 131.827"", ""  62.793""], ["" 125.287"", "" 131.666"", ""  62.609""], ["" 123.584"", "" 129.999"", ""  63.011""], ["" 129.458"", "" 131.631"", ""  63.368""], ["" 127.586"", "" 132.900"", ""  62.509""], ["" 124.324"", "" 132.537"", ""  62.097""], ["" 122.618"", "" 130.869"", ""  62.501""], ["" 128.948"", "" 132.798"", ""  62.797""], ["" 122.988"", "" 132.136"", ""  62.045""], ["" 125.856"", "" 123.904"", ""  61.413""], ["" 124.715"", "" 123.940"", ""  61.928""], ["" 126.748"", "" 123.031"", ""  61.539""]]",[],RR5_Rahimova_2017-again1
147,9927,RR6_Rahimova_2017,4h2i_c_4_mae_prepped,1,5,-8.58,-0.22,0.0,0.0,1,187.75,-11.27,-11.07,-0.2,-11.27,0.0,-1.57,2.68,-1.57,68,6,0.0,0.0,0.0,9.940351,5.300477,6.452515,-0.85094972,-0.30041596,0.4308536,140.67598,"71.471909, 185.003128, 309.854126, 213.661407, 85.219757, 259.046844, 283.098389, 312.19278, 320.244965, ","[["" 131.276"", "" 125.787"", ""  63.262""], ["" 129.512"", "" 126.117"", ""  62.939""], ["" 128.928"", "" 127.141"", ""  64.274""], ["" 127.709"", "" 129.073"", ""  64.804""], ["" 127.894"", "" 128.834"", ""  66.170""], ["" 128.231"", "" 128.232"", ""  63.876""], ["" 128.616"", "" 127.714"", ""  66.607""], ["" 129.157"", "" 126.840"", ""  65.632""], ["" 129.946"", "" 125.666"", ""  66.020""], ["" 130.567"", "" 124.739"", ""  66.326""], ["" 126.899"", "" 130.223"", ""  64.282""], ["" 125.376"", "" 132.384"", ""  63.324""], ["" 126.763"", "" 132.495"", ""  63.420""], ["" 124.746"", "" 131.202"", ""  63.703""], ["" 127.515"", "" 131.423"", ""  63.893""], ["" 125.503"", "" 130.134"", ""  64.173""], ["" 124.558"", "" 133.559"", ""  62.817""], ["" 128.759"", "" 127.510"", ""  68.079""], ["" 129.995"", "" 127.713"", ""  68.700""], ["" 127.661"", "" 127.141"", ""  68.863""], ["" 130.134"", "" 127.540"", ""  70.075""], ["" 127.797"", "" 126.967"", ""  70.238""], ["" 129.041"", "" 127.167"", ""  70.855""], ["" 129.271"", "" 127.021"", ""  72.209""], ["" 130.552"", "" 127.353"", ""  72.735""], ["" 131.681"", "" 124.326"", ""  63.041""], ["" 131.034"", "" 123.687"", ""  62.041""], ["" 132.511"", "" 123.817"", ""  63.793""], ["" 130.318"", "" 124.216"", ""  61.566""], ["" 131.128"", "" 122.343"", ""  61.634""], ["" 132.292"", "" 121.737"", ""  61.137""], ["" 129.961"", "" 121.588"", ""  61.756""], ["" 132.283"", "" 120.388"", ""  60.790""], ["" 129.956"", "" 120.239"", ""  61.411""], ["" 131.117"", "" 119.622"", ""  60.927""], ["" 131.075"", "" 118.164"", ""  60.569""], ["" 131.094"", "" 117.259"", ""  61.409""], ["" 131.016"", "" 117.941"", ""  59.231""], ["" 132.183"", "" 118.020"", ""  58.424""]]",[],RR6_Rahimova_2017
148,9856,RR7_Rahimova_2017,4h2i_c_4_mae_prepped,1,14,-10.04,-0.20489795918367346,0.0,0.0,2,190.25,-13.32,-12.99,-0.33,-13.32,0.0,-2.41,3.28,-2.41,70,4,0.0,0.0,0.0,5.401251,10.723443,3.643346,-0.64073851,-0.75974291,0.11065656,163.544006,"94.240128, 151.333893, 110.877907, 16.541674, 263.125885, 160.864792, 72.713196, 44.846848, 60.878716, 330.124573, 220.477448, ","[["" 125.597"", "" 129.905"", ""  62.223""], ["" 127.015"", "" 129.469"", ""  61.819""], ["" 127.127"", "" 128.031"", ""  61.292""], ["" 127.461"", "" 127.221"", ""  62.533""], ["" 128.352"", "" 128.213"", ""  63.273""], ["" 127.801"", "" 129.471"", ""  63.007""], ["" 128.120"", "" 127.899"", ""  60.288""], ["" 128.888"", "" 128.414"", ""  60.548""], ["" 128.446"", "" 128.001"", ""  64.704""], ["" 129.013"", "" 126.917"", ""  65.358""], ["" 128.109"", "" 128.878"", ""  65.720""], ["" 129.548"", "" 125.800"", ""  64.850""], ["" 128.911"", "" 127.217"", ""  66.741""], ["" 128.340"", "" 128.445"", ""  66.935""], ["" 129.991"", "" 124.939"", ""  65.805""], ["" 129.400"", "" 126.251"", ""  67.642""], ["" 129.946"", "" 125.097"", ""  67.153""], ["" 129.312"", "" 126.511"", ""  69.023""], ["" 129.995"", "" 127.415"", ""  69.765""], ["" 130.856"", "" 128.174"", ""  69.316""], ["" 128.646"", "" 125.934"", ""  69.516""], ["" 129.664"", "" 127.433"", ""  71.243""], ["" 128.325"", "" 127.524"", ""  71.653""], ["" 130.669"", "" 127.346"", ""  72.221""], ["" 127.998"", "" 127.537"", ""  73.006""], ["" 130.341"", "" 127.357"", ""  73.574""], ["" 129.006"", "" 127.453"", ""  73.960""], ["" 125.552"", "" 131.333"", ""  62.301""], ["" 126.039"", "" 132.134"", ""  61.201""], ["" 125.372"", "" 133.530"", ""  61.328""], ["" 124.034"", "" 133.641"", ""  61.739""], ["" 126.081"", "" 134.703"", ""  61.021""], ["" 123.422"", "" 134.885"", ""  61.843""], ["" 125.469"", "" 135.949"", ""  61.125""], ["" 124.142"", "" 136.035"", ""  61.535""], ["" 127.590"", "" 132.201"", ""  61.358""], ["" 128.446"", "" 132.222"", ""  60.247""], ["" 128.161"", "" 132.184"", ""  62.639""], ["" 129.827"", "" 132.252"", ""  60.414""], ["" 129.543"", "" 132.213"", ""  62.806""], ["" 130.389"", "" 132.249"", ""  61.689""], ["" 131.769"", "" 132.274"", ""  61.756""], ["" 132.467"", "" 131.088"", ""  62.121""], ["" 125.519"", "" 131.544"", ""  59.860""], ["" 126.380"", "" 130.817"", ""  59.022""], ["" 124.194"", "" 131.749"", ""  59.443""], ["" 125.928"", "" 130.293"", ""  57.816""], ["" 123.738"", "" 131.226"", ""  58.236""], ["" 124.606"", "" 130.498"", ""  57.428""]]",[],RR7_Rahimova_2017
149,9753,RR8_A_Rahimova_2017,4h2i_c_4_mae_prepped,1,16,-9.22,-0.21952380952380954,0.0,0.0,3,190.22,-13.4,-12.75,-0.65,-13.4,0.0,-2.69,4.18,-2.69,58,4,0.0,0.0,0.0,9.04048,11.898251,7.718355,-0.00406148,0.48885251,0.872357,166.821259,"54.050159, 283.862, 35.870338, 77.150322, 132.664871, 287.168579, 264.285675, 211.482925, 298.926514, 86.363716, 262.619965, 32.866844, 321.981323, 44.770756, ","[["" 127.828"", "" 128.637"", ""  65.311""], ["" 128.617"", "" 128.516"", ""  64.015""], ["" 127.632"", "" 129.172"", ""  63.064""], ["" 127.059"", "" 130.330"", ""  63.893""], ["" 127.216"", "" 129.893"", ""  65.240""], ["" 128.718"", "" 128.557"", ""  66.390""], ["" 128.949"", "" 127.320"", ""  66.930""], ["" 128.984"", "" 126.270"", ""  66.279""], ["" 129.146"", "" 127.365"", ""  68.418""], ["" 130.368"", "" 127.747"", ""  68.992""], ["" 128.086"", "" 127.012"", ""  69.262""], ["" 130.521"", "" 127.778"", ""  70.376""], ["" 128.240"", "" 127.044"", ""  70.645""], ["" 129.458"", "" 127.427"", ""  71.219""], ["" 129.621"", "" 127.462"", ""  72.693""], ["" 129.283"", "" 126.480"", ""  73.346""], ["" 130.090"", "" 128.473"", ""  73.209""], ["" 128.871"", "" 127.169"", ""  63.623""], ["" 129.792"", "" 127.003"", ""  62.551""], ["" 130.986"", "" 126.182"", ""  63.016""], ["" 131.989"", "" 125.822"", ""  62.109""], ["" 131.089"", "" 125.804"", ""  64.358""], ["" 133.084"", "" 125.080"", ""  62.541""], ["" 132.186"", "" 125.060"", ""  64.789""], ["" 133.177"", "" 124.701"", ""  63.879""], ["" 128.370"", "" 129.610"", ""  61.925""], ["" 128.665"", "" 131.001"", ""  61.878""], ["" 130.140"", "" 131.209"", ""  61.564""], ["" 130.625"", "" 130.912"", ""  60.287""], ["" 131.015"", "" 131.674"", ""  62.552""], ["" 131.974"", "" 131.091"", ""  59.995""], ["" 132.364"", "" 131.855"", ""  62.259""], ["" 132.837"", "" 131.564"", ""  60.982""], ["" 125.573"", "" 130.645"", ""  63.650""], ["" 125.409"", "" 132.054"", ""  63.579""], ["" 124.426"", "" 132.476"", ""  62.642""], ["" 124.797"", "" 133.843"", ""  62.086""], ["" 126.131"", "" 134.140"", ""  61.798""], ["" 123.802"", "" 134.798"", ""  61.848""], ["" 126.472"", "" 135.389"", ""  61.284""], ["" 124.143"", "" 136.047"", ""  61.334""], ["" 125.476"", "" 136.336"", ""  61.055""]]",[],RR8_A_Rahimova_2017
150,9944,RR8_B_Rahimova_2017,4h2i_c_4_mae_prepped,1,7,-8.92,-0.2123809523809524,0.0,0.0,3,188.72,-13.09,-12.47,-0.62,-13.09,0.0,-3.68,4.18,-3.68,51,6,0.0,0.0,0.0,7.612369,8.717996,8.540598,-0.19850876,0.63529152,0.74632363,187.345551,"283.731262, 235.315414, 267.812408, 273.742889, 69.827019, 327.454346, 270.633179, 8.619811, 209.121613, 273.646454, 227.385178, 63.469246, 238.585922, 198.95755, ","[["" 128.277"", "" 128.777"", ""  65.961""], ["" 128.515"", "" 128.472"", ""  64.483""], ["" 127.073"", "" 128.511"", ""  63.989""], ["" 126.444"", "" 129.647"", ""  64.803""], ["" 127.269"", "" 129.748"", ""  65.964""], ["" 127.876"", "" 127.603"", ""  66.624""], ["" 128.844"", "" 126.814"", ""  67.181""], ["" 129.361"", "" 125.843"", ""  66.619""], ["" 129.245"", "" 127.278"", ""  68.551""], ["" 130.554"", "" 127.692"", ""  68.838""], ["" 128.292"", "" 127.295"", ""  69.577""], ["" 130.899"", "" 128.110"", ""  70.119""], ["" 128.640"", "" 127.706"", ""  70.859""], ["" 129.949"", "" 128.114"", ""  71.148""], ["" 130.326"", "" 128.534"", ""  72.520""], ["" 130.083"", "" 129.686"", ""  72.870""], ["" 130.864"", "" 127.714"", ""  73.260""], ["" 129.087"", "" 127.188"", ""  64.246""], ["" 129.699"", "" 127.014"", ""  62.977""], ["" 130.934"", "" 126.148"", ""  63.160""], ["" 131.760"", "" 125.858"", ""  62.070""], ["" 131.230"", "" 125.628"", ""  64.423""], ["" 132.878"", "" 125.047"", ""  62.246""], ["" 132.348"", "" 124.818"", ""  64.598""], ["" 133.167"", "" 124.531"", ""  63.507""], ["" 126.960"", "" 128.794"", ""  62.591""], ["" 128.107"", "" 129.353"", ""  61.946""], ["" 128.097"", "" 130.878"", ""  61.968""], ["" 127.914"", "" 131.595"", ""  60.783""], ["" 128.244"", "" 131.556"", ""  63.182""], ["" 127.874"", "" 132.987"", ""  60.811""], ["" 128.207"", "" 132.948"", ""  63.209""], ["" 128.020"", "" 133.656"", ""  62.024""], ["" 124.982"", "" 129.426"", ""  65.230""], ["" 124.137"", "" 130.268"", ""  64.457""], ["" 124.184"", "" 130.040"", ""  63.056""], ["" 124.276"", "" 131.376"", ""  62.333""], ["" 124.374"", "" 131.405"", ""  60.939""], ["" 124.282"", "" 132.570"", ""  63.060""], ["" 124.484"", "" 132.623"", ""  60.273""], ["" 124.388"", "" 133.788"", ""  62.393""], ["" 124.492"", "" 133.809"", ""  61.005""]]",[],RR8_B_Rahimova_2017
151,9787,RR9_Rahimova_2017,4h2i_c_4_mae_prepped,1,15,-9.06,-0.23842105263157895,0.0,0.0,1,186.02,-11.45,-11.45,0.0,-11.45,0.0,-1.57,2.39,-1.57,91,5,0.0,0.0,0.0,10.852457,7.21279,7.972007,-0.04222697,0.54874627,-0.8349218,126.083931,"262.127441, 297.930634, 169.650391, 358.165924, 125.496628, 78.651031, 243.236481, 216.343414, ","[["" 132.888"", "" 123.720"", ""  63.603""], ["" 134.018"", "" 124.379"", ""  63.725""], ["" 133.898"", "" 125.215"", ""  64.769""], ["" 132.650"", "" 125.127"", ""  65.339""], ["" 131.928"", "" 124.175"", ""  64.581""], ["" 130.580"", "" 123.934"", ""  64.944""], ["" 130.099"", "" 124.643"", ""  66.059""], ["" 130.908"", "" 125.562"", ""  66.746""], ["" 132.199"", "" 125.811"", ""  66.389""], ["" 134.668"", "" 125.808"", ""  65.043""], ["" 132.755"", "" 122.650"", ""  62.570""], ["" 132.505"", "" 120.631"", ""  60.660""], ["" 131.402"", "" 121.421"", ""  60.986""], ["" 133.732"", "" 120.847"", ""  61.289""], ["" 131.527"", "" 122.430"", ""  61.938""], ["" 133.856"", "" 121.857"", ""  62.238""], ["" 132.364"", "" 119.519"", ""  59.635""], ["" 129.633"", "" 123.040"", ""  64.189""], ["" 128.807"", "" 123.660"", ""  63.324""], ["" 129.656"", "" 121.821"", ""  64.362""], ["" 128.799"", "" 124.670"", ""  63.313""], ["" 127.893"", "" 123.000"", ""  62.385""], ["" 128.453"", "" 122.924"", ""  60.946""], ["" 127.428"", "" 123.187"", ""  59.849""], ["" 127.695"", "" 122.800"", ""  58.532""], ["" 126.209"", "" 123.793"", ""  60.167""], ["" 126.742"", "" 123.011"", ""  57.539""], ["" 125.257"", "" 124.004"", ""  59.173""], ["" 125.528"", "" 123.611"", ""  57.864""], ["" 130.396"", "" 126.331"", ""  67.927""], ["" 129.146"", "" 126.044"", ""  68.496""], ["" 131.160"", "" 127.358"", ""  68.499""], ["" 128.677"", "" 126.758"", ""  69.594""], ["" 130.693"", "" 128.075"", ""  69.598""], ["" 129.442"", "" 127.778"", ""  70.156""], ["" 128.897"", "" 128.430"", ""  71.246""], ["" 128.644"", "" 127.701"", ""  72.443""], ["" 127.154"", "" 127.349"", ""  72.500""]]",[],RR9_Rahimova_2017
