,Pose_ID,LigName,receptor,pose_rank,run_number,docking_score,leff,deltas,cluster_rmsd,cluster_size,reference_rmsd,energies_inter,energies_vdw,energies_electro,energies_flexLig,energies_flexLR,energies_intra,energies_torsional,unbound_energy,nr_interactions,num_hb,about_x,about_y,about_z,trans_x,trans_y,trans_z,axisangle_x,axisangle_y,axisangle_z,axisangle_w,dihedrals,ligand_coordinates,flexible_res_coordinates,LigName:1
0,8083,1a_Ghoteimi_2023,4h2i_c_3_mae_prepped,1,12,-9.78,-0.23853658536585365,0.0,0.0,2,185.11,-13.06,-12.59,-0.47,-13.06,0.0,-2.14,3.28,-2.14,65,8,0.0,0.0,0.0,6.897725,15.247912,2.639344,-0.98177502,-0.1128469,0.15291628,300.044739,"140.322586, 182.276337, 96.725632, 65.380325, 92.510536, 113.225288, 62.058186, 78.606163, 148.427338, 92.673126, 194.854111, ","[["" 126.010"", "" 130.059"", ""  55.817""], ["" 126.684"", "" 131.076"", ""  56.396""], ["" 126.498"", "" 129.211"", ""  55.069""], ["" 126.152"", "" 131.659"", ""  57.026""], ["" 124.520"", "" 129.985"", ""  56.147""], ["" 124.179"", "" 130.542"", ""  57.843""], ["" 125.020"", "" 129.403"", ""  58.918""], ["" 125.984"", "" 128.685"", ""  61.021""], ["" 125.310"", "" 129.679"", ""  60.271""], ["" 126.334"", "" 127.489"", ""  60.381""], ["" 124.931"", "" 130.957"", ""  60.882""], ["" 125.999"", "" 127.272"", ""  59.039""], ["" 124.633"", "" 131.965"", ""  61.365""], ["" 125.347"", "" 128.229"", ""  58.326""], ["" 126.346"", "" 128.833"", ""  62.463""], ["" 127.017"", "" 129.150"", ""  65.175""], ["" 128.014"", "" 128.979"", ""  64.215""], ["" 125.674"", "" 129.167"", ""  64.768""], ["" 127.684"", "" 128.826"", ""  62.871""], ["" 125.346"", "" 129.012"", ""  63.424""], ["" 127.438"", "" 129.296"", ""  66.482""], ["" 128.522"", "" 128.503"", ""  66.954""], ["" 126.344"", "" 126.008"", ""  58.307""], ["" 127.514"", "" 125.908"", ""  57.535""], ["" 125.505"", "" 124.885"", ""  58.367""], ["" 127.832"", "" 124.734"", ""  56.858""], ["" 125.820"", "" 123.710"", ""  57.692""], ["" 126.993"", "" 123.625"", ""  56.929""], ["" 127.389"", "" 122.502"", ""  56.228""], ["" 127.079"", "" 122.404"", ""  54.842""], ["" 128.043"", "" 131.432"", ""  56.295""], ["" 128.746"", "" 132.196"", ""  57.239""], ["" 128.709"", "" 130.962"", ""  55.163""], ["" 130.093"", "" 132.486"", ""  57.040""], ["" 130.056"", "" 131.253"", ""  54.965""], ["" 130.765"", "" 132.018"", ""  55.901""], ["" 132.218"", "" 132.311"", ""  55.659""], ["" 132.619"", "" 133.333"", ""  55.095""], ["" 133.044"", "" 131.336"", ""  56.119""], ["" 132.706"", "" 130.568"", ""  57.268""], ["" 133.484"", "" 131.094"", ""  58.477""]]",[],1a_Ghoteimi_2023
1,1328,1a_Grossjean_2025,4h2i_c_3_mae_prepped,1,3,-7.54,-0.27925925925925926,0.0,0.0,10,188.09,-9.63,-9.26,-0.37,-9.63,0.0,-1.98,2.09,-1.98,30,4,0.0,0.0,0.0,10.309739,13.828845,1.713765,0.3214542,-0.94607947,0.0400105,40.751125,"123.797539, 292.49173, 69.369934, 94.863739, 81.629913, 161.803848, 277.171844, ","[["" 127.851"", "" 127.025"", ""  56.934""], ["" 126.760"", "" 126.500"", ""  57.628""], ["" 126.703"", "" 125.143"", ""  57.931""], ["" 127.740"", "" 124.282"", ""  57.547""], ["" 128.839"", "" 124.815"", ""  56.856""], ["" 128.898"", "" 126.173"", ""  56.552""], ["" 127.803"", "" 128.410"", ""  56.679""], ["" 127.139"", "" 129.094"", ""  55.723""], ["" 126.416"", "" 128.596"", ""  54.859""], ["" 128.326"", "" 128.966"", ""  57.339""], ["" 127.328"", "" 130.612"", ""  55.753""], ["" 127.652"", "" 131.230"", ""  57.431""], ["" 129.337"", "" 130.826"", ""  57.833""], ["" 131.743"", "" 130.956"", ""  57.579""], ["" 130.457"", "" 131.360"", ""  57.151""], ["" 131.858"", "" 130.044"", ""  58.634""], ["" 130.311"", "" 132.276"", ""  56.017""], ["" 130.700"", "" 129.551"", ""  59.232""], ["" 130.198"", "" 133.000"", ""  55.121""], ["" 129.459"", "" 129.926"", ""  58.841""], ["" 133.025"", "" 131.470"", ""  56.928""], ["" 130.759"", "" 128.553"", ""  60.373""], ["" 127.645"", "" 122.823"", ""  57.885""], ["" 127.994"", "" 122.354"", ""  58.973""], ["" 127.121"", "" 122.072"", ""  56.881""], ["" 126.395"", "" 122.673"", ""  55.817""], ["" 124.893"", "" 122.547"", ""  56.088""]]",[],1a_Grossjean_2025
2,7937,1aa_Ghoteimi_2023,4h2i_c_3_mae_prepped,1,10,-8.05,-0.19634146341463415,0.0,0.0,1,184.75,-11.33,-11.09,-0.24,-11.33,0.0,-2.28,3.28,-2.28,67,9,0.0,0.0,0.0,10.757058,14.049488,6.705178,-0.5174604,-0.48417825,0.7055538,116.075111,"187.111191, 173.865601, 176.54512, 206.36647, 358.108765, 331.493591, 351.742645, 336.85141, 40.0756, 160.700699, 52.421581, ","[["" 127.541"", "" 131.235"", ""  62.900""], ["" 127.084"", "" 131.650"", ""  61.696""], ["" 127.758"", "" 131.971"", ""  63.862""], ["" 126.943"", "" 130.924"", ""  61.007""], ["" 127.804"", "" 129.730"", ""  63.072""], ["" 127.315"", "" 129.002"", ""  61.938""], ["" 127.925"", "" 127.818"", ""  61.548""], ["" 128.056"", "" 125.889"", ""  60.082""], ["" 127.418"", "" 127.096"", ""  60.455""], ["" 129.178"", "" 125.483"", ""  60.816""], ["" 126.266"", "" 127.623"", ""  59.721""], ["" 129.644"", "" 126.248"", ""  61.892""], ["" 129.012"", "" 127.395"", ""  62.252""], ["" 125.355"", "" 128.041"", ""  59.142""], ["" 127.602"", "" 125.025"", ""  58.953""], ["" 126.719"", "" 123.413"", ""  56.824""], ["" 125.912"", "" 123.612"", ""  57.943""], ["" 127.977"", "" 124.032"", ""  56.773""], ["" 126.346"", "" 124.412"", ""  58.997""], ["" 128.410"", "" 124.831"", ""  57.827""], ["" 126.207"", "" 122.604"", ""  55.828""], ["" 124.858"", "" 122.160"", ""  55.920""], ["" 130.833"", "" 125.849"", ""  62.719""], ["" 130.778"", "" 125.875"", ""  64.121""], ["" 132.032"", "" 125.433"", ""  62.118""], ["" 131.879"", "" 125.508"", ""  64.890""], ["" 133.134"", "" 125.066"", ""  62.885""], ["" 133.066"", "" 125.103"", ""  64.284""], ["" 134.106"", "" 124.758"", ""  65.126""], ["" 133.937"", "" 124.903"", ""  66.532""], ["" 126.761"", "" 132.941"", ""  61.239""], ["" 127.619"", "" 134.050"", ""  61.282""], ["" 125.480"", "" 133.088"", ""  60.705""], ["" 127.190"", "" 135.284"", ""  60.798""], ["" 125.054"", "" 134.321"", ""  60.222""], ["" 125.902"", "" 135.435"", ""  60.263""], ["" 125.411"", "" 136.752"", ""  59.734""], ["" 125.927"", "" 137.835"", ""  60.028""], ["" 124.344"", "" 136.633"", ""  58.903""], ["" 124.238"", "" 137.425"", ""  57.726""], ["" 123.304"", "" 136.733"", ""  56.729""]]",[],1aa_Ghoteimi_2023
3,8261,1b_Ghoteimi_2023,4h2i_c_3_mae_prepped,1,1,-8.13,-0.23228571428571432,0.0,0.0,3,185.74,-10.52,-10.1,-0.42,-10.52,0.0,-2.49,2.39,-2.49,36,6,0.0,0.0,0.0,11.196218,14.477257,4.248757,0.44016756,0.80195014,0.40389169,109.146507,"130.850327, 186.188385, 132.6884, 205.8918, 64.998604, 345.362244, 347.86618, 238.671036, ","[["" 126.781"", "" 127.299"", ""  58.827""], ["" 126.709"", "" 128.522"", ""  58.115""], ["" 126.522"", "" 128.526"", ""  56.661""], ["" 126.374"", "" 128.528"", ""  55.513""], ["" 126.761"", "" 129.724"", ""  58.855""], ["" 126.829"", "" 129.740"", ""  60.208""], ["" 126.892"", "" 128.572"", ""  60.898""], ["" 126.867"", "" 127.346"", ""  60.224""], ["" 126.764"", "" 125.956"", ""  58.175""], ["" 126.732"", "" 123.438"", ""  56.925""], ["" 127.797"", "" 124.316"", ""  56.722""], ["" 125.673"", "" 123.831"", ""  57.757""], ["" 127.813"", "" 125.564"", ""  57.338""], ["" 125.692"", "" 125.079"", ""  58.372""], ["" 126.801"", "" 122.222"", ""  56.272""], ["" 127.103"", "" 122.198"", ""  54.881""], ["" 126.691"", "" 131.349"", ""  58.129""], ["" 128.200"", "" 131.583"", ""  57.131""], ["" 129.488"", "" 131.794"", ""  57.940""], ["" 129.415"", "" 131.393"", ""  59.229""], ["" 130.487"", "" 132.291"", ""  57.416""], ["" 128.537"", "" 131.010"", ""  59.546""], ["" 130.418"", "" 131.463"", ""  60.189""], ["" 130.292"", "" 131.958"", ""  61.410""], ["" 131.717"", "" 131.006"", ""  59.968""], ["" 131.537"", "" 131.830"", ""  62.027""], ["" 132.387"", "" 131.252"", ""  61.145""], ["" 126.979"", "" 128.681"", ""  62.395""], ["" 125.842"", "" 128.970"", ""  63.165""], ["" 128.195"", "" 128.490"", ""  63.071""], ["" 125.919"", "" 129.070"", ""  64.550""], ["" 128.275"", "" 128.587"", ""  64.457""], ["" 127.131"", "" 128.880"", ""  65.211""], ["" 127.111"", "" 128.997"", ""  66.588""], ["" 128.233"", "" 128.549"", ""  67.338""]]",[],1b_Ghoteimi_2023
4,8485,1b_Grossjean_2025,4h2i_c_3_mae_prepped,1,1,-7.14,-0.2746153846153846,0.0,0.0,1,185.48,-8.93,-8.66,-0.27,-8.93,0.0,-2.01,1.79,-2.01,57,4,0.0,0.0,0.0,14.024587,8.613399,5.346342,0.47666658,0.78833127,0.38900229,149.949158,"75.054382, 90.805153, 324.875488, 228.508331, 47.140636, 352.431305, ","[["" 131.379"", "" 124.795"", ""  58.955""], ["" 130.252"", "" 124.136"", ""  59.302""], ["" 131.639"", "" 125.226"", ""  57.833""], ["" 130.192"", "" 123.838"", ""  60.265""], ["" 132.386"", "" 125.010"", ""  60.086""], ["" 133.093"", "" 123.445"", ""  60.683""], ["" 131.734"", "" 122.352"", ""  61.043""], ["" 130.554"", "" 120.239"", ""  61.010""], ["" 131.696"", "" 120.992"", ""  60.655""], ["" 129.525"", "" 120.853"", ""  61.730""], ["" 132.805"", "" 120.358"", ""  59.939""], ["" 129.657"", "" 122.193"", ""  62.089""], ["" 133.680"", "" 119.854"", ""  59.373""], ["" 130.741"", "" 122.934"", ""  61.760""], ["" 130.394"", "" 118.765"", ""  60.642""], ["" 128.580"", "" 122.914"", ""  62.879""], ["" 129.135"", "" 123.777"", ""  58.524""], ["" 128.211"", "" 122.937"", ""  59.146""], ["" 128.901"", "" 124.200"", ""  57.207""], ["" 127.068"", "" 122.520"", ""  58.470""], ["" 127.758"", "" 123.782"", ""  56.532""], ["" 126.827"", "" 122.938"", ""  57.153""], ["" 125.604"", "" 122.509"", ""  56.394""], ["" 125.643"", "" 122.066"", ""  55.242""], ["" 124.454"", "" 122.664"", ""  57.098""], ["" 124.167"", "" 123.883"", ""  57.770""]]",[],1b_Grossjean_2025
5,1533,1c_Ghoteimi_2023,4h2i_c_3_mae_prepped,1,7,-7.82,-0.22342857142857145,0.0,0.0,1,191.69,-10.21,-9.95,-0.26,-10.21,0.0,-2.19,2.39,-2.19,61,5,0.0,0.0,0.0,8.800383,16.392712,7.467771,-0.21096052,0.92252541,-0.32317571,117.438522,"344.489502, 343.94632, 214.394592, 192.968796, 140.57988, 81.605438, 55.528336, 30.730705, ","[["" 126.511"", "" 130.190"", ""  62.292""], ["" 126.153"", "" 129.434"", ""  61.150""], ["" 126.073"", "" 127.970"", ""  61.206""], ["" 126.009"", "" 126.816"", ""  61.251""], ["" 125.863"", "" 130.133"", ""  59.960""], ["" 125.936"", "" 131.482"", ""  59.869""], ["" 126.319"", "" 132.209"", ""  60.951""], ["" 126.603"", "" 131.581"", ""  62.168""], ["" 126.763"", "" 129.593"", ""  63.637""], ["" 127.236"", "" 128.514"", ""  66.187""], ["" 125.934"", "" 128.637"", ""  65.702""], ["" 128.307"", "" 128.940"", ""  65.387""], ["" 125.699"", "" 129.173"", ""  64.440""], ["" 128.069"", "" 129.476"", ""  64.125""], ["" 127.375"", "" 127.971"", ""  67.450""], ["" 128.654"", "" 127.510"", ""  67.871""], ["" 125.239"", "" 129.328"", ""  58.501""], ["" 125.133"", "" 130.649"", ""  57.250""], ["" 126.451"", "" 130.833"", ""  56.489""], ["" 127.406"", "" 131.522"", ""  57.151""], ["" 126.557"", "" 130.395"", ""  55.343""], ["" 127.195"", "" 131.821"", ""  58.091""], ["" 128.618"", "" 131.956"", ""  56.639""], ["" 129.740"", "" 132.171"", ""  57.292""], ["" 128.707"", "" 132.208"", ""  54.926""], ["" 130.710"", "" 132.541"", ""  56.478""], ["" 130.381"", "" 132.630"", ""  55.129""], ["" 126.375"", "" 133.699"", ""  60.774""], ["" 125.296"", "" 134.410"", ""  60.226""], ["" 127.513"", "" 134.427"", ""  61.151""], ["" 125.350"", "" 135.793"", ""  60.068""], ["" 127.571"", "" 135.809"", ""  60.996""], ["" 126.483"", "" 136.505"", ""  60.451""], ["" 126.449"", "" 137.874"", ""  60.261""], ["" 127.476"", "" 138.496"", ""  59.498""]]",[],1c_Ghoteimi_2023
6,8154,1c_Grossjean_2025,4h2i_c_3_mae_prepped,1,10,-6.68,-0.2783333333333333,0.0,0.0,4,190.56,-8.17,-7.99,-0.18,-8.17,0.0,-1.9,1.49,-1.9,56,3,0.0,0.0,0.0,9.526643,15.911748,4.905014,0.64900205,0.38359546,0.65700142,109.596901,"89.472717, 163.145218, 164.25206, 46.631912, 351.648865, ","[["" 125.364"", "" 130.882"", ""  57.904""], ["" 126.559"", "" 131.415"", ""  58.239""], ["" 125.002"", "" 130.603"", ""  56.761""], ["" 126.737"", "" 131.521"", ""  59.227""], ["" 124.415"", "" 130.611"", ""  59.073""], ["" 123.930"", "" 132.144"", ""  59.920""], ["" 125.407"", "" 132.974"", ""  60.471""], ["" 126.831"", "" 134.890"", ""  60.879""], ["" 125.606"", "" 134.373"", ""  60.400""], ["" 127.783"", "" 134.014"", ""  61.411""], ["" 124.575"", "" 135.281"", ""  59.890""], ["" 127.493"", "" 132.653"", ""  61.465""], ["" 123.763"", "" 135.998"", ""  59.487""], ["" 126.328"", "" 132.135"", ""  61.011""], ["" 127.165"", "" 136.381"", ""  60.847""], ["" 128.476"", "" 131.653"", ""  62.046""], ["" 127.635"", "" 131.790"", ""  57.412""], ["" 127.601"", "" 131.787"", ""  56.009""], ["" 128.790"", "" 132.214"", ""  58.069""], ["" 128.721"", "" 132.188"", ""  55.286""], ["" 129.908"", "" 132.615"", ""  57.342""], ["" 129.881"", "" 132.602"", ""  55.939""], ["" 130.940"", "" 132.980"", ""  55.135""], ["" 132.243"", "" 132.486"", ""  55.426""]]",[],1c_Grossjean_2025
7,1459,1d_Ghoteimi_2023,4h2i_c_3_mae_prepped,1,9,-7.95,-0.265,0.0,0.0,6,189.23,-10.33,-9.82,-0.51,-10.33,0.0,-0.93,2.39,-0.93,47,9,0.0,0.0,0.0,13.210622,12.177323,3.888107,0.33156651,-0.65090389,-0.6829259,167.182312,"250.316971, 18.30578, 173.292587, 251.123489, 47.856041, 286.746338, 192.262573, 36.110172, ","[["" 127.243"", "" 124.692"", ""  57.985""], ["" 128.515"", "" 125.892"", ""  58.313""], ["" 129.728"", "" 127.961"", ""  57.954""], ["" 128.657"", "" 127.104"", ""  57.600""], ["" 130.561"", "" 127.584"", ""  59.015""], ["" 127.693"", "" 127.498"", ""  56.568""], ["" 130.340"", "" 126.387"", ""  59.706""], ["" 126.932"", "" 127.810"", ""  55.754""], ["" 129.327"", "" 125.558"", ""  59.344""], ["" 130.017"", "" 129.256"", ""  57.265""], ["" 130.571"", "" 131.697"", ""  55.985""], ["" 130.698"", "" 131.579"", ""  57.368""], ["" 130.172"", "" 130.578"", ""  55.238""], ["" 130.427"", "" 130.370"", ""  58.004""], ["" 129.903"", "" 129.370"", ""  55.875""], ["" 130.854"", "" 132.936"", ""  55.442""], ["" 132.204"", "" 133.386"", ""  55.403""], ["" 131.196"", "" 125.941"", ""  60.855""], ["" 130.862"", "" 126.261"", ""  62.180""], ["" 132.364"", "" 125.195"", ""  60.638""], ["" 131.661"", "" 125.852"", ""  63.243""], ["" 133.167"", "" 124.784"", ""  61.699""], ["" 132.819"", "" 125.112"", ""  63.017""], ["" 133.553"", "" 124.752"", ""  64.131""], ["" 133.171"", "" 125.259"", ""  65.405""], ["" 128.038"", "" 123.291"", ""  57.143""], ["" 127.011"", "" 122.684"", ""  56.191""], ["" 127.161"", "" 122.731"", ""  54.969""], ["" 125.977"", "" 122.117"", ""  56.846""], ["" 124.700"", "" 122.738"", ""  56.854""]]",[],1d_Ghoteimi_2023
8,8180,1d_Grossjean_2025,4h2i_c_3_mae_prepped,1,15,-7.6,-0.34545454545454546,0.0,0.0,9,183.81,-8.79,-8.68,-0.11,-8.79,0.0,-0.65,1.19,-0.65,47,3,0.0,0.0,0.0,11.235677,7.83998,6.018467,0.04626045,-0.73036472,-0.68148906,163.458694,"283.202179, 231.588242, 2.240819, 317.903534, ","[["" 128.742"", "" 122.142"", ""  62.596""], ["" 130.277"", "" 122.091"", ""  61.699""], ["" 132.048"", "" 121.020"", ""  60.442""], ["" 130.817"", "" 120.914"", ""  61.130""], ["" 132.683"", "" 122.263"", ""  60.363""], ["" 130.158"", "" 119.614"", ""  61.266""], ["" 132.091"", "" 123.366"", ""  60.974""], ["" 129.639"", "" 118.584"", ""  61.371""], ["" 130.912"", "" 123.289"", ""  61.635""], ["" 132.724"", "" 119.822"", ""  59.778""], ["" 132.736"", "" 124.738"", ""  60.934""], ["" 127.834"", "" 123.616"", ""  62.037""], ["" 126.757"", "" 123.272"", ""  61.007""], ["" 127.107"", "" 123.467"", ""  59.717""], ["" 125.659"", "" 122.872"", ""  61.396""], ["" 128.029"", "" 123.847"", ""  59.560""], ["" 126.373"", "" 123.238"", ""  58.538""], ["" 125.032"", "" 123.631"", ""  58.574""], ["" 126.899"", "" 122.676"", ""  57.363""], ["" 124.217"", "" 123.454"", ""  57.459""], ["" 126.082"", "" 122.502"", ""  56.249""], ["" 124.746"", "" 122.890"", ""  56.301""]]",[],1d_Grossjean_2025
9,8017,1e_Grossjean_2025,4h2i_c_3_mae_prepped,1,10,-7.37,-0.3204347826086957,0.0,0.0,4,187.95,-8.57,-8.34,-0.22,-8.57,0.0,-1.01,1.19,-1.01,48,7,0.0,0.0,0.0,8.388813,16.366827,6.287275,0.23275616,0.80912387,0.5395768,235.949142,"134.763733, 287.113037, 5.756287, 359.078583, ","[["" 123.861"", "" 130.458"", ""  60.373""], ["" 123.777"", "" 132.228"", ""  59.969""], ["" 125.256"", "" 133.021"", ""  60.566""], ["" 126.721"", "" 134.899"", ""  61.012""], ["" 125.500"", "" 134.413"", ""  60.490""], ["" 127.622"", "" 134.001"", ""  61.593""], ["" 124.520"", "" 135.348"", ""  59.931""], ["" 127.289"", "" 132.650"", ""  61.651""], ["" 123.748"", "" 136.088"", ""  59.489""], ["" 126.128"", "" 132.163"", ""  61.155""], ["" 127.102"", "" 136.378"", ""  60.978""], ["" 128.216"", "" 131.631"", ""  62.286""], ["" 123.721"", "" 130.207"", ""  61.876""], ["" 124.850"", "" 129.835"", ""  62.518""], ["" 122.615"", "" 130.329"", ""  62.405""], ["" 125.674"", "" 129.708"", ""  61.948""], ["" 125.022"", "" 129.528"", ""  63.879""], ["" 124.017"", "" 129.689"", ""  64.789""], ["" 126.289"", "" 129.069"", ""  64.259""], ["" 124.260"", "" 129.384"", ""  66.089""], ["" 126.523"", "" 128.758"", ""  65.600""], ["" 125.499"", "" 128.916"", ""  66.535""], ["" 123.097"", "" 129.585"", ""  67.042""]]",[],1e_Grossjean_2025
10,8089,1f_Grossjean_2025,4h2i_c_3_mae_prepped,1,19,-7.15,-0.325,0.0,0.0,5,185.71,-8.34,-8.19,-0.15,-8.34,0.0,-1.61,1.19,-1.61,48,3,0.0,0.0,0.0,11.50921,8.612144,6.733257,-0.49928016,0.3810153,-0.77816879,165.115616,"90.095779, 26.661222, 153.498215, 304.648041, ","[["" 129.784"", "" 122.188"", ""  61.376""], ["" 130.704"", "" 123.220"", ""  60.253""], ["" 132.707"", "" 124.177"", ""  59.284""], ["" 132.116"", "" 123.315"", ""  60.235""], ["" 131.888"", "" 124.880"", ""  58.394""], ["" 132.960"", "" 122.527"", ""  61.138""], ["" 130.509"", "" 124.705"", ""  58.464""], ["" 133.628"", "" 121.907"", ""  61.850""], ["" 129.920"", "" 123.888"", ""  59.369""], ["" 134.219"", "" 124.371"", ""  59.176""], ["" 129.567"", "" 125.428"", ""  57.519""], ["" 128.307"", "" 123.109"", ""  61.927""], ["" 127.101"", "" 123.024"", ""  60.980""], ["" 127.411"", "" 123.101"", ""  59.668""], ["" 125.964"", "" 122.872"", ""  61.428""], ["" 128.393"", "" 123.183"", ""  59.447""], ["" 126.567"", "" 123.066"", ""  58.541""], ["" 127.090"", "" 122.486"", ""  57.380""], ["" 125.254"", "" 123.571"", ""  58.484""], ["" 126.396"", "" 122.383"", ""  56.217""], ["" 124.527"", "" 123.472"", ""  57.295""], ["" 125.131"", "" 122.873"", ""  56.190""]]",[],1f_Grossjean_2025
11,1724,1g_Grossjean_2025,4h2i_c_3_mae_prepped,1,18,-9.26,-0.4026086956521739,0.0,0.0,1,182.82,-10.75,-10.69,-0.07,-10.75,0.0,-0.58,1.49,-0.58,66,3,0.0,0.0,0.0,13.427191,8.820848,6.509828,0.9192505,-0.31830159,0.23165194,239.559143,"354.736969, 276.805725, 233.249115, 79.810646, 196.00412, ","[["" 128.530"", "" 122.108"", ""  61.066""], ["" 128.900"", "" 123.233"", ""  59.687""], ["" 127.503"", "" 123.197"", ""  58.586""], ["" 125.159"", "" 123.394"", ""  58.014""], ["" 126.175"", "" 123.465"", ""  58.993""], ["" 125.500"", "" 123.081"", ""  56.694""], ["" 125.848"", "" 123.842"", ""  60.371""], ["" 126.838"", "" 122.856"", ""  56.377""], ["" 125.586"", "" 124.141"", ""  61.458""], ["" 127.828"", "" 122.917"", ""  57.298""], ["" 123.687"", "" 123.651"", ""  58.335""], ["" 127.275"", "" 122.531"", ""  54.961""], ["" 129.732"", "" 121.236"", ""  61.431""], ["" 130.170"", "" 120.396"", ""  60.477""], ["" 130.246"", "" 121.330"", ""  62.547""], ["" 129.676"", "" 120.370"", ""  59.597""], ["" 131.262"", "" 119.435"", ""  60.629""], ["" 131.069"", "" 118.138"", ""  59.849""], ["" 130.023"", "" 117.272"", ""  60.183""], ["" 131.933"", "" 117.820"", ""  58.797""], ["" 129.846"", "" 116.088"", ""  59.470""], ["" 131.754"", "" 116.637"", ""  58.085""], ["" 130.713"", "" 115.777"", ""  58.425""]]",[],1g_Grossjean_2025
12,8561,1h_Grossjean_2025,4h2i_c_3_mae_prepped,1,11,-6.34,-0.2186206896551724,0.0,0.0,1,186.38,-8.73,-8.19,-0.54,-8.73,0.0,-1.5,2.39,-1.5,31,7,0.0,0.0,0.0,9.351673,10.382864,6.072261,-0.65599529,-0.60020804,0.45762483,117.039337,"60.556133, 123.730553, 62.028473, 340.30072, 30.168873, 29.391459, 1.76849, 64.641609, ","[["" 126.693"", "" 125.204"", ""  60.477""], ["" 126.888"", "" 125.938"", ""  61.587""], ["" 126.742"", "" 125.664"", ""  59.336""], ["" 126.817"", "" 125.483"", ""  62.485""], ["" 126.388"", "" 123.721"", ""  60.686""], ["" 127.318"", "" 123.025"", ""  62.085""], ["" 129.045"", "" 123.413"", ""  61.849""], ["" 131.370"", "" 122.809"", ""  61.524""], ["" 130.026"", "" 122.406"", ""  61.702""], ["" 131.675"", "" 124.174"", ""  61.499""], ["" 129.677"", "" 120.983"", ""  61.730""], ["" 130.646"", "" 125.100"", ""  61.650""], ["" 129.401"", "" 119.859"", ""  61.752""], ["" 129.353"", "" 124.736"", ""  61.821""], ["" 132.513"", "" 121.810"", ""  61.359""], ["" 130.912"", "" 126.594"", ""  61.633""], ["" 127.155"", "" 127.376"", ""  61.613""], ["" 126.330"", "" 128.141"", ""  62.644""], ["" 125.208"", "" 128.869"", ""  62.247""], ["" 126.728"", "" 128.163"", ""  63.981""], ["" 124.453"", "" 129.594"", ""  63.182""], ["" 125.995"", "" 128.884"", ""  64.937""], ["" 124.853"", "" 129.587"", ""  64.527""], ["" 123.324"", "" 130.326"", ""  62.863""], ["" 123.097"", "" 130.706"", ""  61.510""], ["" 126.329"", "" 128.949"", ""  66.278""], ["" 127.696"", "" 128.855"", ""  66.664""], ["" 124.130"", "" 130.302"", ""  65.450""], ["" 123.608"", "" 129.515"", ""  66.512""]]",[],1h_Grossjean_2025
13,8040,1i_Grossjean_2025,4h2i_c_3_mae_prepped,1,9,-7.01,-0.3338095238095238,0.0,0.0,2,184.33,-8.2,-8.1,-0.1,-8.2,0.0,-0.95,1.19,-0.95,46,4,0.0,0.0,0.0,11.328421,7.944637,5.328128,0.11485509,-0.63623247,-0.7629001,167.463593,"258.920288, 245.801422, 115.310699, 286.568909, ","[["" 128.304"", "" 121.759"", ""  61.698""], ["" 129.960"", "" 122.010"", ""  61.100""], ["" 132.132"", "" 121.302"", ""  60.295""], ["" 130.841"", "" 120.957"", ""  60.758""], ["" 132.491"", "" 122.651"", ""  60.210""], ["" 130.463"", "" 119.549"", ""  60.902""], ["" 131.567"", "" 123.622"", ""  60.591""], ["" 130.167"", "" 118.436"", ""  61.017""], ["" 130.325"", "" 123.315"", ""  61.033""], ["" 133.167"", "" 120.255"", ""  59.887""], ["" 131.899"", "" 125.101"", ""  60.532""], ["" 127.384"", "" 123.304"", ""  61.436""], ["" 127.144"", "" 123.587"", ""  59.951""], ["" 127.295"", "" 122.528"", ""  59.126""], ["" 126.839"", "" 124.726"", ""  59.595""], ["" 127.518"", "" 121.638"", ""  59.549""], ["" 127.133"", "" 122.507"", ""  57.748""], ["" 126.153"", "" 121.910"", ""  57.089""], ["" 128.013"", "" 123.137"", ""  56.869""], ["" 126.382"", "" 122.142"", ""  55.731""], ["" 127.508"", "" 122.883"", ""  55.614""]]",[],1i_Grossjean_2025
14,1700,1j_Grossjean_2025,4h2i_c_3_mae_prepped,1,15,-6.75,-0.32142857142857145,0.0,0.0,2,183.97,-7.95,-7.91,-0.04,-7.95,0.0,-0.6,1.19,-0.6,47,4,0.0,0.0,0.0,11.65571,7.19084,5.587505,-0.14202954,0.82290722,0.55013754,200.578079,"301.63269, 106.215683, 257.976837, 272.335266, ","[["" 128.603"", "" 122.175"", ""  62.106""], ["" 130.262"", "" 122.265"", ""  61.468""], ["" 132.290"", "" 121.366"", ""  60.498""], ["" 130.979"", "" 121.149"", ""  60.976""], ["" 132.831"", "" 122.655"", ""  60.543""], ["" 130.413"", "" 119.797"", ""  60.987""], ["" 132.063"", "" 123.692"", ""  61.069""], ["" 129.970"", "" 118.729"", ""  60.994""], ["" 130.803"", "" 123.508"", ""  61.529""], ["" 133.159"", "" 120.242"", ""  59.933""], ["" 132.597"", "" 125.110"", ""  61.159""], ["" 127.541"", "" 123.181"", ""  61.028""], ["" 127.644"", "" 122.755"", ""  59.562""], ["" 126.629"", "" 123.157"", ""  58.766""], ["" 128.612"", "" 122.090"", ""  59.193""], ["" 125.903"", "" 123.721"", ""  59.183""], ["" 126.492"", "" 122.907"", ""  57.408""], ["" 125.612"", "" 122.130"", ""  56.815""], ["" 127.601"", "" 123.706"", ""  56.341""], ["" 125.773"", "" 122.128"", ""  55.506""], ["" 126.804"", "" 122.920"", ""  55.011""]]",[],1j_Grossjean_2025
15,1680,1k_Grossjean_2025,4h2i_c_3_mae_prepped,1,14,-6.24,-0.24000000000000002,0.0,0.0,2,186.78,-9.82,-9.4,-0.42,-9.82,0.0,-2.07,3.58,-2.07,39,5,0.0,0.0,0.0,12.67709,12.743972,0.888828,0.33520483,-0.65552872,0.67669773,197.382339,"252.449646, 9.199112, 134.321014, 109.822861, 157.330582, 99.162521, 271.36087, 294.002563, 43.954258, 227.269226, 183.406982, 3.321172, ","[["" 128.640"", "" 125.127"", ""  57.946""], ["" 128.256"", "" 126.485"", ""  58.112""], ["" 127.504"", "" 126.967"", ""  56.857""], ["" 127.795"", "" 128.351"", ""  56.483""], ["" 127.226"", "" 129.014"", ""  55.461""], ["" 126.376"", "" 128.512"", ""  54.723""], ["" 128.486"", "" 128.829"", ""  57.043""], ["" 127.707"", "" 130.460"", ""  55.259""], ["" 127.906"", "" 131.447"", ""  56.783""], ["" 129.401"", "" 130.939"", ""  57.620""], ["" 131.802"", "" 130.955"", ""  57.950""], ["" 130.676"", "" 131.406"", ""  57.226""], ["" 131.618"", "" 130.073"", ""  59.019""], ["" 130.839"", "" 132.333"", ""  56.102""], ["" 130.326"", "" 129.660"", ""  59.340""], ["" 130.969"", "" 133.066"", ""  55.216""], ["" 129.236"", "" 130.077"", ""  58.657""], ["" 133.225"", "" 131.396"", ""  57.615""], ["" 130.060"", "" 128.706"", ""  60.488""], ["" 127.580"", "" 124.203"", ""  58.159""], ["" 128.121"", "" 122.771"", ""  58.060""], ["" 127.530"", "" 122.120"", ""  56.943""], ["" 127.553"", "" 122.895"", ""  55.752""], ["" 126.176"", "" 122.833"", ""  55.076""], ["" 125.342"", "" 121.924"", ""  55.782""], ["" 124.566"", "" 122.540"", ""  56.797""]]",[],1k_Grossjean_2025
16,1968,1l_Grossjean_2025,4h2i_c_3_mae_prepped,1,20,-6.23,-0.34611111111111115,0.0,0.0,1,192.61,-7.43,-6.92,-0.5,-7.43,0.0,-0.24,1.19,-0.24,41,4,0.0,0.0,0.0,14.674529,7.999563,20.420979,0.09094171,0.24686172,-0.96477401,174.629745,"78.021675, 99.252586, 280.564362, 50.931099, ","[["" 130.428"", "" 122.178"", ""  73.759""], ["" 130.535"", "" 123.348"", ""  75.157""], ["" 131.090"", "" 124.921"", ""  74.523""], ["" 132.777"", "" 126.614"", ""  74.120""], ["" 132.431"", "" 125.353"", ""  74.653""], ["" 131.794"", "" 127.382"", ""  73.488""], ["" 133.441"", "" 124.526"", ""  75.321""], ["" 130.497"", "" 126.882"", ""  73.402""], ["" 134.240"", "" 123.876"", ""  75.848""], ["" 130.144"", "" 125.677"", ""  73.908""], ["" 134.193"", "" 127.182"", ""  74.203""], ["" 129.386"", "" 127.667"", ""  72.732""], ["" 129.109"", "" 122.223"", ""  72.975""], ["" 128.543"", "" 121.023"", ""  72.739""], ["" 128.617"", "" 123.294"", ""  72.610""], ["" 129.027"", "" 120.143"", ""  72.847""], ["" 127.493"", "" 120.939"", ""  71.826""], ["" 127.121"", "" 119.581"", ""  71.640""]]",[],1l_Grossjean_2025
17,8107,1m_Grossjean_2025,4h2i_c_3_mae_prepped,1,15,-6.58,-0.31333333333333335,0.0,0.0,1,185.66,-8.37,-8.26,-0.11,-8.37,0.0,-1.39,1.79,-1.39,35,6,0.0,0.0,0.0,11.553183,8.422332,6.802924,-0.14274534,-0.12726519,0.98154334,56.047108,"5.866735, 43.367306, 170.420731, 286.906799, 170.165863, 292.368958, ","[["" 130.100"", "" 122.004"", ""  61.591""], ["" 131.119"", "" 122.836"", ""  61.304""], ["" 130.128"", "" 121.206"", ""  62.530""], ["" 131.031"", "" 123.442"", ""  60.501""], ["" 128.884"", "" 122.102"", ""  60.660""], ["" 129.077"", "" 123.276"", ""  59.275""], ["" 127.593"", "" 123.217"", ""  58.293""], ["" 125.208"", "" 123.386"", ""  57.903""], ["" 126.296"", "" 123.473"", ""  58.801""], ["" 125.450"", "" 123.069"", ""  56.562""], ["" 126.070"", "" 123.852"", ""  60.197""], ["" 126.762"", "" 122.859"", ""  56.143""], ["" 125.891"", "" 124.151"", ""  61.300""], ["" 127.819"", "" 122.935"", ""  56.984""], ["" 123.764"", "" 123.628"", ""  58.336""], ["" 127.091"", "" 122.521"", ""  54.701""], ["" 132.381"", "" 122.938"", ""  62.053""], ["" 132.937"", "" 124.376"", ""  62.095""], ["" 133.841"", "" 124.724"", ""  62.861""], ["" 132.308"", "" 125.176"", ""  61.209""], ["" 131.390"", "" 126.164"", ""  61.654""]]",[],1m_Grossjean_2025
18,8353,1n_Grossjean_2025,4h2i_c_3_mae_prepped,1,7,-8.42,-0.3007142857142857,0.0,0.0,10,189.38,-10.81,-10.38,-0.43,-10.81,0.0,-1.02,2.39,-1.02,45,4,0.0,0.0,0.0,10.481574,14.200091,1.261653,0.40717846,-0.91072444,-0.06918594,35.431667,"28.315071, 222.454773, 298.172729, 103.930046, 91.997879, 157.588501, 97.624458, 65.055153, ","[["" 126.892"", "" 129.224"", ""  56.178""], ["" 127.257"", "" 128.461"", ""  57.230""], ["" 126.586"", "" 128.802"", ""  55.062""], ["" 127.430"", "" 128.951"", ""  58.095""], ["" 126.864"", "" 130.737"", ""  56.433""], ["" 126.880"", "" 131.097"", ""  57.935""], ["" 127.897"", "" 132.545"", ""  58.352""], ["" 129.601"", "" 132.033"", ""  58.323""], ["" 131.748"", "" 131.605"", ""  57.287""], ["" 130.415"", "" 132.061"", ""  57.166""], ["" 132.210"", "" 131.163"", ""  58.532""], ["" 129.926"", "" 132.575"", ""  55.886""], ["" 131.346"", "" 131.194"", ""  59.624""], ["" 129.542"", "" 132.982"", ""  54.873""], ["" 130.065"", "" 131.622"", ""  59.530""], ["" 132.717"", "" 131.575"", ""  56.107""], ["" 131.790"", "" 130.740"", ""  61.001""], ["" 127.387"", "" 127.061"", ""  57.326""], ["" 126.379"", "" 126.406"", ""  58.034""], ["" 128.441"", "" 126.314"", ""  56.781""], ["" 126.407"", "" 125.023"", ""  58.185""], ["" 128.469"", "" 124.931"", ""  56.936""], ["" 127.453"", "" 124.267"", ""  57.634""], ["" 127.514"", "" 122.773"", ""  57.774""], ["" 127.923"", "" 122.204"", ""  58.790""], ["" 127.085"", "" 122.113"", ""  56.668""], ["" 126.212"", "" 122.735"", ""  55.733""], ["" 124.760"", "" 122.528"", ""  56.177""]]",[],1n_Grossjean_2025
19,8092,1o_Grossjean_2025,4h2i_c_3_mae_prepped,1,11,-7.15,-0.26481481481481484,0.0,0.0,4,186.95,-9.23,-8.91,-0.32,-9.23,0.0,-2.16,2.09,-2.16,51,5,0.0,0.0,0.0,8.389618,17.19226,1.181289,-0.73832004,0.48147162,0.47230138,40.184589,"45.169559, 311.000061, 58.007786, 263.150146, 110.557793, 106.27903, 350.648834, ","[["" 125.534"", "" 130.260"", ""  56.306""], ["" 126.448"", "" 131.003"", ""  56.969""], ["" 125.726"", "" 129.693"", ""  55.230""], ["" 126.165"", "" 131.349"", ""  57.874""], ["" 124.172"", "" 130.114"", ""  56.999""], ["" 123.663"", "" 131.427"", ""  57.628""], ["" 123.725"", "" 131.448"", ""  59.444""], ["" 125.325"", "" 132.048"", ""  59.947""], ["" 126.925"", "" 133.728"", ""  60.644""], ["" 125.603"", "" 133.398"", ""  60.269""], ["" 127.892"", "" 132.719"", ""  60.702""], ["" 124.564"", "" 134.431"", ""  60.260""], ["" 127.524"", "" 131.411"", ""  60.396""], ["" 123.745"", "" 135.249"", ""  60.252""], ["" 126.266"", "" 131.073"", ""  60.031""], ["" 127.350"", "" 135.152"", ""  60.998""], ["" 128.523"", "" 130.270"", ""  60.453""], ["" 127.764"", "" 131.349"", ""  56.607""], ["" 128.442"", "" 132.177"", ""  57.502""], ["" 128.407"", "" 130.940"", ""  55.428""], ["" 129.746"", "" 132.587"", ""  57.236""], ["" 129.710"", "" 131.351"", ""  55.164""], ["" 130.396"", "" 132.178"", ""  56.063""], ["" 131.801"", "" 132.602"", ""  55.743""], ["" 132.097"", "" 133.745"", ""  55.381""], ["" 132.710"", "" 131.604"", ""  55.888""], ["" 133.045"", "" 131.102"", ""  57.174""]]",[],1o_Grossjean_2025
20,7731,1p_Grossjean_2025,4h2i_c_3_mae_prepped,1,19,-7.67,-0.34863636363636363,0.0,0.0,2,197.41,-9.16,-8.97,-0.19,-9.16,0.0,-0.69,1.49,-0.69,44,10,0.0,0.0,0.0,11.434994,19.273516,21.015989,0.39060985,0.23314613,-0.89054299,166.1642,"173.368103, 225.796051, 58.189915, 63.597404, 47.610554, ","[["" 128.044"", "" 133.171"", ""  75.483""], ["" 127.164"", "" 132.052"", ""  76.611""], ["" 126.861"", "" 130.548"", ""  75.712""], ["" 125.472"", "" 128.791"", ""  74.789""], ["" 125.571"", "" 129.998"", ""  75.517""], ["" 126.635"", "" 128.201"", ""  74.283""], ["" 124.365"", "" 130.661"", ""  76.015""], ["" 127.862"", "" 128.824"", ""  74.503""], ["" 123.410"", "" 131.185"", ""  76.409""], ["" 127.980"", "" 129.978"", ""  75.199""], ["" 124.137"", "" 128.099"", ""  74.522""], ["" 129.155"", "" 128.239"", ""  73.967""], ["" 127.536"", "" 133.114"", ""  74.029""], ["" 128.653"", "" 133.244"", ""  72.983""], ["" 129.132"", "" 134.494"", ""  72.792""], ["" 129.038"", "" 132.242"", ""  72.378""], ["" 128.733"", "" 135.233"", ""  73.352""], ["" 130.134"", "" 134.885"", ""  71.913""], ["" 130.117"", "" 134.733"", ""  70.599""], ["" 131.312"", "" 135.506"", ""  72.327""], ["" 131.316"", "" 135.263"", ""  70.117""], ["" 132.027"", "" 135.725"", ""  71.172""]]",[],1p_Grossjean_2025
21,1584,1q_Grossjean_2025,4h2i_c_3_mae_prepped,1,8,-6.52,-0.29636363636363633,0.0,0.0,1,195.26,-8.61,-8.11,-0.5,-8.61,0.0,-1.45,2.09,-1.45,48,5,0.0,0.0,0.0,10.477663,17.199324,20.493716,-0.94179003,0.14934744,0.30120904,210.430008,"175.760452, 108.403893, 97.263481, 110.861916, 25.831228, 57.901039, 255.668869, ","[["" 128.499"", "" 133.088"", ""  73.378""], ["" 129.185"", "" 134.123"", ""  72.856""], ["" 128.607"", "" 131.932"", ""  72.965""], ["" 129.020"", "" 135.044"", ""  73.236""], ["" 127.567"", "" 133.423"", ""  74.551""], ["" 128.227"", "" 133.303"", ""  75.939""], ["" 128.331"", "" 131.594"", ""  76.549""], ["" 126.881"", "" 130.710"", ""  76.012""], ["" 125.675"", "" 128.907"", ""  74.931""], ["" 126.911"", "" 129.492"", ""  75.289""], ["" 124.485"", "" 129.550"", ""  75.284""], ["" 128.167"", "" 128.861"", ""  74.879""], ["" 124.548"", "" 130.760"", ""  75.972""], ["" 129.157"", "" 128.360"", ""  74.552""], ["" 125.719"", "" 131.338"", ""  76.327""], ["" 125.579"", "" 127.590"", ""  74.162""], ["" 123.293"", "" 131.513"", ""  76.374""], ["" 130.142"", "" 134.048"", ""  71.741""], ["" 130.798"", "" 135.407"", ""  71.418""], ["" 131.243"", "" 135.633"", ""  70.291""], ["" 130.800"", "" 136.280"", ""  72.455""], ["" 130.847"", "" 137.680"", ""  72.219""]]",[],1q_Grossjean_2025
22,1545,2a_Ghoteimi_2023,4h2i_c_3_mae_prepped,1,5,-8.73,-0.17816326530612245,0.0,0.0,1,190.25,-12.01,-11.73,-0.28,-12.01,0.0,-2.53,3.28,-2.53,86,6,0.0,0.0,0.0,7.930153,14.341105,4.888314,0.31430138,0.1933742,0.92941974,70.975853,"104.970093, 150.296448, 357.250732, 48.759266, 38.207176, 205.210632, 157.040985, 282.789215, 71.568336, 41.295456, 141.768402, ","[["" 126.283"", "" 132.665"", ""  60.452""], ["" 127.063"", "" 131.987"", ""  61.323""], ["" 126.696"", "" 133.336"", ""  59.506""], ["" 126.585"", "" 131.541"", ""  62.091""], ["" 124.777"", "" 132.593"", ""  60.733""], ["" 124.344"", "" 131.830"", ""  62.330""], ["" 125.196"", "" 130.270"", ""  62.363""], ["" 124.154"", "" 130.017"", ""  58.962""], ["" 124.660"", "" 129.753"", ""  59.969""], ["" 125.304"", "" 129.417"", ""  61.242""], ["" 126.018"", "" 128.203"", ""  61.397""], ["" 125.734"", "" 129.965"", ""  63.567""], ["" 126.566"", "" 127.909"", ""  62.653""], ["" 126.419"", "" 128.804"", ""  63.717""], ["" 126.218"", "" 127.206"", ""  60.303""], ["" 126.240"", "" 127.622"", ""  58.969""], ["" 126.356"", "" 125.844"", ""  60.585""], ["" 126.407"", "" 126.699"", ""  57.941""], ["" 126.524"", "" 124.921"", ""  59.556""], ["" 126.559"", "" 125.331"", ""  58.216""], ["" 126.709"", "" 124.386"", ""  57.198""], ["" 125.737"", "" 123.279"", ""  57.089""], ["" 128.042"", "" 123.910"", ""  56.779""], ["" 125.785"", "" 122.557"", ""  55.726""], ["" 128.033"", "" 123.169"", ""  55.426""], ["" 127.102"", "" 122.098"", ""  55.465""], ["" 126.993"", "" 128.538"", ""  65.071""], ["" 126.204"", "" 128.018"", ""  66.105""], ["" 128.337"", "" 128.818"", ""  65.344""], ["" 126.742"", "" 127.784"", ""  67.367""], ["" 128.873"", "" 128.586"", ""  66.606""], ["" 128.090"", "" 128.053"", ""  67.643""], ["" 128.609"", "" 127.841"", ""  68.924""], ["" 130.002"", "" 128.198"", ""  69.260""], ["" 128.199"", "" 126.648"", ""  69.695""], ["" 130.287"", "" 128.237"", ""  70.777""], ["" 128.540"", "" 126.732"", ""  71.198""], ["" 129.921"", "" 127.002"", ""  71.371""], ["" 128.462"", "" 131.830"", ""  61.347""], ["" 129.059"", "" 131.526"", ""  60.123""], ["" 129.267"", "" 131.974"", ""  62.487""], ["" 130.436"", "" 131.353"", ""  60.032""], ["" 130.646"", "" 131.799"", ""  62.395""], ["" 131.247"", "" 131.487"", ""  61.168""], ["" 132.737"", "" 131.306"", ""  61.108""], ["" 133.381"", "" 130.687"", ""  61.961""], ["" 133.305"", "" 131.896"", ""  60.025""], ["" 133.818"", "" 131.121"", ""  58.949""], ["" 132.840"", "" 131.175"", ""  57.772""]]",[],2a_Ghoteimi_2023
23,7825,2a_Grossjean_2025,4h2i_c_3_mae_prepped,1,2,-7.13,-0.23766666666666666,0.0,0.0,2,183.07,-9.51,-9.1,-0.42,-9.51,0.0,-2.12,2.39,-2.12,45,4,0.0,0.0,0.0,8.490618,13.593677,3.4616,-0.94145475,0.33141275,0.06187522,234.550598,"267.28006, 256.178528, 349.322113, 123.069725, 82.704247, 168.462006, 277.439056, 244.892746, ","[["" 126.934"", "" 129.182"", ""  56.066""], ["" 127.233"", "" 128.497"", ""  57.191""], ["" 126.621"", "" 128.682"", ""  54.986""], ["" 127.443"", "" 129.055"", ""  58.004""], ["" 127.005"", "" 130.709"", ""  56.185""], ["" 127.774"", "" 131.277"", ""  57.738""], ["" 129.398"", "" 130.544"", ""  57.911""], ["" 130.656"", "" 128.822"", ""  58.859""], ["" 131.832"", "" 129.302"", ""  58.290""], ["" 129.459"", "" 129.423"", ""  58.675""], ["" 131.791"", "" 130.454"", ""  57.489""], ["" 130.542"", "" 131.096"", ""  57.291""], ["" 130.442"", "" 132.305"", ""  56.466""], ["" 130.363"", "" 133.259"", ""  55.816""], ["" 130.649"", "" 127.592"", ""  59.746""], ["" 133.101"", "" 130.971"", ""  56.866""], ["" 133.952"", "" 129.961"", ""  56.685""], ["" 132.850"", "" 131.543"", ""  55.687""], ["" 133.713"", "" 131.879"", ""  57.630""], ["" 127.239"", "" 127.110"", ""  57.430""], ["" 128.278"", "" 126.399"", ""  56.829""], ["" 126.296"", "" 126.423"", ""  58.207""], ["" 128.390"", "" 125.023"", ""  57.010""], ["" 126.406"", "" 125.046"", ""  58.384""], ["" 127.455"", "" 124.330"", ""  57.793""], ["" 127.545"", "" 122.847"", ""  58.010""], ["" 128.000"", "" 122.338"", ""  59.039""], ["" 127.094"", "" 122.123"", ""  56.953""], ["" 126.370"", "" 122.741"", ""  55.896""], ["" 124.868"", "" 122.574"", ""  56.146""]]",[],2a_Grossjean_2025
24,7949,2aa_Ghoteimi_2023,4h2i_c_3_mae_prepped,1,19,-8.73,-0.17816326530612245,0.0,0.0,4,189.35,-12.01,-11.61,-0.4,-12.01,0.0,-3.06,3.28,-3.06,118,11,0.0,0.0,0.0,6.096005,13.154911,8.410224,0.02639726,-0.07032758,-0.99717462,287.561249,"301.234314, 176.917282, 289.378754, 306.737488, 9.181197, 98.180542, 258.34079, 76.455376, 117.802933, 351.939575, 147.635452, ","[["" 123.635"", "" 131.269"", ""  62.306""], ["" 124.803"", "" 131.675"", ""  61.762""], ["" 122.638"", "" 131.979"", ""  62.454""], ["" 125.507"", "" 130.961"", ""  61.641""], ["" 123.606"", "" 129.795"", ""  62.729""], ["" 124.109"", "" 129.667"", ""  64.064""], ["" 125.474"", "" 129.544"", ""  64.285""], ["" 124.238"", "" 128.754"", ""  67.497""], ["" 124.993"", "" 128.933"", ""  66.638""], ["" 125.949"", "" 129.160"", ""  65.552""], ["" 127.343"", "" 129.024"", ""  65.744""], ["" 126.317"", "" 129.804"", ""  63.247""], ["" 128.188"", "" 129.308"", ""  64.663""], ["" 127.657"", "" 129.696"", ""  63.430""], ["" 127.969"", "" 128.588"", ""  67.029""], ["" 127.562"", "" 127.403"", ""  67.646""], ["" 128.949"", "" 129.368"", ""  67.650""], ["" 128.127"", "" 127.001"", ""  68.853""], ["" 129.512"", "" 128.967"", ""  68.858""], ["" 129.105"", "" 127.782"", ""  69.487""], ["" 129.688"", "" 127.397"", ""  70.698""], ["" 128.865"", "" 126.982"", ""  71.850""], ["" 130.883"", "" 128.118"", ""  71.182""], ["" 129.671"", "" 126.265"", ""  72.954""], ["" 131.636"", "" 127.371"", ""  72.302""], ["" 130.752"", "" 127.083"", ""  73.374""], ["" 128.520"", "" 129.992"", ""  62.245""], ["" 129.067"", "" 131.266"", ""  62.059""], ["" 128.801"", "" 129.008"", ""  61.289""], ["" 129.877"", "" 131.545"", ""  60.961""], ["" 129.612"", "" 129.285"", ""  60.193""], ["" 130.181"", "" 130.554"", ""  60.013""], ["" 130.982"", "" 130.821"", ""  58.898""], ["" 130.468"", "" 131.592"", ""  57.747""], ["" 132.421"", "" 131.103"", ""  59.081""], ["" 131.347"", "" 131.484"", ""  56.483""], ["" 133.243"", "" 131.009"", ""  57.778""], ["" 132.682"", "" 131.855"", ""  56.786""], ["" 125.182"", "" 132.943"", ""  61.281""], ["" 124.134"", "" 133.790"", ""  60.914""], ["" 126.505"", "" 133.384"", ""  61.135""], ["" 124.396"", "" 135.065"", ""  60.423""], ["" 126.765"", "" 134.659"", ""  60.640""], ["" 125.717"", "" 135.516"", ""  60.281""], ["" 126.035"", "" 136.884"", ""  59.749""], ["" 127.181"", "" 137.345"", ""  59.703""], ["" 124.936"", "" 137.569"", ""  59.339""], ["" 124.128"", "" 137.090"", ""  58.272""], ["" 124.455"", "" 137.873"", ""  56.997""]]",[],2aa_Ghoteimi_2023
25,8139,2b_Ghoteimi_2023,4h2i_c_3_mae_prepped,1,20,-9.05,-0.21046511627906977,0.0,0.0,7,190.15,-11.43,-11.27,-0.17,-11.43,0.0,-1.76,2.39,-1.76,58,5,0.0,0.0,0.0,10.36134,14.403218,7.638737,0.00936441,-0.08492979,0.99634293,94.931808,"44.578659, 320.1828, 359.262665, 61.222881, 255.814972, 66.716751, 334.483948, 73.240746, ","[["" 125.453"", "" 132.279"", ""  62.237""], ["" 125.941"", "" 130.570"", ""  62.324""], ["" 125.173"", "" 130.484"", ""  58.836""], ["" 125.506"", "" 130.136"", ""  59.888""], ["" 125.929"", "" 129.689"", ""  61.219""], ["" 126.345"", "" 128.351"", ""  61.430""], ["" 126.364"", "" 130.189"", ""  63.552""], ["" 126.745"", "" 127.972"", ""  62.718""], ["" 126.761"", "" 128.907"", ""  63.757""], ["" 126.389"", "" 127.315"", ""  60.356""], ["" 126.370"", "" 125.958"", ""  60.684""], ["" 126.468"", "" 127.685"", ""  59.010""], ["" 126.412"", "" 124.989"", ""  59.686""], ["" 126.514"", "" 126.715"", ""  58.013""], ["" 126.492"", "" 125.350"", ""  58.332""], ["" 126.523"", "" 124.397"", ""  57.313""], ["" 127.820"", "" 123.822"", ""  56.904""], ["" 125.468"", "" 123.371"", ""  57.188""], ["" 127.764"", "" 123.089"", ""  55.547""], ["" 125.471"", "" 122.658"", ""  55.820""], ["" 126.750"", "" 122.096"", ""  55.570""], ["" 127.208"", "" 128.561"", ""  65.142""], ["" 128.539"", "" 128.751"", ""  65.531""], ["" 126.311"", "" 128.054"", ""  66.090""], ["" 128.958"", "" 128.447"", ""  66.823""], ["" 126.730"", "" 127.746"", ""  67.381""], ["" 128.064"", "" 127.928"", ""  67.773""], ["" 128.463"", "" 127.646"", ""  69.084""], ["" 127.966"", "" 126.431"", ""  69.760""], ["" 129.826"", "" 127.959"", ""  69.559""], ["" 128.163"", "" 126.450"", ""  71.292""], ["" 129.971"", "" 127.931"", ""  71.095""], ["" 129.528"", "" 126.683"", ""  71.603""], ["" 126.189"", "" 132.984"", ""  60.731""], ["" 127.713"", "" 133.074"", ""  60.823""], ["" 128.373"", "" 131.900"", ""  60.712""], ["" 128.245"", "" 134.174"", ""  60.984""], ["" 127.816"", "" 131.066"", ""  60.598""], ["" 129.744"", "" 131.696"", ""  60.771""], ["" 130.517"", "" 131.916"", ""  61.822""], ["" 130.490"", "" 131.223"", ""  59.692""], ["" 131.818"", "" 131.577"", ""  61.439""], ["" 131.785"", "" 131.162"", ""  60.151""]]",[],2b_Ghoteimi_2023
26,1721,2b_Grossjean_2025,4h2i_c_3_mae_prepped,1,15,-6.78,-0.23379310344827586,0.0,0.0,1,185.29,-8.87,-8.54,-0.33,-8.87,0.0,-1.03,2.09,-1.03,58,6,0.0,0.0,0.0,13.806376,11.421596,1.206788,-0.87252622,-0.25507874,0.41669273,102.183426,"139.268738, 119.468102, 40.09317, 281.168823, 220.865402, 231.121979, 88.516907, ","[["" 132.356"", "" 126.261"", ""  56.820""], ["" 131.716"", "" 127.258"", ""  57.467""], ["" 132.770"", "" 126.314"", ""  55.661""], ["" 131.368"", "" 127.037"", ""  58.388""], ["" 132.545"", "" 124.974"", ""  57.628""], ["" 131.794"", "" 125.053"", ""  59.288""], ["" 130.378"", "" 123.964"", ""  59.369""], ["" 129.337"", "" 122.220"", ""  60.517""], ["" 128.262"", "" 122.212"", ""  59.633""], ["" 130.375"", "" 123.077"", ""  60.397""], ["" 128.241"", "" 123.125"", ""  58.567""], ["" 129.326"", "" 124.027"", ""  58.425""], ["" 129.359"", "" 124.997"", ""  57.327""], ["" 129.384"", "" 125.764"", ""  56.460""], ["" 129.416"", "" 121.253"", ""  61.684""], ["" 127.042"", "" 123.107"", ""  57.600""], ["" 127.369"", "" 122.462"", ""  56.479""], ["" 126.004"", "" 122.488"", ""  58.167""], ["" 126.637"", "" 124.332"", ""  57.255""], ["" 131.396"", "" 128.557"", ""  57.027""], ["" 132.214"", "" 129.579"", ""  57.507""], ["" 130.351"", "" 128.869"", ""  56.145""], ["" 131.989"", "" 130.900"", ""  57.129""], ["" 130.128"", "" 130.190"", ""  55.767""], ["" 130.941"", "" 131.222"", ""  56.255""], ["" 130.671"", "" 132.635"", ""  55.824""], ["" 131.543"", "" 133.387"", ""  55.378""], ["" 129.372"", "" 133.001"", ""  55.972""], ["" 128.629"", "" 132.618"", ""  57.121""]]",[],2b_Grossjean_2025
27,8006,2c_Ghoteimi_2023,4h2i_c_3_mae_prepped,1,8,-8.92,-0.20744186046511628,0.0,0.0,7,190.03,-11.31,-11.05,-0.26,-11.31,0.0,-1.65,2.39,-1.65,68,4,0.0,0.0,0.0,10.455004,14.362761,7.677918,-0.1688747,-0.37610105,0.91105946,103.091766,"41.141678, 325.162018, 6.075532, 56.339931, 225.244247, 327.074524, 48.503231, 115.274315, ","[["" 125.540"", "" 132.215"", ""  61.936""], ["" 126.023"", "" 130.507"", ""  62.045""], ["" 125.328"", "" 130.401"", ""  58.544""], ["" 125.638"", "" 130.058"", ""  59.605""], ["" 126.033"", "" 129.618"", ""  60.946""], ["" 126.439"", "" 128.280"", ""  61.177""], ["" 126.416"", "" 130.133"", ""  63.286""], ["" 126.810"", "" 127.910"", ""  62.476""], ["" 126.803"", "" 128.851"", ""  63.510""], ["" 126.495"", "" 127.233"", ""  60.113""], ["" 126.375"", "" 125.883"", ""  60.448""], ["" 126.680"", "" 127.581"", ""  58.772""], ["" 126.422"", "" 124.902"", ""  59.462""], ["" 126.730"", "" 126.600"", ""  57.786""], ["" 126.606"", "" 125.242"", ""  58.112""], ["" 126.636"", "" 124.275"", ""  57.104""], ["" 127.931"", "" 123.692"", ""  56.701""], ["" 125.578"", "" 123.253"", ""  56.988""], ["" 127.871"", "" 122.951"", ""  55.349""], ["" 125.579"", "" 122.522"", ""  55.629""], ["" 126.857"", "" 121.958"", ""  55.383""], ["" 127.206"", "" 128.511"", ""  64.908""], ["" 128.542"", "" 128.608"", ""  65.310""], ["" 126.262"", "" 128.095"", ""  65.854""], ["" 128.924"", "" 128.297"", ""  66.613""], ["" 126.642"", "" 127.782"", ""  67.157""], ["" 127.982"", "" 127.866"", ""  67.561""], ["" 128.344"", "" 127.575"", ""  68.881""], ["" 127.864"", "" 126.331"", ""  69.518""], ["" 129.682"", "" 127.915"", ""  69.406""], ["" 128.009"", "" 126.327"", ""  71.054""], ["" 129.779"", "" 127.861"", ""  70.946""], ["" 129.354"", "" 126.591"", ""  71.416""], ["" 126.888"", "" 133.112"", ""  61.108""], ["" 128.239"", "" 132.421"", ""  61.299""], ["" 129.111"", "" 132.554"", ""  60.276""], ["" 128.459"", "" 131.803"", ""  62.342""], ["" 128.807"", "" 133.079"", ""  59.468""], ["" 130.386"", "" 132.013"", ""  60.198""], ["" 131.250"", "" 131.837"", ""  61.173""], ["" 130.929"", "" 131.490"", ""  58.636""], ["" 132.367"", "" 131.288"", ""  60.739""], ["" 132.425"", "" 131.006"", ""  59.377""]]",[],2c_Ghoteimi_2023
28,1571,2c_Grossjean_2025,4h2i_c_3_mae_prepped,1,20,-6.42,-0.23777777777777778,0.0,0.0,1,190.96,-8.21,-8.04,-0.17,-8.21,0.0,-1.98,1.79,-1.98,76,3,0.0,0.0,0.0,7.679993,18.031041,3.050106,-0.45429381,0.88133035,0.12989974,169.593002,"245.938965, 300.965729, 250.764618, 40.9655, 24.11104, 222.003189, ","[["" 124.535"", "" 130.587"", ""  59.277""], ["" 124.207"", "" 131.926"", ""  60.476""], ["" 125.722"", "" 132.820"", ""  60.798""], ["" 127.953"", "" 132.673"", ""  61.465""], ["" 128.130"", "" 134.049"", ""  61.343""], ["" 126.778"", "" 132.064"", ""  61.195""], ["" 127.057"", "" 134.849"", ""  60.927""], ["" 125.816"", "" 134.224"", ""  60.646""], ["" 124.658"", "" 135.011"", ""  60.209""], ["" 123.745"", "" 135.633"", ""  59.864""], ["" 129.077"", "" 131.763"", ""  61.918""], ["" 127.270"", "" 136.370"", ""  60.796""], ["" 128.554"", "" 136.670"", ""  60.997""], ["" 126.915"", "" 136.779"", ""  59.577""], ["" 126.551"", "" 137.069"", ""  61.679""], ["" 125.407"", "" 130.976"", ""  58.074""], ["" 126.641"", "" 131.427"", ""  58.389""], ["" 124.961"", "" 130.897"", ""  56.928""], ["" 126.838"", "" 131.554"", ""  59.371""], ["" 127.675"", "" 131.831"", ""  57.525""], ["" 127.576"", "" 131.824"", ""  56.126""], ["" 128.873"", "" 132.214"", ""  58.129""], ["" 128.661"", "" 132.224"", ""  55.351""], ["" 129.956"", "" 132.613"", ""  57.350""], ["" 129.855"", "" 132.624"", ""  55.949""], ["" 130.874"", "" 133.004"", ""  55.098""], ["" 132.209"", "" 132.605"", ""  55.391""]]",[],2c_Grossjean_2025
29,8255,2d_Ghoteimi_2023,4h2i_c_3_mae_prepped,1,10,-7.09,-0.18657894736842104,0.0,0.0,13,189.38,-9.48,-9.25,-0.23,-9.48,0.0,-1.21,2.39,-1.21,59,3,0.0,0.0,0.0,10.237792,13.504326,7.791023,-0.19340045,-0.50880404,-0.83887705,252.974625,"50.916706, 79.741508, 49.479153, 304.813599, 302.710114, 111.994766, 109.325005, 350.086945, ","[["" 125.634"", "" 132.327"", ""  62.121""], ["" 126.068"", "" 130.602"", ""  62.219""], ["" 125.225"", "" 130.472"", ""  58.747""], ["" 125.574"", "" 130.135"", ""  59.799""], ["" 126.016"", "" 129.703"", ""  61.128""], ["" 126.398"", "" 128.357"", ""  61.357""], ["" 126.425"", "" 130.210"", ""  63.466""], ["" 126.795"", "" 127.987"", ""  62.647""], ["" 126.788"", "" 128.921"", ""  63.686""], ["" 126.404"", "" 127.299"", ""  60.303""], ["" 126.387"", "" 125.950"", ""  60.661""], ["" 126.398"", "" 127.636"", ""  58.946""], ["" 126.379"", "" 124.957"", ""  59.687""], ["" 126.391"", "" 126.642"", ""  57.971""], ["" 126.392"", "" 125.285"", ""  58.322""], ["" 126.372"", "" 124.305"", ""  57.326""], ["" 125.263"", "" 123.337"", ""  57.221""], ["" 127.635"", "" 123.648"", ""  56.936""], ["" 125.229"", "" 122.582"", ""  55.875""], ["" 127.541"", "" 122.888"", ""  55.596""], ["" 126.478"", "" 121.949"", ""  55.643""], ["" 127.187"", "" 128.568"", ""  65.083""], ["" 126.241"", "" 128.080"", ""  65.992""], ["" 128.509"", "" 128.718"", ""  65.521""], ["" 126.605"", "" 127.749"", ""  67.294""], ["" 128.873"", "" 128.385"", ""  66.822""], ["" 127.932"", "" 127.883"", ""  67.732""], ["" 128.311"", "" 127.572"", ""  69.043""], ["" 127.825"", "" 126.352"", ""  69.718""], ["" 129.682"", "" 127.878"", ""  69.500""], ["" 128.035"", "" 126.367"", ""  71.246""], ["" 129.844"", "" 127.845"", ""  71.034""], ["" 129.403"", "" 126.598"", ""  71.544""], ["" 127.157"", "" 133.314"", ""  62.312""], ["" 127.463"", "" 134.116"", ""  61.038""], ["" 127.623"", "" 135.340"", ""  61.032""], ["" 127.524"", "" 133.313"", ""  59.956""], ["" 128.585"", "" 132.382"", ""  59.807""]]",[],2d_Ghoteimi_2023
30,2545,2d_Grossjean_2025,4h2i_c_3_mae_prepped,1,14,-6.39,-0.2556,0.0,0.0,1,186.03,-7.89,-7.85,-0.04,-7.89,0.0,-1.6,1.49,-1.6,56,3,0.0,0.0,0.0,13.696263,8.595782,6.327625,0.05176378,-0.66088937,0.74869604,169.264069,"353.871674, 144.475372, 18.350979, 139.958771, 284.087616, ","[["" 128.718"", "" 125.205"", ""  61.907""], ["" 130.479"", "" 124.990"", ""  61.734""], ["" 132.501"", "" 124.988"", ""  62.889""], ["" 133.222"", "" 124.735"", ""  61.723""], ["" 131.154"", "" 125.109"", ""  62.903""], ["" 132.537"", "" 124.587"", ""  60.508""], ["" 131.124"", "" 124.708"", ""  60.507""], ["" 130.359"", "" 124.515"", ""  59.272""], ["" 129.755"", "" 124.362"", ""  58.297""], ["" 133.192"", "" 125.151"", ""  64.229""], ["" 133.350"", "" 124.297"", ""  59.231""], ["" 133.084"", "" 123.067"", ""  58.791""], ["" 133.032"", "" 125.175"", ""  58.278""], ["" 134.667"", "" 124.378"", ""  59.428""], ["" 127.947"", "" 123.568"", ""  62.126""], ["" 126.864"", "" 123.271"", ""  61.084""], ["" 127.231"", "" 123.440"", ""  59.797""], ["" 125.759"", "" 122.880"", ""  61.464""], ["" 128.199"", "" 123.679"", ""  59.635""], ["" 126.473"", "" 123.256"", ""  58.625""], ["" 127.164"", "" 122.751"", ""  57.521""], ["" 125.109"", "" 123.571"", ""  58.507""], ["" 126.502"", "" 122.540"", ""  56.315""], ["" 124.450"", "" 123.360"", ""  57.299""], ["" 125.146"", "" 122.844"", ""  56.210""]]",[],2d_Grossjean_2025
31,7973,2e_Grossjean_2025,4h2i_c_3_mae_prepped,1,5,-7.38,-0.28384615384615386,0.0,0.0,2,192.29,-8.87,-8.72,-0.15,-8.87,0.0,-1.45,1.49,-1.45,66,5,0.0,0.0,0.0,8.982471,18.028022,8.181407,0.04311427,-0.53280262,0.84514054,203.51915,"18.396236, 271.863861, 301.679749, 195.959518, 38.188602, ","[["" 123.669"", "" 132.818"", ""  60.294""], ["" 125.234"", "" 133.587"", ""  60.649""], ["" 127.310"", "" 133.320"", ""  61.667""], ["" 127.674"", "" 134.633"", ""  61.373""], ["" 126.112"", "" 132.799"", ""  61.317""], ["" 126.773"", "" 135.464"", ""  60.690""], ["" 125.516"", "" 134.931"", ""  60.313""], ["" 124.519"", "" 135.756"", ""  59.623""], ["" 123.732"", "" 136.409"", ""  59.080""], ["" 128.243"", "" 132.385"", ""  62.411""], ["" 127.182"", "" 136.919"", ""  60.393""], ["" 126.788"", "" 137.263"", ""  59.166""], ["" 126.614"", "" 137.741"", ""  61.276""], ["" 128.502"", "" 137.107"", ""  60.458""], ["" 123.980"", "" 131.025"", ""  60.367""], ["" 123.811"", "" 130.470"", ""  61.785""], ["" 124.929"", "" 130.446"", ""  62.545""], ["" 122.707"", "" 130.052"", ""  62.139""], ["" 125.741"", "" 130.917"", ""  62.176""], ["" 125.096"", "" 129.886"", ""  63.823""], ["" 124.143"", "" 130.016"", ""  64.791""], ["" 126.260"", "" 129.138"", ""  64.033""], ["" 124.348"", "" 129.412"", ""  65.990""], ["" 126.457"", "" 128.524"", ""  65.272""], ["" 125.491"", "" 128.659"", ""  66.270""], ["" 123.247"", "" 129.596"", ""  67.017""]]",[],2e_Grossjean_2025
32,7804,2f_Grossjean_2025,4h2i_c_3_mae_prepped,1,10,-6.99,-0.2796,0.0,0.0,1,185.07,-8.48,-8.31,-0.18,-8.48,0.0,-0.8,1.49,-0.8,69,5,0.0,0.0,0.0,12.207381,8.490645,6.38186,0.28220834,-0.18216706,0.94189894,150.770416,"349.841278, 182.76918, 28.430124, 75.656311, 310.918854, ","[["" 129.066"", "" 122.091"", ""  62.760""], ["" 130.344"", "" 121.518"", ""  61.659""], ["" 132.246"", "" 122.168"", ""  60.481""], ["" 132.423"", "" 120.886"", ""  59.965""], ["" 131.225"", "" 122.486"", ""  61.308""], ["" 131.508"", "" 119.875"", ""  60.299""], ["" 130.429"", "" 120.195"", ""  61.162""], ["" 129.417"", "" 119.190"", ""  61.494""], ["" 128.617"", "" 118.395"", ""  61.757""], ["" 133.200"", "" 123.298"", ""  60.145""], ["" 131.714"", "" 118.467"", ""  59.709""], ["" 132.043"", "" 117.608"", ""  60.676""], ["" 130.591"", "" 118.050"", ""  59.124""], ["" 132.684"", "" 118.427"", ""  58.792""], ["" 128.282"", "" 123.555"", ""  62.003""], ["" 127.133"", "" 123.248"", ""  61.031""], ["" 127.466"", "" 123.336"", ""  59.725""], ["" 126.019"", "" 122.935"", ""  61.454""], ["" 128.434"", "" 123.546"", ""  59.524""], ["" 126.668"", "" 123.134"", ""  58.583""], ["" 127.268"", "" 122.479"", ""  57.501""], ["" 125.332"", "" 123.550"", ""  58.436""], ["" 126.622"", "" 122.218"", ""  56.336""], ["" 124.654"", "" 123.289"", ""  57.244""], ["" 125.332"", "" 122.622"", ""  56.223""]]",[],2f_Grossjean_2025
33,8606,2g_Grossjean_2025,4h2i_c_3_mae_prepped,1,1,-8.4,-0.3230769230769231,0.0,0.0,1,183.08,-10.19,-10.15,-0.04,-10.19,0.0,-0.37,1.79,-0.37,93,3,0.0,0.0,0.0,11.725195,7.273632,5.996434,-0.86952202,-0.3232299,-0.37343526,116.114357,"285.212311, 9.284966, 224.581619, 84.143921, 91.207993, 5.292129, ","[["" 128.933"", "" 123.468"", ""  60.030""], ["" 127.569"", "" 123.345"", ""  58.893""], ["" 126.991"", "" 122.929"", ""  56.676""], ["" 125.634"", "" 123.081"", ""  56.950""], ["" 127.947"", "" 123.061"", ""  57.623""], ["" 125.225"", "" 123.399"", ""  58.254""], ["" 126.215"", "" 123.548"", ""  59.258""], ["" 125.847"", "" 123.936"", ""  60.623""], ["" 125.555"", "" 124.242"", ""  61.700""], ["" 127.487"", "" 122.593"", ""  55.283""], ["" 123.720"", "" 123.572"", ""  58.536""], ["" 123.033"", "" 122.547"", ""  58.029""], ["" 123.510"", "" 123.623"", ""  59.852""], ["" 123.219"", "" 124.689"", ""  58.004""], ["" 128.731"", "" 122.146"", ""  61.273""], ["" 129.984"", "" 121.291"", ""  61.509""], ["" 130.231"", "" 120.356"", ""  60.573""], ["" 130.706"", "" 121.467"", ""  62.492""], ["" 129.578"", "" 120.257"", ""  59.809""], ["" 131.355"", "" 119.419"", ""  60.583""], ["" 131.094"", "" 118.116"", ""  59.835""], ["" 130.006"", "" 117.314"", ""  60.193""], ["" 131.904"", "" 117.755"", ""  58.755""], ["" 129.744"", "" 116.142"", ""  59.487""], ["" 131.641"", "" 116.584"", ""  58.050""], ["" 130.563"", "" 115.782"", ""  58.420""]]",[],2g_Grossjean_2025
34,1409,2h_Grossjean_2025,4h2i_c_3_mae_prepped,1,20,-5.79,-0.1809375,0.0,0.0,4,192.14,-8.48,-8.13,-0.35,-8.48,0.0,-3.56,2.68,-3.56,37,6,0.0,0.0,0.0,14.08118,16.7117,3.704925,-0.101274,-0.91892317,0.38121357,211.390213,"221.804764, 295.510345, 281.80307, 81.203667, 202.780426, 172.703171, 8.707629, 286.400238, 358.63147, ","[["" 131.293"", "" 132.224"", ""  55.518""], ["" 130.533"", "" 131.205"", ""  55.078""], ["" 130.869"", "" 133.373"", ""  55.654""], ["" 130.944"", "" 130.284"", ""  55.023""], ["" 132.747"", "" 131.867"", ""  55.857""], ["" 132.998"", "" 131.151"", ""  57.516""], ["" 131.599"", "" 130.099"", ""  57.839""], ["" 130.305"", "" 128.359"", ""  56.992""], ["" 129.462"", "" 128.382"", ""  58.101""], ["" 131.357"", "" 129.196"", ""  56.857""], ["" 129.709"", "" 129.295"", ""  59.137""], ["" 130.814"", "" 130.176"", ""  59.014""], ["" 131.149"", "" 131.108"", ""  60.094""], ["" 131.414"", "" 131.840"", ""  60.950""], ["" 130.090"", "" 127.382"", ""  55.852""], ["" 128.771"", "" 129.300"", ""  60.360""], ["" 129.346"", "" 128.655"", ""  61.376""], ["" 128.479"", "" 130.532"", ""  60.783""], ["" 127.621"", "" 128.696"", ""  60.059""], ["" 129.100"", "" 131.289"", ""  54.796""], ["" 128.234"", "" 131.392"", ""  56.050""], ["" 127.049"", "" 130.651"", ""  56.173""], ["" 128.624"", "" 132.239"", ""  57.089""], ["" 126.289"", "" 130.734"", ""  57.352""], ["" 127.860"", "" 132.334"", ""  58.249""], ["" 126.684"", "" 131.581"", ""  58.395""], ["" 126.656"", "" 129.817"", ""  55.153""], ["" 126.960"", "" 128.445"", ""  55.367""], ["" 125.137"", "" 129.995"", ""  57.482""], ["" 123.943"", "" 130.750"", ""  57.332""], ["" 125.879"", "" 131.617"", ""  59.519""], ["" 126.134"", "" 132.585"", ""  60.531""]]",[],2h_Grossjean_2025
35,1599,2i_Grossjean_2025,4h2i_c_3_mae_prepped,1,6,-6.53,-0.27208333333333334,0.0,0.0,5,185.06,-8.02,-7.86,-0.16,-8.02,0.0,-1.59,1.49,-1.59,41,4,0.0,0.0,0.0,11.154515,8.874096,6.579549,-0.22845223,0.91518052,-0.33204548,180.235062,"246.282547, 355.352081, 133.849808, 200.145676, 264.479889, ","[["" 127.480"", "" 122.879"", ""  61.334""], ["" 129.100"", "" 123.249"", ""  60.682""], ["" 130.338"", "" 124.575"", ""  59.215""], ["" 131.526"", "" 123.939"", ""  59.566""], ["" 129.145"", "" 124.242"", ""  59.757""], ["" 131.502"", "" 122.911"", ""  60.520""], ["" 130.258"", "" 122.553"", ""  61.098""], ["" 130.176"", "" 121.486"", ""  62.101""], ["" 130.110"", "" 120.645"", ""  62.893""], ["" 130.307"", "" 125.694"", ""  58.191""], ["" 132.826"", "" 122.218"", ""  60.896""], ["" 133.849"", "" 122.835"", ""  60.301""], ["" 133.005"", "" 122.259"", ""  62.217""], ["" 132.861"", "" 120.936"", ""  60.526""], ["" 126.298"", "" 124.059"", ""  60.614""], ["" 125.861"", "" 123.655"", ""  59.205""], ["" 126.857"", "" 123.331"", ""  58.351""], ["" 124.659"", "" 123.623"", ""  58.936""], ["" 127.803"", "" 123.357"", ""  58.702""], ["" 126.717"", "" 122.920"", ""  57.036""], ["" 125.745"", "" 122.088"", ""  56.733""], ["" 127.481"", "" 123.240"", ""  55.904""], ["" 125.836"", "" 121.844"", ""  55.361""], ["" 126.889"", "" 122.545"", ""  54.875""]]",[],2i_Grossjean_2025
36,7964,2j_Grossjean_2025,4h2i_c_3_mae_prepped,1,6,-5.85,-0.24375,0.0,0.0,1,184.52,-7.35,-7.32,-0.03,-7.35,0.0,-1.55,1.49,-1.55,50,3,0.0,0.0,0.0,10.822312,8.857259,6.277121,-0.24375683,0.89398556,-0.37599524,179.783905,"6.938061, 358.421387, 322.752808, 150.171036, 261.121613, ","[["" 127.355"", "" 122.834"", ""  61.545""], ["" 128.920"", "" 123.235"", ""  60.783""], ["" 130.036"", "" 124.594"", ""  59.251""], ["" 131.255"", "" 123.976"", ""  59.517""], ["" 128.887"", "" 124.238"", ""  59.869""], ["" 131.312"", "" 122.939"", ""  60.460""], ["" 130.115"", "" 122.553"", ""  61.115""], ["" 130.116"", "" 121.475"", ""  62.109""], ["" 130.117"", "" 120.625"", ""  62.894""], ["" 129.920"", "" 125.722"", ""  58.244""], ["" 132.669"", "" 122.266"", ""  60.743""], ["" 132.923"", "" 122.284"", ""  62.052""], ["" 132.648"", "" 121.001"", ""  60.323""], ["" 133.685"", "" 122.876"", ""  60.128""], ["" 126.080"", "" 123.946"", ""  60.859""], ["" 125.642"", "" 123.618"", ""  59.424""], ["" 126.649"", "" 123.286"", ""  58.586""], ["" 124.451"", "" 123.655"", ""  59.105""], ["" 127.586"", "" 123.279"", ""  58.963""], ["" 126.535"", "" 122.948"", ""  57.244""], ["" 125.575"", "" 122.261"", ""  56.664""], ["" 127.796"", "" 123.485"", ""  56.180""], ["" 125.787"", "" 122.129"", ""  55.369""], ["" 126.945"", "" 122.718"", ""  54.872""]]",[],2j_Grossjean_2025
37,7976,2k_Grossjean_2025,4h2i_c_3_mae_prepped,1,11,-5.78,-0.19931034482758622,0.0,0.0,1,185.89,-9.66,-9.35,-0.31,-9.66,0.0,-3.23,3.88,-3.23,69,8,0.0,0.0,0.0,15.798729,7.156264,8.045257,-0.09021602,0.31698658,0.94412953,173.095612,"249.836731, 61.283607, 221.461365, 162.063644, 81.768814, 77.061401, 278.375732, 218.324875, 86.668388, 54.738449, 80.255394, 309.888702, 336.431152, ","[["" 129.676"", "" 126.116"", ""  62.210""], ["" 130.956"", "" 125.786"", ""  63.000""], ["" 131.832"", "" 124.842"", ""  62.301""], ["" 133.098"", "" 124.543"", ""  62.649""], ["" 133.661"", "" 125.023"", ""  63.635""], ["" 131.440"", "" 124.391"", ""  61.487""], ["" 133.831"", "" 123.566"", ""  61.719""], ["" 132.870"", "" 122.986"", ""  60.278""], ["" 131.599"", "" 121.856"", ""  60.828""], ["" 133.490"", "" 119.502"", ""  58.936""], ["" 132.656"", "" 119.938"", ""  59.610""], ["" 131.598"", "" 120.489"", ""  60.462""], ["" 130.547"", "" 119.666"", ""  60.941""], ["" 130.631"", "" 122.395"", ""  61.612""], ["" 129.562"", "" 120.243"", ""  61.757""], ["" 129.639"", "" 121.598"", ""  62.068""], ["" 128.604"", "" 122.272"", ""  62.947""], ["" 130.443"", "" 118.166"", ""  60.602""], ["" 131.387"", "" 117.435"", ""  61.198""], ["" 129.261"", "" 117.690"", ""  60.995""], ["" 130.567"", "" 117.986"", ""  59.287""], ["" 129.510"", "" 125.154"", ""  61.179""], ["" 128.169"", "" 124.761"", ""  60.930""], ["" 127.983"", "" 124.659"", ""  59.411""], ["" 127.243"", "" 123.478"", ""  59.126""], ["" 127.912"", "" 122.561"", ""  58.274""], ["" 127.418"", "" 122.762"", ""  56.836""], ["" 126.184"", "" 122.079"", ""  56.652""], ["" 125.049"", "" 122.923"", ""  56.767""]]",[],2k_Grossjean_2025
38,8009,3aa_Grossjean_2025,4h2i_c_3_mae_prepped,1,6,-8.22,-0.23485714285714288,0.0,0.0,1,186.11,-10.9,-10.45,-0.45,-10.9,0.0,-1.39,2.68,-1.39,70,10,0.0,0.0,0.0,14.486069,11.4984,6.393861,0.68817646,0.65187573,-0.31854543,174.992416,"10.85463, 39.380344, 235.091156, 120.088249, 53.832275, 46.617561, 259.380341, 88.32225, 35.062252, ","[["" 129.706"", "" 127.456"", ""  60.484""], ["" 129.361"", "" 127.781"", ""  61.749""], ["" 128.968"", "" 127.533"", ""  59.501""], ["" 130.052"", "" 127.593"", ""  62.461""], ["" 131.135"", "" 126.945"", ""  60.301""], ["" 131.259"", "" 125.766"", ""  58.922""], ["" 130.217"", "" 124.381"", ""  59.325""], ["" 132.370"", "" 123.992"", ""  62.140""], ["" 131.510"", "" 123.793"", ""  61.391""], ["" 130.421"", "" 123.542"", ""  60.442""], ["" 129.521"", "" 122.467"", ""  60.640""], ["" 128.462"", "" 122.306"", ""  59.732""], ["" 129.178"", "" 124.216"", ""  58.472""], ["" 128.303"", "" 123.196"", ""  58.666""], ["" 129.656"", "" 121.472"", ""  61.808""], ["" 128.892"", "" 120.388"", ""  61.656""], ["" 130.918"", "" 121.058"", ""  61.916""], ["" 129.295"", "" 122.061"", ""  62.949""], ["" 127.189"", "" 123.072"", ""  57.670""], ["" 125.855"", "" 123.272"", ""  58.061""], ["" 127.447"", "" 122.759"", ""  56.325""], ["" 124.815"", "" 123.159"", ""  57.142""], ["" 126.409"", "" 122.643"", ""  55.404""], ["" 125.096"", "" 122.843"", ""  55.817""], ["" 128.144"", "" 128.289"", ""  62.246""], ["" 128.225"", "" 129.007"", ""  63.440""], ["" 126.898"", "" 128.133"", ""  61.621""], ["" 127.079"", "" 129.548"", ""  64.018""], ["" 125.754"", "" 128.676"", ""  62.198""], ["" 125.828"", "" 129.385"", ""  63.405""], ["" 124.570"", "" 129.950"", ""  64.001""], ["" 123.823"", "" 129.305"", ""  64.742""], ["" 124.346"", "" 131.244"", ""  63.655""], ["" 123.787"", "" 131.577"", ""  62.391""], ["" 124.574"", "" 132.738"", ""  61.775""]]",[],3aa_Grossjean_2025
39,1334,3ab_Grossjean_2025,4h2i_c_3_mae_prepped,1,10,-8.13,-0.23911764705882355,0.0,0.0,1,185.89,-10.52,-10.04,-0.48,-10.52,0.0,-1.28,2.39,-1.28,66,9,0.0,0.0,0.0,14.908849,11.915715,7.405553,-0.62453715,-0.70870663,0.3281589,202.894485,"134.032669, 270.376129, 234.028656, 92.783035, 64.672836, 242.461227, 255.876541, 10.146998, ","[["" 129.614"", "" 127.234"", ""  60.406""], ["" 129.363"", "" 127.893"", ""  61.557""], ["" 128.769"", "" 126.891"", ""  59.579""], ["" 130.159"", "" 128.058"", ""  62.156""], ["" 131.085"", "" 126.902"", ""  60.148""], ["" 131.285"", "" 125.633"", ""  58.861""], ["" 130.216"", "" 124.273"", ""  59.281""], ["" 132.334"", "" 123.883"", ""  62.126""], ["" 131.478"", "" 123.694"", ""  61.370""], ["" 130.393"", "" 123.451"", ""  60.416""], ["" 129.463"", "" 122.403"", ""  60.627""], ["" 128.411"", "" 122.246"", ""  59.714""], ["" 129.180"", "" 124.114"", ""  58.423""], ["" 128.287"", "" 123.109"", ""  58.619""], ["" 129.560"", "" 121.435"", ""  61.822""], ["" 130.806"", "" 121.009"", ""  62.043""], ["" 129.140"", "" 122.035"", ""  62.936""], ["" 128.802"", "" 120.360"", ""  61.599""], ["" 127.172"", "" 122.999"", ""  57.623""], ["" 127.433"", "" 122.659"", ""  56.286""], ["" 125.837"", "" 123.237"", ""  57.996""], ["" 126.402"", "" 122.555"", ""  55.357""], ["" 124.803"", "" 123.133"", ""  57.071""], ["" 125.089"", "" 122.791"", ""  55.753""], ["" 128.143"", "" 128.355"", ""  62.086""], ["" 126.885"", "" 128.157"", ""  61.497""], ["" 128.233"", "" 129.070"", ""  63.282""], ["" 125.741"", "" 128.665"", ""  62.106""], ["" 127.088"", "" 129.575"", ""  63.890""], ["" 125.828"", "" 129.379"", ""  63.311""], ["" 124.612"", "" 129.939"", ""  63.992""], ["" 123.820"", "" 129.249"", ""  64.640""], ["" 124.471"", "" 131.278"", ""  63.821""], ["" 124.283"", "" 131.834"", ""  62.526""]]",[],3ab_Grossjean_2025
40,7886,3ac_Grossjean_2025,4h2i_c_3_mae_prepped,1,13,-7.93,-0.2478125,0.0,0.0,10,185.08,-10.02,-9.38,-0.63,-10.02,0.0,-2.32,2.09,-2.32,64,5,0.0,0.0,0.0,14.248087,9.30055,3.629331,0.57675089,-0.19517811,-0.79326157,153.549362,"262.345367, 252.960098, 90.448959, 310.267731, 211.841766, 329.950439, 78.73658, ","[["" 132.480"", "" 125.258"", ""  57.231""], ["" 132.112"", "" 125.404"", ""  59.007""], ["" 130.859"", "" 124.210"", ""  59.432""], ["" 132.731"", "" 123.706"", ""  62.431""], ["" 131.908"", "" 123.583"", ""  61.626""], ["" 130.866"", "" 123.428"", ""  60.610""], ["" 129.800"", "" 122.514"", ""  60.805""], ["" 128.784"", "" 122.452"", ""  59.840""], ["" 129.854"", "" 124.147"", ""  58.525""], ["" 128.828"", "" 123.276"", ""  58.712""], ["" 129.710"", "" 121.591"", ""  62.037""], ["" 129.114"", "" 122.176"", ""  63.079""], ["" 129.007"", "" 120.496"", ""  61.742""], ["" 130.934"", "" 121.229"", ""  62.422""], ["" 127.753"", "" 123.274"", ""  57.666""], ["" 128.079"", "" 123.217"", ""  56.301""], ["" 126.394"", "" 123.330"", ""  58.020""], ["" 127.086"", "" 123.208"", ""  55.326""], ["" 125.398"", "" 123.322"", ""  57.047""], ["" 125.748"", "" 123.259"", ""  55.703""], ["" 131.626"", "" 126.202"", ""  56.384""], ["" 130.435"", "" 126.548"", ""  56.919""], ["" 132.056"", "" 126.587"", ""  55.296""], ["" 130.257"", "" 126.231"", ""  57.860""], ["" 129.418"", "" 127.353"", ""  56.373""], ["" 128.184"", "" 127.313"", ""  57.026""], ["" 129.563"", "" 128.141"", ""  55.221""], ["" 127.113"", "" 128.060"", ""  56.548""], ["" 128.489"", "" 128.887"", ""  54.745""], ["" 127.251"", "" 128.851"", ""  55.408""], ["" 126.132"", "" 129.555"", ""  55.005""], ["" 125.219"", "" 130.031"", ""  55.989""]]",[],3ac_Grossjean_2025
41,2930,3ad_Grossjean_2025,4h2i_c_3_mae_prepped,1,18,-9.0,-0.3,0.0,0.0,2,184.37,-10.79,-10.94,0.15,-10.79,0.0,-1.17,1.79,-1.17,81,2,0.0,0.0,0.0,12.435858,7.576097,6.144123,-0.00165386,0.72543976,0.68828368,187.12114,"119.222565, 131.948639, 109.956665, 342.180725, 22.220778, 310.455078, ","[["" 128.134"", "" 122.219"", ""  62.372""], ["" 129.725"", "" 121.855"", ""  61.665""], ["" 130.485"", "" 125.263"", ""  62.401""], ["" 130.613"", "" 124.172"", ""  62.036""], ["" 130.779"", "" 122.790"", ""  61.574""], ["" 131.996"", "" 122.365"", ""  60.986""], ["" 132.087"", "" 121.046"", ""  60.517""], ["" 129.830"", "" 120.592"", ""  61.187""], ["" 130.996"", "" 120.178"", ""  60.629""], ["" 133.217"", "" 123.292"", ""  60.837""], ["" 132.977"", "" 124.343"", ""  60.051""], ["" 133.582"", "" 123.758"", ""  62.033""], ["" 134.240"", "" 122.621"", ""  60.305""], ["" 131.034"", "" 118.763"", ""  60.131""], ["" 130.143"", "" 117.802"", ""  60.632""], ["" 131.956"", "" 118.364"", ""  59.149""], ["" 130.172"", "" 116.488"", ""  60.174""], ["" 131.990"", "" 117.050"", ""  58.688""], ["" 131.098"", "" 116.116"", ""  59.203""], ["" 127.550"", "" 123.767"", ""  61.619""], ["" 126.684"", "" 123.518"", ""  60.382""], ["" 127.361"", "" 123.247"", ""  59.246""], ["" 125.459"", "" 123.575"", ""  60.488""], ["" 128.365"", "" 123.182"", ""  59.332""], ["" 126.878"", "" 122.987"", ""  57.950""], ["" 127.849"", "" 122.914"", ""  56.945""], ["" 125.523"", "" 122.820"", ""  57.617""], ["" 127.478"", "" 122.666"", ""  55.627""], ["" 125.157"", "" 122.571"", ""  56.297""], ["" 126.135"", "" 122.494"", ""  55.308""]]",[],3ad_Grossjean_2025
42,7988,3af_Grossjean_2025,4h2i_c_3_mae_prepped,1,5,-9.15,-0.305,0.0,0.0,4,182.71,-10.94,-10.92,-0.02,-10.94,0.0,-1.05,1.79,-1.05,75,5,0.0,0.0,0.0,13.581398,8.861554,7.630642,-0.27948145,-0.7490337,-0.60069845,172.197754,"253.030197, 135.018127, 108.715164, 38.25428, 156.506577, 233.546967, ","[["" 128.415"", "" 122.416"", ""  62.660""], ["" 129.948"", "" 122.043"", ""  61.834""], ["" 130.788"", "" 125.454"", ""  62.462""], ["" 130.881"", "" 124.357"", ""  62.103""], ["" 131.000"", "" 122.969"", ""  61.649""], ["" 132.164"", "" 122.527"", ""  60.975""], ["" 132.209"", "" 121.203"", ""  60.511""], ["" 130.006"", "" 120.776"", ""  61.357""], ["" 131.122"", "" 120.347"", ""  60.713""], ["" 133.378"", "" 123.442"", ""  60.723""], ["" 134.058"", "" 123.721"", ""  61.838""], ["" 134.223"", "" 122.855"", ""  59.874""], ["" 132.977"", "" 124.602"", ""  60.202""], ["" 131.109"", "" 118.930"", ""  60.222""], ["" 130.204"", "" 117.995"", ""  60.752""], ["" 131.992"", "" 118.501"", ""  59.217""], ["" 130.186"", "" 116.679"", ""  60.298""], ["" 131.977"", "" 117.186"", ""  58.761""], ["" 131.074"", "" 116.279"", ""  59.305""], ["" 127.642"", "" 123.820"", ""  61.802""], ["" 126.646"", "" 123.359"", ""  60.739""], ["" 127.081"", "" 123.444"", ""  59.463""], ["" 125.543"", "" 122.942"", ""  61.092""], ["" 128.010"", "" 123.815"", ""  59.334""], ["" 126.426"", "" 123.098"", ""  58.265""], ["" 127.214"", "" 122.530"", ""  57.259""], ["" 125.055"", "" 123.274"", ""  57.999""], ["" 126.725"", "" 122.144"", ""  56.053""], ["" 124.536"", "" 122.882"", ""  56.763""], ["" 125.401"", "" 122.323"", ""  55.822""]]",[],3af_Grossjean_2025
43,8171,3ag_Grossjean_2025,4h2i_c_3_mae_prepped,1,17,-9.32,-0.3006451612903226,0.0,0.0,1,185.41,-11.41,-11.49,0.08,-11.41,0.0,-1.2,2.09,-1.2,85,4,0.0,0.0,0.0,13.1232,7.882012,6.149451,0.41450696,-0.87483837,0.25068269,80.912025,"128.161133, 238.309784, 313.26828, 254.94577, 111.264221, 319.92215, 269.311249, ","[["" 128.866"", "" 123.354"", ""  62.041""], ["" 129.163"", "" 123.805"", ""  60.346""], ["" 132.217"", "" 125.191"", ""  61.568""], ["" 131.383"", "" 124.869"", ""  60.832""], ["" 130.330"", "" 124.463"", ""  59.897""], ["" 130.439"", "" 124.751"", ""  58.514""], ["" 129.380"", "" 124.389"", ""  57.668""], ["" 128.144"", "" 123.483"", ""  59.513""], ["" 128.239"", "" 123.769"", ""  58.189""], ["" 131.673"", "" 125.444"", ""  57.903""], ["" 131.968"", "" 126.599"", ""  58.503""], ["" 132.739"", "" 124.650"", ""  58.013""], ["" 131.461"", "" 125.707"", ""  56.613""], ["" 127.079"", "" 123.363"", ""  57.332""], ["" 125.772"", "" 123.370"", ""  57.846""], ["" 127.264"", "" 122.963"", ""  55.997""], ["" 124.689"", "" 122.994"", ""  57.056""], ["" 126.184"", "" 122.588"", ""  55.204""], ["" 124.899"", "" 122.606"", ""  55.736""], ["" 129.073"", "" 121.552"", ""  62.166""], ["" 130.403"", "" 121.081"", ""  61.575""], ["" 130.371"", "" 119.938"", ""  60.869""], ["" 131.427"", "" 121.740"", ""  61.765""], ["" 129.488"", "" 119.457"", ""  60.771""], ["" 131.527"", "" 119.290"", ""  60.250""], ["" 131.189"", "" 118.017"", ""  59.481""], ["" 130.071"", "" 117.262"", ""  59.846""], ["" 131.963"", "" 117.636"", ""  58.381""], ["" 129.742"", "" 116.115"", ""  59.128""], ["" 131.634"", "" 116.488"", ""  57.664""], ["" 130.526"", "" 115.732"", ""  58.042""]]",[],3ag_Grossjean_2025
44,1412,3ai_Grossjean_2025,4h2i_c_3_mae_prepped,1,8,-9.12,-0.31448275862068964,0.0,0.0,5,183.38,-10.91,-10.92,0.01,-10.91,0.0,-1.07,1.79,-1.07,65,5,0.0,0.0,0.0,12.851189,8.532243,6.544703,-0.15056356,-0.85001196,-0.50478736,173.12735,"1.425562, 127.499313, 129.054718, 125.966171, 332.30304, 170.741241, ","[["" 127.974"", "" 122.316"", ""  62.155""], ["" 129.608"", "" 121.917"", ""  61.570""], ["" 130.386"", "" 125.317"", ""  62.321""], ["" 130.518"", "" 124.220"", ""  61.980""], ["" 130.688"", "" 122.829"", ""  61.547""], ["" 131.935"", "" 122.369"", ""  61.059""], ["" 132.032"", "" 121.043"", ""  60.612""], ["" 129.721"", "" 120.647"", ""  61.111""], ["" 130.917"", "" 120.200"", ""  60.650""], ["" 133.184"", "" 123.268"", ""  60.993""], ["" 134.255"", "" 122.632"", ""  60.513""], ["" 132.950"", "" 124.315"", ""  60.200""], ["" 133.497"", "" 123.710"", ""  62.211""], ["" 130.961"", "" 118.778"", ""  60.176""], ["" 130.068"", "" 117.824"", ""  60.689""], ["" 131.887"", "" 118.364"", ""  59.202""], ["" 130.101"", "" 116.503"", ""  60.251""], ["" 131.922"", "" 117.045"", ""  58.762""], ["" 131.028"", "" 116.118"", ""  59.288""], ["" 127.147"", "" 123.312"", ""  60.868""], ["" 127.483"", "" 122.913"", ""  59.424""], ["" 126.482"", "" 123.112"", ""  58.537""], ["" 128.590"", "" 122.452"", ""  59.138""], ["" 125.619"", "" 123.498"", ""  58.891""], ["" 126.498"", "" 122.840"", ""  57.175""], ["" 125.624"", "" 122.093"", ""  56.521""], ["" 127.470"", "" 123.340"", ""  56.309""], ["" 126.016"", "" 122.092"", ""  55.182""], ["" 127.133"", "" 122.849"", ""  55.069""]]",[],3ai_Grossjean_2025
45,8086,3aj_Grossjean_2025,4h2i_c_3_mae_prepped,1,13,-8.56,-0.29517241379310344,0.0,0.0,4,183.29,-10.35,-10.54,0.19,-10.35,0.0,-0.75,1.79,-0.75,69,3,0.0,0.0,0.0,13.024109,8.587961,6.997065,0.18000315,0.72575284,0.66398922,181.970718,"241.755325, 304.462982, 105.810844, 204.067291, 97.574326, 239.72467, ","[["" 127.991"", "" 122.297"", ""  62.142""], ["" 129.623"", "" 121.905"", ""  61.550""], ["" 130.393"", "" 125.304"", ""  62.313""], ["" 130.527"", "" 124.208"", ""  61.967""], ["" 130.700"", "" 122.821"", ""  61.528""], ["" 131.947"", "" 122.368"", ""  61.034""], ["" 132.048"", "" 121.043"", ""  60.582""], ["" 129.739"", "" 120.638"", ""  61.085""], ["" 130.935"", "" 120.196"", ""  60.618""], ["" 133.193"", "" 123.272"", ""  60.967""], ["" 133.564"", "" 123.731"", ""  62.164""], ["" 134.223"", "" 122.594"", ""  60.459""], ["" 132.949"", "" 124.330"", ""  60.193""], ["" 130.985"", "" 118.778"", ""  60.139""], ["" 131.888"", "" 118.392"", ""  59.137""], ["" 130.137"", "" 117.797"", ""  60.681""], ["" 131.942"", "" 117.073"", ""  58.689""], ["" 130.187"", "" 116.479"", ""  60.236""], ["" 131.090"", "" 116.122"", ""  59.241""], ["" 127.423"", "" 123.795"", ""  61.268""], ["" 126.398"", "" 123.546"", ""  60.152""], ["" 126.936"", "" 123.229"", ""  58.953""], ["" 125.189"", "" 123.638"", ""  60.373""], ["" 127.942"", "" 123.188"", ""  58.889""], ["" 126.244"", "" 122.963"", ""  57.778""], ["" 126.663"", "" 122.287"", ""  56.730""], ["" 124.629"", "" 123.583"", ""  57.651""], ["" 125.739"", "" 122.226"", ""  55.791""], ["" 124.534"", "" 122.866"", ""  56.071""]]",[],3aj_Grossjean_2025
46,7958,3ak_Grossjean_2025,4h2i_c_3_mae_prepped,1,6,-6.69,-0.19676470588235295,0.0,0.0,2,191.07,-10.86,-10.65,-0.21,-10.86,0.0,-2.83,4.18,-2.83,56,4,0.0,0.0,0.0,11.282309,18.122705,5.024172,0.10765367,-0.24899277,-0.96250365,203.047073,"119.58812, 307.722504, 301.555237, 234.88028, 310.366486, 306.591492, 240.715179, 108.077126, 265.302948, 261.621155, 341.735168, 351.992554, 71.292397, 0.253113, ","[["" 126.539"", "" 128.620"", ""  57.990""], ["" 126.566"", "" 127.508"", ""  58.873""], ["" 127.357"", "" 126.361"", ""  58.219""], ["" 126.538"", "" 125.294"", ""  57.747""], ["" 127.183"", "" 124.357"", ""  56.892""], ["" 126.930"", "" 122.940"", ""  57.423""], ["" 126.406"", "" 122.139"", ""  56.374""], ["" 125.176"", "" 122.620"", ""  55.856""], ["" 125.229"", "" 129.076"", ""  57.676""], ["" 125.302"", "" 130.323"", ""  56.776""], ["" 126.659"", "" 130.648"", ""  56.334""], ["" 127.341"", "" 130.025"", ""  55.354""], ["" 126.867"", "" 129.097"", ""  54.697""], ["" 127.110"", "" 131.414"", ""  56.813""], ["" 128.773"", "" 130.488"", ""  55.038""], ["" 129.252"", "" 132.144"", ""  55.656""], ["" 129.200"", "" 132.127"", ""  57.441""], ["" 128.033"", "" 132.535"", ""  57.998""], ["" 130.301"", "" 131.713"", ""  58.223""], ["" 127.899"", "" 132.563"", ""  59.349""], ["" 130.164"", "" 131.730"", ""  59.632""], ["" 131.551"", "" 131.275"", ""  57.592""], ["" 128.947"", "" 132.158"", ""  60.182""], ["" 132.537"", "" 130.931"", ""  57.094""], ["" 126.575"", "" 133.026"", ""  59.878""], ["" 125.507"", "" 132.128"", ""  60.028""], ["" 126.369"", "" 134.368"", ""  60.247""], ["" 124.277"", "" 132.552"", ""  60.523""], ["" 125.139"", "" 134.795"", ""  60.741""], ["" 124.098"", "" 133.885"", ""  60.877""], ["" 131.297"", "" 131.294"", ""  60.582""], ["" 132.443"", "" 131.872"", ""  60.222""], ["" 131.007"", "" 131.652"", ""  61.834""], ["" 131.496"", "" 129.974"", ""  60.580""]]",[],3ak_Grossjean_2025
47,7774,3bc_Grossjean_2025,4h2i_c_3_mae_prepped,1,14,-8.17,-0.28172413793103446,0.0,0.0,1,185.1,-9.96,-9.99,0.03,-9.96,0.0,-1.37,1.79,-1.37,83,7,0.0,0.0,0.0,12.148084,8.553535,7.869769,0.43920675,-0.8968959,-0.05172213,185.826187,"222.572052, 316.966278, 260.990631, 61.470539, 79.071754, 131.512238, ","[["" 129.828"", "" 121.344"", ""  62.227""], ["" 129.383"", "" 120.181"", ""  61.708""], ["" 130.985"", "" 121.759"", ""  62.130""], ["" 128.389"", "" 120.011"", ""  61.774""], ["" 128.757"", "" 122.179"", ""  62.943""], ["" 128.635"", "" 123.917"", ""  62.398""], ["" 129.143"", "" 123.989"", ""  60.695""], ["" 130.691"", "" 124.397"", ""  58.884""], ["" 130.429"", "" 124.393"", ""  60.271""], ["" 129.675"", "" 124.027"", ""  57.995""], ["" 131.461"", "" 124.823"", ""  61.217""], ["" 128.415"", "" 123.670"", ""  58.484""], ["" 132.278"", "" 125.164"", ""  61.962""], ["" 128.163"", "" 123.654"", ""  59.819""], ["" 132.047"", "" 124.796"", ""  58.304""], ["" 127.285"", "" 123.266"", ""  57.584""], ["" 125.964"", "" 123.248"", ""  58.057""], ["" 127.517"", "" 122.891"", ""  56.250""], ["" 124.909"", "" 122.875"", ""  57.227""], ["" 126.466"", "" 122.518"", ""  55.416""], ["" 125.165"", "" 122.512"", ""  55.909""], ["" 130.096"", "" 119.190"", ""  61.007""], ["" 131.187"", "" 119.632"", ""  60.257""], ["" 129.756"", "" 117.829"", ""  60.997""], ["" 131.945"", "" 118.724"", ""  59.521""], ["" 130.516"", "" 116.925"", ""  60.259""], ["" 131.622"", "" 117.367"", ""  59.516""], ["" 132.432"", "" 116.544"", ""  58.757""], ["" 131.981"", "" 116.118"", ""  57.476""]]",[],3bc_Grossjean_2025
48,7930,3bd_Grossjean_2025,4h2i_c_3_mae_prepped,1,14,-9.54,-0.3533333333333333,0.0,0.0,4,182.13,-11.03,-11.05,0.02,-11.03,0.0,-1.06,1.49,-1.06,71,3,0.0,0.0,0.0,11.977199,8.501222,6.608693,-0.15764431,-0.94822766,0.27570379,134.913086,"6.300747, 238.128525, 7.30366, 355.25824, 262.437225, ","[["" 128.692"", "" 122.440"", ""  62.665""], ["" 130.145"", "" 121.958"", ""  61.747""], ["" 132.317"", "" 122.370"", ""  60.769""], ["" 131.213"", "" 122.849"", ""  61.506""], ["" 132.311"", "" 121.049"", ""  60.307""], ["" 131.190"", "" 124.227"", ""  62.004""], ["" 131.215"", "" 120.221"", ""  60.575""], ["" 131.174"", "" 125.315"", ""  62.397""], ["" 130.156"", "" 120.679"", ""  61.293""], ["" 133.532"", "" 123.241"", ""  60.450""], ["" 131.145"", "" 118.795"", ""  60.114""], ["" 131.983"", "" 118.331"", ""  59.088""], ["" 130.239"", "" 117.888"", ""  60.690""], ["" 131.922"", "" 117.009"", ""  58.654""], ["" 130.176"", "" 116.565"", ""  60.260""], ["" 131.019"", "" 116.130"", ""  59.244""], ["" 127.930"", "" 123.853"", ""  61.813""], ["" 126.958"", "" 123.407"", ""  60.720""], ["" 127.419"", "" 123.495"", ""  59.454""], ["" 125.844"", "" 122.992"", ""  61.043""], ["" 128.386"", "" 123.766"", ""  59.347""], ["" 126.761"", "" 123.189"", ""  58.248""], ["" 127.581"", "" 122.841"", ""  57.171""], ["" 125.369"", "" 123.247"", ""  58.071""], ["" 127.020"", "" 122.530"", ""  55.935""], ["" 124.812"", "" 122.938"", ""  56.834""], ["" 125.638"", "" 122.578"", ""  55.772""]]",[],3bd_Grossjean_2025
49,8052,3be_Grossjean_2025,4h2i_c_3_mae_prepped,1,10,-9.72,-0.34714285714285714,0.0,0.0,5,182.69,-11.21,-11.15,-0.06,-11.21,0.0,-0.96,1.49,-0.96,63,3,0.0,0.0,0.0,12.851303,8.705771,7.181356,-0.27029689,0.62148458,0.73532068,185.668655,"192.275497, 113.24234, 318.588776, 226.608597, 69.750908, ","[["" 128.070"", "" 123.783"", ""  62.118""], ["" 128.984"", "" 122.411"", ""  62.900""], ["" 130.343"", "" 121.975"", ""  61.837""], ["" 132.370"", "" 122.386"", ""  60.586""], ["" 131.351"", "" 122.878"", ""  61.430""], ["" 132.332"", "" 121.050"", ""  60.174""], ["" 131.342"", "" 124.287"", ""  61.829""], ["" 131.283"", "" 120.221"", ""  60.586""], ["" 131.338"", "" 125.401"", ""  62.144""], ["" 130.307"", "" 120.689"", ""  61.409""], ["" 133.525"", "" 123.258"", ""  60.097""], ["" 131.177"", "" 118.784"", ""  60.170""], ["" 130.275"", "" 117.917"", ""  60.806""], ["" 131.979"", "" 118.264"", ""  59.140""], ["" 130.174"", "" 116.582"", ""  60.427""], ["" 131.880"", "" 116.929"", ""  58.757""], ["" 130.977"", "" 116.093"", ""  59.403""], ["" 127.036"", "" 123.362"", ""  61.062""], ["" 127.360"", "" 123.690"", ""  59.792""], ["" 126.006"", "" 122.771"", ""  61.391""], ["" 128.218"", "" 124.205"", ""  59.663""], ["" 126.641"", "" 123.442"", ""  58.608""], ["" 127.259"", "" 123.062"", ""  57.451""], ["" 125.255"", "" 123.623"", ""  58.673""], ["" 126.500"", "" 122.852"", ""  56.346""], ["" 124.487"", "" 123.403"", ""  57.527""], ["" 125.112"", "" 123.011"", ""  56.344""], ["" 127.253"", "" 122.431"", ""  55.099""]]",[],3be_Grossjean_2025
50,1605,3bf_Grossjean_2025,4h2i_c_3_mae_prepped,1,2,-9.84,-0.36444444444444446,0.0,0.0,7,184.98,-11.33,-11.25,-0.08,-11.33,0.0,-1.0,1.49,-1.0,68,4,0.0,0.0,0.0,12.74046,8.477735,7.099663,-0.39679413,0.12583369,-0.90924161,218.135529,"189.69751, 5.483679, 239.939514, 72.634499, 214.635788, ","[["" 128.783"", "" 122.333"", ""  62.802""], ["" 130.209"", "" 121.937"", ""  61.813""], ["" 132.332"", "" 122.382"", ""  60.747""], ["" 131.261"", "" 122.840"", ""  61.544""], ["" 132.316"", "" 121.068"", ""  60.270""], ["" 131.282"", "" 124.198"", ""  62.096""], ["" 131.249"", "" 120.220"", ""  60.591""], ["" 131.299"", "" 125.271"", ""  62.529""], ["" 130.220"", "" 120.658"", ""  61.364""], ["" 133.524"", "" 123.265"", ""  60.385""], ["" 131.183"", "" 118.795"", ""  60.130""], ["" 130.305"", "" 117.886"", ""  60.739""], ["" 131.997"", "" 118.331"", ""  59.083""], ["" 130.238"", "" 116.561"", ""  60.317""], ["" 131.932"", "" 117.007"", ""  58.657""], ["" 131.052"", "" 116.126"", ""  59.276""], ["" 127.902"", "" 123.714"", ""  61.999""], ["" 126.863"", "" 123.300"", ""  60.945""], ["" 127.278"", "" 123.426"", ""  59.666""], ["" 125.743"", "" 122.916"", ""  61.284""], ["" 128.192"", "" 123.831"", ""  59.526""], ["" 126.584"", "" 123.126"", ""  58.479""], ["" 127.142"", "" 122.491"", ""  57.356""], ["" 125.244"", "" 123.520"", ""  58.406""], ["" 126.436"", "" 122.234"", ""  56.224""], ["" 124.504"", "" 123.263"", ""  57.250""], ["" 125.135"", "" 122.618"", ""  56.186""]]",[],3bf_Grossjean_2025
51,1556,3bg_Grossjean_2025,4h2i_c_3_mae_prepped,1,6,-9.3,-0.3321428571428572,0.0,0.0,4,185.73,-11.09,-11.02,-0.06,-11.09,0.0,-1.14,1.79,-1.14,76,3,0.0,0.0,0.0,13.911746,7.668463,4.582156,0.41163227,-0.37299589,0.83152446,161.804718,"42.49939, 28.377361, 16.413862, 249.13205, 228.442566, 11.310951, ","[["" 128.467"", "" 121.852"", ""  62.114""], ["" 128.777"", "" 123.642"", ""  61.957""], ["" 129.131"", "" 124.001"", ""  60.243""], ["" 130.538"", "" 124.813"", ""  58.455""], ["" 130.336"", "" 124.610"", ""  59.836""], ["" 129.544"", "" 124.419"", ""  57.553""], ["" 131.362"", "" 125.005"", ""  60.804""], ["" 128.360"", "" 123.834"", ""  58.024""], ["" 132.173"", "" 125.317"", ""  61.568""], ["" 128.174"", "" 123.627"", ""  59.355""], ["" 131.814"", "" 125.438"", ""  57.895""], ["" 127.258"", "" 123.379"", ""  57.108""], ["" 127.524"", "" 123.021"", ""  55.776""], ["" 125.927"", "" 123.295"", ""  57.556""], ["" 126.510"", "" 122.581"", ""  54.931""], ["" 124.910"", "" 122.854"", ""  56.714""], ["" 125.205"", "" 122.495"", ""  55.405""], ["" 129.766"", "" 121.042"", ""  62.059""], ["" 130.043"", "" 120.433"", ""  60.893""], ["" 130.501"", "" 120.995"", ""  63.046""], ["" 129.383"", "" 120.532"", ""  60.136""], ["" 131.302"", "" 119.765"", ""  60.561""], ["" 131.068"", "" 118.405"", ""  59.916""], ["" 130.022"", "" 117.589"", ""  60.361""], ["" 131.884"", "" 117.981"", ""  58.864""], ["" 129.814"", "" 116.342"", ""  59.779""], ["" 131.676"", "" 116.733"", ""  58.280""], ["" 130.645"", "" 115.918"", ""  58.743""]]",[],3bg_Grossjean_2025
52,8529,3bk_Grossjean_2025,4h2i_c_3_mae_prepped,1,8,-7.07,-0.22806451612903228,0.0,0.0,3,186.5,-10.95,-10.57,-0.38,-10.95,0.0,-2.49,3.88,-2.49,52,4,0.0,0.0,0.0,9.113235,10.435099,0.702121,0.93625103,-0.26118893,0.23497733,156.89035,"31.911829, 349.824463, 233.777115, 224.357788, 285.905762, 155.222244, 91.19503, 276.416229, 152.785873, 46.497005, 325.260254, 308.853455, 282.233307, ","[["" 129.591"", "" 126.707"", ""  55.776""], ["" 129.183"", "" 127.982"", ""  56.255""], ["" 127.999"", "" 127.811"", ""  57.217""], ["" 127.014"", "" 128.886"", ""  57.086""], ["" 126.296"", "" 129.157"", ""  55.982""], ["" 126.373"", "" 128.505"", ""  54.939""], ["" 126.845"", "" 129.434"", ""  57.917""], ["" 125.320"", "" 130.331"", ""  56.075""], ["" 124.884"", "" 130.721"", ""  57.799""], ["" 126.271"", "" 131.526"", ""  58.582""], ["" 127.320"", "" 132.738"", ""  60.393""], ["" 126.168"", "" 132.126"", ""  59.856""], ["" 128.508"", "" 132.728"", ""  59.653""], ["" 124.909"", "" 132.122"", ""  60.607""], ["" 128.543"", "" 132.111"", ""  58.397""], ["" 127.432"", "" 131.524"", ""  57.879""], ["" 123.915"", "" 132.119"", ""  61.200""], ["" 127.325"", "" 133.421"", ""  61.760""], ["" 129.776"", "" 132.083"", ""  57.546""], ["" 130.970"", "" 131.526"", ""  58.030""], ["" 129.772"", "" 132.612"", ""  56.243""], ["" 132.120"", "" 131.502"", ""  57.245""], ["" 130.920"", "" 132.592"", ""  55.456""], ["" 132.092"", "" 132.037"", ""  55.962""], ["" 130.596"", "" 126.089"", ""  56.569""], ["" 129.962"", "" 124.990"", ""  57.430""], ["" 128.612"", "" 124.799"", ""  57.028""], ["" 128.177"", "" 123.448"", ""  57.098""], ["" 127.401"", "" 123.097"", ""  55.821""], ["" 126.378"", "" 122.159"", ""  56.128""], ["" 125.103"", "" 122.755"", ""  56.317""]]",[],3bk_Grossjean_2025
53,8136,3ca_Grossjean_2025,4h2i_c_3_mae_prepped,1,1,-9.09,-0.2840625,0.0,0.0,5,184.54,-11.48,-11.3,-0.18,-11.48,0.0,-2.34,2.39,-2.34,77,4,0.0,0.0,0.0,15.146656,7.369339,4.827395,-0.12254167,-0.09946989,-0.98746609,177.179642,"271.967834, 293.117767, 46.620289, 138.244034, 135.495148, 153.859375, 271.658813, 5.996088, ","[["" 129.237"", "" 123.841"", ""  58.778""], ["" 129.256"", "" 124.331"", ""  57.471""], ["" 128.322"", "" 123.890"", ""  56.538""], ["" 127.343"", "" 122.954"", ""  56.897""], ["" 127.320"", "" 122.471"", ""  58.214""], ["" 128.255"", "" 122.909"", ""  59.148""], ["" 130.225"", "" 124.354"", ""  59.640""], ["" 131.495"", "" 124.725"", ""  59.370""], ["" 132.027"", "" 124.694"", ""  58.261""], ["" 129.910"", "" 124.507"", ""  60.586""], ["" 132.295"", "" 125.241"", ""  60.571""], ["" 132.525"", "" 123.986"", ""  61.874""], ["" 131.286"", "" 122.707"", ""  61.709""], ["" 129.054"", "" 122.120"", ""  62.040""], ["" 129.259"", "" 120.852"", ""  61.502""], ["" 130.045"", "" 123.031"", ""  62.152""], ["" 130.536"", "" 120.487"", ""  61.055""], ["" 131.581"", "" 121.440"", ""  61.151""], ["" 132.926"", "" 121.134"", ""  60.652""], ["" 133.987"", "" 120.891"", ""  60.258""], ["" 127.693"", "" 122.563"", ""  62.539""], ["" 130.711"", "" 119.112"", ""  60.498""], ["" 129.906"", "" 118.060"", ""  60.953""], ["" 131.692"", "" 118.850"", ""  59.533""], ["" 130.069"", "" 116.774"", ""  60.447""], ["" 131.858"", "" 117.564"", ""  59.023""], ["" 131.044"", "" 116.532"", ""  59.482""], ["" 126.350"", "" 122.499"", ""  55.866""], ["" 126.419"", "" 122.813"", ""  54.674""], ["" 125.368"", "" 121.715"", ""  56.378""], ["" 124.145"", "" 122.276"", ""  56.840""], ["" 124.377"", "" 123.730"", ""  57.258""]]",[],3ca_Grossjean_2025
54,7831,3cb_Grossjean_2025,4h2i_c_3_mae_prepped,1,14,-8.68,-0.27999999999999997,0.0,0.0,4,185.01,-10.77,-10.75,-0.02,-10.77,0.0,-2.35,2.09,-2.35,72,2,0.0,0.0,0.0,14.689386,10.057032,6.024865,0.23551255,-0.96307132,0.13048936,187.021454,"101.863152, 195.414566, 248.461853, 107.705002, 293.684387, 281.170197, 186.942703, ","[["" 132.435"", "" 123.142"", ""  60.398""], ["" 131.567"", "" 122.398"", ""  61.118""], ["" 133.104"", "" 122.726"", ""  59.451""], ["" 131.054"", "" 122.888"", ""  61.837""], ["" 132.531"", "" 124.611"", ""  60.838""], ["" 131.091"", "" 125.642"", ""  60.397""], ["" 129.690"", "" 124.562"", ""  60.191""], ["" 128.239"", "" 123.122"", ""  61.306""], ["" 127.546"", "" 122.839"", ""  60.133""], ["" 129.295"", "" 123.965"", ""  61.342""], ["" 127.946"", "" 123.432"", ""  58.928""], ["" 129.061"", "" 124.309"", ""  58.947""], ["" 129.581"", "" 124.883"", ""  57.702""], ["" 129.992"", "" 125.337"", ""  56.720""], ["" 127.846"", "" 122.501"", ""  62.633""], ["" 127.173"", "" 123.091"", ""  57.695""], ["" 125.772"", "" 123.087"", ""  57.721""], ["" 127.831"", "" 122.796"", ""  56.494""], ["" 125.043"", "" 122.782"", ""  56.574""], ["" 127.105"", "" 122.488"", ""  55.346""], ["" 125.714"", "" 122.482"", ""  55.392""], ["" 131.231"", "" 121.034"", ""  61.002""], ["" 132.084"", "" 120.264"", ""  60.211""], ["" 130.119"", "" 120.426"", ""  61.604""], ["" 131.844"", "" 118.906"", ""  60.026""], ["" 129.879"", "" 119.067"", ""  61.418""], ["" 130.737"", "" 118.290"", ""  60.628""], ["" 130.445"", "" 116.827"", ""  60.449""], ["" 130.714"", "" 115.973"", ""  61.299""], ["" 129.854"", "" 116.540"", ""  59.261""], ["" 130.524"", "" 115.763"", ""  58.279""]]",[],3cb_Grossjean_2025
55,7898,3ce_Grossjean_2025,4h2i_c_3_mae_prepped,1,5,-8.89,-0.3175,0.0,0.0,4,187.06,-10.39,-10.01,-0.38,-10.39,0.0,-1.07,1.49,-1.07,52,7,0.0,0.0,0.0,6.560911,16.704969,3.970671,-0.88872563,0.03916447,-0.45676351,189.844223,"6.114526, 124.388206, 122.657516, 57.942554, 27.232082, ","[["" 123.052"", "" 131.123"", ""  59.706""], ["" 124.130"", "" 130.387"", ""  58.442""], ["" 125.672"", "" 131.266"", ""  58.553""], ["" 126.950"", "" 132.702"", ""  59.866""], ["" 127.991"", "" 132.693"", ""  58.942""], ["" 125.804"", "" 132.008"", ""  59.679""], ["" 127.863"", "" 131.953"", ""  57.759""], ["" 126.673"", "" 131.211"", ""  57.554""], ["" 126.488"", "" 130.405"", ""  56.342""], ["" 126.344"", "" 129.770"", ""  55.386""], ["" 127.036"", "" 133.500"", ""  61.153""], ["" 128.996"", "" 131.995"", ""  56.787""], ["" 130.239"", "" 131.449"", ""  57.130""], ["" 128.840"", "" 132.598"", ""  55.532""], ["" 131.301"", "" 131.490"", ""  56.231""], ["" 129.901"", "" 132.642"", ""  54.631""], ["" 131.128"", "" 132.085"", ""  54.984""], ["" 123.719"", "" 131.150"", ""  61.081""], ["" 123.987"", "" 129.943"", ""  61.626""], ["" 123.977"", "" 132.235"", ""  61.604""], ["" 123.818"", "" 129.135"", ""  61.044""], ["" 124.590"", "" 129.663"", ""  62.864""], ["" 123.904"", "" 129.777"", ""  64.040""], ["" 125.919"", "" 129.226"", ""  62.828""], ["" 124.543"", "" 129.469"", ""  65.197""], ["" 126.563"", "" 128.915"", ""  64.028""], ["" 125.871"", "" 129.036"", ""  65.233""], ["" 123.721"", "" 129.616"", ""  66.463""]]",[],3ce_Grossjean_2025
56,7892,3ch_Grossjean_2025,4h2i_c_3_mae_prepped,1,12,-8.32,-0.25212121212121213,0.0,0.0,3,185.92,-10.71,-10.11,-0.59,-10.71,0.0,-1.82,2.39,-1.82,59,9,0.0,0.0,0.0,13.010257,11.248615,8.505473,-0.35826315,-0.75465521,0.54967538,159.53093,"347.151581, 305.637268, 235.643265, 358.689423, 257.306671, 24.091953, 353.995758, 336.773132, ","[["" 128.890"", "" 126.861"", ""  62.530""], ["" 127.993"", "" 127.377"", ""  63.398""], ["" 128.977"", "" 127.149"", ""  61.336""], ["" 128.086"", "" 127.085"", ""  64.360""], ["" 129.891"", "" 125.872"", ""  63.126""], ["" 129.472"", "" 124.149"", ""  62.732""], ["" 129.255"", "" 124.085"", ""  60.967""], ["" 130.301"", "" 124.413"", ""  58.913""], ["" 129.144"", "" 124.072"", ""  58.218""], ["" 130.364"", "" 124.423"", ""  60.264""], ["" 127.989"", "" 123.712"", ""  58.927""], ["" 128.045"", "" 123.699"", ""  60.344""], ["" 126.898"", "" 123.240"", ""  61.133""], ["" 125.992"", "" 122.880"", ""  61.757""], ["" 131.575"", "" 124.806"", ""  58.190""], ["" 126.767"", "" 123.363"", ""  58.139""], ["" 126.866"", "" 122.522"", ""  57.024""], ["" 125.517"", "" 123.887"", ""  58.490""], ["" 125.734"", "" 122.199"", ""  56.280""], ["" 124.382"", "" 123.565"", ""  57.749""], ["" 124.496"", "" 122.722"", ""  56.647""], ["" 126.967"", "" 128.316"", ""  63.178""], ["" 126.803"", "" 129.067"", ""  62.005""], ["" 126.053"", "" 128.477"", ""  64.221""], ["" 125.748"", "" 129.986"", ""  61.880""], ["" 124.990"", "" 129.387"", ""  64.119""], ["" 124.847"", "" 130.133"", ""  62.942""], ["" 125.531"", "" 130.765"", ""  60.758""], ["" 125.905"", "" 132.139"", ""  60.774""], ["" 124.055"", "" 129.600"", ""  65.118""], ["" 124.389"", "" 129.289"", ""  66.467""], ["" 123.820"", "" 131.041"", ""  62.836""], ["" 122.672"", "" 130.541"", ""  62.165""]]",[],3ch_Grossjean_2025
57,7921,3ci_Grossjean_2025,4h2i_c_3_mae_prepped,1,14,-8.47,-0.3257692307692308,0.0,0.0,4,189.82,-9.96,-9.53,-0.43,-9.96,0.0,-1.18,1.49,-1.18,70,13,0.0,0.0,0.0,13.380671,8.708905,5.872666,-0.94334563,-0.3318096,-0.00118471,144.185638,"306.416931, 36.607342, 82.75486, 175.485321, 357.633759, ","[["" 131.885"", "" 125.059"", ""  59.249""], ["" 130.491"", "" 123.946"", ""  59.377""], ["" 129.503"", "" 122.208"", ""  60.577""], ["" 128.405"", "" 122.177"", ""  59.722""], ["" 130.531"", "" 123.069"", ""  60.412""], ["" 128.341"", "" 123.072"", ""  58.645""], ["" 129.415"", "" 123.979"", ""  58.458""], ["" 129.423"", "" 124.909"", ""  57.323""], ["" 129.428"", "" 125.644"", ""  56.428""], ["" 129.613"", "" 121.273"", ""  61.767""], ["" 127.137"", "" 123.013"", ""  57.763""], ["" 125.873"", "" 123.370"", ""  58.251""], ["" 127.256"", "" 122.575"", ""  56.438""], ["" 124.752"", "" 123.305"", ""  57.427""], ["" 126.138"", "" 122.508"", ""  55.612""], ["" 124.890"", "" 122.875"", ""  56.110""], ["" 133.363"", "" 124.267"", ""  59.965""], ["" 133.263"", "" 124.050"", ""  61.479""], ["" 133.255"", "" 125.171"", ""  62.233""], ["" 133.183"", "" 122.901"", ""  61.918""], ["" 133.320"", "" 126.054"", ""  61.749""], ["" 133.202"", "" 125.253"", ""  63.618""], ["" 134.226"", "" 125.116"", ""  64.445""], ["" 132.023"", "" 125.500"", ""  64.320""], ["" 133.723"", "" 125.274"", ""  65.737""], ["" 132.391"", "" 125.506"", ""  65.647""]]",[],3ci_Grossjean_2025
58,8080,3cj_Grossjean_2025,4h2i_c_3_mae_prepped,1,12,-8.01,-0.3080769230769231,0.0,0.0,7,187.23,-9.5,-9.53,0.02,-9.5,0.0,-0.92,1.49,-0.92,49,2,0.0,0.0,0.0,12.447703,8.269466,3.697662,0.36764631,0.64148824,0.67329713,284.078186,"105.229088, 345.767303, 13.062827, 55.076584, 324.494324, ","[["" 130.843"", "" 124.123"", ""  61.124""], ["" 130.152"", "" 124.445"", ""  59.515""], ["" 130.547"", "" 125.378"", ""  57.420""], ["" 129.332"", "" 124.904"", ""  56.930""], ["" 130.964"", "" 125.146"", ""  58.685""], ["" 128.494"", "" 124.154"", ""  57.766""], ["" 128.901"", "" 123.931"", ""  59.105""], ["" 128.055"", "" 123.179"", ""  60.036""], ["" 127.386"", "" 122.584"", ""  60.771""], ["" 131.499"", "" 126.172"", ""  56.546""], ["" 127.233"", "" 123.612"", ""  57.181""], ["" 126.030"", "" 123.682"", ""  57.893""], ["" 127.247"", "" 123.000"", ""  55.922""], ["" 124.857"", "" 123.164"", ""  57.352""], ["" 126.074"", "" 122.481"", ""  55.378""], ["" 124.884"", "" 122.567"", ""  56.095""], ["" 131.979"", "" 122.722"", ""  60.873""], ["" 131.297"", "" 121.378"", ""  61.147""], ["" 131.632"", "" 120.376"", ""  60.305""], ["" 130.480"", "" 121.288"", ""  62.066""], ["" 132.303"", "" 120.585"", ""  59.581""], ["" 131.064"", "" 119.114"", ""  60.254""], ["" 130.072"", "" 118.644"", ""  60.979""], ["" 131.700"", "" 118.010"", ""  59.076""], ["" 129.770"", "" 117.407"", ""  60.640""], ["" 130.528"", "" 116.845"", ""  59.616""]]",[],3cj_Grossjean_2025
59,1709,3ck_Grossjean_2025,4h2i_c_3_mae_prepped,1,2,-7.11,-0.22935483870967743,0.0,0.0,1,184.61,-10.99,-10.82,-0.16,-10.99,0.0,-2.49,3.88,-2.49,56,4,0.0,0.0,0.0,11.28699,7.679652,7.564206,-0.86369123,0.4551976,0.21640841,187.301758,"45.384911, 7.29557, 352.649292, 195.652756, 31.418169, 16.186558, 63.715931, 185.327957, 109.528107, 177.897583, 342.42392, 67.9422, 61.597248, ","[["" 132.439"", "" 122.282"", ""  60.595""], ["" 132.888"", "" 123.218"", ""  59.627""], ["" 133.290"", "" 124.530"", ""  60.328""], ["" 132.293"", "" 125.017"", ""  61.286""], ["" 132.456"", "" 125.090"", ""  62.619""], ["" 133.501"", "" 124.770"", ""  63.190""], ["" 131.411"", "" 125.314"", ""  60.895""], ["" 131.243"", "" 125.611"", ""  63.407""], ["" 129.762"", "" 125.985"", ""  62.407""], ["" 129.234"", "" 124.500"", ""  61.566""], ["" 127.617"", "" 126.827"", ""  59.403""], ["" 127.979"", "" 125.819"", ""  59.841""], ["" 128.438"", "" 124.541"", ""  60.397""], ["" 128.078"", "" 123.313"", ""  59.785""], ["" 128.509"", "" 122.121"", ""  60.381""], ["" 129.645"", "" 123.333"", ""  62.122""], ["" 129.286"", "" 122.170"", ""  61.536""], ["" 129.785"", "" 120.908"", ""  62.213""], ["" 127.267"", "" 123.212"", ""  58.535""], ["" 125.885"", "" 123.433"", ""  58.573""], ["" 127.870"", "" 122.873"", ""  57.317""], ["" 125.121"", "" 123.331"", ""  57.412""], ["" 127.110"", "" 122.771"", ""  56.156""], ["" 125.737"", "" 123.001"", ""  56.209""], ["" 133.132"", "" 121.042"", ""  60.591""], ["" 132.139"", "" 119.934"", ""  60.219""], ["" 132.659"", "" 119.193"", ""  59.123""], ["" 131.968"", "" 117.976"", ""  58.870""], ["" 130.872"", "" 117.786"", ""  59.926""], ["" 130.042"", "" 116.693"", ""  59.558""], ["" 130.498"", "" 115.999"", ""  58.408""]]",[],3ck_Grossjean_2025
60,1846,4aa_Grossjean_2025,4h2i_c_3_mae_prepped,1,8,-7.38,-0.25448275862068964,0.0,0.0,11,188.62,-9.17,-8.84,-0.33,-9.17,0.0,-0.48,1.79,-0.48,57,11,0.0,0.0,0.0,11.043139,16.131241,6.625759,-0.24352844,-0.55331617,-0.79657713,141.042374,"47.387939, 99.355286, 255.173874, 68.299202, 266.546326, 8.559294, ","[["" 128.223"", "" 131.392"", ""  59.361""], ["" 127.463"", "" 131.454"", ""  58.192""], ["" 128.032"", "" 131.904"", ""  57.004""], ["" 129.372"", "" 132.311"", ""  56.964""], ["" 130.130"", "" 132.256"", ""  58.144""], ["" 129.564"", "" 131.802"", ""  59.333""], ["" 127.546"", "" 130.929"", ""  60.506""], ["" 127.032"", "" 128.761"", ""  59.993""], ["" 127.027"", "" 129.708"", ""  60.780""], ["" 127.423"", "" 131.630"", ""  61.224""], ["" 126.412"", "" 129.573"", ""  62.102""], ["" 127.026"", "" 129.250"", ""  63.322""], ["" 124.688"", "" 129.884"", ""  62.319""], ["" 126.126"", "" 129.237"", ""  64.444""], ["" 124.799"", "" 129.569"", ""  64.036""], ["" 126.319"", "" 128.963"", ""  65.825""], ["" 123.736"", "" 129.646"", ""  64.837""], ["" 125.206"", "" 129.044"", ""  66.669""], ["" 123.960"", "" 129.382"", ""  66.148""], ["" 127.659"", "" 128.589"", ""  66.440""], ["" 122.738"", "" 129.480"", ""  67.044""], ["" 128.363"", "" 128.967"", ""  63.454""], ["" 128.688"", "" 128.163"", ""  63.971""], ["" 129.069"", "" 129.558"", ""  63.039""], ["" 129.952"", "" 132.797"", ""  55.668""], ["" 129.275"", "" 132.996"", ""  54.654""], ["" 131.294"", "" 133.000"", ""  55.723""], ["" 132.207"", "" 131.941"", ""  55.466""], ["" 132.926"", "" 131.563"", ""  56.765""]]",[],4aa_Grossjean_2025
61,7967,4ab_Grossjean_2025,4h2i_c_3_mae_prepped,1,14,-7.0,-0.25,0.0,0.0,9,188.74,-8.49,-8.17,-0.32,-8.49,0.0,-0.37,1.49,-0.37,58,10,0.0,0.0,0.0,11.117769,15.736659,6.693239,-0.3817232,-0.30857745,-0.87124472,156.703506,"237.864899, 124.073601, 264.371674, 269.903351, 331.258026, ","[["" 128.568"", "" 131.291"", ""  59.305""], ["" 127.840"", "" 132.074"", ""  58.409""], ["" 128.436"", "" 132.555"", ""  57.246""], ["" 129.778"", "" 132.266"", ""  56.962""], ["" 130.508"", "" 131.485"", ""  57.869""], ["" 129.913"", "" 131.001"", ""  59.032""], ["" 127.869"", "" 130.866"", ""  60.451""], ["" 126.496"", "" 129.213"", ""  59.667""], ["" 126.935"", "" 129.894"", ""  60.594""], ["" 128.098"", "" 131.381"", ""  61.288""], ["" 126.436"", "" 129.704"", ""  61.957""], ["" 127.152"", "" 129.337"", ""  63.108""], ["" 124.736"", "" 129.995"", ""  62.332""], ["" 126.350"", "" 129.271"", ""  64.300""], ["" 124.993"", "" 129.614"", ""  64.020""], ["" 126.661"", "" 128.943"", ""  65.647""], ["" 124.003"", "" 129.654"", ""  64.912""], ["" 125.623"", "" 128.983"", ""  66.586""], ["" 124.337"", "" 129.338"", ""  66.187""], ["" 128.048"", "" 128.551"", ""  66.132""], ["" 123.197"", "" 129.395"", ""  67.187""], ["" 128.496"", "" 129.058"", ""  63.114""], ["" 129.181"", "" 129.731"", ""  62.805""], ["" 128.844"", "" 128.161"", ""  63.425""], ["" 130.390"", "" 132.801"", ""  55.699""], ["" 129.744"", "" 133.008"", ""  54.666""], ["" 131.721"", "" 133.042"", ""  55.810""], ["" 132.674"", "" 132.037"", ""  55.495""]]",[],4ab_Grossjean_2025
62,8294,4ac_Grossjean_2025,4h2i_c_3_mae_prepped,1,10,-6.76,-0.26,0.0,0.0,3,188.48,-7.96,-7.66,-0.3,-7.96,0.0,-0.33,1.19,-0.33,48,7,0.0,0.0,0.0,10.172705,15.632425,6.457944,0.58513289,-0.32766806,0.7417905,164.444214,"273.052429, 114.961418, 204.132339, 68.371216, ","[["" 126.344"", "" 129.451"", ""  59.318""], ["" 126.790"", "" 130.140"", ""  60.237""], ["" 127.665"", "" 131.160"", ""  60.064""], ["" 127.901"", "" 131.691"", ""  60.890""], ["" 126.379"", "" 129.895"", ""  61.622""], ["" 127.163"", "" 129.459"", ""  62.702""], ["" 124.704"", "" 130.151"", ""  62.113""], ["" 126.435"", "" 129.327"", ""  63.936""], ["" 125.064"", "" 129.675"", ""  63.758""], ["" 126.830"", "" 128.927"", ""  65.241""], ["" 124.128"", "" 129.655"", ""  64.708""], ["" 125.850"", "" 128.904"", ""  66.241""], ["" 124.538"", "" 129.267"", ""  65.939""], ["" 128.246"", "" 128.523"", ""  65.619""], ["" 123.459"", "" 129.250"", ""  67.005""], ["" 128.503"", "" 129.181"", ""  62.609""], ["" 129.207"", "" 129.876"", ""  62.810""], ["" 128.831"", "" 128.264"", ""  62.337""], ["" 128.269"", "" 131.623"", ""  58.880""], ["" 129.652"", "" 131.806"", ""  58.924""], ["" 127.576"", "" 131.869"", ""  57.685""], ["" 130.336"", "" 132.250"", ""  57.795""], ["" 128.264"", "" 132.313"", ""  56.558""], ["" 129.653"", "" 132.508"", ""  56.607""], ["" 130.415"", "" 132.946"", ""  55.541""], ["" 131.802"", "" 132.624"", ""  55.500""]]",[],4ac_Grossjean_2025
63,7997,4ad_Grossjean_2025,4h2i_c_3_mae_prepped,1,1,-6.88,-0.2866666666666667,0.0,0.0,2,189.74,-7.78,-7.64,-0.14,-7.78,0.0,-0.36,0.89,-0.36,28,4,0.0,0.0,0.0,12.701783,16.785401,5.977948,0.77619499,0.40864453,-0.48013643,128.443832,"328.756165, 66.553757, 173.85408, ","[["" 129.516"", "" 131.369"", ""  60.579""], ["" 130.804"", "" 131.104"", ""  60.088""], ["" 130.975"", "" 131.415"", ""  58.694""], ["" 132.086"", "" 131.301"", ""  57.816""], ["" 133.449"", "" 130.766"", ""  58.229""], ["" 131.911"", "" 131.704"", ""  56.486""], ["" 130.679"", "" 132.197"", ""  56.064""], ["" 130.464"", "" 132.638"", ""  54.628""], ["" 129.599"", "" 132.320"", ""  56.872""], ["" 129.767"", "" 131.935"", ""  58.138""], ["" 128.475"", "" 132.023"", ""  59.313""], ["" 128.994"", "" 131.158"", ""  61.930""], ["" 129.439"", "" 131.801"", ""  62.883""], ["" 128.006"", "" 130.234"", ""  62.034""], ["" 127.690"", "" 129.823"", ""  61.168""], ["" 127.330"", "" 129.771"", ""  63.179""], ["" 125.936"", "" 129.713"", ""  63.084""], ["" 127.963"", "" 129.349"", ""  64.359""], ["" 125.178"", "" 129.259"", ""  64.159""], ["" 127.202"", "" 128.895"", ""  65.433""], ["" 125.814"", "" 128.855"", ""  65.330""], ["" 131.823"", "" 130.594"", ""  60.853""], ["" 131.727"", "" 130.456"", ""  61.848""], ["" 132.708"", "" 130.331"", ""  60.440""]]",[],4ad_Grossjean_2025
64,8049,4ae_Grossjean_2025,4h2i_c_3_mae_prepped,1,15,-7.07,-0.2828,0.0,0.0,1,189.86,-7.96,-7.92,-0.04,-7.96,0.0,-0.28,0.89,-0.28,34,6,0.0,0.0,0.0,12.705897,16.763818,6.254431,0.76600444,0.41538089,-0.49060769,127.956688,"326.707428, 69.623169, 349.779449, ","[["" 129.593"", "" 131.411"", ""  60.607""], ["" 130.876"", "" 131.156"", ""  60.096""], ["" 131.017"", "" 131.459"", ""  58.697""], ["" 132.112"", "" 131.349"", ""  57.798""], ["" 133.490"", "" 130.836"", ""  58.191""], ["" 131.908"", "" 131.734"", ""  56.468""], ["" 130.661"", "" 132.206"", ""  56.064""], ["" 130.412"", "" 132.624"", ""  54.626""], ["" 129.596"", "" 132.327"", ""  56.892""], ["" 129.793"", "" 131.958"", ""  58.158""], ["" 128.523"", "" 132.043"", ""  59.355""], ["" 129.094"", "" 131.193"", ""  61.966""], ["" 129.522"", "" 131.857"", ""  62.911""], ["" 128.146"", "" 130.230"", ""  62.089""], ["" 127.831"", "" 129.797"", ""  61.233""], ["" 127.483"", "" 129.791"", ""  63.249""], ["" 128.162"", "" 129.468"", ""  64.389""], ["" 126.093"", "" 129.666"", ""  63.162""], ["" 127.457"", "" 129.030"", ""  65.463""], ["" 125.381"", "" 129.216"", ""  64.276""], ["" 126.067"", "" 128.890"", ""  65.447""], ["" 128.275"", "" 128.689"", ""  66.693""], ["" 131.913"", "" 130.663"", ""  60.847""], ["" 132.776"", "" 130.350"", ""  60.426""], ["" 131.846"", "" 130.596"", ""  61.854""]]",[],4ae_Grossjean_2025
65,1807,4af_Grossjean_2025,4h2i_c_3_mae_prepped,1,13,-6.69,-0.27875,0.0,0.0,4,189.56,-7.59,-7.35,-0.24,-7.59,0.0,-0.32,0.89,-0.32,30,5,0.0,0.0,0.0,12.035125,17.021623,6.024043,-0.78197194,-0.39744041,0.48016768,234.467697,"299.338623, 71.576904, 197.825821, ","[["" 128.853"", "" 131.594"", ""  60.635""], ["" 130.159"", "" 131.316"", ""  60.202""], ["" 130.379"", "" 131.576"", ""  58.804""], ["" 131.522"", "" 131.436"", ""  57.972""], ["" 132.873"", "" 130.932"", ""  58.456""], ["" 131.394"", "" 131.783"", ""  56.621""], ["" 130.174"", "" 132.248"", ""  56.134""], ["" 130.009"", "" 132.627"", ""  54.674""], ["" 129.064"", "" 132.395"", ""  56.898""], ["" 129.189"", "" 132.063"", ""  58.184""], ["" 127.853"", "" 132.187"", ""  59.306""], ["" 128.279"", "" 131.419"", ""  61.971""], ["" 128.649"", "" 132.125"", ""  62.909""], ["" 127.330"", "" 130.457"", ""  62.072""], ["" 127.078"", "" 129.988"", ""  61.214""], ["" 126.626"", "" 130.010"", ""  63.206""], ["" 125.272"", "" 130.357"", ""  63.289""], ["" 127.162"", "" 129.224"", ""  64.242""], ["" 124.467"", "" 129.985"", ""  64.316""], ["" 126.346"", "" 128.833"", ""  65.306""], ["" 125.010"", "" 129.234"", ""  65.307""], ["" 131.151"", "" 130.841"", ""  61.022""], ["" 130.946"", "" 130.410"", ""  61.913""], ["" 132.125"", "" 130.905"", ""  60.759""]]",[],4af_Grossjean_2025
66,8259,4ag_Grossjean_2025,4h2i_c_3_mae_prepped,2,17,-6.89,-0.2756,0.0,0.0,1,183.24,-8.08,-8.06,-0.02,-8.08,0.0,-0.33,1.19,-0.33,61,6,0.0,0.0,0.0,13.031824,8.005629,6.688471,-0.40212242,-0.47152446,0.78483262,137.285629,"346.666962, 181.868149, 126.086418, 16.986858, ","[["" 129.010"", "" 122.550"", ""  61.422""], ["" 128.502"", "" 122.894"", ""  60.161""], ["" 127.817"", "" 124.158"", ""  60.132""], ["" 127.164"", "" 124.870"", ""  59.091""], ["" 127.056"", "" 124.375"", ""  57.657""], ["" 126.585"", "" 126.104"", ""  59.407""], ["" 126.661"", "" 126.597"", ""  60.709""], ["" 126.041"", "" 127.933"", ""  61.074""], ["" 127.277"", "" 125.947"", ""  61.726""], ["" 127.827"", "" 124.771"", ""  61.422""], ["" 128.660"", "" 123.800"", ""  62.616""], ["" 129.762"", "" 121.355"", ""  61.804""], ["" 130.845"", "" 121.436"", ""  62.388""], ["" 129.210"", "" 120.171"", ""  61.462""], ["" 128.294"", "" 120.178"", ""  61.037""], ["" 129.770"", "" 118.856"", ""  61.765""], ["" 130.351"", "" 118.136"", ""  60.554""], ["" 131.456"", "" 118.676"", ""  59.888""], ["" 129.815"", "" 116.913"", ""  60.141""], ["" 132.004"", "" 118.008"", ""  58.795""], ["" 130.363"", "" 116.246"", ""  59.048""], ["" 131.453"", "" 116.798"", ""  58.380""], ["" 128.635"", "" 122.106"", ""  59.045""], ["" 128.493"", "" 122.472"", ""  58.114""], ["" 128.885"", "" 121.130"", ""  59.118""]]",[],4ag_Grossjean_2025
67,7807,4ah_Grossjean_2025,4h2i_c_3_mae_prepped,1,18,-6.87,-0.22161290322580646,0.0,0.0,5,187.51,-8.96,-8.31,-0.65,-8.96,0.0,-0.65,2.09,-0.65,54,16,0.0,0.0,0.0,11.798031,12.621529,6.387797,-0.58510556,-0.31593128,0.74688615,172.65419,"281.391052, 199.494202, 20.695066, 333.199066, 145.340027, 328.841187, 111.05748, ","[["" 126.910"", "" 126.999"", ""  62.297""], ["" 128.141"", "" 127.041"", ""  62.301""], ["" 128.830"", "" 128.166"", ""  62.589""], ["" 129.834"", "" 128.148"", ""  62.493""], ["" 128.945"", "" 125.850"", ""  62.032""], ["" 130.316"", "" 125.654"", ""  62.251""], ["" 128.179"", "" 124.387"", ""  61.408""], ["" 130.780"", "" 124.339"", ""  61.898""], ["" 129.705"", "" 123.530"", ""  61.421""], ["" 132.065"", "" 123.733"", ""  61.943""], ["" 129.806"", "" 122.263"", ""  61.021""], ["" 132.173"", "" 122.402"", ""  61.521""], ["" 131.045"", "" 121.717"", ""  61.078""], ["" 133.325"", "" 124.439"", ""  62.418""], ["" 131.136"", "" 120.272"", ""  60.622""], ["" 131.154"", "" 126.620"", ""  62.748""], ["" 131.449"", "" 126.626"", ""  63.713""], ["" 131.502"", "" 127.365"", ""  62.159""], ["" 128.237"", "" 129.470"", ""  62.885""], ["" 126.911"", "" 129.382"", ""  63.634""], ["" 125.744"", "" 129.872"", ""  63.048""], ["" 126.870"", "" 128.877"", ""  64.934""], ["" 124.523"", "" 129.838"", ""  63.740""], ["" 125.663"", "" 128.825"", ""  65.648""], ["" 124.495"", "" 129.303"", ""  65.037""], ["" 123.328"", "" 130.304"", ""  63.222""], ["" 123.184"", "" 130.441"", ""  61.813""], ["" 125.546"", "" 128.325"", ""  66.932""], ["" 126.457"", "" 127.325"", ""  67.377""], ["" 123.309"", "" 129.276"", ""  65.731""], ["" 123.362"", "" 129.927"", ""  66.993""]]",[],4ah_Grossjean_2025
68,8130,4ai_Grossjean_2025,4h2i_c_3_mae_prepped,1,15,-6.67,-0.29,0.0,0.0,3,196.23,-7.56,-7.38,-0.18,-7.56,0.0,-0.22,0.89,-0.22,47,5,0.0,0.0,0.0,11.788253,18.506541,19.135474,-0.11682679,-0.75038875,-0.65059068,140.310135,"59.894241, 104.542267, 9.545412, ","[["" 128.551"", "" 133.219"", ""  73.693""], ["" 128.542"", "" 133.259"", ""  75.096""], ["" 127.312"", "" 132.803"", ""  75.685""], ["" 126.888"", "" 132.670"", ""  77.036""], ["" 127.750"", "" 133.020"", ""  78.239""], ["" 125.598"", "" 132.183"", ""  77.270""], ["" 124.774"", "" 131.847"", ""  76.198""], ["" 123.372"", "" 131.311"", ""  76.427""], ["" 125.142"", "" 131.962"", ""  74.898""], ["" 126.373"", "" 132.426"", ""  74.679""], ["" 127.010"", "" 132.633"", ""  73.062""], ["" 129.623"", "" 133.615"", ""  72.777""], ["" 130.349"", "" 132.768"", ""  72.254""], ["" 129.731"", "" 134.949"", ""  72.552""], ["" 129.073"", "" 135.550"", ""  73.024""], ["" 130.644"", "" 135.594"", ""  71.727""], ["" 130.800"", "" 135.389"", ""  70.429""], ["" 131.531"", "" 136.568"", ""  72.188""], ["" 131.816"", "" 136.248"", ""  70.006""], ["" 132.247"", "" 136.953"", ""  71.078""], ["" 129.603"", "" 133.686"", ""  75.854""], ["" 129.621"", "" 133.573"", ""  76.857""], ["" 130.403"", "" 134.135"", ""  75.431""]]",[],4ai_Grossjean_2025
69,1677,4aj_Grossjean_2025,4h2i_c_3_mae_prepped,1,15,-6.51,-0.28304347826086956,0.0,0.0,8,185.27,-7.4,-7.29,-0.11,-7.4,0.0,-0.57,0.89,-0.57,49,4,0.0,0.0,0.0,14.88426,6.716257,6.277719,0.65177697,0.74633904,0.13477691,195.487701,"153.555634, 352.857971, 353.490967, ","[["" 131.584"", "" 121.217"", ""  60.816""], ["" 132.576"", "" 122.148"", ""  61.160""], ["" 132.061"", "" 123.379"", ""  61.698""], ["" 132.697"", "" 124.558"", ""  62.170""], ["" 134.204"", "" 124.761"", ""  62.201""], ["" 131.884"", "" 125.597"", ""  62.637""], ["" 130.498"", "" 125.456"", ""  62.627""], ["" 129.596"", "" 126.571"", ""  63.122""], ["" 129.856"", "" 124.346"", ""  62.186""], ["" 130.634"", "" 123.358"", ""  61.743""], ["" 129.971"", "" 121.856"", ""  61.138""], ["" 131.749"", "" 119.881"", ""  60.239""], ["" 132.847"", "" 119.507"", ""  59.821""], ["" 130.631"", "" 119.115"", ""  60.217""], ["" 129.785"", "" 119.519"", ""  60.591""], ["" 130.519"", "" 117.817"", ""  59.738""], ["" 129.671"", "" 116.885"", ""  60.120""], ["" 131.615"", "" 117.339"", ""  58.482""], ["" 129.845"", "" 115.766"", ""  59.444""], ["" 130.858"", "" 115.774"", ""  58.489""], ["" 133.920"", "" 121.921"", ""  61.010""], ["" 134.606"", "" 122.642"", ""  61.180""], ["" 134.271"", "" 121.018"", ""  60.721""]]",[],4aj_Grossjean_2025
70,1349,4ak_Grossjean_2025,4h2i_c_3_mae_prepped,1,16,-5.55,-0.1982142857142857,0.0,0.0,1,194.92,-8.83,-8.2,-0.64,-8.83,0.0,-1.0,3.28,-1.0,42,9,0.0,0.0,0.0,6.794383,13.254872,24.111629,0.31281984,-0.835077,-0.45253745,182.236694,"274.577789, 302.273438, 243.041382, 181.475204, 274.233582, 57.868271, 38.51215, 62.38855, 25.356642, 42.427361, 195.158707, ","[["" 124.206"", "" 129.146"", ""  75.625""], ["" 124.928"", "" 130.189"", ""  76.267""], ["" 124.557"", "" 131.537"", ""  75.622""], ["" 125.689"", "" 132.217"", ""  74.993""], ["" 127.252"", "" 131.735"", ""  76.555""], ["" 126.938"", "" 132.281"", ""  75.496""], ["" 125.499"", "" 132.681"", ""  74.116""], ["" 127.912"", "" 133.031"", ""  74.706""], ["" 128.714"", "" 134.112"", ""  75.107""], ["" 128.180"", "" 132.631"", ""  73.010""], ["" 129.563"", "" 134.626"", ""  74.066""], ["" 129.372"", "" 133.902"", ""  72.851""], ["" 130.514"", "" 135.680"", ""  74.040""], ["" 130.009"", "" 134.132"", ""  71.702""], ["" 131.185"", "" 135.924"", ""  72.835""], ["" 130.910"", "" 135.145"", ""  71.714""], ["" 130.852"", "" 136.555"", ""  75.237""], ["" 131.623"", "" 135.392"", ""  70.397""], ["" 128.703"", "" 134.641"", ""  76.373""], ["" 129.361"", "" 134.346"", ""  77.080""], ["" 128.034"", "" 135.349"", ""  76.639""], ["" 124.929"", "" 128.501"", ""  74.585""], ["" 126.417"", "" 128.851"", ""  74.711""], ["" 127.112"", "" 127.751"", ""  75.282""], ["" 128.292"", "" 128.119"", ""  75.984""], ["" 129.510"", "" 127.492"", ""  75.295""], ["" 130.136"", "" 128.461"", ""  74.464""], ["" 130.207"", "" 128.076"", ""  73.100""]]",[],4ak_Grossjean_2025
71,8077,4al_Grossjean_2025,4h2i_c_3_mae_prepped,1,9,-5.92,-0.3288888888888889,0.0,0.0,9,182.91,-6.81,-6.59,-0.23,-6.81,0.0,-0.12,0.89,-0.12,41,6,0.0,0.0,0.0,10.253688,8.649869,4.968843,0.39621667,-0.75133794,-0.52773446,232.604889,"262.851166, 63.961071, 344.895081, ","[["" 127.777"", "" 123.214"", ""  60.700""], ["" 126.482"", "" 123.493"", ""  60.247""], ["" 126.303"", "" 123.305"", ""  58.834""], ["" 125.179"", "" 123.470"", ""  57.980""], ["" 123.808"", "" 123.925"", ""  58.453""], ["" 125.349"", "" 123.195"", ""  56.619""], ["" 126.589"", "" 122.775"", ""  56.141""], ["" 126.798"", "" 122.471"", ""  54.669""], ["" 127.682"", "" 122.608"", ""  56.927""], ["" 127.517"", "" 122.870"", ""  58.224""], ["" 128.824"", "" 122.705"", ""  59.374""], ["" 128.314"", "" 123.298"", ""  62.076""], ["" 127.911"", "" 122.588"", ""  63.000""], ["" 129.291"", "" 124.233"", ""  62.206""], ["" 128.968"", "" 125.601"", ""  62.404""], ["" 125.467"", "" 123.909"", ""  61.071""], ["" 124.617"", "" 124.316"", ""  60.708""], ["" 125.537"", "" 123.822"", ""  62.076""]]",[],4al_Grossjean_2025
72,7866,4ba_Grossjean_2025,4h2i_c_3_mae_prepped,1,12,-7.2,-0.23225806451612904,0.0,0.0,2,188.33,-8.99,-8.82,-0.18,-8.99,0.0,-0.21,1.79,-0.21,71,10,0.0,0.0,0.0,9.714636,15.853817,6.677085,0.52799444,-0.7310694,0.43215669,138.456192,"65.601723, 156.222458, 99.739449, 82.577888, 234.667923, 190.217896, ","[["" 128.300"", "" 131.275"", ""  59.260""], ["" 129.675"", "" 131.470"", ""  59.392""], ["" 130.435"", "" 131.895"", ""  58.307""], ["" 129.834"", "" 132.130"", ""  57.064""], ["" 128.453"", "" 131.926"", ""  56.932""], ["" 127.691"", "" 131.502"", ""  58.017""], ["" 127.630"", "" 130.836"", ""  60.418""], ["" 127.148"", "" 128.647"", ""  59.963""], ["" 127.128"", "" 129.614"", ""  60.725""], ["" 127.498"", "" 131.554"", ""  61.114""], ["" 126.514"", "" 129.506"", ""  62.051""], ["" 127.131"", "" 129.227"", ""  63.282""], ["" 124.789"", "" 129.801"", ""  62.256""], ["" 126.229"", "" 129.230"", ""  64.408""], ["" 124.902"", "" 129.540"", ""  63.980""], ["" 126.417"", "" 128.995"", ""  65.803""], ["" 123.832"", "" 129.635"", ""  64.768""], ["" 125.285"", "" 129.097"", ""  66.628""], ["" 124.042"", "" 129.412"", ""  66.085""], ["" 122.812"", "" 129.534"", ""  66.966""], ["" 128.473"", "" 128.972"", ""  63.409""], ["" 128.820"", "" 128.069"", ""  63.699""], ["" 129.164"", "" 129.685"", ""  63.223""], ["" 127.762"", "" 128.643"", ""  66.445""], ["" 128.628"", "" 128.105"", ""  65.584""], ["" 128.327"", "" 129.743"", ""  66.945""], ["" 127.575"", "" 127.760"", ""  67.427""], ["" 130.680"", "" 132.586"", ""  55.910""], ["" 130.200"", "" 132.994"", ""  54.850""], ["" 132.212"", "" 132.530"", ""  56.079""], ["" 132.775"", "" 131.155"", ""  56.484""]]",[],4ba_Grossjean_2025
73,1468,4bb_Grossjean_2025,4h2i_c_3_mae_prepped,1,2,-7.02,-0.23399999999999999,0.0,0.0,5,188.43,-8.51,-8.33,-0.19,-8.51,0.0,-0.27,1.49,-0.27,72,10,0.0,0.0,0.0,10.163726,15.160928,6.926949,-0.5547639,0.25634286,-0.79153355,191.52301,"68.813057, 152.22728, 108.535355, 176.897751, 92.090797, ","[["" 127.052"", "" 128.839"", ""  59.843""], ["" 127.180"", "" 129.741"", ""  60.669""], ["" 127.822"", "" 130.910"", ""  60.427""], ["" 127.809"", "" 131.585"", ""  61.178""], ["" 126.600"", "" 129.614"", ""  62.009""], ["" 127.247"", "" 129.323"", ""  63.221""], ["" 124.878"", "" 129.893"", ""  62.259""], ["" 126.374"", "" 129.306"", ""  64.368""], ["" 125.033"", "" 129.605"", ""  63.977""], ["" 126.597"", "" 129.056"", ""  65.755""], ["" 123.980"", "" 129.672"", ""  64.790""], ["" 125.485"", "" 129.127"", ""  66.608""], ["" 124.225"", "" 129.430"", ""  66.099""], ["" 123.013"", "" 129.509"", ""  67.008""], ["" 128.592"", "" 129.069"", ""  63.310""], ["" 128.950"", "" 128.149"", ""  63.527""], ["" 129.277"", "" 129.799"", ""  63.162""], ["" 127.964"", "" 128.719"", ""  66.362""], ["" 128.783"", "" 128.112"", ""  65.499""], ["" 128.567"", "" 129.839"", ""  66.764""], ["" 127.808"", "" 127.905"", ""  67.405""], ["" 128.487"", "" 131.355"", ""  59.267""], ["" 129.875"", "" 131.195"", ""  59.266""], ["" 127.859"", "" 131.912"", ""  58.144""], ["" 130.630"", "" 131.598"", ""  58.169""], ["" 128.616"", "" 132.313"", ""  57.046""], ["" 130.010"", "" 132.162"", ""  57.047""], ["" 130.848"", "" 132.587"", ""  55.879""], ["" 130.380"", "" 133.023"", ""  54.826""], ["" 132.370"", "" 132.485"", ""  56.003""]]",[],4bb_Grossjean_2025
74,2206,4bc_Grossjean_2025,4h2i_c_3_mae_prepped,2,12,-6.32,-0.21793103448275863,0.0,0.0,5,188.22,-7.81,-7.32,-0.49,-7.81,0.0,-0.84,1.49,-0.84,56,6,0.0,0.0,0.0,12.720141,7.115991,19.271421,0.52780626,-0.76743472,0.36395672,198.978256,"347.387299, 124.04718, 11.349343, 41.016621, 233.605515, ","[["" 129.363"", "" 123.620"", ""  72.955""], ["" 129.836"", "" 122.845"", ""  73.787""], ["" 130.893"", "" 123.142"", ""  74.582""], ["" 131.143"", "" 122.447"", ""  75.270""], ["" 129.259"", "" 121.510"", ""  73.978""], ["" 128.317"", "" 120.842"", ""  73.181""], ["" 129.745"", "" 120.524"", ""  75.355""], ["" 127.967"", "" 119.526"", ""  73.658""], ["" 128.684"", "" 119.227"", ""  74.858""], ["" 127.078"", "" 118.522"", ""  73.173""], ["" 128.592"", "" 118.097"", ""  75.558""], ["" 126.984"", "" 117.334"", ""  73.915""], ["" 127.739"", "" 117.165"", ""  75.074""], ["" 127.644"", "" 115.889"", ""  75.889""], ["" 127.771"", "" 121.387"", ""  72.046""], ["" 127.246"", "" 120.833"", ""  71.386""], ["" 127.875"", "" 122.370"", ""  71.835""], ["" 126.229"", "" 118.660"", ""  71.904""], ["" 125.437"", "" 119.734"", ""  71.921""], ["" 127.025"", "" 118.767"", ""  70.840""], ["" 125.448"", "" 117.589"", ""  71.764""], ["" 131.677"", "" 124.309"", ""  74.620""], ["" 131.012"", "" 125.508"", ""  74.358""], ["" 133.044"", "" 124.332"", ""  74.936""], ["" 131.705"", "" 126.715"", ""  74.388""], ["" 133.733"", "" 125.541"", ""  74.966""], ["" 133.067"", "" 126.746"", ""  74.688""], ["" 133.669"", "" 127.989"", ""  74.694""], ["" 134.965"", "" 128.135"", ""  74.124""]]",[],4bc_Grossjean_2025
75,8027,4bd_Grossjean_2025,4h2i_c_3_mae_prepped,2,19,-6.31,-0.2337037037037037,0.0,0.0,7,187.7,-7.5,-7.11,-0.39,-7.5,0.0,-0.82,1.19,-0.82,46,6,0.0,0.0,0.0,12.43852,6.708417,19.260535,-0.52130671,0.72187184,-0.45512675,154.296677,"42.333256, 14.840884, 347.092194, 244.920578, ","[["" 129.295"", "" 121.605"", ""  74.045""], ["" 128.389"", "" 120.907"", ""  73.229""], ["" 128.043"", "" 119.595"", ""  73.720""], ["" 127.189"", "" 118.566"", ""  73.223""], ["" 127.089"", "" 117.391"", ""  73.984""], ["" 127.804"", "" 117.256"", ""  75.171""], ["" 127.709"", "" 115.990"", ""  76.003""], ["" 128.622"", "" 118.213"", ""  75.668""], ["" 128.721"", "" 119.330"", ""  74.950""], ["" 129.743"", "" 120.654"", ""  75.459""], ["" 129.867"", "" 122.939"", ""  73.841""], ["" 129.389"", "" 123.706"", ""  73.004""], ["" 130.922"", "" 123.247"", ""  74.636""], ["" 131.177"", "" 122.555"", ""  75.325""], ["" 131.712"", "" 124.411"", ""  74.663""], ["" 133.015"", "" 124.256"", ""  75.144""], ["" 131.284"", "" 125.672"", ""  74.214""], ["" 133.878"", "" 125.347"", ""  75.201""], ["" 132.150"", "" 126.761"", ""  74.272""], ["" 133.441"", "" 126.595"", ""  74.767""], ["" 127.875"", "" 121.419"", ""  72.066""], ["" 127.378"", "" 120.844"", ""  71.401""], ["" 127.972"", "" 122.399"", ""  71.836""], ["" 126.386"", "" 118.667"", ""  71.922""], ["" 127.159"", "" 118.749"", ""  70.836""], ["" 125.615"", "" 117.589"", ""  71.782""], ["" 125.620"", "" 119.757"", ""  71.948""]]",[],4bd_Grossjean_2025
76,1706,4be_Grossjean_2025,4h2i_c_3_mae_prepped,1,20,-6.5,-0.23214285714285715,0.0,0.0,4,195.78,-7.69,-7.36,-0.33,-7.69,0.0,-0.63,1.19,-0.63,59,6,0.0,0.0,0.0,12.444517,19.186988,19.004693,-0.84629511,-0.42027159,0.32734747,125.69754,"27.215361, 25.873056, 176.86998, 223.752136, ","[["" 128.938"", "" 133.848"", ""  73.839""], ["" 129.752"", "" 134.229"", ""  72.761""], ["" 130.457"", "" 135.471"", ""  72.964""], ["" 131.377"", "" 136.207"", ""  72.161""], ["" 131.870"", "" 137.410"", ""  72.690""], ["" 131.465"", "" 137.846"", ""  73.949""], ["" 131.988"", "" 139.146"", ""  74.532""], ["" 130.598"", "" 137.169"", ""  74.736""], ["" 130.126"", "" 136.027"", ""  74.239""], ["" 128.999"", "" 135.038"", ""  75.138""], ["" 128.077"", "" 132.668"", ""  73.962""], ["" 128.272"", "" 131.670"", ""  73.266""], ["" 127.093"", "" 132.760"", ""  74.891""], ["" 127.059"", "" 133.614"", ""  75.426""], ["" 126.133"", "" 131.799"", ""  75.259""], ["" 126.273"", "" 130.478"", ""  74.945""], ["" 125.014"", "" 132.276"", ""  75.951""], ["" 125.299"", "" 129.613"", ""  75.328""], ["" 124.021"", "" 131.373"", ""  76.339""], ["" 124.160"", "" 130.020"", ""  76.026""], ["" 125.520"", "" 128.161"", ""  74.949""], ["" 129.876"", "" 133.486"", ""  71.615""], ["" 129.413"", "" 132.595"", ""  71.501""], ["" 130.444"", "" 133.804"", ""  70.842""], ["" 131.854"", "" 135.767"", ""  70.773""], ["" 130.862"", "" 135.325"", ""  69.996""], ["" 132.423"", "" 136.795"", ""  70.144""], ["" 132.740"", "" 134.779"", ""  70.892""]]",[],4be_Grossjean_2025
77,7856,4bf_Grossjean_2025,4h2i_c_3_mae_prepped,1,15,-6.13,-0.22703703703703704,0.0,0.0,1,189.32,-7.32,-7.22,-0.11,-7.32,0.0,-0.36,1.19,-0.36,36,5,0.0,0.0,0.0,12.295937,16.992373,5.754295,-0.77903475,-0.37138902,0.50514854,227.139435,"298.832825, 79.896263, 166.753464, 130.824524, ","[["" 128.622"", "" 131.684"", ""  60.617""], ["" 129.860"", "" 131.290"", ""  60.084""], ["" 130.031"", "" 131.610"", ""  58.688""], ["" 131.100"", "" 131.398"", ""  57.768""], ["" 130.914"", "" 131.851"", ""  56.452""], ["" 129.727"", "" 132.477"", ""  56.084""], ["" 129.509"", "" 132.969"", ""  54.664""], ["" 128.695"", "" 132.694"", ""  56.933""], ["" 128.867"", "" 132.265"", ""  58.182""], ["" 127.623"", "" 132.465"", ""  59.394""], ["" 128.108"", "" 131.490"", ""  61.977""], ["" 128.502"", "" 132.199"", ""  62.903""], ["" 127.185"", "" 130.507"", ""  62.113""], ["" 126.905"", "" 130.040"", ""  61.263""], ["" 126.539"", "" 130.039"", ""  63.273""], ["" 125.187"", "" 130.370"", ""  63.423""], ["" 127.133"", "" 129.249"", ""  64.273""], ["" 124.436"", "" 129.978"", ""  64.483""], ["" 126.373"", "" 128.837"", ""  65.371""], ["" 125.034"", "" 129.223"", ""  65.438""], ["" 130.829"", "" 130.658"", ""  60.822""], ["" 130.786"", "" 130.610"", ""  61.830""], ["" 131.623"", "" 130.216"", ""  60.379""], ["" 132.423"", "" 130.712"", ""  58.126""], ["" 132.984"", "" 131.204"", ""  59.234""], ["" 132.216"", "" 129.410"", ""  58.328""], ["" 133.298"", "" 130.870"", ""  57.132""]]",[],4bf_Grossjean_2025
78,8055,4bg_Grossjean_2025,4h2i_c_3_mae_prepped,1,15,-6.63,-0.2367857142857143,0.0,0.0,6,183.89,-8.12,-7.97,-0.15,-8.12,0.0,-0.34,1.49,-0.34,72,4,0.0,0.0,0.0,9.144638,12.643052,5.146333,-0.29860042,-0.67173752,0.67794284,129.875305,"182.870239, 330.577026, 115.798882, 71.003952, 222.671341, ","[["" 126.361"", "" 127.349"", ""  59.936""], ["" 125.736"", "" 128.170"", ""  58.985""], ["" 125.153"", "" 129.369"", ""  59.536""], ["" 124.456"", "" 130.467"", ""  58.949""], ["" 124.014"", "" 131.481"", ""  59.814""], ["" 124.256"", "" 131.396"", ""  61.182""], ["" 123.779"", "" 132.482"", ""  62.129""], ["" 124.918"", "" 130.372"", ""  61.768""], ["" 125.342"", "" 129.408"", ""  60.951""], ["" 126.214"", "" 128.020"", ""  61.558""], ["" 127.020"", "" 126.058"", ""  59.735""], ["" 128.243"", "" 125.939"", ""  59.825""], ["" 126.204"", "" 125.012"", ""  59.488""], ["" 125.221"", "" 125.197"", ""  59.349""], ["" 126.639"", "" 123.637"", ""  59.241""], ["" 126.503"", "" 123.206"", ""  57.787""], ["" 125.249"", "" 122.865"", ""  57.271""], ["" 127.622"", "" 123.218"", ""  56.950""], ["" 125.121"", "" 122.509"", ""  55.931""], ["" 127.494"", "" 122.863"", ""  55.610""], ["" 126.245"", "" 122.508"", ""  55.107""], ["" 125.689"", "" 127.867"", ""  57.648""], ["" 126.225"", "" 128.380"", ""  56.964""], ["" 125.104"", "" 127.119"", ""  57.299""], ["" 124.166"", "" 130.603"", ""  57.451""], ["" 123.754"", "" 129.462"", ""  56.893""], ["" 123.208"", "" 131.510"", ""  57.259""], ["" 125.269"", "" 130.985"", ""  56.810""]]",[],4bg_Grossjean_2025
79,1927,4bh_Grossjean_2025,4h2i_c_3_mae_prepped,1,17,-6.45,-0.18970588235294117,0.0,0.0,3,187.36,-8.84,-8.19,-0.64,-8.84,0.0,-0.7,2.39,-0.7,57,15,0.0,0.0,0.0,11.772996,12.038584,6.294877,0.64607628,0.30886455,-0.69798864,190.618408,"240.250671, 359.541534, 179.267273, 333.934692, 19.418343, 325.636871, 149.827438, 120.55513, ","[["" 126.808"", "" 127.061"", ""  61.997""], ["" 128.028"", "" 126.980"", ""  62.152""], ["" 128.775"", "" 128.018"", ""  62.581""], ["" 129.778"", "" 127.905"", ""  62.606""], ["" 128.744"", "" 125.724"", ""  61.923""], ["" 130.128"", "" 125.494"", ""  61.932""], ["" 127.846"", "" 124.233"", ""  61.656""], ["" 130.496"", "" 124.119"", ""  61.696""], ["" 129.327"", "" 123.313"", ""  61.532""], ["" 131.755"", "" 123.454"", ""  61.605""], ["" 129.313"", "" 122.000"", ""  61.308""], ["" 131.733"", "" 122.070"", ""  61.367""], ["" 130.522"", "" 121.398"", ""  61.230""], ["" 130.483"", "" 119.901"", ""  60.976""], ["" 131.052"", "" 126.486"", ""  62.138""], ["" 131.071"", "" 127.030"", ""  62.990""], ["" 131.744"", "" 126.713"", ""  61.438""], ["" 133.111"", "" 124.151"", ""  61.747""], ["" 134.145"", "" 123.316"", ""  61.621""], ["" 133.238"", "" 125.087"", ""  60.806""], ["" 133.202"", "" 124.721"", ""  62.948""], ["" 128.273"", "" 129.362"", ""  62.868""], ["" 126.962"", "" 129.369"", ""  63.646""], ["" 126.909"", "" 128.837"", ""  64.934""], ["" 125.791"", "" 129.841"", ""  63.049""], ["" 125.702"", "" 128.797"", ""  65.649""], ["" 124.571"", "" 129.821"", ""  63.742""], ["" 124.541"", "" 129.301"", ""  65.044""], ["" 125.578"", "" 128.287"", ""  66.928""], ["" 126.496"", "" 127.297"", ""  67.378""], ["" 123.377"", "" 130.284"", ""  63.218""], ["" 123.253"", "" 130.454"", ""  61.810""], ["" 123.349"", "" 129.258"", ""  65.728""], ["" 123.386"", "" 129.903"", ""  66.994""]]",[],4bh_Grossjean_2025
80,7991,4bi_Grossjean_2025,4h2i_c_3_mae_prepped,1,12,-6.34,-0.24384615384615385,0.0,0.0,1,196.05,-7.53,-7.27,-0.26,-7.53,0.0,-0.15,1.19,-0.15,48,5,0.0,0.0,0.0,11.773843,18.508528,19.70421,0.12203434,0.74196254,0.65924139,219.57814,"61.110073, 103.584984, 62.528416, 24.445864, ","[["" 128.579"", "" 133.233"", ""  73.703""], ["" 128.585"", "" 133.249"", ""  75.108""], ["" 127.353"", "" 132.798"", ""  75.707""], ["" 126.934"", "" 132.642"", ""  77.062""], ["" 125.628"", "" 132.171"", ""  77.280""], ["" 124.798"", "" 131.871"", ""  76.203""], ["" 123.387"", "" 131.357"", ""  76.422""], ["" 125.167"", "" 132.007"", ""  74.908""], ["" 126.404"", "" 132.456"", ""  74.696""], ["" 127.027"", "" 132.680"", ""  73.078""], ["" 129.645"", "" 133.634"", ""  72.780""], ["" 130.370"", "" 132.789"", ""  72.252""], ["" 129.747"", "" 134.967"", ""  72.552""], ["" 129.090"", "" 135.566"", ""  73.030""], ["" 130.651"", "" 135.616"", ""  71.721""], ["" 130.786"", "" 135.423"", ""  70.420""], ["" 131.551"", "" 136.578"", ""  72.178""], ["" 131.803"", "" 136.277"", ""  69.989""], ["" 132.255"", "" 136.969"", ""  71.062""], ["" 129.667"", "" 133.650"", ""  75.848""], ["" 130.145"", "" 133.021"", ""  76.479""], ["" 130.022"", "" 134.594"", ""  75.793""], ["" 127.813"", "" 132.950"", ""  78.279""], ["" 127.459"", "" 132.262"", ""  79.366""], ["" 129.081"", "" 132.643"", ""  78.009""], ["" 127.728"", "" 134.246"", ""  78.581""]]",[],4bi_Grossjean_2025
81,7850,4bj_Grossjean_2025,4h2i_c_3_mae_prepped,1,3,-5.78,-0.22230769230769232,0.0,0.0,1,189.84,-6.98,-7.0,0.02,-6.98,0.0,-0.18,1.19,-0.18,41,4,0.0,0.0,0.0,13.157131,16.734471,5.480655,-0.73731481,-0.4085532,0.53800666,222.627991,"327.105225, 80.849388, 185.020111, 245.559952, ","[["" 129.338"", "" 131.405"", ""  60.572""], ["" 130.504"", "" 131.042"", ""  59.879""], ["" 130.514"", "" 131.440"", ""  58.492""], ["" 131.473"", "" 131.291"", ""  57.447""], ["" 131.135"", "" 131.811"", ""  56.187""], ["" 129.907"", "" 132.438"", ""  55.989""], ["" 129.525"", "" 132.998"", ""  54.631""], ["" 128.978"", "" 132.596"", ""  56.960""], ["" 129.296"", "" 132.107"", ""  58.158""], ["" 128.199"", "" 132.236"", ""  59.514""], ["" 128.993"", "" 131.153"", ""  61.973""], ["" 129.478"", "" 131.839"", ""  62.876""], ["" 128.111"", "" 130.145"", ""  62.184""], ["" 127.768"", "" 129.652"", ""  61.373""], ["" 127.614"", "" 129.714"", ""  63.406""], ["" 128.235"", "" 129.683"", ""  64.565""], ["" 125.977"", "" 129.142"", ""  63.437""], ["" 127.456"", "" 129.217"", ""  65.521""], ["" 126.167"", "" 128.855"", ""  65.142""], ["" 131.549"", "" 130.374"", ""  60.466""], ["" 131.502"", "" 130.036"", ""  61.416""], ["" 132.409"", "" 130.202"", ""  59.964""], ["" 132.834"", "" 130.607"", ""  57.615""], ["" 132.733"", "" 129.301"", ""  57.873""], ["" 133.547"", "" 130.740"", ""  56.497""], ["" 133.496"", "" 131.165"", ""  58.629""]]",[],4bj_Grossjean_2025
82,8282,4bk_Grossjean_2025,4h2i_c_3_mae_prepped,1,1,-4.95,-0.15967741935483873,0.0,0.0,5,184.72,-8.53,-8.46,-0.07,-8.53,0.0,-3.63,3.58,-3.63,50,8,0.0,0.0,0.0,7.250555,12.917277,2.794098,0.934684,0.34494743,0.08589005,44.854256,"78.23661, 125.055687, 246.027023, 118.929489, 299.845978, 306.883423, 62.430763, 87.201538, 120.381912, 112.232475, 19.681755, 358.904419, ","[["" 124.579"", "" 123.660"", ""  57.985""], ["" 123.391"", "" 123.671"", ""  58.767""], ["" 123.762"", "" 123.620"", ""  60.259""], ["" 125.204"", "" 123.583"", ""  60.505""], ["" 125.136"", "" 122.888"", ""  62.657""], ["" 125.787"", "" 123.235"", ""  61.671""], ["" 125.795"", "" 123.857"", ""  59.734""], ["" 127.250"", "" 123.283"", ""  61.699""], ["" 128.089"", "" 124.407"", ""  61.658""], ["" 128.182"", "" 121.789"", ""  61.755""], ["" 129.496"", "" 124.093"", ""  61.681""], ["" 129.688"", "" 122.677"", ""  61.733""], ["" 130.672"", "" 124.901"", ""  61.659""], ["" 130.864"", "" 122.052"", ""  61.764""], ["" 131.908"", "" 124.236"", ""  61.690""], ["" 131.960"", "" 122.846"", ""  61.741""], ["" 133.289"", "" 122.112"", ""  61.774""], ["" 127.617"", "" 125.693"", ""  61.603""], ["" 127.603"", "" 126.223"", ""  60.742""], ["" 127.259"", "" 126.157"", ""  62.427""], ["" 130.665"", "" 126.432"", ""  61.607""], ["" 129.968"", "" 126.916"", ""  60.577""], ["" 130.121"", "" 126.919"", ""  62.722""], ["" 131.913"", "" 126.885"", ""  61.493""], ["" 124.593"", "" 122.660"", ""  56.975""], ["" 125.903"", "" 122.759"", ""  56.181""], ["" 126.945"", "" 122.122"", ""  56.909""], ["" 127.280"", "" 122.778"", ""  58.124""], ["" 127.717"", "" 124.217"", ""  57.824""], ["" 127.357"", "" 125.059"", ""  58.912""], ["" 126.408"", "" 126.056"", ""  58.564""]]",[],4bk_Grossjean_2025
83,8033,4ca_Grossjean_2025,4h2i_c_3_mae_prepped,1,8,-7.35,-0.19864864864864865,0.0,0.0,16,185.67,-9.73,-9.69,-0.04,-9.73,0.0,-1.3,2.39,-1.3,70,10,0.0,0.0,0.0,12.318575,10.77604,7.469363,-0.88933072,0.20989535,0.40624477,240.612457,"3.539533, 349.56543, 163.968979, 12.535327, 253.15239, 290.814514, 249.045166, 82.286118, ","[["" 126.426"", "" 127.996"", ""  62.365""], ["" 125.869"", "" 128.517"", ""  61.197""], ["" 124.937"", "" 129.549"", ""  61.258""], ["" 124.549"", "" 130.086"", ""  62.493""], ["" 125.117"", "" 129.565"", ""  63.665""], ["" 126.048"", "" 128.531"", ""  63.605""], ["" 127.365"", "" 126.961"", ""  62.187""], ["" 129.320"", "" 128.072"", ""  61.772""], ["" 128.687"", "" 127.023"", ""  61.891""], ["" 126.985"", "" 126.035"", ""  62.312""], ["" 129.353"", "" 125.728"", ""  61.734""], ["" 130.729"", "" 125.442"", ""  61.748""], ["" 128.404"", "" 124.274"", ""  61.437""], ["" 131.044"", "" 124.052"", ""  61.526""], ["" 129.850"", "" 123.297"", ""  61.337""], ["" 132.271"", "" 123.332"", ""  61.463""], ["" 129.788"", "" 121.988"", ""  61.104""], ["" 132.196"", "" 121.954"", ""  61.212""], ["" 130.965"", "" 121.314"", ""  61.029""], ["" 131.692"", "" 126.396"", ""  61.958""], ["" 132.678"", "" 126.178"", ""  61.914""], ["" 131.448"", "" 127.355"", ""  62.162""], ["" 133.654"", "" 123.969"", ""  61.649""], ["" 134.632"", "" 123.070"", ""  61.774""], ["" 133.945"", "" 124.732"", ""  60.597""], ["" 133.660"", "" 124.718"", ""  62.752""], ["" 130.862"", "" 119.841"", ""  60.755""], ["" 129.877"", "" 119.061"", ""  61.381""], ["" 131.752"", "" 119.201"", ""  59.875""], ["" 129.781"", "" 117.693"", ""  61.135""], ["" 131.659"", "" 117.834"", ""  59.626""], ["" 130.672"", "" 117.085"", ""  60.258""], ["" 123.545"", "" 131.202"", ""  62.524""], ["" 122.325"", "" 131.020"", ""  62.460""], ["" 124.113"", "" 132.432"", ""  62.627""], ["" 124.873"", "" 132.981"", ""  61.558""], ["" 124.096"", "" 134.138"", ""  60.922""]]",[],4ca_Grossjean_2025
84,2096,4cb_Grossjean_2025,4h2i_c_3_mae_prepped,1,15,-7.19,-0.19972222222222225,0.0,0.0,11,185.63,-9.28,-9.24,-0.05,-9.28,0.0,-1.17,2.09,-1.17,65,10,0.0,0.0,0.0,12.500648,10.571123,7.346872,0.89095699,-0.2102704,-0.40246988,120.485992,"7.837375, 226.476593, 344.884521, 10.62191, 252.391586, 290.828583, 86.584633, ","[["" 126.423"", "" 128.003"", ""  62.348""], ["" 125.891"", "" 128.549"", ""  61.180""], ["" 124.964"", "" 129.586"", ""  61.244""], ["" 124.557"", "" 130.102"", ""  62.481""], ["" 125.098"", "" 129.554"", ""  63.653""], ["" 126.024"", "" 128.516"", ""  63.591""], ["" 127.363"", "" 126.969"", ""  62.166""], ["" 129.317"", "" 128.083"", ""  61.753""], ["" 128.684"", "" 127.033"", ""  61.870""], ["" 126.982"", "" 126.042"", ""  62.286""], ["" 129.351"", "" 125.738"", ""  61.709""], ["" 130.728"", "" 125.457"", ""  61.693""], ["" 128.401"", "" 124.277"", ""  61.449""], ["" 131.043"", "" 124.065"", ""  61.480""], ["" 129.848"", "" 123.303"", ""  61.325""], ["" 132.272"", "" 123.349"", ""  61.399""], ["" 129.787"", "" 121.992"", ""  61.108""], ["" 132.196"", "" 121.968"", ""  61.166""], ["" 130.965"", "" 121.321"", ""  61.017""], ["" 131.692"", "" 126.417"", ""  61.866""], ["" 132.674"", "" 126.216"", ""  61.741""], ["" 131.452"", "" 127.364"", ""  62.123""], ["" 133.655"", "" 123.995"", ""  61.551""], ["" 133.731"", "" 124.830"", ""  62.590""], ["" 134.575"", "" 123.048"", ""  61.733""], ["" 133.951"", "" 124.693"", ""  60.455""], ["" 130.863"", "" 119.845"", ""  60.765""], ["" 131.743"", "" 119.206"", ""  59.877""], ["" 129.884"", "" 119.063"", ""  61.403""], ["" 131.652"", "" 117.837"", ""  59.636""], ["" 129.791"", "" 117.694"", ""  61.167""], ["" 130.677"", "" 117.086"", ""  60.283""], ["" 123.562"", "" 131.228"", ""  62.515""], ["" 122.340"", "" 131.051"", ""  62.499""], ["" 124.141"", "" 132.454"", ""  62.564""], ["" 124.072"", "" 133.340"", ""  61.455""]]",[],4cb_Grossjean_2025
85,1661,4cc_Grossjean_2025,4h2i_c_3_mae_prepped,1,9,-7.48,-0.22,0.0,0.0,19,185.51,-9.27,-9.05,-0.22,-9.27,0.0,-1.04,1.79,-1.04,63,10,0.0,0.0,0.0,12.840915,10.1978,7.113533,-0.22319437,0.2862829,-0.93178666,64.590042,"178.589569, 227.820816, 165.990189, 27.700232, 145.949142, 234.758743, ","[["" 129.213"", "" 128.082"", ""  61.724""], ["" 128.646"", "" 127.026"", ""  62.009""], ["" 127.396"", "" 126.954"", ""  62.526""], ["" 127.070"", "" 126.033"", ""  62.779""], ["" 129.316"", "" 125.739"", ""  61.799""], ["" 130.691"", "" 125.458"", ""  61.794""], ["" 128.368"", "" 124.282"", ""  61.503""], ["" 131.010"", "" 124.073"", ""  61.545""], ["" 129.816"", "" 123.314"", ""  61.368""], ["" 132.240"", "" 123.361"", ""  61.450""], ["" 129.757"", "" 122.006"", ""  61.125""], ["" 132.166"", "" 121.983"", ""  61.191""], ["" 130.936"", "" 121.339"", ""  61.027""], ["" 131.654"", "" 126.413"", ""  62.005""], ["" 131.419"", "" 127.383"", ""  62.158""], ["" 132.636"", "" 126.176"", ""  62.011""], ["" 133.622"", "" 124.003"", ""  61.612""], ["" 133.715"", "" 124.783"", ""  62.692""], ["" 134.550"", "" 123.054"", ""  61.725""], ["" 133.895"", "" 124.760"", ""  60.549""], ["" 130.838"", "" 119.866"", ""  60.755""], ["" 129.848"", "" 119.085"", ""  61.375""], ["" 131.734"", "" 119.225"", ""  59.882""], ["" 129.752"", "" 117.718"", ""  61.129""], ["" 131.641"", "" 117.858"", ""  59.633""], ["" 130.648"", "" 117.109"", ""  60.257""], ["" 126.486"", "" 127.991"", ""  62.802""], ["" 125.872"", "" 128.583"", ""  61.696""], ["" 126.202"", "" 128.472"", ""  64.089""], ["" 124.968"", "" 129.627"", ""  61.872""], ["" 125.298"", "" 129.517"", ""  64.259""], ["" 124.671"", "" 130.103"", ""  63.149""], ["" 123.765"", "" 131.142"", ""  63.224""], ["" 123.746"", "" 132.124"", ""  62.193""]]",[],4cc_Grossjean_2025
86,1627,4cd_Grossjean_2025,4h2i_c_3_mae_prepped,2,9,-7.24,-0.22625,0.0,0.0,19,185.15,-8.73,-8.74,0.01,-8.73,0.0,-1.03,1.49,-1.03,58,8,0.0,0.0,0.0,13.176265,9.844734,6.980401,-0.13594784,-0.10361412,0.98528285,295.849243,"97.036293, 21.012056, 4.315835, 223.126541, 115.44574, ","[["" 129.284"", "" 125.797"", ""  61.825""], ["" 130.661"", "" 125.529"", ""  61.769""], ["" 130.983"", "" 124.145"", ""  61.518""], ["" 132.215"", "" 123.442"", ""  61.390""], ["" 132.145"", "" 122.061"", ""  61.143""], ["" 130.916"", "" 121.405"", ""  61.031""], ["" 129.734"", "" 122.068"", ""  61.139""], ["" 129.790"", "" 123.376"", ""  61.377""], ["" 128.340"", "" 124.334"", ""  61.553""], ["" 128.612"", "" 127.075"", ""  62.079""], ["" 129.204"", "" 128.141"", ""  61.908""], ["" 127.325"", "" 126.982"", ""  62.495""], ["" 126.937"", "" 126.051"", ""  62.534""], ["" 126.428"", "" 127.999"", ""  62.869""], ["" 126.291"", "" 128.220"", ""  64.243""], ["" 125.713"", "" 128.800"", ""  61.962""], ["" 125.437"", "" 129.214"", ""  64.712""], ["" 124.860"", "" 129.794"", ""  62.436""], ["" 124.723"", "" 129.995"", ""  63.807""], ["" 131.622"", "" 126.493"", ""  61.940""], ["" 132.606"", "" 126.291"", ""  61.830""], ["" 131.377"", "" 127.444"", ""  62.178""], ["" 133.596"", "" 124.098"", ""  61.506""], ["" 133.679"", "" 124.972"", ""  62.512""], ["" 134.523"", "" 123.163"", ""  61.711""], ["" 133.877"", "" 124.757"", ""  60.381""], ["" 130.821"", "" 119.931"", ""  60.765""], ["" 129.829"", "" 119.152"", ""  61.382""], ["" 131.713"", "" 119.289"", ""  59.888""], ["" 129.734"", "" 117.784"", ""  61.140""], ["" 131.624"", "" 117.922"", ""  59.645""], ["" 130.634"", "" 117.174"", ""  60.272""]]",[],4cd_Grossjean_2025
87,8043,4ce_Grossjean_2025,4h2i_c_3_mae_prepped,1,14,-7.43,-0.22515151515151513,0.0,0.0,14,185.59,-8.92,-8.9,-0.02,-8.92,0.0,-0.98,1.49,-0.98,59,10,0.0,0.0,0.0,12.981108,10.276481,7.140104,0.07017194,0.15751109,-0.98502089,63.394337,"217.835068, 16.358929, 3.742417, 226.162766, 176.497482, ","[["" 129.183"", "" 125.994"", ""  62.006""], ["" 130.556"", "" 125.758"", ""  61.819""], ["" 130.888"", "" 124.374"", ""  61.582""], ["" 132.119"", "" 123.697"", ""  61.345""], ["" 132.060"", "" 122.309"", ""  61.143""], ["" 130.843"", "" 121.621"", ""  61.174""], ["" 129.665"", "" 122.254"", ""  61.414""], ["" 129.709"", "" 123.571"", ""  61.601""], ["" 128.259"", "" 124.498"", ""  61.900""], ["" 128.499"", "" 127.269"", ""  62.233""], ["" 129.041"", "" 128.337"", ""  61.944""], ["" 127.258"", "" 127.176"", ""  62.773""], ["" 126.943"", "" 126.250"", ""  63.021""], ["" 126.355"", "" 128.208"", ""  63.087""], ["" 125.777"", "" 128.310"", ""  64.320""], ["" 126.109"", "" 129.148"", ""  62.079""], ["" 124.936"", "" 129.349"", ""  64.558""], ["" 125.240"", "" 130.209"", ""  62.340""], ["" 124.642"", "" 130.318"", ""  63.596""], ["" 124.332"", "" 129.403"", ""  65.949""], ["" 131.500"", "" 126.751"", ""  61.855""], ["" 132.476"", "" 126.569"", ""  61.667""], ["" 131.250"", "" 127.706"", ""  62.074""], ["" 133.485"", "" 124.388"", ""  61.296""], ["" 133.676"", "" 125.245"", ""  62.302""], ["" 134.455"", "" 123.475"", ""  61.361""], ["" 133.604"", "" 125.074"", ""  60.160""], ["" 130.758"", "" 120.138"", ""  60.962""], ["" 129.756"", "" 119.381"", ""  61.592""], ["" 131.677"", "" 119.466"", ""  60.139""], ["" 129.675"", "" 118.003"", ""  61.405""], ["" 131.598"", "" 118.089"", ""  59.948""], ["" 130.596"", "" 117.363"", ""  60.583""]]",[],4ce_Grossjean_2025
88,7994,4cf_Grossjean_2025,4h2i_c_3_mae_prepped,1,3,-7.35,-0.2296875,0.0,0.0,10,187.7,-8.84,-8.49,-0.35,-8.84,0.0,-0.63,1.49,-0.63,41,10,0.0,0.0,0.0,11.701828,14.684894,6.84686,-0.26779164,-0.34133982,-0.90098544,232.716156,"77.928352, 66.846886, 101.639328, 129.220779, 90.031425, ","[["" 128.940"", "" 128.006"", ""  61.394""], ["" 127.896"", "" 128.287"", ""  62.291""], ["" 127.398"", "" 129.639"", ""  62.210""], ["" 126.377"", "" 130.341"", ""  62.913""], ["" 126.168"", "" 131.686"", ""  62.568""], ["" 126.932"", "" 132.309"", ""  61.578""], ["" 127.897"", "" 131.645"", ""  60.889""], ["" 128.105"", "" 130.370"", ""  61.212""], ["" 129.332"", "" 129.415"", ""  60.412""], ["" 129.696"", "" 126.761"", ""  61.234""], ["" 129.135"", "" 125.730"", ""  60.858""], ["" 131.019"", "" 126.845"", ""  61.514""], ["" 131.363"", "" 127.761"", ""  61.760""], ["" 132.004"", "" 125.838"", ""  61.510""], ["" 132.542"", "" 125.475"", ""  62.749""], ["" 132.470"", "" 125.157"", ""  60.369""], ["" 133.491"", "" 124.514"", ""  62.899""], ["" 133.444"", "" 124.165"", ""  60.508""], ["" 133.928"", "" 123.877"", ""  61.784""], ["" 127.391"", "" 127.364"", ""  63.170""], ["" 126.746"", "" 126.644"", ""  62.876""], ["" 127.649"", "" 127.372"", ""  64.147""], ["" 125.506"", "" 129.721"", ""  64.012""], ["" 124.948"", "" 128.564"", ""  63.649""], ["" 126.248"", "" 129.483"", ""  65.094""], ["" 124.518"", "" 130.557"", ""  64.331""], ["" 126.724"", "" 133.746"", ""  61.198""], ["" 127.740"", "" 134.695"", ""  61.395""], ["" 125.514"", "" 134.182"", ""  60.629""], ["" 127.556"", "" 136.030"", ""  61.044""], ["" 125.325"", "" 135.516"", ""  60.277""], ["" 126.347"", "" 136.435"", ""  60.486""]]",[],4cf_Grossjean_2025
89,8285,4cg_Grossjean_2025,4h2i_c_3_mae_prepped,1,6,-7.74,-0.23454545454545456,0.0,0.0,14,185.6,-9.53,-9.38,-0.15,-9.53,0.0,-0.63,1.79,-0.63,57,9,0.0,0.0,0.0,12.738434,10.143346,6.985286,-0.28506603,-0.05675184,0.95682631,296.941467,"165.465714, 334.440796, 163.435059, 106.464897, 249.337631, 343.797455, ","[["" 128.727"", "" 125.779"", ""  62.292""], ["" 130.115"", "" 125.600"", ""  62.372""], ["" 130.553"", "" 124.260"", ""  62.066""], ["" 131.835"", "" 123.637"", ""  62.042""], ["" 131.884"", "" 122.283"", ""  61.678""], ["" 130.723"", "" 121.574"", ""  61.350""], ["" 129.495"", "" 122.155"", ""  61.384""], ["" 129.438"", "" 123.439"", ""  61.726""], ["" 127.915"", "" 124.295"", ""  61.800""], ["" 127.952"", "" 127.002"", ""  62.497""], ["" 126.752"", "" 127.056"", ""  62.220""], ["" 128.637"", "" 128.066"", ""  62.966""], ["" 129.599"", "" 127.928"", ""  63.240""], ["" 128.065"", "" 129.377"", ""  63.266""], ["" 126.829"", "" 129.311"", ""  64.155""], ["" 125.582"", "" 129.677"", ""  63.640""], ["" 126.932"", "" 128.828"", ""  65.463""], ["" 124.446"", "" 129.587"", ""  64.440""], ["" 125.796"", "" 128.741"", ""  66.262""], ["" 124.558"", "" 129.123"", ""  65.748""], ["" 130.983"", "" 126.604"", ""  62.719""], ["" 131.211"", "" 127.357"", ""  62.085""], ["" 131.419"", "" 126.629"", ""  63.630""], ["" 133.145"", "" 124.353"", ""  62.390""], ["" 133.238"", "" 124.675"", ""  63.682""], ["" 134.180"", "" 123.565"", ""  62.099""], ["" 133.241"", "" 125.482"", ""  61.690""], ["" 130.754"", "" 120.123"", ""  60.961""], ["" 131.764"", "" 119.623"", ""  60.123""], ["" 129.773"", "" 119.226"", ""  61.418""], ["" 131.797"", "" 118.280"", ""  59.759""], ["" 129.802"", "" 117.882"", ""  61.057""], ["" 130.815"", "" 117.413"", ""  60.228""]]",[],4cg_Grossjean_2025
90,1629,4ch_Grossjean_2025,4h2i_c_3_mae_prepped,1,6,-8.41,-0.21564102564102564,0.0,0.0,8,186.3,-11.1,-10.44,-0.66,-11.1,0.0,-0.98,2.68,-0.98,76,14,0.0,0.0,0.0,12.231567,10.596986,8.339297,-0.55289596,-0.14114881,-0.8212083,173.016434,"235.066925, 358.442902, 163.874802, 171.143692, 28.934565, 351.603516, 327.248352, 171.079819, 328.458313, ","[["" 126.819"", "" 126.873"", ""  62.145""], ["" 128.048"", "" 126.842"", ""  62.240""], ["" 128.782"", "" 127.940"", ""  62.521""], ["" 129.779"", "" 127.830"", ""  62.637""], ["" 128.801"", "" 125.608"", ""  62.016""], ["" 130.192"", "" 125.419"", ""  62.007""], ["" 127.950"", "" 124.110"", ""  61.649""], ["" 130.599"", "" 124.063"", ""  61.732""], ["" 129.457"", "" 123.237"", ""  61.513""], ["" 131.872"", "" 123.429"", ""  61.647""], ["" 129.483"", "" 121.937"", ""  61.232""], ["" 131.887"", "" 122.057"", ""  61.349""], ["" 130.703"", "" 121.344"", ""  61.141""], ["" 131.087"", "" 126.430"", ""  62.248""], ["" 131.047"", "" 126.991"", ""  63.088""], ["" 131.823"", "" 126.647"", ""  61.591""], ["" 133.207"", "" 124.149"", ""  61.864""], ["" 134.262"", "" 123.335"", ""  61.778""], ["" 133.362"", "" 125.100"", ""  60.943""], ["" 133.230"", "" 124.703"", ""  63.076""], ["" 130.697"", "" 119.875"", ""  60.829""], ["" 129.761"", "" 119.016"", ""  61.428""], ["" 131.629"", "" 119.316"", ""  59.938""], ["" 129.752"", "" 117.652"", ""  61.144""], ["" 131.622"", "" 117.954"", ""  59.649""], ["" 130.681"", "" 117.127"", ""  60.254""], ["" 128.247"", "" 129.277"", ""  62.779""], ["" 126.949"", "" 129.289"", ""  63.578""], ["" 125.794"", "" 129.846"", ""  63.027""], ["" 126.896"", "" 128.706"", ""  64.844""], ["" 124.583"", "" 129.842"", ""  63.739""], ["" 125.698"", "" 128.687"", ""  65.578""], ["" 124.550"", "" 129.265"", ""  65.016""], ["" 123.402"", "" 130.377"", ""  63.256""], ["" 123.177"", "" 130.418"", ""  61.851""], ["" 125.574"", "" 128.129"", ""  66.837""], ["" 126.660"", "" 127.388"", ""  67.384""], ["" 123.369"", "" 129.239"", ""  65.716""], ["" 123.442"", "" 129.851"", ""  66.997""]]",[],4ch_Grossjean_2025
91,2127,4ci_Grossjean_2025,4h2i_c_3_mae_prepped,1,14,-7.39,-0.23838709677419354,0.0,0.0,8,185.58,-8.88,-8.52,-0.36,-8.88,0.0,-0.53,1.49,-0.53,43,10,0.0,0.0,0.0,12.372582,10.15233,7.006623,0.25303673,-0.07239743,-0.96474402,57.675144,"187.745087, 82.727264, 318.728241, 242.373718, 157.189453, ","[["" 128.071"", "" 126.162"", ""  61.710""], ["" 129.459"", "" 126.076"", ""  61.910""], ["" 129.992"", "" 124.742"", ""  61.766""], ["" 131.305"", "" 124.204"", ""  61.890""], ["" 131.457"", "" 122.825"", ""  61.671""], ["" 130.365"", "" 122.016"", ""  61.338""], ["" 129.108"", "" 122.518"", ""  61.230""], ["" 128.953"", "" 123.824"", ""  61.437""], ["" 127.384"", "" 124.587"", ""  61.321""], ["" 127.212"", "" 127.348"", ""  61.770""], ["" 127.077"", "" 128.077"", ""  60.784""], ["" 126.611"", "" 127.574"", ""  62.965""], ["" 126.801"", "" 126.916"", ""  63.706""], ["" 125.757"", "" 128.617"", ""  63.298""], ["" 125.313"", "" 128.899"", ""  64.512""], ["" 125.251"", "" 129.518"", ""  62.362""], ["" 124.488"", "" 130.018"", ""  64.390""], ["" 124.461"", "" 130.381"", ""  63.084""], ["" 130.242"", "" 127.157"", ""  62.218""], ["" 130.983"", "" 127.104"", ""  62.903""], ["" 130.108"", "" 128.050"", ""  61.761""], ["" 132.545"", "" 125.031"", ""  62.250""], ["" 132.464"", "" 125.599"", ""  63.455""], ["" 133.622"", "" 124.246"", ""  62.251""], ["" 132.711"", "" 126.007"", ""  61.357""], ["" 130.508"", "" 120.539"", ""  61.105""], ["" 129.633"", "" 119.626"", ""  61.716""], ["" 131.521"", "" 120.027"", ""  60.276""], ["" 129.759"", "" 118.255"", ""  61.503""], ["" 131.650"", "" 118.658"", ""  60.059""], ["" 130.767"", "" 117.777"", ""  60.673""]]",[],4ci_Grossjean_2025
92,7979,4cj_Grossjean_2025,4h2i_c_3_mae_prepped,1,4,-7.0,-0.22580645161290322,0.0,0.0,1,186.74,-8.5,-8.37,-0.12,-8.5,0.0,-0.72,1.49,-0.72,68,8,0.0,0.0,0.0,9.522207,16.21846,5.13098,0.79882431,-0.30816742,-0.51663581,248.27948,"341.252045, 323.127777, 170.319748, 122.250473, 49.093021, ","[["" 125.296"", "" 130.584"", ""  61.157""], ["" 124.809"", "" 130.414"", ""  59.850""], ["" 125.771"", "" 130.717"", ""  58.819""], ["" 125.710"", "" 130.694"", ""  57.396""], ["" 126.875"", "" 131.049"", ""  56.697""], ["" 128.047"", "" 131.404"", ""  57.371""], ["" 128.110"", "" 131.446"", ""  58.727""], ["" 127.012"", "" 131.110"", ""  59.399""], ["" 126.975"", "" 131.117"", ""  61.146""], ["" 124.601"", "" 130.361"", ""  62.427""], ["" 123.395"", "" 130.598"", ""  62.537""], ["" 125.374"", "" 129.896"", ""  63.440""], ["" 126.354"", "" 129.752"", ""  63.247""], ["" 124.964"", "" 129.603"", ""  64.734""], ["" 123.851"", "" 129.971"", ""  65.330""], ["" 126.028"", "" 128.633"", ""  65.701""], ["" 123.787"", "" 129.510"", ""  66.564""], ["" 124.870"", "" 128.748"", ""  66.993""], ["" 123.532"", "" 129.995"", ""  59.573""], ["" 122.913"", "" 129.652"", ""  60.294""], ["" 123.164"", "" 130.022"", ""  58.632""], ["" 124.460"", "" 130.312"", ""  56.594""], ["" 124.018"", "" 129.083"", ""  56.867""], ["" 123.471"", "" 131.162"", ""  56.870""], ["" 124.729"", "" 130.359"", ""  55.289""], ["" 129.308"", "" 131.776"", ""  56.644""], ["" 129.260"", "" 132.262"", ""  55.327""], ["" 130.567"", "" 131.642"", ""  57.252""], ["" 130.425"", "" 132.604"", ""  54.645""], ["" 131.734"", "" 131.981"", ""  56.574""], ["" 131.659"", "" 132.461"", ""  55.272""]]",[],4cj_Grossjean_2025
93,7915,4ck_Grossjean_2025,4h2i_c_3_mae_prepped,1,11,-6.23,-0.17305555555555557,0.0,0.0,5,183.84,-10.11,-10.02,-0.09,-10.11,0.0,-3.5,3.88,-3.5,48,8,0.0,0.0,0.0,14.459587,13.288247,-0.59568,0.06568432,-0.55451491,0.82957747,194.604965,"343.303528, 245.146866, 203.759842, 7.542928, 80.581764, 61.331192, 265.187683, 116.555, 309.218384, 44.222347, 63.769379, 197.419098, 29.621414, ","[["" 130.570"", "" 132.617"", ""  55.371""], ["" 131.933"", "" 133.018"", ""  55.432""], ["" 132.742"", "" 131.973"", ""  56.215""], ["" 131.914"", "" 130.847"", ""  56.647""], ["" 132.783"", "" 130.562"", ""  58.721""], ["" 131.995"", "" 130.218"", ""  57.838""], ["" 131.184"", "" 130.565"", ""  56.010""], ["" 131.075"", "" 129.097"", ""  58.033""], ["" 130.743"", "" 128.434"", ""  59.225""], ["" 130.274"", "" 128.360"", ""  56.647""], ["" 129.827"", "" 127.333"", ""  59.050""], ["" 129.490"", "" 127.181"", ""  57.672""], ["" 129.232"", "" 126.411"", ""  59.958""], ["" 128.676"", "" 126.256"", ""  57.171""], ["" 128.376"", "" 125.438"", ""  59.418""], ["" 128.112"", "" 125.383"", ""  58.046""], ["" 131.240"", "" 128.801"", ""  60.449""], ["" 130.815"", "" 128.495"", ""  61.313""], ["" 132.058"", "" 129.390"", ""  60.529""], ["" 129.474"", "" 126.416"", ""  61.473""], ["" 129.017"", "" 127.517"", ""  62.072""], ["" 128.860"", "" 125.374"", ""  62.031""], ["" 130.782"", "" 126.341"", ""  61.720""], ["" 127.213"", "" 124.340"", ""  57.446""], ["" 127.626"", "" 123.588"", ""  56.335""], ["" 125.938"", "" 124.084"", ""  57.980""], ["" 126.796"", "" 122.620"", ""  55.772""], ["" 125.105"", "" 123.119"", ""  57.420""], ["" 125.537"", "" 122.391"", ""  56.316""], ["" 129.817"", "" 132.960"", ""  56.526""], ["" 128.727"", "" 131.901"", ""  56.737""], ["" 129.033"", "" 130.755"", ""  55.954""], ["" 128.073"", "" 130.486"", ""  54.943""], ["" 127.779"", "" 128.981"", ""  54.918""], ["" 126.373"", "" 128.782"", ""  54.970""], ["" 125.782"", "" 129.244"", ""  56.175""]]",[],4ck_Grossjean_2025
94,8444,4dd_Grossjean_2025,4h2i_c_3_mae_prepped,2,3,-7.48,-0.2579310344827586,0.0,0.0,18,185.13,-8.68,-8.6,-0.07,-8.68,0.0,-1.06,1.19,-1.06,45,8,0.0,0.0,0.0,12.663418,10.04833,7.12949,0.07709235,0.14404459,-0.9865637,63.378922,"272.422455, 18.2325, 7.050085, 301.38913, ","[["" 129.188"", "" 125.988"", ""  61.933""], ["" 130.562"", "" 125.736"", ""  61.795""], ["" 130.882"", "" 124.353"", ""  61.565""], ["" 132.114"", "" 123.674"", ""  61.380""], ["" 133.473"", "" 124.359"", ""  61.384""], ["" 132.073"", "" 122.288"", ""  61.182""], ["" 130.855"", "" 121.599"", ""  61.168""], ["" 129.665"", "" 122.240"", ""  61.332""], ["" 129.703"", "" 123.557"", ""  61.527""], ["" 128.250"", "" 124.501"", ""  61.770""], ["" 128.516"", "" 127.263"", ""  62.190""], ["" 129.100"", "" 128.331"", ""  61.995""], ["" 127.240"", "" 127.168"", ""  62.636""], ["" 126.858"", "" 126.235"", ""  62.692""], ["" 126.347"", "" 128.184"", ""  63.023""], ["" 125.747"", "" 128.899"", ""  61.982""], ["" 126.011"", "" 128.483"", ""  64.354""], ["" 124.837"", "" 129.915"", ""  62.261""], ["" 125.100"", "" 129.500"", ""  64.630""], ["" 124.520"", "" 130.212"", ""  63.584""], ["" 131.528"", "" 126.709"", ""  61.872""], ["" 132.497"", "" 126.516"", ""  61.665""], ["" 131.297"", "" 127.657"", ""  62.135""], ["" 130.781"", "" 120.116"", ""  60.953""], ["" 131.711"", "" 119.461"", ""  60.129""], ["" 129.785"", "" 119.340"", ""  61.571""], ["" 131.650"", "" 118.085"", ""  59.927""], ["" 129.719"", "" 117.963"", ""  61.370""], ["" 130.652"", "" 117.341"", ""  60.548""]]",[],4dd_Grossjean_2025
95,7904,4dg_Grossjean_2025,4h2i_c_3_mae_prepped,1,19,-8.17,-0.2723333333333333,0.0,0.0,9,184.91,-9.66,-9.42,-0.24,-9.66,0.0,-0.61,1.49,-0.61,50,5,0.0,0.0,0.0,9.484203,13.627617,5.050508,-0.55017038,-0.45898502,-0.69759967,226.173233,"11.945938, 228.924805, 217.266342, 141.521698, 107.532913, ","[["" 126.745"", "" 127.151"", ""  59.789""], ["" 126.495"", "" 127.542"", ""  61.114""], ["" 126.309"", "" 128.959"", ""  61.275""], ["" 126.058"", "" 129.768"", ""  62.413""], ["" 125.937"", "" 129.230"", ""  63.831""], ["" 125.917"", "" 131.147"", ""  62.216""], ["" 126.017"", "" 131.706"", ""  60.936""], ["" 126.271"", "" 130.943"", ""  59.838""], ["" 126.405"", "" 129.630"", ""  60.024""], ["" 126.726"", "" 128.536"", ""  58.699""], ["" 126.942"", "" 125.803"", ""  59.261""], ["" 127.831"", "" 125.557"", ""  58.443""], ["" 126.072"", "" 124.867"", ""  59.695""], ["" 125.421"", "" 125.123"", ""  60.423""], ["" 126.091"", "" 123.454"", ""  59.319""], ["" 126.074"", "" 123.227"", ""  57.812""], ["" 127.278"", "" 123.055"", ""  57.122""], ["" 124.857"", "" 123.131"", ""  57.131""], ["" 127.264"", "" 122.817"", ""  55.750""], ["" 124.844"", "" 122.895"", ""  55.759""], ["" 126.048"", "" 122.741"", ""  55.075""], ["" 126.438"", "" 126.668"", ""  62.169""], ["" 126.014"", "" 125.756"", ""  62.086""], ["" 126.829"", "" 126.909"", ""  63.070""], ["" 125.871"", "" 133.182"", ""  60.694""], ["" 126.964"", "" 134.049"", ""  60.855""], ["" 124.639"", "" 133.739"", ""  60.309""], ["" 126.834"", "" 135.419"", ""  60.636""], ["" 124.504"", "" 135.107"", ""  60.088""], ["" 125.605"", "" 135.943"", ""  60.251""]]",[],4dg_Grossjean_2025
96,7901,4dj_Grossjean_2025,4h2i_c_3_mae_prepped,2,11,-6.96,-0.24857142857142858,0.0,0.0,16,185.56,-8.16,-8.12,-0.04,-8.16,0.0,-0.92,1.19,-0.92,42,9,0.0,0.0,0.0,12.765272,9.86452,7.103182,0.13811148,0.08873595,-0.98643355,64.034271,"78.046402, 16.744936, 178.554733, 167.024612, ","[["" 129.091"", "" 125.972"", ""  61.966""], ["" 130.471"", "" 125.723"", ""  61.897""], ["" 130.806"", "" 124.344"", ""  61.666""], ["" 132.046"", "" 123.668"", ""  61.537""], ["" 133.402"", "" 124.351"", ""  61.633""], ["" 132.018"", "" 122.287"", ""  61.311""], ["" 130.803"", "" 121.599"", ""  61.210""], ["" 129.606"", "" 122.232"", ""  61.343""], ["" 129.631"", "" 123.547"", ""  61.557""], ["" 128.166"", "" 124.486"", ""  61.738""], ["" 128.404"", "" 127.246"", ""  62.178""], ["" 128.989"", "" 128.316"", ""  61.995""], ["" 127.115"", "" 127.153"", ""  62.589""], ["" 126.736"", "" 126.225"", ""  62.718""], ["" 126.248"", "" 128.201"", ""  62.863""], ["" 125.570"", "" 128.933"", ""  62.005""], ["" 126.008"", "" 128.617"", ""  64.529""], ["" 124.840"", "" 129.845"", ""  62.617""], ["" 124.917"", "" 129.865"", ""  64.006""], ["" 131.429"", "" 126.696"", ""  62.035""], ["" 131.189"", "" 127.666"", ""  62.175""], ["" 132.414"", "" 126.471"", ""  62.001""], ["" 130.742"", "" 120.116"", ""  60.974""], ["" 129.759"", "" 119.328"", ""  61.594""], ["" 131.668"", "" 119.473"", ""  60.133""], ["" 129.696"", "" 117.953"", ""  61.380""], ["" 131.610"", "" 118.099"", ""  59.916""], ["" 130.624"", "" 117.344"", ""  60.541""]]",[],4dj_Grossjean_2025
97,7865,4ea_Grossjean_2025,4h2i_c_3_mae_prepped,1,16,-7.9,-0.2323529411764706,0.0,0.0,20,184.54,-9.99,-10.1,0.12,-9.99,0.0,-1.41,2.09,-1.41,61,6,0.0,0.0,0.0,11.461245,13.552729,5.871022,-5.391e-05,-0.01211883,0.99992656,262.772156,"168.341949, 196.289566, 24.294155, 222.026901, 83.703621, 352.366333, 336.507233, ","[["" 126.729"", "" 130.969"", ""  60.551""], ["" 125.408"", "" 131.419"", ""  60.572""], ["" 125.126"", "" 132.782"", ""  60.595""], ["" 126.163"", "" 133.724"", ""  60.595""], ["" 127.490"", "" 133.269"", ""  60.573""], ["" 127.774"", "" 131.906"", ""  60.551""], ["" 126.893"", "" 129.571"", ""  60.529""], ["" 125.302"", "" 128.849"", ""  59.052""], ["" 126.225"", "" 128.618"", ""  59.833""], ["" 127.629"", "" 129.236"", ""  61.134""], ["" 126.676"", "" 127.243"", ""  60.065""], ["" 126.551"", "" 126.129"", ""  59.221""], ["" 127.497"", "" 126.815"", ""  61.569""], ["" 127.110"", "" 124.918"", ""  59.765""], ["" 127.666"", "" 125.151"", ""  61.059""], ["" 127.201"", "" 123.590"", ""  59.264""], ["" 128.259"", "" 124.235"", ""  61.827""], ["" 127.821"", "" 122.626"", ""  60.067""], ["" 128.326"", "" 122.982"", ""  61.315""], ["" 129.003"", "" 121.956"", ""  62.205""], ["" 125.955"", "" 126.169"", ""  57.987""], ["" 125.415"", "" 126.967"", ""  57.681""], ["" 126.035"", "" 125.398"", ""  57.338""], ["" 126.669"", "" 123.197"", ""  57.940""], ["" 127.543"", "" 122.948"", ""  56.877""], ["" 125.289"", "" 123.078"", ""  57.743""], ["" 127.043"", "" 122.576"", ""  55.631""], ["" 124.788"", "" 122.706"", ""  56.499""], ["" 125.668"", "" 122.456"", ""  55.448""], ["" 125.823"", "" 135.186"", ""  60.619""], ["" 124.743"", "" 135.639"", ""  60.227""], ["" 126.822"", "" 135.961"", ""  61.115""], ["" 126.746"", "" 137.379"", ""  61.067""], ["" 127.504"", "" 137.888"", ""  59.837""]]",[],4ea_Grossjean_2025
98,1620,4eb_Grossjean_2025,4h2i_c_3_mae_prepped,1,19,-7.56,-0.22909090909090907,0.0,0.0,20,184.28,-9.35,-9.47,0.12,-9.35,0.0,-1.29,1.79,-1.29,55,6,0.0,0.0,0.0,11.420932,13.275637,5.935544,0.02572909,-0.00713398,-0.9996435,97.553345,"348.200714, 197.144363, 24.636318, 219.362213, 319.741455, 339.60376, ","[["" 126.694"", "" 130.993"", ""  60.566""], ["" 125.374"", "" 131.446"", ""  60.526""], ["" 125.095"", "" 132.810"", ""  60.539""], ["" 126.134"", "" 133.749"", ""  60.593""], ["" 127.459"", "" 133.290"", ""  60.633""], ["" 127.740"", "" 131.926"", ""  60.620""], ["" 126.856"", "" 129.594"", ""  60.547""], ["" 125.266"", "" 128.873"", ""  59.068""], ["" 126.188"", "" 128.642"", ""  59.851""], ["" 127.589"", "" 129.259"", ""  61.153""], ["" 126.635"", "" 127.267"", ""  60.085""], ["" 126.516"", "" 126.152"", ""  59.240""], ["" 127.444"", "" 126.837"", ""  61.594""], ["" 127.068"", "" 124.940"", ""  59.787""], ["" 127.615"", "" 125.172"", ""  61.084""], ["" 127.161"", "" 123.613"", ""  59.286""], ["" 128.200"", "" 124.255"", ""  61.856""], ["" 127.774"", "" 122.648"", ""  60.093""], ["" 128.270"", "" 123.003"", ""  61.345""], ["" 128.940"", "" 121.975"", ""  62.240""], ["" 125.928"", "" 126.195"", ""  58.001""], ["" 126.011"", "" 125.429"", ""  57.348""], ["" 125.391"", "" 126.997"", ""  57.700""], ["" 126.639"", "" 123.221"", ""  57.957""], ["" 127.521"", "" 122.954"", ""  56.906""], ["" 125.260"", "" 123.121"", ""  57.746""], ["" 127.031"", "" 122.583"", ""  55.656""], ["" 124.768"", "" 122.750"", ""  56.497""], ["" 125.656"", "" 122.483"", ""  55.457""], ["" 125.797"", "" 135.213"", ""  60.607""], ["" 124.717"", "" 135.664"", ""  60.216""], ["" 126.801"", "" 135.989"", ""  61.092""], ["" 127.113"", "" 137.238"", ""  60.493""]]",[],4eb_Grossjean_2025
99,8438,8a_Ghoteimi_2023,4h2i_c_3_mae_prepped,1,3,-7.32,-0.1702325581395349,0.0,0.0,11,186.33,-10.3,-10.1,-0.2,-10.3,0.0,-1.17,2.98,-1.17,76,9,0.0,0.0,0.0,12.08416,13.678176,6.986131,0.33004076,-0.25317852,0.90938096,270.230927,"138.334976, 310.894104, 43.434563, 231.56163, 319.291656, 207.420151, 179.678314, 347.828064, 332.530975, 26.068521, ","[["" 130.554"", "" 124.191"", ""  60.872""], ["" 131.731"", "" 124.033"", ""  60.138""], ["" 132.279"", "" 122.769"", ""  59.943""], ["" 131.658"", "" 121.633"", ""  60.477""], ["" 130.472"", "" 121.793"", ""  61.210""], ["" 129.922"", "" 123.058"", ""  61.407""], ["" 130.096"", "" 125.516"", ""  61.009""], ["" 130.595"", "" 126.672"", ""  60.506""], ["" 131.603"", "" 126.745"", ""  59.803""], ["" 129.257"", "" 125.605"", ""  61.562""], ["" 129.840"", "" 127.880"", ""  60.852""], ["" 127.574"", "" 130.080"", ""  62.935""], ["" 128.436"", "" 129.427"", ""  62.009""], ["" 127.202"", "" 131.400"", ""  62.661""], ["" 128.816"", "" 130.179"", ""  60.858""], ["" 129.051"", "" 128.123"", ""  61.988""], ["" 127.641"", "" 132.043"", ""  61.501""], ["" 129.856"", "" 129.279"", ""  59.778""], ["" 128.447"", "" 131.432"", ""  60.592""], ["" 127.053"", "" 129.433"", ""  64.167""], ["" 126.073"", "" 128.254"", ""  66.519""], ["" 127.435"", "" 128.521"", ""  66.375""], ["" 125.197"", "" 128.587"", ""  65.474""], ["" 127.922"", "" 129.108"", ""  65.211""], ["" 125.687"", "" 129.176"", ""  64.311""], ["" 125.681"", "" 127.671"", ""  67.709""], ["" 126.475"", "" 126.630"", ""  68.266""], ["" 128.887"", "" 127.214"", ""  63.003""], ["" 129.666"", "" 126.680"", ""  63.362""], ["" 127.987"", "" 127.051"", ""  63.430""], ["" 127.256"", "" 133.454"", ""  61.193""], ["" 128.163"", "" 134.508"", ""  61.377""], ["" 125.974"", "" 133.755"", ""  60.718""], ["" 127.795"", "" 135.821"", ""  61.099""], ["" 125.604"", "" 135.068"", ""  60.437""], ["" 126.516"", "" 136.115"", ""  60.630""], ["" 126.239"", "" 137.447"", ""  60.384""], ["" 127.125"", "" 138.198"", ""  59.561""], ["" 132.276"", "" 120.284"", ""  60.248""], ["" 133.479"", "" 120.118"", ""  60.024""], ["" 131.380"", "" 119.264"", ""  60.317""], ["" 131.591"", "" 118.053"", ""  59.603""], ["" 130.610"", "" 116.989"", ""  60.103""]]",[],8a_Ghoteimi_2023
100,1453,8b_Ghoteimi_2023,4h2i_c_3_mae_prepped,1,5,-8.2,-0.2216216216216216,0.0,0.0,15,185.17,-10.29,-9.87,-0.42,-10.29,0.0,-1.21,2.09,-1.21,64,10,0.0,0.0,0.0,9.956913,14.386725,6.551989,0.60696254,0.67438719,-0.42047401,133.444641,"336.242981, 1.421238, 186.205658, 196.364685, 222.996017, 332.315277, 305.046692, ","[["" 126.540"", "" 129.722"", ""  62.502""], ["" 126.557"", "" 128.890"", ""  61.351""], ["" 126.449"", "" 129.548"", ""  60.092""], ["" 126.480"", "" 128.431"", ""  58.748""], ["" 126.636"", "" 127.052"", ""  59.836""], ["" 126.661"", "" 127.464"", ""  61.177""], ["" 126.336"", "" 130.864"", ""  59.913""], ["" 126.324"", "" 131.642"", ""  61.028""], ["" 126.418"", "" 131.102"", ""  62.315""], ["" 126.648"", "" 129.183"", ""  63.878""], ["" 126.851"", "" 128.147"", ""  66.475""], ["" 125.603"", "" 128.303"", ""  65.871""], ["" 128.004"", "" 128.519"", ""  65.766""], ["" 125.499"", "" 128.818"", ""  64.582""], ["" 127.899"", "" 129.033"", ""  64.477""], ["" 126.857"", "" 127.627"", ""  67.755""], ["" 128.029"", "" 126.974"", ""  68.234""], ["" 126.771"", "" 126.602"", ""  62.238""], ["" 126.695"", "" 126.929"", ""  63.192""], ["" 126.935"", "" 125.614"", ""  62.105""], ["" 126.192"", "" 133.114"", ""  60.799""], ["" 127.297"", "" 133.970"", ""  60.925""], ["" 124.956"", "" 133.675"", ""  60.453""], ["" 127.169"", "" 135.338"", ""  60.709""], ["" 124.825"", "" 135.044"", ""  60.236""], ["" 125.937"", "" 135.889"", ""  60.363""], ["" 125.905"", "" 137.257"", ""  60.167""], ["" 127.129"", "" 137.960"", ""  59.982""], ["" 126.715"", "" 125.691"", ""  59.300""], ["" 125.710"", "" 125.338"", ""  58.459""], ["" 127.646"", "" 124.945"", ""  59.611""], ["" 125.001"", "" 126.032"", ""  58.276""], ["" 125.534"", "" 124.121"", ""  57.815""], ["" 126.496"", "" 123.284"", ""  57.458""], ["" 124.283"", "" 123.622"", ""  57.458""], ["" 125.874"", "" 122.192"", ""  56.850""], ["" 124.538"", "" 122.410"", ""  56.858""]]",[],8b_Ghoteimi_2023
101,7842,8c_Ghoteimi_2023,4h2i_c_3_mae_prepped,1,17,-7.88,-0.21297297297297296,0.0,0.0,16,185.37,-9.97,-9.78,-0.19,-9.97,0.0,-1.34,2.09,-1.34,65,9,0.0,0.0,0.0,9.907042,14.459776,6.642365,0.59173098,0.67401523,-0.4422193,136.816589,"327.043884, 11.760907, 188.676163, 214.400269, 213.404129, 112.33667, 323.742554, ","[["" 126.604"", "" 129.800"", ""  62.599""], ["" 126.516"", "" 128.967"", ""  61.452""], ["" 126.332"", "" 129.627"", ""  60.202""], ["" 126.237"", "" 128.508"", ""  58.862""], ["" 126.443"", "" 127.126"", ""  59.940""], ["" 126.575"", "" 127.540"", ""  61.275""], ["" 126.237"", "" 130.945"", ""  60.028""], ["" 126.327"", "" 131.724"", ""  61.140""], ["" 126.503"", "" 131.183"", ""  62.417""], ["" 126.799"", "" 129.260"", ""  63.964""], ["" 127.168"", "" 128.222"", ""  66.542""], ["" 125.906"", "" 128.206"", ""  65.947""], ["" 128.251"", "" 128.767"", ""  65.834""], ["" 125.719"", "" 128.722"", ""  64.668""], ["" 128.063"", "" 129.282"", ""  64.554""], ["" 127.259"", "" 127.686"", ""  67.812""], ["" 128.455"", "" 127.020"", ""  68.200""], ["" 126.744"", "" 126.675"", ""  62.327""], ["" 126.707"", "" 126.997"", ""  63.284""], ["" 126.913"", "" 125.690"", ""  62.182""], ["" 126.213"", "" 133.199"", ""  60.917""], ["" 127.299"", "" 134.055"", ""  61.151""], ["" 125.012"", "" 133.762"", ""  60.464""], ["" 127.188"", "" 135.426"", ""  60.938""], ["" 124.898"", "" 135.132"", ""  60.249""], ["" 125.991"", "" 135.977"", ""  60.486""], ["" 125.974"", "" 137.347"", ""  60.299""], ["" 127.153"", "" 138.001"", ""  59.845""], ["" 126.451"", "" 125.764"", ""  59.402""], ["" 125.626"", "" 125.550"", ""  58.347""], ["" 127.172"", "" 124.896"", ""  59.897""], ["" 125.078"", "" 126.334"", ""  58.022""], ["" 125.444"", "" 124.360"", ""  57.658""], ["" 124.374"", "" 123.594"", ""  57.637""], ["" 126.772"", "" 123.788"", ""  56.700""], ["" 124.551"", "" 122.536"", ""  56.872""], ["" 125.790"", "" 122.425"", ""  56.249""]]",[],8c_Ghoteimi_2023
102,8326,8d_Ghoteimi_2023,4h2i_c_3_mae_prepped,1,3,-7.68,-0.24,0.0,0.0,13,184.26,-9.77,-9.23,-0.54,-9.77,0.0,-0.9,2.09,-0.9,55,10,0.0,0.0,0.0,11.282415,10.99627,5.390051,-0.66005632,0.27572423,-0.69878595,71.923691,"203.79953, 208.103333, 155.148849, 205.603516, 260.061523, 138.659332, 306.212341, ","[["" 127.617"", "" 126.150"", ""  60.117""], ["" 127.361"", "" 124.965"", ""  59.378""], ["" 128.292"", "" 123.900"", ""  59.541""], ["" 127.881"", "" 122.493"", ""  58.588""], ["" 126.448"", "" 123.298"", ""  57.946""], ["" 126.319"", "" 124.593"", ""  58.461""], ["" 129.371"", "" 123.929"", ""  60.323""], ["" 129.599"", "" 125.074"", ""  61.021""], ["" 128.747"", "" 126.179"", ""  60.940""], ["" 126.738"", "" 127.340"", ""  60.047""], ["" 125.086"", "" 129.601"", ""  59.910""], ["" 125.723"", "" 129.121"", ""  58.765""], ["" 125.282"", "" 128.936"", ""  61.132""], ["" 126.542"", "" 127.997"", ""  58.830""], ["" 126.102"", "" 127.813"", ""  61.195""], ["" 124.294"", "" 130.721"", ""  59.751""], ["" 123.759"", "" 131.017"", ""  58.466""], ["" 125.288"", "" 125.436"", ""  58.131""], ["" 124.997"", "" 126.181"", ""  58.749""], ["" 124.789"", "" 125.347"", ""  57.258""], ["" 130.814"", "" 125.079"", ""  61.894""], ["" 130.752"", "" 125.531"", ""  63.220""], ["" 132.046"", "" 124.628"", ""  61.405""], ["" 131.885"", "" 125.534"", ""  64.028""], ["" 133.182"", "" 124.629"", ""  62.210""], ["" 133.109"", "" 125.086"", ""  63.534""], ["" 134.179"", "" 125.124"", ""  64.406""], ["" 133.934"", "" 125.074"", ""  65.808""], ["" 125.569"", "" 122.588"", ""  56.990""], ["" 124.354"", "" 122.464"", ""  57.158""], ["" 126.243"", "" 122.095"", ""  55.918""], ["" 127.254"", "" 122.861"", ""  55.279""]]",[],8d_Ghoteimi_2023
103,2157,9a_Ghoteimi_2023,4h2i_c_3_mae_prepped,1,14,-4.41,-0.08647058823529412,0.0,0.0,9,185.69,-7.39,-7.06,-0.33,-7.39,0.0,-1.32,2.98,-1.32,111,12,0.0,0.0,0.0,11.924223,12.945283,7.711545,-0.37909812,0.30006064,-0.87535606,101.702591,"300.87207, 80.82991, 162.338318, 47.323551, 280.362488, 238.434937, 159.87265, 247.041275, 22.205927, 154.341095, ","[["" 129.959"", "" 122.134"", ""  61.355""], ["" 130.977"", "" 121.802"", ""  60.461""], ["" 131.324"", "" 120.471"", ""  60.248""], ["" 130.660"", "" 119.443"", ""  60.929""], ["" 129.634"", "" 119.779"", ""  61.826""], ["" 129.285"", "" 121.110"", ""  62.039""], ["" 129.694"", "" 123.510"", ""  61.491""], ["" 130.454"", "" 124.587"", ""  61.170""], ["" 131.578"", "" 124.517"", ""  60.672""], ["" 128.790"", "" 123.716"", ""  61.888""], ["" 129.844"", "" 125.890"", ""  61.451""], ["" 129.393"", "" 126.397"", ""  62.679""], ["" 128.852"", "" 127.731"", ""  62.601""], ["" 129.581"", "" 127.050"", ""  60.148""], ["" 128.310"", "" 128.619"", ""  63.573""], ["" 128.871"", "" 128.201"", ""  61.255""], ["" 127.809"", "" 129.847"", ""  63.127""], ["" 128.410"", "" 129.379"", ""  60.837""], ["" 127.866"", "" 130.197"", ""  61.776""], ["" 129.444"", "" 125.689"", ""  63.853""], ["" 129.948"", "" 126.031"", ""  64.660""], ["" 128.977"", "" 124.798"", ""  63.951""], ["" 128.258"", "" 128.313"", ""  65.026""], ["" 127.095"", "" 128.552"", ""  65.762""], ["" 129.363"", "" 127.751"", ""  65.668""], ["" 127.044"", "" 128.251"", ""  67.120""], ["" 129.310"", "" 127.446"", ""  67.025""], ["" 128.149"", "" 127.685"", ""  67.775""], ["" 128.125"", "" 127.385"", ""  69.139""], ["" 129.370"", "" 127.505"", ""  69.925""], ["" 127.316"", "" 126.268"", ""  69.666""], ["" 129.130"", "" 127.520"", ""  71.449""], ["" 127.131"", "" 126.314"", ""  71.198""], ["" 128.396"", "" 126.370"", ""  71.837""], ["" 127.346"", "" 131.509"", ""  61.283""], ["" 126.252"", "" 131.558"", ""  60.412""], ["" 127.934"", "" 132.718"", ""  61.672""], ["" 125.761"", "" 132.775"", ""  59.949""], ["" 127.442"", "" 133.935"", ""  61.212""], ["" 126.337"", "" 133.991"", ""  60.350""], ["" 125.866"", "" 135.221"", ""  59.878""], ["" 124.421"", "" 135.505"", ""  59.772""], ["" 126.590"", "" 136.463"", ""  60.218""], ["" 124.091"", "" 136.740"", ""  58.908""], ["" 126.201"", "" 137.667"", ""  59.337""], ["" 124.798"", "" 137.872"", ""  59.387""], ["" 131.060"", "" 118.017"", ""  60.677""], ["" 130.914"", "" 117.115"", ""  61.509""], ["" 131.592"", "" 117.819"", ""  59.444""], ["" 131.599"", "" 116.528"", ""  58.847""], ["" 130.158"", "" 116.087"", ""  58.567""]]",[],9a_Ghoteimi_2023
104,8297,9b_Ghoteimi_2023,4h2i_c_3_mae_prepped,1,2,-5.69,-0.12644444444444444,0.0,0.0,2,186.84,-7.78,-7.45,-0.32,-7.78,0.0,-1.43,2.09,-1.43,84,7,0.0,0.0,0.0,13.721631,11.067588,5.306828,-0.78924012,-0.46543689,0.40058523,160.609146,"76.927666, 172.336731, 144.48349, 89.543449, 344.532227, 113.751572, 171.607986, ","[["" 130.833"", "" 127.800"", ""  58.977""], ["" 131.802"", "" 127.944"", ""  57.973""], ["" 132.585"", "" 126.404"", ""  57.617""], ["" 131.599"", "" 125.578"", ""  58.799""], ["" 131.706"", "" 124.266"", ""  59.003""], ["" 130.880"", "" 123.717"", ""  59.932""], ["" 129.974"", "" 124.482"", ""  60.670""], ["" 129.873"", "" 125.864"", ""  60.474""], ["" 130.704"", "" 126.455"", ""  59.481""], ["" 130.056"", "" 128.835"", ""  59.432""], ["" 130.234"", "" 129.285"", ""  60.319""], ["" 129.276"", "" 129.185"", ""  58.893""], ["" 132.196"", "" 129.156"", ""  57.250""], ["" 131.200"", "" 130.049"", ""  57.023""], ["" 133.364"", "" 129.323"", ""  56.892""], ["" 130.279"", "" 129.802"", ""  57.354""], ["" 131.293"", "" 131.275"", ""  56.377""], ["" 130.278"", "" 132.050"", ""  56.032""], ["" 132.508"", "" 131.849"", ""  56.004""], ["" 130.823"", "" 133.173"", ""  55.410""], ["" 132.171"", "" 133.038"", ""  55.400""], ["" 128.915"", "" 126.637"", ""  61.305""], ["" 127.554"", "" 126.638"", ""  60.995""], ["" 129.356"", "" 127.340"", ""  62.427""], ["" 126.652"", "" 127.345"", ""  61.784""], ["" 128.453"", "" 128.048"", ""  63.216""], ["" 127.086"", "" 128.072"", ""  62.904""], ["" 126.195"", "" 128.776"", ""  63.718""], ["" 125.136"", "" 129.592"", ""  63.093""], ["" 125.689"", "" 128.204"", ""  64.982""], ["" 124.498"", "" 130.608"", ""  64.065""], ["" 125.034"", "" 129.251"", ""  65.907""], ["" 124.002"", "" 129.936"", ""  65.213""], ["" 131.006"", "" 122.240"", ""  60.126""], ["" 129.925"", "" 121.476"", ""  60.582""], ["" 132.213"", "" 121.587"", ""  59.860""], ["" 130.052"", "" 120.104"", ""  60.774""], ["" 132.342"", "" 120.215"", ""  60.057""], ["" 131.269"", "" 119.447"", ""  60.532""], ["" 131.411"", "" 118.067"", ""  60.719""], ["" 131.776"", "" 117.174"", ""  59.601""], ["" 130.505"", "" 117.361"", ""  61.648""], ["" 132.223"", "" 115.767"", ""  60.048""], ["" 130.987"", "" 115.945"", ""  62.032""], ["" 131.224"", "" 115.177"", ""  60.864""]]",[],9b_Ghoteimi_2023
105,7943,9c_Ghoteimi_2023,4h2i_c_3_mae_prepped,1,10,-5.56,-0.12355555555555554,0.0,0.0,7,188.69,-7.65,-7.58,-0.08,-7.65,0.0,-1.93,2.09,-1.93,87,6,0.0,0.0,0.0,11.13544,14.750074,7.909829,0.6264144,-0.13546681,-0.76762865,163.746628,"177.073593, 65.150589, 8.749735, 120.882614, 334.579895, 94.358795, 168.955048, ","[["" 127.288"", "" 128.696"", ""  60.328""], ["" 127.308"", "" 127.341"", ""  59.961""], ["" 127.772"", "" 126.318"", ""  61.319""], ["" 127.918"", "" 127.705"", ""  62.373""], ["" 128.247"", "" 127.575"", ""  63.657""], ["" 128.317"", "" 128.714"", ""  64.394""], ["" 128.086"", "" 129.976"", ""  63.841""], ["" 127.762"", "" 130.119"", ""  62.487""], ["" 127.648"", "" 128.936"", ""  61.703""], ["" 126.939"", "" 129.707"", ""  59.469""], ["" 126.728"", "" 129.531"", ""  58.497""], ["" 126.883"", "" 130.666"", ""  59.781""], ["" 127.002"", "" 126.744"", ""  58.657""], ["" 126.895"", "" 125.392"", ""  58.648""], ["" 126.852"", "" 127.451"", ""  57.659""], ["" 127.046"", "" 124.909"", ""  59.521""], ["" 126.601"", "" 124.586"", ""  57.557""], ["" 127.309"", "" 124.418"", ""  56.461""], ["" 125.120"", "" 123.684"", ""  57.618""], ["" 126.722"", "" 123.579"", ""  55.629""], ["" 125.506"", "" 123.046"", ""  56.048""], ["" 127.557"", "" 131.483"", ""  61.940""], ["" 126.292"", "" 132.072"", ""  61.968""], ["" 128.632"", "" 132.210"", ""  61.423""], ["" 126.099"", "" 133.358"", ""  61.471""], ["" 128.439"", "" 133.497"", ""  60.926""], ["" 127.168"", "" 134.090"", ""  60.931""], ["" 127.000"", "" 135.387"", ""  60.437""], ["" 125.633"", "" 135.904"", ""  60.221""], ["" 127.879"", "" 136.492"", ""  60.863""], ["" 125.593"", "" 137.160"", ""  59.325""], ["" 127.781"", "" 137.738"", ""  59.955""], ["" 126.432"", "" 138.170"", ""  59.866""], ["" 128.667"", "" 128.538"", ""  65.836""], ["" 128.293"", "" 129.487"", ""  66.794""], ["" 129.379"", "" 127.413"", ""  66.264""], ["" 128.629"", "" 129.323"", ""  68.134""], ["" 129.720"", "" 127.249"", ""  67.603""], ["" 129.364"", "" 128.206"", ""  68.564""], ["" 129.704"", "" 128.023"", ""  69.910""], ["" 128.925"", "" 127.123"", ""  70.784""], ["" 130.213"", "" 129.165"", ""  70.697""], ["" 129.634"", "" 126.772"", ""  72.109""], ["" 130.880"", "" 128.757"", ""  72.028""], ["" 129.991"", "" 127.962"", ""  72.795""]]",[],9c_Ghoteimi_2023
106,7933,9d_Ghoteimi_2023,4h2i_c_3_mae_prepped,1,3,-5.96,-0.149,0.0,0.0,2,189.43,-8.05,-7.89,-0.16,-8.05,0.0,-1.18,2.09,-1.18,74,5,0.0,0.0,0.0,9.923188,13.216835,7.558705,0.18685476,0.91948959,0.34586731,120.086037,"22.898369, 254.907623, 358.642944, 277.565369, 335.707642, 43.383015, 309.411621, ","[["" 125.075"", "" 129.988"", ""  60.086""], ["" 124.701"", "" 131.324"", ""  60.274""], ["" 125.102"", "" 131.879"", ""  61.899""], ["" 125.750"", "" 130.311"", ""  62.317""], ["" 126.227"", "" 130.055"", ""  63.535""], ["" 126.692"", "" 128.799"", ""  63.764""], ["" 126.711"", "" 127.817"", ""  62.770""], ["" 126.229"", "" 128.087"", ""  61.484""], ["" 125.698"", "" 129.383"", ""  61.234""], ["" 124.847"", "" 129.307"", ""  58.918""], ["" 124.783"", "" 128.299"", ""  58.893""], ["" 124.729"", "" 129.792"", ""  58.039""], ["" 124.044"", "" 132.247"", ""  59.322""], ["" 123.763"", "" 131.931"", ""  58.163""], ["" 123.783"", "" 133.466"", ""  59.861""], ["" 124.823"", "" 134.414"", ""  60.055""], ["" 126.297"", "" 127.015"", ""  60.456""], ["" 126.620"", "" 127.316"", ""  59.132""], ["" 126.070"", "" 125.685"", ""  60.812""], ["" 126.701"", "" 126.306"", ""  58.176""], ["" 126.152"", "" 124.675"", ""  59.859""], ["" 126.477"", "" 124.965"", ""  58.526""], ["" 126.543"", "" 123.935"", ""  57.585""], ["" 127.714"", "" 123.855"", ""  56.689""], ["" 125.342"", "" 123.472"", ""  56.864""], ["" 127.852"", "" 122.487"", ""  55.989""], ["" 125.539"", "" 122.111"", ""  56.163""], ["" 126.657"", "" 122.174"", ""  55.289""], ["" 127.199"", "" 128.528"", ""  65.145""], ["" 126.359"", "" 127.961"", ""  66.110""], ["" 128.514"", "" 128.838"", ""  65.511""], ["" 126.820"", "" 127.707"", ""  67.398""], ["" 128.976"", "" 128.580"", ""  66.799""], ["" 128.144"", "" 127.998"", ""  67.766""], ["" 128.616"", "" 127.764"", ""  69.062""], ["" 128.208"", "" 126.567"", ""  69.824""], ["" 130.005"", "" 128.130"", ""  69.410""], ["" 128.535"", "" 126.644"", ""  71.330""], ["" 130.279"", "" 128.158"", ""  70.929""], ["" 129.914"", "" 126.919"", ""  71.514""]]",[],9d_Ghoteimi_2023
107,8201,RR10_Rahimova_2017,4h2i_c_3_mae_prepped,1,14,-10.57,-0.2936111111111111,0.0,0.0,5,185.69,-12.06,-11.86,-0.2,-12.06,0.0,-1.9,1.49,-1.9,52,4,0.0,0.0,0.0,8.876103,7.318351,4.453788,-0.67604306,0.50186955,-0.53953011,217.611603,"139.001114, 152.498306, 166.54361, 352.664429, 154.890732, ","[["" 126.835"", "" 123.015"", ""  59.248""], ["" 128.223"", "" 123.036"", ""  59.773""], ["" 128.233"", "" 122.376"", ""  61.174""], ["" 127.298"", "" 123.146"", ""  62.144""], ["" 125.874"", "" 123.216"", ""  61.542""], ["" 125.867"", "" 123.763"", ""  60.096""], ["" 126.700"", "" 123.349"", ""  57.513""], ["" 125.402"", "" 123.992"", ""  57.271""], ["" 127.065"", "" 122.126"", ""  56.788""], ["" 127.956"", "" 124.584"", ""  57.178""], ["" 127.579"", "" 125.902"", ""  56.896""], ["" 129.304"", "" 124.210"", ""  57.191""], ["" 128.588"", "" 126.842"", ""  56.643""], ["" 130.331"", "" 125.125"", ""  56.941""], ["" 129.944"", "" 126.440"", ""  56.672""], ["" 128.475"", "" 128.177"", ""  56.356""], ["" 130.632"", "" 127.596"", ""  56.391""], ["" 129.710"", "" 128.607"", ""  56.214""], ["" 131.630"", "" 127.737"", ""  56.320""], ["" 130.083"", "" 130.027"", ""  55.899""], ["" 131.163"", "" 130.638"", ""  56.551""], ["" 129.359"", "" 130.758"", ""  54.948""], ["" 131.513"", "" 131.953"", ""  56.258""], ["" 129.708"", "" 132.074"", ""  54.653""], ["" 130.782"", "" 132.666"", ""  55.310""], ["" 129.671"", "" 122.388"", ""  61.732""], ["" 130.455"", "" 123.418"", ""  61.363""], ["" 130.060"", "" 121.479"", ""  62.469""], ["" 130.099"", "" 124.066"", ""  60.675""], ["" 131.861"", "" 123.599"", ""  61.749""], ["" 132.799"", "" 122.554"", ""  61.086""], ["" 132.357"", "" 125.018"", ""  61.370""], ["" 132.886"", "" 122.742"", ""  59.555""], ["" 132.446"", "" 125.214"", ""  59.839""], ["" 133.383"", "" 124.162"", ""  59.200""], ["" 133.514"", "" 124.360"", ""  57.680""]]",[],RR10_Rahimova_2017
108,7955,RR11_Rahimova_2017,4h2i_c_3_mae_prepped,1,7,-7.99,-0.20487179487179488,0.0,0.0,10,187.91,-9.78,-9.51,-0.27,-9.78,0.0,-0.51,1.79,-0.51,63,7,0.0,0.0,0.0,13.270489,12.118446,4.803923,0.44808333,0.21614346,0.8674695,270.874451,"68.605904, 257.939392, 243.243103, 65.392021, 102.173309, 52.339043, ","[["" 128.970"", "" 126.899"", ""  63.316""], ["" 128.686"", "" 128.107"", ""  62.434""], ["" 127.523"", "" 132.288"", ""  61.136""], ["" 127.593"", "" 131.673"", ""  62.368""], ["" 127.852"", "" 131.471"", ""  60.159""], ["" 128.003"", "" 130.375"", ""  62.171""], ["" 128.156"", "" 130.281"", ""  60.768""], ["" 128.253"", "" 129.300"", ""  63.028""], ["" 128.572"", "" 129.072"", ""  60.196""], ["" 128.830"", "" 127.996"", ""  61.047""], ["" 127.378"", "" 132.142"", ""  63.236""], ["" 127.125"", "" 133.723"", ""  60.946""], ["" 126.377"", "" 136.396"", ""  60.610""], ["" 127.640"", "" 136.088"", ""  61.111""], ["" 125.487"", "" 135.380"", ""  60.272""], ["" 128.012"", "" 134.756"", ""  61.277""], ["" 125.860"", "" 134.049"", ""  60.439""], ["" 126.002"", "" 137.729"", ""  60.447""], ["" 125.295"", "" 138.125"", ""  61.051""], ["" 126.466"", "" 138.294"", ""  59.750""], ["" 128.829"", "" 125.577"", ""  62.575""], ["" 129.748"", "" 124.549"", ""  62.814""], ["" 127.764"", "" 125.389"", ""  61.686""], ["" 129.592"", "" 123.340"", ""  62.122""], ["" 127.578"", "" 124.195"", ""  60.985""], ["" 128.512"", "" 123.183"", ""  61.221""], ["" 130.361"", "" 122.207"", ""  62.172""], ["" 128.676"", "" 121.906"", ""  60.737""], ["" 129.797"", "" 121.366"", ""  61.333""], ["" 128.110"", "" 121.409"", ""  60.066""], ["" 130.307"", "" 119.985"", ""  61.046""], ["" 129.652"", "" 118.863"", ""  61.570""], ["" 131.448"", "" 119.799"", ""  60.253""], ["" 130.127"", "" 117.581"", ""  61.309""], ["" 131.925"", "" 118.517"", ""  59.991""], ["" 131.263"", "" 117.410"", ""  60.520""], ["" 131.741"", "" 116.127"", ""  60.261""], ["" 132.634"", "" 115.843"", ""  60.639""], ["" 131.171"", "" 115.483"", ""  59.732""]]",[],RR11_Rahimova_2017
109,1632,RR11_Rahimova_2017-again1,4h2i_c_3_mae_prepped,3,18,-7.8,-0.195,0.0,0.0,12,181.71,-9.59,-8.06,-1.53,-9.59,0.0,-0.58,1.79,-0.58,71,8,0.0,0.0,0.0,11.584705,10.72707,6.546343,0.46078462,0.20735066,-0.86295031,245.751236,"90.359299, 84.957687, 6.439409, 359.74292, 42.353027, 93.364555, ","[["" 131.483"", "" 127.311"", ""  59.877""], ["" 131.663"", "" 125.888"", ""  60.387""], ["" 131.295"", "" 121.390"", ""  60.767""], ["" 130.788"", "" 122.300"", ""  59.863""], ["" 132.046"", "" 121.967"", ""  61.678""], ["" 131.233"", "" 123.550"", ""  60.225""], ["" 132.025"", "" 123.303"", ""  61.372""], ["" 131.043"", "" 124.832"", ""  59.706""], ["" 132.654"", "" 124.372"", ""  62.022""], ["" 132.462"", "" 125.657"", ""  61.513""], ["" 130.190"", "" 122.042"", ""  59.092""], ["" 131.007"", "" 119.917"", ""  60.714""], ["" 130.462"", "" 117.177"", ""  60.604""], ["" 129.671"", "" 118.010"", ""  61.392""], ["" 131.525"", "" 117.702"", ""  59.871""], ["" 129.943"", "" 119.375"", ""  61.447""], ["" 131.795"", "" 119.067"", ""  59.926""], ["" 130.189"", "" 115.811"", ""  60.545""], ["" 130.641"", "" 115.186"", ""  61.197""], ["" 129.574"", "" 115.458"", ""  59.826""], ["" 130.356"", "" 128.050"", ""  60.584""], ["" 129.699"", "" 127.431"", ""  61.656""], ["" 129.979"", "" 129.323"", ""  60.141""], ["" 128.677"", "" 128.157"", ""  62.275""], ["" 128.954"", "" 130.050"", ""  60.752""], ["" 128.313"", "" 129.440"", ""  61.834""], ["" 127.856"", "" 127.857"", ""  63.352""], ["" 127.285"", "" 129.870"", ""  62.663""], ["" 127.001"", "" 128.905"", ""  63.602""], ["" 127.851"", "" 127.013"", ""  63.906""], ["" 126.794"", "" 130.751"", ""  62.626""], ["" 125.976"", "" 128.981"", ""  64.687""], ["" 126.275"", "" 128.506"", ""  65.970""], ["" 124.714"", "" 129.532"", ""  64.434""], ["" 125.326"", "" 128.583"", ""  66.987""], ["" 123.765"", "" 129.608"", ""  65.450""], ["" 124.073"", "" 129.134"", ""  66.724""], ["" 123.126"", "" 129.214"", ""  67.744""], ["" 122.226"", "" 129.633"", ""  67.556""], ["" 123.360"", "" 128.879"", ""  68.667""]]",[],RR11_Rahimova_2017-again1
110,1477,RR11_Rahimova_2017-again2,4h2i_c_3_mae_prepped,1,10,-7.74,-0.18878048780487805,0.0,0.0,13,181.4,-9.53,-7.68,-1.85,-9.53,0.0,-0.29,1.79,-0.29,71,8,0.0,0.0,0.0,11.719053,10.737162,6.788934,0.42876016,0.16783224,-0.88769199,246.759232,"93.851173, 267.566467, 8.912207, 180.804718, 53.765251, 80.93811, ","[["" 131.369"", "" 127.353"", ""  59.741""], ["" 131.609"", "" 125.950"", ""  60.283""], ["" 131.287"", "" 121.389"", ""  60.719""], ["" 130.754"", "" 122.336"", ""  59.874""], ["" 132.108"", "" 122.065"", ""  61.592""], ["" 131.224"", "" 123.597"", ""  60.215""], ["" 132.089"", "" 123.424"", ""  61.308""], ["" 130.972"", "" 124.861"", ""  59.674""], ["" 132.741"", "" 124.507"", ""  61.904""], ["" 132.480"", "" 125.769"", ""  61.364""], ["" 130.111"", "" 122.099"", ""  59.134""], ["" 132.625"", "" 121.595"", ""  62.320""], ["" 131.017"", "" 119.920"", ""  60.698""], ["" 130.525"", "" 117.171"", ""  60.674""], ["" 131.566"", "" 117.695"", ""  59.912""], ["" 129.724"", "" 118.012"", ""  61.446""], ["" 131.812"", "" 119.066"", ""  59.923""], ["" 129.970"", "" 119.383"", ""  61.457""], ["" 130.282"", "" 115.799"", ""  60.668""], ["" 129.666"", "" 115.406"", ""  59.970""], ["" 130.670"", "" 115.220"", ""  61.399""], ["" 130.321"", "" 128.121"", ""  60.535""], ["" 129.578"", "" 127.452"", ""  61.517""], ["" 130.099"", "" 129.474"", ""  60.256""], ["" 128.634"", "" 128.206"", ""  62.219""], ["" 129.151"", "" 130.230"", ""  60.951""], ["" 128.426"", "" 129.567"", ""  61.944""], ["" 127.760"", "" 127.869"", ""  63.245""], ["" 127.437"", "" 130.005"", ""  62.814""], ["" 127.026"", "" 128.970"", ""  63.622""], ["" 127.650"", "" 126.968"", ""  63.688""], ["" 127.049"", "" 130.934"", ""  62.887""], ["" 125.994"", "" 129.029"", ""  64.701""], ["" 126.291"", "" 128.567"", ""  65.988""], ["" 124.723"", "" 129.555"", ""  64.436""], ["" 125.333"", "" 128.632"", ""  66.997""], ["" 123.765"", "" 129.619"", ""  65.443""], ["" 124.073"", "" 129.159"", ""  66.723""], ["" 123.116"", "" 129.230"", ""  67.734""], ["" 123.336"", "" 128.878"", ""  68.654""], ["" 122.191"", "" 129.572"", ""  67.518""]]",[],RR11_Rahimova_2017-again2
111,1587,RR12_Rahimova_2017,4h2i_c_3_mae_prepped,1,16,-7.77,-0.28777777777777774,0.0,0.0,1,183.9,-10.46,-10.4,-0.06,-10.46,0.0,-1.94,2.68,-1.94,81,2,0.0,0.0,0.0,13.511559,8.721851,6.419762,-0.03986172,-0.98644812,0.15915762,63.501724,"207.706528, 257.606079, 189.854919, 202.74678, 348.947205, 54.297577, 203.82753, 139.486725, 225.664322, ","[["" 129.243"", "" 122.100"", ""  61.820""], ["" 128.279"", "" 121.782"", ""  60.662""], ["" 127.601"", "" 122.958"", ""  60.118""], ["" 125.978"", "" 123.142"", ""  61.693""], ["" 126.520"", "" 123.546"", ""  60.662""], ["" 127.991"", "" 123.348"", ""  59.272""], ["" 125.988"", "" 124.776"", ""  59.916""], ["" 126.639"", "" 124.884"", ""  58.649""], ["" 126.290"", "" 124.014"", ""  57.633""], ["" 124.982"", "" 123.525"", ""  57.657""], ["" 127.158"", "" 123.607"", ""  56.605""], ["" 124.538"", "" 122.645"", ""  56.673""], ["" 126.714"", "" 122.728"", ""  55.620""], ["" 125.406"", "" 122.252"", ""  55.658""], ["" 129.747"", "" 120.835"", ""  62.540""], ["" 130.157"", "" 119.742"", ""  61.568""], ["" 129.647"", "" 118.535"", ""  61.604""], ["" 131.110"", "" 119.906"", ""  60.576""], ["" 130.259"", "" 117.865"", ""  60.582""], ["" 131.184"", "" 118.698"", ""  59.905""], ["" 130.076"", "" 116.539"", ""  60.162""], ["" 131.934"", "" 118.243"", ""  58.813""], ["" 130.824"", "" 116.085"", ""  59.075""], ["" 131.729"", "" 116.920"", ""  58.419""], ["" 131.850"", "" 121.122"", ""  60.245""], ["" 133.326"", "" 120.994"", ""  60.663""], ["" 133.780"", "" 122.136"", ""  61.581""]]",[],RR12_Rahimova_2017
112,8012,RR13_Rahimova_2017,4h2i_c_3_mae_prepped,1,3,-13.14,-0.27375,0.0,0.0,2,183.2,-16.72,-16.6,-0.12,-16.72,0.0,-4.78,3.58,-4.78,67,10,0.0,0.0,0.0,11.133578,12.670764,6.819278,0.07171281,0.1242249,-0.98965926,259.355011,"330.752014, 301.540894, 69.227463, 244.115265, 260.863495, 88.954056, 279.307892, 284.407379, 209.579086, 13.39532, 136.068909, 21.211508, ","[["" 128.857"", "" 126.581"", ""  61.150""], ["" 127.687"", "" 126.625"", ""  62.047""], ["" 127.107"", "" 128.056"", ""  62.123""], ["" 126.657"", "" 128.505"", ""  60.795""], ["" 127.830"", "" 128.465"", ""  59.903""], ["" 128.400"", "" 127.030"", ""  59.823""], ["" 129.486"", "" 125.239"", ""  61.181""], ["" 130.826"", "" 125.205"", ""  61.948""], ["" 132.003"", "" 124.706"", ""  61.352""], ["" 133.195"", "" 124.667"", ""  62.079""], ["" 133.233"", "" 125.109"", ""  63.398""], ["" 130.882"", "" 125.635"", ""  63.283""], ["" 132.075"", "" 125.592"", ""  64.002""], ["" 132.030"", "" 124.114"", ""  59.725""], ["" 128.527"", "" 124.155"", ""  61.697""], ["" 128.752"", "" 123.311"", ""  62.679""], ["" 127.300"", "" 123.879"", ""  61.132""], ["" 127.616"", "" 122.511"", ""  62.762""], ["" 126.705"", "" 122.880"", ""  61.792""], ["" 126.609"", "" 124.558"", ""  60.042""], ["" 125.545"", "" 123.631"", ""  59.426""], ["" 125.873"", "" 123.256"", ""  57.988""], ["" 127.203"", "" 123.221"", ""  57.563""], ["" 124.841"", "" 122.956"", ""  57.094""], ["" 127.502"", "" 122.885"", ""  56.245""], ["" 125.141"", "" 122.620"", ""  55.776""], ["" 126.469"", "" 122.586"", ""  55.358""], ["" 126.018"", "" 129.841"", ""  60.834""], ["" 125.173"", "" 130.066"", ""  62.090""], ["" 124.121"", "" 129.361"", ""  62.437""], ["" 125.430"", "" 131.009"", ""  63.062""], ["" 123.682"", "" 129.898"", ""  63.643""], ["" 124.504"", "" 130.937"", ""  64.025""], ["" 126.472"", "" 132.029"", ""  63.126""], ["" 127.866"", "" 131.374"", ""  63.110""], ["" 128.569"", "" 131.552"", ""  61.774""], ["" 129.744"", "" 130.846"", ""  61.504""], ["" 128.033"", "" 132.416"", ""  60.814""], ["" 130.384"", "" 131.003"", ""  60.277""], ["" 128.674"", "" 132.574"", ""  59.588""], ["" 129.846"", "" 131.868"", ""  59.325""], ["" 125.213"", "" 130.231"", ""  59.576""], ["" 125.214"", "" 129.323"", ""  58.508""], ["" 124.490"", "" 131.439"", ""  59.434""], ["" 124.501"", "" 129.585"", ""  57.339""], ["" 123.775"", "" 131.690"", ""  58.259""], ["" 123.777"", "" 130.767"", ""  57.217""], ["" 124.482"", "" 132.679"", ""  60.643""]]",[],RR13_Rahimova_2017
113,8240,RR14_Rahimova_2017,4h2i_c_3_mae_prepped,1,1,-11.22,-0.2805,0.0,0.0,2,184.87,-14.51,-14.01,-0.5,-14.51,0.0,-2.68,3.28,-2.68,63,9,0.0,0.0,0.0,10.617018,12.033989,3.137143,-0.32418264,0.93849811,-0.11885673,104.117004,"111.11676, 350.529633, 23.770834, 92.798515, 48.500271, 109.7388, 327.639038, 209.012985, 69.457657, 3.627395, 205.261063, ","[["" 128.599"", "" 124.517"", ""  56.757""], ["" 128.179"", "" 125.633"", ""  57.620""], ["" 128.050"", "" 126.865"", ""  56.828""], ["" 127.035"", "" 127.886"", ""  57.335""], ["" 124.107"", "" 130.656"", ""  58.603""], ["" 125.080"", "" 129.724"", ""  58.208""], ["" 123.828"", "" 130.814"", ""  59.963""], ["" 125.393"", "" 129.528"", ""  56.847""], ["" 125.762"", "" 128.961"", ""  59.173""], ["" 124.506"", "" 130.059"", ""  60.920""], ["" 126.307"", "" 128.668"", ""  56.331""], ["" 126.769"", "" 128.009"", ""  58.659""], ["" 125.476"", "" 129.129"", ""  60.538""], ["" 126.469"", "" 128.587"", ""  55.113""], ["" 123.352"", "" 131.497"", ""  57.582""], ["" 124.893"", "" 130.070"", ""  56.160""], ["" 126.199"", "" 128.324"", ""  61.611""], ["" 129.105"", "" 125.838"", ""  58.742""], ["" 130.591"", "" 125.716"", ""  58.339""], ["" 131.316"", "" 124.523"", ""  58.998""], ["" 132.191"", "" 124.916"", ""  60.108""], ["" 133.353"", "" 124.022"", ""  60.183""], ["" 131.487"", "" 125.011"", ""  61.396""], ["" 134.269"", "" 124.377"", ""  61.373""], ["" 132.458"", "" 125.338"", ""  62.550""], ["" 133.517"", "" 124.388"", ""  62.582""], ["" 127.461"", "" 123.547"", ""  56.467""], ["" 127.297"", "" 122.889"", ""  55.343""], ["" 126.455"", "" 123.216"", ""  57.348""], ["" 126.159"", "" 122.110"", ""  55.525""], ["" 125.639"", "" 122.317"", ""  56.787""], ["" 126.229"", "" 123.664"", ""  58.722""], ["" 127.268"", "" 123.140"", ""  59.706""], ["" 128.410"", "" 122.486"", ""  59.238""], ["" 127.092"", "" 123.335"", ""  61.078""], ["" 129.385"", "" 122.062"", ""  60.135""], ["" 128.070"", "" 122.912"", ""  61.973""], ["" 129.233"", "" 122.279"", ""  61.505""], ["" 130.265"", "" 121.846"", ""  62.316""], ["" 131.577"", "" 121.745"", ""  61.774""]]",[],RR14_Rahimova_2017
114,1382,RR15_Rahimova_2017,4h2i_c_3_mae_prepped,1,5,-9.46,-0.2056521739130435,0.0,0.0,5,182.95,-13.94,-13.34,-0.59,-13.94,0.0,-5.2,4.47,-5.2,58,9,0.0,0.0,0.0,10.988273,13.026368,0.885231,-0.96184432,0.07502251,0.26311048,146.813385,"215.420364, 95.382553, 251.129288, 309.400787, 200.322479, 89.134148, 59.474529, 202.58963, 44.061131, 265.896149, 247.203125, 359.147522, 336.874359, 223.499542, 267.896271, ","[["" 127.727"", "" 128.849"", ""  55.622""], ["" 126.773"", "" 128.472"", ""  54.938""], ["" 127.566"", "" 129.326"", ""  56.894""], ["" 127.502"", "" 130.783"", ""  57.224""], ["" 126.277"", "" 131.089"", ""  58.077""], ["" 124.101"", "" 131.704"", ""  59.721""], ["" 125.384"", "" 132.089"", ""  60.098""], ["" 123.893"", "" 131.015"", ""  58.530""], ["" 126.466"", "" 131.783"", ""  59.278""], ["" 124.976"", "" 130.708"", ""  57.711""], ["" 123.049"", "" 132.002"", ""  60.517""], ["" 128.865"", "" 131.393"", ""  57.678""], ["" 129.846"", "" 130.507"", ""  57.923""], ["" 128.998"", "" 132.607"", ""  57.832""], ["" 129.649"", "" 129.524"", ""  57.800""], ["" 131.165"", "" 130.833"", ""  58.454""], ["" 131.227"", "" 130.598"", ""  59.974""], ["" 131.023"", "" 131.880"", ""  60.585""], ["" 130.101"", "" 129.724"", ""  60.554""], ["" 130.089"", "" 131.793"", ""  61.655""], ["" 129.139"", "" 130.709"", ""  61.174""], ["" 127.637"", "" 128.430"", ""  58.065""], ["" 126.751"", "" 127.172"", ""  57.935""], ["" 127.522"", "" 125.831"", ""  57.954""], ["" 127.001"", "" 124.838"", ""  57.009""], ["" 128.033"", "" 123.938"", ""  56.473""], ["" 125.896"", "" 124.089"", ""  57.623""], ["" 127.421"", "" 122.860"", ""  55.552""], ["" 125.340"", "" 123.009"", ""  56.670""], ["" 126.394"", "" 122.154"", ""  56.240""], ["" 129.149"", "" 128.738"", ""  55.019""], ["" 129.995"", "" 127.713"", ""  55.628""], ["" 130.117"", "" 127.575"", ""  56.953""], ["" 130.869"", "" 127.002"", ""  54.914""], ["" 131.082"", "" 126.678"", ""  57.041""], ["" 131.570"", "" 126.295"", ""  55.869""], ["" 131.589"", "" 126.143"", ""  58.352""], ["" 132.404"", "" 125.004"", ""  58.396""], ["" 131.256"", "" 126.768"", ""  59.557""], ["" 132.883"", "" 124.490"", ""  59.613""], ["" 131.720"", "" 126.269"", ""  60.772""], ["" 132.535"", "" 125.127"", ""  60.813""], ["" 133.693"", "" 123.371"", ""  59.708""], ["" 133.185"", "" 122.184"", ""  60.307""], ["" 133.027"", "" 124.578"", ""  61.985""], ["" 132.715"", "" 125.191"", ""  63.231""]]",[],RR15_Rahimova_2017
115,8406,RR16_Rahimova_2017,4h2i_c_3_mae_prepped,1,4,-8.61,-0.17937499999999998,0.0,0.0,7,186.1,-13.08,-13.17,-0.17,-13.34,0.26,-2.88,4.47,-2.88,70,4,0.0,0.0,0.0,11.993672,12.696088,4.087679,0.17445523,0.06285478,-0.98265693,275.618561,"292.949982, 115.339745, 184.09697, 130.453079, 98.256073, 339.333893, 214.660614, 123.220406, 230.730042, 347.018646, 255.305862, 145.334854, 42.468891, 121.198845, 316.780579, ","[["" 129.988"", "" 131.603"", ""  58.450""], ["" 128.760"", "" 132.017"", ""  57.929""], ["" 127.832"", "" 132.638"", ""  58.759""], ["" 128.136"", "" 132.842"", ""  60.107""], ["" 129.378"", "" 132.463"", ""  60.618""], ["" 130.307"", "" 131.845"", ""  59.788""], ["" 131.127"", "" 130.678"", ""  57.421""], ["" 132.454"", "" 131.287"", ""  57.579""], ["" 130.519"", "" 130.560"", ""  56.090""], ["" 131.163"", "" 129.064"", ""  58.157""], ["" 130.758"", "" 126.259"", ""  58.886""], ["" 130.131"", "" 127.414"", ""  59.707""], ["" 131.997"", "" 126.719"", ""  58.075""], ["" 129.906"", "" 128.672"", ""  58.844""], ["" 131.715"", "" 128.005"", ""  57.273""], ["" 131.033"", "" 125.016"", ""  59.736""], ["" 129.483"", "" 122.329"", ""  61.838""], ["" 130.265"", "" 121.423"", ""  62.457""], ["" 130.258"", "" 123.215"", ""  61.108""], ["" 131.575"", "" 121.664"", ""  62.104""], ["" 131.586"", "" 122.762"", ""  61.292""], ["" 129.958"", "" 124.339"", ""  60.331""], ["" 132.648"", "" 123.444"", ""  60.680""], ["" 132.350"", "" 124.568"", ""  59.907""], ["" 128.050"", "" 122.362"", ""  62.101""], ["" 127.239"", "" 122.773"", ""  60.880""], ["" 126.963"", "" 122.873"", ""  58.474""], ["" 125.766"", "" 123.571"", ""  58.639""], ["" 127.696"", "" 122.472"", ""  59.593""], ["" 125.305"", "" 123.872"", ""  59.921""], ["" 126.039"", "" 123.475"", ""  61.039""], ["" 127.542"", "" 122.508"", ""  56.890""], ["" 133.943"", "" 123.023"", ""  60.839""], ["" 134.017"", "" 122.209"", ""  61.343""], ["" 126.900"", "" 133.495"", ""  61.223""], ["" 127.493"", "" 133.488"", ""  62.565""], ["" 126.373"", "" 134.733"", ""  60.639""], ["" 125.611"", "" 132.289"", ""  61.205""], ["" 124.663"", "" 132.618"", ""  61.408""], ["" 125.896"", "" 130.866"", ""  61.504""], ["" 124.803"", "" 130.316"", ""  62.457""], ["" 123.339"", "" 130.675"", ""  62.135""], ["" 122.923"", "" 130.361"", ""  60.688""], ["" 123.706"", "" 131.103"", ""  59.588""], ["" 126.061"", "" 130.108"", ""  60.166""], ["" 125.011"", "" 130.456"", ""  59.093""], ["" 123.706"", "" 131.106"", ""  59.591""], ["" 122.922"", "" 130.361"", ""  60.687""]]",[],RR16_Rahimova_2017
116,7752,RR17_Rahimova_2017,4h2i_c_3_mae_prepped,1,14,-8.2,-0.21025641025641023,0.0,0.0,1,189.85,-11.78,-11.18,-0.59,-11.78,0.0,-2.67,3.58,-2.67,83,8,0.0,0.0,0.0,7.664002,14.934012,10.575179,-0.52848518,0.04223313,0.84789137,157.448181,"292.037292, 7.594798, 104.514717, 134.306503, 306.663757, 281.553009, 106.2174, 8.646606, 206.793365, 91.231087, 119.727722, 336.225555, ","[["" 124.529"", "" 129.982"", ""  62.926""], ["" 125.426"", "" 129.442"", ""  64.354""], ["" 126.791"", "" 129.574"", ""  64.515""], ["" 127.041"", "" 129.009"", ""  65.749""], ["" 124.901"", "" 128.862"", ""  65.408""], ["" 125.931"", "" 128.588"", ""  66.300""], ["" 127.718"", "" 130.125"", ""  63.618""], ["" 129.564"", "" 131.217"", ""  61.839""], ["" 128.997"", "" 129.957"", ""  61.585""], ["" 129.196"", "" 131.916"", ""  62.990""], ["" 128.075"", "" 129.412"", ""  62.474""], ["" 128.274"", "" 131.376"", ""  63.882""], ["" 130.485"", "" 131.836"", ""  61.015""], ["" 131.783"", "" 131.267"", ""  60.873""], ["" 128.419"", "" 128.892"", ""  66.384""], ["" 128.613"", "" 127.663"", ""  67.150""], ["" 128.727"", "" 126.806"", ""  66.629""], ["" 128.930"", "" 127.639"", ""  68.520""], ["" 129.987"", "" 128.442"", ""  68.949""], ["" 128.234"", "" 126.861"", ""  69.454""], ["" 130.357"", "" 128.461"", ""  70.290""], ["" 128.604"", "" 126.879"", ""  70.795""], ["" 129.669"", "" 127.679"", ""  71.222""], ["" 130.092"", "" 127.707"", ""  72.690""], ["" 131.349"", "" 127.290"", ""  72.863""], ["" 129.999"", "" 128.945"", ""  73.178""], ["" 129.287"", "" 126.909"", ""  73.392""], ["" 124.561"", "" 131.790"", ""  63.199""], ["" 124.342"", "" 132.580"", ""  61.890""], ["" 123.389"", "" 133.357"", ""  61.777""], ["" 125.341"", "" 132.368"", ""  60.790""], ["" 126.516"", "" 133.132"", ""  60.771""], ["" 125.134"", "" 131.425"", ""  59.772""], ["" 127.459"", "" 132.957"", ""  59.763""], ["" 126.078"", "" 131.252"", ""  58.764""], ["" 127.252"", "" 132.019"", ""  58.752""], ["" 128.244"", "" 131.914"", ""  57.795""], ["" 129.583"", "" 132.265"", ""  58.135""], ["" 130.424"", "" 132.293"", ""  56.855""]]",[],RR17_Rahimova_2017
117,8157,RR18_Rahimova_2017,4h2i_c_3_mae_prepped,2,12,-8.63,-0.22710526315789475,0.0,0.0,10,188.05,-9.52,-9.23,-0.29,-9.52,0.0,-2.01,0.89,-2.01,53,6,0.0,0.0,0.0,12.207491,12.137811,3.952945,0.84598936,-0.07207334,0.5283062,267.280579,"152.911652, 300.689697, 33.476025, ","[["" 129.805"", "" 126.194"", ""  58.253""], ["" 131.049"", "" 125.777"", ""  57.413""], ["" 131.073"", "" 126.095"", ""  56.092""], ["" 130.140"", "" 126.859"", ""  55.459""], ["" 129.200"", "" 127.401"", ""  56.142""], ["" 128.025"", "" 128.523"", ""  55.498""], ["" 127.249"", "" 128.713"", ""  57.101""], ["" 126.166"", "" 129.506"", ""  57.414""], ["" 125.569"", "" 130.381"", ""  56.394""], ["" 124.583"", "" 131.065"", ""  56.984""], ["" 124.414"", "" 130.730"", ""  58.294""], ["" 125.337"", "" 129.757"", ""  58.635""], ["" 125.277"", "" 129.246"", ""  59.945""], ["" 124.344"", "" 129.738"", ""  60.863""], ["" 123.447"", "" 130.736"", ""  60.489""], ["" 123.475"", "" 131.238"", ""  59.191""], ["" 125.864"", "" 130.533"", ""  55.210""], ["" 128.986"", "" 127.182"", ""  57.465""], ["" 127.979"", "" 127.879"", ""  58.058""], ["" 127.766"", "" 127.796"", ""  59.263""], ["" 124.014"", "" 131.742"", ""  56.498""], ["" 128.972"", "" 124.981"", ""  58.660""], ["" 128.385"", "" 123.390"", ""  60.055""], ["" 127.586"", "" 123.252"", ""  58.932""], ["" 129.226"", "" 124.442"", ""  59.882""], ["" 127.959"", "" 124.262"", ""  58.046""], ["" 128.501"", "" 122.643"", ""  61.361""], ["" 132.108"", "" 124.970"", ""  58.011""], ["" 131.757"", "" 124.366"", ""  59.170""], ["" 133.222"", "" 124.874"", ""  57.494""], ["" 130.841"", "" 124.596"", ""  59.525""], ["" 132.495"", "" 123.505"", ""  60.010""], ["" 132.980"", "" 124.035"", ""  61.223""], ["" 132.746"", "" 122.154"", ""  59.709""], ["" 133.711"", "" 123.221"", ""  62.094""], ["" 133.477"", "" 121.355"", ""  60.586""], ["" 133.962"", "" 121.888"", ""  61.776""], ["" 132.730"", "" 125.487"", ""  61.620""]]",[],RR18_Rahimova_2017
118,8046,RR19_Rahimova_2017,4h2i_c_3_mae_prepped,1,17,-10.98,-0.22875,0.0,0.0,1,186.91,-13.37,-13.43,0.06,-13.37,0.0,-3.61,2.39,-3.61,61,3,0.0,0.0,0.0,9.497116,14.732682,4.88361,0.30575728,-0.91632717,-0.2585672,257.781921,"41.677662, 290.10199, 330.174988, 350.601135, 98.596191, 224.199936, 276.679565, 177.522293, ","[["" 126.966"", "" 127.661"", ""  62.855""], ["" 126.442"", "" 128.365"", ""  61.407""], ["" 126.559"", "" 127.805"", ""  60.159""], ["" 126.907"", "" 126.566"", ""  59.729""], ["" 127.011"", "" 125.557"", ""  60.434""], ["" 125.831"", "" 129.588"", ""  61.285""], ["" 125.604"", "" 130.599"", ""  62.162""], ["" 126.086"", "" 130.710"", ""  63.291""], ["" 126.458"", "" 128.473"", ""  59.408""], ["" 125.380"", "" 129.726"", ""  60.393""], ["" 127.173"", "" 126.465"", ""  58.204""], ["" 127.802"", "" 125.112"", ""  57.761""], ["" 126.794"", "" 124.107"", ""  57.233""], ["" 125.512"", "" 124.016"", ""  57.818""], ["" 127.061"", "" 123.381"", ""  56.053""], ["" 124.557"", "" 123.170"", ""  57.268""], ["" 126.092"", "" 122.541"", ""  55.519""], ["" 124.848"", "" 122.431"", ""  56.129""], ["" 127.935"", "" 127.625"", ""  57.658""], ["" 128.937"", "" 128.279"", ""  58.318""], ["" 127.646"", "" 128.163"", ""  56.440""], ["" 129.366"", "" 129.363"", ""  57.402""], ["" 129.387"", "" 128.023"", ""  59.435""], ["" 128.593"", "" 129.294"", ""  56.276""], ["" 126.784"", "" 127.789"", ""  55.645""], ["" 130.354"", "" 130.340"", ""  57.541""], ["" 128.764"", "" 130.198"", ""  55.226""], ["" 130.543"", "" 131.254"", ""  56.498""], ["" 129.750"", "" 131.183"", ""  55.345""], ["" 124.617"", "" 131.674"", ""  61.639""], ["" 123.723"", "" 131.216"", ""  60.450""], ["" 124.434"", "" 131.105"", ""  59.111""], ["" 125.801"", "" 131.435"", ""  58.987""], ["" 123.763"", "" 130.543"", ""  58.004""], ["" 126.452"", "" 131.252"", ""  57.774""], ["" 124.432"", "" 130.370"", ""  56.800""], ["" 125.769"", "" 130.727"", ""  56.684""], ["" 125.320"", "" 132.950"", ""  61.335""], ["" 126.604"", "" 133.250"", ""  61.694""], ["" 124.682"", "" 133.979"", ""  60.707""], ["" 126.834"", "" 134.635"", ""  61.215""], ["" 127.402"", "" 132.530"", ""  62.296""], ["" 125.681"", "" 135.073"", ""  60.624""], ["" 123.520"", "" 133.998"", ""  60.298""], ["" 127.960"", "" 135.456"", ""  61.297""], ["" 125.589"", "" 136.355"", ""  60.081""], ["" 127.889"", "" 136.746"", ""  60.757""], ["" 126.707"", "" 137.194"", ""  60.151""]]",[],RR19_Rahimova_2017
119,1617,RR19_Rahimova_2017-again1,4h2i_c_3_mae_prepped,1,7,-10.82,-0.2302127659574468,0.0,0.0,1,184.77,-13.5,-14.37,0.87,-13.5,0.0,-4.08,2.68,-4.08,73,7,0.0,0.0,0.0,9.42324,12.834419,7.418932,-0.5316985,0.34722328,-0.77248476,111.966316,"198.381195, 358.633972, 181.10437, 22.869812, 214.087799, 208.341125, 151.66394, 141.346588, 13.466837, ","[["" 126.168"", "" 129.243"", ""  57.517""], ["" 125.725"", "" 128.601"", ""  59.005""], ["" 125.070"", "" 129.180"", ""  60.056""], ["" 124.649"", "" 130.445"", ""  60.294""], ["" 124.665"", "" 131.375"", ""  59.483""], ["" 124.954"", "" 128.558"", ""  60.841""], ["" 126.067"", "" 127.323"", ""  59.408""], ["" 126.508"", "" 126.917"", ""  60.554""], ["" 126.666"", "" 127.538"", ""  61.625""], ["" 126.930"", "" 125.411"", ""  60.617""], ["" 128.392"", "" 125.249"", ""  61.150""], ["" 128.893"", "" 123.808"", ""  61.202""], ["" 130.182"", "" 123.501"", ""  60.759""], ["" 128.064"", "" 122.797"", ""  61.699""], ["" 130.645"", "" 122.190"", ""  60.820""], ["" 128.527"", "" 121.486"", ""  61.762""], ["" 129.816"", "" 121.187"", ""  61.322""], ["" 126.639"", "" 124.653"", ""  59.355""], ["" 125.547"", "" 123.854"", ""  59.152""], ["" 127.487"", "" 124.688"", ""  58.289""], ["" 125.702"", "" 123.315"", ""  57.780""], ["" 124.628"", "" 123.627"", ""  59.938""], ["" 126.865"", "" 123.813"", ""  57.261""], ["" 128.544"", "" 125.313"", ""  58.194""], ["" 124.892"", "" 122.452"", ""  57.040""], ["" 127.283"", "" 123.478"", ""  55.973""], ["" 125.293"", "" 122.104"", ""  55.746""], ["" 126.484"", "" 122.616"", ""  55.214""], ["" 124.107"", "" 130.688"", ""  61.733""], ["" 123.741"", "" 132.172"", ""  62.023""], ["" 124.733"", "" 133.173"", ""  61.458""], ["" 124.276"", "" 134.270"", ""  60.698""], ["" 126.095"", "" 133.114"", ""  61.824""], ["" 125.173"", "" 135.239"", ""  60.266""], ["" 126.976"", "" 134.093"", ""  61.382""], ["" 126.518"", "" 135.147"", ""  60.603""], ["" 124.957"", "" 130.098"", ""  62.812""], ["" 124.489"", "" 129.638"", ""  64.010""], ["" 126.317"", "" 130.090"", ""  62.724""], ["" 125.696"", "" 129.269"", ""  64.790""], ["" 123.315"", "" 129.558"", ""  64.373""], ["" 126.793"", "" 129.544"", ""  64.020""], ["" 127.008"", "" 130.463"", ""  61.776""], ["" 125.829"", "" 128.754"", ""  66.080""], ["" 128.085"", "" 129.320"", ""  64.498""], ["" 127.116"", "" 128.525"", ""  66.578""], ["" 128.240"", "" 128.807"", ""  65.791""]]",[],RR19_Rahimova_2017-again1
120,7810,RR1_Rahimova_2017,4h2i_c_3_mae_prepped,1,5,-8.86,-0.20136363636363636,0.0,0.0,7,189.11,-12.44,-11.67,-0.76,-12.44,0.0,-4.27,3.58,-4.27,75,10,0.0,0.0,0.0,14.050774,11.274152,3.846561,0.87066124,0.21384072,-0.44296857,186.702744,"69.643372, 217.464005, 94.367958, 105.100082, 10.778417, 96.633644, 320.675537, 239.179153, 355.999512, 79.719879, 40.574787, 217.211487, ","[["" 132.448"", "" 122.902"", ""  61.400""], ["" 131.933"", "" 121.749"", ""  61.747""], ["" 131.920"", "" 121.053"", ""  60.615""], ["" 132.404"", "" 121.680"", ""  59.559""], ["" 132.746"", "" 122.870"", ""  60.062""], ["" 132.698"", "" 124.249"", ""  62.508""], ["" 131.006"", "" 124.937"", ""  62.448""], ["" 129.986"", "" 124.110"", ""  61.650""], ["" 129.395"", "" 123.166"", ""  62.174""], ["" 129.811"", "" 124.514"", ""  60.373""], ["" 130.284"", "" 125.365"", ""  60.104""], ["" 129.019"", "" 123.944"", ""  59.358""], ["" 127.975"", "" 123.121"", ""  59.782""], ["" 129.188"", "" 124.195"", ""  57.988""], ["" 127.110"", "" 122.547"", ""  58.855""], ["" 128.321"", "" 123.618"", ""  57.064""], ["" 127.275"", "" 122.795"", ""  57.483""], ["" 126.463"", "" 122.276"", ""  56.494""], ["" 125.153"", "" 122.804"", ""  56.323""], ["" 133.315"", "" 123.906"", ""  59.200""], ["" 132.446"", "" 125.164"", ""  59.035""], ["" 131.822"", "" 125.272"", ""  57.846""], ["" 132.349"", "" 125.991"", ""  59.948""], ["" 132.048"", "" 124.729"", ""  57.024""], ["" 131.140"", "" 126.449"", ""  57.569""], ["" 131.184"", "" 126.920"", ""  56.304""], ["" 131.704"", "" 126.318"", ""  55.358""], ["" 131.146"", "" 127.074"", ""  58.362""], ["" 130.516"", "" 128.261"", ""  56.081""], ["" 129.262"", "" 128.369"", ""  55.458""], ["" 131.141"", "" 129.435"", ""  56.518""], ["" 128.640"", "" 129.617"", ""  55.272""], ["" 130.540"", "" 130.675"", ""  56.334""], ["" 129.286"", "" 130.781"", ""  55.711""], ["" 127.397"", "" 129.773"", ""  54.683""], ["" 126.242"", "" 129.914"", ""  55.502""], ["" 128.628"", "" 131.981"", ""  55.510""], ["" 128.643"", "" 132.969"", ""  56.534""], ["" 131.388"", "" 119.650"", ""  60.540""], ["" 130.252"", "" 119.256"", ""  61.265""], ["" 132.007"", "" 118.674"", ""  59.743""], ["" 129.782"", "" 117.944"", ""  61.177""], ["" 131.566"", "" 117.393"", ""  59.645""], ["" 130.465"", "" 117.047"", ""  60.359""]]",[],RR1_Rahimova_2017
121,1488,RR20_Rahimova_2017,4h2i_c_3_mae_prepped,1,8,-10.85,-0.2782051282051282,0.0,0.0,7,177.77,-12.64,-12.36,-0.28,-12.64,0.0,-1.65,1.79,-1.65,68,4,0.0,0.0,0.0,12.176458,11.625501,3.871505,0.90037235,-0.41377436,-0.13461211,141.576141,"116.757721, 318.00708, 242.158295, 349.574432, 331.268463, 280.775757, ","[["" 130.036"", "" 125.360"", ""  58.534""], ["" 129.065"", "" 124.711"", ""  59.312""], ["" 129.411"", "" 123.660"", ""  60.161""], ["" 130.736"", "" 123.208"", ""  60.209""], ["" 131.336"", "" 122.227"", ""  61.031""], ["" 132.770"", "" 122.163"", ""  60.703""], ["" 133.078"", "" 123.405"", ""  59.885""], ["" 131.717"", "" 123.891"", ""  59.490""], ["" 131.371"", "" 124.954"", ""  58.656""], ["" 129.661"", "" 126.500"", ""  57.629""], ["" 128.317"", "" 128.133"", ""  57.033""], ["" 128.533"", "" 127.149"", ""  57.869""], ["" 129.535"", "" 128.327"", ""  55.834""], ["" 130.394"", "" 126.966"", ""  56.516""], ["" 131.679"", "" 126.477"", ""  55.885""], ["" 127.244"", "" 129.010"", ""  57.004""], ["" 126.363"", "" 128.516"", ""  54.954""], ["" 126.348"", "" 129.169"", ""  55.999""], ["" 127.127"", "" 129.595"", ""  57.819""], ["" 125.224"", "" 130.216"", ""  56.186""], ["" 125.039"", "" 130.616"", ""  57.593""], ["" 123.796"", "" 131.374"", ""  57.801""], ["" 125.009"", "" 129.440"", ""  58.471""], ["" 123.781"", "" 131.994"", ""  59.217""], ["" 124.839"", "" 129.799"", ""  59.947""], ["" 124.205"", "" 131.007"", ""  60.305""], ["" 125.256"", "" 128.922"", ""  60.954""], ["" 124.000"", "" 131.295"", ""  61.659""], ["" 125.054"", "" 129.225"", ""  62.299""], ["" 124.421"", "" 130.413"", ""  62.652""], ["" 130.699"", "" 121.196"", ""  61.660""], ["" 130.134"", "" 121.318"", ""  62.749""], ["" 130.688"", "" 119.828"", ""  61.014""], ["" 129.740"", "" 118.882"", ""  61.421""], ["" 131.649"", "" 119.471"", ""  60.060""], ["" 129.726"", "" 117.611"", ""  60.852""], ["" 131.636"", "" 118.199"", ""  59.491""], ["" 130.668"", "" 117.272"", ""  59.881""], ["" 130.657"", "" 115.883"", ""  59.269""]]",[],RR20_Rahimova_2017
122,7952,RR20_Rahimova_2017-again1,4h2i_c_3_mae_prepped,1,18,-9.99,-0.2561538461538462,0.0,0.0,4,177.38,-11.78,-10.48,-1.3,-11.78,0.0,-2.92,1.79,-2.92,64,5,0.0,0.0,0.0,11.905138,11.629314,4.632722,0.8337621,-0.45526949,-0.3123627,121.204651,"267.188568, 212.349121, 204.004562, 328.125275, 276.225464, 256.872253, ","[["" 128.934"", "" 128.355"", ""  56.538""], ["" 129.137"", "" 127.448"", ""  57.463""], ["" 130.061"", "" 126.553"", ""  57.149""], ["" 130.663"", "" 126.741"", ""  55.889""], ["" 131.775"", "" 125.992"", ""  55.184""], ["" 129.912"", "" 128.127"", ""  55.136""], ["" 128.032"", "" 129.386"", ""  56.524""], ["" 127.094"", "" 129.536"", ""  55.650""], ["" 126.722"", "" 128.816"", ""  54.704""], ["" 126.285"", "" 130.839"", ""  55.819""], ["" 125.010"", "" 130.564"", ""  56.669""], ["" 124.992"", "" 131.368"", ""  57.986""], ["" 124.782"", "" 129.054"", ""  56.919""], ["" 126.133"", "" 130.896"", ""  58.905""], ["" 125.598"", "" 128.522"", ""  58.103""], ["" 126.194"", "" 129.379"", ""  59.059""], ["" 125.733"", "" 127.138"", ""  58.264""], ["" 126.871"", "" 128.817"", ""  60.147""], ["" 126.421"", "" 126.595"", ""  59.345""], ["" 126.988"", "" 127.438"", ""  60.294""], ["" 124.231"", "" 130.901"", ""  56.118""], ["" 130.360"", "" 125.465"", ""  58.139""], ["" 129.326"", "" 124.797"", ""  58.808""], ["" 131.686"", "" 125.130"", ""  58.455""], ["" 129.600"", "" 123.802"", ""  59.747""], ["" 131.963"", "" 124.122"", ""  59.380""], ["" 130.925"", "" 123.422"", ""  59.995""], ["" 133.281"", "" 123.725"", ""  59.976""], ["" 131.452"", "" 122.516"", ""  60.942""], ["" 132.918"", "" 122.509"", ""  60.812""], ["" 130.785"", "" 121.484"", ""  61.538""], ["" 130.120"", "" 121.618"", ""  62.568""], ["" 130.880"", "" 120.099"", ""  60.938""], ["" 129.979"", "" 119.107"", ""  61.342""], ["" 131.893"", "" 119.775"", ""  60.026""], ["" 130.062"", "" 117.823"", ""  60.812""], ["" 131.977"", "" 118.491"", ""  59.495""], ["" 131.056"", "" 117.516"", ""  59.880""], ["" 131.150"", "" 116.113"", ""  59.309""]]",[],RR20_Rahimova_2017-again1
123,7883,RR21_Rahimova_2017,4h2i_c_3_mae_prepped,1,8,-9.25,-0.23125,0.0,0.0,3,185.2,-11.04,-10.91,-0.13,-11.04,0.0,-1.11,1.79,-1.11,56,4,0.0,0.0,0.0,11.039609,10.735602,4.768938,-0.64755866,0.72672956,-0.22919845,174.324554,"146.572037, 108.74707, 218.784943, 91.67926, 115.259979, 2.84466, ","[["" 126.840"", "" 126.480"", ""  59.957""], ["" 127.837"", "" 125.598"", ""  60.200""], ["" 129.581"", "" 125.821"", ""  59.940""], ["" 129.868"", "" 124.206"", ""  60.571""], ["" 128.697"", "" 123.584"", ""  60.914""], ["" 127.544"", "" 124.275"", ""  60.736""], ["" 126.416"", "" 123.843"", ""  60.998""], ["" 131.006"", "" 123.604"", ""  60.728""], ["" 131.101"", "" 122.291"", ""  61.265""], ["" 129.772"", "" 121.677"", ""  61.609""], ["" 128.644"", "" 122.288"", ""  61.442""], ["" 132.140"", "" 121.661"", ""  61.464""], ["" 126.944"", "" 127.833"", ""  59.431""], ["" 126.561"", "" 129.048"", ""  60.043""], ["" 126.856"", "" 130.092"", ""  59.293""], ["" 127.431"", "" 129.615"", ""  58.179""], ["" 127.514"", "" 128.246"", ""  58.237""], ["" 125.901"", "" 129.249"", ""  61.373""], ["" 124.658"", "" 129.635"", ""  63.880""], ["" 125.988"", "" 129.206"", ""  63.799""], ["" 123.954"", "" 129.865"", ""  62.686""], ["" 126.601"", "" 129.014"", ""  62.560""], ["" 124.569"", "" 129.672"", ""  61.450""], ["" 126.693"", "" 128.970"", ""  64.929""], ["" 124.124"", "" 129.804"", ""  65.143""], ["" 124.537"", "" 128.939"", ""  66.196""], ["" 127.895"", "" 130.481"", ""  57.155""], ["" 127.378"", "" 130.395"", ""  55.853""], ["" 128.880"", "" 131.437"", ""  57.444""], ["" 127.838"", "" 131.254"", ""  54.858""], ["" 129.337"", "" 132.294"", ""  56.447""], ["" 128.814"", "" 132.200"", ""  55.160""], ["" 129.747"", "" 120.253"", ""  62.179""], ["" 130.155"", "" 119.170"", ""  61.182""], ["" 129.426"", "" 117.980"", ""  61.105""], ["" 131.239"", "" 119.380"", ""  60.325""], ["" 129.787"", "" 116.999"", ""  60.185""], ["" 131.600"", "" 118.401"", ""  59.405""], ["" 130.877"", "" 117.207"", ""  59.337""], ["" 131.260"", "" 116.140"", ""  58.328""]]",[],RR21_Rahimova_2017
124,8058,RR22_Rahimova_2017,4h2i_c_3_mae_prepped,6,18,-9.33,-0.2915625,0.0,0.0,10,188.05,-9.93,-9.67,-0.26,-9.93,0.0,-0.64,0.6,-0.64,52,7,0.0,0.0,0.0,10.071376,14.449476,3.662907,0.65353229,-0.6766883,0.33909952,255.67247,"265.806122, 64.531998, ","[["" 123.734"", "" 130.380"", ""  54.994""], ["" 124.580"", "" 130.352"", ""  55.885""], ["" 124.380"", "" 130.103"", ""  57.232""], ["" 126.358"", "" 130.643"", ""  55.637""], ["" 126.698"", "" 130.567"", ""  57.372""], ["" 125.489"", "" 130.047"", ""  58.135""], ["" 125.664"", "" 128.666"", ""  58.610""], ["" 126.332"", "" 128.496"", ""  59.865""], ["" 125.621"", "" 129.330"", ""  60.907""], ["" 125.532"", "" 128.996"", ""  62.262""], ["" 124.891"", "" 129.851"", ""  63.161""], ["" 124.347"", "" 131.056"", ""  62.715""], ["" 124.450"", "" 131.414"", ""  61.371""], ["" 125.091"", "" 130.560"", ""  60.473""], ["" 125.191"", "" 131.005"", ""  59.154""], ["" 126.395"", "" 126.984"", ""  59.937""], ["" 126.460"", "" 126.653"", ""  58.443""], ["" 126.046"", "" 127.636"", ""  57.734""], ["" 127.834"", "" 130.979"", ""  57.983""], ["" 123.449"", "" 130.002"", ""  57.606""], ["" 129.077"", "" 131.483"", ""  57.369""], ["" 130.353"", "" 131.030"", ""  57.736""], ["" 129.003"", "" 132.471"", ""  56.381""], ["" 131.485"", "" 131.553"", ""  57.112""], ["" 130.093"", "" 132.994"", ""  55.762""], ["" 131.313"", "" 132.530"", ""  56.131""], ["" 126.920"", "" 125.346"", ""  57.934""], ["" 126.130"", "" 124.199"", ""  58.099""], ["" 128.155"", "" 125.238"", ""  57.277""], ["" 126.567"", "" 122.968"", ""  57.616""], ["" 128.592"", "" 124.007"", ""  56.796""], ["" 127.796"", "" 122.877"", ""  56.967""]]",[],RR22_Rahimova_2017
125,7874,RR23_Rahimova_2017,4h2i_c_3_mae_prepped,1,16,-10.55,-0.26375000000000004,0.0,0.0,7,187.19,-12.04,-12.15,0.11,-12.04,0.0,-1.6,1.49,-1.6,77,2,0.0,0.0,0.0,10.563013,10.922752,7.198841,-0.68965279,-0.59970017,0.4058802,205.157974,"201.559479, 237.495041, 311.149384, 352.70224, 30.514252, ","[["" 126.387"", "" 125.748"", ""  59.412""], ["" 126.007"", "" 126.610"", ""  58.377""], ["" 125.746"", "" 127.958"", ""  58.628""], ["" 125.812"", "" 128.451"", ""  59.938""], ["" 125.664"", "" 129.768"", ""  60.426""], ["" 125.855"", "" 129.747"", ""  61.885""], ["" 126.479"", "" 128.401"", ""  62.215""], ["" 126.248"", "" 127.611"", ""  60.963""], ["" 126.529"", "" 126.268"", ""  60.708""], ["" 126.686"", "" 124.277"", ""  59.087""], ["" 129.540"", "" 122.055"", ""  61.594""], ["" 129.149"", "" 121.972"", ""  60.300""], ["" 129.100"", "" 122.853"", ""  62.426""], ["" 128.250"", "" 122.748"", ""  59.637""], ["" 127.480"", "" 123.640"", ""  60.116""], ["" 128.170"", "" 122.472"", ""  57.873""], ["" 127.317"", "" 124.048"", ""  57.694""], ["" 129.620"", "" 121.272"", ""  59.747""], ["" 128.322"", "" 125.112"", ""  57.205""], ["" 130.629"", "" 121.058"", ""  62.023""], ["" 130.463"", "" 119.801"", ""  61.259""], ["" 132.336"", "" 120.212"", ""  59.974""], ["" 131.371"", "" 119.501"", ""  60.268""], ["" 131.057"", "" 118.188"", ""  59.589""], ["" 129.373"", "" 119.021"", ""  61.625""], ["" 131.872"", "" 117.711"", ""  58.556""], ["" 129.948"", "" 117.449"", ""  60.006""], ["" 129.118"", "" 117.897"", ""  61.035""], ["" 131.567"", "" 116.494"", ""  57.943""], ["" 129.646"", "" 116.231"", ""  59.392""], ["" 130.457"", "" 115.757"", ""  58.360""], ["" 125.011"", "" 130.796"", ""  59.805""], ["" 124.102"", "" 130.620"", ""  58.991""], ["" 125.419"", "" 132.221"", ""  60.103""], ["" 124.433"", "" 133.204"", ""  60.248""], ["" 126.770"", "" 132.587"", ""  60.178""], ["" 124.790"", "" 134.525"", ""  60.503""], ["" 127.126"", "" 133.908"", ""  60.433""], ["" 126.136"", "" 134.877"", ""  60.605""], ["" 126.527"", "" 136.319"", ""  60.873""]]",[],RR23_Rahimova_2017
126,1669,RR24_Rahimova_2017,4h2i_c_3_mae_prepped,1,17,-10.34,-0.22977777777777778,0.0,0.0,2,184.78,-11.83,-11.54,-0.29,-11.83,0.0,-1.98,1.49,-1.98,72,13,0.0,0.0,0.0,12.299768,9.718371,3.324119,0.22088276,0.20862841,-0.95272504,138.152008,"221.273438, 11.040926, 249.77002, 96.123001, 218.733124, ","[["" 126.560"", "" 123.760"", ""  55.879""], ["" 127.517"", "" 124.555"", ""  56.468""], ["" 129.476"", "" 126.168"", ""  57.627""], ["" 129.844"", "" 125.103"", ""  56.800""], ["" 128.122"", "" 126.432"", ""  57.860""], ["" 128.867"", "" 124.300"", ""  56.218""], ["" 127.145"", "" 125.631"", ""  57.277""], ["" 130.556"", "" 127.037"", ""  58.281""], ["" 132.528"", "" 124.863"", ""  63.049""], ["" 132.320"", "" 125.358"", ""  61.939""], ["" 132.365"", "" 124.691"", ""  60.725""], ["" 131.841"", "" 126.629"", ""  61.856""], ["" 131.818"", "" 125.093"", ""  59.519""], ["" 131.273"", "" 127.119"", ""  60.725""], ["" 131.851"", "" 124.421"", ""  58.484""], ["" 131.201"", "" 126.424"", ""  59.559""], ["" 130.771"", "" 128.392"", ""  60.857""], ["" 130.171"", "" 129.036"", ""  59.802""], ["" 130.042"", "" 128.463"", ""  58.592""], ["" 129.600"", "" 130.372"", ""  59.806""], ["" 129.376"", "" 129.400"", ""  57.694""], ["" 129.114"", "" 130.594"", ""  58.524""], ["" 129.479"", "" 131.352"", ""  60.792""], ["" 129.114"", "" 129.192"", ""  56.511""], ["" 128.497"", "" 131.805"", ""  58.201""], ["" 128.862"", "" 132.565"", ""  60.475""], ["" 128.373"", "" 132.791"", ""  59.184""], ["" 132.962"", "" 123.339"", ""  60.743""], ["" 131.902"", "" 127.193"", ""  62.691""], ["" 130.850"", "" 128.861"", ""  61.748""], ["" 125.806"", "" 122.927"", ""  56.654""], ["" 125.479"", "" 121.773"", ""  56.356""], ["" 125.405"", "" 123.575"", ""  58.012""], ["" 123.944"", "" 123.310"", ""  58.401""], ["" 126.352"", "" 123.223"", ""  59.111""], ["" 126.181"", "" 123.545"", ""  60.429""], ["" 127.510"", "" 122.546"", ""  58.865""], ["" 127.372"", "" 122.999"", ""  61.125""], ["" 125.241"", "" 124.161"", ""  60.933""], ["" 128.169"", "" 122.400"", ""  60.187""], ["" 127.923"", "" 122.141"", ""  57.777""], ["" 127.738"", "" 123.024"", ""  62.472""], ["" 129.374"", "" 121.794"", ""  60.544""], ["" 128.942"", "" 122.421"", ""  62.850""], ["" 129.757"", "" 121.808"", ""  61.890""]]",[],RR24_Rahimova_2017
127,8168,RR24_Rahimova_2017-again1,4h2i_c_3_mae_prepped,1,4,-9.3,-0.21627906976744188,0.0,0.0,5,188.09,-10.79,-11.47,0.67,-10.79,0.0,-1.84,1.49,-1.84,76,11,0.0,0.0,0.0,12.275286,16.126303,5.197211,0.93425621,-0.20307202,-0.29313323,168.631485,"202.698547, 84.624748, 321.370239, 133.17305, 98.14019, ","[["" 131.724"", "" 130.316"", ""  59.109""], ["" 130.757"", "" 130.915"", ""  59.884""], ["" 128.826"", "" 132.172"", ""  61.458""], ["" 130.050"", "" 131.792"", ""  62.018""], ["" 128.576"", "" 131.928"", ""  60.104""], ["" 131.015"", "" 131.169"", ""  61.232""], ["" 129.541"", "" 131.306"", ""  59.317""], ["" 127.758"", "" 132.860"", ""  62.321""], ["" 124.704"", "" 130.154"", ""  63.608""], ["" 126.002"", "" 129.946"", ""  64.072""], ["" 124.401"", "" 131.125"", ""  62.822""], ["" 127.051"", "" 130.776"", ""  63.725""], ["" 125.379"", "" 131.985"", ""  62.413""], ["" 128.210"", "" 130.642"", ""  64.131""], ["" 126.682"", "" 131.867"", ""  62.818""], ["" 124.921"", "" 132.953"", ""  61.570""], ["" 125.663"", "" 133.928"", ""  61.200""], ["" 127.071"", "" 134.013"", ""  61.552""], ["" 125.335"", "" 135.106"", ""  60.417""], ["" 127.538"", "" 135.182"", ""  61.059""], ["" 126.478"", "" 135.888"", ""  60.340""], ["" 124.150"", "" 135.532"", ""  59.812""], ["" 126.455"", "" 137.107"", ""  59.651""], ["" 124.122"", "" 136.746"", ""  59.123""], ["" 125.273"", "" 137.532"", ""  59.042""], ["" 123.737"", "" 129.434"", ""  63.910""], ["" 126.383"", "" 128.836"", ""  64.976""], ["" 128.750"", "" 135.604"", ""  61.183""], ["" 131.508"", "" 130.146"", ""  57.772""], ["" 131.945"", "" 130.879"", ""  56.877""], ["" 130.654"", "" 128.882"", ""  57.458""], ["" 130.249"", "" 128.773"", ""  55.982""], ["" 131.293"", "" 127.629"", ""  57.958""], ["" 131.977"", "" 126.733"", ""  57.184""], ["" 131.221"", "" 127.267"", ""  59.270""], ["" 132.415"", "" 125.664"", ""  58.116""], ["" 132.184"", "" 126.796"", ""  55.972""], ["" 131.961"", "" 125.983"", ""  59.366""], ["" 130.663"", "" 127.874"", ""  60.186""], ["" 133.151"", "" 124.499"", ""  57.890""], ["" 132.219"", "" 125.156"", ""  60.461""], ["" 133.421"", "" 123.658"", ""  58.975""], ["" 132.956"", "" 123.986"", ""  60.255""]]",[],RR24_Rahimova_2017-again1
128,8965,RR25_Rahimova_2017,4h2i_c_3_mae_prepped,1,11,-10.6,-0.2717948717948718,0.0,0.0,1,186.26,-12.09,-11.85,-0.24,-12.09,0.0,-1.05,1.49,-1.05,59,9,0.0,0.0,0.0,12.859932,13.138972,4.679766,-0.27681942,0.49023487,0.82646281,149.900162,"183.968903, 146.116379, 198.617661, 341.903442, 352.861023, ","[["" 131.780"", "" 124.847"", ""  58.425""], ["" 131.390"", "" 125.880"", ""  57.619""], ["" 130.480"", "" 126.952"", ""  58.075""], ["" 129.556"", "" 127.357"", ""  56.907""], ["" 130.328"", "" 127.734"", ""  55.720""], ["" 131.128"", "" 126.595"", ""  55.265""], ["" 132.122"", "" 126.124"", ""  56.354""], ["" 132.731"", "" 124.119"", ""  58.124""], ["" 130.973"", "" 124.432"", ""  59.689""], ["" 126.849"", "" 123.037"", ""  61.899""], ["" 127.649"", "" 122.476"", ""  62.905""], ["" 127.471"", "" 123.490"", ""  60.724""], ["" 129.030"", "" 122.376"", ""  62.748""], ["" 128.854"", "" 123.390"", ""  60.547""], ["" 129.629"", "" 122.843"", ""  61.579""], ["" 129.574"", "" 123.874"", ""  59.301""], ["" 131.002"", "" 122.705"", ""  61.486""], ["" 131.754"", "" 123.542"", ""  60.699""], ["" 132.974"", "" 123.490"", ""  60.861""], ["" 125.380"", "" 123.149"", ""  62.072""], ["" 124.889"", "" 122.826"", ""  63.151""], ["" 124.708"", "" 123.561"", ""  61.132""], ["" 129.458"", "" 128.246"", ""  54.653""], ["" 129.218"", "" 129.776"", ""  54.753""], ["" 128.310"", "" 130.227"", ""  55.848""], ["" 127.009"", "" 129.772"", ""  55.784""], ["" 128.887"", "" 131.055"", ""  56.788""], ["" 126.100"", "" 130.306"", ""  56.874""], ["" 126.600"", "" 129.004"", ""  54.906""], ["" 127.936"", "" 131.557"", ""  57.856""], ["" 130.080"", "" 131.380"", ""  56.762""], ["" 124.750"", "" 129.932"", ""  56.887""], ["" 126.568"", "" 131.184"", ""  57.885""], ["" 128.411"", "" 132.426"", ""  58.848""], ["" 123.883"", "" 130.409"", ""  57.868""], ["" 125.691"", "" 131.677"", ""  58.892""], ["" 127.563"", "" 132.913"", ""  59.840""], ["" 124.336"", "" 131.272"", ""  58.865""], ["" 126.217"", "" 132.552"", ""  59.873""]]",[],RR25_Rahimova_2017
129,8624,RR26_Rahimova_2017,4h2i_c_3_mae_prepped,1,17,-9.43,-0.2481578947368421,0.0,0.0,7,186.84,-10.63,-10.64,0.01,-10.63,0.0,-1.3,1.19,-1.3,69,7,0.0,0.0,0.0,10.763444,13.356438,6.738929,0.41024363,-0.77543771,0.47999638,274.029205,"192.857407, 350.254303, 277.563293, 16.455656, ","[["" 128.020"", "" 130.106"", ""  63.617""], ["" 127.799"", "" 130.124"", ""  62.405""], ["" 127.775"", "" 129.014"", ""  61.457""], ["" 127.393"", "" 129.554"", ""  59.779""], ["" 128.013"", "" 127.755"", ""  61.888""], ["" 127.513"", "" 131.285"", ""  61.671""], ["" 127.286"", "" 131.178"", ""  60.350""], ["" 127.038"", "" 132.343"", ""  59.816""], ["" 127.117"", "" 133.151"", ""  60.870""], ["" 127.411"", "" 132.570"", ""  62.023""], ["" 128.026"", "" 126.528"", ""  61.107""], ["" 129.018"", "" 125.522"", ""  61.064""], ["" 127.096"", "" 126.097"", ""  60.173""], ["" 128.719"", "" 124.572"", ""  60.200""], ["" 127.538"", "" 124.905"", ""  59.657""], ["" 130.287"", "" 125.439"", ""  61.854""], ["" 131.514"", "" 125.230"", ""  61.207""], ["" 130.268"", "" 125.576"", ""  63.250""], ["" 132.703"", "" 125.148"", ""  61.934""], ["" 131.454"", "" 125.501"", ""  63.979""], ["" 132.672"", "" 125.273"", ""  63.322""], ["" 131.370"", "" 125.587"", ""  65.355""], ["" 133.875"", "" 125.234"", ""  63.998""], ["" 132.615"", "" 125.869"", ""  66.001""], ["" 133.746"", "" 124.996"", ""  65.404""], ["" 126.922"", "" 124.094"", ""  58.669""], ["" 127.695"", "" 123.366"", ""  57.753""], ["" 125.522"", "" 124.018"", ""  58.605""], ["" 127.078"", "" 122.577"", ""  56.786""], ["" 124.908"", "" 123.226"", ""  57.640""], ["" 125.688"", "" 122.510"", ""  56.734""], ["" 126.915"", "" 134.635"", ""  60.761""], ["" 127.982"", "" 135.466"", ""  61.136""], ["" 125.719"", "" 135.230"", ""  60.302""], ["" 127.876"", "" 136.852"", ""  61.050""], ["" 125.625"", "" 136.624"", ""  60.221""], ["" 126.698"", "" 137.432"", ""  60.589""], ["" 124.497"", "" 134.401"", ""  59.927""]]",[],RR26_Rahimova_2017
130,1518,RR27_Rahimova_2017,4h2i_c_3_mae_prepped,1,9,-10.58,-0.2645,0.0,0.0,2,188.44,-12.67,-12.41,-0.26,-12.67,0.0,-2.69,2.09,-2.69,56,4,0.0,0.0,0.0,12.737184,11.684855,5.867034,0.45805345,-0.73539344,-0.49938315,164.271286,"207.709961, 116.845299, 260.701813, 150.503021, 331.930725, 216.600021, 146.51712, ","[["" 128.358"", "" 130.825"", ""  62.631""], ["" 127.600"", "" 129.775"", ""  62.210""], ["" 128.027"", "" 129.045"", ""  61.138""], ["" 129.153"", "" 129.267"", ""  60.402""], ["" 129.881"", "" 130.297"", ""  60.840""], ["" 129.551"", "" 131.116"", ""  61.941""], ["" 130.520"", "" 132.064"", ""  62.096""], ["" 131.459"", "" 131.858"", ""  61.103""], ["" 131.079"", "" 130.798"", ""  60.357""], ["" 128.038"", "" 131.627"", ""  63.694""], ["" 127.507"", "" 131.175"", ""  64.353""], ["" 127.145"", "" 127.851"", ""  60.727""], ["" 127.350"", "" 127.359"", ""  59.259""], ["" 127.186"", "" 126.672"", ""  61.748""], ["" 126.528"", "" 126.092"", ""  58.934""], ["" 126.385"", "" 125.431"", ""  61.278""], ["" 126.887"", "" 125.081"", ""  59.940""], ["" 127.943"", "" 124.228"", ""  59.805""], ["" 128.348"", "" 123.546"", ""  60.751""], ["" 128.548"", "" 123.970"", ""  58.395""], ["" 129.416"", "" 125.136"", ""  57.886""], ["" 130.688"", "" 125.399"", ""  58.417""], ["" 128.918"", "" 125.956"", ""  56.866""], ["" 131.446"", "" 126.461"", ""  57.932""], ["" 129.676"", "" 127.017"", ""  56.381""], ["" 130.938"", "" 127.264"", ""  56.916""], ["" 127.485"", "" 123.469"", ""  57.399""], ["" 126.166"", "" 123.213"", ""  57.796""], ["" 127.857"", "" 123.239"", ""  56.068""], ["" 125.232"", "" 122.750"", ""  56.872""], ["" 126.925"", "" 122.778"", ""  55.144""], ["" 125.615"", "" 122.538"", ""  55.550""], ["" 131.882"", "" 130.370"", ""  59.214""], ["" 131.567"", "" 131.123"", ""  57.928""], ["" 130.238"", "" 131.340"", ""  57.544""], ["" 132.604"", "" 131.589"", ""  57.113""], ["" 129.950"", "" 132.013"", ""  56.356""], ["" 132.315"", "" 132.269"", ""  55.929""], ["" 130.989"", "" 132.483"", ""  55.552""], ["" 128.308"", "" 132.253"", ""  55.878""]]",[],RR27_Rahimova_2017
131,1810,RR27_Rahimova_2017-again1,4h2i_c_3_mae_prepped,1,13,-11.55,-0.28875,0.0,0.0,2,186.67,-13.34,-12.9,-0.43,-13.34,0.0,-1.83,1.79,-1.83,59,7,0.0,0.0,0.0,11.26981,14.980196,5.674274,0.95249282,-0.01485984,-0.3041983,147.354263,"10.911127, 186.62265, 45.15892, 288.692291, 344.076141, 334.230682, ","[["" 125.943"", "" 128.361"", ""  66.339""], ["" 126.124"", "" 128.601"", ""  65.147""], ["" 127.220"", "" 128.114"", ""  64.466""], ["" 127.554"", "" 128.307"", ""  63.129""], ["" 126.799"", "" 129.008"", ""  62.342""], ["" 125.682"", "" 129.535"", ""  62.916""], ["" 125.293"", "" 129.393"", ""  64.239""], ["" 124.164"", "" 130.043"", ""  64.460""], ["" 123.782"", "" 130.635"", ""  63.260""], ["" 124.703"", "" 130.301"", ""  62.339""], ["" 127.849"", "" 127.555"", ""  65.024""], ["" 128.843"", "" 127.667"", ""  62.606""], ["" 128.907"", "" 126.120"", ""  62.832""], ["" 129.211"", "" 128.164"", ""  61.172""], ["" 129.806"", "" 125.335"", ""  61.850""], ["" 130.079"", "" 127.206"", ""  60.319""], ["" 129.546"", "" 125.847"", ""  60.498""], ["" 128.529"", "" 125.405"", ""  59.702""], ["" 128.199"", "" 126.020"", ""  58.684""], ["" 127.885"", "" 124.010"", ""  59.961""], ["" 128.919"", "" 122.953"", ""  60.396""], ["" 130.226"", "" 122.937"", ""  59.886""], ["" 128.539"", "" 121.982"", ""  61.331""], ["" 131.133"", "" 121.967"", ""  60.305""], ["" 129.446"", "" 121.012"", ""  61.749""], ["" 130.738"", "" 121.008"", ""  61.234""], ["" 126.994"", "" 123.558"", ""  58.788""], ["" 125.602"", "" 123.723"", ""  58.820""], ["" 127.583"", "" 122.944"", ""  57.674""], ["" 124.815"", "" 123.288"", ""  57.756""], ["" 126.797"", "" 122.516"", ""  56.607""], ["" 125.417"", "" 122.688"", ""  56.653""], ["" 124.602"", "" 130.786"", ""  60.968""], ["" 124.841"", "" 132.283"", ""  60.839""], ["" 126.098"", "" 132.828"", ""  61.128""], ["" 123.803"", "" 133.127"", ""  60.428""], ["" 126.316"", "" 134.200"", ""  60.998""], ["" 124.022"", "" 134.499"", ""  60.299""], ["" 125.278"", "" 135.035"", ""  60.583""], ["" 127.870"", "" 134.863"", ""  61.345""]]",[],RR27_Rahimova_2017-again1
132,8311,RR28_Rahimova_2017,4h2i_c_3_mae_prepped,1,20,-10.1,-0.21041666666666667,0.0,0.0,5,182.25,-12.79,-12.27,-0.51,-12.79,0.0,-3.79,2.68,-3.79,79,7,0.0,0.0,0.0,12.722395,14.016705,3.351748,-0.19394443,-0.38111649,0.90395563,261.542877,"349.428284, 349.614227, 38.467453, 60.132595, 203.988892, 150.778442, 8.531748, 239.077637, 307.326782, ","[["" 126.171"", "" 130.814"", ""  57.646""], ["" 127.639"", "" 131.193"", ""  57.338""], ["" 127.943"", "" 131.490"", ""  56.180""], ["" 128.515"", "" 131.326"", ""  58.371""], ["" 129.930"", "" 131.640"", ""  58.111""], ["" 128.287"", "" 130.712"", ""  59.687""], ["" 130.677"", "" 130.284"", ""  58.051""], ["" 129.011"", "" 129.341"", ""  59.681""], ["" 130.540"", "" 129.440"", ""  59.368""], ["" 131.123"", "" 128.002"", ""  59.253""], ["" 131.250"", "" 127.216"", ""  60.409""], ["" 131.538"", "" 127.456"", ""  58.029""], ["" 131.771"", "" 125.928"", ""  60.345""], ["" 132.060"", "" 126.167"", ""  57.963""], ["" 132.179"", "" 125.394"", ""  59.121""], ["" 132.753"", "" 123.979"", ""  59.071""], ["" 133.123"", "" 123.626"", ""  57.838""], ["" 133.821"", "" 123.884"", ""  59.864""], ["" 131.828"", "" 123.116"", ""  59.491""], ["" 131.213"", "" 130.124"", ""  60.495""], ["" 132.252"", "" 130.982"", ""  60.449""], ["" 132.815"", "" 131.328"", ""  59.412""], ["" 130.818"", "" 129.930"", ""  61.403""], ["" 132.729"", "" 131.538"", ""  61.786""], ["" 125.667"", "" 129.484"", ""  57.020""], ["" 126.779"", "" 128.508"", ""  56.569""], ["" 127.359"", "" 127.677"", ""  57.480""], ["" 127.196"", "" 128.602"", ""  55.411""], ["" 126.722"", "" 127.297"", ""  58.747""], ["" 128.340"", "" 126.675"", ""  57.044""], ["" 125.810"", "" 126.090"", ""  58.437""], ["" 127.541"", "" 125.394"", ""  56.681""], ["" 126.541"", "" 124.866"", ""  57.782""], ["" 127.251"", "" 124.076"", ""  58.929""], ["" 126.696"", "" 123.934"", ""  60.212""], ["" 128.501"", "" 123.485"", ""  58.686""], ["" 127.361"", "" 123.221"", ""  61.206""], ["" 129.168"", "" 122.772"", ""  59.677""], ["" 128.600"", "" 122.633"", ""  60.944""], ["" 129.340"", "" 121.844"", ""  62.024""], ["" 128.869"", "" 122.148"", ""  63.234""], ["" 129.161"", "" 120.541"", ""  61.812""], ["" 130.651"", "" 122.093"", ""  62.019""], ["" 125.536"", "" 123.967"", ""  57.178""], ["" 125.718"", "" 122.725"", ""  56.687""], ["" 126.799"", "" 122.136"", ""  56.686""], ["" 124.610"", "" 124.361"", ""  57.096""], ["" 124.486"", "" 122.041"", ""  56.103""]]",[],RR28_Rahimova_2017
133,1738,RR29_Rahimova_2017,4h2i_c_3_mae_prepped,2,19,-8.35,-0.3630434782608695,0.0,0.0,14,184.97,-9.54,-7.3,-2.24,-9.54,0.0,-0.17,1.19,-0.17,63,15,0.0,0.0,0.0,10.157235,9.683521,7.122404,0.1021909,0.92537778,0.36501095,169.171402,"205.992538, 262.638275, 324.141632, 352.123871, ","[["" 129.058"", "" 121.339"", ""  61.797""], ["" 128.570"", "" 122.725"", ""  62.195""], ["" 129.430"", "" 123.586"", ""  62.599""], ["" 127.043"", "" 122.895"", ""  62.034""], ["" 126.697"", "" 124.003"", ""  61.017""], ["" 126.689"", "" 123.490"", ""  59.586""], ["" 125.506"", "" 123.542"", ""  58.828""], ["" 127.869"", "" 122.966"", ""  59.019""], ["" 125.553"", "" 123.069"", ""  57.521""], ["" 127.883"", "" 122.487"", ""  57.702""], ["" 124.548"", "" 122.987"", ""  56.609""], ["" 126.699"", "" 122.560"", ""  56.978""], ["" 125.160"", "" 122.607"", ""  55.405""], ["" 126.448"", "" 122.142"", ""  55.709""], ["" 129.003"", "" 124.866"", ""  62.878""], ["" 129.793"", "" 125.829"", ""  63.380""], ["" 131.090"", "" 125.684"", ""  63.655""], ["" 129.247"", "" 127.012"", ""  63.619""], ["" 128.026"", "" 125.063"", ""  62.714""], ["" 131.688"", "" 126.494"", ""  63.725""], ["" 131.471"", "" 124.757"", ""  63.782""], ["" 128.248"", "" 127.092"", ""  63.738""], ["" 129.833"", "" 127.831"", ""  63.688""]]",[],RR29_Rahimova_2017
134,8070,RR29_Rahimova_2017-again1,4h2i_c_3_mae_prepped,1,5,-6.68,-0.30363636363636365,0.0,0.0,6,182.88,-7.87,-7.7,-0.17,-7.87,0.0,-0.42,1.19,-0.42,54,7,0.0,0.0,0.0,13.094504,8.553901,5.034485,0.79061973,0.4948245,-0.36065102,176.84024,"275.338074, 269.979553, 329.644745, 10.258075, ","[["" 127.493"", "" 122.505"", ""  62.868""], ["" 128.873"", "" 122.484"", ""  62.229""], ["" 129.696"", "" 121.545"", ""  62.540""], ["" 129.105"", "" 123.635"", ""  61.231""], ["" 129.249"", "" 123.111"", ""  59.787""], ["" 127.925"", "" 123.114"", ""  59.038""], ["" 127.846"", "" 122.558"", ""  57.750""], ["" 126.780"", "" 123.673"", ""  59.638""], ["" 126.611"", "" 122.577"", ""  57.110""], ["" 125.550"", "" 123.688"", ""  58.965""], ["" 126.289"", "" 122.132"", ""  55.868""], ["" 125.504"", "" 123.123"", ""  57.696""], ["" 124.892"", "" 122.225"", ""  55.783""], ["" 124.453"", "" 123.038"", ""  56.838""], ["" 130.849"", "" 121.548"", ""  61.953""], ["" 131.045"", "" 120.675"", ""  61.034""], ["" 130.144"", "" 119.678"", ""  60.565""], ["" 132.270"", "" 120.608"", ""  60.337""], ["" 129.217"", "" 119.569"", ""  60.953""], ["" 130.388"", "" 119.027"", ""  59.836""], ["" 133.035"", "" 121.236"", ""  60.535""], ["" 132.446"", "" 119.927"", ""  59.614""]]",[],RR29_Rahimova_2017-again1
135,1752,RR2_Rahimova_2017,4h2i_c_3_mae_prepped,1,13,-10.31,-0.21040816326530612,0.0,0.0,1,185.88,-13.89,-13.71,-0.18,-13.89,0.0,-4.77,3.58,-4.77,72,11,0.0,0.0,0.0,13.508298,13.035002,2.072425,0.78734144,0.52360586,-0.32546944,236.303024,"158.471329, 91.863914, 101.176506, 277.446198, 321.758636, 324.083527, 156.681366, 204.718109, 65.115456, 60.922195, 138.669952, 17.975168, ","[["" 128.437"", "" 132.135"", ""  54.866""], ["" 128.045"", "" 130.525"", ""  55.481""], ["" 127.521"", "" 128.840"", ""  56.753""], ["" 127.488"", "" 128.423"", ""  55.510""], ["" 127.867"", "" 130.180"", ""  56.808""], ["" 127.841"", "" 129.493"", ""  54.701""], ["" 127.215"", "" 127.962"", ""  57.924""], ["" 126.629"", "" 126.330"", ""  60.119""], ["" 126.004"", "" 127.574"", ""  59.980""], ["" 127.550"", "" 125.911"", ""  59.158""], ["" 126.290"", "" 128.381"", ""  58.883""], ["" 127.842"", "" 126.720"", ""  58.064""], ["" 126.388"", "" 125.480"", ""  61.209""], ["" 126.568"", "" 125.841"", ""  62.134""], ["" 125.831"", "" 123.797"", ""  61.076""], ["" 124.407"", "" 123.814"", ""  61.430""], ["" 126.777"", "" 122.945"", ""  61.805""], ["" 125.923"", "" 123.409"", ""  59.329""], ["" 126.097"", "" 122.770"", ""  56.626""], ["" 124.914"", "" 123.304"", ""  57.141""], ["" 127.191"", "" 122.550"", ""  57.466""], ["" 124.826"", "" 123.627"", ""  58.493""], ["" 127.105"", "" 122.871"", ""  58.817""], ["" 126.186"", "" 122.405"", ""  55.156""], ["" 127.970"", "" 131.014"", ""  57.941""], ["" 129.182"", "" 131.112"", ""  58.625""], ["" 126.856"", "" 131.740"", ""  58.369""], ["" 129.278"", "" 131.941"", ""  59.740""], ["" 126.957"", "" 132.565"", ""  59.485""], ["" 128.173"", "" 132.671"", ""  60.180""], ["" 128.365"", "" 133.464"", ""  61.295""], ["" 127.735"", "" 134.739"", ""  61.359""], ["" 130.264"", "" 132.102"", ""  54.974""], ["" 130.835"", "" 131.130"", ""  56.015""], ["" 130.480"", "" 129.838"", ""  55.861""], ["" 131.580"", "" 131.556"", ""  56.903""], ["" 130.078"", "" 129.469"", ""  55.011""], ["" 131.145"", "" 128.879"", ""  56.617""], ["" 130.795"", "" 127.582"", ""  56.454""], ["" 129.874"", "" 127.204"", ""  55.721""], ["" 132.100"", "" 129.148"", ""  56.806""], ["" 131.621"", "" 126.571"", ""  57.225""], ["" 132.623"", "" 125.846"", ""  56.566""], ["" 131.410"", "" 126.336"", ""  58.593""], ["" 133.399"", "" 124.918"", ""  57.255""], ["" 132.186"", "" 125.406"", ""  59.279""], ["" 133.186"", "" 124.692"", ""  58.622""], ["" 133.908"", "" 123.795"", ""  59.387""], ["" 133.313"", "" 123.244"", ""  60.556""]]",[],RR2_Rahimova_2017
136,1712,RR30_Rahimova_2017,4h2i_c_3_mae_prepped,1,9,-7.31,-0.38473684210526315,0.0,0.0,3,196.41,-8.8,-8.43,-0.37,-8.8,0.0,-0.42,1.49,-0.42,39,5,0.0,0.0,0.0,10.81686,17.91457,18.439127,0.34956195,-0.04854137,0.93565495,244.457352,"97.592087, 142.809219, 27.843941, 71.626282, 48.002594, ","[["" 127.120"", "" 133.000"", ""  73.563""], ["" 128.480"", "" 132.988"", ""  72.862""], ["" 128.992"", "" 131.908"", ""  72.558""], ["" 129.048"", "" 134.197"", ""  72.653""], ["" 128.546"", "" 135.012"", ""  72.974""], ["" 130.271"", "" 134.439"", ""  72.044""], ["" 130.500"", "" 134.866"", ""  70.822""], ["" 131.713"", "" 134.161"", ""  72.969""], ["" 131.857"", "" 134.993"", ""  70.554""], ["" 132.622"", "" 134.663"", ""  71.569""], ["" 134.132"", "" 134.714"", ""  71.520""], ["" 127.262"", "" 132.664"", ""  75.347""], ["" 125.893"", "" 131.573"", ""  75.561""], ["" 124.716"", "" 131.857"", ""  76.059""], ["" 126.014"", "" 130.268"", ""  75.206""], ["" 123.989"", "" 130.670"", ""  76.030""], ["" 124.794"", "" 129.768"", ""  75.525""], ["" 124.513"", "" 128.305"", ""  75.262""], ["" 125.252"", "" 127.785"", ""  74.020""]]",[],RR30_Rahimova_2017
137,7985,RR31_Rahimova_2017,4h2i_c_3_mae_prepped,1,6,-7.76,-0.36952380952380953,0.0,0.0,2,188.28,-9.26,-6.94,-2.32,-9.26,0.0,-0.22,1.49,-0.22,57,12,0.0,0.0,0.0,14.65674,7.602219,7.068482,-0.34396946,-0.24241786,0.90714861,81.68512,"4.159817, 19.355177, 352.501099, 320.855316, 123.708046, ","[["" 132.312"", "" 125.059"", ""  61.661""], ["" 132.085"", "" 123.615"", ""  61.777""], ["" 131.331"", "" 120.906"", ""  60.859""], ["" 130.469"", "" 121.732"", ""  61.726""], ["" 132.728"", "" 121.379"", ""  60.929""], ["" 130.682"", "" 123.255"", ""  61.559""], ["" 132.879"", "" 122.909"", ""  60.772""], ["" 131.056"", "" 119.559"", ""  60.609""], ["" 131.535"", "" 117.500"", ""  59.375""], ["" 130.504"", "" 116.839"", ""  60.060""], ["" 131.796"", "" 118.847"", ""  59.654""], ["" 129.754"", "" 117.539"", ""  61.007""], ["" 130.023"", "" 118.879"", ""  61.275""], ["" 132.373"", "" 116.784"", ""  58.323""], ["" 130.185"", "" 115.374"", ""  59.795""], ["" 132.089"", "" 125.813"", ""  62.987""], ["" 130.605"", "" 125.873"", ""  63.381""], ["" 130.457"", "" 125.689"", ""  64.896""], ["" 129.501"", "" 125.860"", ""  65.175""], ["" 131.059"", "" 126.336"", ""  65.385""], ["" 130.709"", "" 124.747"", ""  65.159""]]",[],RR31_Rahimova_2017
138,8029,RR32_Rahimova_2017,4h2i_c_3_mae_prepped,2,19,-6.66,-0.37,0.0,0.0,20,185.37,-6.95,-6.91,-0.05,-6.95,0.0,-0.31,0.3,-0.31,37,1,0.0,0.0,0.0,11.931234,8.18284,4.297777,-0.97148956,-0.07381197,-0.22529941,103.509621,"175.987076, ","[["" 125.363"", "" 123.835"", ""  60.987""], ["" 126.384"", "" 123.433"", ""  59.928""], ["" 127.706"", "" 123.233"", ""  60.329""], ["" 128.664"", "" 122.862"", ""  59.390""], ["" 128.372"", "" 122.685"", ""  58.076""], ["" 127.093"", "" 122.876"", ""  57.654""], ["" 126.817"", "" 122.687"", ""  56.278""], ["" 125.528"", "" 122.869"", ""  55.790""], ["" 124.496"", "" 123.236"", ""  56.645""], ["" 124.733"", "" 123.430"", ""  58.003""], ["" 126.039"", "" 123.256"", ""  58.547""], ["" 129.974"", "" 122.664"", ""  59.791""], ["" 130.738"", "" 123.852"", ""  60.214""], ["" 130.224"", "" 121.571"", ""  60.750""], ["" 132.235"", "" 123.557"", ""  60.468""], ["" 131.728"", "" 121.309"", ""  60.999""], ["" 132.380"", "" 122.521"", ""  61.490""], ["" 133.792"", "" 122.265"", ""  61.753""]]",[],RR32_Rahimova_2017
139,1621,RR32_Rahimova_2017-again1,4h2i_c_3_mae_prepped,1,17,-6.89,-0.3626315789473684,0.0,0.0,3,186.19,-7.19,-5.77,-1.41,-7.19,0.0,-0.32,0.3,-0.32,50,3,0.0,0.0,0.0,12.538057,6.824387,6.823319,0.14542795,-0.16681545,0.97520424,122.728523,"308.914795, ","[["" 132.831"", "" 122.020"", ""  59.905""], ["" 131.589"", "" 121.514"", ""  60.624""], ["" 130.762"", "" 122.404"", ""  61.309""], ["" 129.618"", "" 121.937"", ""  61.966""], ["" 129.299"", "" 120.613"", ""  61.978""], ["" 130.086"", "" 119.722"", ""  61.317""], ["" 129.715"", "" 118.356"", ""  61.338""], ["" 130.490"", "" 117.410"", ""  60.671""], ["" 131.634"", "" 117.794"", ""  59.980""], ["" 132.025"", "" 119.130"", ""  59.942""], ["" 131.259"", "" 120.125"", ""  60.610""], ["" 128.780"", "" 122.809"", ""  62.668""], ["" 129.168"", "" 124.220"", ""  62.867""], ["" 127.307"", "" 122.776"", ""  62.540""], ["" 128.750"", "" 125.124"", ""  61.683""], ["" 126.781"", "" 123.611"", ""  61.349""], ["" 127.216"", "" 125.078"", ""  61.547""], ["" 126.744"", "" 125.950"", ""  60.368""], ["" 126.808"", "" 125.419"", ""  62.406""]]",[],RR32_Rahimova_2017-again1
140,8038,RR32_Rahimova_2017-again2,4h2i_c_3_mae_prepped,5,7,-6.99,-0.34950000000000003,0.0,0.0,19,187.39,-7.29,-4.52,-2.77,-7.29,0.0,0.14,0.3,0.14,29,3,0.0,0.0,0.0,10.820902,10.532811,5.142213,0.47573851,-0.27131696,0.83669587,98.232697,"31.564148, ","[["" 129.107"", "" 124.375"", ""  56.405""], ["" 128.098"", "" 124.696"", ""  57.499""], ["" 128.447"", "" 125.555"", ""  58.546""], ["" 127.534"", "" 125.858"", ""  59.565""], ["" 126.307"", "" 125.302"", ""  59.498""], ["" 125.875"", "" 124.450"", ""  58.509""], ["" 124.564"", "" 123.921"", ""  58.535""], ["" 124.160"", "" 123.064"", ""  57.515""], ["" 125.031"", "" 122.729"", ""  56.482""], ["" 126.327"", "" 123.244"", ""  56.444""], ["" 126.788"", "" 124.124"", ""  57.463""], ["" 125.653"", "" 125.536"", ""  60.230""], ["" 127.839"", "" 126.747"", ""  60.657""], ["" 127.774"", "" 126.275"", ""  62.066""], ["" 128.894"", "" 127.789"", ""  60.570""], ["" 129.107"", "" 125.598"", ""  62.480""], ["" 130.288"", "" 127.193"", ""  60.899""], ["" 130.268"", "" 126.610"", ""  62.332""], ["" 131.619"", "" 125.956"", ""  62.681""], ["" 130.095"", "" 127.374"", ""  62.972""]]",[],RR32_Rahimova_2017-again2
141,1441,RR33_Rahimova_2017,4h2i_c_3_mae_prepped,1,4,-5.52,-0.2905263157894737,0.0,0.0,1,185.34,-7.02,-6.73,-0.28,-7.02,0.0,-0.52,1.49,-0.52,40,4,0.0,0.0,0.0,13.097647,9.264899,5.191785,-0.85709756,0.06288389,-0.51130167,232.39418,"103.043228, 276.092651, 240.247681, 183.412064, 122.394241, ","[["" 127.599"", "" 122.980"", ""  57.082""], ["" 127.442"", "" 122.471"", ""  58.370""], ["" 128.235"", "" 122.934"", ""  59.416""], ["" 129.202"", "" 123.917"", ""  59.188""], ["" 129.366"", "" 124.428"", ""  57.896""], ["" 128.572"", "" 123.965"", ""  56.849""], ["" 126.765"", "" 122.464"", ""  56.109""], ["" 125.562"", "" 123.153"", ""  55.781""], ["" 124.536"", "" 122.908"", ""  56.891""], ["" 130.053"", "" 124.414"", ""  60.312""], ["" 131.365"", "" 124.415"", ""  60.386""], ["" 129.445"", "" 124.934"", ""  61.410""], ["" 131.648"", "" 124.952"", ""  61.563""], ["" 130.471"", "" 125.284"", ""  62.220""], ["" 130.123"", "" 125.910"", ""  63.548""], ["" 133.083"", "" 125.135"", ""  62.008""], ["" 133.506"", "" 124.026"", ""  62.850""], ["" 133.476"", "" 122.777"", ""  62.106""], ["" 132.880"", "" 123.951"", ""  63.640""]]",[],RR33_Rahimova_2017
142,1590,RR33_Rahimova_2017-again1,4h2i_c_3_mae_prepped,1,16,-6.39,-0.3195,0.0,0.0,17,185.59,-7.88,-5.47,-2.41,-7.88,0.0,-1.04,1.49,-1.04,43,5,0.0,0.0,0.0,13.05371,9.810559,4.854415,-0.82293483,0.02366778,-0.56764258,236.957397,"103.866089, 270.484558, 83.968567, 66.168579, 116.916939, ","[["" 127.502"", "" 122.842"", ""  56.904""], ["" 127.148"", "" 122.471"", ""  58.201""], ["" 127.772"", "" 123.052"", ""  59.301""], ["" 128.766"", "" 124.019"", ""  59.117""], ["" 129.125"", "" 124.394"", ""  57.818""], ["" 128.500"", "" 123.811"", ""  56.719""], ["" 126.828"", "" 122.210"", ""  55.876""], ["" 125.622"", "" 122.780"", ""  55.377""], ["" 124.499"", "" 122.520"", ""  56.385""], ["" 129.440"", "" 124.644"", ""  60.296""], ["" 128.902"", "" 125.423"", ""  61.209""], ["" 130.764"", "" 124.415"", ""  60.490""], ["" 129.887"", "" 125.722"", ""  62.043""], ["" 131.059"", "" 125.110"", ""  61.614""], ["" 132.485"", "" 125.060"", ""  62.102""], ["" 129.655"", "" 126.625"", ""  63.239""], ["" 128.164"", "" 126.997"", ""  63.307""], ["" 127.843"", "" 128.362"", ""  62.683""], ["" 127.628"", "" 126.285"", ""  62.833""], ["" 127.879"", "" 127.006"", ""  64.277""]]",[],RR33_Rahimova_2017-again1
143,8015,RR3_Rahimova_2017,4h2i_c_3_mae_prepped,1,20,-10.18,-0.2545,0.0,0.0,19,184.12,-11.68,-11.66,-0.02,-11.68,0.0,-1.67,1.49,-1.67,88,3,0.0,0.0,0.0,9.612027,15.04755,7.189657,0.54893405,0.3448494,0.76141335,125.024773,"142.09288, 136.24437, 39.309036, 242.443344, 247.230484, ","[["" 126.029"", "" 130.310"", ""  61.095""], ["" 126.136"", "" 130.670"", ""  62.449""], ["" 125.877"", "" 132.017"", ""  62.443""], ["" 125.671"", "" 132.395"", ""  61.145""], ["" 125.767"", "" 131.368"", ""  60.336""], ["" 125.869"", "" 132.625"", ""  63.249""], ["" 126.154"", "" 128.954"", ""  60.473""], ["" 126.384"", "" 126.405"", ""  59.295""], ["" 126.654"", "" 126.594"", ""  60.657""], ["" 126.006"", "" 127.519"", ""  58.532""], ["" 126.544"", "" 127.853"", ""  61.240""], ["" 125.896"", "" 128.779"", ""  59.112""], ["" 126.498"", "" 125.051"", ""  58.668""], ["" 127.751"", "" 124.445"", ""  58.487""], ["" 125.355"", "" 124.357"", ""  58.246""], ["" 127.858"", "" 123.185"", ""  57.905""], ["" 125.457"", "" 123.096"", ""  57.664""], ["" 126.710"", "" 122.515"", ""  57.496""], ["" 126.471"", "" 129.915"", ""  63.694""], ["" 125.483"", "" 129.185"", ""  64.356""], ["" 127.772"", "" 129.925"", ""  64.201""], ["" 125.787"", "" 128.491"", ""  65.523""], ["" 128.073"", "" 129.229"", ""  65.368""], ["" 127.086"", "" 128.506"", ""  66.052""], ["" 127.405"", "" 127.774"", ""  67.318""], ["" 128.660"", "" 127.911"", ""  67.931""], ["" 126.454"", "" 126.938"", ""  67.922""], ["" 128.955"", "" 127.233"", ""  69.112""], ["" 126.746"", "" 126.260"", ""  69.102""], ["" 127.996"", "" 126.409"", ""  69.693""], ["" 125.389"", "" 133.768"", ""  60.733""], ["" 124.185"", "" 134.233"", ""  60.233""], ["" 126.272"", "" 134.911"", ""  60.757""], ["" 124.272"", "" 135.572"", ""  59.958""], ["" 125.534"", "" 136.032"", ""  60.264""], ["" 127.609"", "" 135.114"", ""  61.145""], ["" 126.091"", "" 137.311"", ""  60.155""], ["" 128.164"", "" 136.387"", ""  61.036""], ["" 127.420"", "" 137.458"", ""  60.552""], ["" 123.497"", "" 136.101"", ""  59.586""]]",[],RR3_Rahimova_2017
144,8177,RR4_Rahimova_2017,4h2i_c_3_mae_prepped,1,17,-10.0,-0.24390243902439024,0.0,0.0,2,182.62,-12.39,-12.19,-0.2,-12.39,0.0,-2.85,2.39,-2.85,63,5,0.0,0.0,0.0,13.361056,13.126667,6.924841,0.93633879,0.03771145,0.34906663,213.18251,"337.731262, 170.488281, 204.35701, 18.238995, 136.45433, 244.589508, 32.759109, 291.981476, ","[["" 126.715"", "" 128.207"", ""  61.639""], ["" 126.510"", "" 127.246"", ""  60.641""], ["" 127.265"", "" 126.068"", ""  60.620""], ["" 128.227"", "" 125.847"", ""  61.551""], ["" 128.468"", "" 126.774"", ""  62.508""], ["" 127.723"", "" 127.972"", ""  62.607""], ["" 127.978"", "" 128.944"", ""  63.673""], ["" 128.180"", "" 129.712"", ""  64.515""], ["" 125.852"", "" 129.426"", ""  61.615""], ["" 124.238"", "" 131.728"", ""  61.603""], ["" 124.092"", "" 130.767"", ""  62.603""], ["" 125.203"", "" 131.532"", ""  60.603""], ["" 124.893"", "" 129.628"", ""  62.612""], ["" 126.003"", "" 130.393"", ""  60.614""], ["" 123.401"", "" 132.825"", ""  61.676""], ["" 123.780"", "" 134.032"", ""  61.022""], ["" 127.082"", "" 125.004"", ""  59.576""], ["" 126.078"", "" 125.112"", ""  58.603""], ["" 127.906"", "" 123.867"", ""  59.544""], ["" 125.907"", "" 124.128"", ""  57.634""], ["" 127.738"", "" 122.881"", ""  58.576""], ["" 126.731"", "" 123.006"", ""  57.609""], ["" 126.488"", "" 122.080"", ""  56.612""], ["" 125.848"", "" 122.504"", ""  55.413""], ["" 129.777"", "" 126.320"", ""  63.625""], ["" 131.291"", "" 126.075"", ""  62.638""], ["" 131.642"", "" 124.606"", ""  62.364""], ["" 130.597"", "" 123.836"", ""  61.981""], ["" 132.803"", "" 124.207"", ""  62.483""], ["" 129.698"", "" 124.291"", ""  61.924""], ["" 130.590"", "" 122.475"", ""  61.665""], ["" 131.517"", "" 121.817"", ""  60.843""], ["" 129.384"", "" 121.369"", ""  62.264""], ["" 132.634"", "" 122.488"", ""  60.184""], ["" 131.261"", "" 120.430"", ""  60.724""], ["" 130.119"", "" 120.031"", ""  61.435""], ["" 133.520"", "" 123.019"", ""  59.662""], ["" 132.067"", "" 119.437"", ""  59.878""], ["" 129.526"", "" 118.628"", ""  61.445""], ["" 131.247"", "" 118.153"", ""  59.616""], ["" 130.566"", "" 117.630"", ""  60.893""]]",[],RR4_Rahimova_2017
145,1746,RR5_Rahimova_2017,4h2i_c_3_mae_prepped,1,5,-10.35,-0.21562499999999998,0.0,0.0,1,184.73,-13.93,-13.54,-0.39,-13.93,0.0,-4.55,3.58,-4.55,71,8,0.0,0.0,0.0,11.286879,16.025614,6.172769,-0.41639167,-0.46146102,-0.783372,107.200966,"44.329117, 114.564377, 116.792282, 78.850792, 179.667633, 64.740242, 146.01178, 105.485352, 314.41568, 19.814222, 255.544098, 167.018951, ","[["" 128.206"", "" 127.522"", ""  62.409""], ["" 127.088"", "" 127.244"", ""  61.341""], ["" 127.606"", "" 126.576"", ""  60.053""], ["" 127.661"", "" 127.225"", ""  59.010""], ["" 127.942"", "" 125.271"", ""  60.168""], ["" 127.929"", "" 124.925"", ""  61.116""], ["" 128.470"", "" 124.258"", ""  59.206""], ["" 127.176"", "" 123.834"", ""  58.434""], ["" 127.225"", "" 122.920"", ""  57.368""], ["" 125.920"", "" 124.361"", ""  58.795""], ["" 126.067"", "" 122.549"", ""  56.690""], ["" 124.764"", "" 123.999"", ""  58.111""], ["" 124.842"", "" 123.093"", ""  57.059""], ["" 129.509"", "" 124.983"", ""  58.287""], ["" 129.315"", "" 125.097"", ""  56.901""], ["" 130.677"", "" 125.533"", ""  58.844""], ["" 130.262"", "" 125.730"", ""  56.099""], ["" 131.628"", "" 126.158"", ""  58.044""], ["" 131.416"", "" 126.255"", ""  56.673""], ["" 129.066"", "" 123.101"", ""  60.078""], ["" 130.426"", "" 122.755"", ""  59.990""], ["" 128.266"", "" 122.380"", ""  60.983""], ["" 130.960"", "" 121.722"", ""  60.756""], ["" 128.795"", "" 121.346"", ""  61.751""], ["" 130.141"", "" 121.019"", ""  61.631""], ["" 128.576"", "" 128.942"", ""  62.568""], ["" 127.844"", "" 129.799"", ""  63.378""], ["" 126.871"", "" 129.502"", ""  64.075""], ["" 129.269"", "" 129.328"", ""  61.942""], ["" 128.366"", "" 131.033"", ""  63.270""], ["" 127.537"", "" 132.177"", ""  63.086""], ["" 127.245"", "" 132.408"", ""  61.587""], ["" 125.957"", "" 131.760"", ""  61.111""], ["" 127.011"", "" 133.862"", ""  61.222""], ["" 125.569"", "" 130.417"", ""  61.152""], ["" 125.089"", "" 132.717"", ""  60.587""], ["" 125.748"", "" 134.031"", ""  60.654""], ["" 127.855"", "" 134.964"", ""  61.377""], ["" 124.313"", "" 130.042"", ""  60.672""], ["" 123.832"", "" 132.345"", ""  60.107""], ["" 125.318"", "" 135.298"", ""  60.252""], ["" 127.431"", "" 136.230"", ""  60.973""], ["" 123.446"", "" 131.004"", ""  60.151""], ["" 126.163"", "" 136.396"", ""  60.411""], ["" 129.472"", "" 126.682"", ""  62.111""], ["" 129.602"", "" 125.505"", ""  62.383""], ["" 130.402"", "" 127.461"", ""  61.484""], ["" 130.840"", "" 128.063"", ""  62.090""]]",[],RR5_Rahimova_2017
146,8003,RR5_Rahimova_2017-again1,4h2i_c_3_mae_prepped,1,1,-11.09,-0.23595744680851063,0.0,0.0,4,186.06,-14.37,-13.48,-0.89,-14.37,0.0,-4.23,3.28,-4.23,73,4,0.0,0.0,0.0,7.624638,13.325259,2.4789,0.04627418,0.69141239,0.72097684,294.050232,"185.411514, 44.78075, 327.954681, 101.860229, 33.953224, 197.848648, 240.540817, 285.740173, 215.848679, 34.783302, 306.927032, ","[["" 125.252"", "" 128.852"", ""  57.013""], ["" 124.539"", "" 130.039"", ""  57.740""], ["" 125.236"", "" 130.600"", ""  58.997""], ["" 124.590"", "" 130.695"", ""  60.040""], ["" 126.492"", "" 131.079"", ""  58.865""], ["" 126.947"", "" 130.889"", ""  57.984""], ["" 127.385"", "" 131.683"", ""  59.886""], ["" 126.893"", "" 133.121"", ""  60.246""], ["" 125.529"", "" 133.455"", ""  60.180""], ["" 127.800"", "" 134.111"", ""  60.667""], ["" 125.086"", "" 134.732"", ""  60.512""], ["" 127.358"", "" 135.389"", ""  61.001""], ["" 126.003"", "" 135.694"", ""  60.922""], ["" 127.414"", "" 130.948"", ""  61.265""], ["" 127.730"", "" 131.642"", ""  62.446""], ["" 127.110"", "" 129.580"", ""  61.362""], ["" 127.758"", "" 130.991"", ""  63.676""], ["" 127.137"", "" 128.925"", ""  62.590""], ["" 127.463"", "" 129.633"", ""  63.743""], ["" 128.787"", "" 131.739"", ""  59.185""], ["" 129.947"", "" 131.254"", ""  59.813""], ["" 128.902"", "" 132.232"", ""  57.873""], ["" 131.181"", "" 131.293"", ""  59.171""], ["" 130.135"", "" 132.272"", ""  57.228""], ["" 131.271"", "" 131.807"", ""  57.881""], ["" 125.910"", "" 127.993"", ""  58.020""], ["" 126.854"", "" 127.038"", ""  57.660""], ["" 127.233"", "" 126.775"", ""  56.515""], ["" 125.712"", "" 128.155"", ""  58.997""], ["" 127.300"", "" 126.430"", ""  58.776""], ["" 126.415"", "" 126.128"", ""  59.848""], ["" 126.259"", "" 124.602"", ""  59.992""], ["" 126.049"", "" 123.886"", ""  58.670""], ["" 127.516"", "" 123.931"", ""  60.510""], ["" 125.034"", "" 124.043"", ""  57.722""], ["" 127.068"", "" 122.958"", ""  58.446""], ["" 127.983"", "" 122.984"", ""  59.597""], ["" 128.206"", "" 124.139"", ""  61.708""], ["" 125.047"", "" 123.279"", ""  56.554""], ["" 127.082"", "" 122.191"", ""  57.279""], ["" 129.140"", "" 122.250"", ""  59.868""], ["" 129.362"", "" 123.405"", ""  61.983""], ["" 126.070"", "" 122.355"", ""  56.332""], ["" 129.828"", "" 122.463"", ""  61.064""], ["" 126.271"", "" 129.356"", ""  55.913""], ["" 126.361"", "" 128.609"", ""  54.910""], ["" 126.846"", "" 130.450"", ""  56.132""]]",[],RR5_Rahimova_2017-again1
147,9143,RR6_Rahimova_2017,4h2i_c_3_mae_prepped,1,20,-8.61,-0.22076923076923075,0.0,0.0,1,186.94,-11.29,-10.84,-0.45,-11.29,0.0,-3.01,2.68,-3.01,54,8,0.0,0.0,0.0,10.991116,15.683916,3.762125,0.9484539,-0.25887836,0.18280372,131.212067,"255.554611, 74.718307, 301.377777, 42.302372, 250.054901, 204.456558, 262.249481, 137.727478, 9.137242, ","[["" 131.273"", "" 130.469"", ""  59.661""], ["" 131.154"", "" 129.387"", ""  58.198""], ["" 130.662"", "" 127.780"", ""  58.786""], ["" 130.938"", "" 126.210"", ""  60.506""], ["" 130.013"", "" 125.356"", ""  59.897""], ["" 131.255"", "" 127.404"", ""  59.944""], ["" 129.388"", "" 125.721"", ""  58.696""], ["" 129.724"", "" 126.968"", ""  58.115""], ["" 129.130"", "" 127.398"", ""  56.845""], ["" 128.660"", "" 127.738"", ""  55.844""], ["" 131.593"", "" 125.897"", ""  61.819""], ["" 132.832"", "" 125.328"", ""  64.279""], ["" 131.530"", "" 125.826"", ""  64.251""], ["" 133.519"", "" 125.112"", ""  63.087""], ["" 130.917"", "" 126.105"", ""  63.032""], ["" 132.902"", "" 125.392"", ""  61.872""], ["" 133.499"", "" 125.034"", ""  65.610""], ["" 128.398"", "" 124.770"", ""  58.110""], ["" 128.636"", "" 124.188"", ""  56.861""], ["" 127.236"", "" 124.424"", ""  58.807""], ["" 127.724"", "" 123.287"", ""  56.315""], ["" 126.322"", "" 123.524"", ""  58.263""], ["" 126.563"", "" 122.947"", ""  57.007""], ["" 125.719"", "" 122.045"", ""  56.389""], ["" 124.507"", "" 122.515"", ""  55.809""], ["" 129.960"", "" 130.597"", ""  60.440""], ["" 129.705"", "" 129.605"", ""  61.321""], ["" 129.210"", "" 131.542"", ""  60.193""], ["" 130.379"", "" 128.854"", ""  61.352""], ["" 128.572"", "" 129.400"", ""  62.130""], ["" 127.779"", "" 128.242"", ""  62.117""], ["" 128.249"", "" 130.442"", ""  62.999""], ["" 126.693"", "" 128.130"", ""  62.982""], ["" 127.164"", "" 130.327"", ""  63.865""], ["" 126.375"", "" 129.169"", ""  63.870""], ["" 125.217"", "" 129.077"", ""  64.821""], ["" 125.277"", "" 128.496"", ""  65.909""], ["" 124.097"", "" 129.696"", ""  64.364""], ["" 123.882"", "" 129.884"", ""  62.973""]]",[],RR6_Rahimova_2017
148,7813,RR7_Rahimova_2017,4h2i_c_3_mae_prepped,1,18,-10.55,-0.21530612244897962,0.0,0.0,11,187.85,-13.83,-13.68,-0.15,-13.83,0.0,-4.19,3.28,-4.19,71,6,0.0,0.0,0.0,11.488937,12.933223,0.951037,0.21579787,0.60280792,0.76814965,253.973679,"351.02951, 124.524879, 297.206085, 8.416037, 60.691364, 186.206696, 24.090881, 173.303329, 173.399429, 356.790375, 313.900574, ","[["" 128.953"", "" 125.401"", ""  56.593""], ["" 130.390"", "" 125.942"", ""  56.520""], ["" 131.270"", "" 125.613"", ""  57.734""], ["" 131.089"", "" 126.816"", ""  58.643""], ["" 130.989"", "" 127.928"", ""  57.605""], ["" 130.296"", "" 127.364"", ""  56.528""], ["" 132.628"", "" 125.413"", ""  57.379""], ["" 132.681"", "" 124.663"", ""  56.782""], ["" 130.315"", "" 129.129"", ""  58.058""], ["" 130.653"", "" 129.925"", ""  59.142""], ["" 129.277"", "" 129.808"", ""  57.444""], ["" 131.622"", "" 129.759"", ""  60.052""], ["" 129.732"", "" 131.003"", ""  59.120""], ["" 128.884"", "" 130.900"", ""  58.050""], ["" 131.642"", "" 130.739"", ""  60.994""], ["" 129.842"", "" 131.961"", ""  60.147""], ["" 130.817"", "" 131.814"", ""  61.094""], ["" 128.943"", "" 133.043"", ""  60.161""], ["" 128.008"", "" 133.362"", ""  61.087""], ["" 127.783"", "" 132.701"", ""  62.104""], ["" 129.014"", "" 133.656"", ""  59.361""], ["" 127.190"", "" 134.602"", ""  60.792""], ["" 127.746"", "" 135.870"", ""  61.021""], ["" 125.885"", "" 134.515"", ""  60.279""], ["" 127.015"", "" 137.023"", ""  60.752""], ["" 125.154"", "" 135.670"", ""  60.008""], ["" 125.723"", "" 136.919"", ""  60.247""], ["" 128.817"", "" 124.595"", ""  57.768""], ["" 127.576"", "" 124.595"", ""  58.507""], ["" 127.803"", "" 123.730"", ""  59.775""], ["" 128.939"", "" 122.910"", ""  59.879""], ["" 126.878"", "" 123.733"", ""  60.832""], ["" 129.146"", "" 122.120"", ""  61.005""], ["" 127.085"", "" 122.944"", ""  61.960""], ["" 128.218"", "" 122.140"", ""  62.041""], ["" 127.270"", "" 126.086"", ""  58.853""], ["" 127.792"", "" 126.701"", ""  60.000""], ["" 126.408"", "" 126.828"", ""  58.033""], ["" 127.481"", "" 128.023"", ""  60.302""], ["" 126.096"", "" 128.150"", ""  58.335""], ["" 126.635"", "" 128.760"", ""  59.476""], ["" 126.379"", "" 130.063"", ""  59.859""], ["" 125.172"", "" 130.687"", ""  59.433""], ["" 126.483"", "" 123.853"", ""  57.686""], ["" 126.822"", "" 123.168"", ""  56.509""], ["" 125.136"", "" 123.879"", ""  58.083""], ["" 125.850"", "" 122.509"", ""  55.762""], ["" 124.162"", "" 123.221"", ""  57.338""], ["" 124.523"", "" 122.537"", ""  56.182""]]",[],RR7_Rahimova_2017
149,8441,RR8_A_Rahimova_2017,4h2i_c_3_mae_prepped,1,9,-10.87,-0.25880952380952377,0.0,0.0,5,186.94,-15.04,-14.69,-0.36,-15.04,0.0,-3.78,4.18,-3.78,71,8,0.0,0.0,0.0,12.836307,12.507534,1.193589,-0.79406771,-0.59780418,-0.10993925,206.150497,"133.220718, 319.019562, 286.028168, 0.70681, 53.6759, 99.986473, 357.691803, 158.856979, 82.885345, 345.910004, 329.028351, 149.487198, 309.393127, 164.996445, ","[["" 129.971"", "" 127.354"", ""  56.352""], ["" 128.464"", "" 127.168"", ""  56.466""], ["" 128.008"", "" 128.522"", ""  55.954""], ["" 128.992"", "" 128.817"", ""  54.813""], ["" 130.152"", "" 128.069"", ""  55.164""], ["" 130.578"", "" 126.093"", ""  56.294""], ["" 131.939"", "" 126.038"", ""  56.435""], ["" 132.745"", "" 126.369"", ""  55.560""], ["" 132.360"", "" 125.515"", ""  57.778""], ["" 131.752"", "" 125.948"", ""  58.967""], ["" 133.393"", "" 124.573"", ""  57.855""], ["" 132.167"", "" 125.446"", ""  60.197""], ["" 133.806"", "" 124.072"", ""  59.086""], ["" 133.198"", "" 124.501"", ""  60.272""], ["" 133.638"", "" 123.965"", ""  61.584""], ["" 133.909"", "" 124.757"", ""  62.482""], ["" 133.714"", "" 122.748"", ""  61.726""], ["" 128.012"", "" 126.959"", ""  57.802""], ["" 128.244"", "" 125.659"", ""  58.335""], ["" 127.387"", "" 124.639"", ""  57.601""], ["" 127.931"", "" 123.886"", ""  56.555""], ["" 126.058"", "" 124.440"", ""  57.987""], ["" 127.146"", "" 122.945"", ""  55.893""], ["" 125.273"", "" 123.499"", ""  57.324""], ["" 125.821"", "" 122.757"", ""  56.280""], ["" 126.661"", "" 128.375"", ""  55.509""], ["" 125.894"", "" 129.572"", ""  55.462""], ["" 125.299"", "" 129.862"", ""  56.833""], ["" 125.828"", "" 129.234"", ""  57.965""], ["" 124.213"", "" 130.735"", ""  56.963""], ["" 125.283"", "" 129.487"", ""  59.221""], ["" 123.669"", "" 130.988"", ""  58.220""], ["" 124.207"", "" 130.365"", ""  59.343""], ["" 129.391"", "" 130.294"", ""  54.650""], ["" 128.457"", "" 131.102"", ""  55.351""], ["" 129.055"", "" 132.078"", ""  56.195""], ["" 130.359"", "" 131.538"", ""  56.764""], ["" 131.580"", "" 132.009"", ""  56.275""], ["" 130.337"", "" 130.584"", ""  57.787""], ["" 132.775"", "" 131.520"", ""  56.799""], ["" 131.532"", "" 130.095"", ""  58.310""], ["" 132.745"", "" 130.565"", ""  57.813""]]",[],RR8_A_Rahimova_2017
150,8526,RR8_B_Rahimova_2017,4h2i_c_3_mae_prepped,1,18,-10.31,-0.2454761904761905,0.0,0.0,2,186.01,-14.49,-14.44,-0.05,-14.49,0.0,-3.2,4.18,-3.2,70,12,0.0,0.0,0.0,13.151818,9.832557,4.572542,-0.44748093,-0.59523073,-0.6674288,157.810028,"29.460459, 336.538086, 317.102844, 344.631836, 273.302704, 313.31665, 159.566269, 192.941605, 163.842972, 173.282516, 65.605034, 316.35788, 106.137421, 173.435745, ","[["" 131.300"", "" 125.932"", ""  56.868""], ["" 129.918"", "" 125.821"", ""  56.226""], ["" 129.138"", "" 126.739"", ""  57.162""], ["" 130.133"", "" 127.862"", ""  57.475""], ["" 131.413"", "" 127.278"", ""  57.235""], ["" 131.370"", "" 125.077"", ""  57.982""], ["" 132.606"", "" 124.737"", ""  58.459""], ["" 133.557"", "" 124.393"", ""  57.751""], ["" 132.698"", "" 124.865"", ""  59.953""], ["" 131.763"", "" 125.605"", ""  60.691""], ["" 133.747"", "" 124.235"", ""  60.632""], ["" 131.878"", "" 125.713"", ""  62.072""], ["" 133.866"", "" 124.349"", ""  62.013""], ["" 132.935"", "" 125.094"", ""  62.750""], ["" 133.072"", "" 125.232"", ""  64.221""], ["" 134.180"", "" 125.078"", ""  64.727""], ["" 132.071"", "" 125.501"", ""  64.882""], ["" 129.374"", "" 124.504"", ""  56.255""], ["" 128.641"", "" 124.168"", ""  57.423""], ["" 127.295"", "" 123.608"", ""  56.994""], ["" 127.149"", "" 123.002"", ""  55.744""], ["" 126.198"", "" 123.718"", ""  57.853""], ["" 125.906"", "" 122.509"", ""  55.354""], ["" 124.956"", "" 123.226"", ""  57.463""], ["" 124.816"", "" 122.624"", ""  56.214""], ["" 127.958"", "" 127.287"", ""  56.566""], ["" 127.905"", "" 128.708"", ""  56.417""], ["" 126.550"", "" 129.281"", ""  56.820""], ["" 126.192"", "" 129.351"", ""  58.169""], ["" 125.679"", "" 129.760"", ""  55.838""], ["" 124.968"", "" 129.904"", ""  58.536""], ["" 124.453"", "" 130.310"", ""  56.204""], ["" 124.104"", "" 130.381"", ""  57.551""], ["" 130.081"", "" 128.411"", ""  58.912""], ["" 130.068"", "" 129.833"", ""  58.869""], ["" 131.298"", "" 130.431"", ""  58.490""], ["" 131.098"", "" 131.215"", ""  57.201""], ["" 129.805"", "" 131.540"", ""  56.781""], ["" 132.200"", "" 131.593"", ""  56.429""], ["" 129.613"", "" 132.236"", ""  55.590""], ["" 132.008"", "" 132.292"", ""  55.240""], ["" 130.717"", "" 132.607"", ""  54.824""]]",[],RR8_B_Rahimova_2017
151,8393,RR9_Rahimova_2017,4h2i_c_3_mae_prepped,1,5,-9.61,-0.2528947368421052,0.0,0.0,8,183.99,-11.99,-11.73,-0.27,-11.99,0.0,-1.73,2.39,-1.73,63,8,0.0,0.0,0.0,10.705262,11.447104,6.583575,0.18898393,0.14554106,-0.97113484,121.107948,"352.900452, 45.499912, 48.49828, 0.922098, 29.143547, 101.151901, 304.29953, 45.864815, ","[["" 130.087"", "" 124.548"", ""  62.213""], ["" 131.091"", "" 125.146"", ""  62.815""], ["" 130.694"", "" 126.384"", ""  63.150""], ["" 129.404"", "" 126.624"", ""  62.739""], ["" 128.967"", "" 125.449"", ""  62.080""], ["" 127.667"", "" 125.458"", ""  61.517""], ["" 126.915"", "" 126.632"", ""  61.705""], ["" 127.446"", "" 127.740"", ""  62.385""], ["" 128.702"", "" 127.743"", ""  62.912""], ["" 131.318"", "" 127.010"", ""  63.638""], ["" 130.210"", "" 123.119"", ""  61.798""], ["" 130.418"", "" 120.453"", ""  61.004""], ["" 131.361"", "" 121.385"", ""  60.568""], ["" 129.369"", "" 120.852"", ""  61.833""], ["" 131.258"", "" 122.715"", ""  60.966""], ["" 129.269"", "" 122.182"", ""  62.232""], ["" 130.520"", "" 119.006"", ""  60.554""], ["" 127.079"", "" 124.345"", ""  60.693""], ["" 125.749"", "" 124.408"", ""  60.487""], ["" 127.804"", "" 123.462"", ""  60.234""], ["" 125.225"", "" 125.121"", ""  60.974""], ["" 124.971"", "" 123.521"", ""  59.616""], ["" 124.720"", "" 124.118"", ""  58.212""], ["" 125.664"", "" 123.612"", ""  57.126""], ["" 127.048"", "" 123.717"", ""  57.295""], ["" 125.142"", "" 123.019"", ""  55.973""], ["" 127.908"", "" 123.223"", ""  56.317""], ["" 126.002"", "" 122.526"", ""  54.995""], ["" 127.381"", "" 122.630"", ""  55.172""], ["" 126.653"", "" 128.999"", ""  62.576""], ["" 127.279"", "" 130.207"", ""  62.917""], ["" 125.261"", "" 129.001"", ""  62.412""], ["" 126.540"", "" 131.373"", ""  63.089""], ["" 124.518"", "" 130.167"", ""  62.585""], ["" 125.156"", "" 131.367"", ""  62.926""], ["" 124.506"", "" 132.571"", ""  63.115""], ["" 123.684"", "" 133.093"", ""  62.074""], ["" 124.584"", "" 133.715"", ""  61.002""]]",[],RR9_Rahimova_2017
