,Pose_ID,LigName,receptor,pose_rank,run_number,docking_score,leff,deltas,cluster_rmsd,cluster_size,reference_rmsd,energies_inter,energies_vdw,energies_electro,energies_flexLig,energies_flexLR,energies_intra,energies_torsional,unbound_energy,nr_interactions,num_hb,about_x,about_y,about_z,trans_x,trans_y,trans_z,axisangle_x,axisangle_y,axisangle_z,axisangle_w,dihedrals,ligand_coordinates,flexible_res_coordinates,LigName:1
0,3746,1a_Ghoteimi_2023,4h2i_c_2_mae_prepped,1,1,-9.5,-0.23170731707317074,0.0,0.0,1,185.0,-12.78,-12.55,-0.23,-12.78,0.0,-2.02,3.28,-2.02,64,7,0.0,0.0,0.0,7.056502,16.086372,1.047176,0.75396869,-0.65659509,0.02034941,28.107178,"279.284302, 349.708801, 271.730042, 251.175247, 79.720009, 120.467537, 22.753717, 125.250946, 102.777519, 262.16568, 100.807388, ","[["" 126.528"", "" 130.269"", ""  55.528""], ["" 127.082"", "" 131.500"", ""  55.583""], ["" 127.123"", "" 129.207"", ""  55.710""], ["" 126.450"", "" 132.277"", ""  55.462""], ["" 125.032"", "" 130.236"", ""  55.219""], ["" 124.039"", "" 130.788"", ""  56.637""], ["" 124.500"", "" 129.745"", ""  58.001""], ["" 124.872"", "" 129.240"", ""  60.341""], ["" 124.482"", "" 130.170"", ""  59.347""], ["" 125.262"", "" 127.957"", ""  59.938""], ["" 124.078"", "" 131.533"", ""  59.706""], ["" 125.238"", "" 127.595"", ""  58.585""], ["" 123.759"", "" 132.609"", ""  59.990""], ["" 124.858"", "" 128.491"", ""  57.637""], ["" 124.891"", "" 129.545"", ""  61.804""], ["" 124.926"", "" 130.080"", ""  64.563""], ["" 123.801"", "" 130.386"", ""  63.798""], ["" 126.039"", "" 129.497"", ""  63.938""], ["" 123.780"", "" 130.119"", ""  62.431""], ["" 126.016"", "" 129.232"", ""  62.571""], ["" 124.854"", "" 130.380"", ""  65.909""], ["" 124.550"", "" 129.344"", ""  66.836""], ["" 125.641"", "" 126.232"", ""  58.100""], ["" 124.698"", "" 125.200"", ""  57.959""], ["" 126.976"", "" 125.945"", ""  57.777""], ["" 125.074"", "" 123.938"", ""  57.509""], ["" 127.355"", "" 124.684"", ""  57.326""], ["" 126.401"", "" 123.666"", ""  57.187""], ["" 126.683"", "" 122.387"", ""  56.745""], ["" 126.635"", "" 122.109"", ""  55.350""], ["" 128.416"", "" 131.879"", ""  55.830""], ["" 129.295"", "" 132.398"", ""  54.868""], ["" 128.855"", "" 131.724"", ""  57.145""], ["" 130.596"", "" 132.745"", ""  55.224""], ["" 130.156"", "" 132.072"", ""  57.500""], ["" 131.042"", "" 132.586"", ""  56.545""], ["" 132.437"", "" 132.955"", ""  56.961""], ["" 132.777"", "" 134.106"", ""  57.248""], ["" 133.286"", "" 131.895"", ""  56.987""], ["" 133.262"", "" 130.960"", ""  58.058""], ["" 133.429"", "" 131.705"", ""  59.386""]]",[],1a_Ghoteimi_2023
1,8397,1a_Grossjean_2025,4h2i_c_2_mae_prepped,1,9,-8.18,-0.30296296296296293,0.0,0.0,2,186.23,-10.26,-9.86,-0.41,-10.26,0.0,-2.14,2.09,-2.14,52,3,0.0,0.0,0.0,13.830115,9.39534,6.174263,0.78192557,0.30974319,-0.54097279,110.469872,"186.722946, 176.763489, 181.117493, 299.864136, 9.919107, 98.926842, 297.241302, ","[["" 129.810"", "" 123.920"", ""  59.123""], ["" 129.033"", "" 122.793"", ""  59.392""], ["" 127.927"", "" 122.493"", ""  58.602""], ["" 127.577"", "" 123.317"", ""  57.524""], ["" 128.365"", "" 124.446"", ""  57.252""], ["" 129.472"", "" 124.746"", ""  58.041""], ["" 130.903"", "" 124.128"", ""  59.988""], ["" 132.214"", "" 124.285"", ""  59.707""], ["" 132.711"", "" 124.275"", ""  58.580""], ["" 130.647"", "" 124.198"", ""  60.961""], ["" 133.124"", "" 124.490"", ""  60.920""], ["" 133.581"", "" 122.917"", ""  61.708""], ["" 132.138"", "" 121.877"", ""  61.701""], ["" 130.906"", "" 119.839"", ""  61.253""], ["" 132.123"", "" 120.556"", ""  61.191""], ["" 129.774"", "" 120.459"", ""  61.793""], ["" 133.309"", "" 119.945"", ""  60.585""], ["" 129.874"", "" 121.771"", ""  62.251""], ["" 134.244"", "" 119.461"", ""  60.106""], ["" 131.029"", "" 122.475"", ""  62.204""], ["" 130.769"", "" 118.406"", ""  60.744""], ["" 128.680"", "" 122.501"", ""  62.838""], ["" 126.375"", "" 122.967"", ""  56.695""], ["" 126.298"", "" 121.943"", ""  56.009""], ["" 125.375"", "" 123.882"", ""  56.787""], ["" 124.486"", "" 123.888"", ""  57.897""], ["" 123.330"", "" 124.854"", ""  57.620""]]",[],1a_Grossjean_2025
2,3414,1aa_Ghoteimi_2023,4h2i_c_2_mae_prepped,1,11,-8.38,-0.20439024390243904,0.0,0.0,1,186.76,-11.66,-10.86,-0.8,-11.66,0.0,-2.87,3.28,-2.87,56,9,0.0,0.0,0.0,13.808789,12.015814,12.514752,0.77651595,-0.54965468,-0.30806285,234.146194,"151.162003, 329.413208, 69.479584, 68.075294, 267.025726, 45.399349, 24.384878, 7.87704, 193.049347, 255.014725, 189.953918, ","[["" 133.008"", "" 126.002"", ""  65.723""], ["" 132.074"", "" 125.721"", ""  64.786""], ["" 134.223"", "" 125.878"", ""  65.565""], ["" 131.116"", "" 125.885"", ""  65.061""], ["" 132.509"", "" 126.515"", ""  67.083""], ["" 131.160"", "" 126.091"", ""  67.315""], ["" 130.222"", "" 126.979"", ""  67.822""], ["" 128.543"", "" 128.698"", ""  67.490""], ["" 129.489"", "" 127.799"", ""  66.946""], ["" 128.370"", "" 128.715"", ""  68.880""], ["" 129.707"", "" 127.679"", ""  65.503""], ["" 129.123"", "" 127.869"", ""  69.704""], ["" 130.043"", "" 127.022"", ""  69.171""], ["" 129.880"", "" 127.584"", ""  64.363""], ["" 127.716"", "" 129.632"", ""  66.667""], ["" 126.134"", "" 131.384"", ""  65.139""], ["" 125.671"", "" 130.109"", ""  65.460""], ["" 127.400"", "" 131.783"", ""  65.594""], ["" 126.451"", "" 129.241"", ""  66.218""], ["" 128.180"", "" 130.914"", ""  66.352""], ["" 125.292"", "" 132.176"", ""  64.382""], ["" 124.377"", "" 131.557"", ""  63.486""], ["" 128.988"", "" 127.858"", ""  71.200""], ["" 128.058"", "" 127.021"", ""  71.834""], ["" 129.791"", "" 128.679"", ""  72.009""], ["" 127.930"", "" 127.011"", ""  73.220""], ["" 129.664"", "" 128.671"", ""  73.395""], ["" 128.726"", "" 127.833"", ""  74.014""], ["" 128.529"", "" 127.755"", ""  75.380""], ["" 127.937"", "" 128.858"", ""  76.059""], ["" 132.217"", "" 125.239"", ""  63.472""], ["" 131.198"", "" 125.206"", ""  62.509""], ["" 133.489"", "" 124.773"", ""  63.137""], ["" 131.456"", "" 124.706"", ""  61.235""], ["" 133.746"", "" 124.274"", ""  61.863""], ["" 132.733"", "" 124.234"", ""  60.896""], ["" 133.043"", "" 123.689"", ""  59.531""], ["" 133.190"", "" 124.403"", ""  58.534""], ["" 133.145"", "" 122.336"", ""  59.504""], ["" 132.697"", "" 121.543"", ""  60.597""], ["" 133.125"", "" 120.089"", ""  60.382""]]",[],1aa_Ghoteimi_2023
3,3443,1b_Ghoteimi_2023,4h2i_c_2_mae_prepped,1,4,-9.22,-0.26342857142857146,0.0,0.0,2,184.99,-11.6,-11.22,-0.38,-11.6,0.0,-1.51,2.39,-1.51,48,9,0.0,0.0,0.0,7.518685,14.910966,3.701,0.68855332,0.32960713,-0.6459516,206.475647,"313.153107, 170.913788, 140.442474, 128.633163, 60.602482, 192.934937, 105.445824, 235.240616, ","[["" 125.029"", "" 129.350"", ""  60.201""], ["" 125.014"", "" 130.341"", ""  59.189""], ["" 124.863"", "" 131.758"", ""  59.536""], ["" 124.744"", "" 132.876"", ""  59.811""], ["" 125.209"", "" 129.927"", ""  57.853""], ["" 125.453"", "" 128.635"", ""  57.523""], ["" 125.475"", "" 127.680"", ""  58.489""], ["" 125.268"", "" 128.021"", ""  59.830""], ["" 124.811"", "" 129.640"", ""  61.650""], ["" 124.404"", "" 130.210"", ""  64.372""], ["" 123.514"", "" 130.685"", ""  63.408""], ["" 125.509"", "" 129.449"", ""  63.965""], ["" 123.716"", "" 130.405"", ""  62.060""], ["" 125.709"", "" 129.171"", ""  62.616""], ["" 124.124"", "" 130.538"", ""  65.685""], ["" 124.182"", "" 129.523"", ""  66.681""], ["" 125.214"", "" 131.029"", ""  56.454""], ["" 126.505"", "" 130.461"", ""  55.296""], ["" 127.942"", "" 130.821"", ""  55.698""], ["" 128.172"", "" 132.146"", ""  55.843""], ["" 128.788"", "" 129.941"", ""  55.868""], ["" 127.400"", "" 132.771"", ""  55.666""], ["" 129.368"", "" 132.758"", ""  56.196""], ["" 129.866"", "" 133.860"", ""  55.658""], ["" 130.212"", "" 132.264"", ""  57.190""], ["" 131.075"", "" 134.115"", ""  56.307""], ["" 131.270"", "" 133.143"", ""  57.230""], ["" 125.740"", "" 126.272"", ""  58.034""], ["" 127.026"", "" 125.870"", ""  57.645""], ["" 124.715"", "" 125.314"", ""  57.992""], ["" 127.276"", "" 124.566"", ""  57.225""], ["" 124.960"", "" 124.010"", ""  57.575""], ["" 126.250"", "" 123.624"", ""  57.186""], ["" 126.591"", "" 122.355"", ""  56.757""], ["" 126.814"", "" 122.128"", ""  55.371""]]",[],1b_Ghoteimi_2023
4,3788,1b_Grossjean_2025,4h2i_c_2_mae_prepped,1,1,-7.75,-0.2980769230769231,0.0,0.0,3,186.05,-9.54,-9.15,-0.39,-9.54,0.0,-2.09,1.79,-2.09,47,3,0.0,0.0,0.0,14.479886,8.662161,6.302034,0.55523578,0.77646694,0.29801396,132.124176,"65.531509, 100.748444, 338.143829, 103.445961, 106.682495, 317.774536, ","[["" 132.339"", "" 124.302"", ""  59.731""], ["" 131.044"", "" 124.069"", ""  60.034""], ["" 132.808"", "" 124.365"", ""  58.594""], ["" 130.819"", "" 124.038"", ""  61.018""], ["" 133.266"", "" 124.511"", ""  60.930""], ["" 133.741"", "" 122.939"", ""  61.710""], ["" 132.289"", "" 121.911"", ""  61.762""], ["" 131.013"", "" 119.898"", ""  61.339""], ["" 132.233"", "" 120.603"", ""  61.227""], ["" 129.927"", "" 120.506"", ""  61.976""], ["" 133.397"", "" 119.970"", ""  60.603""], ["" 130.079"", "" 121.790"", ""  62.493""], ["" 134.315"", "" 119.467"", ""  60.109""], ["" 131.236"", "" 122.485"", ""  62.397""], ["" 130.829"", "" 118.482"", ""  60.794""], ["" 128.940"", "" 122.500"", ""  63.203""], ["" 129.941"", "" 123.841"", ""  59.189""], ["" 129.080"", "" 122.816"", ""  59.584""], ["" 129.663"", "" 124.557"", ""  58.015""], ["" 127.957"", "" 122.505"", ""  58.824""], ["" 128.540"", "" 124.245"", ""  57.256""], ["" 127.672"", "" 123.217"", ""  57.649""], ["" 126.468"", "" 122.909"", ""  56.806""], ["" 126.372"", "" 121.896"", ""  56.106""], ["" 125.500"", "" 123.858"", ""  56.885""], ["" 124.647"", "" 123.939"", ""  58.019""]]",[],1b_Grossjean_2025
5,8096,1c_Ghoteimi_2023,4h2i_c_2_mae_prepped,1,13,-7.86,-0.2245714285714286,0.0,0.0,8,187.5,-10.25,-9.84,-0.41,-10.25,0.0,-2.9,2.39,-2.9,54,6,0.0,0.0,0.0,10.2342,11.395243,4.821349,-0.44404324,0.89523691,0.0371009,182.489655,"169.557571, 350.988861, 25.108055, 329.810089, 353.072327, 20.968739, 162.930496, 81.532944, ","[["" 127.448"", "" 125.690"", ""  58.243""], ["" 126.495"", "" 124.661"", ""  58.051""], ["" 126.910"", "" 123.303"", ""  57.684""], ["" 127.240"", "" 122.232"", ""  57.395""], ["" 125.134"", "" 124.979"", ""  58.237""], ["" 124.712"", "" 126.223"", ""  58.568""], ["" 125.620"", "" 127.224"", ""  58.713""], ["" 126.988"", "" 126.973"", ""  58.560""], ["" 128.924"", "" 125.480"", ""  58.162""], ["" 131.707"", "" 125.126"", ""  58.034""], ["" 130.969"", "" 124.555"", ""  59.071""], ["" 131.042"", "" 125.883"", ""  57.057""], ["" 129.591"", "" 124.732"", ""  59.136""], ["" 129.663"", "" 126.058"", ""  57.125""], ["" 133.070"", "" 124.898"", ""  58.049""], ["" 133.664"", "" 124.311"", ""  59.203""], ["" 123.845"", "" 123.752"", ""  58.196""], ["" 123.013"", "" 123.895"", ""  59.811""], ["" 123.967"", "" 123.622"", ""  60.979""], ["" 125.048"", "" 124.430"", ""  61.040""], ["" 123.732"", "" 122.691"", ""  61.751""], ["" 125.120"", "" 125.162"", ""  60.350""], ["" 126.131"", "" 124.300"", ""  61.895""], ["" 126.503"", "" 123.236"", ""  62.573""], ["" 127.166"", "" 125.681"", ""  62.072""], ["" 127.609"", "" 123.460"", ""  63.256""], ["" 128.159"", "" 124.732"", ""  63.137""], ["" 125.078"", "" 128.575"", ""  59.081""], ["" 125.138"", "" 129.050"", ""  60.400""], ["" 124.492"", "" 129.404"", ""  58.113""], ["" 124.638"", "" 130.306"", ""  60.736""], ["" 123.993"", "" 130.660"", ""  58.445""], ["" 124.064"", "" 131.123"", ""  59.766""], ["" 123.597"", "" 132.353"", ""  60.188""], ["" 123.378"", "" 132.575"", ""  61.576""]]",[],1c_Ghoteimi_2023
6,4316,1c_Grossjean_2025,4h2i_c_2_mae_prepped,1,17,-7.28,-0.30333333333333334,0.0,0.0,2,186.38,-8.77,-8.56,-0.21,-8.77,0.0,-0.91,1.49,-0.91,48,4,0.0,0.0,0.0,12.925429,10.025582,7.0504,0.44365343,0.89327071,0.07238142,140.852921,"53.70401, 279.704407, 332.594574, 182.759232, 55.023762, ","[["" 127.976"", "" 123.836"", ""  62.167""], ["" 128.200"", "" 124.236"", ""  60.897""], ["" 127.273"", "" 122.883"", ""  62.503""], ["" 128.857"", "" 124.992"", ""  60.777""], ["" 128.680"", "" 124.660"", ""  63.247""], ["" 129.626"", "" 123.611"", ""  64.390""], ["" 130.844"", "" 122.712"", ""  63.451""], ["" 133.071"", "" 122.226"", ""  62.630""], ["" 132.221"", "" 123.034"", ""  63.421""], ["" 132.528"", "" 121.145"", ""  61.928""], ["" 132.780"", "" 124.137"", ""  64.206""], ["" 131.164"", "" 120.885"", ""  62.035""], ["" 133.222"", "" 125.008"", ""  64.825""], ["" 130.332"", "" 121.646"", ""  62.784""], ["" 134.572"", "" 122.480"", ""  62.510""], ["" 130.518"", "" 119.718"", ""  61.312""], ["" 127.698"", "" 123.707"", ""  59.692""], ["" 126.362"", "" 123.802"", ""  59.274""], ["" 128.630"", "" 123.076"", ""  58.868""], ["" 125.973"", "" 123.252"", ""  58.056""], ["" 128.238"", "" 122.528"", ""  57.650""], ["" 126.900"", "" 122.610"", ""  57.235""], ["" 126.418"", "" 122.096"", ""  56.046""], ["" 125.051"", "" 122.299"", ""  55.706""]]",[],1c_Grossjean_2025
7,7987,1d_Ghoteimi_2023,4h2i_c_2_mae_prepped,1,19,-8.11,-0.2703333333333333,0.0,0.0,12,192.27,-10.5,-9.58,-0.92,-10.5,0.0,-0.89,2.39,-0.89,36,9,0.0,0.0,0.0,12.436503,12.836144,13.291514,-0.21240064,-0.92600091,-0.31210299,216.551224,"359.610504, 20.47473, 139.873459, 247.065521, 54.640892, 218.943497, 311.596466, 1.829015, ","[["" 126.641"", "" 129.588"", ""  66.882""], ["" 128.006"", "" 128.564"", ""  67.387""], ["" 130.011"", "" 127.246"", ""  67.034""], ["" 128.987"", "" 128.067"", ""  66.499""], ["" 130.021"", "" 127.006"", ""  68.414""], ["" 128.988"", "" 128.436"", ""  65.081""], ["" 129.040"", "" 127.564"", ""  69.242""], ["" 128.990"", "" 128.726"", ""  63.960""], ["" 128.047"", "" 128.328"", ""  68.720""], ["" 131.093"", "" 126.626"", ""  66.210""], ["" 133.138"", "" 125.456"", ""  64.675""], ["" 133.403"", "" 125.941"", ""  65.955""], ["" 131.833"", "" 125.550"", ""  64.166""], ["" 132.391"", "" 126.518"", ""  66.718""], ["" 130.823"", "" 126.127"", ""  64.931""], ["" 134.204"", "" 124.906"", ""  63.989""], ["" 133.999"", "" 124.404"", ""  62.673""], ["" 129.010"", "" 127.347"", ""  70.727""], ["" 129.712"", "" 128.191"", ""  71.602""], ["" 128.283"", "" 126.285"", ""  71.287""], ["" 129.688"", "" 127.983"", ""  72.978""], ["" 128.257"", "" 126.074"", ""  72.663""], ["" 128.964"", "" 126.926"", ""  73.523""], ["" 129.000"", "" 126.794"", ""  74.898""], ["" 130.224"", "" 127.027"", ""  75.585""], ["" 125.126"", "" 128.611"", ""  67.121""], ["" 123.942"", "" 129.502"", ""  66.754""], ["" 123.000"", "" 129.670"", ""  67.530""], ["" 124.074"", "" 130.051"", ""  65.528""], ["" 124.613"", "" 129.295"", ""  64.455""]]",[],1d_Ghoteimi_2023
8,3924,1d_Grossjean_2025,4h2i_c_2_mae_prepped,1,14,-7.93,-0.3604545454545454,0.0,0.0,6,183.24,-9.12,-9.02,-0.1,-9.12,0.0,-0.63,1.19,-0.63,48,3,0.0,0.0,0.0,11.376565,6.635237,7.059777,-0.27085569,0.27814397,-0.92156016,34.334267,"244.295944, 304.671814, 55.77285, 1.163257, ","[["" 128.498"", "" 123.132"", ""  60.714""], ["" 126.734"", "" 123.347"", ""  60.623""], ["" 124.633"", "" 123.780"", ""  59.499""], ["" 126.038"", "" 123.635"", ""  59.426""], ["" 123.996"", "" 123.651"", ""  60.738""], ["" 126.731"", "" 123.813"", ""  58.148""], ["" 124.764"", "" 123.391"", ""  61.871""], ["" 127.276"", "" 123.955"", ""  57.137""], ["" 126.109"", "" 123.245"", ""  61.823""], ["" 123.772"", "" 124.081"", ""  58.274""], ["" 124.134"", "" 123.252"", ""  63.243""], ["" 128.898"", "" 122.646"", ""  62.420""], ["" 130.033"", "" 121.622"", ""  62.477""], ["" 129.944"", "" 120.612"", ""  61.585""], ["" 130.922"", "" 121.757"", ""  63.317""], ["" 129.127"", "" 120.613"", ""  60.992""], ["" 130.814"", "" 119.529"", ""  61.360""], ["" 130.288"", "" 118.262"", ""  61.629""], ["" 132.129"", "" 119.645"", ""  60.876""], ["" 131.063"", "" 117.123"", ""  61.434""], ["" 132.901"", "" 118.503"", ""  60.681""], ["" 132.367"", "" 117.248"", ""  60.962""]]",[],1d_Grossjean_2025
9,3280,1e_Grossjean_2025,4h2i_c_2_mae_prepped,1,12,-8.09,-0.3517391304347826,0.0,0.0,2,182.66,-9.28,-9.33,0.05,-9.28,0.0,-0.51,1.19,-0.51,56,1,0.0,0.0,0.0,13.194981,7.099721,5.853319,0.07132215,0.29669626,-0.95230482,188.399582,"12.452004, 311.294708, 39.512112, 340.887329, ","[["" 129.768"", "" 122.789"", ""  61.356""], ["" 129.993"", "" 121.331"", ""  62.419""], ["" 130.816"", "" 120.061"", ""  61.478""], ["" 132.633"", "" 119.099"", ""  60.196""], ["" 132.107"", "" 120.197"", ""  60.915""], ["" 131.877"", "" 117.928"", ""  60.085""], ["" 132.911"", "" 121.409"", ""  61.090""], ["" 130.625"", "" 117.870"", ""  60.694""], ["" 133.547"", "" 122.366"", ""  61.227""], ["" 130.101"", "" 118.910"", ""  61.384""], ["" 134.010"", "" 119.130"", ""  59.535""], ["" 129.766"", "" 116.623"", ""  60.626""], ["" 128.396"", "" 122.797"", ""  60.679""], ["" 128.406"", "" 122.910"", ""  59.332""], ["" 127.382"", "" 122.727"", ""  61.374""], ["" 129.308"", "" 123.027"", ""  58.894""], ["" 127.312"", "" 122.958"", ""  58.450""], ["" 126.094"", "" 123.441"", ""  58.835""], ["" 127.530"", "" 122.463"", ""  57.159""], ["" 125.081"", "" 123.445"", ""  57.933""], ["" 126.477"", "" 122.474"", ""  56.242""], ["" 125.231"", "" 122.970"", ""  56.627""], ["" 123.758"", "" 123.998"", ""  58.429""]]",[],1e_Grossjean_2025
10,3637,1f_Grossjean_2025,4h2i_c_2_mae_prepped,1,10,-8.16,-0.3709090909090909,0.0,0.0,4,184.84,-9.35,-9.33,-0.02,-9.35,0.0,-0.62,1.19,-0.62,58,3,0.0,0.0,0.0,12.850734,7.860799,6.421884,-0.3612416,0.045189,-0.93137665,233.90509,"21.000166, 29.76737, 68.789627, 304.901031, ","[["" 130.166"", "" 121.435"", ""  62.544""], ["" 130.931"", "" 120.154"", ""  61.571""], ["" 132.707"", "" 119.143"", ""  60.271""], ["" 132.233"", "" 120.242"", ""  61.023""], ["" 131.892"", "" 118.017"", ""  60.114""], ["" 133.094"", "" 121.407"", ""  61.245""], ["" 130.634"", "" 118.005"", ""  60.712""], ["" 133.775"", "" 122.325"", ""  61.419""], ["" 130.158"", "" 119.048"", ""  61.433""], ["" 134.090"", "" 119.125"", ""  59.621""], ["" 129.708"", "" 116.810"", ""  60.590""], ["" 129.772"", "" 122.838"", ""  61.444""], ["" 128.434"", "" 122.718"", ""  60.699""], ["" 128.526"", "" 122.841"", ""  59.358""], ["" 127.391"", "" 122.504"", ""  61.318""], ["" 129.455"", "" 122.973"", ""  58.986""], ["" 127.514"", "" 122.793"", ""  58.380""], ["" 127.849"", "" 122.205"", ""  57.155""], ["" 126.207"", "" 123.295"", ""  58.527""], ["" 126.980"", "" 122.089"", ""  56.118""], ["" 125.301"", "" 123.183"", ""  57.469""], ["" 125.725"", "" 122.576"", ""  56.287""]]",[],1f_Grossjean_2025
11,8259,1g_Grossjean_2025,4h2i_c_2_mae_prepped,1,16,-7.02,-0.30521739130434783,0.0,0.0,1,186.8,-8.51,-8.38,-0.14,-8.51,0.0,-1.54,1.49,-1.54,39,2,0.0,0.0,0.0,12.338602,6.351446,9.664016,0.37614445,0.76508802,-0.52264297,78.300705,"206.15004, 241.002609, 357.42337, 165.823685, 246.020493, ","[["" 128.475"", "" 122.898"", ""  63.865""], ["" 129.812"", "" 122.466"", ""  65.019""], ["" 130.899"", "" 123.870"", ""  65.117""], ["" 132.834"", "" 125.190"", ""  64.506""], ["" 132.055"", "" 124.026"", ""  64.318""], ["" 132.430"", "" 126.140"", ""  65.451""], ["" 132.431"", "" 123.044"", ""  63.298""], ["" 131.262"", "" 125.916"", ""  66.177""], ["" 132.730"", "" 122.271"", ""  62.490""], ["" 130.501"", "" 124.807"", ""  66.015""], ["" 134.110"", "" 125.464"", ""  63.711""], ["" 130.761"", "" 126.915"", ""  67.203""], ["" 128.696"", "" 122.291"", ""  62.479""], ["" 129.915"", "" 121.777"", ""  62.242""], ["" 127.780"", "" 122.287"", ""  61.654""], ["" 130.613"", "" 121.841"", ""  62.969""], ["" 130.361"", "" 121.202"", ""  60.973""], ["" 130.972"", "" 119.809"", ""  61.095""], ["" 130.216"", "" 118.760"", ""  61.628""], ["" 132.282"", "" 119.581"", ""  60.665""], ["" 130.773"", "" 117.489"", ""  61.738""], ["" 132.837"", "" 118.309"", ""  60.775""], ["" 132.081"", "" 117.269"", ""  61.311""]]",[],1g_Grossjean_2025
12,3596,1h_Grossjean_2025,4h2i_c_2_mae_prepped,1,15,-6.67,-0.23,0.0,0.0,3,190.68,-9.05,-8.9,-0.15,-9.05,0.0,-2.02,2.39,-2.02,45,4,0.0,0.0,0.0,11.088322,17.562603,8.346449,0.67017976,0.11834763,-0.73270248,157.246689,"309.602631, 145.978683, 181.990997, 323.002319, 304.110657, 329.151611, 142.596359, 211.676346, ","[["" 128.411"", "" 132.103"", ""  62.645""], ["" 128.118"", "" 132.988"", ""  61.674""], ["" 128.710"", "" 130.929"", ""  62.431""], ["" 127.870"", "" 133.930"", ""  61.939""], ["" 128.350"", "" 132.623"", ""  64.081""], ["" 126.657"", "" 132.592"", ""  64.745""], ["" 125.524"", "" 132.825"", ""  63.384""], ["" 123.572"", "" 132.235"", ""  62.073""], ["" 124.412"", "" 131.976"", ""  63.181""], ["" 123.868"", "" 133.312"", ""  61.230""], ["" 124.125"", "" 130.857"", ""  64.082""], ["" 124.984"", "" 134.100"", ""  61.505""], ["" 123.898"", "" 129.973"", ""  64.794""], ["" 125.800"", "" 133.869"", ""  62.559""], ["" 122.347"", "" 131.383"", ""  61.753""], ["" 125.359"", "" 135.280"", ""  60.628""], ["" 128.081"", "" 132.690"", ""  60.242""], ["" 129.457"", "" 132.637"", ""  59.584""], ["" 130.535"", "" 132.058"", ""  60.253""], ["" 129.656"", "" 133.219"", ""  58.331""], ["" 131.810"", "" 132.022"", ""  59.667""], ["" 130.921"", "" 133.203"", ""  57.723""], ["" 131.988"", "" 132.591"", ""  58.397""], ["" 132.920"", "" 131.453"", ""  60.266""], ["" 133.086"", "" 131.563"", ""  61.675""], ["" 131.190"", "" 133.758"", ""  56.485""], ["" 130.435"", "" 133.341"", ""  55.353""], ["" 133.233"", "" 132.572"", ""  57.817""], ["" 133.747"", "" 131.267"", ""  57.593""]]",[],1h_Grossjean_2025
13,3488,1i_Grossjean_2025,4h2i_c_2_mae_prepped,1,16,-7.85,-0.3738095238095238,0.0,0.0,5,184.09,-9.04,-8.97,-0.07,-9.04,0.0,-0.58,1.19,-0.58,47,4,0.0,0.0,0.0,12.343988,6.736812,6.084751,-0.32563469,-0.82374838,-0.46411276,175.048477,"123.179802, 215.902893, 328.574829, 305.716095, ","[["" 130.026"", "" 121.515"", ""  62.349""], ["" 130.873"", "" 120.188"", ""  61.519""], ["" 132.735"", "" 119.160"", ""  60.360""], ["" 132.183"", "" 120.297"", ""  60.996""], ["" 131.969"", "" 117.994"", ""  60.258""], ["" 132.949"", "" 121.543"", ""  61.070""], ["" 130.677"", "" 117.984"", ""  60.780""], ["" 133.555"", "" 122.528"", ""  61.126""], ["" 130.130"", "" 119.059"", ""  61.396""], ["" 134.142"", "" 119.152"", ""  59.765""], ["" 129.793"", "" 116.755"", ""  60.690""], ["" 129.781"", "" 122.851"", ""  61.141""], ["" 128.481"", "" 122.682"", ""  60.351""], ["" 128.602"", "" 122.757"", ""  59.007""], ["" 127.426"", "" 122.497"", ""  60.959""], ["" 129.532"", "" 122.883"", ""  58.632""], ["" 127.592"", "" 122.634"", ""  58.064""], ["" 127.681"", "" 121.995"", ""  56.909""], ["" 126.323"", "" 123.186"", ""  58.233""], ["" 126.440"", "" 122.124"", ""  56.282""], ["" 125.631"", "" 122.845"", ""  57.094""]]",[],1i_Grossjean_2025
14,7981,1j_Grossjean_2025,4h2i_c_2_mae_prepped,1,10,-7.1,-0.33809523809523806,0.0,0.0,3,183.26,-8.3,-8.15,-0.14,-8.3,0.0,-0.49,1.19,-0.49,43,3,0.0,0.0,0.0,11.350121,6.765007,6.898029,-0.41572883,0.33649771,-0.84494901,42.025375,"238.536636, 112.556511, 47.644638, 0.339647, ","[["" 128.669"", "" 122.844"", ""  60.416""], ["" 126.937"", "" 123.254"", ""  60.448""], ["" 124.814"", "" 123.881"", ""  59.468""], ["" 126.183"", "" 123.577"", ""  59.296""], ["" 124.267"", "" 123.869"", ""  60.755""], ["" 126.788"", "" 123.636"", ""  57.963""], ["" 125.090"", "" 123.564"", ""  61.836""], ["" 127.264"", "" 123.684"", ""  56.909""], ["" 126.403"", "" 123.265"", ""  61.695""], ["" 123.895"", "" 124.235"", ""  58.299""], ["" 124.560"", "" 123.548"", ""  63.258""], ["" 129.188"", "" 122.505"", ""  62.125""], ["" 130.209"", "" 121.368"", ""  62.200""], ["" 129.881"", "" 120.245"", ""  61.524""], ["" 131.242"", "" 121.526"", ""  62.851""], ["" 129.015"", "" 120.248"", ""  61.005""], ["" 130.636"", "" 119.084"", ""  61.430""], ["" 130.320"", "" 117.880"", ""  61.856""], ["" 132.185"", "" 119.207"", ""  60.660""], ["" 131.277"", "" 117.010"", ""  61.599""], ["" 132.402"", "" 117.506"", ""  60.948""]]",[],1j_Grossjean_2025
15,8527,1k_Grossjean_2025,4h2i_c_2_mae_prepped,1,12,-5.79,-0.2226923076923077,0.0,0.0,3,190.26,-9.36,-9.01,-0.35,-9.36,0.0,-2.88,3.58,-2.88,31,6,0.0,0.0,0.0,13.795728,18.280076,1.337696,0.11280798,0.17776535,-0.97758572,86.280701,"65.70163, 240.354034, 157.1754, 100.559608, 323.357544, 44.383125, 144.128098, 119.625336, 8.810534, 24.487452, 176.372147, 348.64566, ","[["" 128.765"", "" 130.008"", ""  56.461""], ["" 128.400"", "" 130.855"", ""  55.379""], ["" 129.208"", "" 132.164"", ""  55.453""], ["" 130.465"", "" 132.047"", ""  56.194""], ["" 131.399"", "" 133.009"", ""  56.293""], ["" 131.285"", "" 134.115"", ""  55.760""], ["" 130.629"", "" 131.165"", ""  56.657""], ["" 132.642"", "" 132.643"", ""  57.118""], ["" 132.441"", "" 131.241"", ""  58.271""], ["" 131.020"", "" 131.538"", ""  59.314""], ["" 129.973"", "" 132.126"", ""  61.419""], ["" 131.152"", "" 131.906"", ""  60.672""], ["" 128.731"", "" 131.973"", ""  60.794""], ["" 132.467"", "" 132.063"", ""  61.300""], ["" 128.690"", "" 131.604"", ""  59.451""], ["" 133.505"", "" 132.187"", ""  61.797""], ["" 129.807"", "" 131.385"", ""  58.721""], ["" 129.995"", "" 132.531"", ""  62.891""], ["" 127.376"", "" 131.423"", ""  58.716""], ["" 129.014"", "" 128.663"", ""  56.074""], ["" 129.646"", "" 127.902"", ""  57.247""], ["" 130.902"", "" 127.372"", ""  56.844""], ["" 131.309"", "" 126.234"", ""  57.593""], ["" 132.771"", "" 125.904"", ""  57.265""], ["" 133.178"", "" 124.762"", ""  58.008""], ["" 132.605"", "" 124.697"", ""  59.304""]]",[],1k_Grossjean_2025
16,8274,1l_Grossjean_2025,4h2i_c_2_mae_prepped,1,6,-6.33,-0.3516666666666667,0.0,0.0,5,183.68,-7.52,-7.37,-0.15,-7.52,0.0,-1.17,1.19,-1.17,51,5,0.0,0.0,0.0,11.813634,9.952374,4.996268,0.26655783,0.0828622,-0.96025037,149.506424,"266.963074, 230.168259, 176.798141, 205.727951, ","[["" 128.407"", "" 123.548"", ""  58.375""], ["" 127.577"", "" 124.975"", ""  59.153""], ["" 125.858"", "" 124.556"", ""  59.392""], ["" 124.022"", "" 123.606"", ""  60.656""], ["" 125.400"", "" 123.896"", ""  60.556""], ["" 123.168"", "" 123.978"", ""  59.612""], ["" 126.319"", "" 123.518"", ""  61.635""], ["" 123.701"", "" 124.624"", ""  58.500""], ["" 127.042"", "" 123.219"", ""  62.486""], ["" 125.019"", "" 124.911"", ""  58.384""], ["" 123.415"", "" 122.896"", ""  61.865""], ["" 122.829"", "" 125.051"", ""  57.335""], ["" 127.648"", "" 122.918"", ""  57.199""], ["" 126.761"", "" 123.729"", ""  56.590""], ["" 127.863"", "" 121.754"", ""  56.849""], ["" 126.430"", "" 124.597"", ""  56.986""], ["" 125.849"", "" 123.179"", ""  55.690""], ["" 124.880"", "" 122.412"", ""  56.390""]]",[],1l_Grossjean_2025
17,3429,1m_Grossjean_2025,4h2i_c_2_mae_prepped,1,1,-6.62,-0.31523809523809526,0.0,0.0,2,184.31,-8.41,-8.3,-0.11,-8.41,0.0,-1.37,1.79,-1.37,42,4,0.0,0.0,0.0,13.304692,8.177255,6.031428,-0.56291028,0.8249954,-0.05014586,97.365898,"136.081406, 36.534996, 119.016197, 88.82959, 165.339935, 256.763306, ","[["" 130.819"", "" 121.162"", ""  61.807""], ["" 130.908"", "" 120.047"", ""  61.057""], ["" 131.722"", "" 121.542"", ""  62.555""], ["" 130.114"", "" 119.787"", ""  60.490""], ["" 129.502"", "" 121.939"", ""  61.683""], ["" 128.958"", "" 122.247"", ""  59.968""], ["" 127.317"", "" 122.935"", ""  60.026""], ["" 125.227"", "" 123.716"", ""  59.083""], ["" 126.511"", "" 123.160"", ""  58.884""], ["" 124.800"", "" 124.007"", ""  60.383""], ["" 126.958"", "" 122.802"", ""  57.536""], ["" 125.650"", "" 123.728"", ""  61.452""], ["" 127.310"", "" 122.521"", ""  56.471""], ["" 126.883"", "" 123.197"", ""  61.285""], ["" 124.273"", "" 124.016"", ""  57.928""], ["" 125.242"", "" 124.011"", ""  62.885""], ["" 132.068"", "" 119.145"", ""  60.995""], ["" 131.840"", "" 117.941"", ""  60.058""], ["" 132.763"", "" 117.255"", ""  59.608""], ["" 130.528"", "" 117.755"", ""  59.802""], ["" 129.745"", "" 116.903"", ""  60.625""]]",[],1m_Grossjean_2025
18,3318,1n_Grossjean_2025,4h2i_c_2_mae_prepped,1,13,-8.31,-0.2967857142857143,0.0,0.0,1,189.44,-10.7,-10.45,-0.24,-10.7,0.0,-0.8,2.39,-0.8,49,2,0.0,0.0,0.0,13.193396,12.897976,4.047964,0.75835133,0.21573734,0.61511029,160.013382,"194.02652, 44.709885, 16.487539, 344.705109, 293.111206, 92.289421, 340.824768, 208.482239, ","[["" 130.112"", "" 127.089"", ""  58.798""], ["" 131.042"", "" 128.000"", ""  59.157""], ["" 129.262"", "" 127.245"", ""  57.922""], ["" 131.705"", "" 127.706"", ""  59.859""], ["" 130.153"", "" 125.762"", ""  59.567""], ["" 130.018"", "" 124.527"", ""  58.651""], ["" 128.995"", "" 123.189"", ""  59.334""], ["" 127.439"", "" 123.204"", ""  58.470""], ["" 125.064"", "" 123.612"", ""  58.231""], ["" 126.230"", "" 123.680"", ""  59.028""], ["" 125.152"", "" 123.101"", ""  56.932""], ["" 126.170"", "" 124.259"", ""  60.372""], ["" 126.391"", "" 122.678"", ""  56.454""], ["" 126.121"", "" 124.718"", ""  61.433""], ["" 127.518"", "" 122.729"", ""  57.202""], ["" 123.699"", "" 124.082"", ""  58.728""], ["" 126.554"", "" 122.125"", ""  55.052""], ["" 131.270"", "" 129.298"", ""  58.660""], ["" 130.129"", "" 130.033"", ""  58.336""], ["" 132.535"", "" 129.872"", ""  58.465""], ["" 130.240"", "" 131.329"", ""  57.842""], ["" 132.644"", "" 131.168"", ""  57.967""], ["" 131.502"", "" 131.914"", ""  57.654""], ["" 131.659"", "" 133.311"", ""  57.126""], ["" 132.702"", "" 133.963"", ""  57.232""], ["" 130.536"", "" 133.789"", ""  56.530""], ["" 130.286"", "" 133.566"", ""  55.148""], ["" 129.056"", "" 132.666"", ""  54.992""]]",[],1n_Grossjean_2025
19,3574,1o_Grossjean_2025,4h2i_c_2_mae_prepped,1,6,-8.36,-0.3096296296296296,0.0,0.0,2,184.04,-10.45,-10.13,-0.33,-10.45,0.0,-0.7,2.09,-0.7,42,4,0.0,0.0,0.0,11.417634,12.533831,0.937506,0.62277952,0.23172897,-0.74729335,264.311646,"40.87558, 179.407532, 348.921692, 88.531654, 258.380737, 198.538101, 255.994492, ","[["" 129.227"", "" 127.029"", ""  56.797""], ["" 128.629"", "" 128.170"", ""  57.207""], ["" 130.272"", "" 126.968"", ""  56.150""], ["" 127.812"", "" 128.058"", ""  57.789""], ["" 128.528"", "" 125.729"", ""  57.222""], ["" 129.493"", "" 124.685"", ""  57.819""], ["" 128.698"", "" 123.108"", ""  58.250""], ["" 127.146"", "" 123.458"", ""  59.050""], ["" 124.762"", "" 123.877"", ""  59.137""], ["" 125.912"", "" 123.589"", ""  58.368""], ["" 124.879"", "" 124.000"", ""  60.525""], ["" 125.798"", "" 123.399"", ""  56.920""], ["" 126.128"", "" 123.827"", ""  61.117""], ["" 125.706"", "" 123.250"", ""  55.776""], ["" 127.244"", "" 123.554"", ""  60.400""], ["" 123.378"", "" 124.058"", ""  58.513""], ["" 126.318"", "" 123.934"", ""  62.618""], ["" 128.990"", "" 129.512"", ""  56.973""], ["" 128.565"", "" 130.050"", ""  55.758""], ["" 129.743"", "" 130.306"", ""  57.851""], ["" 128.875"", "" 131.366"", ""  55.422""], ["" 130.052"", "" 131.621"", ""  57.513""], ["" 129.622"", "" 132.168"", ""  56.297""], ["" 129.977"", "" 133.589"", ""  55.966""], ["" 129.384"", "" 134.254"", ""  55.111""], ["" 131.015"", "" 134.068"", ""  56.699""], ["" 132.356"", "" 133.726"", ""  56.378""]]",[],1o_Grossjean_2025
20,3527,1p_Grossjean_2025,4h2i_c_2_mae_prepped,1,1,-8.22,-0.37363636363636366,0.0,0.0,5,186.14,-9.71,-9.67,-0.04,-9.71,0.0,-0.56,1.49,-0.56,51,3,0.0,0.0,0.0,11.915364,7.161339,6.197275,0.63086494,0.7511795,0.19426473,64.275795,"40.276863, 100.187912, 89.029472, 120.287315, 344.728546, ","[["" 128.914"", "" 122.223"", ""  61.296""], ["" 130.132"", "" 121.463"", ""  62.408""], ["" 130.917"", "" 120.154"", ""  61.495""], ["" 132.719"", "" 119.137"", ""  60.237""], ["" 132.218"", "" 120.251"", ""  60.948""], ["" 131.927"", "" 117.991"", ""  60.115""], ["" 133.046"", "" 121.444"", ""  61.130""], ["" 130.665"", "" 117.974"", ""  60.706""], ["" 133.702"", "" 122.388"", ""  61.274""], ["" 130.164"", "" 119.029"", ""  61.389""], ["" 134.105"", "" 119.128"", ""  59.594""], ["" 129.765"", "" 116.755"", ""  60.620""], ["" 129.497"", "" 123.334"", ""  60.401""], ["" 128.717"", "" 123.543"", ""  59.094""], ["" 127.936"", "" 122.508"", ""  58.708""], ["" 128.844"", "" 124.600"", ""  58.473""], ["" 127.917"", "" 121.695"", ""  59.306""], ["" 127.135"", "" 122.437"", ""  57.576""], ["" 127.502"", "" 121.978"", ""  56.391""], ["" 125.804"", "" 122.853"", ""  57.558""], ["" 126.391"", "" 122.091"", ""  55.553""], ["" 125.374"", "" 122.621"", ""  56.271""]]",[],1p_Grossjean_2025
21,8233,1q_Grossjean_2025,4h2i_c_2_mae_prepped,1,10,-6.21,-0.2822727272727273,0.0,0.0,1,185.75,-8.3,-8.09,-0.2,-8.3,0.0,-1.27,2.09,-1.27,46,4,0.0,0.0,0.0,14.375536,9.792464,2.331937,0.9267899,-0.22507967,0.30066529,236.186981,"338.590057, 36.333, 85.350647, 171.560364, 34.035137, 44.560959, 242.020706, ","[["" 132.146"", "" 124.578"", ""  59.246""], ["" 132.225"", "" 124.654"", ""  60.588""], ["" 133.099"", "" 124.259"", ""  58.532""], ["" 131.404"", "" 124.948"", ""  61.098""], ["" 130.776"", "" 124.900"", ""  58.633""], ["" 129.579"", "" 124.554"", ""  59.541""], ["" 128.921"", "" 122.882"", ""  59.272""], ["" 127.356"", "" 123.016"", ""  58.431""], ["" 125.000"", "" 123.547"", ""  58.236""], ["" 126.167"", "" 123.499"", ""  59.032""], ["" 125.056"", "" 123.110"", ""  56.909""], ["" 126.112"", "" 123.899"", ""  60.439""], ["" 126.262"", "" 122.625"", ""  56.408""], ["" 126.065"", "" 124.217"", ""  61.551""], ["" 127.392"", "" 122.571"", ""  57.150""], ["" 123.661"", "" 124.058"", ""  58.768""], ["" 126.386"", "" 122.125"", ""  54.980""], ["" 133.422"", "" 124.380"", ""  61.398""], ["" 133.269"", "" 124.824"", ""  62.869""], ["" 134.248"", "" 124.857"", ""  63.616""], ["" 132.006"", "" 125.180"", ""  63.210""], ["" 131.778"", "" 126.212"", ""  64.158""]]",[],1q_Grossjean_2025
22,8062,2a_Ghoteimi_2023,4h2i_c_2_mae_prepped,1,11,-10.95,-0.22346938775510203,0.0,0.0,3,192.81,-14.23,-13.79,-0.44,-14.23,0.0,-2.85,3.28,-2.85,82,8,0.0,0.0,0.0,10.022156,14.649819,11.557194,0.50614638,-0.36606144,-0.78090644,221.564331,"238.45079, 177.891785, 99.673027, 217.547836, 284.186401, 192.666214, 113.219231, 244.140991, 301.829285, 154.049393, 266.818817, ","[["" 124.828"", "" 130.661"", ""  62.672""], ["" 124.823"", "" 131.880"", ""  63.254""], ["" 125.391"", "" 130.384"", ""  61.613""], ["" 124.256"", "" 131.973"", ""  64.084""], ["" 124.020"", "" 129.584"", ""  63.408""], ["" 124.046"", "" 129.732"", ""  65.224""], ["" 125.736"", "" 129.458"", ""  65.704""], ["" 124.332"", "" 128.518"", ""  68.845""], ["" 125.118"", "" 128.723"", ""  68.020""], ["" 126.117"", "" 128.979"", ""  66.977""], ["" 127.498"", "" 128.796"", ""  67.232""], ["" 126.635"", "" 129.754"", ""  64.736""], ["" 128.410"", "" 129.109"", ""  66.215""], ["" 127.958"", "" 129.578"", ""  64.979""], ["" 128.049"", "" 128.293"", ""  68.527""], ["" 127.613"", "" 127.073"", ""  69.050""], ["" 128.981"", "" 129.041"", ""  69.252""], ["" 128.105"", "" 126.606"", ""  70.265""], ["" 129.474"", "" 128.572"", ""  70.467""], ["" 129.051"", "" 127.343"", ""  70.993""], ["" 129.544"", "" 126.901"", ""  72.223""], ["" 129.276"", "" 125.514"", ""  72.654""], ["" 129.571"", "" 127.785"", ""  73.405""], ["" 130.186"", "" 125.047"", ""  73.810""], ["" 130.469"", "" 127.261"", ""  74.544""], ["" 130.079"", "" 125.945"", ""  74.905""], ["" 128.892"", "" 129.916"", ""  63.861""], ["" 129.591"", "" 128.917"", ""  63.173""], ["" 129.101"", "" 131.247"", ""  63.484""], ["" 130.468"", "" 129.239"", ""  62.141""], ["" 129.979"", "" 131.569"", ""  62.454""], ["" 130.673"", "" 130.570"", ""  61.752""], ["" 131.580"", "" 130.881"", ""  60.734""], ["" 133.039"", "" 130.808"", ""  60.953""], ["" 131.272"", "" 131.967"", ""  59.780""], ["" 133.866"", "" 130.826"", ""  59.650""], ["" 132.153"", "" 131.951"", ""  58.514""], ["" 133.525"", "" 131.963"", ""  58.873""], ["" 125.465"", "" 133.070"", ""  62.861""], ["" 124.835"", "" 133.792"", ""  61.846""], ["" 126.652"", "" 133.565"", ""  63.421""], ["" 125.382"", "" 134.985"", ""  61.384""], ["" 127.199"", "" 134.759"", ""  62.957""], ["" 126.573"", "" 135.483"", ""  61.933""], ["" 127.193"", "" 136.766"", ""  61.458""], ["" 127.004"", "" 137.234"", ""  60.331""], ["" 127.986"", "" 137.355"", ""  62.390""], ["" 129.357"", "" 137.622"", ""  62.125""], ["" 129.465"", "" 138.656"", ""  61.000""]]",[],2a_Ghoteimi_2023
23,3511,2a_Grossjean_2025,4h2i_c_2_mae_prepped,1,1,-7.83,-0.261,0.0,0.0,5,180.59,-10.21,-9.8,-0.41,-10.21,0.0,-2.23,2.39,-2.23,70,4,0.0,0.0,0.0,13.535152,11.444678,5.437127,0.51440015,-0.84904449,-0.12048215,180.799042,"3.170284, 298.497162, 254.777878, 181.922211, 30.30719, 114.949936, 103.359489, 316.393066, ","[["" 132.357"", "" 124.253"", ""  59.625""], ["" 131.085"", "" 123.949"", ""  59.963""], ["" 132.774"", "" 124.410"", ""  58.477""], ["" 130.897"", "" 123.881"", ""  60.952""], ["" 133.334"", "" 124.404"", ""  60.797""], ["" 133.700"", "" 122.828"", ""  61.637""], ["" 132.211"", "" 121.843"", ""  61.751""], ["" 129.988"", "" 121.765"", ""  62.457""], ["" 129.842"", "" 120.453"", ""  62.016""], ["" 131.144"", "" 122.454"", ""  62.327""], ["" 130.929"", "" 119.804"", ""  61.410""], ["" 132.149"", "" 120.515"", ""  61.270""], ["" 133.317"", "" 119.884"", ""  60.647""], ["" 134.239"", "" 119.387"", ""  60.155""], ["" 128.850"", "" 122.505"", ""  63.135""], ["" 130.751"", "" 118.352"", ""  60.926""], ["" 131.043"", "" 118.263"", ""  59.628""], ["" 131.561"", "" 117.542"", ""  61.609""], ["" 129.504"", "" 117.904"", ""  61.090""], ["" 129.952"", "" 123.769"", ""  59.149""], ["" 129.064"", "" 122.775"", ""  59.562""], ["" 129.670"", "" 124.502"", ""  57.987""], ["" 127.902"", "" 122.521"", ""  58.840""], ["" 128.509"", "" 124.243"", ""  57.263""], ["" 127.610"", "" 123.255"", ""  57.681""], ["" 126.364"", "" 123.009"", ""  56.878""], ["" 126.205"", "" 122.017"", ""  56.159""], ["" 125.441"", "" 123.996"", ""  57.007""], ["" 124.800"", "" 124.244"", ""  58.252""], ["" 123.382"", "" 124.763"", ""  57.997""]]",[],2a_Grossjean_2025
24,3265,2aa_Ghoteimi_2023,4h2i_c_2_mae_prepped,1,11,-11.5,-0.23469387755102042,0.0,0.0,4,188.08,-14.78,-14.18,-0.6,-14.78,0.0,-2.77,3.28,-2.77,60,8,0.0,0.0,0.0,13.06181,14.479533,8.949958,-0.06310707,0.99614948,0.06085808,248.371399,"122.606026, 25.061558, 265.230774, 240.526291, 32.498318, 358.984619, 145.370392, 351.618683, 151.630371, 96.122406, 283.055908, ","[["" 128.750"", "" 128.749"", ""  67.116""], ["" 128.918"", "" 127.636"", ""  67.862""], ["" 128.443"", "" 129.858"", ""  67.558""], ["" 129.239"", "" 126.815"", ""  67.368""], ["" 128.997"", "" 128.555"", ""  65.614""], ["" 129.895"", "" 127.459"", ""  65.412""], ["" 130.186"", "" 127.024"", ""  64.126""], ["" 130.269"", "" 123.952"", ""  65.865""], ["" 130.320"", "" 124.704"", ""  64.986""], ["" 130.384"", "" 125.655"", ""  63.874""], ["" 130.661"", "" 125.239"", ""  62.551""], ["" 130.270"", "" 127.959"", ""  63.138""], ["" 130.752"", "" 126.221"", ""  61.556""], ["" 130.557"", "" 127.569"", ""  61.871""], ["" 130.854"", "" 123.812"", ""  62.149""], ["" 132.141"", "" 123.288"", ""  62.005""], ["" 129.758"", "" 122.987"", ""  61.885""], ["" 132.328"", "" 121.966"", ""  61.612""], ["" 129.945"", "" 121.666"", ""  61.491""], ["" 131.233"", "" 121.133"", ""  61.337""], ["" 131.397"", "" 119.801"", ""  60.945""], ["" 130.634"", "" 118.712"", ""  61.584""], ["" 132.747"", "" 119.316"", ""  60.594""], ["" 130.679"", "" 117.386"", ""  60.795""], ["" 132.737"", "" 117.976"", ""  59.831""], ["" 132.026"", "" 116.998"", ""  60.575""], ["" 130.628"", "" 128.649"", ""  60.838""], ["" 131.004"", "" 129.950"", ""  61.189""], ["" 130.317"", "" 128.392"", ""  59.498""], ["" 131.078"", "" 130.958"", ""  60.231""], ["" 130.393"", "" 129.398"", ""  58.539""], ["" 130.791"", "" 130.699"", ""  58.882""], ["" 130.848"", "" 131.702"", ""  57.908""], ["" 129.629"", "" 132.394"", ""  57.443""], ["" 131.988"", "" 132.642"", ""  57.893""], ["" 129.827"", "" 133.198"", ""  56.141""], ["" 132.119"", "" 133.439"", ""  56.577""], ["" 130.902"", "" 134.112"", ""  56.293""], ["" 128.766"", "" 127.448"", ""  69.249""], ["" 127.710"", "" 126.621"", ""  69.636""], ["" 129.573"", "" 128.038"", ""  70.232""], ["" 127.467"", "" 126.370"", ""  70.983""], ["" 129.326"", "" 127.788"", ""  71.580""], ["" 128.275"", "" 126.951"", ""  71.973""], ["" 128.037"", "" 126.704"", ""  73.435""], ["" 127.184"", "" 127.307"", ""  74.095""], ["" 128.864"", "" 125.763"", ""  73.961""], ["" 129.389"", "" 124.714"", ""  73.158""], ["" 130.409"", "" 123.913"", ""  73.974""]]",[],2aa_Ghoteimi_2023
25,3599,2b_Ghoteimi_2023,4h2i_c_2_mae_prepped,1,18,-11.43,-0.2658139534883721,0.0,0.0,2,190.34,-13.82,-13.51,-0.31,-13.82,0.0,-1.45,2.39,-1.45,60,5,0.0,0.0,0.0,9.624222,14.587741,8.097242,0.00788059,-0.04229766,0.99907397,106.215996,"76.415726, 329.128876, 200.453857, 225.796768, 253.985947, 133.872101, 154.701355, 50.207851, ","[["" 124.100"", "" 132.091"", ""  62.592""], ["" 124.920"", "" 130.519"", ""  62.743""], ["" 124.008"", "" 130.051"", ""  59.321""], ["" 124.456"", "" 129.846"", ""  60.368""], ["" 125.026"", "" 129.580"", ""  61.692""], ["" 125.708"", "" 128.365"", ""  61.952""], ["" 125.471"", "" 130.310"", ""  63.962""], ["" 126.240"", "" 128.159"", ""  63.231""], ["" 126.124"", "" 129.147"", ""  64.213""], ["" 125.902"", "" 127.288"", ""  60.936""], ["" 125.982"", "" 125.952"", ""  61.333""], ["" 126.023"", "" 127.599"", ""  59.579""], ["" 126.163"", "" 124.944"", ""  60.391""], ["" 126.208"", "" 126.591"", ""  58.637""], ["" 126.287"", "" 125.247"", ""  59.025""], ["" 126.456"", "" 124.253"", ""  58.060""], ["" 127.571"", "" 123.295"", ""  58.202""], ["" 125.299"", "" 123.574"", ""  57.443""], ["" 127.873"", "" 122.511"", ""  56.908""], ["" 125.662"", "" 122.791"", ""  56.164""], ["" 126.698"", "" 121.863"", ""  56.444""], ["" 126.700"", "" 128.988"", ""  65.584""], ["" 125.879"", "" 128.670"", ""  66.671""], ["" 128.072"", "" 129.139"", ""  65.818""], ["" 126.410"", "" 128.505"", ""  67.947""], ["" 128.605"", "" 128.977"", ""  67.094""], ["" 127.784"", "" 128.665"", ""  68.188""], ["" 128.337"", "" 128.473"", ""  69.459""], ["" 128.234"", "" 127.153"", ""  70.114""], ["" 129.596"", "" 129.132"", ""  69.859""], ["" 128.527"", "" 127.191"", ""  71.630""], ["" 129.852"", "" 129.110"", ""  71.381""], ["" 129.798"", "" 127.778"", ""  71.864""], ["" 124.648"", "" 132.847"", ""  61.032""], ["" 125.883"", "" 133.729"", ""  61.222""], ["" 125.660"", "" 135.060"", ""  61.172""], ["" 126.980"", "" 133.199"", ""  61.410""], ["" 124.713"", "" 135.365"", ""  60.997""], ["" 126.596"", "" 136.076"", ""  61.302""], ["" 126.729"", "" 137.117"", ""  60.497""], ["" 127.537"", "" 136.116"", ""  62.330""], ["" 127.787"", "" 137.879"", ""  60.999""], ["" 128.265"", "" 137.261"", ""  62.105""]]",[],2b_Ghoteimi_2023
26,8622,2b_Grossjean_2025,4h2i_c_2_mae_prepped,1,5,-7.6,-0.26206896551724135,0.0,0.0,5,183.07,-9.68,-9.27,-0.42,-9.68,0.0,-2.14,2.09,-2.14,60,4,0.0,0.0,0.0,15.671409,7.528256,4.58523,0.55778743,0.50973113,-0.65501707,194.701004,"241.767471, 297.872314, 251.912735, 353.125824, 98.165863, 111.857376, 325.231323, ","[["" 132.323"", "" 124.295"", ""  59.583""], ["" 131.036"", "" 124.075"", ""  59.925""], ["" 132.759"", "" 124.332"", ""  58.431""], ["" 130.847"", "" 123.996"", ""  60.913""], ["" 133.287"", "" 124.492"", ""  60.757""], ["" 133.673"", "" 122.941"", ""  61.635""], ["" 132.216"", "" 121.908"", ""  61.718""], ["" 129.975"", "" 121.764"", ""  62.352""], ["" 129.886"", "" 120.444"", ""  61.919""], ["" 131.112"", "" 122.489"", ""  62.253""], ["" 131.013"", "" 119.826"", ""  61.357""], ["" 132.214"", "" 120.572"", ""  61.253""], ["" 133.424"", "" 119.974"", ""  60.679""], ["" 134.378"", "" 119.502"", ""  60.226""], ["" 128.791"", "" 122.481"", ""  62.971""], ["" 130.896"", "" 118.366"", ""  60.878""], ["" 129.652"", "" 117.923"", ""  61.064""], ["" 131.195"", "" 118.283"", ""  59.581""], ["" 131.717"", "" 117.541"", ""  61.532""], ["" 129.910"", "" 123.872"", ""  59.104""], ["" 129.075"", "" 122.816"", ""  59.470""], ["" 129.579"", "" 124.656"", ""  57.990""], ["" 127.931"", "" 122.532"", ""  58.730""], ["" 128.434"", "" 124.372"", ""  57.252""], ["" 127.597"", "" 123.306"", ""  57.609""], ["" 126.370"", "" 123.029"", ""  56.790""], ["" 126.241"", "" 122.027"", ""  56.079""], ["" 125.417"", "" 123.988"", ""  56.910""], ["" 124.521"", "" 123.995"", ""  58.013""]]",[],2b_Grossjean_2025
27,3491,2c_Ghoteimi_2023,4h2i_c_2_mae_prepped,1,8,-10.15,-0.236046511627907,0.0,0.0,1,190.66,-12.54,-12.31,-0.23,-12.54,0.0,-1.87,2.39,-1.87,52,3,0.0,0.0,0.0,11.507117,14.623806,8.970125,0.54553845,0.3860476,-0.74387839,246.513962,"191.672333, 206.792175, 28.886768, 9.795342, 20.338745, 276.945435, 321.054199, 244.09906, ","[["" 127.932"", "" 132.246"", ""  61.620""], ["" 127.808"", "" 130.658"", ""  62.411""], ["" 128.223"", "" 132.479"", ""  65.454""], ["" 128.074"", "" 131.592"", ""  64.727""], ["" 127.885"", "" 130.464"", ""  63.809""], ["" 127.772"", "" 129.142"", ""  64.306""], ["" 127.598"", "" 129.636"", ""  61.547""], ["" 127.589"", "" 128.099"", ""  63.389""], ["" 127.493"", "" 128.368"", ""  62.020""], ["" 127.838"", "" 128.789"", ""  65.756""], ["" 126.681"", "" 128.813"", ""  66.537""], ["" 129.051"", "" 128.442"", ""  66.356""], ["" 126.733"", "" 128.481"", ""  67.888""], ["" 129.103"", "" 128.112"", ""  67.707""], ["" 127.947"", "" 128.129"", ""  68.500""], ["" 128.018"", "" 127.773"", ""  69.849""], ["" 127.227"", "" 126.626"", ""  70.336""], ["" 129.288"", "" 127.850"", ""  70.597""], ["" 127.094"", "" 126.586"", ""  71.873""], ["" 129.103"", "" 127.778"", ""  72.127""], ["" 128.381"", "" 126.606"", ""  72.473""], ["" 127.280"", "" 127.293"", ""  61.003""], ["" 126.375"", "" 126.253"", ""  61.241""], ["" 127.971"", "" 127.300"", ""  59.785""], ["" 126.168"", "" 125.252"", ""  60.296""], ["" 127.766"", "" 126.298"", ""  58.840""], ["" 126.869"", "" 125.247"", ""  59.079""], ["" 126.655"", "" 124.263"", ""  58.109""], ["" 127.706"", "" 123.262"", ""  57.831""], ["" 125.324"", "" 123.651"", ""  57.911""], ["" 127.501"", "" 122.501"", ""  56.504""], ["" 125.188"", "" 122.874"", ""  56.585""], ["" 126.216"", "" 121.902"", ""  56.481""], ["" 129.699"", "" 132.658"", ""  61.498""], ["" 130.244"", "" 132.437"", ""  60.086""], ["" 129.661"", "" 133.173"", ""  59.115""], ["" 131.159"", "" 131.631"", ""  59.911""], ["" 128.912"", "" 133.794"", ""  59.386""], ["" 129.961"", "" 133.145"", ""  57.761""], ["" 130.901"", "" 133.812"", ""  57.128""], ["" 128.998"", "" 132.107"", ""  56.759""], ["" 130.905"", "" 133.539"", ""  55.839""], ["" 129.948"", "" 132.628"", ""  55.400""]]",[],2c_Ghoteimi_2023
28,7934,2c_Grossjean_2025,4h2i_c_2_mae_prepped,1,4,-6.62,-0.2451851851851852,0.0,0.0,2,185.93,-8.41,-8.11,-0.3,-8.41,0.0,-2.01,1.79,-2.01,60,3,0.0,0.0,0.0,16.611917,8.195691,4.008439,-0.88042458,-0.47004009,0.06256895,179.698776,"119.986183, 306.014343, 255.200729, 344.828552, 330.251556, 238.538406, ","[["" 133.124"", "" 124.401"", ""  60.729""], ["" 133.543"", "" 122.805"", ""  61.513""], ["" 132.083"", "" 121.775"", ""  61.583""], ["" 129.829"", "" 121.648"", ""  62.170""], ["" 129.748"", "" 120.317"", ""  61.766""], ["" 130.967"", "" 122.369"", ""  62.079""], ["" 130.885"", "" 119.685"", ""  61.244""], ["" 132.089"", "" 120.428"", ""  61.147""], ["" 133.310"", "" 119.818"", ""  60.611""], ["" 134.273"", "" 119.335"", ""  60.187""], ["" 128.632"", "" 122.378"", ""  62.749""], ["" 130.779"", "" 118.213"", ""  60.799""], ["" 131.632"", "" 117.463"", ""  61.499""], ["" 129.541"", "" 117.762"", ""  60.999""], ["" 131.065"", "" 118.044"", ""  59.506""], ["" 132.164"", "" 124.316"", ""  59.532""], ["" 130.869"", "" 124.111"", ""  59.855""], ["" 132.594"", "" 124.404"", ""  58.381""], ["" 130.669"", "" 123.940"", ""  60.830""], ["" 129.756"", "" 124.016"", ""  59.001""], ["" 129.411"", "" 124.988"", ""  58.050""], ["" 128.941"", "" 122.894"", ""  59.165""], ["" 128.278"", "" 124.816"", ""  57.260""], ["" 127.809"", "" 122.727"", ""  58.374""], ["" 127.470"", "" 123.690"", ""  57.409""], ["" 126.368"", "" 123.607"", ""  56.580""], ["" 125.698"", "" 122.358"", ""  56.438""]]",[],2c_Grossjean_2025
29,3438,2d_Ghoteimi_2023,4h2i_c_2_mae_prepped,1,16,-9.0,-0.23684210526315788,0.0,0.0,4,190.53,-11.39,-11.21,-0.18,-11.39,0.0,-1.62,2.39,-1.62,46,8,0.0,0.0,0.0,14.153372,11.138678,7.267787,-0.445801,0.39148994,-0.80498267,251.973312,"306.452911, 318.076538, 273.806702, 243.033356, 92.369476, 323.970673, 312.035675, 286.745483, ","[["" 129.834"", "" 127.558"", ""  65.779""], ["" 130.184"", "" 126.883"", ""  64.168""], ["" 130.191"", "" 123.703"", ""  65.800""], ["" 130.262"", "" 124.500"", ""  64.963""], ["" 130.352"", "" 125.505"", ""  63.899""], ["" 130.622"", "" 125.116"", ""  62.564""], ["" 130.314"", "" 127.831"", ""  63.208""], ["" 130.718"", "" 126.113"", ""  61.585""], ["" 130.575"", "" 127.460"", ""  61.929""], ["" 130.813"", "" 123.700"", ""  62.128""], ["" 129.709"", "" 122.865"", ""  61.950""], ["" 132.090"", "" 123.195"", ""  61.864""], ["" 129.875"", "" 121.548"", ""  61.532""], ["" 132.257"", "" 121.878"", ""  61.447""], ["" 131.155"", "" 121.027"", ""  61.283""], ["" 131.345"", "" 119.711"", ""  60.850""], ["" 130.622"", "" 118.585"", ""  61.472""], ["" 132.698"", "" 119.270"", ""  60.458""], ["" 130.681"", "" 117.284"", ""  60.643""], ["" 132.703"", "" 117.953"", ""  59.653""], ["" 132.031"", "" 116.936"", ""  60.381""], ["" 130.687"", "" 128.559"", ""  60.923""], ["" 131.151"", "" 129.824"", ""  61.298""], ["" 130.328"", "" 128.357"", ""  59.584""], ["" 131.258"", "" 130.853"", ""  60.366""], ["" 130.437"", "" 129.384"", ""  58.652""], ["" 130.914"", "" 130.649"", ""  59.021""], ["" 130.999"", "" 131.677"", ""  58.074""], ["" 129.845"", "" 132.549"", ""  57.776""], ["" 132.250"", "" 132.451"", ""  57.944""], ["" 130.002"", "" 133.357"", ""  56.472""], ["" 132.340"", "" 133.268"", ""  56.638""], ["" 131.205"", "" 134.108"", ""  56.509""], ["" 130.801"", "" 126.625"", ""  67.015""], ["" 132.290"", "" 126.583"", ""  66.639""], ["" 132.693"", "" 126.566"", ""  65.472""], ["" 133.072"", "" 126.561"", ""  67.738""], ["" 134.267"", "" 125.796"", ""  67.758""]]",[],2d_Ghoteimi_2023
30,8163,2d_Grossjean_2025,4h2i_c_2_mae_prepped,1,13,-7.43,-0.29719999999999996,0.0,0.0,2,183.74,-8.92,-8.82,-0.1,-8.92,0.0,-0.67,1.49,-0.67,55,2,0.0,0.0,0.0,9.863407,8.739901,8.178509,-0.94434301,0.30855293,0.11406737,318.373444,"242.577957, 266.001587, 111.292122, 17.252064, 179.199005, ","[["" 128.745"", "" 123.537"", ""  61.288""], ["" 126.997"", "" 123.602"", ""  60.945""], ["" 124.880"", "" 123.448"", ""  61.904""], ["" 124.256"", "" 123.626"", ""  60.671""], ["" 126.225"", "" 123.440"", ""  62.048""], ["" 125.039"", "" 123.818"", ""  59.523""], ["" 126.451"", "" 123.816"", ""  59.658""], ["" 127.313"", "" 124.058"", ""  58.497""], ["" 127.992"", "" 124.251"", ""  57.580""], ["" 124.081"", "" 123.242"", ""  63.176""], ["" 124.331"", "" 124.024"", ""  58.170""], ["" 123.009"", "" 124.010"", ""  58.340""], ["" 124.686"", "" 125.197"", ""  57.642""], ["" 124.632"", "" 123.077"", ""  57.280""], ["" 129.016"", "" 122.500"", ""  62.762""], ["" 130.113"", "" 121.450"", ""  62.563""], ["" 129.804"", "" 120.434"", ""  61.730""], ["" 131.194"", "" 121.599"", ""  63.133""], ["" 128.910"", "" 120.493"", ""  61.264""], ["" 130.586"", "" 119.327"", ""  61.351""], ["" 131.869"", "" 119.615"", ""  60.880""], ["" 130.145"", "" 117.993"", ""  61.394""], ["" 132.716"", "" 118.587"", ""  60.475""], ["" 130.993"", "" 116.968"", ""  60.988""], ["" 132.275"", "" 117.267"", ""  60.533""]]",[],2d_Grossjean_2025
31,3351,2e_Grossjean_2025,4h2i_c_2_mae_prepped,1,18,-6.48,-0.24923076923076926,0.0,0.0,2,191.86,-7.97,-7.8,-0.17,-7.97,0.0,-1.51,1.49,-1.51,35,5,0.0,0.0,0.0,12.714885,14.512706,0.320497,-0.50632805,-0.83381388,-0.21996891,256.257477,"216.051117, 293.532227, 52.620518, 23.06332, 244.934647, ","[["" 128.265"", "" 132.127"", ""  55.018""], ["" 128.035"", "" 130.747"", ""  56.117""], ["" 129.100"", "" 129.165"", ""  57.451""], ["" 127.891"", "" 128.548"", ""  57.765""], ["" 129.181"", "" 130.244"", ""  56.640""], ["" 126.697"", "" 129.051"", ""  57.225""], ["" 126.764"", "" 130.184"", ""  56.378""], ["" 125.557"", "" 130.740"", ""  55.758""], ["" 124.603"", "" 131.177"", ""  55.269""], ["" 130.418"", "" 128.655"", ""  58.001""], ["" 125.371"", "" 128.345"", ""  57.565""], ["" 125.603"", "" 127.082"", ""  57.923""], ["" 124.764"", "" 128.976"", ""  58.570""], ["" 124.523"", "" 128.320"", ""  56.535""], ["" 130.063"", "" 132.413"", ""  54.965""], ["" 130.614"", "" 132.861"", ""  56.322""], ["" 131.133"", "" 131.884"", ""  57.098""], ["" 130.528"", "" 134.047"", ""  56.643""], ["" 131.244"", "" 130.975"", ""  56.674""], ["" 131.592"", "" 131.981"", ""  58.423""], ["" 130.734"", "" 132.183"", ""  59.465""], ["" 132.965"", "" 131.798"", ""  58.626""], ["" 131.239"", "" 132.222"", ""  60.725""], ["" 133.470"", "" 131.843"", ""  59.928""], ["" 132.599"", "" 132.058"", ""  60.998""], ["" 130.228"", "" 132.447"", ""  61.833""]]",[],2e_Grossjean_2025
32,3936,2f_Grossjean_2025,4h2i_c_2_mae_prepped,1,3,-7.2,-0.28800000000000003,0.0,0.0,1,185.47,-8.7,-8.63,-0.07,-8.7,0.0,-0.73,1.49,-0.73,71,2,0.0,0.0,0.0,12.390073,8.235892,5.96124,0.20329526,-0.09820606,0.97417997,163.544357,"121.698112, 187.087341, 159.221634, 325.082336, 273.442108, ","[["" 129.170"", "" 122.143"", ""  62.494""], ["" 130.716"", "" 121.783"", ""  61.685""], ["" 132.641"", "" 122.743"", ""  60.788""], ["" 133.156"", "" 121.497"", ""  60.436""], ["" 131.442"", "" 122.891"", ""  61.396""], ["" 132.409"", "" 120.340"", ""  60.706""], ["" 131.147"", "" 120.480"", ""  61.340""], ["" 130.306"", "" 119.307"", ""  61.592""], ["" 129.641"", "" 118.380"", ""  61.791""], ["" 133.402"", "" 124.025"", ""  60.511""], ["" 132.990"", "" 118.973"", ""  60.299""], ["" 132.217"", "" 118.404"", ""  59.372""], ["" 134.217"", "" 119.131"", ""  59.800""], ["" 133.079"", "" 118.122"", ""  61.323""], ["" 128.214"", "" 123.262"", ""  61.415""], ["" 128.108"", "" 122.819"", ""  59.948""], ["" 126.951"", "" 123.164"", ""  59.342""], ["" 129.035"", "" 122.217"", ""  59.405""], ["" 126.303"", "" 123.709"", ""  59.893""], ["" 126.522"", "" 122.912"", ""  58.025""], ["" 127.475"", "" 122.403"", ""  57.136""], ["" 125.225"", "" 123.145"", ""  57.530""], ["" 127.205"", "" 122.115"", ""  55.837""], ["" 124.932"", "" 122.855"", ""  56.197""], ["" 125.945"", "" 122.341"", ""  55.387""]]",[],2f_Grossjean_2025
33,3247,2g_Grossjean_2025,4h2i_c_2_mae_prepped,1,19,-7.4,-0.2846153846153846,0.0,0.0,1,184.71,-9.19,-9.11,-0.08,-9.19,0.0,-0.6,1.79,-0.6,70,2,0.0,0.0,0.0,12.476788,8.618757,6.88424,-0.21963022,0.26285262,-0.93950576,207.814056,"241.901245, 167.275558, 279.881989, 148.419754, 48.980286, 357.493347, ","[["" 129.352"", "" 122.014"", ""  62.765""], ["" 130.876"", "" 121.699"", ""  61.903""], ["" 132.803"", "" 122.692"", ""  61.050""], ["" 133.296"", "" 121.468"", ""  60.604""], ["" 131.616"", "" 122.815"", ""  61.685""], ["" 132.533"", "" 120.306"", ""  60.799""], ["" 131.282"", "" 120.418"", ""  61.456""], ["" 130.421"", "" 119.245"", ""  61.634""], ["" 129.743"", "" 118.318"", ""  61.774""], ["" 133.582"", "" 123.980"", ""  60.859""], ["" 133.090"", "" 118.962"", ""  60.290""], ["" 134.327"", "" 119.124"", ""  59.816""], ["" 133.122"", "" 118.079"", ""  61.289""], ["" 132.353"", "" 118.436"", ""  59.309""], ["" 128.641"", "" 123.549"", ""  62.079""], ["" 127.226"", "" 123.399"", ""  61.502""], ["" 127.098"", "" 123.706"", ""  60.199""], ["" 126.285"", "" 123.017"", ""  62.201""], ["" 127.912"", "" 124.036"", ""  59.700""], ["" 125.853"", "" 123.650"", ""  59.431""], ["" 126.019"", "" 123.153"", ""  57.999""], ["" 127.291"", "" 122.827"", ""  57.519""], ["" 124.896"", "" 122.966"", ""  57.189""], ["" 127.441"", "" 122.337"", ""  56.224""], ["" 125.047"", "" 122.477"", ""  55.894""], ["" 126.319"", "" 122.166"", ""  55.417""]]",[],2g_Grossjean_2025
34,8169,2h_Grossjean_2025,4h2i_c_2_mae_prepped,1,2,-6.29,-0.1965625,0.0,0.0,1,195.2,-8.97,-8.61,-0.36,-8.97,0.0,-1.63,2.68,-1.63,53,4,0.0,0.0,0.0,14.060318,11.009143,16.120427,-0.19580828,0.69960897,-0.68717276,310.869843,"330.309601, 180.749741, 156.900986, 47.851837, 217.316666, 202.863098, 324.88623, 48.116947, 272.681854, ","[["" 129.336"", "" 127.808"", ""  72.324""], ["" 130.040"", "" 127.413"", ""  73.400""], ["" 129.685"", "" 128.735"", ""  71.591""], ["" 129.706"", "" 126.624"", ""  73.933""], ["" 128.049"", "" 127.017"", ""  72.049""], ["" 128.038"", "" 126.086"", ""  70.480""], ["" 127.443"", "" 127.200"", ""  69.226""], ["" 125.616"", "" 128.463"", ""  68.530""], ["" 126.294"", "" 128.908"", ""  67.397""], ["" 126.174"", "" 127.627"", ""  69.433""], ["" 127.616"", "" 128.493"", ""  67.176""], ["" 128.218"", "" 127.621"", ""  68.119""], ["" 129.615"", "" 127.205"", ""  67.965""], ["" 130.719"", "" 126.881"", ""  67.844""], ["" 124.191"", "" 128.894"", ""  68.822""], ["" 128.353"", "" 129.002"", ""  65.922""], ["" 129.248"", "" 128.099"", ""  65.522""], ["" 127.530"", "" 129.231"", ""  64.896""], ["" 128.984"", "" 130.145"", ""  66.194""], ["" 131.344"", "" 127.950"", ""  73.791""], ["" 132.148"", "" 127.013"", ""  74.691""], ["" 131.535"", "" 125.926"", ""  75.332""], ["" 133.511"", "" 127.244"", ""  74.882""], ["" 132.303"", "" 125.056"", ""  76.125""], ["" 134.266"", "" 126.392"", ""  75.684""], ["" 133.672"", "" 125.286"", ""  76.313""], ["" 130.192"", "" 125.694"", ""  75.151""], ["" 129.893"", "" 124.482"", ""  74.470""], ["" 131.709"", "" 123.980"", ""  76.739""], ["" 130.904"", "" 124.321"", ""  77.860""], ["" 134.358"", "" 124.393"", ""  77.116""], ["" 135.703"", "" 124.057"", ""  76.794""]]",[],2h_Grossjean_2025
35,8432,2i_Grossjean_2025,4h2i_c_2_mae_prepped,1,6,-7.24,-0.3016666666666667,0.0,0.0,3,184.75,-8.73,-8.61,-0.12,-8.73,0.0,-0.69,1.49,-0.69,62,3,0.0,0.0,0.0,12.69966,7.861592,7.143216,-0.09770165,0.89775052,-0.42953277,186.713638,"247.48143, 43.844131, 183.712036, 19.396152, 243.479401, ","[["" 128.870"", "" 122.009"", ""  62.008""], ["" 130.530"", "" 121.793"", ""  61.384""], ["" 132.466"", "" 122.854"", ""  60.632""], ["" 133.103"", "" 121.636"", ""  60.404""], ["" 131.206"", "" 122.939"", ""  61.112""], ["" 132.423"", "" 120.441"", ""  60.680""], ["" 131.100"", "" 120.515"", ""  61.185""], ["" 130.344"", "" 119.297"", ""  61.492""], ["" 129.747"", "" 118.335"", ""  61.735""], ["" 133.156"", "" 124.176"", ""  60.353""], ["" 133.142"", "" 119.103"", ""  60.422""], ["" 134.417"", "" 119.325"", ""  60.097""], ["" 133.100"", "" 118.342"", ""  61.516""], ["" 132.591"", "" 118.404"", ""  59.427""], ["" 128.045"", "" 123.272"", ""  60.992""], ["" 127.974"", "" 122.874"", ""  59.516""], ["" 126.760"", "" 122.986"", ""  58.935""], ["" 129.002"", "" 122.505"", ""  58.945""], ["" 126.001"", "" 123.339"", ""  59.499""], ["" 126.446"", "" 122.704"", ""  57.616""], ["" 127.346"", "" 122.108"", ""  56.864""], ["" 125.276"", "" 122.970"", ""  56.890""], ["" 126.774"", "" 121.949"", ""  55.600""], ["" 125.525"", "" 122.473"", ""  55.631""]]",[],2i_Grossjean_2025
36,3649,2j_Grossjean_2025,4h2i_c_2_mae_prepped,1,11,-6.66,-0.2775,0.0,0.0,1,184.22,-8.16,-8.12,-0.04,-8.16,0.0,-0.64,1.49,-0.64,71,2,0.0,0.0,0.0,12.643214,7.730645,6.68028,0.08957853,-0.88366032,0.4594781,174.013977,"245.743881, 44.281681, 15.184384, 313.702759, 240.215927, ","[["" 128.959"", "" 121.899"", ""  62.039""], ["" 130.594"", "" 121.659"", ""  61.359""], ["" 132.531"", "" 122.688"", ""  60.566""], ["" 133.134"", "" 121.460"", ""  60.306""], ["" 131.286"", "" 122.794"", ""  61.083""], ["" 132.437"", "" 120.275"", ""  60.585""], ["" 131.130"", "" 120.370"", ""  61.126""], ["" 130.356"", "" 119.165"", ""  61.437""], ["" 129.745"", "" 118.213"", ""  61.683""], ["" 133.242"", "" 123.998"", ""  60.286""], ["" 133.120"", "" 118.926"", ""  60.292""], ["" 134.380"", "" 119.127"", ""  59.904""], ["" 133.121"", "" 118.166"", ""  61.388""], ["" 132.508"", "" 118.237"", ""  59.326""], ["" 128.115"", "" 123.192"", ""  61.065""], ["" 128.088"", "" 122.944"", ""  59.549""], ["" 126.851"", "" 122.889"", ""  59.007""], ["" 129.137"", "" 122.823"", ""  58.913""], ["" 126.064"", "" 123.014"", ""  59.626""], ["" 126.541"", "" 122.676"", ""  57.670""], ["" 127.326"", "" 122.209"", ""  56.724""], ["" 124.929"", "" 123.063"", ""  57.158""], ["" 126.699"", "" 122.135"", ""  55.565""], ["" 125.371"", "" 122.550"", ""  55.557""]]",[],2j_Grossjean_2025
37,3620,2k_Grossjean_2025,4h2i_c_2_mae_prepped,1,8,-5.01,-0.17275862068965517,0.0,0.0,1,191.62,-8.88,-8.81,-0.08,-8.88,0.0,-2.73,3.88,-2.73,32,6,0.0,0.0,0.0,16.027772,14.933843,4.185708,0.57591327,0.80369813,0.14964367,202.795883,"209.708603, 62.28194, 327.339294, 100.408501, 227.979187, 358.676605, 17.162327, 45.178364, 225.307159, 19.786112, 243.26944, 280.554199, 311.123413, ","[["" 128.342"", "" 132.236"", ""  57.913""], ["" 129.193"", "" 131.319"", ""  57.014""], ["" 130.633"", "" 131.541"", ""  57.171""], ["" 131.240"", "" 132.742"", ""  57.219""], ["" 130.631"", "" 133.812"", ""  57.163""], ["" 131.205"", "" 130.712"", ""  57.239""], ["" 132.771"", "" 132.710"", ""  57.328""], ["" 133.433"", "" 131.884"", ""  58.816""], ["" 132.362"", "" 130.526"", ""  59.267""], ["" 131.734"", "" 132.550"", ""  62.132""], ["" 131.680"", "" 131.657"", ""  61.397""], ["" 131.612"", "" 130.526"", ""  60.467""], ["" 130.791"", "" 129.404"", ""  60.746""], ["" 132.323"", "" 129.491"", ""  58.390""], ["" 130.759"", "" 128.349"", ""  59.821""], ["" 131.531"", "" 128.431"", ""  58.665""], ["" 131.532"", "" 127.322"", ""  57.630""], ["" 129.935"", "" 129.295"", ""  62.023""], ["" 129.533"", "" 130.483"", ""  62.478""], ["" 128.843"", "" 128.568"", ""  61.780""], ["" 130.636"", "" 128.710"", ""  62.994""], ["" 128.627"", "" 131.941"", ""  59.272""], ["" 129.203"", "" 133.006"", ""  60.013""], ["" 128.151"", "" 133.507"", ""  61.011""], ["" 127.016"", "" 133.957"", ""  60.280""], ["" 126.213"", "" 134.902"", ""  60.972""], ["" 127.127"", "" 135.894"", ""  61.702""], ["" 127.131"", "" 137.139"", ""  61.014""], ["" 128.215"", "" 137.980"", ""  61.374""]]",[],2k_Grossjean_2025
38,3505,3aa_Grossjean_2025,4h2i_c_2_mae_prepped,1,7,-8.61,-0.246,0.0,0.0,1,185.35,-11.3,-11.01,-0.29,-11.3,0.0,-2.23,2.68,-2.23,82,3,0.0,0.0,0.0,16.878299,9.257341,7.042619,0.58763908,0.80908968,-0.00736224,124.543747,"345.57373, 322.489349, 220.90683, 143.336182, 334.989349, 22.339378, 92.941093, 291.550385, 140.912918, ","[["" 132.700"", "" 124.225"", ""  59.858""], ["" 131.419"", "" 124.116"", ""  60.273""], ["" 133.103"", "" 123.998"", ""  58.716""], ["" 131.257"", "" 124.264"", ""  61.259""], ["" 133.705"", "" 124.657"", ""  60.926""], ["" 133.993"", "" 123.345"", ""  62.152""], ["" 132.427"", "" 122.555"", ""  62.448""], ["" 131.671"", "" 125.483"", ""  64.338""], ["" 131.552"", "" 124.437"", ""  63.855""], ["" 131.401"", "" 123.114"", ""  63.242""], ["" 130.206"", "" 122.372"", ""  63.404""], ["" 130.094"", "" 121.135"", ""  62.750""], ["" 132.289"", "" 121.367"", ""  61.812""], ["" 131.138"", "" 120.659"", ""  61.951""], ["" 129.029"", "" 122.867"", ""  64.265""], ["" 127.917"", "" 122.153"", ""  64.082""], ["" 129.342"", "" 122.792"", ""  65.559""], ["" 128.747"", "" 124.135"", ""  63.962""], ["" 131.068"", "" 119.348"", ""  61.228""], ["" 130.030"", "" 118.440"", ""  61.493""], ["" 132.030"", "" 118.995"", ""  60.267""], ["" 129.958"", "" 117.220"", ""  60.825""], ["" 131.962"", "" 117.775"", ""  59.599""], ["" 130.925"", "" 116.892"", ""  59.881""], ["" 130.266"", "" 123.760"", ""  59.545""], ["" 130.068"", "" 124.444"", ""  58.344""], ["" 129.344"", "" 122.778"", ""  59.937""], ["" 128.957"", "" 124.170"", ""  57.551""], ["" 128.236"", "" 122.504"", ""  59.142""], ["" 128.024"", "" 123.198"", ""  57.943""], ["" 126.812"", "" 122.879"", ""  57.116""], ["" 126.676"", "" 121.821"", ""  56.493""], ["" 125.876"", "" 123.863"", ""  57.133""], ["" 124.889"", "" 123.915"", ""  58.156""], ["" 123.698"", "" 124.749"", ""  57.673""]]",[],3aa_Grossjean_2025
39,8181,3ab_Grossjean_2025,4h2i_c_2_mae_prepped,1,18,-8.37,-0.24617647058823527,0.0,0.0,2,185.35,-10.76,-10.44,-0.32,-10.76,0.0,-2.04,2.39,-2.04,75,4,0.0,0.0,0.0,15.902278,9.427462,7.795979,0.53999208,0.83593069,0.09812461,112.631058,"29.794615, 16.817366, 219.140106, 102.992256, 342.597778, 97.94828, 109.815964, 125.51342, ","[["" 132.521"", "" 124.192"", ""  59.816""], ["" 131.222"", "" 124.229"", ""  60.179""], ["" 132.953"", "" 123.766"", ""  58.745""], ["" 131.031"", "" 124.561"", ""  61.113""], ["" 133.508"", "" 124.732"", ""  60.854""], ["" 133.902"", "" 123.497"", ""  62.130""], ["" 132.393"", "" 122.642"", ""  62.530""], ["" 131.673"", "" 125.491"", ""  64.554""], ["" 131.560"", "" 124.456"", ""  64.051""], ["" 131.413"", "" 123.143"", ""  63.416""], ["" 130.258"", "" 122.354"", ""  63.642""], ["" 130.139"", "" 121.130"", ""  62.967""], ["" 132.248"", "" 121.465"", ""  61.876""], ["" 131.144"", "" 120.704"", ""  62.091""], ["" 129.127"", "" 122.790"", ""  64.594""], ["" 128.529"", "" 121.757"", ""  65.193""], ["" 129.611"", "" 123.581"", ""  65.551""], ["" 128.192"", "" 123.456"", ""  63.914""], ["" 131.060"", "" 119.414"", ""  61.330""], ["" 130.039"", "" 118.488"", ""  61.595""], ["" 132.000"", "" 119.095"", ""  60.335""], ["" 129.956"", "" 117.290"", ""  60.891""], ["" 131.921"", "" 117.898"", ""  59.628""], ["" 130.897"", "" 117.000"", ""  59.909""], ["" 130.073"", "" 123.831"", ""  59.468""], ["" 129.191"", "" 122.816"", ""  59.871""], ["" 129.834"", "" 124.510"", ""  58.273""], ["" 128.087"", "" 122.499"", ""  59.085""], ["" 128.728"", "" 124.192"", ""  57.490""], ["" 127.840"", "" 123.184"", ""  57.886""], ["" 126.658"", "" 122.865"", ""  57.016""], ["" 126.550"", "" 121.814"", ""  56.379""], ["" 125.723"", "" 123.849"", ""  57.000""], ["" 124.761"", "" 123.961"", ""  58.040""]]",[],3ab_Grossjean_2025
40,3734,3ac_Grossjean_2025,4h2i_c_2_mae_prepped,1,8,-8.83,-0.2759375,0.0,0.0,1,185.02,-10.91,-10.84,-0.07,-10.91,0.0,-1.36,2.09,-1.36,80,3,0.0,0.0,0.0,13.334084,9.009232,8.402962,0.66221337,0.74909862,0.01801957,122.948265,"97.392349, 195.972168, 26.080288, 299.808472, 177.466736, 196.776291, 21.022211, ","[["" 127.674"", "" 123.830"", ""  63.406""], ["" 128.668"", "" 122.546"", ""  64.226""], ["" 130.294"", "" 122.527"", ""  63.496""], ["" 130.891"", "" 125.492"", ""  65.396""], ["" 131.065"", "" 124.616"", ""  64.660""], ["" 131.287"", "" 123.507"", ""  63.729""], ["" 132.532"", "" 123.359"", ""  63.069""], ["" 132.726"", "" 122.241"", ""  62.245""], ["" 130.514"", "" 121.445"", ""  62.711""], ["" 131.708"", "" 121.297"", ""  62.081""], ["" 133.683"", "" 124.372"", ""  63.226""], ["" 133.509"", "" 125.472"", ""  62.490""], ["" 133.788"", "" 124.759"", ""  64.499""], ["" 134.833"", "" 123.813"", ""  62.849""], ["" 131.872"", "" 120.068"", ""  61.237""], ["" 130.908"", "" 119.046"", ""  61.261""], ["" 132.992"", "" 119.902"", ""  60.404""], ["" 131.053"", "" 117.906"", ""  60.476""], ["" 133.139"", "" 118.763"", ""  59.618""], ["" 132.168"", "" 117.769"", ""  59.656""], ["" 127.084"", "" 123.346"", ""  62.081""], ["" 127.901"", "" 123.442"", ""  61.010""], ["" 125.934"", "" 122.905"", ""  62.061""], ["" 128.850"", "" 123.733"", ""  61.194""], ["" 127.640"", "" 123.126"", ""  59.663""], ["" 126.337"", "" 123.356"", ""  59.219""], ["" 128.583"", "" 122.575"", ""  58.782""], ["" 125.979"", "" 123.057"", ""  57.908""], ["" 128.221"", "" 122.275"", ""  57.471""], ["" 126.912"", "" 122.515"", ""  57.024""], ["" 126.464"", "" 122.246"", ""  55.744""], ["" 125.101"", "" 122.497"", ""  55.417""]]",[],3ac_Grossjean_2025
41,8477,3ad_Grossjean_2025,4h2i_c_2_mae_prepped,1,15,-7.55,-0.25166666666666665,0.0,0.0,5,188.63,-9.34,-9.26,-0.08,-9.34,0.0,-2.39,1.79,-2.39,49,5,0.0,0.0,0.0,11.692489,15.731731,0.470368,0.15261724,0.86111201,0.48496812,86.598015,"231.09671, 245.351654, 234.792389, 64.817795, 191.239182, 139.997833, ","[["" 127.880"", "" 132.156"", ""  55.094""], ["" 127.521"", "" 130.616"", ""  55.909""], ["" 124.182"", "" 131.859"", ""  56.110""], ["" 125.089"", "" 131.149"", ""  56.221""], ["" 126.235"", "" 130.246"", ""  56.364""], ["" 126.092"", "" 128.988"", ""  56.997""], ["" 127.230"", "" 128.182"", ""  57.151""], ["" 128.609"", "" 129.830"", ""  56.087""], ["" 128.476"", "" 128.620"", ""  56.688""], ["" 124.741"", "" 128.472"", ""  57.528""], ["" 123.758"", "" 128.578"", ""  56.632""], ["" 124.845"", "" 127.184"", ""  57.862""], ["" 124.375"", "" 129.169"", ""  58.605""], ["" 129.726"", "" 127.806"", ""  56.839""], ["" 130.515"", "" 127.912"", ""  57.995""], ["" 130.138"", "" 126.914"", ""  55.834""], ["" 131.676"", "" 127.158"", ""  58.142""], ["" 131.299"", "" 126.159"", ""  55.977""], ["" 132.065"", "" 126.284"", ""  57.131""], ["" 129.681"", "" 132.239"", ""  54.866""], ["" 130.410"", "" 132.622"", ""  56.156""], ["" 130.759"", "" 131.590"", ""  56.953""], ["" 130.631"", "" 133.811"", ""  56.388""], ["" 130.556"", "" 130.667"", ""  56.598""], ["" 131.418"", "" 131.594"", ""  58.196""], ["" 132.755"", "" 131.186"", ""  58.175""], ["" 130.823"", "" 131.956"", ""  59.417""], ["" 133.498"", "" 131.149"", ""  59.352""], ["" 131.570"", "" 131.918"", ""  60.592""], ["" 132.903"", "" 131.517"", ""  60.555""]]",[],3ad_Grossjean_2025
42,3864,3af_Grossjean_2025,4h2i_c_2_mae_prepped,1,8,-8.67,-0.289,0.0,0.0,2,183.33,-10.46,-10.54,0.08,-10.46,0.0,-1.08,1.79,-1.08,57,4,0.0,0.0,0.0,13.248536,9.477975,8.151445,0.15901291,0.83627197,0.52475144,175.209015,"2.724331, 304.572357, 136.223083, 146.785675, 56.246887, 209.41243, ","[["" 128.119"", "" 122.920"", ""  62.980""], ["" 129.847"", "" 122.578"", ""  62.712""], ["" 130.418"", "" 125.760"", ""  64.224""], ["" 130.630"", "" 124.737"", ""  63.727""], ["" 130.898"", "" 123.441"", ""  63.097""], ["" 132.226"", "" 123.033"", ""  62.822""], ["" 132.430"", "" 121.808"", ""  62.169""], ["" 130.068"", "" 121.410"", ""  62.062""], ["" 131.339"", "" 121.014"", ""  61.799""], ["" 133.454"", "" 123.884"", ""  63.202""], ["" 134.608"", "" 123.319"", ""  62.840""], ["" 133.385"", "" 125.075"", ""  62.606""], ["" 133.496"", "" 124.062"", ""  64.523""], ["" 131.499"", "" 119.706"", ""  61.083""], ["" 132.597"", "" 119.480"", ""  60.238""], ["" 130.562"", "" 118.672"", ""  61.243""], ["" 132.752"", "" 118.267"", ""  59.572""], ["" 130.712"", "" 117.457"", ""  60.578""], ["" 131.808"", "" 117.261"", ""  59.744""], ["" 127.530"", "" 123.950"", ""  61.603""], ["" 127.472"", "" 123.168"", ""  60.291""], ["" 126.612"", "" 123.649"", ""  59.368""], ["" 128.194"", "" 122.180"", ""  60.151""], ["" 126.082"", "" 124.465"", ""  59.636""], ["" 126.328"", "" 123.175"", ""  58.072""], ["" 127.393"", "" 122.610"", ""  57.362""], ["" 125.073"", "" 123.220"", ""  57.438""], ["" 127.273"", "" 122.109"", ""  56.106""], ["" 124.933"", "" 122.710"", ""  56.145""], ["" 126.053"", "" 122.164"", ""  55.517""]]",[],3af_Grossjean_2025
43,3321,3ag_Grossjean_2025,4h2i_c_2_mae_prepped,1,1,-7.3,-0.23548387096774193,0.0,0.0,1,185.86,-9.39,-9.31,-0.08,-9.39,0.0,-2.64,2.09,-2.64,52,3,0.0,0.0,0.0,10.963577,10.504928,6.051297,0.08648808,-0.54209989,0.83585138,92.440308,"354.074829, 268.787506, 175.115097, 270.043976, 163.372482, 175.839996, 180.178131, ","[["" 126.065"", "" 125.961"", ""  60.972""], ["" 126.680"", "" 125.174"", ""  59.500""], ["" 123.403"", "" 123.782"", ""  59.243""], ["" 124.505"", "" 124.031"", ""  58.989""], ["" 125.900"", "" 124.343"", ""  58.664""], ["" 126.517"", "" 123.791"", ""  57.516""], ["" 127.870"", "" 124.077"", ""  57.277""], ["" 127.991"", "" 125.421"", ""  59.261""], ["" 128.589"", "" 124.882"", ""  58.167""], ["" 125.763"", "" 122.890"", ""  56.518""], ["" 126.475"", "" 122.621"", ""  55.422""], ["" 125.460"", "" 121.727"", ""  57.096""], ["" 124.635"", "" 123.484"", ""  56.124""], ["" 130.035"", "" 125.218"", ""  57.963""], ["" 131.003"", "" 124.821"", ""  58.900""], ["" 130.462"", "" 125.941"", ""  56.835""], ["" 132.348"", "" 125.130"", ""  58.716""], ["" 131.806"", "" 126.251"", ""  56.648""], ["" 132.745"", "" 125.843"", ""  57.590""], ["" 126.973"", "" 125.259"", ""  62.382""], ["" 127.247"", "" 123.764"", ""  62.206""], ["" 128.228"", "" 123.433"", ""  61.349""], ["" 126.577"", "" 122.940"", ""  62.831""], ["" 128.720"", "" 124.174"", ""  60.871""], ["" 128.630"", "" 122.070"", ""  61.005""], ["" 130.119"", "" 121.796"", ""  61.189""], ["" 130.999"", "" 122.859"", ""  61.407""], ["" 130.594"", "" 120.481"", ""  61.194""], ["" 132.355"", "" 122.610"", ""  61.605""], ["" 131.950"", "" 120.233"", ""  61.391""], ["" 132.824"", "" 121.298"", ""  61.593""]]",[],3ag_Grossjean_2025
44,7952,3ai_Grossjean_2025,4h2i_c_2_mae_prepped,1,10,-8.53,-0.2941379310344827,0.0,0.0,1,184.12,-10.32,-10.33,0.01,-10.32,0.0,-1.01,1.79,-1.01,46,3,0.0,0.0,0.0,13.009064,9.314693,7.421484,-0.05319563,-0.8346783,-0.54816271,191.926819,"132.873825, 112.684555, 136.789185, 5.487248, 299.317139, 207.562561, ","[["" 127.871"", "" 123.083"", ""  62.345""], ["" 129.604"", "" 122.679"", ""  62.402""], ["" 129.983"", "" 125.843"", ""  64.008""], ["" 130.251"", "" 124.813"", ""  63.555""], ["" 130.592"", "" 123.507"", ""  62.981""], ["" 131.934"", "" 123.054"", ""  62.959""], ["" 132.215"", "" 121.819"", ""  62.355""], ["" 129.904"", "" 121.501"", ""  61.804""], ["" 131.187"", "" 121.059"", ""  61.788""], ["" 133.096"", "" 123.865"", ""  63.565""], ["" 133.100"", "" 125.140"", ""  63.167""], ["" 133.009"", "" 123.859"", ""  64.896""], ["" 134.264"", "" 123.333"", ""  63.205""], ["" 131.431"", "" 119.739"", ""  61.121""], ["" 130.545"", "" 118.666"", ""  61.311""], ["" 132.543"", "" 119.541"", ""  60.284""], ["" 130.763"", "" 117.438"", ""  60.691""], ["" 132.764"", "" 118.315"", ""  59.663""], ["" 131.872"", "" 117.267"", ""  59.869""], ["" 127.593"", "" 124.155"", ""  60.894""], ["" 127.668"", "" 123.442"", ""  59.536""], ["" 126.507"", "" 123.426"", ""  58.843""], ["" 128.724"", "" 122.938"", ""  59.146""], ["" 125.708"", "" 123.874"", ""  59.267""], ["" 126.278"", "" 122.851"", ""  57.599""], ["" 127.143"", "" 122.130"", ""  56.905""], ["" 125.070"", "" 122.972"", ""  56.915""], ["" 126.500"", "" 121.753"", ""  55.725""], ["" 125.248"", "" 122.270"", ""  55.745""]]",[],3ai_Grossjean_2025
45,4093,3aj_Grossjean_2025,4h2i_c_2_mae_prepped,1,14,-7.0,-0.2413793103448276,0.0,0.0,2,184.88,-8.79,-8.76,-0.02,-8.79,0.0,-2.22,1.79,-2.22,57,2,0.0,0.0,0.0,14.586446,8.65724,5.601329,0.98263392,-0.13610303,-0.12612117,231.352341,"131.835648, 170.945068, 316.393585, 162.806595, 243.782364, 65.368179, ","[["" 132.729"", "" 122.083"", ""  60.572""], ["" 131.089"", "" 122.399"", ""  61.187""], ["" 132.557"", "" 122.054"", ""  64.421""], ["" 131.764"", "" 122.236"", ""  63.599""], ["" 130.757"", "" 122.469"", ""  62.560""], ["" 129.409"", "" 122.735"", ""  62.904""], ["" 128.474"", "" 122.903"", ""  61.871""], ["" 130.163"", "" 122.542"", ""  60.209""], ["" 128.871"", "" 122.804"", ""  60.534""], ["" 128.929"", "" 122.839"", ""  64.365""], ["" 129.326"", "" 121.808"", ""  65.115""], ["" 129.407"", "" 123.951"", ""  64.924""], ["" 127.597"", "" 122.872"", ""  64.407""], ["" 127.913"", "" 122.965"", ""  59.394""], ["" 128.239"", "" 122.496"", ""  58.112""], ["" 126.664"", "" 123.582"", ""  59.576""], ["" 127.351"", "" 122.638"", ""  57.048""], ["" 125.774"", "" 123.729"", ""  58.515""], ["" 126.122"", "" 123.256"", ""  57.254""], ["" 133.503"", "" 123.691"", ""  60.190""], ["" 132.923"", "" 124.417"", ""  58.967""], ["" 131.611"", "" 124.728"", ""  59.064""], ["" 133.633"", "" 124.676"", ""  57.992""], ["" 131.130"", "" 124.460"", ""  59.910""], ["" 130.839"", "" 125.374"", ""  58.108""], ["" 129.528"", "" 125.389"", ""  58.004""], ["" 131.679"", "" 126.280"", ""  56.890""], ["" 129.130"", "" 126.109"", ""  56.974""], ["" 130.135"", "" 126.700"", ""  56.212""]]",[],3aj_Grossjean_2025
46,3731,3ak_Grossjean_2025,4h2i_c_2_mae_prepped,1,18,-7.36,-0.21647058823529414,0.0,0.0,2,189.05,-11.53,-11.24,-0.29,-11.53,0.0,-3.91,4.18,-3.91,59,6,0.0,0.0,0.0,13.971637,7.581356,10.541579,-0.84479947,-0.34438278,-0.40952943,41.092915,"193.891571, 310.106812, 323.733002, 107.690605, 195.722626, 225.452652, 61.054604, 123.705452, 105.627037, 136.203201, 32.696815, 118.791039, 71.293694, 273.469635, ","[["" 132.512"", "" 122.654"", ""  60.949""], ["" 132.308"", "" 123.876"", ""  60.253""], ["" 133.503"", "" 124.131"", ""  59.316""], ["" 133.132"", "" 124.651"", ""  58.042""], ["" 132.092"", "" 125.624"", ""  58.055""], ["" 132.288"", "" 126.579"", ""  56.871""], ["" 131.064"", "" 126.690"", ""  56.158""], ["" 129.949"", "" 126.173"", ""  56.868""], ["" 133.839"", "" 122.479"", ""  61.430""], ["" 133.968"", "" 123.053"", ""  62.852""], ["" 132.693"", "" 123.488"", ""  63.426""], ["" 132.537"", "" 124.409"", ""  64.397""], ["" 133.485"", "" 125.009"", ""  64.905""], ["" 131.864"", "" 123.054"", ""  63.046""], ["" 131.117"", "" 124.726"", ""  64.896""], ["" 129.922"", "" 123.339"", ""  64.898""], ["" 129.700"", "" 122.772"", ""  63.219""], ["" 130.272"", "" 121.579"", ""  62.922""], ["" 128.974"", "" 123.515"", ""  62.263""], ["" 130.164"", "" 121.067"", ""  61.670""], ["" 128.848"", "" 122.983"", ""  60.957""], ["" 128.365"", "" 124.802"", ""  62.613""], ["" 129.451"", "" 121.748"", ""  60.676""], ["" 127.885"", "" 125.819"", ""  62.890""], ["" 130.826"", "" 119.744"", ""  61.430""], ["" 132.130"", "" 119.676"", ""  60.916""], ["" 130.166"", "" 118.537"", ""  61.722""], ["" 132.752"", "" 118.450"", ""  60.695""], ["" 130.784"", "" 117.309"", ""  61.501""], ["" 132.075"", "" 117.271"", ""  60.988""], ["" 128.074"", "" 123.703"", ""  59.836""], ["" 128.661"", "" 124.865"", ""  59.550""], ["" 128.051"", "" 122.948"", ""  58.737""], ["" 126.807"", "" 123.965"", ""  60.167""]]",[],3ak_Grossjean_2025
47,3502,3bc_Grossjean_2025,4h2i_c_2_mae_prepped,1,2,-8.81,-0.30379310344827587,0.0,0.0,2,186.14,-10.6,-10.45,-0.15,-10.6,0.0,-1.32,1.79,-1.32,61,3,0.0,0.0,0.0,12.06218,9.99264,9.315012,0.20724281,-0.81495246,-0.54120504,173.777893,"197.541107, 133.13559, 267.44458, 304.752563, 34.794933, 23.298857, ","[["" 128.466"", "" 123.695"", ""  62.030""], ["" 127.332"", "" 123.360"", ""  61.379""], ["" 129.510"", "" 124.053"", ""  61.481""], ["" 126.520"", "" 123.184"", ""  61.954""], ["" 128.367"", "" 123.641"", ""  63.561""], ["" 129.425"", "" 122.389"", ""  64.363""], ["" 130.941"", "" 122.284"", ""  63.438""], ["" 133.130"", "" 123.021"", ""  62.725""], ["" 131.981"", "" 123.238"", ""  63.517""], ["" 133.184"", "" 121.899"", ""  61.891""], ["" 131.882"", "" 124.430"", ""  64.361""], ["" 132.102"", "" 121.014"", ""  61.839""], ["" 131.806"", "" 125.373"", ""  65.027""], ["" 131.000"", "" 121.215"", ""  62.607""], ["" 134.327"", "" 123.969"", ""  62.737""], ["" 132.097"", "" 119.797"", ""  60.963""], ["" 131.075"", "" 118.842"", ""  61.070""], ["" 133.115"", "" 119.576"", ""  60.020""], ["" 131.063"", "" 117.709"", ""  60.260""], ["" 133.107"", "" 118.445"", ""  59.207""], ["" 132.080"", "" 117.515"", ""  59.331""], ["" 127.087"", "" 123.297"", ""  59.994""], ["" 125.860"", "" 123.803"", ""  59.562""], ["" 127.972"", "" 122.739"", ""  59.060""], ["" 125.526"", "" 123.772"", ""  58.211""], ["" 127.634"", "" 122.709"", ""  57.709""], ["" 126.406"", "" 123.230"", ""  57.273""], ["" 125.987"", "" 123.244"", ""  55.956""], ["" 126.355"", "" 122.167"", ""  55.100""]]",[],3bc_Grossjean_2025
48,3464,3bd_Grossjean_2025,4h2i_c_2_mae_prepped,1,11,-9.03,-0.33444444444444443,0.0,0.0,4,183.31,-10.52,-10.42,-0.09,-10.52,0.0,-1.16,1.49,-1.16,56,2,0.0,0.0,0.0,12.475403,8.699551,8.062021,-0.09402351,-0.96663794,0.23826595,141.290955,"10.522021, 251.883514, 21.230316, 358.617401, 265.057037, ","[["" 129.138"", "" 122.506"", ""  64.050""], ["" 130.716"", "" 122.283"", ""  63.246""], ["" 132.999"", "" 122.914"", ""  62.756""], ["" 131.791"", "" 123.178"", ""  63.437""], ["" 133.083"", "" 121.790"", ""  61.925""], ["" 131.671"", "" 124.346"", ""  64.315""], ["" 131.976"", "" 120.948"", ""  61.775""], ["" 131.578"", "" 125.267"", ""  65.009""], ["" 130.816"", "" 121.198"", ""  62.438""], ["" 134.230"", "" 123.808"", ""  62.888""], ["" 131.999"", "" 119.726"", ""  60.905""], ["" 133.034"", "" 119.526"", ""  59.977""], ["" 130.988"", "" 118.753"", ""  60.988""], ["" 133.061"", "" 118.395"", ""  59.165""], ["" 131.012"", "" 117.621"", ""  60.179""], ["" 132.050"", "" 117.445"", ""  59.270""], ["" 128.296"", "" 123.910"", ""  63.259""], ["" 127.438"", "" 123.468"", ""  62.073""], ["" 127.993"", "" 123.637"", ""  60.853""], ["" 126.325"", "" 122.986"", ""  62.287""], ["" 128.950"", "" 123.958"", ""  60.836""], ["" 127.448"", "" 123.355"", ""  59.586""], ["" 128.326"", "" 122.806"", ""  58.648""], ["" 126.119"", "" 123.622"", ""  59.221""], ["" 127.880"", "" 122.503"", ""  57.364""], ["" 125.676"", "" 123.318"", ""  57.936""], ["" 126.557"", "" 122.758"", ""  57.014""]]",[],3bd_Grossjean_2025
49,3348,3be_Grossjean_2025,4h2i_c_2_mae_prepped,1,15,-9.18,-0.32785714285714285,0.0,0.0,4,183.84,-10.67,-10.58,-0.09,-10.67,0.0,-1.1,1.49,-1.1,58,2,0.0,0.0,0.0,13.207612,8.934769,8.65279,0.34026741,-0.57730217,-0.74225352,175.053986,"197.828903, 127.792671, 321.97406, 51.92992, 81.485489, ","[["" 128.363"", "" 123.846"", ""  63.473""], ["" 129.335"", "" 122.504"", ""  64.237""], ["" 130.873"", "" 122.363"", ""  63.354""], ["" 133.091"", "" 123.053"", ""  62.685""], ["" 131.926"", "" 123.302"", ""  63.442""], ["" 133.149"", "" 121.917"", ""  61.871""], ["" 131.823"", "" 124.513"", ""  64.259""], ["" 132.054"", "" 121.049"", ""  61.804""], ["" 131.743"", "" 125.472"", ""  64.903""], ["" 130.936"", "" 121.278"", ""  62.543""], ["" 134.303"", "" 123.982"", ""  62.713""], ["" 132.049"", "" 119.820"", ""  60.943""], ["" 130.995"", "" 118.896"", ""  61.018""], ["" 133.096"", "" 119.557"", ""  60.044""], ["" 130.984"", "" 117.753"", ""  60.224""], ["" 133.089"", "" 118.415"", ""  59.248""], ["" 132.032"", "" 117.517"", ""  59.341""], ["" 127.487"", "" 123.422"", ""  62.283""], ["" 128.023"", "" 123.674"", ""  61.069""], ["" 126.388"", "" 122.896"", ""  62.467""], ["" 128.917"", "" 124.143"", ""  61.058""], ["" 127.487"", "" 123.404"", ""  59.796""], ["" 126.189"", "" 123.687"", ""  59.481""], ["" 128.354"", "" 122.810"", ""  58.871""], ["" 125.741"", "" 123.387"", ""  58.236""], ["" 127.878"", "" 122.507"", ""  57.593""], ["" 126.554"", "" 122.798"", ""  57.264""], ["" 124.291"", "" 123.730"", ""  57.956""]]",[],3be_Grossjean_2025
50,8187,3bf_Grossjean_2025,4h2i_c_2_mae_prepped,1,14,-9.24,-0.3422222222222222,0.0,0.0,3,186.02,-10.73,-10.63,-0.1,-10.73,0.0,-1.0,1.49,-1.0,47,3,0.0,0.0,0.0,13.051779,9.058855,8.049972,0.29376401,-0.07178974,0.95317833,144.303589,"10.065317, 27.346514, 251.955368, 59.459473, 217.034668, ","[["" 128.967"", "" 123.018"", ""  63.746""], ["" 130.569"", "" 122.625"", ""  63.076""], ["" 132.923"", "" 122.985"", ""  62.663""], ["" 131.717"", "" 123.429"", ""  63.248""], ["" 132.936"", "" 121.778"", ""  61.956""], ["" 131.693"", "" 124.664"", ""  64.036""], ["" 131.764"", "" 121.023"", ""  61.840""], ["" 131.675"", "" 125.641"", ""  64.657""], ["" 130.603"", "" 121.445"", ""  62.408""], ["" 134.230"", "" 123.767"", ""  62.777""], ["" 131.716"", "" 119.712"", ""  61.115""], ["" 132.745"", "" 119.343"", ""  60.234""], ["" 130.644"", "" 118.822"", ""  61.291""], ["" 132.708"", "" 118.127"", ""  59.557""], ["" 130.603"", "" 117.604"", ""  60.616""], ["" 131.636"", "" 117.262"", ""  59.751""], ["" 128.150"", "" 124.188"", ""  62.609""], ["" 127.297"", "" 123.539"", ""  61.508""], ["" 127.756"", "" 123.732"", ""  60.253""], ["" 126.268"", "" 122.923"", ""  61.791""], ["" 128.567"", "" 124.327"", ""  60.156""], ["" 127.222"", "" 123.268"", ""  59.036""], ["" 127.935"", "" 122.539"", ""  58.068""], ["" 125.888"", "" 123.586"", ""  58.761""], ["" 127.381"", "" 122.123"", ""  56.899""], ["" 125.304"", "" 123.166"", ""  57.564""], ["" 126.082"", "" 122.436"", ""  56.665""]]",[],3bf_Grossjean_2025
51,7961,3bg_Grossjean_2025,4h2i_c_2_mae_prepped,1,4,-8.13,-0.29035714285714287,0.0,0.0,3,187.04,-9.91,-9.93,0.01,-9.91,0.0,-1.88,1.79,-1.88,59,2,0.0,0.0,0.0,15.012398,10.115957,8.263427,-0.14084614,0.9860025,0.0892269,192.269897,"188.434219, 227.41333, 318.210541, 318.665863, 3.569147, 164.167831, ","[["" 128.183"", "" 123.808"", ""  63.236""], ["" 129.163"", "" 122.507"", ""  64.055""], ["" 130.705"", "" 122.328"", ""  63.171""], ["" 132.958"", "" 122.995"", ""  62.607""], ["" 131.765"", "" 123.247"", ""  63.316""], ["" 133.040"", "" 121.865"", ""  61.788""], ["" 131.651"", "" 124.419"", ""  64.189""], ["" 131.944"", "" 120.999"", ""  61.673""], ["" 131.563"", "" 125.345"", ""  64.877""], ["" 130.800"", "" 121.237"", ""  62.369""], ["" 134.180"", "" 123.905"", ""  62.707""], ["" 131.970"", "" 119.761"", ""  60.819""], ["" 130.924"", "" 118.825"", ""  60.868""], ["" 133.040"", "" 119.503"", ""  59.943""], ["" 130.936"", "" 117.688"", ""  60.066""], ["" 133.055"", "" 118.368"", ""  59.138""], ["" 132.000"", "" 117.465"", ""  59.200""], ["" 128.684"", "" 124.091"", ""  61.817""], ["" 128.833"", "" 123.025"", ""  61.011""], ["" 128.905"", "" 125.249"", ""  61.464""], ["" 128.622"", "" 122.112"", ""  61.386""], ["" 129.120"", "" 123.077"", ""  59.577""], ["" 127.844"", "" 123.090"", ""  58.744""], ["" 126.687"", "" 123.697"", ""  59.245""], ["" 127.835"", "" 122.516"", ""  57.470""], ["" 125.520"", "" 123.701"", ""  58.488""], ["" 126.667"", "" 122.520"", ""  56.712""], ["" 125.513"", "" 123.108"", ""  57.227""]]",[],3bg_Grossjean_2025
52,3309,3bk_Grossjean_2025,4h2i_c_2_mae_prepped,1,7,-8.05,-0.25967741935483873,0.0,0.0,3,184.29,-11.93,-11.63,-0.29,-11.93,0.0,-2.08,3.88,-2.08,59,5,0.0,0.0,0.0,15.630246,11.815375,3.931,-0.06059993,-0.98911418,0.13409249,200.016754,"341.678253, 271.126984, 175.781326, 175.694138, 191.376602, 103.00943, 88.859924, 32.930706, 37.451954, 169.645782, 74.98037, 203.783691, 96.987854, ","[["" 129.352"", "" 123.391"", ""  58.382""], ["" 129.382"", "" 123.040"", ""  59.759""], ["" 129.573"", "" 124.308"", ""  60.605""], ["" 129.266"", "" 124.086"", ""  62.019""], ["" 128.347"", "" 123.227"", ""  62.493""], ["" 127.656"", "" 122.501"", ""  61.776""], ["" 129.831"", "" 124.600"", ""  62.679""], ["" 128.198"", "" 123.158"", ""  64.014""], ["" 129.643"", "" 122.382"", ""  64.805""], ["" 130.994"", "" 122.346"", ""  63.639""], ["" 132.977"", "" 123.269"", ""  62.608""], ["" 131.944"", "" 123.387"", ""  63.561""], ["" 133.021"", "" 122.139"", ""  61.784""], ["" 131.870"", "" 124.561"", ""  64.436""], ["" 132.050"", "" 121.140"", ""  61.917""], ["" 131.053"", "" 121.255"", ""  62.834""], ["" 131.812"", "" 125.488"", ""  65.126""], ["" 134.057"", "" 124.335"", ""  62.430""], ["" 132.029"", "" 119.915"", ""  61.054""], ["" 133.083"", "" 119.643"", ""  60.167""], ["" 130.957"", "" 119.006"", ""  61.108""], ["" 133.065"", "" 118.509"", ""  59.359""], ["" 130.936"", "" 117.872"", ""  60.300""], ["" 131.991"", "" 117.628"", ""  59.427""], ["" 128.043"", "" 123.612"", ""  57.873""], ["" 127.397"", "" 122.265"", ""  57.527""], ["" 127.565"", "" 122.008"", ""  56.139""], ["" 126.378"", "" 122.175"", ""  55.377""], ["" 125.177"", "" 122.298"", ""  56.325""], ["" 124.860"", "" 123.670"", ""  56.518""], ["" 124.378"", "" 123.961"", ""  57.821""]]",[],3bk_Grossjean_2025
53,3399,3ca_Grossjean_2025,4h2i_c_2_mae_prepped,1,16,-8.62,-0.269375,0.0,0.0,7,185.73,-11.0,-10.9,-0.1,-11.0,0.0,-2.9,2.39,-2.9,55,3,0.0,0.0,0.0,15.478251,8.962566,5.952371,-0.06299758,-0.04213022,-0.99712404,155.113449,"171.230789, 79.296921, 104.40361, 12.237721, 280.835358, 284.325378, 105.702919, 108.475082, ","[["" 129.095"", "" 124.482"", ""  59.914""], ["" 128.988"", "" 125.164"", ""  58.701""], ["" 128.327"", "" 124.584"", ""  57.621""], ["" 127.754"", "" 123.311"", ""  57.737""], ["" 127.855"", "" 122.632"", ""  58.960""], ["" 128.517"", "" 123.210"", ""  60.041""], ["" 129.781"", "" 125.159"", ""  60.940""], ["" 129.311"", "" 125.677"", ""  62.095""], ["" 128.142"", "" 125.623"", ""  62.476""], ["" 130.779"", "" 125.218"", ""  60.801""], ["" 130.359"", "" 126.357"", ""  62.982""], ["" 131.645"", "" 125.211"", ""  63.581""], ["" 132.039"", "" 124.021"", ""  62.307""], ["" 133.040"", "" 123.667"", ""  60.231""], ["" 132.741"", "" 122.307"", ""  60.266""], ["" 132.692"", "" 124.514"", ""  61.224""], ["" 132.053"", "" 121.777"", ""  61.365""], ["" 131.696"", "" 122.653"", ""  62.423""], ["" 131.020"", "" 122.146"", ""  63.621""], ["" 130.486"", "" 121.746"", ""  64.567""], ["" 133.782"", "" 124.290"", ""  59.065""], ["" 131.742"", "" 120.316"", ""  61.353""], ["" 130.442"", "" 119.871"", ""  61.624""], ["" 132.745"", "" 119.373"", ""  61.094""], ["" 130.146"", "" 118.511"", ""  61.625""], ["" 132.453"", "" 118.011"", ""  61.093""], ["" 131.153"", "" 117.586"", ""  61.358""], ["" 127.049"", "" 122.714"", ""  56.552""], ["" 127.497"", "" 121.760"", ""  55.907""], ["" 125.876"", "" 123.329"", ""  56.260""], ["" 124.719"", "" 123.127"", ""  57.064""], ["" 124.481"", "" 124.365"", ""  57.933""]]",[],3ca_Grossjean_2025
54,3517,3cb_Grossjean_2025,4h2i_c_2_mae_prepped,1,20,-8.6,-0.27741935483870966,0.0,0.0,1,192.46,-10.69,-10.42,-0.27,-10.69,0.0,-0.98,2.09,-0.98,49,10,0.0,0.0,0.0,12.311472,11.696384,15.483035,-0.7284547,-0.32803174,0.60145568,210.153275,"143.079529, 34.974689, 37.821194, 307.766846, 336.796265, 293.428925, 33.254044, ","[["" 127.096"", "" 126.863"", ""  70.211""], ["" 127.330"", "" 127.821"", ""  69.288""], ["" 126.037"", "" 126.247"", ""  70.335""], ["" 128.264"", "" 128.207"", ""  69.277""], ["" 128.289"", "" 126.559"", ""  71.131""], ["" 127.924"", "" 126.639"", ""  72.918""], ["" 129.362"", "" 126.060"", ""  73.794""], ["" 130.355"", "" 124.187"", ""  74.756""], ["" 131.468"", "" 124.923"", ""  75.152""], ["" 129.316"", "" 124.738"", ""  74.091""], ["" 131.530"", "" 126.294"", ""  74.870""], ["" 130.441"", "" 126.891"", ""  74.184""], ["" 130.410"", "" 128.337"", ""  73.945""], ["" 130.386"", "" 129.479"", ""  73.756""], ["" 130.242"", "" 122.702"", ""  75.044""], ["" 132.743"", "" 127.043"", ""  75.321""], ["" 133.881"", "" 127.095"", ""  74.507""], ["" 132.753"", "" 127.721"", ""  76.548""], ["" 135.012"", "" 127.799"", ""  74.913""], ["" 133.883"", "" 128.424"", ""  76.958""], ["" 135.008"", "" 128.459"", ""  76.139""], ["" 126.479"", "" 128.353"", ""  68.299""], ["" 127.070"", "" 128.603"", ""  67.060""], ["" 125.120"", "" 128.649"", ""  68.483""], ["" 126.321"", "" 129.131"", ""  66.013""], ["" 124.371"", "" 129.178"", ""  67.435""], ["" 124.961"", "" 129.426"", ""  66.187""], ["" 124.122"", "" 129.999"", ""  65.081""], ["" 123.193"", "" 129.386"", ""  64.547""], ["" 124.487"", "" 131.259"", ""  64.729""], ["" 124.175"", "" 131.779"", ""  63.445""]]",[],3cb_Grossjean_2025
55,3661,3ce_Grossjean_2025,4h2i_c_2_mae_prepped,1,16,-8.74,-0.31214285714285717,0.0,0.0,1,185.89,-10.23,-10.06,-0.17,-10.23,0.0,-1.0,1.49,-1.0,57,9,0.0,0.0,0.0,16.258468,8.990284,5.731938,0.45481172,-0.7979915,0.3954186,91.223549,"23.751762, 122.258385, 319.118195, 350.199219, 34.260357, ","[["" 133.201"", "" 124.403"", ""  61.113""], ["" 131.748"", "" 123.317"", ""  61.009""], ["" 130.798"", "" 123.911"", ""  59.629""], ["" 130.827"", "" 125.303"", ""  57.762""], ["" 129.524"", "" 124.947"", ""  57.422""], ["" 131.458"", "" 124.804"", ""  58.850""], ["" 128.817"", "" 124.047"", ""  58.229""], ["" 129.468"", "" 123.505"", ""  59.366""], ["" 128.784"", "" 122.546"", ""  60.239""], ["" 128.243"", "" 121.790"", ""  60.928""], ["" 131.626"", "" 126.286"", ""  56.928""], ["" 127.414"", "" 123.715"", ""  57.837""], ["" 127.167"", "" 122.731"", ""  56.873""], ["" 126.331"", "" 124.396"", ""  58.409""], ["" 125.863"", "" 122.421"", ""  56.498""], ["" 125.026"", "" 124.089"", ""  58.035""], ["" 124.797"", "" 123.100"", ""  57.082""], ["" 133.618"", "" 124.662"", ""  62.561""], ["" 132.669"", "" 125.204"", ""  63.356""], ["" 134.759"", "" 124.368"", ""  62.921""], ["" 131.745"", "" 125.298"", ""  62.959""], ["" 132.766"", "" 125.546"", ""  64.716""], ["" 133.960"", "" 125.523"", ""  65.379""], ["" 131.583"", "" 125.947"", ""  65.346""], ["" 133.983"", "" 125.888"", ""  66.686""], ["" 131.624"", "" 126.317"", ""  66.692""], ["" 132.838"", "" 126.289"", ""  67.378""], ["" 135.342"", "" 125.842"", ""  67.360""]]",[],3ce_Grossjean_2025
56,3402,3ch_Grossjean_2025,4h2i_c_2_mae_prepped,1,16,-7.7,-0.23333333333333334,0.0,0.0,4,187.6,-10.08,-9.68,-0.41,-10.08,0.0,-3.27,2.39,-3.27,55,8,0.0,0.0,0.0,10.904298,11.438069,7.668099,-0.9528849,-0.18614372,-0.23950131,84.186127,"39.666805, 326.102661, 194.16539, 185.708832, 8.168591, 5.495854, 140.875275, 305.149231, ","[["" 128.903"", "" 126.046"", ""  62.368""], ["" 129.308"", "" 125.766"", ""  63.627""], ["" 129.640"", "" 126.347"", ""  61.430""], ["" 128.587"", "" 125.479"", ""  64.272""], ["" 127.399"", "" 125.928"", ""  62.119""], ["" 126.831"", "" 124.202"", ""  62.154""], ["" 128.196"", "" 123.245"", ""  62.777""], ["" 129.318"", "" 122.570"", ""  64.702""], ["" 130.248"", "" 121.846"", ""  63.961""], ["" 128.307"", "" 123.261"", ""  64.129""], ["" 130.146"", "" 121.811"", ""  62.563""], ["" 129.079"", "" 122.515"", ""  61.947""], ["" 128.869"", "" 122.437"", ""  60.499""], ["" 128.703"", "" 122.377"", ""  59.355""], ["" 129.386"", "" 122.634"", ""  66.216""], ["" 131.173"", "" 121.030"", ""  61.808""], ["" 130.895"", "" 119.723"", ""  61.391""], ["" 132.427"", "" 121.584"", ""  61.526""], ["" 131.849"", "" 118.986"", ""  60.694""], ["" 133.384"", "" 120.850"", ""  60.829""], ["" 133.090"", "" 119.554"", ""  60.415""], ["" 130.606"", "" 125.760"", ""  64.172""], ["" 131.743"", "" 125.245"", ""  63.533""], ["" 130.738"", "" 126.329"", ""  65.440""], ["" 132.999"", "" 125.278"", ""  64.161""], ["" 131.982"", "" 126.377"", ""  66.087""], ["" 133.105"", "" 125.850"", ""  65.436""], ["" 134.160"", "" 124.781"", ""  63.596""], ["" 134.154"", "" 124.357"", ""  62.237""], ["" 132.179"", "" 126.920"", ""  67.345""], ["" 131.058"", "" 127.377"", ""  68.094""], ["" 134.327"", "" 125.874"", ""  66.066""], ["" 134.307"", "" 125.355"", ""  67.389""]]",[],3ch_Grossjean_2025
57,4090,3ci_Grossjean_2025,4h2i_c_2_mae_prepped,1,13,-8.5,-0.3269230769230769,0.0,0.0,1,191.75,-9.99,-9.63,-0.36,-9.99,0.0,-1.16,1.49,-1.16,48,11,0.0,0.0,0.0,14.838219,8.629071,8.569383,0.31329797,0.9472323,0.06778894,199.49025,"202.155716, 325.114014, 90.105316, 8.142788, 49.478485, ","[["" 129.760"", "" 125.421"", ""  62.509""], ["" 131.069"", "" 124.219"", ""  62.312""], ["" 133.357"", "" 123.799"", ""  62.481""], ["" 133.194"", "" 122.479"", ""  62.073""], ["" 132.321"", "" 124.659"", ""  62.597""], ["" 131.912"", "" 122.000"", ""  61.772""], ["" 130.815"", "" 122.893"", ""  61.884""], ["" 129.456"", "" 122.461"", ""  61.541""], ["" 128.384"", "" 122.118"", ""  61.271""], ["" 134.721"", "" 124.362"", ""  62.836""], ["" 131.783"", "" 120.572"", ""  61.353""], ["" 132.755"", "" 119.973"", ""  60.541""], ["" 130.671"", "" 119.820"", ""  61.750""], ["" 132.626"", "" 118.644"", ""  60.146""], ["" 130.538"", "" 118.491"", ""  61.357""], ["" 131.518"", "" 117.909"", ""  60.557""], ["" 130.016"", "" 126.350"", ""  64.056""], ["" 131.028"", "" 125.692"", ""  65.001""], ["" 132.057"", "" 126.474"", ""  65.395""], ["" 130.851"", "" 124.524"", ""  65.353""], ["" 132.083"", "" 127.417"", ""  65.039""], ["" 133.117"", "" 126.118"", ""  66.218""], ["" 134.263"", "" 125.588"", ""  65.824""], ["" 133.094"", "" 126.286"", ""  67.602""], ["" 135.032"", "" 125.393"", ""  66.973""], ["" 134.314"", "" 125.821"", ""  68.039""]]",[],3ci_Grossjean_2025
58,3714,3cj_Grossjean_2025,4h2i_c_2_mae_prepped,1,20,-8.16,-0.31384615384615383,0.0,0.0,8,187.31,-9.65,-9.64,-0.01,-9.65,0.0,-1.08,1.49,-1.08,44,2,0.0,0.0,0.0,10.958787,8.797088,5.250662,-0.49388307,-0.45140567,-0.74317726,119.897865,"295.002258, 309.575928, 325.700256, 150.085526, 125.151833, ","[["" 129.575"", "" 123.904"", ""  62.755""], ["" 129.393"", "" 124.103"", ""  60.995""], ["" 130.481"", "" 124.660"", ""  59.014""], ["" 129.364"", "" 124.320"", ""  58.254""], ["" 130.508"", "" 124.544"", ""  60.361""], ["" 128.213"", "" 123.837"", ""  58.891""], ["" 128.215"", "" 123.741"", ""  60.305""], ["" 127.031"", "" 123.270"", ""  61.031""], ["" 126.097"", "" 122.897"", ""  61.603""], ["" 131.757"", "" 125.163"", ""  58.368""], ["" 127.064"", "" 123.424"", ""  58.032""], ["" 127.249"", "" 122.508"", ""  56.990""], ["" 125.794"", "" 123.973"", ""  58.243""], ["" 126.179"", "" 122.134"", ""  56.181""], ["" 124.722"", "" 123.601"", ""  57.435""], ["" 124.920"", "" 122.681"", ""  56.409""], ["" 129.379"", "" 122.117"", ""  63.046""], ["" 130.536"", "" 121.311"", ""  62.446""], ["" 130.177"", "" 120.344"", ""  61.575""], ["" 131.692"", "" 121.551"", ""  62.801""], ["" 129.192"", "" 120.237"", ""  61.380""], ["" 131.009"", "" 119.397"", ""  61.001""], ["" 132.195"", "" 119.583"", ""  60.463""], ["" 130.457"", "" 117.752"", ""  61.009""], ["" 132.717"", "" 118.448"", ""  60.040""], ["" 131.947"", "" 117.305"", ""  60.232""]]",[],3cj_Grossjean_2025
59,8166,3ck_Grossjean_2025,4h2i_c_2_mae_prepped,1,20,-7.25,-0.23387096774193547,0.0,0.0,5,185.67,-11.13,-11.19,0.05,-11.13,0.0,-3.45,3.88,-3.45,63,5,0.0,0.0,0.0,16.525982,11.707238,7.698311,0.15098508,0.59044873,-0.79282647,91.609634,"20.260422, 80.058784, 346.467987, 114.616989, 113.949051, 51.294422, 359.869507, 197.408691, 97.839806, 217.838562, 38.782021, 210.441483, 285.135315, ","[["" 129.453"", "" 123.440"", ""  61.325""], ["" 128.766"", "" 122.736"", ""  62.348""], ["" 129.029"", "" 123.414"", ""  63.706""], ["" 130.121"", "" 124.391"", ""  63.676""], ["" 130.751"", "" 124.896"", ""  64.752""], ["" 130.486"", "" 124.562"", ""  65.909""], ["" 130.410"", "" 124.705"", ""  62.761""], ["" 131.847"", "" 125.931"", ""  64.452""], ["" 133.446"", "" 125.241"", ""  63.902""], ["" 133.168"", "" 124.158"", ""  62.508""], ["" 132.576"", "" 121.744"", ""  65.063""], ["" 132.677"", "" 122.210"", ""  64.009""], ["" 132.806"", "" 122.801"", ""  62.672""], ["" 132.589"", "" 122.018"", ""  61.509""], ["" 132.765"", "" 122.622"", ""  60.257""], ["" 133.327"", "" 124.725"", ""  61.286""], ["" 133.128"", "" 123.965"", ""  60.186""], ["" 133.322"", "" 124.667"", ""  58.856""], ["" 132.176"", "" 120.583"", ""  61.537""], ["" 133.125"", "" 119.574"", ""  61.330""], ["" 130.837"", "" 120.228"", ""  61.744""], ["" 132.745"", "" 118.233"", ""  61.345""], ["" 130.455"", "" 118.890"", ""  61.759""], ["" 131.412"", "" 117.898"", ""  61.560""], ["" 129.429"", "" 122.813"", ""  60.051""], ["" 128.482"", "" 123.604"", ""  59.140""], ["" 127.174"", "" 123.057"", ""  59.244""], ["" 126.510"", "" 122.907"", ""  57.995""], ["" 127.526"", "" 122.477"", ""  56.930""], ["" 126.845"", "" 121.865"", ""  55.843""], ["" 125.455"", "" 122.149"", ""  55.815""]]",[],3ck_Grossjean_2025
60,8200,4aa_Grossjean_2025,4h2i_c_2_mae_prepped,1,17,-8.26,-0.2848275862068965,0.0,0.0,6,186.51,-10.05,-9.71,-0.34,-10.05,0.0,-0.52,1.79,-0.52,45,10,0.0,0.0,0.0,13.662907,10.612661,6.585615,0.45548546,0.86737786,0.20047106,284.694977,"142.872192, 94.863014, 8.387931, 313.825165, 125.049538, 291.074585, ","[["" 129.132"", "" 124.255"", ""  59.803""], ["" 128.630"", "" 122.953"", ""  59.827""], ["" 127.875"", "" 122.469"", ""  58.763""], ["" 127.598"", "" 123.282"", ""  57.656""], ["" 128.097"", "" 124.594"", ""  57.640""], ["" 128.856"", "" 125.079"", ""  58.703""], ["" 129.875"", "" 124.644"", ""  60.935""], ["" 130.544"", "" 126.773"", ""  60.437""], ["" 130.497"", "" 125.816"", ""  61.210""], ["" 129.963"", "" 123.924"", ""  61.638""], ["" 131.157"", "" 125.881"", ""  62.515""], ["" 130.628"", "" 126.312"", ""  63.742""], ["" 132.821"", "" 125.321"", ""  62.700""], ["" 131.549"", "" 126.211"", ""  64.843""], ["" 132.801"", "" 125.678"", ""  64.412""], ["" 131.433"", "" 126.534"", ""  66.222""], ["" 133.861"", "" 125.457"", ""  65.191""], ["" 132.542"", "" 126.302"", ""  67.043""], ["" 133.711"", "" 125.774"", ""  66.501""], ["" 130.178"", "" 127.113"", ""  66.859""], ["" 134.927"", "" 125.510"", ""  67.372""], ["" 129.352"", "" 126.793"", ""  63.898""], ["" 128.909"", "" 127.364"", ""  63.193""], ["" 128.813"", "" 126.592"", ""  64.728""], ["" 126.776"", "" 122.730"", ""  56.527""], ["" 127.181"", "" 121.850"", ""  55.760""], ["" 125.543"", "" 123.292"", ""  56.438""], ["" 124.660"", "" 123.307"", ""  57.552""], ["" 124.040"", "" 124.701"", ""  57.691""]]",[],4aa_Grossjean_2025
61,3568,4ab_Grossjean_2025,4h2i_c_2_mae_prepped,1,1,-8.0,-0.2857142857142857,0.0,0.0,5,186.8,-9.49,-9.14,-0.35,-9.49,0.0,-0.39,1.49,-0.39,42,10,0.0,0.0,0.0,13.972781,10.598187,6.812223,0.53260636,0.80928439,0.24776853,275.69397,"321.479095, 87.424751, 26.815218, 128.73465, 284.931213, ","[["" 129.253"", "" 124.236"", ""  59.760""], ["" 128.537"", "" 123.046"", ""  59.883""], ["" 127.788"", "" 122.559"", ""  58.814""], ["" 127.736"", "" 123.260"", ""  57.602""], ["" 128.452"", "" 124.461"", ""  57.485""], ["" 129.203"", "" 124.949"", ""  58.552""], ["" 129.968"", "" 124.639"", ""  60.904""], ["" 130.411"", "" 126.849"", ""  60.516""], ["" 130.473"", "" 125.852"", ""  61.236""], ["" 130.136"", "" 123.897"", ""  61.566""], ["" 131.143"", "" 125.914"", ""  62.536""], ["" 130.629"", "" 126.355"", ""  63.765""], ["" 132.803"", "" 125.338"", ""  62.711""], ["" 131.557"", "" 126.250"", ""  64.859""], ["" 132.799"", "" 125.701"", ""  64.422""], ["" 131.455"", "" 126.581"", ""  66.238""], ["" 133.861"", "" 125.471"", ""  65.195""], ["" 132.568"", "" 126.341"", ""  67.052""], ["" 133.726"", "" 125.795"", ""  66.504""], ["" 130.213"", "" 127.177"", ""  66.883""], ["" 134.944"", "" 125.520"", ""  67.367""], ["" 129.359"", "" 126.849"", ""  63.928""], ["" 128.808"", "" 126.643"", ""  64.749""], ["" 128.929"", "" 127.433"", ""  63.224""], ["" 126.918"", "" 122.708"", ""  56.471""], ["" 127.283"", "" 121.757"", ""  55.771""], ["" 125.736"", "" 123.353"", ""  56.299""], ["" 124.852"", "" 123.562"", ""  57.391""]]",[],4ab_Grossjean_2025
62,3474,4ac_Grossjean_2025,4h2i_c_2_mae_prepped,1,6,-7.37,-0.2834615384615385,0.0,0.0,12,184.79,-8.56,-8.37,-0.19,-8.56,0.0,-0.61,1.19,-0.61,47,7,0.0,0.0,0.0,11.875942,9.219199,6.420424,-0.44443562,0.59508089,0.66959369,151.023117,"338.959961, 36.30994, 4.608709, 355.360596, ","[["" 128.035"", "" 123.739"", ""  62.980""], ["" 128.601"", "" 123.871"", ""  61.893""], ["" 129.899"", "" 124.231"", ""  61.754""], ["" 130.262"", "" 124.237"", ""  60.811""], ["" 127.879"", "" 123.627"", ""  60.641""], ["" 126.538"", "" 123.911"", ""  60.337""], ["" 128.701"", "" 122.888"", ""  59.267""], ["" 126.152"", "" 123.545"", ""  59.000""], ["" 127.249"", "" 122.965"", ""  58.295""], ["" 124.924"", "" 123.655"", ""  58.295""], ["" 127.215"", "" 122.521"", ""  57.039""], ["" 124.885"", "" 123.188"", ""  56.976""], ["" 126.028"", "" 122.639"", ""  56.397""], ["" 123.651"", "" 124.246"", ""  58.882""], ["" 126.010"", "" 122.126"", ""  54.969""], ["" 125.660"", "" 124.488"", ""  61.220""], ["" 124.827"", "" 124.964"", ""  60.909""], ["" 125.821"", "" 124.453"", ""  62.217""], ["" 130.843"", "" 124.561"", ""  62.744""], ["" 132.184"", "" 124.393"", ""  62.398""], ["" 130.514"", "" 125.069"", ""  64.010""], ["" 133.188"", "" 124.706"", ""  63.311""], ["" 131.520"", "" 125.381"", ""  64.920""], ["" 132.869"", "" 125.199"", ""  64.576""], ["" 133.930"", "" 125.481"", ""  65.413""], ["" 133.671"", "" 125.888"", ""  66.752""]]",[],4ac_Grossjean_2025
63,3693,4ad_Grossjean_2025,4h2i_c_2_mae_prepped,1,6,-6.94,-0.2891666666666667,0.0,0.0,13,183.77,-7.84,-7.75,-0.09,-7.84,0.0,-0.4,0.89,-0.4,43,4,0.0,0.0,0.0,11.047634,8.616833,5.945796,-0.3566282,0.80884823,0.46752632,128.496429,"276.844574, 61.54586, 163.633514, ","[["" 127.488"", "" 123.302"", ""  60.556""], ["" 126.209"", "" 123.696"", ""  60.133""], ["" 125.933"", "" 123.402"", ""  58.752""], ["" 124.794"", "" 123.628"", ""  57.933""], ["" 123.516"", "" 124.297"", ""  58.415""], ["" 124.856"", "" 123.209"", ""  56.598""], ["" 126.009"", "" 122.594"", ""  56.114""], ["" 126.101"", "" 122.133"", ""  54.671""], ["" 127.112"", "" 122.363"", ""  56.864""], ["" 127.051"", "" 122.763"", ""  58.135""], ["" 128.389"", "" 122.546"", ""  59.241""], ["" 128.100"", "" 123.460"", ""  61.877""], ["" 127.590"", "" 122.939"", ""  62.871""], ["" 129.240"", "" 124.193"", ""  61.905""], ["" 129.585"", "" 124.512"", ""  61.012""], ["" 130.039"", "" 124.564"", ""  63.004""], ["" 130.931"", "" 123.591"", ""  63.467""], ["" 130.011"", "" 125.827"", ""  63.617""], ["" 131.772"", "" 123.865"", ""  64.542""], ["" 130.854"", "" 126.098"", ""  64.691""], ["" 131.728"", "" 125.116"", ""  65.151""], ["" 125.288"", "" 124.306"", ""  60.948""], ["" 125.378"", "" 124.301"", ""  61.953""], ["" 124.487"", "" 124.790"", ""  60.565""]]",[],4ad_Grossjean_2025
64,4576,4ae_Grossjean_2025,4h2i_c_2_mae_prepped,1,12,-7.24,-0.2896,0.0,0.0,9,187.93,-8.13,-7.77,-0.36,-8.13,0.0,-0.22,0.89,-0.22,45,8,0.0,0.0,0.0,8.678934,14.413927,12.359838,0.73933023,0.19610826,0.64415243,264.944702,"351.780792, 223.480972, 65.463531, ","[["" 125.591"", "" 128.837"", ""  67.127""], ["" 126.911"", "" 128.359"", ""  67.087""], ["" 127.328"", "" 127.698"", ""  68.295""], ["" 128.552"", "" 127.086"", ""  68.679""], ["" 129.782"", "" 127.007"", ""  67.788""], ["" 128.629"", "" 126.524"", ""  69.959""], ["" 127.526"", "" 126.577"", ""  70.810""], ["" 127.586"", "" 125.980"", ""  72.204""], ["" 126.344"", "" 127.149"", ""  70.477""], ["" 126.275"", "" 127.684"", ""  69.258""], ["" 124.826"", "" 128.468"", ""  68.673""], ["" 124.858"", "" 129.577"", ""  66.097""], ["" 124.127"", "" 130.521"", ""  66.398""], ["" 125.053"", "" 129.148"", ""  64.824""], ["" 125.724"", "" 128.405"", ""  64.698""], ["" 124.494"", "" 129.645"", ""  63.634""], ["" 123.314"", "" 130.332"", ""  63.623""], ["" 125.192"", "" 129.367"", ""  62.455""], ["" 122.823"", "" 130.763"", ""  62.433""], ["" 124.676"", "" 129.819"", ""  61.238""], ["" 123.474"", "" 130.527"", ""  61.219""], ["" 121.510"", "" 131.517"", ""  62.496""], ["" 127.743"", "" 128.503"", ""  66.006""], ["" 128.069"", "" 127.709"", ""  65.474""], ["" 128.058"", "" 129.415"", ""  65.704""]]",[],4ae_Grossjean_2025
65,8160,4af_Grossjean_2025,4h2i_c_2_mae_prepped,1,1,-7.28,-0.30333333333333334,0.0,0.0,13,183.94,-8.18,-8.01,-0.17,-8.18,0.0,-0.31,0.89,-0.31,47,5,0.0,0.0,0.0,10.966249,8.647949,6.273574,0.38071962,-0.79986885,-0.46396379,233.713562,"224.259094, 73.830452, 331.404938, ","[["" 127.405"", "" 123.342"", ""  60.874""], ["" 126.146"", "" 123.715"", ""  60.378""], ["" 125.952"", "" 123.408"", ""  58.986""], ["" 124.856"", "" 123.609"", ""  58.104""], ["" 123.542"", "" 124.257"", ""  58.510""], ["" 124.999"", "" 123.185"", ""  56.777""], ["" 126.186"", "" 122.587"", ""  56.361""], ["" 126.366"", "" 122.122"", ""  54.927""], ["" 127.251"", "" 122.378"", ""  57.173""], ["" 127.112"", "" 122.784"", ""  58.436""], ["" 128.391"", "" 122.596"", ""  59.615""], ["" 127.945"", "" 123.531"", ""  62.222""], ["" 127.507"", "" 122.879"", ""  63.170""], ["" 128.944"", "" 124.442"", ""  62.324""], ["" 129.249"", "" 124.866"", ""  61.460""], ["" 129.636"", "" 124.887"", ""  63.466""], ["" 129.839"", "" 123.953"", ""  64.489""], ["" 130.162"", "" 126.179"", ""  63.649""], ["" 130.501"", "" 124.236"", ""  65.639""], ["" 130.846"", "" 126.486"", ""  64.826""], ["" 130.992"", "" 125.492"", ""  65.794""], ["" 125.175"", "" 124.319"", ""  61.136""], ["" 124.487"", "" 124.937"", ""  60.729""], ["" 125.113"", "" 124.161"", ""  62.132""]]",[],4af_Grossjean_2025
66,3336,4ag_Grossjean_2025,4h2i_c_2_mae_prepped,1,1,-7.5,-0.3,0.0,0.0,4,182.61,-8.69,-8.84,0.15,-8.69,0.0,-0.23,1.19,-0.23,64,3,0.0,0.0,0.0,11.397979,8.907689,5.952366,0.37759457,0.48267195,-0.79022157,175.980362,"210.478531, 117.068024, 145.782562, 37.426414, ","[["" 127.554"", "" 123.068"", ""  60.564""], ["" 127.511"", "" 122.799"", ""  59.188""], ["" 126.326"", "" 123.287"", ""  58.535""], ["" 125.885"", "" 123.230"", ""  57.186""], ["" 126.667"", "" 122.572"", ""  56.059""], ["" 124.653"", "" 123.818"", ""  56.877""], ["" 123.903"", "" 124.433"", ""  57.878""], ["" 122.565"", "" 125.077"", ""  57.566""], ["" 124.293"", "" 124.508"", ""  59.173""], ["" 125.467"", "" 123.946"", ""  59.465""], ["" 126.120"", "" 123.951"", ""  61.088""], ["" 128.604"", "" 122.729"", ""  61.524""], ["" 128.857"", "" 123.460"", ""  62.484""], ["" 129.283"", "" 121.587"", ""  61.283""], ["" 128.984"", "" 121.009"", ""  60.511""], ["" 130.350"", "" 121.043"", ""  62.121""], ["" 131.064"", "" 119.842"", ""  61.512""], ["" 130.411"", "" 118.608"", ""  61.439""], ["" 132.349"", "" 119.986"", ""  60.981""], ["" 131.052"", "" 117.515"", ""  60.861""], ["" 132.989"", "" 118.893"", ""  60.403""], ["" 132.339"", "" 117.662"", ""  60.347""], ["" 128.499"", "" 122.129"", ""  58.511""], ["" 128.772"", "" 122.387"", ""  57.573""], ["" 128.993"", "" 121.354"", ""  58.933""]]",[],4ag_Grossjean_2025
67,3467,4ah_Grossjean_2025,4h2i_c_2_mae_prepped,1,4,-7.33,-0.2364516129032258,0.0,0.0,3,185.58,-9.42,-9.41,-0.01,-9.42,0.0,-1.2,2.09,-1.2,59,11,0.0,0.0,0.0,12.160689,9.435031,7.125166,0.80477752,0.39549659,-0.44262353,282.095032,"6.284938, 346.07309, 356.791565, 349.955872, 147.212555, 15.171664, 350.918396, ","[["" 127.349"", "" 124.324"", ""  63.117""], ["" 127.792"", "" 123.436"", ""  62.386""], ["" 128.691"", "" 122.524"", ""  62.812""], ["" 129.070"", "" 121.877"", ""  62.136""], ["" 127.333"", "" 123.287"", ""  61.005""], ["" 126.160"", "" 123.782"", ""  60.418""], ["" 128.340"", "" 122.450"", ""  59.822""], ["" 126.035"", "" 123.474"", ""  59.019""], ["" 127.171"", "" 122.744"", ""  58.554""], ["" 125.024"", "" 123.760"", ""  58.061""], ["" 127.361"", "" 122.317"", ""  57.306""], ["" 125.221"", "" 123.310"", ""  56.750""], ["" 126.378"", "" 122.609"", ""  56.420""], ["" 123.745"", "" 124.522"", ""  58.373""], ["" 126.616"", "" 122.116"", ""  55.005""], ["" 125.203"", "" 124.487"", ""  61.103""], ["" 124.326"", "" 124.748"", ""  60.678""], ["" 125.349"", "" 124.775"", ""  62.061""], ["" 129.288"", "" 122.483"", ""  64.147""], ["" 130.525"", "" 123.363"", ""  64.289""], ["" 131.717"", "" 123.000"", ""  63.660""], ["" 130.494"", "" 124.495"", ""  65.103""], ["" 132.877"", "" 123.775"", ""  63.815""], ["" 131.637"", "" 125.292"", ""  65.272""], ["" 132.820"", "" 124.925"", ""  64.617""], ["" 134.091"", "" 123.477"", ""  63.221""], ["" 134.220"", "" 122.284"", ""  62.457""], ["" 131.673"", "" 126.435"", ""  66.052""], ["" 130.453"", "" 126.985"", ""  66.539""], ["" 133.952"", "" 125.686"", ""  64.788""], ["" 134.346"", "" 125.840"", ""  66.145""]]",[],4ah_Grossjean_2025
68,3393,4ai_Grossjean_2025,4h2i_c_2_mae_prepped,1,9,-7.13,-0.31,0.0,0.0,15,183.77,-8.03,-7.88,-0.15,-8.03,0.0,-0.44,0.89,-0.44,45,5,0.0,0.0,0.0,10.517101,8.631778,6.11475,-0.3955835,0.7969441,0.4565017,122.313858,"47.28479, 49.185627, 170.996597, ","[["" 127.166"", "" 123.325"", ""  60.901""], ["" 125.952"", "" 123.741"", ""  60.332""], ["" 125.830"", "" 123.440"", ""  58.931""], ["" 124.790"", "" 123.668"", ""  57.989""], ["" 123.469"", "" 124.343"", ""  58.324""], ["" 124.996"", "" 123.240"", ""  56.673""], ["" 126.191"", "" 122.615"", ""  56.322""], ["" 126.434"", "" 122.137"", ""  54.902""], ["" 127.205"", "" 122.383"", ""  57.191""], ["" 127.005"", "" 122.790"", ""  58.445""], ["" 128.208"", "" 122.566"", ""  59.695""], ["" 127.624"", "" 123.478"", ""  62.284""], ["" 126.876"", "" 123.215"", ""  63.227""], ["" 128.904"", "" 123.903"", ""  62.428""], ["" 129.429"", "" 124.076"", ""  61.584""], ["" 129.592"", "" 124.122"", ""  63.614""], ["" 129.616"", "" 123.312"", ""  64.661""], ["" 130.366"", "" 125.259"", ""  63.848""], ["" 130.428"", "" 123.919"", ""  65.621""], ["" 130.873"", "" 125.093"", ""  65.116""], ["" 124.957"", "" 124.373"", ""  61.034""], ["" 124.986"", "" 124.458"", ""  62.040""], ["" 124.156"", "" 124.772"", ""  60.565""]]",[],4ai_Grossjean_2025
69,8310,4aj_Grossjean_2025,4h2i_c_2_mae_prepped,1,3,-6.75,-0.29347826086956524,0.0,0.0,18,183.25,-7.65,-7.75,0.1,-7.65,0.0,-0.62,0.89,-0.62,59,4,0.0,0.0,0.0,10.441511,8.600413,5.90763,0.38952262,-0.80143631,-0.45384136,238.738708,"45.884834, 345.38797, 7.41211, ","[["" 127.077"", "" 123.293"", ""  60.687""], ["" 125.871"", "" 123.727"", ""  60.116""], ["" 125.747"", "" 123.428"", ""  58.714""], ["" 124.715"", "" 123.674"", ""  57.770""], ["" 123.405"", "" 124.374"", ""  58.100""], ["" 124.918"", "" 123.244"", ""  56.453""], ["" 126.102"", "" 122.599"", ""  56.105""], ["" 126.347"", "" 122.129"", ""  54.683""], ["" 127.107"", "" 122.345"", ""  56.979""], ["" 126.911"", "" 122.756"", ""  58.232""], ["" 128.105"", "" 122.509"", ""  59.486""], ["" 127.534"", "" 123.439"", ""  62.070""], ["" 127.008"", "" 124.260"", ""  62.824""], ["" 128.543"", "" 122.612"", ""  62.440""], ["" 128.897"", "" 121.973"", ""  61.744""], ["" 129.147"", "" 122.540"", ""  63.688""], ["" 128.564"", "" 122.534"", ""  64.868""], ["" 130.877"", "" 122.441"", ""  63.725""], ["" 129.448"", "" 122.451"", ""  65.844""], ["" 130.785"", "" 122.388"", ""  65.461""], ["" 124.885"", "" 124.375"", ""  60.816""], ["" 123.983"", "" 124.574"", ""  60.408""], ["" 125.030"", "" 124.678"", ""  61.769""]]",[],4aj_Grossjean_2025
70,8089,4ak_Grossjean_2025,4h2i_c_2_mae_prepped,1,18,-5.89,-0.21035714285714285,0.0,0.0,3,183.26,-9.17,-9.24,0.07,-9.17,0.0,-2.79,3.28,-2.79,58,5,0.0,0.0,0.0,11.832059,9.018489,7.065486,0.02081246,-0.82507432,-0.56464078,282.900757,"352.637756, 356.483185, 134.908447, 306.726227, 59.603287, 161.627731, 76.556488, 183.477188, 47.450451, 232.048538, 282.443665, ","[["" 131.730"", "" 122.803"", ""  62.390""], ["" 131.347"", "" 122.568"", ""  63.739""], ["" 129.811"", "" 122.554"", ""  63.837""], ["" 129.140"", "" 122.614"", ""  62.539""], ["" 127.304"", "" 123.765"", ""  63.187""], ["" 127.946"", "" 123.196"", ""  62.304""], ["" 129.619"", "" 122.169"", ""  61.768""], ["" 127.454"", "" 123.122"", ""  60.929""], ["" 126.247"", "" 123.611"", ""  60.407""], ["" 128.407"", "" 122.313"", ""  59.685""], ["" 126.074"", "" 123.358"", ""  59.002""], ["" 127.192"", "" 122.647"", ""  58.472""], ["" 125.030"", "" 123.679"", ""  58.093""], ["" 127.337"", "" 122.261"", ""  57.204""], ["" 125.179"", "" 123.276"", ""  56.760""], ["" 126.322"", "" 122.585"", ""  56.364""], ["" 123.767"", "" 124.434"", ""  58.476""], ["" 126.505"", "" 122.137"", ""  54.926""], ["" 125.307"", "" 124.276"", ""  61.154""], ["" 124.501"", "" 124.714"", ""  60.731""], ["" 125.389"", "" 124.346"", ""  62.158""], ["" 132.495"", "" 121.751"", ""  61.818""], ["" 131.601"", "" 120.922"", ""  60.889""], ["" 130.628"", "" 120.234"", ""  61.664""], ["" 130.521"", "" 118.851"", ""  61.355""], ["" 131.588"", "" 118.477"", ""  60.318""], ["" 132.182"", "" 117.235"", ""  60.675""], ["" 131.957"", "" 116.869"", ""  62.027""]]",[],4ak_Grossjean_2025
71,3292,4al_Grossjean_2025,4h2i_c_2_mae_prepped,1,17,-5.92,-0.3288888888888889,0.0,0.0,15,182.58,-6.81,-6.7,-0.11,-6.81,0.0,-0.26,0.89,-0.26,45,4,0.0,0.0,0.0,9.66132,8.72055,4.953762,0.3858446,-0.80219447,-0.45564019,237.632401,"323.291107, 37.752815, 167.809219, ","[["" 127.102"", "" 123.256"", ""  60.745""], ["" 125.890"", "" 123.675"", ""  60.184""], ["" 125.765"", "" 123.390"", ""  58.781""], ["" 124.728"", "" 123.637"", ""  57.842""], ["" 123.415"", "" 124.324"", ""  58.182""], ["" 124.932"", "" 123.222"", ""  56.521""], ["" 126.120"", "" 122.588"", ""  56.165""], ["" 126.365"", "" 122.128"", ""  54.740""], ["" 127.130"", "" 122.336"", ""  57.035""], ["" 126.934"", "" 122.734"", ""  58.292""], ["" 128.135"", "" 122.486"", ""  59.539""], ["" 127.567"", "" 123.383"", ""  62.143""], ["" 126.821"", "" 123.250"", ""  63.116""], ["" 128.894"", "" 123.659"", ""  62.236""], ["" 129.389"", "" 124.528"", ""  63.244""], ["" 124.904"", "" 124.303"", ""  60.900""], ["" 124.917"", "" 124.340"", ""  61.909""], ["" 124.125"", "" 124.755"", ""  60.439""]]",[],4al_Grossjean_2025
72,3423,4ba_Grossjean_2025,4h2i_c_2_mae_prepped,1,20,-7.86,-0.2535483870967742,0.0,0.0,10,189.93,-9.65,-9.49,-0.16,-9.65,0.0,-0.46,1.79,-0.46,55,6,0.0,0.0,0.0,11.917287,16.395741,7.130838,0.84264855,0.35443522,-0.40536292,166.996735,"113.14254, 113.897652, 74.862061, 248.754684, 135.455093, 67.059593, ","[["" 126.534"", "" 130.685"", ""  63.877""], ["" 125.712"", "" 131.646"", ""  64.467""], ["" 124.847"", "" 131.296"", ""  65.500""], ["" 124.783"", "" 129.975"", ""  65.960""], ["" 125.605"", "" 129.010"", ""  65.360""], ["" 126.471"", "" 129.359"", ""  64.327""], ["" 127.363"", "" 131.146"", ""  62.836""], ["" 128.626"", "" 132.771"", ""  63.835""], ["" 128.333"", "" 132.094"", ""  62.848""], ["" 127.190"", "" 130.705"", ""  61.946""], ["" 129.025"", "" 132.296"", ""  61.574""], ["" 130.351"", "" 131.980"", ""  61.237""], ["" 128.159"", "" 132.966"", ""  60.192""], ["" 130.701"", "" 132.283"", ""  59.870""], ["" 129.577"", "" 132.828"", ""  59.179""], ["" 131.908"", "" 132.138"", ""  59.122""], ["" 129.556"", "" 133.206"", ""  57.901""], ["" 131.879"", "" 132.537"", ""  57.776""], ["" 130.712"", "" 133.051"", ""  57.217""], ["" 130.664"", "" 133.478"", ""  55.761""], ["" 131.242"", "" 131.432"", ""  62.125""], ["" 131.577"", "" 131.942"", ""  62.929""], ["" 131.602"", "" 130.496"", ""  61.998""], ["" 133.216"", "" 131.581"", ""  59.693""], ["" 133.744"", "" 132.356"", ""  60.642""], ["" 133.000"", "" 130.381"", ""  60.233""], ["" 134.121"", "" 131.469"", ""  58.720""], ["" 123.839"", "" 129.627"", ""  67.074""], ["" 122.613"", "" 129.660"", ""  66.946""], ["" 124.449"", "" 129.219"", ""  68.431""], ["" 125.627"", "" 128.230"", ""  68.346""]]",[],4ba_Grossjean_2025
73,8599,4bb_Grossjean_2025,4h2i_c_2_mae_prepped,1,18,-7.72,-0.2573333333333333,0.0,0.0,3,184.4,-9.21,-9.11,-0.11,-9.21,0.0,-0.51,1.49,-0.51,60,9,0.0,0.0,0.0,11.550634,9.034486,6.429435,0.49049662,-0.40675602,-0.77068969,199.45253,"164.301056, 6.268473, 67.591179, 37.204723, 295.601166, ","[["" 127.997"", "" 123.323"", ""  62.989""], ["" 128.481"", "" 123.796"", ""  61.961""], ["" 129.628"", "" 124.517"", ""  61.921""], ["" 129.939"", "" 124.802"", ""  61.004""], ["" 127.839"", "" 123.573"", ""  60.663""], ["" 126.564"", "" 123.980"", ""  60.235""], ["" 128.707"", "" 122.742"", ""  59.375""], ["" 126.256"", "" 123.621"", ""  58.874""], ["" 127.357"", "" 122.930"", ""  58.280""], ["" 125.106"", "" 123.823"", ""  58.052""], ["" 127.402"", "" 122.462"", ""  57.034""], ["" 125.159"", "" 123.327"", ""  56.740""], ["" 126.297"", "" 122.669"", ""  56.281""], ["" 126.368"", "" 122.126"", ""  54.866""], ["" 125.682"", "" 124.654"", ""  61.041""], ["" 125.804"", "" 124.704"", ""  62.043""], ["" 124.874"", "" 125.126"", ""  60.658""], ["" 123.833"", "" 124.540"", ""  58.512""], ["" 122.850"", "" 124.490"", ""  57.610""], ["" 123.377"", "" 123.976"", ""  59.631""], ["" 124.097"", "" 125.826"", ""  58.743""], ["" 130.485"", "" 124.915"", ""  62.967""], ["" 131.694"", "" 124.223"", ""  63.056""], ["" 130.212"", "" 125.943"", ""  63.882""], ["" 132.614"", "" 124.538"", ""  64.051""], ["" 131.135"", "" 126.258"", ""  64.876""], ["" 132.346"", "" 125.558"", ""  64.973""], ["" 133.356"", "" 125.877"", ""  66.034""], ["" 134.574"", "" 125.831"", ""  65.852""], ["" 132.849"", "" 126.292"", ""  67.416""]]",[],4bb_Grossjean_2025
74,8407,4bc_Grossjean_2025,4h2i_c_2_mae_prepped,1,20,-6.81,-0.23482758620689653,0.0,0.0,12,190.19,-8.3,-8.11,-0.19,-8.3,0.0,-0.31,1.49,-0.31,49,5,0.0,0.0,0.0,12.380522,17.763047,6.805188,0.52121523,0.83754397,-0.1638743,62.485165,"298.776733, 218.214325, 83.172928, 22.638985, 313.444702, ","[["" 128.261"", "" 133.117"", ""  63.256""], ["" 128.237"", "" 132.271"", ""  62.361""], ["" 127.412"", "" 131.195"", ""  62.360""], ["" 127.440"", "" 130.611"", ""  61.537""], ["" 129.125"", "" 132.384"", ""  61.200""], ["" 130.466"", "" 131.986"", ""  61.083""], ["" 128.536"", "" 133.094"", ""  59.699""], ["" 131.046"", "" 132.241"", ""  59.786""], ["" 130.085"", "" 132.856"", ""  58.925""], ["" 132.341"", "" 132.003"", ""  59.238""], ["" 130.296"", "" 133.226"", ""  57.662""], ["" 132.558"", "" 132.395"", ""  57.908""], ["" 131.534"", "" 132.989"", ""  57.172""], ["" 131.755"", "" 133.422"", ""  55.735""], ["" 131.170"", "" 131.405"", ""  62.106""], ["" 131.553"", "" 130.473"", ""  62.032""], ["" 131.333"", "" 131.895"", ""  62.975""], ["" 133.498"", "" 131.351"", ""  60.006""], ["" 133.098"", "" 130.367"", ""  60.813""], ["" 134.373"", "" 130.833"", ""  59.145""], ["" 134.109"", "" 132.264"", ""  60.761""], ["" 126.478"", "" 130.789"", ""  63.330""], ["" 125.136"", "" 130.824"", ""  62.947""], ["" 126.818"", "" 130.329"", ""  64.612""], ["" 124.142"", "" 130.426"", ""  63.837""], ["" 125.822"", "" 129.932"", ""  65.498""], ["" 124.471"", "" 129.980"", ""  65.117""], ["" 123.419"", "" 129.606"", ""  65.930""], ["" 123.594"", "" 129.617"", ""  67.342""]]",[],4bc_Grossjean_2025
75,3455,4bd_Grossjean_2025,4h2i_c_2_mae_prepped,2,11,-6.58,-0.2437037037037037,0.0,0.0,15,189.48,-7.78,-7.44,-0.34,-7.78,0.0,-0.33,1.19,-0.33,32,4,0.0,0.0,0.0,13.194514,8.040115,20.5062,0.51507282,-0.74251409,0.42822052,208.704956,"7.128367, 44.703465, 281.2995, 110.639923, ","[["" 130.048"", "" 122.923"", ""  75.315""], ["" 129.153"", "" 122.291"", ""  74.436""], ["" 128.812"", "" 120.940"", ""  74.812""], ["" 127.969"", "" 119.952"", ""  74.223""], ["" 127.872"", "" 118.716"", ""  74.881""], ["" 128.579"", "" 118.486"", ""  76.058""], ["" 128.486"", "" 117.154"", ""  76.780""], ["" 129.386"", "" 119.402"", ""  76.641""], ["" 129.483"", "" 120.577"", ""  76.020""], ["" 130.492"", "" 121.859"", ""  76.647""], ["" 130.612"", "" 124.274"", ""  75.229""], ["" 129.900"", "" 125.234"", ""  74.931""], ["" 131.936"", "" 124.370"", ""  75.508""], ["" 132.392"", "" 123.517"", ""  75.800""], ["" 132.778"", "" 125.497"", ""  75.476""], ["" 134.058"", "" 125.320"", ""  76.007""], ["" 132.421"", "" 126.739"", ""  74.925""], ["" 134.969"", "" 126.373"", ""  76.012""], ["" 133.334"", "" 127.790"", ""  74.930""], ["" 134.603"", "" 127.604"", ""  75.476""], ["" 128.645"", "" 122.897"", ""  73.316""], ["" 129.003"", "" 122.701"", ""  72.392""], ["" 127.884"", "" 123.560"", ""  73.376""], ["" 127.175"", "" 120.157"", ""  72.928""], ["" 126.166"", "" 121.020"", ""  73.066""], ["" 127.978"", "" 120.631"", ""  71.976""], ["" 126.655"", "" 118.997"", ""  72.529""]]",[],4bd_Grossjean_2025
76,8280,4be_Grossjean_2025,4h2i_c_2_mae_prepped,1,11,-6.8,-0.24285714285714285,0.0,0.0,4,187.98,-7.99,-7.73,-0.26,-7.99,0.0,-0.08,1.19,-0.08,55,9,0.0,0.0,0.0,9.345293,14.002168,12.436965,0.74456079,0.23252587,0.62574832,266.322205,"352.76474, 225.270569, 251.283401, 152.643738, ","[["" 125.752"", "" 128.686"", ""  67.168""], ["" 127.098"", "" 128.287"", ""  67.149""], ["" 127.535"", "" 127.629"", ""  68.355""], ["" 128.781"", "" 127.061"", ""  68.755""], ["" 128.847"", "" 126.496"", ""  70.038""], ["" 127.729"", "" 126.497"", ""  70.868""], ["" 127.787"", "" 125.891"", ""  72.258""], ["" 126.532"", "" 127.023"", ""  70.517""], ["" 126.465"", "" 127.562"", ""  69.301""], ["" 124.987"", "" 128.279"", ""  68.703""], ["" 124.993"", "" 129.391"", ""  66.131""], ["" 124.200"", "" 130.287"", ""  66.430""], ["" 125.245"", "" 129.000"", ""  64.857""], ["" 125.945"", "" 128.282"", ""  64.738""], ["" 124.703"", "" 129.495"", ""  63.658""], ["" 123.561"", "" 130.242"", ""  63.632""], ["" 125.390"", "" 129.163"", ""  62.484""], ["" 123.096"", "" 130.677"", ""  62.433""], ["" 124.900"", "" 129.619"", ""  61.259""], ["" 123.736"", "" 130.388"", ""  61.225""], ["" 121.825"", "" 131.504"", ""  62.479""], ["" 127.927"", "" 128.497"", ""  66.077""], ["" 128.267"", "" 129.416"", ""  65.835""], ["" 128.223"", "" 127.733"", ""  65.485""], ["" 130.036"", "" 127.033"", ""  67.876""], ["" 129.760"", "" 127.052"", ""  66.570""], ["" 130.794"", "" 128.097"", ""  68.138""], ["" 130.735"", "" 125.924"", ""  68.121""]]",[],4be_Grossjean_2025
77,3514,4bf_Grossjean_2025,4h2i_c_2_mae_prepped,1,12,-6.78,-0.2511111111111111,0.0,0.0,1,183.43,-7.97,-7.9,-0.07,-7.97,0.0,-0.33,1.19,-0.33,59,6,0.0,0.0,0.0,10.525749,8.867688,5.977497,0.35911566,-0.83043302,-0.42593069,237.426804,"226.171265, 80.613464, 346.72757, 1.975209, ","[["" 127.441"", "" 123.404"", ""  60.844""], ["" 126.245"", "" 123.894"", ""  60.294""], ["" 126.060"", "" 123.570"", ""  58.901""], ["" 125.020"", "" 123.858"", ""  57.967""], ["" 125.179"", "" 123.373"", ""  56.660""], ["" 126.312"", "" 122.644"", ""  56.312""], ["" 126.500"", "" 122.116"", ""  54.900""], ["" 127.315"", "" 122.353"", ""  57.173""], ["" 127.169"", "" 122.812"", ""  58.415""], ["" 128.381"", "" 122.525"", ""  59.641""], ["" 127.957"", "" 123.573"", ""  62.206""], ["" 127.506"", "" 122.903"", ""  63.135""], ["" 128.949"", "" 124.488"", ""  62.341""], ["" 129.269"", "" 124.926"", ""  61.490""], ["" 129.618"", "" 124.919"", ""  63.502""], ["" 129.840"", "" 123.960"", ""  64.498""], ["" 130.102"", "" 126.219"", ""  63.729""], ["" 130.482"", "" 124.229"", ""  65.663""], ["" 130.764"", "" 126.512"", ""  64.923""], ["" 130.932"", "" 125.493"", ""  65.861""], ["" 125.326"", "" 124.615"", ""  61.014""], ["" 124.573"", "" 125.118"", ""  60.567""], ["" 125.372"", "" 124.666"", ""  62.022""], ["" 123.757"", "" 124.659"", ""  58.303""], ["" 122.916"", "" 124.764"", ""  57.272""], ["" 123.097"", "" 124.065"", ""  59.298""], ["" 124.092"", "" 125.896"", ""  58.672""]]",[],4bf_Grossjean_2025
78,5492,4bg_Grossjean_2025,4h2i_c_2_mae_prepped,1,8,-6.85,-0.24464285714285713,0.0,0.0,4,183.4,-8.34,-8.44,0.1,-8.34,0.0,-0.72,1.49,-0.72,59,5,0.0,0.0,0.0,10.704091,9.056951,6.100361,-0.36482532,0.82146119,0.4382967,115.46624,"207.354431, 292.26712, 36.72514, 351.039673, 4.723035, ","[["" 127.326"", "" 123.103"", ""  60.946""], ["" 126.193"", "" 123.677"", ""  60.348""], ["" 126.076"", "" 123.412"", ""  58.935""], ["" 125.101"", "" 123.773"", ""  57.958""], ["" 125.320"", "" 123.335"", ""  56.642""], ["" 126.449"", "" 122.583"", ""  56.328""], ["" 126.702"", "" 122.107"", ""  54.908""], ["" 127.388"", "" 122.221"", ""  57.231""], ["" 127.184"", "" 122.632"", ""  58.483""], ["" 128.308"", "" 122.242"", ""  59.763""], ["" 127.768"", "" 123.194"", ""  62.337""], ["" 126.963"", "" 123.319"", ""  63.261""], ["" 129.098"", "" 123.093"", ""  62.541""], ["" 129.704"", "" 123.073"", ""  61.733""], ["" 129.766"", "" 123.171"", ""  63.840""], ["" 131.131"", "" 123.844"", ""  63.785""], ["" 132.096"", "" 123.400"", ""  62.876""], ["" 131.393"", "" 124.952"", ""  64.596""], ["" 133.329"", "" 124.042"", ""  62.801""], ["" 132.627"", "" 125.594"", ""  64.520""], ["" 133.589"", "" 125.135"", ""  63.624""], ["" 125.272"", "" 124.419"", ""  61.044""], ["" 124.539"", "" 124.933"", ""  60.579""], ["" 125.304"", "" 124.484"", ""  62.053""], ["" 123.845"", "" 124.598"", ""  58.256""], ["" 123.033"", "" 124.710"", ""  57.202""], ["" 123.149"", "" 124.021"", ""  59.236""], ["" 124.191"", "" 125.830"", ""  58.627""]]",[],4bg_Grossjean_2025
79,8349,4bh_Grossjean_2025,4h2i_c_2_mae_prepped,2,15,-6.85,-0.2014705882352941,0.0,0.0,1,185.12,-9.24,-9.3,0.06,-9.24,0.0,-1.24,2.39,-1.24,77,12,0.0,0.0,0.0,11.908188,9.479759,6.736191,-0.90264361,-0.30580716,0.30284732,78.278259,"192.999512, 123.317657, 335.490051, 24.379223, 102.536446, 325.89328, 196.23494, 0.888137, ","[["" 127.544"", "" 124.617"", ""  62.976""], ["" 127.801"", "" 123.592"", ""  62.340""], ["" 128.463"", "" 122.549"", ""  62.882""], ["" 128.712"", "" 121.778"", ""  62.279""], ["" 127.359"", "" 123.424"", ""  60.955""], ["" 126.216"", "" 123.951"", ""  60.333""], ["" 128.349"", "" 122.515"", ""  59.818""], ["" 126.099"", "" 123.610"", ""  58.936""], ["" 127.217"", "" 122.822"", ""  58.521""], ["" 125.118"", "" 123.907"", ""  57.944""], ["" 127.422"", "" 122.348"", ""  57.293""], ["" 125.338"", "" 123.404"", ""  56.652""], ["" 126.475"", "" 122.650"", ""  56.375""], ["" 126.729"", "" 122.102"", ""  54.982""], ["" 125.288"", "" 124.714"", ""  60.992""], ["" 125.467"", "" 125.100"", ""  61.909""], ["" 124.384"", "" 124.911"", ""  60.585""], ["" 123.851"", "" 124.730"", ""  58.203""], ["" 123.099"", "" 124.237"", ""  59.189""], ["" 124.183"", "" 125.976"", ""  58.541""], ["" 123.099"", "" 124.758"", ""  57.103""], ["" 128.999"", "" 122.499"", ""  64.242""], ["" 130.282"", "" 123.302"", ""  64.421""], ["" 130.274"", "" 124.479"", ""  65.169""], ["" 131.457"", "" 122.904"", ""  63.779""], ["" 131.437"", "" 125.252"", ""  65.309""], ["" 132.637"", "" 123.653"", ""  63.907""], ["" 132.614"", "" 124.823"", ""  64.681""], ["" 131.500"", "" 126.426"", ""  66.037""], ["" 130.565"", "" 126.650"", ""  67.086""], ["" 133.838"", "" 123.312"", ""  63.312""], ["" 134.242"", "" 123.982"", ""  62.122""], ["" 133.758"", "" 125.577"", ""  64.800""], ["" 134.156"", "" 125.813"", ""  66.143""]]",[],4bh_Grossjean_2025
80,3312,4bi_Grossjean_2025,4h2i_c_2_mae_prepped,1,15,-6.53,-0.25115384615384617,0.0,0.0,7,183.28,-7.72,-7.65,-0.07,-7.72,0.0,-0.45,1.19,-0.45,55,5,0.0,0.0,0.0,10.189003,8.849766,5.824249,0.38615921,-0.81692208,-0.42839163,241.096634,"48.653408, 53.449314, 165.246689, 244.505112, ","[["" 127.285"", "" 123.369"", ""  60.899""], ["" 126.126"", "" 123.863"", ""  60.276""], ["" 126.031"", "" 123.547"", ""  58.872""], ["" 125.047"", "" 123.829"", ""  57.879""], ["" 125.293"", "" 123.358"", ""  56.578""], ["" 126.455"", "" 122.644"", ""  56.296""], ["" 126.733"", "" 122.124"", ""  54.898""], ["" 127.405"", "" 122.359"", ""  57.216""], ["" 127.177"", "" 122.805"", ""  58.451""], ["" 128.310"", "" 122.513"", ""  59.749""], ["" 127.704"", "" 123.515"", ""  62.295""], ["" 126.926"", "" 123.258"", ""  63.216""], ["" 128.984"", "" 123.924"", ""  62.479""], ["" 129.536"", "" 124.092"", ""  61.651""], ["" 129.641"", "" 124.131"", ""  63.686""], ["" 129.641"", "" 123.308"", ""  64.721""], ["" 130.402"", "" 125.268"", ""  63.953""], ["" 130.422"", "" 123.906"", ""  65.712""], ["" 130.875"", "" 125.090"", ""  65.233""], ["" 125.164"", "" 124.578"", ""  60.942""], ["" 125.120"", "" 124.603"", ""  61.952""], ["" 124.459"", "" 125.103"", ""  60.444""], ["" 123.751"", "" 124.603"", ""  58.143""], ["" 123.964"", "" 125.877"", ""  58.481""], ["" 122.993"", "" 124.603"", ""  57.046""], ["" 123.079"", "" 124.032"", ""  59.143""]]",[],4bi_Grossjean_2025
81,3675,4bj_Grossjean_2025,4h2i_c_2_mae_prepped,1,13,-6.04,-0.2323076923076923,0.0,0.0,2,184.75,-7.24,-7.25,0.01,-7.24,0.0,-0.11,1.19,-0.11,38,4,0.0,0.0,0.0,12.862292,8.40187,6.883141,0.94954873,0.16315273,0.26784025,205.032227,"223.53418, 120.55452, 138.732666, 142.033539, ","[["" 128.920"", "" 123.254"", ""  61.300""], ["" 130.069"", "" 122.456"", ""  61.417""], ["" 131.061"", "" 122.980"", ""  62.324""], ["" 132.340"", "" 122.507"", ""  62.743""], ["" 133.050"", "" 123.300"", ""  63.658""], ["" 132.509"", "" 124.497"", ""  64.121""], ["" 133.268"", "" 125.368"", ""  65.105""], ["" 131.299"", "" 124.972"", ""  63.745""], ["" 130.621"", "" 124.221"", ""  62.879""], ["" 129.042"", "" 124.700"", ""  62.299""], ["" 127.734"", "" 123.030"", ""  60.470""], ["" 126.624"", "" 122.874"", ""  60.985""], ["" 127.951"", "" 123.025"", ""  59.132""], ["" 128.899"", "" 123.172"", ""  58.816""], ["" 127.004"", "" 122.847"", ""  58.134""], ["" 127.108"", "" 122.125"", ""  57.039""], ["" 125.485"", "" 123.663"", ""  58.329""], ["" 126.008"", "" 122.179"", ""  56.315""], ["" 124.976"", "" 122.961"", ""  56.822""], ["" 130.237"", "" 121.276"", ""  60.737""], ["" 129.485"", "" 120.612"", ""  60.623""], ["" 131.128"", "" 121.028"", ""  60.328""], ["" 132.978"", "" 121.199"", ""  62.259""], ["" 132.092"", "" 120.212"", ""  62.108""], ["" 133.565"", "" 121.394"", ""  61.079""], ["" 133.887"", "" 120.789"", ""  63.142""]]",[],4bj_Grossjean_2025
82,3658,4bk_Grossjean_2025,4h2i_c_2_mae_prepped,1,15,-5.47,-0.1764516129032258,0.0,0.0,1,183.45,-9.05,-9.19,0.14,-9.05,0.0,-2.75,3.58,-2.75,74,6,0.0,0.0,0.0,11.482608,7.030937,6.660158,0.28722788,-0.64892827,-0.7045511,266.624573,"175.553375, 124.210304, 5.344429, 128.069046, 308.295319, 29.387671, 171.802734, 148.376694, 166.276215, 37.814297, 294.475006, 281.868317, ","[["" 131.696"", "" 123.073"", ""  62.288""], ["" 131.317"", "" 122.776"", ""  63.627""], ["" 129.783"", "" 122.714"", ""  63.721""], ["" 129.112"", "" 122.763"", ""  62.421""], ["" 127.138"", "" 123.619"", ""  63.120""], ["" 127.852"", "" 123.195"", ""  62.210""], ["" 129.645"", "" 122.428"", ""  61.632""], ["" 127.376"", "" 123.143"", ""  60.827""], ["" 126.193"", "" 123.671"", ""  60.288""], ["" 128.317"", "" 122.298"", ""  59.600""], ["" 126.023"", "" 123.418"", ""  58.879""], ["" 127.128"", "" 122.665"", ""  58.373""], ["" 125.000"", "" 123.764"", ""  57.947""], ["" 127.283"", "" 122.262"", ""  57.112""], ["" 125.168"", "" 123.335"", ""  56.621""], ["" 126.295"", "" 122.605"", ""  56.253""], ["" 126.491"", "" 122.134"", ""  54.823""], ["" 125.277"", "" 124.369"", ""  61.033""], ["" 125.375"", "" 124.484"", ""  62.032""], ["" 124.471"", "" 124.801"", ""  60.603""], ["" 123.745"", "" 124.568"", ""  58.303""], ["" 123.037"", "" 124.019"", ""  59.293""], ["" 124.090"", "" 125.795"", ""  58.691""], ["" 122.946"", "" 124.651"", ""  57.240""], ["" 132.947"", "" 122.516"", ""  61.909""], ["" 132.707"", "" 121.263"", ""  61.056""], ["" 131.314"", "" 120.984"", ""  61.008""], ["" 131.003"", "" 119.600"", ""  61.078""], ["" 132.280"", "" 118.779"", ""  60.861""], ["" 131.948"", "" 117.533"", ""  60.262""], ["" 130.550"", "" 117.306"", ""  60.169""]]",[],4bk_Grossjean_2025
83,3545,4ca_Grossjean_2025,4h2i_c_2_mae_prepped,2,18,-8.63,-0.23324324324324328,0.0,0.0,16,187.27,-11.02,-10.76,-0.26,-11.02,0.0,-0.82,2.39,-0.82,47,6,0.0,0.0,0.0,14.3309,11.492757,5.730162,-0.77546075,0.55774376,-0.29594344,185.509689,"112.515068, 240.921982, 298.565308, 266.789307, 317.646698, 299.452423, 93.374672, 347.229034, ","[["" 131.210"", "" 129.379"", ""  58.791""], ["" 132.464"", "" 129.979"", ""  58.688""], ["" 132.596"", "" 131.252"", ""  58.140""], ["" 131.469"", "" 131.954"", ""  57.690""], ["" 130.207"", "" 131.350"", ""  57.803""], ["" 130.075"", "" 130.075"", ""  58.349""], ["" 131.192"", "" 128.095"", ""  59.369""], ["" 129.167"", "" 128.009"", ""  60.428""], ["" 130.248"", "" 127.497"", ""  60.138""], ["" 132.007"", "" 127.538"", ""  59.163""], ["" 130.586"", "" 126.152"", ""  60.609""], ["" 131.231"", "" 125.774"", ""  61.799""], ["" 130.220"", "" 124.746"", ""  59.611""], ["" 131.440"", "" 124.353"", ""  61.931""], ["" 130.929"", "" 123.669"", ""  60.790""], ["" 132.034"", "" 123.549"", ""  62.946""], ["" 130.967"", "" 122.353"", ""  60.593""], ["" 132.073"", "" 122.163"", ""  62.726""], ["" 131.551"", "" 121.597"", ""  61.558""], ["" 131.628"", "" 126.673"", ""  62.756""], ["" 132.369"", "" 127.340"", ""  62.588""], ["" 131.189"", "" 126.702"", ""  63.666""], ["" 132.628"", "" 124.102"", ""  64.246""], ["" 131.733"", "" 124.749"", ""  64.996""], ["" 133.116"", "" 123.104"", ""  64.981""], ["" 133.606"", "" 124.962"", ""  63.965""], ["" 131.587"", "" 120.118"", ""  61.303""], ["" 132.701"", "" 119.520"", ""  60.692""], ["" 130.505"", "" 119.291"", ""  61.657""], ["" 132.738"", "" 118.150"", ""  60.447""], ["" 130.538"", "" 117.920"", ""  61.414""], ["" 131.656"", "" 117.354"", ""  60.810""], ["" 131.644"", "" 133.326"", ""  57.108""], ["" 132.690"", "" 133.976"", ""  57.203""], ["" 130.536"", "" 133.783"", ""  56.470""], ["" 130.305"", "" 133.490"", ""  55.098""], ["" 129.014"", "" 132.678"", ""  54.961""]]",[],4ca_Grossjean_2025
84,8342,4cb_Grossjean_2025,4h2i_c_2_mae_prepped,1,19,-8.56,-0.23777777777777778,0.0,0.0,15,187.09,-10.65,-10.34,-0.31,-10.65,0.0,-0.61,2.09,-0.61,41,6,0.0,0.0,0.0,14.640996,11.241277,5.505073,0.19733151,-0.43144818,-0.88029128,105.395119,"286.120178, 129.973526, 114.26474, 244.969162, 149.313568, 82.086884, 191.555054, ","[["" 131.249"", "" 129.514"", ""  58.710""], ["" 130.116"", "" 129.931"", ""  58.011""], ["" 130.067"", "" 131.198"", ""  57.437""], ["" 131.157"", "" 132.072"", ""  57.545""], ["" 132.297"", "" 131.647"", ""  58.244""], ["" 132.346"", "" 130.381"", ""  58.820""], ["" 131.196"", "" 128.209"", ""  59.237""], ["" 128.956"", "" 127.755"", ""  59.328""], ["" 130.126"", "" 127.431"", ""  59.533""], ["" 132.101"", "" 127.796"", ""  59.408""], ["" 130.446"", "" 126.124"", ""  60.116""], ["" 130.973"", "" 125.836"", ""  61.385""], ["" 130.222"", "" 124.654"", ""  59.171""], ["" 131.198"", "" 124.431"", ""  61.624""], ["" 130.829"", "" 123.666"", ""  60.479""], ["" 131.700"", "" 123.704"", ""  62.743""], ["" 130.919"", "" 122.343"", ""  60.368""], ["" 131.793"", "" 122.310"", ""  62.614""], ["" 131.413"", "" 121.661"", ""  61.434""], ["" 131.250"", "" 126.800"", ""  62.321""], ["" 130.667"", "" 126.937"", ""  63.134""], ["" 132.053"", "" 127.406"", ""  62.230""], ["" 132.137"", "" 124.351"", ""  64.063""], ["" 132.986"", "" 125.367"", ""  63.892""], ["" 131.070"", "" 124.827"", ""  64.705""], ["" 132.745"", "" 123.447"", ""  64.829""], ["" 131.506"", "" 120.171"", ""  61.276""], ["" 130.445"", "" 119.340"", ""  61.668""], ["" 132.658"", "" 119.566"", ""  60.742""], ["" 130.527"", "" 117.957"", ""  61.528""], ["" 132.744"", "" 118.185"", ""  60.599""], ["" 131.676"", "" 117.384"", ""  60.992""], ["" 131.076"", "" 133.429"", ""  56.906""], ["" 132.051"", "" 134.175"", ""  56.774""], ["" 129.824"", "" 133.751"", ""  56.490""], ["" 129.439"", "" 133.583"", ""  55.132""]]",[],4cb_Grossjean_2025
85,8093,4cc_Grossjean_2025,4h2i_c_2_mae_prepped,1,13,-7.4,-0.21764705882352942,0.0,0.0,3,186.88,-9.19,-8.94,-0.25,-9.19,0.0,-0.51,1.79,-0.51,33,4,0.0,0.0,0.0,14.261833,11.099367,5.714711,0.77070467,-0.58840683,0.24452342,172.681686,"107.134811, 114.586685, 289.319702, 243.858322, 127.456764, 157.54126, ","[["" 129.069"", "" 127.890"", ""  58.699""], ["" 130.179"", "" 127.664"", ""  59.184""], ["" 131.213"", "" 128.540"", ""  59.151""], ["" 132.090"", "" 128.209"", ""  59.523""], ["" 130.457"", "" 126.387"", ""  59.849""], ["" 130.785"", "" 126.153"", ""  61.194""], ["" 130.401"", "" 124.881"", ""  58.936""], ["" 131.006"", "" 124.764"", ""  61.514""], ["" 130.824"", "" 123.953"", ""  60.355""], ["" 131.355"", "" 124.088"", ""  62.718""], ["" 130.951"", "" 122.629"", ""  60.307""], ["" 131.488"", "" 122.691"", ""  62.656""], ["" 131.292"", "" 121.995"", ""  61.459""], ["" 130.891"", "" 127.154"", ""  62.126""], ["" 131.668"", "" 127.800"", ""  62.131""], ["" 130.192"", "" 127.277"", ""  62.845""], ["" 131.589"", "" 124.787"", ""  64.061""], ["" 132.649"", "" 125.600"", ""  64.052""], ["" 130.526"", "" 125.525"", ""  64.378""], ["" 131.793"", "" 123.878"", ""  65.014""], ["" 131.425"", "" 120.502"", ""  61.375""], ["" 132.617"", "" 119.911"", ""  60.927""], ["" 130.362"", "" 119.655"", ""  61.733""], ["" 132.747"", "" 118.527"", ""  60.845""], ["" 130.488"", "" 118.271"", ""  61.654""], ["" 131.682"", "" 117.711"", ""  61.210""], ["" 131.255"", "" 129.847"", ""  58.631""], ["" 130.097"", "" 130.295"", ""  57.993""], ["" 132.380"", "" 130.683"", ""  58.686""], ["" 130.052"", "" 131.569"", ""  57.436""], ["" 132.331"", "" 131.957"", ""  58.126""], ["" 131.162"", "" 132.411"", ""  57.497""], ["" 131.024"", "" 133.656"", ""  56.914""], ["" 130.579"", "" 133.747"", ""  55.565""]]",[],4cc_Grossjean_2025
86,8212,4cd_Grossjean_2025,4h2i_c_2_mae_prepped,1,12,-7.85,-0.2453125,0.0,0.0,4,186.48,-9.34,-9.29,-0.05,-9.34,0.0,-0.62,1.49,-0.62,61,7,0.0,0.0,0.0,15.110611,9.034877,9.152788,-0.17709289,0.80398152,-0.56767229,90.644035,"339.006805, 287.584076, 94.96711, 240.063309, 188.42337, ","[["" 131.736"", "" 124.778"", ""  64.687""], ["" 132.240"", "" 124.874"", ""  63.380""], ["" 132.131"", "" 123.656"", ""  62.615""], ["" 132.508"", "" 123.307"", ""  61.287""], ["" 132.244"", "" 121.992"", ""  60.868""], ["" 131.641"", "" 121.065"", ""  61.723""], ["" 131.266"", "" 121.391"", ""  62.988""], ["" 131.515"", "" 122.634"", ""  63.395""], ["" 131.096"", "" 123.167"", ""  65.005""], ["" 131.704"", "" 125.807"", ""  65.732""], ["" 132.737"", "" 126.144"", ""  66.311""], ["" 130.484"", "" 126.338"", ""  65.987""], ["" 129.729"", "" 126.020"", ""  65.397""], ["" 130.105"", "" 127.293"", ""  66.949""], ["" 129.125"", "" 128.207"", ""  66.552""], ["" 130.620"", "" 127.350"", ""  68.255""], ["" 128.674"", "" 129.182"", ""  67.437""], ["" 130.166"", "" 128.327"", ""  69.138""], ["" 129.199"", "" 129.240"", ""  68.725""], ["" 132.790"", "" 126.023"", ""  62.869""], ["" 132.222"", "" 126.750"", ""  62.457""], ["" 133.788"", "" 126.182"", ""  62.890""], ["" 133.176"", "" 124.271"", ""  60.299""], ["" 134.345"", "" 124.744"", ""  60.738""], ["" 133.406"", "" 123.647"", ""  59.144""], ["" 132.379"", "" 125.318"", ""  60.083""], ["" 131.350"", "" 119.656"", ""  61.294""], ["" 130.202"", "" 118.988"", ""  61.751""], ["" 132.209"", "" 118.969"", ""  60.419""], ["" 129.926"", "" 117.682"", ""  61.357""], ["" 131.938"", "" 117.663"", ""  60.024""], ["" 130.796"", "" 117.023"", ""  60.495""]]",[],4cd_Grossjean_2025
87,3539,4ce_Grossjean_2025,4h2i_c_2_mae_prepped,1,2,-7.93,-0.2403030303030303,0.0,0.0,6,186.75,-9.42,-9.43,0.01,-9.42,0.0,-0.56,1.49,-0.56,66,7,0.0,0.0,0.0,15.167985,9.081958,9.08329,0.16706036,-0.80361162,0.57122604,269.834961,"111.603745, 285.878632, 288.171204, 115.25708, 242.548233, ","[["" 131.845"", "" 124.617"", ""  64.482""], ["" 132.345"", "" 124.730"", ""  63.174""], ["" 132.239"", "" 123.520"", ""  62.397""], ["" 132.605"", "" 123.189"", ""  61.060""], ["" 132.337"", "" 121.881"", ""  60.626""], ["" 131.734"", "" 120.944"", ""  61.471""], ["" 131.395"", "" 121.245"", ""  62.753""], ["" 131.640"", "" 122.484"", ""  63.172""], ["" 131.230"", "" 122.995"", ""  64.791""], ["" 131.766"", "" 125.646"", ""  65.522""], ["" 132.783"", "" 126.053"", ""  66.086""], ["" 130.517"", "" 126.096"", ""  65.803""], ["" 129.756"", "" 125.645"", ""  65.317""], ["" 130.123"", "" 127.080"", ""  66.727""], ["" 129.368"", "" 128.156"", ""  66.358""], ["" 130.517"", "" 126.879"", ""  68.056""], ["" 129.004"", "" 129.052"", ""  67.311""], ["" 130.136"", "" 127.810"", ""  69.024""], ["" 129.368"", "" 128.915"", ""  68.654""], ["" 128.163"", "" 130.220"", ""  66.833""], ["" 132.886"", "" 125.887"", ""  62.675""], ["" 133.878"", "" 125.988"", ""  62.512""], ["" 132.306"", "" 126.686"", ""  62.455""], ["" 133.265"", "" 124.166"", ""  60.081""], ["" 132.479"", "" 125.195"", ""  59.757""], ["" 134.375"", "" 124.667"", ""  60.625""], ["" 133.577"", "" 123.531"", ""  58.952""], ["" 131.440"", "" 119.541"", ""  61.029""], ["" 130.293"", "" 118.871"", ""  61.485""], ["" 132.303"", "" 118.857"", ""  60.156""], ["" 130.017"", "" 117.567"", ""  61.084""], ["" 132.028"", "" 117.553"", ""  59.751""], ["" 130.885"", "" 116.913"", ""  60.217""]]",[],4ce_Grossjean_2025
88,3327,4cf_Grossjean_2025,4h2i_c_2_mae_prepped,1,20,-7.64,-0.23875,0.0,0.0,7,186.55,-9.14,-9.04,-0.1,-9.14,0.0,-0.61,1.49,-0.61,59,7,0.0,0.0,0.0,15.108646,8.987898,9.103691,0.14986869,-0.77896581,0.60889379,270.616211,"332.61084, 297.447662, 102.618561, 111.323837, 183.956497, ","[["" 131.742"", "" 124.745"", ""  64.624""], ["" 132.333"", "" 124.796"", ""  63.351""], ["" 132.207"", "" 123.575"", ""  62.593""], ["" 132.647"", "" 123.189"", ""  61.294""], ["" 132.348"", "" 121.883"", ""  60.876""], ["" 131.649"", "" 120.997"", ""  61.703""], ["" 131.210"", "" 121.360"", ""  62.937""], ["" 131.493"", "" 122.596"", ""  63.343""], ["" 131.001"", "" 123.173"", ""  64.918""], ["" 131.714"", "" 125.780"", ""  65.661""], ["" 132.755"", "" 126.148"", ""  66.207""], ["" 130.489"", "" 126.285"", ""  65.944""], ["" 129.724"", "" 125.935"", ""  65.386""], ["" 130.113"", "" 127.240"", ""  66.908""], ["" 129.105"", "" 128.141"", ""  66.546""], ["" 130.649"", "" 127.346"", ""  68.206""], ["" 128.633"", "" 129.108"", ""  67.375""], ["" 130.173"", "" 128.334"", ""  69.071""], ["" 129.171"", "" 129.193"", ""  68.618""], ["" 132.976"", "" 125.906"", ""  62.865""], ["" 132.469"", "" 126.705"", ""  62.512""], ["" 133.985"", "" 125.962"", ""  62.844""], ["" 133.420"", "" 124.105"", ""  60.339""], ["" 132.685"", "" 125.117"", ""  59.873""], ["" 134.469"", "" 124.633"", ""  60.971""], ["" 133.846"", "" 123.406"", ""  59.287""], ["" 131.322"", "" 119.597"", ""  61.274""], ["" 130.165"", "" 118.955"", ""  61.742""], ["" 132.157"", "" 118.891"", ""  60.389""], ["" 129.854"", "" 117.656"", ""  61.349""], ["" 131.850"", "" 117.592"", ""  59.993""], ["" 130.698"", "" 116.979"", ""  60.476""]]",[],4cf_Grossjean_2025
89,3479,4cg_Grossjean_2025,4h2i_c_2_mae_prepped,1,8,-8.24,-0.2496969696969697,0.0,0.0,4,185.67,-10.03,-9.81,-0.22,-10.03,0.0,-0.56,1.79,-0.56,47,8,0.0,0.0,0.0,14.515841,8.790203,9.473757,0.57138226,-0.81686546,-0.07907676,222.216812,"185.115128, 99.457413, 219.013535, 145.062225, 356.660797, 144.634964, ","[["" 131.511"", "" 124.645"", ""  64.590""], ["" 130.383"", "" 124.490"", ""  63.772""], ["" 130.422"", "" 123.316"", ""  62.935""], ["" 129.527"", "" 122.786"", ""  61.961""], ["" 129.896"", "" 121.584"", ""  61.336""], ["" 131.091"", "" 120.932"", ""  61.659""], ["" 131.957"", "" 121.437"", ""  62.576""], ["" 131.617"", "" 122.575"", ""  63.175""], ["" 132.648"", "" 123.317"", ""  64.376""], ["" 131.784"", "" 125.688"", ""  65.578""], ["" 132.880"", "" 126.250"", ""  65.633""], ["" 130.783"", "" 125.962"", ""  66.442""], ["" 129.890"", "" 125.516"", ""  66.291""], ["" 130.825"", "" 126.977"", ""  67.493""], ["" 129.506"", "" 127.128"", ""  68.243""], ["" 128.578"", "" 128.087"", ""  67.828""], ["" 129.201"", "" 126.272"", ""  69.304""], ["" 127.359"", "" 128.208"", ""  68.490""], ["" 127.983"", "" 126.393"", ""  69.967""], ["" 127.069"", "" 127.362"", ""  69.558""], ["" 129.338"", "" 125.378"", ""  63.756""], ["" 129.030"", "" 125.856"", ""  64.591""], ["" 128.844"", "" 125.593"", ""  62.901""], ["" 128.204"", "" 123.447"", ""  61.558""], ["" 127.582"", "" 122.811"", ""  60.564""], ["" 127.374"", "" 123.467"", ""  62.602""], ["" 128.430"", "" 124.696"", ""  61.153""], ["" 131.505"", "" 119.647"", ""  61.000""], ["" 132.703"", "" 119.563"", ""  60.272""], ["" 130.705"", "" 118.494"", ""  61.087""], ["" 133.090"", "" 118.376"", ""  59.658""], ["" 131.088"", "" 117.304"", ""  60.475""], ["" 132.281"", "" 117.249"", ""  59.763""]]",[],4cg_Grossjean_2025
90,8105,4ch_Grossjean_2025,4h2i_c_2_mae_prepped,1,18,-7.68,-0.19692307692307692,0.0,0.0,3,187.47,-10.36,-10.18,-0.18,-10.36,0.0,-1.06,2.68,-1.06,80,13,0.0,0.0,0.0,14.94962,10.563705,9.287432,0.57163356,0.49237017,-0.65635866,220.37854,"94.541618, 233.94516, 239.619644, 308.912476, 1.595764, 15.590202, 156.2202, 221.163345, 66.793777, ","[["" 132.967"", "" 126.362"", ""  65.971""], ["" 131.971"", "" 125.665"", ""  65.762""], ["" 130.851"", "" 125.758"", ""  66.508""], ["" 130.055"", "" 125.194"", ""  66.247""], ["" 131.954"", "" 124.656"", ""  64.702""], ["" 132.383"", "" 124.776"", ""  63.371""], ["" 131.280"", "" 123.060"", ""  65.015""], ["" 132.203"", "" 123.579"", ""  62.585""], ["" 131.600"", "" 122.555"", ""  63.374""], ["" 132.505"", "" 123.250"", ""  61.233""], ["" 131.295"", "" 121.331"", ""  62.951""], ["" 132.177"", "" 121.956"", ""  60.798""], ["" 131.576"", "" 121.031"", ""  61.656""], ["" 132.934"", "" 125.924"", ""  62.862""], ["" 132.363"", "" 126.674"", ""  62.496""], ["" 133.934"", "" 126.061"", ""  62.839""], ["" 133.163"", "" 124.215"", ""  60.240""], ["" 134.302"", "" 124.741"", ""  60.696""], ["" 133.446"", "" 123.573"", ""  59.108""], ["" 132.335"", "" 125.225"", ""  59.976""], ["" 131.225"", "" 119.639"", ""  61.213""], ["" 130.089"", "" 118.988"", ""  61.722""], ["" 132.022"", "" 118.947"", ""  60.286""], ["" 129.758"", "" 117.697"", ""  61.316""], ["" 131.694"", "" 117.658"", ""  59.875""], ["" 130.562"", "" 117.037"", ""  60.393""], ["" 130.644"", "" 126.690"", ""  67.618""], ["" 129.279"", "" 127.369"", ""  67.617""], ["" 128.969"", "" 128.316"", ""  66.640""], ["" 128.318"", "" 127.019"", ""  68.566""], ["" 127.708"", "" 128.933"", ""  66.609""], ["" 127.048"", "" 127.619"", ""  68.558""], ["" 126.758"", "" 128.579"", ""  67.578""], ["" 127.333"", "" 129.878"", ""  65.672""], ["" 128.256"", "" 130.258"", ""  64.656""], ["" 126.049"", "" 127.322"", ""  69.468""], ["" 126.380"", "" 126.639"", ""  70.672""], ["" 125.515"", "" 129.162"", ""  67.550""], ["" 124.745"", "" 128.831"", ""  66.402""]]",[],4ch_Grossjean_2025
91,8178,4ci_Grossjean_2025,4h2i_c_2_mae_prepped,1,2,-7.75,-0.25,0.0,0.0,6,184.81,-9.24,-8.96,-0.28,-9.24,0.0,-0.52,1.49,-0.52,70,10,0.0,0.0,0.0,12.834542,9.042153,6.629641,-0.25928811,0.75477986,0.60255875,156.02626,"37.598301, 133.514862, 68.734756, 136.913284, 217.869019, ","[["" 130.759"", "" 123.874"", ""  62.280""], ["" 129.401"", "" 123.929"", ""  62.634""], ["" 128.495"", "" 123.700"", ""  61.534""], ["" 127.075"", "" 123.676"", ""  61.436""], ["" 126.523"", "" 123.408"", ""  60.172""], ["" 127.335"", "" 123.169"", ""  59.059""], ["" 128.691"", "" 123.201"", ""  59.141""], ["" 129.224"", "" 123.454"", ""  60.334""], ["" 130.956"", "" 123.517"", ""  60.566""], ["" 131.934"", "" 124.049"", ""  63.137""], ["" 132.899"", "" 123.287"", ""  63.046""], ["" 131.866"", "" 125.079"", ""  64.018""], ["" 131.023"", "" 125.633"", ""  64.012""], ["" 132.827"", "" 125.467"", ""  64.942""], ["" 134.136"", "" 125.466"", ""  64.748""], ["" 132.515"", "" 125.918"", ""  66.224""], ["" 134.719"", "" 125.928"", ""  65.929""], ["" 133.727"", "" 126.198"", ""  66.811""], ["" 128.968"", "" 124.183"", ""  63.910""], ["" 128.514"", "" 123.475"", ""  64.471""], ["" 129.094"", "" 125.090"", ""  64.337""], ["" 126.125"", "" 123.929"", ""  62.612""], ["" 126.499"", "" 123.305"", ""  63.731""], ["" 126.080"", "" 125.234"", ""  62.880""], ["" 124.901"", "" 123.500"", ""  62.305""], ["" 126.764"", "" 122.886"", ""  57.699""], ["" 127.576"", "" 122.393"", ""  56.665""], ["" 125.404"", "" 123.110"", ""  57.419""], ["" 127.051"", "" 122.127"", ""  55.402""], ["" 124.875"", "" 122.845"", ""  56.159""], ["" 125.701"", "" 122.353"", ""  55.155""]]",[],4ci_Grossjean_2025
92,3330,4cj_Grossjean_2025,4h2i_c_2_mae_prepped,3,8,-7.61,-0.24548387096774194,0.0,0.0,6,185.7,-9.11,-9.0,-0.11,-9.11,0.0,-0.43,1.49,-0.43,55,9,0.0,0.0,0.0,13.112589,9.446002,6.662931,-0.2918954,-0.81011248,0.50844355,236.708786,"107.153267, 199.431427, 105.597565, 240.089447, 75.30217, ","[["" 130.441"", "" 124.195"", ""  62.786""], ["" 130.968"", "" 124.690"", ""  61.582""], ["" 130.142"", "" 124.435"", ""  60.427""], ["" 130.285"", "" 124.739"", ""  59.043""], ["" 129.248"", "" 124.337"", ""  58.186""], ["" 128.120"", "" 123.670"", ""  58.674""], ["" 127.982"", "" 123.359"", ""  59.988""], ["" 128.958"", "" 123.738"", ""  60.809""], ["" 128.888"", "" 123.404"", ""  62.524""], ["" 131.005"", "" 124.284"", ""  64.135""], ["" 130.658"", "" 123.494"", ""  65.017""], ["" 131.903"", "" 125.281"", ""  64.327""], ["" 132.103"", "" 125.883"", ""  63.541""], ["" 132.579"", "" 125.580"", ""  65.502""], ["" 133.860"", "" 125.423"", ""  65.758""], ["" 131.648"", "" 126.248"", ""  66.804""], ["" 134.162"", "" 125.816"", ""  66.980""], ["" 133.109"", "" 126.308"", ""  67.746""], ["" 132.163"", "" 125.359"", ""  61.505""], ["" 132.265"", "" 126.312"", ""  61.827""], ["" 132.989"", "" 124.917"", ""  61.124""], ["" 131.493"", "" 125.469"", ""  58.443""], ["" 132.647"", "" 124.836"", ""  58.656""], ["" 131.338"", "" 125.585"", ""  57.124""], ["" 131.599"", "" 126.684"", ""  58.982""], ["" 126.994"", "" 123.240"", ""  57.777""], ["" 127.250"", "" 122.520"", ""  56.599""], ["" 125.659"", "" 123.553"", ""  58.083""], ["" 126.211"", "" 122.123"", ""  55.759""], ["" 124.618"", "" 123.159"", ""  57.246""], ["" 124.898"", "" 122.445"", ""  56.087""]]",[],4cj_Grossjean_2025
93,3818,4ck_Grossjean_2025,4h2i_c_2_mae_prepped,1,13,-6.5,-0.18055555555555555,0.0,0.0,2,180.9,-10.37,-10.34,-0.04,-10.37,0.0,-2.51,3.88,-2.51,70,7,0.0,0.0,0.0,12.193613,9.999292,6.21889,0.01367859,-0.19941791,0.97981906,273.631653,"15.402526, 127.887718, 60.948994, 353.300812, 80.138382, 48.112423, 317.539612, 124.556305, 264.943481, 339.127106, 40.476856, 150.888519, 11.948733, ","[["" 125.023"", "" 125.817"", ""  57.952""], ["" 124.919"", "" 127.209"", ""  58.224""], ["" 126.073"", "" 127.642"", ""  59.141""], ["" 126.790"", "" 126.496"", ""  59.702""], ["" 127.112"", "" 127.290"", ""  61.799""], ["" 127.266"", "" 126.400"", ""  60.961""], ["" 126.877"", "" 125.691"", ""  59.099""], ["" 127.974"", "" 125.161"", ""  61.284""], ["" 128.578"", "" 124.790"", ""  62.495""], ["" 128.217"", "" 123.933"", ""  60.045""], ["" 129.233"", "" 123.505"", ""  62.456""], ["" 129.111"", "" 122.925"", ""  61.158""], ["" 129.949"", "" 122.749"", ""  63.428""], ["" 129.610"", "" 121.750"", ""  60.785""], ["" 130.472"", "" 121.511"", ""  63.023""], ["" 130.289"", "" 121.036"", ""  61.720""], ["" 128.546"", "" 125.574"", ""  63.620""], ["" 129.160"", "" 125.410"", ""  64.405""], ["" 127.906"", "" 126.353"", ""  63.700""], ["" 130.184"", "" 123.207"", ""  64.873""], ["" 130.715"", "" 124.428"", ""  64.956""], ["" 129.026"", "" 123.230"", ""  65.531""], ["" 131.020"", "" 122.366"", ""  65.481""], ["" 130.855"", "" 119.723"", ""  61.262""], ["" 130.140"", "" 118.528"", ""  61.445""], ["" 132.111"", "" 119.651"", ""  60.634""], ["" 130.660"", "" 117.307"", ""  61.024""], ["" 132.635"", "" 118.431"", ""  60.212""], ["" 131.907"", "" 117.262"", ""  60.411""], ["" 123.790"", "" 125.118"", ""  58.054""], ["" 124.078"", "" 123.611"", ""  58.082""], ["" 125.248"", "" 123.346"", ""  57.320""], ["" 125.154"", "" 122.172"", ""  56.526""], ["" 126.173"", "" 122.257"", ""  55.383""], ["" 127.434"", "" 121.797"", ""  55.850""], ["" 127.898"", "" 122.492"", ""  56.997""]]",[],4ck_Grossjean_2025
94,3384,4dd_Grossjean_2025,4h2i_c_2_mae_prepped,1,15,-8.75,-0.3017241379310345,0.0,0.0,9,186.47,-9.94,-9.89,-0.05,-9.94,0.0,-0.65,1.19,-0.65,59,9,0.0,0.0,0.0,14.918804,8.868168,9.381861,-0.09593039,0.75943751,-0.64346875,85.263687,"42.278538, 340.697327, 122.074432, 176.159409, ","[["" 131.705"", "" 124.686"", ""  64.575""], ["" 132.436"", "" 124.743"", ""  63.378""], ["" 132.367"", "" 123.539"", ""  62.593""], ["" 132.944"", "" 123.173"", ""  61.350""], ["" 133.836"", "" 124.087"", ""  60.523""], ["" 132.675"", "" 121.890"", ""  60.857""], ["" 131.862"", "" 121.001"", ""  61.570""], ["" 131.291"", "" 121.344"", ""  62.758""], ["" 131.552"", "" 122.562"", ""  63.231""], ["" 130.899"", "" 123.125"", ""  64.753""], ["" 131.570"", "" 125.712"", ""  65.610""], ["" 132.389"", "" 126.628"", ""  65.697""], ["" 130.499"", "" 125.573"", ""  66.429""], ["" 129.869"", "" 124.815"", ""  66.211""], ["" 130.114"", "" 126.344"", ""  67.541""], ["" 129.354"", "" 125.683"", ""  68.510""], ["" 130.473"", "" 127.689"", ""  67.739""], ["" 128.937"", "" 126.356"", ""  69.655""], ["" 130.054"", "" 128.359"", ""  68.885""], ["" 129.287"", "" 127.691"", ""  69.836""], ["" 133.159"", "" 125.839"", ""  62.977""], ["" 132.731"", "" 126.745"", ""  62.855""], ["" 134.150"", "" 125.774"", ""  62.793""], ["" 131.553"", "" 119.624"", ""  61.064""], ["" 130.417"", "" 118.930"", ""  61.512""], ["" 132.384"", "" 118.989"", ""  60.124""], ["" 130.122"", "" 117.652"", ""  61.044""], ["" 132.094"", "" 117.710"", ""  59.655""], ["" 130.964"", "" 117.047"", ""  60.118""]]",[],4dd_Grossjean_2025
95,3588,4dg_Grossjean_2025,4h2i_c_2_mae_prepped,1,8,-8.75,-0.2916666666666667,0.0,0.0,10,186.63,-10.24,-10.05,-0.19,-10.24,0.0,-0.67,1.49,-0.67,61,8,0.0,0.0,0.0,14.59543,9.359116,9.29986,-0.09960046,0.7346424,-0.67110379,90.18969,"281.638611, 176.334671, 293.903992, 286.699402, 48.331581, ","[["" 131.853"", "" 124.847"", ""  64.622""], ["" 132.523"", "" 124.844"", ""  63.389""], ["" 132.382"", "" 123.614"", ""  62.655""], ["" 132.893"", "" 123.180"", ""  61.405""], ["" 133.794"", "" 124.024"", ""  60.515""], ["" 132.550"", "" 121.896"", ""  60.968""], ["" 131.724"", "" 121.069"", ""  61.740""], ["" 131.238"", "" 121.467"", ""  62.947""], ["" 131.564"", "" 122.690"", ""  63.365""], ["" 131.002"", "" 123.327"", ""  64.892""], ["" 131.751"", "" 125.930"", ""  65.598""], ["" 132.754"", "" 126.414"", ""  66.127""], ["" 130.500"", "" 126.332"", ""  65.904""], ["" 129.733"", "" 125.946"", ""  65.373""], ["" 130.160"", "" 127.409"", ""  66.832""], ["" 129.590"", "" 126.911"", ""  68.155""], ["" 129.519"", "" 125.537"", ""  68.407""], ["" 129.195"", "" 127.823"", ""  69.137""], ["" 129.028"", "" 125.079"", ""  69.627""], ["" 128.703"", "" 127.365"", ""  70.357""], ["" 128.620"", "" 125.995"", ""  70.594""], ["" 133.255"", "" 125.902"", ""  62.915""], ["" 134.264"", "" 125.888"", ""  62.896""], ["" 132.803"", "" 126.734"", ""  62.560""], ["" 131.339"", "" 119.686"", ""  61.298""], ["" 132.148"", "" 118.963"", ""  60.406""], ["" 130.157"", "" 119.077"", ""  61.757""], ["" 131.794"", "" 117.682"", ""  59.989""], ["" 129.800"", "" 117.796"", ""  61.344""], ["" 130.622"", "" 117.102"", ""  60.462""]]",[],4dg_Grossjean_2025
96,3614,4dj_Grossjean_2025,4h2i_c_2_mae_prepped,1,18,-8.27,-0.2953571428571428,0.0,0.0,10,187.01,-9.46,-9.3,-0.16,-9.46,0.0,-0.46,1.19,-0.46,49,8,0.0,0.0,0.0,15.13605,8.799898,9.180192,0.1075108,-0.7515211,0.65088975,272.062988,"303.546204, 307.268341, 106.166466, 49.444389, ","[["" 131.905"", "" 124.744"", ""  64.568""], ["" 132.568"", "" 124.783"", ""  63.332""], ["" 132.456"", "" 123.568"", ""  62.571""], ["" 132.965"", "" 123.181"", ""  61.304""], ["" 133.820"", "" 124.077"", ""  60.420""], ["" 132.663"", "" 121.894"", ""  60.843""], ["" 131.879"", "" 121.021"", ""  61.607""], ["" 131.394"", "" 121.375"", ""  62.829""], ["" 131.680"", "" 122.599"", ""  63.268""], ["" 131.114"", "" 123.186"", ""  64.816""], ["" 131.804"", "" 125.794"", ""  65.582""], ["" 132.815"", "" 126.368"", ""  65.998""], ["" 130.550"", "" 126.067"", ""  66.017""], ["" 129.793"", "" 125.532"", ""  65.616""], ["" 130.182"", "" 127.009"", ""  66.968""], ["" 130.624"", "" 127.126"", ""  68.203""], ["" 129.001"", "" 128.189"", ""  66.500""], ["" 130.056"", "" 128.139"", ""  68.827""], ["" 129.129"", "" 128.872"", ""  68.094""], ["" 133.265"", "" 125.873"", ""  62.874""], ["" 132.800"", "" 126.702"", ""  62.537""], ["" 134.276"", "" 125.879"", ""  62.860""], ["" 131.544"", "" 119.633"", ""  61.141""], ["" 132.374"", "" 118.958"", ""  60.231""], ["" 130.389"", "" 118.970"", ""  61.595""], ["" 132.070"", "" 117.672"", ""  59.795""], ["" 130.080"", "" 117.685"", ""  61.161""], ["" 130.922"", "" 117.040"", ""  60.262""]]",[],4dj_Grossjean_2025
97,3571,4ea_Grossjean_2025,4h2i_c_2_mae_prepped,1,10,-9.34,-0.2747058823529412,0.0,0.0,4,185.79,-11.43,-11.12,-0.31,-11.43,0.0,-0.91,2.09,-0.91,66,10,0.0,0.0,0.0,14.681282,11.114693,7.090787,0.48648007,0.84021701,0.23952561,278.844055,"158.716034, 213.781738, 73.671242, 39.16803, 310.498688, 107.581459, 269.060944, ","[["" 129.397"", "" 124.180"", ""  59.829""], ["" 128.501"", "" 123.123"", ""  59.993""], ["" 127.772"", "" 122.640"", ""  58.910""], ["" 127.925"", "" 123.207"", ""  57.638""], ["" 128.827"", "" 124.271"", ""  57.476""], ["" 129.557"", "" 124.755"", ""  58.558""], ["" 130.078"", "" 124.584"", ""  60.993""], ["" 130.146"", "" 126.865"", ""  60.831""], ["" 130.411"", "" 125.824"", ""  61.431""], ["" 130.359"", "" 123.819"", ""  61.589""], ["" 131.129"", "" 125.862"", ""  62.708""], ["" 130.652"", "" 126.258"", ""  63.967""], ["" 132.823"", "" 125.370"", ""  62.795""], ["" 131.633"", "" 126.173"", ""  65.018""], ["" 132.879"", "" 125.696"", ""  64.512""], ["" 131.582"", "" 126.466"", ""  66.409""], ["" 133.988"", "" 125.506"", ""  65.229""], ["" 132.742"", "" 126.268"", ""  67.165""], ["" 133.900"", "" 125.796"", ""  66.550""], ["" 135.172"", "" 125.573"", ""  67.347""], ["" 129.370"", "" 126.690"", ""  64.196""], ["" 128.787"", "" 127.048"", ""  63.452""], ["" 128.963"", "" 126.664"", ""  65.121""], ["" 130.359"", "" 126.968"", ""  67.076""], ["" 129.820"", "" 126.278"", ""  68.166""], ["" 129.734"", "" 128.131"", ""  66.615""], ["" 128.671"", "" 126.750"", ""  68.796""], ["" 128.585"", "" 128.604"", ""  67.243""], ["" 128.059"", "" 127.912"", ""  68.332""], ["" 127.123"", "" 122.662"", ""  56.492""], ["" 127.522"", "" 121.755"", ""  55.755""], ["" 125.916"", "" 123.266"", ""  56.348""], ["" 124.858"", "" 123.023"", ""  57.265""], ["" 124.271"", "" 124.358"", ""  57.731""]]",[],4ea_Grossjean_2025
98,8038,4eb_Grossjean_2025,4h2i_c_2_mae_prepped,1,16,-9.09,-0.27545454545454545,0.0,0.0,3,185.95,-10.88,-10.55,-0.33,-10.88,0.0,-0.78,1.79,-0.78,57,10,0.0,0.0,0.0,14.524677,11.35307,7.465293,0.35178342,0.9214244,0.16500151,289.936005,"156.876282, 212.918015, 78.933502, 17.721319, 130.535538, 287.173676, ","[["" 129.285"", "" 124.237"", ""  59.880""], ["" 128.664"", "" 122.989"", ""  59.946""], ["" 127.941"", "" 122.502"", ""  58.861""], ["" 127.824"", "" 123.256"", ""  57.686""], ["" 128.450"", "" 124.511"", ""  57.624""], ["" 129.174"", "" 124.999"", ""  58.708""], ["" 129.989"", "" 124.626"", ""  61.036""], ["" 130.244"", "" 126.887"", ""  60.792""], ["" 130.418"", "" 125.850"", ""  61.433""], ["" 130.203"", "" 123.865"", ""  61.662""], ["" 131.129"", "" 125.879"", ""  62.714""], ["" 130.645"", "" 126.265"", ""  63.973""], ["" 132.821"", "" 125.384"", ""  62.806""], ["" 131.619"", "" 126.171"", ""  65.029""], ["" 132.868"", "" 125.697"", ""  64.527""], ["" 131.560"", "" 126.453"", ""  66.421""], ["" 133.972"", "" 125.501"", ""  65.249""], ["" 132.716"", "" 126.248"", ""  67.183""], ["" 133.877"", "" 125.781"", ""  66.571""], ["" 135.145"", "" 125.550"", ""  67.373""], ["" 129.361"", "" 126.696"", ""  64.197""], ["" 128.796"", "" 127.084"", ""  63.456""], ["" 128.938"", "" 126.638"", ""  65.114""], ["" 130.333"", "" 126.951"", ""  67.086""], ["" 129.779"", "" 126.244"", ""  68.156""], ["" 129.723"", "" 128.128"", ""  66.642""], ["" 128.626"", "" 126.712"", ""  68.783""], ["" 128.571"", "" 128.597"", ""  67.267""], ["" 128.027"", "" 127.887"", ""  68.335""], ["" 127.036"", "" 122.701"", ""  56.535""], ["" 127.435"", "" 121.776"", ""  55.823""], ["" 125.840"", "" 123.320"", ""  56.355""], ["" 124.949"", "" 123.516"", ""  57.443""]]",[],4eb_Grossjean_2025
99,3449,8a_Ghoteimi_2023,4h2i_c_2_mae_prepped,1,7,-9.57,-0.22255813953488374,0.0,0.0,8,188.31,-12.56,-12.14,-0.42,-12.56,0.0,-1.35,2.98,-1.35,56,8,0.0,0.0,0.0,13.96672,13.736534,9.22616,0.37630453,-0.69167534,-0.61642529,286.8078,"289.88681, 127.806892, 60.945751, 146.382599, 346.497009, 96.558243, 236.47316, 296.778412, 75.625549, 137.862183, ","[["" 130.961"", "" 131.124"", ""  60.232""], ["" 130.011"", "" 132.108"", ""  59.958""], ["" 130.158"", "" 132.946"", ""  58.856""], ["" 131.262"", "" 132.815"", ""  58.004""], ["" 132.214"", "" 131.822"", ""  58.279""], ["" 132.068"", "" 130.982"", ""  59.381""], ["" 130.711"", "" 130.339"", ""  61.375""], ["" 129.653"", "" 129.548"", ""  61.681""], ["" 128.675"", "" 129.385"", ""  60.952""], ["" 131.447"", "" 130.370"", ""  62.064""], ["" 129.738"", "" 128.863"", ""  62.974""], ["" 130.772"", "" 126.156"", ""  65.406""], ["" 130.280"", "" 127.269"", ""  64.668""], ["" 130.497"", "" 126.110"", ""  66.777""], ["" 129.514"", "" 128.225"", ""  65.398""], ["" 130.407"", "" 127.669"", ""  63.288""], ["" 129.739"", "" 127.109"", ""  67.391""], ["" 128.942"", "" 129.538"", ""  64.395""], ["" 129.241"", "" 128.169"", ""  66.701""], ["" 131.556"", "" 125.050"", ""  64.798""], ["" 133.009"", "" 122.962"", ""  63.609""], ["" 131.761"", "" 122.718"", ""  64.185""], ["" 133.527"", "" 124.266"", ""  63.628""], ["" 131.039"", "" 123.753"", ""  64.772""], ["" 132.801"", "" 125.300"", ""  64.214""], ["" 133.653"", "" 121.875"", ""  63.050""], ["" 133.781"", "" 121.797"", ""  61.635""], ["" 131.136"", "" 126.947"", ""  62.376""], ["" 131.933"", "" 127.349"", ""  61.903""], ["" 130.905"", "" 125.990"", ""  62.149""], ["" 129.438"", "" 127.077"", ""  68.855""], ["" 129.651"", "" 128.204"", ""  69.662""], ["" 128.939"", "" 125.914"", ""  69.454""], ["" 129.379"", "" 128.164"", ""  71.027""], ["" 128.664"", "" 125.873"", ""  70.818""], ["" 128.886"", "" 127.003"", ""  71.618""], ["" 128.648"", "" 127.055"", ""  72.978""], ["" 129.488"", "" 127.860"", ""  73.798""], ["" 131.390"", "" 133.736"", ""  56.826""], ["" 132.454"", "" 134.271"", ""  56.495""], ["" 130.222"", "" 133.919"", ""  56.156""], ["" 129.983"", "" 133.279"", ""  54.909""], ["" 128.805"", "" 132.311"", ""  55.051""]]",[],8a_Ghoteimi_2023
100,8047,8b_Ghoteimi_2023,4h2i_c_2_mae_prepped,1,7,-8.09,-0.21864864864864864,0.0,0.0,5,182.63,-10.17,-10.06,-0.11,-10.17,0.0,-0.97,2.09,-0.97,53,6,0.0,0.0,0.0,11.234334,9.585274,7.068111,-0.73920221,0.16511995,-0.6529284,235.61084,"209.924377, 31.916513, 258.335999, 144.63472, 146.513977, 114.429558, 161.096848, ","[["" 126.886"", "" 124.812"", ""  60.717""], ["" 127.856"", "" 124.127"", ""  61.496""], ["" 128.198"", "" 124.719"", ""  62.746""], ["" 129.398"", "" 123.795"", ""  63.619""], ["" 129.476"", "" 122.591"", ""  62.332""], ["" 128.601"", "" 122.913"", ""  61.282""], ["" 127.687"", "" 125.848"", ""  63.235""], ["" 126.758"", "" 126.487"", ""  62.473""], ["" 126.351"", "" 125.999"", ""  61.227""], ["" 126.427"", "" 124.317"", ""  59.399""], ["" 125.561"", "" 123.365"", ""  56.908""], ["" 126.908"", "" 123.657"", ""  57.125""], ["" 124.644"", "" 123.557"", ""  57.953""], ["" 127.341"", "" 124.131"", ""  58.360""], ["" 125.077"", "" 124.030"", ""  59.189""], ["" 125.224"", "" 122.897"", ""  55.652""], ["" 126.182"", "" 122.152"", ""  54.909""], ["" 128.457"", "" 122.154"", ""  60.149""], ["" 128.895"", "" 122.421"", ""  59.278""], ["" 127.908"", "" 121.306"", ""  60.143""], ["" 126.203"", "" 127.754"", ""  63.042""], ["" 125.250"", "" 128.508"", ""  62.342""], ["" 126.626"", "" 128.220"", ""  64.295""], ["" 124.735"", "" 129.684"", ""  62.877""], ["" 126.112"", "" 129.397"", ""  64.833""], ["" 125.158"", "" 130.140"", ""  64.124""], ["" 124.592"", "" 131.317"", ""  64.575""], ["" 124.288"", "" 132.346"", ""  63.639""], ["" 130.379"", "" 121.443"", ""  62.445""], ["" 130.106"", "" 120.404"", ""  61.616""], ["" 131.315"", "" 121.456"", ""  63.248""], ["" 129.314"", "" 120.506"", ""  61.000""], ["" 130.790"", "" 119.200"", ""  61.516""], ["" 130.315"", "" 118.007"", ""  61.837""], ["" 132.101"", "" 119.106"", ""  61.052""], ["" 131.333"", "" 117.086"", ""  61.576""], ["" 132.404"", "" 117.765"", ""  61.102""]]",[],8b_Ghoteimi_2023
101,3508,8c_Ghoteimi_2023,4h2i_c_2_mae_prepped,1,18,-8.35,-0.22567567567567567,0.0,0.0,9,182.74,-10.43,-10.36,-0.08,-10.43,0.0,-0.86,2.09,-0.86,57,5,0.0,0.0,0.0,11.218837,9.622268,7.094867,0.7420586,-0.16046498,0.65084562,123.847916,"210.0186, 31.73728, 255.677872, 151.266235, 146.370224, 113.858826, 162.224411, ","[["" 126.856"", "" 124.846"", ""  60.743""], ["" 127.833"", "" 124.166"", ""  61.517""], ["" 128.191"", "" 124.768"", ""  62.758""], ["" 129.400"", "" 123.848"", ""  63.624""], ["" 129.458"", "" 122.632"", ""  62.347""], ["" 128.572"", "" 122.949"", ""  61.305""], ["" 127.687"", "" 125.902"", ""  63.243""], ["" 126.750"", "" 126.536"", ""  62.487""], ["" 126.327"", "" 126.038"", ""  61.251""], ["" 126.381"", "" 124.342"", ""  59.435""], ["" 125.486"", "" 123.371"", ""  56.961""], ["" 126.836"", "" 123.664"", ""  57.160""], ["" 124.581"", "" 123.570"", ""  58.015""], ["" 127.283"", "" 124.148"", ""  58.386""], ["" 125.029"", "" 124.053"", ""  59.242""], ["" 125.135"", "" 122.893"", ""  55.713""], ["" 126.084"", "" 122.145"", ""  54.964""], ["" 128.413"", "" 122.179"", ""  60.180""], ["" 128.809"", "" 122.455"", ""  59.292""], ["" 127.894"", "" 121.313"", ""  60.198""], ["" 126.204"", "" 127.809"", ""  63.053""], ["" 125.245"", "" 128.560"", ""  62.358""], ["" 126.640"", "" 128.281"", ""  64.298""], ["" 124.739"", "" 129.742"", ""  62.891""], ["" 126.135"", "" 129.461"", ""  64.835""], ["" 125.175"", "" 130.203"", ""  64.131""], ["" 124.616"", "" 131.384"", ""  64.583""], ["" 124.168"", "" 132.347"", ""  63.636""], ["" 130.359"", "" 121.483"", ""  62.460""], ["" 130.089"", "" 120.448"", ""  61.627""], ["" 131.291"", "" 121.491"", ""  63.267""], ["" 129.298"", "" 120.548"", ""  61.007""], ["" 130.781"", "" 119.249"", ""  61.535""], ["" 130.357"", "" 118.045"", ""  61.854""], ["" 132.404"", "" 119.316"", ""  60.927""], ["" 131.282"", "" 117.132"", ""  61.633""], ["" 132.492"", "" 117.591"", ""  61.124""]]",[],8c_Ghoteimi_2023
102,3417,8d_Ghoteimi_2023,4h2i_c_2_mae_prepped,1,6,-6.73,-0.2103125,0.0,0.0,12,189.91,-8.82,-8.73,-0.09,-8.82,0.0,-1.32,2.09,-1.32,60,3,0.0,0.0,0.0,13.50873,10.49317,18.896492,-0.7062782,-0.59221897,0.38787601,160.363632,"233.486069, 211.954208, 327.879913, 358.755768, 264.510986, 276.28363, 188.250748, ","[["" 129.973"", "" 124.541"", ""  73.644""], ["" 130.876"", "" 125.491"", ""  74.189""], ["" 130.821"", "" 126.806"", ""  73.646""], ["" 131.971"", "" 127.892"", ""  74.389""], ["" 132.556"", "" 126.609"", ""  75.451""], ["" 131.875"", "" 125.408"", ""  75.218""], ["" 129.998"", "" 127.208"", ""  72.676""], ["" 129.144"", "" 126.282"", ""  72.165""], ["" 129.108"", "" 124.963"", ""  72.629""], ["" 129.917"", "" 123.135"", ""  74.107""], ["" 129.814"", "" 120.470"", ""  74.970""], ["" 131.008"", "" 121.013"", ""  74.495""], ["" 128.664"", "" 121.276"", ""  75.013""], ["" 131.062"", "" 122.337"", ""  74.068""], ["" 128.720"", "" 122.600"", ""  74.584""], ["" 129.854"", "" 119.149"", ""  75.371""], ["" 130.832"", "" 118.741"", ""  76.321""], ["" 132.130"", "" 124.251"", ""  75.911""], ["" 133.055"", "" 124.033"", ""  76.252""], ["" 131.401"", "" 123.580"", ""  76.108""], ["" 128.230"", "" 126.760"", ""  71.082""], ["" 126.846"", "" 126.548"", ""  71.156""], ["" 128.738"", "" 127.436"", ""  69.966""], ["" 125.999"", "" 126.995"", ""  70.145""], ["" 127.895"", "" 127.884"", ""  68.952""], ["" 126.513"", "" 127.664"", ""  69.035""], ["" 125.600"", "" 128.071"", ""  68.082""], ["" 126.059"", "" 128.793"", ""  66.943""], ["" 133.633"", "" 126.891"", ""  76.424""], ["" 134.056"", "" 128.027"", ""  76.651""], ["" 134.101"", "" 125.771"", ""  77.035""], ["" 135.259"", "" 125.107"", ""  76.550""]]",[],8d_Ghoteimi_2023
103,8136,9a_Ghoteimi_2023,4h2i_c_2_mae_prepped,1,18,-10.37,-0.2033333333333333,0.0,0.0,11,187.02,-13.36,-12.95,-0.41,-13.36,0.0,-1.82,2.98,-1.82,73,10,0.0,0.0,0.0,13.957026,13.107997,9.288086,0.88168263,-0.42517771,-0.20459634,185.007965,"61.913609, 237.558548, 11.57517, 284.581421, 192.595108, 312.775543, 291.989166, 197.823532, 269.855682, 118.681046, ","[["" 131.824"", "" 122.485"", ""  62.064""], ["" 130.867"", "" 121.470"", ""  62.076""], ["" 131.180"", "" 120.199"", ""  61.601""], ["" 132.458"", "" 119.918"", ""  61.102""], ["" 133.420"", "" 120.940"", ""  61.094""], ["" 133.109"", "" 122.211"", ""  61.569""], ["" 131.397"", "" 123.728"", ""  62.568""], ["" 131.783"", "" 124.407"", ""  63.677""], ["" 132.634"", "" 124.006"", ""  64.472""], ["" 130.692"", "" 124.179"", ""  62.003""], ["" 131.116"", "" 125.695"", ""  63.886""], ["" 130.544"", "" 126.202"", ""  65.064""], ["" 129.978"", "" 127.520"", ""  64.921""], ["" 130.941"", "" 126.835"", ""  62.551""], ["" 129.328"", "" 128.403"", ""  65.830""], ["" 130.104"", "" 127.977"", ""  63.576""], ["" 128.837"", "" 129.612"", ""  65.326""], ["" 129.652"", "" 129.138"", ""  63.104""], ["" 129.005"", "" 129.950"", ""  63.982""], ["" 130.509"", "" 125.508"", ""  66.246""], ["" 129.636"", "" 125.241"", ""  66.681""], ["" 131.358"", "" 125.239"", ""  66.723""], ["" 129.154"", "" 128.109"", ""  67.276""], ["" 130.234"", "" 128.206"", ""  68.157""], ["" 127.899"", "" 127.761"", ""  67.779""], ["" 130.066"", "" 127.944"", ""  69.513""], ["" 127.731"", "" 127.503"", ""  69.136""], ["" 128.808"", "" 127.595"", ""  70.029""], ["" 128.618"", "" 127.316"", ""  71.385""], ["" 129.710"", "" 127.599"", ""  72.338""], ["" 127.877"", "" 126.118"", ""  71.826""], ["" 129.247"", "" 127.610"", ""  73.810""], ["" 127.463"", "" 126.166"", ""  73.312""], ["" 128.604"", "" 126.385"", ""  74.126""], ["" 128.497"", "" 131.242"", ""  63.428""], ["" 129.055"", "" 131.787"", ""  62.266""], ["" 127.458"", "" 131.943"", ""  64.052""], ["" 128.588"", "" 132.989"", ""  61.743""], ["" 126.987"", "" 133.143"", ""  63.528""], ["" 127.534"", "" 133.686"", ""  62.356""], ["" 127.066"", "" 134.905"", ""  61.853""], ["" 127.772"", "" 136.173"", ""  62.123""], ["" 126.453"", "" 134.957"", ""  60.509""], ["" 126.936"", "" 137.431"", ""  61.808""], ["" 125.650"", "" 136.247"", ""  60.246""], ["" 126.470"", "" 137.383"", ""  60.470""], ["" 132.761"", "" 118.537"", ""  60.596""], ["" 133.071"", "" 118.298"", ""  59.424""], ["" 132.668"", "" 117.581"", ""  61.555""], ["" 131.439"", "" 116.909"", ""  61.804""], ["" 130.489"", "" 117.127"", ""  60.622""]]",[],9a_Ghoteimi_2023
104,3769,9b_Ghoteimi_2023,4h2i_c_2_mae_prepped,1,2,-9.75,-0.21666666666666667,0.0,0.0,15,188.34,-11.84,-11.5,-0.33,-11.84,0.0,-1.45,2.09,-1.45,61,3,0.0,0.0,0.0,11.858753,14.15833,7.919363,0.50193599,0.8505814,0.15675313,96.568344,"206.3078, 345.25119, 115.362831, 342.632233, 140.812546, 32.802311, 228.172989, ","[["" 128.821"", "" 130.109"", ""  60.617""], ["" 129.200"", "" 131.457"", ""  60.711""], ["" 129.311"", "" 131.972"", ""  62.394""], ["" 128.868"", "" 130.379"", ""  62.958""], ["" 128.797"", "" 130.093"", ""  64.257""], ["" 128.461"", "" 128.819"", ""  64.590""], ["" 128.171"", "" 127.847"", ""  63.629""], ["" 128.225"", "" 128.149"", ""  62.263""], ["" 128.609"", "" 129.468"", ""  61.891""], ["" 128.681"", "" 129.445"", ""  59.424""], ["" 129.181"", "" 129.730"", ""  58.594""], ["" 128.070"", "" 128.644"", ""  59.336""], ["" 129.489"", "" 132.403"", ""  59.630""], ["" 130.545"", "" 132.083"", ""  58.841""], ["" 128.795"", "" 133.410"", ""  59.473""], ["" 131.047"", "" 131.237"", ""  59.069""], ["" 131.030"", "" 132.788"", ""  57.747""], ["" 130.390"", "" 133.742"", ""  57.092""], ["" 132.289"", "" 132.561"", ""  57.192""], ["" 131.239"", "" 134.168"", ""  56.070""], ["" 132.382"", "" 133.446"", ""  56.143""], ["" 127.879"", "" 127.089"", ""  61.282""], ["" 126.545"", "" 126.751"", ""  61.051""], ["" 128.879"", "" 126.444"", ""  60.553""], ["" 126.217"", "" 125.772"", ""  60.119""], ["" 128.550"", "" 125.464"", ""  59.620""], ["" 127.214"", "" 125.103"", ""  59.392""], ["" 126.907"", "" 124.128"", ""  58.440""], ["" 127.870"", "" 123.040"", ""  58.182""], ["" 125.533"", "" 123.610"", ""  58.283""], ["" 127.599"", "" 122.287"", ""  56.862""], ["" 125.317"", "" 122.839"", ""  56.964""], ["" 126.268"", "" 121.792"", ""  56.851""], ["" 128.409"", "" 128.520"", ""  66.053""], ["" 129.498"", "" 127.937"", ""  66.712""], ["" 127.262"", "" 128.811"", ""  66.800""], ["" 129.438"", "" 127.647"", ""  68.072""], ["" 127.201"", "" 128.517"", ""  68.160""], ["" 128.282"", "" 127.915"", ""  68.820""], ["" 128.208"", "" 127.632"", ""  70.189""], ["" 129.366"", "" 127.842"", ""  71.081""], ["" 127.427"", "" 126.465"", ""  70.650""], ["" 129.009"", "" 127.813"", ""  72.582""], ["" 127.131"", "" 126.473"", ""  72.166""], ["" 128.339"", "" 126.604"", ""  72.898""]]",[],9b_Ghoteimi_2023
105,3720,9c_Ghoteimi_2023,4h2i_c_2_mae_prepped,1,9,-8.96,-0.19911111111111113,0.0,0.0,5,188.59,-11.05,-10.9,-0.15,-11.05,0.0,-1.48,2.09,-1.48,70,5,0.0,0.0,0.0,13.761901,11.927607,8.200217,0.56797123,-0.4672363,0.67756839,239.402267,"211.914444, 68.818481, 8.659942, 73.956894, 116.744194, 187.376312, 185.747269, ","[["" 130.306"", "" 124.287"", ""  63.471""], ["" 130.363"", "" 123.255"", ""  62.522""], ["" 130.439"", "" 123.899"", ""  60.882""], ["" 130.413"", "" 125.542"", ""  61.477""], ["" 130.478"", "" 126.585"", ""  60.651""], ["" 130.468"", "" 127.820"", ""  61.216""], ["" 130.364"", "" 128.009"", ""  62.597""], ["" 130.273"", "" 126.916"", ""  63.466""], ["" 130.318"", "" 125.611"", ""  62.899""], ["" 130.262"", "" 124.068"", ""  64.824""], ["" 130.709"", "" 123.268"", ""  65.249""], ["" 129.779"", "" 124.702"", ""  65.444""], ["" 130.367"", "" 121.806"", ""  62.747""], ["" 130.642"", "" 121.049"", ""  61.657""], ["" 130.137"", "" 121.341"", ""  63.865""], ["" 130.807"", "" 121.532"", ""  60.786""], ["" 130.723"", "" 119.665"", ""  61.601""], ["" 129.750"", "" 118.792"", ""  61.753""], ["" 132.286"", "" 118.974"", ""  61.303""], ["" 130.189"", "" 117.553"", ""  61.641""], ["" 131.551"", "" 117.402"", ""  61.393""], ["" 130.134"", "" 127.169"", ""  64.922""], ["" 129.127"", "" 128.011"", ""  65.397""], ["" 130.982"", "" 126.543"", ""  65.837""], ["" 128.982"", "" 128.238"", ""  66.763""], ["" 130.837"", "" 126.769"", ""  67.203""], ["" 129.842"", "" 127.629"", ""  67.690""], ["" 129.708"", "" 127.833"", ""  69.067""], ["" 129.813"", "" 129.204"", ""  69.605""], ["" 128.733"", "" 127.068"", ""  69.867""], ["" 130.039"", "" 129.243"", ""  71.132""], ["" 128.980"", "" 127.162"", ""  71.389""], ["" 129.011"", "" 128.522"", ""  71.794""], ["" 130.564"", "" 128.971"", ""  60.269""], ["" 131.363"", "" 130.084"", ""  60.558""], ["" 129.854"", "" 128.964"", ""  59.064""], ["" 131.442"", "" 131.157"", ""  59.676""], ["" 129.929"", "" 130.039"", ""  58.183""], ["" 130.713"", "" 131.164"", ""  58.476""], ["" 130.786"", "" 132.233"", ""  57.576""], ["" 129.831"", "" 132.363"", ""  56.457""], ["" 132.108"", "" 132.752"", ""  57.166""], ["" 129.836"", "" 133.756"", ""  55.791""], ["" 132.047"", "" 134.132"", ""  56.474""], ["" 131.151"", "" 134.088"", ""  55.376""]]",[],9c_Ghoteimi_2023
106,3824,9d_Ghoteimi_2023,4h2i_c_2_mae_prepped,1,5,-9.13,-0.22825,0.0,0.0,15,193.06,-11.22,-11.06,-0.16,-11.22,0.0,-1.67,2.09,-1.67,68,5,0.0,0.0,0.0,12.59336,10.26898,18.31094,-0.41852023,-0.90641544,-0.05702514,43.856743,"326.672546, 288.49353, 184.564316, 93.510231, 242.488678, 246.026001, 252.573868, ","[["" 131.807"", "" 125.476"", ""  74.970""], ["" 132.560"", "" 126.640"", ""  75.166""], ["" 131.989"", "" 127.952"", ""  74.136""], ["" 130.759"", "" 126.924"", ""  73.440""], ["" 129.941"", "" 127.364"", ""  72.485""], ["" 129.030"", "" 126.481"", ""  71.998""], ["" 128.919"", "" 125.177"", ""  72.488""], ["" 129.764"", "" 124.717"", ""  73.504""], ["" 130.752"", "" 125.612"", ""  74.000""], ["" 132.065"", "" 124.301"", ""  75.629""], ["" 131.329"", "" 123.656"", ""  75.875""], ["" 133.006"", "" 124.037"", ""  75.887""], ["" 133.706"", "" 126.862"", ""  76.075""], ["" 134.253"", "" 127.959"", ""  76.213""], ["" 134.083"", "" 125.736"", ""  76.736""], ["" 135.303"", "" 125.081"", ""  76.419""], ["" 129.584"", "" 123.330"", ""  74.008""], ["" 130.655"", "" 122.434"", ""  74.026""], ["" 128.346"", "" 122.916"", ""  74.501""], ["" 130.487"", "" 121.141"", ""  74.517""], ["" 128.178"", "" 121.625"", ""  74.993""], ["" 129.246"", "" 120.717"", ""  75.018""], ["" 129.050"", "" 119.423"", ""  75.506""], ["" 127.840"", "" 118.680"", ""  75.103""], ["" 129.410"", "" 119.059"", ""  76.890""], ["" 127.935"", "" 117.165"", ""  75.382""], ["" 129.470"", "" 117.535"", ""  77.123""], ["" 128.235"", "" 116.940"", ""  76.752""], ["" 128.139"", "" 126.989"", ""  70.909""], ["" 128.639"", "" 127.852"", ""  69.928""], ["" 126.789"", "" 126.625"", ""  70.845""], ["" 127.817"", "" 128.332"", ""  68.912""], ["" 125.968"", "" 127.102"", ""  69.827""], ["" 126.467"", "" 127.956"", ""  68.832""], ["" 125.625"", "" 128.444"", ""  67.827""], ["" 124.426"", "" 129.244"", ""  68.150""], ["" 126.205"", "" 128.905"", ""  66.548""], ["" 123.442"", "" 129.397"", ""  66.972""], ["" 125.166"", "" 129.071"", ""  65.418""], ["" 124.116"", "" 129.925"", ""  65.842""]]",[],9d_Ghoteimi_2023
107,3605,RR10_Rahimova_2017,4h2i_c_2_mae_prepped,1,13,-10.57,-0.2936111111111111,0.0,0.0,4,188.6,-12.06,-11.97,-0.09,-12.06,0.0,-1.39,1.49,-1.39,45,5,0.0,0.0,0.0,15.919091,18.836579,3.036201,-0.71503923,-0.53533217,-0.44959801,99.723541,"302.254852, 234.621979, 141.844391, 55.750587, 81.980927, ","[["" 131.134"", "" 132.654"", ""  58.223""], ["" 130.116"", "" 132.749"", ""  59.299""], ["" 130.840"", "" 132.989"", ""  60.646""], ["" 131.814"", "" 131.822"", ""  60.955""], ["" 132.808"", "" 131.654"", ""  59.781""], ["" 132.096"", "" 131.535"", ""  58.413""], ["" 130.483"", "" 132.790"", ""  56.581""], ["" 131.580"", "" 132.552"", ""  55.634""], ["" 129.699"", "" 134.029"", ""  56.507""], ["" 129.351"", "" 131.410"", ""  56.413""], ["" 129.544"", "" 130.254"", ""  57.179""], ["" 128.290"", "" 131.501"", ""  55.506""], ["" 128.637"", "" 129.196"", ""  57.026""], ["" 127.371"", "" 130.462"", ""  55.330""], ["" 127.567"", "" 129.318"", ""  56.108""], ["" 128.606"", "" 127.983"", ""  57.660""], ["" 126.899"", "" 128.122"", ""  56.227""], ["" 127.557"", "" 127.360"", ""  57.170""], ["" 126.070"", "" 127.810"", ""  55.741""], ["" 127.117"", "" 125.985"", ""  57.581""], ["" 127.981"", "" 124.890"", ""  57.437""], ["" 125.839"", "" 125.778"", ""  58.117""], ["" 127.575"", "" 123.615"", ""  57.822""], ["" 125.432"", "" 124.503"", ""  58.502""], ["" 126.302"", "" 123.427"", ""  58.352""], ["" 129.793"", "" 133.093"", ""  61.775""], ["" 128.676"", "" 133.792"", ""  61.502""], ["" 130.002"", "" 132.561"", ""  62.868""], ["" 128.625"", "" 134.286"", ""  60.622""], ["" 127.578"", "" 134.045"", ""  62.444""], ["" 127.143"", "" 135.535"", ""  62.467""], ["" 126.342"", "" 133.176"", ""  62.092""], ["" 126.496"", "" 135.971"", ""  61.134""], ["" 125.688"", "" 133.606"", ""  60.759""], ["" 125.266"", "" 135.094"", ""  60.804""], ["" 124.581"", "" 135.535"", ""  59.499""]]",[],RR10_Rahimova_2017
108,3611,RR11_Rahimova_2017,4h2i_c_2_mae_prepped,1,19,-8.72,-0.2235897435897436,0.0,0.0,8,191.02,-10.51,-10.56,0.05,-10.51,0.0,-0.76,1.79,-0.76,63,8,0.0,0.0,0.0,10.643015,14.993817,7.757775,0.6268535,0.25879698,-0.73490054,220.503754,"245.060196, 323.99118, 135.000244, 355.782623, 287.490448, 325.369232, ","[["" 124.672"", "" 132.585"", ""  63.053""], ["" 124.721"", "" 131.407"", ""  64.016""], ["" 126.046"", "" 128.662"", ""  67.366""], ["" 126.531"", "" 129.860"", ""  66.887""], ["" 124.995"", "" 128.250"", ""  66.689""], ["" 125.736"", "" 130.250"", ""  65.836""], ["" 124.778"", "" 129.212"", ""  65.738""], ["" 125.735"", "" 131.355"", ""  64.981""], ["" 123.784"", "" 129.277"", ""  64.752""], ["" 123.775"", "" 130.383"", ""  63.899""], ["" 127.332"", "" 130.332"", ""  67.281""], ["" 126.647"", "" 127.928"", ""  68.530""], ["" 127.767"", "" 126.580"", ""  70.708""], ["" 126.382"", "" 126.625"", ""  70.558""], ["" 128.596"", "" 127.200"", ""  69.777""], ["" 125.826"", "" 127.297"", ""  69.473""], ["" 128.038"", "" 127.871"", ""  68.692""], ["" 128.325"", "" 125.912"", ""  71.797""], ["" 128.225"", "" 124.909"", ""  71.871""], ["" 128.854"", "" 126.434"", ""  72.482""], ["" 126.029"", "" 132.914"", ""  62.447""], ["" 126.769"", "" 131.904"", ""  61.819""], ["" 126.513"", "" 134.227"", ""  62.495""], ["" 128.013"", "" 132.236"", ""  61.265""], ["" 127.746"", "" 134.589"", ""  61.948""], ["" 128.480"", "" 133.569"", ""  61.340""], ["" 128.917"", "" 131.431"", ""  60.623""], ["" 129.703"", "" 133.520"", ""  60.712""], ["" 129.920"", "" 132.219"", ""  60.306""], ["" 130.362"", "" 134.268"", ""  60.555""], ["" 131.160"", "" 131.768"", ""  59.592""], ["" 132.085"", "" 130.933"", ""  60.234""], ["" 131.412"", "" 132.178"", ""  58.276""], ["" 133.239"", "" 130.518"", ""  59.575""], ["" 132.565"", "" 131.764"", ""  57.615""], ["" 133.477"", "" 130.934"", ""  58.266""], ["" 134.633"", "" 130.521"", ""  57.607""], ["" 134.779"", "" 130.790"", ""  56.644""], ["" 135.329"", "" 129.992"", ""  58.111""]]",[],RR11_Rahimova_2017
109,8120,RR11_Rahimova_2017-again1,4h2i_c_2_mae_prepped,1,7,-9.48,-0.23700000000000002,0.0,0.0,10,184.82,-11.27,-9.82,-1.45,-11.27,0.0,-0.27,1.79,-0.27,59,11,0.0,0.0,0.0,15.283832,11.467285,15.188447,0.62313618,0.74945781,-0.22363874,142.099411,"83.348213, 109.53698, 246.949493, 273.318542, 268.796814, 48.695484, ","[["" 129.207"", "" 129.031"", ""  70.354""], ["" 129.377"", "" 128.009"", ""  71.470""], ["" 129.529"", "" 124.058"", ""  73.678""], ["" 129.284"", "" 124.388"", ""  72.362""], ["" 129.785"", "" 125.117"", ""  74.412""], ["" 129.376"", "" 125.755"", ""  72.244""], ["" 129.695"", "" 126.183"", ""  73.555""], ["" 129.220"", "" 126.647"", ""  71.180""], ["" 129.870"", "" 127.548"", ""  73.815""], ["" 129.708"", "" 128.445"", ""  72.758""], ["" 129.069"", "" 123.706"", ""  71.649""], ["" 129.494"", "" 122.651"", ""  74.203""], ["" 129.431"", "" 120.027"", ""  75.165""], ["" 128.251"", "" 120.644"", ""  74.757""], ["" 130.643"", "" 120.711"", ""  75.097""], ["" 128.283"", "" 121.952"", ""  74.278""], ["" 130.674"", "" 122.018"", ""  74.617""], ["" 129.401"", "" 118.717"", ""  75.642""], ["" 129.389"", "" 118.552"", ""  76.638""], ["" 129.434"", "" 117.949"", ""  74.987""], ["" 129.456"", "" 128.440"", ""  68.974""], ["" 130.501"", "" 127.523"", ""  68.800""], ["" 128.655"", "" 128.837"", ""  67.897""], ["" 130.681"", "" 127.004"", ""  67.515""], ["" 128.835"", "" 128.327"", ""  66.609""], ["" 129.864"", "" 127.396"", ""  66.442""], ["" 131.586"", "" 126.082"", ""  67.012""], ["" 130.305"", "" 126.694"", ""  65.328""], ["" 131.360"", "" 125.880"", ""  65.670""], ["" 132.315"", "" 125.598"", ""  67.514""], ["" 129.935"", "" 126.736"", ""  64.389""], ["" 132.107"", "" 124.950"", ""  64.769""], ["" 133.208"", "" 125.414"", ""  64.039""], ["" 131.719"", "" 123.611"", ""  64.650""], ["" 133.913"", "" 124.551"", ""  63.204""], ["" 132.423"", "" 122.747"", ""  63.816""], ["" 133.518"", "" 123.218"", ""  63.095""], ["" 134.228"", "" 122.354"", ""  62.262""], ["" 134.988"", "" 121.808"", ""  62.643""], ["" 133.993"", "" 122.304"", ""  61.282""]]",[],RR11_Rahimova_2017-again1
110,8102,RR11_Rahimova_2017-again2,4h2i_c_2_mae_prepped,1,11,-9.42,-0.22975609756097562,0.0,0.0,8,184.99,-11.21,-9.62,-1.59,-11.21,0.0,-0.24,1.79,-0.24,71,12,0.0,0.0,0.0,11.696704,16.920682,9.705176,0.52619916,0.82239442,0.21629115,121.781654,"258.864746, 118.887184, 345.444641, 338.107788, 336.233154, 92.383911, ","[["" 124.708"", "" 132.827"", ""  63.231""], ["" 124.828"", "" 131.550"", ""  64.052""], ["" 126.293"", "" 128.625"", ""  67.275""], ["" 126.574"", "" 129.926"", ""  66.928""], ["" 125.322"", "" 128.191"", ""  66.403""], ["" 125.797"", "" 130.308"", ""  65.842""], ["" 124.997"", "" 129.203"", ""  65.509""], ["" 125.724"", "" 131.507"", ""  65.127""], ["" 124.088"", "" 129.251"", ""  64.449""], ["" 124.024"", "" 130.449"", ""  63.733""], ["" 127.261"", "" 130.480"", ""  67.418""], ["" 124.936"", "" 127.259"", ""  66.444""], ["" 126.927"", "" 127.836"", ""  68.375""], ["" 128.114"", "" 126.379"", ""  70.440""], ["" 128.903"", "" 126.896"", ""  69.415""], ["" 126.735"", "" 126.581"", ""  70.438""], ["" 128.311"", "" 127.623"", ""  68.385""], ["" 126.144"", "" 127.308"", ""  69.408""], ["" 128.707"", "" 125.656"", ""  71.474""], ["" 129.205"", "" 126.148"", ""  72.202""], ["" 128.689"", "" 124.646"", ""  71.450""], ["" 125.889"", "" 133.041"", ""  62.296""], ["" 126.894"", "" 132.067"", ""  62.225""], ["" 125.968"", "" 134.217"", ""  61.540""], ["" 127.953"", "" 132.311"", ""  61.346""], ["" 127.028"", "" 134.469"", ""  60.665""], ["" 128.017"", "" 133.486"", ""  60.581""], ["" 129.078"", "" 131.564"", ""  61.025""], ["" 129.177"", "" 133.406"", ""  59.823""], ["" 129.834"", "" 132.226"", ""  60.085""], ["" 129.343"", "" 130.661"", ""  61.393""], ["" 129.527"", "" 134.083"", ""  59.160""], ["" 131.108"", "" 131.751"", ""  59.465""], ["" 131.929"", "" 130.846"", ""  60.147""], ["" 131.486"", "" 132.201"", ""  58.195""], ["" 133.112"", "" 130.395"", ""  59.566""], ["" 132.668"", "" 131.751"", ""  57.613""], ["" 133.477"", "" 130.846"", ""  58.299""], ["" 134.658"", "" 130.390"", ""  57.714""], ["" 134.754"", "" 130.405"", ""  56.710""], ["" 135.378"", "" 129.990"", ""  58.297""]]",[],RR11_Rahimova_2017-again2
111,8077,RR12_Rahimova_2017,4h2i_c_2_mae_prepped,1,11,-7.45,-0.2759259259259259,0.0,0.0,3,184.36,-10.13,-10.09,-0.04,-10.13,0.0,-1.64,2.68,-1.64,73,1,0.0,0.0,0.0,14.45676,8.919647,7.667335,0.73327567,0.67886891,-0.03799722,171.462036,"39.104946, 257.341553, 177.407532, 258.239532, 4.901093, 46.628403, 19.596802, 238.936844, 131.20195, ","[["" 129.933"", "" 123.515"", ""  61.014""], ["" 129.772"", "" 121.986"", ""  60.913""], ["" 131.008"", "" 121.245"", ""  61.163""], ["" 132.476"", "" 122.876"", ""  60.586""], ["" 132.250"", "" 121.732"", ""  60.987""], ["" 130.901"", "" 120.298"", ""  61.498""], ["" 133.395"", "" 120.769"", ""  61.325""], ["" 132.855"", "" 119.540"", ""  61.813""], ["" 132.260"", "" 118.662"", ""  60.927""], ["" 131.100"", "" 118.024"", ""  61.370""], ["" 132.747"", "" 118.386"", ""  59.638""], ["" 130.428"", "" 117.125"", ""  60.546""], ["" 132.076"", "" 117.488"", ""  58.813""], ["" 130.918"", "" 116.862"", ""  59.270""], ["" 128.594"", "" 124.264"", ""  60.883""], ["" 127.795"", "" 123.814"", ""  59.672""], ["" 128.353"", "" 123.277"", ""  58.615""], ["" 126.419"", "" 123.943"", ""  59.561""], ["" 127.315"", "" 123.009"", ""  57.767""], ["" 126.078"", "" 123.410"", ""  58.331""], ["" 127.344"", "" 122.419"", ""  56.495""], ["" 124.862"", "" 123.234"", ""  57.658""], ["" 126.134"", "" 122.245"", ""  55.823""], ["" 124.924"", "" 122.643"", ""  56.394""], ["" 125.493"", "" 124.473"", ""  60.558""], ["" 125.261"", "" 123.450"", ""  61.685""], ["" 123.775"", "" 123.274"", ""  62.025""]]",[],RR12_Rahimova_2017
112,3300,RR13_Rahimova_2017,4h2i_c_2_mae_prepped,1,7,-13.64,-0.2841666666666667,0.0,0.0,4,185.09,-17.22,-17.15,-0.07,-17.22,0.0,-4.7,3.58,-4.7,70,5,0.0,0.0,0.0,13.6688,13.415151,5.442448,-0.8535405,0.51714057,0.06351569,178.166565,"354.418945, 88.983917, 104.761185, 204.551804, 260.661469, 283.278381, 266.506897, 268.59082, 318.853058, 11.509152, 212.611481, 108.631836, ","[["" 130.693"", "" 129.205"", ""  60.603""], ["" 129.905"", "" 128.627"", ""  59.499""], ["" 130.320"", "" 127.161"", ""  59.237""], ["" 130.078"", "" 126.331"", ""  60.429""], ["" 130.873"", "" 126.909"", ""  61.528""], ["" 130.446"", "" 128.372"", ""  61.793""], ["" 130.382"", "" 130.645"", ""  60.766""], ["" 129.180"", "" 130.913"", ""  61.699""], ["" 127.908"", "" 131.236"", ""  61.185""], ["" 126.846"", "" 131.496"", ""  62.054""], ["" 127.033"", "" 131.449"", ""  63.433""], ["" 129.352"", "" 130.882"", ""  63.092""], ["" 128.288"", "" 131.142"", ""  63.953""], ["" 127.602"", "" 131.342"", ""  59.484""], ["" 131.609"", "" 131.464"", ""  61.198""], ["" 131.689"", "" 132.273"", ""  62.231""], ["" 132.794"", "" 131.506"", ""  60.494""], ["" 132.975"", "" 132.804"", ""  62.200""], ["" 133.665"", "" 132.311"", ""  61.111""], ["" 133.189"", "" 130.765"", ""  59.302""], ["" 133.518"", "" 131.738"", ""  58.154""], ["" 132.265"", "" 132.271"", ""  57.476""], ["" 132.372"", "" 133.242"", ""  56.477""], ["" 131.008"", "" 131.794"", ""  57.860""], ["" 131.224"", "" 133.735"", ""  55.862""], ["" 129.861"", "" 132.288"", ""  57.245""], ["" 129.973"", "" 133.255"", ""  56.249""], ["" 130.386"", "" 124.901"", ""  60.196""], ["" 131.767"", "" 124.676"", ""  59.576""], ["" 132.150"", "" 125.101"", ""  58.394""], ["" 132.822"", "" 124.040"", ""  60.196""], ["" 133.471"", "" 124.690"", ""  58.250""], ["" 133.884"", "" 124.018"", ""  59.383""], ["" 132.888"", "" 123.393"", ""  61.502""], ["" 131.698"", "" 122.434"", ""  61.688""], ["" 132.014"", "" 121.027"", ""  61.207""], ["" 131.065"", "" 120.011"", ""  61.348""], ["" 133.252"", "" 120.753"", ""  60.616""], ["" 131.352"", "" 118.724"", ""  60.901""], ["" 133.539"", "" 119.466"", ""  60.171""], ["" 132.588"", "" 118.457"", ""  60.315""], ["" 129.316"", "" 124.110"", ""  59.411""], ["" 129.222"", "" 124.354"", ""  58.034""], ["" 128.432"", "" 123.171"", ""  59.992""], ["" 128.297"", "" 123.673"", ""  57.243""], ["" 127.511"", "" 122.492"", ""  59.190""], ["" 127.445"", "" 122.737"", ""  57.821""], ["" 128.389"", "" 122.846"", ""  61.693""]]",[],RR13_Rahimova_2017
113,3761,RR14_Rahimova_2017,4h2i_c_2_mae_prepped,1,9,-11.27,-0.28175,0.0,0.0,2,186.38,-14.55,-14.35,-0.2,-14.55,0.0,-1.85,3.28,-1.85,66,4,0.0,0.0,0.0,13.139638,12.787248,3.104647,0.23999498,0.95698741,0.16302606,330.934052,"357.800812, 314.075989, 285.885651, 116.06237, 38.633163, 92.323402, 294.113342, 109.556816, 138.926254, 181.185303, 75.00412, ","[["" 130.609"", "" 125.772"", ""  59.739""], ["" 129.766"", "" 126.443"", ""  58.735""], ["" 129.225"", "" 127.695"", ""  59.285""], ["" 129.698"", "" 128.982"", ""  58.614""], ["" 130.835"", "" 132.614"", ""  56.780""], ["" 130.479"", "" 131.411"", ""  57.408""], ["" 132.062"", "" 133.208"", ""  57.090""], ["" 129.249"", "" 130.777"", ""  57.129""], ["" 131.349"", "" 130.813"", ""  58.338""], ["" 132.925"", "" 132.614"", ""  58.010""], ["" 128.784"", "" 129.618"", ""  57.659""], ["" 130.886"", "" 129.547"", ""  58.943""], ["" 132.581"", "" 131.416"", ""  58.641""], ["" 127.679"", "" 129.184"", ""  57.336""], ["" 129.914"", "" 133.286"", ""  55.769""], ["" 128.626"", "" 131.217"", ""  56.470""], ["" 133.550"", "" 130.794"", ""  59.638""], ["" 128.678"", "" 125.576"", ""  58.264""], ["" 128.291"", "" 124.474"", ""  59.274""], ["" 128.350"", "" 123.048"", ""  58.688""], ["" 127.169"", "" 122.699"", ""  57.891""], ["" 127.541"", "" 122.504"", ""  56.484""], ["" 126.065"", "" 123.659"", ""  58.039""], ["" 126.311"", "" 122.186"", ""  55.608""], ["" 124.878"", "" 123.305"", ""  57.118""], ["" 125.321"", "" 123.196"", ""  55.770""], ["" 131.872"", "" 125.176"", ""  59.132""], ["" 132.355"", "" 125.471"", ""  57.949""], ["" 132.689"", "" 124.253"", ""  59.749""], ["" 133.519"", "" 124.721"", ""  57.818""], ["" 133.725"", "" 123.962"", ""  58.953""], ["" 132.583"", "" 123.646"", ""  61.076""], ["" 132.187"", "" 122.175"", ""  61.036""], ["" 133.142"", "" 121.200"", ""  60.738""], ["" 130.874"", "" 121.797"", ""  61.322""], ["" 132.792"", "" 119.853"", ""  60.762""], ["" 130.526"", "" 120.450"", ""  61.346""], ["" 131.489"", "" 119.464"", ""  61.075""], ["" 131.241"", "" 118.105"", ""  61.098""], ["" 131.164"", "" 117.393"", ""  59.868""]]",[],RR14_Rahimova_2017
114,7970,RR15_Rahimova_2017,4h2i_c_2_mae_prepped,1,10,-11.61,-0.2523913043478261,0.0,0.0,1,181.77,-16.08,-15.73,-0.36,-16.08,0.0,-4.24,4.47,-4.24,103,9,0.0,0.0,0.0,13.196294,7.360932,9.339545,0.0023332,-8.625e-05,-0.99999727,219.45459,"8.755908, 185.504471, 335.473663, 37.16256, 136.41037, 319.964142, 60.377304, 353.918884, 180.787674, 211.694244, 9.460053, 100.456711, 28.644438, 188.960556, 298.421478, ","[["" 130.460"", "" 122.852"", ""  64.512""], ["" 130.250"", "" 121.844"", ""  65.191""], ["" 131.681"", "" 123.110"", ""  63.951""], ["" 132.181"", "" 124.490"", ""  63.665""], ["" 132.380"", "" 125.269"", ""  64.960""], ["" 132.627"", "" 126.717"", ""  67.339""], ["" 131.373"", "" 126.547"", ""  66.759""], ["" 133.760"", "" 126.169"", ""  66.743""], ["" 131.252"", "" 125.825"", ""  65.575""], ["" 133.637"", "" 125.448"", ""  65.558""], ["" 132.745"", "" 127.417"", ""  68.490""], ["" 133.329"", "" 124.546"", ""  62.609""], ["" 132.946"", "" 124.413"", ""  61.327""], ["" 134.504"", "" 124.667"", ""  62.954""], ["" 131.964"", "" 124.290"", ""  61.128""], ["" 133.847"", "" 124.332"", ""  60.182""], ["" 133.061"", "" 124.234"", ""  58.862""], ["" 131.684"", "" 124.066"", ""  59.228""], ["" 133.064"", "" 125.505"", ""  57.995""], ["" 130.844"", "" 124.921"", ""  58.461""], ["" 131.721"", "" 126.143"", ""  58.253""], ["" 132.520"", "" 122.024"", ""  63.405""], ["" 132.200"", "" 121.675"", ""  61.936""], ["" 131.130"", "" 120.573"", ""  61.748""], ["" 131.439"", "" 119.627"", ""  60.671""], ["" 132.858"", "" 119.618"", ""  60.286""], ["" 130.967"", "" 118.283"", ""  61.030""], ["" 133.145"", "" 118.548"", ""  59.212""], ["" 131.303"", "" 117.250"", ""  59.933""], ["" 132.700"", "" 117.271"", ""  59.658""], ["" 129.283"", "" 123.830"", ""  64.269""], ["" 128.341"", "" 123.408"", ""  63.233""], ["" 128.570"", "" 123.604"", ""  61.929""], ["" 127.102"", "" 123.010"", ""  63.524""], ["" 127.417"", "" 123.242"", ""  61.398""], ["" 126.504"", "" 122.877"", ""  62.288""], ["" 127.157"", "" 123.248"", ""  59.917""], ["" 125.913"", "" 123.643"", ""  59.407""], ["" 128.152"", "" 122.858"", ""  59.014""], ["" 125.654"", "" 123.651"", ""  58.025""], ["" 127.909"", "" 122.857"", ""  57.643""], ["" 126.661"", "" 123.251"", ""  57.135""], ["" 124.444"", "" 124.035"", ""  57.474""], ["" 123.460"", "" 124.650"", ""  58.298""], ["" 126.355"", "" 123.272"", ""  55.785""], ["" 125.594"", "" 122.208"", ""  55.223""]]",[],RR15_Rahimova_2017
115,3458,RR16_Rahimova_2017,4h2i_c_2_mae_prepped,1,3,-9.68,-0.20166666666666666,0.0,0.0,1,188.16,-14.15,-14.05,-0.43,-14.48,0.33,-2.39,4.47,-2.39,63,11,0.0,0.0,0.0,8.183761,11.294234,9.323135,0.76152824,0.18548479,0.62102345,145.910736,"176.596786, 176.055527, 169.995911, 243.891159, 225.218994, 308.266357, 285.667755, 139.128799, 266.337006, 65.338852, 333.014343, 20.008289, 0.507746, 296.049835, 55.272354, ","[["" 125.865"", "" 129.249"", ""  66.791""], ["" 125.631"", "" 128.440"", ""  67.905""], ["" 126.704"", "" 127.871"", ""  68.584""], ["" 128.007"", "" 128.114"", ""  68.145""], ["" 128.243"", "" 128.953"", ""  67.054""], ["" 127.170"", "" 129.524"", ""  66.378""], ["" 124.484"", "" 129.866"", ""  65.831""], ["" 124.272"", "" 131.267"", ""  66.217""], ["" 123.393"", "" 128.891"", ""  65.953""], ["" 125.069"", "" 129.833"", ""  64.156""], ["" 125.736"", "" 130.398"", ""  61.363""], ["" 124.593"", "" 129.426"", ""  61.749""], ["" 126.781"", "" 130.556"", ""  62.498""], ["" 123.997"", "" 129.763"", ""  63.130""], ["" 126.115"", "" 130.846"", ""  63.858""], ["" 126.373"", "" 130.051"", ""  60.015""], ["" 128.890"", "" 131.104"", ""  57.447""], ["" 129.028"", "" 130.397"", ""  56.309""], ["" 127.920"", "" 130.534"", ""  58.255""], ["" 128.183"", "" 129.310"", ""  56.367""], ["" 127.493"", "" 129.389"", ""  57.542""], ["" 127.375"", "" 130.883"", ""  59.495""], ["" 126.497"", "" 128.561"", ""  58.082""], ["" 125.950"", "" 128.910"", ""  59.318""], ["" 129.607"", "" 132.361"", ""  57.620""], ["" 131.017"", "" 132.164"", ""  58.159""], ["" 132.540"", "" 131.919"", ""  60.029""], ["" 133.616"", "" 131.848"", ""  59.145""], ["" 131.242"", "" 132.073"", ""  59.537""], ["" 133.397"", "" 131.935"", ""  57.770""], ["" 132.101"", "" 132.094"", ""  57.277""], ["" 132.808"", "" 131.821"", ""  61.731""], ["" 126.068"", "" 127.444"", ""  57.414""], ["" 126.397"", "" 127.391"", ""  56.513""], ["" 129.389"", "" 127.269"", ""  68.905""], ["" 129.775"", "" 128.058"", ""  70.081""], ["" 129.036"", "" 125.851"", ""  69.034""], ["" 130.692"", "" 127.405"", ""  67.723""], ["" 130.622"", "" 128.162"", ""  67.038""], ["" 131.478"", "" 126.216"", ""  67.317""], ["" 130.851"", "" 125.604"", ""  66.037""], ["" 131.190"", "" 126.276"", ""  64.692""], ["" 132.662"", "" 126.122"", ""  64.270""], ["" 133.500"", "" 125.138"", ""  65.108""], ["" 132.965"", "" 126.627"", ""  67.204""], ["" 133.877"", "" 125.577"", ""  66.541""], ["" 133.499"", "" 125.139"", ""  65.112""], ["" 132.661"", "" 126.121"", ""  64.273""]]",[],RR16_Rahimova_2017
116,3743,RR17_Rahimova_2017,4h2i_c_2_mae_prepped,1,12,-9.16,-0.23487179487179488,0.0,0.0,2,187.05,-12.74,-12.5,-0.24,-12.74,0.0,-2.4,3.58,-2.4,70,6,0.0,0.0,0.0,14.387303,9.58433,5.149325,0.37928525,0.12766847,-0.91642974,197.093872,"71.241348, 330.287933, 300.146393, 155.53186, 350.458801, 174.124039, 261.681976, 101.281776, 148.96817, 193.83107, 15.35434, 241.802185, ","[["" 130.490"", "" 125.239"", ""  57.756""], ["" 131.856"", "" 124.653"", ""  58.718""], ["" 131.738"", "" 124.035"", ""  59.947""], ["" 133.041"", "" 123.773"", ""  60.319""], ["" 133.120"", "" 124.739"", ""  58.376""], ["" 133.877"", "" 124.176"", ""  59.396""], ["" 130.566"", "" 123.763"", ""  60.669""], ["" 128.242"", "" 123.219"", ""  62.107""], ["" 129.150"", "" 124.186"", ""  62.569""], ["" 128.516"", "" 122.532"", ""  60.923""], ["" 130.311"", "" 124.458"", ""  61.851""], ["" 129.674"", "" 122.800"", ""  60.199""], ["" 127.067"", "" 122.885"", ""  62.752""], ["" 125.978"", "" 123.802"", ""  62.733""], ["" 133.451"", "" 123.106"", ""  61.623""], ["" 133.954"", "" 121.744"", ""  61.457""], ["" 134.912"", "" 121.569"", ""  61.720""], ["" 133.128"", "" 120.629"", ""  61.229""], ["" 131.831"", "" 120.676"", ""  61.739""], ["" 133.547"", "" 119.497"", ""  60.517""], ["" 130.963"", "" 119.604"", ""  61.555""], ["" 132.680"", "" 118.425"", ""  60.333""], ["" 131.382"", "" 118.470"", ""  60.852""], ["" 130.419"", "" 117.299"", ""  60.664""], ["" 130.421"", "" 116.839"", ""  59.411""], ["" 130.748"", "" 116.291"", ""  61.473""], ["" 129.182"", "" 117.699"", ""  60.961""], ["" 130.192"", "" 126.845"", ""  58.577""], ["" 131.393"", "" 127.807"", ""  58.427""], ["" 132.268"", "" 127.593"", ""  57.583""], ["" 131.427"", "" 129.001"", ""  59.336""], ["" 130.610"", "" 129.022"", ""  60.476""], ["" 132.253"", "" 130.105"", ""  59.078""], ["" 130.621"", "" 130.117"", ""  61.334""], ["" 132.261"", "" 131.200"", ""  59.939""], ["" 131.443"", "" 131.213"", ""  61.077""], ["" 131.387"", "" 132.253"", ""  61.987""], ["" 130.166"", "" 132.515"", ""  62.674""], ["" 129.219"", "" 133.256"", ""  61.726""]]",[],RR17_Rahimova_2017
117,3594,RR18_Rahimova_2017,4h2i_c_2_mae_prepped,3,5,-9.41,-0.24763157894736842,0.0,0.0,9,191.75,-10.31,-10.0,-0.31,-10.31,0.0,-2.15,0.89,-2.15,52,5,0.0,0.0,0.0,12.090011,15.341572,9.941505,-0.74682957,0.44841489,0.49109031,58.75053,"52.241913, 263.67984, 117.439346, ","[["" 128.971"", "" 130.657"", ""  63.654""], ["" 128.840"", "" 131.782"", ""  62.584""], ["" 127.604"", "" 132.279"", ""  62.316""], ["" 126.471"", "" 131.955"", ""  62.999""], ["" 126.549"", "" 131.187"", ""  64.022""], ["" 125.212"", "" 130.805"", ""  65.081""], ["" 126.260"", "" 129.794"", ""  66.125""], ["" 125.888"", "" 129.105"", ""  67.260""], ["" 124.518"", "" 129.218"", ""  67.781""], ["" 124.458"", "" 128.496"", ""  68.904""], ["" 125.631"", "" 127.868"", ""  69.195""], ["" 126.562"", "" 128.172"", ""  68.217""], ["" 127.827"", "" 127.564"", ""  68.324""], ["" 128.128"", "" 126.722"", ""  69.398""], ["" 127.172"", "" 126.459"", ""  70.377""], ["" 125.907"", "" 127.032"", ""  70.277""], ["" 123.554"", "" 129.847"", ""  67.345""], ["" 127.685"", "" 130.565"", ""  64.433""], ["" 127.615"", "" 129.829"", ""  65.575""], ["" 128.611"", "" 129.296"", ""  66.054""], ["" 123.620"", "" 128.412"", ""  69.462""], ["" 129.331"", "" 129.317"", ""  63.017""], ["" 129.699"", "" 128.006"", ""  61.293""], ["" 129.900"", "" 127.240"", ""  62.430""], ["" 129.352"", "" 129.268"", ""  61.658""], ["" 129.666"", "" 128.072"", ""  63.524""], ["" 129.782"", "" 127.733"", ""  59.813""], ["" 130.004"", "" 132.207"", ""  61.813""], ["" 130.072"", "" 131.672"", ""  60.572""], ["" 130.847"", "" 132.976"", ""  62.279""], ["" 129.362"", "" 130.992"", ""  60.347""], ["" 131.025"", "" 131.862"", ""  59.547""], ["" 132.322"", "" 131.353"", ""  59.759""], ["" 130.736"", "" 132.507"", ""  58.331""], ["" 133.300"", "" 131.510"", ""  58.772""], ["" 131.722"", "" 132.657"", ""  57.356""], ["" 133.003"", "" 132.161"", ""  57.577""], ["" 132.697"", "" 130.628"", ""  61.049""]]",[],RR18_Rahimova_2017
118,3354,RR19_Rahimova_2017,4h2i_c_2_mae_prepped,1,10,-11.84,-0.24666666666666667,0.0,0.0,2,188.51,-14.22,-14.01,-0.21,-14.22,0.0,-3.3,2.39,-3.3,69,5,0.0,0.0,0.0,14.047161,12.744996,5.470669,0.50697749,0.4383094,0.74219855,159.979828,"5.662751, 101.756348, 319.722992, 350.913879, 258.194458, 74.438843, 4.793781, 61.99828, ","[["" 131.105"", "" 125.876"", ""  56.578""], ["" 130.794"", "" 126.429"", ""  58.148""], ["" 130.080"", "" 127.556"", ""  58.472""], ["" 129.303"", "" 128.399"", ""  57.745""], ["" 128.893"", "" 128.200"", ""  56.598""], ["" 131.215"", "" 125.827"", ""  59.308""], ["" 132.053"", "" 124.790"", ""  59.560""], ["" 132.802"", "" 124.241"", ""  58.749""], ["" 130.240"", "" 127.876"", ""  59.416""], ["" 130.736"", "" 126.160"", ""  60.132""], ["" 128.915"", "" 129.710"", ""  58.479""], ["" 128.228"", "" 130.766"", ""  57.565""], ["" 129.194"", "" 131.738"", ""  56.913""], ["" 129.810"", "" 132.748"", ""  57.684""], ["" 129.616"", "" 131.540"", ""  55.581""], ["" 130.769"", "" 133.572"", ""  57.109""], ["" 130.578"", "" 132.374"", ""  55.026""], ["" 131.147"", "" 133.389"", ""  55.785""], ["" 130.039"", "" 130.309"", ""  59.255""], ["" 131.364"", "" 130.130"", ""  58.971""], ["" 129.821"", "" 131.066"", ""  60.366""], ["" 132.094"", "" 130.884"", ""  60.018""], ["" 131.848"", "" 129.480"", ""  58.044""], ["" 131.169"", "" 131.446"", ""  60.854""], ["" 128.734"", "" 131.370"", ""  60.860""], ["" 133.463"", "" 131.065"", ""  60.228""], ["" 131.561"", "" 132.219"", ""  61.949""], ["" 133.876"", "" 131.839"", ""  61.318""], ["" 132.928"", "" 132.414"", ""  62.176""], ["" 132.000"", "" 124.281"", ""  61.022""], ["" 133.107"", "" 124.855"", ""  61.954""], ["" 132.634"", "" 125.284"", ""  63.333""], ["" 133.540"", "" 125.381"", ""  64.412""], ["" 131.304"", "" 125.718"", ""  63.517""], ["" 133.106"", "" 125.850"", ""  65.644""], ["" 130.889"", "" 126.182"", ""  64.757""], ["" 131.784"", "" 126.244"", ""  65.818""], ["" 131.958"", "" 122.794"", ""  61.075""], ["" 133.025"", "" 121.965"", ""  60.870""], ["" 130.786"", "" 122.125"", ""  61.276""], ["" 132.481"", "" 120.589"", ""  60.978""], ["" 134.190"", "" 122.287"", ""  60.635""], ["" 131.138"", "" 120.685"", ""  61.220""], ["" 129.670"", "" 122.613"", ""  61.460""], ["" 133.107"", "" 119.347"", ""  60.864""], ["" 130.347"", "" 119.544"", ""  61.363""], ["" 132.332"", "" 118.190"", ""  61.005""], ["" 130.956"", "" 118.289"", ""  61.254""]]",[],RR19_Rahimova_2017
119,8376,RR19_Rahimova_2017-again1,4h2i_c_2_mae_prepped,1,20,-10.87,-0.23127659574468085,0.0,0.0,1,189.73,-13.56,-12.15,-1.41,-13.56,0.0,-4.44,2.68,-4.44,63,6,0.0,0.0,0.0,12.760281,10.127892,20.177769,0.42354383,0.01071124,-0.90581228,123.913475,"320.081665, 59.579483, 317.450714, 134.099655, 213.405838, 222.689713, 345.594055, 190.683212, 278.677032, ","[["" 133.888"", "" 125.477"", ""  76.505""], ["" 132.476"", "" 125.435"", ""  75.594""], ["" 131.579"", "" 126.426"", ""  75.310""], ["" 131.467"", "" 127.712"", ""  75.722""], ["" 132.298"", "" 128.329"", ""  76.393""], ["" 130.802"", "" 126.109"", ""  74.750""], ["" 131.970"", "" 124.273"", ""  75.039""], ["" 130.751"", "" 123.841"", ""  75.017""], ["" 129.696"", "" 124.378"", ""  75.407""], ["" 130.559"", "" 122.406"", ""  74.421""], ["" 129.565"", "" 122.418"", ""  73.212""], ["" 128.295"", "" 121.598"", ""  73.427""], ["" 128.173"", "" 120.336"", ""  72.841""], ["" 127.258"", "" 122.108"", ""  74.214""], ["" 127.022"", "" 119.581"", ""  73.048""], ["" 126.108"", "" 121.353"", ""  74.423""], ["" 125.994"", "" 120.092"", ""  73.839""], ["" 130.270"", "" 121.359"", ""  75.456""], ["" 129.489"", "" 121.545"", ""  76.565""], ["" 130.805"", "" 120.108"", ""  75.376""], ["" 129.513"", "" 120.249"", ""  77.284""], ["" 128.892"", "" 122.567"", ""  76.898""], ["" 130.302"", "" 119.387"", ""  76.574""], ["" 131.547"", "" 119.667"", ""  74.498""], ["" 128.896"", "" 119.851"", ""  78.472""], ["" 130.518"", "" 118.079"", ""  77.010""], ["" 129.099"", "" 118.544"", ""  78.926""], ["" 129.906"", "" 117.661"", ""  78.197""], ["" 130.155"", "" 128.423"", ""  75.277""], ["" 128.924"", "" 128.078"", ""  76.163""], ["" 127.863"", "" 129.163"", ""  76.195""], ["" 126.498"", "" 128.816"", ""  76.270""], ["" 128.232"", "" 130.520"", ""  76.321""], ["" 125.534"", "" 129.808"", ""  76.399""], ["" 127.254"", "" 131.497"", ""  76.450""], ["" 125.911"", "" 131.143"", ""  76.484""], ["" 129.853"", "" 128.287"", ""  73.819""], ["" 130.104"", "" 129.245"", ""  72.878""], ["" 129.173"", "" 127.212"", ""  73.328""], ["" 129.530"", "" 128.718"", ""  71.616""], ["" 130.674"", "" 130.324"", ""  73.043""], ["" 128.968"", "" 127.500"", ""  71.887""], ["" 128.801"", "" 126.216"", ""  73.949""], ["" 129.481"", "" 129.267"", ""  70.334""], ["" 128.325"", "" 126.764"", ""  70.891""], ["" 128.838"", "" 128.545"", ""  69.322""], ["" 128.262"", "" 127.298"", ""  69.599""]]",[],RR19_Rahimova_2017-again1
120,3690,RR1_Rahimova_2017,4h2i_c_2_mae_prepped,1,16,-9.67,-0.21977272727272726,0.0,0.0,1,194.09,-13.25,-12.75,-0.5,-13.25,0.0,-3.22,3.58,-3.22,78,19,0.0,0.0,0.0,13.551827,12.876403,14.496994,0.62318256,0.75874981,0.18958434,125.857887,"193.404053, 217.998138, 341.93042, 315.357483, 328.350555, 350.473511, 266.947449, 55.194782, 355.293579, 279.653839, 354.368622, 350.270691, ","[["" 129.210"", "" 126.815"", ""  73.515""], ["" 129.882"", "" 126.070"", ""  74.356""], ["" 131.070"", "" 126.663"", ""  74.426""], ["" 131.204"", "" 127.749"", ""  73.688""], ["" 130.008"", "" 127.850"", ""  73.102""], ["" 127.549"", "" 126.497"", ""  73.019""], ["" 127.827"", "" 126.477"", ""  71.214""], ["" 126.691"", "" 127.069"", ""  70.365""], ["" 125.527"", "" 127.043"", ""  70.767""], ["" 127.086"", "" 127.601"", ""  69.189""], ["" 128.083"", "" 127.647"", ""  69.031""], ["" 126.308"", "" 128.153"", ""  68.153""], ["" 125.036"", "" 128.600"", ""  68.511""], ["" 126.752"", "" 128.317"", ""  66.832""], ["" 124.208"", "" 129.201"", ""  67.567""], ["" 125.921"", "" 128.917"", ""  65.890""], ["" 124.649"", "" 129.368"", ""  66.244""], ["" 123.902"", "" 129.957"", ""  65.243""], ["" 124.269"", "" 129.745"", ""  63.885""], ["" 129.731"", "" 128.934"", ""  72.159""], ["" 130.496"", "" 128.846"", ""  70.826""], ["" 129.824"", "" 128.245"", ""  69.825""], ["" 131.638"", "" 129.307"", ""  70.720""], ["" 128.991"", "" 127.685"", ""  69.942""], ["" 130.502"", "" 127.998"", ""  68.639""], ["" 130.242"", "" 126.841"", ""  67.993""], ["" 129.367"", "" 126.038"", ""  68.336""], ["" 131.432"", "" 128.391"", ""  68.657""], ["" 131.086"", "" 126.571"", ""  66.764""], ["" 132.444"", "" 126.226"", ""  66.860""], ["" 130.510"", "" 126.644"", ""  65.491""], ["" 133.215"", "" 125.958"", ""  65.715""], ["" 131.263"", "" 126.389"", ""  64.351""], ["" 132.621"", "" 126.044"", ""  64.449""], ["" 134.551"", "" 125.595"", ""  65.759""], ["" 135.256"", "" 125.652"", ""  66.994""], ["" 133.422"", "" 125.765"", ""  63.356""], ["" 133.593"", "" 124.415"", ""  62.938""], ["" 132.185"", "" 126.130"", ""  75.280""], ["" 133.483"", "" 126.660"", ""  75.208""], ["" 131.974"", "" 125.078"", ""  76.186""], ["" 134.500"", "" 126.142"", ""  76.013""], ["" 132.949"", "" 124.560"", ""  76.976""], ["" 134.192"", "" 125.096"", ""  76.881""]]",[],RR1_Rahimova_2017
121,8557,RR20_Rahimova_2017,4h2i_c_2_mae_prepped,1,15,-10.91,-0.27974358974358976,0.0,0.0,5,180.92,-12.7,-12.39,-0.31,-12.7,0.0,-1.59,1.79,-1.59,56,4,0.0,0.0,0.0,10.848544,11.870364,16.124361,0.43848582,-0.12416137,-0.89012029,258.103424,"64.485275, 310.998688, 202.26532, 10.541767, 245.116455, 350.683929, ","[["" 127.832"", "" 127.627"", ""  69.797""], ["" 126.469"", "" 127.364"", ""  69.591""], ["" 125.801"", "" 127.870"", ""  68.476""], ["" 126.480"", "" 128.692"", ""  67.568""], ["" 126.047"", "" 129.253"", ""  66.345""], ["" 127.167"", "" 130.010"", ""  65.761""], ["" 128.412"", "" 129.587"", ""  66.522""], ["" 127.849"", "" 128.903"", ""  67.730""], ["" 128.519"", "" 128.380"", ""  68.837""], ["" 128.552"", "" 127.071"", ""  70.994""], ["" 128.997"", "" 125.438"", ""  72.394""], ["" 128.302"", "" 125.822"", ""  71.354""], ["" 130.044"", "" 126.643"", ""  73.035""], ["" 129.487"", "" 127.751"", ""  71.803""], ["" 129.998"", "" 129.175"", ""  71.765""], ["" 128.983"", "" 124.202"", ""  73.021""], ["" 129.781"", "" 124.777"", ""  75.084""], ["" 129.370"", "" 123.928"", ""  74.291""], ["" 128.653"", "" 123.426"", ""  72.464""], ["" 129.267"", "" 122.465"", ""  74.783""], ["" 128.264"", "" 121.678"", ""  74.043""], ["" 128.716"", "" 120.305"", ""  73.770""], ["" 127.003"", "" 121.603"", ""  74.792""], ["" 127.756"", "" 119.616"", ""  72.773""], ["" 125.917"", "" 120.814"", ""  74.059""], ["" 126.282"", "" 119.825"", ""  73.123""], ["" 124.563"", "" 121.020"", ""  74.343""], ["" 125.281"", "" 119.067"", ""  72.506""], ["" 123.575"", "" 120.265"", ""  73.714""], ["" 123.936"", "" 119.283"", ""  72.796""], ["" 124.754"", "" 129.487"", ""  65.973""], ["" 123.786"", "" 129.008"", ""  66.568""], ["" 124.476"", "" 130.358"", ""  64.768""], ["" 123.918"", "" 129.787"", ""  63.618""], ["" 124.823"", "" 131.715"", ""  64.762""], ["" 123.671"", "" 130.569"", ""  62.493""], ["" 124.578"", "" 132.498"", ""  63.636""], ["" 123.993"", "" 131.926"", ""  62.504""], ["" 123.733"", "" 132.775"", ""  61.273""]]",[],RR20_Rahimova_2017
122,3533,RR20_Rahimova_2017-again1,4h2i_c_2_mae_prepped,1,6,-10.19,-0.2612820512820513,0.0,0.0,11,183.66,-11.98,-11.63,-0.35,-11.98,0.0,-2.33,1.79,-2.33,65,2,0.0,0.0,0.0,13.930829,14.517825,13.205316,0.41401382,0.57002124,0.70969595,223.708206,"66.115929, 278.274933, 113.861061, 268.332672, 44.053993, 265.544128, ","[["" 128.412"", "" 129.424"", ""  65.129""], ["" 128.915"", "" 129.142"", ""  66.306""], ["" 128.006"", "" 128.941"", ""  67.248""], ["" 126.670"", "" 129.055"", ""  66.816""], ["" 125.357"", "" 128.855"", ""  67.543""], ["" 126.689"", "" 129.485"", ""  65.123""], ["" 129.063"", "" 129.726"", ""  63.962""], ["" 128.614"", "" 129.479"", ""  62.778""], ["" 127.527"", "" 129.012"", ""  62.387""], ["" 129.600"", "" 129.839"", ""  61.647""], ["" 130.521"", "" 131.009"", ""  62.100""], ["" 129.861"", "" 132.390"", ""  61.911""], ["" 131.919"", "" 130.949"", ""  61.436""], ["" 129.649"", "" 132.671"", ""  60.412""], ["" 131.933"", "" 131.575"", ""  60.036""], ["" 130.895"", "" 132.416"", ""  59.571""], ["" 133.028"", "" 131.330"", ""  59.199""], ["" 131.009"", "" 133.000"", ""  58.304""], ["" 133.120"", "" 131.909"", ""  57.936""], ["" 132.110"", "" 132.751"", ""  57.489""], ["" 130.654"", "" 130.889"", ""  63.096""], ["" 128.482"", "" 128.621"", ""  68.636""], ["" 129.421"", "" 129.437"", ""  69.280""], ["" 128.035"", "" 127.466"", ""  69.297""], ["" 129.883"", "" 129.130"", ""  70.561""], ["" 128.482"", "" 127.166"", ""  70.584""], ["" 129.370"", "" 128.018"", ""  71.241""], ["" 128.264"", "" 125.922"", ""  71.393""], ["" 129.735"", "" 127.464"", ""  72.488""], ["" 128.906"", "" 126.271"", ""  72.726""], ["" 130.358"", "" 128.114"", ""  73.515""], ["" 130.079"", "" 129.266"", ""  73.850""], ["" 131.469"", "" 127.412"", ""  74.266""], ["" 132.653"", "" 128.103"", ""  74.552""], ["" 131.355"", "" 126.064"", ""  74.629""], ["" 133.690"", "" 127.468"", ""  75.228""], ["" 132.393"", "" 125.429"", ""  75.305""], ["" 133.557"", "" 126.133"", ""  75.614""], ["" 134.693"", "" 125.439"", ""  76.345""]]",[],RR20_Rahimova_2017-again1
123,3345,RR21_Rahimova_2017,4h2i_c_2_mae_prepped,2,18,-10.91,-0.27275,0.0,0.0,9,189.63,-12.7,-12.36,-0.34,-12.7,0.0,-1.36,1.79,-1.36,57,5,0.0,0.0,0.0,11.180139,14.210163,10.861346,-0.66937394,-0.55954435,0.48872144,208.7146,"355.78598, 174.389816, 245.712509, 345.078674, 252.025818, 205.866638, ","[["" 128.776"", "" 129.201"", ""  66.569""], ["" 127.621"", "" 129.534"", ""  65.949""], ["" 125.970"", "" 129.026"", ""  66.370""], ["" 125.349"", "" 129.993"", ""  65.040""], ["" 126.359"", "" 130.611"", ""  64.351""], ["" 127.628"", "" 130.405"", ""  64.782""], ["" 128.637"", "" 130.894"", ""  64.260""], ["" 124.112"", "" 130.158"", ""  64.687""], ["" 123.740"", "" 130.984"", ""  63.590""], ["" 124.907"", "" 131.619"", ""  62.885""], ["" 126.136"", "" 131.441"", ""  63.245""], ["" 122.593"", "" 131.208"", ""  63.205""], ["" 128.960"", "" 128.354"", ""  67.737""], ["" 129.906"", "" 127.323"", ""  67.940""], ["" 129.818"", "" 126.804"", ""  69.149""], ["" 128.828"", "" 127.457"", ""  69.777""], ["" 128.295"", "" 128.416"", ""  68.953""], ["" 130.932"", "" 126.804"", ""  66.980""], ["" 132.864"", "" 125.820"", ""  65.170""], ["" 133.196"", "" 126.067"", ""  66.507""], ["" 131.549"", "" 126.077"", ""  64.747""], ["" 132.242"", "" 126.554"", ""  67.400""], ["" 130.597"", "" 126.565"", ""  65.642""], ["" 134.455"", "" 125.834"", ""  66.946""], ["" 133.864"", "" 125.334"", ""  64.349""], ["" 133.548"", "" 124.971"", ""  63.008""], ["" 128.478"", "" 127.157"", ""  71.120""], ["" 127.464"", "" 126.230"", ""  71.407""], ["" 129.151"", "" 127.792"", ""  72.173""], ["" 127.133"", "" 125.941"", ""  72.728""], ["" 128.818"", "" 127.501"", ""  73.493""], ["" 127.812"", "" 126.577"", ""  73.765""], ["" 124.631"", "" 132.517"", ""  61.672""], ["" 125.406"", "" 133.833"", ""  61.673""], ["" 126.283"", "" 134.127"", ""  62.721""], ["" 125.261"", "" 134.730"", ""  60.611""], ["" 127.002"", "" 135.320"", ""  62.713""], ["" 125.980"", "" 135.922"", ""  60.603""], ["" 126.848"", "" 136.220"", ""  61.656""], ["" 127.643"", "" 137.512"", ""  61.646""]]",[],RR21_Rahimova_2017
124,4019,RR22_Rahimova_2017,4h2i_c_2_mae_prepped,2,3,-9.22,-0.288125,0.0,0.0,17,187.93,-9.82,-9.77,-0.04,-9.82,0.0,-0.57,0.6,-0.57,35,6,0.0,0.0,0.0,13.878274,8.874629,6.667992,0.74112359,-0.66820612,-0.06508769,209.624939,"62.140465, 124.109512, ","[["" 125.975"", "" 123.143"", ""  62.127""], ["" 127.103"", "" 123.550"", ""  61.857""], ["" 128.169"", "" 123.721"", ""  62.722""], ["" 127.656"", "" 124.043"", ""  60.196""], ["" 129.229"", "" 124.592"", ""  60.792""], ["" 129.443"", "" 124.149"", ""  62.232""], ["" 130.411"", "" 123.048"", ""  62.353""], ["" 131.794"", "" 123.411"", ""  62.425""], ["" 131.976"", "" 124.404"", ""  63.550""], ["" 133.134"", "" 124.517"", ""  64.326""], ["" 133.227"", "" 125.494"", ""  65.319""], ["" 132.170"", "" 126.379"", ""  65.533""], ["" 131.019"", "" 126.294"", ""  64.750""], ["" 130.925"", "" 125.317"", ""  63.758""], ["" 129.761"", "" 125.321"", ""  62.989""], ["" 132.435"", "" 122.038"", ""  62.439""], ["" 131.397"", "" 121.257"", ""  61.626""], ["" 130.275"", "" 121.871"", ""  61.599""], ["" 130.113"", "" 125.366"", ""  60.120""], ["" 128.054"", "" 123.589"", ""  63.715""], ["" 130.041"", "" 125.848"", ""  58.727""], ["" 128.835"", "" 125.982"", ""  58.023""], ["" 131.222"", "" 126.179"", ""  58.053""], ["" 128.844"", "" 126.444"", ""  56.706""], ["" 131.252"", "" 126.629"", ""  56.772""], ["" 130.070"", "" 126.757"", ""  56.119""], ["" 131.692"", "" 119.953"", ""  60.999""], ["" 130.827"", "" 118.863"", ""  61.178""], ["" 132.842"", "" 119.792"", ""  60.211""], ["" 131.109"", "" 117.637"", ""  60.583""], ["" 133.123"", "" 118.564"", ""  59.618""], ["" 132.255"", "" 117.492"", ""  59.806""]]",[],RR22_Rahimova_2017
125,3496,RR23_Rahimova_2017,4h2i_c_2_mae_prepped,1,18,-10.51,-0.26275,0.0,0.0,1,192.84,-12.01,-12.15,0.15,-12.01,0.0,-1.15,1.49,-1.15,54,5,0.0,0.0,0.0,12.077249,15.12661,12.606644,0.2382616,-0.96259939,0.12897217,142.607437,"217.313019, 149.2556, 320.623352, 198.012039, 334.558807, ","[["" 126.705"", "" 128.178"", ""  67.413""], ["" 125.923"", "" 127.377"", ""  68.253""], ["" 126.355"", "" 127.057"", ""  69.541""], ["" 127.609"", "" 127.495"", ""  69.987""], ["" 128.225"", "" 127.364"", ""  71.252""], ["" 129.537"", "" 128.029"", ""  71.201""], ["" 129.536"", "" 128.881"", ""  69.942""], ["" 128.365"", "" 128.343"", ""  69.176""], ["" 127.923"", "" 128.680"", ""  67.897""], ["" 126.181"", "" 128.523"", ""  66.011""], ["" 127.905"", "" 131.948"", ""  63.851""], ["" 126.698"", "" 131.334"", ""  63.847""], ["" 128.879"", "" 131.609"", ""  64.527""], ["" 126.286"", "" 130.273"", ""  64.592""], ["" 126.983"", "" 129.538"", ""  65.362""], ["" 124.544"", "" 129.893"", ""  64.468""], ["" 124.682"", "" 128.904"", ""  65.967""], ["" 126.001"", "" 131.749"", ""  63.246""], ["" 124.140"", "" 129.720"", ""  67.159""], ["" 128.030"", "" 133.170"", ""  62.926""], ["" 129.116"", "" 132.930"", ""  61.949""], ["" 127.711"", "" 133.272"", ""  60.149""], ["" 128.827"", "" 133.004"", ""  60.605""], ["" 130.041"", "" 132.732"", ""  59.747""], ["" 130.359"", "" 132.641"", ""  62.498""], ["" 129.946"", "" 132.766"", ""  58.351""], ["" 131.264"", "" 132.451"", ""  60.360""], ["" 131.391"", "" 132.412"", ""  61.750""], ["" 131.080"", "" 132.515"", ""  57.576""], ["" 132.397"", "" 132.202"", ""  59.582""], ["" 132.302"", "" 132.234"", ""  58.190""], ["" 127.936"", "" 126.426"", ""  72.202""], ["" 126.814"", "" 125.934"", ""  72.342""], ["" 129.024"", "" 125.968"", ""  73.148""], ["" 129.562"", "" 126.874"", ""  74.068""], ["" 129.543"", "" 124.668"", ""  73.078""], ["" 130.578"", "" 126.476"", ""  74.935""], ["" 130.558"", "" 124.271"", ""  73.944""], ["" 131.070"", "" 125.171"", ""  74.879""], ["" 132.184"", "" 124.739"", ""  75.815""]]",[],RR23_Rahimova_2017
126,8244,RR24_Rahimova_2017,4h2i_c_2_mae_prepped,1,8,-10.46,-0.23244444444444445,0.0,0.0,2,186.61,-11.96,-12.07,0.11,-11.96,0.0,-2.09,1.49,-2.09,70,4,0.0,0.0,0.0,12.426228,15.368378,5.179243,-0.96892335,-0.24420078,-0.03941469,112.190704,"328.573914, 14.875721, 73.402832, 289.934021, 73.423103, ","[["" 131.571"", "" 130.277"", ""  61.750""], ["" 130.349"", "" 129.763"", ""  61.380""], ["" 127.888"", "" 128.685"", ""  60.630""], ["" 129.058"", "" 128.280"", ""  59.981""], ["" 127.956"", "" 129.622"", ""  61.666""], ["" 130.287"", "" 128.814"", ""  60.357""], ["" 129.185"", "" 130.155"", ""  62.044""], ["" 126.535"", "" 128.108"", ""  60.197""], ["" 126.989"", "" 123.169"", ""  57.601""], ["" 126.731"", "" 124.146"", ""  58.307""], ["" 127.203"", "" 124.375"", ""  59.590""], ["" 126.061"", "" 125.199"", ""  57.766""], ["" 127.233"", "" 125.576"", ""  60.277""], ["" 126.038"", "" 126.424"", ""  58.352""], ["" 127.718"", "" 125.719"", ""  61.403""], ["" 126.606"", "" 126.690"", ""  59.557""], ["" 125.382"", "" 127.383"", ""  57.617""], ["" 125.262"", "" 128.673"", ""  58.073""], ["" 125.773"", "" 129.067"", ""  59.253""], ["" 124.601"", "" 129.779"", ""  57.399""], ["" 125.470"", "" 130.480"", ""  59.451""], ["" 124.729"", "" 130.880"", ""  58.236""], ["" 123.935"", "" 129.888"", ""  56.178""], ["" 125.787"", "" 131.148"", ""  60.434""], ["" 124.191"", "" 132.114"", ""  57.868""], ["" 123.396"", "" 131.121"", ""  55.804""], ["" 123.522"", "" 132.230"", ""  56.646""], ["" 127.860"", "" 123.233"", ""  60.259""], ["" 125.596"", "" 125.038"", ""  56.884""], ["" 124.980"", "" 127.129"", ""  56.725""], ["" 131.828"", "" 131.605"", ""  61.566""], ["" 131.375"", "" 132.524"", ""  62.257""], ["" 132.803"", "" 131.866"", ""  60.380""], ["" 133.781"", "" 130.708"", ""  60.136""], ["" 132.088"", "" 132.268"", ""  59.134""], ["" 130.760"", "" 132.592"", ""  59.059""], ["" 132.726"", "" 132.324"", ""  57.931""], ["" 130.513"", "" 132.907"", ""  57.630""], ["" 129.942"", "" 132.614"", ""  59.979""], ["" 131.692"", "" 132.746"", ""  56.954""], ["" 133.912"", "" 132.077"", ""  57.702""], ["" 129.349"", "" 133.299"", ""  56.967""], ["" 131.772"", "" 132.969"", ""  55.578""], ["" 129.409"", "" 133.529"", ""  55.588""], ["" 130.616"", "" 133.365"", ""  54.896""]]",[],RR24_Rahimova_2017
127,3897,RR24_Rahimova_2017-again1,4h2i_c_2_mae_prepped,1,18,-9.28,-0.21581395348837207,0.0,0.0,2,184.5,-10.77,-11.47,0.71,-10.77,0.0,-2.07,1.49,-2.07,66,11,0.0,0.0,0.0,10.620194,11.725561,9.641459,0.7826094,-0.34912965,-0.51539403,98.555298,"17.275574, 229.931152, 204.912872, 97.295425, 293.97818, ","[["" 129.419"", "" 124.756"", ""  63.082""], ["" 128.742"", "" 125.944"", ""  63.231""], ["" 127.336"", "" 128.333"", ""  63.564""], ["" 126.755"", "" 127.266"", ""  62.870""], ["" 128.621"", "" 128.195"", ""  64.097""], ["" 127.454"", "" 126.073"", ""  62.707""], ["" 129.320"", "" 127.003"", ""  63.937""], ["" 126.569"", "" 129.650"", ""  63.746""], ["" 123.455"", "" 129.338"", ""  66.665""], ["" 124.773"", "" 129.189"", ""  67.093""], ["" 123.153"", "" 129.570"", ""  65.437""], ["" 125.846"", "" 129.289"", ""  66.229""], ["" 124.150"", "" 129.667"", ""  64.509""], ["" 127.029"", "" 129.187"", ""  66.571""], ["" 125.474"", "" 129.541"", ""  64.833""], ["" 123.686"", "" 129.896"", ""  63.248""], ["" 124.479"", "" 130.157"", ""  62.277""], ["" 125.924"", "" 130.114"", ""  62.420""], ["" 124.183"", "" 130.543"", ""  60.909""], ["" 126.455"", "" 130.496"", ""  61.236""], ["" 125.393"", "" 130.767"", ""  60.268""], ["" 122.979"", "" 130.724"", ""  60.223""], ["" 125.417"", "" 131.172"", ""  58.927""], ["" 122.999"", "" 131.126"", ""  58.886""], ["" 124.216"", "" 131.349"", ""  58.239""], ["" 122.470"", "" 129.264"", ""  67.418""], ["" 125.153"", "" 128.919"", ""  68.500""], ["" 127.717"", "" 130.584"", ""  60.987""], ["" 128.720"", "" 123.584"", ""  63.025""], ["" 128.050"", "" 123.105"", ""  63.948""], ["" 128.820"", "" 122.892"", ""  61.635""], ["" 129.046"", "" 121.377"", ""  61.724""], ["" 127.670"", "" 123.235"", ""  60.747""], ["" 127.756"", "" 123.453"", ""  59.399""], ["" 126.407"", "" 123.378"", ""  61.239""], ["" 126.371"", "" 123.761"", ""  58.963""], ["" 128.766"", "" 123.406"", ""  58.697""], ["" 125.563"", "" 123.718"", ""  60.066""], ["" 126.040"", "" 123.251"", ""  62.408""], ["" 125.855"", "" 124.061"", ""  57.701""], ["" 124.193"", "" 123.970"", ""  59.967""], ["" 124.485"", "" 124.316"", ""  57.581""], ["" 123.657"", "" 124.270"", ""  58.710""]]",[],RR24_Rahimova_2017-again1
128,3482,RR25_Rahimova_2017,4h2i_c_2_mae_prepped,1,20,-11.01,-0.2823076923076923,0.0,0.0,3,190.23,-12.5,-12.1,-0.4,-12.5,0.0,-0.44,1.49,-0.44,61,11,0.0,0.0,0.0,10.689288,13.936807,8.623625,0.88503526,0.46493507,-0.02340865,136.709991,"301.571503, 114.073509, 297.412781, 173.527618, 232.823761, ","[["" 124.771"", "" 129.916"", ""  65.748""], ["" 125.094"", "" 130.425"", ""  64.521""], ["" 126.113"", "" 129.812"", ""  63.643""], ["" 126.880"", "" 130.931"", ""  62.907""], ["" 125.965"", "" 131.819"", ""  62.183""], ["" 125.051"", "" 132.466"", ""  63.126""], ["" 124.202"", "" 131.431"", ""  63.901""], ["" 123.751"", "" 130.272"", ""  66.346""], ["" 125.729"", "" 128.973"", ""  66.532""], ["" 130.168"", "" 127.202"", ""  67.526""], ["" 129.676"", "" 126.841"", ""  68.789""], ["" 129.373"", "" 128.018"", ""  66.705""], ["" 128.424"", "" 127.274"", ""  69.218""], ["" 128.118"", "" 128.468"", ""  67.124""], ["" 127.645"", "" 128.074"", ""  68.383""], ["" 127.216"", "" 129.342"", ""  66.271""], ["" 126.416"", "" 128.475"", ""  68.876""], ["" 125.375"", "" 128.788"", ""  68.037""], ["" 124.268"", "" 128.906"", ""  68.564""], ["" 131.499"", "" 126.732"", ""  67.068""], ["" 131.568"", "" 126.089"", ""  66.023""], ["" 132.484"", "" 127.002"", ""  67.749""], ["" 126.698"", "" 132.803"", ""  61.375""], ["" 128.058"", "" 133.208"", ""  62.006""], ["" 129.274"", "" 132.896"", ""  61.200""], ["" 129.149"", "" 133.040"", ""  59.834""], ["" 130.374"", "" 132.493"", ""  61.927""], ["" 130.383"", "" 132.648"", ""  59.043""], ["" 128.117"", "" 133.437"", ""  59.283""], ["" 131.581"", "" 132.117"", ""  61.089""], ["" 130.382"", "" 132.425"", ""  63.161""], ["" 130.356"", "" 132.726"", ""  57.645""], ["" 131.570"", "" 132.194"", ""  59.673""], ["" 132.747"", "" 131.669"", ""  61.724""], ["" 131.468"", "" 132.366"", ""  56.886""], ["" 132.712"", "" 131.826"", ""  58.907""], ["" 133.871"", "" 131.307"", ""  60.984""], ["" 132.639"", "" 131.920"", ""  57.497""], ["" 133.867"", "" 131.378"", ""  59.592""]]",[],RR25_Rahimova_2017
129,3579,RR26_Rahimova_2017,4h2i_c_2_mae_prepped,1,15,-11.56,-0.3042105263157895,0.0,0.0,2,189.54,-12.75,-12.73,-0.02,-12.75,0.0,-1.45,1.19,-1.45,84,5,0.0,0.0,0.0,10.07536,20.01184,7.5464,0.78157585,-0.47908945,0.39951532,216.654587,"99.854385, 98.871727, 238.859253, 278.869263, ","[["" 127.134"", "" 137.489"", ""  60.879""], ["" 126.471"", "" 136.482"", ""  60.626""], ["" 126.579"", "" 135.141"", ""  61.194""], ["" 125.367"", "" 134.001"", ""  60.497""], ["" 127.509"", "" 134.883"", ""  62.141""], ["" 125.427"", "" 136.438"", ""  59.689""], ["" 124.773"", "" 135.278"", ""  59.501""], ["" 123.836"", "" 135.404"", ""  58.600""], ["" 123.950"", "" 136.685"", ""  58.262""], ["" 124.903"", "" 137.364"", ""  58.882""], ["" 127.766"", "" 133.627"", ""  62.826""], ["" 128.659"", "" 132.593"", ""  62.463""], ["" 127.143"", "" 133.125"", ""  63.959""], ["" 128.592"", "" 131.571"", ""  63.294""], ["" 127.678"", "" 131.890"", ""  64.223""], ["" 129.607"", "" 132.552"", ""  61.305""], ["" 130.903"", "" 132.038"", ""  61.466""], ["" 129.211"", "" 133.019"", ""  60.043""], ["" 131.795"", "" 131.999"", ""  60.393""], ["" 130.098"", "" 132.976"", ""  58.969""], ["" 131.397"", "" 132.477"", ""  59.147""], ["" 129.674"", "" 133.500"", ""  57.763""], ["" 132.294"", "" 132.376"", ""  58.102""], ["" 130.466"", "" 133.101"", ""  56.640""], ["" 131.974"", "" 133.201"", ""  56.976""], ["" 127.349"", "" 130.998"", ""  65.276""], ["" 128.213"", "" 130.828"", ""  66.369""], ["" 126.147"", "" 130.277"", ""  65.227""], ["" 127.879"", "" 129.947"", ""  67.394""], ["" 125.815"", "" 129.400"", ""  66.255""], ["" 126.683"", "" 129.237"", ""  67.333""], ["" 123.074"", "" 137.322"", ""  57.222""], ["" 122.665"", "" 138.646"", ""  57.439""], ["" 122.649"", "" 136.663"", ""  56.047""], ["" 121.863"", "" 139.310"", ""  56.513""], ["" 121.843"", "" 137.340"", ""  55.126""], ["" 121.454"", "" 138.658"", ""  55.354""], ["" 123.004"", "" 135.209"", ""  55.763""]]",[],RR26_Rahimova_2017
130,8699,RR27_Rahimova_2017,4h2i_c_2_mae_prepped,1,8,-10.66,-0.2665,0.0,0.0,2,187.43,-12.75,-12.31,-0.44,-12.75,0.0,-3.57,2.09,-3.57,65,12,0.0,0.0,0.0,12.650721,8.309235,7.873621,0.14943744,-0.78762931,-0.59775289,192.062881,"86.911377, 303.054382, 273.705505, 300.196991, 294.66806, 321.544708, 349.88916, ","[["" 131.593"", "" 126.258"", ""  65.589""], ["" 130.345"", "" 126.158"", ""  65.053""], ["" 130.204"", "" 125.595"", ""  63.818""], ["" 131.206"", "" 125.124"", ""  63.022""], ["" 132.418"", "" 125.228"", ""  63.574""], ["" 132.688"", "" 125.778"", ""  64.845""], ["" 134.030"", "" 125.720"", ""  65.078""], ["" 134.616"", "" 125.142"", ""  63.968""], ["" 133.651"", "" 124.843"", ""  63.072""], ["" 131.860"", "" 126.798"", ""  66.820""], ["" 132.075"", "" 127.732"", ""  66.776""], ["" 128.766"", "" 125.480"", ""  63.277""], ["" 128.522"", "" 126.197"", ""  61.911""], ["" 128.221"", "" 124.019"", ""  63.274""], ["" 127.100"", "" 125.956"", ""  61.357""], ["" 126.818"", "" 123.893"", ""  62.627""], ["" 126.909"", "" 124.500"", ""  61.290""], ["" 127.274"", "" 123.742"", ""  60.217""], ["" 127.302"", "" 122.509"", ""  60.275""], ["" 127.494"", "" 124.422"", ""  58.834""], ["" 126.838"", "" 123.654"", ""  57.671""], ["" 127.580"", "" 122.820"", ""  56.822""], ["" 125.461"", "" 123.796"", ""  57.459""], ["" 126.954"", "" 122.139"", ""  55.782""], ["" 124.835"", "" 123.115"", ""  56.419""], ["" 125.584"", "" 122.289"", ""  55.586""], ["" 128.972"", "" 124.798"", ""  58.611""], ["" 129.981"", "" 124.370"", ""  59.484""], ["" 129.307"", "" 125.613"", ""  57.523""], ["" 131.306"", "" 124.737"", ""  59.259""], ["" 130.630"", "" 125.980"", ""  57.297""], ["" 131.624"", "" 125.538"", ""  58.166""], ["" 133.993"", "" 124.241"", ""  61.786""], ["" 133.385"", "" 122.861"", ""  61.575""], ["" 131.996"", "" 122.690"", ""  61.601""], ["" 134.211"", "" 121.751"", ""  61.372""], ["" 131.439"", "" 121.422"", ""  61.426""], ["" 133.654"", "" 120.484"", ""  61.190""], ["" 132.269"", "" 120.320"", ""  61.214""], ["" 129.726"", "" 121.217"", ""  61.484""]]",[],RR27_Rahimova_2017
131,8782,RR27_Rahimova_2017-again1,4h2i_c_2_mae_prepped,1,17,-11.26,-0.2815,0.0,0.0,6,186.11,-13.05,-12.91,-0.14,-13.05,0.0,-2.86,1.79,-2.86,79,6,0.0,0.0,0.0,13.571589,9.613836,5.976481,-0.141439,0.96322547,0.22845505,142.040161,"293.126984, 293.865143, 134.08316, 29.154055, 122.057755, 10.860714, ","[["" 130.849"", "" 126.993"", ""  66.417""], ["" 130.917"", "" 126.501"", ""  65.293""], ["" 129.873"", "" 126.593"", ""  64.396""], ["" 129.808"", "" 126.084"", ""  63.102""], ["" 130.804"", "" 125.437"", ""  62.583""], ["" 131.893"", "" 125.292"", ""  63.387""], ["" 132.024"", "" 125.762"", ""  64.685""], ["" 133.207"", "" 125.436"", ""  65.176""], ["" 133.889"", "" 124.734"", ""  64.187""], ["" 133.084"", "" 124.673"", ""  63.112""], ["" 129.064"", "" 127.089"", ""  64.739""], ["" 128.522"", "" 126.308"", ""  62.301""], ["" 128.733"", "" 126.247"", ""  60.752""], ["" 127.323"", "" 125.478"", ""  62.862""], ["" 127.490"", "" 125.855"", ""  59.920""], ["" 126.198"", "" 125.139"", ""  61.853""], ["" 126.838"", "" 124.725"", ""  60.596""], ["" 127.200"", "" 123.422"", ""  60.413""], ["" 126.796"", "" 122.533"", ""  61.170""], ["" 127.980"", "" 122.999"", ""  59.132""], ["" 129.225"", "" 123.871"", ""  58.885""], ["" 129.322"", "" 124.737"", ""  57.784""], ["" 130.292"", "" 123.798"", ""  59.789""], ["" 130.463"", "" 125.512"", ""  57.596""], ["" 131.433"", "" 124.572"", ""  59.600""], ["" 131.514"", "" 125.424"", ""  58.504""], ["" 127.055"", "" 122.877"", ""  57.906""], ["" 125.721"", "" 123.309"", ""  57.950""], ["" 127.548"", "" 122.299"", ""  56.728""], ["" 124.899"", "" 123.169"", ""  56.835""], ["" 126.727"", "" 122.168"", ""  55.611""], ["" 125.406"", "" 122.601"", ""  55.670""], ["" 133.502"", "" 123.977"", ""  61.902""], ["" 132.807"", "" 122.638"", ""  61.706""], ["" 133.399"", "" 121.641"", ""  60.921""], ["" 131.569"", "" 122.394"", ""  62.310""], ["" 132.764"", "" 120.410"", ""  60.752""], ["" 130.934"", "" 121.163"", ""  62.139""], ["" 131.532"", "" 120.172"", ""  61.362""], ["" 133.504"", "" 119.182"", ""  59.794""]]",[],RR27_Rahimova_2017-again1
132,3452,RR28_Rahimova_2017,4h2i_c_2_mae_prepped,1,2,-9.32,-0.19416666666666668,0.0,0.0,6,186.31,-12.01,-11.66,-0.35,-12.01,0.0,-2.73,2.68,-2.73,80,6,0.0,0.0,0.0,10.280499,16.980494,6.40687,-0.53060306,0.45071324,-0.71785651,82.009766,"173.96756, 206.967422, 209.793777, 56.697826, 51.517986, 289.303192, 147.864304, 17.710562, 82.949158, ","[["" 123.297"", "" 131.280"", ""  62.370""], ["" 123.790"", "" 131.960"", ""  61.069""], ["" 123.463"", "" 131.471"", ""  59.985""], ["" 124.444"", "" 133.150"", ""  61.157""], ["" 124.967"", "" 133.802"", ""  59.945""], ["" 125.098"", "" 133.607"", ""  62.392""], ["" 126.442"", "" 133.348"", ""  59.804""], ["" 126.583"", "" 133.170"", ""  62.308""], ["" 127.328"", "" 133.718"", ""  61.047""], ["" 128.757"", "" 133.104"", ""  61.001""], ["" 129.348"", "" 132.829"", ""  59.759""], ["" 129.483"", "" 132.806"", ""  62.165""], ["" 130.623"", "" 132.276"", ""  59.680""], ["" 130.758"", "" 132.253"", ""  62.088""], ["" 131.337"", "" 131.985"", ""  60.844""], ["" 132.733"", "" 131.374"", ""  60.738""], ["" 133.162"", "" 131.305"", ""  59.476""], ["" 133.610"", "" 132.101"", ""  61.431""], ["" 132.710"", "" 130.138"", ""  61.238""], ["" 127.459"", "" 135.187"", ""  61.172""], ["" 127.515"", "" 135.927"", ""  62.298""], ["" 127.456"", "" 135.459"", ""  63.434""], ["" 127.538"", "" 135.680"", ""  60.295""], ["" 127.661"", "" 137.433"", ""  62.111""], ["" 123.820"", "" 129.840"", ""  62.623""], ["" 123.863"", "" 129.409"", ""  64.108""], ["" 124.933"", "" 128.707"", ""  64.578""], ["" 122.859"", "" 129.610"", ""  64.798""], ["" 126.249"", "" 128.712"", ""  63.929""], ["" 125.033"", "" 128.385"", ""  66.007""], ["" 127.002"", "" 129.948"", ""  64.470""], ["" 125.769"", "" 129.573"", ""  66.684""], ["" 127.141"", "" 130.000"", ""  66.032""], ["" 128.328"", "" 129.063"", ""  66.428""], ["" 128.807"", "" 128.956"", ""  67.744""], ["" 128.961"", "" 128.297"", ""  65.435""], ["" 129.867"", "" 128.108"", ""  68.055""], ["" 130.020"", "" 127.450"", ""  65.742""], ["" 130.479"", "" 127.348"", ""  67.056""], ["" 131.641"", "" 126.410"", ""  67.382""], ["" 132.191"", "" 125.937"", ""  66.263""], ["" 132.568"", "" 127.084"", ""  68.062""], ["" 131.254"", "" 125.369"", ""  68.121""], ["" 127.501"", "" 131.374"", ""  66.441""], ["" 128.217"", "" 132.286"", ""  65.753""], ["" 128.681"", "" 132.093"", ""  64.629""], ["" 127.198"", "" 131.633"", ""  67.368""], ["" 128.447"", "" 133.626"", ""  66.444""]]",[],RR28_Rahimova_2017
133,8513,RR29_Rahimova_2017,4h2i_c_2_mae_prepped,1,11,-8.07,-0.3508695652173913,0.0,0.0,5,189.5,-9.26,-7.22,-2.04,-9.26,0.0,-0.11,1.19,-0.11,45,10,0.0,0.0,0.0,10.891305,12.851801,13.296541,0.50433952,0.72292324,-0.47225379,179.02507,"136.238846, 25.754845, 15.211183, 260.298126, ","[["" 128.277"", "" 126.234"", ""  71.368""], ["" 128.552"", "" 126.512"", ""  69.897""], ["" 129.380"", "" 125.758"", ""  69.274""], ["" 127.747"", "" 127.712"", ""  69.349""], ["" 126.235"", "" 127.409"", ""  69.302""], ["" 125.524"", "" 128.193"", ""  68.209""], ["" 126.049"", "" 128.214"", ""  66.906""], ["" 124.338"", "" 128.895"", ""  68.505""], ["" 125.357"", "" 128.937"", ""  65.940""], ["" 123.667"", "" 129.625"", ""  67.513""], ["" 125.673"", "" 129.131"", ""  64.632""], ["" 124.209"", "" 129.618"", ""  66.233""], ["" 124.566"", "" 129.780"", ""  64.067""], ["" 123.770"", "" 130.260"", ""  65.118""], ["" 129.566"", "" 125.954"", ""  67.923""], ["" 130.409"", "" 126.862"", ""  67.405""], ["" 131.186"", "" 127.676"", ""  68.120""], ["" 130.476"", "" 126.958"", ""  66.085""], ["" 129.005"", "" 125.389"", ""  67.301""], ["" 132.002"", "" 128.099"", ""  67.701""], ["" 130.959"", "" 127.858"", ""  69.087""], ["" 129.715"", "" 126.621"", ""  65.514""], ["" 131.287"", "" 127.375"", ""  65.652""]]",[],RR29_Rahimova_2017
134,3652,RR29_Rahimova_2017-again1,4h2i_c_2_mae_prepped,1,13,-7.89,-0.35863636363636364,0.0,0.0,18,182.42,-9.08,-8.82,-0.26,-9.08,0.0,-0.54,1.19,-0.54,49,11,0.0,0.0,0.0,11.196186,10.908699,6.534051,0.51863789,-0.46998096,-0.7142357,269.993561,"271.59259, 280.931, 175.258118, 333.84845, ","[["" 129.273"", "" 122.826"", ""  63.663""], ["" 128.176"", "" 123.222"", ""  62.686""], ["" 126.962"", "" 122.868"", ""  62.927""], ["" 128.687"", "" 124.052"", ""  61.492""], ["" 129.044"", "" 123.153"", ""  60.290""], ["" 127.992"", "" 123.214"", ""  59.192""], ["" 128.135"", "" 122.426"", ""  58.038""], ["" 126.877"", "" 124.062"", ""  59.335""], ["" 127.144"", "" 122.511"", ""  57.067""], ["" 125.897"", "" 124.137"", ""  58.335""], ["" 127.069"", "" 121.879"", ""  55.867""], ["" 126.064"", "" 123.338"", ""  57.209""], ["" 125.796"", "" 122.176"", ""  55.361""], ["" 125.281"", "" 123.249"", ""  56.103""], ["" 126.055"", "" 123.250"", ""  62.086""], ["" 124.917"", "" 123.598"", ""  62.565""], ["" 124.508"", "" 123.619"", ""  63.928""], ["" 123.871"", "" 124.033"", ""  61.723""], ["" 125.124"", "" 123.334"", ""  64.676""], ["" 123.585"", "" 123.907"", ""  64.213""], ["" 123.975"", "" 124.081"", ""  60.720""], ["" 122.968"", "" 124.308"", ""  62.078""]]",[],RR29_Rahimova_2017-again1
135,8268,RR2_Rahimova_2017,4h2i_c_2_mae_prepped,1,18,-10.44,-0.21306122448979592,0.0,0.0,1,188.78,-14.02,-13.65,-0.37,-14.02,0.0,-4.21,3.58,-4.21,68,12,0.0,0.0,0.0,9.527377,14.656383,8.847594,-0.05091212,-0.98397535,-0.17088146,174.514908,"125.956985, 57.712231, 52.722301, 113.379868, 183.80867, 195.471924, 338.665436, 111.928345, 7.928742, 322.770813, 8.086265, 57.914787, ","[["" 122.626"", "" 131.329"", ""  60.370""], ["" 124.198"", "" 130.539"", ""  60.532""], ["" 126.313"", "" 130.125"", ""  60.832""], ["" 125.690"", "" 128.973"", ""  60.764""], ["" 125.416"", "" 131.172"", ""  60.696""], ["" 124.344"", "" 129.238"", ""  60.553""], ["" 127.788"", "" 130.251"", ""  61.037""], ["" 130.552"", "" 130.481"", ""  61.403""], ["" 130.042"", "" 129.923"", ""  60.225""], ["" 129.673"", "" 130.916"", ""  62.396""], ["" 128.667"", "" 129.817"", ""  60.041""], ["" 128.298"", "" 130.805"", ""  62.215""], ["" 131.928"", "" 130.603"", ""  61.648""], ["" 132.343"", "" 129.971"", ""  62.317""], ["" 132.985"", "" 131.819"", ""  60.898""], ["" 134.225"", "" 131.115"", ""  60.547""], ["" 133.011"", "" 133.000"", ""  61.769""], ["" 132.183"", "" 132.250"", ""  59.355""], ["" 130.913"", "" 132.954"", ""  56.982""], ["" 132.223"", "" 132.470"", ""  56.954""], ["" 130.242"", "" 133.092"", ""  58.199""], ["" 132.858"", "" 132.115"", ""  58.140""], ["" 130.876"", "" 132.739"", ""  59.386""], ["" 130.226"", "" 133.355"", ""  55.688""], ["" 125.671"", "" 132.558"", ""  60.755""], ["" 126.582"", "" 133.060"", ""  61.685""], ["" 125.012"", "" 133.421"", ""  59.876""], ["" 126.833"", "" 134.428"", ""  61.735""], ["" 125.265"", "" 134.788"", ""  59.931""], ["" 126.180"", "" 135.302"", ""  60.865""], ["" 126.493"", "" 136.642"", ""  60.991""], ["" 127.502"", "" 137.036"", ""  61.915""], ["" 122.100"", "" 131.396"", ""  62.122""], ["" 123.216"", "" 131.142"", ""  63.145""], ["" 123.642"", "" 129.866"", ""  63.236""], ["" 123.669"", "" 132.085"", ""  63.801""], ["" 123.442"", "" 129.162"", ""  62.539""], ["" 124.801"", "" 129.610"", ""  63.960""], ["" 124.702"", "" 129.501"", ""  65.306""], ["" 123.654"", "" 129.680"", ""  65.936""], ["" 125.456"", "" 129.051"", ""  63.432""], ["" 125.976"", "" 129.119"", ""  66.034""], ["" 125.901"", "" 128.547"", ""  67.311""], ["" 127.241"", "" 129.325"", ""  65.463""], ["" 127.056"", "" 128.182"", ""  67.996""], ["" 128.396"", "" 128.961"", ""  66.151""], ["" 128.316"", "" 128.385"", ""  67.417""], ["" 129.515"", "" 128.052"", ""  68.020""], ["" 130.302"", "" 127.003"", ""  67.468""]]",[],RR2_Rahimova_2017
136,8877,RR30_Rahimova_2017,4h2i_c_2_mae_prepped,1,18,-7.1,-0.3736842105263158,0.0,0.0,6,184.49,-8.59,-8.53,-0.06,-8.59,0.0,-1.51,1.49,-1.51,52,6,0.0,0.0,0.0,12.934699,9.37887,5.582308,-0.28162252,0.72421223,-0.62944849,223.09021,"68.697357, 239.813858, 197.854691, 51.833393, 113.251709, ","[["" 130.064"", "" 123.527"", ""  60.495""], ["" 129.333"", "" 123.609"", ""  59.152""], ["" 129.566"", "" 124.554"", ""  58.396""], ["" 128.437"", "" 122.627"", ""  58.907""], ["" 128.310"", "" 121.920"", ""  59.617""], ["" 127.655"", "" 122.490"", ""  57.769""], ["" 128.026"", "" 122.104"", ""  56.569""], ["" 125.964"", "" 122.862"", ""  57.891""], ["" 126.968"", "" 122.087"", ""  55.669""], ["" 125.825"", "" 122.456"", ""  56.202""], ["" 124.532"", "" 122.521"", ""  55.423""], ["" 129.518"", "" 122.103"", ""  61.490""], ["" 127.920"", "" 122.669"", ""  61.976""], ["" 127.468"", "" 122.836"", ""  63.193""], ["" 126.995"", "" 122.963"", ""  61.026""], ["" 126.156"", "" 123.282"", ""  63.058""], ["" 125.925"", "" 123.337"", ""  61.770""], ["" 124.658"", "" 123.767"", ""  61.064""], ["" 123.399"", "" 123.184"", ""  61.722""]]",[],RR30_Rahimova_2017
137,3520,RR31_Rahimova_2017,4h2i_c_2_mae_prepped,1,12,-7.85,-0.3738095238095238,0.0,0.0,20,190.0,-9.34,-7.31,-2.03,-9.34,0.0,-0.26,1.49,-0.26,41,9,0.0,0.0,0.0,16.867544,8.659322,8.303176,0.37506209,0.78857794,-0.48731227,253.420074,"243.116943, 279.706482, 279.318909, 15.317495, 96.380157, ","[["" 133.321"", "" 125.695"", ""  64.728""], ["" 133.493"", "" 124.381"", ""  64.101""], ["" 132.778"", "" 122.082"", ""  62.382""], ["" 132.678"", "" 122.050"", ""  63.854""], ["" 133.695"", "" 123.159"", ""  61.957""], ["" 132.447"", "" 123.436"", ""  64.501""], ["" 133.428"", "" 124.516"", ""  62.647""], ["" 132.638"", "" 120.930"", ""  61.605""], ["" 131.372"", "" 118.917"", ""  61.024""], ["" 132.340"", "" 118.573"", ""  60.068""], ["" 131.532"", "" 120.084"", ""  61.780""], ["" 133.449"", "" 119.402"", ""  59.890""], ["" 133.598"", "" 120.560"", ""  60.650""], ["" 130.150"", "" 118.038"", ""  61.264""], ["" 132.207"", "" 117.317"", ""  59.217""], ["" 131.946"", "" 125.866"", ""  65.404""], ["" 130.948"", "" 126.622"", ""  64.513""], ["" 129.755"", "" 127.098"", ""  65.349""], ["" 129.873"", "" 128.069"", ""  65.602""], ["" 129.680"", "" 126.548"", ""  66.193""], ["" 128.898"", "" 127.002"", ""  64.822""]]",[],RR31_Rahimova_2017
138,3696,RR32_Rahimova_2017,4h2i_c_2_mae_prepped,1,4,-6.59,-0.3661111111111111,0.0,0.0,13,184.68,-6.89,-6.84,-0.05,-6.89,0.0,-0.31,0.3,-0.31,59,0,0.0,0.0,0.0,10.752844,8.407931,4.977757,0.83515932,0.32143687,0.44630399,237.131821,"256.224274, ","[["" 123.635"", "" 124.140"", ""  59.073""], ["" 125.068"", "" 123.631"", ""  58.951""], ["" 125.875"", "" 123.655"", ""  60.088""], ["" 127.187"", "" 123.195"", ""  60.016""], ["" 127.733"", "" 122.717"", ""  58.867""], ["" 126.971"", "" 122.685"", ""  57.740""], ["" 127.567"", "" 122.184"", ""  56.557""], ["" 126.836"", "" 122.127"", ""  55.375""], ["" 125.516"", "" 122.559"", ""  55.341""], ["" 124.901"", "" 123.057"", ""  56.486""], ["" 125.611"", "" 123.135"", ""  57.720""], ["" 127.985"", "" 123.220"", ""  61.146""], ["" 127.323"", "" 123.497"", ""  62.434""], ["" 128.928"", "" 122.099"", ""  61.327""], ["" 128.317"", "" 123.683"", ""  63.604""], ["" 129.898"", "" 122.302"", ""  62.514""], ["" 129.150"", "" 122.490"", ""  63.755""], ["" 130.066"", "" 122.652"", ""  64.878""]]",[],RR32_Rahimova_2017
139,8236,RR32_Rahimova_2017-again1,4h2i_c_2_mae_prepped,2,18,-7.07,-0.3721052631578948,0.0,0.0,19,187.22,-7.36,-5.89,-1.47,-7.36,0.0,-0.3,0.3,-0.3,29,2,0.0,0.0,0.0,13.321502,6.487643,7.184908,-0.1162872,0.34274946,-0.93220175,238.067337,"248.555817, ","[["" 133.872"", "" 121.598"", ""  61.088""], ["" 132.483"", "" 121.085"", ""  61.441""], ["" 131.608"", "" 121.879"", ""  62.183""], ["" 130.330"", "" 121.407"", ""  62.502""], ["" 129.919"", "" 120.165"", ""  62.126""], ["" 130.749"", "" 119.369"", ""  61.399""], ["" 130.283"", "" 118.090"", ""  61.012""], ["" 131.098"", "" 117.244"", ""  60.265""], ["" 132.377"", "" 117.644"", ""  59.891""], ["" 132.865"", "" 118.895"", ""  60.259""], ["" 132.061"", "" 119.788"", ""  61.021""], ["" 129.440"", "" 122.182"", ""  63.254""], ["" 129.719"", "" 122.472"", ""  64.674""], ["" 128.740"", "" 123.359"", ""  62.697""], ["" 130.616"", "" 123.719"", ""  64.861""], ["" 129.572"", "" 124.660"", ""  62.787""], ["" 129.886"", "" 124.941"", ""  64.271""], ["" 130.744"", "" 126.213"", ""  64.415""], ["" 129.014"", "" 125.063"", ""  64.765""]]",[],RR32_Rahimova_2017-again1
140,3494,RR32_Rahimova_2017-again2,4h2i_c_2_mae_prepped,1,19,-7.19,-0.35950000000000004,0.0,0.0,18,187.87,-7.49,-5.52,-1.96,-7.49,0.0,0.1,0.3,0.1,33,3,0.0,0.0,0.0,13.857878,6.259844,8.008839,-0.09443398,0.24608698,-0.96463642,216.770706,"81.057671, ","[["" 134.053"", "" 121.623"", ""  61.456""], ["" 132.615"", "" 121.130"", ""  61.550""], ["" 131.638"", "" 121.927"", ""  62.153""], ["" 130.311"", "" 121.489"", ""  62.254""], ["" 130.006"", "" 120.279"", ""  61.742""], ["" 130.898"", "" 119.428"", ""  61.131""], ["" 130.472"", "" 118.178"", ""  60.629""], ["" 131.401"", "" 117.344"", ""  60.013""], ["" 132.733"", "" 117.733"", ""  59.891""], ["" 133.167"", "" 118.964"", ""  60.383""], ["" 132.255"", "" 119.852"", ""  61.020""], ["" 129.045"", "" 119.977"", ""  61.808""], ["" 129.263"", "" 122.277"", ""  62.853""], ["" 129.222"", "" 122.499"", ""  64.323""], ["" 128.685"", "" 123.474"", ""  62.190""], ["" 130.113"", "" 123.706"", ""  64.721""], ["" 129.548"", "" 124.732"", ""  62.469""], ["" 129.612"", "" 124.978"", ""  63.995""], ["" 130.509"", "" 126.189"", ""  64.322""], ["" 128.672"", "" 125.166"", ""  64.316""]]",[],RR32_Rahimova_2017-again2
141,8035,RR33_Rahimova_2017,4h2i_c_2_mae_prepped,1,4,-5.3,-0.2789473684210526,0.0,0.0,6,188.49,-6.79,-6.71,-0.08,-6.79,0.0,-1.05,1.49,-1.05,42,7,0.0,0.0,0.0,16.483957,8.99466,8.894915,0.62481301,0.3643035,0.69057343,152.612595,"327.417755, 235.952423, 279.886047, 263.233948, 47.283607, ","[["" 133.428"", "" 120.988"", ""  61.113""], ["" 133.477"", "" 120.771"", ""  62.490""], ["" 133.250"", "" 121.817"", ""  63.380""], ["" 132.969"", "" 123.101"", ""  62.904""], ["" 132.922"", "" 123.324"", ""  61.524""], ["" 133.149"", "" 122.277"", ""  60.633""], ["" 133.663"", "" 119.890"", ""  60.308""], ["" 132.870"", "" 118.718"", ""  60.475""], ["" 132.731"", "" 118.021"", ""  59.119""], ["" 132.724"", "" 124.223"", ""  63.861""], ["" 133.445"", "" 124.556"", ""  64.908""], ["" 131.642"", "" 125.022"", ""  63.668""], ["" 132.834"", "" 125.607"", ""  65.434""], ["" 131.708"", "" 125.917"", ""  64.681""], ["" 130.628"", "" 126.969"", ""  64.748""], ["" 133.384"", "" 126.290"", ""  66.668""], ["" 134.349"", "" 125.434"", ""  67.341""], ["" 135.706"", "" 125.870"", ""  67.057""], ["" 134.235"", "" 124.484"", ""  67.016""]]",[],RR33_Rahimova_2017
142,7990,RR33_Rahimova_2017-again1,4h2i_c_2_mae_prepped,1,16,-6.49,-0.3245,0.0,0.0,12,188.71,-7.98,-5.96,-2.02,-7.98,0.0,-1.05,1.49,-1.05,31,5,0.0,0.0,0.0,16.288622,9.774985,8.731303,0.61746578,0.38262745,0.68726432,152.749329,"331.844788, 226.087692, 90.001091, 53.6119, 62.569172, ","[["" 133.305"", "" 121.367"", ""  61.222""], ["" 133.319"", "" 121.063"", ""  62.583""], ["" 133.073"", "" 122.050"", ""  63.533""], ["" 132.807"", "" 123.363"", ""  63.132""], ["" 132.791"", "" 123.672"", ""  61.768""], ["" 133.039"", "" 122.684"", ""  60.819""], ["" 133.562"", "" 120.322"", ""  60.354""], ["" 132.918"", "" 119.068"", ""  60.559""], ["" 132.797"", "" 118.349"", ""  59.212""], ["" 132.543"", "" 124.426"", ""  64.149""], ["" 131.458"", "" 125.158"", ""  64.283""], ["" 133.505"", "" 124.710"", ""  65.064""], ["" 131.693"", "" 125.952"", ""  65.317""], ["" 132.964"", "" 125.695"", ""  65.818""], ["" 133.805"", "" 126.243"", ""  66.944""], ["" 130.663"", "" 126.964"", ""  65.778""], ["" 129.527"", "" 127.034"", ""  64.744""], ["" 129.749"", "" 128.099"", ""  63.660""], ["" 129.432"", "" 126.131"", ""  64.303""], ["" 128.663"", "" 127.236"", ""  65.228""]]",[],RR33_Rahimova_2017-again1
143,3667,RR3_Rahimova_2017,4h2i_c_2_mae_prepped,1,3,-10.6,-0.265,0.0,0.0,14,184.18,-12.09,-12.01,-0.08,-12.09,0.0,-1.68,1.49,-1.68,52,3,0.0,0.0,0.0,11.493749,13.985606,6.922754,0.55596827,-0.53851997,0.63316311,171.128082,"15.085426, 216.003082, 275.381653, 147.491333, 271.174164, ","[["" 128.262"", "" 129.124"", ""  62.374""], ["" 127.600"", "" 127.885"", ""  62.331""], ["" 127.252"", "" 127.664"", ""  63.638""], ["" 127.728"", "" 128.710"", ""  64.380""], ["" 128.338"", "" 129.585"", ""  63.618""], ["" 126.758"", "" 126.858"", ""  63.994""], ["" 128.830"", "" 129.924"", ""  61.243""], ["" 129.908"", "" 131.428"", ""  59.119""], ["" 128.522"", "" 131.349"", ""  59.312""], ["" 130.743"", "" 130.732"", ""  60.003""], ["" 127.988"", "" 130.603"", ""  60.359""], ["" 130.211"", "" 129.985"", ""  61.051""], ["" 130.484"", "" 132.233"", ""  57.995""], ["" 131.836"", "" 132.607"", ""  57.998""], ["" 129.683"", "" 132.632"", ""  56.915""], ["" 132.372"", "" 133.354"", ""  56.954""], ["" 130.216"", "" 133.380"", ""  55.869""], ["" 131.560"", "" 133.738"", ""  55.893""], ["" 127.297"", "" 126.916"", ""  61.236""], ["" 126.564"", "" 125.760"", ""  61.507""], ["" 127.735"", "" 127.160"", ""  59.932""], ["" 126.292"", "" 124.848"", ""  60.492""], ["" 127.460"", "" 126.245"", ""  58.920""], ["" 126.740"", "" 125.071"", ""  59.182""], ["" 126.462"", "" 124.079"", ""  58.098""], ["" 125.146"", "" 123.797"", ""  57.701""], ["" 127.512"", "" 123.412"", ""  57.449""], ["" 124.887"", "" 122.877"", ""  56.688""], ["" 127.257"", "" 122.492"", ""  56.436""], ["" 125.945"", "" 122.227"", ""  56.059""], ["" 127.573"", "" 128.817"", ""  65.828""], ["" 126.489"", "" 129.369"", ""  66.488""], ["" 128.484"", "" 128.383"", ""  66.862""], ["" 126.674"", "" 129.296"", ""  67.844""], ["" 127.883"", "" 128.699"", ""  68.121""], ["" 129.744"", "" 127.757"", ""  66.865""], ["" 128.501"", "" 128.410"", ""  69.343""], ["" 130.359"", "" 127.470"", ""  68.082""], ["" 129.749"", "" 127.790"", ""  69.290""], ["" 125.993"", "" 129.643"", ""  68.504""]]",[],RR3_Rahimova_2017
144,3363,RR4_Rahimova_2017,4h2i_c_2_mae_prepped,1,5,-10.21,-0.24902439024390247,0.0,0.0,1,186.32,-12.59,-12.1,-0.5,-12.59,0.0,-1.39,2.39,-1.39,66,7,0.0,0.0,0.0,12.138014,11.110368,12.843128,0.79162042,-0.22228537,-0.56914526,112.660347,"142.88887, 320.879913, 312.700043, 292.719391, 0.614719, 264.591797, 329.004059, 93.487816, ","[["" 128.601"", "" 129.030"", ""  67.279""], ["" 128.651"", "" 129.156"", ""  68.673""], ["" 129.482"", "" 128.328"", ""  69.435""], ["" 130.237"", "" 127.370"", ""  68.838""], ["" 130.183"", "" 127.205"", ""  67.496""], ["" 129.389"", "" 128.026"", ""  66.663""], ["" 129.375"", "" 127.852"", ""  65.208""], ["" 129.363"", "" 127.714"", ""  64.059""], ["" 127.712"", "" 129.968"", ""  66.530""], ["" 126.011"", "" 131.727"", ""  65.146""], ["" 125.599"", "" 130.427"", ""  65.436""], ["" 127.286"", "" 132.147"", ""  65.556""], ["" 126.439"", "" 129.555"", ""  66.124""], ["" 128.123"", "" 131.274"", ""  66.245""], ["" 125.112"", "" 132.521"", ""  64.460""], ["" 124.297"", "" 131.934"", ""  63.451""], ["" 129.577"", "" 128.424"", ""  70.930""], ["" 130.505"", "" 129.281"", ""  71.541""], ["" 128.746"", "" 127.657"", ""  71.763""], ["" 130.594"", "" 129.373"", ""  72.926""], ["" 128.833"", "" 127.747"", ""  73.149""], ["" 129.763"", "" 128.611"", ""  73.744""], ["" 129.923"", "" 128.766"", ""  75.108""], ["" 128.772"", "" 128.946"", ""  75.926""], ["" 131.223"", "" 125.890"", ""  66.898""], ["" 132.008"", "" 126.459"", ""  65.353""], ["" 132.652"", "" 125.345"", ""  64.518""], ["" 131.783"", "" 124.434"", ""  64.022""], ["" 133.871"", "" 125.330"", ""  64.327""], ["" 130.809"", "" 124.564"", ""  64.255""], ["" 132.055"", "" 123.312"", ""  63.235""], ["" 131.111"", "" 122.380"", ""  62.776""], ["" 133.661"", "" 122.895"", ""  62.700""], ["" 129.685"", "" 122.458"", ""  63.077""], ["" 131.686"", "" 121.359"", ""  61.982""], ["" 133.078"", "" 121.494"", ""  61.856""], ["" 128.554"", "" 122.519"", ""  63.315""], ["" 130.936"", "" 120.177"", ""  61.357""], ["" 134.002"", "" 120.518"", ""  61.140""], ["" 131.918"", "" 119.047"", ""  60.975""], ["" 133.162"", "" 119.582"", ""  60.244""]]",[],RR4_Rahimova_2017
145,8569,RR5_Rahimova_2017,4h2i_c_2_mae_prepped,1,10,-12.01,-0.2502083333333333,0.0,0.0,7,184.73,-15.59,-15.35,-0.24,-15.59,0.0,-3.76,3.58,-3.76,78,9,0.0,0.0,0.0,11.926591,13.084039,3.449467,0.89822488,0.39365357,0.1955222,281.236816,"233.975632, 66.979469, 114.804352, 321.674744, 241.719803, 308.523193, 338.465302, 329.482849, 129.229889, 224.964096, 40.910961, 7.994257, ","[["" 131.719"", "" 126.330"", ""  58.807""], ["" 130.745"", "" 125.175"", ""  59.235""], ["" 129.292"", "" 125.632"", ""  59.460""], ["" 129.067"", "" 126.646"", ""  60.120""], ["" 128.341"", "" 124.837"", ""  58.921""], ["" 128.704"", "" 124.104"", ""  58.329""], ["" 126.848"", "" 124.892"", ""  58.895""], ["" 126.504"", "" 123.897"", ""  57.736""], ["" 127.499"", "" 123.120"", ""  57.118""], ["" 125.178"", "" 123.753"", ""  57.284""], ["" 127.181"", "" 122.237"", ""  56.089""], ["" 124.861"", "" 122.878"", ""  56.249""], ["" 125.865"", "" 122.123"", ""  55.654""], ["" 126.338"", "" 124.394"", ""  60.288""], ["" 124.998"", "" 124.030"", ""  60.496""], ["" 127.227"", "" 124.311"", ""  61.374""], ["" 124.561"", "" 123.608"", ""  61.749""], ["" 126.791"", "" 123.898"", ""  62.629""], ["" 125.458"", "" 123.546"", ""  62.811""], ["" 126.474"", "" 126.374"", ""  58.554""], ["" 125.679"", "" 127.139"", ""  59.427""], ["" 126.929"", "" 126.992"", ""  57.375""], ["" 125.337"", "" 128.455"", ""  59.127""], ["" 126.589"", "" 128.307"", ""  57.071""], ["" 125.790"", "" 129.033"", ""  57.947""], ["" 131.063"", "" 127.615"", ""  58.496""], ["" 130.304"", "" 127.785"", ""  57.346""], ["" 130.046"", "" 126.925"", ""  56.500""], ["" 131.315"", "" 128.426"", ""  59.043""], ["" 129.897"", "" 129.065"", ""  57.292""], ["" 129.253"", "" 129.687"", ""  58.400""], ["" 129.794"", "" 131.118"", ""  58.618""], ["" 131.183"", "" 131.157"", ""  59.229""], ["" 130.000"", "" 131.899"", ""  57.334""], ["" 131.639"", "" 130.621"", ""  60.437""], ["" 132.071"", "" 131.830"", ""  58.389""], ["" 131.332"", "" 132.296"", ""  57.206""], ["" 129.077"", "" 132.242"", ""  56.344""], ["" 132.981"", "" 130.757"", ""  60.795""], ["" 133.414"", "" 131.967"", ""  58.746""], ["" 131.749"", "" 133.022"", ""  56.088""], ["" 129.488"", "" 132.971"", ""  55.228""], ["" 133.867"", "" 131.429"", ""  59.952""], ["" 130.823"", "" 133.360"", ""  55.100""], ["" 132.600"", "" 125.891"", ""  57.611""], ["" 132.645"", "" 126.461"", ""  56.539""], ["" 133.325"", "" 124.786"", ""  57.955""], ["" 134.226"", "" 124.826"", ""  57.629""]]",[],RR5_Rahimova_2017
146,3426,RR5_Rahimova_2017-again1,4h2i_c_2_mae_prepped,1,11,-12.25,-0.26063829787234044,0.0,0.0,1,184.34,-15.53,-15.26,-0.27,-15.53,0.0,-2.9,3.28,-2.9,91,5,0.0,0.0,0.0,11.980818,9.94321,3.411635,-0.00066095,0.05427708,0.99852569,113.78344,"267.413818, 189.081009, 94.601395, 7.168326, 221.74881, 60.264721, 352.712494, 307.812592, 275.375183, 279.465942, 207.828995, ","[["" 127.510"", "" 123.822"", ""  57.772""], ["" 127.333"", "" 123.191"", ""  59.192""], ["" 128.542"", "" 123.282"", ""  60.146""], ["" 128.967"", "" 124.393"", ""  60.461""], ["" 129.161"", "" 122.134"", ""  60.496""], ["" 128.689"", "" 121.280"", ""  60.236""], ["" 130.341"", "" 121.925"", ""  61.374""], ["" 130.863"", "" 120.460"", ""  61.233""], ["" 132.109"", "" 120.191"", ""  60.640""], ["" 130.109"", "" 119.374"", ""  61.713""], ["" 132.582"", "" 118.888"", ""  60.523""], ["" 130.581"", "" 118.069"", ""  61.599""], ["" 131.816"", "" 117.831"", ""  61.004""], ["" 131.591"", "" 122.796"", ""  61.028""], ["" 131.636"", "" 123.557"", ""  59.847""], ["" 132.696"", "" 122.852"", ""  61.894""], ["" 132.748"", "" 124.333"", ""  59.534""], ["" 133.811"", "" 123.626"", ""  61.585""], ["" 133.834"", "" 124.363"", ""  60.404""], ["" 129.792"", "" 122.178"", ""  62.821""], ["" 128.469"", "" 122.596"", ""  63.047""], ["" 130.609"", "" 121.936"", ""  63.940""], ["" 127.992"", "" 122.798"", ""  64.339""], ["" 130.134"", "" 122.137"", ""  65.233""], ["" 128.828"", "" 122.573"", ""  65.427""], ["" 126.819"", "" 125.128"", ""  57.734""], ["" 127.387"", "" 126.271"", ""  58.286""], ["" 128.471"", "" 126.343"", ""  58.871""], ["" 125.944"", "" 125.198"", ""  57.235""], ["" 126.554"", "" 127.309"", ""  58.080""], ["" 125.660"", "" 127.742"", ""  59.100""], ["" 125.687"", "" 129.279"", ""  59.211""], ["" 125.120"", "" 129.985"", ""  57.992""], ["" 124.791"", "" 129.803"", ""  60.315""], ["" 125.534"", "" 129.932"", ""  56.658""], ["" 124.027"", "" 130.777"", ""  58.347""], ["" 123.823"", "" 130.665"", ""  59.799""], ["" 124.825"", "" 129.539"", ""  61.688""], ["" 124.847"", "" 130.662"", ""  55.686""], ["" 123.339"", "" 131.509"", ""  57.377""], ["" 122.882"", "" 131.258"", ""  60.643""], ["" 123.886"", "" 130.132"", ""  62.534""], ["" 123.751"", "" 131.449"", ""  56.045""], ["" 122.916"", "" 130.990"", ""  62.012""], ["" 127.006"", "" 122.856"", ""  56.626""], ["" 126.013"", "" 123.281"", ""  55.991""], ["" 127.661"", "" 121.801"", ""  56.446""]]",[],RR5_Rahimova_2017-again1
147,3542,RR6_Rahimova_2017,4h2i_c_2_mae_prepped,1,10,-9.47,-0.24282051282051284,0.0,0.0,1,190.27,-12.16,-11.82,-0.34,-12.16,0.0,-1.5,2.68,-1.5,49,4,0.0,0.0,0.0,12.2284,14.10576,6.486002,0.07473016,0.73742422,-0.67128304,252.75174,"86.417862, 54.490211, 316.830475, 176.251343, 68.944237, 58.132221, 180.606445, 216.881241, 157.245728, ","[["" 128.958"", "" 131.107"", ""  64.171""], ["" 127.931"", "" 129.644"", ""  64.534""], ["" 128.988"", "" 128.464"", ""  65.348""], ["" 129.693"", "" 127.654"", ""  67.433""], ["" 130.506"", "" 126.704"", ""  66.807""], ["" 128.952"", "" 128.524"", ""  66.701""], ["" 130.564"", "" 126.626"", ""  65.408""], ["" 129.787"", "" 127.536"", ""  64.650""], ["" 129.823"", "" 127.528"", ""  63.184""], ["" 129.851"", "" 127.520"", ""  62.028""], ["" 129.549"", "" 127.746"", ""  68.924""], ["" 129.297"", "" 127.904"", ""  71.721""], ["" 129.947"", "" 128.918"", ""  71.019""], ["" 128.772"", "" 126.811"", ""  71.034""], ["" 130.069"", "" 128.840"", ""  69.634""], ["" 128.896"", "" 126.738"", ""  69.651""], ["" 129.174"", "" 127.989"", ""  73.231""], ["" 131.438"", "" 125.576"", ""  64.806""], ["" 132.695"", "" 125.915"", ""  64.296""], ["" 131.031"", "" 124.239"", ""  64.766""], ["" 133.524"", "" 124.939"", ""  63.747""], ["" 131.856"", "" 123.261"", ""  64.217""], ["" 133.115"", "" 123.607"", ""  63.702""], ["" 134.002"", "" 122.709"", ""  63.142""], ["" 133.564"", "" 121.875"", ""  62.074""], ["" 129.060"", "" 131.432"", ""  62.677""], ["" 130.314"", "" 131.597"", ""  62.200""], ["" 128.025"", "" 131.570"", ""  62.025""], ["" 131.059"", "" 131.533"", ""  62.878""], ["" 130.736"", "" 131.961"", ""  60.908""], ["" 132.005"", "" 131.692"", ""  60.376""], ["" 129.793"", "" 132.630"", ""  60.127""], ["" 132.311"", "" 132.072"", ""  59.070""], ["" 130.099"", "" 133.007"", ""  58.822""], ["" 131.359"", "" 132.730"", ""  58.276""], ["" 131.652"", "" 133.146"", ""  56.864""], ["" 132.731"", "" 132.929"", ""  56.303""], ["" 130.614"", "" 133.784"", ""  56.266""], ["" 130.038"", "" 133.281"", ""  55.069""]]",[],RR6_Rahimova_2017
148,3559,RR7_Rahimova_2017,4h2i_c_2_mae_prepped,1,6,-10.59,-0.21612244897959185,0.0,0.0,3,187.24,-13.87,-13.55,-0.33,-13.87,0.0,-3.61,3.28,-3.61,51,6,0.0,0.0,0.0,8.94634,13.621453,6.127517,0.73322394,0.28970535,-0.61518572,261.229065,"107.137146, 176.16687, 259.451752, 297.183533, 293.964539, 1.080556, 146.191864, 165.607346, 132.823898, 75.330009, 60.398777, ","[["" 127.415"", "" 128.986"", ""  59.189""], ["" 126.705"", "" 128.262"", ""  58.033""], ["" 125.259"", "" 127.835"", ""  58.325""], ["" 125.405"", "" 126.415"", ""  58.844""], ["" 126.561"", "" 125.927"", ""  57.979""], ["" 127.400"", "" 127.035"", ""  57.826""], ["" 124.434"", "" 127.898"", ""  57.174""], ["" 124.843"", "" 127.382"", ""  56.475""], ["" 127.306"", "" 124.809"", ""  58.527""], ["" 127.258"", "" 124.321"", ""  59.823""], ["" 128.123"", "" 123.918"", ""  57.854""], ["" 126.576"", "" 124.779"", ""  60.882""], ["" 128.114"", "" 123.190"", ""  59.833""], ["" 128.642"", "" 122.966"", ""  58.590""], ["" 126.791"", "" 124.050"", ""  62.010""], ["" 128.265"", "" 122.512"", ""  61.058""], ["" 127.587"", "" 122.960"", ""  62.157""], ["" 129.111"", "" 121.388"", ""  61.107""], ["" 130.463"", "" 121.340"", ""  61.174""], ["" 131.193"", "" 122.334"", ""  61.185""], ["" 128.629"", "" 120.501"", ""  61.085""], ["" 131.069"", "" 119.953"", ""  61.205""], ["" 130.320"", "" 118.880"", ""  61.711""], ["" 132.367"", "" 119.709"", ""  60.725""], ["" 130.855"", "" 117.596"", ""  61.744""], ["" 132.901"", "" 118.423"", ""  60.757""], ["" 132.143"", "" 117.373"", ""  61.267""], ["" 128.041"", "" 130.170"", ""  58.683""], ["" 129.481"", "" 130.241"", ""  58.585""], ["" 129.986"", "" 130.969"", ""  59.860""], ["" 131.331"", "" 130.863"", ""  60.250""], ["" 129.113"", "" 131.731"", ""  60.654""], ["" 131.791"", "" 131.499"", ""  61.398""], ["" 129.573"", "" 132.369"", ""  61.803""], ["" 130.910"", "" 132.250"", ""  62.170""], ["" 129.989"", "" 128.768"", ""  58.502""], ["" 130.395"", "" 128.060"", ""  59.643""], ["" 130.102"", "" 128.140"", ""  57.253""], ["" 130.872"", "" 126.757"", ""  59.538""], ["" 130.580"", "" 126.837"", ""  57.148""], ["" 130.969"", "" 126.133"", ""  58.296""], ["" 131.459"", "" 124.841"", ""  58.291""], ["" 132.432"", "" 124.465"", ""  59.260""], ["" 129.875"", "" 131.162"", ""  57.395""], ["" 129.068"", "" 131.225"", ""  56.249""], ["" 131.057"", "" 131.920"", ""  57.426""], ["" 129.417"", "" 132.038"", ""  55.175""], ["" 131.408"", "" 132.734"", ""  56.353""], ["" 130.586"", "" 132.791"", ""  55.232""]]",[],RR7_Rahimova_2017
149,5565,RR8_A_Rahimova_2017,4h2i_c_2_mae_prepped,1,5,-11.36,-0.2704761904761905,0.0,0.0,2,185.21,-15.54,-15.36,-0.17,-15.54,0.0,-4.26,4.18,-4.26,91,6,0.0,0.0,0.0,11.05198,8.183471,7.972489,0.43579573,-0.74403329,0.50645488,85.953545,"19.418097, 311.899139, 291.096924, 92.280403, 43.131622, 284.676208, 178.433823, 67.704948, 19.240187, 163.373734, 247.776886, 324.244629, 108.107071, 162.510345, ","[["" 127.398"", "" 123.479"", ""  62.853""], ["" 128.578"", "" 123.207"", ""  61.931""], ["" 129.652"", "" 122.948"", ""  62.972""], ["" 128.907"", "" 122.162"", ""  64.059""], ["" 127.551"", "" 122.570"", ""  63.905""], ["" 126.211"", "" 123.255"", ""  62.145""], ["" 125.813"", "" 124.216"", ""  61.255""], ["" 125.398"", "" 125.335"", ""  61.575""], ["" 125.923"", "" 123.763"", ""  59.827""], ["" 127.106"", "" 123.210"", ""  59.313""], ["" 124.818"", "" 123.899"", ""  58.977""], ["" 127.176"", "" 122.800"", ""  57.985""], ["" 124.891"", "" 123.489"", ""  57.649""], ["" 126.070"", "" 122.934"", ""  57.136""], ["" 126.146"", "" 122.496"", ""  55.721""], ["" 125.281"", "" 122.879"", ""  54.939""], ["" 127.072"", "" 121.766"", ""  55.381""], ["" 128.932"", "" 124.317"", ""  61.110""], ["" 130.101"", "" 125.027"", ""  61.503""], ["" 131.159"", "" 124.927"", ""  60.415""], ["" 131.171"", "" 125.844"", ""  59.359""], ["" 132.133"", "" 123.926"", ""  60.483""], ["" 132.148"", "" 125.754"", ""  58.370""], ["" 133.110"", "" 123.837"", ""  59.493""], ["" 133.112"", "" 124.751"", ""  58.441""], ["" 130.683"", "" 122.193"", ""  62.340""], ["" 130.280"", "" 121.420"", ""  61.215""], ["" 131.127"", "" 120.159"", ""  61.121""], ["" 132.457"", "" 120.245"", ""  60.698""], ["" 130.575"", "" 118.912"", ""  61.435""], ["" 133.234"", "" 119.095"", ""  60.601""], ["" 131.353"", "" 117.761"", ""  61.340""], ["" 132.679"", "" 117.858"", ""  60.925""], ["" 129.346"", "" 122.453"", ""  65.505""], ["" 130.635"", "" 123.051"", ""  65.481""], ["" 131.676"", "" 122.166"", ""  65.089""], ["" 132.677"", "" 122.902"", ""  64.211""], ["" 132.803"", "" 124.290"", ""  64.313""], ["" 133.483"", "" 122.191"", ""  63.315""], ["" 133.724"", "" 124.966"", ""  63.515""], ["" 134.402"", "" 122.868"", ""  62.516""], ["" 134.518"", "" 124.252"", ""  62.620""]]",[],RR8_A_Rahimova_2017
150,3289,RR8_B_Rahimova_2017,4h2i_c_2_mae_prepped,1,17,-11.07,-0.26357142857142857,0.0,0.0,2,185.67,-15.25,-15.08,-0.17,-15.25,0.0,-4.03,4.18,-4.03,94,4,0.0,0.0,0.0,14.464457,10.42905,6.523494,-0.76579782,-0.39973805,0.50374913,319.25885,"6.788252, 224.869537, 270.309235, 340.648102, 76.979782, 57.217445, 320.03183, 13.583113, 178.883774, 154.965622, 300.315613, 66.480225, 293.483398, 302.026611, ","[["" 129.129"", "" 124.041"", ""  63.397""], ["" 128.653"", "" 123.162"", ""  62.241""], ["" 129.903"", "" 122.309"", ""  62.050""], ["" 130.410"", "" 122.089"", ""  63.480""], ["" 129.859"", "" 123.176"", ""  64.221""], ["" 129.928"", "" 125.084"", ""  62.894""], ["" 130.066"", "" 126.214"", ""  63.653""], ["" 129.341"", "" 127.209"", ""  63.560""], ["" 131.185"", "" 126.103"", ""  64.648""], ["" 130.996"", "" 126.389"", ""  66.008""], ["" 132.456"", "" 125.708"", ""  64.212""], ["" 132.053"", "" 126.286"", ""  66.906""], ["" 133.514"", "" 125.613"", ""  65.110""], ["" 133.327"", "" 125.904"", ""  66.467""], ["" 134.459"", "" 125.821"", ""  67.422""], ["" 135.565"", "" 125.499"", ""  66.997""], ["" 134.251"", "" 126.081"", ""  68.605""], ["" 128.360"", "" 123.887"", ""  61.050""], ["" 126.991"", "" 123.926"", ""  60.677""], ["" 126.877"", "" 123.462"", ""  59.235""], ["" 125.668"", "" 123.590"", ""  58.546""], ["" 127.987"", "" 122.889"", ""  58.606""], ["" 125.571"", "" 123.143"", ""  57.230""], ["" 127.888"", "" 122.443"", ""  57.292""], ["" 126.679"", "" 122.571"", ""  56.610""], ["" 129.639"", "" 121.048"", ""  61.428""], ["" 130.272"", "" 119.898"", ""  61.996""], ["" 131.162"", "" 119.173"", ""  60.991""], ["" 130.749"", "" 117.956"", ""  60.440""], ["" 132.377"", "" 119.742"", ""  60.602""], ["" 131.548"", "" 117.313"", ""  59.499""], ["" 133.178"", "" 119.096"", ""  59.662""], ["" 132.759"", "" 117.886"", ""  59.114""], ["" 131.941"", "" 122.079"", ""  63.645""], ["" 132.550"", "" 122.188"", ""  62.364""], ["" 133.304"", "" 123.373"", ""  62.160""], ["" 132.912"", "" 123.993"", ""  60.827""], ["" 133.808"", "" 123.957"", ""  59.755""], ["" 131.669"", "" 124.614"", ""  60.679""], ["" 133.466"", "" 124.544"", ""  58.539""], ["" 131.325"", "" 125.198"", ""  59.462""], ["" 132.225"", "" 125.164"", ""  58.400""]]",[],RR8_B_Rahimova_2017
151,3253,RR9_Rahimova_2017,4h2i_c_2_mae_prepped,1,3,-10.0,-0.2631578947368421,0.0,0.0,12,187.61,-12.39,-11.82,-0.57,-12.39,0.0,-1.68,2.39,-1.68,63,8,0.0,0.0,0.0,10.454694,13.462814,12.615692,0.73600178,-0.40309565,-0.54388903,277.969818,"324.712891, 154.256775, 233.373856, 298.337891, 70.895248, 84.457314, 349.306763, 13.434012, ","[["" 124.393"", "" 129.794"", ""  66.345""], ["" 123.248"", "" 129.772"", ""  66.989""], ["" 123.446"", "" 129.149"", ""  68.162""], ["" 124.748"", "" 128.726"", ""  68.290""], ["" 125.411"", "" 129.098"", ""  67.096""], ["" 126.772"", "" 128.729"", ""  66.959""], ["" 127.348"", "" 128.058"", ""  68.053""], ["" 126.598"", "" 127.746"", ""  69.197""], ["" 125.283"", "" 128.082"", ""  69.326""], ["" 122.688"", "" 129.038"", ""  68.820""], ["" 124.499"", "" 130.502"", ""  65.034""], ["" 124.724"", "" 131.820"", ""  62.585""], ["" 124.239"", "" 130.512"", ""  62.630""], ["" 125.100"", "" 132.468"", ""  63.762""], ["" 124.125"", "" 129.855"", ""  63.853""], ["" 124.983"", "" 131.812"", ""  64.983""], ["" 124.866"", "" 132.529"", ""  61.250""], ["" 127.601"", "" 128.944"", ""  65.722""], ["" 128.606"", "" 128.067"", ""  65.531""], ["" 127.333"", "" 129.861"", ""  64.946""], ["" 128.804"", "" 127.402"", ""  66.264""], ["" 129.464"", "" 127.989"", ""  64.344""], ["" 130.160"", "" 126.617"", ""  64.189""], ["" 131.339"", "" 126.391"", ""  65.128""], ["" 131.180"", "" 126.555"", ""  66.508""], ["" 132.574"", "" 125.993"", ""  64.609""], ["" 132.250"", "" 126.314"", ""  67.365""], ["" 133.645"", "" 125.753"", ""  65.467""], ["" 133.477"", "" 125.915"", ""  66.841""], ["" 127.203"", "" 127.019"", ""  70.361""], ["" 126.561"", "" 126.978"", ""  71.607""], ["" 128.430"", "" 126.352"", ""  70.229""], ["" 127.125"", "" 126.298"", ""  72.682""], ["" 128.997"", "" 125.672"", ""  71.304""], ["" 128.345"", "" 125.639"", ""  72.544""], ["" 128.827"", "" 124.989"", ""  73.664""], ["" 129.939"", "" 124.108"", ""  73.537""], ["" 129.417"", "" 122.680"", ""  73.351""]]",[],RR9_Rahimova_2017
