,Pose_ID,LigName,receptor,pose_rank,run_number,docking_score,leff,deltas,cluster_rmsd,cluster_size,reference_rmsd,energies_inter,energies_vdw,energies_electro,energies_flexLig,energies_flexLR,energies_intra,energies_torsional,unbound_energy,nr_interactions,num_hb,about_x,about_y,about_z,trans_x,trans_y,trans_z,axisangle_x,axisangle_y,axisangle_z,axisangle_w,dihedrals,ligand_coordinates,flexible_res_coordinates,LigName:1
0,10830,1a_Ghoteimi_2023,receptor_tmp,1,18,-10.43,-0.25439024390243903,0.0,0.0,4,188.15,-13.72,-12.97,-0.75,-13.72,0.0,-1.7,3.28,-1.7,76,8,0.0,0.0,0.0,11.587328,14.84173,11.22863,0.62571395,0.33152603,-0.7060967,188.225479,"313.932495, 207.621872, 101.637543, 43.088448, 192.601456, 316.81015, 13.903831, 235.729797, 272.195892, 134.431061, 344.264862, ","[["" 128.226"", "" 131.667"", ""  63.989""], ["" 128.996"", "" 131.255"", ""  62.958""], ["" 127.453"", "" 132.624"", ""  63.967""], ["" 129.541"", "" 130.420"", ""  63.117""], ["" 128.349"", "" 130.844"", ""  65.271""], ["" 127.327"", "" 129.343"", ""  65.207""], ["" 128.291"", "" 128.055"", ""  65.964""], ["" 129.779"", "" 126.143"", ""  65.954""], ["" 129.053"", "" 127.120"", ""  65.231""], ["" 129.697"", "" 126.151"", ""  67.353""], ["" 129.088"", "" 127.152"", ""  63.765""], ["" 128.936"", "" 127.120"", ""  68.018""], ["" 129.116"", "" 127.178"", ""  62.609""], ["" 128.246"", "" 128.058"", ""  67.317""], ["" 130.635"", "" 125.099"", ""  65.314""], ["" 132.246"", "" 123.155"", ""  64.076""], ["" 130.913"", "" 122.879"", ""  64.383""], ["" 132.770"", "" 124.418"", ""  64.390""], ["" 130.113"", "" 123.841"", ""  64.993""], ["" 131.968"", "" 125.379"", ""  65.001""], ["" 132.961"", "" 122.141"", ""  63.472""], ["" 133.772"", "" 122.441"", ""  62.341""], ["" 128.818"", "" 127.177"", ""  69.514""], ["" 127.583"", "" 126.995"", ""  70.156""], ["" 129.942"", "" 127.420"", ""  70.319""], ["" 127.477"", "" 127.048"", ""  71.543""], ["" 129.840"", "" 127.473"", ""  71.705""], ["" 128.600"", "" 127.285"", ""  72.331""], ["" 128.402"", "" 127.318"", ""  73.699""], ["" 127.861"", "" 128.492"", ""  74.293""], ["" 129.129"", "" 131.788"", ""  61.662""], ["" 128.329"", "" 132.810"", ""  61.127""], ["" 130.152"", "" 131.244"", ""  60.885""], ["" 128.552"", "" 133.266"", ""  59.831""], ["" 130.374"", "" 131.702"", ""  59.589""], ["" 129.577"", "" 132.718"", ""  59.046""], ["" 129.846"", "" 133.191"", ""  57.646""], ["" 128.955"", "" 133.384"", ""  56.813""], ["" 131.165"", "" 133.381"", ""  57.389""], ["" 131.963"", "" 132.340"", ""  56.837""], ["" 131.330"", "" 131.856"", ""  55.529""]]",[],1a_Ghoteimi_2023
1,6114,1a_Grossjean_2025,receptor_tmp,1,3,-7.76,-0.2874074074074074,0.0,0.0,8,190.85,-9.85,-9.61,-0.24,-9.85,0.0,-2.16,2.09,-2.16,47,8,0.0,0.0,0.0,11.04699,17.01201,6.803409,0.53948907,0.37389393,0.75442354,193.792221,"320.977509, 247.946655, 35.414795, 253.435287, 326.727478, 104.656403, 174.274384, ","[["" 126.569"", "" 132.975"", ""  61.905""], ["" 127.509"", "" 133.970"", ""  61.635""], ["" 127.102"", "" 135.274"", ""  61.368""], ["" 125.742"", "" 135.609"", ""  61.368""], ["" 124.799"", "" 134.608"", ""  61.648""], ["" 125.205"", "" 133.304"", ""  61.915""], ["" 127.092"", "" 131.692"", ""  62.158""], ["" 127.658"", "" 131.191"", ""  63.276""], ["" 127.823"", "" 131.803"", ""  64.331""], ["" 126.996"", "" 131.051"", ""  61.384""], ["" 128.120"", "" 129.735"", ""  63.181""], ["" 126.734"", "" 128.594"", ""  62.894""], ["" 125.509"", "" 129.468"", ""  61.946""], ["" 123.474"", "" 130.748"", ""  61.642""], ["" 124.365"", "" 130.080"", ""  62.513""], ["" 123.744"", "" 130.765"", ""  60.269""], ["" 124.078"", "" 130.007"", ""  63.948""], ["" 124.882"", "" 130.116"", ""  59.795""], ["" 123.849"", "" 129.951"", ""  65.081""], ["" 125.751"", "" 129.473"", ""  60.611""], ["" 122.213"", "" 131.452"", ""  62.137""], ["" 125.224"", "" 130.091"", ""  58.317""], ["" 125.337"", "" 137.024"", ""  61.072""], ["" 124.163"", "" 137.376"", ""  60.918""], ["" 126.389"", "" 137.881"", ""  61.005""], ["" 127.063"", "" 138.309"", ""  62.182""], ["" 128.549"", "" 138.514"", ""  61.873""]]",[],1a_Grossjean_2025
2,10778,1aa_Ghoteimi_2023,receptor_tmp,1,4,-9.48,-0.23121951219512196,0.0,0.0,3,186.65,-12.77,-12.16,-0.61,-12.77,0.0,-2.11,3.28,-2.11,68,6,0.0,0.0,0.0,11.332898,14.637121,9.800958,0.54012851,0.81876192,-0.19465384,173.538025,"159.887573, 347.344391, 286.026215, 58.318432, 268.596863, 0.423192, 24.430407, 329.443024, 114.697945, 325.229858, 189.037827, ","[["" 125.314"", "" 130.621"", ""  63.972""], ["" 126.193"", "" 131.479"", ""  63.403""], ["" 124.096"", "" 130.789"", ""  64.017""], ["" 127.162"", "" 131.196"", ""  63.435""], ["" 125.887"", "" 129.343"", ""  64.604""], ["" 127.259"", "" 129.537"", ""  64.972""], ["" 127.974"", "" 128.513"", ""  65.577""], ["" 129.385"", "" 126.545"", ""  65.431""], ["" 128.668"", "" 127.580"", ""  64.787""], ["" 129.383"", "" 126.512"", ""  66.832""], ["" 128.648"", "" 127.722"", ""  63.331""], ["" 128.680"", "" 127.473"", ""  67.568""], ["" 127.979"", "" 128.453"", ""  66.938""], ["" 128.632"", "" 127.835"", ""  62.179""], ["" 130.145"", "" 125.485"", ""  64.703""], ["" 131.593"", "" 123.483"", ""  63.361""], ["" 132.258"", "" 124.483"", ""  64.070""], ["" 130.191"", "" 123.486"", ""  63.331""], ["" 131.543"", "" 125.473"", ""  64.738""], ["" 129.477"", "" 124.478"", ""  63.999""], ["" 132.385"", "" 122.543"", ""  62.730""], ["" 133.748"", "" 122.850"", ""  62.462""], ["" 128.633"", "" 127.475"", ""  69.069""], ["" 129.702"", "" 127.979"", ""  69.825""], ["" 127.517"", "" 126.977"", ""  69.763""], ["" 129.661"", "" 127.979"", ""  71.216""], ["" 127.474"", "" 126.976"", ""  71.154""], ["" 128.552"", "" 127.478"", ""  71.895""], ["" 128.601"", "" 127.518"", ""  73.275""], ["" 127.814"", "" 128.480"", ""  73.970""], ["" 125.977"", "" 132.712"", ""  62.760""], ["" 126.938"", "" 133.414"", ""  62.017""], ["" 124.693"", "" 133.242"", ""  62.891""], ["" 126.610"", "" 134.630"", ""  61.422""], ["" 124.366"", "" 134.456"", ""  62.295""], ["" 125.320"", "" 135.166"", ""  61.553""], ["" 124.936"", "" 136.474"", ""  60.924""], ["" 123.810"", "" 136.703"", ""  60.471""], ["" 125.948"", "" 137.379"", ""  60.904""], ["" 126.485"", "" 137.907"", ""  62.111""], ["" 127.963"", "" 138.251"", ""  61.905""]]",[],1aa_Ghoteimi_2023
3,10574,1b_Ghoteimi_2023,receptor_tmp,1,14,-8.89,-0.254,0.0,0.0,3,187.99,-11.28,-10.91,-0.37,-11.28,0.0,-1.97,2.39,-1.97,59,7,0.0,0.0,0.0,8.830608,15.418638,6.532563,0.10383811,0.85250503,-0.51230149,182.476456,"359.243439, 58.802338, 261.247437, 234.271484, 190.025391, 116.903122, 246.352112, 319.876251, ","[["" 126.843"", "" 130.184"", ""  62.704""], ["" 125.460"", "" 130.460"", ""  62.564""], ["" 124.513"", "" 130.070"", ""  63.613""], ["" 123.767"", "" 129.762"", ""  64.442""], ["" 125.039"", "" 131.171"", ""  61.418""], ["" 125.911"", "" 131.629"", ""  60.488""], ["" 127.239"", "" 131.374"", ""  60.619""], ["" 127.720"", "" 130.657"", ""  61.720""], ["" 127.425"", "" 129.421"", ""  63.848""], ["" 128.537"", "" 128.006"", ""  66.008""], ["" 127.863"", "" 129.209"", ""  66.221""], ["" 128.658"", "" 127.514"", ""  64.699""], ["" 127.314"", "" 129.912"", ""  65.152""], ["" 128.109"", "" 128.220"", ""  63.633""], ["" 129.049"", "" 127.378"", ""  67.127""], ["" 129.734"", "" 126.140"", ""  66.976""], ["" 123.345"", "" 131.598"", ""  61.072""], ["" 122.791"", "" 132.775"", ""  62.352""], ["" 123.703"", "" 133.994"", ""  62.552""], ["" 124.082"", "" 134.608"", ""  61.409""], ["" 124.036"", "" 134.352"", ""  63.684""], ["" 123.752"", "" 134.214"", ""  60.541""], ["" 124.901"", "" 135.725"", ""  61.286""], ["" 124.495"", "" 136.965"", ""  61.069""], ["" 126.291"", "" 135.664"", ""  61.376""], ["" 125.640"", "" 137.760"", ""  61.014""], ["" 126.718"", "" 136.961"", ""  61.202""], ["" 128.135"", "" 131.909"", ""  59.537""], ["" 129.506"", "" 132.103"", ""  59.765""], ["" 127.634"", "" 132.223"", ""  58.264""], ["" 130.338"", "" 132.596"", ""  58.765""], ["" 128.463"", "" 132.715"", ""  57.261""], ["" 129.830"", "" 132.906"", ""  57.505""], ["" 130.730"", "" 133.388"", ""  56.575""], ["" 131.769"", "" 132.535"", ""  56.109""]]",[],1b_Ghoteimi_2023
4,10763,1b_Grossjean_2025,receptor_tmp,1,20,-7.39,-0.28423076923076923,0.0,0.0,4,190.58,-9.18,-8.94,-0.23,-9.18,0.0,-2.09,1.79,-2.09,57,2,0.0,0.0,0.0,9.162671,17.458644,5.918363,-0.68963402,0.49247114,0.53092099,200.245285,"56.174488, 107.258476, 336.093781, 257.846771, 12.351158, 319.113831, ","[["" 124.314"", "" 131.581"", ""  59.293""], ["" 125.652"", "" 131.562"", ""  59.485""], ["" 123.746"", "" 131.877"", ""  58.243""], ["" 125.962"", "" 131.305"", ""  60.410""], ["" 123.473"", "" 131.184"", ""  60.508""], ["" 123.362"", "" 132.524"", ""  61.732""], ["" 124.920"", "" 133.385"", ""  61.720""], ["" 126.364"", "" 135.297"", ""  61.374""], ["" 125.067"", "" 134.738"", ""  61.335""], ["" 127.437"", "" 134.506"", ""  61.797""], ["" 123.921"", "" 135.560"", ""  60.937""], ["" 127.197"", "" 133.188"", ""  62.179""], ["" 123.018"", "" 136.212"", ""  60.623""], ["" 125.963"", "" 132.632"", ""  62.149""], ["" 126.649"", "" 136.744"", ""  60.976""], ["" 128.318"", "" 132.282"", ""  62.656""], ["" 126.700"", "" 131.862"", ""  58.594""], ["" 127.752"", "" 132.606"", ""  59.129""], ["" 126.750"", "" 131.471"", ""  57.248""], ["" 128.841"", "" 132.959"", ""  58.339""], ["" 127.841"", "" 131.825"", ""  56.458""], ["" 128.900"", "" 132.572"", ""  56.992""], ["" 130.061"", "" 132.934"", ""  56.111""], ["" 130.039"", "" 132.822"", ""  54.881""], ["" 131.137"", "" 133.389"", ""  56.801""], ["" 132.001"", "" 132.490"", ""  57.484""]]",[],1b_Grossjean_2025
5,6084,1c_Ghoteimi_2023,receptor_tmp,1,20,-8.76,-0.2502857142857143,0.0,0.0,1,188.89,-11.15,-10.85,-0.3,-11.15,0.0,-2.39,2.39,-2.39,75,5,0.0,0.0,0.0,13.271502,8.849627,8.880194,0.9694121,-0.2312853,0.0821419,252.167908,"106.235214, 179.359665, 154.132141, 342.268097, 325.738953, 76.155464, 245.786224, 155.408295, ","[["" 130.340"", "" 124.718"", ""  63.906""], ["" 131.667"", "" 124.363"", ""  63.569""], ["" 132.771"", "" 124.578"", ""  64.510""], ["" 133.641"", "" 124.749"", ""  65.254""], ["" 131.894"", "" 123.781"", ""  62.305""], ["" 130.901"", "" 123.574"", ""  61.406""], ["" 129.631"", "" 123.952"", ""  61.710""], ["" 129.333"", "" 124.518"", ""  62.954""], ["" 129.939"", "" 125.265"", ""  65.237""], ["" 129.231"", "" 126.311"", ""  67.746""], ["" 129.009"", "" 127.049"", ""  66.583""], ["" 129.817"", "" 125.040"", ""  67.646""], ["" 129.362"", "" 126.533"", ""  65.341""], ["" 130.169"", "" 124.525"", ""  66.402""], ["" 128.849"", "" 126.903"", ""  68.935""], ["" 129.632"", "" 127.968"", ""  69.463""], ["" 133.477"", "" 123.132"", ""  61.814""], ["" 133.204"", "" 122.448"", ""  60.147""], ["" 132.726"", "" 120.992"", ""  60.190""], ["" 131.464"", "" 120.813"", ""  60.638""], ["" 133.499"", "" 120.089"", ""  59.866""], ["" 130.931"", "" 121.639"", ""  60.865""], ["" 130.848"", "" 119.604"", ""  60.918""], ["" 129.946"", "" 119.352"", ""  61.842""], ["" 131.263"", "" 118.256"", ""  59.910""], ["" 129.547"", "" 118.095"", ""  61.798""], ["" 130.129"", "" 117.299"", ""  60.817""], ["" 128.584"", "" 123.690"", ""  60.666""], ["" 127.226"", "" 123.941"", ""  60.915""], ["" 128.935"", "" 123.182"", ""  59.406""], ["" 126.259"", "" 123.701"", ""  59.943""], ["" 127.971"", "" 122.942"", ""  58.431""], ["" 126.619"", "" 123.203"", ""  58.693""], ["" 125.595"", "" 122.997"", ""  57.789""], ["" 124.867"", "" 124.117"", ""  57.296""]]",[],1c_Ghoteimi_2023
6,10619,1c_Grossjean_2025,receptor_tmp,1,17,-7.0,-0.2916666666666667,0.0,0.0,2,190.92,-8.49,-8.24,-0.25,-8.49,0.0,-1.96,1.49,-1.96,53,2,0.0,0.0,0.0,8.909286,16.024598,5.813441,0.80575592,0.22506815,0.54781541,116.231018,"71.9161, 183.755493, 176.762863, 75.064476, 313.975494, ","[["" 124.732"", "" 131.675"", ""  59.139""], ["" 126.051"", "" 131.780"", ""  59.410""], ["" 124.210"", "" 131.874"", ""  58.042""], ["" 126.336"", "" 131.516"", ""  60.341""], ["" 123.851"", "" 131.266"", ""  60.321""], ["" 123.581"", "" 132.645"", ""  61.474""], ["" 125.079"", "" 133.605"", ""  61.562""], ["" 126.418"", "" 135.615"", ""  61.371""], ["" 125.159"", "" 134.983"", ""  61.252""], ["" 127.520"", "" 134.867"", ""  61.799""], ["" 123.982"", "" 135.763"", ""  60.857""], ["" 127.345"", "" 133.521"", ""  62.108""], ["" 123.054"", "" 136.378"", ""  60.545""], ["" 126.150"", "" 132.896"", ""  62.000""], ["" 126.631"", "" 137.094"", ""  61.054""], ["" 128.497"", "" 132.661"", ""  62.594""], ["" 127.112"", "" 132.144"", ""  58.559""], ["" 127.153"", "" 131.888"", ""  57.180""], ["" 128.168"", "" 132.832"", ""  59.160""], ["" 128.249"", "" 132.303"", ""  56.428""], ["" 129.261"", "" 133.245"", ""  58.405""], ["" 129.311"", "" 132.979"", ""  57.028""], ["" 130.353"", "" 133.349"", ""  56.199""], ["" 131.573"", "" 132.617"", ""  56.250""]]",[],1c_Grossjean_2025
7,6176,1d_Ghoteimi_2023,receptor_tmp,1,6,-7.76,-0.25866666666666666,0.0,0.0,8,188.82,-10.15,-9.75,-0.4,-10.15,0.0,-1.43,2.39,-1.43,62,7,0.0,0.0,0.0,13.779376,9.65019,7.531332,0.90652353,0.02383385,-0.42148195,103.347992,"339.486572, 181.511093, 190.542755, 336.153564, 209.389801, 235.291245, 336.328796, 102.525482, ","[["" 133.295"", "" 122.998"", ""  60.944""], ["" 131.747"", "" 123.545"", ""  61.632""], ["" 130.317"", "" 124.482"", ""  63.352""], ["" 131.614"", "" 124.106"", ""  62.922""], ["" 129.247"", "" 124.316"", ""  62.465""], ["" 132.784"", "" 124.353"", ""  63.770""], ["" 129.456"", "" 123.791"", ""  61.184""], ["" 133.707"", "" 124.549"", ""  64.439""], ["" 130.697"", "" 123.409"", ""  60.788""], ["" 130.024"", "" 125.056"", ""  64.701""], ["" 129.486"", "" 126.123"", ""  67.246""], ["" 130.122"", "" 124.889"", ""  67.116""], ["" 129.126"", "" 126.830"", ""  66.089""], ["" 130.392"", "" 124.360"", ""  65.857""], ["" 129.398"", "" 126.300"", ""  64.831""], ["" 129.252"", "" 126.565"", ""  68.534""], ["" 129.007"", "" 127.949"", ""  68.760""], ["" 128.345"", "" 123.602"", ""  60.191""], ["" 128.600"", "" 123.125"", ""  58.895""], ["" 127.017"", "" 123.903"", ""  60.527""], ["" 127.570"", "" 122.957"", ""  57.975""], ["" 125.985"", "" 123.737"", ""  59.608""], ["" 126.255"", "" 123.260"", ""  58.318""], ["" 125.299"", "" 123.065"", ""  57.340""], ["" 125.653"", "" 122.361"", ""  56.154""], ["" 133.988"", "" 124.399"", ""  60.016""], ["" 133.317"", "" 124.421"", ""  58.646""], ["" 133.893"", "" 123.999"", ""  57.642""], ["" 132.070"", "" 124.936"", ""  58.693""], ["" 131.846"", "" 126.231"", ""  59.229""]]",[],1d_Ghoteimi_2023
8,10670,1d_Grossjean_2025,receptor_tmp,1,17,-7.64,-0.34727272727272723,0.0,0.0,4,191.03,-8.83,-8.82,-0.01,-8.83,0.0,-0.67,1.19,-0.67,42,4,0.0,0.0,0.0,11.795255,18.438342,5.939267,0.95866129,0.27581253,-0.06997126,63.941277,"252.821899, 33.147182, 37.809093, 338.917145, ","[["" 128.260"", "" 134.555"", ""  62.127""], ["" 126.514"", "" 134.450"", ""  61.803""], ["" 124.353"", "" 135.312"", ""  61.131""], ["" 125.732"", "" 135.538"", ""  61.349""], ["" 123.819"", "" 134.044"", ""  61.384""], ["" 126.303"", "" 136.869"", ""  61.137""], ["" 124.660"", "" 133.036"", ""  61.853""], ["" 126.751"", "" 137.923"", ""  60.968""], ["" 125.982"", "" 133.229"", ""  62.065""], ["" 123.409"", "" 136.404"", ""  60.632""], ["" 124.139"", "" 131.645"", ""  62.156""], ["" 128.884"", "" 132.855"", ""  62.298""], ["" 129.973"", "" 132.535"", ""  61.273""], ["" 129.583"", "" 132.584"", ""  59.981""], ["" 131.100"", "" 132.238"", ""  61.668""], ["" 128.609"", "" 132.796"", ""  59.819""], ["" 130.325"", "" 132.365"", ""  58.806""], ["" 129.824"", "" 132.972"", ""  57.651""], ["" 131.511"", "" 131.614"", ""  58.736""], ["" 130.486"", "" 132.824"", ""  56.435""], ["" 132.171"", "" 131.468"", ""  57.518""], ["" 131.656"", "" 132.072"", ""  56.374""]]",[],1d_Grossjean_2025
9,10721,1e_Grossjean_2025,receptor_tmp,1,15,-6.85,-0.29782608695652174,0.0,0.0,2,188.33,-8.04,-8.0,-0.04,-8.04,0.0,-1.52,1.19,-1.52,45,4,0.0,0.0,0.0,12.43583,16.577245,8.177425,0.80180162,0.33065425,-0.49777698,155.381027,"204.820221, 123.170876, 216.620468, 161.947769, ","[["" 128.054"", "" 132.117"", ""  62.569""], ["" 127.249"", "" 130.496"", ""  62.393""], ["" 125.720"", "" 130.713"", ""  61.503""], ["" 123.312"", "" 130.845"", ""  61.264""], ["" 124.437"", "" 130.648"", ""  62.098""], ["" 123.506"", "" 131.111"", ""  59.905""], ["" 124.253"", "" 130.427"", ""  63.534""], ["" 124.806"", "" 131.184"", ""  59.408""], ["" 124.105"", "" 130.252"", ""  64.669""], ["" 125.896"", "" 130.996"", ""  60.187""], ["" 121.878"", "" 130.789"", ""  61.787""], ["" 125.081"", "" 131.488"", ""  57.948""], ["" 129.063"", "" 132.380"", ""  61.449""], ["" 128.582"", "" 132.286"", ""  60.190""], ["" 130.233"", "" 132.633"", ""  61.742""], ["" 127.617"", "" 132.004"", ""  60.094""], ["" 129.269"", "" 132.459"", ""  58.976""], ["" 128.626"", "" 132.828"", ""  57.828""], ["" 130.647"", "" 132.210"", ""  58.997""], ["" 129.353"", "" 132.963"", ""  56.690""], ["" 131.380"", "" 132.355"", ""  57.818""], ["" 130.731"", "" 132.736"", ""  56.643""], ["" 128.574"", "" 133.378"", ""  55.456""]]",[],1e_Grossjean_2025
10,10592,1f_Grossjean_2025,receptor_tmp,1,10,-7.35,-0.33409090909090905,0.0,0.0,2,192.36,-8.54,-8.54,0.0,-8.54,0.0,-0.75,1.19,-0.75,52,4,0.0,0.0,0.0,11.678054,18.117908,7.05832,-0.96683879,-0.14969965,-0.20691245,65.810013,"143.18425, 315.277374, 182.805237, 325.070526, ","[["" 128.217"", "" 134.649"", ""  62.109""], ["" 126.487"", "" 134.871"", ""  61.743""], ["" 124.523"", "" 136.118"", ""  61.072""], ["" 125.913"", "" 136.095"", ""  61.327""], ["" 123.780"", "" 134.942"", ""  61.218""], ["" 126.717"", "" 137.303"", ""  61.125""], ["" 124.432"", "" 133.775"", ""  61.604""], ["" 127.351"", "" 138.258"", ""  60.966""], ["" 125.761"", "" 133.730"", ""  61.858""], ["" 123.788"", "" 137.383"", ""  60.629""], ["" 123.685"", "" 132.464"", ""  61.768""], ["" 128.557"", "" 132.859"", ""  62.223""], ["" 129.296"", "" 132.264"", ""  61.015""], ["" 129.373"", "" 133.082"", ""  59.945""], ["" 129.782"", "" 131.134"", ""  61.076""], ["" 128.963"", "" 133.999"", ""  60.056""], ["" 129.962"", "" 132.862"", ""  58.685""], ["" 129.280"", "" 133.366"", ""  57.573""], ["" 131.167"", "" 132.172"", ""  58.454""], ["" 129.724"", "" 133.229"", ""  56.297""], ["" 131.637"", "" 132.022"", ""  57.147""], ["" 130.890"", "" 132.564"", ""  56.101""]]",[],1f_Grossjean_2025
11,6033,1g_Grossjean_2025,receptor_tmp,1,9,-7.07,-0.3073913043478261,0.0,0.0,2,191.14,-8.56,-8.37,-0.19,-8.56,0.0,-1.43,1.49,-1.43,41,3,0.0,0.0,0.0,13.156261,17.847021,7.126956,0.63586475,-0.70092988,0.32306859,174.802795,"136.177399, 68.817123, 177.390793, 341.343506, 268.501862, ","[["" 128.392"", "" 133.639"", ""  62.656""], ["" 128.334"", "" 133.256"", ""  60.880""], ["" 129.917"", "" 132.577"", ""  60.434""], ["" 131.654"", "" 131.899"", ""  58.890""], ["" 130.377"", "" 132.466"", ""  59.101""], ["" 132.413"", "" 131.490"", ""  59.992""], ["" 129.587"", "" 132.949"", ""  57.965""], ["" 131.891"", "" 131.661"", ""  61.273""], ["" 128.966"", "" 133.331"", ""  57.067""], ["" 130.669"", "" 132.199"", ""  61.499""], ["" 132.253"", "" 131.716"", ""  57.496""], ["" 132.671"", "" 131.254"", ""  62.509""], ["" 128.382"", "" 132.373"", ""  63.515""], ["" 128.545"", "" 131.209"", ""  62.862""], ["" 128.237"", "" 132.457"", ""  64.735""], ["" 128.637"", "" 131.232"", ""  61.857""], ["" 128.511"", "" 129.881"", ""  63.475""], ["" 127.333"", "" 129.654"", ""  64.417""], ["" 127.564"", "" 129.323"", ""  65.756""], ["" 126.024"", "" 129.786"", ""  63.944""], ["" 126.489"", "" 129.116"", ""  66.616""], ["" 124.950"", "" 129.581"", ""  64.805""], ["" 125.187"", "" 129.247"", ""  66.136""]]",[],1g_Grossjean_2025
12,10646,1h_Grossjean_2025,receptor_tmp,1,1,-7.09,-0.24448275862068966,0.0,0.0,1,190.17,-9.47,-9.0,-0.47,-9.47,0.0,-1.91,2.39,-1.91,58,11,0.0,0.0,0.0,11.09896,18.120127,8.115249,0.46644164,-0.71532164,-0.52033369,100.486588,"18.113655, 111.554573, 101.914093, 336.24408, 9.607102, 12.744531, 323.879517, 346.496857, ","[["" 128.407"", "" 132.639"", ""  63.090""], ["" 128.572"", "" 131.435"", ""  62.511""], ["" 128.363"", "" 132.811"", ""  64.307""], ["" 128.583"", "" 131.382"", ""  61.503""], ["" 128.262"", "" 133.833"", ""  62.147""], ["" 128.250"", "" 133.325"", ""  60.401""], ["" 129.844"", "" 132.617"", ""  60.019""], ["" 131.584"", "" 131.913"", ""  58.485""], ["" 130.309"", "" 132.489"", ""  58.690""], ["" 132.330"", "" 131.496"", ""  59.592""], ["" 129.506"", "" 132.937"", ""  57.549""], ["" 131.797"", "" 131.661"", ""  60.868""], ["" 128.872"", "" 133.292"", ""  56.648""], ["" 130.580"", "" 132.211"", ""  61.087""], ["" 132.185"", "" 131.721"", ""  57.094""], ["" 132.556"", "" 131.228"", ""  62.109""], ["" 128.693"", "" 130.164"", ""  63.225""], ["" 127.527"", "" 129.867"", ""  64.164""], ["" 127.761"", "" 129.304"", ""  65.419""], ["" 126.216"", "" 130.104"", ""  63.749""], ["" 126.696"", "" 129.006"", ""  66.284""], ["" 125.132"", "" 129.811"", ""  64.591""], ["" 125.385"", "" 129.272"", ""  65.860""], ["" 126.854"", "" 128.461"", ""  67.545""], ["" 128.038"", "" 127.730"", ""  67.846""], ["" 123.809"", "" 130.021"", ""  64.246""], ["" 123.482"", "" 130.370"", ""  62.905""], ["" 124.334"", "" 128.975"", ""  66.692""], ["" 123.751"", "" 130.111"", ""  67.316""]]",[],1h_Grossjean_2025
13,10706,1i_Grossjean_2025,receptor_tmp,1,8,-7.58,-0.36095238095238097,0.0,0.0,6,191.49,-8.77,-8.64,-0.13,-8.77,0.0,-0.58,1.19,-0.58,47,6,0.0,0.0,0.0,11.307821,18.88173,5.790574,0.97975845,0.19374161,-0.0503742,78.018753,"269.826538, 182.934967, 36.882622, 335.329437, ","[["" 128.083"", "" 134.480"", ""  62.106""], ["" 126.327"", "" 134.545"", ""  61.830""], ["" 124.250"", "" 135.594"", ""  61.156""], ["" 125.651"", "" 135.682"", ""  61.327""], ["" 123.592"", "" 134.409"", ""  61.502""], ["" 126.353"", "" 136.930"", ""  61.019""], ["" 124.334"", "" 133.347"", ""  62.013""], ["" 126.906"", "" 137.918"", ""  60.775""], ["" 125.676"", "" 133.407"", ""  62.181""], ["" 123.413"", "" 136.751"", ""  60.614""], ["" 123.677"", "" 132.040"", ""  62.417""], ["" 128.618"", "" 132.762"", ""  61.844""], ["" 129.605"", "" 132.638"", ""  60.681""], ["" 129.136"", "" 133.028"", ""  59.475""], ["" 130.737"", "" 132.200"", ""  60.894""], ["" 128.196"", "" 133.397"", ""  59.441""], ["" 129.818"", "" 133.023"", ""  58.267""], ["" 129.382"", "" 133.534"", ""  57.127""], ["" 131.085"", "" 132.464"", ""  58.110""], ["" 130.381"", "" 133.310"", ""  56.178""], ["" 131.403"", "" 132.662"", ""  56.786""]]",[],1i_Grossjean_2025
14,6090,1j_Grossjean_2025,receptor_tmp,1,1,-7.19,-0.3423809523809524,0.0,0.0,4,191.19,-8.38,-8.34,-0.04,-8.38,0.0,-0.5,1.19,-0.5,49,3,0.0,0.0,0.0,11.519734,19.359118,5.538015,-0.98618159,-0.16403275,0.02321921,269.66803,"278.992737, 21.064451, 210.379242, 293.015961, ","[["" 128.248"", "" 134.502"", ""  62.045""], ["" 126.504"", "" 134.693"", ""  61.748""], ["" 124.505"", "" 135.910"", ""  61.127""], ["" 125.904"", "" 135.903"", ""  61.326""], ["" 123.773"", "" 134.743"", ""  61.367""], ["" 126.682"", "" 137.128"", ""  61.131""], ["" 124.443"", "" 133.604"", ""  61.806""], ["" 127.294"", "" 138.099"", ""  60.977""], ["" 125.783"", "" 133.572"", ""  62.000""], ["" 123.746"", "" 137.153"", ""  60.663""], ["" 123.704"", "" 132.311"", ""  62.098""], ["" 128.747"", "" 132.883"", ""  61.388""], ["" 128.845"", "" 132.888"", ""  59.861""], ["" 130.088"", "" 132.724"", ""  59.357""], ["" 127.823"", "" 133.038"", ""  59.190""], ["" 130.844"", "" 132.585"", ""  60.011""], ["" 130.439"", "" 132.686"", ""  58.015""], ["" 129.807"", "" 133.235"", ""  56.999""], ["" 131.882"", "" 131.820"", ""  57.598""], ["" 130.425"", "" 132.997"", ""  55.859""], ["" 131.589"", "" 132.239"", ""  55.936""]]",[],1j_Grossjean_2025
15,6051,1k_Grossjean_2025,receptor_tmp,1,9,-6.59,-0.25346153846153846,0.0,0.0,1,191.13,-10.17,-9.9,-0.27,-10.17,0.0,-2.84,3.58,-2.84,62,4,0.0,0.0,0.0,12.684643,21.131112,0.340909,0.59587833,-0.38736174,0.703477,296.263824,"43.753426, 334.722046, 284.072723, 111.603989, 303.325592, 294.64447, 216.683228, 41.91666, 258.80127, 325.77652, 318.29068, 44.09716, ","[["" 130.606"", "" 133.271"", ""  56.843""], ["" 129.395"", "" 133.061"", ""  56.129""], ["" 128.242"", "" 132.833"", ""  57.124""], ["" 128.634"", "" 132.962"", ""  58.529""], ["" 127.832"", "" 132.725"", ""  59.582""], ["" 126.660"", "" 132.361"", ""  59.466""], ["" 129.583"", "" 133.259"", ""  58.702""], ["" 128.470"", "" 132.942"", ""  60.963""], ["" 127.909"", "" 134.426"", ""  61.868""], ["" 126.142"", "" 134.603"", ""  61.667""], ["" 124.150"", "" 135.858"", ""  61.092""], ["" 125.555"", "" 135.812"", ""  61.227""], ["" 123.397"", "" 134.719"", ""  61.394""], ["" 126.370"", "" 136.989"", ""  60.913""], ["" 124.054"", "" 133.569"", ""  61.825""], ["" 127.013"", "" 137.920"", ""  60.665""], ["" 125.398"", "" 133.506"", ""  61.965""], ["" 123.410"", "" 137.109"", ""  60.621""], ["" 123.295"", "" 132.302"", ""  62.168""], ["" 131.593"", "" 132.277"", ""  56.599""], ["" 132.225"", "" 131.846"", ""  57.929""], ["" 131.360"", "" 132.201"", ""  58.999""], ["" 131.385"", "" 131.282"", ""  60.084""], ["" 132.611"", "" 131.563"", ""  60.963""], ["" 132.206"", "" 132.261"", ""  62.133""], ["" 130.951"", "" 131.836"", ""  62.639""]]",[],1k_Grossjean_2025
16,5996,1l_Grossjean_2025,receptor_tmp,1,14,-6.31,-0.3505555555555555,0.0,0.0,3,191.63,-7.5,-7.31,-0.19,-7.5,0.0,-0.26,1.19,-0.26,28,4,0.0,0.0,0.0,8.663733,19.129961,6.912526,-0.05847047,0.30403551,-0.95086467,287.275299,"22.674021, 343.108856, 224.75914, 216.654053, ","[["" 125.014"", "" 135.279"", ""  61.072""], ["" 126.256"", "" 134.127"", ""  61.753""], ["" 125.413"", "" 132.638"", ""  62.261""], ["" 125.209"", "" 130.612"", ""  63.576""], ["" 125.948"", "" 131.767"", ""  63.238""], ["" 123.987"", "" 130.373"", ""  62.939""], ["" 127.233"", "" 132.043"", ""  63.889""], ["" 123.531"", "" 131.282"", ""  61.987""], ["" 128.246"", "" 132.259"", ""  64.404""], ["" 124.225"", "" 132.395"", ""  61.648""], ["" 125.690"", "" 129.602"", ""  64.616""], ["" 122.215"", "" 131.079"", ""  61.260""], ["" 125.434"", "" 136.755"", ""  61.062""], ["" 126.747"", "" 136.975"", ""  60.858""], ["" 124.607"", "" 137.657"", ""  61.220""], ["" 127.455"", "" 136.258"", ""  60.932""], ["" 127.263"", "" 138.250"", ""  61.085""], ["" 128.256"", "" 138.196"", ""  62.099""]]",[],1l_Grossjean_2025
17,10546,1m_Grossjean_2025,receptor_tmp,1,6,-6.32,-0.30095238095238097,0.0,0.0,3,191.36,-8.11,-8.03,-0.09,-8.11,0.0,-1.5,1.79,-1.5,42,4,0.0,0.0,0.0,11.926941,18.489378,4.956579,-0.60580989,-0.6641219,0.43810555,170.237717,"35.49374, 274.417236, 24.047007, 73.063156, 193.747696, 254.431976, ","[["" 127.065"", "" 133.670"", ""  61.094""], ["" 126.782"", "" 134.984"", ""  61.023""], ["" 126.202"", "" 132.804"", ""  61.251""], ["" 127.548"", "" 135.634"", ""  60.921""], ["" 128.551"", "" 133.306"", ""  60.976""], ["" 128.888"", "" 131.762"", ""  60.062""], ["" 127.988"", "" 131.824"", ""  58.527""], ["" 127.657"", "" 132.393"", ""  56.196""], ["" 128.485"", "" 132.415"", ""  57.341""], ["" 126.399"", "" 131.784"", ""  56.273""], ["" 129.825"", "" 133.004"", ""  57.269""], ["" 126.001"", "" 131.202"", ""  57.475""], ["" 130.882"", "" 133.469"", ""  57.211""], ["" 126.777"", "" 131.213"", ""  58.583""], ["" 128.078"", "" 133.009"", ""  54.864""], ["" 124.655"", "" 130.519"", ""  57.619""], ["" 125.438"", "" 135.578"", ""  61.098""], ["" 125.464"", "" 137.120"", ""  61.070""], ["" 124.469"", "" 137.813"", ""  61.304""], ["" 126.688"", "" 137.589"", ""  60.753""], ["" 127.512"", "" 138.184"", ""  61.745""]]",[],1m_Grossjean_2025
18,10742,1n_Grossjean_2025,receptor_tmp,1,13,-7.74,-0.2764285714285714,0.0,0.0,6,191.99,-10.13,-9.9,-0.23,-10.13,0.0,-1.93,2.39,-1.93,54,8,0.0,0.0,0.0,11.143291,17.317529,9.095487,0.75153576,-0.00670187,-0.65965831,174.583664,"211.094315, 18.512375, 52.405495, 156.208832, 342.666077, 97.652832, 322.834259, 223.443634, ","[["" 127.523"", "" 131.469"", ""  63.796""], ["" 126.795"", "" 131.836"", ""  62.720""], ["" 128.029"", "" 132.240"", ""  64.612""], ["" 126.404"", "" 131.084"", ""  62.171""], ["" 127.711"", "" 129.958"", ""  63.986""], ["" 127.870"", "" 129.195"", ""  62.654""], ["" 126.401"", "" 128.255"", ""  62.143""], ["" 125.250"", "" 129.404"", ""  61.420""], ["" 123.413"", "" 130.982"", ""  61.447""], ["" 124.275"", "" 130.116"", ""  62.158""], ["" 123.563"", "" 131.113"", ""  60.062""], ["" 124.169"", "" 130.003"", ""  63.613""], ["" 124.567"", "" 130.391"", ""  59.420""], ["" 124.084"", "" 129.916"", ""  64.764""], ["" 125.401"", "" 129.553"", ""  60.080""], ["" 122.314"", "" 131.793"", ""  62.132""], ["" 124.789"", "" 130.499"", ""  57.924""], ["" 126.447"", "" 133.122"", ""  62.264""], ["" 127.506"", "" 134.015"", ""  62.100""], ["" 125.140"", "" 133.548"", ""  61.986""], ["" 127.274"", "" 135.311"", ""  61.649""], ["" 124.909"", "" 134.846"", ""  61.538""], ["" 125.970"", "" 135.742"", ""  61.360""], ["" 125.683"", "" 137.132"", ""  60.868""], ["" 124.794"", "" 137.392"", ""  60.053""], ["" 126.507"", "" 138.070"", ""  61.402""], ["" 126.249"", "" 138.630"", ""  62.684""], ["" 127.513"", "" 139.327"", ""  63.198""]]",[],1n_Grossjean_2025
19,10610,1o_Grossjean_2025,receptor_tmp,1,6,-7.31,-0.2707407407407407,0.0,0.0,3,183.13,-9.39,-9.15,-0.24,-9.39,0.0,-1.63,2.09,-1.63,51,5,0.0,0.0,0.0,10.888063,7.062966,8.703702,-0.57328053,0.38735248,0.72201627,159.167786,"252.922455, 131.762344, 215.738907, 128.873474, 85.394623, 213.266617, 329.731964, ","[["" 128.892"", "" 122.566"", ""  62.809""], ["" 127.938"", "" 123.312"", ""  62.210""], ["" 129.563"", "" 121.694"", ""  62.257""], ["" 127.521"", "" 124.036"", ""  62.776""], ["" 129.149"", "" 122.886"", ""  64.289""], ["" 130.267"", "" 123.926"", ""  64.505""], ["" 130.086"", "" 125.424"", ""  63.493""], ["" 130.956"", "" 125.177"", ""  61.958""], ["" 132.890"", "" 124.701"", ""  60.579""], ["" 132.333"", "" 124.860"", ""  61.868""], ["" 132.068"", "" 124.841"", ""  59.456""], ["" 133.166"", "" 124.658"", ""  63.056""], ["" 130.716"", "" 125.126"", ""  59.638""], ["" 133.826"", "" 124.500"", ""  63.994""], ["" 130.162"", "" 125.286"", ""  60.863""], ["" 134.366"", "" 124.375"", ""  60.353""], ["" 129.770"", "" 125.277"", ""  58.462""], ["" 127.449"", "" 123.260"", ""  60.890""], ["" 126.168"", "" 123.779"", ""  60.697""], ["" 128.141"", "" 122.716"", ""  59.797""], ["" 125.585"", "" 123.769"", ""  59.433""], ["" 127.556"", "" 122.706"", ""  58.534""], ["" 126.273"", "" 123.232"", ""  58.335""], ["" 125.674"", "" 123.202"", ""  56.958""], ["" 124.919"", "" 124.080"", ""  56.529""], ["" 126.042"", "" 122.113"", ""  56.236""], ["" 127.144"", "" 122.167"", ""  55.341""]]",[],1o_Grossjean_2025
20,10622,1p_Grossjean_2025,receptor_tmp,1,4,-6.86,-0.3118181818181818,0.0,0.0,8,192.31,-8.35,-8.13,-0.22,-8.35,0.0,-1.65,1.49,-1.65,41,4,0.0,0.0,0.0,11.691634,19.589931,8.01275,0.87971059,-0.39102185,-0.27057565,188.486359,"15.248985, 243.661789, 213.702469, 66.552315, 255.516342, ","[["" 127.797"", "" 133.752"", ""  62.373""], ["" 126.748"", "" 134.313"", ""  61.000""], ["" 125.637"", "" 132.977"", ""  60.622""], ["" 123.683"", "" 131.588"", ""  60.973""], ["" 124.476"", "" 132.685"", ""  61.379""], ["" 124.062"", "" 130.850"", ""  59.846""], ["" 124.076"", "" 133.502"", ""  62.525""], ["" 125.209"", "" 131.223"", ""  59.147""], ["" 123.758"", "" 134.147"", ""  63.433""], ["" 125.984"", "" 132.268"", ""  59.518""], ["" 122.415"", "" 131.172"", ""  61.715""], ["" 125.662"", "" 130.471"", ""  57.909""], ["" 128.567"", "" 132.452"", ""  62.076""], ["" 129.608"", "" 132.597"", ""  60.955""], ["" 129.109"", "" 132.683"", ""  59.702""], ["" 130.807"", "" 132.615"", ""  61.239""], ["" 128.105"", "" 132.657"", ""  59.601""], ["" 129.825"", "" 132.818"", ""  58.520""], ["" 129.449"", "" 133.512"", ""  57.458""], ["" 131.067"", "" 132.219"", ""  58.309""], ["" 130.463"", "" 133.374"", ""  56.507""], ["" 131.432"", "" 132.591"", ""  57.035""]]",[],1p_Grossjean_2025
21,5905,1q_Grossjean_2025,receptor_tmp,1,9,-6.68,-0.30363636363636365,0.0,0.0,6,191.42,-8.77,-8.67,-0.1,-8.77,0.0,-1.23,2.09,-1.23,50,5,0.0,0.0,0.0,12.8765,17.45645,8.661558,0.85476473,0.48101989,0.19492851,79.54232,"228.246887, 228.314346, 244.511551, 76.787003, 41.895908, 33.725658, 280.757446, ","[["" 130.172"", "" 132.102"", ""  60.811""], ["" 129.988"", "" 132.185"", ""  59.479""], ["" 131.271"", "" 132.244"", ""  61.349""], ["" 129.058"", "" 132.031"", ""  59.116""], ["" 128.913"", "" 131.831"", ""  61.648""], ["" 128.656"", "" 132.867"", ""  62.760""], ["" 128.227"", "" 134.518"", ""  62.131""], ["" 126.478"", "" 134.561"", ""  61.798""], ["" 124.392"", "" 135.584"", ""  61.108""], ["" 125.783"", "" 135.703"", ""  61.326""], ["" 123.758"", "" 134.367"", ""  61.377""], ["" 126.454"", "" 136.985"", ""  61.105""], ["" 124.514"", "" 133.303"", ""  61.864""], ["" 126.980"", "" 138.001"", ""  60.929""], ["" 125.847"", "" 133.393"", ""  62.079""], ["" 123.538"", "" 136.741"", ""  60.591""], ["" 123.883"", "" 131.961"", ""  62.185""], ["" 131.034"", "" 132.449"", ""  58.480""], ["" 130.492"", "" 133.129"", ""  57.205""], ["" 131.250"", "" 133.401"", ""  56.272""], ["" 129.155"", "" 133.351"", ""  57.223""], ["" 128.368"", "" 133.115"", ""  56.065""]]",[],1q_Grossjean_2025
22,6117,2a_Ghoteimi_2023,receptor_tmp,1,9,-11.64,-0.23755102040816328,0.0,0.0,4,190.14,-14.92,-14.4,-0.52,-14.92,0.0,-2.15,3.28,-2.15,78,4,0.0,0.0,0.0,13.587879,12.605457,9.000908,0.62160999,-0.5570374,-0.5507362,132.002014,"34.250835, 42.000961, 93.086952, 222.571075, 358.09137, 17.62779, 40.288574, 355.385071, 142.183548, 292.780548, 181.083725, ","[["" 129.227"", "" 123.195"", ""  63.079""], ["" 128.135"", "" 123.637"", ""  62.418""], ["" 130.103"", "" 122.475"", ""  62.600""], ["" 127.468"", "" 124.161"", ""  62.964""], ["" 129.314"", "" 123.621"", ""  64.551""], ["" 130.575"", "" 124.890"", ""  64.895""], ["" 129.690"", "" 126.275"", ""  65.572""], ["" 129.017"", "" 127.074"", ""  62.162""], ["" 129.009"", "" 127.137"", ""  63.318""], ["" 128.996"", "" 127.218"", ""  64.782""], ["" 128.322"", "" 128.273"", ""  65.445""], ["" 129.741"", "" 126.351"", ""  66.923""], ["" 128.389"", "" 128.331"", ""  66.844""], ["" 129.095"", "" 127.360"", ""  67.559""], ["" 127.545"", "" 129.340"", ""  64.743""], ["" 128.207"", "" 130.427"", ""  64.166""], ["" 126.150"", "" 129.290"", ""  64.677""], ["" 127.491"", "" 131.435"", ""  63.528""], ["" 125.434"", "" 130.298"", ""  64.038""], ["" 126.091"", "" 131.386"", ""  63.445""], ["" 125.352"", "" 132.397"", ""  62.825""], ["" 123.923"", "" 132.171"", ""  62.529""], ["" 125.943"", "" 133.247"", ""  61.773""], ["" 123.152"", "" 133.471"", ""  62.217""], ["" 125.120"", "" 134.518"", ""  61.476""], ["" 123.783"", "" 134.168"", ""  61.154""], ["" 129.187"", "" 127.374"", ""  69.051""], ["" 128.104"", "" 126.984"", ""  69.849""], ["" 130.359"", "" 127.794"", ""  69.690""], ["" 128.191"", "" 127.010"", ""  71.238""], ["" 130.446"", "" 127.823"", ""  71.078""], ["" 129.367"", "" 127.421"", ""  71.882""], ["" 129.430"", "" 127.471"", ""  73.279""], ["" 128.864"", "" 128.606"", ""  74.035""], ["" 130.621"", "" 126.947"", ""  73.981""], ["" 128.698"", "" 128.329"", ""  75.544""], ["" 130.402"", "" 126.721"", ""  75.491""], ["" 129.935"", "" 127.913"", ""  76.101""], ["" 127.758"", "" 123.450"", ""  61.074""], ["" 128.697"", "" 122.808"", ""  60.265""], ["" 126.530"", "" 123.842"", ""  60.522""], ["" 128.426"", "" 122.568"", ""  58.921""], ["" 126.260"", "" 123.603"", ""  59.177""], ["" 127.203"", "" 122.965"", ""  58.360""], ["" 126.877"", "" 122.724"", ""  56.914""], ["" 125.982"", "" 121.961"", ""  56.537""], ["" 127.669"", "" 123.425"", ""  56.062""], ["" 128.079"", "" 124.752"", ""  56.364""], ["" 129.035"", "" 125.249"", ""  55.275""]]",[],2a_Ghoteimi_2023
23,10607,2a_Grossjean_2025,receptor_tmp,1,12,-7.34,-0.24466666666666667,0.0,0.0,7,185.59,-9.73,-9.52,-0.21,-9.73,0.0,-1.88,2.39,-1.88,71,2,0.0,0.0,0.0,9.461481,14.792803,3.770987,-0.88776512,-0.45519622,-0.06833362,167.887009,"242.629456, 95.49234, 279.560364, 187.795593, 194.703781, 279.370941, 187.090637, 132.654373, ","[["" 124.148"", "" 131.441"", ""  59.078""], ["" 125.467"", "" 131.427"", ""  59.366""], ["" 123.648"", "" 131.871"", ""  58.039""], ["" 125.721"", "" 131.015"", ""  60.251""], ["" 123.229"", "" 130.867"", ""  60.163""], ["" 123.005"", "" 131.987"", ""  61.584""], ["" 124.241"", "" 133.280"", ""  61.536""], ["" 124.693"", "" 135.512"", ""  61.024""], ["" 126.030"", "" 135.375"", ""  61.386""], ["" 123.810"", "" 134.491"", ""  61.099""], ["" 126.497"", "" 134.135"", ""  61.849""], ["" 125.581"", "" 133.055"", ""  61.929""], ["" 126.015"", "" 131.737"", ""  62.402""], ["" 126.357"", "" 130.696"", ""  62.776""], ["" 124.143"", "" 136.825"", ""  60.501""], ["" 127.979"", "" 134.001"", ""  62.247""], ["" 128.591"", "" 135.180"", ""  62.134""], ["" 128.075"", "" 133.580"", ""  63.509""], ["" 128.641"", "" 133.129"", ""  61.481""], ["" 126.566"", "" 131.847"", ""  58.593""], ["" 126.503"", "" 131.535"", ""  57.235""], ["" 127.683"", "" 132.534"", ""  59.089""], ["" 127.529"", "" 131.914"", ""  56.374""], ["" 128.711"", "" 132.909"", ""  58.228""], ["" 128.646"", "" 132.609"", ""  56.861""], ["" 129.770"", "" 133.035"", ""  55.961""], ["" 129.714"", "" 132.977"", ""  54.730""], ["" 130.862"", "" 133.472"", ""  56.641""], ["" 131.979"", "" 132.618"", ""  56.862""], ["" 131.890"", "" 131.414"", ""  55.919""]]",[],2a_Grossjean_2025
24,10736,2aa_Ghoteimi_2023,receptor_tmp,1,3,-11.52,-0.23510204081632652,0.0,0.0,8,188.99,-14.8,-14.22,-0.57,-14.8,0.0,-2.55,3.28,-2.55,79,8,0.0,0.0,0.0,9.257933,12.685864,10.197841,-0.06530067,0.10488515,0.99233811,95.798126,"147.767365, 57.789707, 138.86322, 114.005508, 264.235596, 0.209778, 197.590439, 331.751465, 112.984406, 146.187363, 167.21936, ","[["" 125.341"", "" 130.797"", ""  63.774""], ["" 126.246"", "" 131.572"", ""  63.139""], ["" 124.148"", "" 131.073"", ""  63.918""], ["" 127.171"", "" 131.181"", ""  63.038""], ["" 125.900"", "" 129.473"", ""  64.313""], ["" 127.301"", "" 129.613"", ""  64.573""], ["" 128.012"", "" 128.566"", ""  65.145""], ["" 128.207"", "" 127.676"", ""  61.733""], ["" 128.370"", "" 127.630"", ""  62.878""], ["" 128.575"", "" 127.570"", ""  64.327""], ["" 129.310"", "" 126.526"", ""  64.935""], ["" 128.139"", "" 128.544"", ""  66.501""], ["" 129.417"", "" 126.521"", ""  66.332""], ["" 128.824"", "" 127.533"", ""  67.092""], ["" 129.987"", "" 125.431"", ""  64.175""], ["" 129.233"", "" 124.504"", ""  63.452""], ["" 131.378"", "" 125.298"", ""  64.195""], ["" 129.855"", "" 123.470"", ""  62.758""], ["" 132.000"", "" 124.264"", ""  63.502""], ["" 131.251"", "" 123.325"", ""  62.779""], ["" 131.897"", "" 122.297"", ""  62.087""], ["" 133.312"", "" 122.412"", ""  61.686""], ["" 131.153"", "" 121.545"", ""  61.057""], ["" 133.942"", "" 121.069"", ""  61.260""], ["" 131.838"", "" 120.224"", ""  60.649""], ["" 133.169"", "" 120.477"", ""  60.227""], ["" 128.927"", "" 127.577"", ""  68.584""], ["" 130.068"", "" 128.094"", ""  69.207""], ["" 127.890"", "" 127.102"", ""  69.396""], ["" 130.166"", "" 128.143"", ""  70.595""], ["" 127.986"", "" 127.154"", ""  70.784""], ["" 129.119"", "" 127.690"", ""  71.413""], ["" 129.206"", "" 127.721"", ""  72.809""], ["" 128.086"", "" 128.208"", ""  73.640""], ["" 129.919"", "" 126.641"", ""  73.522""], ["" 128.479"", "" 128.504"", ""  75.103""], ["" 130.259"", "" 126.983"", ""  74.988""], ["" 129.082"", "" 127.361"", ""  75.685""], ["" 126.088"", "" 132.837"", ""  62.540""], ["" 124.791"", "" 133.354"", ""  62.550""], ["" 127.118"", "" 133.574"", ""  61.938""], ["" 124.523"", "" 134.596"", ""  61.982""], ["" 126.846"", "" 134.815"", ""  61.367""], ["" 125.549"", "" 135.343"", ""  61.384""], ["" 125.293"", "" 136.683"", ""  60.758""], ["" 124.222"", "" 136.989"", ""  60.222""], ["" 126.360"", "" 137.521"", ""  60.828""], ["" 126.816"", "" 138.028"", ""  62.076""], ["" 128.309"", "" 138.354"", ""  61.975""]]",[],2aa_Ghoteimi_2023
25,10682,2b_Ghoteimi_2023,receptor_tmp,1,6,-11.82,-0.27488372093023256,0.0,0.0,9,190.67,-14.21,-13.77,-0.43,-14.21,0.0,-1.59,2.39,-1.59,91,5,0.0,0.0,0.0,11.415952,14.495723,8.646037,-0.49671967,-0.44339154,0.74610556,121.882301,"241.661743, 328.805847, 256.350403, 143.40567, 6.923265, 319.055817, 319.210205, 238.602661, ","[["" 127.385"", "" 132.105"", ""  61.378""], ["" 127.542"", "" 130.490"", ""  62.110""], ["" 128.261"", "" 132.258"", ""  65.129""], ["" 128.084"", "" 131.382"", ""  64.395""], ["" 127.859"", "" 130.268"", ""  63.469""], ["" 127.952"", "" 128.927"", ""  63.919""], ["" 127.294"", "" 129.477"", ""  61.247""], ["" 127.724"", "" 127.897"", ""  62.999""], ["" 127.383"", "" 128.193"", ""  61.676""], ["" 128.273"", "" 128.545"", ""  65.327""], ["" 128.943"", "" 127.350"", ""  65.596""], ["" 127.893"", "" 129.363"", ""  66.394""], ["" 129.243"", "" 126.988"", ""  66.906""], ["" 128.190"", "" 128.999"", ""  67.704""], ["" 128.866"", "" 127.804"", ""  67.985""], ["" 129.167"", "" 127.468"", ""  69.306""], ["" 130.168"", "" 128.268"", ""  70.040""], ["" 128.121"", "" 127.009"", ""  70.241""], ["" 130.679"", "" 127.579"", ""  71.323""], ["" 128.688"", "" 126.346"", ""  71.513""], ["" 129.586"", "" 127.234"", ""  72.161""], ["" 127.101"", "" 127.130"", ""  60.662""], ["" 126.660"", "" 127.467"", ""  59.378""], ["" 127.282"", "" 125.774"", ""  60.961""], ["" 126.411"", "" 126.485"", ""  58.424""], ["" 127.030"", "" 124.790"", ""  60.009""], ["" 126.581"", "" 125.123"", ""  58.723""], ["" 126.364"", "" 124.126"", ""  57.765""], ["" 127.483"", "" 123.263"", ""  57.335""], ["" 125.100"", "" 123.365"", ""  57.719""], ["" 127.202"", "" 122.494"", ""  56.025""], ["" 124.889"", "" 122.591"", ""  56.400""], ["" 126.001"", "" 121.748"", ""  56.148""], ["" 129.034"", "" 132.869"", ""  61.375""], ["" 129.739"", "" 132.713"", ""  60.027""], ["" 129.087"", "" 133.235"", ""  58.966""], ["" 130.830"", "" 132.142"", ""  59.979""], ["" 128.190"", "" 133.664"", ""  59.140""], ["" 129.492"", "" 133.222"", ""  57.639""], ["" 130.714"", "" 133.472"", ""  57.198""], ["" 128.629"", "" 132.938"", ""  56.582""], ["" 130.671"", "" 133.349"", ""  55.807""], ["" 129.405"", "" 133.027"", ""  55.451""]]",[],2b_Ghoteimi_2023
26,6002,2b_Grossjean_2025,receptor_tmp,1,3,-7.23,-0.2493103448275862,0.0,0.0,4,188.0,-9.32,-9.11,-0.21,-9.32,0.0,-1.77,2.09,-1.77,68,3,0.0,0.0,0.0,7.84102,18.834589,5.016557,-0.44683889,0.89435007,-0.02174766,94.169281,"253.309296, 101.90889, 269.140259, 4.639618, 269.060394, 8.902993, 330.235107, ","[["" 124.110"", "" 131.372"", ""  59.148""], ["" 125.449"", "" 131.290"", ""  59.296""], ["" 123.529"", "" 131.863"", ""  58.179""], ["" 125.776"", "" 130.932"", ""  60.181""], ["" 123.288"", "" 130.813"", ""  60.313""], ["" 123.021"", "" 132.025"", ""  61.649""], ["" 124.243"", "" 133.326"", ""  61.546""], ["" 124.649"", "" 135.570"", ""  61.051""], ["" 126.005"", "" 135.439"", ""  61.335""], ["" 123.779"", "" 134.540"", ""  61.156""], ["" 126.506"", "" 134.194"", ""  61.747""], ["" 125.606"", "" 133.104"", ""  61.855""], ["" 126.075"", "" 131.780"", ""  62.274""], ["" 126.446"", "" 130.735"", ""  62.606""], ["" 124.053"", "" 136.889"", ""  60.598""], ["" 128.008"", "" 134.067"", ""  62.062""], ["" 128.559"", "" 135.279"", ""  62.156""], ["" 128.182"", "" 133.423"", ""  63.217""], ["" 128.678"", "" 133.394"", ""  61.123""], ["" 126.477"", "" 131.691"", ""  58.421""], ["" 127.576"", "" 132.308"", ""  59.018""], ["" 126.468"", "" 131.495"", ""  57.032""], ["" 128.650"", "" 132.738"", ""  58.245""], ["" 127.544"", "" 131.925"", ""  56.260""], ["" 128.647"", "" 132.553"", ""  56.854""], ["" 129.789"", "" 133.003"", ""  55.990""], ["" 129.753"", "" 132.985"", ""  54.755""], ["" 130.862"", "" 133.434"", ""  56.701""], ["" 131.882"", "" 132.532"", ""  57.107""]]",[],2b_Grossjean_2025
27,10793,2c_Ghoteimi_2023,receptor_tmp,1,16,-11.46,-0.26651162790697674,0.0,0.0,9,190.76,-13.85,-13.49,-0.36,-13.85,0.0,-1.63,2.39,-1.63,74,3,0.0,0.0,0.0,11.540762,14.475869,7.729641,-0.20141859,0.11850391,0.97231033,85.917015,"239.600891, 141.057892, 67.761307, 328.785706, 79.194839, 152.87442, 282.01004, 66.007469, ","[["" 127.267"", "" 132.299"", ""  60.982""], ["" 127.424"", "" 130.715"", ""  61.775""], ["" 128.043"", "" 132.601"", ""  64.743""], ["" 127.896"", "" 131.696"", ""  64.038""], ["" 127.710"", "" 130.545"", ""  63.149""], ["" 127.810"", "" 129.223"", ""  63.649""], ["" 127.214"", "" 129.669"", ""  60.941""], ["" 127.620"", "" 128.157"", ""  62.760""], ["" 127.312"", "" 128.401"", ""  61.418""], ["" 128.108"", "" 128.893"", ""  65.075""], ["" 127.869"", "" 129.835"", ""  66.078""], ["" 128.638"", "" 127.650"", ""  65.429""], ["" 128.140"", "" 129.534"", ""  67.410""], ["" 128.911"", "" 127.350"", ""  66.760""], ["" 128.671"", "" 128.287"", ""  67.775""], ["" 128.931"", "" 127.956"", ""  69.107""], ["" 128.047"", "" 126.998"", ""  69.800""], ["" 130.312"", "" 127.800"", ""  69.605""], ["" 128.205"", "" 127.023"", ""  71.335""], ["" 130.413"", "" 127.803"", ""  71.145""], ["" 129.563"", "" 126.804"", ""  71.687""], ["" 127.083"", "" 127.299"", ""  60.433""], ["" 127.152"", "" 125.960"", ""  60.831""], ["" 126.786"", "" 127.575"", ""  59.093""], ["" 126.934"", "" 124.930"", ""  59.920""], ["" 126.570"", "" 126.545"", ""  58.181""], ["" 126.650"", "" 125.201"", ""  58.572""], ["" 126.404"", "" 124.178"", ""  57.650""], ["" 127.513"", "" 123.314"", ""  57.196""], ["" 125.149"", "" 123.399"", ""  57.680""], ["" 127.188"", "" 122.506"", ""  55.922""], ["" 124.892"", "" 122.584"", ""  56.394""], ["" 126.005"", "" 121.749"", ""  56.116""], ["" 128.070"", "" 132.177"", ""  59.355""], ["" 129.595"", "" 132.195"", ""  59.465""], ["" 130.097"", "" 131.841"", ""  60.668""], ["" 130.268"", "" 132.515"", ""  58.484""], ["" 129.439"", "" 131.607"", ""  61.398""], ["" 131.436"", "" 131.792"", ""  61.027""], ["" 131.959"", "" 131.975"", ""  62.219""], ["" 132.580"", "" 131.444"", ""  59.771""], ["" 133.271"", "" 131.850"", ""  62.197""], ["" 133.841"", "" 131.559"", ""  60.961""]]",[],2c_Ghoteimi_2023
28,6132,2c_Grossjean_2025,receptor_tmp,1,16,-6.55,-0.24259259259259258,0.0,0.0,1,190.14,-8.34,-8.14,-0.2,-8.34,0.0,-1.75,1.79,-1.75,61,5,0.0,0.0,0.0,13.548615,15.368135,7.68418,0.82891929,0.13752419,0.54219914,169.746216,"141.453262, 70.891899, 221.827835, 219.84462, 74.703316, 201.029663, ","[["" 128.445"", "" 131.371"", ""  63.729""], ["" 127.477"", "" 129.867"", ""  63.357""], ["" 126.171"", "" 130.271"", ""  62.204""], ["" 125.627"", "" 130.760"", ""  59.989""], ["" 124.277"", "" 130.908"", ""  60.301""], ["" 126.559"", "" 130.444"", ""  60.914""], ["" 123.853"", "" 130.726"", ""  61.625""], ["" 124.821"", "" 130.399"", ""  62.608""], ["" 124.434"", "" 130.200"", ""  64.009""], ["" 124.128"", "" 130.042"", ""  65.114""], ["" 126.142"", "" 130.954"", ""  58.575""], ["" 122.356"", "" 130.891"", ""  61.955""], ["" 122.131"", "" 132.107"", ""  62.455""], ["" 121.624"", "" 130.734"", ""  60.852""], ["" 121.926"", "" 130.002"", ""  62.853""], ["" 129.371"", "" 131.855"", ""  62.603""], ["" 128.862"", "" 131.738"", ""  61.358""], ["" 130.499"", "" 132.281"", ""  62.862""], ["" 127.974"", "" 131.264"", ""  61.276""], ["" 129.443"", "" 132.114"", ""  60.133""], ["" 130.737"", "" 131.749"", ""  59.733""], ["" 128.673"", "" 132.935"", ""  59.308""], ["" 131.234"", "" 132.185"", ""  58.508""], ["" 129.174"", "" 133.369"", ""  58.084""], ["" 130.463"", "" 132.993"", ""  57.673""], ["" 131.042"", "" 133.374"", ""  56.478""], ["" 131.829"", "" 132.432"", ""  55.756""]]",[],2c_Grossjean_2025
29,10775,2d_Ghoteimi_2023,receptor_tmp,1,1,-9.97,-0.2623684210526316,0.0,0.0,11,190.21,-12.35,-11.91,-0.45,-12.35,0.0,-1.52,2.39,-1.52,66,3,0.0,0.0,0.0,11.316628,13.593242,8.669374,-0.06739332,0.55945092,0.82611912,88.074722,"59.748127, 273.576538, 123.473717, 200.880219, 103.928383, 2.832585, 31.723186, 286.446014, ","[["" 127.679"", "" 132.121"", ""  61.316""], ["" 127.729"", "" 130.514"", ""  62.082""], ["" 128.518"", "" 132.272"", ""  65.092""], ["" 128.291"", "" 131.399"", ""  64.366""], ["" 128.004"", "" 130.290"", ""  63.451""], ["" 128.004"", "" 128.953"", ""  63.920""], ["" 127.511"", "" 129.499"", ""  61.210""], ["" 127.743"", "" 127.925"", ""  63.005""], ["" 127.514"", "" 128.218"", ""  61.658""], ["" 128.267"", "" 128.564"", ""  65.338""], ["" 127.858"", "" 129.396"", ""  66.381""], ["" 128.898"", "" 127.355"", ""  65.647""], ["" 128.088"", "" 129.037"", ""  67.706""], ["" 129.129"", "" 126.997"", ""  66.972""], ["" 128.738"", "" 127.834"", ""  68.026""], ["" 128.967"", "" 127.447"", ""  69.349""], ["" 127.856"", "" 127.069"", ""  70.244""], ["" 130.014"", "" 128.136"", ""  70.129""], ["" 128.317"", "" 126.339"", ""  71.523""], ["" 130.422"", "" 127.376"", ""  71.410""], ["" 129.278"", "" 127.125"", ""  72.211""], ["" 127.249"", "" 127.153"", ""  60.642""], ["" 126.773"", "" 127.486"", ""  59.369""], ["" 127.464"", "" 125.801"", ""  60.935""], ["" 126.524"", "" 126.500"", ""  58.418""], ["" 127.217"", "" 124.815"", ""  59.984""], ["" 126.753"", "" 125.145"", ""  58.703""], ["" 126.491"", "" 124.140"", ""  57.765""], ["" 127.565"", "" 123.274"", ""  57.240""], ["" 125.232"", "" 123.372"", ""  57.849""], ["" 127.167"", "" 122.497"", ""  55.968""], ["" 124.899"", "" 122.587"", ""  56.562""], ["" 125.986"", "" 121.748"", ""  56.209""], ["" 129.206"", "" 133.017"", ""  61.762""], ["" 130.454"", "" 132.180"", ""  61.444""], ["" 130.622"", "" 131.596"", ""  60.370""], ["" 131.314"", "" 132.170"", ""  62.483""], ["" 132.557"", "" 131.491"", ""  62.385""]]",[],2d_Ghoteimi_2023
30,6087,2d_Grossjean_2025,receptor_tmp,3,17,-6.35,-0.254,0.0,0.0,12,186.28,-7.84,-7.72,-0.12,-7.84,0.0,-1.95,1.49,-1.95,54,3,0.0,0.0,0.0,14.608217,9.178967,4.039067,0.86184878,0.47614771,0.17464262,119.179466,"109.298294, 332.180664, 289.120239, 68.968155, 354.031189, ","[["" 130.897"", "" 126.490"", ""  58.358""], ["" 129.794"", "" 125.096"", ""  58.499""], ["" 129.081"", "" 123.390"", ""  59.915""], ["" 128.210"", "" 122.888"", ""  58.951""], ["" 129.858"", "" 124.477"", ""  59.702""], ["" 128.114"", "" 123.530"", ""  57.707""], ["" 128.920"", "" 124.673"", ""  57.470""], ["" 128.823"", "" 125.406"", ""  56.204""], ["" 128.745"", "" 125.985"", ""  55.206""], ["" 129.219"", "" 122.738"", ""  61.277""], ["" 127.138"", "" 122.966"", ""  56.657""], ["" 127.750"", "" 122.857"", ""  55.477""], ["" 126.707"", "" 121.761"", ""  57.033""], ["" 126.064"", "" 123.739"", ""  56.482""], ["" 132.458"", "" 125.928"", ""  57.603""], ["" 133.087"", "" 124.741"", ""  58.340""], ["" 132.659"", "" 124.547"", ""  59.605""], ["" 133.903"", "" 124.034"", ""  57.748""], ["" 131.919"", "" 125.154"", ""  59.925""], ["" 133.043"", "" 123.559"", ""  60.531""], ["" 133.474"", "" 124.022"", ""  61.777""], ["" 133.043"", "" 122.179"", ""  60.264""], ["" 133.881"", "" 123.122"", ""  62.758""], ["" 133.451"", "" 121.282"", ""  61.246""], ["" 133.865"", "" 121.755"", ""  62.489""]]",[],2d_Grossjean_2025
31,10784,2e_Grossjean_2025,receptor_tmp,1,1,-6.39,-0.24576923076923077,0.0,0.0,1,192.28,-7.89,-7.7,-0.19,-7.89,0.0,-1.6,1.49,-1.6,46,2,0.0,0.0,0.0,11.835724,16.877163,5.936906,-0.57219245,0.76945966,0.2837739,82.000534,"336.760193, 210.784439, 115.064354, 253.236694, 44.679821, ","[["" 127.152"", "" 130.950"", ""  57.719""], ["" 126.468"", "" 130.997"", ""  59.361""], ["" 126.919"", "" 130.738"", ""  61.630""], ["" 125.580"", "" 130.932"", ""  61.965""], ["" 127.363"", "" 130.766"", ""  60.353""], ["" 124.640"", "" 131.163"", ""  60.950""], ["" 125.091"", "" 131.200"", ""  59.607""], ["" 124.154"", "" 131.408"", ""  58.499""], ["" 123.413"", "" 131.571"", ""  57.624""], ["" 127.972"", "" 130.475"", ""  62.689""], ["" 123.161"", "" 131.354"", ""  61.335""], ["" 122.867"", "" 132.653"", ""  61.393""], ["" 122.376"", "" 130.772"", ""  60.427""], ["" 122.865"", "" 130.822"", ""  62.523""], ["" 127.876"", "" 132.599"", ""  57.447""], ["" 129.370"", "" 132.634"", ""  57.785""], ["" 129.760"", "" 131.842"", ""  58.809""], ["" 130.112"", "" 133.385"", ""  57.151""], ["" 129.076"", "" 131.195"", ""  59.172""], ["" 131.028"", "" 131.764"", ""  59.410""], ["" 131.179"", "" 131.792"", ""  60.766""], ["" 132.120"", "" 131.595"", ""  58.551""], ["" 132.429"", "" 131.667"", ""  61.284""], ["" 133.399"", "" 131.468"", ""  59.099""], ["" 133.563"", "" 131.504"", ""  60.484""], ["" 132.522"", "" 131.703"", ""  62.797""]]",[],2e_Grossjean_2025
32,10649,2f_Grossjean_2025,receptor_tmp,1,20,-6.53,-0.2612,0.0,0.0,1,191.31,-8.03,-7.95,-0.07,-8.03,0.0,-1.04,1.49,-1.04,60,4,0.0,0.0,0.0,13.273085,16.712482,2.211026,0.86466821,-0.15080616,-0.47917262,238.847382,"242.377045, 197.029205, 286.030884, 275.918213, 159.200531, ","[["" 128.995"", "" 132.914"", ""  55.899""], ["" 127.965"", "" 132.487"", ""  57.289""], ["" 127.744"", "" 132.683"", ""  59.600""], ["" 126.552"", "" 131.964"", ""  59.595""], ["" 128.446"", "" 132.939"", ""  58.473""], ["" 126.049"", "" 131.467"", ""  58.383""], ["" 126.777"", "" 131.724"", ""  57.192""], ["" 126.324"", "" 131.179"", ""  55.909""], ["" 125.965"", "" 130.749"", ""  54.896""], ["" 128.335"", "" 133.234"", ""  60.884""], ["" 124.735"", "" 130.663"", ""  58.400""], ["" 124.218"", "" 130.657"", ""  59.630""], ["" 123.854"", "" 131.214"", ""  57.564""], ["" 124.901"", "" 129.392"", ""  58.030""], ["" 130.565"", "" 131.997"", ""  56.056""], ["" 131.426"", "" 132.383"", ""  57.268""], ["" 131.301"", "" 131.558"", ""  58.329""], ["" 132.170"", "" 133.364"", ""  57.223""], ["" 130.698"", "" 130.757"", ""  58.204""], ["" 131.925"", "" 131.620"", ""  59.589""], ["" 131.094"", "" 131.810"", ""  60.699""], ["" 133.310"", "" 131.523"", ""  59.820""], ["" 131.555"", "" 131.891"", ""  61.973""], ["" 133.801"", "" 131.606"", ""  61.124""], ["" 132.894"", "" 131.787"", ""  62.169""]]",[],2f_Grossjean_2025
33,10709,2g_Grossjean_2025,receptor_tmp,1,2,-6.18,-0.23769230769230767,0.0,0.0,8,189.83,-7.97,-7.77,-0.2,-7.97,0.0,-1.81,1.79,-1.81,41,3,0.0,0.0,0.0,11.403345,17.752075,3.106008,-0.7670013,-0.33279122,0.54859731,202.696472,"335.106567, 43.887283, 116.307602, 41.183311, 141.64296, 327.95993, ","[["" 127.086"", "" 131.022"", ""  57.077""], ["" 126.580"", "" 130.791"", ""  58.767""], ["" 127.293"", "" 130.098"", ""  60.874""], ["" 126.048"", "" 130.366"", ""  61.437""], ["" 127.561"", "" 130.300"", ""  59.564""], ["" 125.013"", "" 130.851"", ""  60.624""], ["" 125.275"", "" 131.062"", ""  59.246""], ["" 124.213"", "" 131.514"", ""  58.342""], ["" 123.375"", "" 131.870"", ""  57.629""], ["" 128.443"", "" 129.564"", ""  61.706""], ["" 123.639"", "" 131.134"", ""  61.263""], ["" 123.515"", "" 132.434"", ""  61.536""], ["" 122.667"", "" 130.774"", ""  60.424""], ["" 123.454"", "" 130.468"", ""  62.405""], ["" 127.956"", "" 132.624"", ""  56.980""], ["" 129.479"", "" 132.538"", ""  57.150""], ["" 129.921"", "" 131.503"", ""  57.888""], ["" 130.231"", "" 133.367"", ""  56.633""], ["" 129.240"", "" 130.881"", ""  58.299""], ["" 131.322"", "" 131.217"", ""  58.197""], ["" 131.700"", "" 131.429"", ""  59.659""], ["" 133.048"", "" 131.499"", ""  60.026""], ["" 130.703"", "" 131.615"", ""  60.620""], ["" 133.395"", "" 131.731"", ""  61.355""], ["" 131.050"", "" 131.847"", ""  61.947""], ["" 132.395"", "" 131.902"", ""  62.310""]]",[],2g_Grossjean_2025
34,6069,2h_Grossjean_2025,receptor_tmp,1,6,-7.0,-0.21875,0.0,0.0,6,192.83,-9.68,-9.3,-0.39,-9.68,0.0,-1.61,2.68,-1.61,73,7,0.0,0.0,0.0,10.895882,16.975535,5.929518,0.92829432,0.3295605,-0.17221941,64.249008,"266.59436, 333.961395, 157.654861, 131.460403, 208.770828, 23.312654, 305.777405, 251.93959, 4.93885, ","[["" 129.563"", "" 131.779"", ""  62.754""], ["" 130.288"", "" 130.850"", ""  62.105""], ["" 129.764"", "" 132.990"", ""  62.645""], ["" 130.042"", "" 129.878"", ""  62.221""], ["" 128.441"", "" 131.236"", ""  63.650""], ["" 127.660"", "" 129.696"", ""  63.060""], ["" 126.360"", "" 130.175"", ""  61.943""], ["" 125.854"", "" 130.642"", ""  59.719""], ["" 124.527"", "" 130.932"", ""  60.032""], ["" 126.758"", "" 130.267"", ""  60.650""], ["" 124.091"", "" 130.822"", ""  61.361""], ["" 125.027"", "" 130.422"", ""  62.349""], ["" 124.609"", "" 130.235"", ""  63.741""], ["" 124.276"", "" 130.085"", ""  64.839""], ["" 126.371"", "" 130.732"", ""  58.295""], ["" 122.619"", "" 131.137"", ""  61.687""], ["" 122.192"", "" 130.349"", ""  62.674""], ["" 122.436"", "" 132.401"", ""  62.077""], ["" 121.858"", "" 130.935"", ""  60.611""], ["" 131.333"", "" 131.139"", ""  61.122""], ["" 130.810"", "" 131.792"", ""  59.845""], ["" 131.644"", "" 131.972"", ""  58.731""], ["" 129.483"", "" 132.222"", ""  59.785""], ["" 131.129"", "" 132.541"", ""  57.554""], ["" 128.980"", "" 132.803"", ""  58.624""], ["" 129.796"", "" 132.968"", ""  57.494""], ["" 132.953"", "" 131.555"", ""  58.783""], ["" 133.222"", "" 130.374"", ""  58.037""], ["" 131.939"", "" 132.702"", ""  56.455""], ["" 131.675"", "" 131.787"", ""  55.400""], ["" 129.365"", "" 133.528"", ""  56.305""], ["" 128.218"", "" 132.992"", ""  55.655""]]",[],2h_Grossjean_2025
35,6036,2i_Grossjean_2025,receptor_tmp,1,10,-6.33,-0.26375,0.0,0.0,5,189.99,-7.82,-7.62,-0.2,-7.82,0.0,-1.5,1.49,-1.5,53,6,0.0,0.0,0.0,10.398087,18.527668,7.034489,0.94427758,0.32759895,0.03191816,178.229156,"225.478424, 283.111664, 46.120792, 214.689438, 281.214203, ","[["" 127.239"", "" 133.781"", ""  61.437""], ["" 125.917"", "" 132.746"", ""  60.828""], ["" 125.121"", "" 131.478"", ""  59.039""], ["" 123.963"", "" 131.138"", ""  59.732""], ["" 126.084"", "" 132.265"", ""  59.569""], ["" 123.771"", "" 131.623"", ""  61.034""], ["" 124.773"", "" 132.449"", ""  61.604""], ["" 124.625"", "" 132.982"", ""  62.962""], ["" 124.508"", "" 133.403"", ""  64.033""], ["" 125.380"", "" 130.979"", ""  57.629""], ["" 122.483"", "" 131.238"", ""  61.786""], ["" 121.587"", "" 130.740"", ""  60.932""], ["" 122.752"", "" 130.320"", ""  62.715""], ["" 121.914"", "" 132.277"", ""  62.403""], ["" 128.639"", "" 132.709"", ""  61.877""], ["" 129.688"", "" 132.639"", ""  60.765""], ["" 129.212"", "" 132.698"", ""  59.503""], ["" 130.880"", "" 132.560"", ""  61.070""], ["" 128.215"", "" 132.803"", ""  59.383""], ["" 129.956"", "" 132.671"", ""  58.336""], ["" 129.759"", "" 133.611"", ""  57.438""], ["" 130.931"", "" 131.758"", ""  57.907""], ["" 130.629"", "" 133.345"", ""  56.378""], ["" 131.328"", "" 132.224"", ""  56.675""]]",[],2i_Grossjean_2025
36,10667,2j_Grossjean_2025,receptor_tmp,1,20,-5.89,-0.24541666666666664,0.0,0.0,2,189.41,-7.38,-7.31,-0.06,-7.38,0.0,-1.45,1.49,-1.45,59,4,0.0,0.0,0.0,10.47449,18.743777,6.570926,-0.93083539,-0.36543244,0.00214837,187.540375,"214.595398, 283.716888, 236.077576, 180.504883, 270.019958, ","[["" 126.921"", "" 134.266"", ""  61.120""], ["" 125.754"", "" 132.996"", ""  60.652""], ["" 125.201"", "" 131.356"", ""  59.090""], ["" 124.051"", "" 131.006"", ""  59.792""], ["" 126.042"", "" 132.330"", ""  59.505""], ["" 123.736"", "" 131.680"", ""  60.982""], ["" 124.607"", "" 132.705"", ""  61.429""], ["" 124.327"", "" 133.444"", ""  62.665""], ["" 124.107"", "" 134.025"", ""  63.640""], ["" 125.589"", "" 130.656"", ""  57.801""], ["" 122.461"", "" 131.279"", ""  61.747""], ["" 121.575"", "" 130.743"", ""  60.907""], ["" 122.757"", "" 130.386"", ""  62.692""], ["" 121.870"", "" 132.316"", ""  62.345""], ["" 128.416"", "" 133.455"", ""  61.784""], ["" 129.422"", "" 132.987"", ""  60.722""], ["" 128.959"", "" 133.015"", ""  59.452""], ["" 130.558"", "" 132.632"", ""  61.044""], ["" 128.013"", "" 133.335"", ""  59.307""], ["" 129.654"", "" 132.646"", ""  58.308""], ["" 129.892"", "" 133.374"", ""  57.239""], ["" 130.299"", "" 131.037"", ""  58.255""], ["" 130.586"", "" 132.704"", ""  56.339""], ["" 130.927"", "" 131.397"", ""  56.674""]]",[],2j_Grossjean_2025
37,10718,2k_Grossjean_2025,receptor_tmp,1,2,-6.03,-0.20793103448275863,0.0,0.0,3,191.01,-9.91,-9.67,-0.24,-9.91,0.0,-2.2,3.88,-2.2,48,5,0.0,0.0,0.0,8.974485,13.24319,5.337613,0.36706451,-0.06556797,0.92788172,190.483078,"3.414007, 354.397064, 213.770569, 116.754196, 7.823641, 157.102448, 61.445118, 164.056854, 297.894257, 304.200897, 31.126738, 75.053398, 163.182175, ","[["" 124.852"", "" 130.226"", ""  64.483""], ["" 126.111"", "" 130.030"", ""  63.618""], ["" 126.656"", "" 131.290"", ""  63.107""], ["" 127.640"", "" 132.009"", ""  63.681""], ["" 128.222"", "" 131.660"", ""  64.710""], ["" 126.242"", "" 131.640"", ""  62.255""], ["" 127.994"", "" 133.330"", ""  62.983""], ["" 128.133"", "" 133.242"", ""  61.164""], ["" 129.723"", "" 132.555"", ""  60.722""], ["" 128.471"", "" 132.934"", ""  57.407""], ["" 129.189"", "" 132.670"", ""  58.276""], ["" 130.099"", "" 132.335"", ""  59.376""], ["" 131.380"", "" 131.783"", ""  59.117""], ["" 130.542"", "" 132.251"", ""  61.761""], ["" 132.213"", "" 131.484"", ""  60.207""], ["" 131.763"", "" 131.732"", ""  61.500""], ["" 132.622"", "" 131.430"", ""  62.713""], ["" 131.891"", "" 131.497"", ""  57.692""], ["" 133.088"", "" 130.908"", ""  57.682""], ["" 131.041"", "" 130.691"", ""  57.055""], ["" 132.000"", "" 132.637"", ""  57.009""], ["" 123.702"", "" 130.048"", ""  63.670""], ["" 123.862"", "" 130.420"", ""  62.309""], ["" 123.334"", "" 131.852"", ""  62.149""], ["" 124.397"", "" 132.756"", ""  62.427""], ["" 124.612"", "" 133.732"", ""  61.418""], ["" 124.273"", "" 135.117"", ""  61.982""], ["" 123.511"", "" 135.850"", ""  61.031""], ["" 124.145"", "" 137.042"", ""  60.596""]]",[],2k_Grossjean_2025
38,10712,3aa_Grossjean_2025,receptor_tmp,1,20,-8.87,-0.2534285714285714,0.0,0.0,1,190.05,-11.55,-11.22,-0.33,-11.55,0.0,-1.19,2.68,-1.19,60,5,0.0,0.0,0.0,9.826371,15.428421,10.851132,0.54371658,-0.04785474,-0.83790346,157.266937,"134.994583, 242.711823, 17.93383, 5.963062, 276.111877, 328.143921, 124.087791, 138.632736, 221.939117, ","[["" 125.273"", "" 130.650"", ""  63.962""], ["" 126.084"", "" 131.657"", ""  63.569""], ["" 124.054"", "" 130.609"", ""  63.795""], ["" 127.053"", "" 131.581"", ""  63.844""], ["" 125.963"", "" 129.490"", ""  64.679""], ["" 127.673"", "" 129.903"", ""  65.142""], ["" 128.391"", "" 128.436"", ""  65.847""], ["" 128.926"", "" 127.458"", ""  62.460""], ["" 128.916"", "" 127.417"", ""  63.617""], ["" 128.904"", "" 127.365"", ""  65.082""], ["" 129.438"", "" 126.251"", ""  65.773""], ["" 129.452"", "" 126.278"", ""  67.177""], ["" 128.431"", "" 128.447"", ""  67.201""], ["" 128.957"", "" 127.388"", ""  67.868""], ["" 130.004"", "" 125.015"", ""  65.048""], ["" 129.248"", "" 124.627"", ""  64.019""], ["" 131.221"", "" 125.279"", ""  64.571""], ["" 130.086"", "" 123.989"", ""  65.896""], ["" 128.951"", "" 127.470"", ""  69.364""], ["" 127.851"", "" 127.004"", ""  70.102""], ["" 130.043"", "" 128.006"", ""  70.068""], ["" 127.839"", "" 127.075"", ""  71.493""], ["" 130.033"", "" 128.082"", ""  71.458""], ["" 128.930"", "" 127.615"", ""  72.165""], ["" 125.771"", "" 132.846"", ""  62.880""], ["" 124.501"", "" 133.373"", ""  63.121""], ["" 126.640"", "" 133.517"", ""  62.007""], ["" 124.091"", "" 134.543"", ""  62.488""], ["" 126.229"", "" 134.687"", ""  61.377""], ["" 124.950"", "" 135.213"", ""  61.603""], ["" 124.540"", "" 136.474"", ""  60.898""], ["" 123.431"", "" 136.629"", ""  60.376""], ["" 125.504"", "" 137.430"", ""  60.905""], ["" 126.074"", "" 137.886"", ""  62.125""], ["" 127.544"", "" 138.251"", ""  61.897""]]",[],3aa_Grossjean_2025
39,6072,3ab_Grossjean_2025,receptor_tmp,1,19,-8.49,-0.2497058823529412,0.0,0.0,2,188.38,-10.88,-10.36,-0.52,-10.88,0.0,-0.96,2.39,-0.96,63,7,0.0,0.0,0.0,14.465305,12.31411,10.307925,0.16657222,-0.73015527,0.66266657,182.876221,"2.675661, 234.610764, 15.228093, 336.376068, 85.89035, 258.936737, 66.051605, 299.947479, ","[["" 129.833"", "" 125.436"", ""  66.655""], ["" 129.843"", "" 126.671"", ""  67.199""], ["" 129.787"", "" 124.378"", ""  67.282""], ["" 129.936"", "" 127.441"", ""  66.553""], ["" 129.886"", "" 125.393"", ""  65.126""], ["" 129.724"", "" 123.701"", ""  64.483""], ["" 130.186"", "" 123.736"", ""  62.764""], ["" 133.534"", "" 123.934"", ""  63.983""], ["" 132.644"", "" 123.894"", ""  63.245""], ["" 131.519"", "" 123.842"", ""  62.307""], ["" 131.741"", "" 123.857"", ""  60.908""], ["" 130.635"", "" 123.750"", ""  60.052""], ["" 129.136"", "" 123.615"", ""  61.918""], ["" 129.343"", "" 123.631"", ""  60.576""], ["" 133.148"", "" 123.980"", ""  60.291""], ["" 133.122"", "" 124.079"", ""  58.960""], ["" 133.762"", "" 125.068"", ""  60.759""], ["" 133.876"", "" 122.906"", ""  60.600""], ["" 128.127"", "" 123.495"", ""  59.708""], ["" 126.880"", "" 123.976"", ""  60.138""], ["" 128.199"", "" 122.880"", ""  58.446""], ["" 125.748"", "" 123.853"", ""  59.337""], ["" 127.070"", "" 122.755"", ""  57.641""], ["" 125.848"", "" 123.243"", ""  58.090""], ["" 129.791"", "" 127.063"", ""  68.551""], ["" 128.681"", "" 126.897"", ""  69.394""], ["" 130.944"", "" 127.670"", ""  69.050""], ["" 128.738"", "" 127.329"", ""  70.716""], ["" 131.000"", "" 128.100"", ""  70.373""], ["" 129.899"", "" 127.935"", ""  71.223""], ["" 129.991"", "" 128.412"", ""  72.644""], ["" 130.084"", "" 129.603"", ""  72.953""], ["" 129.963"", "" 127.402"", ""  73.551""], ["" 131.124"", "" 126.627"", ""  73.817""]]",[],3ab_Grossjean_2025
40,10796,3ac_Grossjean_2025,receptor_tmp,1,12,-8.02,-0.250625,0.0,0.0,1,188.19,-10.11,-9.57,-0.53,-10.11,0.0,-1.13,2.09,-1.13,63,6,0.0,0.0,0.0,9.945816,16.643834,11.423808,-0.32871718,-0.76717367,-0.55080811,174.289536,"241.551865, 105.419121, 58.555721, 76.469086, 226.07869, 345.926208, 123.799736, ","[["" 125.559"", "" 129.274"", ""  65.416""], ["" 127.329"", "" 129.578"", ""  65.124""], ["" 128.262"", "" 128.221"", ""  65.806""], ["" 128.867"", "" 127.279"", ""  62.415""], ["" 128.880"", "" 127.253"", ""  63.572""], ["" 128.897"", "" 127.220"", ""  65.036""], ["" 129.598"", "" 126.199"", ""  65.724""], ["" 129.651"", "" 126.248"", ""  67.125""], ["" 128.346"", "" 128.258"", ""  67.158""], ["" 129.021"", "" 127.285"", ""  67.821""], ["" 130.311"", "" 125.041"", ""  64.997""], ["" 131.340"", "" 125.453"", ""  64.253""], ["" 130.787"", "" 124.163"", ""  65.881""], ["" 129.452"", "" 124.418"", ""  64.188""], ["" 129.073"", "" 127.403"", ""  69.315""], ["" 130.204"", "" 127.936"", ""  69.955""], ["" 127.996"", "" 126.986"", ""  70.116""], ["" 130.256"", "" 128.055"", ""  71.341""], ["" 128.044"", "" 127.102"", ""  71.502""], ["" 129.174"", "" 127.638"", ""  72.109""], ["" 124.694"", "" 129.711"", ""  64.233""], ["" 125.347"", "" 129.864"", ""  63.060""], ["" 123.488"", "" 129.890"", ""  64.405""], ["" 126.318"", "" 129.590"", ""  63.048""], ["" 124.847"", "" 130.294"", ""  61.817""], ["" 125.754"", "" 130.293"", ""  60.756""], ["" 123.535"", "" 130.746"", ""  61.603""], ["" 125.357"", "" 130.721"", ""  59.492""], ["" 123.142"", "" 131.174"", ""  60.338""], ["" 124.053"", "" 131.164"", ""  59.270""], ["" 123.752"", "" 131.573"", ""  57.985""], ["" 124.140"", "" 130.755"", ""  56.886""]]",[],3ac_Grossjean_2025
41,5971,3ad_Grossjean_2025,receptor_tmp,1,3,-7.23,-0.24100000000000002,0.0,0.0,11,186.43,-9.02,-8.91,-0.11,-9.02,0.0,-2.97,1.79,-2.97,59,6,0.0,0.0,0.0,14.179376,10.671512,2.635691,-0.67105399,-0.68967627,-0.27209041,268.502014,"351.347809, 26.899633, 333.575623, 303.08078, 82.480972, 165.880371, ","[["" 131.597"", "" 126.777"", ""  58.042""], ["" 130.359"", "" 125.529"", ""  58.315""], ["" 129.349"", "" 126.240"", ""  54.967""], ["" 129.382"", "" 125.749"", ""  56.014""], ["" 129.420"", "" 125.124"", ""  57.340""], ["" 128.489"", "" 124.117"", ""  57.693""], ["" 128.538"", "" 123.584"", ""  58.990""], ["" 130.373"", "" 125.014"", ""  59.567""], ["" 129.487"", "" 124.045"", ""  59.909""], ["" 127.423"", "" 123.589"", ""  56.714""], ["" 126.799"", "" 122.499"", ""  57.165""], ["" 126.496"", "" 124.525"", ""  56.503""], ["" 127.989"", "" 123.271"", ""  55.548""], ["" 129.574"", "" 123.521"", ""  61.311""], ["" 129.681"", "" 122.143"", ""  61.557""], ["" 129.557"", "" 124.392"", ""  62.414""], ["" 129.763"", "" 121.650"", ""  62.856""], ["" 129.638"", "" 123.903"", ""  63.715""], ["" 129.740"", "" 122.533"", ""  63.932""], ["" 133.046"", "" 125.951"", ""  57.320""], ["" 133.495"", "" 124.744"", ""  58.147""], ["" 133.063"", "" 124.725"", ""  59.426""], ["" 134.201"", "" 123.885"", ""  57.618""], ["" 132.445"", "" 125.476"", ""  59.697""], ["" 133.301"", "" 123.782"", ""  60.444""], ["" 133.676"", "" 124.311"", ""  61.683""], ["" 133.201"", "" 122.389"", ""  60.285""], ["" 133.939"", "" 123.465"", ""  62.757""], ["" 133.465"", "" 121.547"", ""  61.363""], ["" 133.831"", "" 122.087"", ""  62.593""]]",[],3ad_Grossjean_2025
42,10769,3af_Grossjean_2025,receptor_tmp,1,16,-8.0,-0.26666666666666666,0.0,0.0,6,187.11,-9.79,-9.65,-0.13,-9.79,0.0,-2.26,1.79,-2.26,63,4,0.0,0.0,0.0,10.456683,16.515007,5.959389,-0.97209917,-0.07548223,-0.22209375,136.985596,"260.24765, 139.141632, 304.138092, 54.503796, 323.365295, 41.975483, ","[["" 127.589"", "" 130.542"", ""  62.560""], ["" 126.068"", "" 130.741"", ""  61.654""], ["" 124.466"", "" 130.400"", ""  64.824""], ["" 124.607"", "" 130.556"", ""  63.686""], ["" 124.784"", "" 130.754"", ""  62.245""], ["" 123.664"", "" 130.925"", ""  61.396""], ["" 123.882"", "" 131.056"", ""  60.016""], ["" 126.251"", "" 130.847"", ""  60.315""], ["" 125.180"", "" 131.015"", ""  59.498""], ["" 122.217"", "" 130.964"", ""  61.926""], ["" 121.897"", "" 132.139"", ""  62.474""], ["" 121.361"", "" 130.740"", ""  60.927""], ["" 122.046"", "" 130.029"", ""  62.861""], ["" 125.469"", "" 131.131"", ""  58.031""], ["" 126.772"", "" 131.383"", ""  57.574""], ["" 124.448"", "" 130.984"", ""  57.077""], ["" 127.046"", "" 131.489"", ""  56.213""], ["" 124.718"", "" 131.090"", ""  55.715""], ["" 126.017"", "" 131.343"", ""  55.289""], ["" 128.438"", "" 132.150"", ""  62.593""], ["" 129.513"", "" 132.247"", ""  61.512""], ["" 129.063"", "" 132.177"", ""  60.240""], ["" 130.689"", "" 132.387"", ""  61.848""], ["" 128.069"", "" 132.054"", ""  60.127""], ["" 129.780"", "" 132.241"", ""  59.029""], ["" 129.348"", "" 133.188"", ""  58.094""], ["" 130.885"", "" 131.442"", ""  58.685""], ["" 129.939"", "" 133.369"", ""  56.885""], ["" 131.504"", "" 131.615"", ""  57.445""], ["" 131.002"", "" 132.586"", ""  56.578""]]",[],3af_Grossjean_2025
43,10625,3ag_Grossjean_2025,receptor_tmp,1,11,-7.33,-0.2364516129032258,0.0,0.0,4,191.81,-9.42,-9.33,-0.09,-9.42,0.0,-2.61,2.09,-2.61,67,2,0.0,0.0,0.0,12.231503,16.054461,6.03774,0.39687468,0.39015769,0.83082337,279.440582,"126.738518, 232.622314, 225.076141, 307.979645, 190.196091, 145.078339, 139.083267, ","[["" 130.448"", "" 130.786"", ""  61.407""], ["" 129.910"", "" 131.234"", ""  59.772""], ["" 133.364"", "" 131.876"", ""  59.141""], ["" 132.224"", "" 131.773"", ""  58.965""], ["" 130.782"", "" 131.643"", ""  58.739""], ["" 130.216"", "" 131.960"", ""  57.479""], ["" 128.824"", "" 131.872"", ""  57.328""], ["" 128.566"", "" 131.175"", ""  59.609""], ["" 128.018"", "" 131.490"", ""  58.407""], ["" 131.067"", "" 132.396"", ""  56.270""], ["" 131.838"", "" 133.452"", ""  56.534""], ["" 131.867"", "" 131.397"", ""  55.896""], ["" 130.277"", "" 132.724"", ""  55.247""], ["" 126.528"", "" 131.382"", ""  58.302""], ["" 125.717"", "" 131.531"", ""  59.439""], ["" 125.901"", "" 131.125"", ""  57.070""], ["" 124.331"", "" 131.432"", ""  59.349""], ["" 124.516"", "" 131.025"", ""  56.976""], ["" 123.735"", "" 131.180"", ""  58.117""], ["" 128.977"", "" 130.762"", ""  62.474""], ["" 128.546"", "" 132.168"", ""  62.896""], ["" 128.524"", "" 133.101"", ""  61.929""], ["" 128.250"", "" 132.393"", ""  64.071""], ["" 128.791"", "" 132.831"", ""  60.994""], ["" 128.179"", "" 134.510"", ""  62.116""], ["" 126.749"", "" 134.859"", ""  61.718""], ["" 125.759"", "" 133.874"", ""  61.752""], ["" 126.419"", "" 136.173"", ""  61.372""], ["" 124.446"", "" 134.196"", ""  61.418""], ["" 125.106"", "" 136.494"", ""  61.037""], ["" 124.126"", "" 135.504"", ""  61.059""]]",[],3ag_Grossjean_2025
44,6126,3ai_Grossjean_2025,receptor_tmp,2,16,-7.75,-0.2672413793103448,0.0,0.0,2,189.14,-9.54,-9.51,-0.04,-9.54,0.0,-2.01,1.79,-2.01,57,3,0.0,0.0,0.0,9.121753,17.078226,6.466927,-0.38273032,0.62617635,-0.67927953,262.851868,"208.856171, 18.245174, 137.236053, 325.412048, 137.918945, 222.200989, ","[["" 126.254"", "" 133.410"", ""  61.965""], ["" 126.322"", "" 132.630"", ""  60.366""], ["" 122.985"", "" 131.577"", ""  61.068""], ["" 123.985"", "" 131.725"", ""  60.504""], ["" 125.249"", "" 131.914"", ""  59.787""], ["" 125.445"", "" 131.350"", ""  58.503""], ["" 126.690"", "" 131.518"", ""  57.879""], ["" 127.524"", "" 132.758"", ""  59.754""], ["" 127.712"", "" 132.227"", ""  58.519""], ["" 124.348"", "" 130.555"", ""  57.768""], ["" 123.116"", "" 130.914"", ""  58.135""], ["" 124.449"", "" 130.751"", ""  56.452""], ["" 124.476"", "" 129.253"", ""  58.022""], ["" 129.065"", "" 132.428"", ""  57.904""], ["" 129.191"", "" 132.803"", ""  56.557""], ["" 130.239"", "" 132.257"", ""  58.658""], ["" 130.443"", "" 132.996"", ""  55.981""], ["" 131.493"", "" 132.449"", ""  58.085""], ["" 131.590"", "" 132.817"", ""  56.747""], ["" 126.645"", "" 132.145"", ""  63.222""], ["" 128.141"", "" 131.974"", ""  63.526""], ["" 128.935"", "" 131.910"", ""  62.434""], ["" 128.544"", "" 131.907"", ""  64.690""], ["" 128.488"", "" 131.978"", ""  61.532""], ["" 130.315"", "" 131.752"", ""  62.406""], ["" 131.172"", "" 132.251"", ""  63.281""], ["" 130.979"", "" 131.024"", ""  61.419""], ["" 132.445"", "" 131.847"", ""  62.874""], ["" 132.312"", "" 131.107"", ""  61.748""]]",[],3ai_Grossjean_2025
45,10751,3aj_Grossjean_2025,receptor_tmp,1,18,-6.78,-0.23379310344827586,0.0,0.0,1,187.68,-8.57,-8.49,-0.08,-8.57,0.0,-2.13,1.79,-2.13,63,3,0.0,0.0,0.0,10.168663,16.759696,6.355361,-0.95340036,-0.09300991,-0.28701379,137.507919,"138.146515, 328.173553, 308.206665, 53.669968, 239.463837, 40.987122, ","[["" 127.484"", "" 130.441"", ""  62.559""], ["" 125.962"", "" 130.629"", ""  61.655""], ["" 124.385"", "" 130.399"", ""  64.848""], ["" 124.518"", "" 130.519"", ""  63.705""], ["" 124.683"", "" 130.673"", ""  62.256""], ["" 123.558"", "" 130.833"", ""  61.412""], ["" 123.767"", "" 130.928"", ""  60.028""], ["" 126.136"", "" 130.699"", ""  60.314""], ["" 125.061"", "" 130.861"", ""  59.501""], ["" 122.116"", "" 130.900"", ""  61.952""], ["" 121.873"", "" 129.985"", ""  62.894""], ["" 121.884"", "" 132.099"", ""  62.487""], ["" 121.247"", "" 130.693"", ""  60.962""], ["" 125.339"", "" 130.947"", ""  58.031""], ["" 124.286"", "" 131.007"", ""  57.106""], ["" 126.655"", "" 130.976"", ""  57.541""], ["" 124.537"", "" 131.092"", ""  55.738""], ["" 126.911"", "" 131.059"", ""  56.176""], ["" 125.850"", "" 131.116"", ""  55.278""], ["" 128.309"", "" 132.068"", ""  62.609""], ["" 129.358"", "" 132.299"", ""  61.512""], ["" 128.896"", "" 132.152"", ""  60.250""], ["" 130.521"", "" 132.592"", ""  61.801""], ["" 127.925"", "" 131.904"", ""  60.135""], ["" 129.627"", "" 132.294"", ""  59.078""], ["" 130.769"", "" 131.722"", ""  58.763""], ["" 128.978"", "" 133.347"", ""  57.861""], ["" 131.178"", "" 132.082"", ""  57.562""], ["" 130.356"", "" 132.969"", ""  56.873""]]",[],3aj_Grossjean_2025
46,10616,3ak_Grossjean_2025,receptor_tmp,1,18,-6.14,-0.18058823529411763,0.0,0.0,1,192.91,-10.32,-10.36,0.04,-10.32,0.0,-3.41,4.18,-3.41,73,4,0.0,0.0,0.0,9.167432,12.311952,6.014404,-0.20951312,-0.83300771,0.51205704,199.676178,"273.24881, 186.151672, 46.34095, 76.205391, 283.030182, 277.148346, 132.598312, 346.727356, 62.032501, 175.121323, 57.577236, 115.526543, 23.877991, 27.058512, ","[["" 126.862"", "" 131.317"", ""  59.484""], ["" 128.070"", "" 131.539"", ""  58.769""], ["" 128.528"", "" 132.992"", ""  58.988""], ["" 128.910"", "" 133.660"", ""  57.789""], ["" 128.634"", "" 132.959"", ""  56.581""], ["" 129.922"", "" 132.864"", ""  55.754""], ["" 131.002"", "" 133.385"", ""  56.517""], ["" 131.700"", "" 132.394"", ""  57.255""], ["" 125.688"", "" 131.496"", ""  58.702""], ["" 124.491"", "" 131.828"", ""  59.611""], ["" 124.459"", "" 131.045"", ""  60.848""], ["" 123.374"", "" 130.825"", ""  61.615""], ["" 122.258"", "" 131.261"", ""  61.333""], ["" 125.336"", "" 130.636"", ""  61.136""], ["" 123.532"", "" 129.993"", ""  62.899""], ["" 124.734"", "" 130.614"", ""  64.133""], ["" 125.920"", "" 131.659"", ""  63.302""], ["" 125.416"", "" 132.786"", ""  62.739""], ["" 127.293"", "" 131.336"", ""  63.235""], ["" 126.238"", "" 133.641"", ""  62.080""], ["" 128.158"", "" 132.229"", ""  62.557""], ["" 127.809"", "" 130.111"", ""  63.855""], ["" 127.611"", "" 133.385"", ""  61.984""], ["" 128.216"", "" 129.143"", ""  64.343""], ["" 125.597"", "" 134.861"", ""  61.490""], ["" 124.224"", "" 134.882"", ""  61.201""], ["" 126.349"", "" 136.018"", ""  61.219""], ["" 123.623"", "" 136.014"", ""  60.657""], ["" 125.751"", "" 137.151"", ""  60.674""], ["" 124.389"", "" 137.145"", ""  60.395""], ["" 129.674"", "" 131.980"", ""  62.429""], ["" 130.274"", "" 132.203"", ""  63.598""], ["" 129.900"", "" 130.719"", ""  62.060""], ["" 130.253"", "" 132.772"", ""  61.523""]]",[],3ak_Grossjean_2025
47,10697,3bc_Grossjean_2025,receptor_tmp,1,10,-8.14,-0.2806896551724138,0.0,0.0,3,189.86,-9.93,-9.79,-0.14,-9.93,0.0,-2.53,1.79,-2.53,54,6,0.0,0.0,0.0,11.211167,17.085331,9.54694,-0.46653719,0.65387794,0.59563973,159.855804,"13.265178, 327.861237, 154.465927, 217.969574, 219.88855, 220.872299, ","[["" 128.957"", "" 131.664"", ""  62.358""], ["" 128.510"", "" 131.529"", ""  61.091""], ["" 129.949"", "" 132.318"", ""  62.686""], ["" 127.629"", "" 131.049"", ""  60.976""], ["" 128.100"", "" 130.959"", ""  63.419""], ["" 127.200"", "" 129.484"", ""  62.835""], ["" 125.783"", "" 130.040"", ""  61.914""], ["" 123.491"", "" 130.754"", ""  61.637""], ["" 124.524"", "" 130.315"", ""  62.494""], ["" 123.744"", "" 130.878"", ""  60.267""], ["" 124.268"", "" 130.130"", ""  63.923""], ["" 125.007"", "" 130.557"", ""  59.758""], ["" 124.063"", "" 129.986"", ""  65.053""], ["" 126.006"", "" 130.144"", ""  60.581""], ["" 122.092"", "" 131.099"", ""  62.146""], ["" 125.341"", "" 130.666"", ""  58.300""], ["" 124.329"", "" 130.840"", ""  57.344""], ["" 126.670"", "" 130.592"", ""  57.852""], ["" 124.631"", "" 130.943"", ""  55.989""], ["" 126.978"", "" 130.694"", ""  56.497""], ["" 125.955"", "" 130.870"", ""  55.571""], ["" 129.058"", "" 132.033"", ""  59.897""], ["" 130.360"", "" 131.627"", ""  59.597""], ["" 128.397"", "" 132.923"", ""  59.038""], ["" 130.989"", "" 132.085"", ""  58.442""], ["" 129.030"", "" 133.379"", ""  57.884""], ["" 130.334"", "" 132.959"", ""  57.576""], ["" 131.038"", "" 133.359"", ""  56.455""], ["" 131.844"", "" 132.408"", ""  55.768""]]",[],3bc_Grossjean_2025
48,10748,3bd_Grossjean_2025,receptor_tmp,1,3,-8.42,-0.3118518518518518,0.0,0.0,1,188.65,-9.91,-9.67,-0.24,-9.91,0.0,-1.75,1.49,-1.75,64,8,0.0,0.0,0.0,10.963945,17.652556,8.726801,0.55380606,0.67829968,0.48291655,305.320312,"171.48407, 50.633526, 93.319374, 24.48867, 116.44381, ","[["" 127.473"", "" 130.721"", ""  63.655""], ["" 126.533"", "" 131.051"", ""  62.174""], ["" 124.478"", "" 131.197"", ""  60.907""], ["" 125.129"", "" 130.912"", ""  62.127""], ["" 125.239"", "" 131.598"", ""  59.804""], ["" 124.359"", "" 130.492"", ""  63.302""], ["" 126.630"", "" 131.707"", ""  59.916""], ["" 123.750"", "" 130.161"", ""  64.228""], ["" 127.255"", "" 131.441"", ""  61.093""], ["" 122.964"", "" 131.088"", ""  60.739""], ["" 127.505"", "" 132.134"", ""  58.775""], ["" 128.676"", "" 132.873"", ""  59.006""], ["" 127.175"", "" 131.815"", ""  57.447""], ["" 129.491"", "" 133.275"", ""  57.951""], ["" 127.988"", "" 132.214"", ""  56.389""], ["" 129.145"", "" 132.942"", ""  56.646""], ["" 128.546"", "" 132.153"", ""  63.972""], ["" 129.496"", "" 132.427"", ""  62.805""], ["" 130.523"", "" 131.560"", ""  62.670""], ["" 129.274"", "" 133.386"", ""  62.065""], ["" 130.525"", "" 130.767"", ""  63.295""], ["" 131.565"", "" 131.562"", ""  61.724""], ["" 131.198"", "" 131.288"", ""  60.404""], ["" 132.916"", "" 131.787"", ""  62.038""], ["" 132.162"", "" 131.260"", ""  59.400""], ["" 133.877"", "" 131.756"", ""  61.031""], ["" 133.497"", "" 131.496"", ""  59.717""]]",[],3bd_Grossjean_2025
49,10613,3be_Grossjean_2025,receptor_tmp,1,15,-8.07,-0.2882142857142857,0.0,0.0,3,187.7,-9.56,-9.46,-0.1,-9.56,0.0,-2.48,1.49,-2.48,53,5,0.0,0.0,0.0,11.275078,15.520987,7.051893,-0.4000182,-0.37180107,-0.83770484,211.119659,"355.155762, 312.541534, 264.411072, 85.69371, 117.019585, ","[["" 128.178"", "" 130.850"", ""  62.983""], ["" 127.043"", "" 129.447"", ""  62.707""], ["" 125.622"", "" 130.052"", ""  61.823""], ["" 123.331"", "" 130.788"", ""  61.592""], ["" 124.366"", "" 130.304"", ""  62.421""], ["" 123.577"", "" 130.973"", ""  60.228""], ["" 124.115"", "" 130.051"", ""  63.841""], ["" 124.834"", "" 130.668"", ""  59.696""], ["" 123.913"", "" 129.851"", ""  64.963""], ["" 125.837"", "" 130.215"", ""  60.495""], ["" 121.938"", "" 131.118"", ""  62.124""], ["" 125.159"", "" 130.834"", ""  58.241""], ["" 124.162"", "" 130.693"", ""  57.262""], ["" 126.466"", "" 131.127"", ""  57.816""], ["" 124.457"", "" 130.843"", ""  55.911""], ["" 126.765"", "" 131.279"", ""  56.465""], ["" 125.758"", "" 131.137"", ""  55.517""], ["" 127.501"", "" 132.224"", ""  63.102""], ["" 126.849"", "" 132.631"", ""  61.990""], ["" 127.570"", "" 132.872"", ""  64.148""], ["" 126.900"", "" 132.020"", ""  61.188""], ["" 126.129"", "" 133.821"", ""  61.777""], ["" 126.751"", "" 135.004"", ""  61.499""], ["" 124.737"", "" 133.731"", ""  61.882""], ["" 125.989"", "" 136.113"", ""  61.316""], ["" 123.965"", "" 134.880"", ""  61.691""], ["" 124.595"", "" 136.092"", ""  61.403""], ["" 126.746"", "" 137.390"", ""  61.010""]]",[],3be_Grossjean_2025
50,5993,3bf_Grossjean_2025,receptor_tmp,1,13,-8.29,-0.307037037037037,0.0,0.0,2,190.08,-9.78,-9.69,-0.1,-9.78,0.0,-2.23,1.49,-2.23,54,4,0.0,0.0,0.0,10.410674,16.739197,7.15945,0.98785225,-0.15495731,-0.01166917,113.331528,"184.356934, 204.719025, 249.337311, 228.763351, 31.26351, ","[["" 127.396"", "" 130.153"", ""  62.489""], ["" 125.916"", "" 130.485"", ""  61.557""], ["" 123.548"", "" 130.867"", ""  61.262""], ["" 124.629"", "" 130.593"", ""  62.128""], ["" 123.791"", "" 131.028"", ""  59.895""], ["" 124.404"", "" 130.470"", ""  63.571""], ["" 125.096"", "" 130.925"", ""  59.399""], ["" 124.224"", "" 130.371"", ""  64.710""], ["" 126.139"", "" 130.669"", ""  60.232""], ["" 122.110"", "" 131.004"", ""  61.759""], ["" 125.426"", "" 131.110"", ""  57.949""], ["" 126.725"", "" 131.457"", ""  57.548""], ["" 124.447"", "" 130.946"", ""  56.954""], ["" 127.040"", "" 131.630"", ""  56.203""], ["" 124.757"", "" 131.118"", ""  55.607""], ["" 126.053"", "" 131.460"", ""  55.237""], ["" 128.264"", "" 131.736"", ""  62.756""], ["" 129.370"", "" 132.053"", ""  61.739""], ["" 128.973"", "" 132.024"", ""  60.448""], ["" 130.522"", "" 132.282"", ""  62.113""], ["" 128.019"", "" 131.741"", ""  60.276""], ["" 129.727"", "" 132.276"", ""  59.287""], ["" 129.357"", "" 133.164"", ""  58.261""], ["" 130.920"", "" 131.562"", ""  59.133""], ["" 130.111"", "" 133.365"", ""  57.149""], ["" 131.706"", "" 131.758"", ""  57.995""], ["" 131.269"", "" 132.667"", ""  57.031""]]",[],3bf_Grossjean_2025
51,6129,3bg_Grossjean_2025,receptor_tmp,1,7,-7.96,-0.2842857142857143,0.0,0.0,4,190.23,-9.75,-9.62,-0.12,-9.75,0.0,-2.88,1.79,-2.88,52,6,0.0,0.0,0.0,13.385659,15.89421,7.270389,0.19171267,0.68048842,0.70723529,211.948654,"342.55423, 93.246323, 240.673904, 270.461761, 14.552701, 116.064346, ","[["" 127.225"", "" 130.382"", ""  64.163""], ["" 126.850"", "" 129.230"", ""  62.801""], ["" 125.504"", "" 129.913"", ""  61.845""], ["" 123.274"", "" 130.807"", ""  61.591""], ["" 124.258"", "" 130.232"", ""  62.423""], ["" 123.562"", "" 131.023"", ""  60.240""], ["" 123.989"", "" 130.001"", ""  63.844""], ["" 124.815"", "" 130.667"", ""  59.723""], ["" 123.775"", "" 129.818"", ""  64.967""], ["" 125.766"", "" 130.126"", ""  60.530""], ["" 121.898"", "" 131.219"", ""  62.112""], ["" 125.192"", "" 130.883"", ""  58.283""], ["" 124.240"", "" 130.758"", ""  57.258""], ["" 126.508"", "" 131.218"", ""  57.918""], ["" 124.581"", "" 130.974"", ""  55.927""], ["" 126.854"", "" 131.437"", ""  56.587""], ["" 125.887"", "" 131.318"", ""  55.596""], ["" 127.628"", "" 131.765"", ""  63.645""], ["" 127.585"", "" 131.941"", ""  62.313""], ["" 127.945"", "" 132.650"", ""  64.441""], ["" 127.308"", "" 131.160"", ""  61.738""], ["" 127.750"", "" 133.219"", ""  61.619""], ["" 126.469"", "" 134.044"", ""  61.640""], ["" 125.249"", "" 133.435"", ""  61.955""], ["" 126.514"", "" 135.413"", ""  61.366""], ["" 124.078"", "" 134.186"", ""  61.965""], ["" 125.342"", "" 136.166"", ""  61.376""], ["" 124.129"", "" 135.548"", ""  61.671""]]",[],3bg_Grossjean_2025
52,10559,3bk_Grossjean_2025,receptor_tmp,1,9,-6.8,-0.21935483870967742,0.0,0.0,1,188.5,-10.68,-10.51,-0.17,-10.68,0.0,-3.92,3.88,-3.92,54,5,0.0,0.0,0.0,10.854067,15.424026,6.718391,0.10190369,0.16269716,-0.98139965,195.338898,"127.592369, 7.293015, 229.468338, 216.831879, 38.666454, 327.089691, 10.775531, 347.937836, 64.076515, 122.2948, 302.522797, 167.457397, 190.09758, ","[["" 125.812"", "" 133.833"", ""  62.156""], ["" 126.745"", "" 134.601"", ""  61.406""], ["" 128.158"", "" 134.040"", ""  61.622""], ["" 128.151"", "" 132.605"", ""  61.907""], ["" 129.241"", "" 131.832"", ""  62.052""], ["" 130.395"", "" 132.257"", ""  61.977""], ["" 127.242"", "" 132.187"", ""  62.044""], ["" 128.993"", "" 130.352"", ""  62.352""], ["" 127.431"", "" 130.091"", ""  63.251""], ["" 126.065"", "" 130.441"", ""  62.156""], ["" 123.718"", "" 130.769"", ""  61.673""], ["" 124.730"", "" 130.484"", ""  62.614""], ["" 124.070"", "" 130.996"", ""  60.338""], ["" 124.392"", "" 130.240"", ""  64.019""], ["" 125.414"", "" 130.943"", ""  59.951""], ["" 126.388"", "" 130.665"", ""  60.857""], ["" 124.125"", "" 130.047"", ""  65.128""], ["" 122.240"", "" 130.837"", ""  62.053""], ["" 125.855"", "" 131.156"", ""  58.535""], ["" 127.140"", "" 131.645"", ""  58.249""], ["" 124.999"", "" 130.874"", ""  57.456""], ["" 127.553"", "" 131.850"", ""  56.935""], ["" 125.408"", "" 131.079"", ""  56.141""], ["" 126.685"", "" 131.568"", ""  55.886""], ["" 124.454"", "" 134.144"", ""  61.876""], ["" 124.383"", "" 135.034"", ""  60.628""], ["" 123.515"", "" 136.131"", ""  60.884""], ["" 124.134"", "" 137.401"", ""  60.729""], ["" 125.322"", "" 137.508"", ""  61.695""], ["" 126.504"", "" 137.814"", ""  60.966""], ["" 127.601"", "" 138.173"", ""  61.792""]]",[],3bk_Grossjean_2025
53,10658,3ca_Grossjean_2025,receptor_tmp,1,8,-8.75,-0.2734375,0.0,0.0,1,188.16,-11.14,-10.74,-0.39,-11.14,0.0,-0.99,2.39,-0.99,66,7,0.0,0.0,0.0,14.259231,9.508914,12.450182,-0.83508908,-0.50885894,-0.20901867,184.067673,"175.129974, 104.527794, 252.080444, 242.676636, 82.449844, 96.419075, 91.32888, 215.184753, ","[["" 129.669"", "" 126.958"", ""  67.990""], ["" 128.485"", "" 126.828"", ""  68.718""], ["" 128.451"", "" 127.147"", ""  70.073""], ["" 129.600"", "" 127.611"", ""  70.725""], ["" 130.786"", "" 127.751"", ""  69.988""], ["" 130.823"", "" 127.430"", ""  68.634""], ["" 129.593"", "" 126.609"", ""  66.628""], ["" 129.748"", "" 125.405"", ""  66.037""], ["" 129.976"", "" 124.347"", ""  66.624""], ["" 129.336"", "" 127.372"", ""  66.020""], ["" 129.598"", "" 125.400"", ""  64.512""], ["" 130.177"", "" 123.854"", ""  63.738""], ["" 130.088"", "" 123.995"", ""  61.958""], ["" 131.242"", "" 124.496"", ""  59.995""], ["" 130.119"", "" 124.235"", ""  59.213""], ["" 131.231"", "" 124.387"", ""  61.342""], ["" 128.922"", "" 123.846"", ""  59.827""], ["" 128.902"", "" 123.712"", ""  61.239""], ["" 127.692"", "" 123.259"", ""  61.934""], ["" 126.736"", "" 122.901"", ""  62.481""], ["" 132.560"", "" 124.921"", ""  59.380""], ["" 127.740"", "" 123.591"", ""  58.949""], ["" 126.528"", "" 124.246"", ""  59.195""], ["" 127.821"", "" 122.681"", ""  57.887""], ["" 125.418"", "" 124.007"", ""  58.388""], ["" 126.714"", "" 122.440"", ""  57.077""], ["" 125.517"", "" 123.105"", ""  57.331""], ["" 129.529"", "" 127.947"", ""  72.187""], ["" 130.153"", "" 128.883"", ""  72.699""], ["" 128.718"", "" 127.116"", ""  72.890""], ["" 127.330"", "" 127.392"", ""  73.032""], ["" 127.123"", "" 128.382"", ""  74.182""]]",[],3ca_Grossjean_2025
54,10805,3cb_Grossjean_2025,receptor_tmp,1,6,-9.03,-0.29129032258064513,0.0,0.0,1,188.51,-11.11,-10.54,-0.57,-11.11,0.0,-0.84,2.09,-0.84,67,6,0.0,0.0,0.0,12.644443,11.363314,10.042482,0.12033745,0.63473867,-0.76329923,243.918625,"108.285576, 204.69043, 33.910484, 347.60788, 90.366272, 19.574028, 129.198822, ","[["" 129.825"", "" 125.081"", ""  66.267""], ["" 130.117"", "" 126.271"", ""  66.836""], ["" 129.402"", "" 124.095"", ""  66.873""], ["" 130.411"", "" 127.004"", ""  66.204""], ["" 130.043"", "" 125.031"", ""  64.747""], ["" 130.017"", "" 123.356"", ""  64.021""], ["" 129.962"", "" 123.531"", ""  62.250""], ["" 131.230"", "" 124.043"", ""  60.366""], ["" 130.134"", "" 123.869"", ""  59.525""], ["" 131.152"", "" 123.882"", ""  61.705""], ["" 128.890"", "" 123.523"", ""  60.067""], ["" 128.789"", "" 123.363"", ""  61.473""], ["" 127.493"", "" 123.093"", ""  62.104""], ["" 126.470"", "" 122.879"", ""  62.601""], ["" 132.595"", "" 124.423"", ""  59.825""], ["" 127.743"", "" 123.353"", ""  59.123""], ["" 127.867"", "" 122.514"", ""  58.009""], ["" 126.525"", "" 124.008"", ""  59.349""], ["" 126.801"", "" 122.341"", ""  57.129""], ["" 125.457"", "" 123.838"", ""  58.471""], ["" 125.601"", "" 123.006"", ""  57.365""], ["" 130.044"", "" 126.673"", ""  68.184""], ["" 128.894"", "" 126.284"", ""  68.872""], ["" 131.020"", "" 127.428"", ""  68.853""], ["" 128.717"", "" 126.630"", ""  70.208""], ["" 130.842"", "" 127.774"", ""  70.190""], ["" 129.690"", "" 127.380"", ""  70.885""], ["" 129.532"", "" 127.775"", ""  72.326""], ["" 130.164"", "" 128.697"", ""  72.849""], ["" 128.625"", "" 127.016"", ""  72.993""], ["" 127.253"", "" 127.382"", ""  73.031""]]",[],3cb_Grossjean_2025
55,10824,3ce_Grossjean_2025,receptor_tmp,1,19,-8.17,-0.29178571428571426,0.0,0.0,2,188.85,-9.67,-9.73,0.07,-9.67,0.0,-1.72,1.49,-1.72,54,2,0.0,0.0,0.0,12.46341,16.699548,9.396344,0.16000297,-0.89152742,-0.42376633,203.584534,"86.758583, 31.27808, 77.170242, 215.688492, 106.648254, ","[["" 128.060"", "" 130.900"", ""  64.256""], ["" 128.617"", "" 132.551"", ""  63.742""], ["" 129.690"", "" 132.287"", ""  62.349""], ["" 131.828"", "" 131.638"", ""  61.695""], ["" 131.513"", "" 131.799"", ""  60.348""], ["" 130.939"", "" 131.883"", ""  62.685""], ["" 130.235"", "" 132.242"", ""  59.982""], ["" 129.288"", "" 132.491"", ""  61.008""], ["" 127.930"", "" 132.941"", ""  60.685""], ["" 126.860"", "" 133.296"", ""  60.429""], ["" 133.202"", "" 131.176"", ""  62.140""], ["" 129.952"", "" 132.423"", ""  58.527""], ["" 128.672"", "" 132.166"", ""  58.022""], ["" 130.963"", "" 132.830"", ""  57.646""], ["" 128.402"", "" 132.328"", ""  56.665""], ["" 130.697"", "" 132.991"", ""  56.290""], ["" 129.415"", "" 132.741"", ""  55.805""], ["" 126.680"", "" 130.562"", ""  63.694""], ["" 126.246"", "" 131.355"", ""  62.689""], ["" 126.053"", "" 129.610"", ""  64.163""], ["" 126.904"", "" 132.033"", ""  62.332""], ["" 125.031"", "" 131.282"", ""  61.986""], ["" 124.993"", "" 131.195"", ""  60.624""], ["" 123.863"", "" 131.265"", ""  62.757""], ["" 123.784"", "" 131.104"", ""  60.012""], ["" 122.627"", "" 131.174"", ""  62.112""], ["" 122.580"", "" 131.092"", ""  60.721""], ["" 123.816"", "" 131.009"", ""  58.499""]]",[],3ce_Grossjean_2025
56,10542,3ch_Grossjean_2025,receptor_tmp,1,17,-7.62,-0.23090909090909092,0.0,0.0,4,188.56,-10.0,-9.57,-0.44,-10.0,0.0,-2.79,2.39,-2.79,54,11,0.0,0.0,0.0,8.748879,16.054178,1.590332,-0.32345731,0.83834769,-0.43880351,245.950317,"231.829132, 262.26358, 253.373306, 195.654083, 288.320648, 29.580851, 148.049637, 330.887146, ","[["" 124.654"", "" 130.962"", ""  57.352""], ["" 125.263"", "" 130.449"", ""  58.443""], ["" 123.556"", "" 131.520"", ""  57.343""], ["" 126.189"", "" 130.074"", ""  58.300""], ["" 125.443"", "" 130.860"", ""  56.047""], ["" 127.034"", "" 131.732"", ""  56.137""], ["" 128.052"", "" 130.791"", ""  57.253""], ["" 128.313"", "" 128.729"", ""  58.301""], ["" 129.463"", "" 129.158"", ""  58.958""], ["" 127.613"", "" 129.525"", ""  57.462""], ["" 129.938"", "" 130.461"", ""  58.749""], ["" 129.225"", "" 131.302"", ""  57.857""], ["" 129.727"", "" 132.639"", ""  57.528""], ["" 130.122"", "" 133.696"", ""  57.269""], ["" 127.764"", "" 127.328"", ""  58.494""], ["" 131.170"", "" 130.880"", ""  59.483""], ["" 131.130"", "" 131.082"", ""  60.868""], ["" 132.371"", "" 131.096"", ""  58.797""], ["" 132.272"", "" 131.481"", ""  61.557""], ["" 133.516"", "" 131.495"", ""  59.484""], ["" 133.461"", "" 131.684"", ""  60.862""], ["" 124.823"", "" 130.403"", ""  59.780""], ["" 123.778"", "" 131.175"", ""  60.309""], ["" 125.491"", "" 129.502"", ""  60.612""], ["" 123.414"", "" 131.064"", ""  61.661""], ["" 125.144"", "" 129.372"", ""  61.965""], ["" 124.102"", "" 130.157"", ""  62.477""], ["" 122.402"", "" 131.798"", ""  62.252""], ["" 122.588"", "" 133.190"", ""  62.487""], ["" 125.770"", "" 128.504"", ""  62.844""], ["" 127.135"", "" 128.158"", ""  62.632""], ["" 123.764"", "" 130.051"", ""  63.805""], ["" 124.836"", "" 130.318"", ""  64.699""]]",[],3ch_Grossjean_2025
57,10815,3ci_Grossjean_2025,receptor_tmp,1,18,-8.27,-0.31807692307692303,0.0,0.0,1,195.24,-9.76,-9.63,-0.13,-9.76,0.0,-1.5,1.49,-1.5,60,5,0.0,0.0,0.0,13.631596,17.952882,5.904068,-0.1992459,-0.06921737,-0.97750193,202.498016,"282.826447, 229.368927, 149.151123, 294.382782, 296.925781, ","[["" 128.762"", "" 132.920"", ""  62.920""], ["" 130.103"", "" 132.372"", ""  61.871""], ["" 132.255"", "" 131.480"", ""  61.784""], ["" 132.250"", "" 131.476"", ""  60.392""], ["" 131.209"", "" 131.921"", ""  62.515""], ["" 131.120"", "" 131.938"", ""  59.703""], ["" 130.016"", "" 132.408"", ""  60.458""], ["" 128.823"", "" 132.943"", ""  59.791""], ["" 127.883"", "" 133.364"", ""  59.264""], ["" 133.446"", "" 130.975"", ""  62.578""], ["" 131.154"", "" 131.901"", ""  58.210""], ["" 131.664"", "" 130.786"", ""  57.532""], ["" 130.694"", "" 132.997"", ""  57.469""], ["" 131.701"", "" 130.761"", ""  56.140""], ["" 130.730"", "" 132.974"", ""  56.077""], ["" 131.232"", "" 131.855"", ""  55.419""], ["" 127.175"", "" 132.351"", ""  62.225""], ["" 126.151"", "" 133.477"", ""  62.048""], ["" 126.586"", "" 134.566"", ""  61.376""], ["" 125.013"", "" 133.333"", ""  62.500""], ["" 127.541"", "" 134.557"", ""  61.052""], ["" 125.875"", "" 135.727"", ""  61.105""], ["" 126.382"", "" 136.946"", ""  61.013""], ["" 124.498"", "" 135.742"", ""  60.889""], ["" 125.318"", "" 137.803"", ""  60.728""], ["" 124.186"", "" 137.062"", ""  60.655""]]",[],3ci_Grossjean_2025
58,10599,3cj_Grossjean_2025,receptor_tmp,2,3,-7.61,-0.2926923076923077,0.0,0.0,1,187.65,-9.1,-9.02,-0.08,-9.1,0.0,-1.65,1.49,-1.65,68,4,0.0,0.0,0.0,13.431773,8.048432,4.024763,-0.07796752,-0.55204353,-0.83016204,59.684689,"318.678619, 353.577271, 345.179199, 266.528595, 331.75473, ","[["" 131.989"", "" 122.938"", ""  61.597""], ["" 131.060"", "" 123.763"", ""  60.322""], ["" 131.120"", "" 125.412"", ""  58.680""], ["" 129.856"", "" 125.056"", ""  58.214""], ["" 131.724"", "" 124.774"", ""  59.707""], ["" 129.167"", "" 123.997"", ""  58.821""], ["" 129.774"", "" 123.339"", ""  59.919""], ["" 129.091"", "" 122.243"", ""  60.614""], ["" 128.552"", "" 121.376"", ""  61.161""], ["" 131.914"", "" 126.534"", ""  58.041""], ["" 127.845"", "" 123.609"", ""  58.248""], ["" 127.774"", "" 122.863"", ""  57.066""], ["" 126.660"", "" 124.013"", ""  58.874""], ["" 126.539"", "" 122.513"", ""  56.525""], ["" 125.424"", "" 123.665"", ""  58.334""], ["" 125.369"", "" 122.914"", ""  57.163""], ["" 133.263"", "" 121.988"", ""  60.706""], ["" 132.747"", "" 120.614"", ""  60.266""], ["" 131.527"", "" 120.277"", ""  60.737""], ["" 133.457"", "" 119.896"", ""  59.560""], ["" 131.053"", "" 120.950"", ""  61.322""], ["" 130.897"", "" 119.050"", ""  60.599""], ["" 131.076"", "" 118.152"", ""  59.656""], ["" 129.752"", "" 118.609"", ""  61.826""], ["" 130.329"", "" 117.085"", ""  59.857""], ["" 129.517"", "" 117.104"", ""  60.987""]]",[],3cj_Grossjean_2025
59,5923,3ck_Grossjean_2025,receptor_tmp,1,10,-6.7,-0.2161290322580645,0.0,0.0,1,186.13,-10.58,-10.38,-0.2,-10.58,0.0,-2.72,3.88,-2.72,69,10,0.0,0.0,0.0,17.038765,15.26745,7.047124,-0.31995573,0.94621158,-0.04808294,170.247711,"359.555481, 103.58651, 219.904678, 174.86319, 74.242462, 97.47599, 248.01622, 305.475555, 61.381931, 206.25589, 257.422821, 333.991486, 258.524323, ","[["" 133.719"", "" 125.146"", ""  62.384""], ["" 134.744"", "" 124.328"", ""  61.842""], ["" 134.310"", "" 123.806"", ""  60.459""], ["" 133.474"", "" 124.748"", ""  59.709""], ["" 133.333"", "" 124.778"", ""  58.372""], ["" 133.887"", "" 123.978"", ""  57.615""], ["" 132.972"", "" 125.430"", ""  60.259""], ["" 132.417"", "" 125.887"", ""  57.828""], ["" 131.275"", "" 126.626"", ""  59.045""], ["" 129.973"", "" 125.459"", ""  59.410""], ["" 129.239"", "" 125.865"", ""  55.945""], ["" 129.170"", "" 125.480"", ""  57.035""], ["" 129.082"", "" 124.993"", ""  58.416""], ["" 128.087"", "" 124.053"", ""  58.791""], ["" 128.022"", "" 123.652"", ""  60.132""], ["" 129.895"", "" 125.053"", ""  60.702""], ["" 128.936"", "" 124.166"", ""  61.049""], ["" 128.913"", "" 123.756"", ""  62.509""], ["" 127.102"", "" 123.459"", ""  57.839""], ["" 125.728"", "" 123.616"", ""  58.058""], ["" 127.536"", "" 122.718"", ""  56.732""], ["" 124.804"", "" 123.055"", ""  57.179""], ["" 126.615"", "" 122.156"", ""  55.852""], ["" 125.251"", "" 122.329"", ""  56.080""], ["" 132.473"", "" 124.492"", ""  62.576""], ["" 132.544"", "" 123.689"", ""  63.881""], ["" 133.387"", "" 124.371"", ""  64.800""], ["" 132.738"", "" 125.416"", ""  65.512""], ["" 131.234"", "" 125.123"", ""  65.584""], ["" 130.823"", "" 125.078"", ""  66.943""], ["" 129.746"", "" 125.953"", ""  67.238""]]",[],3ck_Grossjean_2025
60,6011,4aa_Grossjean_2025,receptor_tmp,1,6,-7.21,-0.24862068965517242,0.0,0.0,8,189.5,-9.0,-8.62,-0.38,-9.0,0.0,-0.46,1.79,-0.46,46,6,0.0,0.0,0.0,12.496305,14.72161,8.110919,-0.67214379,0.10669769,-0.73269252,169.600281,"257.601929, 120.408173, 274.338348, 252.628845, 244.585464, 291.516266, ","[["" 129.224"", "" 130.749"", ""  61.217""], ["" 128.917"", "" 132.110"", ""  61.251""], ["" 129.041"", "" 132.889"", ""  60.104""], ["" 129.484"", "" 132.323"", ""  58.901""], ["" 129.801"", "" 130.956"", ""  58.874""], ["" 129.674"", "" 130.174"", ""  60.020""], ["" 129.071"", "" 130.058"", ""  62.435""], ["" 126.848"", "" 129.527"", ""  62.481""], ["" 127.971"", "" 129.487"", ""  62.983""], ["" 129.918"", "" 129.996"", ""  62.983""], ["" 128.189"", "" 128.816"", ""  64.266""], ["" 128.973"", "" 127.684"", ""  64.538""], ["" 127.462"", "" 129.457"", ""  65.742""], ["" 128.994"", "" 127.308"", ""  65.926""], ["" 128.202"", "" 128.201"", ""  66.708""], ["" 129.639"", "" 126.250"", ""  66.623""], ["" 128.021"", "" 128.127"", ""  68.027""], ["" 129.452"", "" 126.169"", ""  68.007""], ["" 128.654"", "" 127.108"", ""  68.658""], ["" 130.519"", "" 125.202"", ""  65.957""], ["" 128.438"", "" 127.044"", ""  70.159""], ["" 129.662"", "" 126.983"", ""  63.580""], ["" 130.538"", "" 127.316"", ""  63.203""], ["" 129.314"", "" 126.107"", ""  63.217""], ["" 129.612"", "" 133.193"", ""  57.684""], ["" 128.642"", "" 133.674"", ""  57.090""], ["" 130.900"", "" 133.401"", ""  57.306""], ["" 131.712"", "" 132.328"", ""  56.848""], ["" 131.268"", "" 131.918"", ""  55.440""]]",[],4aa_Grossjean_2025
61,10601,4ab_Grossjean_2025,receptor_tmp,1,5,-7.04,-0.25142857142857145,0.0,0.0,8,189.57,-8.53,-8.22,-0.31,-8.53,0.0,-0.39,1.49,-0.39,51,6,0.0,0.0,0.0,12.073158,15.46564,8.840444,-0.53678168,0.83992604,0.07993543,246.324692,"259.639801, 110.236763, 70.076897, 59.672302, 320.221375, ","[["" 129.254"", "" 131.077"", ""  61.388""], ["" 130.267"", "" 130.654"", ""  60.529""], ["" 130.507"", "" 131.328"", ""  59.334""], ["" 129.729"", "" 132.436"", ""  58.973""], ["" 128.705"", "" 132.854"", ""  59.837""], ["" 128.465"", "" 132.182"", ""  61.033""], ["" 129.094"", "" 130.319"", ""  62.564""], ["" 126.954"", "" 129.527"", ""  62.413""], ["" 128.033"", "" 129.599"", ""  63.002""], ["" 129.898"", "" 130.331"", ""  63.173""], ["" 128.233"", "" 128.903"", ""  64.274""], ["" 128.981"", "" 127.742"", ""  64.528""], ["" 127.531"", "" 129.545"", ""  65.761""], ["" 128.992"", "" 127.344"", ""  65.910""], ["" 128.232"", "" 128.252"", ""  66.707""], ["" 129.602"", "" 126.255"", ""  66.589""], ["" 128.053"", "" 128.165"", ""  68.026""], ["" 129.416"", "" 126.160"", ""  67.973""], ["" 128.653"", "" 127.116"", ""  68.640""], ["" 130.445"", "" 125.188"", ""  65.906""], ["" 128.441"", "" 127.038"", ""  70.141""], ["" 129.646"", "" 127.035"", ""  63.558""], ["" 130.545"", "" 127.329"", ""  63.205""], ["" 129.251"", "" 126.194"", ""  63.159""], ["" 130.012"", "" 133.139"", ""  57.677""], ["" 131.155"", "" 133.363"", ""  57.262""], ["" 128.889"", "" 133.497"", ""  57.004""], ["" 128.630"", "" 133.002"", ""  55.698""]]",[],4ab_Grossjean_2025
62,10739,4ac_Grossjean_2025,receptor_tmp,1,4,-7.21,-0.2773076923076923,0.0,0.0,4,184.44,-8.4,-8.19,-0.21,-8.4,0.0,-0.34,1.19,-0.34,63,6,0.0,0.0,0.0,11.262942,8.878905,6.880874,-0.58678215,0.32699808,0.74078267,156.633286,"175.621628, 78.802322, 214.085403, 76.7929, ","[["" 127.325"", "" 122.556"", ""  63.166""], ["" 127.868"", "" 123.281"", ""  62.330""], ["" 128.825"", "" 124.193"", ""  62.625""], ["" 129.238"", "" 124.676"", ""  61.840""], ["" 127.503"", "" 123.190"", ""  60.914""], ["" 126.380"", "" 123.728"", ""  60.265""], ["" 128.537"", "" 122.319"", ""  59.780""], ["" 126.333"", "" 123.453"", ""  58.853""], ["" 127.462"", "" 122.680"", ""  58.448""], ["" 125.399"", "" 123.802"", ""  57.841""], ["" 127.710"", "" 122.260"", ""  57.207""], ["" 125.656"", "" 123.362"", ""  56.537""], ["" 126.798"", "" 122.609"", ""  56.268""], ["" 124.141"", "" 124.620"", ""  58.085""], ["" 127.097"", "" 122.121"", ""  54.863""], ["" 125.406"", "" 124.455"", ""  60.901""], ["" 125.408"", "" 124.589"", ""  61.901""], ["" 124.651"", "" 124.885"", ""  60.385""], ["" 129.367"", "" 124.541"", ""  63.877""], ["" 129.264"", "" 125.884"", ""  64.241""], ["" 129.956"", "" 123.627"", ""  64.762""], ["" 129.762"", "" 126.317"", ""  65.467""], ["" 130.453"", "" 124.064"", ""  65.988""], ["" 130.360"", "" 125.417"", ""  66.349""], ["" 130.825"", "" 125.939"", ""  67.540""], ["" 130.116"", "" 127.011"", ""  68.153""]]",[],4ac_Grossjean_2025
63,10703,4ad_Grossjean_2025,receptor_tmp,1,8,-7.31,-0.3045833333333333,0.0,0.0,9,184.15,-8.21,-8.07,-0.14,-8.21,0.0,-0.39,0.89,-0.39,53,6,0.0,0.0,0.0,11.38417,8.586815,6.357797,-0.36514285,0.81405729,0.45164303,124.294037,"358.558716, 59.605816, 343.282257, ","[["" 127.828"", "" 123.279"", ""  60.955""], ["" 126.598"", "" 123.719"", ""  60.441""], ["" 126.410"", "" 123.428"", ""  59.045""], ["" 125.341"", "" 123.692"", ""  58.147""], ["" 124.059"", "" 124.413"", ""  58.535""], ["" 125.481"", "" 123.263"", ""  56.821""], ["" 126.640"", "" 122.601"", ""  56.421""], ["" 126.816"", "" 122.128"", ""  54.990""], ["" 127.678"", "" 122.332"", ""  57.249""], ["" 127.543"", "" 122.743"", ""  58.511""], ["" 128.790"", "" 122.481"", ""  59.709""], ["" 128.351"", "" 123.422"", ""  62.315""], ["" 127.735"", "" 122.957"", ""  63.276""], ["" 129.535"", "" 124.075"", ""  62.417""], ["" 129.966"", "" 124.351"", ""  61.548""], ["" 130.275"", "" 124.412"", ""  63.567""], ["" 131.617"", "" 124.742"", ""  63.354""], ["" 129.745"", "" 124.464"", ""  64.866""], ["" 132.430"", "" 125.099"", ""  64.427""], ["" 130.560"", "" 124.823"", ""  65.936""], ["" 131.899"", "" 125.136"", ""  65.713""], ["" 125.647"", "" 124.369"", ""  61.187""], ["" 124.891"", "" 124.883"", ""  60.758""], ["" 125.670"", "" 124.350"", ""  62.198""]]",[],4ad_Grossjean_2025
64,10640,4ae_Grossjean_2025,receptor_tmp,1,5,-7.52,-0.30079999999999996,0.0,0.0,6,184.35,-8.41,-8.32,-0.09,-8.41,0.0,-0.33,0.89,-0.33,56,6,0.0,0.0,0.0,11.493544,8.664898,6.56877,0.37247266,-0.80907638,-0.45459821,235.888824,"352.765045, 60.348648, 341.801788, ","[["" 127.856"", "" 123.300"", ""  60.921""], ["" 126.622"", "" 123.721"", ""  60.400""], ["" 126.445"", "" 123.420"", ""  59.004""], ["" 125.378"", "" 123.666"", ""  58.099""], ["" 124.083"", "" 124.369"", ""  58.477""], ["" 125.531"", "" 123.237"", ""  56.775""], ["" 126.703"", "" 122.591"", ""  56.384""], ["" 126.896"", "" 122.122"", ""  54.953""], ["" 127.739"", "" 122.339"", ""  57.219""], ["" 127.590"", "" 122.749"", ""  58.478""], ["" 128.834"", "" 122.509"", ""  59.683""], ["" 128.378"", "" 123.468"", ""  62.279""], ["" 127.764"", "" 123.023"", ""  63.250""], ["" 129.558"", "" 124.130"", ""  62.370""], ["" 129.996"", "" 124.391"", ""  61.499""], ["" 130.301"", "" 124.447"", ""  63.521""], ["" 129.721"", "" 124.529"", ""  64.754""], ["" 131.661"", "" 124.713"", ""  63.330""], ["" 130.497"", "" 124.863"", ""  65.817""], ["" 132.447"", "" 125.054"", ""  64.433""], ["" 131.863"", "" 125.133"", ""  65.698""], ["" 129.787"", "" 124.936"", ""  67.154""], ["" 125.661"", "" 124.363"", ""  61.139""], ["" 124.914"", "" 124.886"", ""  60.704""], ["" 125.669"", "" 124.333"", ""  62.149""]]",[],4ae_Grossjean_2025
65,6045,4af_Grossjean_2025,receptor_tmp,1,8,-7.1,-0.29583333333333334,0.0,0.0,9,184.17,-8.0,-7.86,-0.14,-8.0,0.0,-0.36,0.89,-0.36,55,8,0.0,0.0,0.0,11.298449,8.502145,6.387418,-0.36865614,0.81614137,0.44497855,121.138283,"17.248335, 63.655746, 165.936386, ","[["" 127.745"", "" 123.212"", ""  60.978""], ["" 126.554"", "" 123.689"", ""  60.409""], ["" 126.422"", "" 123.406"", ""  59.004""], ["" 125.402"", "" 123.701"", ""  58.059""], ["" 124.123"", "" 124.452"", ""  58.392""], ["" 125.592"", "" 123.275"", ""  56.739""], ["" 126.751"", "" 122.585"", ""  56.390""], ["" 126.981"", "" 122.115"", ""  54.965""], ["" 127.743"", "" 122.285"", ""  57.264""], ["" 127.560"", "" 122.693"", ""  58.520""], ["" 128.744"", "" 122.394"", ""  59.772""], ["" 128.215"", "" 123.348"", ""  62.358""], ["" 127.561"", "" 122.881"", ""  63.291""], ["" 129.396"", "" 123.995"", ""  62.507""], ["" 129.859"", "" 124.278"", ""  61.656""], ["" 130.091"", "" 124.330"", ""  63.685""], ["" 131.234"", "" 125.126"", ""  63.541""], ["" 129.716"", "" 123.956"", ""  64.988""], ["" 131.994"", "" 125.537"", ""  64.587""], ["" 130.487"", "" 124.372"", ""  66.075""], ["" 131.615"", "" 125.157"", ""  65.833""], ["" 125.589"", "" 124.365"", ""  61.113""], ["" 125.582"", "" 124.387"", ""  62.123""], ["" 124.853"", "" 124.871"", ""  60.639""]]",[],4af_Grossjean_2025
66,10568,4ag_Grossjean_2025,receptor_tmp,1,5,-7.72,-0.30879999999999996,0.0,0.0,5,184.07,-8.91,-8.87,-0.04,-8.91,0.0,-0.56,1.19,-0.56,57,6,0.0,0.0,0.0,10.522508,7.807125,6.66203,-0.35280409,0.86588534,0.35464328,111.200935,"227.775452, 132.196716, 35.411518, 354.112427, ","[["" 127.463"", "" 122.923"", ""  60.978""], ["" 126.389"", "" 123.523"", ""  60.304""], ["" 126.401"", "" 123.309"", ""  58.882""], ["" 125.527"", "" 123.730"", ""  57.844""], ["" 124.283"", "" 124.577"", ""  58.067""], ["" 125.833"", "" 123.340"", ""  56.535""], ["" 126.962"", "" 122.563"", ""  56.285""], ["" 127.313"", "" 122.127"", ""  54.874""], ["" 127.816"", "" 122.142"", ""  57.249""], ["" 127.523"", "" 122.516"", ""  58.496""], ["" 128.519"", "" 122.060"", ""  59.859""], ["" 127.754"", "" 122.929"", ""  62.411""], ["" 126.852"", "" 122.873"", ""  63.250""], ["" 129.057"", "" 123.018"", ""  62.753""], ["" 129.745"", "" 123.003"", ""  62.015""], ["" 129.576"", "" 123.015"", ""  64.120""], ["" 130.951"", "" 123.659"", ""  64.261""], ["" 132.014"", "" 123.210"", ""  63.473""], ["" 131.135"", "" 124.732"", ""  65.138""], ["" 133.264"", "" 123.813"", ""  63.582""], ["" 132.385"", "" 125.335"", ""  65.247""], ["" 133.444"", "" 124.872"", ""  64.470""], ["" 125.410"", "" 124.254"", ""  60.929""], ["" 124.698"", "" 124.746"", ""  60.408""], ["" 125.367"", "" 124.320"", ""  61.936""]]",[],4ag_Grossjean_2025
67,10724,4ah_Grossjean_2025,receptor_tmp,1,14,-6.61,-0.2132258064516129,0.0,0.0,1,186.08,-8.7,-8.11,-0.59,-8.7,0.0,-0.75,2.09,-0.75,66,7,0.0,0.0,0.0,10.394699,9.745364,7.765664,-0.27794231,0.51566534,-0.81045501,207.957443,"342.459991, 112.566338, 94.884361, 11.140355, 198.419952, 57.060799, 287.391205, ","[["" 128.438"", "" 123.148"", ""  63.094""], ["" 128.304"", "" 124.037"", ""  62.252""], ["" 128.624"", "" 125.325"", ""  62.496""], ["" 128.412"", "" 126.011"", ""  61.787""], ["" 127.825"", "" 123.741"", ""  60.902""], ["" 126.573"", "" 124.027"", ""  60.338""], ["" 128.901"", "" 122.984"", ""  59.726""], ["" 126.447"", "" 123.620"", ""  58.965""], ["" 127.660"", "" 123.032"", ""  58.494""], ["" 125.374"", "" 123.700"", ""  58.036""], ["" 127.867"", "" 122.560"", ""  57.264""], ["" 125.589"", "" 123.204"", ""  56.745""], ["" 126.824"", "" 122.655"", ""  56.406""], ["" 124.010"", "" 124.290"", ""  58.359""], ["" 127.082"", "" 122.115"", ""  55.011""], ["" 125.549"", "" 124.629"", ""  61.023""], ["" 124.767"", "" 125.054"", ""  60.547""], ["" 125.547"", "" 124.672"", ""  62.033""], ["" 129.116"", "" 125.849"", ""  63.770""], ["" 128.717"", "" 127.297"", ""  64.030""], ["" 128.522"", "" 128.171"", ""  62.959""], ["" 128.613"", "" 127.776"", ""  65.336""], ["" 128.196"", "" 129.518"", ""  63.180""], ["" 128.283"", "" 129.117"", ""  65.588""], ["" 128.071"", "" 129.976"", ""  64.500""], ["" 127.988"", "" 130.439"", ""  62.169""], ["" 126.663"", "" 130.689"", ""  61.714""], ["" 128.149"", "" 129.655"", ""  66.855""], ["" 128.558"", "" 128.889"", ""  67.984""], ["" 127.765"", "" 131.296"", ""  64.732""], ["" 128.822"", "" 132.196"", ""  64.430""]]",[],4ah_Grossjean_2025
68,10673,4ai_Grossjean_2025,receptor_tmp,1,9,-7.1,-0.30869565217391304,0.0,0.0,1,183.99,-8.0,-7.78,-0.22,-8.0,0.0,-0.33,0.89,-0.33,55,8,0.0,0.0,0.0,10.812364,8.530789,6.173805,0.39113944,-0.81133562,-0.4344473,243.674194,"61.914818, 64.379349, 168.605179, ","[["" 127.454"", "" 123.221"", ""  60.962""], ["" 126.327"", "" 123.735"", ""  60.302""], ["" 126.296"", "" 123.453"", ""  58.892""], ["" 125.357"", "" 123.769"", ""  57.872""], ["" 124.071"", "" 124.545"", ""  58.107""], ["" 125.636"", "" 123.334"", ""  56.571""], ["" 126.802"", "" 122.618"", ""  56.311""], ["" 127.122"", "" 122.130"", ""  54.909""], ["" 127.720"", "" 122.300"", ""  57.256""], ["" 127.451"", "" 122.715"", ""  58.495""], ["" 128.527"", "" 122.388"", ""  59.836""], ["" 127.807"", "" 123.329"", ""  62.379""], ["" 127.071"", "" 122.861"", ""  63.249""], ["" 128.985"", "" 123.952"", ""  62.638""], ["" 129.513"", "" 124.284"", ""  61.845""], ["" 129.563"", "" 124.181"", ""  63.879""], ["" 129.923"", "" 123.255"", ""  64.753""], ["" 129.843"", "" 125.459"", ""  64.366""], ["" 130.461"", "" 123.925"", ""  65.853""], ["" 130.406"", "" 125.255"", ""  65.605""], ["" 125.331"", "" 124.441"", ""  60.929""], ["" 125.264"", "" 124.488"", ""  61.935""], ["" 124.625"", "" 124.935"", ""  60.401""]]",[],4ai_Grossjean_2025
69,6028,4aj_Grossjean_2025,receptor_tmp,1,20,-7.15,-0.31086956521739134,0.0,0.0,9,184.03,-8.04,-7.9,-0.14,-8.04,0.0,-0.17,0.89,-0.17,59,6,0.0,0.0,0.0,10.85906,8.56284,6.225033,0.39229503,-0.80924468,-0.43729585,242.810471,"225.876801, 77.870338, 348.015198, ","[["" 127.488"", "" 123.255"", ""  61.005""], ["" 126.341"", "" 123.745"", ""  60.361""], ["" 126.291"", "" 123.450"", ""  58.954""], ["" 125.332"", "" 123.744"", ""  57.948""], ["" 124.039"", "" 124.506"", ""  58.198""], ["" 125.595"", "" 123.304"", ""  56.646""], ["" 126.767"", "" 122.603"", ""  56.370""], ["" 127.076"", "" 122.121"", ""  54.965""], ["" 127.703"", "" 122.303"", ""  57.304""], ["" 127.449"", "" 122.723"", ""  58.543""], ["" 128.550"", "" 122.422"", ""  59.868""], ["" 127.866"", "" 123.381"", ""  62.414""], ["" 127.307"", "" 122.703"", ""  63.279""], ["" 128.858"", "" 124.267"", ""  62.674""], ["" 129.251"", "" 124.766"", ""  61.889""], ["" 129.407"", "" 124.565"", ""  63.914""], ["" 129.690"", "" 125.751"", ""  64.408""], ["" 129.769"", "" 123.231"", ""  64.960""], ["" 130.199"", "" 125.662"", ""  65.621""], ["" 130.339"", "" 124.376"", ""  66.137""], ["" 125.346"", "" 124.440"", ""  61.000""], ["" 124.624"", "" 124.928"", ""  60.490""], ["" 125.303"", "" 124.488"", ""  62.008""]]",[],4aj_Grossjean_2025
70,6063,4ak_Grossjean_2025,receptor_tmp,1,15,-5.21,-0.18607142857142858,0.0,0.0,7,189.84,-8.49,-8.5,0.01,-8.49,0.0,-2.58,3.28,-2.58,42,5,0.0,0.0,0.0,16.776632,13.69937,3.810711,-0.38381829,0.44099348,0.81130036,204.204712,"162.839081, 69.461273, 154.280487, 233.427765, 340.505524, 326.970856, 65.57888, 171.192123, 59.076225, 358.872681, 87.26548, ","[["" 131.537"", "" 131.098"", ""  57.577""], ["" 132.180"", "" 131.814"", ""  58.623""], ["" 131.744"", "" 131.233"", ""  59.980""], ["" 130.327"", "" 131.439"", ""  60.279""], ["" 130.568"", "" 132.348"", ""  62.337""], ["" 129.838"", "" 131.963"", ""  61.421""], ["" 129.674"", "" 131.149"", ""  59.564""], ["" 128.383"", "" 132.061"", ""  61.513""], ["" 127.581"", "" 133.212"", ""  61.461""], ["" 127.406"", "" 130.611"", ""  61.745""], ["" 126.173"", "" 132.948"", ""  61.592""], ["" 125.931"", "" 131.551"", ""  61.757""], ["" 125.035"", "" 133.798"", ""  61.588""], ["" 124.734"", "" 130.983"", ""  61.905""], ["" 123.776"", "" 133.205"", ""  61.742""], ["" 123.671"", "" 131.824"", ""  61.894""], ["" 125.099"", "" 135.309"", ""  61.421""], ["" 122.317"", "" 131.158"", ""  62.065""], ["" 128.077"", "" 134.481"", ""  61.298""], ["" 129.051"", "" 134.697"", ""  61.459""], ["" 127.483"", "" 135.243"", ""  61.005""], ["" 131.528"", "" 131.783"", ""  56.332""], ["" 130.238"", "" 132.605"", ""  56.216""], ["" 130.174"", "" 133.534"", ""  57.290""], ["" 129.041"", "" 133.360"", ""  58.131""], ["" 128.097"", "" 132.326"", ""  57.506""], ["" 127.821"", "" 131.302"", ""  58.453""], ["" 126.521"", "" 130.748"", ""  58.324""]]",[],4ak_Grossjean_2025
71,10554,4al_Grossjean_2025,receptor_tmp,1,10,-5.97,-0.33166666666666667,0.0,0.0,16,191.21,-6.86,-6.69,-0.17,-6.86,0.0,-0.16,0.89,-0.16,39,4,0.0,0.0,0.0,14.056144,17.305889,4.651893,-0.61728071,-0.40635696,0.6736754,211.654037,"76.633324, 231.76767, 155.365631, ","[["" 130.495"", "" 132.037"", ""  60.687""], ["" 131.269"", "" 131.532"", ""  59.634""], ["" 130.778"", "" 131.879"", ""  58.329""], ["" 131.245"", "" 131.583"", ""  57.020""], ["" 132.486"", "" 130.756"", ""  56.725""], ["" 130.515"", "" 132.087"", ""  55.938""], ["" 129.371"", "" 132.850"", ""  56.163""], ["" 128.563"", "" 133.407"", ""  55.007""], ["" 128.897"", "" 133.151"", ""  57.398""], ["" 129.595"", "" 132.670"", ""  58.427""], ["" 129.121"", "" 132.966"", ""  60.084""], ["" 130.700"", "" 131.880"", ""  62.143""], ["" 129.817"", "" 131.484"", ""  62.908""], ["" 131.954"", "" 132.218"", ""  62.541""], ["" 132.914"", "" 131.218"", ""  62.851""], ["" 132.396"", "" 130.775"", ""  59.822""], ["" 132.941"", "" 130.828"", ""  60.671""], ["" 132.722"", "" 130.132"", ""  59.112""]]",[],4al_Grossjean_2025
72,10766,4ba_Grossjean_2025,receptor_tmp,1,6,-7.12,-0.2296774193548387,0.0,0.0,4,187.84,-8.91,-8.67,-0.24,-8.91,0.0,-0.45,1.79,-0.45,69,5,0.0,0.0,0.0,10.325063,14.293952,8.982297,-0.45666728,-0.41262998,0.78815703,173.901276,"53.169842, 257.727448, 259.151367, 234.973221, 167.637695, 270.498169, ","[["" 128.101"", "" 128.594"", ""  66.293""], ["" 128.168"", "" 129.518"", ""  67.337""], ["" 128.800"", "" 129.187"", ""  68.532""], ["" 129.376"", "" 127.923"", ""  68.709""], ["" 129.301"", "" 126.994"", ""  67.661""], ["" 128.669"", "" 127.323"", ""  66.464""], ["" 127.432"", "" 129.030"", ""  65.133""], ["" 128.261"", "" 131.134"", ""  64.792""], ["" 127.539"", "" 130.196"", ""  64.451""], ["" 126.762"", "" 128.368"", ""  64.772""], ["" 126.702"", "" 130.299"", ""  63.253""], ["" 125.312"", "" 130.486"", ""  63.169""], ["" 127.436"", "" 130.251"", ""  61.652""], ["" 124.810"", "" 130.579"", ""  61.820""], ["" 125.882"", "" 130.471"", ""  60.883""], ["" 123.500"", "" 130.756"", ""  61.282""], ["" 125.766"", "" 130.527"", ""  59.556""], ["" 123.384"", "" 130.814"", ""  59.883""], ["" 124.513"", "" 130.700"", ""  59.077""], ["" 124.405"", "" 130.770"", ""  57.564""], ["" 124.497"", "" 130.572"", ""  64.270""], ["" 123.684"", "" 129.984"", ""  64.380""], ["" 124.681"", "" 131.236"", ""  65.009""], ["" 122.229"", "" 130.884"", ""  62.128""], ["" 122.074"", "" 132.099"", ""  62.658""], ["" 121.157"", "" 130.637"", ""  61.374""], ["" 122.269"", "" 130.011"", ""  63.135""], ["" 130.049"", "" 127.594"", ""  70.010""], ["" 131.244"", "" 127.820"", ""  70.219""], ["" 129.194"", "" 126.943"", ""  71.116""], ["" 127.674"", "" 126.975"", ""  70.870""]]",[],4ba_Grossjean_2025
73,6123,4bb_Grossjean_2025,receptor_tmp,1,5,-6.93,-0.23099999999999998,0.0,0.0,1,187.83,-8.42,-8.18,-0.24,-8.42,0.0,-0.34,1.49,-0.34,65,5,0.0,0.0,0.0,10.280298,15.572459,9.061223,-0.10965568,-0.98806823,0.1081518,236.379974,"233.885147, 18.310946, 259.660645, 269.622742, 235.312485, ","[["" 128.249"", "" 131.153"", ""  64.768""], ["" 127.538"", "" 130.212"", ""  64.417""], ["" 127.439"", "" 129.039"", ""  65.090""], ["" 126.779"", "" 128.371"", ""  64.719""], ["" 126.699"", "" 130.317"", ""  63.220""], ["" 125.307"", "" 130.491"", ""  63.138""], ["" 127.431"", "" 130.287"", ""  61.618""], ["" 124.803"", "" 130.590"", ""  61.791""], ["" 125.874"", "" 130.492"", ""  60.850""], ["" 123.491"", "" 130.759"", ""  61.255""], ["" 125.754"", "" 130.545"", ""  59.525""], ["" 123.371"", "" 130.816"", ""  59.858""], ["" 124.498"", "" 130.707"", ""  59.049""], ["" 124.383"", "" 130.764"", ""  57.536""], ["" 124.493"", "" 130.555"", ""  64.240""], ["" 124.655"", "" 131.216"", ""  64.987""], ["" 123.698"", "" 129.939"", ""  64.344""], ["" 122.222"", "" 130.884"", ""  62.104""], ["" 121.105"", "" 130.649"", ""  61.411""], ["" 122.262"", "" 130.005"", ""  63.106""], ["" 122.130"", "" 132.116"", ""  62.603""], ["" 128.097"", "" 128.608"", ""  66.259""], ["" 128.148"", "" 129.533"", ""  67.303""], ["" 128.670"", "" 127.339"", ""  66.436""], ["" 128.772"", "" 129.208"", ""  68.503""], ["" 129.293"", "" 127.015"", ""  67.638""], ["" 129.353"", "" 127.946"", ""  68.685""], ["" 130.019"", "" 127.623"", ""  69.989""], ["" 131.217"", "" 127.810"", ""  70.207""], ["" 129.163"", "" 127.039"", ""  71.115""]]",[],4bb_Grossjean_2025
74,5974,4bc_Grossjean_2025,receptor_tmp,1,19,-6.56,-0.22620689655172413,0.0,0.0,2,183.96,-8.06,-7.9,-0.16,-8.06,0.0,-0.35,1.49,-0.35,83,6,0.0,0.0,0.0,10.998364,8.570641,6.604481,0.5980443,-0.30376487,-0.74166699,202.573456,"162.773972, 12.894074, 84.126831, 216.225662, 72.017197, ","[["" 127.425"", "" 122.513"", ""  63.207""], ["" 127.949"", "" 123.277"", ""  62.395""], ["" 128.860"", "" 124.224"", ""  62.726""], ["" 129.266"", "" 124.741"", ""  61.960""], ["" 127.611"", "" 123.199"", ""  60.971""], ["" 126.529"", "" 123.784"", ""  60.295""], ["" 128.631"", "" 122.279"", ""  59.867""], ["" 126.499"", "" 123.508"", ""  58.879""], ["" 127.605"", "" 122.681"", ""  58.510""], ["" 125.606"", "" 123.891"", ""  57.834""], ["" 127.871"", "" 122.239"", ""  57.282""], ["" 125.891"", "" 123.422"", ""  56.542""], ["" 127.005"", "" 122.618"", ""  56.313""], ["" 127.323"", "" 122.099"", ""  54.923""], ["" 125.580"", "" 124.553"", ""  60.919""], ["" 125.451"", "" 124.535"", ""  61.920""], ["" 124.976"", "" 125.169"", ""  60.393""], ["" 124.370"", "" 124.775"", ""  58.035""], ["" 123.554"", "" 124.779"", ""  56.978""], ["" 123.669"", "" 124.337"", ""  59.080""], ["" 124.746"", "" 126.035"", ""  58.253""], ["" 129.364"", "" 124.570"", ""  63.994""], ["" 129.285"", "" 125.919"", ""  64.341""], ["" 129.890"", "" 123.649"", ""  64.913""], ["" 129.746"", "" 126.352"", ""  65.582""], ["" 130.349"", "" 124.085"", ""  66.153""], ["" 130.282"", "" 125.446"", ""  66.496""], ["" 130.713"", "" 125.967"", ""  67.701""], ["" 129.982"", "" 127.034"", ""  68.296""]]",[],4bc_Grossjean_2025
75,10802,4bd_Grossjean_2025,receptor_tmp,1,9,-6.72,-0.24888888888888888,0.0,0.0,3,183.48,-7.92,-7.83,-0.09,-7.92,0.0,-0.33,1.19,-0.33,78,6,0.0,0.0,0.0,10.832248,8.628171,6.036688,0.34270851,-0.84181827,-0.41700465,243.913773,"24.386734, 72.853775, 343.512054, 132.35881, ","[["" 127.718"", "" 123.122"", ""  60.921""], ["" 126.613"", "" 123.725"", ""  60.299""], ["" 126.520"", "" 123.469"", ""  58.882""], ["" 125.591"", "" 123.877"", ""  57.880""], ["" 125.819"", "" 123.425"", ""  56.571""], ["" 126.914"", "" 122.615"", ""  56.284""], ["" 127.175"", "" 122.121"", ""  54.873""], ["" 127.813"", "" 122.211"", ""  57.212""], ["" 127.602"", "" 122.638"", ""  58.456""], ["" 128.680"", "" 122.206"", ""  59.763""], ["" 128.123"", "" 123.187"", ""  62.329""], ["" 127.481"", "" 122.591"", ""  63.195""], ["" 129.233"", "" 123.924"", ""  62.581""], ["" 129.703"", "" 124.310"", ""  61.775""], ["" 129.851"", "" 124.218"", ""  63.810""], ["" 130.889"", "" 125.154"", ""  63.766""], ["" 129.470"", "" 123.663"", ""  65.044""], ["" 131.556"", "" 125.519"", ""  64.931""], ["" 130.140"", "" 124.031"", ""  66.208""], ["" 131.181"", "" 124.954"", ""  66.147""], ["" 125.698"", "" 124.492"", ""  60.972""], ["" 125.056"", "" 125.107"", ""  60.490""], ["" 125.628"", "" 124.465"", ""  61.980""], ["" 124.374"", "" 124.770"", ""  58.146""], ["" 123.657"", "" 124.374"", ""  59.200""], ["" 124.773"", "" 126.019"", ""  58.381""], ["" 123.565"", "" 124.756"", ""  57.087""]]",[],4bd_Grossjean_2025
76,6057,4be_Grossjean_2025,receptor_tmp,1,1,-6.94,-0.24785714285714286,0.0,0.0,1,183.88,-8.13,-8.08,-0.06,-8.13,0.0,-0.28,1.19,-0.28,66,6,0.0,0.0,0.0,11.020243,8.832032,6.299953,0.35002657,-0.83941731,-0.41576433,242.32283,"318.571198, 78.568512, 344.504089, 12.217613, ","[["" 127.872"", "" 123.352"", ""  60.931""], ["" 126.739"", "" 123.915"", ""  60.323""], ["" 126.594"", "" 123.587"", ""  58.926""], ["" 125.612"", "" 123.921"", ""  57.947""], ["" 125.802"", "" 123.418"", ""  56.650""], ["" 126.908"", "" 122.626"", ""  56.355""], ["" 127.127"", "" 122.078"", ""  54.957""], ["" 127.855"", "" 122.289"", ""  57.262""], ["" 127.680"", "" 122.764"", ""  58.494""], ["" 128.816"", "" 122.413"", ""  59.776""], ["" 128.332"", "" 123.493"", ""  62.315""], ["" 127.756"", "" 122.906"", ""  63.233""], ["" 129.421"", "" 124.282"", ""  62.489""], ["" 129.828"", "" 124.677"", ""  61.654""], ["" 130.109"", "" 124.589"", ""  63.677""], ["" 129.465"", "" 125.055"", ""  64.788""], ["" 131.496"", "" 124.410"", ""  63.654""], ["" 130.199"", "" 125.337"", ""  65.894""], ["" 132.238"", "" 124.704"", ""  64.800""], ["" 131.586"", "" 125.175"", ""  65.941""], ["" 129.420"", "" 125.846"", ""  67.091""], ["" 125.840"", "" 124.704"", ""  60.995""], ["" 125.165"", "" 125.278"", ""  60.512""], ["" 125.829"", "" 124.742"", ""  62.005""], ["" 124.377"", "" 124.785"", ""  58.224""], ["" 123.472"", "" 124.732"", ""  57.243""], ["" 123.778"", "" 124.370"", ""  59.340""], ["" 124.740"", "" 126.059"", ""  58.366""]]",[],4be_Grossjean_2025
77,10727,4bf_Grossjean_2025,receptor_tmp,2,11,-6.47,-0.2396296296296296,0.0,0.0,5,183.75,-7.66,-7.52,-0.14,-7.66,0.0,-0.35,1.19,-0.35,68,7,0.0,0.0,0.0,10.977453,8.777916,6.041232,-0.34772922,0.84224851,0.41194883,118.751282,"316.420044, 75.617035, 163.808548, 13.634075, ","[["" 127.875"", "" 123.295"", ""  60.920""], ["" 126.738"", "" 123.861"", ""  60.321""], ["" 126.598"", "" 123.558"", ""  58.918""], ["" 125.622"", "" 123.915"", ""  57.940""], ["" 125.811"", "" 123.431"", ""  56.637""], ["" 126.913"", "" 122.636"", ""  56.334""], ["" 127.133"", "" 122.107"", ""  54.927""], ["" 127.855"", "" 122.279"", ""  57.237""], ["" 127.681"", "" 122.737"", ""  58.475""], ["" 128.815"", "" 122.369"", ""  59.753""], ["" 128.338"", "" 123.423"", ""  62.305""], ["" 127.747"", "" 122.847"", ""  63.219""], ["" 129.441"", "" 124.192"", ""  62.480""], ["" 129.864"", "" 124.559"", ""  61.641""], ["" 130.102"", "" 124.552"", ""  63.670""], ["" 131.470"", "" 124.264"", ""  63.745""], ["" 129.509"", "" 125.198"", ""  64.768""], ["" 132.237"", "" 124.565"", ""  64.825""], ["" 130.285"", "" 125.515"", ""  65.886""], ["" 131.640"", "" 125.181"", ""  65.874""], ["" 125.832"", "" 124.631"", ""  61.005""], ["" 125.799"", "" 124.647"", ""  62.014""], ["" 125.165"", "" 125.214"", ""  60.519""], ["" 124.395"", "" 124.789"", ""  58.226""], ["" 123.488"", "" 124.752"", ""  57.246""], ["" 123.795"", "" 124.373"", ""  59.341""], ["" 124.771"", "" 126.060"", ""  58.374""]]",[],4bf_Grossjean_2025
78,10676,4bg_Grossjean_2025,receptor_tmp,1,17,-7.07,-0.2525,0.0,0.0,7,183.7,-8.56,-8.44,-0.12,-8.56,0.0,-0.34,1.49,-0.34,75,6,0.0,0.0,0.0,11.004639,9.057486,6.122666,0.36086957,-0.83354908,-0.41829305,248.100815,"246.736786, 222.227463, 85.375687, 170.144821, 130.840195, ","[["" 127.583"", "" 123.106"", ""  60.969""], ["" 126.515"", "" 123.739"", ""  60.316""], ["" 126.450"", "" 123.473"", ""  58.900""], ["" 125.545"", "" 123.881"", ""  57.876""], ["" 125.803"", "" 123.425"", ""  56.573""], ["" 126.902"", "" 122.609"", ""  56.316""], ["" 127.196"", "" 122.113"", ""  54.912""], ["" 127.775"", "" 122.201"", ""  57.265""], ["" 127.534"", "" 122.629"", ""  58.504""], ["" 128.571"", "" 122.185"", ""  59.838""], ["" 127.963"", "" 123.180"", ""  62.380""], ["" 127.372"", "" 122.526"", ""  63.240""], ["" 129.017"", "" 123.972"", ""  62.667""], ["" 129.402"", "" 124.539"", ""  61.925""], ["" 129.561"", "" 124.210"", ""  64.003""], ["" 131.075"", "" 124.372"", ""  64.025""], ["" 131.835"", "" 124.018"", ""  62.906""], ["" 131.697"", "" 124.940"", ""  65.141""], ["" 133.215"", "" 124.204"", ""  62.915""], ["" 133.078"", "" 125.127"", ""  65.149""], ["" 133.830"", "" 124.756"", ""  64.037""], ["" 125.604"", "" 124.535"", ""  60.965""], ["" 125.567"", "" 124.594"", ""  61.971""], ["" 124.930"", "" 125.086"", ""  60.452""], ["" 124.325"", "" 124.777"", ""  58.110""], ["" 123.573"", "" 124.376"", ""  59.138""], ["" 124.722"", "" 126.023"", ""  58.368""], ["" 123.550"", "" 124.777"", ""  57.026""]]",[],4bg_Grossjean_2025
79,6048,4bh_Grossjean_2025,receptor_tmp,1,2,-6.25,-0.18382352941176472,0.0,0.0,2,185.25,-8.64,-8.55,-0.08,-8.64,0.0,-1.04,2.39,-1.04,86,6,0.0,0.0,0.0,10.86309,9.553068,7.20133,0.12871472,0.62790461,-0.767573,250.829254,"339.015381, 14.234457, 64.667793, 79.601883, 116.854828, 5.366854, 59.371197, 359.221252, ","[["" 127.452"", "" 122.835"", ""  63.255""], ["" 128.198"", "" 123.183"", ""  62.339""], ["" 129.459"", "" 123.612"", ""  62.554""], ["" 129.986"", "" 123.960"", ""  61.765""], ["" 127.774"", "" 123.110"", ""  60.940""], ["" 126.679"", "" 123.736"", ""  60.325""], ["" 128.730"", "" 122.198"", ""  59.776""], ["" 126.569"", "" 123.472"", ""  58.912""], ["" 127.645"", "" 122.637"", ""  58.477""], ["" 125.628"", "" 123.877"", ""  57.919""], ["" 127.845"", "" 122.211"", ""  57.231""], ["" 125.843"", "" 123.423"", ""  56.608""], ["" 126.936"", "" 122.614"", ""  56.313""], ["" 127.184"", "" 122.120"", ""  54.899""], ["" 125.786"", "" 124.523"", ""  61.006""], ["" 125.206"", "" 125.204"", ""  60.534""], ["" 125.682"", "" 124.454"", ""  62.008""], ["" 124.409"", "" 124.763"", ""  58.197""], ["" 123.515"", "" 124.750"", ""  57.205""], ["" 123.787"", "" 124.343"", ""  59.298""], ["" 124.800"", "" 126.026"", ""  58.367""], ["" 130.090"", "" 123.768"", ""  63.865""], ["" 129.657"", "" 125.029"", ""  64.603""], ["" 129.234"", "" 126.149"", ""  63.886""], ["" 129.747"", "" 125.097"", ""  65.994""], ["" 128.871"", "" 127.333"", ""  64.548""], ["" 129.383"", "" 126.265"", ""  66.683""], ["" 128.941"", "" 127.374"", ""  65.947""], ["" 128.442"", "" 128.478"", ""  63.902""], ["" 127.096"", "" 128.560"", ""  63.446""], ["" 129.434"", "" 126.398"", ""  68.059""], ["" 130.333"", "" 127.338"", ""  68.636""], ["" 128.599"", "" 128.531"", ""  66.608""], ["" 127.258"", "" 128.553"", ""  67.076""]]",[],4bh_Grossjean_2025
80,10571,4bi_Grossjean_2025,receptor_tmp,1,12,-6.72,-0.25846153846153846,0.0,0.0,5,190.97,-7.91,-7.79,-0.12,-7.91,0.0,-0.24,1.19,-0.24,58,5,0.0,0.0,0.0,11.945181,18.425171,5.958898,-0.95606453,0.18330841,-0.2287764,96.464005,"169.566925, 84.455925, 101.57814, 358.181335, ","[["" 128.080"", "" 133.340"", ""  60.916""], ["" 128.895"", "" 132.905"", ""  59.858""], ["" 130.145"", "" 132.320"", ""  60.278""], ["" 131.238"", "" 131.750"", ""  59.561""], ["" 132.321"", "" 131.270"", ""  60.316""], ["" 132.303"", "" 131.355"", ""  61.706""], ["" 133.463"", "" 130.836"", ""  62.536""], ["" 131.281"", "" 131.887"", ""  62.414""], ["" 130.252"", "" 132.346"", ""  61.702""], ["" 128.855"", "" 133.059"", ""  62.474""], ["" 126.766"", "" 133.985"", ""  60.852""], ["" 125.744"", "" 133.317"", ""  60.685""], ["" 126.770"", "" 135.333"", ""  61.007""], ["" 127.666"", "" 135.776"", ""  61.151""], ["" 125.676"", "" 136.189"", ""  61.001""], ["" 125.681"", "" 137.457"", ""  61.376""], ["" 124.405"", "" 135.796"", ""  60.587""], ["" 124.378"", "" 137.931"", ""  61.209""], ["" 123.619"", "" 136.917"", ""  60.731""], ["" 128.535"", "" 133.018"", ""  58.539""], ["" 127.886"", "" 132.374"", ""  58.106""], ["" 128.911"", "" 133.748"", ""  57.951""], ["" 131.300"", "" 131.628"", ""  58.035""], ["" 132.437"", "" 131.079"", ""  57.600""], ["" 130.298"", "" 130.864"", ""  57.601""], ["" 131.204"", "" 132.837"", ""  57.480""]]",[],4bi_Grossjean_2025
81,10700,4bj_Grossjean_2025,receptor_tmp,1,10,-6.02,-0.23153846153846153,0.0,0.0,2,190.92,-7.22,-7.13,-0.08,-7.22,0.0,-0.04,1.19,-0.04,60,4,0.0,0.0,0.0,11.944174,18.380641,6.000425,0.95937329,-0.18055231,0.21680347,263.262115,"169.72258, 85.677032, 134.524384, 359.805115, ","[["" 128.088"", "" 133.284"", ""  60.953""], ["" 128.890"", "" 132.846"", ""  59.887""], ["" 130.149"", "" 132.271"", ""  60.295""], ["" 131.238"", "" 131.704"", ""  59.568""], ["" 132.332"", "" 131.235"", ""  60.312""], ["" 132.333"", "" 131.333"", ""  61.701""], ["" 133.511"", "" 130.836"", ""  62.519""], ["" 131.316"", "" 131.863"", ""  62.420""], ["" 130.274"", "" 132.307"", ""  61.718""], ["" 128.883"", "" 133.017"", ""  62.503""], ["" 126.769"", "" 133.919"", ""  60.902""], ["" 125.745"", "" 133.240"", ""  60.791""], ["" 126.768"", "" 135.271"", ""  60.999""], ["" 127.662"", "" 135.729"", ""  61.096""], ["" 125.661"", "" 136.108"", ""  60.989""], ["" 125.612"", "" 137.388"", ""  61.288""], ["" 124.143"", "" 135.406"", ""  60.528""], ["" 124.391"", "" 137.868"", ""  61.164""], ["" 123.413"", "" 136.967"", ""  60.756""], ["" 128.512"", "" 132.947"", ""  58.572""], ["" 127.587"", "" 132.691"", ""  58.260""], ["" 129.155"", "" 133.278"", ""  57.866""], ["" 131.283"", "" 131.578"", ""  58.041""], ["" 132.407"", "" 131.010"", ""  57.597""], ["" 130.264"", "" 130.830"", ""  57.620""], ["" 131.201"", "" 132.788"", ""  57.487""]]",[],4bj_Grossjean_2025
82,10637,4bk_Grossjean_2025,receptor_tmp,1,6,-5.47,-0.1764516129032258,0.0,0.0,3,184.76,-9.05,-9.09,0.04,-9.05,0.0,-0.92,3.58,-0.92,81,8,0.0,0.0,0.0,12.418515,10.400326,6.469731,-0.02380128,-0.01781995,-0.99955788,273.155487,"172.989166, 14.521445, 57.894341, 72.351036, 22.277779, 7.825498, 227.791962, 61.410442, 181.464767, 320.354523, 181.78772, 285.346069, ","[["" 131.646"", "" 124.820"", ""  64.107""], ["" 131.093"", "" 123.533"", ""  64.353""], ["" 129.560"", "" 123.608"", ""  64.245""], ["" 129.062"", "" 123.520"", ""  62.872""], ["" 127.075"", "" 122.536"", ""  63.323""], ["" 127.877"", "" 122.990"", ""  62.505""], ["" 129.674"", "" 123.876"", ""  62.153""], ["" 127.587"", "" 122.992"", ""  61.070""], ["" 126.535"", "" 123.626"", ""  60.392""], ["" 128.608"", "" 122.080"", ""  59.962""], ["" 126.534"", "" 123.401"", ""  58.967""], ["" 127.629"", "" 122.560"", ""  58.596""], ["" 125.678"", "" 123.844"", ""  57.915""], ["" 127.916"", "" 122.157"", ""  57.359""], ["" 125.984"", "" 123.414"", ""  56.615""], ["" 127.084"", "" 122.592"", ""  56.384""], ["" 127.429"", "" 122.119"", ""  54.983""], ["" 125.591"", "" 124.395"", ""  61.023""], ["" 125.541"", "" 124.461"", ""  62.030""], ["" 124.913"", "" 124.930"", ""  60.498""], ["" 124.459"", "" 124.750"", ""  58.119""], ["" 123.650"", "" 124.784"", ""  57.058""], ["" 123.742"", "" 124.316"", ""  59.155""], ["" 124.860"", "" 125.999"", ""  58.354""], ["" 133.062"", "" 124.823"", ""  63.986""], ["" 133.444"", "" 124.991"", ""  62.509""], ["" 134.156"", "" 123.841"", ""  62.072""], ["" 133.841"", "" 123.441"", ""  60.745""], ["" 132.834"", "" 124.429"", ""  60.141""], ["" 133.373"", "" 124.984"", ""  58.948""], ["" 133.892"", "" 124.010"", ""  58.056""]]",[],4bk_Grossjean_2025
83,10539,4ca_Grossjean_2025,receptor_tmp,1,9,-8.51,-0.22999999999999998,0.0,0.0,9,188.93,-10.9,-10.47,-0.43,-10.9,0.0,-0.73,2.39,-0.73,67,7,0.0,0.0,0.0,12.07659,14.445836,9.606964,-0.74324108,0.43208677,-0.51077757,208.341309,"256.116089, 256.22641, 107.221878, 100.491562, 344.415924, 231.64566, 260.847198, 184.925171, ","[["" 129.075"", "" 130.827"", ""  61.082""], ["" 130.320"", "" 131.362"", ""  60.754""], ["" 130.490"", "" 132.087"", ""  59.578""], ["" 129.412"", "" 132.296"", ""  58.707""], ["" 128.159"", "" 131.762"", ""  59.045""], ["" 127.988"", "" 131.035"", ""  60.220""], ["" 129.014"", "" 130.121"", ""  62.299""], ["" 126.796"", "" 129.603"", ""  62.511""], ["" 127.948"", "" 129.588"", ""  62.946""], ["" 129.910"", "" 129.986"", ""  62.743""], ["" 128.251"", "" 128.952"", ""  64.230""], ["" 128.863"", "" 127.710"", ""  64.472""], ["" 127.791"", "" 129.738"", ""  65.739""], ["" 128.976"", "" 127.371"", ""  65.870""], ["" 128.421"", "" 128.406"", ""  66.678""], ["" 129.516"", "" 126.245"", ""  66.556""], ["" 128.360"", "" 128.404"", ""  68.007""], ["" 129.443"", "" 126.251"", ""  67.957""], ["" 128.862"", "" 127.319"", ""  68.651""], ["" 129.316"", "" 126.889"", ""  63.472""], ["" 130.174"", "" 127.080"", ""  62.972""], ["" 128.807"", "" 126.059"", ""  63.200""], ["" 130.162"", "" 125.042"", ""  65.860""], ["" 131.391"", "" 125.296"", ""  65.408""], ["" 130.254"", "" 124.022"", ""  66.713""], ["" 129.422"", "" 124.675"", ""  64.814""], ["" 128.770"", "" 127.342"", ""  70.149""], ["" 129.870"", "" 127.731"", ""  70.931""], ["" 127.588"", "" 126.968"", ""  70.812""], ["" 129.793"", "" 127.750"", ""  72.321""], ["" 127.507"", "" 126.985"", ""  72.202""], ["" 128.610"", "" 127.377"", ""  72.952""], ["" 129.628"", "" 133.085"", ""  57.449""], ["" 128.716"", "" 133.391"", ""  56.674""], ["" 130.927"", "" 133.427"", ""  57.247""], ["" 131.855"", "" 132.496"", ""  56.704""], ["" 131.268"", "" 131.874"", ""  55.433""]]",[],4ca_Grossjean_2025
84,5929,4cb_Grossjean_2025,receptor_tmp,1,3,-8.33,-0.2313888888888889,0.0,0.0,12,188.99,-10.42,-10.01,-0.41,-10.42,0.0,-0.65,2.09,-0.65,63,7,0.0,0.0,0.0,12.263904,14.490519,10.010746,0.68213228,-0.71242793,0.16474829,120.713432,"257.189148, 138.892578, 287.805359, 95.619324, 44.588619, 279.390381, 130.989517, ","[["" 129.083"", "" 131.029"", ""  61.227""], ["" 130.032"", "" 130.602"", ""  60.298""], ["" 130.187"", "" 131.272"", ""  59.088""], ["" 129.397"", "" 132.390"", ""  58.786""], ["" 128.447"", "" 132.819"", ""  59.724""], ["" 128.290"", "" 132.149"", ""  60.934""], ["" 129.021"", "" 130.288"", ""  62.422""], ["" 126.824"", "" 129.668"", ""  62.561""], ["" 127.964"", "" 129.691"", ""  63.026""], ["" 129.911"", "" 130.183"", ""  62.888""], ["" 128.262"", "" 129.032"", ""  64.301""], ["" 128.845"", "" 127.773"", ""  64.522""], ["" 127.834"", "" 129.811"", ""  65.822""], ["" 128.965"", "" 127.416"", ""  65.915""], ["" 128.440"", "" 128.453"", ""  66.741""], ["" 129.487"", "" 126.271"", ""  66.582""], ["" 128.392"", "" 128.436"", ""  68.070""], ["" 129.429"", "" 126.261"", ""  67.984""], ["" 128.878"", "" 127.332"", ""  68.696""], ["" 129.267"", "" 126.952"", ""  63.508""], ["" 130.129"", "" 127.119"", ""  63.009""], ["" 128.728"", "" 126.145"", ""  63.225""], ["" 130.101"", "" 125.062"", ""  65.864""], ["" 129.420"", "" 124.699"", ""  64.775""], ["" 131.344"", "" 125.352"", ""  65.478""], ["" 130.128"", "" 124.014"", ""  66.686""], ["" 128.806"", "" 127.340"", ""  70.196""], ["" 127.620"", "" 126.987"", ""  70.859""], ["" 129.915"", "" 127.709"", ""  70.977""], ["" 127.544"", "" 126.995"", ""  72.249""], ["" 129.845"", "" 127.717"", ""  72.367""], ["" 128.658"", "" 127.360"", ""  72.999""], ["" 129.596"", "" 133.096"", ""  57.474""], ["" 128.667"", "" 133.389"", ""  56.716""], ["" 130.898"", "" 133.376"", ""  57.208""], ["" 131.662"", "" 132.549"", ""  56.342""]]",[],4cb_Grossjean_2025
85,6194,4cc_Grossjean_2025,receptor_tmp,1,2,-7.52,-0.22117647058823528,0.0,0.0,11,188.8,-9.31,-8.93,-0.38,-9.31,0.0,-0.61,1.79,-0.61,62,5,0.0,0.0,0.0,12.105967,14.137706,10.238699,-0.74212708,0.50642817,-0.43906481,212.428635,"76.290764, 136.094589, 290.078949, 93.976479, 242.150452, 22.320566, ","[["" 126.982"", "" 129.580"", ""  62.226""], ["" 128.073"", "" 129.688"", ""  62.788""], ["" 129.110"", "" 130.406"", ""  62.295""], ["" 129.973"", "" 130.360"", ""  62.816""], ["" 128.322"", "" 129.021"", ""  64.070""], ["" 128.896"", "" 127.762"", ""  64.304""], ["" 127.881"", "" 129.812"", ""  65.582""], ["" 128.985"", "" 127.404"", ""  65.699""], ["" 128.460"", "" 128.450"", ""  66.513""], ["" 129.478"", "" 126.253"", ""  66.377""], ["" 128.396"", "" 128.441"", ""  67.843""], ["" 129.404"", "" 126.253"", ""  67.779""], ["" 128.861"", "" 127.335"", ""  68.479""], ["" 129.334"", "" 126.937"", ""  63.299""], ["" 128.805"", "" 126.128"", ""  63.003""], ["" 130.206"", "" 127.111"", ""  62.819""], ["" 130.080"", "" 125.031"", ""  65.674""], ["" 129.383"", "" 124.647"", ""  64.602""], ["" 131.318"", "" 125.309"", ""  65.266""], ["" 130.117"", "" 123.999"", ""  66.517""], ["" 128.778"", "" 127.353"", ""  69.978""], ["" 127.596"", "" 126.977"", ""  70.637""], ["" 129.873"", "" 127.753"", ""  70.763""], ["" 127.511"", "" 126.994"", ""  72.026""], ["" 129.793"", "" 127.770"", ""  72.153""], ["" 128.611"", "" 127.389"", ""  72.780""], ["" 129.177"", "" 131.186"", ""  61.125""], ["" 130.358"", "" 131.090"", ""  60.386""], ["" 128.164"", "" 132.059"", ""  60.698""], ["" 130.519"", "" 131.836"", ""  59.222""], ["" 128.331"", "" 132.804"", ""  59.534""], ["" 129.513"", "" 132.696"", ""  58.784""], ["" 129.764"", "" 133.397"", ""  57.621""], ["" 129.980"", "" 132.680"", ""  56.410""]]",[],4cc_Grossjean_2025
86,6159,4cd_Grossjean_2025,receptor_tmp,1,2,-7.51,-0.2346875,0.0,0.0,13,185.44,-9.01,-8.77,-0.23,-9.01,0.0,-0.56,1.49,-0.56,52,8,0.0,0.0,0.0,9.566651,15.246275,5.132944,-0.55352061,-0.34652303,-0.75732208,221.019913,"244.511368, 225.149475, 109.567543, 220.433304, 248.867599, ","[["" 126.450"", "" 128.597"", ""  59.135""], ["" 126.102"", "" 128.712"", ""  60.491""], ["" 125.860"", "" 130.067"", ""  60.924""], ["" 125.498"", "" 130.634"", ""  62.179""], ["" 125.347"", "" 132.030"", ""  62.235""], ["" 125.548"", "" 132.827"", ""  61.104""], ["" 125.881"", "" 132.295"", ""  59.899""], ["" 126.030"", "" 130.974"", ""  59.838""], ["" 126.474"", "" 130.174"", ""  58.349""], ["" 126.779"", "" 127.387"", ""  58.376""], ["" 127.743"", "" 127.369"", ""  57.610""], ["" 125.962"", "" 126.327"", ""  58.590""], ["" 125.246"", "" 126.452"", ""  59.291""], ["" 125.970"", "" 125.053"", ""  57.992""], ["" 127.208"", "" 124.407"", ""  57.944""], ["" 124.828"", "" 124.406"", ""  57.488""], ["" 127.316"", "" 123.138"", ""  57.384""], ["" 124.941"", "" 123.135"", ""  56.928""], ["" 126.183"", "" 122.509"", ""  56.875""], ["" 126.002"", "" 127.636"", ""  61.335""], ["" 125.254"", "" 126.961"", ""  61.253""], ["" 126.678"", "" 127.478"", ""  62.069""], ["" 125.267"", "" 129.820"", ""  63.458""], ["" 126.147"", "" 128.828"", ""  63.614""], ["" 125.368"", "" 130.614"", ""  64.523""], ["" 124.051"", "" 129.273"", ""  63.430""], ["" 125.389"", "" 134.319"", ""  61.143""], ["" 124.125"", "" 134.912"", ""  60.987""], ["" 126.494"", "" 135.165"", ""  61.343""], ["" 123.971"", "" 136.295"", ""  61.023""], ["" 126.344"", "" 136.548"", ""  61.377""], ["" 125.082"", "" 137.108"", ""  61.216""]]",[],4cd_Grossjean_2025
87,10685,4ce_Grossjean_2025,receptor_tmp,2,11,-7.64,-0.2315151515151515,0.0,0.0,2,196.44,-9.14,-8.98,-0.15,-9.14,0.0,-0.5,1.49,-0.5,55,5,0.0,0.0,0.0,13.35446,19.181608,19.467841,-0.66225685,-0.24679547,-0.7074658,321.390808,"280.651947, 63.899086, 283.867676, 338.666443, 159.187912, ","[["" 128.894"", "" 133.326"", ""  74.238""], ["" 129.194"", "" 134.623"", ""  74.688""], ["" 130.563"", "" 135.020"", ""  74.469""], ["" 131.286"", "" 136.214"", ""  74.756""], ["" 132.639"", "" 136.250"", ""  74.384""], ["" 133.251"", "" 135.159"", ""  73.757""], ["" 132.574"", "" 134.010"", ""  73.492""], ["" 131.290"", "" 133.968"", ""  73.837""], ["" 130.311"", "" 132.554"", ""  73.531""], ["" 127.610"", "" 132.622"", ""  74.270""], ["" 126.660"", "" 133.009"", ""  73.588""], ["" 127.557"", "" 131.543"", ""  75.091""], ["" 128.380"", "" 131.358"", ""  75.645""], ["" 126.484"", "" 130.664"", ""  75.322""], ["" 125.328"", "" 131.078"", ""  75.919""], ["" 126.650"", "" 129.348"", ""  74.874""], ["" 124.325"", "" 130.178"", ""  76.085""], ["" 125.609"", "" 128.435"", ""  75.053""], ["" 124.426"", "" 128.849"", ""  75.666""], ["" 123.068"", "" 130.706"", ""  76.751""], ["" 128.270"", "" 135.443"", ""  75.283""], ["" 128.256"", "" 135.599"", ""  76.281""], ["" 127.564"", "" 135.921"", ""  74.739""], ["" 130.679"", "" 137.444"", ""  75.438""], ["" 131.594"", "" 138.234"", ""  76.004""], ["" 130.021"", "" 138.178"", ""  74.540""], ["" 129.836"", "" 137.060"", ""  76.395""], ["" 134.695"", "" 135.177"", ""  73.352""], ["" 135.543"", "" 134.105"", ""  73.675""], ["" 135.241"", "" 136.264"", ""  72.649""], ["" 136.886"", "" 134.117"", ""  73.309""], ["" 136.583"", "" 136.278"", ""  72.278""], ["" 137.401"", "" 135.204"", ""  72.610""]]",[],4ce_Grossjean_2025
88,10577,4cf_Grossjean_2025,receptor_tmp,1,11,-7.17,-0.2240625,0.0,0.0,14,185.52,-8.66,-8.42,-0.24,-8.66,0.0,-0.55,1.49,-0.55,52,8,0.0,0.0,0.0,9.548995,15.22,5.122014,-0.55762903,-0.34747657,-0.75386331,220.970581,"238.13324, 228.91777, 109.679184, 218.516724, 68.489571, ","[["" 126.437"", "" 128.568"", ""  59.128""], ["" 126.102"", "" 128.683"", ""  60.487""], ["" 125.856"", "" 130.037"", ""  60.921""], ["" 125.500"", "" 130.604"", ""  62.178""], ["" 125.349"", "" 131.998"", ""  62.235""], ["" 125.543"", "" 132.797"", ""  61.104""], ["" 125.865"", "" 132.266"", ""  59.896""], ["" 126.015"", "" 130.944"", ""  59.833""], ["" 126.449"", "" 130.145"", ""  58.340""], ["" 126.782"", "" 127.362"", ""  58.370""], ["" 127.755"", "" 127.354"", ""  57.614""], ["" 125.975"", "" 126.294"", ""  58.579""], ["" 125.244"", "" 126.417"", ""  59.265""], ["" 125.999"", "" 125.020"", ""  57.981""], ["" 127.237"", "" 124.369"", ""  57.929""], ["" 124.881"", "" 124.342"", ""  57.458""], ["" 127.410"", "" 123.133"", ""  57.392""], ["" 125.043"", "" 123.070"", ""  56.904""], ["" 126.318"", "" 122.504"", ""  56.888""], ["" 126.016"", "" 127.608"", ""  61.333""], ["" 125.272"", "" 126.928"", ""  61.259""], ["" 126.699"", "" 127.457"", ""  62.063""], ["" 125.278"", "" 129.789"", ""  63.458""], ["" 126.139"", "" 128.777"", ""  63.591""], ["" 125.420"", "" 130.576"", ""  64.524""], ["" 124.051"", "" 129.269"", ""  63.455""], ["" 125.388"", "" 134.289"", ""  61.146""], ["" 126.501"", "" 135.121"", ""  61.341""], ["" 124.129"", "" 134.896"", ""  60.986""], ["" 126.367"", "" 136.506"", ""  61.380""], ["" 123.989"", "" 136.281"", ""  61.024""], ["" 125.110"", "" 137.081"", ""  61.222""]]",[],4cf_Grossjean_2025
89,10781,4cg_Grossjean_2025,receptor_tmp,2,20,-7.58,-0.2296969696969697,0.0,0.0,9,186.88,-9.37,-9.09,-0.27,-9.37,0.0,-0.48,1.79,-0.48,63,5,0.0,0.0,0.0,13.217139,11.432864,11.080428,-0.0802974,-0.89406615,0.44067907,95.947975,"244.813217, 127.839378, 101.966591, 259.654785, 147.585388, 299.023773, ","[["" 129.550"", "" 125.281"", ""  64.609""], ["" 129.073"", "" 126.594"", ""  64.727""], ["" 129.002"", "" 127.073"", ""  66.086""], ["" 128.571"", "" 128.303"", ""  66.662""], ["" 128.656"", "" 128.424"", ""  68.058""], ["" 129.147"", "" 127.380"", ""  68.850""], ["" 129.547"", "" 126.198"", ""  68.311""], ["" 129.471"", "" 126.074"", ""  66.989""], ["" 129.962"", "" 124.603"", ""  66.182""], ["" 129.784"", "" 124.501"", ""  63.394""], ["" 130.925"", "" 124.242"", ""  63.007""], ["" 128.682"", "" 124.123"", ""  62.712""], ["" 127.781"", "" 124.306"", ""  63.127""], ["" 128.676"", "" 123.322"", ""  61.489""], ["" 127.427"", "" 123.524"", ""  60.638""], ["" 126.200"", "" 123.778"", ""  61.257""], ["" 127.521"", "" 123.516"", ""  59.244""], ["" 125.062"", "" 123.994"", ""  60.482""], ["" 126.383"", "" 123.731"", ""  58.471""], ["" 125.159"", "" 123.967"", ""  59.093""], ["" 128.695"", "" 127.355"", ""  63.651""], ["" 127.797"", "" 127.239"", ""  63.202""], ["" 129.303"", "" 128.068"", ""  63.272""], ["" 128.023"", "" 129.485"", ""  65.854""], ["" 128.585"", "" 129.602"", ""  64.649""], ["" 126.711"", "" 129.335"", ""  65.671""], ["" 128.248"", "" 130.622"", ""  66.510""], ["" 129.243"", "" 127.488"", ""  70.345""], ["" 130.367"", "" 128.070"", ""  70.956""], ["" 128.217"", "" 127.006"", ""  71.177""], ["" 130.461"", "" 128.171"", ""  72.340""], ["" 128.307"", "" 127.105"", ""  72.563""], ["" 129.430"", "" 127.688"", ""  73.140""]]",[],4cg_Grossjean_2025
90,6150,4ch_Grossjean_2025,receptor_tmp,1,4,-7.57,-0.1941025641025641,0.0,0.0,9,186.66,-10.25,-10.03,-0.23,-10.25,0.0,-0.9,2.68,-0.9,71,5,0.0,0.0,0.0,12.901195,9.766156,10.86291,-0.55403754,0.68225616,0.47704185,238.899963,"264.593628, 152.708679, 116.732391, 121.732361, 349.464874, 118.600395, 160.183014, 258.537659, 115.465904, ","[["" 131.467"", "" 123.823"", ""  63.628""], ["" 130.329"", "" 124.290"", ""  63.713""], ["" 129.400"", "" 124.119"", ""  62.750""], ["" 128.473"", "" 124.485"", ""  62.911""], ["" 129.921"", "" 125.101"", ""  64.861""], ["" 129.350"", "" 126.383"", ""  64.870""], ["" 130.181"", "" 124.506"", ""  66.498""], ["" 129.086"", "" 126.900"", ""  66.190""], ["" 129.501"", "" 125.963"", ""  67.182""], ["" 128.512"", "" 128.117"", ""  66.661""], ["" 129.402"", "" 126.132"", ""  68.498""], ["" 128.415"", "" 128.285"", ""  68.052""], ["" 128.865"", "" 127.300"", ""  68.937""], ["" 129.058"", "" 127.081"", ""  63.725""], ["" 128.193"", "" 126.944"", ""  63.221""], ["" 129.701"", "" 127.764"", ""  63.349""], ["" 127.999"", "" 129.235"", ""  65.747""], ["" 128.626"", "" 129.279"", ""  64.569""], ["" 126.702"", "" 129.058"", ""  65.502""], ["" 128.177"", "" 130.417"", ""  66.338""], ["" 128.762"", "" 127.457"", ""  70.427""], ["" 127.631"", "" 126.999"", ""  71.122""], ["" 129.787"", "" 128.072"", ""  71.167""], ["" 127.528"", "" 127.142"", ""  72.503""], ["" 129.690"", "" 128.216"", ""  72.549""], ["" 128.559"", "" 127.749"", ""  73.212""], ["" 129.585"", "" 123.353"", ""  61.517""], ["" 128.405"", "" 123.423"", ""  60.554""], ["" 127.105"", "" 123.545"", ""  61.047""], ["" 128.620"", "" 123.410"", ""  59.175""], ["" 126.009"", "" 123.637"", ""  60.174""], ["" 127.542"", "" 123.502"", ""  58.279""], ["" 126.242"", "" 123.609"", ""  58.792""], ["" 124.697"", "" 123.758"", ""  60.592""], ["" 124.380"", "" 123.550"", ""  61.965""], ["" 127.681"", "" 123.493"", ""  56.903""], ["" 127.059"", "" 122.462"", ""  56.144""], ["" 125.180"", "" 123.715"", ""  57.926""], ["" 124.568"", "" 124.997"", ""  57.915""]]",[],4ch_Grossjean_2025
91,5938,4ci_Grossjean_2025,receptor_tmp,1,12,-6.73,-0.2170967741935484,0.0,0.0,3,187.73,-8.23,-7.88,-0.34,-8.23,0.0,-0.46,1.49,-0.46,60,7,0.0,0.0,0.0,12.749413,11.537731,11.449175,-0.06825015,-0.89192844,0.44699618,97.789375,"75.60733, 106.378944, 259.576965, 147.827118, 296.828033, ","[["" 129.598"", "" 125.326"", ""  64.649""], ["" 129.100"", "" 126.633"", ""  64.778""], ["" 129.027"", "" 127.103"", ""  66.141""], ["" 128.586"", "" 128.325"", ""  66.724""], ["" 128.666"", "" 128.436"", ""  68.121""], ["" 129.165"", "" 127.392"", ""  68.907""], ["" 129.577"", "" 126.218"", ""  68.362""], ["" 129.504"", "" 126.102"", ""  67.038""], ["" 130.009"", "" 124.642"", ""  66.219""], ["" 129.810"", "" 124.547"", ""  63.426""], ["" 130.951"", "" 124.317"", ""  63.017""], ["" 128.684"", "" 124.128"", ""  62.797""], ["" 127.802"", "" 124.382"", ""  63.217""], ["" 128.594"", "" 123.383"", ""  61.628""], ["" 128.810"", "" 122.082"", ""  61.519""], ["" 128.254"", "" 123.937"", ""  60.395""], ["" 128.611"", "" 121.753"", ""  60.177""], ["" 128.275"", "" 122.884"", ""  59.511""], ["" 128.711"", "" 127.398"", ""  63.710""], ["" 127.812"", "" 127.276"", ""  63.263""], ["" 129.311"", "" 128.119"", ""  63.334""], ["" 128.029"", "" 129.509"", ""  65.924""], ["" 128.584"", "" 129.633"", ""  64.717""], ["" 126.718"", "" 129.354"", ""  65.747""], ["" 128.253"", "" 130.645"", ""  66.586""], ["" 129.254"", "" 127.490"", ""  70.403""], ["" 130.395"", "" 128.027"", ""  71.023""], ["" 128.205"", "" 127.045"", ""  71.227""], ["" 130.482"", "" 128.122"", ""  72.410""], ["" 128.288"", "" 127.139"", ""  72.613""], ["" 129.427"", "" 127.678"", ""  73.200""]]",[],4ci_Grossjean_2025
92,10583,4cj_Grossjean_2025,receptor_tmp,1,2,-6.89,-0.22225806451612903,0.0,0.0,13,188.29,-8.38,-8.19,-0.18,-8.38,0.0,-0.38,1.49,-0.38,55,6,0.0,0.0,0.0,13.072912,11.505912,11.709837,0.01623053,0.86629684,-0.49926582,250.590012,"134.172165, 343.047913, 278.027588, 211.061005, 107.34552, ","[["" 130.252"", "" 125.344"", ""  64.983""], ["" 129.483"", "" 126.519"", ""  64.998""], ["" 129.137"", "" 126.981"", ""  66.320""], ["" 128.383"", "" 128.091"", ""  66.796""], ["" 128.262"", "" 128.237"", ""  68.187""], ["" 128.862"", "" 127.331"", ""  69.069""], ["" 129.567"", "" 126.260"", ""  68.625""], ["" 129.690"", "" 126.113"", ""  67.308""], ["" 130.583"", "" 124.779"", ""  66.618""], ["" 130.780"", "" 124.613"", ""  63.828""], ["" 130.355"", "" 124.836"", ""  62.692""], ["" 131.736"", "" 123.693"", ""  64.109""], ["" 131.998"", "" 123.577"", ""  65.077""], ["" 132.394"", "" 122.871"", ""  63.204""], ["" 133.677"", "" 122.580"", ""  63.163""], ["" 131.433"", "" 122.121"", ""  61.970""], ["" 133.956"", "" 121.763"", ""  62.167""], ["" 132.883"", "" 121.372"", ""  61.371""], ["" 129.092"", "" 127.176"", ""  63.859""], ["" 128.172"", "" 127.051"", ""  63.459""], ["" 129.713"", "" 127.814"", ""  63.381""], ["" 127.702"", "" 129.122"", ""  65.888""], ["" 127.318"", "" 128.614"", ""  64.715""], ["" 126.615"", "" 129.604"", ""  66.490""], ["" 128.544"", "" 130.124"", ""  65.633""], ["" 128.754"", "" 127.474"", ""  70.560""], ["" 127.618"", "" 127.014"", ""  71.245""], ["" 129.777"", "" 128.078"", ""  71.310""], ["" 127.509"", "" 127.149"", ""  72.627""], ["" 129.672"", "" 128.216"", ""  72.691""], ["" 128.538"", "" 127.750"", ""  73.345""]]",[],4cj_Grossjean_2025
93,10808,4ck_Grossjean_2025,receptor_tmp,1,10,-7.14,-0.19833333333333333,0.0,0.0,5,183.83,-11.02,-10.78,-0.24,-11.02,0.0,-1.54,3.88,-1.54,72,7,0.0,0.0,0.0,11.563366,9.079743,11.849617,-0.29711892,-0.37251539,-0.87917725,201.160278,"85.037468, 31.335461, 246.200333, 104.985672, 21.113472, 86.517166, 259.504761, 198.580566, 2.595582, 84.911446, 302.673462, 47.070309, 277.175232, ","[["" 126.742"", "" 123.252"", ""  61.796""], ["" 127.829"", "" 122.509"", ""  61.260""], ["" 129.150"", "" 123.223"", ""  61.584""], ["" 129.053"", "" 124.037"", ""  62.796""], ["" 131.265"", "" 124.238"", ""  63.247""], ["" 130.091"", "" 124.470"", ""  63.542""], ["" 128.125"", "" 124.342"", ""  63.051""], ["" 129.743"", "" 125.252"", ""  64.729""], ["" 129.190"", "" 126.540"", ""  64.796""], ["" 130.082"", "" 124.616"", ""  66.337""], ["" 129.012"", "" 127.034"", ""  66.141""], ["" 129.468"", "" 126.070"", ""  67.088""], ["" 128.496"", "" 128.252"", ""  66.668""], ["" 129.453"", "" 126.215"", ""  68.410""], ["" 128.486"", "" 128.396"", ""  68.064""], ["" 128.956"", "" 127.380"", ""  68.903""], ["" 128.843"", "" 127.266"", ""  63.686""], ["" 129.465"", "" 127.946"", ""  63.274""], ["" 127.946"", "" 127.140"", ""  63.235""], ["" 127.960"", "" 129.404"", ""  65.808""], ["" 128.142"", "" 130.602"", ""  66.365""], ["" 128.582"", "" 129.413"", ""  64.629""], ["" 126.651"", "" 129.248"", ""  65.613""], ["" 128.971"", "" 127.521"", ""  70.398""], ["" 130.068"", "" 128.099"", ""  71.055""], ["" 127.888"", "" 127.083"", ""  71.180""], ["" 130.089"", "" 128.230"", ""  72.442""], ["" 127.905"", "" 127.211"", ""  72.567""], ["" 129.007"", "" 127.783"", ""  73.193""], ["" 126.399"", "" 124.401"", ""  61.032""], ["" 125.198"", "" 124.060"", ""  60.141""], ["" 125.437"", "" 124.554"", ""  58.829""], ["" 125.378"", "" 123.549"", ""  57.826""], ["" 126.799"", "" 123.050"", ""  57.534""], ["" 126.747"", "" 122.086"", ""  56.492""], ["" 125.546"", "" 122.135"", ""  55.737""]]",[],4ck_Grossjean_2025
94,10643,4dd_Grossjean_2025,receptor_tmp,1,1,-8.11,-0.27965517241379306,0.0,0.0,15,185.37,-9.31,-9.02,-0.29,-9.31,0.0,-0.47,1.19,-0.47,50,8,0.0,0.0,0.0,9.717093,14.923016,5.089485,0.5318705,0.35371859,0.76941337,137.996582,"203.597992, 246.975143, 312.742737, 80.77562, ","[["" 126.528"", "" 128.241"", ""  59.548""], ["" 126.125"", "" 128.391"", ""  60.884""], ["" 125.846"", "" 129.751"", ""  61.261""], ["" 125.426"", "" 130.339"", ""  62.482""], ["" 125.159"", "" 129.554"", ""  63.757""], ["" 125.250"", "" 131.728"", ""  62.512""], ["" 125.481"", "" 132.507"", ""  61.372""], ["" 125.871"", "" 131.955"", ""  60.191""], ["" 126.045"", "" 130.635"", ""  60.162""], ["" 126.562"", "" 129.798"", ""  58.716""], ["" 126.903"", "" 127.015"", ""  58.841""], ["" 128.059"", "" 126.843"", ""  58.452""], ["" 125.903"", "" 126.116"", ""  58.667""], ["" 125.017"", "" 126.350"", ""  59.091""], ["" 125.915"", "" 124.881"", ""  57.994""], ["" 127.168"", "" 124.430"", ""  57.567""], ["" 124.778"", "" 124.088"", ""  57.767""], ["" 127.286"", "" 123.212"", ""  56.903""], ["" 124.900"", "" 122.870"", ""  57.103""], ["" 126.152"", "" 122.439"", ""  56.672""], ["" 126.003"", "" 127.347"", ""  61.767""], ["" 126.390"", "" 127.389"", ""  62.699""], ["" 125.517"", "" 126.499"", ""  61.512""], ["" 125.294"", "" 133.996"", ""  61.374""], ["" 126.401"", "" 134.860"", ""  61.357""], ["" 124.011"", "" 134.569"", ""  61.388""], ["" 126.236"", "" 136.242"", ""  61.356""], ["" 123.840"", "" 135.951"", ""  61.389""], ["" 124.955"", "" 136.783"", ""  61.374""]]",[],4dd_Grossjean_2025
95,10790,4dg_Grossjean_2025,receptor_tmp,1,11,-7.79,-0.25966666666666666,0.0,0.0,1,186.88,-9.29,-9.06,-0.22,-9.29,0.0,-0.57,1.49,-0.57,55,5,0.0,0.0,0.0,13.439857,11.094943,11.149012,-0.0675164,-0.88865429,0.4535803,96.421585,"244.659653, 124.92543, 105.402626, 79.045769, 291.436646, ","[["" 129.579"", "" 125.295"", ""  64.672""], ["" 129.069"", "" 126.597"", ""  64.793""], ["" 128.998"", "" 127.069"", ""  66.150""], ["" 128.543"", "" 128.286"", ""  66.718""], ["" 127.971"", "" 129.441"", ""  65.909""], ["" 128.621"", "" 128.429"", ""  68.108""], ["" 129.138"", "" 127.403"", ""  68.909""], ["" 129.565"", "" 126.225"", ""  68.379""], ["" 129.492"", "" 126.088"", ""  67.056""], ["" 130.013"", "" 124.629"", ""  66.246""], ["" 129.823"", "" 124.523"", ""  63.455""], ["" 130.967"", "" 124.250"", ""  63.087""], ["" 128.727"", "" 124.169"", ""  62.752""], ["" 127.821"", "" 124.359"", ""  63.155""], ["" 128.729"", "" 123.379"", ""  61.521""], ["" 127.472"", "" 123.568"", ""  60.678""], ["" 126.246"", "" 123.808"", ""  61.305""], ["" 127.557"", "" 123.563"", ""  59.283""], ["" 125.102"", "" 124.012"", ""  60.538""], ["" 126.412"", "" 123.766"", ""  58.517""], ["" 125.190"", "" 123.987"", ""  59.148""], ["" 128.665"", "" 127.359"", ""  63.727""], ["" 129.244"", "" 128.092"", ""  63.343""], ["" 127.769"", "" 127.207"", ""  63.284""], ["" 129.233"", "" 127.527"", ""  70.404""], ["" 130.400"", "" 128.017"", ""  71.013""], ["" 128.164"", "" 127.150"", ""  71.236""], ["" 130.495"", "" 128.130"", ""  72.399""], ["" 128.254"", "" 127.262"", ""  72.620""], ["" 129.421"", "" 127.754"", ""  73.197""]]",[],4dg_Grossjean_2025
96,10595,4dj_Grossjean_2025,receptor_tmp,1,7,-7.31,-0.26107142857142857,0.0,0.0,7,185.95,-8.51,-8.19,-0.32,-8.51,0.0,-0.43,1.19,-0.43,41,7,0.0,0.0,0.0,9.600577,14.937654,5.240078,-0.55188835,-0.37255221,-0.74607245,221.415558,"221.023026, 240.830185, 291.106415, 307.895813, ","[["" 126.468"", "" 128.095"", ""  59.506""], ["" 126.115"", "" 128.249"", ""  60.855""], ["" 125.867"", "" 129.612"", ""  61.243""], ["" 125.500"", "" 130.205"", ""  62.478""], ["" 125.280"", "" 129.425"", ""  63.765""], ["" 125.336"", "" 131.595"", ""  62.513""], ["" 125.522"", "" 132.371"", ""  61.362""], ["" 125.884"", "" 131.817"", ""  60.173""], ["" 126.041"", "" 130.494"", ""  60.138""], ["" 126.497"", "" 129.651"", ""  58.675""], ["" 126.777"", "" 126.862"", ""  58.780""], ["" 127.893"", "" 126.686"", ""  58.283""], ["" 125.764"", "" 125.966"", ""  58.694""], ["" 124.887"", "" 126.215"", ""  59.129""], ["" 125.793"", "" 124.731"", ""  58.063""], ["" 124.866"", "" 124.190"", ""  57.301""], ["" 127.213"", "" 123.760"", ""  58.286""], ["" 125.230"", "" 123.000"", ""  56.866""], ["" 126.481"", "" 122.550"", ""  57.274""], ["" 126.010"", "" 127.206"", ""  61.741""], ["" 126.663"", "" 127.082"", ""  62.500""], ["" 125.271"", "" 126.522"", ""  61.660""], ["" 125.357"", "" 133.864"", ""  61.371""], ["" 124.080"", "" 134.448"", ""  61.385""], ["" 126.473"", "" 134.721"", ""  61.357""], ["" 123.920"", "" 135.831"", ""  61.392""], ["" 126.318"", "" 136.104"", ""  61.364""], ["" 125.041"", "" 136.654"", ""  61.382""]]",[],4dj_Grossjean_2025
97,10757,4ea_Grossjean_2025,receptor_tmp,1,9,-8.45,-0.24852941176470586,0.0,0.0,2,187.92,-10.54,-10.14,-0.4,-10.54,0.0,-1.07,2.09,-1.07,62,6,0.0,0.0,0.0,12.342193,15.566919,9.730104,0.31180398,-0.85178125,-0.42100709,101.884956,"265.915833, 346.102417, 117.572517, 100.829979, 263.141632, 239.704025, 70.232262, ","[["" 129.042"", "" 130.959"", ""  61.348""], ["" 128.941"", "" 130.249"", ""  60.150""], ["" 129.017"", "" 130.912"", ""  58.928""], ["" 129.195"", "" 132.301"", ""  58.880""], ["" 129.296"", "" 133.011"", ""  60.086""], ["" 129.220"", "" 132.351"", ""  61.309""], ["" 128.952"", "" 130.185"", ""  62.521""], ["" 126.708"", "" 129.814"", ""  62.767""], ["" 127.868"", "" 129.671"", ""  63.153""], ["" 129.844"", "" 129.988"", ""  62.950""], ["" 128.159"", "" 128.905"", ""  64.368""], ["" 128.906"", "" 127.723"", ""  64.497""], ["" 127.543"", "" 129.443"", ""  65.932""], ["" 128.995"", "" 127.232"", ""  65.848""], ["" 128.286"", "" 128.086"", ""  66.747""], ["" 129.635"", "" 126.098"", ""  66.420""], ["" 128.177"", "" 127.909"", ""  68.064""], ["" 129.523"", "" 125.909"", ""  67.802""], ["" 128.801"", "" 126.817"", ""  68.572""], ["" 128.664"", "" 126.635"", ""  70.072""], ["" 129.504"", "" 127.079"", ""  63.444""], ["" 130.426"", "" 127.334"", ""  63.117""], ["" 129.040"", "" 126.324"", ""  62.957""], ["" 130.405"", "" 125.124"", ""  65.615""], ["" 129.857"", "" 123.874"", ""  65.310""], ["" 131.688"", "" 125.446"", ""  65.161""], ["" 130.580"", "" 122.959"", ""  64.550""], ["" 132.413"", "" 124.532"", ""  64.402""], ["" 131.855"", "" 123.292"", ""  64.099""], ["" 129.272"", "" 132.983"", ""  57.546""], ["" 128.303"", "" 133.108"", ""  56.790""], ["" 130.513"", "" 133.450"", ""  57.252""], ["" 131.629"", "" 132.572"", ""  57.176""], ["" 131.672"", "" 131.923"", ""  55.790""]]",[],4ea_Grossjean_2025
98,6111,4eb_Grossjean_2025,receptor_tmp,1,15,-8.35,-0.253030303030303,0.0,0.0,5,187.93,-10.14,-9.8,-0.34,-10.14,0.0,-0.91,1.79,-0.91,60,6,0.0,0.0,0.0,11.551362,15.232643,9.628239,0.61806212,-0.78447978,0.05089884,118.342049,"259.69696, 345.934509, 109.991219, 52.906414, 56.768803, 315.509827, ","[["" 129.247"", "" 131.038"", ""  61.278""], ["" 130.262"", "" 130.631"", ""  60.411""], ["" 130.491"", "" 131.315"", ""  59.221""], ["" 129.707"", "" 132.424"", ""  58.874""], ["" 128.688"", "" 132.830"", ""  59.748""], ["" 128.457"", "" 132.147"", ""  60.939""], ["" 129.107"", "" 130.271"", ""  62.451""], ["" 126.895"", "" 129.684"", ""  62.466""], ["" 128.016"", "" 129.660"", ""  62.975""], ["" 129.961"", "" 130.167"", ""  62.977""], ["" 128.246"", "" 128.940"", ""  64.230""], ["" 128.969"", "" 127.754"", ""  64.438""], ["" 127.575"", "" 129.549"", ""  65.745""], ["" 128.996"", "" 127.317"", ""  65.809""], ["" 128.264"", "" 128.215"", ""  66.643""], ["" 129.594"", "" 126.199"", ""  66.451""], ["" 128.099"", "" 128.093"", ""  67.961""], ["" 129.423"", "" 126.066"", ""  67.834""], ["" 128.684"", "" 127.015"", ""  68.537""], ["" 128.483"", "" 126.895"", ""  70.037""], ["" 129.600"", "" 127.061"", ""  63.436""], ["" 130.499"", "" 127.349"", ""  63.076""], ["" 129.185"", "" 126.237"", ""  63.023""], ["" 130.383"", "" 125.182"", ""  65.718""], ["" 129.829"", "" 123.928"", ""  65.443""], ["" 131.686"", "" 125.471"", ""  65.302""], ["" 130.569"", "" 122.972"", ""  64.751""], ["" 132.427"", "" 124.516"", ""  64.611""], ["" 131.866"", "" 123.270"", ""  64.338""], ["" 129.982"", "" 133.139"", ""  57.583""], ["" 131.117"", "" 133.428"", ""  57.195""], ["" 128.855"", "" 133.437"", ""  56.885""], ["" 128.682"", "" 132.986"", ""  55.550""]]",[],4eb_Grossjean_2025
99,10694,8a_Ghoteimi_2023,receptor_tmp,1,14,-9.71,-0.2258139534883721,0.0,0.0,9,187.86,-12.69,-11.91,-0.78,-12.69,0.0,-1.3,2.98,-1.3,71,8,0.0,0.0,0.0,11.609132,13.985757,10.160914,0.56519729,0.72471029,-0.39414086,141.806122,"333.537781, 145.598862, 268.548431, 262.44458, 281.179779, 109.91655, 8.32396, 222.66478, 263.445709, 170.853561, ","[["" 128.934"", "" 130.946"", ""  60.923""], ["" 130.219"", "" 131.256"", ""  60.473""], ["" 130.402"", "" 131.955"", ""  59.284""], ["" 129.301"", "" 132.360"", ""  58.519""], ["" 128.010"", "" 132.052"", ""  58.976""], ["" 127.825"", "" 131.352"", ""  60.166""], ["" 128.871"", "" 130.231"", ""  62.136""], ["" 127.824"", "" 129.615"", ""  62.737""], ["" 126.681"", "" 129.586"", ""  62.281""], ["" 129.754"", "" 130.166"", ""  62.620""], ["" 128.134"", "" 128.952"", ""  64.007""], ["" 129.663"", "" 126.338"", ""  66.275""], ["" 129.006"", "" 127.413"", ""  65.612""], ["" 129.591"", "" 126.294"", ""  67.671""], ["" 128.299"", "" 128.333"", ""  66.441""], ["" 128.909"", "" 127.802"", ""  64.226""], ["" 128.873"", "" 127.256"", ""  68.384""], ["" 127.514"", "" 129.599"", ""  65.526""], ["" 128.221"", "" 128.278"", ""  67.770""], ["" 130.413"", "" 125.271"", ""  65.564""], ["" 131.806"", "" 123.264"", ""  64.180""], ["" 130.498"", "" 123.047"", ""  64.615""], ["" 132.416"", "" 124.502"", ""  64.439""], ["" 129.806"", "" 124.042"", ""  65.299""], ["" 131.720"", "" 125.496"", ""  65.122""], ["" 132.415"", "" 122.220"", ""  63.510""], ["" 133.446"", "" 122.505"", ""  62.572""], ["" 129.539"", "" 127.111"", ""  63.221""], ["" 129.091"", "" 126.333"", ""  62.757""], ["" 130.466"", "" 127.358"", ""  62.907""], ["" 128.789"", "" 127.225"", ""  69.877""], ["" 129.928"", "" 127.419"", ""  70.670""], ["" 127.564"", "" 126.996"", ""  70.516""], ["" 129.845"", "" 127.377"", ""  72.059""], ["" 127.477"", "" 126.957"", ""  71.905""], ["" 128.624"", "" 127.146"", ""  72.689""], ["" 128.637"", "" 127.120"", ""  74.071""], ["" 128.580"", "" 128.348"", ""  74.788""], ["" 129.534"", "" 133.112"", ""  57.240""], ["" 128.642"", "" 133.348"", ""  56.419""], ["" 130.823"", "" 133.510"", ""  57.079""], ["" 131.803"", "" 132.628"", ""  56.546""], ["" 131.206"", "" 131.858"", ""  55.365""]]",[],8a_Ghoteimi_2023
100,6096,8b_Ghoteimi_2023,receptor_tmp,1,6,-7.45,-0.20135135135135135,0.0,0.0,5,186.48,-9.54,-9.01,-0.52,-9.54,0.0,-1.1,2.09,-1.1,51,5,0.0,0.0,0.0,12.125536,12.559137,10.531268,-0.84999001,0.49365584,-0.1839046,204.768082,"14.890686, 353.035858, 87.11277, 97.719734, 47.04974, 63.99699, 111.162971, ","[["" 128.230"", "" 128.502"", ""  65.661""], ["" 128.694"", "" 127.328"", ""  65.009""], ["" 129.357"", "" 126.369"", ""  65.827""], ["" 129.884"", "" 124.969"", ""  64.923""], ["" 129.232"", "" 125.632"", ""  63.424""], ["" 128.637"", "" 126.884"", ""  63.640""], ["" 129.573"", "" 126.484"", ""  67.137""], ["" 129.119"", "" 127.614"", ""  67.742""], ["" 128.459"", "" 128.625"", ""  67.035""], ["" 127.520"", "" 129.586"", ""  64.944""], ["" 126.180"", "" 131.631"", ""  63.572""], ["" 127.546"", "" 131.735"", ""  63.840""], ["" 125.485"", "" 130.490"", ""  64.001""], ["" 128.213"", "" 130.722"", ""  64.522""], ["" 126.154"", "" 129.476"", ""  64.682""], ["" 125.603"", "" 132.684"", ""  62.888""], ["" 124.184"", "" 132.799"", ""  62.860""], ["" 128.052"", "" 127.632"", ""  62.650""], ["" 127.084"", "" 127.500"", ""  62.394""], ["" 128.568"", "" 128.336"", ""  62.141""], ["" 129.377"", "" 127.720"", ""  69.211""], ["" 130.631"", "" 128.116"", ""  69.701""], ["" 128.368"", "" 127.425"", ""  70.137""], ["" 130.865"", "" 128.214"", ""  71.068""], ["" 128.599"", "" 127.524"", ""  71.506""], ["" 129.856"", "" 127.922"", ""  71.984""], ["" 130.179"", "" 128.048"", ""  73.321""], ["" 130.855"", "" 126.979"", ""  73.976""], ["" 129.358"", "" 124.887"", ""  62.169""], ["" 128.194"", "" 124.422"", ""  61.649""], ["" 130.463"", "" 124.716"", ""  61.647""], ["" 127.350"", "" 124.624"", ""  62.164""], ["" 128.023"", "" 123.689"", ""  60.483""], ["" 128.506"", "" 122.479"", ""  60.247""], ["" 127.297"", "" 124.157"", ""  59.389""], ["" 128.091"", "" 122.124"", ""  58.962""], ["" 127.361"", "" 123.146"", ""  58.457""]]",[],8b_Ghoteimi_2023
101,10552,8c_Ghoteimi_2023,receptor_tmp,1,11,-7.58,-0.20486486486486485,0.0,0.0,18,187.02,-9.66,-9.17,-0.49,-9.66,0.0,-1.02,2.09,-1.02,54,6,0.0,0.0,0.0,12.266852,12.777676,11.324877,-0.44195827,-0.88903257,-0.11955744,148.486481,"147.877182, 183.492355, 86.138023, 320.786285, 39.445271, 34.937744, 304.906006, ","[["" 129.761"", "" 126.246"", ""  66.390""], ["" 128.949"", "" 127.251"", ""  65.802""], ["" 128.290"", "" 128.140"", ""  66.701""], ["" 127.319"", "" 129.333"", ""  65.870""], ["" 127.770"", "" 128.674"", ""  64.297""], ["" 128.635"", "" 127.576"", ""  64.436""], ["" 128.376"", "" 128.102"", ""  68.030""], ["" 129.162"", "" 127.133"", ""  68.572""], ["" 129.851"", "" 126.205"", ""  67.786""], ["" 130.510"", "" 125.253"", ""  65.586""], ["" 131.935"", "" 123.368"", ""  64.077""], ["" 132.538"", "" 124.565"", ""  64.466""], ["" 130.604"", "" 123.121"", ""  64.449""], ["" 131.833"", "" 125.503"", ""  65.214""], ["" 129.899"", "" 124.059"", ""  65.198""], ["" 132.711"", "" 122.496"", ""  63.339""], ["" 133.693"", "" 123.020"", ""  62.453""], ["" 129.142"", "" 126.867"", ""  63.376""], ["" 129.984"", "" 127.160"", ""  62.901""], ["" 128.691"", "" 126.031"", ""  63.033""], ["" 129.238"", "" 127.111"", ""  70.066""], ["" 128.152"", "" 126.680"", ""  70.842""], ["" 130.403"", "" 127.522"", ""  70.728""], ["" 128.229"", "" 126.659"", ""  72.231""], ["" 130.483"", "" 127.501"", ""  72.118""], ["" 129.391"", "" 127.066"", ""  72.882""], ["" 129.379"", "" 127.009"", ""  74.263""], ["" 130.549"", "" 126.580"", ""  74.950""], ["" 127.244"", "" 129.270"", ""  63.067""], ["" 125.894"", "" 129.380"", ""  63.005""], ["" 128.005"", "" 129.639"", ""  62.170""], ["" 125.366"", "" 129.044"", ""  63.798""], ["" 125.146"", "" 129.902"", ""  61.960""], ["" 125.403"", "" 129.837"", ""  60.671""], ["" 123.690"", "" 130.748"", ""  62.373""], ["" 124.473"", "" 130.442"", ""  59.960""], ["" 123.429"", "" 131.019"", ""  60.675""]]",[],8c_Ghoteimi_2023
102,10634,8d_Ghoteimi_2023,receptor_tmp,1,20,-6.86,-0.214375,0.0,0.0,8,187.88,-8.94,-8.41,-0.53,-8.94,0.0,-0.88,2.09,-0.88,46,10,0.0,0.0,0.0,12.638419,14.969317,5.424366,0.07526805,0.45939697,-0.88503624,235.561905,"155.695084, 23.457287, 100.99498, 20.815298, 91.680923, 167.192886, 292.089996, ","[["" 129.543"", "" 129.051"", ""  60.022""], ["" 129.722"", "" 130.328"", ""  59.427""], ["" 128.881"", "" 131.374"", ""  59.902""], ["" 129.186"", "" 132.900"", ""  59.103""], ["" 130.452"", "" 132.172"", ""  58.112""], ["" 130.609"", "" 130.813"", ""  58.406""], ["" 127.950"", "" 131.249"", ""  60.848""], ["" 127.793"", "" 130.017"", ""  61.403""], ["" 128.569"", "" 128.921"", ""  61.017""], ["" 130.344"", "" 127.868"", ""  59.629""], ["" 131.870"", "" 125.638"", ""  58.886""], ["" 131.978"", "" 126.171"", ""  60.170""], ["" 130.986"", "" 126.231"", ""  57.970""], ["" 131.219"", "" 127.278"", ""  60.543""], ["" 130.229"", "" 127.338"", ""  58.344""], ["" 132.662"", "" 124.541"", ""  58.605""], ["" 133.856"", "" 124.338"", ""  59.351""], ["" 131.530"", "" 130.008"", ""  57.783""], ["" 132.404"", "" 129.766"", ""  58.227""], ["" 131.364"", "" 129.626"", ""  56.863""], ["" 126.746"", "" 129.906"", ""  62.465""], ["" 125.406"", "" 130.222"", ""  62.198""], ["" 127.082"", "" 129.479"", ""  63.756""], ["" 124.436"", "" 130.117"", ""  63.190""], ["" 126.114"", "" 129.373"", ""  64.752""], ["" 124.777"", "" 129.694"", ""  64.474""], ["" 123.750"", "" 129.619"", ""  65.394""], ["" 124.060"", "" 129.627"", ""  66.784""], ["" 131.186"", "" 132.999"", ""  57.129""], ["" 132.381"", "" 133.280"", ""  57.245""], ["" 130.405"", "" 133.411"", ""  56.097""], ["" 129.126"", "" 132.834"", ""  55.876""]]",[],8d_Ghoteimi_2023
103,6093,9a_Ghoteimi_2023,receptor_tmp,1,12,-10.49,-0.20568627450980392,0.0,0.0,5,186.94,-13.47,-13.11,-0.36,-13.47,0.0,-2.26,2.98,-2.26,110,8,0.0,0.0,0.0,12.397166,13.634315,9.451772,0.15900014,-0.19432491,-0.96796528,265.103333,"350.165833, 194.076218, 197.566055, 155.169754, 145.232193, 21.312901, 69.810066, 316.638397, 116.135704, 328.417114, ","[["" 126.517"", "" 133.046"", ""  62.254""], ["" 125.130"", "" 133.192"", ""  62.284""], ["" 124.535"", "" 134.374"", ""  61.856""], ["" 125.317"", "" 135.439"", ""  61.389""], ["" 126.712"", "" 135.289"", ""  61.357""], ["" 127.310"", "" 134.106"", ""  61.785""], ["" 127.008"", "" 131.808"", ""  62.711""], ["" 127.683"", "" 131.495"", ""  63.846""], ["" 127.990"", "" 132.310"", ""  64.715""], ["" 126.819"", "" 131.037"", ""  62.088""], ["" 128.035"", "" 130.079"", ""  63.994""], ["" 128.338"", "" 129.373"", ""  65.168""], ["" 128.630"", "" 127.977"", ""  64.954""], ["" 128.134"", "" 129.033"", ""  62.577""], ["" 128.964"", "" 126.907"", ""  65.833""], ["" 128.580"", "" 127.661"", ""  63.565""], ["" 129.250"", "" 125.661"", ""  65.265""], ["" 128.835"", "" 126.469"", ""  63.029""], ["" 129.185"", "" 125.471"", ""  63.883""], ["" 128.370"", "" 129.951"", ""  66.411""], ["" 128.454"", "" 129.399"", ""  67.254""], ["" 128.309"", "" 130.953"", ""  66.527""], ["" 129.013"", "" 127.046"", ""  67.312""], ["" 130.232"", "" 127.229"", ""  67.969""], ["" 127.836"", "" 127.026"", ""  68.062""], ["" 130.275"", "" 127.372"", ""  69.352""], ["" 127.878"", "" 127.174"", ""  69.445""], ["" 129.097"", "" 127.355"", ""  70.115""], ["" 129.116"", "" 127.486"", ""  71.506""], ["" 130.249"", "" 126.921"", ""  72.267""], ["" 127.880"", "" 127.371"", ""  72.306""], ["" 130.341"", "" 127.455"", ""  73.712""], ["" 128.034"", "" 127.893"", ""  73.750""], ["" 129.115"", "" 127.234"", ""  74.391""], ["" 129.477"", "" 124.145"", ""  63.259""], ["" 128.450"", "" 123.386"", ""  62.687""], ["" 130.776"", "" 123.624"", ""  63.231""], ["" 128.714"", "" 122.150"", ""  62.103""], ["" 131.041"", "" 122.390"", ""  62.645""], ["" 130.018"", "" 121.632"", ""  62.057""], ["" 130.295"", "" 120.384"", ""  61.491""], ["" 131.600"", "" 120.093"", ""  60.864""], ["" 129.766"", "" 119.157"", ""  62.124""], ["" 131.601"", "" 118.823"", ""  59.988""], ["" 129.815"", "" 117.918"", ""  61.207""], ["" 131.138"", "" 117.713"", ""  60.738""], ["" 124.643"", "" 136.702"", ""  60.936""], ["" 123.531"", "" 136.721"", ""  60.398""], ["" 125.374"", "" 137.819"", ""  61.183""], ["" 125.676"", "" 138.219"", ""  62.515""], ["" 127.151"", "" 138.623"", ""  62.603""]]",[],9a_Ghoteimi_2023
104,10760,9b_Ghoteimi_2023,receptor_tmp,1,3,-9.97,-0.22155555555555556,0.0,0.0,8,187.5,-12.06,-11.71,-0.35,-12.06,0.0,-1.46,2.09,-1.46,73,4,0.0,0.0,0.0,12.444194,11.835883,7.675844,-0.6236068,0.36325356,0.69221486,192.548599,"122.269173, 311.900696, 130.329712, 285.404236, 182.640701, 231.484299, 12.173918, ","[["" 128.630"", "" 125.219"", ""  60.338""], ["" 128.241"", "" 123.872"", ""  60.394""], ["" 128.202"", "" 123.288"", ""  62.058""], ["" 128.688"", "" 124.853"", ""  62.666""], ["" 128.821"", "" 125.084"", ""  63.971""], ["" 129.186"", "" 126.340"", ""  64.340""], ["" 129.441"", "" 127.348"", ""  63.408""], ["" 129.322"", "" 127.104"", ""  62.034""], ["" 128.907"", "" 125.805"", ""  61.626""], ["" 128.722"", "" 125.931"", ""  59.169""], ["" 129.328"", "" 125.641"", ""  58.414""], ["" 128.184"", "" 126.774"", ""  59.022""], ["" 127.893"", "" 122.974"", ""  59.290""], ["" 127.023"", "" 123.479"", ""  58.380""], ["" 128.382"", "" 121.844"", ""  59.220""], ["" 126.680"", "" 124.414"", ""  58.544""], ["" 126.535"", "" 122.857"", ""  57.238""], ["" 127.259"", "" 122.234"", ""  56.323""], ["" 125.180"", "" 122.818"", ""  56.913""], ["" 126.369"", "" 121.764"", ""  55.357""], ["" 125.116"", "" 122.124"", ""  55.727""], ["" 129.633"", "" 128.201"", ""  61.083""], ["" 130.664"", "" 128.056"", ""  60.154""], ["" 128.876"", "" 129.373"", ""  61.079""], ["" 130.946"", "" 129.074"", ""  59.249""], ["" 129.158"", "" 130.392"", ""  60.173""], ["" 130.204"", "" 130.266"", ""  59.247""], ["" 130.460"", "" 131.294"", ""  58.337""], ["" 129.361"", "" 132.194"", ""  57.936""], ["" 131.726"", "" 132.053"", ""  58.367""], ["" 129.672"", "" 133.003"", ""  56.659""], ["" 131.980"", "" 132.869"", ""  57.082""], ["" 130.880"", "" 133.730"", ""  56.827""], ["" 129.308"", "" 126.578"", ""  65.811""], ["" 130.009"", "" 125.687"", ""  66.632""], ["" 128.718"", "" 127.700"", ""  66.403""], ["" 130.107"", "" 125.906"", ""  68.003""], ["" 128.813"", "" 127.916"", ""  67.774""], ["" 129.496"", "" 127.017"", ""  68.605""], ["" 129.589"", "" 127.252"", ""  69.981""], ["" 128.382"", "" 127.384"", ""  70.822""], ["" 130.658"", "" 128.132"", ""  70.500""], ["" 128.664"", "" 127.292"", ""  72.336""], ["" 130.871"", "" 128.022"", ""  72.025""], ["" 129.646"", "" 128.246"", ""  72.705""]]",[],9b_Ghoteimi_2023
105,10827,9c_Ghoteimi_2023,receptor_tmp,1,20,-9.11,-0.20244444444444443,0.0,0.0,14,189.05,-11.19,-10.8,-0.39,-11.19,0.0,-1.42,2.09,-1.42,62,5,0.0,0.0,0.0,11.832062,13.221281,11.18137,0.72112073,-0.04090543,-0.69160077,144.432358,"86.94796, 81.110558, 112.665016, 177.145935, 149.307434, 83.862808, 53.050449, ","[["" 128.667"", "" 126.960"", ""  63.633""], ["" 129.285"", "" 125.721"", ""  63.406""], ["" 129.887"", "" 125.023"", ""  64.909""], ["" 129.291"", "" 126.382"", ""  65.832""], ["" 129.427"", "" 126.441"", ""  67.155""], ["" 128.914"", "" 127.533"", ""  67.780""], ["" 128.295"", "" 128.571"", ""  67.080""], ["" 128.170"", "" 128.524"", ""  65.687""], ["" 128.669"", "" 127.372"", ""  65.014""], ["" 128.092"", "" 127.711"", ""  62.639""], ["" 128.602"", "" 128.441"", ""  62.160""], ["" 127.136"", "" 127.561"", ""  62.353""], ["" 129.463"", "" 125.007"", ""  62.137""], ["" 128.321"", "" 124.578"", ""  61.547""], ["" 130.588"", "" 124.832"", ""  61.665""], ["" 127.452"", "" 124.767"", ""  62.025""], ["" 128.209"", "" 123.896"", ""  60.343""], ["" 128.406"", "" 122.614"", ""  60.119""], ["" 127.765"", "" 124.824"", ""  58.946""], ["" 128.215"", "" 122.310"", ""  58.849""], ["" 127.856"", "" 123.362"", ""  58.011""], ["" 127.533"", "" 129.667"", ""  64.986""], ["" 128.291"", "" 130.781"", ""  64.622""], ["" 126.179"", "" 129.628"", ""  64.649""], ["" 127.700"", "" 131.848"", ""  63.949""], ["" 125.588"", "" 130.694"", ""  63.977""], ["" 126.335"", "" 131.828"", ""  63.624""], ["" 125.723"", "" 132.882"", ""  62.939""], ["" 126.414"", "" 133.485"", ""  61.781""], ["" 124.266"", "" 132.906"", ""  62.706""], ["" 125.834"", "" 134.857"", ""  61.374""], ["" 123.738"", "" 134.291"", ""  62.271""], ["" 124.442"", "" 134.742"", ""  61.124""], ["" 129.060"", "" 127.563"", ""  69.267""], ["" 130.197"", "" 128.111"", ""  69.872""], ["" 128.059"", "" 127.041"", ""  70.092""], ["" 130.333"", "" 128.128"", ""  71.256""], ["" 128.196"", "" 127.053"", ""  71.478""], ["" 129.341"", "" 127.584"", ""  72.089""], ["" 129.460"", "" 127.600"", ""  73.483""], ["" 128.969"", "" 128.740"", ""  74.284""], ["" 130.662"", "" 127.024"", ""  74.120""], ["" 128.860"", "" 128.441"", ""  75.794""], ["" 130.507"", "" 126.780"", ""  75.637""], ["" 130.107"", "" 127.976"", ""  76.285""]]",[],9c_Ghoteimi_2023
106,10688,9d_Ghoteimi_2023,receptor_tmp,1,4,-8.85,-0.22125,0.0,0.0,9,192.55,-10.94,-10.7,-0.24,-10.94,0.0,-1.33,2.09,-1.33,75,8,0.0,0.0,0.0,11.934405,13.642542,12.027164,-0.74959721,0.49650794,-0.43770296,108.576225,"47.265141, 193.547302, 75.789703, 338.966278, 16.724039, 223.915009, 301.339203, ","[["" 129.969"", "" 125.277"", ""  66.156""], ["" 130.236"", "" 124.589"", ""  64.966""], ["" 129.710"", "" 125.514"", ""  63.560""], ["" 129.122"", "" 126.805"", ""  64.580""], ["" 128.527"", "" 127.882"", ""  64.068""], ["" 128.089"", "" 128.821"", ""  64.947""], ["" 128.277"", "" 128.697"", ""  66.326""], ["" 128.919"", "" 127.577"", ""  66.867""], ["" 129.347"", "" 126.562"", ""  65.967""], ["" 130.253"", "" 124.762"", ""  67.395""], ["" 129.574"", "" 124.770"", ""  68.143""], ["" 131.153"", "" 124.352"", ""  67.602""], ["" 130.858"", "" 123.259"", ""  64.783""], ["" 130.266"", "" 122.201"", ""  65.009""], ["" 132.140"", "" 123.332"", ""  64.338""], ["" 132.856"", "" 124.558"", ""  64.378""], ["" 129.117"", "" 127.509"", ""  68.339""], ["" 130.352"", "" 127.828"", ""  68.907""], ["" 128.057"", "" 127.154"", ""  69.175""], ["" 130.527"", "" 127.780"", ""  70.288""], ["" 128.231"", "" 127.108"", ""  70.554""], ["" 129.466"", "" 127.427"", ""  71.137""], ["" 129.619"", "" 127.363"", ""  72.524""], ["" 128.945"", "" 128.369"", ""  73.368""], ["" 130.907"", "" 126.990"", ""  73.140""], ["" 128.870"", "" 127.965"", ""  74.856""], ["" 130.781"", "" 126.615"", ""  74.633""], ["" 130.171"", "" 127.679"", ""  75.348""], ["" 127.402"", "" 130.009"", ""  64.352""], ["" 126.029"", "" 129.975"", ""  64.086""], ["" 128.108"", "" 131.176"", ""  64.039""], ["" 125.381"", "" 131.074"", ""  63.531""], ["" 127.459"", "" 132.277"", ""  63.486""], ["" 126.080"", "" 132.254"", ""  63.231""], ["" 125.446"", "" 133.361"", ""  62.657""], ["" 126.110"", "" 134.174"", ""  61.618""], ["" 123.990"", "" 133.318"", ""  62.403""], ["" 125.425"", "" 135.531"", ""  61.354""], ["" 123.368"", "" 134.701"", ""  62.113""], ["" 124.056"", "" 135.331"", ""  61.045""]]",[],9d_Ghoteimi_2023
107,10818,RR10_Rahimova_2017,receptor_tmp,1,3,-10.39,-0.28861111111111115,0.0,0.0,5,185.52,-11.88,-11.74,-0.15,-11.88,0.0,-1.52,1.49,-1.52,52,4,0.0,0.0,0.0,8.725791,7.512232,4.291231,-0.65145078,0.55524365,-0.51702647,227.915192,"359.640228, 203.616821, 138.808746, 322.090576, 202.512314, ","[["" 126.872"", "" 122.936"", ""  58.933""], ["" 128.272"", "" 122.718"", ""  59.379""], ["" 128.251"", "" 122.155"", ""  60.821""], ["" 127.549"", "" 123.149"", ""  61.782""], ["" 126.127"", "" 123.458"", ""  61.257""], ["" 126.126"", "" 123.908"", ""  59.778""], ["" 126.686"", "" 123.186"", ""  57.189""], ["" 125.267"", "" 123.438"", ""  56.913""], ["" 127.391"", "" 122.098"", ""  56.500""], ["" 127.558"", "" 124.714"", ""  56.842""], ["" 127.192"", "" 125.890"", ""  57.507""], ["" 128.590"", "" 124.714"", ""  55.897""], ["" 127.898"", "" 127.065"", ""  57.214""], ["" 129.309"", "" 125.870"", ""  55.583""], ["" 128.944"", "" 127.036"", ""  56.260""], ["" 127.738"", "" 128.324"", ""  57.732""], ["" 129.398"", "" 128.333"", ""  56.237""], ["" 128.648"", "" 129.063"", ""  57.136""], ["" 130.145"", "" 128.731"", ""  55.686""], ["" 128.857"", "" 130.526"", ""  57.398""], ["" 128.039"", "" 131.208"", ""  58.310""], ["" 129.874"", "" 131.229"", ""  56.737""], ["" 128.234"", "" 132.564"", ""  58.556""], ["" 130.069"", "" 132.586"", ""  56.983""], ["" 129.248"", "" 133.248"", ""  57.891""], ["" 129.700"", "" 121.920"", ""  61.296""], ["" 130.383"", "" 123.001"", ""  61.714""], ["" 130.186"", "" 120.786"", ""  61.272""], ["" 129.954"", "" 123.908"", ""  61.605""], ["" 131.780"", "" 123.003"", ""  62.168""], ["" 132.679"", "" 122.050"", ""  61.334""], ["" 132.378"", "" 124.432"", ""  62.099""], ["" 132.840"", "" 122.535"", ""  59.876""], ["" 132.544"", "" 124.924"", ""  60.643""], ["" 133.439"", "" 123.960"", ""  59.830""], ["" 133.646"", "" 124.449"", ""  58.386""]]",[],RR10_Rahimova_2017
108,10745,RR11_Rahimova_2017,receptor_tmp,1,3,-8.99,-0.23051282051282052,0.0,0.0,5,188.37,-10.78,-10.68,-0.1,-10.78,0.0,-0.46,1.79,-0.46,78,10,0.0,0.0,0.0,12.078698,13.313428,8.729172,-0.6808541,-0.58993417,-0.43406838,70.399109,"120.753204, 37.054852, 28.419859, 220.017044, 283.328461, 311.279938, ","[["" 127.673"", "" 128.914"", ""  67.093""], ["" 126.699"", "" 129.189"", ""  65.956""], ["" 125.077"", "" 130.079"", ""  61.822""], ["" 126.354"", "" 129.904"", ""  62.312""], ["" 124.168"", "" 129.974"", ""  62.768""], ["" 126.260"", "" 129.663"", ""  63.662""], ["" 124.869"", "" 129.715"", ""  63.916""], ["" 127.198"", "" 129.410"", ""  64.666""], ["" 124.395"", "" 129.509"", ""  65.218""], ["" 125.327"", "" 129.250"", ""  66.225""], ["" 127.180"", "" 129.949"", ""  61.734""], ["" 124.771"", "" 130.348"", ""  60.376""], ["" 124.190"", "" 130.829"", ""  57.685""], ["" 123.397"", "" 131.400"", ""  58.678""], ["" 125.273"", "" 130.023"", ""  58.026""], ["" 123.687"", "" 131.160"", ""  60.018""], ["" 125.562"", "" 129.784"", ""  59.367""], ["" 123.897"", "" 131.066"", ""  56.342""], ["" 122.988"", "" 130.814"", ""  55.979""], ["" 124.585"", "" 131.517"", ""  55.756""], ["" 128.521"", "" 127.670"", ""  66.860""], ["" 128.997"", "" 127.389"", ""  65.574""], ["" 128.843"", "" 126.837"", ""  67.937""], ["" 129.779"", "" 126.241"", ""  65.389""], ["" 129.625"", "" 125.689"", ""  67.786""], ["" 130.079"", "" 125.412"", ""  66.495""], ["" 130.339"", "" 125.751"", ""  64.238""], ["" 130.842"", "" 124.406"", ""  65.949""], ["" 130.965"", "" 124.652"", ""  64.597""], ["" 131.257"", "" 123.609"", ""  66.409""], ["" 131.721"", "" 123.761"", ""  63.656""], ["" 131.036"", "" 122.934"", ""  62.756""], ["" 133.122"", "" 123.741"", ""  63.667""], ["" 131.736"", "" 122.103"", ""  61.886""], ["" 133.825"", "" 122.910"", ""  62.798""], ["" 133.129"", "" 122.092"", ""  61.909""], ["" 133.831"", "" 121.258"", ""  61.040""], ["" 133.521"", "" 121.163"", ""  60.083""], ["" 134.664"", "" 120.791"", ""  61.366""]]",[],RR11_Rahimova_2017
109,6182,RR11_Rahimova_2017-again1,receptor_tmp,1,14,-9.66,-0.2415,0.0,0.0,5,182.83,-11.45,-10.11,-1.34,-11.45,0.0,-0.26,1.79,-0.26,78,11,0.0,0.0,0.0,9.572351,11.150748,10.4575,-0.88182021,0.2888697,-0.37275651,228.078171,"139.982834, 195.645782, 210.402573, 202.987457, 295.559235, 125.30645, ","[["" 127.791"", "" 128.993"", ""  66.911""], ["" 126.792"", "" 129.237"", ""  65.788""], ["" 125.079"", "" 130.041"", ""  61.673""], ["" 126.366"", "" 129.861"", ""  62.135""], ["" 124.191"", "" 129.934"", ""  62.635""], ["" 126.302"", "" 129.636"", ""  63.490""], ["" 124.916"", "" 129.686"", ""  63.772""], ["" 127.262"", "" 129.404"", ""  64.478""], ["" 124.470"", "" 129.492"", ""  65.085""], ["" 125.424"", "" 129.268"", ""  66.079""], ["" 127.181"", "" 129.908"", ""  61.540""], ["" 124.744"", "" 130.335"", ""  60.239""], ["" 124.115"", "" 130.868"", ""  57.567""], ["" 125.367"", "" 130.351"", ""  57.895""], ["" 123.176"", "" 131.122"", ""  58.564""], ["" 125.680"", "" 130.086"", ""  59.226""], ["" 123.490"", "" 130.856"", ""  59.895""], ["" 123.799"", "" 131.131"", ""  56.235""], ["" 124.492"", "" 131.554"", ""  55.635""], ["" 122.869"", "" 130.932"", ""  55.897""], ["" 128.606"", "" 127.724"", ""  66.705""], ["" 129.005"", "" 127.369"", ""  65.410""], ["" 128.925"", "" 126.921"", ""  67.806""], ["" 129.758"", "" 126.199"", ""  65.278""], ["" 129.672"", "" 125.747"", ""  67.679""], ["" 130.087"", "" 125.405"", ""  66.389""], ["" 130.319"", "" 125.584"", ""  64.168""], ["" 130.837"", "" 124.339"", ""  65.909""], ["" 130.989"", "" 124.444"", ""  64.546""], ["" 130.276"", "" 125.891"", ""  63.207""], ["" 131.238"", "" 123.581"", ""  66.443""], ["" 131.741"", "" 123.512"", ""  63.651""], ["" 131.059"", "" 122.765"", ""  62.684""], ["" 133.130"", "" 123.382"", ""  63.768""], ["" 131.755"", "" 121.902"", ""  61.842""], ["" 133.827"", "" 122.519"", ""  62.927""], ["" 133.138"", "" 121.781"", ""  61.965""], ["" 133.835"", "" 120.920"", ""  61.119""], ["" 133.425"", "" 120.650"", ""  60.235""], ["" 134.729"", "" 120.552"", ""  61.410""]]",[],RR11_Rahimova_2017-again1
110,5911,RR11_Rahimova_2017-again2,receptor_tmp,1,5,-10.21,-0.24902439024390247,0.0,0.0,4,182.52,-12.0,-9.64,-2.36,-12.0,0.0,0.12,1.79,0.12,79,9,0.0,0.0,0.0,9.662769,11.288635,10.437396,-0.88877326,0.25336249,-0.3819549,226.415161,"118.054863, 26.119484, 211.080826, 23.663437, 305.781616, 115.70369, ","[["" 127.703"", "" 129.110"", ""  66.983""], ["" 126.703"", "" 129.303"", ""  65.851""], ["" 125.082"", "" 130.031"", ""  61.616""], ["" 126.330"", "" 129.915"", ""  62.184""], ["" 124.173"", "" 129.857"", ""  62.634""], ["" 126.212"", "" 129.681"", ""  63.548""], ["" 124.838"", "" 129.642"", ""  63.834""], ["" 127.173"", "" 129.505"", ""  64.547""], ["" 124.367"", "" 129.421"", ""  65.131""], ["" 125.332"", "" 129.252"", ""  66.127""], ["" 127.179"", "" 130.004"", ""  61.646""], ["" 123.177"", "" 129.895"", ""  62.481""], ["" 124.776"", "" 130.303"", ""  60.179""], ["" 124.214"", "" 130.829"", ""  57.494""], ["" 123.314"", "" 131.226"", ""  58.482""], ["" 125.391"", "" 130.167"", ""  57.839""], ["" 123.594"", "" 130.964"", ""  59.820""], ["" 125.671"", "" 129.905"", ""  59.178""], ["" 123.937"", "" 131.096"", ""  56.155""], ["" 123.135"", "" 130.665"", ""  55.717""], ["" 124.576"", "" 131.665"", ""  55.618""], ["" 128.612"", "" 127.908"", ""  66.769""], ["" 128.873"", "" 127.468"", ""  65.465""], ["" 129.152"", "" 127.245"", ""  67.878""], ["" 129.717"", "" 126.363"", ""  65.326""], ["" 129.991"", "" 126.136"", ""  67.745""], ["" 130.267"", "" 125.712"", ""  66.442""], ["" 130.188"", "" 125.695"", ""  64.203""], ["" 131.052"", "" 124.676"", ""  65.954""], ["" 131.013"", "" 124.661"", ""  64.579""], ["" 129.989"", "" 125.903"", ""  63.235""], ["" 131.593"", "" 124.011"", ""  66.487""], ["" 131.733"", "" 123.716"", ""  63.672""], ["" 131.023"", "" 122.962"", ""  62.731""], ["" 133.125"", "" 123.583"", ""  63.751""], ["" 131.695"", "" 122.090"", ""  61.878""], ["" 133.797"", "" 122.710"", ""  62.900""], ["" 133.080"", "" 121.967"", ""  61.963""], ["" 133.754"", "" 121.098"", ""  61.106""], ["" 134.670"", "" 120.760"", ""  61.359""], ["" 133.346"", "" 120.869"", ""  60.211""]]",[],RR11_Rahimova_2017-again2
111,6147,RR12_Rahimova_2017,receptor_tmp,1,18,-7.31,-0.2707407407407407,0.0,0.0,1,196.52,-9.99,-9.82,-0.17,-9.99,0.0,-1.54,2.68,-1.54,64,5,0.0,0.0,0.0,12.043207,19.682941,20.017396,-0.23360131,0.96268129,-0.13665712,225.660858,"307.92099, 350.382568, 195.408569, 137.591934, 92.098083, 341.79364, 326.266998, 215.508026, 52.234871, ","[["" 128.435"", "" 132.748"", ""  73.960""], ["" 129.158"", "" 132.995"", ""  72.622""], ["" 130.505"", "" 133.544"", ""  72.771""], ["" 130.519"", "" 134.849"", ""  70.914""], ["" 131.080"", "" 134.418"", ""  71.924""], ["" 131.026"", "" 133.238"", ""  73.579""], ["" 132.501"", "" 134.862"", ""  72.293""], ["" 133.043"", "" 133.967"", ""  73.265""], ["" 134.396"", "" 134.009"", ""  73.544""], ["" 134.749"", "" 134.109"", ""  74.891""], ["" 135.407"", "" 133.957"", ""  72.570""], ["" 136.088"", "" 134.154"", ""  75.270""], ["" 136.747"", "" 134.001"", ""  72.948""], ["" 137.081"", "" 134.098"", ""  74.297""], ["" 128.743"", "" 131.362"", ""  74.555""], ["" 127.483"", "" 130.599"", ""  74.929""], ["" 126.509"", "" 131.137"", ""  75.620""], ["" 127.254"", "" 129.274"", ""  74.595""], ["" 125.573"", "" 130.147"", ""  75.737""], ["" 126.004"", "" 128.958"", ""  75.098""], ["" 124.323"", "" 130.184"", ""  76.373""], ["" 125.217"", "" 127.800"", ""  75.072""], ["" 123.539"", "" 129.031"", ""  76.349""], ["" 123.978"", "" 127.869"", ""  75.712""], ["" 128.116"", "" 128.392"", ""  73.812""], ["" 127.323"", "" 127.720"", ""  72.676""], ["" 128.232"", "" 127.144"", ""  71.582""]]",[],RR12_Rahimova_2017
112,10589,RR13_Rahimova_2017,receptor_tmp,1,1,-13.01,-0.2710416666666667,0.0,0.0,1,183.98,-16.59,-16.54,-0.05,-16.59,0.0,-4.19,3.58,-4.19,83,5,0.0,0.0,0.0,11.20754,13.453421,7.2995,0.65443055,-0.24213257,-0.71630473,109.549019,"9.56778, 272.568146, 352.615051, 154.101913, 4.811257, 129.103622, 268.990662, 296.4776, 344.684662, 329.935608, 192.430878, 44.456562, ","[["" 127.604"", "" 129.286"", ""  61.384""], ["" 127.150"", "" 128.367"", ""  62.443""], ["" 127.576"", "" 126.914"", ""  62.130""], ["" 129.043"", "" 126.807"", ""  62.056""], ["" 129.492"", "" 127.724"", ""  60.993""], ["" 129.072"", "" 129.176"", ""  61.317""], ["" 127.084"", "" 130.654"", ""  61.624""], ["" 125.549"", "" 130.760"", ""  61.492""], ["" 124.932"", "" 130.998"", ""  60.247""], ["" 123.542"", "" 131.113"", ""  60.163""], ["" 122.754"", "" 131.002"", ""  61.305""], ["" 124.738"", "" 130.664"", ""  62.634""], ["" 123.352"", "" 130.779"", ""  62.542""], ["" 125.845"", "" 131.174"", ""  58.786""], ["" 127.565"", "" 131.236"", ""  62.962""], ["" 127.980"", "" 130.559"", ""  64.009""], ["" 127.556"", "" 132.581"", ""  63.264""], ["" 128.282"", "" 131.507"", ""  64.982""], ["" 128.021"", "" 132.776"", ""  64.503""], ["" 127.206"", "" 133.717"", ""  62.421""], ["" 125.692"", "" 133.721"", ""  62.133""], ["" 125.234"", "" 135.020"", ""  61.487""], ["" 126.155"", "" 136.043"", ""  61.247""], ["" 123.890"", "" 135.190"", ""  61.143""], ["" 125.732"", "" 137.234"", ""  60.664""], ["" 123.469"", "" 136.382"", ""  60.559""], ["" 124.391"", "" 137.398"", ""  60.322""], ["" 129.500"", "" 125.415"", ""  61.839""], ["" 128.400"", "" 124.377"", ""  62.076""], ["" 128.304"", "" 123.597"", ""  63.127""], ["" 127.325"", "" 124.155"", ""  61.242""], ["" 127.156"", "" 122.835"", ""  62.933""], ["" 126.551"", "" 123.185"", ""  61.744""], ["" 126.995"", "" 124.761"", ""  59.957""], ["" 127.906"", "" 124.201"", ""  58.849""], ["" 127.119"", "" 123.472"", ""  57.771""], ["" 127.786"", "" 122.900"", ""  56.685""], ["" 125.728"", "" 123.370"", ""  57.873""], ["" 127.066"", "" 122.227"", ""  55.702""], ["" 125.008"", "" 122.698"", ""  56.890""], ["" 125.679"", "" 122.129"", ""  55.808""], ["" 130.784"", "" 125.010"", ""  62.595""], ["" 130.803"", "" 125.217"", ""  63.981""], ["" 131.932"", "" 124.458"", ""  61.979""], ["" 131.913"", "" 124.865"", ""  64.747""], ["" 133.038"", "" 124.105"", ""  62.757""], ["" 133.030"", "" 124.304"", ""  64.134""], ["" 132.066"", "" 124.236"", ""  60.267""]]",[],RR13_Rahimova_2017
113,10604,RR14_Rahimova_2017,receptor_tmp,1,4,-11.06,-0.2765,0.0,0.0,2,189.6,-14.34,-13.92,-0.42,-14.34,0.0,-2.93,3.28,-2.93,88,9,0.0,0.0,0.0,11.995109,17.347222,6.302545,0.80339457,-0.51326558,0.30185362,85.996277,"214.405685, 346.846313, 292.723816, 39.101715, 336.64328, 204.694565, 324.510162, 300.056305, 231.176544, 151.596527, 152.427429, ","[["" 130.659"", "" 130.195"", ""  61.277""], ["" 129.479"", "" 130.888"", ""  60.735""], ["" 128.444"", "" 131.011"", ""  61.772""], ["" 127.564"", "" 132.257"", ""  61.697""], ["" 125.229"", "" 135.759"", ""  61.338""], ["" 125.981"", "" 134.579"", ""  61.456""], ["" 123.841"", "" 135.700"", ""  61.491""], ["" 127.384"", "" 134.590"", ""  61.306""], ["" 125.341"", "" 133.356"", ""  61.724""], ["" 123.207"", "" 134.488"", ""  61.759""], ["" 128.226"", "" 133.531"", ""  61.397""], ["" 126.218"", "" 132.172"", ""  61.832""], ["" 123.945"", "" 133.307"", ""  61.879""], ["" 129.436"", "" 133.680"", ""  61.228""], ["" 125.892"", "" 137.099"", ""  61.048""], ["" 127.835"", "" 135.468"", ""  61.104""], ["" 123.220"", "" 132.002"", ""  62.175""], ["" 128.940"", "" 130.209"", ""  59.549""], ["" 127.399"", "" 130.105"", ""  59.549""], ["" 126.816"", "" 129.545"", ""  58.235""], ["" 125.417"", "" 129.923"", ""  58.013""], ["" 125.281"", "" 130.658"", ""  56.749""], ["" 124.830"", "" 130.661"", ""  59.143""], ["" 123.827"", "" 131.118"", ""  56.510""], ["" 123.388"", "" 131.119"", ""  58.833""], ["" 123.362"", "" 131.871"", ""  57.625""], ["" 131.846"", "" 131.128"", ""  61.465""], ["" 132.139"", "" 131.764"", ""  62.575""], ["" 132.786"", "" 131.424"", ""  60.501""], ["" 133.305"", "" 132.474"", ""  62.307""], ["" 133.707"", "" 132.252"", ""  61.005""], ["" 132.900"", "" 130.939"", ""  59.125""], ["" 131.956"", "" 131.642"", ""  58.158""], ["" 132.071"", "" 131.425"", ""  56.783""], ["" 130.957"", "" 132.487"", ""  58.646""], ["" 131.170"", "" 132.021"", ""  55.906""], ["" 130.055"", "" 133.081"", ""  57.768""], ["" 130.149"", "" 132.843"", ""  56.387""], ["" 129.287"", "" 133.370"", ""  55.445""], ["" 127.910"", "" 133.016"", ""  55.490""]]",[],RR14_Rahimova_2017
114,6135,RR15_Rahimova_2017,receptor_tmp,1,12,-8.85,-0.1923913043478261,0.0,0.0,1,182.39,-13.32,-12.82,-0.51,-13.32,0.0,-4.23,4.47,-4.23,70,10,0.0,0.0,0.0,12.194286,10.607328,2.234843,0.96201451,0.09925007,-0.25431774,224.259262,"357.990082, 198.795624, 79.841087, 80.395409, 48.695606, 357.931427, 15.356569, 338.818329, 109.286423, 54.643948, 345.281281, 117.220253, 156.220993, 230.880493, 248.231094, ","[["" 128.615"", "" 126.346"", ""  57.279""], ["" 127.851"", "" 125.971"", ""  56.386""], ["" 128.227"", "" 126.407"", ""  58.590""], ["" 127.579"", "" 125.268"", ""  59.309""], ["" 126.920"", "" 124.312"", ""  58.320""], ["" 125.613"", "" 122.624"", ""  56.515""], ["" 124.932"", "" 123.703"", ""  57.072""], ["" 126.942"", "" 122.380"", ""  56.850""], ["" 125.584"", "" 124.543"", ""  57.970""], ["" 127.593"", "" 123.220"", ""  57.749""], ["" 124.979"", "" 121.809"", ""  55.642""], ["" 128.459"", "" 124.642"", ""  60.435""], ["" 127.930"", "" 124.672"", ""  61.671""], ["" 129.577"", "" 124.189"", ""  60.190""], ["" 127.017"", "" 125.086"", ""  61.794""], ["" 128.607"", "" 124.241"", ""  62.889""], ["" 128.703"", "" 122.706"", ""  62.960""], ["" 128.191"", "" 122.217"", ""  61.713""], ["" 130.131"", "" 122.136"", ""  63.027""], ["" 129.040"", "" 121.209"", ""  61.173""], ["" 130.417"", "" 121.665"", ""  61.622""], ["" 128.249"", "" 127.679"", ""  59.339""], ["" 128.373"", "" 128.925"", ""  58.436""], ["" 129.765"", "" 129.599"", ""  58.448""], ["" 129.890"", "" 130.714"", ""  57.504""], ["" 128.895"", "" 131.776"", ""  57.715""], ["" 131.260"", "" 131.244"", ""  57.528""], ["" 129.123"", "" 132.963"", ""  56.753""], ["" 131.423"", "" 132.443"", ""  56.569""], ["" 130.457"", "" 133.443"", ""  56.874""], ["" 130.066"", "" 126.724"", ""  56.890""], ["" 131.103"", "" 126.080"", ""  57.693""], ["" 130.986"", "" 125.905"", ""  59.015""], ["" 132.320"", "" 125.831"", ""  57.208""], ["" 132.188"", "" 125.463"", ""  59.334""], ["" 133.026"", "" 125.394"", ""  58.309""], ["" 132.576"", "" 125.079"", ""  60.735""], ["" 131.777"", "" 125.443"", ""  61.828""], ["" 133.745"", "" 124.351"", ""  60.980""], ["" 132.128"", "" 125.094"", ""  63.143""], ["" 134.108"", "" 124.001"", ""  62.278""], ["" 133.307"", "" 124.369"", ""  63.371""], ["" 131.371"", "" 125.427"", ""  64.253""], ["" 130.343"", "" 126.405"", ""  64.136""], ["" 133.610"", "" 124.055"", ""  64.684""], ["" 133.849"", "" 125.102"", ""  65.619""]]",[],RR15_Rahimova_2017
115,10799,RR16_Rahimova_2017,receptor_tmp,1,17,-10.03,-0.20895833333333333,0.0,0.0,1,185.94,-14.51,-14.66,-0.05,-14.71,0.21,-2.71,4.47,-2.71,81,7,0.0,0.0,0.0,10.151936,12.042539,3.42481,-0.00529198,-0.02786696,-0.99959763,248.477982,"300.114502, 118.116409, 322.644806, 35.371758, 187.743729, 337.886414, 189.952637, 132.965881, 320.875641, 351.646271, 352.796112, 349.745514, 53.822815, 55.918934, 139.819458, ","[["" 125.925"", "" 131.086"", ""  57.884""], ["" 124.552"", "" 130.868"", ""  57.748""], ["" 123.716"", "" 131.013"", ""  58.851""], ["" 124.257"", "" 131.375"", ""  60.086""], ["" 125.624"", "" 131.631"", ""  60.214""], ["" 126.458"", "" 131.489"", ""  59.111""], ["" 127.020"", "" 130.764"", ""  56.504""], ["" 127.890"", "" 131.938"", ""  56.350""], ["" 126.191"", "" 130.304"", ""  55.383""], ["" 128.017"", "" 129.401"", ""  57.050""], ["" 129.995"", "" 127.267"", ""  57.361""], ["" 128.535"", "" 126.971"", ""  56.935""], ["" 130.125"", "" 128.614"", ""  58.118""], ["" 127.892"", "" 128.176"", ""  56.219""], ["" 129.422"", "" 129.765"", ""  57.370""], ["" 130.636"", "" 126.099"", ""  58.115""], ["" 130.011"", "" 123.244"", ""  60.460""], ["" 131.039"", "" 122.484"", ""  60.885""], ["" 130.464"", "" 124.227"", ""  59.595""], ["" 132.189"", "" 122.921"", ""  60.265""], ["" 131.855"", "" 123.991"", ""  59.486""], ["" 129.833"", "" 125.274"", ""  58.915""], ["" 132.641"", "" 124.818"", ""  58.671""], ["" 132.014"", "" 125.866"", ""  57.995""], ["" 128.680"", "" 123.058"", ""  61.022""], ["" 127.575"", "" 123.247"", ""  59.991""], ["" 126.747"", "" 123.000"", ""  57.727""], ["" 125.560"", "" 123.637"", ""  58.090""], ["" 127.751"", "" 122.802"", ""  58.677""], ["" 125.379"", "" 124.081"", ""  59.400""], ["" 126.384"", "" 123.887"", ""  60.349""], ["" 126.979"", "" 122.459"", ""  56.104""], ["" 133.990"", "" 124.609"", ""  58.545""], ["" 134.318"", "" 124.772"", ""  57.657""], ["" 123.227"", "" 131.414"", ""  61.548""], ["" 121.870"", "" 131.050"", ""  61.122""], ["" 123.912"", "" 130.659"", ""  62.604""], ["" 123.197"", "" 133.114"", ""  62.020""], ["" 122.312"", "" 133.483"", ""  62.377""], ["" 124.118"", "" 134.093"", ""  61.396""], ["" 123.415"", "" 135.473"", ""  61.313""], ["" 124.228"", "" 136.709"", ""  61.745""], ["" 125.487"", "" 136.955"", ""  60.896""], ["" 126.751"", "" 136.192"", ""  61.335""], ["" 125.457"", "" 134.069"", ""  62.170""], ["" 126.658"", "" 134.654"", ""  61.401""], ["" 126.752"", "" 136.191"", ""  61.333""], ["" 125.488"", "" 136.954"", ""  60.894""]]",[],RR16_Rahimova_2017
116,10733,RR17_Rahimova_2017,receptor_tmp,1,5,-8.86,-0.22717948717948716,0.0,0.0,1,189.21,-12.44,-11.91,-0.54,-12.44,0.0,-2.38,3.58,-2.38,74,10,0.0,0.0,0.0,9.117604,16.73358,7.963638,-0.16099643,-0.94417088,-0.28743954,261.137573,"338.262512, 353.377869, 146.77182, 302.404053, 286.776947, 45.209454, 254.304993, 103.744392, 292.078705, 156.833023, 272.384399, 1.202836, ","[["" 124.393"", "" 131.963"", ""  60.794""], ["" 124.367"", "" 131.097"", ""  62.338""], ["" 125.481"", "" 130.848"", ""  63.114""], ["" 124.990"", "" 130.145"", ""  64.195""], ["" 123.297"", "" 130.600"", ""  62.913""], ["" 123.693"", "" 129.994"", ""  64.099""], ["" 126.814"", "" 131.200"", ""  62.850""], ["" 129.463"", "" 131.895"", ""  62.332""], ["" 128.940"", "" 130.685"", ""  61.846""], ["" 128.643"", "" 132.744"", ""  63.079""], ["" 127.617"", "" 130.338"", ""  62.105""], ["" 127.319"", "" 132.404"", ""  63.340""], ["" 130.760"", "" 132.321"", ""  62.125""], ["" 131.759"", "" 131.365"", ""  61.784""], ["" 125.839"", "" 129.618"", ""  65.342""], ["" 127.258"", "" 129.495"", ""  65.019""], ["" 127.722"", "" 130.313"", ""  64.651""], ["" 128.066"", "" 128.425"", ""  65.444""], ["" 128.643"", "" 127.625"", ""  64.458""], ["" 128.315"", "" 128.142"", ""  66.793""], ["" 129.449"", "" 126.547"", ""  64.809""], ["" 129.120"", "" 127.063"", ""  67.145""], ["" 129.691"", "" 126.257"", ""  66.155""], ["" 130.574"", "" 125.065"", ""  66.524""], ["" 130.695"", "" 124.196"", ""  65.518""], ["" 131.797"", "" 125.478"", ""  66.861""], ["" 130.036"", "" 124.429"", ""  67.565""], ["" 125.128"", "" 130.674"", ""  59.724""], ["" 125.352"", "" 131.176"", ""  58.279""], ["" 124.451"", "" 131.096"", ""  57.439""], ["" 126.695"", "" 131.768"", ""  57.964""], ["" 127.501"", "" 132.241"", ""  59.010""], ["" 127.171"", "" 131.865"", ""  56.649""], ["" 128.749"", "" 132.796"", ""  58.746""], ["" 128.421"", "" 132.421"", ""  56.387""], ["" 129.222"", "" 132.892"", ""  57.438""], ["" 130.474"", "" 133.455"", ""  57.273""], ["" 131.554"", "" 132.640"", ""  56.828""], ["" 132.015"", "" 131.756"", ""  57.991""]]",[],RR17_Rahimova_2017
117,10580,RR18_Rahimova_2017,receptor_tmp,1,19,-8.42,-0.22157894736842104,0.0,0.0,1,189.36,-9.31,-9.27,-0.05,-9.31,0.0,-1.02,0.89,-1.02,68,4,0.0,0.0,0.0,12.306589,10.771746,8.427726,0.27939546,-0.95947543,-0.03667522,75.793884,"88.344994, 112.320129, 188.501068, ","[["" 129.087"", "" 125.905"", ""  64.098""], ["" 128.981"", "" 126.943"", ""  65.254""], ["" 128.627"", "" 128.219"", ""  64.947""], ["" 128.238"", "" 128.642"", ""  63.713""], ["" 128.110"", "" 127.788"", ""  62.765""], ["" 127.479"", "" 128.155"", ""  61.177""], ["" 127.651"", "" 126.449"", ""  60.657""], ["" 127.328"", "" 125.917"", ""  59.427""], ["" 126.698"", "" 126.757"", ""  58.397""], ["" 126.451"", "" 125.975"", ""  57.342""], ["" 126.874"", "" 124.692"", ""  57.520""], ["" 127.449"", "" 124.576"", ""  58.773""], ["" 127.996"", "" 123.324"", ""  59.115""], ["" 127.920"", "" 122.245"", ""  58.230""], ["" 127.311"", "" 122.394"", ""  56.986""], ["" 126.785"", "" 123.630"", ""  56.620""], ["" 126.402"", "" 127.951"", ""  58.421""], ["" 128.443"", "" 126.475"", ""  62.862""], ["" 128.191"", "" 125.686"", ""  61.782""], ["" 128.394"", "" 124.476"", ""  61.813""], ["" 126.015"", "" 126.312"", ""  56.496""], ["" 130.537"", "" 125.506"", ""  63.835""], ["" 132.612"", "" 125.148"", ""  64.461""], ["" 132.547"", "" 124.861"", ""  63.108""], ["" 131.386"", "" 125.540"", ""  64.897""], ["" 131.230"", "" 125.088"", ""  62.710""], ["" 133.713"", "" 125.114"", ""  65.491""], ["" 129.361"", "" 126.576"", ""  66.615""], ["" 129.408"", "" 127.618"", ""  67.478""], ["" 129.628"", "" 125.413"", ""  66.924""], ["" 129.249"", "" 128.529"", ""  67.075""], ["" 129.711"", "" 127.648"", ""  68.856""], ["" 128.673"", "" 127.341"", ""  69.759""], ["" 130.989"", "" 127.944"", ""  69.362""], ["" 128.924"", "" 127.351"", ""  71.135""], ["" 131.224"", "" 127.951"", ""  70.736""], ["" 130.193"", "" 127.657"", ""  71.622""], ["" 127.267"", "" 126.995"", ""  69.277""]]",[],RR18_Rahimova_2017
118,10679,RR19_Rahimova_2017,receptor_tmp,1,16,-10.84,-0.22583333333333333,0.0,0.0,7,187.16,-13.23,-12.86,-0.37,-13.23,0.0,-5.9,2.39,-5.9,65,6,0.0,0.0,0.0,13.853067,10.521043,7.073092,0.12977755,-0.86686785,0.48135011,141.11496,"169.057358, 143.769012, 341.129852, 246.435242, 11.820251, 52.776928, 189.000671, 210.567322, ","[["" 134.198"", "" 124.373"", ""  61.102""], ["" 132.603"", "" 124.867"", ""  61.379""], ["" 131.933"", "" 124.774"", ""  62.574""], ["" 132.332"", "" 124.478"", ""  63.838""], ["" 133.500"", "" 124.417"", ""  64.233""], ["" 131.764"", "" 125.427"", ""  60.448""], ["" 131.863"", "" 125.612"", ""  59.107""], ["" 132.717"", "" 125.125"", ""  58.363""], ["" 130.931"", "" 124.848"", ""  62.480""], ["" 130.952"", "" 125.872"", ""  60.851""], ["" 131.171"", "" 124.217"", ""  64.834""], ["" 130.339"", "" 122.942"", ""  64.512""], ["" 129.897"", "" 122.844"", ""  63.063""], ["" 130.713"", "" 122.189"", ""  62.116""], ["" 128.600"", "" 123.251"", ""  62.684""], ["" 130.261"", "" 122.012"", ""  60.815""], ["" 128.166"", "" 123.062"", ""  61.378""], ["" 128.997"", "" 122.451"", ""  60.446""], ["" 130.293"", "" 125.404"", ""  65.043""], ["" 129.778"", "" 126.178"", ""  64.043""], ["" 129.967"", "" 125.843"", ""  66.291""], ["" 129.002"", "" 127.239"", ""  64.728""], ["" 129.926"", "" 126.028"", ""  62.829""], ["" 129.115"", "" 127.039"", ""  66.077""], ["" 130.307"", "" 125.351"", ""  67.368""], ["" 128.257"", "" 128.303"", ""  64.216""], ["" 128.489"", "" 127.891"", ""  66.988""], ["" 127.620"", "" 129.167"", ""  65.114""], ["" 127.735"", "" 128.962"", ""  66.495""], ["" 130.780"", "" 126.552"", ""  58.521""], ["" 130.648"", "" 127.925"", ""  59.242""], ["" 131.018"", "" 129.136"", ""  58.401""], ["" 132.349"", "" 129.604"", ""  58.351""], ["" 130.053"", "" 129.726"", ""  57.557""], ["" 132.682"", "" 130.662"", ""  57.516""], ["" 130.406"", "" 130.785"", ""  56.731""], ["" 131.713"", "" 131.254"", ""  56.714""], ["" 129.466"", "" 125.862"", ""  58.413""], ["" 128.953"", "" 125.313"", ""  57.271""], ["" 128.616"", "" 125.786"", ""  59.476""], ["" 127.616"", "" 124.792"", ""  57.650""], ["" 129.481"", "" 125.266"", ""  56.159""], ["" 127.414"", "" 125.077"", ""  58.973""], ["" 128.804"", "" 126.218"", ""  60.615""], ["" 126.646"", "" 124.129"", ""  56.897""], ["" 126.230"", "" 124.713"", ""  59.616""], ["" 125.452"", "" 123.755"", ""  57.524""], ["" 125.245"", "" 124.046"", ""  58.879""]]",[],RR19_Rahimova_2017
119,6078,RR19_Rahimova_2017-again1,receptor_tmp,1,20,-11.9,-0.25319148936170216,0.0,0.0,1,192.18,-14.58,-12.96,-1.62,-14.58,0.0,-4.09,2.68,-4.09,83,7,0.0,0.0,0.0,11.787847,14.363932,18.793219,-0.85480019,0.03979364,0.51742933,214.900116,"90.299652, 245.580673, 17.135798, 171.606369, 258.853912, 176.679062, 206.996231, 255.258118, 273.993774, ","[["" 129.211"", "" 127.834"", ""  78.079""], ["" 129.234"", "" 128.505"", ""  76.538""], ["" 128.795"", "" 129.722"", ""  76.099""], ["" 128.130"", "" 130.734"", ""  76.706""], ["" 127.882"", "" 130.814"", ""  77.912""], ["" 128.917"", "" 129.853"", ""  75.106""], ["" 129.669"", "" 127.814"", ""  75.421""], ["" 129.755"", "" 128.215"", ""  74.194""], ["" 129.556"", "" 129.341"", ""  73.696""], ["" 130.160"", "" 127.116"", ""  73.155""], ["" 131.714"", "" 126.952"", ""  73.073""], ["" 132.355"", "" 126.351"", ""  74.321""], ["" 131.621"", "" 125.483"", ""  75.133""], ["" 133.678"", "" 126.663"", ""  74.648""], ["" 132.209"", "" 124.922"", ""  76.263""], ["" 134.268"", "" 126.102"", ""  75.777""], ["" 133.531"", "" 125.233"", ""  76.580""], ["" 129.477"", "" 127.264"", ""  71.828""], ["" 130.021"", "" 127.866"", ""  70.726""], ["" 128.206"", "" 126.814"", ""  71.625""], ["" 128.977"", "" 127.784"", ""  69.677""], ["" 131.139"", "" 128.370"", ""  70.623""], ["" 127.888"", "" 127.155"", ""  70.214""], ["" 127.476"", "" 126.244"", ""  72.436""], ["" 128.975"", "" 128.228"", ""  68.354""], ["" 126.737"", "" 126.933"", ""  69.458""], ["" 127.831"", "" 128.015"", ""  67.578""], ["" 126.716"", "" 127.369"", ""  68.128""], ["" 127.665"", "" 131.870"", ""  75.748""], ["" 126.426"", "" 131.494"", ""  74.885""], ["" 125.694"", "" 130.253"", ""  75.365""], ["" 124.530"", "" 130.380"", ""  76.152""], ["" 126.067"", "" 128.976"", ""  74.895""], ["" 123.805"", "" 129.249"", ""  76.508""], ["" 125.329"", "" 127.858"", ""  75.262""], ["" 124.206"", "" 127.993"", ""  76.069""], ["" 128.764"", "" 132.460"", ""  74.924""], ["" 130.049"", "" 132.638"", ""  75.352""], ["" 128.527"", "" 132.992"", ""  73.692""], ["" 130.735"", "" 133.360"", ""  74.251""], ["" 130.535"", "" 132.286"", ""  76.427""], ["" 129.819"", "" 133.576"", ""  73.258""], ["" 127.463"", "" 132.995"", ""  73.071""], ["" 132.049"", "" 133.814"", ""  74.135""], ["" 130.169"", "" 134.259"", ""  72.091""], ["" 132.418"", "" 134.503"", ""  72.974""], ["" 131.481"", "" 134.724"", ""  71.956""]]",[],RR19_Rahimova_2017-again1
120,10628,RR1_Rahimova_2017,receptor_tmp,1,15,-8.46,-0.1922727272727273,0.0,0.0,1,191.41,-12.04,-10.99,-1.05,-12.04,0.0,-3.27,3.58,-3.27,74,10,0.0,0.0,0.0,13.446323,7.340559,11.165547,-0.31369836,0.93306344,-0.17602829,278.93985,"102.520172, 306.574097, 255.539536, 6.306517, 108.796532, 79.741486, 305.038696, 171.371811, 351.204102, 109.449379, 293.385773, 31.174587, ","[["" 130.995"", "" 125.611"", ""  63.229""], ["" 130.164"", "" 126.240"", ""  62.436""], ["" 129.234"", "" 126.711"", ""  63.259""], ["" 129.416"", "" 126.434"", ""  64.537""], ["" 130.550"", "" 125.727"", ""  64.520""], ["" 132.438"", "" 124.763"", ""  62.680""], ["" 132.527"", "" 125.481"", ""  61.002""], ["" 131.830"", "" 124.669"", ""  59.899""], ["" 132.483"", "" 124.157"", ""  58.989""], ["" 130.490"", "" 124.575"", ""  60.032""], ["" 130.096"", "" 124.956"", ""  60.881""], ["" 129.548"", "" 123.976"", ""  59.173""], ["" 128.938"", "" 122.813"", ""  59.646""], ["" 129.167"", "" 124.500"", ""  57.929""], ["" 127.962"", "" 122.172"", ""  58.888""], ["" 128.191"", "" 123.855"", ""  57.174""], ["" 127.577"", "" 122.694"", ""  57.643""], ["" 126.614"", "" 122.131"", ""  56.827""], ["" 125.345"", "" 122.765"", ""  56.711""], ["" 131.109"", "" 125.190"", ""  65.761""], ["" 130.209"", "" 125.343"", ""  66.999""], ["" 130.164"", "" 126.585"", ""  67.518""], ["" 129.588"", "" 124.376"", ""  67.454""], ["" 130.813"", "" 127.328"", ""  67.297""], ["" 129.492"", "" 126.768"", ""  68.719""], ["" 130.062"", "" 127.571"", ""  69.644""], ["" 131.088"", "" 128.232"", ""  69.449""], ["" 128.983"", "" 125.939"", ""  68.987""], ["" 129.343"", "" 127.650"", ""  70.975""], ["" 129.721"", "" 128.570"", ""  71.967""], ["" 128.258"", "" 126.806"", ""  71.235""], ["" 129.036"", "" 128.649"", ""  73.193""], ["" 127.577"", "" 126.870"", ""  72.445""], ["" 127.957"", "" 127.790"", ""  73.436""], ["" 129.358"", "" 129.551"", ""  74.193""], ["" 128.895"", "" 130.894"", ""  74.105""], ["" 127.313"", "" 127.914"", ""  74.654""], ["" 125.915"", "" 128.178"", ""  74.686""], ["" 128.053"", "" 127.501"", ""  62.770""], ["" 127.476"", "" 128.517"", ""  63.549""], ["" 127.477"", "" 127.255"", ""  61.514""], ["" 126.377"", "" 129.232"", ""  63.069""], ["" 126.409"", "" 127.938"", ""  61.030""], ["" 125.876"", "" 128.913"", ""  61.809""]]",[],RR1_Rahimova_2017
121,6185,RR20_Rahimova_2017,receptor_tmp,1,13,-10.29,-0.26384615384615384,0.0,0.0,1,183.2,-12.08,-11.85,-0.23,-12.08,0.0,-1.33,1.79,-1.33,73,4,0.0,0.0,0.0,13.388243,12.727602,12.037133,0.42685555,0.70422131,0.56733295,212.002151,"358.555084, 169.013885, 46.354473, 208.979294, 255.639572, 66.017723, ","[["" 129.011"", "" 127.517"", ""  67.796""], ["" 130.275"", "" 127.748"", ""  68.359""], ["" 130.452"", "" 127.768"", ""  69.743""], ["" 129.348"", "" 127.604"", ""  70.590""], ["" 129.286"", "" 127.512"", ""  71.999""], ["" 127.881"", "" 127.304"", ""  72.388""], ["" 127.138"", "" 126.922"", ""  71.119""], ["" 128.102"", "" 127.308"", ""  70.038""], ["" 127.932"", "" 127.270"", ""  68.654""], ["" 128.826"", "" 127.485"", ""  66.304""], ["" 127.933"", "" 128.256"", ""  64.451""], ["" 128.001"", "" 128.362"", ""  65.754""], ["" 128.913"", "" 127.008"", ""  63.786""], ["" 129.446"", "" 126.597"", ""  65.399""], ["" 130.393"", "" 125.438"", ""  65.621""], ["" 127.177"", "" 129.015"", ""  63.571""], ["" 127.619"", "" 131.117"", ""  64.352""], ["" 127.046"", "" 130.364"", ""  63.563""], ["" 126.665"", "" 128.500"", ""  62.868""], ["" 126.141"", "" 131.000"", ""  62.481""], ["" 126.323"", "" 132.459"", ""  62.363""], ["" 127.582"", "" 132.815"", ""  61.691""], ["" 125.216"", "" 133.063"", ""  61.611""], ["" 127.849"", "" 134.331"", ""  61.831""], ["" 125.343"", "" 134.581"", ""  61.476""], ["" 126.616"", "" 135.185"", ""  61.535""], ["" 124.218"", "" 135.379"", ""  61.241""], ["" 126.724"", "" 136.567"", ""  61.347""], ["" 124.339"", "" 136.756"", ""  61.065""], ["" 125.596"", "" 137.351"", ""  61.116""], ["" 130.210"", "" 127.988"", ""  72.884""], ["" 130.499"", "" 129.183"", ""  72.978""], ["" 130.937"", "" 127.019"", ""  73.790""], ["" 132.336"", "" 126.971"", ""  73.768""], ["" 130.232"", "" 126.125"", ""  74.607""], ["" 133.021"", "" 126.073"", ""  74.581""], ["" 130.917"", "" 125.226"", ""  75.420""], ["" 132.313"", "" 125.206"", ""  75.414""], ["" 133.063"", "" 124.221"", ""  76.292""]]",[],RR20_Rahimova_2017
122,10652,RR20_Rahimova_2017-again1,receptor_tmp,1,19,-9.21,-0.2361538461538462,0.0,0.0,1,179.52,-11.0,-10.78,-0.22,-11.0,0.0,-2.08,1.79,-2.08,67,4,0.0,0.0,0.0,11.015245,11.448059,10.01685,0.54751583,-0.77580976,0.31360107,73.043732,"328.313965, 225.333481, 251.557922, 355.748016, 43.002502, 7.208369, ","[["" 128.936"", "" 124.111"", ""  62.103""], ["" 128.815"", "" 124.850"", ""  63.179""], ["" 129.785"", "" 124.679"", ""  64.063""], ["" 130.773"", "" 123.747"", ""  63.686""], ["" 132.051"", "" 123.305"", ""  64.368""], ["" 130.321"", "" 123.086"", ""  62.134""], ["" 128.095"", "" 124.013"", ""  61.026""], ["" 126.939"", "" 123.439"", ""  61.039""], ["" 126.281"", "" 122.928"", ""  61.965""], ["" 126.249"", "" 123.391"", ""  59.660""], ["" 125.551"", "" 124.751"", ""  59.368""], ["" 124.856"", "" 124.776"", ""  57.991""], ["" 126.508"", "" 125.955"", ""  59.547""], ["" 125.906"", "" 124.674"", ""  56.870""], ["" 127.370"", "" 126.212"", ""  58.304""], ["" 127.066"", "" 125.650"", ""  57.041""], ["" 128.479"", "" 127.058"", ""  58.415""], ["" 127.864"", "" 125.982"", ""  55.940""], ["" 129.271"", "" 127.367"", ""  57.312""], ["" 128.959"", "" 126.831"", ""  56.069""], ["" 124.819"", "" 124.842"", ""  60.060""], ["" 129.733"", "" 125.473"", ""  65.337""], ["" 130.348"", "" 125.001"", ""  66.504""], ["" 129.021"", "" 126.681"", ""  65.398""], ["" 130.281"", "" 125.724"", ""  67.696""], ["" 128.968"", "" 127.415"", ""  66.584""], ["" 129.634"", "" 126.966"", ""  67.724""], ["" 128.142"", "" 128.624"", ""  66.909""], ["" 129.367"", "" 127.831"", ""  68.809""], ["" 128.624"", "" 128.996"", ""  68.301""], ["" 130.040"", "" 127.877"", ""  69.996""], ["" 131.265"", "" 127.763"", ""  70.080""], ["" 129.260"", "" 128.046"", ""  71.281""], ["" 129.739"", "" 128.912"", ""  72.271""], ["" 128.097"", "" 127.304"", ""  71.522""], ["" 129.042"", "" 129.067"", ""  73.466""], ["" 127.400"", "" 127.459"", ""  72.717""], ["" 127.867"", "" 128.348"", ""  73.686""], ["" 127.112"", "" 128.511"", ""  74.993""]]",[],RR20_Rahimova_2017-again1
123,10550,RR21_Rahimova_2017,receptor_tmp,2,17,-10.04,-0.251,0.0,0.0,5,188.81,-11.83,-11.66,-0.17,-11.83,0.0,-1.46,1.79,-1.46,68,2,0.0,0.0,0.0,10.832675,14.476377,9.951993,-0.67377081,-0.56888632,0.47159437,206.5896,"271.537994, 213.760132, 67.838745, 312.278717, 123.470673, 204.02977, ","[["" 128.429"", "" 129.406"", ""  65.678""], ["" 127.275"", "" 129.775"", ""  65.076""], ["" 125.623"", "" 129.250"", ""  65.469""], ["" 125.005"", "" 130.288"", ""  64.193""], ["" 126.017"", "" 130.939"", ""  63.538""], ["" 127.285"", "" 130.708"", ""  63.958""], ["" 128.296"", "" 131.221"", ""  63.463""], ["" 123.768"", "" 130.475"", ""  63.848""], ["" 123.399"", "" 131.360"", ""  62.797""], ["" 124.569"", "" 132.029"", ""  62.128""], ["" 125.797"", "" 131.828"", ""  62.478""], ["" 122.253"", "" 131.607"", ""  62.425""], ["" 128.610"", "" 128.497"", ""  66.799""], ["" 129.035"", "" 127.149"", ""  66.782""], ["" 129.140"", "" 126.650"", ""  67.999""], ["" 128.793"", "" 127.629"", ""  68.848""], ["" 128.479"", "" 128.770"", ""  68.153""], ["" 129.360"", "" 126.294"", ""  65.596""], ["" 129.966"", "" 124.679"", ""  63.360""], ["" 130.162"", "" 124.202"", ""  64.660""], ["" 129.465"", "" 125.981"", ""  63.191""], ["" 129.864"", "" 125.000"", ""  65.765""], ["" 129.168"", "" 126.777"", ""  64.296""], ["" 130.648"", "" 122.955"", ""  64.858""], ["" 130.282"", "" 123.827"", ""  62.319""], ["" 129.275"", "" 122.967"", ""  61.792""], ["" 128.814"", "" 127.433"", ""  70.253""], ["" 129.977"", "" 127.690"", ""  70.995""], ["" 127.663"", "" 126.979"", ""  70.911""], ["" 129.985"", "" 127.499"", ""  72.375""], ["" 127.673"", "" 126.789"", ""  72.290""], ["" 128.833"", "" 127.050"", ""  73.016""], ["" 124.295"", "" 132.991"", ""  60.965""], ["" 125.040"", "" 134.321"", ""  61.059""], ["" 124.340"", "" 135.525"", ""  60.939""], ["" 126.418"", "" 134.335"", ""  61.296""], ["" 125.018"", "" 136.737"", ""  61.043""], ["" 127.095"", "" 135.547"", ""  61.400""], ["" 126.395"", "" 136.749"", ""  61.269""], ["" 127.127"", "" 138.073"", ""  61.392""]]",[],RR21_Rahimova_2017
124,10811,RR22_Rahimova_2017,receptor_tmp,1,3,-9.48,-0.29625,0.0,0.0,20,188.42,-10.07,-9.83,-0.25,-10.07,0.0,-0.63,0.6,-0.63,43,8,0.0,0.0,0.0,9.708325,15.121695,4.169882,-0.67297378,0.64556862,-0.36103662,107.174072,"261.24353, 23.690639, ","[["" 123.390"", "" 130.758"", ""  55.383""], ["" 124.229"", "" 130.809"", ""  56.279""], ["" 124.020"", "" 130.673"", ""  57.641""], ["" 126.008"", "" 131.086"", ""  56.019""], ["" 126.336"", "" 131.157"", ""  57.757""], ["" 125.123"", "" 130.697"", ""  58.552""], ["" 125.300"", "" 129.362"", ""  59.143""], ["" 125.960"", "" 129.301"", ""  60.412""], ["" 125.239"", "" 130.217"", ""  61.376""], ["" 125.141"", "" 129.997"", ""  62.754""], ["" 124.490"", "" 130.921"", ""  63.573""], ["" 123.945"", "" 132.082"", ""  63.024""], ["" 124.056"", "" 132.327"", ""  61.655""], ["" 124.706"", "" 131.403"", ""  60.837""], ["" 124.815"", "" 131.736"", ""  59.486""], ["" 126.028"", "" 127.801"", ""  60.612""], ["" 126.105"", "" 127.346"", ""  59.151""], ["" 125.693"", "" 128.264"", ""  58.360""], ["" 127.465"", "" 131.624"", ""  58.339""], ["" 123.087"", "" 130.599"", ""  58.015""], ["" 128.712"", "" 132.080"", ""  57.694""], ["" 129.988"", "" 131.739"", ""  58.163""], ["" 128.637"", "" 132.905"", ""  56.565""], ["" 131.123"", "" 132.208"", ""  57.500""], ["" 129.730"", "" 133.373"", ""  55.908""], ["" 130.951"", "" 133.019"", ""  56.379""], ["" 126.573"", "" 126.003"", ""  58.757""], ["" 126.382"", "" 124.903"", ""  59.606""], ["" 127.214"", "" 125.811"", ""  57.523""], ["" 126.825"", "" 123.638"", ""  59.229""], ["" 127.657"", "" 124.546"", ""  57.148""], ["" 127.460"", "" 123.465"", ""  58.003""]]",[],RR22_Rahimova_2017
125,10715,RR23_Rahimova_2017,receptor_tmp,1,16,-10.02,-0.2505,0.0,0.0,7,189.26,-11.51,-11.58,0.08,-11.51,0.0,-2.37,1.49,-2.37,54,1,0.0,0.0,0.0,13.366691,13.809083,0.719863,0.19107868,0.59634594,0.77965406,255.994659,"191.210617, 281.061707, 160.934311, 229.611038, 173.961929, ","[["" 128.644"", "" 128.251"", ""  57.501""], ["" 128.013"", "" 127.399"", ""  58.414""], ["" 127.791"", "" 126.057"", ""  58.102""], ["" 128.152"", "" 125.562"", ""  56.842""], ["" 128.095"", "" 124.247"", ""  56.327""], ["" 128.624"", "" 124.264"", ""  54.953""], ["" 129.335"", "" 125.596"", ""  54.785""], ["" 128.834"", "" 126.392"", ""  55.951""], ["" 129.075"", "" 127.728"", ""  56.272""], ["" 128.888"", "" 129.716"", ""  57.893""], ["" 127.677"", "" 131.103"", ""  61.890""], ["" 127.810"", "" 131.697"", ""  60.680""], ["" 127.921"", "" 129.921"", ""  62.140""], ["" 128.187"", "" 131.135"", ""  59.500""], ["" 128.623"", "" 129.957"", ""  59.296""], ["" 128.024"", "" 132.198"", ""  58.072""], ["" 128.140"", "" 130.745"", ""  57.013""], ["" 127.553"", "" 132.672"", ""  60.643""], ["" 126.724"", "" 130.353"", ""  56.541""], ["" 127.170"", "" 132.013"", ""  63.022""], ["" 126.693"", "" 133.288"", ""  62.442""], ["" 124.492"", "" 132.590"", ""  62.452""], ["" 125.346"", "" 133.446"", ""  62.202""], ["" 125.030"", "" 134.800"", ""  61.610""], ["" 127.679"", "" 134.232"", ""  62.185""], ["" 123.709"", "" 135.148"", ""  61.301""], ["" 126.066"", "" 135.706"", ""  61.378""], ["" 127.393"", "" 135.389"", ""  61.678""], ["" 123.436"", "" 136.404"", ""  60.757""], ["" 125.790"", "" 136.963"", ""  60.835""], ["" 124.474"", "" 137.309"", ""  60.525""], ["" 127.294"", "" 123.234"", ""  56.773""], ["" 127.151"", "" 122.172"", ""  56.162""], ["" 126.526"", "" 123.409"", ""  58.063""], ["" 125.185"", "" 123.806"", ""  58.018""], ["" 127.151"", "" 123.236"", ""  59.306""], ["" 124.467"", "" 123.991"", ""  59.197""], ["" 126.433"", "" 123.421"", ""  60.484""], ["" 125.088"", "" 123.790"", ""  60.430""], ["" 124.309"", "" 124.000"", ""  61.716""]]",[],RR23_Rahimova_2017
126,6008,RR24_Rahimova_2017,receptor_tmp,1,15,-10.49,-0.2331111111111111,0.0,0.0,9,186.61,-11.98,-11.91,-0.08,-11.98,0.0,-1.92,1.49,-1.92,70,10,0.0,0.0,0.0,8.776312,14.158828,5.773583,0.33177883,-0.1560012,0.93036898,150.009644,"151.079742, 94.266075, 283.848114, 217.557083, 258.861481, ","[["" 123.511"", "" 130.992"", ""  61.728""], ["" 124.338"", "" 130.508"", ""  60.740""], ["" 126.020"", "" 129.565"", ""  58.725""], ["" 125.037"", "" 130.513"", ""  58.431""], ["" 126.169"", "" 129.100"", ""  60.036""], ["" 124.200"", "" 130.988"", ""  59.436""], ["" 125.333"", "" 129.576"", ""  61.043""], ["" 126.927"", "" 129.031"", ""  57.609""], ["" 128.960"", "" 123.928"", ""  58.689""], ["" 128.447"", "" 124.957"", ""  58.246""], ["" 127.091"", "" 125.239"", ""  58.197""], ["" 129.245"", "" 126.009"", ""  57.914""], ["" 126.490"", "" 126.477"", ""  58.042""], ["" 128.759"", "" 127.266"", ""  57.751""], ["" 125.269"", "" 126.662"", ""  58.061""], ["" 127.437"", "" 127.575"", ""  57.824""], ["" 129.725"", "" 128.211"", ""  57.501""], ["" 129.399"", "" 129.531"", ""  57.304""], ["" 128.128"", "" 129.969"", ""  57.343""], ["" 130.316"", "" 130.626"", ""  57.036""], ["" 128.115"", "" 131.405"", ""  57.087""], ["" 129.537"", "" 131.768"", ""  56.906""], ["" 131.704"", "" 130.695"", ""  56.906""], ["" 127.111"", "" 132.114"", ""  57.043""], ["" 130.130"", "" 133.003"", ""  56.641""], ["" 132.304"", "" 131.929"", ""  56.642""], ["" 131.519"", "" 133.079"", ""  56.509""], ["" 126.177"", "" 124.108"", ""  58.461""], ["" 130.231"", "" 125.819"", ""  57.818""], ["" 130.694"", "" 127.925"", ""  57.460""], ["" 123.827"", "" 130.775"", ""  63.039""], ["" 123.340"", "" 129.895"", ""  63.756""], ["" 124.921"", "" 131.754"", ""  63.558""], ["" 126.318"", "" 131.122"", ""  63.622""], ["" 124.924"", "" 133.048"", ""  62.815""], ["" 126.045"", "" 133.729"", ""  62.426""], ["" 123.764"", "" 133.679"", ""  62.475""], ["" 125.547"", "" 134.947"", ""  61.740""], ["" 127.219"", "" 133.404"", ""  62.610""], ["" 124.179"", "" 134.917"", ""  61.770""], ["" 122.613"", "" 133.302"", ""  62.704""], ["" 126.233"", "" 136.004"", ""  61.140""], ["" 123.422"", "" 135.941"", ""  61.200""], ["" 125.491"", "" 137.040"", ""  60.562""], ["" 124.091"", "" 137.009"", ""  60.591""]]",[],RR24_Rahimova_2017
127,10631,RR24_Rahimova_2017-again1,receptor_tmp,1,14,-9.24,-0.21488372093023256,0.0,0.0,1,189.68,-10.74,-9.4,-1.34,-10.74,0.0,-1.36,1.49,-1.36,64,4,0.0,0.0,0.0,11.529621,12.351278,17.535098,0.72583936,-0.03801133,-0.6868132,164.078964,"202.406036, 104.549644, 56.778893, 265.069366, 316.556061, ","[["" 129.275"", "" 127.177"", ""  69.444""], ["" 129.279"", "" 127.522"", ""  70.776""], ["" 129.288"", "" 128.273"", ""  73.465""], ["" 130.404"", "" 128.526"", ""  72.660""], ["" 128.164"", "" 127.649"", ""  72.914""], ["" 130.399"", "" 128.156"", ""  71.319""], ["" 128.157"", "" 127.280"", ""  71.572""], ["" 129.289"", "" 128.679"", ""  74.945""], ["" 130.107"", "" 125.381"", ""  77.545""], ["" 131.111"", "" 125.791"", ""  76.669""], ["" 128.961"", "" 125.962"", ""  77.599""], ["" 130.947"", "" 126.855"", ""  75.804""], ["" 128.704"", "" 127.013"", ""  76.766""], ["" 131.818"", "" 127.265"", ""  75.030""], ["" 129.628"", "" 127.491"", ""  75.875""], ["" 127.448"", "" 127.520"", ""  76.917""], ["" 127.081"", "" 128.593"", ""  76.324""], ["" 127.928"", "" 129.282"", ""  75.364""], ["" 125.848"", "" 129.352"", ""  76.445""], ["" 127.270"", "" 130.397"", ""  74.977""], ["" 125.964"", "" 130.469"", ""  75.631""], ["" 124.691"", "" 129.149"", ""  77.201""], ["" 124.920"", "" 131.400"", ""  75.558""], ["" 123.647"", "" 130.074"", ""  77.130""], ["" 123.762"", "" 131.198"", ""  76.310""], ["" 130.226"", "" 124.436"", ""  78.343""], ["" 132.440"", "" 125.141"", ""  76.583""], ["" 127.718"", "" 131.263"", ""  74.133""], ["" 128.085"", "" 127.030"", ""  68.789""], ["" 127.085"", "" 126.461"", ""  69.243""], ["" 128.090"", "" 127.691"", ""  67.380""], ["" 128.466"", "" 129.178"", ""  67.407""], ["" 128.910"", "" 126.924"", ""  66.397""], ["" 129.688"", "" 125.840"", ""  66.699""], ["" 128.957"", "" 127.273"", ""  65.080""], ["" 130.304"", "" 125.428"", ""  65.413""], ["" 129.847"", "" 125.318"", ""  67.803""], ["" 129.867"", "" 126.288"", ""  64.443""], ["" 128.368"", "" 128.207"", ""  64.532""], ["" 131.182"", "" 124.386"", ""  65.111""], ["" 130.282"", "" 126.152"", ""  63.117""], ["" 131.609"", "" 124.232"", ""  63.788""], ["" 131.160"", "" 125.112"", ""  62.795""]]",[],RR24_Rahimova_2017-again1
128,10754,RR25_Rahimova_2017,receptor_tmp,1,16,-10.36,-0.26564102564102565,0.0,0.0,4,188.89,-11.85,-11.63,-0.22,-11.85,0.0,-1.08,1.49,-1.08,53,10,0.0,0.0,0.0,13.725769,13.937619,6.822001,0.71614193,0.44830723,0.53494053,177.982452,"277.893921, 113.8433, 330.624176, 72.927147, 336.598419, ","[["" 127.130"", "" 126.524"", ""  61.306""], ["" 127.260"", "" 127.879"", ""  61.429""], ["" 128.573"", "" 128.556"", ""  61.485""], ["" 128.484"", "" 129.745"", ""  62.464""], ["" 127.391"", "" 130.653"", ""  62.105""], ["" 126.113"", "" 129.942"", ""  62.167""], ["" 126.079"", "" 128.740"", ""  61.193""], ["" 126.053"", "" 126.004"", ""  60.999""], ["" 128.278"", "" 125.544"", ""  61.685""], ["" 132.365"", "" 124.429"", ""  64.112""], ["" 132.006"", "" 123.080"", ""  63.976""], ["" 131.424"", "" 125.411"", ""  63.761""], ["" 130.749"", "" 122.719"", ""  63.496""], ["" 130.156"", "" 125.066"", ""  63.284""], ["" 129.834"", "" 123.709"", ""  63.140""], ["" 129.109"", "" 126.089"", ""  62.881""], ["" 128.603"", "" 123.281"", ""  62.679""], ["" 127.844"", "" 124.057"", ""  61.838""], ["" 126.884"", "" 123.500"", ""  61.302""], ["" 133.707"", "" 124.810"", ""  64.617""], ["" 134.573"", "" 125.123"", ""  63.804""], ["" 133.904"", "" 124.799"", ""  65.828""], ["" 127.387"", "" 131.852"", ""  62.953""], ["" 128.552"", "" 132.825"", ""  62.627""], ["" 129.215"", "" 132.635"", ""  61.304""], ["" 128.465"", "" 132.972"", ""  60.196""], ["" 130.498"", "" 132.134"", ""  61.355""], ["" 129.145"", "" 132.700"", ""  58.868""], ["" 127.325"", "" 133.442"", ""  60.264""], ["" 131.133"", "" 131.885"", ""  60.001""], ["" 131.088"", "" 131.890"", ""  62.415""], ["" 128.462"", "" 132.977"", ""  57.676""], ["" 130.456"", "" 132.163"", ""  58.786""], ["" 132.428"", "" 131.352"", ""  59.936""], ["" 129.053"", "" 132.733"", ""  56.438""], ["" 131.069"", "" 131.911"", ""  57.527""], ["" 133.038"", "" 131.103"", ""  58.708""], ["" 130.341"", "" 132.207"", ""  56.351""], ["" 132.378"", "" 131.372"", ""  57.511""]]",[],RR25_Rahimova_2017
129,10664,RR26_Rahimova_2017,receptor_tmp,2,12,-9.64,-0.2536842105263158,0.0,0.0,5,185.8,-10.84,-10.68,-0.16,-10.84,0.0,-1.53,1.19,-1.53,84,3,0.0,0.0,0.0,11.81336,11.800645,9.206824,-0.85047495,0.01476988,-0.52580816,155.33519,"216.037079, 274.252869, 195.149612, 53.750656, ","[["" 128.239"", "" 127.811"", ""  60.997""], ["" 128.243"", "" 126.658"", ""  61.434""], ["" 128.600"", "" 126.179"", ""  62.766""], ["" 128.435"", "" 124.389"", ""  62.917""], ["" 128.988"", "" 127.058"", ""  63.716""], ["" 127.881"", "" 125.528"", ""  60.684""], ["" 127.923"", "" 124.319"", ""  61.272""], ["" 127.560"", "" 123.378"", ""  60.443""], ["" 127.294"", "" 124.070"", ""  59.339""], ["" 127.477"", "" 125.379"", ""  59.419""], ["" 129.374"", "" 126.779"", ""  65.091""], ["" 130.261"", "" 125.790"", ""  65.574""], ["" 128.906"", "" 127.379"", ""  66.250""], ["" 130.332"", "" 125.793"", ""  66.890""], ["" 129.517"", "" 126.771"", ""  67.316""], ["" 131.071"", "" 124.809"", ""  64.785""], ["" 130.693"", "" 123.458"", ""  64.729""], ["" 132.214"", "" 125.226"", ""  64.086""], ["" 131.444"", "" 122.535"", ""  63.999""], ["" 132.962"", "" 124.308"", ""  63.352""], ["" 132.584"", "" 122.957"", ""  63.319""], ["" 134.108"", "" 124.763"", ""  62.730""], ["" 133.270"", "" 122.021"", ""  62.571""], ["" 134.613"", "" 123.885"", ""  61.718""], ["" 134.599"", "" 122.419"", ""  62.215""], ["" 129.348"", "" 127.044"", ""  68.698""], ["" 128.149"", "" 126.723"", ""  69.352""], ["" 130.391"", "" 127.641"", ""  69.422""], ["" 127.995"", "" 127.000"", ""  70.708""], ["" 130.235"", "" 127.914"", ""  70.778""], ["" 129.038"", "" 127.594"", ""  71.414""], ["" 126.839"", "" 123.412"", ""  58.069""], ["" 127.823"", "" 122.857"", ""  57.236""], ["" 125.485"", "" 123.320"", ""  57.676""], ["" 127.479"", "" 122.217"", ""  56.047""], ["" 125.153"", "" 122.675"", ""  56.479""], ["" 126.143"", "" 122.123"", ""  55.670""], ["" 124.362"", "" 123.943"", ""  58.496""]]",[],RR26_Rahimova_2017
130,6075,RR27_Rahimova_2017,receptor_tmp,1,6,-9.95,-0.24874999999999997,0.0,0.0,2,187.14,-12.04,-11.85,-0.19,-12.04,0.0,-2.67,2.09,-2.67,60,7,0.0,0.0,0.0,13.215627,8.380944,3.657229,0.79071018,-0.27610946,-0.54638903,263.614105,"101.912949, 101.336273, 105.710884, 290.229889, 209.745514, 18.744585, 4.845583, ","[["" 125.089"", "" 124.082"", ""  59.776""], ["" 125.917"", "" 124.553"", ""  58.803""], ["" 127.262"", "" 124.574"", ""  59.037""], ["" 127.891"", "" 124.183"", ""  60.182""], ["" 127.058"", "" 123.719"", ""  61.117""], ["" 125.655"", "" 123.638"", ""  60.987""], ["" 125.132"", "" 123.117"", ""  62.134""], ["" 126.188"", "" 122.871"", ""  62.992""], ["" 127.338"", "" 123.226"", ""  62.381""], ["" 123.726"", "" 124.007"", ""  59.657""], ["" 123.296"", "" 124.856"", ""  59.783""], ["" 128.149"", "" 125.087"", ""  57.889""], ["" 127.542"", "" 126.272"", ""  57.071""], ["" 129.620"", "" 125.374"", ""  58.324""], ["" 128.517"", "" 126.824"", ""  56.008""], ["" 130.480"", "" 125.994"", ""  57.194""], ["" 129.758"", "" 127.181"", ""  56.711""], ["" 129.969"", "" 128.396"", ""  57.294""], ["" 130.920"", "" 128.592"", ""  58.056""], ["" 129.104"", "" 129.617"", ""  56.864""], ["" 129.887"", "" 130.943"", ""  56.867""], ["" 131.050"", "" 131.118"", ""  56.102""], ["" 129.421"", "" 132.002"", ""  57.656""], ["" 131.732"", "" 132.332"", ""  56.126""], ["" 130.103"", "" 133.215"", ""  57.680""], ["" 131.254"", "" 133.375"", ""  56.915""], ["" 127.758"", "" 129.655"", ""  57.613""], ["" 126.657"", "" 130.365"", ""  57.114""], ["" 127.644"", "" 128.986"", ""  58.838""], ["" 125.458"", "" 130.388"", ""  57.822""], ["" 126.447"", "" 129.009"", ""  59.545""], ["" 125.358"", "" 129.708"", ""  59.033""], ["" 128.617"", "" 123.095"", ""  63.074""], ["" 129.704"", "" 122.438"", ""  62.234""], ["" 130.857"", "" 123.153"", ""  61.888""], ["" 129.550"", "" 121.122"", ""  61.788""], ["" 131.844"", "" 122.557"", ""  61.102""], ["" 130.542"", "" 120.524"", ""  61.009""], ["" 131.689"", "" 121.240"", ""  60.668""], ["" 133.252"", "" 123.454"", ""  60.659""]]",[],RR27_Rahimova_2017
131,6164,RR27_Rahimova_2017-again1,receptor_tmp,1,8,-10.81,-0.27025,0.0,0.0,10,188.35,-12.6,-12.38,-0.22,-12.6,0.0,-3.13,1.79,-3.13,52,5,0.0,0.0,0.0,12.292316,14.886181,5.830462,0.33341886,0.14481693,0.93158999,257.519196,"265.887573, 331.578857, 296.453369, 67.635956, 284.184052, 129.788818, ","[["" 132.532"", "" 131.479"", ""  55.466""], ["" 131.837"", "" 131.294"", ""  56.463""], ["" 131.952"", "" 130.152"", ""  57.227""], ["" 131.233"", "" 129.808"", ""  58.368""], ["" 130.329"", "" 130.598"", ""  58.856""], ["" 130.136"", "" 131.761"", ""  58.176""], ["" 130.806"", "" 132.164"", ""  57.030""], ["" 130.364"", "" 133.342"", ""  56.628""], ["" 129.377"", "" 133.744"", ""  57.522""], ["" 129.268"", "" 132.784"", ""  58.456""], ["" 132.644"", "" 129.493"", ""  56.901""], ["" 131.539"", "" 128.465"", ""  59.038""], ["" 130.449"", "" 128.020"", ""  60.068""], ["" 131.992"", "" 127.381"", ""  58.009""], ["" 130.341"", "" 126.497"", ""  60.315""], ["" 131.748"", "" 125.907"", ""  58.420""], ["" 130.403"", "" 125.827"", ""  59.008""], ["" 129.318"", "" 125.634"", ""  58.204""], ["" 129.449"", "" 125.289"", ""  57.025""], ["" 127.881"", "" 125.661"", ""  58.807""], ["" 126.924"", "" 124.685"", ""  58.098""], ["" 125.588"", "" 125.017"", ""  57.826""], ["" 127.406"", "" 123.428"", ""  57.711""], ["" 124.754"", "" 124.109"", ""  57.180""], ["" 126.572"", "" 122.520"", ""  57.066""], ["" 125.249"", "" 122.863"", ""  56.805""], ["" 127.330"", "" 127.095"", ""  58.923""], ["" 127.427"", "" 128.004"", ""  57.859""], ["" 126.743"", "" 127.511"", ""  60.125""], ["" 126.940"", "" 129.302"", ""  57.993""], ["" 126.249"", "" 128.806"", ""  60.256""], ["" 126.351"", "" 129.696"", ""  59.191""], ["" 128.295"", "" 132.895"", ""  59.535""], ["" 128.861"", "" 132.529"", ""  60.899""], ["" 130.224"", "" 132.246"", ""  61.048""], ["" 128.020"", "" 132.474"", ""  62.016""], ["" 130.741"", "" 131.921"", ""  62.302""], ["" 128.539"", "" 132.148"", ""  63.270""], ["" 129.898"", "" 131.873"", ""  63.413""], ["" 132.424"", "" 131.585"", ""  62.481""]]",[],RR27_Rahimova_2017-again1
132,10730,RR28_Rahimova_2017,receptor_tmp,1,9,-8.86,-0.18458333333333332,0.0,0.0,1,183.31,-11.55,-11.27,-0.28,-11.55,0.0,-2.52,2.68,-2.52,87,6,0.0,0.0,0.0,12.028275,16.832718,4.971431,-0.48466242,0.75745307,-0.43745535,274.35379,"96.051819, 9.951711, 345.746063, 57.455395, 96.759941, 108.072922, 127.116432, 191.040054, 358.10733, ","[["" 131.789"", "" 131.173"", ""  57.359""], ["" 130.654"", "" 132.224"", ""  57.307""], ["" 130.922"", "" 133.399"", ""  57.567""], ["" 129.432"", "" 131.849"", ""  56.838""], ["" 128.317"", "" 132.811"", ""  56.816""], ["" 128.993"", "" 130.447"", ""  56.802""], ["" 127.536"", "" 132.606"", ""  58.139""], ["" 128.207"", "" 130.183"", ""  58.112""], ["" 126.991"", "" 131.144"", ""  58.319""], ["" 126.372"", "" 130.875"", ""  59.721""], ["" 126.056"", "" 129.559"", ""  60.093""], ["" 126.107"", "" 131.907"", ""  60.634""], ["" 125.497"", "" 129.282"", ""  61.336""], ["" 125.547"", "" 131.631"", ""  61.879""], ["" 125.239"", "" 130.316"", ""  62.238""], ["" 124.620"", "" 129.993"", ""  63.597""], ["" 123.335"", "" 129.647"", ""  63.500""], ["" 125.275"", "" 128.987"", ""  64.176""], ["" 124.703"", "" 131.067"", ""  64.383""], ["" 125.966"", "" 130.842"", ""  57.294""], ["" 124.666"", "" 131.199"", ""  57.285""], ["" 124.124"", "" 131.853"", ""  58.174""], ["" 126.305"", "" 130.323"", ""  56.498""], ["" 123.850"", "" 130.746"", ""  56.079""], ["" 132.419"", "" 130.925"", ""  58.757""], ["" 131.500"", "" 130.208"", ""  59.774""], ["" 130.626"", "" 129.256"", ""  59.341""], ["" 131.499"", "" 130.614"", ""  60.939""], ["" 130.790"", "" 128.524"", ""  58.079""], ["" 129.824"", "" 128.496"", ""  60.309""], ["" 131.722"", "" 127.330"", ""  58.381""], ["" 130.666"", "" 127.256"", ""  60.713""], ["" 131.223"", "" 126.380"", ""  59.525""], ["" 130.150"", "" 125.426"", ""  58.907""], ["" 129.666"", "" 125.572"", ""  57.596""], ["" 129.629"", "" 124.381"", ""  59.686""], ["" 128.709"", "" 124.700"", ""  57.083""], ["" 128.673"", "" 123.507"", ""  59.177""], ["" 128.209"", "" 123.660"", ""  57.870""], ["" 127.162"", "" 122.692"", ""  57.320""], ["" 126.097"", "" 122.646"", ""  58.123""], ["" 126.770"", "" 123.110"", ""  56.117""], ["" 127.638"", "" 121.452"", ""  57.199""], ["" 132.351"", "" 125.543"", ""  59.986""], ["" 133.189"", "" 124.793"", ""  59.242""], ["" 133.134"", "" 124.709"", ""  58.016""], ["" 132.472"", "" 125.509"", ""  60.987""], ["" 134.256"", "" 124.014"", ""  60.004""]]",[],RR28_Rahimova_2017
133,6022,RR29_Rahimova_2017,receptor_tmp,2,11,-7.36,-0.32,0.0,0.0,6,190.7,-8.55,-6.41,-2.15,-8.55,0.0,-0.15,1.19,-0.15,50,12,0.0,0.0,0.0,11.762372,15.154198,7.691995,0.74273838,0.03215236,-0.66880933,124.453911,"308.864532, 43.833752, 163.67305, 41.302719, ","[["" 127.489"", "" 133.230"", ""  63.451""], ["" 128.063"", "" 131.827"", ""  63.585""], ["" 128.094"", "" 131.285"", ""  64.747""], ["" 128.532"", "" 131.235"", ""  62.238""], ["" 129.932"", "" 131.752"", ""  61.845""], ["" 129.996"", "" 132.195"", ""  60.391""], ["" 131.122"", "" 131.878"", ""  59.610""], ["" 128.927"", "" 132.920"", ""  59.828""], ["" 131.129"", "" 132.297"", ""  58.284""], ["" 128.966"", "" 133.339"", ""  58.491""], ["" 132.100"", "" 132.140"", ""  57.347""], ["" 130.090"", "" 133.002"", ""  57.745""], ["" 131.539"", "" 132.585"", ""  56.141""], ["" 130.378"", "" 133.309"", ""  56.452""], ["" 128.533"", "" 129.984"", ""  64.858""], ["" 127.918"", "" 129.044"", ""  65.594""], ["" 126.800"", "" 129.235"", ""  66.295""], ["" 128.460"", "" 127.835"", ""  65.628""], ["" 129.386"", "" 129.750"", ""  64.371""], ["" 126.226"", "" 128.448"", ""  66.561""], ["" 126.526"", "" 130.174"", ""  66.549""], ["" 129.435"", "" 127.712"", ""  65.399""], ["" 127.896"", "" 127.039"", ""  65.889""]]",[],RR29_Rahimova_2017
134,10545,RR29_Rahimova_2017-again1,receptor_tmp,1,11,-6.74,-0.3063636363636364,0.0,0.0,20,190.92,-7.93,-7.69,-0.25,-7.93,0.0,-0.66,1.19,-0.66,44,10,0.0,0.0,0.0,11.771322,16.027897,6.4892,-0.27915716,-0.59295967,0.75529472,210.41835,"346.420959, 292.031799, 195.959076, 342.269684, ","[["" 128.932"", "" 132.252"", ""  64.701""], ["" 129.356"", "" 132.188"", ""  63.241""], ["" 130.600"", "" 132.317"", ""  62.942""], ["" 128.183"", "" 131.946"", ""  62.271""], ["" 127.930"", "" 133.174"", ""  61.371""], ["" 128.190"", "" 132.874"", ""  59.902""], ["" 129.372"", "" 133.328"", ""  59.291""], ["" 127.246"", "" 132.142"", ""  59.157""], ["" 129.567"", "" 133.022"", ""  57.949""], ["" 127.464"", "" 131.856"", ""  57.802""], ["" 130.601"", "" 133.367"", ""  57.138""], ["" 128.646"", "" 132.313"", ""  57.230""], ["" 130.396"", "" 132.663"", ""  55.943""], ["" 129.074"", "" 132.192"", ""  55.946""], ["" 130.922"", "" 132.228"", ""  61.692""], ["" 131.926"", "" 131.487"", ""  61.393""], ["" 132.754"", "" 130.736"", ""  62.273""], ["" 132.345"", "" 131.327"", ""  60.055""], ["" 132.610"", "" 130.733"", ""  63.272""], ["" 133.530"", "" 130.181"", ""  61.946""], ["" 131.879"", "" 131.789"", ""  59.288""], ["" 133.134"", "" 130.753"", ""  59.798""]]",[],RR29_Rahimova_2017-again1
135,5956,RR2_Rahimova_2017,receptor_tmp,1,14,-10.09,-0.20591836734693877,0.0,0.0,3,186.0,-13.67,-13.39,-0.29,-13.67,0.0,-5.19,3.58,-5.19,65,12,0.0,0.0,0.0,10.231644,13.281075,2.765021,-0.4089518,0.70960913,-0.57377112,160.674255,"149.880264, 99.614311, 34.958546, 10.563491, 242.746384, 136.025467, 160.500717, 272.766815, 240.435989, 65.846848, 137.711136, 1.805614, ","[["" 127.301"", "" 122.879"", ""  56.500""], ["" 128.109"", "" 124.427"", ""  56.777""], ["" 129.132"", "" 126.124"", ""  57.675""], ["" 129.125"", "" 126.308"", ""  56.376""], ["" 128.501"", "" 124.935"", ""  58.001""], ["" 128.455"", "" 125.234"", ""  55.806""], ["" 129.751"", "" 127.085"", ""  58.638""], ["" 130.922"", "" 128.888"", ""  60.427""], ["" 131.507"", "" 128.656"", ""  59.177""], ["" 129.754"", "" 128.210"", ""  60.777""], ["" 130.919"", "" 127.765"", ""  58.285""], ["" 129.168"", "" 127.314"", ""  59.887""], ["" 131.476"", "" 129.766"", ""  61.371""], ["" 131.682"", "" 129.400"", ""  62.289""], ["" 131.802"", "" 131.490"", ""  61.080""], ["" 133.217"", "" 131.574"", ""  60.699""], ["" 131.285"", "" 132.250"", ""  62.224""], ["" 130.849"", "" 131.908"", ""  59.622""], ["" 129.341"", "" 132.585"", ""  57.384""], ["" 130.703"", "" 132.308"", ""  57.248""], ["" 128.736"", "" 132.530"", ""  58.642""], ["" 131.458"", "" 131.966"", ""  58.367""], ["" 129.490"", "" 132.189"", ""  59.761""], ["" 128.522"", "" 132.973"", ""  56.166""], ["" 128.335"", "" 124.351"", ""  59.275""], ["" 129.200"", "" 123.340"", ""  59.696""], ["" 127.307"", "" 124.794"", ""  60.110""], ["" 129.033"", "" 122.772"", ""  60.956""], ["" 127.143"", "" 124.221"", ""  61.367""], ["" 128.009"", "" 123.203"", ""  61.800""], ["" 127.922"", "" 122.579"", ""  63.029""], ["" 129.001"", "" 122.704"", ""  63.950""], ["" 125.547"", "" 123.392"", ""  56.601""], ["" 125.228"", "" 124.402"", ""  57.712""], ["" 125.933"", "" 125.551"", ""  57.672""], ["" 124.361"", "" 124.134"", ""  58.549""], ["" 126.453"", "" 125.857"", ""  56.862""], ["" 125.531"", "" 126.597"", ""  58.496""], ["" 126.168"", "" 127.785"", ""  58.376""], ["" 127.129"", "" 127.979"", ""  57.623""], ["" 124.546"", "" 126.545"", ""  58.713""], ["" 125.622"", "" 128.917"", ""  59.224""], ["" 125.866"", "" 128.930"", ""  60.605""], ["" 124.870"", "" 129.961"", ""  58.665""], ["" 125.380"", "" 129.961"", ""  61.403""], ["" 124.384"", "" 130.991"", ""  59.466""], ["" 124.635"", "" 131.004"", ""  60.836""], ["" 124.116"", "" 132.070"", ""  61.548""], ["" 122.839"", "" 131.939"", ""  62.163""]]",[],RR2_Rahimova_2017
136,5920,RR30_Rahimova_2017,receptor_tmp,1,13,-6.84,-0.36,0.0,0.0,11,192.25,-8.33,-8.1,-0.23,-8.33,0.0,-0.66,1.49,-0.66,26,6,0.0,0.0,0.0,14.621218,15.25838,3.49457,-0.30860246,0.76792292,0.56130109,125.268242,"196.006058, 140.951614, 129.905624, 275.573853, 149.273605, ","[["" 131.961"", "" 129.981"", ""  57.907""], ["" 131.119"", "" 130.526"", ""  59.064""], ["" 129.915"", "" 130.727"", ""  58.890""], ["" 131.788"", "" 130.784"", ""  60.210""], ["" 132.781"", "" 130.606"", ""  60.223""], ["" 131.245"", "" 131.282"", ""  61.386""], ["" 131.862"", "" 131.894"", ""  62.371""], ["" 129.537"", "" 131.100"", ""  61.638""], ["" 130.994"", "" 132.254"", ""  63.395""], ["" 129.748"", "" 131.910"", ""  63.166""], ["" 128.621"", "" 132.190"", ""  64.133""], ["" 132.391"", "" 131.275"", ""  56.700""], ["" 130.905"", "" 132.224"", ""  56.731""], ["" 130.697"", "" 133.362"", ""  57.343""], ["" 129.804"", "" 131.766"", ""  56.082""], ["" 129.373"", "" 133.703"", ""  57.082""], ["" 128.891"", "" 132.735"", ""  56.343""], ["" 127.498"", "" 132.602"", ""  55.768""], ["" 126.707"", "" 131.458"", ""  56.419""]]",[],RR30_Rahimova_2017
137,10812,RR31_Rahimova_2017,receptor_tmp,1,9,-6.8,-0.3238095238095238,0.0,0.0,2,192.0,-8.29,-7.04,-1.25,-8.29,0.0,-0.2,1.49,-0.2,54,6,0.0,0.0,0.0,12.335788,18.583225,3.532555,0.91759078,0.26776292,-0.29381998,72.577126,"51.807274, 244.619171, 10.530644, 333.449249, 107.251244, ","[["" 131.491"", "" 132.896"", ""  56.552""], ["" 130.124"", "" 133.005"", ""  57.069""], ["" 127.652"", "" 132.089"", ""  58.413""], ["" 127.766"", "" 132.239"", ""  56.949""], ["" 128.697"", "" 132.884"", ""  59.090""], ["" 129.206"", "" 132.074"", ""  56.408""], ["" 130.112"", "" 132.691"", ""  58.498""], ["" 126.426"", "" 131.859"", ""  59.040""], ["" 124.903"", "" 132.268"", ""  60.913""], ["" 123.961"", "" 131.393"", ""  60.350""], ["" 126.120"", "" 132.488"", ""  60.257""], ["" 124.257"", "" 130.754"", ""  59.145""], ["" 125.472"", "" 130.981"", ""  58.502""], ["" 124.633"", "" 132.979"", ""  62.233""], ["" 122.622"", "" 131.125"", ""  61.024""], ["" 131.983"", "" 131.438"", ""  56.451""], ["" 132.619"", "" 130.945"", ""  57.761""], ["" 132.489"", "" 129.421"", ""  57.865""], ["" 132.756"", "" 129.112"", ""  58.789""], ["" 133.088"", "" 128.974"", ""  57.187""], ["" 131.534"", "" 129.139"", ""  57.692""]]",[],RR31_Rahimova_2017
138,10586,RR32_Rahimova_2017,receptor_tmp,1,10,-6.35,-0.35277777777777775,0.0,0.0,11,192.64,-6.65,-6.58,-0.06,-6.65,0.0,-0.31,0.3,-0.31,40,1,0.0,0.0,0.0,10.62579,19.150639,6.89684,0.27566623,0.08900572,0.95712387,326.531281,"10.12813, ","[["" 123.557"", "" 132.424"", ""  61.735""], ["" 124.836"", "" 133.244"", ""  61.599""], ["" 126.059"", "" 132.583"", ""  61.717""], ["" 127.247"", "" 133.298"", ""  61.596""], ["" 127.275"", "" 134.637"", ""  61.367""], ["" 126.099"", "" 135.310"", ""  61.250""], ["" 126.159"", "" 136.705"", ""  61.013""], ["" 124.988"", "" 137.445"", ""  60.885""], ["" 123.749"", "" 136.825"", ""  60.987""], ["" 123.654"", "" 135.456"", ""  61.219""], ["" 124.827"", "" 134.658"", ""  61.358""], ["" 128.458"", "" 132.639"", ""  61.714""], ["" 129.417"", "" 132.785"", ""  60.604""], ["" 129.181"", "" 132.787"", ""  62.992""], ["" 130.657"", "" 131.871"", ""  60.745""], ["" 130.426"", "" 131.875"", ""  63.098""], ["" 131.351"", "" 132.150"", ""  62.001""], ["" 132.538"", "" 131.310"", ""  62.119""]]",[],RR32_Rahimova_2017
139,6039,RR32_Rahimova_2017-again1,receptor_tmp,1,13,-6.58,-0.3463157894736842,0.0,0.0,5,192.27,-6.88,-5.51,-1.37,-6.88,0.0,-0.29,0.3,-0.29,39,1,0.0,0.0,0.0,10.793302,19.367134,6.764046,-0.71891043,0.02401156,-0.69468787,57.629856,"273.000397, ","[["" 123.678"", "" 132.621"", ""  61.932""], ["" 124.960"", "" 133.438"", ""  61.858""], ["" 126.180"", "" 132.865"", ""  62.216""], ["" 127.358"", "" 133.617"", ""  62.143""], ["" 127.343"", "" 134.921"", ""  61.751""], ["" 126.169"", "" 135.506"", ""  61.392""], ["" 126.193"", "" 136.858"", ""  60.975""], ["" 125.014"", "" 137.495"", ""  60.597""], ["" 123.802"", "" 136.814"", ""  60.625""], ["" 123.746"", "" 135.483"", ""  61.033""], ["" 124.928"", "" 134.798"", ""  61.425""], ["" 128.592"", "" 133.066"", ""  62.507""], ["" 128.710"", "" 132.239"", ""  63.725""], ["" 129.547"", "" 132.525"", ""  61.517""], ["" 128.371"", "" 130.752"", ""  63.468""], ["" 129.268"", "" 131.049"", ""  61.147""], ["" 129.364"", "" 130.195"", ""  62.428""], ["" 129.061"", "" 128.716"", ""  62.120""], ["" 130.299"", "" 130.279"", ""  62.801""]]",[],RR32_Rahimova_2017-again1
140,10557,RR32_Rahimova_2017-again2,receptor_tmp,3,4,-7.11,-0.35550000000000004,0.0,0.0,15,193.13,-7.41,-5.37,-2.04,-7.41,0.0,0.11,0.3,0.11,38,2,0.0,0.0,0.0,10.647878,19.382805,7.927056,-0.70814929,-0.03228508,-0.70532422,31.25165,"97.041191, ","[["" 123.782"", "" 132.568"", ""  61.906""], ["" 125.070"", "" 133.377"", ""  61.824""], ["" 126.296"", "" 132.777"", ""  62.126""], ["" 127.491"", "" 133.506"", ""  62.062""], ["" 127.420"", "" 134.801"", ""  61.692""], ["" 126.263"", "" 135.474"", ""  61.376""], ["" 126.301"", "" 136.836"", ""  61.001""], ["" 125.110"", "" 137.484"", ""  60.684""], ["" 123.896"", "" 136.804"", ""  60.736""], ["" 123.844"", "" 135.459"", ""  61.105""], ["" 125.034"", "" 134.753"", ""  61.438""], ["" 128.287"", "" 135.315"", ""  61.638""], ["" 128.781"", "" 132.932"", ""  62.349""], ["" 129.042"", "" 132.252"", ""  63.646""], ["" 129.613"", "" 132.274"", ""  61.309""], ["" 128.593"", "" 130.767"", ""  63.587""], ["" 129.192"", "" 130.792"", ""  61.121""], ["" 129.366"", "" 130.039"", ""  62.461""], ["" 128.905"", "" 128.574"", ""  62.334""], ["" 130.349"", "" 130.058"", ""  62.700""]]",[],RR32_Rahimova_2017-again2
141,6144,RR33_Rahimova_2017,receptor_tmp,1,19,-5.01,-0.2636842105263158,0.0,0.0,2,189.73,-6.5,-6.38,-0.12,-6.5,0.0,-1.01,1.49,-1.01,55,4,0.0,0.0,0.0,8.329418,19.514149,6.732923,0.07551944,0.04163192,-0.99627486,111.672218,"268.18161, 148.406967, 296.958435, 255.63353, 278.552246, ","[["" 126.146"", "" 137.502"", ""  61.654""], ["" 126.993"", "" 136.397"", ""  61.593""], ["" 126.479"", "" 135.121"", ""  61.380""], ["" 125.102"", "" 134.932"", ""  61.224""], ["" 124.248"", "" 136.037"", ""  61.289""], ["" 124.763"", "" 137.314"", ""  61.502""], ["" 126.747"", "" 138.728"", ""  61.866""], ["" 127.932"", "" 138.800"", ""  62.654""], ["" 129.145"", "" 138.622"", ""  61.735""], ["" 124.551"", "" 133.561"", ""  60.995""], ["" 124.508"", "" 132.893"", ""  59.864""], ["" 124.021"", "" 132.886"", ""  62.047""], ["" 123.935"", "" 131.737"", ""  60.162""], ["" 123.623"", "" 131.707"", ""  61.516""], ["" 122.983"", "" 130.707"", ""  62.448""], ["" 123.719"", "" 130.679"", ""  59.102""], ["" 123.671"", "" 131.281"", ""  57.778""], ["" 124.730"", "" 130.751"", ""  56.934""], ["" 123.791"", "" 132.281"", ""  57.863""]]",[],RR33_Rahimova_2017
142,6016,RR33_Rahimova_2017-again1,receptor_tmp,1,14,-6.1,-0.305,0.0,0.0,12,191.16,-7.59,-5.48,-2.11,-7.59,0.0,-1.0,1.49,-1.0,33,5,0.0,0.0,0.0,12.123638,12.65615,14.255191,0.40034911,0.73446224,-0.54798339,121.086388,"269.994629, 90.470139, 317.732788, 28.462399, 252.666473, ","[["" 129.907"", "" 127.703"", ""  72.401""], ["" 130.867"", "" 128.110"", ""  71.474""], ["" 130.575"", "" 128.133"", ""  70.113""], ["" 129.309"", "" 127.749"", ""  69.657""], ["" 128.343"", "" 127.340"", ""  70.584""], ["" 128.637"", "" 127.316"", ""  71.944""], ["" 130.289"", "" 127.711"", ""  73.729""], ["" 130.873"", "" 126.543"", ""  74.296""], ["" 132.394"", "" 126.624"", ""  74.135""], ["" 128.992"", "" 127.772"", ""  68.197""], ["" 129.460"", "" 126.976"", ""  67.261""], ["" 128.127"", "" 128.708"", ""  67.730""], ["" 128.891"", "" 127.381"", ""  66.136""], ["" 128.060"", "" 128.463"", ""  66.400""], ["" 127.163"", "" 129.356"", ""  65.578""], ["" 129.197"", "" 126.704"", ""  64.814""], ["" 130.666"", "" 126.249"", ""  64.809""], ["" 130.869"", "" 124.836"", ""  64.244""], ["" 131.208"", "" 126.903"", ""  64.263""], ["" 131.013"", "" 126.274"", ""  65.758""]]",[],RR33_Rahimova_2017-again1
143,10787,RR3_Rahimova_2017,receptor_tmp,1,19,-9.87,-0.24674999999999997,0.0,0.0,4,185.18,-11.36,-11.22,-0.14,-11.36,0.0,-1.54,1.49,-1.54,81,2,0.0,0.0,0.0,11.445195,14.50042,9.661408,0.63384769,0.41953864,-0.64978799,170.704941,"143.822266, 129.922714, 55.096382, 96.936264, 277.4888, ","[["" 127.847"", "" 130.075"", ""  64.407""], ["" 127.910"", "" 129.442"", ""  63.154""], ["" 127.613"", "" 130.449"", ""  62.272""], ["" 127.362"", "" 131.579"", ""  62.999""], ["" 127.499"", "" 131.351"", ""  64.282""], ["" 127.561"", "" 130.363"", ""  61.267""], ["" 128.128"", "" 129.504"", ""  65.761""], ["" 128.661"", "" 128.439"", ""  68.315""], ["" 128.518"", "" 127.599"", ""  67.201""], ["" 128.523"", "" 129.820"", ""  68.127""], ["" 128.251"", "" 128.124"", ""  65.940""], ["" 128.256"", "" 130.348"", ""  66.866""], ["" 128.951"", "" 127.875"", ""  69.671""], ["" 127.992"", "" 127.112"", ""  70.353""], ["" 130.190"", "" 128.099"", ""  70.290""], ["" 128.261"", "" 126.587"", ""  71.613""], ["" 130.464"", "" 127.575"", ""  71.550""], ["" 129.497"", "" 126.821"", ""  72.208""], ["" 128.183"", "" 128.039"", ""  62.721""], ["" 127.339"", "" 127.412"", ""  61.803""], ["" 129.286"", "" 127.344"", ""  63.222""], ["" 127.582"", "" 126.101"", ""  61.407""], ["" 129.527"", "" 126.033"", ""  62.823""], ["" 128.676"", "" 125.386"", ""  61.915""], ["" 128.924"", "" 123.970"", ""  61.502""], ["" 129.674"", "" 123.104"", ""  62.313""], ["" 128.407"", "" 123.474"", ""  60.296""], ["" 129.900"", "" 121.784"", ""  61.930""], ["" 128.630"", "" 122.155"", ""  59.911""], ["" 129.377"", "" 121.315"", ""  60.730""], ["" 126.984"", "" 132.860"", ""  62.407""], ["" 127.853"", "" 133.779"", ""  61.843""], ["" 125.665"", "" 133.434"", ""  62.276""], ["" 127.157"", "" 134.864"", ""  61.377""], ["" 125.811"", "" 134.697"", ""  61.620""], ["" 124.371"", "" 133.019"", ""  62.639""], ["" 124.721"", "" 135.525"", ""  61.332""], ["" 123.285"", "" 133.845"", ""  62.352""], ["" 123.460"", "" 135.068"", ""  61.713""], ["" 127.609"", "" 135.646"", ""  60.928""]]",[],RR3_Rahimova_2017
144,10772,RR4_Rahimova_2017,receptor_tmp,1,3,-11.03,-0.2690243902439024,0.0,0.0,1,186.58,-13.42,-12.85,-0.56,-13.42,0.0,-1.43,2.39,-1.43,76,6,0.0,0.0,0.0,13.077231,14.765379,10.819493,0.15330173,0.78981105,0.59388305,121.223396,"284.336426, 153.102844, 68.221329, 262.43219, 76.672028, 104.373993, 344.721893, 349.61026, ","[["" 129.944"", "" 126.106"", ""  65.712""], ["" 129.842"", "" 126.169"", ""  67.108""], ["" 128.963"", "" 127.070"", ""  67.719""], ["" 128.211"", "" 127.917"", ""  66.971""], ["" 128.315"", "" 127.900"", ""  65.621""], ["" 129.160"", "" 126.996"", ""  64.937""], ["" 129.227"", "" 126.971"", ""  63.473""], ["" 129.281"", "" 126.953"", ""  62.318""], ["" 130.883"", "" 125.100"", ""  65.131""], ["" 132.626"", "" 123.203"", ""  64.007""], ["" 131.281"", "" 122.896"", ""  64.206""], ["" 133.099"", "" 124.472"", ""  64.374""], ["" 130.415"", "" 123.836"", ""  64.759""], ["" 132.232"", "" 125.410"", ""  64.927""], ["" 133.409"", "" 122.209"", ""  63.452""], ["" 133.793"", "" 122.309"", ""  62.084""], ["" 128.812"", "" 127.174"", ""  69.209""], ["" 127.576"", "" 126.930"", ""  69.827""], ["" 129.896"", "" 127.525"", ""  70.029""], ["" 127.433"", "" 127.025"", ""  71.208""], ["" 129.756"", "" 127.621"", ""  71.410""], ["" 128.516"", "" 127.370"", ""  72.013""], ["" 128.281"", "" 127.442"", ""  73.373""], ["" 128.320"", "" 128.709"", ""  74.018""], ["" 127.271"", "" 129.093"", ""  64.812""], ["" 128.350"", "" 130.276"", ""  63.939""], ["" 127.777"", "" 131.695"", ""  63.821""], ["" 127.131"", "" 131.950"", ""  62.660""], ["" 127.909"", "" 132.502"", ""  64.744""], ["" 127.097"", "" 131.199"", ""  61.987""], ["" 126.509"", "" 133.133"", ""  62.254""], ["" 125.125"", "" 133.359"", ""  62.198""], ["" 127.397"", "" 134.541"", ""  61.734""], ["" 124.127"", "" 132.356"", ""  62.558""], ["" 124.796"", "" 134.665"", ""  61.763""], ["" 125.932"", "" 135.432"", ""  61.459""], ["" 123.335"", "" 131.562"", ""  62.844""], ["" 123.379"", "" 135.217"", ""  61.566""], ["" 125.920"", "" 136.845"", ""  60.888""], ["" 123.402"", "" 136.469"", ""  60.660""], ["" 124.513"", "" 137.455"", ""  61.062""]]",[],RR4_Rahimova_2017
145,5980,RR5_Rahimova_2017,receptor_tmp,1,10,-10.02,-0.20875,0.0,0.0,2,186.85,-13.6,-13.46,-0.15,-13.6,0.0,-4.72,3.58,-4.72,68,3,0.0,0.0,0.0,13.608237,17.964479,5.677312,-0.24173172,0.86843407,0.43288341,198.450958,"159.814987, 27.781019, 46.532158, 110.071342, 78.046844, 272.33905, 176.799484, 284.246704, 176.863083, 242.672729, 107.620895, 157.759369, ","[["" 128.572"", "" 129.978"", ""  62.004""], ["" 129.843"", "" 129.251"", ""  61.436""], ["" 130.019"", "" 129.396"", ""  59.913""], ["" 131.149"", "" 129.389"", ""  59.427""], ["" 128.877"", "" 129.556"", ""  59.207""], ["" 128.036"", "" 129.438"", ""  59.753""], ["" 128.584"", "" 129.731"", ""  57.753""], ["" 129.601"", "" 130.850"", ""  57.347""], ["" 129.480"", "" 132.163"", ""  57.831""], ["" 130.674"", "" 130.562"", ""  56.479""], ["" 130.392"", "" 133.149"", ""  57.464""], ["" 131.580"", "" 131.549"", ""  56.103""], ["" 131.435"", "" 132.841"", ""  56.597""], ["" 128.878"", "" 128.365"", ""  57.050""], ["" 128.265"", "" 128.011"", ""  55.837""], ["" 129.771"", "" 127.450"", ""  57.637""], ["" 128.527"", "" 126.781"", ""  55.239""], ["" 130.027"", "" 126.217"", ""  57.045""], ["" 129.404"", "" 125.888"", ""  55.846""], ["" 127.093"", "" 130.204"", ""  57.665""], ["" 126.549"", "" 130.659"", ""  56.450""], ["" 126.248"", "" 130.177"", ""  58.789""], ["" 125.227"", "" 131.088"", ""  56.366""], ["" 124.926"", "" 130.604"", ""  58.709""], ["" 124.421"", "" 131.062"", ""  57.498""], ["" 128.352"", "" 131.344"", ""  61.487""], ["" 129.341"", "" 132.316"", ""  61.556""], ["" 130.488"", "" 132.171"", ""  61.987""], ["" 127.412"", "" 131.616"", ""  61.239""], ["" 128.837"", "" 133.468"", ""  61.081""], ["" 127.519"", "" 133.537"", ""  60.545""], ["" 126.500"", "" 133.924"", ""  61.640""], ["" 125.682"", "" 135.157"", ""  61.302""], ["" 125.416"", "" 132.887"", ""  61.866""], ["" 126.109"", "" 136.455"", ""  61.006""], ["" 124.319"", "" 134.856"", ""  61.293""], ["" 124.153"", "" 133.438"", ""  61.647""], ["" 125.532"", "" 131.547"", ""  62.243""], ["" 125.171"", "" 137.442"", ""  60.698""], ["" 123.380"", "" 135.842"", ""  60.984""], ["" 123.005"", "" 132.654"", ""  61.790""], ["" 124.389"", "" 130.762"", ""  62.390""], ["" 123.809"", "" 137.137"", ""  60.686""], ["" 123.127"", "" 131.315"", ""  62.163""], ["" 128.600"", "" 130.005"", ""  63.553""], ["" 128.151"", "" 129.132"", ""  64.268""], ["" 129.221"", "" 131.144"", ""  63.981""], ["" 130.168"", "" 131.120"", ""  63.832""]]",[],RR5_Rahimova_2017
146,10661,RR5_Rahimova_2017-again1,receptor_tmp,1,3,-9.64,-0.2051063829787234,0.0,0.0,2,187.47,-12.92,-12.89,-0.03,-12.92,0.0,-5.24,3.28,-5.24,68,5,0.0,0.0,0.0,14.981704,17.996082,5.099646,0.30303927,-0.5189235,0.7993032,163.394302,"308.135529, 143.725952, 45.958977, 240.625, 179.75386, 183.40448, 36.34317, 289.611511, 152.582672, 293.649933, 21.93355, ","[["" 130.975"", "" 132.424"", ""  58.546""], ["" 131.587"", "" 131.026"", ""  58.206""], ["" 130.651"", "" 129.807"", ""  58.346""], ["" 129.434"", "" 129.994"", ""  58.371""], ["" 131.211"", "" 128.598"", ""  58.559""], ["" 132.214"", "" 128.551"", ""  58.453""], ["" 130.563"", "" 127.274"", ""  58.744""], ["" 129.832"", "" 126.847"", ""  57.432""], ["" 129.635"", "" 125.489"", ""  57.124""], ["" 129.333"", "" 127.810"", ""  56.536""], ["" 128.972"", "" 125.106"", ""  55.961""], ["" 128.669"", "" 127.428"", ""  55.373""], ["" 128.492"", "" 126.078"", ""  55.090""], ["" 131.540"", "" 126.087"", ""  59.023""], ["" 132.605"", "" 125.809"", ""  58.149""], ["" 131.389"", "" 125.278"", ""  60.161""], ["" 133.477"", "" 124.751"", ""  58.394""], ["" 132.258"", "" 124.220"", ""  60.410""], ["" 133.299"", "" 123.959"", ""  59.523""], ["" 129.530"", "" 127.511"", ""  59.900""], ["" 129.911"", "" 128.086"", ""  61.125""], ["" 128.173"", "" 127.198"", ""  59.710""], ["" 128.979"", "" 128.306"", ""  62.134""], ["" 127.238"", "" 127.418"", ""  60.718""], ["" 127.646"", "" 127.967"", ""  61.929""], ["" 129.779"", "" 132.236"", ""  59.394""], ["" 129.856"", "" 132.267"", ""  60.782""], ["" 130.878"", "" 132.424"", ""  61.458""], ["" 128.878"", "" 132.148"", ""  58.947""], ["" 128.620"", "" 132.096"", ""  61.287""], ["" 127.466"", "" 132.436"", ""  60.526""], ["" 126.622"", "" 131.176"", ""  60.253""], ["" 125.299"", "" 131.159"", ""  60.999""], ["" 126.164"", "" 131.078"", ""  58.811""], ["" 125.050"", "" 131.202"", ""  62.373""], ["" 124.230"", "" 131.096"", ""  60.103""], ["" 124.771"", "" 131.043"", ""  58.736""], ["" 126.925"", "" 131.024"", ""  57.639""], ["" 123.735"", "" 131.190"", ""  62.843""], ["" 122.915"", "" 131.083"", ""  60.571""], ["" 124.132"", "" 130.963"", ""  57.497""], ["" 126.288"", "" 130.942"", ""  56.399""], ["" 122.669"", "" 131.132"", ""  61.944""], ["" 124.894"", "" 130.912"", ""  56.329""], ["" 130.647"", "" 133.261"", ""  57.244""], ["" 131.657"", "" 133.686"", ""  56.636""], ["" 129.437"", "" 133.378"", ""  56.937""]]",[],RR5_Rahimova_2017-again1
147,10565,RR6_Rahimova_2017,receptor_tmp,1,8,-9.71,-0.248974358974359,0.0,0.0,4,187.29,-12.39,-12.28,-0.11,-12.39,0.0,-2.99,2.68,-2.99,56,11,0.0,0.0,0.0,10.476957,16.224016,4.55168,0.04083362,0.92366869,0.3810102,129.873047,"81.361908, 163.768036, 328.457306, 129.701584, 10.181421, 1.63888, 20.396221, 20.29952, 219.067215, ","[["" 124.677"", "" 130.863"", ""  56.154""], ["" 126.337"", "" 131.419"", ""  55.642""], ["" 127.510"", "" 130.470"", ""  56.587""], ["" 128.103"", "" 128.308"", ""  57.275""], ["" 129.221"", "" 128.811"", ""  57.949""], ["" 127.261"", "" 129.139"", ""  56.610""], ["" 129.497"", "" 130.186"", ""  57.943""], ["" 128.614"", "" 131.047"", ""  57.247""], ["" 128.829"", "" 132.498"", ""  57.225""], ["" 128.999"", "" 133.642"", ""  57.207""], ["" 127.791"", "" 126.842"", ""  57.200""], ["" 127.221"", "" 124.091"", ""  57.074""], ["" 126.461"", "" 124.925"", ""  57.893""], ["" 128.264"", "" 124.622"", ""  56.319""], ["" 126.743"", "" 126.287"", ""  57.952""], ["" 128.541"", "" 125.984"", ""  56.381""], ["" 126.917"", "" 122.605"", ""  57.020""], ["" 130.717"", "" 130.653"", ""  58.667""], ["" 130.640"", "" 131.006"", ""  60.018""], ["" 131.955"", "" 130.719"", ""  58.021""], ["" 131.776"", "" 131.428"", ""  60.705""], ["" 133.092"", "" 131.140"", ""  58.704""], ["" 133.009"", "" 131.499"", ""  60.058""], ["" 134.080"", "" 131.925"", ""  60.819""], ["" 133.834"", "" 132.588"", ""  62.054""], ["" 124.385"", "" 131.082"", ""  57.642""], ["" 125.121"", "" 130.338"", ""  58.497""], ["" 123.490"", "" 131.864"", ""  57.964""], ["" 125.760"", "" 129.680"", ""  58.076""], ["" 125.048"", "" 130.259"", ""  59.900""], ["" 124.078"", "" 130.896"", ""  60.688""], ["" 126.025"", "" 129.475"", ""  60.515""], ["" 124.081"", "" 130.728"", ""  62.071""], ["" 126.023"", "" 129.306"", ""  61.898""], ["" 125.050"", "" 129.927"", ""  62.691""], ["" 125.077"", "" 129.717"", ""  64.178""], ["" 126.081"", "" 129.346"", ""  64.793""], ["" 123.886"", "" 129.976"", ""  64.778""], ["" 123.740"", "" 129.870"", ""  66.187""]]",[],RR6_Rahimova_2017
148,10655,RR7_Rahimova_2017,receptor_tmp,1,7,-10.03,-0.2046938775510204,0.0,0.0,16,188.24,-13.31,-13.12,-0.19,-13.31,0.0,-3.89,3.28,-3.89,64,6,0.0,0.0,0.0,11.116286,13.734326,2.279734,0.17568923,0.52683469,0.83161199,264.474945,"81.361053, 183.859451, 254.10054, 4.673763, 49.075531, 189.870407, 292.523956, 342.275116, 196.289978, 358.989105, 317.204865, ","[["" 128.879"", "" 126.153"", ""  57.380""], ["" 130.245"", "" 126.845"", ""  57.248""], ["" 131.209"", "" 126.609"", ""  58.420""], ["" 130.941"", "" 127.784"", ""  59.344""], ["" 130.676"", "" 128.881"", ""  58.319""], ["" 130.001"", "" 128.249"", ""  57.270""], ["" 132.564"", "" 126.558"", ""  58.004""], ["" 132.662"", "" 127.097"", ""  57.215""], ["" 129.898"", "" 130.002"", ""  58.810""], ["" 130.159"", "" 130.782"", ""  59.926""], ["" 128.809"", "" 130.612"", ""  58.211""], ["" 131.133"", "" 130.666"", ""  60.838""], ["" 129.149"", "" 131.778"", ""  59.935""], ["" 128.320"", "" 131.643"", ""  58.854""], ["" 131.062"", "" 131.608"", ""  61.816""], ["" 129.169"", "" 132.701"", ""  60.998""], ["" 130.147"", "" 132.604"", ""  61.948""], ["" 128.179"", "" 133.701"", ""  61.043""], ["" 126.867"", "" 133.587"", ""  61.357""], ["" 126.312"", "" 132.525"", ""  61.649""], ["" 128.507"", "" 134.625"", ""  60.802""], ["" 126.067"", "" 134.871"", ""  61.301""], ["" 126.732"", "" 136.106"", ""  61.333""], ["" 124.665"", "" 134.858"", ""  61.204""], ["" 126.016"", "" 137.298"", ""  61.277""], ["" 123.949"", "" 136.052"", ""  61.147""], ["" 124.629"", "" 137.266"", ""  61.184""], ["" 128.967"", "" 125.136"", ""  58.384""], ["" 127.816"", "" 124.823"", ""  59.200""], ["" 128.293"", "" 123.827"", ""  60.292""], ["" 129.574"", "" 123.258"", ""  60.220""], ["" 127.453"", "" 123.464"", ""  61.358""], ["" 130.006"", "" 122.354"", ""  61.185""], ["" 127.885"", "" 122.560"", ""  62.325""], ["" 129.160"", "" 122.008"", ""  62.234""], ["" 127.325"", "" 126.175"", ""  59.804""], ["" 126.501"", "" 127.052"", ""  59.082""], ["" 127.755"", "" 126.565"", ""  61.081""], ["" 126.101"", "" 128.265"", ""  59.631""], ["" 127.355"", "" 127.779"", ""  61.630""], ["" 126.519"", "" 128.641"", ""  60.906""], ["" 126.075"", "" 129.866"", ""  61.366""], ["" 125.182"", "" 129.909"", ""  62.475""], ["" 126.774"", "" 124.042"", ""  58.350""], ["" 127.194"", "" 123.205"", ""  57.304""], ["" 125.396"", "" 124.182"", ""  58.585""], ["" 126.269"", "" 122.510"", ""  56.531""], ["" 124.469"", "" 123.488"", ""  57.813""], ["" 124.909"", "" 122.653"", ""  56.791""]]",[],RR7_Rahimova_2017
149,10563,RR8_A_Rahimova_2017,receptor_tmp,2,13,-9.4,-0.22380952380952382,0.0,0.0,2,187.47,-13.57,-13.57,0.0,-13.57,0.0,-3.72,4.18,-3.72,83,4,0.0,0.0,0.0,10.184396,14.205405,5.311216,0.55481694,0.06717469,-0.82925613,197.304535,"9.730325, 295.861908, 98.66571, 89.815559, 293.045074, 282.864594, 162.233734, 246.797882, 102.150368, 10.410258, 225.454208, 282.945129, 133.039612, 34.458542, ","[["" 126.862"", "" 128.309"", ""  59.373""], ["" 127.942"", "" 129.190"", ""  59.985""], ["" 127.728"", "" 130.449"", ""  59.165""], ["" 126.202"", "" 130.525"", ""  59.025""], ["" 125.782"", "" 129.169"", ""  59.153""], ["" 126.539"", "" 127.294"", ""  60.282""], ["" 127.385"", "" 126.221"", ""  60.362""], ["" 128.269"", "" 126.091"", ""  61.216""], ["" 127.137"", "" 125.206"", ""  59.284""], ["" 125.959"", "" 124.444"", ""  59.240""], ["" 128.106"", "" 125.006"", ""  58.293""], ["" 125.758"", "" 123.510"", ""  58.227""], ["" 127.903"", "" 124.072"", ""  57.281""], ["" 126.727"", "" 123.312"", ""  57.235""], ["" 126.512"", "" 122.318"", ""  56.156""], ["" 127.426"", "" 122.098"", ""  55.367""], ["" 125.426"", "" 121.748"", ""  56.090""], ["" 129.264"", "" 128.689"", ""  59.800""], ["" 129.914"", "" 129.092"", ""  58.599""], ["" 131.123"", "" 129.954"", ""  58.929""], ["" 131.188"", "" 130.639"", ""  60.147""], ["" 132.180"", "" 130.047"", ""  58.019""], ["" 132.301"", "" 131.419"", ""  60.448""], ["" 133.293"", "" 130.828"", ""  58.321""], ["" 133.348"", "" 131.511"", ""  59.534""], ["" 128.278"", "" 131.536"", ""  59.905""], ["" 128.134"", "" 132.822"", ""  59.313""], ["" 128.933"", "" 132.889"", ""  58.019""], ["" 128.267"", "" 132.851"", ""  56.790""], ["" 130.330"", "" 132.968"", ""  58.053""], ["" 128.992"", "" 132.903"", ""  55.602""], ["" 131.054"", "" 133.022"", ""  56.865""], ["" 130.383"", "" 132.990"", ""  55.646""], ["" 125.687"", "" 131.072"", ""  57.683""], ["" 124.474"", "" 131.777"", ""  57.911""], ["" 123.566"", "" 131.102"", ""  58.771""], ["" 123.652"", "" 131.685"", ""  60.173""], ["" 124.505"", "" 132.762"", ""  60.429""], ["" 122.867"", "" 131.156"", ""  61.204""], ["" 124.581"", "" 133.302"", ""  61.711""], ["" 122.944"", "" 131.695"", ""  62.486""], ["" 123.801"", "" 132.765"", ""  62.733""]]",[],RR8_A_Rahimova_2017
150,10821,RR8_B_Rahimova_2017,receptor_tmp,1,8,-10.65,-0.25357142857142856,0.0,0.0,1,188.5,-14.83,-14.76,-0.06,-14.83,0.0,-3.6,4.18,-3.6,77,6,0.0,0.0,0.0,13.024984,14.478298,7.264702,-0.01835798,-0.16902131,-0.98544141,80.492012,"335.940369, 58.884968, 95.978836, 308.201477, 310.940399, 326.451233, 224.194275, 18.319725, 22.326422, 225.562622, 353.742462, 332.537537, 322.503357, 165.74115, ","[["" 128.387"", "" 131.550"", ""  63.420""], ["" 127.127"", "" 130.999"", ""  62.756""], ["" 127.026"", "" 129.665"", ""  63.488""], ["" 127.475"", "" 130.003"", ""  64.914""], ["" 128.269"", "" 131.180"", ""  64.765""], ["" 129.523"", "" 130.980"", ""  62.817""], ["" 130.477"", "" 131.820"", ""  62.312""], ["" 131.476"", "" 132.195"", ""  62.934""], ["" 130.197"", "" 132.216"", ""  60.891""], ["" 129.078"", "" 132.988"", ""  60.545""], ["" 131.070"", "" 131.802"", ""  59.878""], ["" 128.839"", "" 133.332"", ""  59.220""], ["" 130.826"", "" 132.141"", ""  58.551""], ["" 129.705"", "" 132.907"", ""  58.205""], ["" 129.434"", "" 133.253"", ""  56.788""], ["" 130.385"", "" 133.384"", ""  56.022""], ["" 128.267"", "" 133.393"", ""  56.429""], ["" 127.262"", "" 130.787"", ""  61.353""], ["" 126.442"", "" 129.766"", ""  60.804""], ["" 125.962"", "" 130.225"", ""  59.438""], ["" 126.878"", "" 130.447"", ""  58.406""], ["" 124.598"", "" 130.441"", ""  59.224""], ["" 126.428"", "" 130.886"", ""  57.163""], ["" 124.149"", "" 130.880"", ""  57.982""], ["" 125.068"", "" 131.101"", ""  56.957""], ["" 125.700"", "" 129.129"", ""  63.510""], ["" 124.711"", "" 129.872"", ""  64.228""], ["" 124.132"", "" 131.015"", ""  63.399""], ["" 124.567"", "" 132.326"", ""  63.612""], ["" 123.185"", "" 130.743"", ""  62.407""], ["" 124.061"", "" 133.362"", ""  62.832""], ["" 122.676"", "" 131.781"", ""  61.629""], ["" 123.118"", "" 133.084"", ""  61.844""], ["" 128.299"", "" 128.914"", ""  65.624""], ["" 127.901"", "" 128.842"", ""  66.988""], ["" 127.913"", "" 127.536"", ""  67.545""], ["" 128.582"", "" 127.580"", ""  68.911""], ["" 129.873"", "" 128.101"", ""  69.034""], ["" 127.917"", "" 127.084"", ""  70.036""], ["" 130.501"", "" 128.122"", ""  70.277""], ["" 128.544"", "" 127.108"", ""  71.280""], ["" 129.833"", "" 127.623"", ""  71.394""]]",[],RR8_B_Rahimova_2017
151,10691,RR9_Rahimova_2017,receptor_tmp,1,13,-9.24,-0.2431578947368421,0.0,0.0,3,185.75,-11.63,-11.43,-0.19,-11.63,0.0,-1.47,2.39,-1.47,69,6,0.0,0.0,0.0,10.991967,13.552983,9.206729,0.71335196,-0.59165776,-0.37559297,258.508331,"251.437683, 106.610237, 165.669754, 344.199799, 131.64743, 231.644791, 233.480316, 343.507355, ","[["" 124.993"", "" 129.956"", ""  62.891""], ["" 124.068"", "" 130.407"", ""  63.708""], ["" 124.503"", "" 130.227"", ""  64.965""], ["" 125.737"", "" 129.620"", ""  64.985""], ["" 126.092"", "" 129.387"", ""  63.635""], ["" 127.318"", "" 128.722"", ""  63.385""], ["" 128.088"", "" 128.391"", ""  64.514""], ["" 127.642"", "" 128.678"", ""  65.813""], ["" 126.456"", "" 129.301"", ""  66.060""], ["" 123.941"", "" 130.521"", ""  65.752""], ["" 124.821"", "" 130.101"", ""  61.415""], ["" 124.517"", "" 130.395"", ""  58.657""], ["" 125.356"", "" 129.400"", ""  59.163""], ["" 123.834"", "" 131.245"", ""  59.527""], ["" 125.505"", "" 129.253"", ""  60.540""], ["" 123.983"", "" 131.095"", ""  60.903""], ["" 124.368"", "" 130.568"", ""  57.156""], ["" 127.803"", "" 128.297"", ""  62.025""], ["" 127.456"", "" 127.052"", ""  61.643""], ["" 128.454"", "" 129.073"", ""  61.326""], ["" 126.996"", "" 126.457"", ""  62.317""], ["" 127.696"", "" 126.461"", ""  60.322""], ["" 126.393"", "" 126.183"", ""  59.538""], ["" 126.417"", "" 124.915"", ""  58.691""], ["" 127.507"", "" 124.042"", ""  58.766""], ["" 125.335"", "" 124.614"", ""  57.859""], ["" 127.511"", "" 122.868"", ""  58.017""], ["" 125.340"", "" 123.440"", ""  57.109""], ["" 126.427"", "" 122.573"", ""  57.193""], ["" 128.454"", "" 128.315"", ""  67.022""], ["" 128.631"", "" 129.222"", ""  68.077""], ["" 129.053"", "" 127.052"", ""  67.129""], ["" 129.382"", "" 128.878"", ""  69.198""], ["" 129.805"", "" 126.706"", ""  68.249""], ["" 129.976"", "" 127.622"", ""  69.297""], ["" 130.699"", "" 127.369"", ""  70.446""], ["" 130.086"", "" 127.568"", ""  71.716""], ["" 128.763"", "" 126.796"", ""  71.751""]]",[],RR9_Rahimova_2017
