,Pose_ID,LigName,receptor,pose_rank,run_number,docking_score,leff,deltas,cluster_rmsd,cluster_size,reference_rmsd,energies_inter,energies_vdw,energies_electro,energies_flexLig,energies_flexLR,energies_intra,energies_torsional,unbound_energy,nr_interactions,num_hb,about_x,about_y,about_z,trans_x,trans_y,trans_z,axisangle_x,axisangle_y,axisangle_z,axisangle_w,dihedrals,ligand_coordinates,flexible_res_coordinates,LigName:1
0,8245,1a_Ghoteimi_2023,receptor_tmp,1,4,-8.17,-0.19926829268292684,0.0,0.0,1,185.66,-11.45,-11.23,-0.22,-11.45,0.0,-2.01,3.28,-2.01,45,7,0.0,0.0,0.0,15.374619,14.675846,3.926562,-0.20040701,0.48226435,-0.85279431,215.90126,"16.541218, 34.852516, 162.069092, 67.276024, 83.06723, 92.492912, 77.109833, 288.364777, 129.924484, 83.673241, 214.206345, ","[["" 130.445"", "" 131.155"", ""  60.122""], ["" 129.312"", "" 131.356"", ""  59.415""], ["" 130.611"", "" 131.443"", ""  61.307""], ["" 129.316"", "" 131.018"", ""  58.464""], ["" 131.594"", "" 130.506"", ""  59.350""], ["" 131.007"", "" 129.670"", ""  57.847""], ["" 130.460"", "" 128.058"", ""  58.359""], ["" 129.121"", "" 126.046"", ""  58.190""], ["" 129.466"", "" 127.321"", ""  57.680""], ["" 129.776"", "" 125.588"", ""  59.341""], ["" 128.805"", "" 127.860"", ""  56.488""], ["" 130.768"", "" 126.363"", ""  59.955""], ["" 128.282"", "" 128.284"", ""  55.547""], ["" 131.097"", "" 127.584"", ""  59.457""], ["" 128.097"", "" 125.151"", ""  57.571""], ["" 126.164"", "" 123.450"", ""  56.442""], ["" 127.512"", "" 123.308"", ""  56.111""], ["" 125.787"", "" 124.451"", ""  57.351""], ["" 128.471"", "" 124.147"", ""  56.672""], ["" 126.747"", "" 125.289"", ""  57.910""], ["" 125.286"", "" 122.573"", ""  55.838""], ["" 123.894"", "" 122.872"", ""  55.840""], ["" 131.504"", "" 125.918"", ""  61.185""], ["" 131.058"", "" 126.271"", ""  62.470""], ["" 132.667"", "" 125.139"", ""  61.090""], ["" 131.742"", "" 125.856"", ""  63.609""], ["" 133.353"", "" 124.722"", ""  62.226""], ["" 132.892"", "" 125.079"", ""  63.501""], ["" 133.505"", "" 124.711"", ""  64.684""], ["" 133.206"", "" 125.433"", ""  65.874""], ["" 128.091"", "" 131.932"", ""  59.814""], ["" 126.821"", "" 131.444"", ""  59.470""], ["" 128.191"", "" 133.065"", ""  60.622""], ["" 125.675"", "" 132.091"", ""  59.925""], ["" 127.044"", "" 133.712"", ""  61.076""], ["" 125.773"", "" 133.233"", ""  60.734""], ["" 124.557"", "" 133.952"", ""  61.244""], ["" 124.068"", "" 134.938"", ""  60.685""], ["" 124.053"", "" 133.410"", ""  62.382""], ["" 123.795"", "" 132.015"", ""  62.481""], ["" 124.829"", "" 131.373"", ""  63.411""]]",[],1a_Ghoteimi_2023
1,3338,1a_Grossjean_2025,receptor_tmp,1,5,-7.79,-0.2885185185185185,0.0,0.0,1,188.6,-9.88,-9.6,-0.28,-9.88,0.0,-0.96,2.09,-0.96,43,6,0.0,0.0,0.0,11.072519,14.137045,3.523349,0.13136278,-0.99132345,-0.00465079,171.612259,"185.251846, 159.79216, 301.498657, 117.619972, 72.2686, 210.274872, 83.031723, ","[["" 126.918"", "" 127.143"", ""  58.076""], ["" 127.175"", "" 126.978"", ""  56.715""], ["" 127.219"", "" 125.706"", ""  56.153""], ["" 127.004"", "" 124.570"", ""  56.944""], ["" 126.738"", "" 124.739"", ""  58.312""], ["" 126.693"", "" 126.011"", ""  58.875""], ["" 126.900"", "" 128.474"", ""  58.537""], ["" 127.851"", "" 129.429"", ""  58.470""], ["" 128.965"", "" 129.295"", ""  57.962""], ["" 126.023"", "" 128.750"", ""  58.954""], ["" 127.472"", "" 130.776"", ""  59.089""], ["" 128.454"", "" 132.145"", ""  58.404""], ["" 130.169"", "" 131.759"", ""  58.673""], ["" 132.471"", "" 131.418"", ""  57.999""], ["" 131.140"", "" 131.736"", ""  57.643""], ["" 132.771"", "" 131.124"", ""  59.334""], ["" 130.793"", "" 132.000"", ""  56.244""], ["" 131.747"", "" 131.147"", ""  60.278""], ["" 130.522"", "" 132.207"", ""  55.139""], ["" 130.467"", "" 131.452"", ""  59.961""], ["" 133.606"", "" 131.372"", ""  56.979""], ["" 132.006"", "" 130.828"", ""  61.739""], ["" 127.063"", "" 123.211"", ""  56.307""], ["" 128.120"", "" 122.614"", ""  56.079""], ["" 125.838"", "" 122.698"", ""  56.021""], ["" 124.748"", "" 123.547"", ""  55.683""], ["" 123.749"", "" 123.582"", ""  56.842""]]",[],1a_Grossjean_2025
2,7926,1aa_Ghoteimi_2023,receptor_tmp,1,19,-8.16,-0.19902439024390245,0.0,0.0,2,184.67,-11.44,-11.18,-0.26,-11.44,0.0,-2.52,3.28,-2.52,64,10,0.0,0.0,0.0,14.329419,12.434562,8.426956,0.08883878,-0.98781124,0.12781483,104.186371,"110.264267, 180.092468, 330.751434, 132.063385, 121.781906, 84.79763, 354.669189, 288.81308, 77.007797, 178.928284, 252.939667, ","[["" 130.611"", "" 125.291"", ""  65.460""], ["" 130.106"", "" 126.473"", ""  65.883""], ["" 130.672"", "" 124.268"", ""  66.141""], ["" 130.113"", "" 127.220"", ""  65.202""], ["" 131.144"", "" 125.228"", ""  64.020""], ["" 130.878"", "" 126.457"", ""  63.332""], ["" 129.761"", "" 126.578"", ""  62.518""], ["" 128.437"", "" 125.846"", ""  60.621""], ["" 129.582"", "" 125.697"", ""  61.438""], ["" 127.523"", "" 126.859"", ""  60.943""], ["" 130.569"", "" 124.640"", ""  61.206""], ["" 127.749"", "" 127.703"", ""  62.037""], ["" 128.863"", "" 127.562"", ""  62.803""], ["" 131.349"", "" 123.806"", ""  61.024""], ["" 128.144"", "" 124.985"", ""  59.436""], ["" 127.623"", "" 123.351"", ""  57.208""], ["" 128.805"", "" 124.088"", ""  57.285""], ["" 126.700"", "" 123.433"", ""  58.261""], ["" 129.066"", "" 124.895"", ""  58.388""], ["" 126.962"", "" 124.241"", ""  59.364""], ["" 127.449"", "" 122.578"", ""  56.076""], ["" 127.223"", "" 123.219"", ""  54.826""], ["" 126.811"", "" 128.813"", ""  62.416""], ["" 126.725"", "" 129.264"", ""  63.741""], ["" 125.995"", "" 129.436"", ""  61.457""], ["" 125.854"", "" 130.291"", ""  64.095""], ["" 125.124"", "" 130.462"", ""  61.809""], ["" 125.045"", "" 130.899"", ""  63.138""], ["" 124.212"", "" 131.909"", ""  63.581""], ["" 123.852"", "" 132.955"", ""  62.685""], ["" 129.558"", "" 126.838"", ""  67.126""], ["" 128.191"", "" 127.022"", ""  67.383""], ["" 130.478"", "" 127.015"", ""  68.161""], ["" 127.762"", "" 127.383"", ""  68.658""], ["" 130.048"", "" 127.375"", ""  69.434""], ["" 128.685"", "" 127.564"", ""  69.699""], ["" 128.254"", "" 127.954"", ""  71.084""], ["" 127.076"", "" 128.155"", ""  71.395""], ["" 129.287"", "" 128.063"", ""  71.958""], ["" 129.554"", "" 127.040"", ""  72.910""], ["" 130.842"", "" 126.308"", ""  72.524""]]",[],1aa_Ghoteimi_2023
3,8213,1b_Ghoteimi_2023,receptor_tmp,1,20,-8.24,-0.23542857142857143,0.0,0.0,3,185.0,-10.63,-10.15,-0.47,-10.63,0.0,-1.25,2.39,-1.25,46,7,0.0,0.0,0.0,11.40226,12.655153,4.276467,0.73681671,-0.60453093,-0.30272676,148.232422,"201.180908, 43.867355, 348.972992, 231.155563, 24.294626, 19.090715, 335.66391, 51.387524, ","[["" 129.293"", "" 128.931"", ""  58.971""], ["" 129.471"", "" 127.532"", ""  58.845""], ["" 130.435"", "" 126.987"", ""  57.884""], ["" 131.196"", "" 126.558"", ""  57.125""], ["" 128.739"", "" 126.690"", ""  59.712""], ["" 127.921"", "" 127.178"", ""  60.676""], ["" 127.751"", "" 128.519"", ""  60.807""], ["" 128.430"", "" 129.407"", ""  59.966""], ["" 129.981"", "" 129.937"", ""  58.106""], ["" 131.280"", "" 131.843"", ""  56.500""], ["" 131.966"", "" 131.201"", ""  57.532""], ["" 129.931"", "" 131.529"", ""  56.278""], ["" 131.323"", "" 130.258"", ""  58.329""], ["" 129.291"", "" 130.587"", ""  57.078""], ["" 131.998"", "" 132.764"", ""  55.761""], ["" 133.420"", "" 132.690"", ""  55.753""], ["" 128.830"", "" 124.911"", ""  59.692""], ["" 129.133"", "" 124.384"", ""  57.972""], ["" 127.984"", "" 123.600"", ""  57.321""], ["" 126.754"", "" 124.114"", ""  57.545""], ["" 128.211"", "" 122.589"", ""  56.653""], ["" 126.696"", "" 124.942"", ""  58.118""], ["" 125.539"", "" 123.618"", ""  57.085""], ["" 125.380"", "" 122.699"", ""  56.147""], ["" 124.307"", "" 124.050"", ""  57.574""], ["" 124.006"", "" 122.505"", ""  56.002""], ["" 123.370"", "" 123.327"", ""  56.871""], ["" 126.817"", "" 128.974"", ""  61.893""], ["" 125.571"", "" 129.541"", ""  61.584""], ["" 127.155"", "" 128.840"", ""  63.249""], ["" 124.703"", "" 129.962"", ""  62.587""], ["" 126.289"", "" 129.258"", ""  64.255""], ["" 125.050"", "" 129.826"", ""  63.930""], ["" 124.125"", "" 130.269"", ""  64.856""], ["" 124.130"", "" 129.709"", ""  66.164""]]",[],1b_Ghoteimi_2023
4,7980,1b_Grossjean_2025,receptor_tmp,1,5,-7.67,-0.295,0.0,0.0,2,188.48,-9.46,-9.32,-0.14,-9.46,0.0,-0.75,1.79,-0.75,38,4,0.0,0.0,0.0,9.789099,14.837073,1.615826,-0.53314177,0.83429882,-0.14037571,29.729534,"344.350739, 200.040619, 67.032661, 219.060745, 53.876244, 240.509308, ","[["" 128.130"", "" 129.732"", ""  57.226""], ["" 127.493"", "" 128.969"", ""  56.310""], ["" 128.838"", "" 129.311"", ""  58.139""], ["" 126.941"", "" 129.467"", ""  55.627""], ["" 127.935"", "" 131.241"", ""  57.070""], ["" 128.527"", "" 132.162"", ""  58.522""], ["" 130.248"", "" 131.760"", ""  58.739""], ["" 132.519"", "" 131.376"", ""  57.995""], ["" 131.182"", "" 131.707"", ""  57.679""], ["" 132.866"", "" 131.128"", ""  59.327""], ["" 130.805"", "" 132.014"", ""  56.297""], ["" 131.884"", "" 131.224"", ""  60.311""], ["" 130.510"", "" 132.255"", ""  55.204""], ["" 130.598"", "" 131.539"", ""  60.031""], ["" 133.616"", "" 131.281"", ""  56.936""], ["" 132.200"", "" 130.976"", ""  61.775""], ["" 127.460"", "" 127.570"", ""  56.160""], ["" 126.954"", "" 126.858"", ""  57.248""], ["" 127.889"", "" 126.871"", ""  55.022""], ["" 126.874"", "" 125.470"", ""  57.209""], ["" 127.808"", "" 125.482"", ""  54.984""], ["" 127.300"", "" 124.764"", ""  56.074""], ["" 127.227"", "" 123.265"", ""  55.996""], ["" 128.202"", "" 122.552"", ""  55.741""], ["" 125.982"", "" 122.776"", ""  56.228""], ["" 124.830"", "" 123.442"", ""  55.727""]]",[],1b_Grossjean_2025
5,3677,1c_Ghoteimi_2023,receptor_tmp,1,20,-7.95,-0.22714285714285715,0.0,0.0,1,190.26,-10.34,-10.12,-0.21,-10.34,0.0,-1.52,2.39,-1.52,57,7,0.0,0.0,0.0,11.283155,11.480269,5.960798,0.54762818,0.77470664,0.31612183,163.643784,"214.010376, 350.225952, 149.937698, 354.664886, 114.635994, 113.001038, 162.30127, 40.51812, ","[["" 128.010"", "" 126.218"", ""  59.214""], ["" 127.698"", "" 127.596"", ""  59.297""], ["" 126.666"", "" 128.191"", ""  58.442""], ["" 125.851"", "" 128.659"", ""  57.766""], ["" 128.400"", "" 128.377"", ""  60.238""], ["" 129.365"", "" 127.864"", ""  61.039""], ["" 129.697"", "" 126.551"", ""  60.934""], ["" 129.028"", "" 125.715"", ""  60.034""], ["" 127.293"", "" 125.256"", ""  58.326""], ["" 125.960"", "" 123.410"", ""  56.682""], ["" 125.312"", "" 123.976"", ""  57.780""], ["" 127.289"", "" 123.771"", ""  56.412""], ["" 125.972"", "" 124.889"", ""  58.596""], ["" 127.947"", "" 124.685"", ""  57.230""], ["" 125.227"", "" 122.513"", ""  55.928""], ["" 123.826"", "" 122.717"", ""  55.773""], ["" 127.996"", "" 130.078"", ""  60.569""], ["" 129.595"", "" 130.878"", ""  60.919""], ["" 130.554"", "" 130.800"", ""  59.725""], ["" 130.379"", "" 131.753"", ""  58.783""], ["" 131.377"", "" 129.886"", ""  59.666""], ["" 129.673"", "" 132.452"", ""  58.956""], ["" 131.001"", "" 131.819"", ""  57.547""], ["" 130.487"", "" 132.223"", ""  56.405""], ["" 132.674"", "" 131.367"", ""  57.480""], ["" 131.381"", "" 132.192"", ""  55.435""], ["" 132.655"", "" 131.757"", ""  55.786""], ["" 130.775"", "" 126.055"", ""  61.855""], ["" 130.633"", "" 126.125"", ""  63.249""], ["" 131.961"", "" 125.507"", ""  61.345""], ["" 131.632"", "" 125.659"", ""  64.100""], ["" 132.962"", "" 125.039"", ""  62.192""], ["" 132.803"", "" 125.111"", ""  63.583""], ["" 133.740"", "" 124.672"", ""  64.499""], ["" 133.664"", "" 125.129"", ""  65.845""]]",[],1c_Ghoteimi_2023
6,8134,1c_Grossjean_2025,receptor_tmp,1,7,-7.46,-0.31083333333333335,0.0,0.0,1,193.23,-8.95,-8.68,-0.27,-8.95,0.0,-0.45,1.49,-0.45,57,3,0.0,0.0,0.0,11.384796,11.690537,18.63407,0.20946337,0.15293013,-0.96578334,172.185425,"151.960205, 333.959381, 321.541565, 41.304081, 146.22406, ","[["" 128.380"", "" 128.010"", ""  72.645""], ["" 127.195"", "" 127.708"", ""  73.218""], ["" 128.930"", "" 129.110"", ""  72.678""], ["" 126.908"", "" 126.742"", ""  73.165""], ["" 129.066"", "" 126.856"", ""  71.909""], ["" 130.858"", "" 126.834"", ""  72.207""], ["" 131.256"", "" 125.365"", ""  73.133""], ["" 132.603"", "" 123.988"", ""  74.602""], ["" 132.423"", "" 125.213"", ""  73.919""], ["" 131.628"", "" 122.992"", ""  74.489""], ["" 133.407"", "" 126.288"", ""  74.069""], ["" 130.497"", "" 123.237"", ""  73.714""], ["" 134.185"", "" 127.136"", ""  74.187""], ["" 130.305"", "" 124.401"", ""  73.050""], ["" 133.826"", "" 123.702"", ""  75.472""], ["" 129.396"", "" 122.204"", ""  73.565""], ["" 126.318"", "" 128.534"", ""  73.946""], ["" 124.963"", "" 128.252"", ""  74.176""], ["" 126.877"", "" 129.694"", ""  74.483""], ["" 124.185"", "" 129.135"", ""  74.920""], ["" 126.097"", "" 130.574"", ""  75.227""], ["" 124.738"", "" 130.301"", ""  75.449""], ["" 123.887"", "" 131.114"", ""  76.172""], ["" 123.963"", "" 132.525"", ""  76.001""]]",[],1c_Grossjean_2025
7,4296,1d_Ghoteimi_2023,receptor_tmp,1,4,-7.02,-0.23399999999999999,0.0,0.0,4,188.3,-9.41,-9.13,-0.28,-9.41,0.0,-1.35,2.39,-1.35,45,5,0.0,0.0,0.0,12.606377,11.57001,3.073311,-0.1824665,0.88042929,0.43766453,178.321716,"235.085022, 8.8913, 71.539536, 323.750732, 108.250793, 64.646759, 344.742889, 97.481544, ","[["" 125.962"", "" 125.334"", ""  57.545""], ["" 127.643"", "" 125.916"", ""  57.596""], ["" 129.419"", "" 127.532"", ""  57.257""], ["" 128.042"", "" 127.206"", ""  57.180""], ["" 130.302"", "" 126.578"", ""  57.776""], ["" 127.060"", "" 128.203"", ""  56.742""], ["" 129.833"", "" 125.332"", ""  58.208""], ["" 126.286"", "" 128.991"", ""  56.396""], ["" 128.516"", "" 125.016"", ""  58.108""], ["" 129.986"", "" 128.845"", ""  56.822""], ["" 131.068"", "" 131.313"", ""  56.017""], ["" 131.391"", "" 130.770"", ""  57.260""], ["" 130.203"", "" 130.606"", ""  55.168""], ["" 130.858"", "" 129.547"", ""  57.659""], ["" 129.673"", "" 129.383"", ""  55.568""], ["" 131.637"", "" 132.534"", ""  55.709""], ["" 133.053"", "" 132.670"", ""  55.748""], ["" 130.735"", "" 124.277"", ""  58.781""], ["" 130.216"", "" 123.180"", ""  59.487""], ["" 132.127"", "" 124.360"", ""  58.635""], ["" 131.054"", "" 122.207"", ""  60.023""], ["" 132.969"", "" 123.389"", ""  59.171""], ["" 132.435"", "" 122.300"", ""  59.873""], ["" 133.189"", "" 121.291"", ""  60.441""], ["" 133.956"", "" 121.571"", ""  61.607""], ["" 126.015"", "" 123.533"", ""  57.784""], ["" 126.212"", "" 122.893"", ""  56.413""], ["" 125.254"", "" 122.512"", ""  55.738""], ["" 127.514"", "" 122.815"", ""  56.066""], ["" 128.010"", "" 123.551"", ""  54.959""]]",[],1d_Ghoteimi_2023
8,8034,1d_Grossjean_2025,receptor_tmp,2,18,-8.46,-0.3845454545454546,0.0,0.0,7,192.52,-9.65,-9.45,-0.19,-9.65,0.0,-0.4,1.19,-0.4,52,3,0.0,0.0,0.0,12.501516,12.97785,19.461009,-0.73658714,0.59759822,-0.31672663,128.666595,"261.095367, 167.551437, 317.850555, 342.420837, ","[["" 127.519"", "" 127.795"", ""  72.647""], ["" 127.083"", "" 129.237"", ""  73.592""], ["" 125.706"", "" 130.536"", ""  75.102""], ["" 125.928"", "" 129.326"", ""  74.404""], ["" 126.614"", "" 131.589"", ""  74.954""], ["" 124.965"", "" 128.228"", ""  74.507""], ["" 127.713"", "" 131.422"", ""  74.113""], ["" 124.202"", "" 127.362"", ""  74.590""], ["" 127.947"", "" 130.272"", ""  73.438""], ["" 124.501"", "" 130.748"", ""  76.017""], ["" 128.727"", "" 132.530"", ""  73.902""], ["" 129.304"", "" 127.885"", ""  72.310""], ["" 130.046"", "" 126.639"", ""  72.797""], ["" 131.271"", "" 126.864"", ""  73.320""], ["" 129.515"", "" 125.536"", ""  72.670""], ["" 131.589"", "" 127.822"", ""  73.311""], ["" 132.197"", "" 125.957"", ""  73.868""], ["" 131.667"", "" 124.743"", ""  74.314""], ["" 133.580"", "" 126.188"", ""  73.970""], ["" 132.498"", "" 123.774"", ""  74.868""], ["" 134.409"", "" 125.216"", ""  74.523""], ["" 133.865"", "" 124.014"", ""  74.971""]]",[],1d_Grossjean_2025
9,8266,1e_Grossjean_2025,receptor_tmp,1,20,-8.31,-0.361304347826087,0.0,0.0,2,191.69,-9.5,-9.15,-0.35,-9.5,0.0,-0.4,1.19,-0.4,55,4,0.0,0.0,0.0,12.858778,11.791469,18.845844,0.48829276,0.66589839,0.56404744,138.695526,"152.33136, 332.975494, 348.981018, 326.482819, ","[["" 129.287"", "" 126.582"", ""  72.115""], ["" 131.094"", "" 126.594"", ""  72.319""], ["" 131.562"", "" 125.213"", ""  73.342""], ["" 133.010"", "" 123.971"", ""  74.836""], ["" 132.779"", "" 125.130"", ""  74.061""], ["" 132.034"", "" 122.970"", ""  74.879""], ["" 133.765"", "" 126.213"", ""  74.052""], ["" 130.852"", "" 123.146"", ""  74.162""], ["" 134.546"", "" 127.067"", ""  74.047""], ["" 130.611"", "" 124.246"", ""  73.411""], ["" 134.288"", "" 123.762"", ""  75.646""], ["" 129.749"", "" 122.106"", ""  74.184""], ["" 128.632"", "" 127.815"", ""  72.739""], ["" 127.469"", "" 127.596"", ""  73.391""], ["" 129.168"", "" 128.916"", ""  72.601""], ["" 127.108"", "" 126.653"", ""  73.370""], ["" 126.643"", "" 128.527"", ""  74.044""], ["" 127.121"", "" 129.724"", ""  74.496""], ["" 125.306"", "" 128.154"", ""  74.230""], ["" 126.267"", "" 130.568"", ""  75.130""], ["" 124.441"", "" 129.034"", ""  74.883""], ["" 124.921"", "" 130.260"", ""  75.343""], ["" 126.866"", "" 131.880"", ""  75.603""]]",[],1e_Grossjean_2025
10,8149,1f_Grossjean_2025,receptor_tmp,1,12,-8.07,-0.3668181818181818,0.0,0.0,5,194.28,-9.27,-9.09,-0.18,-9.27,0.0,-0.44,1.19,-0.44,47,4,0.0,0.0,0.0,12.870343,13.230795,18.235831,-0.76523812,0.38216745,0.51803346,206.141098,"157.160812, 332.691711, 51.502548, 341.840393, ","[["" 127.571"", "" 127.806"", ""  72.517""], ["" 127.146"", "" 129.242"", ""  73.483""], ["" 125.801"", "" 130.536"", ""  75.027""], ["" 126.009"", "" 129.329"", ""  74.320""], ["" 126.724"", "" 131.577"", ""  74.890""], ["" 125.083"", "" 128.207"", ""  74.494""], ["" 127.831"", "" 131.395"", ""  74.065""], ["" 124.350"", "" 127.322"", ""  74.632""], ["" 128.048"", "" 130.250"", ""  73.376""], ["" 124.604"", "" 130.752"", ""  75.951""], ["" 128.876"", "" 132.481"", ""  73.885""], ["" 129.379"", "" 127.795"", ""  72.267""], ["" 130.097"", "" 126.542"", ""  72.791""], ["" 131.308"", "" 126.777"", ""  73.339""], ["" 129.558"", "" 125.437"", ""  72.716""], ["" 131.603"", "" 127.742"", ""  73.369""], ["" 132.230"", "" 125.874"", ""  73.903""], ["" 133.563"", "" 126.293"", ""  73.970""], ["" 131.925"", "" 124.589"", ""  74.390""], ["" 134.563"", "" 125.531"", ""  74.484""], ["" 132.943"", "" 123.792"", ""  74.923""], ["" 134.242"", "" 124.299"", ""  74.952""]]",[],1f_Grossjean_2025
11,3282,1g_Grossjean_2025,receptor_tmp,1,6,-6.89,-0.2995652173913043,0.0,0.0,2,189.87,-8.38,-8.26,-0.12,-8.38,0.0,-1.72,1.49,-1.72,47,1,0.0,0.0,0.0,13.084449,18.957949,6.22937,0.91514018,-0.36217469,-0.1770535,227.447098,"45.02441, 235.593079, 71.008118, 190.632568, 203.293106, ","[["" 128.871"", "" 131.907"", ""  61.627""], ["" 127.978"", "" 133.003"", ""  60.485""], ["" 126.778"", "" 132.009"", ""  59.627""], ["" 124.550"", "" 131.191"", ""  59.149""], ["" 125.391"", "" 132.041"", ""  59.903""], ["" 125.110"", "" 130.374"", ""  58.161""], ["" 124.820"", "" 132.943"", ""  60.907""], ["" 126.485"", "" 130.426"", ""  57.940""], ["" 124.366"", "" 133.655"", ""  61.698""], ["" 127.309"", "" 131.230"", ""  58.651""], ["" 123.038"", "" 131.128"", ""  59.364""], ["" 127.150"", "" 129.578"", ""  56.872""], ["" 130.174"", "" 131.385"", ""  61.019""], ["" 130.068"", "" 130.755"", ""  59.836""], ["" 131.242"", "" 131.556"", ""  61.608""], ["" 129.149"", "" 130.641"", ""  59.433""], ["" 131.171"", "" 130.129"", ""  59.106""], ["" 131.678"", "" 130.941"", ""  57.917""], ["" 133.051"", "" 131.142"", ""  57.744""], ["" 130.770"", "" 131.474"", ""  56.998""], ["" 133.514"", "" 131.882"", ""  56.659""], ["" 131.234"", "" 132.212"", ""  55.912""], ["" 132.602"", "" 132.413"", ""  55.748""]]",[],1g_Grossjean_2025
12,8119,1h_Grossjean_2025,receptor_tmp,1,15,-6.98,-0.2406896551724138,0.0,0.0,2,185.42,-9.37,-8.89,-0.48,-9.37,0.0,-1.27,2.39,-1.27,43,8,0.0,0.0,0.0,9.680238,11.325036,6.661484,0.65932666,0.51930752,-0.54369849,248.49791,"306.66214, 110.580795, 330.780365, 90.163139, 359.46759, 196.359573, 348.454437, 16.757893, ","[["" 126.968"", "" 126.094"", ""  60.912""], ["" 127.417"", "" 126.881"", ""  61.907""], ["" 126.801"", "" 126.482"", ""  59.757""], ["" 127.513"", "" 126.484"", ""  62.830""], ["" 126.652"", "" 124.644"", ""  61.281""], ["" 127.487"", "" 123.464"", ""  60.177""], ["" 126.808"", "" 123.664"", ""  58.538""], ["" 127.002"", "" 124.023"", ""  56.148""], ["" 127.630"", "" 123.871"", ""  57.406""], ["" 125.607"", "" 123.962"", ""  56.070""], ["" 129.090"", "" 123.928"", ""  57.517""], ["" 124.872"", "" 123.753"", ""  57.236""], ["" 130.244"", "" 123.972"", ""  57.604""], ["" 125.453"", "" 123.605"", ""  58.449""], ["" 127.788"", "" 124.255"", ""  54.860""], ["" 123.357"", "" 123.680"", ""  57.218""], ["" 127.742"", "" 128.302"", ""  61.779""], ["" 126.545"", "" 129.230"", ""  61.964""], ["" 126.087"", "" 130.008"", ""  60.900""], ["" 125.939"", "" 129.349"", ""  63.216""], ["" 125.001"", "" 130.882"", ""  61.064""], ["" 124.854"", "" 130.219"", ""  63.409""], ["" 124.387"", "" 130.972"", ""  62.322""], ["" 124.486"", "" 131.672"", ""  60.052""], ["" 123.431"", "" 131.167"", ""  59.241""], ["" 124.204"", "" 130.385"", ""  64.619""], ["" 124.631"", "" 129.634"", ""  65.751""], ["" 123.331"", "" 131.832"", ""  62.498""], ["" 123.696"", "" 133.205"", ""  62.499""]]",[],1h_Grossjean_2025
13,8055,1i_Grossjean_2025,receptor_tmp,1,6,-7.99,-0.38047619047619047,0.0,0.0,1,190.8,-9.18,-8.73,-0.45,-9.18,0.0,-0.4,1.19,-0.4,37,8,0.0,0.0,0.0,12.558384,19.420874,6.017339,0.06805743,0.09718083,-0.99293709,219.715424,"252.047379, 336.374023, 225.682922, 90.541054, ","[["" 128.231"", "" 132.620"", ""  59.701""], ["" 129.914"", "" 132.065"", ""  59.548""], ["" 131.912"", "" 131.431"", ""  58.334""], ["" 130.570"", "" 131.877"", ""  58.308""], ["" 132.526"", "" 131.180"", ""  59.566""], ["" 129.893"", "" 132.098"", ""  57.028""], ["" 131.796"", "" 131.369"", ""  60.737""], ["" 129.359"", "" 132.270"", ""  56.016""], ["" 130.512"", "" 131.799"", ""  60.736""], ["" 132.728"", "" 131.201"", ""  57.063""], ["" 132.402"", "" 131.103"", ""  62.102""], ["" 127.960"", "" 133.080"", ""  61.439""], ["" 126.735"", "" 132.383"", ""  62.035""], ["" 126.946"", "" 131.729"", ""  63.198""], ["" 125.656"", "" 132.447"", ""  61.443""], ["" 127.873"", "" 131.778"", ""  63.596""], ["" 126.014"", "" 131.024"", ""  63.947""], ["" 124.700"", "" 131.147"", ""  63.868""], ["" 126.369"", "" 130.069"", ""  64.898""], ["" 124.156"", "" 130.254"", ""  64.793""], ["" 125.176"", "" 129.610"", ""  65.407""]]",[],1i_Grossjean_2025
14,3364,1j_Grossjean_2025,receptor_tmp,1,19,-8.12,-0.3866666666666666,0.0,0.0,5,192.57,-9.32,-9.0,-0.32,-9.32,0.0,-0.31,1.19,-0.31,44,4,0.0,0.0,0.0,12.285932,13.074728,19.349921,0.7083851,-0.63171984,0.31483424,233.283371,"262.710632, 339.124908, 312.002014, 336.938904, ","[["" 127.567"", "" 127.821"", ""  72.561""], ["" 127.147"", "" 129.249"", ""  73.536""], ["" 125.787"", "" 130.532"", ""  75.076""], ["" 125.996"", "" 129.335"", ""  74.354""], ["" 126.704"", "" 131.579"", ""  74.943""], ["" 125.020"", "" 128.245"", ""  74.437""], ["" 127.797"", "" 131.418"", ""  74.094""], ["" 124.247"", "" 127.387"", ""  74.504""], ["" 128.019"", "" 130.279"", ""  73.397""], ["" 124.587"", "" 130.739"", ""  75.999""], ["" 128.819"", "" 132.522"", ""  73.897""], ["" 129.363"", "" 127.847"", ""  72.287""], ["" 130.050"", "" 126.607"", ""  72.862""], ["" 131.282"", "" 126.810"", ""  73.379""], ["" 129.468"", "" 125.522"", ""  72.826""], ["" 131.642"", "" 127.753"", ""  73.372""], ["" 132.103"", "" 125.856"", ""  73.962""], ["" 131.768"", "" 124.659"", ""  74.395""], ["" 133.778"", "" 126.262"", ""  74.151""], ["" 132.807"", "" 124.017"", ""  74.893""], ["" 134.021"", "" 124.697"", ""  74.868""]]",[],1j_Grossjean_2025
15,4323,1k_Grossjean_2025,receptor_tmp,1,6,-6.81,-0.2619230769230769,0.0,0.0,2,195.71,-10.39,-8.92,-1.48,-10.39,0.0,-1.16,3.58,-1.16,40,9,0.0,0.0,0.0,11.466313,17.364312,19.881766,-0.04704218,0.79121161,-0.60973045,91.748779,"237.375916, 13.274052, 251.872498, 233.902893, 36.427418, 20.126923, 0.066764, 265.043884, 313.851868, 28.175455, 17.809734, 332.375397, ","[["" 127.855"", "" 128.653"", ""  74.064""], ["" 126.675"", "" 129.443"", ""  74.139""], ["" 126.932"", "" 130.672"", ""  75.031""], ["" 127.284"", "" 131.883"", ""  74.289""], ["" 128.272"", "" 131.976"", ""  73.382""], ["" 128.994"", "" 131.026"", ""  73.073""], ["" 126.736"", "" 132.706"", ""  74.492""], ["" 128.458"", "" 133.362"", ""  72.744""], ["" 129.255"", "" 134.619"", ""  73.804""], ["" 131.024"", "" 134.361"", ""  73.792""], ["" 133.190"", "" 134.313"", ""  72.707""], ["" 131.798"", "" 134.534"", ""  72.621""], ["" 133.748"", "" 133.936"", ""  73.933""], ["" 131.186"", "" 134.933"", ""  71.350""], ["" 132.912"", "" 133.785"", ""  75.037""], ["" 130.705"", "" 135.249"", ""  70.346""], ["" 131.576"", "" 133.987"", ""  74.975""], ["" 134.123"", "" 134.473"", ""  71.508""], ["" 133.455"", "" 133.379"", ""  76.394""], ["" 127.910"", "" 127.815"", ""  72.917""], ["" 129.374"", "" 127.538"", ""  72.555""], ["" 129.891"", "" 126.530"", ""  73.415""], ["" 131.292"", "" 126.628"", ""  73.633""], ["" 131.592"", "" 126.430"", ""  75.124""], ["" 130.534"", "" 126.979"", ""  75.898""], ["" 130.730"", "" 126.848"", ""  77.297""]]",[],1k_Grossjean_2025
16,3309,1l_Grossjean_2025,receptor_tmp,1,14,-6.79,-0.37722222222222224,0.0,0.0,3,193.65,-7.99,-7.65,-0.34,-7.99,0.0,-0.11,1.19,-0.11,38,3,0.0,0.0,0.0,13.716409,11.461949,17.870484,-0.32540475,0.20468611,-0.92315511,239.668442,"18.003933, 317.473572, 277.918915, 42.055523, ","[["" 128.959"", "" 126.917"", ""  72.611""], ["" 130.770"", "" 126.996"", ""  72.827""], ["" 131.317"", "" 125.439"", ""  73.506""], ["" 132.916"", "" 124.026"", ""  74.655""], ["" 132.569"", "" 125.298"", ""  74.148""], ["" 132.019"", "" 122.963"", ""  74.507""], ["" 133.490"", "" 126.430"", ""  74.290""], ["" 130.805"", "" 123.188"", ""  73.860""], ["" 134.217"", "" 127.322"", ""  74.403""], ["" 130.454"", "" 124.399"", ""  73.366""], ["" 134.241"", "" 123.756"", ""  75.367""], ["" 129.791"", "" 122.077"", ""  73.665""], ["" 128.189"", "" 128.139"", ""  73.132""], ["" 127.020"", "" 127.861"", ""  73.740""], ["" 128.637"", "" 129.281"", ""  73.002""], ["" 126.549"", "" 126.969"", ""  73.673""], ["" 126.136"", "" 128.903"", ""  74.015""], ["" 124.904"", "" 128.381"", ""  74.491""]]",[],1l_Grossjean_2025
17,8131,1m_Grossjean_2025,receptor_tmp,1,5,-7.01,-0.3338095238095238,0.0,0.0,2,191.24,-8.8,-8.27,-0.53,-8.8,0.0,-0.63,1.79,-0.63,41,7,0.0,0.0,0.0,10.588589,18.665754,7.373015,-0.00304235,-0.97655935,-0.21522679,98.694252,"120.25338, 112.183563, 313.420776, 186.748154, 90.513985, 331.270996, ","[["" 126.928"", "" 131.133"", ""  61.734""], ["" 127.060"", "" 130.488"", ""  62.909""], ["" 126.043"", "" 130.868"", ""  60.918""], ["" 127.828"", "" 130.745"", ""  63.512""], ["" 127.966"", "" 132.229"", ""  61.461""], ["" 128.442"", "" 132.409"", ""  59.708""], ["" 130.143"", "" 131.909"", ""  59.545""], ["" 132.161"", "" 131.346"", ""  58.328""], ["" 130.807"", "" 131.753"", ""  58.304""], ["" 132.788"", "" 131.128"", ""  59.559""], ["" 130.146"", "" 132.034"", ""  57.028""], ["" 132.065"", "" 131.331"", ""  60.733""], ["" 129.623"", "" 132.256"", ""  56.020""], ["" 130.769"", "" 131.720"", ""  60.734""], ["" 132.978"", "" 131.133"", ""  57.056""], ["" 132.692"", "" 131.121"", ""  62.098""], ["" 126.186"", "" 129.413"", ""  63.400""], ["" 125.251"", "" 129.875"", ""  64.537""], ["" 124.148"", "" 130.392"", ""  64.332""], ["" 125.797"", "" 129.648"", ""  65.750""], ["" 127.138"", "" 129.192"", ""  65.864""]]",[],1m_Grossjean_2025
18,7923,1n_Grossjean_2025,receptor_tmp,1,3,-8.9,-0.3178571428571429,0.0,0.0,1,189.52,-11.28,-10.95,-0.34,-11.28,0.0,-0.94,2.39,-0.94,52,6,0.0,0.0,0.0,10.031473,14.675951,1.473549,0.79020338,0.20633906,-0.57706396,28.793047,"17.253031, 206.00795, 316.909149, 69.010696, 74.270798, 173.675461, 85.556137, 65.557274, ","[["" 126.737"", "" 129.626"", ""  56.521""], ["" 127.525"", "" 128.622"", ""  56.961""], ["" 125.748"", "" 129.493"", ""  55.799""], ["" 128.270"", "" 128.885"", ""  57.589""], ["" 127.136"", "" 131.033"", ""  56.982""], ["" 127.348"", "" 131.133"", ""  58.508""], ["" 128.352"", "" 132.553"", ""  59.038""], ["" 130.042"", "" 132.006"", ""  59.152""], ["" 132.205"", "" 131.363"", ""  58.272""], ["" 130.890"", "" 131.822"", ""  58.034""], ["" 132.620"", "" 131.127"", ""  59.588""], ["" 130.452"", "" 132.125"", ""  56.670""], ["" 131.725"", "" 131.358"", ""  60.630""], ["" 130.108"", "" 132.365"", ""  55.591""], ["" 130.460"", "" 131.793"", ""  60.425""], ["" 133.207"", "" 131.115"", ""  57.146""], ["" 132.118"", "" 131.132"", ""  62.078""], ["" 127.439"", "" 127.236"", ""  56.720""], ["" 126.963"", "" 126.465"", ""  57.781""], ["" 127.803"", "" 126.606"", ""  55.522""], ["" 126.832"", "" 125.086"", ""  57.649""], ["" 127.675"", "" 125.226"", ""  55.392""], ["" 127.185"", "" 124.449"", ""  56.449""], ["" 127.055"", "" 122.964"", ""  56.270""], ["" 127.973"", "" 122.170"", ""  56.497""], ["" 125.831"", "" 122.583"", ""  55.821""], ["" 124.769"", "" 123.522"", ""  55.698""], ["" 123.774"", "" 123.316"", ""  56.844""]]",[],1n_Grossjean_2025
19,8225,1o_Grossjean_2025,receptor_tmp,1,4,-7.44,-0.27555555555555555,0.0,0.0,1,183.33,-9.52,-9.16,-0.37,-9.52,0.0,-2.14,2.09,-2.14,38,4,0.0,0.0,0.0,12.743188,6.774485,8.193896,-0.43205711,0.39874553,0.80890584,161.453857,"146.662766, 301.756897, 138.876007, 133.95845, 75.476562, 13.157154, 141.145966, ","[["" 130.579"", "" 122.254"", ""  61.955""], ["" 129.542"", "" 123.092"", ""  61.734""], ["" 130.984"", "" 121.402"", ""  61.164""], ["" 129.371"", "" 123.783"", ""  62.449""], ["" 131.300"", "" 122.435"", ""  63.299""], ["" 132.421"", "" 123.492"", ""  63.253""], ["" 133.163"", "" 123.710"", ""  61.608""], ["" 132.078"", "" 124.729"", ""  60.630""], ["" 131.225"", "" 125.697"", ""  58.580""], ["" 132.149"", "" 124.840"", ""  59.220""], ["" 130.276"", "" 126.378"", ""  59.349""], ["" 133.112"", "" 124.074"", ""  58.425""], ["" 130.260"", "" 126.188"", ""  60.728""], ["" 133.872"", "" 123.470"", ""  57.796""], ["" 131.137"", "" 125.375"", ""  61.364""], ["" 131.213"", "" 125.912"", ""  57.067""], ["" 129.247"", "" 126.887"", ""  61.616""], ["" 128.667"", "" 123.174"", ""  60.632""], ["" 129.214"", "" 122.827"", ""  59.397""], ["" 127.329"", "" 123.591"", ""  60.699""], ["" 128.439"", "" 122.881"", ""  58.241""], ["" 126.556"", "" 123.646"", ""  59.542""], ["" 127.099"", "" 123.292"", ""  58.300""], ["" 126.235"", "" 123.365"", ""  57.075""], ["" 125.144"", "" 123.943"", ""  57.048""], ["" 126.771"", "" 122.730"", ""  56.001""], ["" 127.356"", "" 123.464"", ""  54.934""]]",[],1o_Grossjean_2025
20,8082,1p_Grossjean_2025,receptor_tmp,1,19,-8.2,-0.3727272727272727,0.0,0.0,2,194.9,-9.69,-9.02,-0.67,-9.69,0.0,-0.45,1.49,-0.45,46,5,0.0,0.0,0.0,13.780442,12.023015,16.10486,-0.15063834,-0.33961491,-0.92842329,242.827759,"76.385597, 339.640808, 349.138367, 36.248451, 175.203964, ","[["" 129.979"", "" 126.683"", ""  71.339""], ["" 130.771"", "" 126.999"", ""  72.943""], ["" 131.344"", "" 125.430"", ""  73.552""], ["" 132.921"", "" 123.946"", ""  74.638""], ["" 132.584"", "" 125.250"", ""  74.210""], ["" 132.022"", "" 122.898"", ""  74.411""], ["" 133.486"", "" 126.372"", ""  74.479""], ["" 130.812"", "" 123.170"", ""  73.775""], ["" 134.200"", "" 127.258"", ""  74.692""], ["" 130.470"", "" 124.410"", ""  73.355""], ["" 134.234"", "" 123.628"", ""  75.350""], ["" 129.791"", "" 122.079"", ""  73.513""], ["" 128.886"", "" 127.706"", ""  70.973""], ["" 128.424"", "" 128.561"", ""  72.162""], ["" 127.225"", "" 128.228"", ""  72.691""], ["" 129.135"", "" 129.487"", ""  72.558""], ["" 126.737"", "" 127.448"", ""  72.277""], ["" 126.580"", "" 128.836"", ""  73.761""], ["" 127.102"", "" 129.742"", ""  74.570""], ["" 125.261"", "" 128.552"", ""  74.116""], ["" 126.111"", "" 130.075"", ""  75.496""], ["" 125.006"", "" 129.348"", ""  75.209""]]",[],1p_Grossjean_2025
21,3144,1q_Grossjean_2025,receptor_tmp,1,11,-7.45,-0.3386363636363636,0.0,0.0,4,192.6,-9.54,-9.14,-0.4,-9.54,0.0,-0.67,2.09,-0.67,49,5,0.0,0.0,0.0,13.014869,13.94735,16.154507,-0.65464886,-0.70585605,-0.27055886,113.646339,"199.2733, 285.031982, 162.387131, 109.350586, 40.079212, 292.384979, 162.679855, ","[["" 128.026"", "" 128.359"", ""  72.762""], ["" 127.189"", "" 127.739"", ""  73.615""], ["" 128.539"", "" 129.455"", ""  72.997""], ["" 126.792"", "" 126.854"", ""  73.334""], ["" 128.332"", "" 127.610"", ""  71.457""], ["" 129.586"", "" 126.716"", ""  71.519""], ["" 130.654"", "" 127.057"", ""  72.949""], ["" 131.284"", "" 125.510"", ""  73.569""], ["" 132.905"", "" 124.065"", ""  74.644""], ["" 132.541"", "" 125.358"", ""  74.204""], ["" 132.030"", "" 122.996"", ""  74.427""], ["" 133.469"", "" 126.478"", ""  74.372""], ["" 130.824"", "" 123.232"", ""  73.770""], ["" 134.206"", "" 127.361"", ""  74.506""], ["" 130.454"", "" 124.461"", ""  73.342""], ["" 134.229"", "" 123.778"", ""  75.350""], ["" 129.837"", "" 122.112"", ""  73.495""], ["" 126.759"", "" 128.251"", ""  74.925""], ["" 125.488"", "" 129.124"", ""  74.844""], ["" 124.377"", "" 128.600"", ""  74.754""], ["" 125.729"", "" 130.456"", ""  74.910""], ["" 124.867"", "" 131.309"", ""  75.650""]]",[],1q_Grossjean_2025
22,3294,2a_Ghoteimi_2023,receptor_tmp,1,18,-8.35,-0.1704081632653061,0.0,0.0,6,190.55,-11.63,-11.21,-0.41,-11.63,0.0,-2.47,3.28,-2.47,84,7,0.0,0.0,0.0,7.835828,16.086562,7.993497,-0.70267921,-0.60576589,-0.37321525,270.048462,"123.514732, 134.699982, 273.680023, 252.823547, 352.742554, 325.452972, 61.626305, 211.373352, 258.022308, 79.864632, 156.258713, ","[["" 127.241"", "" 133.661"", ""  61.558""], ["" 128.109"", "" 132.649"", ""  61.343""], ["" 126.881"", "" 134.478"", ""  60.710""], ["" 128.365"", "" 132.104"", ""  62.152""], ["" 126.724"", "" 133.781"", ""  62.998""], ["" 125.268"", "" 132.749"", ""  63.365""], ["" 125.844"", "" 131.068"", ""  63.303""], ["" 125.095"", "" 131.302"", ""  59.824""], ["" 125.455"", "" 130.866"", ""  60.834""], ["" 125.913"", "" 130.312"", ""  62.112""], ["" 126.398"", "" 128.984"", ""  62.196""], ["" 126.209"", "" 130.570"", ""  64.507""], ["" 126.771"", "" 128.489"", ""  63.454""], ["" 126.675"", "" 129.298"", ""  64.589""], ["" 126.532"", "" 128.067"", ""  61.024""], ["" 126.420"", "" 128.568"", ""  59.724""], ["" 126.738"", "" 126.696"", ""  61.200""], ["" 126.524"", "" 127.720"", ""  58.626""], ["" 126.843"", "" 125.848"", ""  60.102""], ["" 126.745"", "" 126.345"", ""  58.794""], ["" 126.833"", "" 125.473"", ""  57.705""], ["" 125.682"", "" 124.609"", ""  57.374""], ["" 128.087"", "" 124.760"", ""  57.389""], ["" 125.761"", "" 124.004"", ""  55.956""], ["" 128.105"", "" 124.147"", ""  55.974""], ["" 126.982"", "" 123.299"", ""  55.796""], ["" 127.069"", "" 128.819"", ""  65.949""], ["" 128.255"", "" 129.250"", ""  66.555""], ["" 126.264"", "" 127.912"", ""  66.647""], ["" 128.623"", "" 128.791"", ""  67.817""], ["" 126.632"", "" 127.451"", ""  67.907""], ["" 127.815"", "" 127.890"", ""  68.524""], ["" 128.212"", "" 127.414"", ""  69.778""], ["" 127.659"", "" 127.977"", ""  71.026""], ["" 129.613"", "" 126.998"", ""  69.997""], ["" 127.924"", "" 127.108"", ""  72.274""], ["" 129.820"", "" 126.159"", ""  71.276""], ["" 129.313"", "" 126.854"", ""  72.403""], ["" 128.750"", "" 132.248"", ""  60.155""], ["" 128.040"", "" 132.480"", ""  58.975""], ["" 130.024"", "" 131.665"", ""  60.086""], ["" 128.582"", "" 132.126"", ""  57.743""], ["" 130.565"", "" 131.310"", ""  58.853""], ["" 129.852"", "" 131.535"", ""  57.667""], ["" 130.468"", "" 131.139"", ""  56.356""], ["" 130.451"", "" 129.984"", ""  55.919""], ["" 131.050"", "" 132.177"", ""  55.702""], ["" 132.327"", "" 132.666"", ""  56.089""], ["" 133.171"", "" 131.509"", ""  56.631""]]",[],2a_Ghoteimi_2023
23,8535,2a_Grossjean_2025,receptor_tmp,1,19,-7.73,-0.25766666666666665,0.0,0.0,2,181.3,-10.11,-10.03,-0.08,-10.11,0.0,-0.81,2.39,-0.81,44,6,0.0,0.0,0.0,10.750364,12.225393,3.046079,-0.2633648,-0.79331558,-0.54889832,256.542114,"212.949402, 221.425201, 1.394987, 332.934174, 12.303844, 93.172585, 2.238168, 185.307587, ","[["" 127.866"", "" 125.747"", ""  55.052""], ["" 127.220"", "" 126.892"", ""  55.361""], ["" 129.082"", "" 125.633"", ""  54.896""], ["" 126.221"", "" 126.815"", ""  55.482""], ["" 126.977"", "" 124.510"", ""  54.887""], ["" 127.700"", "" 123.000"", ""  55.610""], ["" 127.767"", "" 123.155"", ""  57.391""], ["" 129.077"", "" 122.927"", ""  59.308""], ["" 128.029"", "" 123.327"", ""  60.132""], ["" 128.957"", "" 122.844"", ""  57.964""], ["" 126.791"", "" 123.661"", ""  59.561""], ["" 126.652"", "" 123.575"", ""  58.152""], ["" 125.380"", "" 123.910"", ""  57.502""], ["" 124.376"", "" 124.174"", ""  56.989""], ["" 130.429"", "" 122.538"", ""  59.877""], ["" 125.642"", "" 124.103"", ""  60.486""], ["" 125.800"", "" 123.573"", ""  61.699""], ["" 125.628"", "" 125.433"", ""  60.592""], ["" 124.443"", "" 123.724"", ""  60.035""], ["" 127.729"", "" 128.181"", ""  55.604""], ["" 129.066"", "" 128.378"", ""  55.255""], ["" 127.000"", "" 129.243"", ""  56.158""], ["" 129.669"", "" 129.618"", ""  55.439""], ["" 127.606"", "" 130.483"", ""  56.345""], ["" 128.944"", "" 130.688"", ""  55.985""], ["" 129.562"", "" 132.041"", ""  56.196""], ["" 128.982"", "" 132.971"", ""  56.764""], ["" 130.815"", "" 132.142"", ""  55.682""], ["" 131.954"", "" 131.764"", ""  56.445""], ["" 133.219"", "" 132.290"", ""  55.760""]]",[],2a_Grossjean_2025
24,8155,2aa_Ghoteimi_2023,receptor_tmp,1,18,-8.48,-0.17306122448979594,0.0,0.0,4,187.85,-11.77,-10.93,-0.84,-11.77,0.0,-3.72,3.28,-3.72,94,12,0.0,0.0,0.0,4.525778,15.637281,8.039452,0.21231855,-0.63782428,-0.74033845,332.471252,"98.047714, 8.423683, 262.866058, 163.928635, 358.923096, 126.451698, 260.018555, 305.693542, 266.26712, 225.351837, 44.891403, ","[["" 124.227"", "" 131.557"", ""  61.114""], ["" 125.158"", "" 130.811"", ""  60.481""], ["" 124.172"", "" 132.788"", ""  61.093""], ["" 125.033"", "" 129.810"", ""  60.531""], ["" 123.171"", "" 130.748"", ""  61.879""], ["" 123.627"", "" 130.504"", ""  63.214""], ["" 124.829"", "" 129.845"", ""  63.431""], ["" 123.785"", "" 130.371"", ""  66.763""], ["" 124.432"", "" 130.017"", ""  65.872""], ["" 125.252"", "" 129.568"", ""  64.744""], ["" 126.472"", "" 128.879"", ""  64.935""], ["" 125.568"", "" 129.485"", ""  62.344""], ["" 127.217"", "" 128.530"", ""  63.801""], ["" 126.750"", "" 128.843"", ""  62.521""], ["" 127.011"", "" 128.494"", ""  66.275""], ["" 128.202"", "" 129.054"", ""  66.744""], ["" 126.352"", "" 127.552"", ""  67.069""], ["" 128.719"", "" 128.686"", ""  67.982""], ["" 126.870"", "" 127.183"", ""  68.307""], ["" 128.068"", "" 127.734"", ""  68.782""], ["" 128.567"", "" 127.352"", ""  70.030""], ["" 127.919"", "" 127.785"", ""  71.283""], ["" 130.029"", "" 127.284"", ""  70.230""], ["" 128.384"", "" 126.990"", ""  72.522""], ["" 130.438"", "" 126.502"", ""  71.495""], ["" 129.798"", "" 127.052"", ""  72.636""], ["" 127.503"", "" 128.475"", ""  61.282""], ["" 126.856"", "" 127.844"", ""  60.215""], ["" 128.870"", "" 128.746"", ""  61.158""], ["" 127.551"", "" 127.504"", ""  59.056""], ["" 129.565"", "" 128.410"", ""  59.999""], ["" 128.917"", "" 127.797"", ""  58.918""], ["" 129.633"", "" 127.451"", ""  57.766""], ["" 130.513"", "" 126.265"", ""  57.733""], ["" 129.020"", "" 127.652"", ""  56.436""], ["" 131.479"", "" 126.239"", ""  56.530""], ["" 130.031"", "" 127.587"", ""  55.271""], ["" 130.751"", "" 126.365"", ""  55.319""], ["" 126.264"", "" 131.213"", ""  59.707""], ["" 126.331"", "" 130.675"", ""  58.421""], ["" 127.277"", "" 132.078"", ""  60.145""], ["" 127.384"", "" 131.005"", ""  57.573""], ["" 128.331"", "" 132.404"", ""  59.296""], ["" 128.398"", "" 131.875"", ""  58.001""], ["" 129.550"", "" 132.247"", ""  57.113""], ["" 129.413"", "" 132.615"", ""  55.941""], ["" 130.758"", "" 132.125"", ""  57.722""], ["" 131.452"", "" 130.885"", ""  57.737""], ["" 132.877"", "" 131.094"", ""  57.214""]]",[],2aa_Ghoteimi_2023
25,7887,2b_Ghoteimi_2023,receptor_tmp,1,14,-7.24,-0.16837209302325581,0.0,0.0,2,189.65,-9.63,-9.14,-0.48,-9.63,0.0,-2.82,2.39,-2.82,72,5,0.0,0.0,0.0,14.428585,9.996043,8.544823,-0.09873222,0.45539513,-0.88479784,29.645357,"92.610062, 342.38559, 39.594429, 257.470795, 109.647972, 349.188812, 350.771667, 69.757248, ","[["" 134.464"", "" 124.274"", ""  62.089""], ["" 132.857"", "" 124.719"", ""  62.711""], ["" 134.572"", "" 125.456"", ""  65.757""], ["" 133.713"", "" 125.334"", ""  64.992""], ["" 132.621"", "" 125.182"", ""  64.026""], ["" 131.289"", "" 125.502"", ""  64.389""], ["" 131.870"", "" 124.607"", ""  61.792""], ["" 130.280"", "" 125.345"", ""  63.430""], ["" 130.593"", "" 124.912"", ""  62.138""], ["" 130.894"", "" 126.007"", ""  65.737""], ["" 129.757"", "" 125.504"", ""  66.372""], ["" 131.643"", "" 126.999"", ""  66.376""], ["" 129.385"", "" 125.972"", ""  67.629""], ["" 131.268"", "" 127.470"", ""  67.631""], ["" 130.130"", "" 126.969"", ""  68.278""], ["" 129.783"", "" 127.445"", ""  69.544""], ["" 128.356"", "" 127.630"", ""  69.877""], ["" 130.520"", "" 127.025"", ""  70.752""], ["" 128.129"", "" 128.501"", ""  71.131""], ["" 130.241"", "" 127.918"", ""  71.978""], ["" 128.846"", "" 127.966"", ""  72.233""], ["" 129.558"", "" 124.757"", ""  61.070""], ["" 128.618"", "" 123.722"", ""  61.131""], ["" 129.489"", "" 125.646"", ""  59.990""], ["" 127.642"", "" 123.581"", ""  60.149""], ["" 128.514"", "" 125.504"", ""  59.006""], ["" 127.576"", "" 124.464"", ""  59.060""], ["" 126.582"", "" 124.353"", ""  58.081""], ["" 126.887"", "" 123.697"", ""  56.793""], ["" 125.170"", "" 124.115"", ""  58.440""], ["" 125.848"", "" 123.990"", ""  55.689""], ["" 124.180"", "" 124.392"", ""  57.288""], ["" 124.548"", "" 123.644"", ""  56.141""], ["" 134.224"", "" 123.468"", ""  60.477""], ["" 133.605"", "" 122.076"", ""  60.616""], ["" 132.256"", "" 122.034"", ""  60.589""], ["" 134.344"", "" 121.097"", ""  60.736""], ["" 131.767"", "" 122.913"", ""  60.500""], ["" 131.446"", "" 120.913"", ""  60.704""], ["" 131.844"", "" 119.655"", ""  60.617""], ["" 130.072"", "" 120.988"", ""  60.931""], ["" 130.708"", "" 118.862"", ""  60.793""], ["" 129.647"", "" 119.681"", ""  60.981""]]",[],2b_Ghoteimi_2023
26,3990,2b_Grossjean_2025,receptor_tmp,1,5,-7.58,-0.2613793103448276,0.0,0.0,2,186.26,-9.67,-9.39,-0.28,-9.67,0.0,-0.75,2.09,-0.75,56,5,0.0,0.0,0.0,12.67342,13.990459,4.202988,0.36839052,0.63149564,-0.68227683,131.596985,"157.804398, 284.350067, 227.200424, 88.596878, 227.147095, 49.897366, 358.298828, ","[["" 127.521"", "" 129.616"", ""  58.076""], ["" 126.932"", "" 128.451"", ""  58.419""], ["" 128.230"", "" 129.792"", ""  57.084""], ["" 126.445"", "" 128.443"", ""  59.303""], ["" 127.272"", "" 130.781"", ""  59.039""], ["" 128.320"", "" 132.233"", ""  58.695""], ["" 130.043"", "" 131.803"", ""  58.899""], ["" 131.727"", "" 131.199"", ""  60.398""], ["" 132.674"", "" 131.124"", ""  59.381""], ["" 130.435"", "" 131.527"", ""  60.169""], ["" 132.290"", "" 131.398"", ""  58.059""], ["" 130.939"", "" 131.749"", ""  57.805""], ["" 130.484"", "" 132.052"", ""  56.445""], ["" 130.125"", "" 132.289"", ""  55.371""], ["" 132.086"", "" 130.919"", ""  61.844""], ["" 133.349"", "" 131.305"", ""  56.945""], ["" 134.058"", "" 132.434"", ""  56.895""], ["" 134.176"", "" 130.286"", ""  57.182""], ["" 132.814"", "" 131.114"", ""  55.737""], ["" 126.946"", "" 127.208"", ""  57.757""], ["" 126.476"", "" 126.122"", ""  58.496""], ["" 127.372"", "" 127.009"", ""  56.436""], ["" 126.442"", "" 124.848"", ""  57.935""], ["" 127.336"", "" 125.735"", ""  55.876""], ["" 126.873"", "" 124.639"", ""  56.617""], ["" 126.848"", "" 123.280"", ""  55.979""], ["" 127.812"", "" 122.794"", ""  55.379""], ["" 125.662"", "" 122.638"", ""  56.131""], ["" 124.432"", "" 123.302"", ""  55.874""]]",[],2b_Grossjean_2025
27,7938,2c_Ghoteimi_2023,receptor_tmp,1,8,-7.61,-0.17697674418604653,0.0,0.0,3,189.52,-10.0,-9.53,-0.46,-10.0,0.0,-2.73,2.39,-2.73,79,6,0.0,0.0,0.0,14.509159,10.115029,8.239715,-0.477475,-0.25153639,0.84187117,321.561523,"101.112831, 344.073334, 143.414078, 146.937759, 130.295959, 61.783417, 253.610077, 84.762131, ","[["" 134.610"", "" 124.194"", ""  62.129""], ["" 132.994"", "" 124.673"", ""  62.696""], ["" 134.613"", "" 125.338"", ""  65.808""], ["" 133.780"", "" 125.244"", ""  65.012""], ["" 132.720"", "" 125.129"", ""  64.005""], ["" 131.383"", "" 125.475"", ""  64.323""], ["" 132.038"", "" 124.591"", ""  61.740""], ["" 130.407"", "" 125.351"", ""  63.326""], ["" 130.756"", "" 124.920"", ""  62.043""], ["" 130.948"", "" 125.968"", ""  65.664""], ["" 129.786"", "" 125.467"", ""  66.254""], ["" 131.683"", "" 126.942"", ""  66.345""], ["" 129.376"", "" 125.918"", ""  67.506""], ["" 131.273"", "" 127.395"", ""  67.595""], ["" 130.109"", "" 126.895"", ""  68.198""], ["" 129.728"", "" 127.347"", ""  69.463""], ["" 128.294"", "" 127.389"", ""  69.813""], ["" 130.519"", "" 127.023"", ""  70.666""], ["" 127.996"", "" 128.254"", ""  71.056""], ["" 130.163"", "" 127.896"", ""  71.887""], ["" 128.773"", "" 127.808"", ""  72.157""], ["" 129.755"", "" 124.787"", ""  60.940""], ["" 130.149"", "" 124.371"", ""  59.664""], ["" 128.400"", "" 125.065"", ""  61.154""], ["" 129.221"", "" 124.240"", ""  58.634""], ["" 127.471"", "" 124.936"", ""  60.124""], ["" 127.863"", "" 124.532"", ""  58.840""], ["" 126.914"", "" 124.381"", ""  57.824""], ["" 127.317"", "" 123.818"", ""  56.519""], ["" 125.520"", "" 123.992"", ""  58.122""], ["" 126.289"", "" 124.066"", ""  55.394""], ["" 124.544"", "" 124.229"", ""  56.950""], ["" 125.017"", "" 123.577"", ""  55.782""], ["" 134.521"", "" 124.003"", ""  60.323""], ["" 133.447"", "" 122.998"", ""  59.904""], ["" 132.856"", "" 122.323"", ""  60.914""], ["" 133.182"", "" 122.860"", ""  58.709""], ["" 133.169"", "" 122.519"", ""  61.854""], ["" 131.872"", "" 121.352"", ""  60.798""], ["" 131.939"", "" 120.207"", ""  60.156""], ["" 130.361"", "" 121.658"", ""  61.592""], ["" 130.816"", "" 119.525"", ""  60.260""], ["" 129.801"", "" 120.122"", ""  61.003""]]",[],2c_Ghoteimi_2023
28,3541,2c_Grossjean_2025,receptor_tmp,1,1,-6.18,-0.2288888888888889,0.0,0.0,2,190.56,-7.97,-7.75,-0.23,-7.97,0.0,-1.76,1.79,-1.76,52,4,0.0,0.0,0.0,11.142619,16.08673,4.571689,0.36593999,0.07330032,-0.92774727,84.240257,"231.465256, 282.435455, 22.34852, 358.274536, 340.409821, 122.63282, ","[["" 127.443"", "" 130.593"", ""  56.593""], ["" 128.481"", "" 132.089"", ""  56.751""], ["" 129.907"", "" 131.718"", ""  57.764""], ["" 130.694"", "" 131.292"", ""  59.918""], ["" 132.004"", "" 131.153"", ""  59.465""], ["" 129.662"", "" 131.564"", ""  59.091""], ["" 132.280"", "" 131.300"", ""  58.099""], ["" 131.207"", "" 131.591"", ""  57.219""], ["" 131.438"", "" 131.758"", ""  55.780""], ["" 131.620"", "" 131.889"", ""  54.644""], ["" 130.341"", "" 131.151"", ""  61.386""], ["" 133.734"", "" 131.142"", ""  57.613""], ["" 134.558"", "" 131.058"", ""  58.658""], ["" 133.853"", "" 130.036"", ""  56.877""], ["" 134.141"", "" 132.169"", ""  56.862""], ["" 126.402"", "" 130.391"", ""  57.704""], ["" 126.829"", "" 130.703"", ""  58.946""], ["" 125.284"", "" 129.945"", ""  57.438""], ["" 127.804"", "" 130.945"", ""  59.041""], ["" 126.115"", "" 130.656"", ""  60.158""], ["" 124.800"", "" 131.119"", ""  60.312""], ["" 126.801"", "" 130.150"", ""  61.263""], ["" 124.180"", "" 131.047"", ""  61.557""], ["" 126.178"", "" 130.081"", ""  62.505""], ["" 124.856"", "" 130.528"", ""  62.661""], ["" 124.158"", "" 130.497"", ""  63.852""], ["" 124.778"", "" 129.937"", ""  65.006""]]",[],2c_Grossjean_2025
29,7899,2d_Ghoteimi_2023,receptor_tmp,2,10,-6.62,-0.17421052631578948,0.0,0.0,4,189.73,-9.01,-8.45,-0.56,-9.01,0.0,-1.76,2.39,-1.76,77,7,0.0,0.0,0.0,13.927903,10.650584,8.733283,0.98909129,-0.00617496,-0.14717435,152.93634,"101.244965, 105.109528, 122.108551, 114.203758, 253.139603, 129.231415, 323.471436, 168.446274, ","[["" 134.564"", "" 124.013"", ""  62.121""], ["" 132.958"", "" 124.531"", ""  62.691""], ["" 134.579"", "" 125.199"", ""  65.806""], ["" 133.748"", "" 125.117"", ""  65.004""], ["" 132.691"", "" 125.016"", ""  63.992""], ["" 131.362"", "" 125.397"", ""  64.301""], ["" 131.986"", "" 124.383"", ""  61.758""], ["" 130.383"", "" 125.265"", ""  63.308""], ["" 130.712"", "" 124.745"", ""  62.054""], ["" 130.932"", "" 125.935"", ""  65.627""], ["" 129.766"", "" 125.462"", ""  66.231""], ["" 131.698"", "" 126.893"", ""  66.297""], ["" 129.363"", "" 125.947"", ""  67.472""], ["" 131.295"", "" 127.379"", ""  67.537""], ["" 130.117"", "" 126.924"", ""  68.144""], ["" 129.738"", "" 127.416"", ""  69.396""], ["" 130.508"", "" 127.093"", ""  70.614""], ["" 128.304"", "" 127.506"", ""  69.731""], ["" 130.163"", "" 127.998"", ""  71.816""], ["" 128.016"", "" 128.403"", ""  70.954""], ["" 128.768"", "" 127.956"", ""  72.072""], ["" 129.698"", "" 124.569"", ""  60.970""], ["" 129.311"", "" 125.653"", ""  60.174""], ["" 129.106"", "" 123.324"", ""  60.725""], ["" 128.367"", "" 125.496"", ""  59.162""], ["" 128.164"", "" 123.167"", ""  59.712""], ["" 127.784"", "" 124.247"", ""  58.903""], ["" 126.820"", "" 124.076"", ""  57.902""], ["" 127.068"", "" 123.212"", ""  56.731""], ["" 125.390"", "" 124.019"", ""  58.267""], ["" 126.072"", "" 123.437"", ""  55.575""], ["" 124.438"", "" 124.216"", ""  57.068""], ["" 124.742"", "" 123.282"", ""  56.045""], ["" 134.561"", "" 124.037"", ""  60.296""], ["" 133.591"", "" 122.989"", ""  59.728""], ["" 133.203"", "" 122.009"", ""  60.370""], ["" 133.240"", "" 123.283"", ""  58.459""], ["" 132.750"", "" 124.574"", ""  58.127""]]",[],2d_Ghoteimi_2023
30,3460,2d_Grossjean_2025,receptor_tmp,1,9,-7.92,-0.31679999999999997,0.0,0.0,3,192.64,-9.42,-9.3,-0.11,-9.42,0.0,-0.38,1.49,-0.38,76,3,0.0,0.0,0.0,12.863236,9.831694,17.896165,-0.50634391,-0.47003592,0.72296755,141.468948,"26.522713, 267.393219, 142.312515, 306.573669, 170.992081, ","[["" 130.563"", "" 126.953"", ""  72.335""], ["" 131.041"", "" 125.439"", ""  73.146""], ["" 130.417"", "" 123.230"", ""  73.537""], ["" 131.540"", "" 123.002"", ""  74.329""], ["" 130.167"", "" 124.422"", ""  72.949""], ["" 132.466"", "" 124.036"", ""  74.526""], ["" 132.221"", "" 125.292"", ""  73.913""], ["" 133.181"", "" 126.390"", ""  74.050""], ["" 133.941"", "" 127.256"", ""  74.158""], ["" 129.387"", "" 122.144"", ""  73.288""], ["" 133.707"", "" 123.763"", ""  75.397""], ["" 134.756"", "" 124.436"", ""  74.922""], ["" 133.479"", "" 124.150"", ""  76.654""], ["" 134.041"", "" 122.471"", ""  75.430""], ["" 128.745"", "" 127.004"", ""  72.215""], ["" 128.137"", "" 128.250"", ""  72.867""], ["" 126.981"", "" 128.054"", ""  73.535""], ["" 128.731"", "" 129.325"", ""  72.773""], ["" 126.659"", "" 127.099"", ""  73.602""], ["" 126.185"", "" 128.986"", ""  74.227""], ["" 126.822"", "" 130.167"", ""  74.615""], ["" 124.835"", "" 128.782"", ""  74.560""], ["" 126.120"", "" 131.148"", ""  75.309""], ["" 124.136"", "" 129.764"", ""  75.255""], ["" 124.779"", "" 130.943"", ""  75.625""]]",[],2d_Grossjean_2025
31,8210,2e_Grossjean_2025,receptor_tmp,1,15,-7.12,-0.27384615384615385,0.0,0.0,1,190.36,-8.61,-8.13,-0.48,-8.61,0.0,-0.57,1.49,-0.57,44,4,0.0,0.0,0.0,10.130399,7.631156,18.203376,0.90347497,0.16067395,0.39738755,184.424911,"219.785767, 280.622803, 342.1492, 51.300125, 38.076946, ","[["" 127.286"", "" 120.937"", ""  75.670""], ["" 126.085"", "" 120.600"", ""  74.401""], ["" 125.741"", "" 120.329"", ""  72.115""], ["" 124.366"", "" 120.184"", ""  72.293""], ["" 126.592"", "" 120.537"", ""  73.145""], ["" 123.824"", "" 120.256"", ""  73.585""], ["" 124.704"", "" 120.468"", ""  74.675""], ["" 124.197"", "" 120.583"", ""  76.047""], ["" 123.797"", "" 120.674"", ""  77.129""], ["" 126.374"", "" 120.269"", ""  70.739""], ["" 122.301"", "" 120.116"", ""  73.762""], ["" 121.681"", "" 120.353"", ""  72.606""], ["" 122.002"", "" 118.882"", ""  74.168""], ["" 121.807"", "" 120.967"", ""  74.664""], ["" 128.909"", "" 120.703"", ""  74.877""], ["" 129.411"", "" 121.986"", ""  74.207""], ["" 130.627"", "" 122.422"", ""  74.607""], ["" 128.690"", "" 122.558"", ""  73.388""], ["" 131.160"", "" 121.804"", ""  75.200""], ["" 131.276"", "" 123.618"", ""  74.258""], ["" 130.707"", "" 124.519"", ""  73.405""], ["" 132.507"", "" 123.867"", ""  74.877""], ["" 131.369"", "" 125.676"", ""  73.145""], ["" 133.176"", "" 125.062"", ""  74.599""], ["" 132.604"", "" 125.984"", ""  73.721""], ["" 130.677"", "" 126.631"", ""  72.191""]]",[],2e_Grossjean_2025
32,8019,2f_Grossjean_2025,receptor_tmp,1,8,-7.58,-0.3032,0.0,0.0,3,193.98,-9.07,-8.91,-0.15,-9.07,0.0,-0.43,1.49,-0.43,72,5,0.0,0.0,0.0,12.247121,11.554552,18.522424,-0.43787383,-0.85949234,-0.2637033,232.562103,"267.875977, 161.770264, 338.350555, 28.861967, 342.229645, ","[["" 130.568"", "" 126.828"", ""  72.208""], ["" 131.011"", "" 125.352"", ""  73.102""], ["" 130.320"", "" 123.191"", ""  73.631""], ["" 131.464"", "" 122.959"", ""  74.390""], ["" 130.088"", "" 124.365"", ""  73.001""], ["" 132.421"", "" 123.977"", ""  74.526""], ["" 132.190"", "" 125.216"", ""  73.874""], ["" 133.131"", "" 126.328"", ""  74.032""], ["" 133.875"", "" 127.206"", ""  74.156""], ["" 129.251"", "" 122.129"", ""  73.459""], ["" 133.674"", "" 123.705"", ""  75.380""], ["" 133.988"", "" 122.409"", ""  75.333""], ["" 134.703"", "" 124.416"", ""  74.917""], ["" 133.506"", "" 124.030"", ""  76.664""], ["" 128.749"", "" 126.982"", ""  72.236""], ["" 128.212"", "" 128.237"", ""  72.938""], ["" 127.014"", "" 128.073"", ""  73.539""], ["" 128.865"", "" 129.282"", ""  72.943""], ["" 126.621"", "" 127.143"", ""  73.506""], ["" 126.237"", "" 129.004"", ""  74.254""], ["" 124.926"", "" 128.627"", ""  74.566""], ["" 126.664"", "" 130.281"", ""  74.663""], ["" 124.062"", "" 129.422"", ""  75.248""], ["" 125.788"", "" 131.111"", ""  75.365""], ["" 124.502"", "" 130.645"", ""  75.638""]]",[],2f_Grossjean_2025
33,8460,2g_Grossjean_2025,receptor_tmp,1,13,-6.56,-0.2523076923076923,0.0,0.0,6,185.23,-8.35,-8.26,-0.09,-8.35,0.0,-1.72,1.79,-1.72,52,3,0.0,0.0,0.0,12.102829,10.398658,1.279091,-0.90704127,-0.25761916,0.33302927,257.149323,"121.284912, 217.308807, 183.004333, 139.271286, 132.168091, 354.513092, ","[["" 128.757"", "" 123.251"", ""  55.990""], ["" 127.219"", "" 123.445"", ""  56.865""], ["" 124.903"", "" 123.298"", ""  56.668""], ["" 124.718"", "" 123.657"", ""  58.001""], ["" 126.127"", "" 123.195"", ""  56.102""], ["" 125.836"", "" 123.943"", ""  58.799""], ["" 127.127"", "" 123.848"", ""  58.220""], ["" 128.323"", "" 124.191"", ""  58.993""], ["" 129.267"", "" 124.462"", ""  59.605""], ["" 123.730"", "" 122.986"", ""  55.759""], ["" 125.611"", "" 124.348"", ""  60.270""], ["" 126.015"", "" 125.603"", ""  60.471""], ["" 124.314"", "" 124.258"", ""  60.570""], ["" 126.278"", "" 123.572"", ""  61.127""], ["" 129.191"", "" 124.874"", ""  55.277""], ["" 130.525"", "" 125.455"", ""  55.768""], ["" 130.811"", "" 125.228"", ""  57.063""], ["" 131.271"", "" 126.078"", ""  55.011""], ["" 130.137"", "" 124.729"", ""  57.625""], ["" 132.014"", "" 125.687"", ""  57.760""], ["" 132.449"", "" 124.795"", ""  58.918""], ["" 132.102"", "" 125.138"", ""  60.228""], ["" 133.138"", "" 123.606"", ""  58.665""], ["" 132.465"", "" 124.306"", ""  61.284""], ["" 133.501"", "" 122.775"", ""  59.721""], ["" 133.164"", "" 123.129"", ""  61.026""]]",[],2g_Grossjean_2025
34,4406,2h_Grossjean_2025,receptor_tmp,2,7,-6.5,-0.203125,0.0,0.0,2,188.95,-9.19,-8.67,-0.52,-9.19,0.0,-2.93,2.68,-2.93,47,4,0.0,0.0,0.0,14.956544,8.7896,3.894319,-0.17703257,-0.24789714,-0.95247387,178.600143,"255.754944, 347.002472, 208.683395, 142.127548, 191.880341, 25.854637, 337.401611, 246.387939, 10.859633, ","[["" 131.310"", "" 121.866"", ""  61.082""], ["" 130.601"", "" 122.892"", ""  61.584""], ["" 130.790"", "" 120.870"", ""  60.576""], ["" 131.099"", "" 123.689"", ""  61.954""], ["" 132.836"", "" 122.010"", ""  61.168""], ["" 133.440"", "" 123.723"", ""  61.338""], ["" 132.354"", "" 124.750"", ""  60.371""], ["" 130.580"", "" 126.254"", ""  60.478""], ["" 130.546"", "" 126.386"", ""  59.091""], ["" 131.465"", "" 125.455"", ""  61.114""], ["" 131.472"", "" 125.680"", ""  58.308""], ["" 132.413"", "" 124.843"", ""  58.960""], ["" 133.437"", "" 124.131"", ""  58.192""], ["" 134.247"", "" 123.572"", ""  57.583""], ["" 129.611"", "" 127.006"", ""  61.371""], ["" 131.425"", "" 125.847"", ""  56.776""], ["" 132.659"", "" 126.012"", ""  56.299""], ["" 130.896"", "" 124.789"", ""  56.158""], ["" 130.690"", "" 126.911"", ""  56.453""], ["" 129.145"", "" 123.018"", ""  61.515""], ["" 128.598"", "" 123.046"", ""  60.089""], ["" 127.229"", "" 123.226"", ""  59.843""], ["" 129.474"", "" 122.886"", ""  59.013""], ["" 126.756"", "" 123.287"", ""  58.521""], ["" 129.000"", "" 122.927"", ""  57.704""], ["" 127.635"", "" 123.130"", ""  57.443""], ["" 126.360"", "" 123.382"", ""  60.897""], ["" 126.182"", "" 124.729"", ""  61.317""], ["" 125.417"", "" 123.482"", ""  58.277""], ["" 125.103"", "" 124.763"", ""  57.749""], ["" 127.094"", "" 123.191"", ""  56.171""], ["" 127.930"", "" 123.533"", ""  55.071""]]",[],2h_Grossjean_2025
35,3312,2i_Grossjean_2025,receptor_tmp,1,2,-7.83,-0.32625,0.0,0.0,3,191.33,-9.33,-8.89,-0.44,-9.33,0.0,-0.43,1.49,-0.43,54,8,0.0,0.0,0.0,11.929915,17.557707,5.600458,-0.21498651,-0.82217794,-0.52707138,200.132736,"261.588135, 19.355898, 161.292587, 2.382309, 57.37952, ","[["" 128.147"", "" 132.509"", ""  59.758""], ["" 129.854"", "" 132.003"", ""  59.626""], ["" 131.778"", "" 131.366"", ""  60.781""], ["" 132.498"", "" 131.219"", ""  59.599""], ["" 130.482"", "" 131.750"", ""  60.803""], ["" 131.869"", "" 131.474"", ""  58.372""], ["" 130.509"", "" 131.876"", ""  58.379""], ["" 129.801"", "" 132.154"", ""  57.125""], ["" 129.242"", "" 132.373"", ""  56.136""], ["" 132.409"", "" 131.101"", ""  62.136""], ["" 132.681"", "" 131.307"", ""  57.073""], ["" 133.729"", "" 130.510"", ""  57.290""], ["" 131.917"", "" 130.768"", ""  56.122""], ["" 133.148"", "" 132.466"", ""  56.603""], ["" 127.872"", "" 133.136"", ""  61.443""], ["" 126.698"", "" 132.442"", ""  62.136""], ["" 127.014"", "" 131.671"", ""  63.198""], ["" 125.556"", "" 132.636"", ""  61.716""], ["" 127.985"", "" 131.624"", ""  63.471""], ["" 126.133"", "" 130.959"", ""  63.995""], ["" 124.846"", "" 131.210"", ""  63.895""], ["" 126.383"", "" 129.970"", ""  64.958""], ["" 124.199"", "" 130.363"", ""  64.798""], ["" 125.140"", "" 129.622"", ""  65.432""]]",[],2i_Grossjean_2025
36,8007,2j_Grossjean_2025,receptor_tmp,1,11,-7.6,-0.31666666666666665,0.0,0.0,4,193.22,-9.09,-8.9,-0.19,-9.09,0.0,-0.34,1.49,-0.34,67,4,0.0,0.0,0.0,11.763714,13.741937,18.072387,-0.22651168,-0.03079026,0.97352166,278.819458,"146.245529, 29.543207, 335.161621, 53.193241, 306.814178, ","[["" 127.735"", "" 127.798"", ""  72.397""], ["" 127.383"", "" 129.285"", ""  73.323""], ["" 128.037"", "" 131.473"", ""  73.792""], ["" 126.978"", "" 131.651"", ""  74.678""], ["" 128.242"", "" 130.317"", ""  73.122""], ["" 126.077"", "" 130.598"", ""  74.898""], ["" 126.280"", "" 129.379"", ""  74.205""], ["" 125.371"", "" 128.245"", ""  74.397""], ["" 124.652"", "" 127.350"", ""  74.548""], ["" 129.037"", "" 132.581"", ""  73.515""], ["" 124.910"", "" 130.813"", ""  75.881""], ["" 125.253"", "" 130.382"", ""  77.096""], ["" 124.605"", "" 132.109"", ""  75.952""], ["" 123.805"", "" 130.159"", ""  75.520""], ["" 129.540"", "" 127.688"", ""  72.148""], ["" 130.198"", "" 126.435"", ""  72.743""], ["" 131.385"", "" 126.653"", ""  73.353""], ["" 129.648"", "" 125.335"", ""  72.658""], ["" 131.733"", "" 127.601"", ""  73.370""], ["" 132.189"", "" 125.703"", ""  73.968""], ["" 131.826"", "" 124.544"", ""  74.473""], ["" 133.881"", "" 126.060"", ""  74.100""], ["" 132.854"", "" 123.892"", ""  74.980""], ["" 134.089"", "" 124.527"", ""  74.893""]]",[],2j_Grossjean_2025
37,8427,2k_Grossjean_2025,receptor_tmp,1,3,-5.86,-0.20206896551724138,0.0,0.0,1,188.42,-9.74,-9.55,-0.19,-9.74,0.0,-1.32,3.88,-1.32,66,4,0.0,0.0,0.0,12.654214,10.843403,5.263387,-0.40178846,0.68780004,0.60456359,160.000565,"270.358917, 230.090347, 337.439178, 62.318207, 18.135328, 272.020569, 224.919205, 114.802025, 319.056824, 97.475838, 149.885483, 8.104978, 293.081116, ","[["" 129.167"", "" 127.030"", ""  54.979""], ["" 129.630"", "" 127.726"", ""  56.272""], ["" 129.050"", "" 129.061"", ""  56.442""], ["" 128.063"", "" 129.383"", ""  57.300""], ["" 127.548"", "" 128.575"", ""  58.074""], ["" 129.428"", "" 129.788"", ""  55.852""], ["" 127.584"", "" 130.841"", ""  57.247""], ["" 128.279"", "" 131.940"", ""  58.531""], ["" 130.035"", "" 131.638"", ""  58.683""], ["" 129.999"", "" 132.268"", ""  55.175""], ["" 130.399"", "" 132.017"", ""  56.232""], ["" 130.907"", "" 131.698"", ""  57.570""], ["" 132.286"", "" 131.441"", ""  57.782""], ["" 130.476"", "" 131.341"", ""  59.932""], ["" 132.720"", "" 131.144"", ""  59.083""], ["" 131.793"", "" 131.106"", ""  60.121""], ["" 132.207"", "" 130.793"", ""  61.546""], ["" 133.324"", "" 131.473"", ""  56.644""], ["" 133.872"", "" 132.678"", ""  56.479""], ["" 134.312"", "" 130.616"", ""  56.902""], ["" 132.747"", "" 131.133"", ""  55.490""], ["" 129.150"", "" 125.626"", ""  55.193""], ["" 127.875"", "" 125.076"", ""  55.486""], ["" 128.092"", "" 123.685"", ""  56.096""], ["" 126.941"", "" 122.893"", ""  55.831""], ["" 125.839"", "" 123.160"", ""  56.686""], ["" 124.562"", "" 123.254"", ""  55.842""], ["" 123.433"", "" 123.404"", ""  56.693""], ["" 123.630"", "" 124.352"", ""  57.731""]]",[],2k_Grossjean_2025
38,8193,3aa_Grossjean_2025,receptor_tmp,1,2,-9.04,-0.2582857142857143,0.0,0.0,4,187.9,-11.73,-11.66,-0.07,-11.73,0.0,-1.27,2.68,-1.27,59,6,0.0,0.0,0.0,13.569597,15.956324,-0.619115,0.23303993,0.94917979,0.21154222,256.296936,"210.63414, 61.610371, 351.802185, 242.029312, 104.80793, 349.41803, 81.378654, 245.931519, 348.228577, ","[["" 129.034"", "" 129.693"", ""  55.385""], ["" 129.584"", "" 128.468"", ""  55.232""], ["" 127.887"", "" 129.918"", ""  55.772""], ["" 130.512"", "" 128.443"", ""  54.835""], ["" 129.940"", "" 130.871"", ""  55.027""], ["" 129.379"", "" 132.416"", ""  55.805""], ["" 129.420"", "" 132.158"", ""  57.564""], ["" 132.840"", "" 131.301"", ""  57.036""], ["" 131.835"", "" 131.485"", ""  57.580""], ["" 130.563"", "" 131.720"", ""  58.269""], ["" 130.453"", "" 131.545"", ""  59.670""], ["" 129.227"", "" 131.838"", ""  60.287""], ["" 128.251"", "" 132.451"", ""  58.183""], ["" 128.146"", "" 132.300"", ""  59.529""], ["" 131.623"", "" 131.050"", ""  60.541""], ["" 132.812"", "" 131.457"", ""  60.090""], ["" 131.494"", "" 131.505"", ""  61.788""], ["" 131.638"", "" 129.717"", ""  60.567""], ["" 126.817"", "" 132.630"", ""  60.138""], ["" 126.554"", "" 133.920"", ""  60.625""], ["" 125.800"", "" 131.665"", ""  60.232""], ["" 125.321"", "" 134.235"", ""  61.191""], ["" 124.567"", "" 131.975"", ""  60.800""], ["" 124.333"", "" 133.261"", ""  61.277""], ["" 129.030"", "" 127.197"", ""  55.486""], ["" 129.614"", "" 126.130"", ""  54.803""], ["" 127.969"", "" 126.950"", ""  56.370""], ["" 129.138"", "" 124.833"", ""  54.980""], ["" 127.497"", "" 125.653"", ""  56.548""], ["" 128.069"", "" 124.580"", ""  55.852""], ["" 127.527"", "" 123.195"", ""  56.065""], ["" 128.187"", "" 122.278"", ""  56.561""], ["" 126.235"", "" 123.059"", ""  55.671""], ["" 125.170"", "" 123.134"", ""  56.611""], ["" 123.837"", "" 123.245"", ""  55.866""]]",[],3aa_Grossjean_2025
39,3704,3ab_Grossjean_2025,receptor_tmp,1,2,-8.81,-0.25911764705882356,0.0,0.0,1,195.21,-11.2,-11.19,-0.01,-11.2,0.0,-0.78,2.39,-0.78,81,3,0.0,0.0,0.0,12.667259,17.024859,19.226316,0.6209518,-0.15913574,-0.76752503,235.971176,"305.181976, 108.973045, 171.544128, 2.382781, 344.21048, 274.060638, 281.984497, 103.149353, ","[["" 130.015"", "" 134.004"", ""  72.990""], ["" 131.123"", "" 133.238"", ""  72.908""], ["" 129.998"", "" 135.225"", ""  73.146""], ["" 130.970"", "" 132.243"", ""  72.831""], ["" 128.687"", "" 133.251"", ""  72.878""], ["" 128.171"", "" 132.534"", ""  74.466""], ["" 127.473"", "" 130.931"", ""  74.127""], ["" 124.672"", "" 132.089"", ""  76.012""], ["" 125.353"", "" 131.391"", ""  75.388""], ["" 126.211"", "" 130.504"", ""  74.599""], ["" 125.780"", "" 129.200"", ""  74.250""], ["" 126.615"", "" 128.410"", ""  73.447""], ["" 128.254"", "" 130.157"", ""  73.337""], ["" 127.846"", "" 128.905"", ""  73.002""], ["" 124.430"", "" 128.619"", ""  74.714""], ["" 123.698"", "" 128.143"", ""  73.705""], ["" 124.631"", "" 127.615"", ""  75.569""], ["" 123.713"", "" 129.565"", ""  75.321""], ["" 128.770"", "" 128.111"", ""  72.127""], ["" 128.594"", "" 128.086"", ""  70.734""], ["" 129.831"", "" 127.369"", ""  72.673""], ["" 129.449"", "" 127.352"", ""  69.916""], ["" 130.688"", "" 126.633"", ""  71.859""], ["" 130.494"", "" 126.629"", ""  70.482""], ["" 132.481"", "" 133.606"", ""  72.959""], ["" 133.279"", "" 133.576"", ""  74.114""], ["" 133.038"", "" 134.038"", ""  71.755""], ["" 134.613"", "" 133.968"", ""  74.051""], ["" 134.372"", "" 134.429"", ""  71.694""], ["" 135.177"", "" 134.398"", ""  72.840""], ["" 136.612"", "" 134.828"", ""  72.740""], ["" 137.501"", "" 134.117"", ""  72.262""], ["" 136.834"", "" 136.074"", ""  73.231""], ["" 137.257"", "" 136.267"", ""  74.574""]]",[],3ab_Grossjean_2025
40,8179,3ac_Grossjean_2025,receptor_tmp,1,3,-7.49,-0.2340625,0.0,0.0,3,185.91,-9.58,-9.47,-0.11,-9.58,0.0,-1.42,2.09,-1.42,47,4,0.0,0.0,0.0,11.603508,10.672871,0.603104,0.07117738,0.35144373,-0.93349937,199.879852,"119.733047, 257.410309, 191.915497, 263.55304, 204.178085, 227.962234, 204.728943, ","[["" 129.414"", "" 127.258"", ""  54.838""], ["" 130.254"", "" 125.651"", ""  54.982""], ["" 129.592"", "" 124.785"", ""  56.393""], ["" 132.913"", "" 124.923"", ""  57.701""], ["" 131.785"", "" 124.679"", ""  57.615""], ["" 130.357"", "" 124.371"", ""  57.508""], ["" 129.688"", "" 123.685"", ""  58.552""], ["" 128.306"", "" 123.477"", ""  58.441""], ["" 128.254"", "" 124.591"", ""  56.320""], ["" 127.608"", "" 123.939"", ""  57.321""], ["" 130.417"", "" 123.164"", ""  59.807""], ["" 131.429"", "" 122.344"", ""  59.515""], ["" 130.921"", "" 124.184"", ""  60.504""], ["" 129.564"", "" 122.492"", ""  60.580""], ["" 126.126"", "" 123.772"", ""  57.165""], ["" 125.585"", "" 123.208"", ""  55.998""], ["" 125.239"", "" 124.176"", ""  58.178""], ["" 124.210"", "" 123.045"", ""  55.851""], ["" 123.863"", "" 124.015"", ""  58.034""], ["" 123.354"", "" 123.448"", ""  56.871""], ["" 129.305"", "" 127.977"", ""  56.183""], ["" 130.225"", "" 128.940"", ""  56.405""], ["" 128.411"", "" 127.652"", ""  56.966""], ["" 130.838"", "" 129.161"", ""  55.634""], ["" 130.415"", "" 129.738"", ""  57.548""], ["" 130.803"", "" 129.068"", ""  58.710""], ["" 130.206"", "" 131.126"", ""  57.590""], ["" 130.996"", "" 129.771"", ""  59.895""], ["" 130.399"", "" 131.826"", ""  58.777""], ["" 130.797"", "" 131.151"", ""  59.942""], ["" 131.009"", "" 131.763"", ""  61.163""], ["" 131.887"", "" 131.153"", ""  62.104""]]",[],3ac_Grossjean_2025
41,3487,3ad_Grossjean_2025,receptor_tmp,1,8,-9.46,-0.31533333333333335,0.0,0.0,5,193.69,-11.25,-11.12,-0.13,-11.25,0.0,-0.74,1.79,-0.74,88,3,0.0,0.0,0.0,11.786188,14.16649,19.243814,0.71557566,-0.62256189,0.31680936,227.845062,"23.642393, 200.492264, 271.539673, 153.788681, 317.89978, 339.97995, ","[["" 127.854"", "" 127.724"", ""  72.462""], ["" 127.460"", "" 129.218"", ""  73.343""], ["" 124.732"", "" 127.342"", ""  74.676""], ["" 125.458"", "" 128.223"", ""  74.483""], ["" 126.375"", "" 129.340"", ""  74.240""], ["" 126.176"", "" 130.591"", ""  74.875""], ["" 127.055"", "" 131.642"", ""  74.573""], ["" 128.282"", "" 130.253"", ""  73.052""], ["" 128.100"", "" 131.452"", ""  73.662""], ["" 125.034"", "" 130.843"", ""  75.877""], ["" 124.731"", "" 132.137"", ""  76.002""], ["" 123.930"", "" 130.208"", ""  75.477""], ["" 125.376"", "" 130.395"", ""  77.086""], ["" 129.059"", "" 132.545"", ""  73.292""], ["" 129.378"", "" 132.794"", ""  71.948""], ["" 129.657"", "" 133.349"", ""  74.276""], ["" 130.266"", "" 133.807"", ""  71.598""], ["" 130.546"", "" 134.364"", ""  73.930""], ["" 130.848"", "" 134.589"", ""  72.592""], ["" 129.656"", "" 127.699"", ""  72.221""], ["" 130.302"", "" 126.451"", ""  72.828""], ["" 131.524"", "" 126.638"", ""  73.372""], ["" 129.693"", "" 125.382"", ""  72.789""], ["" 131.868"", "" 127.587"", ""  73.374""], ["" 132.386"", "" 125.714"", ""  73.991""], ["" 131.799"", "" 124.507"", ""  74.382""], ["" 133.751"", "" 125.935"", ""  74.243""], ["" 132.562"", "" 123.524"", ""  75.007""], ["" 134.510"", "" 124.949"", ""  74.869""], ["" 133.914"", "" 123.749"", ""  75.246""]]",[],3ad_Grossjean_2025
42,8463,3af_Grossjean_2025,receptor_tmp,1,12,-9.08,-0.3026666666666667,0.0,0.0,4,189.73,-10.87,-10.74,-0.14,-10.87,0.0,-0.81,1.79,-0.81,85,4,0.0,0.0,0.0,13.520203,10.296437,17.260742,0.56297361,0.58582815,-0.58298035,192.697601,"20.448675, 205.638916, 266.175568, 354.469177, 110.651695, 259.322906, ","[["" 130.516"", "" 126.989"", ""  72.211""], ["" 130.956"", "" 125.481"", ""  73.051""], ["" 133.776"", "" 127.310"", ""  74.253""], ["" 133.031"", "" 126.439"", ""  74.091""], ["" 132.088"", "" 125.336"", ""  73.886""], ["" 132.309"", "" 124.075"", ""  74.491""], ["" 131.408"", "" 123.034"", ""  74.221""], ["" 130.113"", "" 124.454"", ""  72.788""], ["" 130.319"", "" 123.245"", ""  73.369""], ["" 133.502"", "" 123.799"", ""  75.427""], ["" 133.752"", "" 122.496"", ""  75.577""], ["" 134.605"", "" 124.367"", ""  74.938""], ["" 133.259"", "" 124.299"", ""  76.639""], ["" 129.337"", "" 122.163"", ""  73.032""], ["" 129.029"", "" 121.865"", ""  71.694""], ["" 128.704"", "" 121.416"", ""  74.040""], ["" 128.120"", "" 120.860"", ""  71.375""], ["" 127.794"", "" 120.411"", ""  73.724""], ["" 127.505"", "" 120.138"", ""  72.391""], ["" 128.702"", "" 127.097"", ""  72.163""], ["" 128.187"", "" 128.344"", ""  72.882""], ["" 126.971"", "" 128.220"", ""  73.456""], ["" 128.889"", "" 129.355"", ""  72.904""], ["" 126.515"", "" 127.327"", ""  73.344""], ["" 126.224"", "" 129.162"", ""  74.191""], ["" 124.922"", "" 128.793"", ""  74.545""], ["" 126.676"", "" 130.431"", ""  74.598""], ["" 124.084"", "" 129.592"", ""  75.253""], ["" 125.826"", "" 131.265"", ""  75.327""], ["" 124.543"", "" 130.810"", ""  75.633""]]",[],3af_Grossjean_2025
43,8028,3ag_Grossjean_2025,receptor_tmp,1,14,-8.13,-0.26225806451612904,0.0,0.0,1,187.68,-10.22,-10.31,0.09,-10.22,0.0,-1.15,2.09,-1.15,62,5,0.0,0.0,0.0,12.74711,11.63,1.941863,-0.91835592,-0.32029792,0.23244709,164.251297,"8.043842, 258.505096, 284.737976, 188.487595, 350.098846, 262.894135, 300.636536, ","[["" 130.508"", "" 125.766"", ""  55.314""], ["" 129.774"", "" 124.825"", ""  56.633""], ["" 133.105"", "" 124.557"", ""  57.886""], ["" 131.956"", "" 124.440"", ""  57.811""], ["" 130.501"", "" 124.290"", ""  57.720""], ["" 129.784"", "" 123.570"", ""  58.708""], ["" 128.399"", "" 123.409"", ""  58.547""], ["" 128.439"", "" 124.639"", ""  56.489""], ["" 127.751"", "" 123.939"", ""  57.427""], ["" 130.463"", "" 122.960"", ""  59.950""], ["" 129.629"", "" 122.223"", ""  60.686""], ["" 131.471"", "" 122.173"", ""  59.574""], ["" 130.938"", "" 123.928"", ""  60.735""], ["" 126.276"", "" 123.794"", ""  57.204""], ["" 125.780"", "" 123.300"", ""  55.987""], ["" 125.351"", "" 124.151"", ""  58.201""], ["" 124.411"", "" 123.163"", ""  55.773""], ["" 123.982"", "" 124.014"", ""  57.991""], ["" 123.516"", "" 123.519"", ""  56.777""], ["" 129.444"", "" 127.211"", ""  55.023""], ["" 129.745"", "" 128.354"", ""  55.994""], ["" 129.282"", "" 129.568"", ""  55.649""], ["" 130.386"", "" 128.133"", ""  57.023""], ["" 128.774"", "" 129.661"", ""  54.781""], ["" 129.485"", "" 130.801"", ""  56.409""], ["" 130.949"", "" 131.186"", ""  56.591""], ["" 131.636"", "" 130.781"", ""  57.738""], ["" 131.617"", "" 131.896"", ""  55.588""], ["" 132.981"", "" 131.105"", ""  57.894""], ["" 132.962"", "" 132.220"", ""  55.746""], ["" 133.637"", "" 131.826"", ""  56.898""]]",[],3ag_Grossjean_2025
44,3392,3ai_Grossjean_2025,receptor_tmp,2,11,-8.7,-0.3,0.0,0.0,1,190.43,-10.49,-10.54,0.05,-10.49,0.0,-0.77,1.79,-0.77,76,4,0.0,0.0,0.0,13.420516,10.546131,17.822767,0.55187674,0.67668584,-0.48736878,198.493332,"144.810822, 24.831522, 258.968994, 143.648575, 45.092533, 261.47345, ","[["" 130.446"", "" 127.105"", ""  72.626""], ["" 130.976"", "" 125.541"", ""  73.292""], ["" 133.802"", "" 127.353"", ""  74.504""], ["" 133.077"", "" 126.474"", ""  74.301""], ["" 132.159"", "" 125.360"", ""  74.045""], ["" 132.452"", "" 124.057"", ""  74.517""], ["" 131.566"", "" 123.015"", ""  74.204""], ["" 130.148"", "" 124.514"", ""  72.983""], ["" 130.421"", "" 123.266"", ""  73.440""], ["" 133.707"", "" 123.738"", ""  75.353""], ["" 134.779"", "" 124.431"", ""  74.962""], ["" 133.485"", "" 124.030"", ""  76.635""], ["" 134.010"", "" 122.444"", ""  75.250""], ["" 129.446"", "" 122.190"", ""  73.068""], ["" 128.909"", "" 121.339"", ""  74.047""], ["" 129.037"", "" 122.008"", ""  71.736""], ["" 128.000"", "" 120.341"", ""  73.710""], ["" 128.128"", "" 121.011"", ""  71.394""], ["" 127.613"", "" 120.180"", ""  72.383""], ["" 128.631"", "" 127.052"", ""  72.449""], ["" 127.879"", "" 128.212"", ""  73.118""], ["" 126.746"", "" 127.853"", ""  73.763""], ["" 128.311"", "" 129.366"", ""  73.050""], ["" 126.496"", "" 126.875"", ""  73.751""], ["" 125.868"", "" 128.685"", ""  74.447""], ["" 124.551"", "" 128.563"", ""  74.483""], ["" 126.287"", "" 129.780"", ""  75.201""], ["" 124.072"", "" 129.601"", ""  75.282""], ["" 125.132"", "" 130.328"", ""  75.709""]]",[],3ai_Grossjean_2025
45,7983,3aj_Grossjean_2025,receptor_tmp,1,6,-9.02,-0.31103448275862067,0.0,0.0,5,192.61,-10.81,-10.66,-0.14,-10.81,0.0,-0.65,1.79,-0.65,77,4,0.0,0.0,0.0,11.819872,14.960518,17.864286,-0.71203676,0.68636431,-0.14801248,118.164192,"21.636961, 203.276138, 265.208527, 339.93689, 41.862602, 258.25177, ","[["" 127.869"", "" 127.709"", ""  72.419""], ["" 127.485"", "" 129.208"", ""  73.298""], ["" 124.739"", "" 127.367"", ""  74.640""], ["" 125.474"", "" 128.239"", ""  74.445""], ["" 126.404"", "" 129.345"", ""  74.199""], ["" 126.222"", "" 130.598"", ""  74.833""], ["" 127.112"", "" 131.639"", ""  74.528""], ["" 128.316"", "" 130.236"", ""  73.002""], ["" 128.151"", "" 131.436"", ""  73.613""], ["" 125.084"", "" 130.864"", ""  75.837""], ["" 124.824"", "" 132.165"", ""  75.992""], ["" 123.962"", "" 130.276"", ""  75.422""], ["" 125.409"", "" 130.378"", ""  77.036""], ["" 129.122"", "" 132.516"", ""  73.244""], ["" 129.383"", "" 132.814"", ""  71.898""], ["" 129.792"", "" 133.260"", ""  74.230""], ["" 130.282"", "" 133.819"", ""  71.548""], ["" 130.692"", "" 134.263"", ""  73.885""], ["" 130.935"", "" 134.539"", ""  72.544""], ["" 129.680"", "" 127.633"", ""  72.207""], ["" 130.351"", "" 126.384"", ""  72.796""], ["" 131.543"", "" 126.612"", ""  73.392""], ["" 129.812"", "" 125.278"", ""  72.711""], ["" 131.888"", "" 127.560"", ""  73.395""], ["" 132.362"", "" 125.668"", ""  73.996""], ["" 132.021"", "" 124.489"", ""  74.472""], ["" 134.044"", "" 126.061"", ""  74.155""], ["" 133.059"", "" 123.850"", ""  74.975""], ["" 134.281"", "" 124.516"", ""  74.913""]]",[],3aj_Grossjean_2025
46,8260,3ak_Grossjean_2025,receptor_tmp,1,3,-7.64,-0.22470588235294117,0.0,0.0,1,196.11,-11.82,-10.87,-0.95,-11.82,0.0,-1.76,4.18,-1.76,78,8,0.0,0.0,0.0,10.847224,8.43136,20.343965,0.78217074,0.13818392,-0.60754764,95.497643,"272.315613, 207.641632, 266.968384, 11.005749, 336.048981, 74.331673, 211.569641, 263.884552, 19.83, 325.018097, 221.923401, 221.629578, 23.427006, 66.01075, ","[["" 131.290"", "" 125.557"", ""  75.880""], ["" 131.746"", "" 125.608"", ""  77.224""], ["" 130.810"", "" 124.762"", ""  78.108""], ["" 129.604"", "" 125.430"", ""  78.470""], ["" 129.769"", "" 126.674"", ""  79.142""], ["" 129.728"", "" 127.808"", ""  78.109""], ["" 128.947"", "" 127.393"", ""  76.997""], ["" 127.578"", "" 127.751"", ""  77.104""], ["" 132.116"", "" 124.783"", ""  75.020""], ["" 132.718"", "" 125.674"", ""  73.918""], ["" 131.771"", "" 126.645"", ""  73.367""], ["" 130.549"", "" 126.366"", ""  72.875""], ["" 130.083"", "" 125.226"", ""  72.855""], ["" 132.074"", "" 127.609"", ""  73.367""], ["" 129.695"", "" 127.515"", ""  72.314""], ["" 127.918"", "" 127.505"", ""  72.753""], ["" 127.492"", "" 129.090"", ""  73.457""], ["" 128.326"", "" 130.113"", ""  73.146""], ["" 126.361"", "" 129.269"", ""  74.283""], ["" 128.090"", "" 131.355"", ""  73.639""], ["" 126.102"", "" 130.564"", ""  74.792""], ["" 125.476"", "" 128.144"", ""  74.601""], ["" 126.982"", "" 131.604"", ""  74.456""], ["" 124.778"", "" 127.255"", ""  74.853""], ["" 129.062"", "" 132.427"", ""  73.243""], ["" 129.309"", "" 132.707"", ""  71.890""], ["" 129.744"", "" 133.184"", ""  74.212""], ["" 130.208"", "" 133.703"", ""  71.516""], ["" 130.643"", "" 134.180"", ""  73.842""], ["" 130.872"", "" 134.435"", ""  72.494""], ["" 124.894"", "" 130.876"", ""  75.696""], ["" 124.586"", "" 132.171"", ""  75.617""], ["" 123.838"", "" 130.157"", ""  75.312""], ["" 125.122"", "" 130.595"", ""  76.981""]]",[],3ak_Grossjean_2025
47,8335,3bc_Grossjean_2025,receptor_tmp,1,7,-8.87,-0.3058620689655172,0.0,0.0,2,192.41,-10.66,-10.47,-0.19,-10.66,0.0,-0.8,1.79,-0.8,74,3,0.0,0.0,0.0,13.471284,12.336338,17.837272,0.12827699,0.04026722,0.99092056,216.224762,"260.508057, 258.361237, 351.370056, 56.744251, 227.846863, 129.201706, ","[["" 128.298"", "" 128.076"", ""  72.738""], ["" 127.168"", "" 127.711"", ""  73.379""], ["" 128.733"", "" 129.228"", ""  72.682""], ["" 126.982"", "" 126.720"", ""  73.432""], ["" 129.068"", "" 126.918"", ""  72.086""], ["" 130.863"", "" 126.898"", ""  72.414""], ["" 131.246"", "" 125.376"", ""  73.252""], ["" 132.567"", "" 123.919"", ""  74.657""], ["" 132.396"", "" 125.182"", ""  74.050""], ["" 131.616"", "" 122.917"", ""  74.432""], ["" 133.404"", "" 126.229"", ""  74.231""], ["" 130.519"", "" 123.170"", ""  73.603""], ["" 134.201"", "" 127.056"", ""  74.377""], ["" 130.346"", "" 124.388"", ""  73.026""], ["" 133.759"", "" 123.593"", ""  75.556""], ["" 129.467"", "" 122.139"", ""  73.320""], ["" 129.139"", "" 121.793"", ""  72.001""], ["" 128.780"", "" 121.496"", ""  74.364""], ["" 128.164"", "" 120.836"", ""  71.730""], ["" 127.805"", "" 120.538"", ""  74.099""], ["" 127.501"", "" 120.212"", ""  72.781""], ["" 126.237"", "" 128.515"", ""  74.065""], ["" 126.752"", "" 129.644"", ""  74.704""], ["" 124.868"", "" 128.228"", ""  74.164""], ["" 125.908"", "" 130.492"", ""  75.417""], ["" 124.027"", "" 129.079"", ""  74.878""], ["" 124.543"", "" 130.221"", ""  75.509""], ["" 123.785"", "" 131.120"", ""  76.237""], ["" 123.943"", "" 132.514"", ""  75.998""]]",[],3bc_Grossjean_2025
48,8341,3bd_Grossjean_2025,receptor_tmp,1,4,-9.85,-0.3648148148148148,0.0,0.0,5,189.42,-11.34,-11.08,-0.26,-11.34,0.0,-0.7,1.49,-0.7,66,3,0.0,0.0,0.0,12.746664,11.724863,18.439171,0.38467986,-0.11017835,-0.91645084,241.745743,"65.282768, 24.542898, 146.396179, 316.680542, 299.113495, ","[["" 130.711"", "" 127.009"", ""  72.517""], ["" 131.145"", "" 125.438"", ""  73.245""], ["" 132.564"", "" 123.983"", ""  74.555""], ["" 132.310"", "" 125.265"", ""  74.023""], ["" 131.665"", "" 122.943"", ""  74.291""], ["" 133.232"", "" 126.375"", ""  74.282""], ["" 130.532"", "" 123.181"", ""  73.504""], ["" 133.960"", "" 127.251"", ""  74.489""], ["" 130.284"", "" 124.418"", ""  73.000""], ["" 133.789"", "" 123.677"", ""  75.415""], ["" 129.527"", "" 122.114"", ""  73.186""], ["" 129.122"", "" 121.196"", ""  74.167""], ["" 128.968"", "" 122.000"", ""  71.901""], ["" 128.190"", "" 120.202"", ""  73.879""], ["" 128.037"", "" 121.008"", ""  71.609""], ["" 127.650"", "" 120.112"", ""  72.600""], ["" 128.910"", "" 127.038"", ""  72.271""], ["" 128.256"", "" 128.233"", ""  72.966""], ["" 127.062"", "" 127.989"", ""  73.549""], ["" 128.840"", "" 129.317"", ""  72.970""], ["" 126.749"", "" 127.029"", ""  73.545""], ["" 126.212"", "" 128.879"", ""  74.233""], ["" 126.781"", "" 130.094"", ""  74.622""], ["" 124.875"", "" 128.600"", ""  74.560""], ["" 126.020"", "" 131.035"", ""  75.312""], ["" 124.118"", "" 129.542"", ""  75.251""], ["" 124.692"", "" 130.756"", ""  75.622""]]",[],3bd_Grossjean_2025
49,8362,3be_Grossjean_2025,receptor_tmp,1,9,-8.95,-0.3196428571428571,0.0,0.0,2,190.01,-10.44,-10.39,-0.05,-10.44,0.0,-1.0,1.49,-1.0,58,3,0.0,0.0,0.0,13.285475,11.191772,18.099174,0.45421059,0.8730187,-0.17756996,195.630112,"247.755081, 228.175262, 356.968048, 271.02948, 145.203476, ","[["" 129.393"", "" 126.669"", ""  71.590""], ["" 130.863"", "" 126.986"", ""  72.624""], ["" 131.354"", "" 125.448"", ""  73.373""], ["" 132.795"", "" 123.996"", ""  74.661""], ["" 132.540"", "" 125.275"", ""  74.122""], ["" 131.889"", "" 122.958"", ""  74.418""], ["" 133.503"", "" 126.362"", ""  74.318""], ["" 130.752"", "" 123.191"", ""  73.636""], ["" 134.265"", "" 127.218"", ""  74.474""], ["" 130.498"", "" 124.426"", ""  73.127""], ["" 134.031"", "" 123.690"", ""  75.505""], ["" 129.748"", "" 122.120"", ""  73.330""], ["" 129.212"", "" 121.987"", ""  72.039""], ["" 129.313"", "" 121.226"", ""  74.322""], ["" 128.278"", "" 120.997"", ""  71.748""], ["" 128.380"", "" 120.233"", ""  74.035""], ["" 127.866"", "" 120.122"", ""  72.748""], ["" 128.148"", "" 127.493"", ""  71.954""], ["" 127.998"", "" 127.737"", ""  73.274""], ["" 127.374"", "" 127.883"", ""  71.078""], ["" 128.687"", "" 127.330"", ""  73.890""], ["" 126.983"", "" 128.461"", ""  73.926""], ["" 127.126"", "" 129.780"", ""  74.250""], ["" 125.820"", "" 127.750"", ""  74.243""], ["" 126.106"", "" 130.408"", ""  74.889""], ["" 124.778"", "" 128.410"", ""  74.901""], ["" 124.918"", "" 129.758"", ""  75.231""], ["" 126.334"", "" 131.871"", ""  75.216""]]",[],3be_Grossjean_2025
50,3529,3bf_Grossjean_2025,receptor_tmp,2,18,-9.55,-0.35370370370370374,0.0,0.0,3,195.18,-11.04,-10.89,-0.15,-11.04,0.0,-0.73,1.49,-0.73,67,5,0.0,0.0,0.0,12.089916,14.246794,18.033979,0.74343095,-0.28814305,-0.60355945,160.829376,"91.46611, 153.662857, 173.507416, 36.281868, 251.252975, ","[["" 127.852"", "" 127.719"", ""  72.514""], ["" 127.494"", "" 129.268"", ""  73.315""], ["" 126.261"", "" 130.750"", ""  74.773""], ["" 126.418"", "" 129.466"", ""  74.208""], ["" 127.172"", "" 131.759"", ""  74.441""], ["" 125.505"", "" 128.382"", ""  74.581""], ["" 128.227"", "" 131.487"", ""  73.563""], ["" 124.782"", "" 127.527"", ""  74.876""], ["" 128.383"", "" 130.249"", ""  73.022""], ["" 125.136"", "" 131.090"", ""  75.748""], ["" 129.248"", "" 132.517"", ""  73.184""], ["" 130.126"", "" 133.042"", ""  74.145""], ["" 129.353"", "" 132.986"", ""  71.864""], ["" 131.077"", "" 133.999"", ""  73.801""], ["" 130.303"", "" 133.942"", ""  71.515""], ["" 131.162"", "" 134.445"", ""  72.486""], ["" 129.650"", "" 127.640"", ""  72.212""], ["" 130.357"", "" 126.408"", ""  72.796""], ["" 131.544"", "" 126.666"", ""  73.386""], ["" 129.856"", "" 125.287"", ""  72.688""], ["" 131.877"", "" 127.617"", ""  73.332""], ["" 132.428"", "" 125.773"", ""  74.020""], ["" 133.811"", "" 125.975"", ""  74.170""], ["" 131.886"", "" 124.579"", ""  74.510""], ["" 134.628"", "" 125.077"", ""  74.778""], ["" 132.714"", "" 123.646"", ""  75.138""], ["" 134.074"", "" 123.933"", ""  75.253""]]",[],3bf_Grossjean_2025
51,3315,3bg_Grossjean_2025,receptor_tmp,1,13,-7.68,-0.2742857142857143,0.0,0.0,6,186.97,-9.47,-9.45,-0.02,-9.47,0.0,-2.25,1.79,-2.25,54,3,0.0,0.0,0.0,11.049464,10.445338,3.797499,-0.4262573,0.88875425,0.16858409,92.524208,"344.260223, 229.153656, 353.125366, 213.469254, 192.558411, 186.282898, ","[["" 128.432"", "" 124.512"", ""  54.953""], ["" 128.138"", "" 122.874"", ""  55.696""], ["" 127.706"", "" 123.108"", ""  57.413""], ["" 126.163"", "" 123.624"", ""  59.199""], ["" 126.415"", "" 123.508"", ""  57.816""], ["" 127.191"", "" 123.353"", ""  60.107""], ["" 125.356"", "" 123.778"", ""  56.840""], ["" 128.458"", "" 122.976"", ""  59.641""], ["" 124.518"", "" 123.991"", ""  56.071""], ["" 128.695"", "" 122.852"", ""  58.308""], ["" 124.797"", "" 124.023"", ""  59.753""], ["" 129.603"", "" 122.660"", ""  60.563""], ["" 129.746"", "" 123.322"", ""  61.794""], ["" 130.566"", "" 121.692"", ""  60.225""], ["" 130.794"", "" 123.020"", ""  62.658""], ["" 131.615"", "" 121.385"", ""  61.086""], ["" 131.724"", "" 122.048"", ""  62.303""], ["" 129.445"", "" 125.330"", ""  55.760""], ["" 130.730"", "" 124.947"", ""  55.670""], ["" 129.065"", "" 126.294"", ""  56.424""], ["" 130.950"", "" 124.147"", ""  55.096""], ["" 131.876"", "" 125.685"", ""  56.203""], ["" 132.321"", "" 125.141"", ""  57.555""], ["" 131.552"", "" 125.390"", ""  58.697""], ["" 133.484"", "" 124.374"", ""  57.651""], ["" 131.963"", "" 124.901"", ""  59.934""], ["" 133.896"", "" 123.884"", ""  58.889""], ["" 133.136"", "" 124.153"", ""  60.024""]]",[],3bg_Grossjean_2025
52,7893,3bk_Grossjean_2025,receptor_tmp,1,20,-9.1,-0.29354838709677417,0.0,0.0,1,190.62,-12.98,-11.68,-1.29,-12.98,0.0,-2.39,3.88,-2.39,60,8,0.0,0.0,0.0,10.890189,9.787366,19.228648,-0.76488523,-0.05656858,-0.64167794,175.079407,"203.78862, 18.802366, 281.3479, 116.368202, 108.343369, 331.753082, 349.327881, 31.639259, 11.754855, 212.133377, 4.160817, 315.686493, 350.704163, ","[["" 127.546"", "" 127.819"", ""  76.334""], ["" 126.250"", "" 128.295"", ""  75.995""], ["" 126.207"", "" 128.641"", ""  74.500""], ["" 127.053"", "" 127.754"", ""  73.698""], ["" 128.146"", "" 128.129"", ""  73.011""], ["" 128.580"", "" 129.282"", ""  72.992""], ["" 126.801"", "" 126.777"", ""  73.709""], ["" 128.879"", "" 127.027"", ""  72.244""], ["" 130.663"", "" 127.015"", ""  72.608""], ["" 131.111"", "" 125.419"", ""  73.271""], ["" 132.566"", "" 123.923"", ""  74.494""], ["" 132.297"", "" 125.221"", ""  74.010""], ["" 131.657"", "" 122.893"", ""  74.228""], ["" 133.232"", "" 126.320"", ""  74.272""], ["" 130.496"", "" 123.159"", ""  73.492""], ["" 130.240"", "" 124.408"", ""  73.023""], ["" 133.970"", "" 127.187"", ""  74.479""], ["" 133.819"", "" 123.590"", ""  75.301""], ["" 129.494"", "" 122.097"", ""  73.155""], ["" 129.028"", "" 121.941"", ""  71.840""], ["" 128.993"", "" 121.230"", ""  74.142""], ["" 128.092"", "" 120.959"", ""  71.522""], ["" 128.057"", "" 120.249"", ""  73.829""], ["" 127.609"", "" 120.118"", ""  72.518""], ["" 127.783"", "" 127.741"", ""  77.733""], ["" 129.120"", "" 127.032"", ""  77.985""], ["" 129.864"", "" 126.991"", ""  76.774""], ["" 131.093"", "" 126.287"", ""  76.880""], ["" 130.956"", "" 125.179"", ""  77.933""], ["" 130.131"", "" 124.139"", ""  77.427""], ["" 129.357"", "" 123.494"", ""  78.427""]]",[],3bk_Grossjean_2025
53,7929,3ca_Grossjean_2025,receptor_tmp,1,19,-9.15,-0.2859375,0.0,0.0,4,187.35,-11.54,-11.29,-0.25,-11.54,0.0,-1.89,2.39,-1.89,50,5,0.0,0.0,0.0,7.250027,13.373559,4.833412,0.8222709,-0.47797078,-0.30889238,278.352966,"167.801392, 88.257332, 67.451797, 337.451324, 261.336151, 77.880783, 226.982468, 259.736237, ","[["" 126.637"", "" 126.392"", ""  59.171""], ["" 126.557"", "" 125.086"", ""  59.656""], ["" 126.627"", "" 124.004"", ""  58.784""], ["" 126.787"", "" 124.207"", ""  57.407""], ["" 126.877"", "" 125.521"", ""  56.924""], ["" 126.805"", "" 126.606"", ""  57.794""], ["" 126.556"", "" 127.412"", ""  60.139""], ["" 127.543"", "" 128.036"", ""  60.817""], ["" 128.747"", "" 127.820"", ""  60.683""], ["" 125.620"", "" 127.751"", ""  60.305""], ["" 127.078"", "" 129.108"", ""  61.809""], ["" 127.182"", "" 130.801"", ""  61.137""], ["" 127.813"", "" 130.752"", ""  59.465""], ["" 127.320"", "" 130.355"", ""  57.221""], ["" 128.623"", "" 130.656"", ""  56.833""], ["" 126.918"", "" 130.393"", ""  58.510""], ["" 129.570"", "" 131.012"", ""  57.802""], ["" 129.157"", "" 131.072"", ""  59.157""], ["" 130.090"", "" 131.488"", ""  60.209""], ["" 130.827"", "" 131.817"", ""  61.039""], ["" 126.259"", "" 129.963"", ""  56.212""], ["" 130.959"", "" 131.313"", ""  57.340""], ["" 132.057"", "" 130.763"", ""  58.012""], ["" 131.183"", "" 132.161"", ""  56.249""], ["" 133.355"", "" 131.045"", ""  57.596""], ["" 132.480"", "" 132.446"", ""  55.828""], ["" 133.561"", "" 131.885"", ""  56.504""], ["" 126.859"", "" 123.018"", ""  56.493""], ["" 127.921"", "" 122.558"", ""  56.062""], ["" 125.642"", "" 122.504"", ""  56.184""], ["" 124.569"", "" 123.346"", ""  55.781""], ["" 123.613"", "" 123.553"", ""  56.960""]]",[],3ca_Grossjean_2025
54,8287,3cb_Grossjean_2025,receptor_tmp,1,19,-8.93,-0.2880645161290322,0.0,0.0,7,188.17,-11.01,-10.75,-0.26,-11.01,0.0,-1.57,2.09,-1.57,49,5,0.0,0.0,0.0,9.385381,15.149284,5.897791,0.19862654,-0.97979819,-0.02330241,235.454147,"104.353317, 202.914795, 228.914276, 58.210911, 159.64653, 276.054749, 103.462578, ","[["" 127.327"", "" 128.376"", ""  60.508""], ["" 126.390"", "" 127.503"", ""  60.078""], ["" 128.520"", "" 128.338"", ""  60.201""], ["" 125.443"", "" 127.688"", ""  60.376""], ["" 126.792"", "" 129.481"", ""  61.431""], ["" 127.098"", "" 131.185"", ""  60.849""], ["" 127.868"", "" 131.082"", ""  59.246""], ["" 127.484"", "" 130.622"", ""  56.996""], ["" 128.818"", "" 130.852"", ""  56.674""], ["" 127.010"", "" 130.730"", ""  58.257""], ["" 129.726"", "" 131.201"", ""  57.682""], ["" 129.247"", "" 131.306"", ""  59.014""], ["" 130.170"", "" 131.577"", ""  60.121""], ["" 130.898"", "" 131.791"", ""  60.994""], ["" 126.466"", "" 130.236"", ""  55.940""], ["" 131.149"", "" 131.432"", ""  57.286""], ["" 131.451"", "" 132.249"", ""  56.189""], ["" 132.200"", "" 130.859"", ""  58.017""], ["" 132.774"", "" 132.479"", ""  55.819""], ["" 133.523"", "" 131.086"", ""  57.648""], ["" 133.804"", "" 131.894"", ""  56.551""], ["" 126.517"", "" 126.379"", ""  59.238""], ["" 126.798"", "" 126.651"", ""  57.898""], ["" 126.371"", "" 125.046"", ""  59.651""], ["" 126.941"", "" 125.614"", ""  56.981""], ["" 126.514"", "" 124.009"", ""  58.733""], ["" 126.800"", "" 124.278"", ""  57.387""], ["" 126.945"", "" 123.134"", ""  56.425""], ["" 127.996"", "" 122.505"", ""  56.274""], ["" 125.804"", "" 122.861"", ""  55.740""], ["" 124.541"", "" 123.296"", ""  56.221""]]",[],3cb_Grossjean_2025
55,8091,3ce_Grossjean_2025,receptor_tmp,1,11,-8.23,-0.29392857142857143,0.0,0.0,5,187.6,-9.73,-9.72,0.0,-9.73,0.0,-1.77,1.49,-1.77,54,5,0.0,0.0,0.0,9.183033,15.073558,1.916977,-0.59857289,-0.06746214,-0.79822262,211.932449,"20.930256, 158.592056, 111.754707, 130.5952, 81.784004, ","[["" 124.886"", "" 129.963"", ""  57.154""], ["" 126.400"", "" 129.039"", ""  57.551""], ["" 127.617"", "" 130.263"", ""  57.974""], ["" 128.039"", "" 132.158"", ""  59.260""], ["" 129.345"", "" 132.244"", ""  58.786""], ["" 127.181"", "" 131.191"", ""  58.861""], ["" 129.806"", "" 131.310"", ""  57.849""], ["" 128.923"", "" 130.283"", ""  57.429""], ["" 129.355"", "" 129.269"", ""  56.462""], ["" 129.696"", "" 128.469"", ""  55.699""], ["" 127.490"", "" 133.154"", ""  60.263""], ["" 131.206"", "" 131.458"", ""  57.350""], ["" 132.280"", "" 130.993"", ""  58.119""], ["" 131.467"", "" 132.082"", ""  56.123""], ["" 133.588"", "" 131.134"", ""  57.664""], ["" 132.774"", "" 132.225"", ""  55.666""], ["" 133.830"", "" 131.748"", ""  56.438""], ["" 124.358"", "" 130.738"", ""  58.361""], ["" 124.949"", "" 130.457"", ""  59.543""], ["" 123.453"", "" 131.558"", ""  58.201""], ["" 125.748"", "" 129.840"", ""  59.514""], ["" 124.673"", "" 131.008"", ""  60.806""], ["" 124.845"", "" 130.293"", ""  61.956""], ["" 124.249"", "" 132.341"", ""  60.826""], ["" 124.581"", "" 130.897"", ""  63.143""], ["" 123.978"", "" 132.948"", ""  62.055""], ["" 124.144"", "" 132.221"", ""  63.234""], ["" 124.795"", "" 130.045"", ""  64.379""]]",[],3ce_Grossjean_2025
56,7860,3ch_Grossjean_2025,receptor_tmp,1,10,-7.56,-0.22909090909090907,0.0,0.0,6,187.33,-9.95,-9.71,-0.23,-9.95,0.0,-1.79,2.39,-1.79,52,4,0.0,0.0,0.0,11.299738,14.113059,6.66365,-0.62430775,0.68377641,0.37774285,171.150879,"162.532227, 342.412048, 116.906303, 3.205442, 62.899658, 309.620117, 7.594291, 340.591675, ","[["" 127.210"", "" 127.704"", ""  60.731""], ["" 127.973"", "" 127.017"", ""  59.851""], ["" 126.013"", "" 127.510"", ""  60.942""], ["" 128.954"", "" 127.255"", ""  59.834""], ["" 127.941"", "" 128.773"", ""  61.542""], ["" 127.511"", "" 130.455"", ""  61.005""], ["" 128.165"", "" 130.632"", ""  59.360""], ["" 127.650"", "" 130.528"", ""  57.092""], ["" 128.960"", "" 130.837"", ""  56.734""], ["" 127.251"", "" 130.425"", ""  58.380""], ["" 129.918"", "" 131.062"", ""  57.733""], ["" 129.510"", "" 130.976"", ""  59.089""], ["" 130.445"", "" 131.294"", ""  60.173""], ["" 131.183"", "" 131.543"", ""  61.029""], ["" 126.580"", "" 130.279"", ""  56.047""], ["" 131.314"", "" 131.380"", ""  57.303""], ["" 132.404"", "" 130.829"", ""  57.987""], ["" 131.550"", "" 132.245"", ""  56.228""], ["" 133.707"", "" 131.127"", ""  57.597""], ["" 132.852"", "" 132.545"", ""  55.834""], ["" 133.925"", "" 131.984"", ""  56.520""], ["" 127.618"", "" 125.969"", ""  58.981""], ["" 126.367"", "" 125.334"", ""  58.956""], ["" 128.603"", "" 125.564"", ""  58.079""], ["" 126.107"", "" 124.291"", ""  58.053""], ["" 128.367"", "" 124.525"", ""  57.166""], ["" 127.114"", "" 123.899"", ""  57.161""], ["" 124.903"", "" 123.614"", ""  57.978""], ["" 123.721"", "" 124.321"", ""  57.615""], ["" 129.303"", "" 124.072"", ""  56.252""], ["" 129.969"", "" 125.006"", ""  55.409""], ["" 126.876"", "" 122.868"", ""  56.283""], ["" 126.504"", "" 123.292"", ""  54.979""]]",[],3ch_Grossjean_2025
57,8886,3ci_Grossjean_2025,receptor_tmp,1,19,-8.67,-0.3334615384615385,0.0,0.0,3,192.35,-10.16,-9.69,-0.46,-10.16,0.0,-1.2,1.49,-1.2,45,10,0.0,0.0,0.0,10.323521,16.730707,5.337801,-0.22662277,0.95403756,-0.19609805,181.894867,"103.151016, 35.230179, 86.757973, 186.697952, 16.658207, ","[["" 124.728"", "" 130.366"", ""  58.495""], ["" 126.325"", "" 131.121"", ""  58.770""], ["" 127.665"", "" 132.339"", ""  60.240""], ["" 128.738"", "" 132.322"", ""  59.353""], ["" 126.479"", "" 131.757"", ""  59.960""], ["" 128.604"", "" 131.673"", ""  58.118""], ["" 127.362"", "" 131.061"", ""  57.808""], ["" 127.150"", "" 130.405"", ""  56.514""], ["" 126.984"", "" 129.887"", ""  55.492""], ["" 127.763"", "" 133.012"", ""  61.596""], ["" 129.786"", "" 131.666"", ""  57.204""], ["" 129.634"", "" 131.914"", ""  55.834""], ["" 131.062"", "" 131.388"", ""  57.708""], ["" 130.738"", "" 131.898"", ""  54.985""], ["" 132.168"", "" 131.371"", ""  56.862""], ["" 132.001"", "" 131.628"", ""  55.504""], ["" 123.461"", "" 131.251"", ""  59.461""], ["" 123.868"", "" 131.494"", ""  60.919""], ["" 124.197"", "" 130.391"", ""  61.627""], ["" 123.887"", "" 132.646"", ""  61.355""], ["" 124.146"", "" 129.503"", ""  61.150""], ["" 124.571"", "" 130.329"", ""  62.963""], ["" 123.749"", "" 130.256"", ""  63.997""], ["" 125.901"", "" 130.335"", ""  63.382""], ["" 124.546"", "" 130.213"", ""  65.142""], ["" 125.844"", "" 130.260"", ""  64.755""]]",[],3ci_Grossjean_2025
58,7953,3cj_Grossjean_2025,receptor_tmp,1,11,-8.27,-0.31807692307692303,0.0,0.0,2,191.72,-9.76,-9.53,-0.24,-9.76,0.0,-1.19,1.49,-1.19,54,10,0.0,0.0,0.0,10.597277,17.143579,6.116972,-0.27232144,0.84604282,-0.45831494,184.612701,"113.490372, 93.847633, 83.104469, 229.609894, 355.127838, ","[["" 124.555"", "" 130.329"", ""  58.925""], ["" 126.089"", "" 131.232"", ""  58.893""], ["" 127.507"", "" 132.628"", ""  60.100""], ["" 128.482"", "" 132.570"", ""  59.107""], ["" 126.334"", "" 131.964"", ""  60.009""], ["" 128.258"", "" 131.797"", ""  57.960""], ["" 127.019"", "" 131.120"", ""  57.835""], ["" 126.713"", "" 130.319"", ""  56.646""], ["" 126.472"", "" 129.685"", ""  55.707""], ["" 127.715"", "" 133.432"", ""  61.369""], ["" 129.355"", "" 131.711"", ""  56.953""], ["" 129.105"", "" 131.985"", ""  55.603""], ["" 130.643"", "" 131.328"", ""  57.345""], ["" 130.127"", "" 131.892"", ""  54.662""], ["" 131.667"", "" 131.234"", ""  56.406""], ["" 131.405"", "" 131.518"", ""  55.069""], ["" 123.454"", "" 131.316"", ""  59.987""], ["" 123.984"", "" 131.418"", ""  61.421""], ["" 124.442"", "" 130.264"", ""  61.952""], ["" 123.938"", "" 132.500"", ""  62.010""], ["" 124.410"", "" 129.440"", ""  61.368""], ["" 124.846"", "" 130.058"", ""  63.261""], ["" 124.094"", "" 129.993"", ""  64.338""], ["" 126.544"", "" 129.823"", ""  63.534""], ["" 124.815"", "" 129.754"", ""  65.416""], ["" 126.187"", "" 129.622"", ""  65.224""]]",[],3cj_Grossjean_2025
59,3418,3ck_Grossjean_2025,receptor_tmp,1,3,-8.53,-0.27516129032258063,0.0,0.0,2,189.25,-12.4,-11.74,-0.67,-12.4,0.0,-1.01,3.88,-1.01,49,7,0.0,0.0,0.0,7.771102,9.282833,12.736382,-0.98881167,0.05515657,-0.13859737,191.03862,"167.454834, 15.754544, 110.211845, 115.147415, 128.771118, 282.378326, 11.007684, 160.576126, 159.526703, 124.974052, 86.238243, 155.158844, 308.109161, ","[["" 127.420"", "" 127.588"", ""  67.948""], ["" 127.554"", "" 128.602"", ""  66.963""], ["" 126.210"", "" 128.793"", ""  66.235""], ["" 126.348"", "" 129.048"", ""  64.798""], ["" 125.511"", "" 129.788"", ""  64.048""], ["" 124.525"", "" 130.367"", ""  64.508""], ["" 127.143"", "" 128.620"", ""  64.346""], ["" 125.864"", "" 129.877"", ""  62.555""], ["" 127.208"", "" 131.040"", ""  62.136""], ["" 127.531"", "" 130.954"", ""  60.381""], ["" 130.834"", "" 131.835"", ""  61.392""], ["" 129.945"", "" 131.549"", ""  60.709""], ["" 128.817"", "" 131.188"", ""  59.842""], ["" 128.988"", "" 131.082"", ""  58.437""], ["" 127.868"", "" 130.773"", ""  57.653""], ["" 126.462"", "" 130.650"", ""  59.603""], ["" 126.635"", "" 130.564"", ""  58.265""], ["" 125.397"", "" 130.218"", ""  57.461""], ["" 130.294"", "" 131.275"", ""  57.740""], ["" 131.451"", "" 130.658"", ""  58.231""], ["" 130.385"", "" 132.091"", ""  56.605""], ["" 132.675"", "" 130.842"", ""  57.591""], ["" 131.606"", "" 132.277"", ""  55.964""], ["" 132.747"", "" 131.650"", ""  56.460""], ["" 128.578"", "" 127.372"", ""  68.741""], ["" 128.162"", "" 127.388"", ""  70.217""], ["" 129.217"", "" 127.944"", ""  70.991""], ["" 130.171"", "" 126.988"", ""  71.436""], ["" 129.453"", "" 125.879"", ""  72.215""], ["" 130.226"", "" 125.519"", ""  73.352""], ["" 131.587"", "" 125.909"", ""  73.257""]]",[],3ck_Grossjean_2025
60,3484,4aa_Grossjean_2025,receptor_tmp,1,14,-7.14,-0.24620689655172412,0.0,0.0,4,188.98,-8.93,-8.54,-0.38,-8.93,0.0,-0.26,1.79,-0.26,58,14,0.0,0.0,0.0,13.290949,11.565883,10.520298,0.85480086,-0.36092418,-0.37289304,235.55954,"253.027817, 204.498047, 197.988739, 171.002975, 99.66655, 186.747742, ","[["" 129.595"", "" 126.788"", ""  67.101""], ["" 130.522"", "" 126.999"", ""  68.122""], ["" 130.098"", "" 127.392"", ""  69.389""], ["" 128.737"", "" 127.590"", ""  69.656""], ["" 127.809"", "" 127.386"", ""  68.623""], ["" 128.231"", "" 126.990"", ""  67.356""], ["" 130.133"", "" 126.402"", ""  65.858""], ["" 132.345"", "" 126.045"", ""  66.312""], ["" 131.397"", "" 126.044"", ""  65.526""], ["" 129.465"", "" 126.408"", ""  65.100""], ["" 131.593"", "" 125.667"", ""  64.125""], ["" 130.781"", "" 125.962"", ""  63.019""], ["" 133.030"", "" 124.765"", ""  63.638""], ["" 131.291"", "" 125.462"", ""  61.770""], ["" 132.529"", "" 124.780"", ""  61.963""], ["" 130.798"", "" 125.528"", ""  60.439""], ["" 133.257"", "" 124.206"", ""  61.003""], ["" 131.560"", "" 124.929"", ""  59.430""], ["" 132.758"", "" 124.293"", ""  59.746""], ["" 129.497"", "" 126.211"", ""  60.044""], ["" 133.604"", "" 123.638"", ""  58.669""], ["" 129.602"", "" 126.660"", ""  63.100""], ["" 129.582"", "" 127.656"", ""  63.264""], ["" 128.709"", "" 126.197"", ""  63.002""], ["" 128.315"", "" 128.019"", ""  71.032""], ["" 127.133"", "" 128.108"", ""  71.381""], ["" 129.361"", "" 128.294"", ""  71.853""], ["" 130.080"", "" 127.251"", ""  72.499""], ["" 129.358"", "" 125.919"", ""  72.276""]]",[],4aa_Grossjean_2025
61,8365,4ab_Grossjean_2025,receptor_tmp,1,3,-6.89,-0.24607142857142855,0.0,0.0,7,188.7,-8.38,-7.99,-0.39,-8.38,0.0,-0.33,1.49,-0.33,56,12,0.0,0.0,0.0,11.165555,14.201664,10.464155,-0.33326048,-0.8141207,0.47554698,215.667175,"282.797516, 161.325912, 261.861725, 98.208916, 182.430557, ","[["" 128.379"", "" 128.027"", ""  67.236""], ["" 127.492"", "" 127.748"", ""  68.275""], ["" 127.963"", "" 127.292"", ""  69.504""], ["" 129.335"", "" 127.099"", ""  69.713""], ["" 130.224"", "" 127.373"", ""  68.662""], ["" 129.754"", "" 127.831"", ""  67.434""], ["" 127.793"", "" 128.474"", ""  66.037""], ["" 127.110"", "" 130.601"", ""  66.528""], ["" 127.234"", "" 129.670"", ""  65.731""], ["" 127.782"", "" 127.784"", ""  65.302""], ["" 126.744"", "" 129.797"", ""  64.357""], ["" 127.145"", "" 129.085"", ""  63.216""], ["" 125.441"", "" 130.926"", ""  63.977""], ["" 126.427"", "" 129.441"", ""  62.022""], ["" 125.451"", "" 130.447"", ""  62.295""], ["" 126.514"", "" 128.985"", ""  60.679""], ["" 124.620"", "" 130.985"", ""  61.402""], ["" 125.643"", "" 129.548"", ""  59.739""], ["" 124.729"", "" 130.523"", ""  60.133""], ["" 127.493"", "" 127.923"", ""  60.200""], ["" 123.771"", "" 131.144"", ""  59.134""], ["" 128.134"", "" 128.134"", ""  63.218""], ["" 127.925"", "" 127.146"", ""  63.197""], ["" 129.111"", "" 128.393"", ""  63.247""], ["" 129.810"", "" 126.604"", ""  71.049""], ["" 131.002"", "" 126.430"", ""  71.323""], ["" 128.799"", "" 126.376"", ""  71.925""], ["" 128.216"", "" 127.441"", ""  72.662""]]",[],4ab_Grossjean_2025
62,8111,4ac_Grossjean_2025,receptor_tmp,1,1,-7.21,-0.2773076923076923,0.0,0.0,7,189.59,-8.41,-7.97,-0.44,-8.41,0.0,-0.31,1.19,-0.31,58,9,0.0,0.0,0.0,11.6432,16.794923,6.092596,-0.65019489,0.72565859,0.22509157,49.924103,"28.866627, 136.774246, 28.534027, 249.749237, ","[["" 126.660"", "" 132.583"", ""  60.901""], ["" 127.516"", "" 131.702"", ""  61.007""], ["" 127.455"", "" 130.690"", ""  61.906""], ["" 128.184"", "" 129.994"", ""  61.845""], ["" 128.689"", "" 131.691"", ""  60.129""], ["" 130.030"", "" 131.446"", ""  60.465""], ["" 128.514"", "" 132.011"", ""  58.403""], ["" 130.933"", "" 131.508"", ""  59.347""], ["" 130.232"", "" 131.814"", ""  58.143""], ["" 132.338"", "" 131.326"", ""  59.241""], ["" 130.783"", "" 131.944"", ""  56.936""], ["" 132.920"", "" 131.462"", ""  57.976""], ["" 132.125"", "" 131.766"", ""  56.872""], ["" 133.248"", "" 130.994"", ""  60.414""], ["" 132.733"", "" 131.919"", ""  55.490""], ["" 130.459"", "" 131.168"", ""  61.738""], ["" 131.389"", "" 131.405"", ""  62.051""], ["" 129.853"", "" 130.717"", ""  62.409""], ["" 126.488"", "" 130.437"", ""  62.897""], ["" 125.157"", "" 130.449"", ""  62.477""], ["" 126.789"", "" 130.147"", ""  64.236""], ["" 124.134"", "" 130.196"", ""  63.387""], ["" 125.762"", "" 129.895"", ""  65.142""], ["" 124.423"", "" 129.920"", ""  64.723""], ["" 123.343"", "" 129.682"", ""  65.551""], ["" 123.446"", "" 129.998"", ""  66.935""]]",[],4ac_Grossjean_2025
63,8043,4ad_Grossjean_2025,receptor_tmp,2,9,-7.21,-0.30041666666666667,0.0,0.0,11,195.61,-8.1,-7.73,-0.37,-8.1,0.0,-0.16,0.89,-0.16,45,5,0.0,0.0,0.0,12.543719,18.340223,18.34327,-0.69410562,-0.52115779,-0.49660039,269.918396,"196.913681, 225.9422, 119.623611, ","[["" 129.178"", "" 133.089"", ""  73.119""], ["" 129.452"", "" 134.137"", ""  74.012""], ["" 130.177"", "" 135.231"", ""  73.425""], ["" 130.653"", "" 136.460"", ""  73.956""], ["" 130.466"", "" 136.894"", ""  75.402""], ["" 131.338"", "" 137.324"", ""  73.092""], ["" 131.533"", "" 136.966"", ""  71.760""], ["" 132.275"", "" 137.882"", ""  70.805""], ["" 131.095"", "" 135.803"", ""  71.219""], ["" 130.443"", "" 134.982"", ""  72.044""], ["" 129.814"", "" 133.440"", ""  71.511""], ["" 128.481"", "" 131.828"", ""  73.379""], ["" 128.930"", "" 130.762"", ""  72.952""], ["" 127.347"", "" 131.932"", ""  74.115""], ["" 127.122"", "" 132.855"", ""  74.456""], ["" 126.434"", "" 130.931"", ""  74.500""], ["" 126.740"", "" 129.632"", ""  74.083""], ["" 125.290"", "" 131.157"", ""  75.282""], ["" 125.904"", "" 128.571"", ""  74.422""], ["" 124.457"", "" 130.095"", ""  75.621""], ["" 124.765"", "" 128.807"", ""  75.187""], ["" 129.070"", "" 134.137"", ""  75.330""], ["" 128.101"", "" 134.077"", ""  75.606""], ["" 129.753"", "" 134.191"", ""  76.074""]]",[],4ad_Grossjean_2025
64,7896,4ae_Grossjean_2025,receptor_tmp,2,15,-7.21,-0.2884,0.0,0.0,7,187.98,-8.1,-7.66,-0.44,-8.1,0.0,-0.18,0.89,-0.18,48,6,0.0,0.0,0.0,12.442257,6.919552,17.978773,0.3668972,-0.49158449,-0.7897665,138.094238,"24.407755, 222.773727, 303.063354, ","[["" 128.952"", "" 121.191"", ""  72.674""], ["" 128.746"", "" 120.099"", ""  73.533""], ["" 127.964"", "" 119.040"", ""  72.952""], ["" 127.523"", "" 117.787"", ""  73.458""], ["" 127.829"", "" 117.276"", ""  74.858""], ["" 126.756"", "" 116.975"", ""  72.615""], ["" 126.448"", "" 117.405"", ""  71.325""], ["" 125.613"", "" 116.546"", ""  70.393""], ["" 126.852"", "" 118.591"", ""  70.809""], ["" 127.582"", "" 119.362"", ""  71.616""], ["" 128.178"", "" 120.926"", ""  71.110""], ["" 129.667"", "" 122.440"", ""  72.942""], ["" 129.231"", "" 123.518"", ""  72.534""], ["" 130.811"", "" 122.312"", ""  73.660""], ["" 131.032"", "" 121.384"", ""  73.992""], ["" 131.709"", "" 123.313"", ""  74.070""], ["" 131.427"", "" 124.640"", ""  73.918""], ["" 132.925"", "" 122.877"", ""  74.607""], ["" 132.352"", "" 125.551"", ""  74.317""], ["" 133.865"", "" 123.826"", ""  75.014""], ["" 133.582"", "" 125.184"", ""  74.869""], ["" 131.973"", "" 127.005"", ""  74.119""], ["" 129.237"", "" 120.032"", ""  74.812""], ["" 128.633"", "" 119.888"", ""  75.609""], ["" 130.226"", "" 120.123"", ""  75.000""]]",[],4ae_Grossjean_2025
65,3583,4af_Grossjean_2025,receptor_tmp,2,17,-7.25,-0.3020833333333333,0.0,0.0,3,189.57,-8.15,-7.84,-0.31,-8.15,0.0,-0.15,0.89,-0.15,40,7,0.0,0.0,0.0,11.439594,16.760678,5.449471,0.91484297,0.28676688,-0.28430107,106.334717,"201.410156, 165.968414, 259.705322, ","[["" 128.241"", "" 131.358"", ""  60.166""], ["" 129.601"", "" 131.219"", ""  60.485""], ["" 130.483"", "" 131.371"", ""  59.359""], ["" 131.898"", "" 131.307"", ""  59.235""], ["" 132.844"", "" 131.039"", ""  60.394""], ["" 132.452"", "" 131.503"", ""  57.964""], ["" 131.622"", "" 131.750"", ""  56.873""], ["" 132.198"", "" 131.962"", ""  55.485""], ["" 130.270"", "" 131.818"", ""  56.953""], ["" 129.746"", "" 131.631"", ""  58.165""], ["" 128.020"", "" 131.681"", ""  58.444""], ["" 127.080"", "" 131.236"", ""  61.050""], ["" 125.984"", "" 131.685"", ""  60.712""], ["" 127.309"", "" 130.595"", ""  62.222""], ["" 128.240"", "" 130.225"", ""  62.352""], ["" 126.434"", "" 130.355"", ""  63.298""], ["" 125.078"", "" 130.631"", ""  63.085""], ["" 126.805"", "" 129.838"", ""  64.552""], ["" 124.119"", "" 130.436"", ""  64.025""], ["" 125.831"", "" 129.631"", ""  65.530""], ["" 124.504"", "" 129.944"", ""  65.230""], ["" 130.066"", "" 130.963"", ""  61.750""], ["" 130.059"", "" 130.032"", ""  62.143""], ["" 130.437"", "" 131.702"", ""  62.331""]]",[],4af_Grossjean_2025
66,7804,4ag_Grossjean_2025,receptor_tmp,1,2,-7.35,-0.294,0.0,0.0,5,184.2,-8.55,-8.47,-0.07,-8.55,0.0,-0.32,1.19,-0.32,53,4,0.0,0.0,0.0,12.262897,8.875756,5.841229,0.85914535,-0.1209158,-0.49724102,42.25251,"253.305222, 158.11792, 279.496002, 223.533173, ","[["" 128.972"", "" 123.121"", ""  61.000""], ["" 130.101"", "" 123.733"", ""  61.564""], ["" 131.304"", "" 122.954"", ""  61.454""], ["" 132.638"", "" 123.187"", ""  61.881""], ["" 133.093"", "" 124.440"", ""  62.614""], ["" 133.593"", "" 122.200"", ""  61.609""], ["" 133.221"", "" 121.036"", ""  60.939""], ["" 134.239"", "" 119.953"", ""  60.632""], ["" 131.959"", "" 120.781"", ""  60.515""], ["" 131.052"", "" 121.723"", ""  60.777""], ["" 129.377"", "" 121.554"", ""  60.301""], ["" 127.603"", "" 123.632"", ""  60.926""], ["" 126.843"", "" 123.574"", ""  61.895""], ["" 127.224"", "" 124.146"", ""  59.737""], ["" 127.916"", "" 124.214"", ""  59.005""], ["" 125.917"", "" 124.733"", ""  59.446""], ["" 125.274"", "" 124.209"", ""  58.167""], ["" 126.080"", "" 123.773"", ""  57.112""], ["" 123.883"", "" 124.114"", ""  58.071""], ["" 125.495"", "" 123.269"", ""  55.952""], ["" 123.298"", "" 123.612"", ""  56.911""], ["" 124.107"", "" 123.193"", ""  55.857""], ["" 130.077"", "" 124.963"", ""  62.173""], ["" 129.340"", "" 125.228"", ""  62.811""], ["" 130.802"", "" 125.647"", ""  62.005""]]",[],4ag_Grossjean_2025
67,8108,4ah_Grossjean_2025,receptor_tmp,1,12,-6.97,-0.22483870967741934,0.0,0.0,7,185.63,-9.06,-8.51,-0.55,-9.06,0.0,-0.82,2.09,-0.82,48,8,0.0,0.0,0.0,8.979718,12.447667,5.782365,-0.32296071,0.94600968,0.02760548,160.115829,"300.542114, 218.173691, 260.620056, 67.819138, 167.715851, 201.664078, 46.811852, ","[["" 127.178"", "" 127.020"", ""  59.173""], ["" 126.920"", "" 127.289"", ""  60.348""], ["" 127.072"", "" 126.397"", ""  61.349""], ["" 126.764"", "" 126.661"", ""  62.273""], ["" 126.468"", "" 128.623"", ""  60.741""], ["" 126.707"", "" 129.306"", ""  61.943""], ["" 125.550"", "" 129.618"", ""  59.609""], ["" 126.135"", "" 130.625"", ""  61.986""], ["" 125.468"", "" 130.932"", ""  60.761""], ["" 126.121"", "" 131.631"", ""  62.990""], ["" 124.843"", "" 132.076"", ""  60.483""], ["" 125.463"", "" 132.833"", ""  62.701""], ["" 124.852"", "" 133.013"", ""  61.463""], ["" 126.774"", "" 131.482"", ""  64.355""], ["" 124.138"", "" 134.308"", ""  61.125""], ["" 127.411"", "" 128.776"", ""  62.994""], ["" 128.248"", "" 129.213"", ""  63.349""], ["" 127.113"", "" 127.923"", ""  63.446""], ["" 127.507"", "" 125.010"", ""  61.189""], ["" 127.109"", "" 124.397"", ""  59.851""], ["" 128.092"", "" 124.018"", ""  58.936""], ["" 125.763"", "" 124.276"", ""  59.504""], ["" 127.743"", "" 123.491"", ""  57.682""], ["" 125.384"", "" 123.748"", ""  58.260""], ["" 126.385"", "" 123.353"", ""  57.360""], ["" 128.663"", "" 123.094"", ""  56.728""], ["" 128.972"", "" 123.969"", ""  55.649""], ["" 124.071"", "" 123.587"", ""  57.857""], ["" 123.263"", "" 124.738"", ""  57.634""], ["" 126.029"", "" 122.852"", ""  56.131""], ["" 125.619"", "" 123.842"", ""  55.198""]]",[],4ah_Grossjean_2025
68,8152,4ai_Grossjean_2025,receptor_tmp,1,10,-6.98,-0.30347826086956525,0.0,0.0,5,189.9,-7.87,-7.4,-0.47,-7.87,0.0,-0.15,0.89,-0.15,38,7,0.0,0.0,0.0,11.675571,16.807091,5.375015,0.91276522,0.2870197,-0.29065329,104.694199,"359.446838, 168.919891, 272.382477, ","[["" 128.194"", "" 131.382"", ""  60.132""], ["" 129.549"", "" 131.243"", ""  60.471""], ["" 130.448"", "" 131.376"", ""  59.357""], ["" 131.864"", "" 131.320"", ""  59.256""], ["" 132.795"", "" 131.084"", ""  60.436""], ["" 132.437"", "" 131.494"", ""  57.991""], ["" 131.622"", "" 131.715"", ""  56.882""], ["" 132.220"", "" 131.913"", ""  55.501""], ["" 130.269"", "" 131.773"", ""  56.939""], ["" 129.727"", "" 131.608"", ""  58.146""], ["" 127.997"", "" 131.658"", ""  58.400""], ["" 127.022"", "" 131.295"", ""  61.006""], ["" 125.921"", "" 131.695"", ""  60.624""], ["" 127.246"", "" 130.739"", ""  62.223""], ["" 128.186"", "" 130.434"", ""  62.424""], ["" 126.320"", "" 130.526"", ""  63.236""], ["" 125.042"", "" 130.868"", ""  63.207""], ["" 126.641"", "" 129.904"", ""  64.443""], ["" 124.489"", "" 130.464"", ""  64.423""], ["" 125.466"", "" 129.883"", ""  65.159""], ["" 129.996"", "" 131.008"", ""  61.748""], ["" 130.150"", "" 130.073"", ""  62.094""], ["" 130.180"", "" 131.769"", ""  62.387""]]",[],4ai_Grossjean_2025
69,3427,4aj_Grossjean_2025,receptor_tmp,1,1,-6.76,-0.29391304347826086,0.0,0.0,9,188.06,-7.65,-7.27,-0.38,-7.65,0.0,-0.11,0.89,-0.11,34,6,0.0,0.0,0.0,12.343806,6.631157,18.08942,-0.37038852,0.49981508,0.7829414,224.527756,"12.837011, 220.374741, 107.034714, ","[["" 129.029"", "" 121.388"", ""  72.800""], ["" 128.878"", "" 120.331"", ""  73.710""], ["" 128.156"", "" 119.205"", ""  73.182""], ["" 127.792"", "" 117.952"", ""  73.743""], ["" 128.138"", "" 117.518"", ""  75.160""], ["" 127.070"", "" 117.061"", ""  72.941""], ["" 126.730"", "" 117.415"", ""  71.637""], ["" 125.943"", "" 116.468"", ""  70.750""], ["" 127.061"", "" 118.600"", ""  71.067""], ["" 127.750"", "" 119.446"", ""  71.835""], ["" 128.257"", "" 121.017"", ""  71.257""], ["" 129.693"", "" 122.678"", ""  73.004""], ["" 129.234"", "" 123.708"", ""  72.506""], ["" 130.810"", "" 122.642"", ""  73.771""], ["" 131.094"", "" 121.744"", ""  74.134""], ["" 131.613"", "" 123.717"", ""  74.125""], ["" 131.359"", "" 125.000"", ""  73.973""], ["" 133.141"", "" 123.356"", ""  74.862""], ["" 132.347"", "" 125.747"", ""  74.427""], ["" 133.437"", "" 125.066"", ""  74.963""], ["" 129.373"", "" 120.349"", ""  74.989""], ["" 130.361"", "" 120.260"", ""  75.180""], ["" 128.762"", "" 120.450"", ""  75.787""]]",[],4aj_Grossjean_2025
70,3267,4ak_Grossjean_2025,receptor_tmp,1,4,-6.94,-0.24785714285714286,0.0,0.0,1,189.02,-10.22,-8.82,-1.4,-10.22,0.0,-0.88,3.28,-0.88,50,9,0.0,0.0,0.0,11.854485,9.026221,20.279057,-0.14745472,-0.42850872,-0.89142436,225.394882,"299.023865, 226.197739, 349.471924, 215.934799, 133.222214, 114.986122, 233.849701, 119.572189, 11.986924, 288.372711, 338.775848, ","[["" 131.232"", "" 125.732"", ""  74.936""], ["" 131.967"", "" 124.698"", ""  75.576""], ["" 132.537"", "" 123.744"", ""  74.510""], ["" 131.588"", "" 122.722"", ""  74.069""], ["" 130.107"", "" 124.091"", ""  73.043""], ["" 130.449"", "" 122.958"", ""  73.386""], ["" 131.813"", "" 121.768"", ""  74.314""], ["" 129.638"", "" 121.785"", ""  73.064""], ["" 129.235"", "" 120.743"", ""  73.913""], ["" 129.057"", "" 121.530"", ""  71.418""], ["" 128.444"", "" 119.734"", ""  73.262""], ["" 128.267"", "" 120.039"", ""  71.879""], ["" 127.837"", "" 118.540"", ""  73.736""], ["" 127.583"", "" 119.303"", ""  71.002""], ["" 127.118"", "" 117.764"", ""  72.818""], ["" 127.017"", "" 118.172"", ""  71.490""], ["" 127.916"", "" 118.056"", ""  75.176""], ["" 126.245"", "" 117.346"", ""  70.476""], ["" 129.555"", "" 120.679"", ""  75.246""], ["" 128.845"", "" 120.677"", ""  75.965""], ["" 130.515"", "" 120.627"", ""  75.553""], ["" 131.898"", "" 126.304"", ""  73.818""], ["" 130.870"", "" 127.000"", ""  72.917""], ["" 129.560"", "" 126.639"", ""  73.333""], ["" 128.546"", "" 126.980"", ""  72.396""], ["" 128.557"", "" 128.496"", ""  72.166""], ["" 128.187"", "" 129.161"", ""  73.367""], ["" 126.859"", "" 128.883"", ""  73.781""]]",[],4ak_Grossjean_2025
71,8647,4al_Grossjean_2025,receptor_tmp,1,3,-5.42,-0.3011111111111111,0.0,0.0,5,190.36,-6.31,-6.29,-0.02,-6.31,0.0,-0.29,0.89,-0.29,45,5,0.0,0.0,0.0,14.316929,16.798565,2.877677,-0.86745164,-0.29491186,-0.40069271,104.458641,"66.235535, 326.383514, 202.117142, ","[["" 129.681"", "" 131.581"", ""  56.856""], ["" 131.057"", "" 131.367"", ""  56.718""], ["" 131.770"", "" 131.322"", ""  57.965""], ["" 133.143"", "" 131.130"", ""  58.277""], ["" 134.232"", "" 130.915"", ""  57.237""], ["" 133.513"", "" 131.142"", ""  59.626""], ["" 132.548"", "" 131.336"", ""  60.612""], ["" 132.924"", "" 131.352"", ""  62.082""], ["" 131.230"", "" 131.522"", ""  60.351""], ["" 130.881"", "" 131.510"", ""  59.064""], ["" 129.223"", "" 131.735"", ""  58.554""], ["" 128.649"", "" 131.684"", ""  55.801""], ["" 128.868"", "" 132.176"", ""  54.691""], ["" 127.447"", "" 131.183"", ""  56.186""], ["" 126.909"", "" 130.025"", ""  55.568""], ["" 131.679"", "" 131.213"", ""  55.506""], ["" 131.272"", "" 131.559"", ""  54.648""], ["" 132.572"", "" 130.746"", ""  55.429""]]",[],4al_Grossjean_2025
72,8137,4ba_Grossjean_2025,receptor_tmp,3,18,-6.98,-0.22516129032258067,0.0,0.0,5,188.37,-8.77,-8.47,-0.3,-8.77,0.0,-0.46,1.79,-0.46,55,12,0.0,0.0,0.0,13.250234,11.322367,9.743799,-0.84360221,0.36599526,0.39291574,124.489281,"281.892365, 238.798279, 165.518311, 256.871735, 103.362907, 181.644577, ","[["" 129.510"", "" 126.815"", ""  67.154""], ["" 130.472"", "" 127.012"", ""  68.146""], ["" 130.093"", "" 127.386"", ""  69.432""], ["" 128.742"", "" 127.575"", ""  69.751""], ["" 127.778"", "" 127.383"", ""  68.751""], ["" 128.155"", "" 127.009"", ""  67.464""], ["" 130.003"", "" 126.448"", ""  65.888""], ["" 130.865"", "" 124.357"", ""  66.233""], ["" 130.605"", "" 125.301"", ""  65.485""], ["" 129.899"", "" 127.161"", ""  65.183""], ["" 130.966"", "" 125.249"", ""  64.067""], ["" 130.460"", "" 126.017"", ""  63.005""], ["" 132.232"", "" 124.155"", ""  63.514""], ["" 131.067"", "" 125.731"", ""  61.728""], ["" 132.069"", "" 124.723"", ""  61.870""], ["" 130.859"", "" 126.252"", ""  60.416""], ["" 132.827"", "" 124.235"", ""  60.888""], ["" 131.661"", "" 125.734"", ""  59.386""], ["" 132.610"", "" 124.752"", ""  59.658""], ["" 133.490"", "" 124.189"", ""  58.556""], ["" 129.473"", "" 126.957"", ""  63.161""], ["" 129.676"", "" 127.946"", ""  63.192""], ["" 128.503"", "" 126.690"", ""  63.259""], ["" 129.826"", "" 127.329"", ""  60.068""], ["" 130.021"", "" 128.472"", ""  60.729""], ["" 129.883"", "" 127.607"", ""  58.765""], ["" 128.603"", "" 126.895"", ""  60.373""], ["" 128.365"", "" 127.979"", ""  71.147""], ["" 127.194"", "" 128.126"", ""  71.506""], ["" 129.505"", "" 128.222"", ""  72.157""], ["" 130.156"", "" 126.947"", ""  72.725""]]",[],4ba_Grossjean_2025
73,3212,4bb_Grossjean_2025,receptor_tmp,1,11,-6.84,-0.228,0.0,0.0,3,188.03,-8.33,-8.01,-0.32,-8.33,0.0,-0.24,1.49,-0.24,58,13,0.0,0.0,0.0,9.763286,14.44261,10.208118,0.38361022,-0.59688279,-0.70468017,244.978348,"260.740234, 0.464524, 204.006592, 192.020248, 201.910263, ","[["" 125.616"", "" 128.923"", ""  66.642""], ["" 126.491"", "" 128.888"", ""  65.777""], ["" 127.761"", "" 128.467"", ""  65.996""], ["" 128.363"", "" 128.441"", ""  65.186""], ["" 126.194"", "" 129.285"", ""  64.399""], ["" 126.907"", "" 128.983"", ""  63.226""], ["" 124.747"", "" 130.224"", ""  64.039""], ["" 126.314"", "" 129.510"", ""  62.023""], ["" 125.112"", "" 130.220"", ""  62.329""], ["" 126.693"", "" 129.453"", ""  60.647""], ["" 124.320"", "" 130.827"", ""  61.447""], ["" 125.854"", "" 130.094"", ""  59.723""], ["" 124.707"", "" 130.754"", ""  60.153""], ["" 123.791"", "" 131.455"", ""  59.165""], ["" 128.071"", "" 128.257"", ""  63.222""], ["" 128.071"", "" 127.248"", ""  63.258""], ["" 128.974"", "" 128.711"", ""  63.184""], ["" 127.945"", "" 128.739"", ""  60.127""], ["" 128.086"", "" 128.831"", ""  58.803""], ["" 129.033"", "" 129.275"", ""  60.683""], ["" 127.887"", "" 127.443"", ""  60.433""], ["" 128.377"", "" 128.025"", ""  67.184""], ["" 127.516"", "" 127.762"", ""  68.251""], ["" 129.756"", "" 127.822"", ""  67.346""], ["" 128.020"", "" 127.318"", ""  69.470""], ["" 130.257"", "" 127.376"", ""  68.566""], ["" 129.396"", "" 127.120"", ""  69.642""], ["" 129.910"", "" 126.641"", ""  70.966""], ["" 131.105"", "" 126.626"", ""  71.269""], ["" 128.898"", "" 126.151"", ""  72.003""]]",[],4bb_Grossjean_2025
74,3680,4bc_Grossjean_2025,receptor_tmp,1,12,-6.79,-0.23413793103448277,0.0,0.0,4,189.48,-8.28,-7.87,-0.42,-8.28,0.0,-0.26,1.49,-0.26,70,9,0.0,0.0,0.0,11.623456,16.92318,5.429609,-0.78056749,0.55172849,0.29378575,59.852085,"206.374374, 111.197983, 148.862289, 28.229219, 234.83461, ","[["" 126.276"", "" 132.124"", ""  60.496""], ["" 127.275"", "" 131.459"", ""  60.773""], ["" 127.365"", "" 130.641"", ""  61.850""], ["" 128.212"", "" 130.098"", ""  61.929""], ["" 128.466"", "" 131.509"", ""  59.920""], ["" 129.813"", "" 131.363"", ""  60.288""], ["" 128.305"", "" 131.779"", ""  58.186""], ["" 130.740"", "" 131.463"", ""  59.187""], ["" 130.036"", "" 131.696"", ""  57.965""], ["" 132.162"", "" 131.376"", ""  59.103""], ["" 130.592"", "" 131.841"", ""  56.762""], ["" 132.741"", "" 131.530"", ""  57.834""], ["" 131.941"", "" 131.756"", ""  56.716""], ["" 132.553"", "" 131.929"", ""  55.339""], ["" 130.219"", "" 131.145"", ""  61.580""], ["" 129.621"", "" 130.703"", ""  62.262""], ["" 131.140"", "" 131.420"", ""  61.892""], ["" 133.083"", "" 131.128"", ""  60.303""], ["" 133.130"", "" 132.159"", ""  61.148""], ["" 132.654"", "" 130.069"", ""  60.988""], ["" 134.327"", "" 130.903"", ""  59.878""], ["" 126.421"", "" 130.400"", ""  62.865""], ["" 125.081"", "" 130.397"", ""  62.473""], ["" 126.750"", "" 130.133"", ""  64.203""], ["" 124.078"", "" 130.152"", ""  63.408""], ["" 125.745"", "" 129.889"", ""  65.134""], ["" 124.396"", "" 129.900"", ""  64.742""], ["" 123.335"", "" 129.668"", ""  65.596""], ["" 123.467"", "" 130.002"", ""  66.973""]]",[],4bc_Grossjean_2025
75,8219,4bd_Grossjean_2025,receptor_tmp,1,15,-6.87,-0.2544444444444445,0.0,0.0,8,195.81,-8.06,-7.66,-0.4,-8.06,0.0,-0.2,1.19,-0.2,44,5,0.0,0.0,0.0,12.685804,18.77103,18.681623,0.70786001,0.52552225,0.47197518,92.194542,"194.591217, 230.163742, 292.689575, 236.226654, ","[["" 129.168"", "" 133.074"", ""  73.137""], ["" 129.495"", "" 134.097"", ""  74.044""], ["" 130.207"", "" 135.203"", ""  73.453""], ["" 130.728"", "" 136.420"", ""  73.987""], ["" 131.379"", "" 137.286"", ""  73.095""], ["" 131.502"", "" 136.951"", ""  71.749""], ["" 132.205"", "" 137.877"", ""  70.773""], ["" 131.019"", "" 135.806"", ""  71.213""], ["" 130.401"", "" 134.980"", ""  72.055""], ["" 129.731"", "" 133.459"", ""  71.512""], ["" 128.470"", "" 131.812"", ""  73.397""], ["" 128.930"", "" 130.744"", ""  72.991""], ["" 127.321"", "" 131.919"", ""  74.111""], ["" 127.087"", "" 132.845"", ""  74.438""], ["" 126.406"", "" 130.919"", ""  74.488""], ["" 126.694"", "" 129.626"", ""  74.043""], ["" 125.274"", "" 131.141"", ""  75.290""], ["" 125.854"", "" 128.566"", ""  74.374""], ["" 124.436"", "" 130.078"", ""  75.618""], ["" 124.727"", "" 128.797"", ""  75.158""], ["" 129.170"", "" 134.053"", ""  75.375""], ["" 129.874"", "" 133.978"", ""  76.096""], ["" 128.209"", "" 134.102"", ""  75.683""], ["" 130.620"", "" 136.829"", ""  75.460""], ["" 131.130"", "" 135.920"", ""  76.293""], ["" 131.279"", "" 137.969"", ""  75.661""], ["" 129.339"", "" 136.996"", ""  75.789""]]",[],4bd_Grossjean_2025
76,4119,4be_Grossjean_2025,receptor_tmp,1,14,-6.86,-0.24500000000000002,0.0,0.0,10,187.46,-8.05,-7.55,-0.51,-8.05,0.0,-0.2,1.19,-0.2,44,6,0.0,0.0,0.0,12.397016,6.307669,18.372783,-0.34004111,0.4916373,0.80166377,224.191803,"20.363647, 222.036118, 134.043777, 240.47493, ","[["" 128.963"", "" 121.073"", ""  72.800""], ["" 128.820"", "" 120.001"", ""  73.694""], ["" 128.041"", "" 118.902"", ""  73.177""], ["" 127.665"", "" 117.638"", ""  73.722""], ["" 126.875"", "" 116.803"", ""  72.917""], ["" 126.489"", "" 117.209"", ""  71.643""], ["" 125.633"", "" 116.317"", ""  70.763""], ["" 126.833"", "" 118.399"", ""  71.096""], ["" 127.582"", "" 119.196"", ""  71.856""], ["" 128.109"", "" 120.764"", ""  71.289""], ["" 129.665"", "" 122.344"", ""  73.001""], ["" 129.211"", "" 123.394"", ""  72.543""], ["" 130.808"", "" 122.269"", ""  73.728""], ["" 131.056"", "" 121.357"", ""  74.082""], ["" 131.682"", "" 123.303"", ""  74.110""], ["" 131.362"", "" 124.620"", ""  73.945""], ["" 132.909"", "" 122.908"", ""  74.653""], ["" 132.261"", "" 125.560"", ""  74.332""], ["" 133.824"", "" 123.887"", ""  75.047""], ["" 133.502"", "" 125.235"", ""  74.886""], ["" 131.839"", "" 127.002"", ""  74.123""], ["" 129.376"", "" 119.990"", ""  74.948""], ["" 130.331"", "" 120.273"", ""  75.112""], ["" 128.846"", "" 119.688"", ""  75.754""], ["" 128.067"", "" 117.146"", ""  75.116""], ["" 127.608"", "" 117.927"", ""  76.098""], ["" 127.580"", "" 115.922"", ""  75.321""], ["" 129.395"", "" 117.114"", ""  75.218""]]",[],4be_Grossjean_2025
77,8308,4bf_Grossjean_2025,receptor_tmp,1,7,-6.96,-0.2577777777777778,0.0,0.0,5,189.48,-8.15,-7.84,-0.32,-8.15,0.0,-0.16,1.19,-0.16,51,8,0.0,0.0,0.0,11.831382,16.585738,5.554898,0.9035112,0.31970633,-0.28540389,105.289703,"195.119293, 168.958466, 87.695198, 352.29303, ","[["" 128.070"", "" 131.215"", ""  60.210""], ["" 129.444"", "" 131.144"", ""  60.489""], ["" 130.291"", "" 131.316"", ""  59.335""], ["" 131.707"", "" 131.316"", ""  59.161""], ["" 132.194"", "" 131.517"", ""  57.860""], ["" 131.313"", "" 131.707"", ""  56.799""], ["" 131.825"", "" 131.922"", ""  55.386""], ["" 129.966"", "" 131.713"", ""  56.930""], ["" 129.499"", "" 131.521"", ""  58.163""], ["" 127.783"", "" 131.496"", ""  58.494""], ["" 126.940"", "" 131.055"", ""  61.131""], ["" 125.805"", "" 131.395"", ""  60.797""], ["" 127.245"", "" 130.505"", ""  62.332""], ["" 128.203"", "" 130.215"", ""  62.458""], ["" 126.415"", "" 130.262"", ""  63.443""], ["" 125.054"", "" 130.553"", ""  63.291""], ["" 126.836"", "" 129.732"", ""  64.675""], ["" 124.135"", "" 130.359"", ""  64.273""], ["" 125.903"", "" 129.526"", ""  65.694""], ["" 124.568"", "" 129.852"", ""  65.454""], ["" 129.946"", "" 130.932"", ""  61.749""], ["" 130.183"", "" 131.697"", ""  62.364""], ["" 130.093"", "" 129.999"", ""  62.106""], ["" 132.715"", "" 131.109"", ""  60.296""], ["" 133.972"", "" 130.982"", ""  59.863""], ["" 132.683"", "" 132.152"", ""  61.125""], ["" 132.413"", "" 129.999"", ""  60.972""]]",[],4bf_Grossjean_2025
78,8167,4bg_Grossjean_2025,receptor_tmp,1,16,-7.11,-0.25392857142857145,0.0,0.0,5,184.41,-8.6,-8.52,-0.08,-8.6,0.0,-0.33,1.49,-0.33,60,4,0.0,0.0,0.0,12.482128,8.483796,6.902572,0.7593616,-0.26118147,-0.59594816,35.466415,"54.269135, 312.949738, 287.542755, 52.458851, 136.546951, ","[["" 128.970"", "" 123.179"", ""  60.927""], ["" 130.087"", "" 123.797"", ""  61.512""], ["" 131.304"", "" 123.031"", ""  61.405""], ["" 132.645"", "" 123.275"", ""  61.828""], ["" 133.595"", "" 122.278"", ""  61.556""], ["" 133.221"", "" 121.108"", ""  60.901""], ["" 134.236"", "" 120.019"", ""  60.605""], ["" 131.961"", "" 120.848"", ""  60.483""], ["" 131.055"", "" 121.792"", ""  60.737""], ["" 129.385"", "" 121.604"", ""  60.258""], ["" 127.587"", "" 123.653"", ""  60.879""], ["" 126.836"", "" 123.545"", ""  61.850""], ["" 127.206"", "" 124.244"", ""  59.728""], ["" 127.847"", "" 124.226"", ""  58.948""], ["" 125.872"", "" 124.778"", ""  59.448""], ["" 125.234"", "" 124.198"", ""  58.193""], ["" 123.842"", "" 124.160"", ""  58.067""], ["" 126.043"", "" 123.767"", ""  57.138""], ["" 123.263"", "" 123.665"", ""  56.902""], ["" 125.463"", "" 123.274"", ""  55.972""], ["" 124.075"", "" 123.222"", ""  55.860""], ["" 130.031"", "" 125.024"", ""  62.123""], ["" 130.662"", "" 125.772"", ""  61.877""], ["" 129.358"", "" 125.217"", ""  62.852""], ["" 133.103"", "" 124.546"", ""  62.552""], ["" 132.587"", "" 125.660"", ""  62.027""], ["" 132.728"", "" 124.496"", ""  63.830""], ["" 134.430"", "" 124.650"", ""  62.485""]]",[],4bg_Grossjean_2025
79,3430,4bh_Grossjean_2025,receptor_tmp,1,14,-6.19,-0.18205882352941177,0.0,0.0,6,185.78,-8.57,-8.28,-0.3,-8.57,0.0,-0.67,2.39,-0.67,59,6,0.0,0.0,0.0,11.784107,13.739239,5.602231,0.20055749,-0.94513293,0.25787677,298.890045,"319.22287, 232.787018, 206.512192, 50.922894, 262.765747, 346.565125, 7.064833, 313.112183, ","[["" 129.186"", "" 127.322"", ""  61.696""], ["" 128.071"", "" 127.671"", ""  61.305""], ["" 127.109"", "" 126.785"", ""  60.971""], ["" 126.249"", "" 127.141"", ""  60.580""], ["" 127.700"", "" 129.084"", ""  61.221""], ["" 126.416"", "" 129.650"", ""  61.190""], ["" 128.950"", "" 130.324"", ""  61.219""], ["" 126.411"", "" 131.091"", ""  61.135""], ["" 127.749"", "" 131.594"", ""  61.151""], ["" 125.362"", "" 132.056"", ""  61.075""], ["" 128.098"", "" 132.879"", ""  61.119""], ["" 125.736"", "" 133.409"", ""  61.040""], ["" 127.081"", "" 133.769"", ""  61.065""], ["" 127.500"", "" 135.228"", ""  61.031""], ["" 125.267"", "" 128.903"", ""  61.202""], ["" 124.459"", "" 129.173"", ""  61.747""], ["" 125.190"", "" 128.048"", ""  60.670""], ["" 123.870"", "" 131.708"", ""  61.042""], ["" 123.498"", "" 130.906"", ""  62.043""], ["" 123.145"", "" 132.822"", ""  61.134""], ["" 123.578"", "" 131.085"", ""  59.901""], ["" 127.259"", "" 125.329"", ""  60.976""], ["" 126.935"", "" 124.680"", ""  59.636""], ["" 125.608"", "" 124.465"", ""  59.264""], ["" 127.963"", "" 124.231"", ""  58.805""], ["" 125.292"", "" 123.830"", ""  58.053""], ["" 127.678"", "" 123.600"", ""  57.584""], ["" 126.337"", "" 123.411"", ""  57.217""], ["" 124.001"", "" 123.587"", ""  57.621""], ["" 123.056"", "" 124.651"", ""  57.610""], ["" 128.645"", "" 123.144"", ""  56.706""], ["" 129.001"", "" 123.945"", ""  55.584""], ["" 126.044"", "" 122.778"", ""  56.032""], ["" 125.613"", "" 123.654"", ""  55.000""]]",[],4bh_Grossjean_2025
80,7810,4bi_Grossjean_2025,receptor_tmp,1,10,-6.7,-0.2576923076923077,0.0,0.0,7,189.86,-7.89,-7.42,-0.47,-7.89,0.0,-0.19,1.19,-0.19,52,8,0.0,0.0,0.0,12.156973,16.799243,5.492102,-0.90469659,-0.29752541,0.30496347,254.7556,"1.76277, 165.876083, 91.885567, 113.631828, ","[["" 128.125"", "" 131.420"", ""  60.179""], ["" 129.491"", "" 131.280"", ""  60.478""], ["" 130.362"", "" 131.413"", ""  59.336""], ["" 131.779"", "" 131.358"", ""  59.185""], ["" 132.294"", "" 131.532"", ""  57.889""], ["" 131.437"", "" 131.750"", ""  56.814""], ["" 131.979"", "" 131.944"", ""  55.409""], ["" 130.090"", "" 131.810"", ""  56.925""], ["" 129.596"", "" 131.644"", ""  58.152""], ["" 127.876"", "" 131.698"", ""  58.457""], ["" 126.977"", "" 131.330"", ""  61.085""], ["" 125.880"", "" 131.789"", ""  60.759""], ["" 127.215"", "" 130.705"", ""  62.265""], ["" 128.150"", "" 130.356"", ""  62.420""], ["" 126.313"", "" 130.471"", ""  63.295""], ["" 125.039"", "" 130.826"", ""  63.306""], ["" 126.657"", "" 129.814"", ""  64.475""], ["" 124.511"", "" 130.396"", ""  64.526""], ["" 125.501"", "" 129.786"", ""  65.221""], ["" 129.960"", "" 131.044"", ""  61.745""], ["" 130.176"", "" 131.797"", ""  62.383""], ["" 130.113"", "" 130.104"", ""  62.083""], ["" 132.762"", "" 131.129"", ""  60.338""], ["" 132.769"", "" 132.126"", ""  61.225""], ["" 132.436"", "" 130.015"", ""  60.993""], ["" 134.001"", "" 131.012"", ""  59.859""]]",[],4bi_Grossjean_2025
81,8025,4bj_Grossjean_2025,receptor_tmp,2,18,-6.44,-0.2476923076923077,0.0,0.0,11,187.51,-7.63,-7.19,-0.44,-7.63,0.0,-0.14,1.19,-0.14,34,6,0.0,0.0,0.0,12.268913,6.154354,18.446659,-0.37074263,0.49489168,0.78589575,224.916122,"10.599942, 221.348663, 289.663483, 0.631317, ","[["" 129.031"", "" 121.362"", ""  72.830""], ["" 128.896"", "" 120.298"", ""  73.736""], ["" 128.178"", "" 119.163"", ""  73.210""], ["" 127.825"", "" 117.896"", ""  73.762""], ["" 127.100"", "" 117.017"", ""  72.942""], ["" 126.748"", "" 117.390"", ""  71.648""], ["" 125.959"", "" 116.453"", ""  70.752""], ["" 127.068"", "" 118.582"", ""  71.094""], ["" 127.759"", "" 119.419"", ""  71.868""], ["" 128.248"", "" 120.996"", ""  71.294""], ["" 129.686"", "" 122.656"", ""  73.033""], ["" 129.207"", "" 123.688"", ""  72.556""], ["" 130.818"", "" 122.626"", ""  73.778""], ["" 131.119"", "" 121.729"", ""  74.128""], ["" 131.617"", "" 123.707"", ""  74.125""], ["" 131.364"", "" 124.987"", ""  73.955""], ["" 133.139"", "" 123.356"", ""  74.880""], ["" 132.345"", "" 125.740"", ""  74.410""], ["" 133.430"", "" 125.068"", ""  74.966""], ["" 129.406"", "" 120.327"", ""  75.009""], ["" 128.811"", "" 120.387"", ""  75.823""], ["" 130.403"", "" 120.295"", ""  75.176""], ["" 128.187"", "" 117.442"", ""  75.181""], ["" 127.764"", "" 116.208"", ""  75.458""], ["" 129.511"", "" 117.456"", ""  75.335""], ["" 127.632"", "" 118.265"", ""  76.072""]]",[],4bj_Grossjean_2025
82,8076,4bk_Grossjean_2025,receptor_tmp,1,1,-6.35,-0.20483870967741935,0.0,0.0,1,195.85,-9.93,-8.58,-1.35,-9.93,0.0,-0.82,3.58,-0.82,46,10,0.0,0.0,0.0,13.121534,17.441691,19.610571,0.71112174,-0.04788689,-0.70143618,56.204182,"293.017883, 122.487663, 226.284286, 346.259705, 220.712021, 116.345032, 183.262375, 41.786953, 49.206139, 336.347443, 323.289368, 322.885315, ","[["" 127.485"", "" 128.914"", ""  75.151""], ["" 126.677"", "" 129.840"", ""  75.867""], ["" 126.044"", "" 130.835"", ""  74.879""], ["" 126.958"", "" 131.891"", ""  74.442""], ["" 128.463"", "" 130.580"", ""  73.376""], ["" 128.094"", "" 131.698"", ""  73.740""], ["" 126.712"", "" 132.832"", ""  74.709""], ["" 128.867"", "" 132.900"", ""  73.422""], ["" 129.273"", "" 133.931"", ""  74.282""], ["" 129.376"", "" 133.210"", ""  71.764""], ["" 130.009"", "" 134.986"", ""  73.630""], ["" 130.137"", "" 134.711"", ""  72.232""], ["" 130.601"", "" 136.194"", ""  74.105""], ["" 130.758"", "" 135.483"", ""  71.342""], ["" 131.252"", "" 137.003"", ""  73.161""], ["" 131.308"", "" 136.623"", ""  71.823""], ["" 132.008"", "" 137.488"", ""  70.791""], ["" 128.998"", "" 133.939"", ""  75.625""], ["" 129.726"", "" 133.850"", ""  76.321""], ["" 128.052"", "" 134.040"", ""  75.968""], ["" 130.569"", "" 136.653"", ""  75.566""], ["" 129.330"", "" 136.780"", ""  76.047""], ["" 131.206"", "" 135.767"", ""  76.331""], ["" 131.164"", "" 137.840"", ""  75.680""], ["" 126.761"", "" 128.113"", ""  74.229""], ["" 127.613"", "" 127.890"", ""  72.972""], ["" 128.987"", "" 128.046"", ""  73.299""], ["" 129.870"", "" 127.397"", ""  72.394""], ["" 130.873"", "" 126.545"", ""  73.182""], ["" 130.497"", "" 125.176"", ""  73.104""], ["" 129.383"", "" 124.944"", ""  72.257""]]",[],4bk_Grossjean_2025
83,8176,4ca_Grossjean_2025,receptor_tmp,1,1,-6.91,-0.18675675675675676,0.0,0.0,11,187.81,-9.29,-8.98,-0.32,-9.29,0.0,-1.35,2.39,-1.35,57,6,0.0,0.0,0.0,13.655003,11.245839,8.97227,-0.76421889,0.59818807,0.24112347,104.068207,"7.101238, 126.350761, 231.005966, 358.536865, 205.901321, 245.043259, 236.291489, 86.21344, ","[["" 129.470"", "" 126.883"", ""  66.984""], ["" 130.506"", "" 127.039"", ""  67.904""], ["" 130.231"", "" 127.377"", ""  69.226""], ["" 128.909"", "" 127.559"", ""  69.655""], ["" 127.870"", "" 127.393"", ""  68.727""], ["" 128.144"", "" 127.057"", ""  67.404""], ["" 129.861"", "" 126.531"", ""  65.677""], ["" 131.632"", "" 125.122"", ""  66.004""], ["" 130.875"", "" 125.737"", ""  65.253""], ["" 129.283"", "" 126.930"", ""  64.952""], ["" 131.018"", "" 125.628"", ""  63.799""], ["" 131.926"", "" 124.849"", ""  63.063""], ["" 129.996"", "" 126.590"", ""  62.734""], ["" 131.816"", "" 125.008"", ""  61.633""], ["" 130.788"", "" 125.943"", ""  61.317""], ["" 132.512"", "" 124.429"", ""  60.534""], ["" 130.433"", "" 126.321"", ""  60.091""], ["" 132.134"", "" 124.837"", ""  59.246""], ["" 131.115"", "" 125.775"", ""  59.051""], ["" 132.839"", "" 124.008"", ""  63.646""], ["" 133.552"", "" 123.535"", ""  63.106""], ["" 132.833"", "" 123.832"", ""  64.641""], ["" 133.640"", "" 123.400"", ""  60.676""], ["" 134.624"", "" 123.809"", ""  61.478""], ["" 133.156"", "" 122.267"", ""  61.184""], ["" 134.178"", "" 123.153"", ""  59.481""], ["" 130.698"", "" 126.229"", ""  57.681""], ["" 130.093"", "" 127.481"", ""  57.492""], ["" 130.891"", "" 125.411"", ""  56.554""], ["" 129.699"", "" 127.905"", ""  56.225""], ["" 130.498"", "" 125.831"", ""  55.285""], ["" 129.904"", "" 127.078"", ""  55.126""], ["" 128.646"", "" 127.918"", ""  71.088""], ["" 128.653"", "" 129.080"", ""  71.510""], ["" 128.403"", "" 126.839"", ""  71.876""], ["" 129.332"", "" 125.765"", ""  71.958""], ["" 130.644"", "" 126.273"", ""  72.564""]]",[],4ca_Grossjean_2025
84,3626,4cb_Grossjean_2025,receptor_tmp,1,15,-6.77,-0.18805555555555553,0.0,0.0,6,187.84,-8.86,-8.59,-0.27,-8.86,0.0,-1.17,2.09,-1.17,56,8,0.0,0.0,0.0,13.82227,11.200838,8.712904,0.76548974,-0.59847333,-0.23633689,256.513245,"188.142258, 242.640701, 51.611279, 354.034027, 207.862259, 99.542328, 177.363876, ","[["" 129.479"", "" 126.913"", ""  66.971""], ["" 130.509"", "" 127.049"", ""  67.902""], ["" 130.226"", "" 127.383"", ""  69.224""], ["" 128.904"", "" 127.580"", ""  69.642""], ["" 127.870"", "" 127.437"", ""  68.704""], ["" 128.151"", "" 127.105"", ""  67.382""], ["" 129.877"", "" 126.559"", ""  65.668""], ["" 131.592"", "" 125.085"", ""  66.009""], ["" 130.868"", "" 125.733"", ""  65.252""], ["" 129.325"", "" 126.987"", ""  64.938""], ["" 131.028"", "" 125.631"", ""  63.799""], ["" 131.971"", "" 124.887"", ""  63.070""], ["" 129.982"", "" 126.557"", ""  62.724""], ["" 131.865"", "" 125.041"", ""  61.640""], ["" 130.809"", "" 125.941"", ""  61.313""], ["" 132.591"", "" 124.485"", ""  60.547""], ["" 130.452"", "" 126.304"", ""  60.084""], ["" 132.209"", "" 124.877"", ""  59.256""], ["" 131.161"", "" 125.780"", ""  59.050""], ["" 132.910"", "" 124.082"", ""  63.662""], ["" 132.901"", "" 123.889"", ""  64.653""], ["" 133.646"", "" 123.648"", ""  63.122""], ["" 133.751"", "" 123.493"", ""  60.701""], ["" 133.385"", "" 122.346"", ""  61.279""], ["" 134.249"", "" 123.193"", ""  59.501""], ["" 134.709"", "" 124.031"", ""  61.454""], ["" 130.738"", "" 126.214"", ""  57.676""], ["" 130.976"", "" 125.395"", ""  56.560""], ["" 130.103"", "" 127.450"", ""  57.465""], ["" 130.590"", "" 125.792"", ""  55.282""], ["" 129.714"", "" 127.851"", ""  56.190""], ["" 129.959"", "" 127.019"", ""  55.102""], ["" 128.633"", "" 127.931"", ""  71.078""], ["" 127.503"", "" 128.167"", ""  71.515""], ["" 129.754"", "" 127.962"", ""  71.843""], ["" 130.324"", "" 126.765"", ""  72.354""]]",[],4cb_Grossjean_2025
85,3264,4cc_Grossjean_2025,receptor_tmp,1,7,-6.18,-0.18176470588235294,0.0,0.0,7,187.15,-7.97,-7.82,-0.14,-7.97,0.0,-1.15,1.79,-1.15,52,7,0.0,0.0,0.0,10.126863,14.644815,8.494324,-0.24967982,0.88104012,0.40178141,106.072342,"191.1418, 124.257912, 226.645782, 354.873718, 136.768219, 204.006012, ","[["" 126.474"", "" 129.959"", ""  66.303""], ["" 127.055"", "" 129.266"", ""  65.466""], ["" 127.988"", "" 128.333"", ""  65.772""], ["" 128.439"", "" 127.880"", ""  64.992""], ["" 126.762"", "" 129.418"", ""  64.038""], ["" 125.783"", "" 130.215"", ""  63.424""], ["" 127.699"", "" 128.527"", ""  62.839""], ["" 125.760"", "" 130.121"", ""  61.985""], ["" 126.770"", "" 129.222"", ""  61.532""], ["" 124.954"", "" 130.733"", ""  60.984""], ["" 127.019"", "" 128.911"", ""  60.262""], ["" 125.224"", "" 130.397"", ""  59.647""], ["" 126.238"", "" 129.494"", ""  59.315""], ["" 124.918"", "" 131.016"", ""  64.127""], ["" 125.045"", "" 131.204"", ""  65.112""], ["" 124.118"", "" 131.444"", ""  63.682""], ["" 123.823"", "" 131.725"", ""  61.276""], ["" 122.907"", "" 131.243"", ""  62.121""], ["" 124.324"", "" 132.832"", ""  61.822""], ["" 123.194"", "" 132.038"", ""  60.143""], ["" 126.544"", "" 129.127"", ""  57.892""], ["" 127.246"", "" 127.949"", ""  57.589""], ["" 126.146"", "" 129.952"", ""  56.826""], ["" 127.535"", "" 127.604"", ""  56.271""], ["" 126.432"", "" 129.609"", ""  55.507""], ["" 127.126"", "" 128.435"", ""  55.234""], ["" 128.456"", "" 127.923"", ""  67.035""], ["" 127.486"", "" 127.749"", ""  68.024""], ["" 129.808"", "" 127.724"", ""  67.351""], ["" 127.857"", "" 127.359"", ""  69.308""], ["" 130.174"", "" 127.336"", ""  68.637""], ["" 129.198"", "" 127.148"", ""  69.627""], ["" 129.470"", "" 126.765"", ""  70.926""], ["" 128.807"", "" 127.426"", ""  71.999""]]",[],4cc_Grossjean_2025
86,3442,4cd_Grossjean_2025,receptor_tmp,1,11,-6.74,-0.210625,0.0,0.0,3,185.67,-8.23,-7.91,-0.32,-8.23,0.0,-0.47,1.49,-0.47,46,5,0.0,0.0,0.0,11.404557,5.869868,18.266145,-0.29188815,0.47731171,0.82883945,223.758972,"202.012939, 211.307587, 284.435516, 236.981354, 252.8918, ","[["" 128.925"", "" 121.600"", ""  73.122""], ["" 128.787"", "" 120.544"", ""  74.037""], ["" 127.861"", "" 119.519"", ""  73.618""], ["" 127.421"", "" 118.305"", ""  74.217""], ["" 126.484"", "" 117.539"", ""  73.505""], ["" 126.001"", "" 117.955"", ""  72.260""], ["" 126.424"", "" 119.105"", ""  71.674""], ["" 127.309"", "" 119.840"", ""  72.343""], ["" 127.914"", "" 121.348"", ""  71.701""], ["" 129.756"", "" 122.803"", ""  73.235""], ["" 129.404"", "" 123.861"", ""  72.713""], ["" 130.900"", "" 122.654"", ""  73.947""], ["" 131.041"", "" 121.752"", ""  74.378""], ["" 131.928"", "" 123.582"", ""  74.198""], ["" 131.696"", "" 124.886"", ""  73.753""], ["" 133.119"", "" 123.282"", ""  74.880""], ["" 132.647"", "" 125.880"", ""  73.966""], ["" 134.069"", "" 124.279"", ""  75.091""], ["" 133.831"", "" 125.571"", ""  74.631""], ["" 129.468"", "" 120.484"", ""  75.226""], ["" 129.018"", "" 120.679"", ""  76.109""], ["" 130.448"", "" 120.240"", ""  75.259""], ["" 127.905"", "" 117.792"", ""  75.579""], ["" 127.700"", "" 118.663"", ""  76.570""], ["" 127.258"", "" 116.669"", ""  75.894""], ["" 129.214"", "" 117.546"", ""  75.528""], ["" 125.002"", "" 117.149"", ""  71.483""], ["" 125.409"", "" 116.043"", ""  70.718""], ["" 123.633"", "" 117.470"", ""  71.503""], ["" 124.486"", "" 115.291"", ""  69.995""], ["" 122.709"", "" 116.722"", ""  70.780""], ["" 123.139"", "" 115.635"", ""  70.028""]]",[],4cd_Grossjean_2025
87,8058,4ce_Grossjean_2025,receptor_tmp,1,6,-7.0,-0.21212121212121213,0.0,0.0,3,185.77,-8.49,-8.11,-0.38,-8.49,0.0,-0.42,1.49,-0.42,44,6,0.0,0.0,0.0,11.43356,5.569748,18.096906,0.28061571,-0.37817828,-0.88217686,130.213776,"359.954742, 192.581436, 202.200455, 123.173508, 324.228119, ","[["" 128.713"", "" 121.163"", ""  72.977""], ["" 128.830"", "" 119.976"", ""  73.719""], ["" 127.932"", "" 118.928"", ""  73.299""], ["" 127.715"", "" 117.595"", ""  73.752""], ["" 126.739"", "" 116.839"", ""  73.083""], ["" 126.012"", "" 117.374"", ""  72.015""], ["" 126.200"", "" 118.650"", ""  71.584""], ["" 127.127"", "" 119.372"", ""  72.209""], ["" 127.474"", "" 121.017"", ""  71.733""], ["" 129.481"", "" 122.403"", ""  73.110""], ["" 129.089"", "" 123.447"", ""  72.586""], ["" 130.625"", "" 122.305"", ""  73.833""], ["" 130.872"", "" 121.384"", ""  74.163""], ["" 131.555"", "" 123.312"", ""  74.148""], ["" 131.273"", "" 124.636"", ""  73.974""], ["" 132.775"", "" 122.885"", ""  74.686""], ["" 132.212"", "" 125.552"", ""  74.325""], ["" 133.731"", "" 123.839"", ""  75.041""], ["" 133.451"", "" 125.195"", ""  74.861""], ["" 131.831"", "" 127.004"", ""  74.107""], ["" 129.719"", "" 119.821"", ""  74.752""], ["" 130.103"", "" 120.612"", ""  75.250""], ["" 130.024"", "" 118.905"", ""  75.050""], ["" 128.477"", "" 116.946"", ""  74.913""], ["" 129.800"", "" 116.948"", ""  74.739""], ["" 128.222"", "" 117.605"", ""  76.044""], ["" 128.094"", "" 115.676"", ""  75.049""], ["" 124.964"", "" 116.586"", ""  71.287""], ["" 125.307"", "" 115.426"", ""  70.574""], ["" 123.618"", "" 116.987"", ""  71.290""], ["" 124.341"", "" 114.692"", ""  69.889""], ["" 122.648"", "" 116.255"", ""  70.609""], ["" 123.015"", "" 115.109"", ""  69.911""]]",[],4ce_Grossjean_2025
88,8572,4cf_Grossjean_2025,receptor_tmp,1,15,-6.39,-0.1996875,0.0,0.0,1,188.43,-7.88,-7.6,-0.28,-7.88,0.0,-0.79,1.49,-0.79,74,7,0.0,0.0,0.0,10.61025,16.243139,7.539595,0.01173988,0.92000277,0.39173599,75.625763,"54.176174, 52.102913, 355.901794, 353.655121, 58.576389, ","[["" 126.811"", "" 130.432"", ""  63.473""], ["" 126.627"", "" 131.752"", ""  63.030""], ["" 127.097"", "" 131.995"", ""  61.688""], ["" 127.114"", "" 133.154"", ""  60.860""], ["" 127.672"", "" 133.020"", ""  59.579""], ["" 128.192"", "" 131.801"", ""  59.137""], ["" 128.166"", "" 130.684"", ""  59.911""], ["" 127.642"", "" 130.802"", ""  61.130""], ["" 127.570"", "" 129.444"", ""  62.227""], ["" 126.489"", "" 129.854"", ""  64.781""], ["" 125.379"", "" 130.027"", ""  65.286""], ["" 127.479"", "" 129.130"", ""  65.355""], ["" 128.323"", "" 129.021"", ""  64.811""], ["" 127.514"", "" 128.492"", ""  66.610""], ["" 128.679"", "" 128.650"", ""  67.368""], ["" 126.469"", "" 127.732"", ""  67.169""], ["" 128.851"", "" 128.102"", ""  68.599""], ["" 126.629"", "" 127.164"", ""  68.435""], ["" 127.831"", "" 127.369"", ""  69.113""], ["" 126.053"", "" 132.731"", ""  63.802""], ["" 125.985"", "" 133.688"", ""  63.486""], ["" 125.676"", "" 132.525"", ""  64.717""], ["" 126.566"", "" 134.522"", ""  61.283""], ["" 126.813"", "" 135.484"", ""  60.390""], ["" 125.244"", "" 134.451"", ""  61.437""], ["" 127.124"", "" 134.896"", ""  62.434""], ["" 128.795"", "" 131.639"", ""  57.772""], ["" 130.142"", "" 131.959"", ""  57.539""], ["" 128.035"", "" 131.158"", ""  56.691""], ["" 130.709"", "" 131.812"", ""  56.276""], ["" 128.597"", "" 131.009"", ""  55.426""], ["" 129.933"", "" 131.337"", ""  55.224""]]",[],4cf_Grossjean_2025
89,8248,4cg_Grossjean_2025,receptor_tmp,1,11,-8.11,-0.24575757575757573,0.0,0.0,2,188.66,-9.9,-9.68,-0.21,-9.9,0.0,-0.84,1.79,-0.84,62,7,0.0,0.0,0.0,10.246784,16.034739,7.600131,-0.02635881,0.90848312,0.41708949,69.135246,"72.549751, 129.984756, 31.823935, 358.490692, 356.279999, 148.950989, ","[["" 126.739"", "" 130.342"", ""  63.557""], ["" 126.566"", "" 131.654"", ""  63.093""], ["" 127.229"", "" 131.927"", ""  61.842""], ["" 127.338"", "" 133.096"", ""  61.034""], ["" 128.073"", "" 132.988"", ""  59.843""], ["" 128.672"", "" 131.781"", ""  59.464""], ["" 128.586"", "" 130.666"", ""  60.235""], ["" 127.890"", "" 130.757"", ""  61.365""], ["" 127.705"", "" 129.387"", ""  62.435""], ["" 126.182"", "" 129.717"", ""  64.756""], ["" 125.032"", "" 129.958"", ""  65.131""], ["" 127.013"", "" 128.902"", ""  65.438""], ["" 127.913"", "" 128.694"", ""  65.033""], ["" 126.665"", "" 128.157"", ""  66.647""], ["" 127.865"", "" 127.848"", ""  67.535""], ["" 127.681"", "" 127.653"", ""  68.907""], ["" 129.135"", "" 127.702"", ""  66.971""], ["" 128.770"", "" 127.340"", ""  69.717""], ["" 130.224"", "" 127.391"", ""  67.782""], ["" 130.037"", "" 127.214"", ""  69.151""], ["" 125.840"", "" 132.600"", ""  63.771""], ["" 125.751"", "" 133.549"", ""  63.435""], ["" 125.361"", "" 132.376"", ""  64.633""], ["" 126.709"", "" 134.448"", ""  61.389""], ["" 127.028"", "" 135.416"", ""  60.528""], ["" 125.380"", "" 134.340"", ""  61.394""], ["" 127.123"", "" 134.835"", ""  62.594""], ["" 129.466"", "" 131.645"", ""  58.196""], ["" 130.792"", "" 131.183"", ""  58.221""], ["" 128.909"", "" 131.982"", ""  56.949""], ["" 131.532"", "" 131.057"", ""  57.049""], ["" 129.645"", "" 131.857"", ""  55.775""], ["" 130.955"", "" 131.394"", ""  55.829""]]",[],4cg_Grossjean_2025
90,3279,4ch_Grossjean_2025,receptor_tmp,1,19,-7.27,-0.1864102564102564,0.0,0.0,2,189.33,-9.95,-9.63,-0.32,-9.95,0.0,-0.86,2.68,-0.86,82,10,0.0,0.0,0.0,9.676574,15.097115,8.244927,-0.26426586,0.76190664,-0.5913221,140.469193,"358.685425, 247.416183, 330.719635, 27.250326, 320.873383, 323.174133, 308.095032, 261.740845, 146.373032, ","[["" 124.960"", "" 130.074"", ""  65.242""], ["" 126.066"", "" 129.746"", ""  64.806""], ["" 126.845"", "" 128.830"", ""  65.419""], ["" 127.715"", "" 128.572"", ""  64.977""], ["" 126.625"", "" 130.362"", ""  63.603""], ["" 126.451"", "" 131.671"", ""  63.127""], ["" 127.624"", "" 129.412"", ""  62.507""], ["" 127.138"", "" 131.943"", ""  61.888""], ["" 127.823"", "" 130.777"", ""  61.435""], ["" 127.253"", "" 133.108"", ""  61.075""], ["" 128.549"", "" 130.687"", ""  60.324""], ["" 128.020"", "" 133.001"", ""  59.904""], ["" 128.643"", "" 131.800"", ""  59.550""], ["" 125.702"", "" 132.614"", ""  63.784""], ["" 125.605"", "" 133.558"", ""  63.436""], ["" 125.215"", "" 132.394"", ""  64.642""], ["" 126.598"", "" 134.453"", ""  61.405""], ["" 127.109"", "" 135.032"", ""  62.494""], ["" 126.766"", "" 135.298"", ""  60.388""], ["" 125.294"", "" 134.280"", ""  61.620""], ["" 129.474"", "" 131.667"", ""  58.306""], ["" 128.944"", "" 131.998"", ""  57.048""], ["" 130.799"", "" 131.203"", ""  58.362""], ["" 129.710"", "" 131.876"", ""  55.891""], ["" 131.569"", "" 131.081"", ""  57.208""], ["" 131.020"", "" 131.420"", ""  55.976""], ["" 126.494"", "" 128.090"", ""  66.632""], ["" 127.670"", "" 127.826"", ""  67.565""], ["" 128.960"", "" 127.702"", ""  67.048""], ["" 127.471"", "" 127.751"", ""  68.944""], ["" 130.058"", "" 127.484"", ""  67.896""], ["" 128.551"", "" 127.535"", ""  69.816""], ["" 129.839"", "" 127.397"", ""  69.278""], ["" 131.361"", "" 127.350"", ""  67.453""], ["" 131.622"", "" 126.610"", ""  66.264""], ["" 128.427"", "" 127.448"", ""  71.191""], ["" 127.475"", "" 128.268"", ""  71.860""], ["" 130.906"", "" 127.201"", ""  70.120""], ["" 130.623"", "" 126.353"", ""  71.225""]]",[],4ch_Grossjean_2025
91,3367,4ci_Grossjean_2025,receptor_tmp,1,7,-7.16,-0.2309677419354839,0.0,0.0,4,187.44,-8.65,-8.31,-0.34,-8.65,0.0,-0.63,1.49,-0.63,65,14,0.0,0.0,0.0,10.790778,16.231879,4.859462,-0.87822113,0.26160089,0.4003656,113.137054,"17.210197, 312.852875, 203.441269, 211.935852, 240.246414, ","[["" 126.272"", "" 130.759"", ""  60.694""], ["" 126.083"", "" 130.434"", ""  59.341""], ["" 127.260"", "" 130.607"", ""  58.524""], ["" 127.515"", "" 130.414"", ""  57.137""], ["" 128.815"", "" 130.684"", ""  56.679""], ["" 129.819"", "" 131.118"", ""  57.551""], ["" 129.582"", "" 131.316"", ""  58.874""], ["" 128.353"", "" 131.064"", ""  59.318""], ["" 127.928"", "" 131.277"", ""  61.000""], ["" 125.303"", "" 130.694"", ""  61.792""], ["" 124.156"", "" 131.123"", ""  61.646""], ["" 125.766"", "" 130.153"", ""  62.947""], ["" 126.726"", "" 129.843"", ""  62.957""], ["" 125.070"", "" 129.974"", ""  64.136""], ["" 123.754"", "" 129.985"", ""  64.274""], ["" 125.697"", "" 129.753"", ""  65.361""], ["" 123.489"", "" 129.766"", ""  65.626""], ["" 124.673"", "" 129.627"", ""  66.271""], ["" 124.888"", "" 129.994"", ""  58.834""], ["" 124.007"", "" 130.199"", ""  59.286""], ["" 124.847"", "" 129.453"", ""  57.981""], ["" 126.465"", "" 129.940"", ""  56.125""], ["" 125.228"", "" 130.337"", ""  56.430""], ["" 126.753"", "" 130.426"", ""  54.918""], ["" 126.456"", "" 128.608"", ""  56.074""], ["" 131.213"", "" 131.416"", ""  57.079""], ["" 132.324"", "" 131.141"", ""  57.894""], ["" 131.448"", "" 131.984"", ""  55.814""], ["" 133.619"", "" 131.414"", ""  57.462""], ["" 132.742"", "" 132.258"", ""  55.378""], ["" 133.823"", "" 131.971"", ""  56.203""]]",[],4ci_Grossjean_2025
92,8242,4cj_Grossjean_2025,receptor_tmp,1,8,-6.62,-0.2135483870967742,0.0,0.0,5,188.7,-8.11,-7.78,-0.33,-8.11,0.0,-0.53,1.49,-0.53,67,8,0.0,0.0,0.0,10.595071,16.3199,7.360511,-0.06165003,-0.93569494,-0.34738201,282.443359,"30.783348, 49.299599, 9.427747, 346.196503, 101.410828, ","[["" 126.834"", "" 130.325"", ""  63.476""], ["" 126.668"", "" 131.658"", ""  63.067""], ["" 127.094"", "" 131.918"", ""  61.713""], ["" 127.117"", "" 133.094"", ""  60.910""], ["" 127.601"", "" 132.966"", ""  59.598""], ["" 128.036"", "" 131.734"", ""  59.100""], ["" 128.035"", "" 130.611"", ""  59.864""], ["" 127.577"", "" 130.721"", ""  61.108""], ["" 127.517"", "" 129.343"", ""  62.182""], ["" 126.503"", "" 129.718"", ""  64.767""], ["" 125.383"", "" 129.861"", ""  65.263""], ["" 127.504"", "" 129.017"", ""  65.355""], ["" 128.389"", "" 128.977"", ""  64.870""], ["" 127.452"", "" 128.348"", ""  66.571""], ["" 126.422"", "" 127.729"", ""  67.107""], ["" 128.907"", "" 128.304"", ""  67.514""], ["" 126.731"", "" 127.199"", ""  68.275""], ["" 128.040"", "" 127.384"", ""  68.708""], ["" 126.146"", "" 132.633"", ""  63.879""], ["" 125.901"", "" 133.549"", ""  63.526""], ["" 125.982"", "" 132.466"", ""  64.862""], ["" 126.652"", "" 134.473"", ""  61.390""], ["" 127.049"", "" 135.467"", ""  60.593""], ["" 125.321"", "" 134.507"", ""  61.438""], ["" 127.142"", "" 134.717"", ""  62.606""], ["" 128.547"", "" 131.572"", ""  57.697""], ["" 129.834"", "" 132.012"", ""  57.346""], ["" 127.754"", "" 130.988"", ""  56.695""], ["" 130.312"", "" 131.871"", ""  56.046""], ["" 128.227"", "" 130.846"", ""  55.394""], ["" 129.505"", "" 131.288"", ""  55.073""]]",[],4cj_Grossjean_2025
93,8690,4ck_Grossjean_2025,receptor_tmp,1,18,-7.25,-0.2013888888888889,0.0,0.0,1,183.48,-11.13,-10.7,-0.42,-11.13,0.0,-1.68,3.88,-1.68,68,9,0.0,0.0,0.0,14.58297,7.389221,13.354328,0.07711048,-0.34393696,0.93582121,211.853745,"183.113403, 1.929053, 94.534721, 37.462051, 46.619583, 94.102982, 359.882385, 133.948044, 312.161011, 265.354095, 327.65863, 27.701284, 141.679535, ","[["" 129.405"", "" 126.488"", ""  67.019""], ["" 130.591"", "" 127.267"", ""  67.100""], ["" 131.710"", "" 126.587"", ""  66.296""], ["" 131.197"", "" 125.905"", ""  65.107""], ["" 133.112"", "" 124.894"", ""  64.443""], ["" 131.916"", "" 125.132"", ""  64.268""], ["" 130.202"", "" 125.982"", ""  64.948""], ["" 131.186"", "" 124.574"", ""  63.129""], ["" 131.237"", "" 123.270"", ""  62.611""], ["" 130.126"", "" 125.603"", ""  62.169""], ["" 130.413"", "" 123.069"", ""  61.444""], ["" 129.747"", "" 124.280"", ""  61.091""], ["" 130.162"", "" 121.937"", ""  60.616""], ["" 128.921"", "" 124.438"", ""  60.061""], ["" 129.289"", "" 122.115"", ""  59.531""], ["" 128.686"", "" 123.351"", ""  59.279""], ["" 131.997"", "" 122.273"", ""  63.166""], ["" 132.534"", "" 122.414"", ""  64.010""], ["" 132.041"", "" 121.352"", ""  62.748""], ["" 130.785"", "" 120.553"", ""  60.836""], ["" 130.423"", "" 119.662"", ""  59.912""], ["" 132.114"", "" 120.647"", ""  60.802""], ["" 130.409"", "" 120.074"", ""  62.022""], ["" 127.764"", "" 123.568"", ""  58.114""], ["" 126.436"", "" 123.981"", ""  58.314""], ["" 128.200"", "" 123.368"", ""  56.792""], ["" 125.575"", "" 124.181"", ""  57.238""], ["" 127.342"", "" 123.566"", ""  55.714""], ["" 126.031"", "" 123.970"", ""  55.941""], ["" 128.323"", "" 127.009"", ""  67.779""], ["" 128.876"", "" 127.613"", ""  69.076""], ["" 127.862"", "" 127.586"", ""  70.072""], ["" 128.366"", "" 127.412"", ""  71.389""], ["" 128.777"", "" 128.779"", ""  71.953""], ["" 128.236"", "" 128.924"", ""  73.258""], ["" 126.869"", "" 128.552"", ""  73.347""]]",[],4ck_Grossjean_2025
94,8305,4dd_Grossjean_2025,receptor_tmp,1,9,-7.11,-0.24517241379310345,0.0,0.0,3,196.16,-8.3,-7.99,-0.31,-8.3,0.0,-0.44,1.19,-0.44,48,4,0.0,0.0,0.0,13.745254,19.285585,18.149833,0.7212181,0.4470214,0.52916568,82.108902,"203.316147, 213.301727, 303.239868, 248.659241, ","[["" 129.504"", "" 133.098"", ""  73.375""], ["" 129.754"", "" 134.123"", ""  74.301""], ["" 130.662"", "" 135.133"", ""  73.824""], ["" 131.181"", "" 136.312"", ""  74.419""], ["" 130.830"", "" 136.782"", ""  75.822""], ["" 132.071"", "" 137.087"", ""  73.665""], ["" 132.434"", "" 136.708"", ""  72.367""], ["" 131.934"", "" 135.586"", ""  71.779""], ["" 131.092"", "" 134.844"", ""  72.498""], ["" 130.390"", "" 133.369"", ""  71.873""], ["" 128.655"", "" 131.916"", ""  73.532""], ["" 128.947"", "" 130.855"", ""  72.979""], ["" 127.563"", "" 132.086"", ""  74.317""], ["" 127.473"", "" 132.987"", ""  74.763""], ["" 126.531"", "" 131.181"", ""  74.625""], ["" 126.718"", "" 129.867"", ""  74.185""], ["" 125.378"", "" 131.509"", ""  75.358""], ["" 125.760"", "" 128.893"", ""  74.453""], ["" 124.421"", "" 130.532"", ""  75.624""], ["" 124.615"", "" 129.231"", ""  75.169""], ["" 129.195"", "" 134.175"", ""  75.553""], ["" 129.760"", "" 134.225"", ""  76.389""], ["" 128.193"", "" 134.169"", ""  75.680""], ["" 133.380"", "" 137.522"", ""  71.535""], ["" 132.917"", "" 138.602"", ""  70.767""], ["" 134.755"", "" 137.232"", ""  71.503""], ["" 133.790"", "" 139.364"", ""  69.995""], ["" 135.632"", "" 137.989"", ""  70.730""], ["" 135.145"", "" 139.053"", ""  69.978""]]",[],4dd_Grossjean_2025
95,8296,4dg_Grossjean_2025,receptor_tmp,1,2,-8.42,-0.2806666666666667,0.0,0.0,3,185.8,-9.91,-9.76,-0.16,-9.91,0.0,-0.82,1.49,-0.82,55,7,0.0,0.0,0.0,14.128275,10.27786,7.648108,0.4974203,0.02807905,-0.86705514,152.902084,"254.119522, 130.09581, 32.688877, 169.965179, 148.494064, ","[["" 131.016"", "" 124.798"", ""  63.518""], ["" 131.153"", "" 123.491"", ""  63.027""], ["" 130.394"", "" 123.237"", ""  61.832""], ["" 130.231"", "" 122.079"", ""  61.029""], ["" 130.892"", "" 120.741"", ""  61.321""], ["" 129.407"", "" 122.176"", ""  59.901""], ["" 128.770"", "" 123.380"", ""  59.577""], ["" 128.906"", "" 124.495"", ""  60.346""], ["" 129.691"", "" 124.404"", ""  61.419""], ["" 129.958"", "" 125.761"", ""  62.488""], ["" 131.665"", "" 125.407"", ""  64.678""], ["" 132.842"", "" 125.165"", ""  64.955""], ["" 130.888"", "" 126.209"", ""  65.435""], ["" 129.959"", "" 126.423"", ""  65.104""], ["" 131.329"", "" 126.938"", ""  66.624""], ["" 130.206"", "" 127.212"", ""  67.617""], ["" 128.879"", "" 127.239"", ""  67.176""], ["" 130.495"", "" 127.376"", ""  68.975""], ["" 127.849"", "" 127.457"", ""  68.085""], ["" 129.464"", "" 127.596"", ""  69.884""], ["" 128.146"", "" 127.638"", ""  69.434""], ["" 131.929"", "" 122.529"", ""  63.623""], ["" 132.571"", "" 122.749"", ""  64.371""], ["" 131.877"", "" 121.562"", ""  63.335""], ["" 127.879"", "" 123.515"", ""  58.374""], ["" 126.559"", "" 123.977"", ""  58.503""], ["" 128.335"", "" 123.174"", ""  57.088""], ["" 125.728"", "" 124.100"", ""  57.392""], ["" 127.509"", "" 123.295"", ""  55.975""], ["" 126.206"", "" 123.760"", ""  56.131""]]",[],4dg_Grossjean_2025
96,8919,4dj_Grossjean_2025,receptor_tmp,1,18,-7.11,-0.25392857142857145,0.0,0.0,7,186.02,-8.3,-8.0,-0.3,-8.3,0.0,-0.49,1.19,-0.49,55,8,0.0,0.0,0.0,13.749155,9.985431,7.241392,-0.58415214,0.087072,0.80696019,199.972092,"30.909386, 61.636929, 180.690201, 266.775665, ","[["" 130.878"", "" 124.789"", ""  63.300""], ["" 130.860"", "" 123.438"", ""  62.919""], ["" 130.401"", "" 123.217"", ""  61.574""], ["" 130.223"", "" 122.038"", ""  60.804""], ["" 130.512"", "" 120.635"", ""  61.316""], ["" 129.747"", "" 122.178"", ""  59.495""], ["" 129.463"", "" 123.442"", ""  58.964""], ["" 129.619"", "" 124.580"", ""  59.694""], ["" 130.072"", "" 124.449"", ""  60.939""], ["" 130.327"", "" 125.828"", ""  61.985""], ["" 131.292"", "" 125.369"", ""  64.578""], ["" 132.456"", "" 125.261"", ""  64.973""], ["" 130.318"", "" 126.007"", ""  65.272""], ["" 129.395"", "" 126.030"", ""  64.862""], ["" 130.444"", "" 126.637"", ""  66.503""], ["" 131.497"", "" 127.262"", ""  66.986""], ["" 129.062"", "" 126.615"", ""  67.550""], ["" 131.263"", "" 127.744"", ""  68.191""], ["" 129.993"", "" 127.514"", ""  68.710""], ["" 131.242"", "" 122.408"", ""  63.741""], ["" 131.554"", "" 122.567"", ""  64.687""], ["" 131.222"", "" 121.449"", ""  63.423""], ["" 128.947"", "" 123.622"", ""  57.564""], ["" 129.690"", "" 124.333"", ""  56.608""], ["" 127.704"", "" 123.093"", ""  57.172""], ["" 129.217"", "" 124.504"", ""  55.310""], ["" 127.226"", "" 123.262"", ""  55.876""], ["" 127.985"", "" 123.967"", ""  54.948""]]",[],4dj_Grossjean_2025
97,8161,4ea_Grossjean_2025,receptor_tmp,1,8,-7.25,-0.21323529411764705,0.0,0.0,6,187.62,-9.34,-9.17,-0.17,-9.34,0.0,-1.48,2.09,-1.48,60,7,0.0,0.0,0.0,11.954852,14.149265,9.417747,0.42049114,0.71138234,-0.56313618,148.965652,"175.916656, 197.344803, 17.902718, 225.332031, 193.528519, 84.14045, 172.435791, ","[["" 128.517"", "" 127.945"", ""  67.034""], ["" 127.509"", "" 127.757"", ""  67.980""], ["" 127.824"", "" 127.371"", ""  69.280""], ["" 129.156"", "" 127.164"", ""  69.659""], ["" 130.168"", "" 127.353"", ""  68.705""], ["" 129.855"", "" 127.739"", ""  67.405""], ["" 128.081"", "" 128.335"", ""  65.753""], ["" 126.546"", "" 129.979"", ""  66.169""], ["" 127.175"", "" 129.272"", ""  65.381""], ["" 128.522"", "" 127.829"", ""  64.999""], ["" 126.973"", "" 129.407"", ""  63.936""], ["" 126.393"", "" 130.473"", ""  63.231""], ["" 127.487"", "" 128.123"", ""  62.839""], ["" 126.352"", "" 130.277"", ""  61.805""], ["" 126.924"", "" 129.019"", ""  61.447""], ["" 125.864"", "" 131.080"", ""  60.736""], ["" 127.037"", "" 128.540"", ""  60.207""], ["" 125.980"", "" 130.581"", ""  59.434""], ["" 126.561"", "" 129.334"", ""  59.217""], ["" 126.699"", "" 128.770"", ""  57.814""], ["" 125.903"", "" 131.606"", ""  63.828""], ["" 125.880"", "" 131.712"", ""  64.833""], ["" 125.548"", "" 132.379"", ""  63.280""], ["" 125.245"", "" 132.407"", ""  60.951""], ["" 125.938"", "" 133.571"", ""  60.603""], ["" 123.967"", "" 132.505"", ""  61.510""], ["" 125.356"", "" 134.820"", ""  60.803""], ["" 123.383"", "" 133.752"", ""  61.711""], ["" 124.080"", "" 134.905"", ""  61.356""], ["" 129.460"", "" 126.747"", ""  71.069""], ["" 130.586"", "" 126.414"", ""  71.451""], ["" 128.372"", "" 126.774"", ""  71.882""], ["" 128.097"", "" 127.900"", ""  72.705""], ["" 128.965"", "" 129.080"", ""  72.259""]]",[],4ea_Grossjean_2025
98,3165,4eb_Grossjean_2025,receptor_tmp,2,12,-7.12,-0.21575757575757576,0.0,0.0,5,186.9,-8.91,-8.71,-0.2,-8.91,0.0,-1.37,1.79,-1.37,62,8,0.0,0.0,0.0,12.690854,11.504147,9.01165,0.79525521,-0.49414739,-0.35126558,246.595612,"355.875031, 194.381134, 12.855236, 231.159393, 100.055313, 173.489243, ","[["" 129.432"", "" 126.882"", ""  66.925""], ["" 130.490"", "" 127.021"", ""  67.824""], ["" 130.247"", "" 127.345"", ""  69.156""], ["" 128.937"", "" 127.536"", ""  69.615""], ["" 127.876"", "" 127.395"", ""  68.708""], ["" 128.117"", "" 127.071"", ""  67.375""], ["" 129.797"", "" 126.553"", ""  65.605""], ["" 131.173"", "" 124.741"", ""  65.847""], ["" 130.598"", "" 125.565"", ""  65.135""], ["" 129.391"", "" 127.156"", ""  64.905""], ["" 130.752"", "" 125.524"", ""  63.679""], ["" 131.297"", "" 124.502"", ""  62.885""], ["" 130.217"", "" 126.883"", ""  62.687""], ["" 131.295"", "" 124.791"", ""  61.475""], ["" 130.726"", "" 126.075"", ""  61.221""], ["" 131.739"", "" 124.057"", ""  60.342""], ["" 130.579"", "" 126.636"", ""  60.020""], ["" 131.586"", "" 124.642"", ""  59.079""], ["" 131.014"", "" 125.906"", ""  58.964""], ["" 130.836"", "" 126.563"", ""  57.607""], ["" 131.792"", "" 123.327"", ""  63.392""], ["" 132.121"", "" 122.587"", ""  62.788""], ["" 131.844"", "" 123.162"", ""  64.388""], ["" 132.349"", "" 122.712"", ""  60.448""], ["" 131.610"", "" 121.576"", ""  60.104""], ["" 133.666"", "" 122.572"", ""  60.898""], ["" 132.184"", "" 120.310"", ""  60.202""], ["" 134.241"", "" 121.308"", ""  60.997""], ["" 133.498"", "" 120.182"", ""  60.648""], ["" 128.710"", "" 127.884"", ""  71.058""], ["" 127.605"", "" 128.183"", ""  71.518""], ["" 129.844"", "" 127.838"", ""  71.806""], ["" 130.355"", "" 126.601"", ""  72.281""]]",[],4eb_Grossjean_2025
99,8100,8a_Ghoteimi_2023,receptor_tmp,1,16,-5.69,-0.13232558139534883,0.0,0.0,5,186.47,-8.68,-8.76,0.08,-8.68,0.0,-1.27,2.98,-1.27,76,5,0.0,0.0,0.0,12.346434,13.786328,6.865362,-0.75910496,0.44194112,-0.47796203,131.733459,"276.067719, 13.295976, 268.004669, 80.35791, 355.066895, 99.999916, 16.271374, 289.191406, 151.731628, 278.660461, ","[["" 129.881"", "" 123.949"", ""  61.138""], ["" 129.704"", "" 123.254"", ""  59.940""], ["" 130.004"", "" 121.898"", ""  59.859""], ["" 130.488"", "" 121.207"", ""  60.976""], ["" 130.661"", "" 121.906"", ""  62.181""], ["" 130.361"", "" 123.263"", ""  62.264""], ["" 129.549"", "" 125.318"", ""  61.101""], ["" 129.903"", "" 126.329"", ""  61.933""], ["" 130.621"", "" 126.193"", ""  62.923""], ["" 128.962"", "" 125.577"", ""  60.322""], ["" 129.371"", "" 127.647"", ""  61.575""], ["" 129.192"", "" 130.923"", ""  59.691""], ["" 129.077"", "" 129.765"", ""  60.511""], ["" 128.228"", "" 131.926"", ""  59.842""], ["" 127.998"", "" 129.752"", ""  61.443""], ["" 129.834"", "" 128.540"", ""  60.596""], ["" 127.207"", "" 131.804"", ""  60.787""], ["" 127.962"", "" 128.296"", ""  62.412""], ["" 127.091"", "" 130.716"", ""  61.594""], ["" 130.275"", "" 131.118"", ""  58.693""], ["" 132.316"", "" 131.535"", ""  56.811""], ["" 130.977"", "" 131.697"", ""  56.451""], ["" 132.630"", "" 131.165"", ""  58.128""], ["" 129.965"", "" 131.493"", ""  57.384""], ["" 131.614"", "" 130.964"", ""  59.060""], ["" 133.252"", "" 131.758"", ""  55.820""], ["" 133.873"", "" 133.035"", ""  55.727""], ["" 130.902"", "" 128.276"", ""  59.774""], ["" 131.838"", "" 128.567"", ""  60.018""], ["" 130.791"", "" 127.778"", ""  58.903""], ["" 126.167"", "" 132.864"", ""  60.959""], ["" 124.821"", "" 132.531"", ""  61.166""], ["" 126.518"", "" 134.219"", ""  60.911""], ["" 123.856"", "" 133.523"", ""  61.315""], ["" 125.554"", "" 135.213"", ""  61.062""], ["" 124.210"", "" 134.869"", ""  61.263""], ["" 123.185"", "" 135.784"", ""  61.418""], ["" 122.621"", "" 136.395"", ""  60.263""], ["" 130.804"", "" 119.744"", ""  60.853""], ["" 129.950"", "" 118.856"", ""  60.937""], ["" 132.122"", "" 119.496"", ""  60.635""], ["" 132.947"", "" 120.445"", ""  59.971""], ["" 133.915"", "" 121.071"", ""  60.979""]]",[],8a_Ghoteimi_2023
100,3228,8b_Ghoteimi_2023,receptor_tmp,1,8,-6.47,-0.17486486486486486,0.0,0.0,6,185.13,-8.55,-8.28,-0.27,-8.55,0.0,-1.56,2.09,-1.56,44,8,0.0,0.0,0.0,11.355169,12.891602,6.20592,0.72292044,0.68888656,0.05311637,256.801727,"81.37178, 194.553268, 199.827148, 319.748077, 202.560852, 279.950897, 352.352356, ","[["" 128.297"", "" 126.099"", ""  60.440""], ["" 127.841"", "" 127.419"", ""  60.701""], ["" 128.500"", "" 128.120"", ""  61.752""], ["" 127.860"", "" 129.730"", ""  61.986""], ["" 126.691"", "" 129.506"", ""  60.683""], ["" 126.811"", "" 128.232"", ""  60.107""], ["" 129.495"", "" 127.643"", ""  62.498""], ["" 129.917"", "" 126.378"", ""  62.230""], ["" 129.339"", "" 125.596"", ""  61.225""], ["" 127.714"", "" 125.249"", ""  59.377""], ["" 126.619"", "" 123.625"", ""  57.370""], ["" 127.852"", "" 124.250"", ""  57.181""], ["" 125.931"", "" 123.823"", ""  58.578""], ["" 128.398"", "" 125.057"", ""  58.175""], ["" 126.478"", "" 124.630"", ""  59.572""], ["" 126.157"", "" 122.842"", ""  56.330""], ["" 125.202"", "" 123.383"", ""  55.423""], ["" 126.027"", "" 127.784"", ""  59.075""], ["" 125.929"", "" 126.798"", ""  58.879""], ["" 125.523"", "" 128.422"", ""  58.475""], ["" 131.032"", "" 125.864"", ""  63.085""], ["" 132.219"", "" 125.380"", ""  62.515""], ["" 130.916"", "" 125.855"", ""  64.481""], ["" 133.253"", "" 124.905"", ""  63.314""], ["" 131.950"", "" 125.381"", ""  65.284""], ["" 133.132"", "" 124.901"", ""  64.702""], ["" 134.211"", "" 124.412"", ""  65.415""], ["" 134.608"", "" 125.072"", ""  66.612""], ["" 125.757"", "" 130.579"", ""  60.334""], ["" 125.774"", "" 131.657"", ""  61.159""], ["" 125.020"", "" 130.477"", ""  59.350""], ["" 126.420"", "" 131.630"", ""  61.933""], ["" 124.998"", "" 132.804"", ""  61.067""], ["" 125.227"", "" 133.836"", ""  60.270""], ["" 123.849"", "" 133.009"", ""  61.830""], ["" 124.202"", "" 134.756"", ""  60.500""], ["" 123.378"", "" 134.243"", ""  61.443""]]",[],8b_Ghoteimi_2023
101,8436,8c_Ghoteimi_2023,receptor_tmp,1,7,-6.52,-0.1762162162162162,0.0,0.0,4,185.24,-8.61,-8.42,-0.19,-8.61,0.0,-1.47,2.09,-1.47,53,8,0.0,0.0,0.0,11.343261,12.925715,6.239106,0.72549578,0.68617508,0.05310028,257.078308,"60.480949, 197.01889, 196.582947, 320.537048, 202.064896, 277.910706, 356.136322, ","[["" 128.278"", "" 126.124"", ""  60.468""], ["" 127.829"", "" 127.445"", ""  60.733""], ["" 128.495"", "" 128.143"", ""  61.781""], ["" 127.861"", "" 129.755"", ""  62.020""], ["" 126.687"", "" 129.537"", ""  60.722""], ["" 126.800"", "" 128.261"", ""  60.145""], ["" 129.494"", "" 127.661"", ""  62.521""], ["" 129.911"", "" 126.395"", ""  62.248""], ["" 129.325"", "" 125.617"", ""  61.245""], ["" 127.686"", "" 125.277"", ""  59.408""], ["" 126.572"", "" 123.660"", ""  57.406""], ["" 127.831"", "" 124.237"", ""  57.231""], ["" 125.869"", "" 123.901"", ""  58.597""], ["" 128.385"", "" 125.041"", ""  58.222""], ["" 126.425"", "" 124.706"", ""  59.588""], ["" 126.103"", "" 122.875"", ""  56.371""], ["" 124.890"", "" 123.235"", ""  55.720""], ["" 126.008"", "" 127.819"", ""  59.115""], ["" 125.940"", "" 126.836"", ""  58.888""], ["" 125.468"", "" 128.457"", ""  58.549""], ["" 131.029"", "" 125.878"", ""  63.096""], ["" 132.208"", "" 125.381"", ""  62.520""], ["" 130.924"", "" 125.878"", ""  64.494""], ["" 133.246"", "" 124.904"", ""  63.314""], ["" 131.962"", "" 125.403"", ""  65.291""], ["" 133.136"", "" 124.911"", ""  64.703""], ["" 134.217"", "" 124.421"", ""  65.412""], ["" 134.613"", "" 125.074"", ""  66.612""], ["" 125.755"", "" 130.613"", ""  60.379""], ["" 125.838"", "" 131.723"", ""  61.155""], ["" 124.964"", "" 130.488"", ""  59.441""], ["" 126.521"", "" 131.718"", ""  61.898""], ["" 125.074"", "" 132.876"", ""  61.045""], ["" 125.265"", "" 133.898"", ""  60.239""], ["" 123.694"", "" 133.013"", ""  62.086""], ["" 124.340"", "" 134.823"", ""  60.402""], ["" 123.368"", "" 134.560"", ""  61.362""]]",[],8c_Ghoteimi_2023
102,8617,8d_Ghoteimi_2023,receptor_tmp,1,18,-7.07,-0.2209375,0.0,0.0,6,187.57,-9.15,-8.56,-0.6,-9.15,0.0,-0.9,2.09,-0.9,45,9,0.0,0.0,0.0,12.722167,14.522026,5.25211,0.12188301,0.39591307,-0.91016338,234.279785,"269.707458, 208.215439, 330.803375, 24.834034, 77.807617, 128.807999, 306.623535, ","[["" 129.626"", "" 128.606"", ""  59.936""], ["" 129.819"", "" 129.782"", ""  59.163""], ["" 128.971"", "" 130.886"", ""  59.463""], ["" 129.295"", "" 132.278"", ""  58.455""], ["" 130.578"", "" 131.414"", ""  57.606""], ["" 130.727"", "" 130.113"", ""  58.099""], ["" 128.022"", "" 130.900"", ""  60.399""], ["" 127.852"", "" 129.763"", ""  61.125""], ["" 128.633"", "" 128.622"", ""  60.919""], ["" 130.432"", "" 127.379"", ""  59.736""], ["" 131.944"", "" 125.049"", ""  59.357""], ["" 131.165"", "" 125.563"", ""  58.319""], ["" 131.962"", "" 125.715"", ""  60.593""], ["" 130.415"", "" 126.721"", ""  58.504""], ["" 131.211"", "" 126.873"", ""  60.777""], ["" 132.653"", "" 123.896"", ""  59.082""], ["" 133.969"", "" 124.000"", ""  58.550""], ["" 131.658"", "" 129.226"", ""  57.620""], ["" 131.978"", "" 129.264"", ""  56.662""], ["" 132.060"", "" 128.510"", ""  58.207""], ["" 126.784"", "" 129.807"", ""  62.172""], ["" 125.522"", "" 130.354"", ""  61.897""], ["" 127.021"", "" 129.300"", ""  63.455""], ["" 124.532"", "" 130.393"", ""  62.874""], ["" 126.033"", "" 129.338"", ""  64.436""], ["" 124.776"", "" 129.889"", ""  64.151""], ["" 123.736"", "" 129.969"", ""  65.056""], ["" 124.027"", "" 129.979"", ""  66.450""], ["" 131.333"", "" 132.089"", ""  56.528""], ["" 132.564"", "" 132.154"", ""  56.507""], ["" 130.528"", "" 132.623"", ""  55.573""], ["" 129.521"", "" 131.840"", ""  54.947""]]",[],8d_Ghoteimi_2023
103,3535,9a_Ghoteimi_2023,receptor_tmp,1,1,1.15,0.022549019607843137,0.0,0.0,6,186.85,-1.83,-1.47,-0.36,-1.83,0.0,-1.04,2.98,-1.04,111,13,0.0,0.0,0.0,11.765913,13.833817,12.199797,-0.47031025,-0.36594103,0.80305382,164.101151,"289.55481, 119.916916, 351.951019, 297.016144, 92.729729, 202.571381, 352.452026, 193.593079, 104.866447, 180.175507, ","[["" 125.899"", "" 129.863"", ""  61.893""], ["" 125.916"", "" 128.994"", ""  60.802""], ["" 125.285"", "" 129.342"", ""  59.612""], ["" 124.621"", "" 130.569"", ""  59.488""], ["" 124.607"", "" 131.443"", ""  60.586""], ["" 125.239"", "" 131.097"", ""  61.778""], ["" 126.569"", "" 129.407"", ""  63.044""], ["" 126.833"", "" 130.037"", ""  64.216""], ["" 126.498"", "" 131.195"", ""  64.469""], ["" 126.899"", "" 128.455"", ""  62.976""], ["" 127.559"", "" 129.238"", ""  65.207""], ["" 128.383"", "" 128.122"", ""  64.996""], ["" 128.956"", "" 127.579"", ""  66.203""], ["" 127.446"", "" 129.631"", ""  66.923""], ["" 129.840"", "" 126.491"", ""  66.455""], ["" 128.499"", "" 128.301"", ""  67.344""], ["" 130.151"", "" 126.199"", ""  67.788""], ["" 128.813"", "" 128.032"", ""  68.610""], ["" 129.630"", "" 126.968"", ""  68.831""], ["" 128.618"", "" 127.579"", ""  63.758""], ["" 129.519"", "" 127.651"", ""  63.307""], ["" 127.893"", "" 127.088"", ""  63.254""], ["" 130.449"", "" 125.664"", ""  65.382""], ["" 131.186"", "" 126.260"", ""  64.356""], ["" 130.319"", "" 124.274"", ""  65.403""], ["" 131.768"", "" 125.482"", ""  63.360""], ["" 130.905"", "" 123.495"", ""  64.409""], ["" 131.644"", "" 124.083"", ""  63.373""], ["" 132.210"", "" 123.282"", ""  62.378""], ["" 131.327"", "" 122.633"", ""  61.388""], ["" 133.363"", "" 122.404"", ""  62.661""], ["" 132.082"", "" 122.107"", ""  60.149""], ["" 134.064"", "" 121.884"", ""  61.388""], ["" 133.125"", "" 121.232"", ""  60.549""], ["" 129.959"", "" 126.678"", ""  70.259""], ["" 131.290"", "" 126.657"", ""  70.692""], ["" 128.955"", "" 126.417"", ""  71.199""], ["" 131.605"", "" 126.389"", ""  72.022""], ["" 129.270"", "" 126.151"", ""  72.528""], ["" 130.601"", "" 126.144"", ""  72.971""], ["" 130.903"", "" 125.854"", ""  74.305""], ["" 131.579"", "" 124.598"", ""  74.689""], ["" 131.327"", "" 126.940"", ""  75.214""], ["" 131.504"", "" 124.286"", ""  76.198""], ["" 131.253"", "" 126.561"", ""  76.707""], ["" 132.005"", "" 125.382"", ""  76.946""], ["" 123.948"", "" 130.913"", ""  58.190""], ["" 123.328"", "" 131.965"", ""  58.006""], ["" 124.096"", "" 129.956"", ""  57.239""], ["" 125.329"", "" 129.790"", ""  56.550""], ["" 126.423"", "" 130.594"", ""  57.260""]]",[],9a_Ghoteimi_2023
104,7977,9b_Ghoteimi_2023,receptor_tmp,1,15,-1.85,-0.04111111111111111,0.0,0.0,15,189.56,-3.94,-3.49,-0.45,-3.94,0.0,0.39,2.09,0.39,81,10,0.0,0.0,0.0,12.598828,12.80255,11.729638,-0.03949358,-0.8381006,-0.54408422,236.824219,"275.707214, 221.026611, 115.503784, 12.384409, 229.915771, 62.853725, 192.774506, ","[["" 128.045"", "" 128.512"", ""  64.616""], ["" 127.042"", "" 129.456"", ""  64.888""], ["" 126.787"", "" 129.633"", ""  66.623""], ["" 128.033"", "" 128.459"", ""  66.973""], ["" 128.365"", "" 128.145"", ""  68.224""], ["" 129.360"", "" 127.233"", ""  68.387""], ["" 129.997"", "" 126.622"", ""  67.305""], ["" 129.637"", "" 126.934"", ""  65.989""], ["" 128.622"", "" 127.912"", ""  65.794""], ["" 128.461"", "" 128.195"", ""  63.348""], ["" 129.263"", "" 128.641"", ""  62.923""], ["" 127.978"", "" 127.502"", ""  62.793""], ["" 126.249"", "" 130.244"", ""  63.941""], ["" 126.955"", "" 131.103"", ""  63.163""], ["" 125.025"", "" 130.108"", ""  63.879""], ["" 127.953"", "" 131.137"", ""  63.307""], ["" 126.464"", "" 131.955"", ""  62.182""], ["" 127.032"", "" 132.203"", ""  61.013""], ["" 125.278"", "" 132.674"", ""  62.323""], ["" 126.207"", "" 133.112"", ""  60.350""], ["" 125.152"", "" 133.388"", ""  61.153""], ["" 130.325"", "" 126.235"", ""  64.874""], ["" 129.809"", "" 126.296"", ""  63.579""], ["" 131.514"", "" 125.539"", ""  65.098""], ["" 130.461"", "" 125.658"", ""  62.529""], ["" 132.166"", "" 124.900"", ""  64.048""], ["" 131.648"", "" 124.939"", ""  62.745""], ["" 132.327"", "" 124.304"", ""  61.703""], ["" 132.553"", "" 122.847"", ""  61.770""], ["" 132.125"", "" 124.702"", ""  60.295""], ["" 133.636"", "" 122.353"", ""  60.786""], ["" 133.214"", "" 124.161"", ""  59.345""], ["" 133.306"", "" 122.749"", ""  59.463""], ["" 129.727"", "" 126.914"", ""  69.800""], ["" 131.064"", "" 126.903"", ""  70.216""], ["" 128.738"", "" 126.613"", ""  70.743""], ["" 131.400"", "" 126.591"", ""  71.530""], ["" 129.076"", "" 126.296"", ""  72.056""], ["" 130.414"", "" 126.264"", ""  72.473""], ["" 130.737"", "" 125.951"", ""  73.798""], ["" 131.271"", "" 126.972"", ""  74.721""], ["" 131.331"", "" 124.634"", ""  74.111""], ["" 131.241"", "" 126.548"", ""  76.204""], ["" 131.304"", "" 124.280"", ""  75.614""], ["" 131.916"", "" 125.313"", ""  76.369""]]",[],9b_Ghoteimi_2023
105,8106,9c_Ghoteimi_2023,receptor_tmp,1,8,-1.93,-0.042888888888888886,0.0,0.0,15,189.66,-4.02,-3.65,-0.37,-4.02,0.0,0.25,2.09,0.25,81,10,0.0,0.0,0.0,12.57007,12.8025,11.730246,0.03662817,0.83698436,0.54599959,123.329491,"92.499779, 28.804489, 102.184631, 199.705124, 48.858841, 61.394508, 193.17392, ","[["" 128.016"", "" 128.494"", ""  64.615""], ["" 127.004"", "" 129.428"", ""  64.884""], ["" 126.745"", "" 129.607"", ""  66.619""], ["" 128.003"", "" 128.447"", ""  66.972""], ["" 128.336"", "" 128.137"", ""  68.225""], ["" 129.340"", "" 127.237"", ""  68.391""], ["" 129.985"", "" 126.629"", ""  67.311""], ["" 129.623"", "" 126.935"", ""  65.994""], ["" 128.598"", "" 127.903"", ""  65.795""], ["" 128.436"", "" 128.178"", ""  63.348""], ["" 127.995"", "" 127.447"", ""  62.808""], ["" 129.204"", "" 128.667"", ""  62.911""], ["" 126.206"", "" 130.209"", ""  63.934""], ["" 126.841"", "" 131.266"", ""  63.371""], ["" 125.041"", "" 129.896"", ""  63.683""], ["" 127.795"", "" 131.439"", ""  63.656""], ["" 126.322"", "" 132.151"", ""  62.437""], ["" 125.064"", "" 132.492"", ""  62.259""], ["" 127.447"", "" 132.910"", ""  61.356""], ["" 124.932"", "" 133.358"", ""  61.272""], ["" 126.104"", "" 133.737"", ""  60.625""], ["" 130.316"", "" 126.240"", ""  64.881""], ["" 131.503"", "" 125.544"", ""  65.116""], ["" 129.774"", "" 126.242"", ""  63.595""], ["" 132.148"", "" 124.876"", ""  64.078""], ["" 130.418"", "" 125.574"", ""  62.557""], ["" 131.623"", "" 124.889"", ""  62.776""], ["" 132.247"", "" 124.216"", ""  61.721""], ["" 132.313"", "" 122.741"", ""  61.747""], ["" 132.106"", "" 124.675"", ""  60.326""], ["" 133.345"", "" 122.162"", ""  60.756""], ["" 133.140"", "" 124.045"", ""  59.367""], ["" 133.074"", "" 122.630"", ""  59.443""], ["" 129.707"", "" 126.924"", ""  69.805""], ["" 131.042"", "" 126.940"", ""  70.228""], ["" 128.721"", "" 126.608"", ""  70.745""], ["" 131.380"", "" 126.639"", ""  71.543""], ["" 129.058"", "" 126.303"", ""  72.061""], ["" 130.395"", "" 126.298"", ""  72.484""], ["" 130.718"", "" 126.000"", ""  73.813""], ["" 131.269"", "" 127.028"", ""  74.720""], ["" 131.293"", "" 124.680"", ""  74.146""], ["" 131.234"", "" 126.628"", ""  76.210""], ["" 131.263"", "" 124.351"", ""  75.654""], ["" 131.893"", "" 125.385"", ""  76.393""]]",[],9c_Ghoteimi_2023
106,7819,9d_Ghoteimi_2023,receptor_tmp,1,15,-5.96,-0.149,0.0,0.0,13,190.93,-8.05,-7.48,-0.57,-8.05,0.0,-1.83,2.09,-1.83,60,4,0.0,0.0,0.0,10.893095,14.092986,8.52812,0.04780962,0.8040489,0.59263784,121.719131,"4.014585, 253.21373, 197.779526, 82.784569, 213.441208, 145.398117, 287.561737, ","[["" 125.646"", "" 130.783"", ""  61.307""], ["" 124.741"", "" 131.777"", ""  61.699""], ["" 124.629"", "" 131.885"", ""  63.456""], ["" 125.782"", "" 130.586"", ""  63.649""], ["" 126.128"", "" 130.133"", ""  64.853""], ["" 127.019"", "" 129.108"", ""  64.895""], ["" 127.584"", "" 128.564"", ""  63.739""], ["" 127.239"", "" 129.049"", ""  62.472""], ["" 126.276"", "" 130.094"", ""  62.404""], ["" 125.895"", "" 130.477"", ""  59.994""], ["" 126.494"", "" 129.707"", ""  59.732""], ["" 125.481"", "" 131.009"", ""  59.241""], ["" 123.922"", "" 132.673"", ""  60.852""], ["" 123.394"", "" 133.704"", ""  61.277""], ["" 123.822"", "" 132.241"", ""  59.568""], ["" 123.002"", "" 131.131"", ""  59.235""], ["" 127.891"", "" 128.453"", ""  61.276""], ["" 127.260"", "" 127.440"", ""  60.551""], ["" 129.132"", "" 128.924"", ""  60.845""], ["" 127.867"", "" 126.898"", ""  59.421""], ["" 129.738"", "" 128.384"", ""  59.715""], ["" 129.114"", "" 127.367"", ""  58.977""], ["" 129.747"", "" 126.834"", ""  57.853""], ["" 131.220"", "" 126.738"", ""  57.836""], ["" 129.258"", "" 127.113"", ""  56.489""], ["" 131.757"", "" 125.795"", ""  56.738""], ["" 129.841"", "" 126.156"", ""  55.426""], ["" 131.260"", "" 126.193"", ""  55.469""], ["" 127.373"", "" 128.600"", ""  66.256""], ["" 126.455"", "" 127.843"", ""  66.991""], ["" 128.619"", "" 128.871"", ""  66.832""], ["" 126.773"", "" 127.367"", ""  68.260""], ["" 128.940"", "" 128.392"", ""  68.100""], ["" 128.029"", "" 127.620"", ""  68.835""], ["" 128.357"", "" 127.163"", ""  70.116""], ["" 129.703"", "" 126.637"", ""  70.423""], ["" 127.809"", "" 127.855"", ""  71.302""], ["" 129.783"", "" 125.868"", ""  71.758""], ["" 127.948"", "" 127.051"", ""  72.612""], ["" 129.302"", "" 126.680"", ""  72.816""]]",[],9d_Ghoteimi_2023
107,8088,RR10_Rahimova_2017,receptor_tmp,1,13,-9.7,-0.26944444444444443,0.0,0.0,1,185.77,-11.19,-11.01,-0.18,-11.19,0.0,-1.37,1.49,-1.37,46,5,0.0,0.0,0.0,9.090117,7.853989,3.636158,-0.56172252,0.59247216,-0.57744658,230.330566,"158.827408, 314.985443, 112.727074, 308.808136, 216.987381, ","[["" 127.297"", "" 123.133"", ""  58.420""], ["" 128.589"", "" 122.845"", ""  59.093""], ["" 128.307"", "" 122.468"", ""  60.568""], ["" 127.589"", "" 123.633"", ""  61.298""], ["" 126.296"", "" 124.004"", ""  60.534""], ["" 126.549"", "" 124.265"", ""  59.031""], ["" 127.383"", "" 123.180"", ""  56.651""], ["" 126.044"", "" 122.895"", ""  56.121""], ["" 128.532"", "" 122.367"", ""  56.234""], ["" 127.743"", "" 124.890"", ""  56.249""], ["" 128.847"", "" 125.524"", ""  56.831""], ["" 126.905"", "" 125.576"", ""  55.363""], ["" 129.101"", "" 126.860"", ""  56.490""], ["" 127.132"", "" 126.908"", ""  55.006""], ["" 128.243"", "" 127.528"", ""  55.583""], ["" 130.110"", "" 127.685"", ""  56.911""], ["" 128.789"", "" 128.786"", ""  55.485""], ["" 129.906"", "" 128.828"", ""  56.295""], ["" 128.474"", "" 129.570"", ""  54.932""], ["" 130.778"", "" 130.041"", ""  56.444""], ["" 130.790"", "" 131.033"", ""  55.454""], ["" 131.590"", "" 130.198"", ""  57.576""], ["" 131.595"", "" 132.160"", ""  55.592""], ["" 132.396"", "" 131.325"", ""  57.716""], ["" 132.396"", "" 132.301"", ""  56.723""], ["" 129.642"", "" 122.163"", ""  61.279""], ["" 130.225"", "" 123.183"", ""  61.936""], ["" 130.133"", "" 121.033"", ""  61.222""], ["" 129.816"", "" 124.102"", ""  61.849""], ["" 131.511"", "" 123.116"", ""  62.643""], ["" 132.441"", "" 122.006"", ""  62.084""], ["" 132.256"", "" 124.473"", ""  62.557""], ["" 132.910"", "" 122.313"", ""  60.644""], ["" 132.729"", "" 124.788"", ""  61.120""], ["" 133.651"", "" 123.669"", ""  60.582""], ["" 134.162"", "" 123.979"", ""  59.164""]]",[],RR10_Rahimova_2017
108,7989,RR11_Rahimova_2017,receptor_tmp,1,11,-6.63,-0.16999999999999998,0.0,0.0,3,190.37,-8.42,-8.48,0.05,-8.42,0.0,-0.59,1.79,-0.59,88,8,0.0,0.0,0.0,11.640607,14.261365,7.349005,-0.42085155,-0.08365059,0.90326439,184.289597,"54.30965, 116.327538, 326.454651, 239.062347, 187.141235, 275.573151, ","[["" 124.537"", "" 130.239"", ""  62.486""], ["" 125.483"", "" 130.193"", ""  63.678""], ["" 127.707"", "" 128.700"", ""  67.331""], ["" 126.762"", "" 128.126"", ""  66.507""], ["" 127.992"", "" 129.932"", ""  66.968""], ["" 126.421"", "" 129.047"", ""  65.546""], ["" 127.215"", "" 130.175"", ""  65.866""], ["" 125.540"", "" 129.033"", ""  64.461""], ["" 127.127"", "" 131.330"", ""  65.079""], ["" 126.252"", "" 131.320"", ""  63.991""], ["" 126.418"", "" 127.184"", ""  66.629""], ["" 128.336"", "" 127.989"", ""  68.494""], ["" 129.514"", "" 126.685"", ""  70.669""], ["" 128.158"", "" 127.003"", ""  70.703""], ["" 130.285"", "" 127.010"", ""  69.555""], ["" 127.572"", "" 127.652"", ""  69.619""], ["" 129.698"", "" 127.659"", ""  68.473""], ["" 130.103"", "" 126.039"", ""  71.755""], ["" 130.909"", "" 126.452"", ""  72.202""], ["" 129.695"", "" 125.184"", ""  72.105""], ["" 125.252"", "" 130.522"", ""  61.172""], ["" 126.647"", "" 130.642"", ""  61.155""], ["" 124.514"", "" 130.627"", ""  59.988""], ["" 127.280"", "" 130.897"", ""  59.931""], ["" 125.115"", "" 130.875"", ""  58.751""], ["" 126.506"", "" 131.010"", ""  58.752""], ["" 128.613"", "" 131.070"", ""  59.665""], ["" 127.439"", "" 131.258"", ""  57.773""], ["" 128.683"", "" 131.289"", ""  58.370""], ["" 127.294"", "" 131.403"", ""  56.785""], ["" 129.957"", "" 131.548"", ""  57.622""], ["" 129.924"", "" 131.981"", ""  56.290""], ["" 131.198"", "" 131.357"", ""  58.244""], ["" 131.105"", "" 132.216"", ""  55.592""], ["" 132.382"", "" 131.591"", ""  57.548""], ["" 132.332"", "" 132.021"", ""  56.223""], ["" 133.516"", "" 132.254"", ""  55.525""], ["" 133.704"", "" 133.177"", ""  55.160""], ["" 134.189"", "" 131.508"", ""  55.428""]]",[],RR11_Rahimova_2017
109,3341,RR11_Rahimova_2017-again1,receptor_tmp,1,18,-7.4,-0.185,0.0,0.0,5,183.26,-9.19,-7.39,-1.8,-9.19,0.0,0.03,1.79,0.03,82,14,0.0,0.0,0.0,14.780345,13.45863,6.7231,-0.08175748,-0.38534812,-0.91914228,50.857388,"149.406357, 240.373062, 234.219345, 261.403778, 90.689026, 72.045601, ","[["" 132.013"", "" 124.825"", ""  59.059""], ["" 131.089"", "" 125.908"", ""  58.521""], ["" 127.485"", "" 128.602"", ""  58.005""], ["" 127.789"", "" 127.605"", ""  58.907""], ["" 128.460"", "" 128.804"", ""  57.147""], ["" 129.040"", "" 127.123"", ""  58.600""], ["" 129.434"", "" 127.903"", ""  57.487""], ["" 129.852"", "" 126.124"", ""  59.143""], ["" 130.686"", "" 127.683"", ""  56.896""], ["" 131.498"", "" 126.682"", ""  57.429""], ["" 127.162"", "" 127.310"", ""  59.641""], ["" 126.186"", "" 129.356"", ""  58.006""], ["" 123.774"", "" 130.771"", ""  58.001""], ["" 124.619"", "" 130.844"", ""  59.106""], ["" 124.125"", "" 129.995"", ""  56.898""], ["" 125.820"", "" 130.138"", ""  59.108""], ["" 125.327"", "" 129.291"", ""  56.901""], ["" 122.573"", "" 131.479"", ""  57.996""], ["" 122.081"", "" 131.627"", ""  58.864""], ["" 122.190"", "" 131.800"", ""  57.118""], ["" 131.972"", "" 124.720"", ""  60.577""], ["" 131.422"", "" 125.772"", ""  61.322""], ["" 132.503"", "" 123.588"", ""  61.207""], ["" 131.402"", "" 125.621"", ""  62.711""], ["" 132.491"", "" 123.435"", ""  62.595""], ["" 131.923"", "" 124.476"", ""  63.335""], ["" 130.922"", "" 126.442"", ""  63.720""], ["" 131.738"", "" 124.647"", ""  64.701""], ["" 131.118"", "" 125.850"", ""  64.946""], ["" 130.480"", "" 127.344"", ""  63.622""], ["" 131.995"", "" 124.009"", ""  65.440""], ["" 130.725"", "" 126.403"", ""  66.278""], ["" 129.457"", "" 126.128"", ""  66.806""], ["" 131.618"", "" 127.194"", ""  67.011""], ["" 129.089"", "" 126.634"", ""  68.050""], ["" 131.250"", "" 127.700"", ""  68.254""], ["" 129.987"", "" 127.418"", ""  68.772""], ["" 129.618"", "" 127.920"", ""  70.019""], ["" 129.671"", "" 127.322"", ""  70.832""], ["" 129.274"", "" 128.866"", ""  70.093""]]",[],RR11_Rahimova_2017-again1
110,4229,RR11_Rahimova_2017-again2,receptor_tmp,1,7,-7.97,-0.19439024390243903,0.0,0.0,9,182.82,-9.76,-7.23,-2.53,-9.76,0.0,0.3,1.79,0.3,83,14,0.0,0.0,0.0,11.885516,11.088397,6.70332,0.68591651,-0.32636884,-0.65038598,216.578156,"85.247658, 249.794632, 267.8367, 165.483582, 246.453094, 42.67207, ","[["" 131.834"", "" 124.541"", ""  59.460""], ["" 131.791"", "" 124.530"", ""  60.982""], ["" 130.784"", "" 125.828"", ""  65.271""], ["" 130.492"", "" 126.293"", ""  64.009""], ["" 131.549"", "" 124.698"", ""  65.102""], ["" 131.073"", "" 125.471"", ""  63.053""], ["" 131.745"", "" 124.453"", ""  63.749""], ["" 131.075"", "" 125.527"", ""  61.656""], ["" 132.445"", "" 123.446"", ""  63.078""], ["" 132.448"", "" 123.511"", ""  61.682""], ["" 129.936"", "" 127.121"", ""  63.853""], ["" 131.899"", "" 124.160"", ""  65.881""], ["" 130.363"", "" 126.439"", ""  66.568""], ["" 129.581"", "" 127.565"", ""  69.001""], ["" 128.639"", "" 126.925"", ""  68.199""], ["" 130.911"", "" 127.650"", ""  68.594""], ["" 129.029"", "" 126.363"", ""  66.986""], ["" 131.301"", "" 127.089"", ""  67.380""], ["" 129.193"", "" 128.122"", ""  70.218""], ["" 128.982"", "" 129.108"", ""  70.269""], ["" 129.190"", "" 127.549"", ""  71.050""], ["" 130.994"", "" 125.657"", ""  58.854""], ["" 129.692"", "" 125.869"", ""  59.326""], ["" 131.524"", "" 126.436"", ""  57.819""], ["" 128.967"", "" 126.909"", ""  58.739""], ["" 130.801"", "" 127.473"", ""  57.225""], ["" 129.511"", "" 127.697"", ""  57.711""], ["" 127.686"", "" 127.392"", ""  58.976""], ["" 128.541"", "" 128.628"", ""  57.366""], ["" 127.419"", "" 128.452"", ""  58.141""], ["" 127.017"", "" 127.055"", ""  59.653""], ["" 128.605"", "" 129.350"", ""  56.663""], ["" 126.161"", "" 129.258"", ""  58.095""], ["" 125.355"", "" 129.244"", ""  56.952""], ["" 125.776"", "" 130.030"", ""  59.199""], ["" 124.177"", "" 129.986"", ""  56.912""], ["" 124.599"", "" 130.773"", ""  59.159""], ["" 123.801"", "" 130.748"", ""  58.016""], ["" 122.619"", "" 131.487"", ""  57.980""], ["" 122.177"", "" 131.675"", ""  57.093""], ["" 122.255"", "" 131.882"", ""  58.834""]]",[],RR11_Rahimova_2017-again2
111,3270,RR12_Rahimova_2017,receptor_tmp,1,8,-7.59,-0.2811111111111111,0.0,0.0,3,190.61,-10.27,-10.13,-0.14,-10.27,0.0,-2.51,2.68,-2.51,60,2,0.0,0.0,0.0,11.022873,15.067597,1.291654,0.76219161,0.206031,-0.61368981,247.019577,"46.083427, 265.025391, 195.167465, 13.337943, 221.527084, 81.452797, 353.038025, 334.788147, 310.283386, ","[["" 127.083"", "" 130.794"", ""  57.109""], ["" 126.191"", "" 129.814"", ""  57.894""], ["" 125.491"", "" 130.426"", ""  59.023""], ["" 123.611"", "" 131.058"", ""  57.921""], ["" 124.273"", "" 130.993"", ""  58.959""], ["" 125.972"", "" 130.408"", ""  59.911""], ["" 123.736"", "" 131.563"", ""  60.278""], ["" 124.808"", "" 131.686"", ""  61.215""], ["" 125.641"", "" 132.787"", ""  61.149""], ["" 127.013"", "" 132.531"", ""  61.211""], ["" 125.195"", "" 134.113"", ""  61.025""], ["" 127.931"", "" 133.575"", ""  61.149""], ["" 126.112"", "" 135.159"", ""  60.961""], ["" 127.477"", "" 134.885"", ""  61.022""], ["" 127.881"", "" 131.739"", ""  58.027""], ["" 129.362"", "" 131.759"", ""  57.691""], ["" 129.834"", "" 132.320"", ""  56.605""], ["" 130.342"", "" 131.176"", ""  58.480""], ["" 131.187"", "" 132.133"", ""  56.674""], ["" 131.546"", "" 131.421"", ""  57.845""], ["" 132.182"", "" 132.547"", ""  55.775""], ["" 132.878"", "" 131.111"", ""  58.147""], ["" 133.508"", "" 132.237"", ""  56.075""], ["" 133.845"", "" 131.537"", ""  57.234""], ["" 130.164"", "" 130.495"", ""  59.760""], ["" 130.575"", "" 131.412"", ""  60.927""], ["" 131.998"", "" 131.131"", ""  61.426""]]",[],RR12_Rahimova_2017
112,8565,RR13_Rahimova_2017,receptor_tmp,1,3,-14.9,-0.3104166666666667,0.0,0.0,8,183.59,-18.48,-18.53,0.06,-18.48,0.0,-3.71,3.58,-3.71,71,6,0.0,0.0,0.0,12.316034,13.022233,4.427956,-0.06931798,0.09700848,-0.99286674,159.261826,"301.577637, 322.002563, 52.215202, 305.378571, 158.308472, 355.367126, 240.153656, 309.227264, 14.974003, 192.845459, 153.528152, 18.413446, ","[["" 129.411"", "" 128.855"", ""  58.700""], ["" 129.645"", "" 127.723"", ""  59.616""], ["" 128.361"", "" 126.879"", ""  59.785""], ["" 127.936"", "" 126.316"", ""  58.493""], ["" 127.697"", "" 127.450"", ""  57.582""], ["" 128.987"", "" 128.285"", ""  57.410""], ["" 130.604"", "" 129.732"", ""  58.642""], ["" 130.650"", "" 130.625"", ""  57.382""], ["" 131.869"", "" 131.116"", ""  56.872""], ["" 131.877"", "" 131.940"", ""  55.744""], ["" 130.684"", "" 132.293"", ""  55.118""], ["" 129.457"", "" 131.001"", ""  56.744""], ["" 129.473"", "" 131.824"", ""  55.620""], ["" 133.391"", "" 130.745"", ""  57.609""], ["" 130.778"", "" 130.570"", ""  59.918""], ["" 131.879"", "" 130.704"", ""  60.625""], ["" 129.753"", "" 131.252"", ""  60.538""], ["" 131.546"", "" 131.529"", ""  61.695""], ["" 130.211"", "" 131.876"", ""  61.629""], ["" 128.366"", "" 131.418"", ""  60.120""], ["" 127.897"", "" 132.861"", ""  60.388""], ["" 126.558"", "" 132.905"", ""  61.108""], ["" 126.347"", "" 132.111"", ""  62.238""], ["" 125.538"", "" 133.733"", ""  60.631""], ["" 125.118"", "" 132.147"", ""  62.892""], ["" 124.309"", "" 133.768"", ""  61.286""], ["" 124.105"", "" 132.975"", ""  62.412""], ["" 126.754"", "" 125.431"", ""  58.621""], ["" 126.801"", "" 124.543"", ""  59.866""], ["" 125.933"", "" 124.565"", ""  60.851""], ["" 127.732"", "" 123.554"", ""  60.102""], ["" 126.350"", "" 123.590"", ""  61.751""], ["" 127.484"", "" 122.964"", ""  61.277""], ["" 128.892"", "" 123.152"", ""  59.313""], ["" 130.190"", "" 123.657"", ""  59.971""], ["" 131.235"", "" 122.559"", ""  60.095""], ["" 132.594"", "" 122.884"", ""  60.079""], ["" 130.833"", "" 121.226"", ""  60.232""], ["" 133.550"", "" 121.880"", ""  60.199""], ["" 131.790"", "" 120.223"", ""  60.351""], ["" 133.145"", "" 120.552"", ""  60.334""], ["" 126.420"", "" 124.582"", ""  57.375""], ["" 127.408"", "" 124.479"", ""  56.386""], ["" 125.188"", "" 123.917"", ""  57.171""], ["" 127.200"", "" 123.720"", ""  55.236""], ["" 124.991"", "" 123.155"", ""  56.016""], ["" 125.992"", "" 123.053"", ""  55.053""], ["" 123.859"", "" 124.037"", ""  58.274""]]",[],RR13_Rahimova_2017
113,7956,RR14_Rahimova_2017,receptor_tmp,1,6,-11.38,-0.28450000000000003,0.0,0.0,2,187.32,-14.66,-14.28,-0.39,-14.66,0.0,-1.96,3.28,-1.96,59,9,0.0,0.0,0.0,10.528471,14.922163,1.286292,-0.16590232,0.44156578,-0.88175738,177.853668,"349.870789, 317.106812, 43.218414, 317.457855, 199.881104, 302.606415, 134.642899, 321.88269, 45.855503, 345.109528, 138.534225, ","[["" 126.033"", "" 129.393"", ""  58.393""], ["" 127.012"", "" 129.518"", ""  57.300""], ["" 127.633"", "" 130.850"", ""  57.328""], ["" 129.142"", "" 130.881"", ""  57.559""], ["" 133.332"", "" 131.095"", ""  58.059""], ["" 131.936"", "" 131.031"", ""  57.921""], ["" 133.887"", "" 131.157"", ""  59.341""], ["" 131.331"", "" 130.969"", ""  56.648""], ["" 131.111"", "" 131.031"", ""  59.060""], ["" 133.069"", "" 131.155"", ""  60.469""], ["" 130.004"", "" 130.902"", ""  56.373""], ["" 129.657"", "" 130.959"", ""  58.811""], ["" 131.679"", "" 131.092"", ""  60.344""], ["" 129.610"", "" 130.869"", ""  55.208""], ["" 134.252"", "" 131.097"", ""  56.845""], ["" 131.928"", "" 130.980"", ""  55.836""], ["" 130.817"", "" 131.088"", ""  61.599""], ["" 126.405"", "" 129.261"", ""  55.988""], ["" 127.133"", "" 128.165"", ""  55.180""], ["" 127.673"", "" 127.010"", ""  56.050""], ["" 127.131"", "" 125.699"", ""  55.675""], ["" 126.582"", "" 125.018"", ""  56.855""], ["" 128.098"", "" 124.856"", ""  54.955""], ["" 126.049"", "" 123.613"", ""  56.504""], ["" 127.520"", "" 123.456"", ""  54.660""], ["" 127.067"", "" 122.849"", ""  55.865""], ["" 124.899"", "" 130.401"", ""  58.277""], ["" 123.864"", "" 130.287"", ""  57.478""], ["" 124.795"", "" 131.568"", ""  59.004""], ["" 123.077"", "" 131.409"", ""  57.717""], ["" 123.665"", "" 132.206"", ""  58.679""], ["" 125.682"", "" 132.112"", ""  60.033""], ["" 125.361"", "" 131.605"", ""  61.434""], ["" 124.150"", "" 130.956"", ""  61.685""], ["" 126.289"", "" 131.767"", ""  62.465""], ["" 123.886"", "" 130.442"", ""  62.951""], ["" 126.024"", "" 131.251"", ""  63.730""], ["" 124.819"", "" 130.573"", ""  63.980""], ["" 124.481"", "" 130.009"", ""  65.195""], ["" 125.475"", "" 129.311"", ""  65.937""]]",[],RR14_Rahimova_2017
114,3722,RR15_Rahimova_2017,receptor_tmp,1,3,-9.42,-0.20478260869565218,0.0,0.0,1,182.09,-13.9,-13.45,-0.44,-13.9,0.0,-4.19,4.47,-4.19,88,8,0.0,0.0,0.0,11.095174,14.319677,1.419679,-0.58755016,0.80914648,0.00817209,85.690918,"186.904266, 91.618484, 228.666306, 110.110168, 6.637096, 15.349948, 277.095001, 346.298462, 165.149445, 93.004883, 32.63401, 255.221359, 204.299408, 291.094513, 150.107895, ","[["" 128.662"", "" 128.512"", ""  56.665""], ["" 128.608"", "" 129.741"", ""  56.578""], ["" 128.338"", "" 127.849"", ""  57.817""], ["" 126.953"", "" 127.384"", ""  58.136""], ["" 126.011"", "" 128.571"", ""  58.302""], ["" 124.246"", "" 130.731"", ""  58.494""], ["" 124.322"", "" 130.002"", ""  57.311""], ["" 125.044"", "" 130.392"", ""  59.584""], ["" 125.200"", "" 128.926"", ""  57.217""], ["" 125.923"", "" 129.317"", ""  59.489""], ["" 123.392"", "" 131.775"", ""  58.586""], ["" 126.462"", "" 126.195"", ""  57.253""], ["" 125.581"", "" 125.362"", ""  57.836""], ["" 126.895"", "" 126.029"", ""  56.112""], ["" 125.296"", "" 125.552"", ""  58.786""], ["" 125.064"", "" 124.133"", ""  57.245""], ["" 126.118"", "" 123.011"", ""  57.284""], ["" 126.667"", "" 122.932"", ""  55.961""], ["" 127.339"", "" 123.283"", ""  58.179""], ["" 128.087"", "" 122.851"", ""  56.001""], ["" 128.429"", "" 123.692"", ""  57.219""], ["" 129.305"", "" 127.716"", ""  58.924""], ["" 129.571"", "" 129.039"", ""  59.675""], ["" 130.851"", "" 129.788"", ""  59.237""], ["" 130.708"", "" 130.510"", ""  57.969""], ["" 129.915"", "" 131.743"", ""  58.081""], ["" 132.031"", "" 130.767"", ""  57.383""], ["" 129.867"", "" 132.508"", ""  56.740""], ["" 131.924"", "" 131.556"", ""  56.060""], ["" 131.187"", "" 132.756"", ""  56.269""], ["" 129.078"", "" 127.707"", ""  55.408""], ["" 130.092"", "" 126.681"", ""  55.646""], ["" 130.334"", "" 126.176"", ""  56.861""], ["" 130.990"", "" 126.347"", ""  54.719""], ["" 131.408"", "" 125.442"", ""  56.637""], ["" 131.848"", "" 125.498"", ""  55.387""], ["" 132.079"", "" 124.621"", ""  57.704""], ["" 131.331"", "" 124.012"", ""  58.720""], ["" 133.467"", "" 124.449"", ""  57.707""], ["" 131.943"", "" 123.245"", ""  59.725""], ["" 134.089"", "" 123.694"", ""  58.698""], ["" 133.337"", "" 123.087"", ""  59.716""], ["" 131.247"", "" 122.622"", ""  60.746""], ["" 129.938"", "" 122.120"", ""  60.500""], ["" 133.892"", "" 122.327"", ""  60.731""], ["" 133.775"", "" 120.908"", ""  60.689""]]",[],RR15_Rahimova_2017
115,8114,RR16_Rahimova_2017,receptor_tmp,1,12,-9.29,-0.19354166666666664,0.0,0.0,2,185.68,-13.77,-13.94,-0.36,-14.3,0.53,-2.58,4.47,-2.58,89,9,0.0,0.0,0.0,11.897301,12.19825,3.590129,0.02571947,-0.03002327,-0.99921825,241.332779,"285.104218, 120.827011, 356.11496, 29.466942, 179.737, 353.882477, 225.187683, 131.011551, 333.391174, 106.99855, 284.852875, 354.962433, 208.314651, 182.249466, 344.307587, ","[["" 127.134"", "" 131.093"", ""  57.865""], ["" 125.806"", "" 130.700"", ""  57.686""], ["" 124.914"", "" 130.771"", ""  58.753""], ["" 125.356"", "" 131.235"", ""  59.994""], ["" 126.673"", "" 131.664"", ""  60.162""], ["" 127.563"", "" 131.596"", ""  59.095""], ["" 128.316"", "" 130.870"", ""  56.538""], ["" 129.286"", "" 131.969"", ""  56.624""], ["" 127.554"", "" 130.649"", ""  55.302""], ["" 129.150"", "" 129.359"", ""  56.949""], ["" 130.855"", "" 126.982"", ""  57.035""], ["" 129.359"", "" 126.898"", ""  56.643""], ["" 131.173"", "" 128.243"", ""  57.880""], ["" 128.851"", "" 128.223"", ""  56.039""], ["" 130.598"", "" 129.523"", ""  57.242""], ["" 131.367"", "" 125.691"", ""  57.680""], ["" 130.528"", "" 122.883"", ""  60.014""], ["" 131.451"", "" 121.943"", ""  60.298""], ["" 131.043"", "" 123.812"", ""  59.125""], ["" 132.582"", "" 122.208"", ""  59.557""], ["" 132.352"", "" 123.351"", ""  58.848""], ["" 130.529"", "" 124.979"", ""  58.550""], ["" 133.172"", "" 124.070"", ""  57.966""], ["" 132.662"", "" 125.236"", ""  57.394""], ["" 129.256"", "" 122.898"", ""  60.724""], ["" 128.083"", "" 123.249"", ""  59.820""], ["" 127.106"", "" 123.409"", ""  57.607""], ["" 125.940"", "" 123.940"", ""  58.159""], ["" 128.174"", "" 123.061"", ""  58.437""], ["" 125.843"", "" 124.128"", ""  59.538""], ["" 126.911"", "" 123.784"", ""  60.367""], ["" 127.234"", "" 123.185"", ""  55.901""], ["" 134.443"", "" 123.643"", ""  57.677""], ["" 134.883"", "" 124.182"", ""  57.017""], ["" 124.270"", "" 131.188"", ""  61.414""], ["" 124.759"", "" 132.200"", ""  62.358""], ["" 122.886"", "" 131.220"", ""  60.926""], ["" 124.560"", "" 129.604"", ""  62.136""], ["" 123.956"", "" 128.836"", ""  61.831""], ["" 125.154"", "" 129.481"", ""  63.488""], ["" 126.536"", "" 130.186"", ""  63.503""], ["" 126.972"", "" 130.860"", ""  64.818""], ["" 127.064"", "" 129.897"", ""  66.014""], ["" 125.831"", "" 129.006"", ""  66.254""], ["" 124.128"", "" 129.996"", ""  64.524""], ["" 124.444"", "" 129.625"", ""  65.986""], ["" 125.830"", "" 129.006"", ""  66.257""], ["" 127.059"", "" 129.902"", ""  66.017""]]",[],RR16_Rahimova_2017
116,8146,RR17_Rahimova_2017,receptor_tmp,1,10,-7.67,-0.19666666666666666,0.0,0.0,3,186.22,-11.25,-10.82,-0.43,-11.25,0.0,-3.58,3.58,-3.58,48,10,0.0,0.0,0.0,11.654635,15.46909,2.423495,0.65642904,-0.74939832,0.08662035,318.20752,"213.288605, 193.239807, 172.786392, 306.638977, 79.689995, 347.842041, 251.389282, 288.665649, 121.503059, 246.448029, 79.952896, 288.379242, ","[["" 129.440"", "" 129.094"", ""  55.299""], ["" 127.814"", "" 129.287"", ""  55.974""], ["" 127.539"", "" 129.859"", ""  57.200""], ["" 126.166"", "" 129.780"", ""  57.308""], ["" 126.700"", "" 128.912"", ""  55.390""], ["" 125.647"", "" 129.229"", ""  56.240""], ["" 128.449"", "" 130.373"", ""  58.136""], ["" 130.259"", "" 131.395"", ""  59.992""], ["" 129.381"", "" 132.255"", ""  59.312""], ["" 130.218"", "" 130.024"", ""  59.728""], ["" 128.477"", "" 131.745"", ""  58.385""], ["" 129.315"", "" 129.507"", ""  58.803""], ["" 131.188"", "" 131.811"", ""  60.927""], ["" 132.436"", "" 131.132"", ""  61.016""], ["" 125.364"", "" 130.268"", ""  58.505""], ["" 125.407"", "" 129.366"", ""  59.653""], ["" 124.626"", "" 129.390"", ""  60.292""], ["" 126.307"", "" 128.291"", ""  59.767""], ["" 127.146"", "" 128.271"", ""  60.881""], ["" 126.386"", "" 127.254"", ""  58.828""], ["" 128.064"", "" 127.239"", ""  61.053""], ["" 127.303"", "" 126.222"", ""  58.999""], ["" 128.150"", "" 126.209"", ""  60.112""], ["" 129.168"", "" 125.086"", ""  60.313""], ["" 129.776"", "" 125.161"", ""  61.499""], ["" 128.570"", "" 123.897"", ""  60.231""], ["" 130.097"", "" 125.164"", ""  59.360""], ["" 130.079"", "" 127.774"", ""  56.391""], ["" 130.249"", "" 126.432"", ""  55.645""], ["" 131.242"", "" 126.225"", ""  54.941""], ["" 129.168"", "" 125.406"", ""  55.831""], ["" 127.898"", "" 125.638"", ""  55.285""], ["" 129.390"", "" 124.217"", ""  56.541""], ["" 126.878"", "" 124.705"", ""  55.444""], ["" 128.367"", "" 123.285"", ""  56.700""], ["" 127.100"", "" 123.524"", ""  56.149""], ["" 126.028"", "" 122.657"", ""  56.253""], ["" 124.820"", "" 123.109"", ""  56.861""], ["" 123.746"", "" 123.244"", ""  55.778""]]",[],RR17_Rahimova_2017
117,8073,RR18_Rahimova_2017,receptor_tmp,3,11,-8.39,-0.22078947368421054,0.0,0.0,10,188.55,-9.28,-8.99,-0.29,-9.28,0.0,-1.86,0.89,-1.86,51,3,0.0,0.0,0.0,11.402309,13.590437,4.50562,0.93217262,-0.30706848,0.19173722,255.172089,"54.856586, 20.201393, 32.979137, ","[["" 128.632"", "" 127.615"", ""  58.325""], ["" 129.125"", "" 127.110"", ""  56.936""], ["" 128.313"", "" 127.283"", ""  55.860""], ["" 127.140"", "" 127.974"", ""  55.875""], ["" 126.781"", "" 128.586"", ""  56.943""], ["" 125.386"", "" 129.631"", ""  57.067""], ["" 125.745"", "" 129.993"", ""  58.785""], ["" 125.030"", "" 130.815"", ""  59.629""], ["" 123.876"", "" 131.574"", ""  59.125""], ["" 123.416"", "" 132.318"", ""  60.136""], ["" 124.108"", "" 132.127"", ""  61.294""], ["" 125.109"", "" 131.196"", ""  61.075""], ["" 125.898"", "" 130.831"", ""  62.181""], ["" 125.693"", "" 131.418"", ""  63.433""], ["" 124.691"", "" 132.370"", ""  63.609""], ["" 123.884"", "" 132.728"", ""  62.532""], ["" 123.373"", "" 131.597"", ""  58.003""], ["" 127.438"", "" 128.511"", ""  58.129""], ["" 126.961"", "" 129.269"", ""  59.155""], ["" 127.538"", "" 129.316"", ""  60.237""], ["" 122.624"", "" 132.937"", ""  60.049""], ["" 128.307"", "" 126.453"", ""  59.260""], ["" 128.093"", "" 124.317"", ""  59.725""], ["" 127.777"", "" 125.012"", ""  60.881""], ["" 128.414"", "" 125.199"", ""  58.743""], ["" 127.912"", "" 126.368"", ""  60.585""], ["" 128.149"", "" 122.855"", ""  59.359""], ["" 130.379"", "" 126.373"", ""  56.820""], ["" 130.859"", "" 125.907"", ""  57.997""], ["" 130.942"", "" 126.214"", ""  55.736""], ["" 130.344"", "" 126.180"", ""  58.820""], ["" 132.015"", "" 125.145"", ""  58.274""], ["" 132.207"", "" 124.709"", ""  59.600""], ["" 132.960"", "" 124.787"", ""  57.295""], ["" 133.333"", "" 123.946"", ""  59.925""], ["" 134.078"", "" 124.027"", ""  57.634""], ["" 134.267"", "" 123.608"", ""  58.947""], ["" 131.213"", "" 125.048"", ""  60.707""]]",[],RR18_Rahimova_2017
118,7971,RR19_Rahimova_2017,receptor_tmp,1,9,-11.41,-0.23770833333333333,0.0,0.0,8,187.33,-13.79,-13.72,-0.07,-13.79,0.0,-3.47,2.39,-3.47,74,3,0.0,0.0,0.0,12.388852,13.863622,3.625153,-0.70437049,0.18204952,0.68609051,313.432495,"191.779465, 145.316269, 151.459473, 328.119934, 344.966614, 349.10733, 341.390808, 320.739258, ","[["" 125.613"", "" 129.267"", ""  56.631""], ["" 127.173"", "" 129.037"", ""  57.248""], ["" 128.036"", "" 128.032"", ""  56.887""], ["" 128.017"", "" 127.111"", ""  55.890""], ["" 127.260"", "" 127.114"", ""  54.915""], ["" 127.785"", "" 129.823"", ""  58.193""], ["" 127.344"", "" 130.841"", ""  58.975""], ["" 126.171"", "" 131.186"", ""  59.135""], ["" 128.785"", "" 127.888"", ""  57.549""], ["" 128.782"", "" 129.678"", ""  58.254""], ["" 129.076"", "" 125.986"", ""  56.035""], ["" 128.616"", "" 124.611"", ""  55.468""], ["" 127.224"", "" 124.197"", ""  55.908""], ["" 126.178"", "" 124.115"", ""  54.964""], ["" 127.000"", "" 123.729"", ""  57.220""], ["" 124.931"", "" 123.638"", ""  55.350""], ["" 125.746"", "" 123.255"", ""  57.585""], ["" 124.715"", "" 123.216"", ""  56.655""], ["" 129.612"", "" 125.853"", ""  57.419""], ["" 130.912"", "" 125.566"", ""  57.728""], ["" 128.808"", "" 125.968"", ""  58.514""], ["" 130.961"", "" 125.510"", ""  59.209""], ["" 131.845"", "" 125.391"", ""  56.943""], ["" 129.699"", "" 125.751"", ""  59.681""], ["" 127.599"", "" 126.202"", ""  58.530""], ["" 132.023"", "" 125.264"", ""  60.080""], ["" 129.430"", "" 125.758"", ""  61.050""], ["" 131.774"", "" 125.269"", ""  61.457""], ["" 130.482"", "" 125.515"", ""  61.941""], ["" 128.477"", "" 131.619"", ""  59.691""], ["" 128.069"", "" 133.024"", ""  60.221""], ["" 126.810"", "" 133.055"", ""  61.073""], ["" 125.658"", "" 133.743"", ""  60.636""], ["" 126.740"", "" 132.282"", ""  62.251""], ["" 124.492"", "" 133.694"", ""  61.390""], ["" 125.566"", "" 132.247"", ""  62.991""], ["" 124.448"", "" 132.954"", ""  62.565""], ["" 129.702"", "" 131.687"", ""  58.848""], ["" 129.749"", "" 132.132"", ""  57.557""], ["" 130.903"", "" 131.228"", ""  59.304""], ["" 131.161"", "" 131.966"", ""  57.133""], ["" 128.817"", "" 132.571"", ""  56.880""], ["" 131.853"", "" 131.422"", ""  58.181""], ["" 131.146"", "" 130.749"", ""  60.413""], ["" 131.794"", "" 132.256"", ""  55.924""], ["" 133.216"", "" 131.140"", ""  58.078""], ["" 133.161"", "" 131.982"", ""  55.800""], ["" 133.870"", "" 131.426"", ""  56.874""]]",[],RR19_Rahimova_2017
119,3502,RR19_Rahimova_2017-again1,receptor_tmp,1,19,-11.33,-0.24106382978723404,0.0,0.0,1,184.92,-14.01,-14.7,0.69,-14.01,0.0,-3.32,2.68,-3.32,92,5,0.0,0.0,0.0,11.287607,12.695096,3.786799,-0.57180221,-0.79378794,0.20722679,146.193481,"286.462067, 285.27121, 207.539749, 201.879974, 238.900162, 339.777557, 241.349548, 151.532654, 45.653633, ","[["" 132.248"", "" 125.774"", ""  56.828""], ["" 130.926"", "" 126.265"", ""  57.743""], ["" 130.075"", "" 125.536"", ""  58.525""], ["" 129.945"", "" 124.208"", ""  58.753""], ["" 130.720"", "" 123.330"", ""  58.364""], ["" 129.349"", "" 126.095"", ""  58.947""], ["" 130.457"", "" 127.567"", ""  57.753""], ["" 129.302"", "" 128.016"", ""  58.123""], ["" 128.334"", "" 127.427"", ""  58.644""], ["" 129.062"", "" 129.542"", ""  57.866""], ["" 130.186"", "" 130.414"", ""  58.517""], ["" 131.151"", "" 131.053"", ""  57.520""], ["" 132.525"", "" 131.029"", ""  57.768""], ["" 130.659"", "" 131.654"", ""  56.358""], ["" 133.407"", "" 131.597"", ""  56.852""], ["" 131.540"", "" 132.222"", ""  55.442""], ["" 132.910"", "" 132.191"", ""  55.693""], ["" 127.665"", "" 129.990"", ""  58.177""], ["" 126.557"", "" 129.689"", ""  57.431""], ["" 127.391"", "" 130.782"", ""  59.253""], ["" 125.427"", "" 130.359"", ""  58.117""], ["" 126.506"", "" 129.008"", ""  56.408""], ["" 125.925"", "" 131.015"", ""  59.209""], ["" 128.189"", "" 131.212"", ""  60.087""], ["" 124.065"", "" 130.397"", ""  57.811""], ["" 125.090"", "" 131.745"", ""  60.056""], ["" 123.211"", "" 131.122"", ""  58.648""], ["" 123.722"", "" 131.793"", ""  59.767""], ["" 128.691"", "" 123.814"", ""  59.589""], ["" 128.867"", "" 122.497"", ""  60.399""], ["" 130.153"", "" 122.436"", ""  61.204""], ["" 131.274"", "" 121.747"", ""  60.694""], ["" 130.297"", "" 123.199"", ""  62.382""], ["" 132.480"", "" 121.775"", ""  61.384""], ["" 131.510"", "" 123.213"", ""  63.057""], ["" 132.595"", "" 122.501"", ""  62.563""], ["" 127.414"", "" 123.828"", ""  58.813""], ["" 126.221"", "" 124.301"", ""  59.283""], ["" 127.316"", "" 123.241"", ""  57.587""], ["" 125.230"", "" 123.997"", ""  58.222""], ["" 126.009"", "" 124.851"", ""  60.365""], ["" 125.887"", "" 123.357"", ""  57.206""], ["" 128.219"", "" 122.716"", ""  56.935""], ["" 123.857"", "" 124.240"", ""  58.156""], ["" 125.205"", "" 122.924"", ""  56.067""], ["" 123.157"", "" 123.810"", ""  57.023""], ["" 123.828"", "" 123.155"", ""  55.983""]]",[],RR19_Rahimova_2017-again1
120,8070,RR1_Rahimova_2017,receptor_tmp,1,3,-9.38,-0.2131818181818182,0.0,0.0,1,190.73,-12.96,-12.05,-0.91,-12.96,0.0,-3.66,3.58,-3.66,71,12,0.0,0.0,0.0,13.526802,8.4498,11.894021,-0.1407532,-0.94995122,0.27889285,63.149754,"335.832336, 347.152191, 112.45948, 167.365265, 24.019377, 8.21461, 335.89502, 98.205574, 340.916718, 93.284332, 339.632019, 162.805573, ","[["" 131.086"", "" 124.608"", ""  62.338""], ["" 130.220"", "" 125.008"", ""  61.441""], ["" 129.650"", "" 126.070"", ""  62.002""], ["" 130.099"", "" 126.386"", ""  63.202""], ["" 131.024"", "" 125.447"", ""  63.420""], ["" 132.137"", "" 123.208"", ""  62.144""], ["" 130.852"", "" 121.914"", ""  62.252""], ["" 129.862"", "" 121.869"", ""  61.077""], ["" 129.971"", "" 121.016"", ""  60.196""], ["" 128.900"", "" 122.816"", ""  61.116""], ["" 128.868"", "" 123.387"", ""  61.949""], ["" 127.892"", "" 123.103"", ""  60.176""], ["" 126.716"", "" 123.656"", ""  60.685""], ["" 128.024"", "" 122.914"", ""  58.792""], ["" 125.678"", "" 124.014"", ""  59.830""], ["" 126.983"", "" 123.273"", ""  57.940""], ["" 125.807"", "" 123.828"", ""  58.444""], ["" 124.835"", "" 124.160"", ""  57.520""], ["" 123.489"", "" 124.317"", ""  57.954""], ["" 131.768"", "" 125.415"", ""  64.680""], ["" 130.897"", "" 125.388"", ""  65.948""], ["" 130.612"", "" 126.597"", ""  66.467""], ["" 130.506"", "" 124.316"", ""  66.424""], ["" 131.085"", "" 127.457"", ""  66.224""], ["" 129.957"", "" 126.646"", ""  67.690""], ["" 130.503"", "" 127.400"", ""  68.669""], ["" 131.489"", "" 128.128"", ""  68.512""], ["" 129.497"", "" 125.771"", ""  67.897""], ["" 129.809"", "" 127.332"", ""  70.014""], ["" 130.442"", "" 126.794"", ""  71.147""], ["" 128.510"", "" 127.832"", ""  70.156""], ["" 129.797"", "" 126.753"", ""  72.396""], ["" 127.859"", "" 127.791"", ""  71.384""], ["" 128.493"", "" 127.252"", ""  72.515""], ["" 130.385"", "" 126.251"", ""  73.545""], ["" 131.771"", "" 125.927"", ""  73.543""], ["" 127.908"", "" 127.193"", ""  73.767""], ["" 126.889"", "" 128.126"", ""  74.109""], ["" 128.565"", "" 126.854"", ""  61.319""], ["" 128.322"", "" 126.726"", ""  59.942""], ["" 127.750"", "" 127.749"", ""  62.030""], ["" 127.308"", "" 127.470"", ""  59.335""], ["" 126.761"", "" 128.482"", ""  61.459""], ["" 126.553"", "" 128.333"", ""  60.126""]]",[],RR1_Rahimova_2017
121,3333,RR20_Rahimova_2017,receptor_tmp,1,13,-10.01,-0.25666666666666665,0.0,0.0,1,179.51,-11.79,-11.75,-0.05,-11.79,0.0,-1.28,1.79,-1.28,53,2,0.0,0.0,0.0,12.496751,11.436628,3.684816,-0.42942838,-0.90125526,0.05770805,240.743835,"209.081329, 36.876488, 148.920929, 321.914185, 247.044479, 166.745819, ","[["" 128.485"", "" 126.742"", ""  57.106""], ["" 129.511"", "" 127.597"", ""  57.537""], ["" 129.587"", "" 128.913"", ""  57.083""], ["" 128.658"", "" 129.383"", ""  56.145""], ["" 128.486"", "" 130.676"", ""  55.600""], ["" 127.336"", "" 130.642"", ""  54.683""], ["" 126.599"", "" 129.345"", ""  54.967""], ["" 127.598"", "" 128.561"", ""  55.763""], ["" 127.514"", "" 127.251"", ""  56.235""], ["" 128.399"", "" 125.327"", ""  57.607""], ["" 129.200"", "" 123.631"", ""  58.750""], ["" 129.389"", "" 124.864"", ""  58.354""], ["" 127.734"", "" 122.923"", ""  58.197""], ["" 127.356"", "" 124.410"", ""  57.360""], ["" 126.096"", "" 124.523"", ""  56.530""], ["" 130.030"", "" 122.852"", ""  59.542""], ["" 128.482"", "" 121.554"", ""  60.611""], ["" 129.652"", "" 121.888"", ""  60.416""], ["" 131.021"", "" 123.033"", ""  59.458""], ["" 130.759"", "" 121.142"", ""  61.199""], ["" 131.556"", "" 122.034"", ""  62.061""], ["" 132.508"", "" 122.852"", ""  61.296""], ["" 130.685"", "" 122.938"", ""  62.822""], ["" 133.491"", "" 123.562"", ""  62.254""], ["" 131.459"", "" 123.874"", ""  63.751""], ["" 132.795"", "" 124.211"", ""  63.450""], ["" 130.846"", "" 124.447"", ""  64.871""], ["" 133.472"", "" 125.118"", ""  64.274""], ["" 131.535"", "" 125.341"", ""  65.688""], ["" 132.850"", "" 125.679"", ""  65.386""], ["" 129.434"", "" 131.656"", ""  55.524""], ["" 129.336"", "" 132.630"", ""  54.773""], ["" 130.676"", "" 131.554"", ""  56.381""], ["" 131.923"", "" 131.382"", ""  55.769""], ["" 130.593"", "" 131.567"", ""  57.779""], ["" 133.076"", "" 131.268"", ""  56.542""], ["" 131.745"", "" 131.451"", ""  58.553""], ["" 132.988"", "" 131.310"", ""  57.934""], ["" 134.245"", "" 131.175"", ""  58.774""]]",[],RR20_Rahimova_2017
122,8442,RR20_Rahimova_2017-again1,receptor_tmp,1,18,-8.8,-0.22564102564102567,0.0,0.0,4,178.75,-10.59,-10.63,0.04,-10.59,0.0,-2.86,1.79,-2.86,46,2,0.0,0.0,0.0,13.563173,11.785277,3.261393,-0.44798574,-0.89078562,-0.07622171,238.450943,"255.162216, 34.325371, 26.295023, 73.006363, 144.611023, 225.740738, ","[["" 128.563"", "" 123.364"", ""  57.663""], ["" 128.866"", "" 124.634"", ""  57.551""], ["" 128.246"", "" 125.252"", ""  56.558""], ["" 127.370"", "" 124.440"", ""  55.810""], ["" 126.448"", "" 124.756"", ""  54.651""], ["" 127.449"", "" 122.822"", ""  56.463""], ["" 129.051"", "" 122.435"", ""  58.544""], ["" 128.907"", "" 122.484"", ""  59.826""], ["" 128.276"", "" 123.270"", ""  60.558""], ["" 129.642"", "" 121.357"", ""  60.581""], ["" 131.105"", "" 121.790"", ""  60.887""], ["" 131.320"", "" 122.142"", ""  62.373""], ["" 131.591"", "" 122.926"", ""  59.955""], ["" 130.501"", "" 123.393"", ""  62.741""], ["" 131.155"", "" 124.314"", ""  60.441""], ["" 130.687"", "" 124.544"", ""  61.756""], ["" 131.253"", "" 125.399"", ""  59.562""], ["" 130.367"", "" 125.850"", ""  62.146""], ["" 130.918"", "" 126.690"", ""  59.961""], ["" 130.479"", "" 126.917"", ""  61.259""], ["" 131.680"", "" 120.978"", ""  60.699""], ["" 128.533"", "" 126.709"", ""  56.339""], ["" 129.608"", "" 127.335"", ""  56.983""], ["" 127.698"", "" 127.489"", ""  55.524""], ["" 129.865"", "" 128.695"", ""  56.802""], ["" 127.962"", "" 128.845"", ""  55.326""], ["" 129.070"", "" 129.444"", ""  55.924""], ["" 127.120"", "" 129.880"", ""  54.641""], ["" 129.079"", "" 130.828"", ""  55.642""], ["" 128.012"", "" 131.110"", ""  54.668""], ["" 130.126"", "" 131.687"", ""  55.821""], ["" 130.393"", "" 132.595"", ""  55.031""], ["" 131.029"", "" 131.511"", ""  57.021""], ["" 130.491"", "" 131.607"", ""  58.310""], ["" 132.407"", "" 131.311"", ""  56.866""], ["" 131.311"", "" 131.464"", ""  59.426""], ["" 133.226"", "" 131.168"", ""  57.982""], ["" 132.678"", "" 131.235"", ""  59.263""], ["" 133.572"", "" 131.087"", ""  60.481""]]",[],RR20_Rahimova_2017-again1
123,7968,RR21_Rahimova_2017,receptor_tmp,1,15,-9.49,-0.23725000000000002,0.0,0.0,9,188.03,-11.28,-11.06,-0.21,-11.28,0.0,-1.46,1.79,-1.46,89,4,0.0,0.0,0.0,12.416187,13.553507,5.936127,0.78027579,-0.59840715,-0.1818752,124.499741,"15.597267, 176.153732, 329.558228, 173.640366, 67.729858, 324.53479, ","[["" 129.167"", "" 129.419"", ""  61.394""], ["" 129.795"", "" 128.586"", ""  60.533""], ["" 129.862"", "" 128.694"", ""  58.760""], ["" 130.871"", "" 127.255"", ""  58.724""], ["" 131.088"", "" 126.761"", ""  59.983""], ["" 130.530"", "" 127.427"", ""  61.023""], ["" 130.638"", "" 127.099"", ""  62.211""], ["" 131.387"", "" 126.671"", ""  57.687""], ["" 132.201"", "" 125.510"", ""  57.798""], ["" 132.384"", "" 125.029"", ""  59.212""], ["" 131.859"", "" 125.619"", ""  60.235""], ["" 132.742"", "" 124.911"", ""  56.869""], ["" 128.396"", "" 130.615"", ""  61.089""], ["" 128.634"", "" 131.586"", ""  60.089""], ["" 127.692"", "" 132.509"", ""  60.064""], ["" 126.816"", "" 132.191"", ""  61.029""], ["" 127.206"", "" 131.037"", ""  61.661""], ["" 129.774"", "" 131.659"", ""  59.119""], ["" 131.923"", "" 131.802"", ""  57.292""], ["" 130.613"", "" 132.066"", ""  56.878""], ["" 132.145"", "" 131.460"", ""  58.637""], ["" 129.551"", "" 131.994"", ""  57.780""], ["" 131.082"", "" 131.388"", ""  59.537""], ["" 130.363"", "" 132.393"", ""  55.588""], ["" 132.920"", "" 131.898"", ""  56.340""], ["" 134.200"", "" 131.337"", ""  56.613""], ["" 125.656"", "" 132.973"", ""  61.264""], ["" 125.485"", "" 134.212"", ""  60.627""], ["" 124.666"", "" 132.506"", ""  62.141""], ["" 124.340"", "" 134.969"", ""  60.862""], ["" 123.522"", "" 133.265"", ""  62.373""], ["" 123.364"", "" 134.492"", ""  61.733""], ["" 133.228"", "" 123.771"", ""  59.454""], ["" 132.418"", "" 122.534"", ""  59.835""], ["" 133.058"", "" 121.302"", ""  60.001""], ["" 131.040"", "" 122.638"", ""  60.049""], ["" 132.321"", "" 120.178"", ""  60.365""], ["" 130.304"", "" 121.515"", ""  60.413""], ["" 130.944"", "" 120.282"", ""  60.567""], ["" 130.148"", "" 119.056"", ""  60.976""]]",[],RR21_Rahimova_2017
124,8205,RR22_Rahimova_2017,receptor_tmp,1,3,-8.71,-0.2721875,0.0,0.0,11,189.13,-9.31,-9.13,-0.18,-9.31,0.0,-0.65,0.6,-0.65,38,7,0.0,0.0,0.0,10.581621,14.991155,4.858576,0.71772688,-0.53625344,0.44418508,243.705505,"273.146606, 85.856621, ","[["" 124.487"", "" 129.622"", ""  55.751""], ["" 125.271"", "" 129.925"", ""  56.648""], ["" 124.978"", "" 130.170"", ""  57.978""], ["" 127.065"", "" 130.133"", ""  56.431""], ["" 127.286"", "" 130.685"", ""  58.098""], ["" 126.023"", "" 130.454"", ""  58.914""], ["" 126.150"", "" 129.335"", ""  59.860""], ["" 126.730"", "" 129.633"", ""  61.135""], ["" 125.961"", "" 130.774"", ""  61.762""], ["" 125.777"", "" 130.943"", ""  63.138""], ["" 125.086"", "" 132.053"", ""  63.628""], ["" 124.587"", "" 133.013"", ""  62.747""], ["" 124.784"", "" 132.870"", ""  61.373""], ["" 125.474"", "" 131.761"", ""  60.884""], ["" 125.668"", "" 131.708"", ""  59.503""], ["" 126.772"", "" 128.246"", ""  61.745""], ["" 126.933"", "" 127.406"", ""  60.475""], ["" 126.579"", "" 128.066"", ""  59.437""], ["" 128.383"", "" 131.302"", ""  58.597""], ["" 124.023"", "" 130.196"", ""  58.300""], ["" 129.671"", "" 131.571"", ""  57.928""], ["" 130.906"", "" 131.162"", ""  58.450""], ["" 129.682"", "" 132.280"", ""  56.721""], ["" 132.085"", "" 131.453"", ""  57.761""], ["" 130.818"", "" 132.574"", ""  56.037""], ["" 131.997"", "" 132.158"", ""  56.561""], ["" 127.412"", "" 126.010"", ""  60.497""], ["" 126.501"", "" 124.945"", ""  60.572""], ["" 128.786"", "" 125.732"", ""  60.441""], ["" 126.958"", "" 123.630"", ""  60.591""], ["" 129.241"", "" 124.417"", ""  60.462""], ["" 128.324"", "" 123.371"", ""  60.536""]]",[],RR22_Rahimova_2017
125,8202,RR23_Rahimova_2017,receptor_tmp,1,2,-10.35,-0.25875,0.0,0.0,6,188.46,-11.84,-11.77,-0.07,-11.84,0.0,-1.49,1.49,-1.49,70,8,0.0,0.0,0.0,12.190254,6.696349,4.375601,0.94719221,0.28101293,-0.15446243,232.714996,"157.510025, 358.606689, 127.967209, 281.544769, 270.345642, ","[["" 129.696"", "" 123.651"", ""  58.459""], ["" 130.674"", "" 124.618"", ""  58.717""], ["" 131.524"", "" 124.499"", ""  59.818""], ["" 131.368"", "" 123.429"", ""  60.709""], ["" 132.138"", "" 123.058"", ""  61.835""], ["" 131.561"", "" 121.832"", ""  62.409""], ["" 130.610"", "" 121.276"", ""  61.362""], ["" 130.435"", "" 122.431"", ""  60.423""], ["" 129.600"", "" 122.541"", ""  59.311""], ["" 128.796"", "" 123.812"", ""  57.224""], ["" 127.767"", "" 127.854"", ""  55.822""], ["" 127.158"", "" 126.645"", ""  55.763""], ["" 128.872"", "" 128.076"", ""  56.320""], ["" 127.590"", "" 125.456"", ""  56.261""], ["" 128.721"", "" 125.186"", ""  56.778""], ["" 126.398"", "" 124.126"", ""  56.183""], ["" 127.379"", "" 123.214"", ""  57.387""], ["" 126.244"", "" 126.638"", ""  55.333""], ["" 126.725"", "" 123.352"", ""  58.777""], ["" 126.978"", "" 129.023"", ""  55.209""], ["" 126.101"", "" 129.612"", ""  56.246""], ["" 127.898"", "" 130.279"", ""  57.534""], ["" 126.680"", "" 130.198"", ""  57.350""], ["" 125.647"", "" 130.747"", ""  58.308""], ["" 124.738"", "" 129.513"", ""  56.001""], ["" 126.044"", "" 131.384"", ""  59.490""], ["" 124.292"", "" 130.619"", ""  58.002""], ["" 123.865"", "" 129.990"", ""  56.830""], ["" 125.076"", "" 131.888"", ""  60.361""], ["" 123.324"", "" 131.124"", ""  58.874""], ["" 123.720"", "" 131.757"", ""  60.053""], ["" 132.951"", "" 123.876"", ""  62.567""], ["" 134.162"", "" 123.983"", ""  62.357""], ["" 132.363"", "" 124.684"", ""  63.703""], ["" 133.158"", "" 124.991"", ""  64.813""], ["" 131.019"", "" 125.080"", ""  63.688""], ["" 132.629"", "" 125.718"", ""  65.876""], ["" 130.490"", "" 125.805"", ""  64.752""], ["" 131.297"", "" 126.133"", ""  65.843""], ["" 130.716"", "" 126.916"", ""  67.006""]]",[],RR23_Rahimova_2017
126,3612,RR24_Rahimova_2017,receptor_tmp,1,17,-11.9,-0.2644444444444444,0.0,0.0,5,185.92,-13.39,-13.05,-0.34,-13.39,0.0,-1.94,1.49,-1.94,61,10,0.0,0.0,0.0,13.807982,14.34794,2.277717,0.19714799,-0.78279434,0.59022512,264.445099,"134.299255, 67.15863, 156.608994, 211.735992, 276.702942, ","[["" 129.077"", "" 126.525"", ""  55.359""], ["" 129.060"", "" 127.619"", ""  56.193""], ["" 128.987"", "" 129.835"", ""  57.885""], ["" 128.123"", "" 129.761"", ""  56.789""], ["" 129.880"", "" 128.789"", ""  58.140""], ["" 128.155"", "" 128.654"", ""  55.947""], ["" 129.912"", "" 127.680"", ""  57.299""], ["" 128.960"", "" 131.067"", ""  58.798""], ["" 133.149"", "" 131.134"", ""  62.512""], ["" 132.299"", "" 131.337"", ""  61.644""], ["" 132.500"", "" 131.282"", ""  60.273""], ["" 130.994"", "" 131.471"", ""  62.008""], ["" 131.541"", "" 131.158"", ""  59.283""], ["" 129.976"", "" 131.354"", ""  61.117""], ["" 131.796"", "" 131.061"", ""  58.079""], ["" 130.162"", "" 131.175"", ""  59.783""], ["" 128.725"", "" 131.435"", ""  61.684""], ["" 127.588"", "" 131.344"", ""  60.919""], ["" 127.633"", "" 131.173"", ""  59.585""], ["" 126.214"", "" 131.409"", ""  61.387""], ["" 126.269"", "" 131.126"", ""  59.070""], ["" 125.410"", "" 131.275"", ""  60.263""], ["" 125.646"", "" 131.568"", ""  62.652""], ["" 125.956"", "" 130.989"", ""  57.888""], ["" 124.019"", "" 131.298"", ""  60.381""], ["" 124.255"", "" 131.591"", ""  62.777""], ["" 123.444"", "" 131.457"", ""  61.645""], ["" 133.905"", "" 131.228"", ""  59.820""], ["" 130.810"", "" 131.636"", ""  62.986""], ["" 128.646"", "" 131.566"", ""  62.683""], ["" 130.108"", "" 125.633"", ""  55.437""], ["" 131.215"", "" 125.770"", ""  54.905""], ["" 129.760"", "" 124.395"", ""  56.315""], ["" 130.473"", "" 124.398"", ""  57.675""], ["" 128.288"", "" 124.192"", ""  56.454""], ["" 127.526"", "" 123.386"", ""  55.653""], ["" 127.566"", "" 124.838"", ""  57.413""], ["" 126.140"", "" 123.519"", ""  56.166""], ["" 127.907"", "" 122.699"", ""  54.704""], ["" 126.164"", "" 124.390"", ""  57.221""], ["" 127.987"", "" 125.626"", ""  58.262""], ["" 124.947"", "" 122.931"", ""  55.743""], ["" 124.998"", "" 124.719"", ""  57.913""], ["" 123.767"", "" 123.248"", ""  56.424""], ["" 123.792"", "" 124.138"", ""  57.505""]]",[],RR24_Rahimova_2017
127,8046,RR24_Rahimova_2017-again1,receptor_tmp,1,11,-9.55,-0.22209302325581398,0.0,0.0,9,185.46,-11.04,-12.13,1.09,-11.04,0.0,-1.88,1.49,-1.88,69,8,0.0,0.0,0.0,9.985214,12.843081,2.993019,0.51575597,0.21354876,-0.82969434,250.862747,"137.154587, 75.86805, 137.67247, 200.485641, 293.61496, ","[["" 127.937"", "" 129.873"", ""  56.557""], ["" 127.981"", "" 128.570"", ""  56.996""], ["" 128.119"", "" 125.933"", ""  57.900""], ["" 128.800"", "" 126.315"", ""  56.739""], ["" 127.375"", "" 126.879"", ""  58.611""], ["" 128.734"", "" 127.630"", ""  56.291""], ["" 127.311"", "" 128.196"", ""  58.164""], ["" 128.188"", "" 124.482"", ""  58.399""], ["" 125.207"", "" 123.625"", ""  61.347""], ["" 124.782"", "" 123.939"", ""  60.057""], ["" 126.450"", "" 123.578"", ""  61.670""], ["" 125.669"", "" 124.215"", ""  59.034""], ["" 127.397"", "" 123.854"", ""  60.727""], ["" 125.337"", "" 124.474"", ""  57.873""], ["" 127.080"", "" 124.168"", ""  59.432""], ["" 128.670"", "" 123.787"", ""  61.211""], ["" 129.688"", "" 123.874"", ""  60.440""], ["" 129.568"", "" 124.166"", ""  59.021""], ["" 131.100"", "" 123.708"", ""  60.736""], ["" 130.813"", "" 124.128"", ""  58.497""], ["" 131.795"", "" 123.848"", ""  59.544""], ["" 131.785"", "" 123.435"", ""  61.922""], ["" 133.190"", "" 123.720"", ""  59.521""], ["" 133.175"", "" 123.308"", ""  61.905""], ["" 133.877"", "" 123.451"", ""  60.706""], ["" 124.435"", "" 123.361"", ""  62.285""], ["" 123.357"", "" 124.002"", ""  59.654""], ["" 131.099"", "" 124.333"", ""  57.257""], ["" 127.128"", "" 130.772"", ""  57.190""], ["" 125.892"", "" 130.729"", ""  57.215""], ["" 127.929"", "" 131.883"", ""  57.930""], ["" 127.660"", "" 131.924"", ""  59.440""], ["" 129.389"", "" 131.829"", ""  57.623""], ["" 129.959"", "" 132.234"", ""  56.447""], ["" 130.289"", "" 131.339"", ""  58.521""], ["" 131.414"", "" 131.987"", ""  56.612""], ["" 129.389"", "" 132.701"", ""  55.461""], ["" 131.611"", "" 131.449"", ""  57.854""], ["" 130.059"", "" 130.898"", ""  59.648""], ["" 132.483"", "" 132.210"", ""  55.743""], ["" 132.890"", "" 131.106"", ""  58.297""], ["" 133.773"", "" 131.874"", ""  56.169""], ["" 133.975"", "" 131.324"", ""  57.441""]]",[],RR24_Rahimova_2017-again1
128,8125,RR25_Rahimova_2017,receptor_tmp,1,12,-11.13,-0.2853846153846154,0.0,0.0,4,188.5,-12.62,-12.2,-0.42,-12.62,0.0,-0.68,1.49,-0.68,70,7,0.0,0.0,0.0,14.841308,13.64108,0.101864,0.68706057,0.68056147,0.25452675,161.889313,"268.243866, 242.586334, 37.36483, 356.528351, 272.730499, ","[["" 128.926"", "" 126.363"", ""  56.843""], ["" 128.709"", "" 127.459"", ""  56.055""], ["" 129.785"", "" 128.120"", ""  55.287""], ["" 129.542"", "" 129.643"", ""  55.291""], ["" 128.204"", "" 129.973"", ""  54.793""], ["" 127.189"", "" 129.370"", ""  55.658""], ["" 127.319"", "" 127.828"", ""  55.702""], ["" 127.991"", "" 125.673"", ""  57.260""], ["" 130.340"", "" 125.998"", ""  57.382""], ["" 133.291"", "" 123.977"", ""  60.704""], ["" 134.258"", "" 123.871"", ""  59.693""], ["" 131.984"", "" 124.342"", ""  60.345""], ["" 133.933"", "" 124.131"", ""  58.364""], ["" 131.639"", "" 124.599"", ""  59.015""], ["" 132.632"", "" 124.505"", ""  58.030""], ["" 130.244"", "" 125.008"", ""  58.578""], ["" 132.377"", "" 124.739"", ""  56.691""], ["" 131.367"", "" 125.579"", ""  56.290""], ["" 131.367"", "" 125.903"", ""  55.102""], ["" 133.642"", "" 123.707"", ""  62.120""], ["" 134.050"", "" 124.637"", ""  62.812""], ["" 133.514"", "" 122.565"", ""  62.550""], ["" 128.018"", "" 131.425"", ""  54.670""], ["" 129.331"", "" 132.222"", ""  54.894""], ["" 129.999"", "" 132.027"", ""  56.214""], ["" 131.370"", "" 131.870"", ""  56.183""], ["" 129.157"", "" 132.020"", ""  57.305""], ["" 132.005"", "" 131.605"", ""  57.534""], ["" 132.037"", "" 131.922"", ""  55.144""], ["" 129.843"", "" 131.755"", ""  58.631""], ["" 127.936"", "" 132.198"", ""  57.219""], ["" 133.389"", "" 131.401"", ""  57.615""], ["" 131.243"", "" 131.549"", ""  58.729""], ["" 129.077"", "" 131.700"", ""  59.803""], ["" 134.005"", "" 131.147"", ""  58.838""], ["" 131.863"", "" 131.292"", ""  59.984""], ["" 129.674"", "" 131.450"", ""  61.038""], ["" 133.263"", "" 131.091"", ""  60.016""], ["" 131.049"", "" 131.245"", ""  61.141""]]",[],RR25_Rahimova_2017
129,7947,RR26_Rahimova_2017,receptor_tmp,1,2,-8.83,-0.23236842105263159,0.0,0.0,11,185.19,-10.03,-9.99,-0.04,-10.03,0.0,-1.49,1.19,-1.49,64,3,0.0,0.0,0.0,13.643077,12.330039,4.294751,0.65059982,-0.74449944,-0.1498014,138.716904,"233.385757, 247.054276, 224.909866, 234.097885, ","[["" 129.570"", "" 129.261"", ""  56.874""], ["" 129.267"", "" 128.968"", ""  58.031""], ["" 129.483"", "" 127.716"", ""  58.751""], ["" 128.862"", "" 127.782"", ""  60.443""], ["" 130.101"", "" 126.683"", ""  58.136""], ["" 128.619"", "" 129.837"", ""  58.923""], ["" 128.341"", "" 129.403"", ""  60.165""], ["" 127.739"", "" 130.326"", ""  60.865""], ["" 127.674"", "" 131.332"", ""  59.997""], ["" 128.183"", "" 131.094"", ""  58.798""], ["" 130.412"", "" 125.372"", ""  58.682""], ["" 129.544"", "" 124.276"", ""  58.888""], ["" 131.621"", "" 124.918"", ""  59.187""], ["" 130.162"", "" 123.257"", ""  59.453""], ["" 131.438"", "" 123.632"", ""  59.629""], ["" 128.089"", "" 124.170"", ""  58.548""], ["" 127.113"", "" 124.595"", ""  59.462""], ["" 127.683"", "" 123.652"", ""  57.309""], ["" 125.755"", "" 124.497"", ""  59.156""], ["" 126.327"", "" 123.558"", ""  56.998""], ["" 125.361"", "" 123.970"", ""  57.928""], ["" 125.983"", "" 122.989"", ""  55.788""], ["" 124.010"", "" 123.936"", ""  57.647""], ["" 124.637"", "" 123.254"", ""  55.379""], ["" 123.661"", "" 123.065"", ""  56.565""], ["" 132.389"", "" 122.767"", ""  60.228""], ["" 133.283"", "" 123.244"", ""  61.198""], ["" 132.437"", "" 121.417"", ""  59.849""], ["" 134.214"", "" 122.384"", ""  61.776""], ["" 133.367"", "" 120.560"", ""  60.430""], ["" 134.251"", "" 121.047"", ""  61.390""], ["" 127.038"", "" 132.648"", ""  60.339""], ["" 127.885"", "" 133.697"", ""  60.729""], ["" 125.646"", "" 132.883"", ""  60.285""], ["" 127.372"", "" 134.952"", ""  61.049""], ["" 125.144"", "" 134.148"", ""  60.609""], ["" 126.001"", "" 135.179"", ""  60.986""], ["" 124.655"", "" 131.783"", ""  59.923""]]",[],RR26_Rahimova_2017
130,3245,RR27_Rahimova_2017,receptor_tmp,1,7,-10.6,-0.265,0.0,0.0,5,189.46,-12.69,-12.43,-0.26,-12.69,0.0,-2.6,2.09,-2.6,58,6,0.0,0.0,0.0,14.956185,12.633237,7.435282,-0.08507049,-0.87098741,0.48388423,131.780106,"24.287735, 33.021194, 345.084351, 324.574341, 86.214157, 163.15831, 68.490204, ","[["" 131.586"", "" 125.698"", ""  57.209""], ["" 130.665"", "" 126.279"", ""  58.028""], ["" 130.696"", "" 125.989"", ""  59.361""], ["" 131.560"", "" 125.138"", ""  59.986""], ["" 132.456"", "" 124.588"", ""  59.163""], ["" 132.531"", "" 124.819"", ""  57.772""], ["" 133.565"", "" 124.093"", ""  57.257""], ["" 134.143"", "" 123.401"", ""  58.305""], ["" 133.483"", "" 123.702"", ""  59.443""], ["" 131.659"", "" 125.914"", ""  55.858""], ["" 132.083"", "" 125.192"", ""  55.390""], ["" 129.651"", "" 126.699"", ""  60.241""], ["" 130.077"", "" 128.111"", ""  60.754""], ["" 128.223"", "" 126.714"", ""  59.614""], ["" 128.953"", "" 128.828"", ""  61.534""], ["" 127.199"", "" 127.524"", ""  60.449""], ["" 127.777"", "" 128.862"", ""  60.652""], ["" 127.547"", "" 129.852"", ""  59.742""], ["" 126.677"", "" 129.744"", ""  58.873""], ["" 128.270"", "" 131.221"", ""  59.897""], ["" 127.319"", "" 132.366"", ""  60.291""], ["" 125.924"", "" 132.212"", ""  60.267""], ["" 127.864"", "" 133.595"", ""  60.685""], ["" 125.093"", "" 133.267"", ""  60.632""], ["" 127.033"", "" 134.650"", ""  61.050""], ["" 125.652"", "" 134.481"", ""  61.023""], ["" 129.186"", "" 131.523"", ""  58.695""], ["" 128.678"", "" 132.031"", ""  57.491""], ["" 130.556"", "" 131.256"", ""  58.802""], ["" 129.533"", "" 132.282"", ""  56.420""], ["" 131.410"", "" 131.507"", ""  57.733""], ["" 130.894"", "" 132.022"", ""  56.546""], ["" 133.871"", "" 123.087"", ""  60.710""], ["" 132.810"", "" 123.201"", ""  61.796""], ["" 132.906"", "" 124.196"", ""  62.775""], ["" 131.741"", "" 122.300"", ""  61.834""], ["" 131.944"", "" 124.289"", ""  63.782""], ["" 130.775"", "" 122.398"", ""  62.836""], ["" 130.874"", "" 123.393"", ""  63.808""], ["" 132.084"", "" 125.505"", ""  64.999""]]",[],RR27_Rahimova_2017
131,4440,RR27_Rahimova_2017-again1,receptor_tmp,1,13,-10.77,-0.26925,0.0,0.0,2,188.15,-12.56,-12.27,-0.28,-12.56,0.0,-2.51,1.79,-2.51,52,3,0.0,0.0,0.0,14.954915,10.337331,7.36911,0.26824711,-0.67581036,0.68653029,128.652084,"222.837494, 185.723587, 343.128143, 136.508194, 349.010803, 118.396126, ","[["" 131.170"", "" 126.605"", ""  55.752""], ["" 131.330"", "" 126.128"", ""  56.873""], ["" 130.443"", "" 126.375"", ""  57.901""], ["" 130.500"", "" 125.911"", ""  59.211""], ["" 131.460"", "" 125.136"", ""  59.610""], ["" 132.392"", "" 124.826"", ""  58.667""], ["" 132.405"", "" 125.259"", ""  57.350""], ["" 133.460"", "" 124.776"", ""  56.717""], ["" 134.172"", "" 123.998"", ""  57.625""], ["" 133.501"", "" 124.029"", ""  58.790""], ["" 129.668"", "" 126.973"", ""  57.655""], ["" 129.392"", "" 126.339"", ""  60.179""], ["" 129.778"", "" 127.572"", ""  61.061""], ["" 127.995"", "" 126.404"", ""  59.486""], ["" 128.595"", "" 128.422"", ""  61.581""], ["" 126.958"", "" 127.358"", ""  60.129""], ["" 127.655"", "" 128.608"", ""  60.467""], ["" 127.773"", "" 129.596"", ""  59.533""], ["" 127.112"", "" 129.573"", ""  58.490""], ["" 128.607"", "" 130.874"", ""  59.848""], ["" 127.726"", "" 132.065"", ""  60.268""], ["" 128.274"", "" 133.295"", ""  60.666""], ["" 126.333"", "" 131.914"", ""  60.250""], ["" 127.444"", "" 134.349"", ""  61.037""], ["" 125.504"", "" 132.968"", ""  60.622""], ["" 126.062"", "" 134.180"", ""  61.014""], ["" 129.602"", "" 131.208"", ""  58.720""], ["" 130.956"", "" 130.851"", ""  58.809""], ["" 129.152"", "" 131.906"", ""  57.591""], ["" 131.841"", "" 131.182"", ""  57.786""], ["" 130.036"", "" 132.229"", ""  56.565""], ["" 131.376"", "" 131.868"", ""  56.667""], ["" 134.003"", "" 123.324"", ""  59.962""], ["" 132.900"", "" 122.778"", ""  60.857""], ["" 132.113"", "" 121.701"", ""  60.433""], ["" 132.666"", "" 123.352"", ""  62.111""], ["" 131.110"", "" 121.196"", ""  61.261""], ["" 131.661"", "" 122.847"", ""  62.937""], ["" 130.885"", "" 121.769"", ""  62.513""], ["" 130.151"", "" 119.860"", ""  60.739""]]",[],RR27_Rahimova_2017-again1
132,8190,RR28_Rahimova_2017,receptor_tmp,1,16,-9.03,-0.188125,0.0,0.0,2,183.07,-11.72,-11.42,-0.29,-11.72,0.0,-2.19,2.68,-2.19,67,5,0.0,0.0,0.0,11.414075,17.376517,4.626426,-0.03049008,0.77493531,0.63130469,227.473938,"12.745984, 281.940186, 244.398544, 98.426239, 41.55653, 151.704315, 47.653214, 228.901093, 176.516327, ","[["" 128.860"", "" 129.964"", ""  56.075""], ["" 129.817"", "" 130.438"", ""  57.195""], ["" 130.865"", "" 129.816"", ""  57.381""], ["" 129.545"", "" 131.605"", ""  57.842""], ["" 130.408"", "" 132.063"", ""  58.943""], ["" 128.204"", "" 132.204"", ""  57.865""], ["" 129.764"", "" 131.541"", ""  60.252""], ["" 127.506"", "" 131.707"", ""  59.157""], ["" 128.293"", "" 132.047"", ""  60.465""], ["" 127.571"", "" 131.382"", ""  61.673""], ["" 127.434"", "" 132.099"", ""  62.872""], ["" 127.053"", "" 130.079"", ""  61.613""], ["" 126.798"", "" 131.534"", ""  63.973""], ["" 126.416"", "" 129.514"", ""  62.714""], ["" 126.285"", "" 130.238"", ""  63.902""], ["" 125.594"", "" 129.633"", ""  65.123""], ["" 125.631"", "" 128.299"", ""  65.117""], ["" 126.181"", "" 130.056"", ""  66.243""], ["" 124.317"", "" 130.015"", ""  65.138""], ["" 128.273"", "" 133.514"", ""  60.665""], ["" 127.205"", "" 134.316"", ""  60.856""], ["" 126.042"", "" 133.919"", ""  60.887""], ["" 129.183"", "" 133.950"", ""  60.680""], ["" 127.500"", "" 135.800"", ""  61.043""], ["" 127.569"", "" 129.239"", ""  56.546""], ["" 127.497"", "" 127.734"", ""  56.195""], ["" 128.279"", "" 126.845"", ""  56.870""], ["" 126.817"", "" 127.399"", ""  55.221""], ["" 128.845"", "" 127.112"", ""  58.197""], ["" 128.141"", "" 125.404"", ""  56.619""], ["" 127.760"", "" 126.723"", ""  59.226""], ["" 127.052"", "" 124.881"", ""  57.593""], ["" 127.252"", "" 125.243"", ""  59.116""], ["" 128.303"", "" 124.333"", ""  59.831""], ["" 128.982"", "" 124.726"", ""  60.997""], ["" 128.598"", "" 123.070"", ""  59.293""], ["" 129.910"", "" 123.884"", ""  61.604""], ["" 129.525"", "" 122.226"", ""  59.898""], ["" 130.185"", "" 122.628"", ""  61.060""], ["" 131.198"", "" 121.691"", ""  61.717""], ["" 131.284"", "" 120.543"", ""  61.041""], ["" 132.396"", "" 122.275"", ""  61.719""], ["" 130.871"", "" 121.402"", ""  62.978""], ["" 125.976"", "" 125.113"", ""  59.849""], ["" 125.632"", "" 124.182"", ""  60.762""], ["" 126.376"", "" 123.275"", ""  61.135""], ["" 125.271"", "" 125.790"", ""  59.598""], ["" 124.226"", "" 124.291"", ""  61.342""]]",[],RR28_Rahimova_2017
133,3464,RR29_Rahimova_2017,receptor_tmp,2,10,-7.4,-0.32173913043478264,0.0,0.0,2,185.39,-8.59,-6.86,-1.74,-8.59,0.0,-0.09,1.19,-0.09,39,9,0.0,0.0,0.0,12.222489,9.322862,6.464896,0.0749793,0.85153076,0.51891566,150.275558,"319.769501, 350.2258, 2.628297, 3.787576, ","[["" 130.938"", "" 120.845"", ""  61.065""], ["" 130.344"", "" 122.117"", ""  61.652""], ["" 131.000"", "" 122.739"", ""  62.561""], ["" 128.981"", "" 122.490"", ""  61.027""], ["" 129.152"", "" 123.192"", ""  59.664""], ["" 127.824"", "" 123.404"", ""  58.953""], ["" 127.662"", "" 122.971"", ""  57.625""], ["" 126.757"", "" 124.031"", ""  59.627""], ["" 126.426"", "" 123.179"", ""  57.023""], ["" 125.525"", "" 124.237"", ""  58.991""], ["" 126.035"", "" 122.879"", ""  55.756""], ["" 125.396"", "" 123.790"", ""  57.681""], ["" 124.655"", "" 123.131"", ""  55.716""], ["" 124.327"", "" 123.893"", ""  56.847""], ["" 130.505"", "" 123.935"", ""  63.032""], ["" 131.171"", "" 124.746"", ""  63.870""], ["" 132.398"", "" 124.515"", ""  64.340""], ["" 130.569"", "" 125.859"", ""  64.260""], ["" 129.571"", "" 124.186"", ""  62.740""], ["" 132.958"", "" 125.277"", ""  64.695""], ["" 132.766"", "" 123.575"", ""  64.327""], ["" 129.563"", "" 125.934"", ""  64.209""], ["" 131.116"", "" 126.630"", ""  64.615""]]",[],RR29_Rahimova_2017
134,9005,RR29_Rahimova_2017-again1,receptor_tmp,1,4,-6.9,-0.31363636363636366,0.0,0.0,4,188.62,-8.1,-7.84,-0.25,-8.1,0.0,-0.41,1.19,-0.41,54,11,0.0,0.0,0.0,14.51324,7.891582,17.059859,0.44027632,-0.86419106,0.2435787,225.137955,"215.318176, 328.354248, 191.293228, 322.002106, ","[["" 132.714"", "" 123.623"", ""  75.149""], ["" 131.606"", "" 123.799"", ""  74.122""], ["" 131.132"", "" 124.975"", ""  73.904""], ["" 131.194"", "" 122.484"", ""  73.432""], ["" 129.802"", "" 122.010"", ""  73.902""], ["" 129.082"", "" 121.194"", ""  72.839""], ["" 128.600"", "" 119.910"", ""  73.146""], ["" 128.900"", "" 121.726"", ""  71.547""], ["" 127.942"", "" 119.207"", ""  72.144""], ["" 128.242"", "" 120.991"", ""  70.552""], ["" 127.416"", "" 117.955"", ""  72.185""], ["" 127.770"", "" 119.728"", ""  70.891""], ["" 126.718"", "" 117.798"", ""  70.978""], ["" 127.132"", "" 118.818"", ""  70.110""], ["" 130.211"", "" 125.086"", ""  73.002""], ["" 130.096"", "" 126.219"", ""  72.412""], ["" 130.862"", "" 127.399"", ""  72.624""], ["" 129.123"", "" 126.429"", ""  71.412""], ["" 131.604"", "" 127.441"", ""  73.309""], ["" 130.697"", "" 128.252"", ""  72.112""], ["" 128.481"", "" 125.703"", ""  71.128""], ["" 129.013"", "" 127.313"", ""  70.938""]]",[],RR29_Rahimova_2017-again1
135,3385,RR2_Rahimova_2017,receptor_tmp,1,16,-10.85,-0.22142857142857142,0.0,0.0,4,186.72,-14.43,-14.23,-0.2,-14.43,0.0,-4.74,3.58,-4.74,96,4,0.0,0.0,0.0,10.640604,17.007322,3.49889,0.16623635,0.74028085,-0.65142132,270.723419,"341.498077, 137.863388, 273.545563, 31.950258, 243.46022, 171.070755, 176.203568, 231.612106, 45.494671, 79.537315, 133.74353, 1.853346, ","[["" 123.860"", "" 133.262"", ""  61.588""], ["" 124.521"", "" 131.911"", ""  60.662""], ["" 125.511"", "" 130.068"", ""  60.063""], ["" 124.886"", "" 130.542"", ""  59.011""], ["" 125.316"", "" 130.894"", ""  61.158""], ["" 124.271"", "" 131.727"", ""  59.390""], ["" 126.309"", "" 128.805"", ""  60.044""], ["" 127.796"", "" 126.436"", ""  59.994""], ["" 126.907"", "" 126.731"", ""  58.954""], ["" 127.932"", "" 127.327"", ""  61.058""], ["" 126.174"", "" 127.914"", ""  58.976""], ["" 127.195"", "" 128.508"", ""  61.084""], ["" 128.552"", "" 125.254"", ""  60.029""], ["" 129.556"", "" 125.337"", ""  59.957""], ["" 127.868"", "" 123.618"", ""  60.147""], ["" 127.070"", "" 123.601"", ""  61.378""], ["" 128.956"", "" 122.654"", ""  59.942""], ["" 126.714"", "" 123.493"", ""  58.783""], ["" 124.899"", "" 123.338"", ""  56.679""], ["" 126.215"", "" 122.905"", ""  56.497""], ["" 124.494"", "" 123.854"", ""  57.912""], ["" 127.123"", "" 122.980"", ""  57.550""], ["" 125.402"", "" 123.930"", ""  58.965""], ["" 123.914"", "" 123.270"", ""  55.526""], ["" 125.777"", "" 130.720"", ""  62.479""], ["" 125.337"", "" 129.632"", ""  63.234""], ["" 126.678"", "" 131.639"", ""  63.024""], ["" 125.799"", "" 129.465"", ""  64.536""], ["" 127.136"", "" 131.468"", ""  64.327""], ["" 126.698"", "" 130.376"", ""  65.093""], ["" 127.099"", "" 130.126"", ""  66.392""], ["" 127.837"", "" 128.942"", ""  66.676""], ["" 124.918"", "" 134.631"", ""  60.990""], ["" 126.403"", "" 134.278"", ""  60.823""], ["" 126.660"", "" 133.190"", ""  60.069""], ["" 127.262"", "" 134.990"", ""  61.351""], ["" 125.980"", "" 132.766"", ""  59.453""], ["" 127.975"", "" 132.954"", ""  59.682""], ["" 128.193"", "" 132.127"", ""  58.633""], ["" 127.298"", "" 131.517"", ""  58.039""], ["" 128.564"", "" 133.756"", ""  59.854""], ["" 129.637"", "" 131.987"", ""  58.191""], ["" 129.998"", "" 132.330"", ""  56.881""], ["" 130.633"", "" 131.518"", ""  59.061""], ["" 131.318"", "" 132.217"", ""  56.454""], ["" 131.952"", "" 131.404"", ""  58.632""], ["" 132.308"", "" 131.753"", ""  57.331""], ["" 133.642"", "" 131.610"", ""  56.997""], ["" 134.290"", "" 130.367"", ""  57.240""]]",[],RR2_Rahimova_2017
136,3571,RR30_Rahimova_2017,receptor_tmp,1,19,-7.46,-0.39263157894736844,0.0,0.0,4,193.75,-8.95,-8.56,-0.39,-8.95,0.0,-0.42,1.49,-0.42,47,5,0.0,0.0,0.0,11.54464,13.087931,16.893196,-0.07263434,-0.97391055,-0.21499415,290.38858,"346.497803, 76.374046, 271.77713, 210.685349, 277.772339, ","[["" 128.566"", "" 127.082"", ""  71.617""], ["" 128.235"", "" 128.274"", ""  72.519""], ["" 129.057"", "" 129.184"", ""  72.640""], ["" 127.045"", "" 128.218"", ""  73.158""], ["" 126.467"", "" 127.405"", ""  73.002""], ["" 126.530"", "" 129.171"", ""  74.025""], ["" 127.130"", "" 130.230"", ""  74.519""], ["" 124.886"", "" 128.990"", ""  74.553""], ["" 126.300"", "" 130.963"", ""  75.359""], ["" 125.098"", "" 130.448"", ""  75.483""], ["" 124.020"", "" 131.061"", ""  76.345""], ["" 130.331"", "" 127.028"", ""  71.169""], ["" 130.941"", "" 125.999"", ""  72.464""], ["" 130.351"", "" 124.965"", ""  73.007""], ["" 132.149"", "" 126.269"", ""  73.022""], ["" 131.220"", "" 124.497"", ""  73.989""], ["" 132.257"", "" 125.296"", ""  73.962""], ["" 133.505"", "" 125.240"", ""  74.815""], ["" 133.860"", "" 123.806"", ""  75.233""]]",[],RR30_Rahimova_2017
137,8079,RR31_Rahimova_2017,receptor_tmp,1,2,-7.2,-0.34285714285714286,0.0,0.0,9,192.36,-8.69,-6.45,-2.24,-8.69,0.0,-1.0,1.49,-1.0,40,9,0.0,0.0,0.0,10.776315,16.191344,6.229486,0.24610823,-0.69212471,0.67852349,134.111542,"74.336449, 35.780525, 183.523743, 110.893227, 247.057556, ","[["" 125.867"", "" 131.493"", ""  63.358""], ["" 126.854"", "" 131.192"", ""  62.317""], ["" 128.460"", "" 131.679"", ""  59.880""], ["" 127.308"", "" 130.758"", ""  59.916""], ["" 128.968"", "" 131.912"", ""  61.247""], ["" 126.248"", "" 131.114"", ""  60.985""], ["" 127.865"", "" 132.248"", ""  62.276""], ["" 129.328"", "" 131.737"", ""  58.787""], ["" 131.579"", "" 131.475"", ""  57.863""], ["" 131.116"", "" 131.873"", ""  56.599""], ["" 130.685"", "" 131.415"", ""  58.938""], ["" 129.771"", "" 132.205"", ""  56.438""], ["" 128.891"", "" 132.142"", ""  57.516""], ["" 133.042"", "" 131.115"", ""  58.093""], ["" 132.050"", "" 131.949"", ""  55.398""], ["" 125.485"", "" 130.260"", ""  64.201""], ["" 126.717"", "" 129.543"", ""  64.776""], ["" 127.508"", "" 128.874"", ""  63.646""], ["" 127.083"", "" 129.083"", ""  62.753""], ["" 127.519"", "" 127.873"", ""  63.774""], ["" 128.460"", "" 129.212"", ""  63.639""]]",[],RR31_Rahimova_2017
138,8475,RR32_Rahimova_2017,receptor_tmp,10,13,-6.62,-0.36777777777777776,0.0,0.0,13,185.33,-6.92,-6.89,-0.03,-6.92,0.0,-0.31,0.3,-0.31,39,0,0.0,0.0,0.0,11.863616,8.256268,4.101932,-0.96975077,0.03202325,-0.24198753,99.692345,"171.667175, ","[["" 125.625"", "" 124.068"", ""  61.158""], ["" 126.500"", "" 123.657"", ""  59.978""], ["" 127.813"", "" 123.260"", ""  60.237""], ["" 128.639"", "" 122.875"", ""  59.186""], ["" 128.224"", "" 122.868"", ""  57.893""], ["" 126.950"", "" 123.252"", ""  57.608""], ["" 126.546"", "" 123.238"", ""  56.251""], ["" 125.256"", "" 123.621"", ""  55.901""], ["" 124.350"", "" 124.020"", ""  56.876""], ["" 124.716"", "" 124.046"", ""  58.218""], ["" 126.027"", "" 123.663"", ""  58.624""], ["" 129.941"", "" 122.482"", ""  59.447""], ["" 130.905"", "" 123.537"", ""  59.810""], ["" 130.126"", "" 121.334"", ""  60.355""], ["" 132.362"", "" 123.026"", ""  59.903""], ["" 131.594"", "" 120.855"", ""  60.444""], ["" 132.458"", "" 121.948"", ""  60.887""], ["" 133.837"", "" 121.488"", ""  60.998""]]",[],RR32_Rahimova_2017
139,3234,RR32_Rahimova_2017-again1,receptor_tmp,1,1,-7.39,-0.3889473684210526,0.0,0.0,15,191.81,-7.69,-5.96,-1.72,-7.69,0.0,-0.37,0.3,-0.37,41,2,0.0,0.0,0.0,13.786739,17.354324,4.650561,0.40596288,-0.84086971,0.35795569,104.313347,"133.644516, ","[["" 133.849"", "" 131.124"", ""  57.373""], ["" 132.402"", "" 131.280"", ""  57.820""], ["" 132.057"", "" 131.104"", ""  59.160""], ["" 130.728"", "" 131.253"", ""  59.569""], ["" 129.740"", "" 131.544"", ""  58.677""], ["" 130.047"", "" 131.724"", ""  57.364""], ["" 128.998"", "" 132.040"", ""  56.468""], ["" 129.267"", "" 132.236"", ""  55.116""], ["" 130.566"", "" 132.122"", ""  54.630""], ["" 131.619"", "" 131.810"", ""  55.487""], ["" 131.383"", "" 131.605"", ""  56.874""], ["" 130.357"", "" 131.071"", ""  60.905""], ["" 128.959"", "" 131.288"", ""  61.328""], ["" 130.903"", "" 129.982"", ""  61.744""], ["" 128.080"", "" 130.028"", ""  61.143""], ["" 130.125"", "" 128.653"", ""  61.597""], ["" 128.659"", "" 128.894"", ""  62.011""], ["" 127.830"", "" 127.605"", ""  61.852""], ["" 128.643"", "" 129.189"", ""  62.977""]]",[],RR32_Rahimova_2017-again1
140,7941,RR32_Rahimova_2017-again2,receptor_tmp,1,17,-7.48,-0.374,0.0,0.0,2,192.97,-7.77,-5.25,-2.52,-7.77,0.0,0.25,0.3,0.25,43,2,0.0,0.0,0.0,11.909409,17.917624,6.680779,-0.28439661,-0.53138287,-0.79796668,157.782181,"236.812622, ","[["" 129.002"", "" 132.218"", ""  57.517""], ["" 129.093"", "" 132.025"", ""  59.025""], ["" 127.958"", "" 132.192"", ""  59.824""], ["" 128.023"", "" 132.024"", ""  61.214""], ["" 129.213"", "" 131.688"", ""  61.753""], ["" 130.380"", "" 131.503"", ""  61.049""], ["" 131.576"", "" 131.152"", ""  61.715""], ["" 132.737"", "" 130.968"", ""  60.969""], ["" 132.725"", "" 131.127"", ""  59.586""], ["" 131.551"", "" 131.473"", ""  58.915""], ["" 130.338"", "" 131.672"", ""  59.633""], ["" 129.247"", "" 131.558"", ""  62.753""], ["" 126.881"", "" 132.170"", ""  62.080""], ["" 125.944"", "" 131.036"", ""  62.303""], ["" 126.915"", "" 132.988"", ""  63.319""], ["" 126.461"", "" 130.111"", ""  63.437""], ["" 127.489"", "" 132.171"", ""  64.506""], ["" 126.600"", "" 130.927"", ""  64.745""], ["" 127.166"", "" 130.054"", ""  65.882""], ["" 125.678"", "" 131.252"", ""  65.005""]]",[],RR32_Rahimova_2017-again2
141,3448,RR33_Rahimova_2017,receptor_tmp,1,19,-5.77,-0.3036842105263158,0.0,0.0,1,187.35,-7.26,-6.81,-0.46,-7.26,0.0,-0.45,1.49,-0.45,41,5,0.0,0.0,0.0,8.137872,15.587059,8.015505,0.4290875,-0.87054636,0.24090029,92.354874,"91.713684, 36.376114, 342.258423, 166.249969, 218.175766, ","[["" 124.462"", "" 130.786"", ""  59.119""], ["" 123.801"", "" 131.556"", ""  60.076""], ["" 124.031"", "" 131.350"", ""  61.433""], ["" 124.930"", "" 130.366"", ""  61.855""], ["" 125.593"", "" 129.590"", ""  60.900""], ["" 125.363"", "" 129.796"", ""  59.542""], ["" 124.173"", "" 131.064"", ""  57.797""], ["" 124.124"", "" 129.999"", ""  56.853""], ["" 125.536"", "" 129.758"", ""  56.310""], ["" 125.177"", "" 130.147"", ""  63.314""], ["" 126.321"", "" 129.877"", ""  63.902""], ["" 124.127"", "" 130.224"", ""  64.173""], ["" 126.035"", "" 129.772"", ""  65.191""], ["" 124.676"", "" 129.984"", ""  65.386""], ["" 123.754"", "" 130.005"", ""  66.580""], ["" 127.118"", "" 129.474"", ""  66.206""], ["" 126.916"", "" 128.161"", ""  66.800""], ["" 128.116"", "" 127.723"", ""  67.495""], ["" 126.699"", "" 127.495"", ""  66.071""]]",[],RR33_Rahimova_2017
142,3397,RR33_Rahimova_2017-again1,receptor_tmp,1,2,-7.01,-0.3505,0.0,0.0,11,190.35,-8.5,-5.98,-2.52,-8.5,0.0,-0.52,1.49,-0.52,53,8,0.0,0.0,0.0,12.166808,16.482628,5.913978,0.39535507,-0.7778649,0.48848804,135.102722,"87.454895, 26.45108, 296.806305, 141.5914, 285.352509, ","[["" 130.276"", "" 132.111"", ""  57.268""], ["" 128.927"", "" 132.450"", ""  57.364""], ["" 128.229"", "" 132.257"", ""  58.553""], ["" 128.877"", "" 131.721"", ""  59.671""], ["" 130.231"", "" 131.381"", ""  59.579""], ["" 130.927"", "" 131.573"", ""  58.388""], ["" 130.884"", "" 132.338"", ""  56.047""], ["" 132.018"", "" 131.561"", ""  55.676""], ["" 133.286"", "" 132.290"", ""  56.130""], ["" 128.132"", "" 131.512"", ""  60.950""], ["" 127.669"", "" 130.380"", ""  61.433""], ["" 127.875"", "" 132.585"", ""  61.740""], ["" 127.090"", "" 130.697"", ""  62.581""], ["" 127.200"", "" 132.066"", ""  62.793""], ["" 126.760"", "" 133.026"", ""  63.871""], ["" 126.419"", "" 129.642"", ""  63.439""], ["" 127.496"", "" 128.867"", ""  64.217""], ["" 127.405"", "" 129.049"", ""  65.738""], ["" 127.412"", "" 127.885"", ""  63.998""], ["" 128.405"", "" 129.178"", ""  63.904""]]",[],RR33_Rahimova_2017-again1
143,8040,RR3_Rahimova_2017,receptor_tmp,2,19,-6.02,-0.1505,0.0,0.0,18,186.18,-7.51,-7.41,-0.1,-7.51,0.0,-1.68,1.49,-1.68,99,2,0.0,0.0,0.0,12.579442,12.64346,12.959693,-0.05984066,-0.93638199,0.3458437,115.461159,"221.180817, 233.248932, 201.426727, 240.647964, 15.05125, ","[["" 129.651"", "" 126.931"", ""  68.393""], ["" 128.590"", "" 127.853"", ""  68.415""], ["" 128.414"", "" 128.105"", ""  69.751""], ["" 129.308"", "" 127.336"", ""  70.442""], ["" 130.048"", "" 126.627"", ""  69.624""], ["" 127.726"", "" 128.726"", ""  70.154""], ["" 130.337"", "" 126.319"", ""  67.212""], ["" 131.623"", "" 125.158"", ""  64.991""], ["" 132.094"", "" 126.354"", ""  65.549""], ["" 130.491"", "" 124.559"", ""  65.560""], ["" 131.457"", "" 126.931"", ""  66.644""], ["" 129.852"", "" 125.134"", ""  66.655""], ["" 132.309"", "" 124.535"", ""  63.815""], ["" 133.544"", "" 125.024"", ""  63.362""], ["" 131.733"", "" 123.449"", ""  63.141""], ["" 134.184"", "" 124.445"", ""  62.270""], ["" 132.370"", "" 122.866"", ""  62.048""], ["" 133.594"", "" 123.368"", ""  61.616""], ["" 127.742"", "" 128.473"", ""  67.354""], ["" 128.184"", "" 129.613"", ""  66.682""], ["" 126.506"", "" 127.916"", ""  67.018""], ["" 127.391"", "" 130.202"", ""  65.702""], ["" 125.715"", "" 128.508"", ""  66.037""], ["" 126.140"", "" 129.663"", ""  65.367""], ["" 125.282"", "" 130.310"", ""  64.326""], ["" 125.599"", "" 131.580"", ""  63.819""], ["" 124.143"", "" 129.658"", ""  63.830""], ["" 124.802"", "" 132.180"", ""  62.847""], ["" 123.345"", "" 130.254"", ""  62.857""], ["" 123.677"", "" 131.514"", ""  62.370""], ["" 129.407"", "" 127.313"", ""  71.899""], ["" 128.446"", "" 127.774"", ""  72.784""], ["" 130.488"", "" 126.816"", ""  72.718""], ["" 128.865"", "" 127.590"", ""  74.075""], ["" 130.112"", "" 127.005"", ""  74.085""], ["" 131.738"", "" 126.229"", ""  72.448""], ["" 130.936"", "" 126.629"", ""  75.151""], ["" 132.559"", "" 125.855"", ""  73.510""], ["" 132.164"", "" 126.051"", ""  74.829""], ["" 128.304"", "" 127.859"", ""  74.871""]]",[],RR3_Rahimova_2017
144,8263,RR4_Rahimova_2017,receptor_tmp,1,1,-8.37,-0.20414634146341462,0.0,0.0,1,183.66,-10.75,-10.32,-0.43,-10.75,0.0,-4.05,2.39,-4.05,34,8,0.0,0.0,0.0,12.250131,14.953001,4.075402,0.87738235,0.32472764,-0.35320274,195.40387,"161.140945, 141.748596, 323.586517, 219.648163, 299.700317, 147.473831, 122.718361, 317.761963, ","[["" 128.087"", "" 128.865"", ""  61.828""], ["" 128.319"", "" 127.499"", ""  61.621""], ["" 129.391"", "" 127.069"", ""  60.832""], ["" 130.212"", "" 127.969"", ""  60.232""], ["" 129.990"", "" 129.295"", ""  60.390""], ["" 128.945"", "" 129.798"", ""  61.197""], ["" 128.747"", "" 131.239"", ""  61.381""], ["" 128.591"", "" 132.377"", ""  61.526""], ["" 126.940"", "" 129.247"", ""  62.706""], ["" 124.803"", "" 129.992"", ""  64.374""], ["" 126.029"", "" 129.613"", ""  64.921""], ["" 124.651"", "" 129.999"", ""  62.979""], ["" 127.089"", "" 129.247"", ""  64.096""], ["" 125.713"", "" 129.633"", ""  62.156""], ["" 123.810"", "" 130.340"", ""  65.269""], ["" 123.921"", "" 129.924"", ""  66.626""], ["" 129.687"", "" 125.618"", ""  60.582""], ["" 130.944"", "" 125.209"", ""  60.112""], ["" 128.716"", "" 124.629"", ""  60.803""], ["" 131.222"", "" 123.866"", ""  59.880""], ["" 128.991"", "" 123.284"", ""  60.572""], ["" 130.253"", "" 122.891"", ""  60.107""], ["" 130.617"", "" 121.583"", ""  59.848""], ["" 130.120"", "" 120.545"", ""  60.685""], ["" 131.153"", "" 130.319"", ""  59.513""], ["" 130.552"", "" 130.504"", ""  57.801""], ["" 129.404"", "" 129.558"", ""  57.423""], ["" 129.640"", "" 128.250"", ""  57.679""], ["" 128.360"", "" 130.002"", ""  56.939""], ["" 130.539"", "" 128.022"", ""  58.078""], ["" 128.804"", "" 127.155"", ""  57.449""], ["" 129.072"", "" 126.081"", ""  56.586""], ["" 127.253"", "" 126.967"", ""  58.223""], ["" 130.289"", "" 125.969"", ""  55.788""], ["" 128.041"", "" 125.111"", ""  56.577""], ["" 126.969"", "" 125.457"", ""  57.413""], ["" 131.254"", "" 125.880"", ""  55.155""], ["" 128.014"", "" 123.838"", ""  55.722""], ["" 125.673"", "" 124.671"", ""  57.563""], ["" 126.575"", "" 123.283"", ""  55.617""], ["" 125.862"", "" 123.255"", ""  56.980""]]",[],RR4_Rahimova_2017
145,3248,RR5_Rahimova_2017,receptor_tmp,1,15,-10.55,-0.2197916666666667,0.0,0.0,2,183.48,-14.13,-13.68,-0.45,-14.13,0.0,-5.89,3.58,-5.89,50,7,0.0,0.0,0.0,11.535296,12.589046,2.491804,0.56745559,-0.63333564,-0.52619399,221.583649,"217.548126, 145.866653, 205.725235, 75.474281, 34.554119, 37.366665, 238.048843, 340.505707, 294.08551, 317.738739, 124.953957, 236.605927, ","[["" 127.353"", "" 124.541"", ""  54.954""], ["" 128.718"", "" 124.070"", ""  55.573""], ["" 128.630"", "" 123.684"", ""  57.062""], ["" 128.678"", "" 122.499"", ""  57.388""], ["" 128.472"", "" 124.716"", ""  57.921""], ["" 128.554"", "" 125.626"", ""  57.492""], ["" 128.343"", "" 124.804"", ""  59.407""], ["" 126.820"", "" 124.505"", ""  59.621""], ["" 125.926"", "" 124.445"", ""  58.539""], ["" 126.308"", "" 124.285"", ""  60.915""], ["" 124.575"", "" 124.177"", ""  58.741""], ["" 124.956"", "" 124.027"", ""  61.119""], ["" 124.093"", "" 123.975"", ""  60.030""], ["" 129.265"", "" 123.700"", ""  60.023""], ["" 128.817"", "" 122.382"", ""  60.208""], ["" 130.577"", "" 124.019"", ""  60.416""], ["" 129.649"", "" 121.420"", ""  60.776""], ["" 131.406"", "" 123.061"", ""  60.992""], ["" 130.938"", "" 121.764"", ""  61.168""], ["" 128.735"", "" 126.271"", ""  59.791""], ["" 129.671"", "" 126.993"", ""  59.029""], ["" 128.157"", "" 126.917"", ""  60.899""], ["" 130.029"", "" 128.294"", ""  59.370""], ["" 128.513"", "" 128.218"", ""  61.243""], ["" 129.451"", "" 128.901"", ""  60.478""], ["" 126.987"", "" 125.941"", ""  55.247""], ["" 127.940"", "" 126.880"", ""  55.618""], ["" 129.157"", "" 126.700"", ""  55.703""], ["" 126.008"", "" 126.169"", ""  55.344""], ["" 127.311"", "" 128.037"", ""  55.890""], ["" 127.284"", "" 128.575"", ""  57.209""], ["" 127.258"", "" 130.119"", ""  57.172""], ["" 127.356"", "" 130.763"", ""  58.543""], ["" 128.443"", "" 130.737"", ""  56.455""], ["" 126.529"", "" 130.610"", ""  59.659""], ["" 128.470"", "" 131.601"", ""  58.614""], ["" 129.148"", "" 131.586"", ""  57.309""], ["" 128.872"", "" 130.567"", ""  55.137""], ["" 126.824"", "" 131.291"", ""  60.842""], ["" 128.767"", "" 132.283"", ""  59.796""], ["" 130.288"", "" 132.256"", ""  56.857""], ["" 130.008"", "" 131.237"", ""  54.680""], ["" 127.941"", "" 132.126"", ""  60.910""], ["" 130.715"", "" 132.080"", ""  55.540""], ["" 126.201"", "" 123.600"", ""  55.383""], ["" 126.350"", "" 122.542"", ""  55.961""], ["" 125.002"", "" 124.151"", ""  55.029""], ["" 124.892"", "" 125.036"", ""  55.381""]]",[],RR5_Rahimova_2017
146,7992,RR5_Rahimova_2017-again1,receptor_tmp,1,15,-10.74,-0.22851063829787235,0.0,0.0,4,185.92,-14.02,-14.33,0.31,-14.02,0.0,-4.07,3.28,-4.07,93,5,0.0,0.0,0.0,14.499524,11.966311,1.905055,0.30181489,-0.40386946,-0.86359552,166.532288,"90.318031, 173.342377, 63.430553, 121.524605, 256.519531, 90.165451, 218.05632, 285.659393, 158.304672, 284.562195, 328.696533, ","[["" 131.481"", "" 125.628"", ""  57.408""], ["" 131.093"", "" 126.382"", ""  58.722""], ["" 130.217"", "" 127.642"", ""  58.565""], ["" 128.997"", "" 127.535"", ""  58.685""], ["" 130.818"", "" 128.788"", ""  58.178""], ["" 131.827"", "" 128.778"", ""  58.174""], ["" 130.228"", "" 130.130"", ""  57.935""], ["" 129.046"", "" 130.021"", ""  56.921""], ["" 129.269"", "" 129.619"", ""  55.592""], ["" 127.725"", "" 130.301"", ""  57.317""], ["" 128.215"", "" 129.509"", ""  54.690""], ["" 126.670"", "" 130.190"", ""  56.416""], ["" 126.919"", "" 129.795"", ""  55.106""], ["" 129.580"", "" 130.808"", ""  59.185""], ["" 129.101"", "" 130.037"", ""  60.257""], ["" 129.473"", "" 132.206"", ""  59.274""], ["" 128.521"", "" 130.638"", ""  61.371""], ["" 128.895"", "" 132.811"", ""  60.387""], ["" 128.419"", "" 132.024"", ""  61.431""], ["" 131.407"", "" 130.961"", ""  57.321""], ["" 132.739"", "" 130.768"", ""  57.728""], ["" 131.158"", "" 131.891"", ""  56.297""], ["" 133.776"", "" 131.501"", ""  57.160""], ["" 132.194"", "" 132.626"", ""  55.726""], ["" 133.499"", "" 132.431"", ""  56.164""], ["" 130.291"", "" 124.925"", ""  56.884""], ["" 129.352"", "" 125.572"", ""  56.090""], ["" 129.368"", "" 126.759"", ""  55.752""], ["" 130.200"", "" 123.934"", ""  57.058""], ["" 128.400"", "" 124.686"", ""  55.738""], ["" 128.640"", "" 123.285"", ""  55.816""], ["" 127.754"", "" 122.656"", ""  56.908""], ["" 128.125"", "" 123.092"", ""  58.315""], ["" 126.308"", "" 123.100"", ""  56.819""], ["" 129.330"", "" 122.942"", ""  59.006""], ["" 127.047"", "" 123.730"", ""  58.932""], ["" 125.911"", "" 123.734"", ""  57.997""], ["" 125.398"", "" 122.958"", ""  55.767""], ["" 129.455"", "" 123.440"", ""  60.305""], ["" 127.169"", "" 124.227"", ""  60.231""], ["" 124.614"", "" 124.233"", ""  58.130""], ["" 124.100"", "" 123.455"", ""  55.897""], ["" 128.376"", "" 124.081"", ""  60.916""], ["" 123.709"", "" 124.092"", ""  57.077""], ["" 132.699"", "" 124.642"", ""  57.628""], ["" 133.668"", "" 124.839"", ""  56.858""], ["" 132.590"", "" 123.806"", ""  58.557""]]",[],RR5_Rahimova_2017-again1
147,8158,RR6_Rahimova_2017,receptor_tmp,1,2,-7.92,-0.20307692307692307,0.0,0.0,4,186.18,-10.61,-10.35,-0.25,-10.61,0.0,-3.1,2.68,-3.1,33,8,0.0,0.0,0.0,11.956141,11.980467,3.482049,-0.1720128,-0.5049875,0.84581276,255.390762,"305.379425, 16.144243, 281.378998, 124.277977, 345.584747, 63.320698, 232.89418, 118.456161, 198.444672, ","[["" 126.454"", "" 124.342"", ""  55.790""], ["" 126.842"", "" 123.475"", ""  57.347""], ["" 127.521"", "" 124.691"", ""  58.456""], ["" 127.285"", "" 126.880"", ""  59.264""], ["" 128.373"", "" 126.697"", ""  60.123""], ["" 126.877"", "" 125.883"", ""  58.439""], ["" 129.059"", "" 125.475"", ""  60.156""], ["" 128.627"", "" 124.438"", ""  59.293""], ["" 129.317"", "" 123.144"", ""  59.256""], ["" 129.861"", "" 122.123"", ""  59.228""], ["" 126.481"", "" 128.147"", ""  59.228""], ["" 124.955"", "" 130.508"", ""  59.162""], ["" 125.576"", "" 130.110"", ""  60.345""], ["" 125.090"", "" 129.734"", ""  58.012""], ["" 126.333"", "" 128.942"", ""  60.375""], ["" 125.849"", "" 128.568"", ""  58.047""], ["" 124.122"", "" 131.777"", ""  59.136""], ["" 130.199"", "" 125.342"", ""  61.111""], ["" 131.387"", "" 124.725"", ""  60.706""], ["" 130.112"", "" 125.854"", ""  62.409""], ["" 132.461"", "" 124.611"", ""  61.585""], ["" 131.184"", "" 125.741"", ""  63.291""], ["" 132.371"", "" 125.116"", ""  62.881""], ["" 133.486"", "" 124.960"", ""  63.682""], ["" 133.359"", "" 125.133"", ""  65.089""], ["" 127.460"", "" 125.439"", ""  55.428""], ["" 127.206"", "" 126.659"", ""  55.952""], ["" 128.387"", "" 125.169"", ""  54.665""], ["" 126.359"", "" 126.742"", ""  56.494""], ["" 127.892"", "" 127.872"", ""  55.759""], ["" 127.445"", "" 128.923"", ""  54.945""], ["" 129.097"", "" 128.005"", ""  56.450""], ["" 128.190"", "" 130.097"", ""  54.847""], ["" 129.838"", "" 129.180"", ""  56.353""], ["" 129.393"", "" 130.241"", ""  55.554""], ["" 130.215"", "" 131.495"", ""  55.477""], ["" 129.758"", "" 132.621"", ""  55.697""], ["" 131.511"", "" 131.267"", ""  55.142""], ["" 132.565"", "" 131.572"", ""  56.045""]]",[],RR6_Rahimova_2017
148,8061,RR7_Rahimova_2017,receptor_tmp,1,13,-9.67,-0.1973469387755102,0.0,0.0,5,189.16,-12.96,-12.56,-0.4,-12.96,0.0,-4.36,3.28,-4.36,80,10,0.0,0.0,0.0,12.597412,11.98124,1.501066,-0.46484807,0.12083858,-0.87710564,274.429657,"252.785873, 78.552841, 20.29874, 356.907318, 101.534988, 32.371315, 129.323639, 63.81192, 234.756348, 271.450684, 295.746185, ","[["" 128.652"", "" 129.069"", ""  56.104""], ["" 127.159"", "" 128.709"", ""  56.165""], ["" 126.201"", "" 129.909"", ""  56.156""], ["" 125.975"", "" 130.196"", ""  57.630""], ["" 125.982"", "" 128.777"", ""  58.187""], ["" 126.935"", "" 128.089"", ""  57.429""], ["" 124.989"", "" 129.629"", ""  55.477""], ["" 124.578"", "" 130.460"", ""  55.228""], ["" 126.300"", "" 128.676"", ""  59.599""], ["" 125.787"", "" 129.443"", ""  60.633""], ["" 127.079"", "" 127.722"", ""  60.231""], ["" 124.937"", "" 130.478"", ""  60.587""], ["" 126.360"", "" 128.911"", ""  61.817""], ["" 127.164"", "" 127.841"", ""  61.533""], ["" 124.671"", "" 131.004"", ""  61.813""], ["" 126.016"", "" 129.536"", ""  63.031""], ["" 125.157"", "" 130.599"", ""  63.015""], ["" 126.569"", "" 129.039"", ""  64.227""], ["" 126.142"", "" 129.213"", ""  65.500""], ["" 125.160"", "" 129.887"", ""  65.817""], ["" 127.400"", "" 128.480"", ""  64.102""], ["" 126.979"", "" 128.542"", ""  66.569""], ["" 126.374"", "" 127.644"", ""  67.462""], ["" 128.358"", "" 128.786"", ""  66.682""], ["" 127.125"", "" 127.012"", ""  68.448""], ["" 129.109"", "" 128.152"", ""  67.668""], ["" 128.489"", "" 127.268"", ""  68.547""], ["" 128.872"", "" 130.272"", ""  56.847""], ["" 129.868"", "" 130.304"", ""  57.895""], ["" 131.135"", "" 130.969"", ""  57.294""], ["" 132.362"", "" 130.900"", ""  57.975""], ["" 131.081"", "" 131.664"", ""  56.074""], ["" 133.501"", "" 131.503"", ""  57.453""], ["" 132.221"", "" 132.267"", ""  55.550""], ["" 133.426"", "" 132.185"", ""  56.242""], ["" 129.254"", "" 131.142"", ""  59.059""], ["" 129.790"", "" 131.112"", ""  60.355""], ["" 128.101"", "" 131.908"", ""  58.833""], ["" 129.206"", "" 131.845"", ""  61.383""], ["" 127.516"", "" 132.640"", ""  59.862""], ["" 128.068"", "" 132.615"", ""  61.150""], ["" 127.556"", "" 133.304"", ""  62.232""], ["" 127.341"", "" 132.610"", ""  63.458""], ["" 130.289"", "" 128.851"", ""  58.255""], ["" 131.029"", "" 128.080"", ""  57.344""], ["" 129.914"", "" 128.270"", ""  59.477""], ["" 131.402"", "" 126.776"", ""  57.653""], ["" 130.286"", "" 126.966"", ""  59.788""], ["" 131.031"", "" 126.224"", ""  58.876""]]",[],RR7_Rahimova_2017
149,8798,RR8_A_Rahimova_2017,receptor_tmp,1,1,-10.62,-0.25285714285714284,0.0,0.0,1,187.09,-14.8,-14.69,-0.1,-14.8,0.0,-3.76,4.18,-3.76,60,8,0.0,0.0,0.0,11.740419,15.114598,1.302906,-0.54230258,0.79196041,-0.280547,81.350021,"96.68045, 125.838142, 104.680138, 282.901978, 63.381351, 247.873703, 264.11969, 244.588135, 86.853317, 5.495327, 278.532593, 341.540039, 180.891113, 63.808239, ","[["" 128.162"", "" 129.873"", ""  55.198""], ["" 127.368"", "" 129.226"", ""  56.323""], ["" 127.882"", "" 127.803"", ""  56.202""], ["" 129.370"", "" 127.991"", ""  55.879""], ["" 129.424"", "" 129.274"", ""  55.261""], ["" 128.234"", "" 131.253"", ""  55.431""], ["" 129.465"", "" 131.787"", ""  55.702""], ["" 130.138"", "" 132.435"", ""  54.893""], ["" 129.930"", "" 131.491"", ""  57.098""], ["" 131.137"", "" 130.821"", ""  57.353""], ["" 129.138"", "" 131.888"", ""  58.184""], ["" 131.539"", "" 130.561"", ""  58.660""], ["" 129.543"", "" 131.627"", ""  59.489""], ["" 130.748"", "" 130.961"", ""  59.744""], ["" 131.179"", "" 130.685"", ""  61.136""], ["" 130.876"", "" 129.609"", ""  61.644""], ["" 131.826"", "" 131.541"", ""  61.733""], ["" 125.957"", "" 129.269"", ""  56.127""], ["" 125.167"", "" 128.882"", ""  57.246""], ["" 125.058"", "" 130.038"", ""  58.229""], ["" 123.858"", "" 130.745"", ""  58.353""], ["" 126.157"", "" 130.381"", ""  59.023""], ["" 123.761"", "" 131.797"", ""  59.261""], ["" 126.058"", "" 131.433"", ""  59.931""], ["" 124.861"", "" 132.136"", ""  60.045""], ["" 127.656"", "" 127.162"", ""  57.455""], ["" 128.016"", "" 125.787"", ""  57.519""], ["" 126.917"", "" 124.933"", ""  56.902""], ["" 127.088"", "" 124.400"", ""  55.621""], ["" 125.728"", "" 124.698"", ""  57.602""], ["" 126.083"", "" 123.626"", ""  55.048""], ["" 124.723"", "" 123.923"", ""  57.028""], ["" 124.906"", "" 123.389"", ""  55.755""], ["" 129.974"", "" 126.956"", ""  54.915""], ["" 131.002"", "" 126.245"", ""  55.591""], ["" 131.156"", "" 126.609"", ""  56.956""], ["" 131.862"", "" 125.493"", ""  57.712""], ["" 133.102"", "" 125.028"", ""  57.268""], ["" 131.280"", "" 124.944"", ""  58.860""], ["" 133.754"", "" 124.011"", ""  57.961""], ["" 131.931"", "" 123.926"", ""  59.552""], ["" 133.165"", "" 123.464"", ""  59.100""]]",[],RR8_A_Rahimova_2017
150,8716,RR8_B_Rahimova_2017,receptor_tmp,1,16,-11.21,-0.2669047619047619,0.0,0.0,5,185.66,-15.38,-15.02,-0.36,-15.38,0.0,-2.97,4.18,-2.97,81,12,0.0,0.0,0.0,13.274361,10.601186,3.972757,-0.59536144,-0.67715117,-0.43244775,163.86972,"293.348358, 124.88311, 2.196724, 4.668048, 228.25618, 74.33078, 290.34613, 344.907257, 206.055969, 142.826416, 126.879944, 261.931396, 353.466675, 203.686005, ","[["" 130.636"", "" 125.249"", ""  55.535""], ["" 129.122"", "" 125.071"", ""  55.423""], ["" 128.674"", "" 126.417"", ""  55.983""], ["" 129.722"", "" 127.397"", ""  55.445""], ["" 130.862"", "" 126.583"", ""  55.175""], ["" 131.042"", "" 124.987"", ""  56.856""], ["" 132.367"", "" 125.128"", ""  57.164""], ["" 133.238"", "" 125.473"", ""  56.358""], ["" 132.651"", "" 124.852"", ""  58.612""], ["" 133.691"", "" 124.000"", ""  59.013""], ["" 131.857"", "" 125.454"", ""  59.595""], ["" 133.925"", "" 123.756"", ""  60.361""], ["" 132.087"", "" 125.204"", ""  60.944""], ["" 133.122"", "" 124.348"", ""  61.343""], ["" 133.357"", "" 124.065"", ""  62.781""], ["" 133.853"", "" 124.945"", ""  63.480""], ["" 133.043"", "" 122.963"", ""  63.223""], ["" 128.608"", "" 124.006"", ""  56.217""], ["" 127.563"", "" 123.248"", ""  55.626""], ["" 126.275"", "" 123.552"", ""  56.371""], ["" 126.315"", "" 124.112"", ""  57.651""], ["" 125.047"", "" 123.253"", ""  55.774""], ["" 125.128"", "" 124.368"", ""  58.332""], ["" 123.861"", "" 123.509"", ""  56.456""], ["" 123.908"", "" 124.066"", ""  57.733""], ["" 127.371"", "" 126.809"", ""  55.543""], ["" 127.134"", "" 128.209"", ""  55.377""], ["" 126.521"", "" 128.843"", ""  56.623""], ["" 125.442"", "" 129.723"", ""  56.502""], ["" 127.025"", "" 128.519"", ""  57.886""], ["" 124.864"", "" 130.274"", ""  57.643""], ["" 126.448"", "" 129.074"", ""  59.026""], ["" 125.370"", "" 129.947"", ""  58.899""], ["" 130.119"", "" 128.534"", ""  56.404""], ["" 129.469"", "" 129.734"", ""  56.001""], ["" 129.671"", "" 130.842"", ""  56.865""], ["" 131.148"", "" 131.209"", ""  56.871""], ["" 131.690"", "" 131.924"", ""  55.799""], ["" 131.965"", "" 130.817"", ""  57.935""], ["" 133.046"", "" 132.242"", ""  55.787""], ["" 133.321"", "" 131.138"", ""  57.925""], ["" 133.855"", "" 131.845"", ""  56.850""]]",[],RR8_B_Rahimova_2017
151,8553,RR9_Rahimova_2017,receptor_tmp,1,12,-9.27,-0.2439473684210526,0.0,0.0,12,184.5,-11.66,-11.56,-0.09,-11.66,0.0,-2.05,2.39,-2.05,56,5,0.0,0.0,0.0,10.779189,12.033729,6.243332,0.15474291,-0.11956013,0.98069364,232.990463,"121.001045, 278.288452, 15.280887, 326.135132, 80.194817, 83.618889, 213.315125, 42.8293, ","[["" 130.364"", "" 125.186"", ""  60.837""], ["" 131.505"", "" 125.812"", ""  60.650""], ["" 131.269"", "" 127.132"", ""  60.720""], ["" 129.935"", "" 127.390"", ""  60.935""], ["" 129.285"", "" 126.134"", ""  60.984""], ["" 127.878"", "" 126.130"", ""  61.152""], ["" 127.265"", "" 127.387"", ""  61.296""], ["" 128.010"", "" 128.575"", ""  61.239""], ["" 129.360"", "" 128.586"", ""  61.059""], ["" 132.023"", "" 127.796"", ""  60.616""], ["" 130.332"", "" 123.695"", ""  60.895""], ["" 130.295"", "" 120.906"", ""  60.988""], ["" 130.828"", "" 121.631"", ""  62.055""], ["" 129.784"", "" 121.573"", ""  59.873""], ["" 130.844"", "" 123.023"", ""  62.009""], ["" 129.799"", "" 122.964"", ""  59.831""], ["" 130.294"", "" 119.389"", ""  61.029""], ["" 127.012"", "" 124.900"", ""  61.120""], ["" 125.809"", "" 125.046"", ""  60.532""], ["" 127.421"", "" 123.839"", ""  61.592""], ["" 125.525"", "" 125.973"", ""  60.252""], ["" 124.847"", "" 123.971"", ""  60.263""], ["" 124.304"", "" 123.993"", ""  58.816""], ["" 125.345"", "" 123.702"", ""  57.740""], ["" 124.967"", "" 123.648"", ""  56.395""], ["" 126.682"", "" 123.516"", ""  58.100""], ["" 125.926"", "" 123.417"", ""  55.412""], ["" 127.641"", "" 123.283"", ""  57.117""], ["" 127.258"", "" 123.235"", ""  55.778""], ["" 127.359"", "" 129.920"", ""  61.378""], ["" 128.037"", "" 131.096"", ""  61.025""], ["" 126.047"", "" 130.034"", ""  61.859""], ["" 127.427"", "" 132.340"", ""  61.152""], ["" 125.434"", "" 131.278"", ""  61.987""], ["" 126.123"", "" 132.446"", ""  61.632""], ["" 125.599"", "" 133.721"", ""  61.721""], ["" 125.985"", "" 134.704"", ""  60.765""], ["" 127.140"", "" 135.526"", ""  61.345""]]",[],RR9_Rahimova_2017
