,Pose_ID,LigName,receptor,pose_rank,run_number,docking_score,leff,deltas,cluster_rmsd,cluster_size,reference_rmsd,energies_inter,energies_vdw,energies_electro,energies_flexLig,energies_flexLR,energies_intra,energies_torsional,unbound_energy,nr_interactions,num_hb,about_x,about_y,about_z,trans_x,trans_y,trans_z,axisangle_x,axisangle_y,axisangle_z,axisangle_w,dihedrals,ligand_coordinates,flexible_res_coordinates,LigName:1
0,5263,1a_Ghoteimi_2023,receptor_tmp,1,6,-7.18,-0.17512195121951218,0.0,0.0,3,185.46,-10.46,-9.88,-0.58,-10.46,0.0,-3.22,3.28,-3.22,50,8,0.0,0.0,0.0,1.489787,9.271457,3.084094,0.0708632,-0.9488201,-0.30776425,55.112568,"94.012589, 244.453812, 201.579895, 327.23056, 187.423737, 133.493195, 161.800217, 251.594208, 204.693573, 246.692368, 5.865263, ","[["" 127.046"", "" 124.208"", ""  60.756""], ["" 128.018"", "" 125.116"", ""  60.991""], ["" 126.936"", "" 123.117"", ""  61.315""], ["" 127.942"", "" 125.988"", ""  60.487""], ["" 126.011"", "" 124.610"", ""  59.706""], ["" 126.748"", "" 124.743"", ""  58.051""], ["" 128.301"", "" 125.583"", ""  58.266""], ["" 129.786"", "" 127.494"", ""  58.168""], ["" 128.501"", "" 126.943"", ""  57.948""], ["" 130.790"", "" 126.661"", ""  58.680""], ["" 127.414"", "" 127.762"", ""  57.401""], ["" 130.518"", "" 125.323"", ""  58.992""], ["" 126.557"", "" 128.408"", ""  56.968""], ["" 129.280"", "" 124.803"", ""  58.782""], ["" 130.141"", "" 128.918"", ""  57.889""], ["" 130.776"", "" 131.610"", ""  57.385""], ["" 130.252"", "" 130.806"", ""  56.373""], ["" 130.978"", "" 131.059"", ""  58.660""], ["" 129.933"", "" 129.474"", ""  56.622""], ["" 130.659"", "" 129.726"", ""  58.906""], ["" 131.061"", "" 132.918"", ""  57.047""], ["" 132.324"", "" 133.226"", ""  56.466""], ["" 131.555"", "" 124.390"", ""  59.547""], ["" 131.199"", "" 123.145"", ""  60.092""], ["" 132.915"", "" 124.736"", ""  59.543""], ["" 132.163"", "" 122.282"", ""  60.605""], ["" 133.881"", "" 123.875"", ""  60.055""], ["" 133.510"", "" 122.634"", ""  60.592""], ["" 134.396"", "" 121.715"", ""  61.120""], ["" 134.004"", "" 120.351"", ""  61.220""], ["" 129.114"", "" 125.057"", ""  61.873""], ["" 129.568"", "" 123.895"", ""  62.514""], ["" 129.781"", "" 126.263"", ""  62.091""], ["" 130.668"", "" 123.949"", ""  63.365""], ["" 130.882"", "" 126.316"", ""  62.943""], ["" 131.339"", "" 125.160"", ""  63.590""], ["" 132.531"", "" 125.252"", ""  64.499""], ["" 133.617"", "" 124.720"", ""  64.249""], ["" 132.292"", "" 125.974"", ""  65.624""], ["" 130.972"", "" 126.123"", ""  66.134""], ["" 130.507"", "" 124.793"", ""  66.734""]]",[],1a_Ghoteimi_2023
1,13347,1a_Grossjean_2025,receptor_tmp,1,13,-6.76,-0.25037037037037035,0.0,0.0,2,191.13,-8.85,-8.84,-0.01,-8.85,0.0,-1.29,2.09,-1.29,44,4,0.0,0.0,0.0,5.787326,11.714785,4.656953,0.57941446,0.64219455,0.50186158,44.361485,"317.875397, 279.259705, 3.532867, 193.220093, 38.580364, 69.364807, 220.991928, ","[["" 130.664"", "" 127.418"", ""  59.965""], ["" 131.104"", "" 126.606"", ""  61.011""], ["" 131.879"", "" 125.480"", ""  60.752""], ["" 132.232"", "" 125.144"", ""  59.439""], ["" 131.795"", "" 125.967"", ""  58.390""], ["" 131.020"", "" 127.094"", ""  58.647""], ["" 129.885"", "" 128.530"", ""  60.341""], ["" 129.756"", "" 129.134"", ""  61.541""], ["" 130.334"", "" 128.799"", ""  62.576""], ["" 129.371"", "" 128.946"", ""  59.578""], ["" 128.803"", "" 130.330"", ""  61.574""], ["" 129.676"", "" 131.909"", ""  61.353""], ["" 130.427"", "" 131.882"", ""  59.740""], ["" 132.263"", "" 131.625"", ""  58.181""], ["" 131.800"", "" 131.620"", ""  59.517""], ["" 131.363"", "" 131.902"", ""  57.146""], ["" 132.734"", "" 131.381"", ""  60.621""], ["" 130.033"", "" 132.172"", ""  57.460""], ["" 133.473"", "" 131.191"", ""  61.490""], ["" 129.567"", "" 132.170"", ""  58.731""], ["" 133.719"", "" 131.346"", ""  57.814""], ["" 129.012"", "" 132.490"", ""  56.384""], ["" 133.066"", "" 123.919"", ""  59.195""], ["" 133.966"", "" 123.868"", ""  58.352""], ["" 132.739"", "" 122.877"", ""  60.004""], ["" 133.616"", "" 122.450"", ""  61.039""], ["" 133.589"", "" 120.922"", ""  61.132""]]",[],1a_Grossjean_2025
2,5158,1aa_Ghoteimi_2023,receptor_tmp,1,7,-7.63,-0.18609756097560975,0.0,0.0,2,185.27,-10.91,-10.01,-0.9,-10.91,0.0,-1.55,3.28,-1.55,86,12,0.0,0.0,0.0,6.385651,11.619684,8.404598,0.16353996,-0.98482793,0.05803986,92.291603,"215.784042, 131.921799, 51.352375, 322.290314, 48.267872, 337.456573, 152.455872, 259.338409, 216.558487, 91.436089, 268.329437, ","[["" 130.056"", "" 125.935"", ""  66.839""], ["" 129.680"", "" 127.050"", ""  67.508""], ["" 130.249"", "" 124.836"", ""  67.357""], ["" 129.549"", "" 127.876"", ""  66.941""], ["" 130.253"", "" 126.059"", ""  65.320""], ["" 131.212"", "" 125.098"", ""  64.859""], ["" 131.203"", "" 124.677"", ""  63.537""], ["" 131.248"", "" 122.904"", ""  61.882""], ["" 131.254"", "" 123.305"", ""  63.238""], ["" 131.175"", "" 123.901"", ""  60.899""], ["" 131.284"", "" 122.335"", ""  64.334""], ["" 131.119"", "" 125.253"", ""  61.256""], ["" 131.143"", "" 125.627"", ""  62.562""], ["" 131.308"", "" 121.569"", ""  65.201""], ["" 131.316"", "" 121.481"", ""  61.436""], ["" 131.472"", "" 118.796"", ""  60.614""], ["" 132.574"", "" 119.640"", ""  60.486""], ["" 130.285"", "" 119.303"", ""  61.165""], ["" 132.500"", "" 120.969"", ""  60.894""], ["" 130.213"", "" 120.632"", ""  61.572""], ["" 131.638"", "" 117.494"", ""  60.182""], ["" 132.895"", "" 116.854"", ""  60.371""], ["" 131.054"", "" 126.360"", ""  60.243""], ["" 131.388"", "" 126.130"", ""  58.900""], ["" 130.653"", "" 127.657"", ""  60.605""], ["" 131.331"", "" 127.155"", ""  57.960""], ["" 130.596"", "" 128.683"", ""  59.668""], ["" 130.938"", "" 128.439"", ""  58.330""], ["" 130.911"", "" 129.392"", ""  57.330""], ["" 131.586"", "" 130.629"", ""  57.533""], ["" 129.429"", "" 127.250"", ""  68.878""], ["" 128.185"", "" 127.085"", ""  69.504""], ["" 130.532"", "" 127.638"", ""  69.641""], ["" 128.055"", "" 127.311"", ""  70.872""], ["" 130.401"", "" 127.863"", ""  71.007""], ["" 129.162"", "" 127.703"", ""  71.641""], ["" 129.054"", "" 127.955"", ""  73.118""], ["" 128.755"", "" 129.053"", ""  73.597""], ["" 129.318"", "" 126.857"", ""  73.871""], ["" 130.326"", "" 125.929"", ""  73.488""], ["" 131.700"", "" 126.475"", ""  73.886""]]",[],1aa_Ghoteimi_2023
3,5242,1b_Ghoteimi_2023,receptor_tmp,1,11,-7.88,-0.22514285714285714,0.0,0.0,4,186.98,-10.26,-9.67,-0.6,-10.26,0.0,-1.96,2.39,-1.96,44,9,0.0,0.0,0.0,3.499059,12.280792,2.131737,0.61154814,0.50410675,-0.60982395,174.6819,"344.653564, 155.34993, 130.894272, 127.522453, 175.015503, 123.622238, 130.185257, 338.976501, ","[["" 127.368"", "" 129.087"", ""  60.385""], ["" 127.020"", "" 129.845"", ""  59.240""], ["" 126.008"", "" 130.902"", ""  59.325""], ["" 125.208"", "" 131.736"", ""  59.394""], ["" 127.720"", "" 129.591"", ""  58.039""], ["" 128.730"", "" 128.690"", ""  57.966""], ["" 129.073"", "" 127.964"", ""  59.062""], ["" 128.405"", "" 128.153"", ""  60.276""], ["" 126.696"", "" 129.231"", ""  61.711""], ["" 125.425"", "" 129.526"", ""  64.201""], ["" 124.703"", "" 129.672"", ""  63.016""], ["" 126.795"", "" 129.235"", ""  64.134""], ["" 125.332"", "" 129.529"", ""  61.782""], ["" 127.421"", "" 129.093"", ""  62.899""], ["" 124.718"", "" 129.686"", ""  65.378""], ["" 125.293"", "" 129.236"", ""  66.599""], ["" 127.414"", "" 130.439"", ""  56.503""], ["" 128.056"", "" 132.139"", ""  56.662""], ["" 129.357"", "" 132.269"", ""  57.468""], ["" 129.274"", "" 131.834"", ""  58.745""], ["" 130.374"", "" 132.737"", ""  56.951""], ["" 128.382"", "" 131.481"", ""  59.057""], ["" 130.284"", "" 131.832"", ""  59.700""], ["" 130.198"", "" 132.327"", ""  60.924""], ["" 131.549"", "" 131.293"", ""  59.468""], ["" 131.435"", "" 132.113"", ""  61.533""], ["" 132.241"", "" 131.487"", ""  60.642""], ["" 130.196"", "" 126.979"", ""  58.890""], ["" 130.656"", "" 126.214"", ""  59.971""], ["" 130.813"", "" 126.788"", ""  57.643""], ["" 131.694"", "" 125.300"", ""  59.815""], ["" 131.850"", "" 125.873"", ""  57.483""], ["" 132.301"", "" 125.118"", ""  58.574""], ["" 133.321"", "" 124.189"", ""  58.513""], ["" 134.378"", "" 124.257"", ""  59.463""]]",[],1b_Ghoteimi_2023
4,5590,1b_Grossjean_2025,receptor_tmp,1,16,-6.77,-0.2603846153846154,0.0,0.0,1,189.32,-8.56,-8.32,-0.24,-8.56,0.0,-0.7,1.79,-0.7,32,2,0.0,0.0,0.0,7.591523,11.969798,-0.211933,-0.25816049,-0.91609641,-0.30679069,114.796555,"351.312073, 227.178909, 119.888329, 124.268852, 295.996887, 149.278763, ","[["" 129.541"", "" 129.457"", ""  56.625""], ["" 130.184"", "" 128.282"", ""  56.802""], ["" 128.322"", "" 129.600"", ""  56.543""], ["" 131.192"", "" 128.331"", ""  56.841""], ["" 130.442"", "" 130.689"", ""  56.535""], ["" 129.755"", "" 132.109"", ""  57.441""], ["" 130.254"", "" 131.945"", ""  59.142""], ["" 131.846"", "" 131.622"", ""  60.936""], ["" 131.591"", "" 131.731"", ""  59.550""], ["" 130.785"", "" 131.738"", ""  61.839""], ["" 132.694"", "" 131.656"", ""  58.589""], ["" 129.501"", "" 131.970"", ""  61.348""], ["" 133.567"", "" 131.597"", ""  57.832""], ["" 129.234"", "" 132.078"", ""  60.025""], ["" 133.247"", "" 131.384"", ""  61.499""], ["" 128.310"", "" 132.115"", ""  62.276""], ["" 129.670"", "" 126.977"", ""  56.927""], ["" 128.417"", "" 126.877"", ""  57.530""], ["" 130.320"", "" 125.811"", ""  56.495""], ["" 127.813"", "" 125.635"", ""  57.704""], ["" 129.715"", "" 124.569"", ""  56.670""], ["" 128.456"", "" 124.464"", ""  57.274""], ["" 127.833"", "" 123.108"", ""  57.445""], ["" 127.525"", "" 122.380"", ""  56.495""], ["" 127.637"", "" 122.767"", ""  58.744""], ["" 128.716"", "" 122.764"", ""  59.669""]]",[],1b_Grossjean_2025
5,13424,1c_Ghoteimi_2023,receptor_tmp,1,20,-7.22,-0.20628571428571427,0.0,0.0,6,187.86,-9.6,-9.6,0.0,-9.6,0.0,-2.44,2.39,-2.44,55,6,0.0,0.0,0.0,4.25325,9.489154,2.877485,-0.42318991,0.90183055,0.08724648,174.277618,"181.367889, 325.159241, 10.711243, 229.361847, 25.14933, 4.214317, 128.025604, 103.002235, ","[["" 128.428"", "" 125.684"", ""  57.937""], ["" 127.451"", "" 124.751"", ""  57.516""], ["" 127.836"", "" 123.442"", ""  56.979""], ["" 128.141"", "" 122.409"", ""  56.555""], ["" 126.094"", "" 125.114"", ""  57.642""], ["" 125.701"", "" 126.317"", ""  58.125""], ["" 126.636"", "" 127.232"", ""  58.493""], ["" 128.000"", "" 126.930"", ""  58.411""], ["" 129.895"", "" 125.405"", ""  57.941""], ["" 132.663"", "" 124.927"", ""  57.959""], ["" 131.899"", "" 124.708"", ""  59.106""], ["" 132.031"", "" 125.394"", ""  56.797""], ["" 130.529"", "" 124.946"", ""  59.099""], ["" 130.659"", "" 125.632"", ""  56.792""], ["" 134.016"", "" 124.663"", ""  58.059""], ["" 134.538"", "" 124.167"", ""  59.287""], ["" 124.761"", "" 123.982"", ""  57.312""], ["" 124.113"", "" 123.533"", ""  58.955""], ["" 125.189"", "" 123.615"", ""  60.043""], ["" 126.398"", "" 123.124"", ""  59.695""], ["" 124.900"", "" 124.070"", ""  61.151""], ["" 126.508"", "" 122.787"", ""  58.750""], ["" 127.489"", "" 122.939"", ""  60.530""], ["" 127.554"", "" 123.135"", ""  61.829""], ["" 128.941"", "" 122.328"", ""  59.806""], ["" 128.741"", "" 122.818"", ""  62.307""], ["" 129.671"", "" 122.348"", ""  61.384""], ["" 126.125"", "" 128.541"", ""  59.020""], ["" 126.482"", "" 129.004"", ""  60.296""], ["" 125.270"", "" 129.343"", ""  58.250""], ["" 126.009"", "" 130.221"", ""  60.779""], ["" 124.796"", "" 130.561"", ""  58.728""], ["" 125.166"", "" 131.012"", ""  60.004""], ["" 124.748"", "" 132.205"", ""  60.561""], ["" 124.157"", "" 132.199"", ""  61.856""]]",[],1c_Ghoteimi_2023
6,5266,1c_Grossjean_2025,receptor_tmp,1,11,-6.17,-0.25708333333333333,0.0,0.0,6,187.38,-7.67,-7.33,-0.33,-7.67,0.0,-1.63,1.49,-1.63,27,5,0.0,0.0,0.0,6.130026,7.924787,2.700669,-0.02206801,0.40991837,-0.91185521,262.113892,"62.762501, 275.621826, 27.773325, 14.419704, 329.176788, ","[["" 131.369"", "" 124.603"", ""  58.434""], ["" 130.942"", "" 124.887"", ""  59.683""], ["" 132.514"", "" 124.269"", ""  58.129""], ["" 129.956"", "" 125.076"", ""  59.784""], ["" 130.307"", "" 124.709"", ""  57.337""], ["" 129.115"", "" 123.340"", ""  57.414""], ["" 128.407"", "" 123.301"", ""  59.048""], ["" 126.632"", "" 123.520"", ""  60.682""], ["" 127.053"", "" 123.595"", ""  59.334""], ["" 127.553"", "" 123.150"", ""  61.666""], ["" 126.088"", "" 123.927"", ""  58.282""], ["" 128.861"", "" 122.853"", ""  61.292""], ["" 125.327"", "" 124.190"", ""  57.452""], ["" 129.287"", "" 122.920"", ""  60.009""], ["" 125.199"", "" 123.824"", ""  61.115""], ["" 129.903"", "" 122.430"", ""  62.310""], ["" 131.662"", "" 124.896"", ""  60.893""], ["" 132.917"", "" 124.298"", ""  61.080""], ["" 131.064"", "" 125.582"", ""  61.952""], ["" 133.547"", "" 124.376"", ""  62.319""], ["" 131.698"", "" 125.657"", ""  63.190""], ["" 132.948"", "" 125.050"", ""  63.383""], ["" 133.651"", "" 125.071"", ""  64.572""], ["" 132.981"", "" 125.461"", ""  65.767""]]",[],1c_Grossjean_2025
7,13554,1d_Ghoteimi_2023,receptor_tmp,1,6,-6.82,-0.22733333333333333,0.0,0.0,9,188.48,-9.21,-8.66,-0.55,-9.21,0.0,-1.09,2.39,-1.09,40,6,0.0,0.0,0.0,5.274598,9.159609,4.950041,-0.15520797,-0.17981402,0.97137912,237.421509,"15.465312, 302.581635, 262.087006, 294.476105, 150.300949, 199.32753, 24.817989, 325.454956, ","[["" 127.541"", "" 122.750"", ""  59.725""], ["" 128.231"", "" 124.134"", ""  60.605""], ["" 129.809"", "" 125.230"", ""  62.085""], ["" 129.377"", "" 124.051"", ""  61.427""], ["" 129.105"", "" 126.418"", ""  61.854""], ["" 130.138"", "" 122.804"", ""  61.550""], ["" 128.001"", "" 126.438"", ""  60.994""], ["" 130.739"", "" 121.820"", ""  61.648""], ["" 127.577"", "" 125.300"", ""  60.387""], ["" 130.983"", "" 125.281"", ""  63.009""], ["" 133.204"", "" 125.380"", ""  64.731""], ["" 133.370"", "" 125.086"", ""  63.378""], ["" 131.914"", "" 125.637"", ""  65.220""], ["" 132.272"", "" 125.039"", ""  62.523""], ["" 130.818"", "" 125.590"", ""  64.363""], ["" 134.348"", "" 125.398"", ""  65.504""], ["" 134.230"", "" 125.340"", ""  66.922""], ["" 127.217"", "" 127.685"", ""  60.705""], ["" 126.829"", "" 128.015"", ""  59.397""], ["" 126.855"", "" 128.566"", ""  61.735""], ["" 126.108"", "" 129.175"", ""  59.131""], ["" 126.136"", "" 129.728"", ""  61.472""], ["" 125.754"", "" 130.043"", ""  60.161""], ["" 125.043"", "" 131.172"", ""  59.803""], ["" 123.634"", "" 131.076"", ""  59.626""], ["" 126.722"", "" 123.415"", ""  58.244""], ["" 126.993"", "" 122.447"", ""  57.095""], ["" 128.139"", "" 122.108"", ""  56.799""], ["" 125.858"", "" 122.039"", ""  56.491""], ["" 124.658"", "" 122.784"", ""  56.631""]]",[],1d_Ghoteimi_2023
8,5569,1d_Grossjean_2025,receptor_tmp,1,5,-7.55,-0.3431818181818182,0.0,0.0,1,183.47,-8.75,-8.68,-0.06,-8.75,0.0,-0.82,1.19,-0.82,53,3,0.0,0.0,0.0,5.09583,8.491133,5.116011,0.77004439,0.0917434,0.63135948,171.940445,"279.466125, 151.869995, 131.397949, 103.136993, ","[["" 127.980"", "" 122.793"", ""  61.492""], ["" 127.233"", "" 123.104"", ""  59.908""], ["" 125.431"", "" 123.743"", ""  58.421""], ["" 125.895"", "" 123.534"", ""  59.740""], ["" 126.295"", "" 123.505"", ""  57.346""], ["" 124.994"", "" 123.730"", ""  60.878""], ["" 127.590"", "" 123.059"", ""  57.603""], ["" 124.280"", "" 123.885"", ""  61.775""], ["" 128.056"", "" 122.855"", ""  58.858""], ["" 124.012"", "" 124.216"", ""  58.113""], ["" 128.569"", "" 122.774"", ""  56.481""], ["" 129.684"", "" 123.425"", ""  61.422""], ["" 130.719"", "" 122.306"", ""  61.550""], ["" 130.340"", "" 121.108"", ""  61.055""], ["" 131.796"", "" 122.543"", ""  62.098""], ["" 129.405"", "" 121.059"", ""  60.678""], ["" 131.046"", "" 119.892"", ""  60.996""], ["" 132.414"", "" 119.998"", ""  60.731""], ["" 130.476"", "" 118.624"", ""  61.203""], ["" 133.206"", "" 118.856"", ""  60.657""], ["" 131.271"", "" 117.484"", ""  61.129""], ["" 132.632"", "" 117.603"", ""  60.855""]]",[],1d_Grossjean_2025
9,5149,1e_Grossjean_2025,receptor_tmp,1,5,-7.11,-0.3091304347826087,0.0,0.0,1,185.09,-8.3,-8.37,0.07,-8.3,0.0,-0.6,1.19,-0.6,44,3,0.0,0.0,0.0,6.023798,8.001625,4.800334,-0.8763181,0.39237795,-0.27947475,280.38443,"27.309143, 336.608826, 180.037582, 57.347809, ","[["" 130.390"", "" 123.827"", ""  60.127""], ["" 129.306"", "" 122.450"", ""  60.613""], ["" 127.611"", "" 122.971"", ""  60.444""], ["" 125.583"", "" 123.506"", ""  59.231""], ["" 126.932"", "" 123.083"", ""  59.208""], ["" 124.971"", "" 123.775"", ""  60.460""], ["" 127.569"", "" 122.741"", ""  57.934""], ["" 125.707"", "" 123.612"", ""  61.632""], ["" 128.070"", "" 122.470"", ""  56.926""], ["" 127.000"", "" 123.212"", ""  61.632""], ["" 124.749"", "" 123.674"", ""  57.962""], ["" 125.094"", "" 123.870"", ""  62.995""], ["" 131.301"", "" 124.271"", ""  61.273""], ["" 130.691"", "" 124.486"", ""  62.459""], ["" 132.504"", "" 124.429"", ""  61.058""], ["" 129.687"", "" 124.383"", ""  62.477""], ["" 131.262"", "" 124.908"", ""  63.673""], ["" 130.496"", "" 125.306"", ""  64.731""], ["" 132.660"", "" 124.920"", ""  63.733""], ["" 131.117"", "" 125.713"", ""  65.867""], ["" 133.284"", "" 125.341"", ""  64.910""], ["" 132.508"", "" 125.746"", ""  65.996""], ["" 130.204"", "" 126.140"", ""  67.001""]]",[],1e_Grossjean_2025
10,5269,1f_Grossjean_2025,receptor_tmp,1,4,-6.53,-0.2968181818181818,0.0,0.0,2,186.27,-7.72,-7.52,-0.2,-7.72,0.0,-1.55,1.19,-1.55,35,3,0.0,0.0,0.0,4.825717,8.068007,5.0447,0.52474653,-0.07944799,0.84754297,187.858322,"122.798042, 58.738571, 111.341591, 299.079803, ","[["" 130.121"", "" 123.953"", ""  61.895""], ["" 130.970"", "" 124.365"", ""  60.384""], ["" 132.875"", "" 124.480"", ""  58.892""], ["" 132.337"", "" 124.095"", ""  60.142""], ["" 132.042"", "" 125.088"", ""  57.947""], ["" 133.181"", "" 123.406"", ""  61.123""], ["" 130.700"", "" 125.291"", ""  58.260""], ["" 133.848"", "" 122.862"", ""  61.896""], ["" 130.166"", "" 124.933"", ""  59.451""], ["" 134.338"", "" 124.251"", ""  58.520""], ["" 129.743"", "" 125.933"", ""  57.274""], ["" 128.451"", "" 124.688"", ""  61.836""], ["" 127.431"", "" 123.911"", ""  60.991""], ["" 127.484"", "" 124.172"", ""  59.667""], ["" 126.664"", "" 123.106"", ""  61.521""], ["" 128.196"", "" 124.826"", ""  59.371""], ["" 126.704"", "" 123.653"", ""  58.617""], ["" 127.371"", "" 122.883"", ""  57.657""], ["" 125.321"", "" 123.852"", ""  58.447""], ["" 126.753"", "" 122.320"", ""  56.587""], ["" 124.670"", "" 123.278"", ""  57.351""], ["" 125.419"", "" 122.522"", ""  56.449""]]",[],1f_Grossjean_2025
11,13359,1g_Grossjean_2025,receptor_tmp,1,12,-6.82,-0.2965217391304348,0.0,0.0,1,184.87,-8.31,-8.26,-0.05,-8.31,0.0,-0.75,1.49,-0.75,47,1,0.0,0.0,0.0,4.542136,5.817684,6.39783,-0.38181228,-0.47375165,0.79358601,252.203201,"195.569519, 210.893936, 121.364143, 355.379028, 137.207169, ","[["" 128.874"", "" 123.872"", ""  61.874""], ["" 129.772"", "" 122.777"", ""  63.015""], ["" 131.328"", "" 122.378"", ""  62.250""], ["" 132.891"", "" 120.946"", ""  61.081""], ["" 131.609"", "" 121.130"", ""  61.646""], ["" 133.816"", "" 121.994"", ""  61.125""], ["" 130.607"", "" 120.065"", ""  61.565""], ["" 133.445"", "" 123.200"", ""  61.718""], ["" 129.817"", "" 119.222"", ""  61.499""], ["" 132.224"", "" 123.398"", ""  62.267""], ["" 133.316"", "" 119.639"", ""  60.412""], ["" 134.396"", "" 124.380"", ""  61.782""], ["" 128.391"", "" 123.128"", ""  60.628""], ["" 128.833"", "" 123.594"", ""  59.448""], ["" 127.643"", "" 122.156"", ""  60.741""], ["" 129.429"", "" 124.410"", ""  59.446""], ["" 128.454"", "" 123.074"", ""  58.134""], ["" 126.964"", "" 123.183"", ""  57.822""], ["" 126.463"", "" 122.665"", ""  56.624""], ["" 126.102"", "" 123.792"", ""  58.738""], ["" 125.103"", "" 122.763"", ""  56.340""], ["" 124.742"", "" 123.888"", ""  58.453""], ["" 124.249"", "" 123.374"", ""  57.256""]]",[],1g_Grossjean_2025
12,5225,1h_Grossjean_2025,receptor_tmp,1,5,-5.63,-0.19413793103448276,0.0,0.0,2,189.54,-8.02,-7.87,-0.15,-8.02,0.0,-1.56,2.39,-1.56,43,4,0.0,0.0,0.0,4.220883,13.214357,4.656357,0.67653201,-0.66685784,-0.3124181,89.737282,"269.504303, 229.031219, 351.681213, 254.732346, 100.094147, 21.762833, 103.467567, 117.074753, ","[["" 128.357"", "" 129.816"", ""  61.285""], ["" 129.086"", "" 128.812"", ""  60.764""], ["" 128.176"", "" 129.973"", ""  62.492""], ["" 129.173"", "" 128.750"", ""  59.760""], ["" 127.731"", "" 130.791"", ""  60.288""], ["" 128.578"", "" 132.400"", ""  60.286""], ["" 130.322"", "" 132.106"", ""  60.040""], ["" 132.292"", "" 131.830"", ""  58.654""], ["" 130.903"", "" 132.074"", ""  58.751""], ["" 133.033"", "" 131.634"", ""  59.824""], ["" 130.102"", "" 132.285"", ""  57.542""], ["" 132.382"", "" 131.684"", ""  61.055""], ["" 129.469"", "" 132.453"", ""  56.587""], ["" 131.053"", "" 131.916"", ""  61.169""], ["" 133.025"", "" 131.769"", ""  57.316""], ["" 133.129"", "" 131.478"", ""  62.359""], ["" 129.738"", "" 127.753"", ""  61.534""], ["" 130.624"", "" 126.834"", ""  60.699""], ["" 130.761"", "" 127.045"", ""  59.326""], ["" 131.258"", "" 125.742"", ""  61.294""], ["" 131.557"", "" 126.195"", ""  58.543""], ["" 132.055"", "" 124.872"", ""  60.534""], ["" 132.205"", "" 125.115"", ""  59.161""], ["" 131.748"", "" 126.352"", ""  57.182""], ["" 131.071"", "" 125.486"", ""  56.278""], ["" 132.713"", "" 123.773"", ""  61.056""], ["" 132.146"", "" 122.476"", ""  60.895""], ["" 132.978"", "" 124.268"", ""  58.404""], ["" 134.363"", "" 124.317"", ""  58.713""]]",[],1h_Grossjean_2025
13,6525,1i_Grossjean_2025,receptor_tmp,1,12,-7.96,-0.379047619047619,0.0,0.0,2,185.53,-9.16,-8.67,-0.49,-9.16,0.0,-0.4,1.19,-0.4,39,8,0.0,0.0,0.0,4.911363,4.520774,4.792383,0.25964595,-0.14506692,0.95474581,321.667847,"256.669617, 354.83847, 209.244675, 83.617188, ","[["" 129.308"", "" 122.381"", ""  60.139""], ["" 127.600"", "" 122.838"", ""  59.935""], ["" 125.586"", "" 123.282"", ""  58.666""], ["" 126.948"", "" 122.904"", ""  58.681""], ["" 124.947"", "" 123.589"", ""  59.873""], ["" 127.649"", "" 122.627"", ""  57.424""], ["" 125.674"", "" 123.520"", ""  61.059""], ["" 128.201"", "" 122.411"", ""  56.430""], ["" 126.978"", "" 123.157"", ""  61.097""], ["" 124.772"", "" 123.380"", ""  57.376""], ["" 125.042"", "" 123.851"", ""  62.398""], ["" 129.551"", "" 121.926"", ""  61.882""], ["" 130.813"", "" 122.559"", ""  62.471""], ["" 130.605"", "" 123.508"", ""  63.410""], ["" 131.918"", "" 122.187"", ""  62.072""], ["" 129.648"", "" 123.699"", ""  63.671""], ["" 131.566"", "" 124.231"", ""  64.103""], ["" 132.876"", "" 124.104"", ""  63.974""], ["" 131.250"", "" 125.210"", ""  65.043""], ["" 133.457"", "" 125.019"", ""  64.853""], ["" 132.463"", "" 125.679"", ""  65.492""]]",[],1i_Grossjean_2025
14,13529,1j_Grossjean_2025,receptor_tmp,1,6,-7.29,-0.34714285714285714,0.0,0.0,1,183.33,-8.48,-8.36,-0.12,-8.48,0.0,-0.5,1.19,-0.5,47,3,0.0,0.0,0.0,5.05255,5.039324,4.580326,0.31463939,-0.17218444,0.93346375,330.23288,"258.612152, 110.456589, 44.906448, 353.107971, ","[["" 129.189"", "" 123.068"", ""  60.006""], ["" 127.434"", "" 123.236"", ""  59.764""], ["" 125.399"", "" 123.328"", ""  58.454""], ["" 126.804"", "" 123.182"", ""  58.498""], ["" 124.695"", "" 123.537"", ""  59.644""], ["" 127.566"", "" 123.016"", ""  57.258""], ["" 125.400"", "" 123.602"", ""  60.844""], ["" 128.166"", "" 122.886"", ""  56.277""], ["" 126.745"", "" 123.460"", ""  60.911""], ["" 124.606"", "" 123.278"", ""  57.149""], ["" 124.695"", "" 123.840"", ""  62.167""], ["" 129.466"", "" 122.603"", ""  61.741""], ["" 130.499"", "" 121.483"", ""  61.877""], ["" 130.275"", "" 120.388"", ""  61.118""], ["" 131.451"", "" 121.629"", ""  62.645""], ["" 129.471"", "" 120.399"", ""  60.508""], ["" 131.063"", "" 119.247"", ""  61.057""], ["" 130.743"", "" 118.025"", ""  61.425""], ["" 132.664"", "" 119.425"", ""  60.417""], ["" 131.738"", "" 117.184"", ""  61.224""], ["" 132.899"", "" 117.722"", ""  60.678""]]",[],1j_Grossjean_2025
15,13758,1k_Grossjean_2025,receptor_tmp,1,8,-5.36,-0.20615384615384616,0.0,0.0,1,190.56,-8.94,-8.66,-0.27,-8.94,0.0,-2.11,3.58,-2.11,42,10,0.0,0.0,0.0,3.816701,12.187473,5.86538,-0.89682448,0.4396849,-0.04881631,195.745483,"315.709656, 241.113403, 258.192993, 76.984573, 176.657379, 45.319427, 94.452026, 284.729523, 291.245117, 30.515821, 207.528091, 226.718063, ","[["" 130.351"", "" 127.463"", ""  61.135""], ["" 130.246"", "" 128.373"", ""  62.221""], ["" 128.777"", "" 128.803"", ""  62.394""], ["" 128.568"", "" 130.250"", ""  62.327""], ["" 127.451"", "" 130.853"", ""  61.883""], ["" 126.465"", "" 130.231"", ""  61.483""], ["" 129.337"", "" 130.826"", ""  62.637""], ["" 127.476"", "" 132.389"", ""  61.897""], ["" 128.321"", "" 133.179"", ""  60.483""], ["" 129.956"", "" 132.477"", ""  60.309""], ["" 131.847"", "" 131.708"", ""  59.003""], ["" 130.548"", "" 132.263"", ""  59.043""], ["" 132.493"", "" 131.394"", ""  60.203""], ["" 129.848"", "" 132.605"", ""  57.802""], ["" 131.836"", "" 131.634"", ""  61.408""], ["" 129.297"", "" 132.875"", ""  56.821""], ["" 130.591"", "" 132.161"", ""  61.468""], ["" 132.584"", "" 131.437"", ""  57.693""], ["" 132.482"", "" 131.316"", ""  62.742""], ["" 131.112"", "" 126.300"", ""  61.436""], ["" 130.648"", "" 125.718"", ""  62.778""], ["" 131.425"", "" 126.277"", ""  63.829""], ["" 131.605"", "" 125.401"", ""  64.934""], ["" 133.083"", "" 125.000"", ""  65.033""], ["" 133.748"", "" 125.338"", ""  63.823""], ["" 133.635"", "" 124.343"", ""  62.818""]]",[],1k_Grossjean_2025
16,13338,1l_Grossjean_2025,receptor_tmp,1,19,-6.64,-0.3688888888888889,0.0,0.0,1,184.52,-7.84,-7.66,-0.17,-7.84,0.0,-0.14,1.19,-0.14,44,3,0.0,0.0,0.0,5.098742,6.071386,4.310117,-0.87031143,0.32096925,0.37354618,226.103867,"30.524872, 343.515808, 308.972961, 93.205986, ","[["" 129.680"", "" 121.478"", ""  61.272""], ["" 129.276"", "" 122.399"", ""  59.749""], ["" 127.573"", "" 122.923"", ""  59.852""], ["" 125.422"", "" 123.480"", ""  58.884""], ["" 126.758"", "" 123.059"", ""  58.704""], ["" 124.957"", "" 123.744"", ""  60.177""], ["" 127.272"", "" 122.775"", ""  57.360""], ["" 125.827"", "" 123.586"", ""  61.253""], ["" 127.676"", "" 122.551"", ""  56.300""], ["" 127.111"", "" 123.184"", ""  61.102""], ["" 124.451"", "" 123.662"", ""  57.718""], ["" 125.385"", "" 123.858"", ""  62.679""], ["" 130.890"", "" 120.539"", ""  61.162""], ["" 130.605"", "" 119.284"", ""  60.764""], ["" 132.032"", "" 120.935"", ""  61.412""], ["" 129.673"", "" 118.896"", ""  60.756""], ["" 131.585"", "" 118.300"", ""  60.880""], ["" 131.325"", "" 117.248"", ""  59.961""]]",[],1l_Grossjean_2025
17,5456,1m_Grossjean_2025,receptor_tmp,1,7,-6.53,-0.310952380952381,0.0,0.0,4,186.45,-8.32,-7.97,-0.35,-8.32,0.0,-1.39,1.79,-1.39,36,8,0.0,0.0,0.0,6.789711,6.091578,3.058433,0.73294768,-0.34599798,0.58572442,150.988937,"16.56678, 17.07332, 108.152458, 52.777119, 197.802078, 259.446472, ","[["" 131.823"", "" 123.997"", ""  59.647""], ["" 131.962"", "" 124.248"", ""  60.963""], ["" 132.780"", "" 123.887"", ""  58.879""], ["" 131.127"", "" 124.351"", ""  61.522""], ["" 130.378"", "" 123.862"", ""  59.149""], ["" 129.416"", "" 122.534"", ""  59.951""], ["" 127.697"", "" 122.997"", ""  59.909""], ["" 125.572"", "" 123.463"", ""  58.844""], ["" 126.927"", "" 123.078"", ""  58.724""], ["" 125.046"", "" 123.733"", ""  60.112""], ["" 127.484"", "" 122.742"", ""  57.411""], ["" 125.870"", "" 123.602"", ""  61.228""], ["" 127.923"", "" 122.478"", ""  56.375""], ["" 127.170"", "" 123.236"", ""  61.137""], ["" 124.646"", "" 123.597"", ""  57.637""], ["" 125.357"", "" 123.872"", ""  62.629""], ["" 133.239"", "" 124.406"", ""  61.676""], ["" 133.053"", "" 124.649"", ""  63.188""], ["" 133.961"", "" 125.056"", ""  63.919""], ["" 131.799"", "" 124.353"", ""  63.586""], ["" 131.027"", "" 125.304"", ""  64.306""]]",[],1m_Grossjean_2025
18,5170,1n_Grossjean_2025,receptor_tmp,1,7,-7.05,-0.2517857142857143,0.0,0.0,8,192.06,-9.43,-9.17,-0.26,-9.43,0.0,-1.77,2.39,-1.77,46,3,0.0,0.0,0.0,5.20215,12.975456,1.014334,-0.54055403,0.35148931,-0.7643668,327.318573,"16.247139, 228.735092, 269.900482, 86.954338, 48.142822, 57.358707, 23.924021, 20.767857, ","[["" 128.399"", "" 129.635"", ""  57.607""], ["" 129.348"", "" 129.295"", ""  58.505""], ["" 128.073"", "" 128.966"", ""  56.626""], ["" 129.467"", "" 129.924"", ""  59.286""], ["" 127.689"", "" 130.970"", ""  57.866""], ["" 127.542"", "" 131.296"", ""  59.367""], ["" 128.519"", "" 132.724"", ""  59.927""], ["" 130.234"", "" 132.249"", ""  59.897""], ["" 132.354"", "" 131.747"", ""  58.840""], ["" 131.007"", "" 132.157"", ""  58.716""], ["" 132.870"", "" 131.467"", ""  60.110""], ["" 130.462"", "" 132.504"", ""  57.402""], ["" 132.043"", "" 131.609"", ""  61.222""], ["" 130.033"", "" 132.779"", ""  56.363""], ["" 130.749"", "" 131.995"", ""  61.126""], ["" 133.284"", "" 131.598"", ""  57.637""], ["" 132.546"", "" 131.332"", ""  62.626""], ["" 130.176"", "" 128.157"", ""  58.554""], ["" 130.564"", "" 127.742"", ""  59.829""], ["" 130.630"", "" 127.446"", ""  57.433""], ["" 131.377"", "" 126.625"", ""  59.991""], ["" 131.447"", "" 126.331"", ""  57.597""], ["" 131.827"", "" 125.903"", ""  58.875""], ["" 132.704"", "" 124.692"", ""  59.013""], ["" 133.479"", "" 124.311"", ""  58.130""], ["" 132.550"", "" 124.051"", ""  60.200""], ["" 133.656"", "" 123.834"", ""  61.067""], ["" 133.681"", "" 122.366"", ""  61.504""]]",[],1n_Grossjean_2025
19,5684,1o_Grossjean_2025,receptor_tmp,1,18,-7.14,-0.2644444444444444,0.0,0.0,1,187.19,-9.23,-8.69,-0.54,-9.23,0.0,-0.77,2.09,-0.77,67,11,0.0,0.0,0.0,8.336352,9.929557,10.778089,-0.48901887,-0.6953344,-0.52665987,123.870392,"227.136612, 291.948334, 260.317474, 306.283417, 46.448212, 197.958069, 267.926086, ","[["" 130.271"", "" 125.676"", ""  66.713""], ["" 129.910"", "" 126.853"", ""  67.269""], ["" 130.303"", "" 124.594"", ""  67.301""], ["" 129.867"", "" 127.644"", ""  66.643""], ["" 130.634"", "" 125.732"", ""  65.222""], ["" 132.103"", "" 126.124"", ""  64.966""], ["" 133.221"", "" 124.705"", ""  64.765""], ["" 132.837"", "" 123.898"", ""  63.224""], ["" 131.616"", "" 122.386"", ""  61.778""], ["" 131.798"", "" 122.951"", ""  63.061""], ["" 132.445"", "" 122.793"", ""  60.727""], ["" 130.901"", "" 122.580"", ""  64.158""], ["" 133.424"", "" 123.753"", ""  60.971""], ["" 130.193"", "" 122.285"", ""  65.025""], ["" 133.619"", "" 124.305"", ""  62.192""], ["" 130.540"", "" 121.343"", ""  61.482""], ["" 134.346"", "" 124.246"", ""  59.870""], ["" 129.546"", "" 127.151"", ""  68.597""], ["" 130.573"", "" 127.625"", ""  69.415""], ["" 128.261"", "" 126.985"", ""  69.134""], ["" 130.324"", "" 127.942"", ""  70.748""], ["" 128.015"", "" 127.301"", ""  70.467""], ["" 129.041"", "" 127.784"", ""  71.290""], ["" 128.737"", "" 128.113"", ""  72.724""], ["" 129.460"", "" 128.830"", ""  73.422""], ["" 127.592"", "" 127.540"", ""  73.176""], ["" 126.639"", "" 128.293"", ""  73.912""]]",[],1o_Grossjean_2025
20,5657,1p_Grossjean_2025,receptor_tmp,1,20,-6.61,-0.3004545454545455,0.0,0.0,2,187.32,-8.1,-7.94,-0.17,-8.1,0.0,-0.65,1.49,-0.65,48,4,0.0,0.0,0.0,5.385477,5.815571,6.037598,0.98827026,0.14990983,0.02913658,208.374756,"137.092255, 22.703661, 234.569595, 56.766651, 227.025162, ","[["" 129.223"", "" 121.803"", ""  61.749""], ["" 129.070"", "" 122.378"", ""  60.033""], ["" 127.385"", "" 122.901"", ""  59.813""], ["" 125.414"", "" 123.449"", ""  58.516""], ["" 126.758"", "" 123.014"", ""  58.549""], ["" 124.758"", "" 123.735"", ""  59.718""], ["" 127.451"", "" 122.663"", ""  57.309""], ["" 125.446"", "" 123.574"", ""  60.920""], ["" 127.998"", "" 122.386"", ""  56.327""], ["" 126.733"", "" 123.161"", ""  60.975""], ["" 124.636"", "" 123.618"", ""  57.212""], ["" 124.784"", "" 123.855"", ""  62.256""], ["" 130.680"", "" 121.675"", ""  62.234""], ["" 131.606"", "" 122.773"", ""  61.690""], ["" 132.111"", "" 122.552"", ""  60.455""], ["" 131.849"", "" 123.762"", ""  62.384""], ["" 131.835"", "" 121.701"", ""  59.988""], ["" 132.967"", "" 123.377"", ""  59.737""], ["" 132.749"", "" 123.859"", ""  58.525""], ["" 134.198"", "" 123.810"", ""  60.230""], ["" 133.862"", "" 124.633"", ""  58.192""], ["" 134.728"", "" 124.594"", ""  59.231""]]",[],1p_Grossjean_2025
21,13244,1q_Grossjean_2025,receptor_tmp,1,20,-6.39,-0.29045454545454547,0.0,0.0,3,185.45,-8.48,-8.27,-0.2,-8.48,0.0,-1.51,2.09,-1.51,41,5,0.0,0.0,0.0,7.278869,5.544435,7.973592,0.96563933,0.17048037,0.1961559,95.83046,"253.60939, 38.20219, 109.303482, 266.57016, 329.216736, 47.298641, 240.229065, ","[["" 132.023"", "" 122.708"", ""  62.124""], ["" 132.189"", "" 123.348"", ""  60.951""], ["" 132.964"", "" 122.317"", ""  62.818""], ["" 131.365"", "" 123.613"", ""  60.432""], ["" 130.571"", "" 122.498"", ""  62.575""], ["" 129.749"", "" 121.571"", ""  61.657""], ["" 129.428"", "" 122.275"", ""  60.012""], ["" 127.724"", "" 122.791"", ""  59.939""], ["" 125.638"", "" 123.347"", ""  58.840""], ["" 126.984"", "" 122.928"", ""  58.739""], ["" 125.098"", "" 123.622"", ""  60.101""], ["" 127.581"", "" 122.692"", ""  57.424""], ["" 125.907"", "" 123.485"", ""  61.227""], ["" 128.050"", "" 122.506"", ""  56.382""], ["" 127.197"", "" 123.084"", ""  61.155""], ["" 124.735"", "" 123.522"", ""  57.619""], ["" 125.385"", "" 123.778"", ""  62.621""], ["" 133.478"", "" 123.674"", ""  60.322""], ["" 133.337"", "" 124.111"", ""  58.848""], ["" 134.325"", "" 124.163"", ""  58.115""], ["" 132.063"", "" 124.386"", ""  58.474""], ["" 131.799"", "" 125.365"", ""  57.479""]]",[],1q_Grossjean_2025
22,13418,2a_Ghoteimi_2023,receptor_tmp,1,12,-4.87,-0.09938775510204081,0.0,0.0,7,190.96,-8.15,-7.62,-0.53,-8.15,0.0,-2.47,3.28,-2.47,84,8,0.0,0.0,0.0,-2.021077,11.6818,3.517879,0.74542758,0.15266334,0.6488695,52.930561,"184.993912, 158.49379, 78.047043, 215.749039, 292.947968, 258.834351, 204.580338, 68.831604, 248.135544, 230.697998, 152.013901, ","[["" 125.004"", "" 130.034"", ""  60.871""], ["" 125.380"", "" 128.870"", ""  61.444""], ["" 125.616"", "" 130.612"", ""  59.972""], ["" 124.817"", "" 128.555"", ""  62.219""], ["" 123.730"", "" 130.664"", ""  61.450""], ["" 123.794"", "" 130.983"", ""  63.242""], ["" 125.415"", "" 130.471"", ""  63.763""], ["" 123.783"", "" 129.592"", ""  66.811""], ["" 124.620"", "" 129.727"", ""  66.022""], ["" 125.682"", "" 129.894"", ""  65.025""], ["" 127.017"", "" 129.522"", ""  65.316""], ["" 126.380"", "" 130.687"", ""  62.840""], ["" 128.000"", "" 129.755"", ""  64.344""], ["" 127.660"", "" 130.330"", ""  63.117""], ["" 127.449"", "" 128.899"", ""  66.603""], ["" 126.613"", "" 127.993"", ""  67.261""], ["" 128.675"", "" 129.229"", ""  67.189""], ["" 126.997"", "" 127.422"", ""  68.470""], ["" 129.060"", "" 128.656"", ""  68.398""], ["" 128.232"", "" 127.737"", ""  69.058""], ["" 128.629"", "" 127.189"", ""  70.281""], ["" 127.643"", "" 127.066"", ""  71.373""], ["" 129.961"", "" 127.467"", ""  70.852""], ["" 128.094"", "" 126.110"", ""  72.497""], ["" 130.354"", "" 126.504"", ""  71.992""], ["" 129.357"", "" 126.515"", ""  73.002""], ["" 128.671"", "" 130.590"", ""  62.047""], ["" 129.289"", "" 129.537"", ""  61.362""], ["" 129.036"", "" 131.899"", ""  61.713""], ["" 130.239"", "" 129.785"", ""  60.375""], ["" 129.987"", "" 132.146"", ""  60.728""], ["" 130.601"", "" 131.094"", ""  60.029""], ["" 131.579"", "" 131.327"", ""  59.056""], ["" 132.990"", "" 131.558"", ""  59.423""], ["" 131.242"", "" 132.110"", ""  57.848""], ["" 133.970"", "" 131.434"", ""  58.237""], ["" 132.275"", "" 131.971"", ""  56.710""], ["" 133.571"", "" 132.297"", ""  57.185""], ["" 126.471"", "" 128.030"", ""  61.148""], ["" 126.825"", "" 127.949"", ""  59.800""], ["" 127.210"", "" 127.309"", ""  62.097""], ["" 127.891"", "" 127.151"", ""  59.397""], ["" 128.276"", "" 126.509"", ""  61.692""], ["" 128.630"", "" 126.420"", ""  60.339""], ["" 129.786"", "" 125.548"", ""  59.939""], ["" 130.725"", "" 125.942"", ""  59.240""], ["" 129.691"", "" 124.281"", ""  60.418""], ["" 128.689"", "" 123.389"", ""  59.946""], ["" 127.664"", "" 123.143"", ""  61.057""]]",[],2a_Ghoteimi_2023
23,5308,2a_Grossjean_2025,receptor_tmp,1,2,-6.65,-0.22166666666666668,0.0,0.0,4,185.94,-9.04,-8.76,-0.28,-9.04,0.0,-2.37,2.39,-2.37,64,5,0.0,0.0,0.0,4.79684,11.672016,4.904097,0.97094291,0.13834776,-0.19526846,136.879578,"12.048082, 264.168274, 267.56131, 170.902954, 325.675354, 64.180603, 194.095413, 208.869339, ","[["" 127.865"", "" 130.213"", ""  59.300""], ["" 129.043"", "" 129.743"", ""  59.765""], ["" 127.258"", "" 129.777"", ""  58.322""], ["" 129.398"", "" 130.192"", ""  60.595""], ["" 127.269"", "" 131.390"", ""  60.080""], ["" 128.372"", "" 132.841"", ""  60.150""], ["" 130.075"", "" 132.314"", ""  59.995""], ["" 131.992"", "" 131.597"", ""  61.116""], ["" 132.709"", "" 131.497"", ""  59.927""], ["" 130.699"", "" 131.992"", ""  61.157""], ["" 132.081"", "" 131.816"", ""  58.714""], ["" 130.727"", "" 132.236"", ""  58.743""], ["" 130.022"", "" 132.584"", ""  57.504""], ["" 129.466"", "" 132.859"", ""  56.527""], ["" 132.629"", "" 131.281"", ""  62.456""], ["" 132.889"", "" 131.700"", ""  57.407""], ["" 132.181"", "" 131.042"", ""  56.489""], ["" 133.180"", "" 132.916"", ""  56.942""], ["" 134.042"", "" 131.046"", ""  57.571""], ["" 129.834"", "" 128.674"", ""  59.307""], ["" 129.858"", "" 128.490"", ""  57.924""], ["" 130.574"", "" 127.810"", ""  60.127""], ["" 130.619"", "" 127.470"", ""  57.360""], ["" 131.332"", "" 126.788"", ""  59.562""], ["" 131.368"", "" 126.608"", ""  58.173""], ["" 132.202"", "" 125.498"", ""  57.599""], ["" 132.542"", "" 125.449"", ""  56.413""], ["" 132.527"", "" 124.547"", ""  58.512""], ["" 133.882"", "" 124.313"", ""  58.878""], ["" 133.943"", "" 123.893"", ""  60.350""]]",[],2a_Grossjean_2025
24,5254,2aa_Ghoteimi_2023,receptor_tmp,1,15,-7.54,-0.15387755102040818,0.0,0.0,9,188.38,-10.82,-9.96,-0.86,-10.82,0.0,0.15,3.28,0.15,80,10,0.0,0.0,0.0,-1.683505,15.902759,7.447179,-0.28775779,0.82762469,-0.48190541,34.591991,"316.23233, 162.841553, 139.600677, 77.888321, 347.245056, 201.117813, 238.462524, 137.46492, 299.308411, 254.839462, 310.814148, ","[["" 124.708"", "" 131.253"", ""  61.664""], ["" 124.908"", "" 130.018"", ""  61.155""], ["" 125.355"", "" 132.258"", ""  61.361""], ["" 124.253"", "" 129.307"", ""  61.446""], ["" 123.555"", "" 131.349"", ""  62.672""], ["" 123.891"", "" 130.619"", ""  63.857""], ["" 125.210"", "" 130.267"", ""  64.109""], ["" 123.738"", "" 129.472"", ""  67.219""], ["" 124.546"", "" 129.586"", ""  66.398""], ["" 125.568"", "" 129.731"", ""  65.359""], ["" 126.916"", "" 129.364"", ""  65.581""], ["" 126.124"", "" 130.458"", ""  63.117""], ["" 127.838"", "" 129.581"", ""  64.549""], ["" 127.423"", "" 130.129"", ""  63.332""], ["" 127.414"", "" 128.751"", ""  66.850""], ["" 126.644"", "" 127.800"", ""  67.524""], ["" 128.641"", "" 129.135"", ""  67.399""], ["" 127.093"", "" 127.240"", ""  68.717""], ["" 129.089"", "" 128.576"", ""  68.592""], ["" 128.320"", "" 127.627"", ""  69.279""], ["" 128.792"", "" 127.075"", ""  70.473""], ["" 127.872"", "" 126.699"", ""  71.563""], ["" 130.055"", "" 127.581"", ""  71.048""], ["" 128.522"", "" 125.796"", ""  72.633""], ["" 130.649"", "" 126.655"", ""  72.130""], ["" 129.689"", "" 126.419"", ""  73.148""], ["" 128.369"", "" 130.362"", ""  62.196""], ["" 129.292"", "" 129.381"", ""  61.823""], ["" 128.359"", "" 131.565"", ""  61.480""], ["" 130.171"", "" 129.590"", ""  60.763""], ["" 129.234"", "" 131.774"", ""  60.418""], ["" 130.148"", "" 130.785"", ""  60.026""], ["" 131.032"", "" 131.016"", ""  58.966""], ["" 130.567"", "" 131.598"", ""  57.690""], ["" 132.408"", "" 131.473"", ""  59.248""], ["" 131.580"", "" 131.452"", ""  56.535""], ["" 133.368"", "" 131.330"", ""  58.047""], ["" 132.833"", "" 131.997"", ""  56.915""], ["" 125.869"", "" 129.569"", ""  60.229""], ["" 126.417"", "" 128.311"", ""  60.487""], ["" 126.308"", "" 130.295"", ""  59.112""], ["" 127.378"", "" 127.773"", ""  59.636""], ["" 127.272"", "" 129.755"", ""  58.265""], ["" 127.817"", "" 128.489"", ""  58.513""], ["" 128.855"", "" 127.939"", ""  57.578""], ["" 128.613"", "" 127.080"", ""  56.724""], ["" 130.090"", "" 128.471"", ""  57.774""], ["" 131.194"", "" 127.653"", ""  58.138""], ["" 130.736"", "" 126.612"", ""  59.166""]]",[],2aa_Ghoteimi_2023
25,5386,2b_Ghoteimi_2023,receptor_tmp,1,15,-7.62,-0.1772093023255814,0.0,0.0,3,190.43,-10.01,-9.37,-0.64,-10.01,0.0,-2.41,2.39,-2.41,83,9,0.0,0.0,0.0,7.599677,8.406636,8.085034,-0.88810858,0.30717111,-0.34191966,44.600864,"130.806351, 338.213715, 41.214439, 244.331894, 72.627846, 269.628113, 282.860291, 217.135239, ","[["" 134.381"", "" 124.509"", ""  62.894""], ["" 132.767"", "" 124.928"", ""  63.516""], ["" 134.473"", "" 125.724"", ""  66.552""], ["" 133.615"", "" 125.578"", ""  65.789""], ["" 132.524"", "" 125.396"", ""  64.826""], ["" 131.187"", "" 125.694"", ""  65.189""], ["" 131.780"", "" 124.789"", ""  62.599""], ["" 130.180"", "" 125.509"", ""  64.234""], ["" 130.499"", "" 125.072"", ""  62.945""], ["" 130.785"", "" 126.202"", ""  66.535""], ["" 129.611"", "" 125.745"", ""  67.138""], ["" 131.563"", "" 127.152"", ""  67.202""], ["" 129.231"", "" 126.216"", ""  68.391""], ["" 131.180"", "" 127.625"", ""  68.453""], ["" 130.006"", "" 127.171"", ""  69.069""], ["" 129.653"", "" 127.648"", ""  70.332""], ["" 128.420"", "" 127.146"", ""  70.971""], ["" 130.671"", "" 127.915"", ""  71.367""], ["" 127.951"", "" 128.013"", ""  72.159""], ["" 130.143"", "" 128.768"", ""  72.538""], ["" 128.999"", "" 128.151"", ""  73.107""], ["" 129.465"", "" 124.888"", ""  61.880""], ["" 128.729"", "" 123.700"", ""  61.797""], ["" 129.193"", "" 125.897"", ""  60.949""], ["" 127.754"", "" 123.528"", ""  60.818""], ["" 128.220"", "" 125.725"", ""  59.968""], ["" 127.486"", "" 124.533"", ""  59.876""], ["" 126.488"", "" 124.387"", ""  58.906""], ["" 126.849"", "" 123.960"", ""  57.538""], ["" 125.147"", "" 123.877"", ""  59.251""], ["" 125.737"", "" 124.216"", ""  56.497""], ["" 124.085"", "" 124.132"", ""  58.160""], ["" 124.527"", "" 123.607"", ""  56.919""], ["" 134.246"", "" 122.902"", ""  62.055""], ["" 133.581"", "" 123.023"", ""  60.683""], ["" 133.632"", "" 124.248"", ""  60.118""], ["" 133.055"", "" 122.029"", ""  60.178""], ["" 134.081"", "" 124.983"", ""  60.646""], ["" 133.102"", "" 124.634"", ""  58.895""], ["" 133.745"", "" 124.641"", ""  57.739""], ["" 131.789"", "" 125.076"", ""  58.740""], ["" 132.838"", "" 125.097"", ""  56.779""], ["" 131.662"", "" 125.356"", ""  57.399""]]",[],2b_Ghoteimi_2023
26,13291,2b_Grossjean_2025,receptor_tmp,1,10,-6.62,-0.22827586206896552,0.0,0.0,1,184.48,-8.71,-8.23,-0.48,-8.71,0.0,-2.0,2.09,-2.0,60,5,0.0,0.0,0.0,4.89727,5.158201,7.411778,-0.86594046,0.0657886,0.49580136,175.031998,"117.562614, 92.425972, 291.100433, 219.291458, 277.882843, 350.2948, 329.597717, ","[["" 130.257"", "" 122.523"", ""  63.124""], ["" 129.421"", "" 123.350"", ""  62.460""], ["" 130.574"", "" 121.389"", ""  62.762""], ["" 129.197"", "" 124.218"", ""  62.922""], ["" 130.817"", "" 123.078"", ""  64.437""], ["" 131.769"", "" 124.617"", ""  64.217""], ["" 131.755"", "" 125.103"", ""  62.496""], ["" 130.807"", "" 126.495"", ""  60.882""], ["" 131.611"", "" 125.962"", ""  59.878""], ["" 130.875"", "" 126.082"", ""  62.167""], ["" 132.533"", "" 124.954"", ""  60.196""], ["" 132.611"", "" 124.506"", ""  61.540""], ["" 133.552"", "" 123.451"", ""  61.928""], ["" 134.296"", "" 122.619"", ""  62.234""], ["" 129.789"", "" 127.582"", ""  60.595""], ["" 133.419"", "" 124.378"", ""  59.075""], ["" 133.242"", "" 123.059"", ""  58.986""], ["" 133.100"", "" 124.937"", ""  57.906""], ["" 134.720"", "" 124.596"", ""  59.281""], ["" 128.753"", "" 123.159"", ""  61.235""], ["" 127.432"", "" 123.601"", ""  61.189""], ["" 129.328"", "" 122.588"", ""  60.090""], ["" 126.682"", "" 123.465"", ""  60.024""], ["" 128.578"", "" 122.455"", ""  58.925""], ["" 127.246"", "" 122.889"", ""  58.877""], ["" 126.468"", "" 122.728"", ""  57.603""], ["" 126.984"", "" 122.402"", ""  56.529""], ["" 125.141"", "" 122.975"", ""  57.751""], ["" 124.588"", "" 124.238"", ""  57.407""]]",[],2b_Grossjean_2025
27,5424,2c_Ghoteimi_2023,receptor_tmp,1,12,-7.35,-0.17093023255813952,0.0,0.0,6,189.56,-9.74,-9.27,-0.47,-9.74,0.0,-2.07,2.39,-2.07,92,7,0.0,0.0,0.0,7.520069,8.235497,7.228713,-0.37579527,-0.37266259,0.84846951,325.386292,"309.96582, 157.211395, 132.328018, 179.652283, 128.43985, 304.234467, 208.331985, 87.264343, ","[["" 134.470"", "" 124.245"", ""  62.537""], ["" 132.865"", "" 124.655"", ""  63.183""], ["" 134.624"", "" 125.540"", ""  66.162""], ["" 133.752"", "" 125.366"", ""  65.423""], ["" 132.642"", "" 125.149"", ""  64.489""], ["" 131.308"", "" 125.432"", ""  64.875""], ["" 131.860"", "" 124.479"", ""  62.292""], ["" 130.284"", "" 125.211"", ""  63.946""], ["" 130.581"", "" 124.747"", ""  62.661""], ["" 130.925"", "" 125.955"", ""  66.221""], ["" 131.738"", "" 126.887"", ""  66.870""], ["" 129.761"", "" 125.518"", ""  66.856""], ["" 131.386"", "" 127.383"", ""  68.122""], ["" 129.409"", "" 126.012"", ""  68.109""], ["" 130.217"", "" 126.950"", ""  68.767""], ["" 129.834"", "" 127.450"", ""  70.014""], ["" 128.560"", "" 127.002"", ""  70.611""], ["" 130.822"", "" 127.686"", ""  71.084""], ["" 128.080"", "" 127.902"", ""  71.770""], ["" 130.285"", "" 128.568"", ""  72.231""], ["" 129.094"", "" 128.004"", ""  72.758""], ["" 129.527"", "" 124.512"", ""  61.628""], ["" 129.676"", "" 123.503"", ""  60.671""], ["" 128.360"", "" 125.286"", ""  61.594""], ["" 128.694"", "" 123.276"", ""  59.709""], ["" 127.378"", "" 125.060"", ""  60.632""], ["" 127.530"", "" 124.058"", ""  59.662""], ["" 126.523"", "" 123.827"", ""  58.719""], ["" 126.737"", "" 122.839"", ""  57.642""], ["" 125.094"", "" 123.846"", ""  59.096""], ["" 125.732"", "" 122.964"", ""  56.478""], ["" 124.134"", "" 123.938"", ""  57.891""], ["" 124.405"", "" 122.891"", ""  56.972""], ["" 134.275"", "" 123.920"", ""  60.758""], ["" 133.206"", "" 122.861"", ""  60.482""], ["" 133.342"", "" 121.704"", ""  61.165""], ["" 132.303"", "" 123.109"", ""  59.681""], ["" 134.133"", "" 121.619"", ""  61.787""], ["" 132.520"", "" 120.590"", ""  61.080""], ["" 131.226"", "" 120.522"", ""  61.303""], ["" 133.264"", "" 119.092"", ""  60.620""], ["" 130.766"", "" 119.300"", ""  61.123""], ["" 131.701"", "" 118.341"", ""  60.745""]]",[],2c_Ghoteimi_2023
28,13409,2c_Grossjean_2025,receptor_tmp,1,19,-6.58,-0.2437037037037037,0.0,0.0,1,191.34,-8.37,-7.63,-0.74,-8.37,0.0,-0.62,1.79,-0.62,53,8,0.0,0.0,0.0,6.325281,9.736319,13.20402,0.16110175,-0.01426562,-0.9868347,162.378784,"10.25753, 347.198547, 132.964966, 334.022064, 293.916046, 95.763466, ","[["" 129.256"", "" 126.904"", ""  67.015""], ["" 130.898"", "" 126.144"", ""  66.764""], ["" 131.126"", "" 125.780"", ""  65.028""], ["" 130.129"", "" 125.694"", ""  62.921""], ["" 131.309"", "" 125.253"", ""  62.326""], ["" 130.033"", "" 125.958"", ""  64.242""], ["" 132.453"", "" 125.070"", ""  63.117""], ["" 132.365"", "" 125.338"", ""  64.506""], ["" 133.529"", "" 125.162"", ""  65.382""], ["" 134.447"", "" 125.022"", ""  66.072""], ["" 128.862"", "" 125.901"", ""  62.114""], ["" 133.751"", "" 124.583"", ""  62.445""], ["" 134.771"", "" 125.366"", ""  62.801""], ["" 134.017"", "" 123.330"", ""  62.815""], ["" 133.679"", "" 124.602"", ""  61.111""], ["" 129.072"", "" 127.657"", ""  68.341""], ["" 129.097"", "" 126.880"", ""  69.445""], ["" 128.888"", "" 128.876"", ""  68.346""], ["" 129.137"", "" 125.883"", ""  69.294""], ["" 128.987"", "" 127.266"", ""  70.793""], ["" 130.080"", "" 127.598"", ""  71.606""], ["" 127.700"", "" 127.268"", ""  71.335""], ["" 129.874"", "" 127.951"", ""  72.937""], ["" 127.499"", "" 127.621"", ""  72.666""], ["" 128.590"", "" 127.970"", ""  73.479""], ["" 128.486"", "" 128.334"", ""  74.808""], ["" 127.273"", "" 128.916"", ""  75.275""]]",[],2c_Grossjean_2025
29,5517,2d_Ghoteimi_2023,receptor_tmp,1,6,-5.58,-0.14684210526315788,0.0,0.0,1,189.83,-7.97,-7.56,-0.41,-7.97,0.0,-1.63,2.39,-1.63,83,7,0.0,0.0,0.0,6.881578,8.808123,7.888562,0.93271017,0.19732046,-0.30185489,96.65715,"135.373581, 95.011978, 211.218018, 252.537109, 193.835571, 162.476456, 40.981113, 298.314301, ","[["" 134.381"", "" 124.223"", ""  62.624""], ["" 132.781"", "" 124.677"", ""  63.261""], ["" 134.514"", "" 125.484"", ""  66.281""], ["" 133.651"", "" 125.347"", ""  65.522""], ["" 132.554"", "" 125.175"", ""  64.565""], ["" 131.223"", "" 125.499"", ""  64.930""], ["" 131.774"", "" 124.463"", ""  62.380""], ["" 130.206"", "" 125.301"", ""  63.989""], ["" 130.499"", "" 124.771"", ""  62.730""], ["" 130.832"", "" 126.043"", ""  66.266""], ["" 129.611"", "" 125.683"", ""  66.840""], ["" 131.686"", "" 126.893"", ""  66.975""], ["" 129.242"", "" 126.174"", ""  68.089""], ["" 131.317"", "" 127.385"", ""  68.223""], ["" 130.085"", "" 127.044"", ""  68.799""], ["" 129.741"", "" 127.539"", ""  70.061""], ["" 130.759"", "" 127.750"", ""  71.108""], ["" 128.476"", "" 127.103"", ""  70.684""], ["" 130.263"", "" 128.623"", ""  72.281""], ["" 128.038"", "" 127.996"", ""  71.865""], ["" 129.077"", "" 128.071"", ""  72.830""], ["" 129.445"", "" 124.525"", ""  61.700""], ["" 129.489"", "" 123.382"", ""  60.894""], ["" 128.391"", "" 125.428"", ""  61.510""], ["" 128.510"", "" 123.146"", ""  59.932""], ["" 127.411"", "" 125.191"", ""  60.550""], ["" 127.444"", "" 124.041"", ""  59.750""], ["" 126.462"", "" 123.828"", ""  58.776""], ["" 125.695"", "" 124.948"", ""  58.196""], ["" 126.661"", "" 122.782"", ""  57.752""], ["" 124.428"", "" 124.502"", ""  57.437""], ["" 125.369"", "" 122.398"", ""  57.000""], ["" 124.770"", "" 123.554"", ""  56.438""], ["" 134.192"", "" 122.708"", ""  61.623""], ["" 133.312"", "" 122.962"", ""  60.391""], ["" 133.559"", "" 123.832"", ""  59.550""], ["" 132.254"", "" 122.125"", ""  60.363""], ["" 132.254"", "" 120.938"", ""  61.141""]]",[],2d_Ghoteimi_2023
30,14068,2d_Grossjean_2025,receptor_tmp,1,8,-6.45,-0.258,0.0,0.0,1,190.94,-7.94,-7.98,0.04,-7.94,0.0,-0.82,1.49,-0.82,57,2,0.0,0.0,0.0,5.586707,14.705413,3.082401,0.0271679,0.74537619,-0.66609026,206.616135,"358.986084, 144.881302, 37.153866, 181.665039, 117.879662, ","[["" 128.257"", "" 133.231"", ""  60.784""], ["" 129.842"", "" 132.506"", ""  60.411""], ["" 131.776"", "" 131.612"", ""  61.352""], ["" 132.344"", "" 131.396"", ""  60.098""], ["" 130.546"", "" 132.152"", ""  61.514""], ["" 131.620"", "" 131.735"", ""  58.946""], ["" 130.328"", "" 132.299"", ""  59.098""], ["" 129.513"", "" 132.628"", ""  57.925""], ["" 128.870"", "" 132.886"", ""  56.998""], ["" 132.513"", "" 131.258"", ""  62.629""], ["" 132.260"", "" 131.479"", ""  57.568""], ["" 131.528"", "" 130.602"", ""  56.880""], ["" 132.330"", "" 132.619"", ""  56.877""], ["" 133.497"", "" 130.987"", ""  57.656""], ["" 126.993"", "" 131.917"", ""  60.765""], ["" 127.121"", "" 130.947"", ""  61.944""], ["" 126.368"", "" 131.239"", ""  63.025""], ["" 127.859"", "" 129.967"", ""  61.834""], ["" 125.742"", "" 132.026"", ""  62.935""], ["" 126.269"", "" 130.554"", ""  64.250""], ["" 124.981"", "" 130.184"", ""  64.643""], ["" 127.362"", "" 130.259"", ""  65.083""], ["" 124.780"", "" 129.507"", ""  65.844""], ["" 127.158"", "" 129.583"", ""  66.283""], ["" 125.871"", "" 129.208"", ""  66.657""]]",[],2d_Grossjean_2025
31,5092,2e_Grossjean_2025,receptor_tmp,1,7,-6.31,-0.24269230769230768,0.0,0.0,3,187.31,-7.8,-7.69,-0.11,-7.8,0.0,-2.02,1.49,-2.02,51,5,0.0,0.0,0.0,3.465968,6.547446,6.369154,0.78111575,-0.04880414,0.62247597,316.843903,"3.46662, 238.94574, 225.490417, 8.317989, 276.002747, ","[["" 129.171"", "" 122.217"", ""  60.442""], ["" 127.519"", "" 122.863"", ""  60.304""], ["" 125.638"", "" 123.572"", ""  61.477""], ["" 124.923"", "" 123.776"", ""  60.298""], ["" 126.912"", "" 123.121"", ""  61.489""], ["" 125.533"", "" 123.504"", ""  59.064""], ["" 126.870"", "" 123.036"", ""  59.060""], ["" 127.554"", "" 122.706"", ""  57.806""], ["" 128.093"", "" 122.445"", ""  56.815""], ["" 125.020"", "" 123.842"", ""  62.836""], ["" 124.723"", "" 123.714"", ""  57.771""], ["" 125.372"", "" 124.543"", ""  56.953""], ["" 124.544"", "" 122.547"", ""  57.152""], ["" 123.516"", "" 124.238"", ""  57.998""], ["" 130.078"", "" 123.417"", ""  61.470""], ["" 129.606"", "" 124.854"", ""  61.228""], ["" 128.479"", "" 125.220"", ""  61.878""], ["" 130.237"", "" 125.571"", ""  60.450""], ["" 128.121"", "" 124.578"", ""  62.569""], ["" 127.757"", "" 126.419"", ""  61.753""], ["" 127.606"", "" 127.277"", ""  62.805""], ["" 127.253"", "" 126.719"", ""  60.482""], ["" 126.935"", "" 128.440"", ""  62.604""], ["" 126.564"", "" 127.919"", ""  60.292""], ["" 126.398"", "" 128.797"", ""  61.364""], ["" 126.808"", "" 129.345"", ""  63.814""]]",[],2e_Grossjean_2025
32,5347,2f_Grossjean_2025,receptor_tmp,1,19,-7.38,-0.2952,0.0,0.0,1,186.71,-8.87,-8.67,-0.2,-8.87,0.0,-0.61,1.49,-0.61,54,5,0.0,0.0,0.0,5.835022,7.675771,4.618938,-0.98198243,0.18145495,0.05276932,235.234085,"5.141651, 54.789684, 255.61824, 26.791193, 329.45874, ","[["" 129.256"", "" 122.154"", ""  60.110""], ["" 127.606"", "" 122.818"", ""  60.000""], ["" 125.801"", "" 123.593"", ""  61.252""], ["" 125.057"", "" 123.858"", ""  60.105""], ["" 127.050"", "" 123.077"", ""  61.209""], ["" 125.606"", "" 123.574"", ""  58.845""], ["" 126.915"", "" 123.029"", ""  58.783""], ["" 127.510"", "" 122.663"", ""  57.495""], ["" 127.980"", "" 122.375"", ""  56.478""], ["" 125.251"", "" 123.873"", ""  62.638""], ["" 124.763"", "" 123.862"", ""  57.589""], ["" 125.458"", "" 124.615"", ""  56.733""], ["" 124.434"", "" 122.718"", ""  56.989""], ["" 123.631"", "" 124.513"", ""  57.863""], ["" 130.386"", "" 123.518"", ""  60.552""], ["" 130.878"", "" 123.510"", ""  62.007""], ["" 131.162"", "" 124.731"", ""  62.508""], ["" 130.973"", "" 122.453"", ""  62.632""], ["" 130.980"", "" 125.517"", ""  61.900""], ["" 131.639"", "" 125.086"", ""  63.785""], ["" 133.025"", "" 125.060"", ""  63.971""], ["" 130.838"", "" 125.445"", ""  64.885""], ["" 133.626"", "" 125.375"", ""  65.147""], ["" 131.440"", "" 125.770"", ""  66.101""], ["" 132.832"", "" 125.725"", ""  66.190""]]",[],2f_Grossjean_2025
33,5233,2g_Grossjean_2025,receptor_tmp,1,9,-6.34,-0.24384615384615385,0.0,0.0,3,187.06,-8.13,-7.93,-0.2,-8.13,0.0,-1.52,1.79,-1.52,51,3,0.0,0.0,0.0,5.0474,7.588997,3.430784,-0.22983468,0.97260439,0.0348814,122.612679,"211.631409, 64.316566, 170.012161, 87.698608, 117.587479, 212.897079, ","[["" 129.811"", "" 124.688"", ""  58.665""], ["" 130.650"", "" 124.958"", ""  60.211""], ["" 130.414"", "" 125.821"", ""  62.362""], ["" 131.718"", "" 125.468"", ""  62.700""], ["" 129.883"", "" 125.577"", ""  61.142""], ["" 132.534"", "" 124.848"", ""  61.741""], ["" 131.996"", "" 124.592"", ""  60.454""], ["" 132.824"", "" 123.999"", ""  59.400""], ["" 133.478"", "" 123.530"", ""  58.569""], ["" 129.492"", "" 126.500"", ""  63.357""], ["" 133.978"", "" 124.473"", ""  62.130""], ["" 134.407"", "" 125.255"", ""  63.122""], ["" 134.022"", "" 123.202"", ""  62.532""], ["" 134.837"", "" 124.606"", ""  61.117""], ["" 128.389"", "" 123.592"", ""  58.997""], ["" 128.513"", "" 122.749"", ""  60.274""], ["" 129.653"", "" 122.043"", ""  60.392""], ["" 127.621"", "" 122.736"", ""  61.124""], ["" 130.325"", "" 122.087"", ""  59.640""], ["" 129.995"", "" 121.163"", ""  61.510""], ["" 131.029"", "" 120.094"", ""  61.174""], ["" 130.650"", "" 118.748"", ""  61.132""], ["" 132.337"", "" 120.462"", ""  60.849""], ["" 131.584"", "" 117.773"", ""  60.788""], ["" 133.270"", "" 119.488"", ""  60.506""], ["" 132.889"", "" 118.147"", ""  60.479""]]",[],2g_Grossjean_2025
34,13380,2h_Grossjean_2025,receptor_tmp,1,6,-5.81,-0.1815625,0.0,0.0,1,192.36,-8.49,-8.03,-0.47,-8.49,0.0,-1.76,2.68,-1.76,66,6,0.0,0.0,0.0,1.644033,12.74257,2.319619,0.0839792,-0.85667318,0.50897795,306.00708,"129.04686, 144.581696, 192.860611, 264.414032, 11.281642, 187.073044, 15.241449, 179.35614, 246.475082, ","[["" 127.615"", "" 130.770"", ""  58.120""], ["" 128.335"", "" 129.635"", ""  58.155""], ["" 127.231"", "" 131.294"", ""  57.073""], ["" 128.586"", "" 129.249"", ""  59.054""], ["" 127.283"", "" 131.386"", ""  59.486""], ["" 128.340"", "" 132.789"", ""  59.977""], ["" 130.026"", "" 132.250"", ""  59.795""], ["" 131.888"", "" 131.441"", ""  60.936""], ["" 132.647"", "" 131.403"", ""  59.768""], ["" 130.601"", "" 131.853"", ""  60.957""], ["" 132.063"", "" 131.792"", ""  58.552""], ["" 130.711"", "" 132.219"", ""  58.556""], ["" 130.038"", "" 132.579"", ""  57.305""], ["" 129.508"", "" 132.859"", ""  56.316""], ["" 132.466"", "" 131.018"", ""  62.273""], ["" 132.916"", "" 131.735"", ""  57.270""], ["" 134.077"", "" 131.130"", ""  57.522""], ["" 132.319"", "" 131.062"", ""  56.283""], ["" 133.158"", "" 132.969"", ""  56.825""], ["" 128.677"", "" 128.822"", ""  56.987""], ["" 129.593"", "" 127.643"", ""  57.308""], ["" 129.158"", "" 126.321"", ""  57.132""], ["" 130.882"", "" 127.884"", ""  57.787""], ["" 130.033"", "" 125.254"", ""  57.398""], ["" 131.741"", "" 126.824"", ""  58.068""], ["" 131.327"", "" 125.496"", ""  57.875""], ["" 127.889"", "" 126.076"", ""  56.664""], ["" 126.907"", "" 125.923"", ""  57.681""], ["" 129.615"", "" 123.958"", ""  57.209""], ["" 129.010"", "" 123.370"", ""  58.353""], ["" 132.126"", "" 124.394"", ""  58.124""], ["" 133.312"", "" 124.552"", ""  58.895""]]",[],2h_Grossjean_2025
35,13922,2i_Grossjean_2025,receptor_tmp,1,6,-7.34,-0.30583333333333335,0.0,0.0,2,191.28,-8.83,-8.56,-0.27,-8.83,0.0,-0.62,1.49,-0.62,52,7,0.0,0.0,0.0,5.046817,16.062467,3.788423,-0.21369805,-0.09133837,-0.9726204,201.905991,"2.969158, 280.173676, 317.021271, 46.11916, 273.839111, ","[["" 128.309"", "" 133.017"", ""  60.354""], ["" 129.981"", "" 132.412"", ""  60.188""], ["" 131.884"", "" 131.656"", ""  61.305""], ["" 132.574"", "" 131.475"", ""  60.110""], ["" 130.613"", "" 132.114"", ""  61.352""], ["" 131.939"", "" 131.775"", ""  58.895""], ["" 130.605"", "" 132.256"", ""  58.929""], ["" 129.894"", "" 132.584"", ""  57.689""], ["" 129.331"", "" 132.842"", ""  56.712""], ["" 132.522"", "" 131.345"", ""  62.647""], ["" 132.717"", "" 131.570"", ""  57.582""], ["" 132.053"", "" 130.732"", ""  56.784""], ["" 132.870"", "" 132.736"", ""  56.953""], ["" 133.934"", "" 131.057"", ""  57.777""], ["" 127.220"", "" 131.592"", ""  60.657""], ["" 127.063"", "" 131.290"", ""  62.149""], ["" 125.953"", "" 130.604"", ""  62.496""], ["" 127.943"", "" 131.656"", ""  62.930""], ["" 125.324"", "" 130.324"", ""  61.757""], ["" 125.596"", "" 130.198"", ""  63.771""], ["" 124.327"", "" 130.234"", ""  64.114""], ["" 126.394"", "" 129.743"", ""  64.830""], ["" 124.253"", "" 129.779"", ""  65.432""], ["" 125.508"", "" 129.487"", ""  65.851""]]",[],2i_Grossjean_2025
36,5257,2j_Grossjean_2025,receptor_tmp,1,12,-6.15,-0.25625000000000003,0.0,0.0,1,185.44,-7.65,-7.67,0.02,-7.65,0.0,-0.71,1.49,-0.71,49,5,0.0,0.0,0.0,5.908533,6.655712,4.037743,0.52958094,0.67455562,0.51431385,327.334259,"120.15007, 246.522064, 330.372833, 158.516846, 302.05658, ","[["" 129.588"", "" 122.197"", ""  60.625""], ["" 127.930"", "" 122.832"", ""  60.423""], ["" 126.004"", "" 123.591"", ""  61.495""], ["" 125.360"", "" 123.821"", ""  60.282""], ["" 127.264"", "" 123.108"", ""  61.573""], ["" 126.031"", "" 123.544"", ""  59.081""], ["" 127.352"", "" 123.035"", ""  59.147""], ["" 128.101"", "" 122.727"", ""  57.924""], ["" 128.691"", "" 122.486"", ""  56.958""], ["" 125.325"", "" 123.877"", ""  62.822""], ["" 125.304"", "" 123.804"", ""  57.748""], ["" 125.203"", "" 122.669"", ""  57.055""], ["" 124.080"", "" 124.280"", ""  57.980""], ["" 125.940"", "" 124.690"", ""  56.978""], ["" 130.763"", "" 123.451"", ""  60.011""], ["" 131.687"", "" 124.048"", ""  61.082""], ["" 131.132"", "" 124.165"", ""  62.309""], ["" 132.844"", "" 124.373"", ""  60.805""], ["" 130.177"", "" 123.855"", ""  62.420""], ["" 131.740"", "" 124.671"", ""  63.451""], ["" 133.018"", "" 124.653"", ""  63.759""], ["" 130.714"", "" 125.423"", ""  64.629""], ["" 133.245"", "" 125.227"", ""  64.925""], ["" 132.130"", "" 125.726"", ""  65.591""]]",[],2j_Grossjean_2025
37,5228,2k_Grossjean_2025,receptor_tmp,1,20,-5.54,-0.1910344827586207,0.0,0.0,1,186.55,-9.42,-9.11,-0.31,-9.42,0.0,-1.88,3.88,-1.88,58,5,0.0,0.0,0.0,2.876957,11.436611,1.997313,0.15982354,-0.43984912,0.88373593,72.10939,"1.39956, 306.918793, 253.17691, 238.900452, 212.093231, 179.753067, 13.327477, 118.620384, 101.575867, 147.286911, 99.736198, 287.96524, 324.749268, ","[["" 129.394"", "" 127.670"", ""  62.422""], ["" 128.398"", "" 126.653"", ""  61.835""], ["" 128.896"", "" 125.275"", ""  61.878""], ["" 130.006"", "" 124.824"", ""  61.262""], ["" 130.757"", "" 125.546"", ""  60.603""], ["" 128.344"", "" 124.620"", ""  62.411""], ["" 130.284"", "" 123.321"", ""  61.408""], ["" 129.276"", "" 122.231"", ""  60.344""], ["" 127.598"", "" 122.845"", ""  60.284""], ["" 128.045"", "" 122.442"", ""  56.771""], ["" 127.542"", "" 122.697"", ""  57.782""], ["" 126.905"", "" 123.020"", ""  59.062""], ["" 125.577"", "" 123.517"", ""  59.109""], ["" 127.036"", "" 123.140"", ""  61.483""], ["" 125.014"", "" 123.807"", ""  60.361""], ["" 125.767"", "" 123.606"", ""  61.513""], ["" 125.207"", "" 123.901"", ""  62.891""], ["" 124.731"", "" 123.751"", ""  57.842""], ["" 123.525"", "" 124.253"", ""  58.112""], ["" 125.351"", "" 124.610"", ""  57.031""], ["" 124.550"", "" 122.599"", ""  57.195""], ["" 129.772"", "" 128.585"", ""  61.404""], ["" 129.688"", "" 129.955"", ""  61.763""], ["" 131.103"", "" 130.544"", ""  61.706""], ["" 130.998"", "" 131.950"", ""  61.514""], ["" 129.834"", "" 132.358"", ""  60.811""], ["" 130.081"", "" 132.206"", ""  59.305""], ["" 128.913"", "" 132.583"", ""  58.586""], ["" 128.939"", "" 132.197"", ""  57.221""]]",[],2k_Grossjean_2025
38,5526,3aa_Grossjean_2025,receptor_tmp,1,6,-7.37,-0.21057142857142858,0.0,0.0,3,187.88,-10.05,-9.93,-0.12,-10.05,0.0,-1.32,2.68,-1.32,52,3,0.0,0.0,0.0,6.242548,8.328593,2.986766,-0.72433004,-0.07228622,0.68565348,182.102051,"219.598541, 277.066956, 31.381582, 58.308064, 357.234528, 83.755432, 209.342056, 264.252228, 150.644409, ","[["" 129.323"", "" 126.072"", ""  57.826""], ["" 130.218"", "" 126.981"", ""  58.272""], ["" 128.293"", "" 126.330"", ""  57.203""], ["" 130.977"", "" 126.620"", ""  58.833""], ["" 129.646"", "" 124.614"", ""  58.153""], ["" 128.856"", "" 124.079"", ""  59.702""], ["" 130.151"", "" 123.493"", ""  60.772""], ["" 130.082"", "" 126.789"", ""  62.128""], ["" 130.398"", "" 125.689"", ""  61.956""], ["" 130.796"", "" 124.295"", ""  61.739""], ["" 131.820"", "" 123.703"", ""  62.517""], ["" 132.124"", "" 122.349"", ""  62.306""], ["" 130.449"", "" 122.183"", ""  60.597""], ["" 131.420"", "" 121.607"", ""  61.352""], ["" 132.610"", "" 124.484"", ""  63.585""], ["" 131.835"", "" 125.283"", ""  64.322""], ["" 133.216"", "" 123.638"", ""  64.419""], ["" 133.533"", "" 125.248"", ""  62.999""], ["" 131.701"", "" 120.158"", ""  61.089""], ["" 132.994"", "" 119.732"", ""  60.745""], ["" 130.686"", "" 119.191"", ""  61.185""], ["" 133.264"", "" 118.388"", ""  60.500""], ["" 130.952"", "" 117.847"", ""  60.938""], ["" 132.241"", "" 117.451"", ""  60.596""], ["" 130.223"", "" 128.383"", ""  58.126""], ["" 129.818"", "" 128.867"", ""  56.881""], ["" 130.583"", "" 129.290"", ""  59.133""], ["" 129.791"", "" 130.237"", ""  56.632""], ["" 130.553"", "" 130.658"", ""  58.883""], ["" 130.162"", "" 131.150"", ""  57.630""], ["" 130.149"", "" 132.634"", ""  57.396""], ["" 129.129"", "" 133.324"", ""  57.479""], ["" 131.373"", "" 133.141"", ""  57.099""], ["" 132.349"", "" 132.352"", ""  56.429""], ["" 133.317"", "" 131.756"", ""  57.456""]]",[],3aa_Grossjean_2025
39,13288,3ab_Grossjean_2025,receptor_tmp,1,3,-7.66,-0.22529411764705884,0.0,0.0,2,187.66,-10.05,-9.86,-0.19,-10.05,0.0,-1.31,2.39,-1.31,51,5,0.0,0.0,0.0,5.147668,8.411684,2.205868,0.9916156,0.0336879,0.12475426,150.185013,"23.918226, 132.307709, 53.70174, 26.205288, 262.97467, 137.285843, 99.127907, 254.260956, ","[["" 130.731"", "" 125.897"", ""  57.345""], ["" 130.179"", "" 126.861"", ""  58.111""], ["" 131.397"", "" 126.085"", ""  56.328""], ["" 129.615"", "" 126.543"", ""  58.887""], ["" 130.481"", "" 124.462"", ""  57.815""], ["" 129.427"", "" 124.400"", ""  59.296""], ["" 130.394"", "" 123.689"", ""  60.611""], ["" 130.105"", "" 126.897"", ""  62.147""], ["" 130.412"", "" 125.794"", ""  61.976""], ["" 130.802"", "" 124.398"", ""  61.763""], ["" 131.569"", "" 123.704"", ""  62.732""], ["" 131.869"", "" 122.353"", ""  62.506""], ["" 130.681"", "" 122.379"", ""  60.424""], ["" 131.418"", "" 121.710"", ""  61.348""], ["" 132.080"", "" 124.373"", ""  64.022""], ["" 133.182"", "" 123.794"", ""  64.503""], ["" 132.370"", "" 125.654"", ""  63.792""], ["" 131.144"", "" 124.306"", ""  64.970""], ["" 131.694"", "" 120.263"", ""  61.066""], ["" 130.673"", "" 119.304"", ""  61.164""], ["" 132.979"", "" 119.825"", ""  60.699""], ["" 130.923"", "" 117.960"", ""  60.902""], ["" 133.233"", "" 118.482"", ""  60.437""], ["" 132.203"", "" 117.554"", ""  60.538""], ["" 130.224"", "" 128.261"", ""  57.974""], ["" 130.870"", "" 129.135"", ""  58.863""], ["" 129.556"", "" 128.784"", ""  56.866""], ["" 130.846"", "" 130.508"", ""  58.632""], ["" 129.535"", "" 130.156"", ""  56.637""], ["" 130.180"", "" 131.036"", ""  57.515""], ["" 130.136"", "" 132.511"", ""  57.240""], ["" 129.358"", "" 133.283"", ""  57.808""], ["" 131.035"", "" 132.909"", ""  56.304""], ["" 132.363"", "" 132.404"", ""  56.304""]]",[],3ab_Grossjean_2025
40,5272,3ac_Grossjean_2025,receptor_tmp,1,13,-6.87,-0.2146875,0.0,0.0,1,186.98,-8.96,-8.53,-0.42,-8.96,0.0,-0.66,2.09,-0.66,61,4,0.0,0.0,0.0,8.188631,9.89736,8.617975,-0.68344199,-0.40805095,-0.60531105,232.133102,"224.751129, 332.927094, 291.264496, 142.327545, 117.520233, 218.603226, 303.563751, ","[["" 129.905"", "" 126.665"", ""  63.430""], ["" 130.566"", "" 124.990"", ""  63.692""], ["" 129.905"", "" 123.912"", ""  62.436""], ["" 127.389"", "" 126.408"", ""  61.992""], ["" 127.983"", "" 125.424"", ""  61.859""], ["" 128.734"", "" 124.178"", ""  61.688""], ["" 128.329"", "" 123.220"", ""  60.726""], ["" 129.120"", "" 122.076"", ""  60.545""], ["" 130.663"", "" 122.810"", ""  62.226""], ["" 130.282"", "" 121.891"", ""  61.301""], ["" 127.060"", "" 123.386"", ""  59.867""], ["" 126.975"", "" 124.590"", ""  59.296""], ["" 127.043"", "" 122.481"", ""  58.888""], ["" 125.975"", "" 123.222"", ""  60.625""], ["" 131.181"", "" 120.704"", ""  61.126""], ["" 130.665"", "" 119.398"", ""  61.180""], ["" 132.559"", "" 120.861"", ""  60.904""], ["" 131.494"", "" 118.292"", ""  61.013""], ["" 133.391"", "" 119.758"", ""  60.736""], ["" 132.854"", "" 118.476"", ""  60.789""], ["" 130.583"", "" 127.378"", ""  62.260""], ["" 130.444"", "" 128.721"", ""  62.237""], ["" 131.203"", "" 126.712"", ""  61.429""], ["" 129.990"", "" 129.138"", ""  63.035""], ["" 130.905"", "" 129.644"", ""  61.280""], ["" 130.502"", "" 129.418"", ""  59.962""], ["" 131.753"", "" 130.725"", ""  61.567""], ["" 130.924"", "" 130.267"", ""  58.944""], ["" 132.174"", "" 131.572"", ""  60.545""], ["" 131.761"", "" 131.348"", ""  59.222""], ["" 132.131"", "" 132.133"", ""  58.147""], ["" 132.875"", "" 131.549"", ""  57.082""]]",[],3ac_Grossjean_2025
41,13253,3ad_Grossjean_2025,receptor_tmp,1,19,-7.47,-0.249,0.0,0.0,3,186.04,-9.26,-9.14,-0.12,-9.26,0.0,-2.04,1.79,-2.04,61,4,0.0,0.0,0.0,8.662505,7.258231,5.057924,-0.86849933,-0.41157285,-0.27625477,193.762619,"334.649261, 323.0354, 331.760773, 247.692368, 187.892883, 223.71492, ","[["" 133.694"", "" 123.481"", ""  62.338""], ["" 132.215"", "" 122.611"", ""  61.870""], ["" 130.551"", "" 125.684"", ""  62.593""], ["" 130.719"", "" 124.586"", ""  62.267""], ["" 130.929"", "" 123.195"", ""  61.853""], ["" 129.836"", "" 122.385"", ""  61.458""], ["" 130.085"", "" 121.047"", ""  61.116""], ["" 132.426"", "" 121.311"", ""  61.555""], ["" 131.384"", "" 120.532"", ""  61.170""], ["" 128.390"", "" 122.911"", ""  61.394""], ["" 127.640"", "" 122.258"", ""  60.505""], ["" 127.805"", "" 122.781"", ""  62.587""], ["" 128.386"", "" 124.200"", ""  61.049""], ["" 131.703"", "" 119.106"", ""  60.830""], ["" 130.677"", "" 118.165"", ""  60.651""], ["" 133.031"", "" 118.676"", ""  60.677""], ["" 130.965"", "" 116.841"", ""  60.334""], ["" 133.324"", "" 117.352"", ""  60.362""], ["" 132.290"", "" 116.438"", ""  60.192""], ["" 134.365"", "" 124.253"", ""  60.836""], ["" 133.434"", "" 124.081"", ""  59.633""], ["" 132.461"", "" 125.010"", ""  59.515""], ["" 133.619"", "" 123.137"", ""  58.864""], ["" 132.474"", "" 125.754"", ""  60.196""], ["" 131.447"", "" 125.134"", ""  58.548""], ["" 130.358"", "" 124.270"", ""  58.698""], ["" 131.474"", "" 126.033"", ""  57.468""], ["" 129.300"", "" 124.307"", ""  57.793""], ["" 130.413"", "" 126.067"", ""  56.565""], ["" 129.332"", "" 125.206"", ""  56.732""]]",[],3ad_Grossjean_2025
42,5338,3af_Grossjean_2025,receptor_tmp,1,6,-7.8,-0.26,0.0,0.0,2,185.21,-9.59,-9.42,-0.17,-9.59,0.0,-0.93,1.79,-0.93,54,2,0.0,0.0,0.0,6.066641,8.871934,2.133705,0.76502306,0.45082243,-0.45989004,231.051819,"238.809021, 67.100975, 281.83139, 241.372803, 175.193207, 0.898653, ","[["" 131.264"", "" 126.264"", ""  59.160""], ["" 130.477"", "" 124.698"", ""  59.479""], ["" 133.384"", "" 123.954"", ""  61.411""], ["" 132.344"", "" 123.835"", ""  60.918""], ["" 131.027"", "" 123.682"", ""  60.293""], ["" 130.283"", "" 122.489"", ""  60.459""], ["" 129.052"", "" 122.368"", ""  59.797""], ["" 129.296"", "" 124.549"", ""  58.832""], ["" 128.578"", "" 123.408"", ""  58.991""], ["" 130.775"", "" 121.315"", ""  61.329""], ["" 131.029"", "" 121.675"", ""  62.589""], ["" 129.850"", "" 120.355"", ""  61.363""], ["" 131.903"", "" 120.812"", ""  60.824""], ["" 127.279"", "" 123.325"", ""  58.246""], ["" 126.096"", "" 123.830"", ""  58.809""], ["" 127.211"", "" 122.749"", ""  56.967""], ["" 124.887"", "" 123.757"", ""  58.121""], ["" 126.005"", "" 122.674"", ""  56.276""], ["" 124.846"", "" 123.178"", ""  56.858""], ["" 130.052"", "" 127.580"", ""  59.487""], ["" 130.117"", "" 128.687"", ""  58.436""], ["" 131.042"", "" 129.645"", ""  58.661""], ["" 129.353"", "" 128.644"", ""  57.472""], ["" 131.589"", "" 129.545"", ""  59.503""], ["" 131.362"", "" 130.783"", ""  57.895""], ["" 130.336"", "" 131.713"", ""  57.694""], ["" 132.616"", "" 131.062"", ""  57.322""], ["" 130.493"", "" 132.857"", ""  56.981""], ["" 132.794"", "" 132.235"", ""  56.585""], ["" 131.711"", "" 133.103"", ""  56.439""]]",[],3af_Grossjean_2025
43,5421,3ag_Grossjean_2025,receptor_tmp,1,1,-7.09,-0.22870967741935483,0.0,0.0,2,187.5,-9.18,-9.13,-0.05,-9.18,0.0,-2.96,2.09,-2.96,62,5,0.0,0.0,0.0,8.035045,7.387515,6.292498,0.43480699,-0.07517924,0.89738005,78.625648,"118.663742, 142.632065, 261.336945, 278.928101, 157.929123, 42.262753, 283.440735, ","[["" 130.637"", "" 124.599"", ""  63.805""], ["" 130.058"", "" 123.651"", ""  62.415""], ["" 127.619"", "" 126.233"", ""  62.061""], ["" 128.221"", "" 125.266"", ""  61.853""], ["" 128.982"", "" 124.042"", ""  61.587""], ["" 128.635"", "" 123.194"", ""  60.507""], ["" 129.359"", "" 122.007"", ""  60.326""], ["" 130.731"", "" 122.489"", ""  62.234""], ["" 130.393"", "" 121.668"", ""  61.206""], ["" 127.496"", "" 123.525"", ""  59.522""], ["" 126.299"", "" 123.567"", ""  60.111""], ["" 127.711"", "" 124.717"", ""  58.964""], ["" 127.436"", "" 122.602"", ""  58.562""], ["" 131.197"", "" 120.412"", ""  61.062""], ["" 132.572"", "" 120.469"", ""  60.786""], ["" 130.599"", "" 119.146"", ""  61.194""], ["" 133.326"", "" 119.306"", ""  60.651""], ["" 131.349"", "" 117.981"", ""  61.061""], ["" 132.711"", "" 118.065"", ""  60.790""], ["" 132.349"", "" 124.084"", ""  64.135""], ["" 133.296"", "" 124.462"", ""  62.995""], ["" 132.992"", "" 123.974"", ""  61.780""], ["" 134.278"", "" 125.171"", ""  63.221""], ["" 132.172"", "" 123.392"", ""  61.686""], ["" 133.776"", "" 124.180"", ""  60.562""], ["" 132.949"", "" 124.614"", ""  59.356""], ["" 131.561"", "" 124.719"", ""  59.468""], ["" 133.584"", "" 124.959"", ""  58.159""], ["" 130.805"", "" 125.144"", ""  58.378""], ["" 132.829"", "" 125.383"", ""  57.069""], ["" 131.443"", "" 125.471"", ""  57.182""]]",[],3ag_Grossjean_2025
44,14226,3ai_Grossjean_2025,receptor_tmp,2,17,-7.42,-0.2558620689655172,0.0,0.0,2,185.49,-9.21,-8.84,-0.38,-9.21,0.0,-1.76,1.79,-1.76,60,10,0.0,0.0,0.0,6.35521,8.908962,3.127677,-0.77975412,-0.22282176,0.58509314,93.163986,"252.91217, 233.393265, 322.621582, 199.315094, 238.840439, 174.368942, ","[["" 131.656"", "" 125.617"", ""  58.616""], ["" 130.665"", "" 124.266"", ""  59.220""], ["" 133.556"", "" 123.387"", ""  61.118""], ["" 132.479"", "" 123.356"", ""  60.697""], ["" 131.114"", "" 123.316"", ""  60.165""], ["" 130.213"", "" 122.296"", ""  60.559""], ["" 128.933"", "" 122.273"", ""  59.985""], ["" 129.432"", "" 124.209"", ""  58.662""], ["" 128.563"", "" 123.239"", ""  59.043""], ["" 130.584"", "" 121.210"", ""  61.587""], ["" 130.685"", "" 121.685"", ""  62.830""], ["" 129.653"", "" 120.254"", ""  61.596""], ["" 131.760"", "" 120.665"", ""  61.273""], ["" 127.214"", "" 123.256"", ""  58.390""], ["" 127.038"", "" 122.742"", ""  57.095""], ["" 126.090"", "" 123.777"", ""  59.055""], ["" 125.787"", "" 122.750"", ""  56.484""], ["" 124.838"", "" 123.787"", ""  58.447""], ["" 124.691"", "" 123.274"", ""  57.163""], ["" 131.374"", "" 127.051"", ""  59.710""], ["" 131.268"", "" 126.716"", ""  61.205""], ["" 132.322"", "" 126.032"", ""  61.705""], ["" 130.284"", "" 127.063"", ""  61.861""], ["" 133.072"", "" 125.805"", ""  61.068""], ["" 132.496"", "" 125.592"", ""  63.011""], ["" 133.645"", "" 125.245"", ""  63.567""], ["" 131.445"", "" 125.462"", ""  63.918""], ["" 133.360"", "" 124.874"", ""  64.883""], ["" 132.027"", "" 125.010"", ""  65.079""]]",[],3ai_Grossjean_2025
45,5374,3aj_Grossjean_2025,receptor_tmp,1,6,-6.91,-0.23827586206896553,0.0,0.0,1,185.2,-8.7,-8.63,-0.07,-8.7,0.0,-1.62,1.79,-1.62,60,3,0.0,0.0,0.0,9.367285,6.217545,4.879658,0.93413592,0.28350885,0.2168244,127.9039,"327.561859, 317.456238, 291.796509, 284.733521, 209.507568, 179.902054, ","[["" 133.310"", "" 124.314"", ""  61.965""], ["" 131.889"", "" 123.288"", ""  61.657""], ["" 129.991"", "" 126.253"", ""  62.240""], ["" 130.241"", "" 125.151"", ""  61.988""], ["" 130.555"", "" 123.755"", ""  61.669""], ["" 129.522"", "" 122.825"", ""  61.399""], ["" 129.873"", "" 121.490"", ""  61.146""], ["" 132.200"", "" 121.989"", ""  61.433""], ["" 131.214"", "" 121.094"", ""  61.166""], ["" 128.032"", "" 123.218"", ""  61.379""], ["" 127.328"", "" 122.532"", ""  60.476""], ["" 127.485"", "" 122.992"", ""  62.574""], ["" 127.906"", "" 124.512"", ""  61.084""], ["" 131.642"", "" 119.681"", ""  60.912""], ["" 130.711"", "" 118.632"", ""  60.955""], ["" 132.981"", "" 119.368"", ""  60.620""], ["" 131.101"", "" 117.316"", ""  60.716""], ["" 133.376"", "" 118.055"", ""  60.382""], ["" 132.434"", "" 117.033"", ""  60.431""], ["" 134.386"", "" 124.238"", ""  60.493""], ["" 133.654"", "" 124.345"", ""  59.148""], ["" 132.483"", "" 125.019"", ""  59.194""], ["" 134.131"", "" 123.842"", ""  58.128""], ["" 132.190"", "" 125.383"", ""  60.089""], ["" 131.621"", "" 125.257"", ""  58.132""], ["" 131.749"", "" 126.147"", ""  57.172""], ["" 130.194"", "" 124.276"", ""  58.034""], ["" 130.741"", "" 126.094"", ""  56.323""], ["" 129.761"", "" 125.141"", ""  56.591""]]",[],3aj_Grossjean_2025
46,5486,3ak_Grossjean_2025,receptor_tmp,1,15,-5.57,-0.1638235294117647,0.0,0.0,6,189.06,-9.75,-9.56,-0.18,-9.75,0.0,-4.26,4.18,-4.26,56,2,0.0,0.0,0.0,4.241106,6.381979,2.907433,0.45467086,0.61614913,-0.64314435,65.228004,"155.639877, 6.594208, 122.485405, 230.491211, 8.786682, 130.690659, 287.347992, 249.425766, 338.690369, 121.28363, 350.097168, 63.565426, 61.243446, 306.44751, ","[["" 129.025"", "" 126.804"", ""  57.251""], ["" 129.685"", "" 127.749"", ""  58.082""], ["" 130.940"", "" 127.098"", ""  58.691""], ["" 130.704"", "" 125.807"", ""  59.247""], ["" 131.865"", "" 125.013"", ""  59.471""], ["" 132.706"", "" 124.988"", ""  58.189""], ["" 133.787"", "" 124.082"", ""  58.362""], ["" 134.145"", "" 123.884"", ""  59.721""], ["" 129.873"", "" 126.190"", ""  56.290""], ["" 129.838"", "" 124.659"", ""  56.452""], ["" 129.022"", "" 124.208"", ""  57.580""], ["" 128.337"", "" 123.050"", ""  57.647""], ["" 128.344"", "" 122.218"", ""  56.739""], ["" 128.981"", "" 124.830"", ""  58.375""], ["" 127.510"", "" 122.750"", ""  58.908""], ["" 127.743"", "" 123.883"", ""  60.328""], ["" 129.284"", "" 123.480"", ""  61.135""], ["" 129.773"", "" 122.242"", ""  60.881""], ["" 129.952"", "" 124.392"", ""  61.982""], ["" 130.937"", "" 121.840"", ""  61.454""], ["" 131.171"", "" 123.984"", ""  62.575""], ["" 129.399"", "" 125.726"", ""  62.237""], ["" 131.653"", "" 122.697"", ""  62.296""], ["" 128.962"", "" 126.779"", ""  62.440""], ["" 131.404"", "" 120.456"", ""  61.117""], ["" 132.733"", "" 120.221"", ""  60.731""], ["" 130.530"", "" 119.357"", ""  61.186""], ["" 133.173"", "" 118.937"", ""  60.420""], ["" 130.967"", "" 118.072"", ""  60.875""], ["" 132.288"", "" 117.867"", ""  60.493""], ["" 131.988"", "" 124.898"", ""  63.509""], ["" 133.174"", "" 124.347"", ""  63.764""], ["" 132.177"", "" 126.087"", ""  62.935""], ["" 131.385"", "" 125.111"", ""  64.681""]]",[],3ak_Grossjean_2025
47,5182,3bc_Grossjean_2025,receptor_tmp,1,10,-8.08,-0.2786206896551724,0.0,0.0,1,190.6,-9.87,-9.23,-0.63,-9.87,0.0,-0.85,1.79,-0.85,52,9,0.0,0.0,0.0,7.336867,9.858709,10.339185,0.27194555,-0.34224933,0.8993948,196.01947,"99.876541, 162.711426, 86.493797, 106.407448, 149.22847, 308.054047, ","[["" 130.070"", "" 127.284"", ""  68.280""], ["" 129.216"", "" 126.848"", ""  69.230""], ["" 130.974"", "" 128.101"", ""  68.470""], ["" 128.589"", "" 126.104"", ""  68.961""], ["" 129.871"", "" 126.648"", ""  66.897""], ["" 130.670"", "" 125.024"", ""  66.667""], ["" 131.217"", "" 124.920"", ""  64.978""], ["" 132.854"", "" 124.915"", ""  63.200""], ["" 132.569"", "" 125.020"", ""  64.578""], ["" 131.801"", "" 124.740"", ""  62.294""], ["" 133.649"", "" 125.252"", ""  65.539""], ["" 130.483"", "" 124.684"", ""  62.759""], ["" 134.505"", "" 125.435"", ""  66.296""], ["" 130.206"", "" 124.773"", ""  64.086""], ["" 134.276"", "" 124.989"", ""  62.646""], ["" 129.312"", "" 124.501"", ""  61.840""], ["" 129.050"", "" 123.255"", ""  61.251""], ["" 128.450"", "" 125.570"", ""  61.540""], ["" 127.964"", "" 123.077"", ""  60.398""], ["" 127.362"", "" 125.397"", ""  60.688""], ["" 127.124"", "" 124.150"", ""  60.120""], ["" 129.121"", "" 127.229"", ""  70.582""], ["" 127.838"", "" 127.232"", ""  71.132""], ["" 130.212"", "" 127.626"", ""  71.369""], ["" 127.646"", "" 127.606"", ""  72.459""], ["" 130.015"", "" 127.999"", ""  72.697""], ["" 128.727"", "" 127.989"", ""  73.253""], ["" 128.437"", "" 128.343"", ""  74.558""], ["" 127.178"", "" 128.936"", ""  74.852""]]",[],3bc_Grossjean_2025
48,5047,3bd_Grossjean_2025,receptor_tmp,1,9,-8.15,-0.30185185185185187,0.0,0.0,1,183.22,-9.64,-9.57,-0.07,-9.64,0.0,-1.15,1.49,-1.15,56,2,0.0,0.0,0.0,6.087572,7.193396,5.371575,0.1406931,0.91845068,-0.36966715,231.596878,"232.389999, 236.780548, 199.695465, 349.797058, 250.071091, ","[["" 129.943"", "" 123.087"", ""  63.095""], ["" 131.262"", "" 122.545"", ""  62.021""], ["" 133.210"", "" 122.915"", ""  60.636""], ["" 132.205"", "" 123.443"", ""  61.475""], ["" 133.232"", "" 121.540"", ""  60.378""], ["" 132.155"", "" 124.879"", ""  61.766""], ["" 132.261"", "" 120.707"", ""  60.945""], ["" 132.118"", "" 126.013"", ""  61.995""], ["" 131.299"", "" 121.214"", ""  61.760""], ["" 134.285"", "" 123.788"", ""  59.993""], ["" 132.229"", "" 119.225"", ""  60.714""], ["" 131.019"", "" 118.516"", ""  60.770""], ["" 133.406"", "" 118.506"", ""  60.441""], ["" 130.983"", "" 117.140"", ""  60.557""], ["" 133.374"", "" 117.131"", ""  60.228""], ["" 132.161"", "" 116.452"", ""  60.286""], ["" 128.970"", "" 124.338"", ""  62.206""], ["" 128.079"", "" 123.714"", ""  61.131""], ["" 128.460"", "" 123.935"", ""  59.854""], ["" 127.099"", "" 123.054"", ""  61.475""], ["" 129.338"", "" 124.417"", ""  59.725""], ["" 127.840"", "" 123.520"", ""  58.660""], ["" 126.443"", "" 123.547"", ""  58.652""], ["" 128.533"", "" 123.066"", ""  57.526""], ["" 125.741"", "" 123.147"", ""  57.518""], ["" 127.828"", "" 122.665"", ""  56.395""], ["" 126.436"", "" 122.709"", ""  56.394""]]",[],3bd_Grossjean_2025
49,5391,3be_Grossjean_2025,receptor_tmp,1,10,-7.51,-0.2682142857142857,0.0,0.0,2,184.43,-9.01,-8.92,-0.08,-9.01,0.0,-2.24,1.49,-2.24,58,4,0.0,0.0,0.0,3.089732,7.96681,3.37847,-0.97729175,0.14137425,0.15784221,204.774704,"348.105347, 163.514542, 232.286697, 268.617889, 127.288643, ","[["" 126.928"", "" 123.163"", ""  58.748""], ["" 126.887"", "" 123.199"", ""  60.572""], ["" 128.565"", "" 123.238"", ""  61.163""], ["" 130.513"", "" 124.252"", ""  62.172""], ["" 129.173"", "" 124.373"", ""  61.744""], ["" 131.184"", "" 123.039"", ""  61.985""], ["" 128.470"", "" 125.650"", ""  61.881""], ["" 130.531"", "" 121.967"", ""  61.368""], ["" 127.916"", "" 126.661"", ""  61.989""], ["" 129.236"", "" 122.076"", ""  60.968""], ["" 131.272"", "" 125.401"", ""  62.834""], ["" 131.197"", "" 120.644"", ""  61.128""], ["" 132.553"", "" 120.578"", ""  60.771""], ["" 130.485"", "" 119.439"", ""  61.248""], ["" 133.177"", "" 119.355"", ""  60.545""], ["" 131.105"", "" 118.213"", ""  61.023""], ["" 132.450"", "" 118.176"", ""  60.672""], ["" 128.331"", "" 123.240"", ""  58.125""], ["" 129.083"", "" 124.278"", ""  58.551""], ["" 128.702"", "" 122.398"", ""  57.304""], ["" 128.646"", "" 124.916"", ""  59.200""], ["" 130.398"", "" 124.622"", ""  58.186""], ["" 131.476"", "" 124.277"", ""  58.951""], ["" 130.543"", "" 125.354"", ""  57.003""], ["" 132.713"", "" 124.654"", ""  58.540""], ["" 131.823"", "" 125.734"", ""  56.592""], ["" 132.928"", "" 125.382"", ""  57.367""], ["" 133.862"", "" 124.236"", ""  59.437""]]",[],3be_Grossjean_2025
50,13226,3bf_Grossjean_2025,receptor_tmp,1,14,-7.85,-0.29074074074074074,0.0,0.0,2,187.18,-9.35,-9.16,-0.18,-9.35,0.0,-1.83,1.49,-1.83,50,3,0.0,0.0,0.0,9.62286,6.648866,4.655104,0.51480951,-0.66907509,0.53601276,23.442236,"18.014238, 187.389175, 330.829712, 193.004593, 174.097305, ","[["" 133.361"", "" 123.938"", ""  62.002""], ["" 131.925"", "" 122.930"", ""  61.701""], ["" 129.559"", "" 122.498"", ""  61.456""], ["" 130.599"", "" 123.416"", ""  61.720""], ["" 129.878"", "" 121.164"", ""  61.180""], ["" 130.289"", "" 124.827"", ""  61.962""], ["" 131.216"", "" 120.755"", ""  61.160""], ["" 130.044"", "" 125.942"", ""  62.155""], ["" 132.219"", "" 121.639"", ""  61.407""], ["" 128.086"", "" 122.901"", ""  61.451""], ["" 131.626"", "" 119.347"", ""  60.849""], ["" 130.665"", "" 118.330"", ""  60.734""], ["" 132.977"", "" 119.006"", ""  60.669""], ["" 131.037"", "" 117.020"", ""  60.446""], ["" 133.353"", "" 117.696"", ""  60.380""], ["" 132.381"", "" 116.708"", ""  60.270""], ["" 134.376"", "" 123.942"", ""  60.486""], ["" 133.605"", "" 124.206"", ""  59.184""], ["" 132.397"", "" 124.786"", ""  59.354""], ["" 134.076"", "" 123.874"", ""  58.095""], ["" 132.096"", "" 124.931"", ""  60.307""], ["" 131.455"", "" 125.166"", ""  58.379""], ["" 131.751"", "" 125.891"", ""  57.211""], ["" 130.120"", "" 124.820"", ""  58.611""], ["" 130.805"", "" 126.250"", ""  56.304""], ["" 129.136"", "" 125.181"", ""  57.688""], ["" 129.520"", "" 125.891"", ""  56.550""]]",[],3bf_Grossjean_2025
51,13377,3bg_Grossjean_2025,receptor_tmp,1,15,-7.69,-0.27464285714285713,0.0,0.0,2,187.3,-9.48,-9.54,0.06,-9.48,0.0,-2.02,1.79,-2.02,66,3,0.0,0.0,0.0,7.099392,6.44329,3.146386,0.98990664,0.12101914,-0.07375101,226.520523,"26.186989, 43.011723, 10.940118, 15.772882, 243.684235, 61.729908, ","[["" 133.995"", "" 123.925"", ""  58.985""], ["" 133.681"", "" 123.851"", ""  60.779""], ["" 132.268"", "" 122.794"", ""  61.057""], ["" 129.947"", "" 122.392"", ""  61.596""], ["" 131.012"", "" 123.306"", ""  61.443""], ["" 130.177"", "" 121.031"", ""  61.375""], ["" 130.800"", "" 124.739"", ""  61.661""], ["" 131.454"", "" 120.585"", ""  61.009""], ["" 130.631"", "" 125.871"", ""  61.833""], ["" 132.475"", "" 121.469"", ""  60.849""], ["" 128.537"", "" 122.833"", ""  61.985""], ["" 131.766"", "" 119.137"", ""  60.745""], ["" 130.742"", "" 118.178"", ""  60.670""], ["" 133.089"", "" 118.698"", ""  60.564""], ["" 131.025"", "" 116.841"", ""  60.408""], ["" 133.377"", "" 117.362"", ""  60.300""], ["" 132.342"", "" 116.438"", ""  60.219""], ["" 132.913"", "" 124.722"", ""  58.250""], ["" 131.640"", "" 124.370"", ""  58.495""], ["" 133.234"", "" 125.644"", ""  57.500""], ["" 131.471"", "" 123.603"", ""  59.130""], ["" 130.454"", "" 125.103"", ""  58.049""], ["" 129.273"", "" 124.172"", ""  57.801""], ["" 128.395"", "" 123.861"", ""  58.845""], ["" 129.053"", "" 123.647"", ""  56.525""], ["" 127.322"", "" 123.004"", ""  58.621""], ["" 127.979"", "" 122.789"", ""  56.300""], ["" 127.122"", "" 122.468"", ""  57.350""]]",[],3bg_Grossjean_2025
52,5678,3bk_Grossjean_2025,receptor_tmp,1,1,-6.96,-0.22451612903225807,0.0,0.0,1,187.98,-10.83,-10.05,-0.78,-10.83,0.0,-1.11,3.88,-1.11,64,12,0.0,0.0,0.0,9.766203,9.777443,14.579932,0.30478048,0.41673812,0.85641006,205.921295,"74.061325, 238.456436, 356.619507, 69.812256, 67.06179, 101.072655, 12.815394, 284.295471, 294.196198, 359.610992, 130.26619, 28.675982, 259.665436, ","[["" 129.378"", "" 127.776"", ""  70.770""], ["" 129.008"", "" 127.298"", ""  69.483""], ["" 130.209"", "" 127.406"", ""  68.533""], ["" 130.044"", "" 126.587"", ""  67.331""], ["" 131.042"", "" 126.117"", ""  66.564""], ["" 132.236"", "" 126.310"", ""  66.800""], ["" 129.095"", "" 126.331"", ""  67.098""], ["" 130.633"", "" 125.276"", ""  65.352""], ["" 132.077"", "" 124.602"", ""  64.471""], ["" 131.568"", "" 124.064"", ""  62.847""], ["" 130.613"", "" 124.431"", ""  60.655""], ["" 130.983"", "" 124.948"", ""  61.915""], ["" 130.837"", "" 123.077"", ""  60.380""], ["" 130.759"", "" 126.362"", ""  62.232""], ["" 131.426"", "" 122.256"", ""  61.349""], ["" 131.779"", "" 122.754"", ""  62.563""], ["" 130.582"", "" 127.478"", ""  62.482""], ["" 129.969"", "" 125.292"", ""  59.570""], ["" 131.674"", "" 120.795"", ""  61.125""], ["" 132.949"", "" 120.330"", ""  60.763""], ["" 130.643"", "" 119.851"", ""  61.272""], ["" 133.184"", "" 118.974"", ""  60.549""], ["" 130.873"", "" 118.495"", ""  61.058""], ["" 132.145"", "" 118.062"", ""  60.696""], ["" 128.421"", "" 127.500"", ""  71.784""], ["" 128.593"", "" 126.054"", ""  72.266""], ["" 129.546"", "" 126.022"", ""  73.321""], ["" 130.762"", "" 126.691"", ""  73.018""], ["" 131.690"", "" 126.639"", ""  74.239""], ["" 131.001"", "" 126.058"", ""  75.338""], ["" 131.408"", "" 124.728"", ""  75.621""]]",[],3bk_Grossjean_2025
53,5335,3ca_Grossjean_2025,receptor_tmp,1,6,-8.15,-0.2546875,0.0,0.0,1,189.12,-10.54,-10.28,-0.26,-10.54,0.0,-1.09,2.39,-1.09,85,12,0.0,0.0,0.0,5.361772,12.673947,9.210882,-0.42997285,0.87897603,-0.20621464,206.250961,"166.74205, 133.314835, 205.369766, 192.306183, 254.151794, 348.272003, 104.509979, 152.573349, ","[["" 129.542"", "" 126.902"", ""  67.745""], ["" 130.573"", "" 127.317"", ""  68.589""], ["" 130.312"", "" 127.633"", ""  69.920""], ["" 129.014"", "" 127.532"", ""  70.434""], ["" 127.981"", "" 127.105"", ""  69.587""], ["" 128.239"", "" 126.791"", ""  68.255""], ["" 129.915"", "" 126.607"", ""  66.420""], ["" 130.412"", "" 125.464"", ""  65.899""], ["" 130.616"", "" 124.425"", ""  66.526""], ["" 129.734"", "" 127.352"", ""  65.764""], ["" 130.711"", "" 125.506"", ""  64.397""], ["" 132.479"", "" 125.282"", ""  64.010""], ["" 132.660"", "" 124.196"", ""  62.602""], ["" 133.548"", "" 123.931"", ""  60.462""], ["" 133.049"", "" 122.634"", ""  60.365""], ["" 133.354"", "" 124.704"", ""  61.553""], ["" 132.314"", "" 122.093"", ""  61.427""], ["" 132.118"", "" 122.888"", ""  62.585""], ["" 131.401"", "" 122.357"", ""  63.749""], ["" 130.835"", "" 121.937"", ""  64.668""], ["" 134.347"", "" 124.563"", ""  59.340""], ["" 131.787"", "" 120.703"", ""  61.273""], ["" 130.467"", "" 120.407"", ""  61.635""], ["" 132.607"", "" 119.677"", ""  60.787""], ["" 129.971"", "" 119.113"", ""  61.504""], ["" 132.114"", "" 118.381"", ""  60.653""], ["" 130.796"", "" 118.105"", ""  61.012""], ["" 128.766"", "" 127.881"", ""  71.875""], ["" 127.676"", "" 128.280"", ""  72.298""], ["" 129.860"", "" 127.719"", ""  72.661""], ["" 130.293"", "" 126.424"", ""  73.061""], ["" 131.683"", "" 126.525"", ""  73.696""]]",[],3ca_Grossjean_2025
54,5245,3cb_Grossjean_2025,receptor_tmp,2,20,-8.24,-0.2658064516129032,0.0,0.0,2,189.53,-10.33,-10.1,-0.22,-10.33,0.0,-0.96,2.09,-0.96,84,11,0.0,0.0,0.0,6.041092,9.321543,7.980432,0.03901572,-0.5598104,0.82770169,146.126419,"107.318146, 252.872406, 2.361714, 292.760773, 100.206909, 356.373718, 257.076447, ","[["" 130.423"", "" 125.354"", ""  65.902""], ["" 129.937"", "" 126.516"", ""  66.392""], ["" 130.615"", "" 124.334"", ""  66.567""], ["" 129.789"", "" 127.253"", ""  65.718""], ["" 130.720"", "" 125.373"", ""  64.395""], ["" 132.489"", "" 125.267"", ""  63.958""], ["" 132.644"", "" 124.143"", ""  62.585""], ["" 133.442"", "" 123.923"", ""  60.409""], ["" 133.002"", "" 122.605"", ""  60.332""], ["" 133.267"", "" 124.686"", ""  61.511""], ["" 132.342"", "" 122.028"", ""  61.425""], ["" 132.139"", "" 122.820"", ""  62.584""], ["" 131.372"", "" 122.298"", ""  63.721""], ["" 130.768"", "" 121.887"", ""  64.617""], ["" 134.157"", "" 124.592"", ""  59.250""], ["" 131.884"", "" 120.611"", ""  61.291""], ["" 132.776"", "" 119.620"", ""  60.861""], ["" 130.570"", "" 120.248"", ""  61.615""], ["" 132.362"", "" 118.296"", ""  60.743""], ["" 130.152"", "" 118.924"", ""  61.497""], ["" 131.050"", "" 117.955"", ""  61.061""], ["" 129.565"", "" 126.859"", ""  67.707""], ["" 130.602"", "" 127.274"", ""  68.542""], ["" 128.258"", "" 126.797"", ""  68.214""], ["" 130.346"", "" 127.634"", ""  69.862""], ["" 128.003"", "" 127.156"", ""  69.536""], ["" 129.042"", "" 127.579"", ""  70.376""], ["" 128.729"", "" 127.957"", ""  71.796""], ["" 127.583"", "" 127.981"", ""  72.254""], ["" 129.832"", "" 128.266"", ""  72.525""], ["" 130.659"", "" 127.248"", ""  73.069""]]",[],3cb_Grossjean_2025
55,5155,3ce_Grossjean_2025,receptor_tmp,1,1,-7.79,-0.2782142857142857,0.0,0.0,3,184.9,-9.28,-9.13,-0.15,-9.28,0.0,-1.85,1.49,-1.85,62,4,0.0,0.0,0.0,7.950614,9.18311,7.959016,0.06318356,0.88061134,-0.46960782,107.492271,"168.725906, 212.427414, 159.263718, 21.252365, 211.342789, ","[["" 130.828"", "" 125.919"", ""  63.328""], ["" 132.544"", "" 125.336"", ""  63.461""], ["" 132.742"", "" 124.120"", ""  62.180""], ["" 133.624"", "" 123.718"", ""  60.063""], ["" 133.180"", "" 122.398"", ""  60.080""], ["" 133.407"", "" 124.573"", ""  61.089""], ["" 132.469"", "" 121.919"", ""  61.188""], ["" 132.243"", "" 122.799"", ""  62.276""], ["" 131.518"", "" 122.350"", ""  63.469""], ["" 130.946"", "" 121.995"", ""  64.409""], ["" 134.385"", "" 124.285"", ""  58.880""], ["" 131.992"", "" 120.504"", ""  61.149""], ["" 130.666"", "" 120.200"", ""  61.483""], ["" 132.863"", "" 119.464"", ""  60.802""], ["" 130.216"", "" 118.883"", ""  61.455""], ["" 132.416"", "" 118.146"", ""  60.775""], ["" 131.092"", "" 117.861"", ""  61.099""], ["" 130.196"", "" 125.532"", ""  61.992""], ["" 129.098"", "" 124.747"", ""  62.069""], ["" 130.696"", "" 125.947"", ""  60.945""], ["" 128.735"", "" 124.566"", ""  62.993""], ["" 128.317"", "" 124.241"", ""  61.016""], ["" 128.879"", "" 123.779"", ""  59.861""], ["" 126.934"", "" 124.201"", ""  61.227""], ["" 128.064"", "" 123.283"", ""  58.895""], ["" 126.109"", "" 123.690"", ""  60.222""], ["" 126.676"", "" 123.223"", ""  59.037""], ["" 128.756"", "" 122.785"", ""  57.640""]]",[],3ce_Grossjean_2025
56,5302,3ch_Grossjean_2025,receptor_tmp,1,7,-6.76,-0.20484848484848484,0.0,0.0,1,189.22,-9.14,-8.74,-0.4,-9.14,0.0,-2.45,2.39,-2.45,39,5,0.0,0.0,0.0,4.951704,12.335256,6.598864,0.84321559,-0.50692954,-0.1789131,225.176086,"2.095884, 327.882843, 187.072281, 1.318324, 318.676544, 306.408112, 30.061394, 39.663429, ","[["" 128.702"", "" 127.823"", ""  61.828""], ["" 130.014"", "" 127.505"", ""  61.783""], ["" 127.851"", "" 127.462"", ""  61.015""], ["" 130.577"", "" 127.831"", ""  62.556""], ["" 128.270"", "" 128.670"", ""  63.025""], ["" 127.952"", "" 130.399"", ""  62.563""], ["" 128.170"", "" 130.488"", ""  60.799""], ["" 127.141"", "" 130.136"", ""  58.740""], ["" 128.285"", "" 130.530"", ""  58.051""], ["" 127.076"", "" 130.111"", ""  60.091""], ["" 129.424"", "" 130.929"", ""  58.765""], ["" 129.364"", "" 130.928"", ""  60.183""], ["" 130.491"", "" 131.425"", ""  60.979""], ["" 131.380"", "" 131.816"", ""  61.608""], ["" 125.886"", "" 129.698"", ""  58.011""], ["" 130.632"", "" 131.334"", ""  57.983""], ["" 130.562"", "" 132.407"", ""  57.087""], ["" 131.838"", "" 130.637"", ""  58.121""], ["" 131.681"", "" 132.784"", ""  56.348""], ["" 132.960"", "" 131.012"", ""  57.385""], ["" 132.876"", "" 132.085"", ""  56.502""], ["" 130.720"", "" 126.732"", ""  60.841""], ["" 130.698"", "" 126.940"", ""  59.454""], ["" 131.500"", "" 125.699"", ""  61.362""], ["" 131.433"", "" 126.111"", ""  58.591""], ["" 132.245"", "" 124.858"", ""  60.520""], ["" 132.205"", "" 125.077"", ""  59.137""], ["" 131.452"", "" 126.250"", ""  57.215""], ["" 130.244"", "" 126.544"", ""  56.522""], ["" 133.032"", "" 123.812"", ""  60.971""], ["" 134.030"", "" 124.061"", ""  61.955""], ["" 132.916"", "" 124.250"", ""  58.300""], ["" 134.318"", "" 124.254"", ""  58.534""]]",[],3ch_Grossjean_2025
57,5614,3ci_Grossjean_2025,receptor_tmp,1,7,-8.08,-0.3107692307692308,0.0,0.0,2,188.47,-9.58,-9.34,-0.24,-9.58,0.0,-1.33,1.49,-1.33,45,4,0.0,0.0,0.0,6.567604,6.831639,5.345757,0.00206905,-0.78906532,-0.61430582,218.748352,"176.01973, 265.110687, 268.867645, 191.976822, 338.94165, ","[["" 128.841"", "" 125.677"", ""  60.916""], ["" 130.032"", "" 124.570"", ""  61.662""], ["" 131.617"", "" 124.280"", ""  63.348""], ["" 131.891"", "" 122.980"", ""  62.933""], ["" 130.710"", "" 125.067"", ""  62.727""], ["" 131.205"", "" 122.445"", ""  61.835""], ["" 130.254"", "" 123.261"", ""  61.171""], ["" 129.536"", "" 122.770"", ""  59.990""], ["" 128.970"", "" 122.380"", ""  59.058""], ["" 132.319"", "" 124.901"", ""  64.541""], ["" 131.521"", "" 121.040"", ""  61.435""], ["" 132.800"", "" 120.695"", ""  60.980""], ["" 130.529"", "" 120.054"", ""  61.489""], ["" 133.087"", "" 119.387"", ""  60.601""], ["" 130.812"", "" 118.745"", ""  61.110""], ["" 132.091"", "" 118.417"", ""  60.669""], ["" 127.159"", "" 125.190"", ""  61.422""], ["" 126.551"", "" 124.095"", ""  60.539""], ["" 126.596"", "" 124.323"", ""  59.207""], ["" 126.079"", "" 123.087"", ""  61.068""], ["" 127.016"", "" 125.188"", ""  58.901""], ["" 126.094"", "" 123.513"", ""  58.198""], ["" 126.766"", "" 122.580"", ""  57.544""], ["" 124.778"", "" 123.590"", ""  57.744""], ["" 125.880"", "" 122.015"", ""  56.625""], ["" 124.683"", "" 122.634"", ""  56.758""]]",[],3ci_Grossjean_2025
58,5317,3cj_Grossjean_2025,receptor_tmp,1,17,-8.34,-0.32076923076923075,0.0,0.0,2,187.4,-9.83,-9.81,-0.03,-9.83,0.0,-0.73,1.49,-0.73,45,2,0.0,0.0,0.0,4.453141,7.714184,3.261102,-0.6213336,-0.29441398,-0.72613013,125.510796,"127.827919, 296.246124, 180.283569, 132.91626, 143.170471, ","[["" 130.654"", "" 123.922"", ""  61.785""], ["" 130.097"", "" 124.231"", ""  60.122""], ["" 130.746"", "" 124.866"", ""  57.979""], ["" 129.474"", "" 124.611"", ""  57.470""], ["" 131.064"", "" 124.670"", ""  59.278""], ["" 128.471"", "" 124.131"", ""  58.323""], ["" 128.780"", "" 123.952"", ""  59.694""], ["" 127.765"", "" 123.480"", ""  60.641""], ["" 126.963"", "" 123.106"", ""  61.388""], ["" 131.870"", "" 125.362"", ""  57.090""], ["" 127.143"", "" 123.810"", ""  57.722""], ["" 126.009"", "" 124.555"", ""  58.066""], ["" 127.013"", "" 122.740"", ""  56.829""], ["" 124.767"", "" 124.247"", ""  57.514""], ["" 125.773"", "" 122.429"", ""  56.277""], ["" 124.656"", "" 123.186"", ""  56.621""], ["" 130.076"", "" 122.237"", ""  62.165""], ["" 131.061"", "" 121.172"", ""  61.674""], ["" 130.498"", "" 120.060"", ""  61.152""], ["" 132.272"", "" 121.357"", ""  61.806""], ["" 129.489"", "" 120.024"", ""  61.116""], ["" 131.155"", "" 118.904"", ""  60.764""], ["" 130.626"", "" 117.744"", ""  60.439""], ["" 132.885"", "" 118.980"", ""  60.653""], ["" 131.552"", "" 116.873"", ""  60.089""], ["" 132.868"", "" 117.322"", ""  60.127""]]",[],3cj_Grossjean_2025
59,13271,3ck_Grossjean_2025,receptor_tmp,1,19,-6.16,-0.19870967741935483,0.0,0.0,1,187.49,-10.04,-9.97,-0.07,-10.04,0.0,-1.64,3.88,-1.64,68,5,0.0,0.0,0.0,8.243167,13.068232,6.930919,0.11535831,-0.94451677,0.30753948,158.223343,"281.98645, 107.763092, 244.163132, 187.723282, 317.596161, 140.074692, 287.244781, 30.081999, 120.644493, 57.046719, 107.189003, 210.500381, 320.192932, ","[["" 130.663"", "" 126.405"", ""  66.736""], ["" 131.042"", "" 125.038"", ""  66.683""], ["" 130.563"", "" 124.422"", ""  65.356""], ["" 131.375"", "" 124.808"", ""  64.198""], ["" 132.715"", "" 124.934"", ""  64.187""], ["" 133.423"", "" 124.705"", ""  65.170""], ["" 130.870"", "" 124.999"", ""  63.346""], ["" 133.326"", "" 125.382"", ""  62.850""], ["" 132.153"", "" 125.511"", ""  61.457""], ["" 131.173"", "" 124.019"", ""  61.376""], ["" 134.364"", "" 122.466"", ""  61.035""], ["" 133.217"", "" 122.587"", ""  61.126""], ["" 131.762"", "" 122.740"", ""  61.242""], ["" 130.908"", "" 121.607"", ""  61.203""], ["" 129.525"", "" 121.814"", ""  61.277""], ["" 129.830"", "" 124.195"", ""  61.452""], ["" 129.028"", "" 123.109"", ""  61.402""], ["" 127.539"", "" 123.384"", ""  61.496""], ["" 131.397"", "" 120.200"", ""  61.092""], ["" 130.563"", "" 119.136"", ""  61.454""], ["" 132.698"", "" 119.928"", ""  60.651""], ["" 131.015"", "" 117.821"", ""  61.363""], ["" 133.153"", "" 118.616"", ""  60.560""], ["" 132.308"", "" 117.567"", ""  60.915""], ["" 129.496"", "" 126.671"", ""  67.501""], ["" 129.702"", "" 127.992"", ""  68.252""], ["" 130.269"", "" 127.718"", ""  69.527""], ["" 129.395"", "" 127.029"", ""  70.411""], ["" 129.234"", "" 127.843"", ""  71.702""], ["" 128.393"", "" 127.141"", ""  72.606""], ["" 127.647"", "" 127.992"", ""  73.462""]]",[],3ck_Grossjean_2025
60,13247,4aa_Grossjean_2025,receptor_tmp,1,17,-6.29,-0.21689655172413794,0.0,0.0,2,187.6,-8.08,-7.86,-0.22,-8.08,0.0,-0.47,1.79,-0.47,43,8,0.0,0.0,0.0,7.070209,10.484277,3.531563,0.44739737,-0.53081283,-0.71977311,109.71756,"287.13327, 155.468323, 147.493195, 85.073967, 224.607132, 87.09481, ","[["" 130.428"", "" 128.656"", ""  58.764""], ["" 130.302"", "" 128.886"", ""  57.393""], ["" 130.235"", "" 130.186"", ""  56.900""], ["" 130.283"", "" 131.283"", ""  57.770""], ["" 130.401"", "" 131.047"", ""  59.148""], ["" 130.472"", "" 129.747"", ""  59.644""], ["" 130.479"", "" 127.303"", ""  59.154""], ["" 128.861"", "" 126.310"", ""  57.881""], ["" 129.762"", "" 126.241"", ""  58.717""], ["" 131.150"", "" 127.110"", ""  59.884""], ["" 130.108"", "" 124.958"", ""  59.333""], ["" 131.348"", "" 124.537"", ""  59.837""], ["" 128.869"", "" 123.721"", ""  59.570""], ["" 131.328"", "" 123.217"", ""  60.409""], ["" 130.021"", "" 122.648"", ""  60.330""], ["" 132.337"", "" 122.419"", ""  61.013""], ["" 129.673"", "" 121.439"", ""  60.775""], ["" 131.974"", "" 121.152"", ""  61.482""], ["" 130.660"", "" 120.709"", ""  61.349""], ["" 133.784"", "" 122.858"", ""  61.181""], ["" 130.241"", "" 119.340"", ""  61.853""], ["" 132.489"", "" 125.298"", ""  59.794""], ["" 132.874"", "" 125.727"", ""  60.623""], ["" 132.982"", "" 125.457"", ""  58.928""], ["" 130.202"", "" 132.671"", ""  57.205""], ["" 129.134"", "" 133.251"", ""  56.980""], ["" 131.419"", "" 133.227"", ""  56.971""], ["" 132.453"", "" 132.488"", ""  56.334""], ["" 133.347"", "" 131.843"", ""  57.397""]]",[],4aa_Grossjean_2025
61,5713,4ab_Grossjean_2025,receptor_tmp,1,9,-6.19,-0.22107142857142859,0.0,0.0,4,188.81,-7.68,-7.29,-0.38,-7.68,0.0,-0.23,1.49,-0.23,58,13,0.0,0.0,0.0,3.26968,12.104098,9.566125,-0.52449277,0.2102115,0.82505664,128.774567,"249.650452, 181.709671, 60.766682, 109.723343, 345.788574, ","[["" 127.957"", "" 127.973"", ""  67.799""], ["" 129.277"", "" 128.329"", ""  68.073""], ["" 129.873"", "" 127.960"", ""  69.277""], ["" 129.152"", "" 127.233"", ""  70.234""], ["" 127.822"", "" 126.884"", ""  69.957""], ["" 127.226"", "" 127.250"", ""  68.754""], ["" 127.454"", "" 128.405"", ""  66.556""], ["" 125.487"", "" 129.440"", ""  67.097""], ["" 126.325"", "" 129.095"", ""  66.263""], ["" 128.026"", "" 128.142"", ""  65.768""], ["" 126.132"", "" 129.401"", ""  64.844""], ["" 126.989"", "" 129.130"", ""  63.766""], ["" 124.640"", "" 130.166"", ""  64.293""], ["" 126.471"", "" 129.541"", ""  62.489""], ["" 125.177"", "" 130.127"", ""  62.630""], ["" 126.998"", "" 129.465"", ""  61.171""], ["" 124.428"", "" 130.602"", ""  61.634""], ["" 126.214"", "" 129.963"", ""  60.124""], ["" 124.961"", "" 130.510"", ""  60.391""], ["" 128.358"", "" 128.876"", ""  60.828""], ["" 124.090"", "" 131.050"", ""  59.272""], ["" 128.217"", "" 128.531"", ""  63.899""], ["" 128.311"", "" 127.558"", ""  64.150""], ["" 129.072"", "" 129.050"", ""  63.753""], ["" 129.824"", "" 126.853"", ""  71.522""], ["" 131.047"", "" 126.899"", ""  71.689""], ["" 128.952"", "" 126.461"", ""  72.486""], ["" 128.078"", "" 127.395"", ""  73.104""]]",[],4ab_Grossjean_2025
62,5143,4ac_Grossjean_2025,receptor_tmp,1,1,-5.82,-0.22384615384615386,0.0,0.0,5,188.89,-7.02,-6.61,-0.41,-7.02,0.0,-0.32,1.19,-0.32,54,12,0.0,0.0,0.0,3.993412,12.940629,9.267405,0.04520503,-0.98703237,-0.15402471,250.483704,"95.854576, 149.809662, 33.092216, 295.452393, ","[["" 127.620"", "" 130.571"", ""  67.060""], ["" 127.647"", "" 129.593"", ""  66.310""], ["" 128.096"", "" 128.369"", ""  66.678""], ["" 128.001"", "" 127.634"", ""  65.991""], ["" 127.169"", "" 129.698"", ""  64.929""], ["" 127.598"", "" 128.983"", ""  63.799""], ["" 125.885"", "" 130.834"", ""  64.514""], ["" 126.905"", "" 129.333"", ""  62.588""], ["" 125.931"", "" 130.346"", ""  62.835""], ["" 127.019"", "" 128.866"", ""  61.251""], ["" 125.126"", "" 130.887"", ""  61.920""], ["" 126.176"", "" 129.432"", ""  60.289""], ["" 125.263"", "" 130.420"", ""  60.655""], ["" 127.998"", "" 127.793"", ""  60.802""], ["" 124.338"", "" 131.048"", ""  59.630""], ["" 128.587"", "" 128.032"", ""  63.828""], ["" 129.564"", "" 128.277"", ""  63.763""], ["" 128.367"", "" 127.050"", ""  63.918""], ["" 128.642"", "" 127.952"", ""  67.906""], ["" 127.757"", "" 127.349"", ""  68.801""], ["" 129.995"", "" 128.077"", ""  68.251""], ["" 128.211"", "" 126.895"", ""  70.036""], ["" 130.446"", "" 127.620"", ""  69.487""], ["" 129.553"", "" 127.026"", ""  70.392""], ["" 129.911"", "" 126.547"", ""  71.637""], ["" 130.941"", "" 127.206"", ""  72.366""]]",[],4ac_Grossjean_2025
63,6435,4ad_Grossjean_2025,receptor_tmp,1,11,-6.42,-0.2675,0.0,0.0,2,184.36,-7.32,-7.28,-0.04,-7.32,0.0,-0.08,0.89,-0.08,42,4,0.0,0.0,0.0,7.368298,6.071918,5.461208,0.05944687,0.22354508,-0.97287906,235.120651,"178.275391, 180.832504, 59.870777, ","[["" 130.687"", "" 122.432"", ""  61.642""], ["" 129.338"", "" 122.606"", ""  61.295""], ["" 128.828"", "" 123.922"", ""  61.572""], ["" 127.549"", "" 124.513"", ""  61.387""], ["" 126.349"", "" 123.784"", ""  60.800""], ["" 127.385"", "" 125.849"", ""  61.772""], ["" 128.456"", "" 126.554"", ""  62.316""], ["" 128.303"", "" 128.002"", ""  62.743""], ["" 129.688"", "" 126.024"", ""  62.508""], ["" 129.842"", "" 124.751"", ""  62.141""], ["" 131.365"", "" 123.911"", ""  62.323""], ["" 131.513"", "" 121.229"", ""  61.514""], ["" 132.695"", "" 121.240"", ""  61.864""], ["" 130.881"", "" 120.142"", ""  61.007""], ["" 129.896"", "" 120.249"", ""  60.818""], ["" 131.393"", "" 118.862"", ""  60.721""], ["" 132.785"", "" 118.768"", ""  60.622""], ["" 130.608"", "" 117.708"", ""  60.568""], ["" 133.388"", "" 117.543"", ""  60.352""], ["" 131.214"", "" 116.484"", ""  60.300""], ["" 132.600"", "" 116.407"", ""  60.190""], ["" 128.559"", "" 121.622"", ""  60.739""], ["" 128.129"", "" 121.729"", ""  59.832""], ["" 128.393"", "" 120.749"", ""  61.222""]]",[],4ad_Grossjean_2025
64,5620,4ae_Grossjean_2025,receptor_tmp,1,2,-6.01,-0.2404,0.0,0.0,1,186.2,-6.91,-6.65,-0.26,-6.91,0.0,-0.24,0.89,-0.24,34,8,0.0,0.0,0.0,3.708565,11.573212,4.82461,0.52722106,0.64732583,0.55046092,164.715439,"249.702988, 310.109192, 104.577271, ","[["" 127.121"", "" 128.189"", ""  61.353""], ["" 127.331"", "" 128.742"", ""  62.627""], ["" 126.555"", "" 129.926"", ""  62.884""], ["" 126.465"", "" 130.787"", ""  64.011""], ["" 127.257"", "" 130.596"", ""  65.296""], ["" 125.595"", "" 131.881"", ""  63.931""], ["" 124.853"", "" 132.096"", ""  62.771""], ["" 123.907"", "" 133.278"", ""  62.656""], ["" 124.911"", "" 131.296"", ""  61.679""], ["" 125.742"", "" 130.256"", ""  61.759""], ["" 125.943"", "" 129.129"", ""  60.437""], ["" 127.759"", "" 127.016"", ""  60.753""], ["" 128.986"", "" 126.910"", ""  60.722""], ["" 126.909"", "" 126.084"", ""  60.254""], ["" 125.924"", "" 126.253"", ""  60.394""], ["" 127.212"", "" 124.866"", ""  59.621""], ["" 126.713"", "" 124.549"", ""  58.390""], ["" 128.024"", "" 123.978"", ""  60.334""], ["" 127.031"", "" 123.345"", ""  57.850""], ["" 128.344"", "" 122.744"", ""  59.765""], ["" 127.843"", "" 122.415"", ""  58.505""], ["" 126.441"", "" 123.059"", ""  56.483""], ["" 128.194"", "" 128.215"", ""  63.555""], ["" 127.969"", "" 127.382"", ""  64.081""], ["" 129.089"", "" 128.646"", ""  63.743""]]",[],4ae_Grossjean_2025
65,13430,4af_Grossjean_2025,receptor_tmp,1,18,-6.55,-0.27291666666666664,0.0,0.0,1,184.77,-7.45,-7.15,-0.3,-7.45,0.0,-0.28,0.89,-0.28,36,8,0.0,0.0,0.0,5.348542,7.135619,4.473595,-0.21908462,0.68144503,0.69830839,155.046997,"233.765839, 129.557022, 346.246582, ","[["" 128.676"", "" 123.508"", ""  60.825""], ["" 127.327"", "" 123.494"", ""  61.215""], ["" 126.400"", "" 123.516"", ""  60.115""], ["" 124.980"", "" 123.513"", ""  60.059""], ["" 124.079"", "" 123.484"", ""  61.282""], ["" 124.377"", "" 123.542"", ""  58.796""], ["" 125.165"", "" 123.571"", ""  57.647""], ["" 124.534"", "" 123.605"", ""  56.267""], ["" 126.520"", "" 123.573"", ""  57.663""], ["" 127.092"", "" 123.547"", ""  58.867""], ["" 128.830"", "" 123.551"", ""  59.067""], ["" 129.869"", "" 123.524"", ""  61.673""], ["" 130.754"", "" 122.680"", ""  61.525""], ["" 129.918"", "" 124.522"", ""  62.588""], ["" 129.154"", "" 125.182"", ""  62.567""], ["" 130.888"", "" 124.788"", ""  63.573""], ["" 132.229"", "" 124.663"", ""  63.191""], ["" 130.621"", "" 125.195"", ""  64.893""], ["" 133.270"", "" 124.900"", ""  64.029""], ["" 131.680"", "" 125.444"", ""  65.767""], ["" 132.985"", "" 125.284"", ""  65.299""], ["" 126.911"", "" 123.462"", ""  62.522""], ["" 125.953"", "" 123.651"", ""  62.782""], ["" 127.553"", "" 123.243"", ""  63.272""]]",[],4af_Grossjean_2025
66,5222,4ag_Grossjean_2025,receptor_tmp,1,2,-6.82,-0.2728,0.0,0.0,2,184.78,-8.02,-7.81,-0.2,-8.02,0.0,-0.23,1.19,-0.23,51,5,0.0,0.0,0.0,5.622753,5.771589,4.469577,-0.12664138,0.78140604,0.61103728,149.323242,"160.742157, 76.987839, 157.1595, 338.609711, ","[["" 129.086"", "" 122.786"", ""  60.557""], ["" 127.820"", "" 123.101"", ""  61.070""], ["" 126.819"", "" 123.317"", ""  60.060""], ["" 125.441"", "" 123.652"", ""  60.134""], ["" 124.684"", "" 123.869"", ""  61.436""], ["" 124.737"", "" 123.791"", ""  58.933""], ["" 125.390"", "" 123.601"", ""  57.716""], ["" 124.647"", "" 123.746"", ""  56.401""], ["" 126.701"", "" 123.279"", ""  57.607""], ["" 127.370"", "" 123.148"", ""  58.754""], ["" 129.070"", "" 122.737"", ""  58.794""], ["" 130.318"", "" 122.497"", ""  61.292""], ["" 131.241"", "" 121.864"", ""  60.775""], ["" 130.370"", "" 122.946"", ""  62.564""], ["" 129.602"", "" 123.506"", ""  62.904""], ["" 131.508"", "" 122.795"", ""  63.470""], ["" 131.671"", "" 123.946"", ""  64.456""], ["" 132.863"", "" 124.677"", ""  64.479""], ["" 130.614"", "" 124.304"", ""  65.297""], ["" 133.006"", "" 125.746"", ""  65.361""], ["" 130.758"", "" 125.372"", ""  66.180""], ["" 131.953"", "" 126.086"", ""  66.209""], ["" 127.543"", "" 123.201"", ""  62.410""], ["" 126.747"", "" 123.721"", ""  62.753""], ["" 128.128"", "" 122.752"", ""  63.102""]]",[],4ag_Grossjean_2025
67,5125,4ah_Grossjean_2025,receptor_tmp,1,4,-6.27,-0.20225806451612902,0.0,0.0,2,187.77,-8.35,-7.86,-0.49,-8.35,0.0,-0.73,2.09,-0.73,47,12,0.0,0.0,0.0,7.181577,8.943963,1.151529,0.59508523,-0.79781065,0.09680772,202.046707,"260.04306, 269.965332, 294.00885, 102.68457, 194.432983, 176.531967, 279.183777, ","[["" 132.329"", "" 125.843"", ""  56.396""], ["" 131.688"", "" 126.195"", ""  57.387""], ["" 132.002"", "" 125.795"", ""  58.637""], ["" 131.383"", "" 126.056"", ""  59.391""], ["" 130.557"", "" 127.116"", ""  57.275""], ["" 130.544"", "" 128.507"", ""  57.451""], ["" 128.969"", "" 126.515"", ""  56.796""], ["" 129.256"", "" 129.110"", ""  57.233""], ["" 128.290"", "" 128.126"", ""  56.861""], ["" 128.800"", "" 130.453"", ""  57.317""], ["" 127.008"", "" 128.364"", ""  56.584""], ["" 127.453"", "" 130.704"", ""  57.030""], ["" 126.609"", "" 129.655"", ""  56.673""], ["" 129.683"", "" 131.631"", ""  57.701""], ["" 125.147"", "" 129.904"", ""  56.352""], ["" 131.647"", "" 129.241"", ""  57.808""], ["" 132.350"", "" 129.509"", ""  57.136""], ["" 131.793"", "" 129.534"", ""  58.765""], ["" 133.086"", "" 124.876"", ""  58.985""], ["" 132.894"", "" 124.189"", ""  60.333""], ["" 132.218"", "" 122.971"", ""  60.407""], ["" 133.328"", "" 124.807"", ""  61.506""], ["" 131.995"", "" 122.346"", ""  61.644""], ["" 133.125"", "" 124.203"", ""  62.757""], ["" 132.462"", "" 122.968"", ""  62.811""], ["" 131.335"", "" 121.138"", ""  61.791""], ["" 129.951"", "" 121.055"", ""  61.468""], ["" 133.542"", "" 124.750"", ""  63.956""], ["" 132.594"", "" 125.410"", ""  64.789""], ["" 132.238"", "" 122.374"", ""  64.030""], ["" 130.900"", "" 122.489"", ""  64.493""]]",[],4ah_Grossjean_2025
68,5394,4ai_Grossjean_2025,receptor_tmp,1,10,-6.26,-0.27217391304347827,0.0,0.0,2,185.1,-7.16,-6.82,-0.34,-7.16,0.0,-0.26,0.89,-0.26,36,7,0.0,0.0,0.0,5.726684,6.91994,3.855733,-0.12730956,0.74746322,0.65199004,161.276978,"233.783691, 134.978149, 273.656769, ","[["" 129.365"", "" 123.333"", ""  60.210""], ["" 128.142"", "" 123.522"", ""  60.872""], ["" 126.996"", "" 123.492"", ""  60.005""], ["" 125.602"", "" 123.625"", ""  60.253""], ["" 124.998"", "" 123.846"", ""  61.631""], ["" 124.733"", "" 123.544"", ""  59.159""], ["" 125.243"", "" 123.340"", ""  57.878""], ["" 124.320"", "" 123.243"", ""  56.677""], ["" 126.564"", "" 123.211"", ""  57.603""], ["" 127.389"", "" 123.287"", ""  58.648""], ["" 129.123"", "" 123.136"", ""  58.472""], ["" 130.715"", "" 123.316"", ""  60.776""], ["" 131.504"", "" 122.412"", ""  60.494""], ["" 131.014"", "" 124.355"", ""  61.596""], ["" 130.294"", "" 125.045"", ""  61.745""], ["" 132.214"", "" 124.592"", ""  62.254""], ["" 132.358"", "" 124.826"", ""  63.549""], ["" 133.449"", "" 124.610"", ""  61.605""], ["" 133.723"", "" 125.004"", ""  63.777""], ["" 134.369"", "" 124.871"", ""  62.594""], ["" 128.030"", "" 123.713"", ""  62.227""], ["" 128.002"", "" 124.636"", ""  62.634""], ["" 127.977"", "" 122.931"", ""  62.865""]]",[],4ai_Grossjean_2025
69,13421,4aj_Grossjean_2025,receptor_tmp,1,14,-5.92,-0.2573913043478261,0.0,0.0,1,184.72,-6.81,-6.86,0.05,-6.81,0.0,-0.16,0.89,-0.16,49,4,0.0,0.0,0.0,6.115787,6.781729,4.340419,-0.98953259,-0.05886592,-0.13175756,179.87645,"225.759979, 88.213669, 329.548859, ","[["" 129.481"", "" 123.084"", ""  60.519""], ["" 130.431"", "" 122.078"", ""  60.757""], ["" 131.724"", "" 122.575"", ""  61.145""], ["" 132.940"", "" 121.922"", ""  61.479""], ["" 133.122"", "" 120.412"", ""  61.494""], ["" 134.039"", "" 122.721"", ""  61.816""], ["" 133.919"", "" 124.108"", ""  61.815""], ["" 135.098"", "" 124.995"", ""  62.171""], ["" 132.775"", "" 124.766"", ""  61.504""], ["" 131.730"", "" 124.003"", ""  61.184""], ["" 130.178"", "" 124.687"", ""  60.756""], ["" 128.085"", "" 122.938"", ""  60.103""], ["" 127.196"", "" 122.749"", ""  60.937""], ["" 127.861"", "" 123.040"", ""  58.770""], ["" 128.662"", "" 123.202"", ""  58.177""], ["" 126.637"", "" 122.952"", ""  58.121""], ["" 126.352"", "" 122.288"", ""  57.021""], ["" 125.304"", "" 123.808"", ""  58.826""], ["" 125.083"", "" 122.422"", ""  56.689""], ["" 124.306"", "" 123.213"", ""  57.531""], ["" 130.167"", "" 120.737"", ""  60.642""], ["" 130.880"", "" 120.074"", ""  60.376""], ["" 129.243"", "" 120.366"", ""  60.819""]]",[],4aj_Grossjean_2025
70,13326,4ak_Grossjean_2025,receptor_tmp,1,13,-5.72,-0.20428571428571426,0.0,0.0,1,188.11,-9.0,-8.51,-0.49,-9.0,0.0,-0.68,3.28,-0.68,63,12,0.0,0.0,0.0,2.572606,8.513414,10.387922,0.03268646,0.25870326,0.96540366,151.050064,"275.317993, 28.814903, 231.284317, 206.454758, 177.736725, 56.981483, 199.037872, 85.013832, 86.664894, 248.82431, 13.522176, ","[["" 127.816"", "" 127.607"", ""  67.851""], ["" 128.778"", "" 126.710"", ""  68.390""], ["" 130.188"", "" 127.161"", ""  67.967""], ["" 130.665"", "" 126.521"", ""  66.741""], ["" 130.272"", "" 124.374"", ""  67.335""], ["" 130.687"", "" 125.192"", ""  66.513""], ["" 131.014"", "" 127.139"", ""  66.022""], ["" 131.224"", "" 124.770"", ""  65.221""], ["" 130.873"", "" 123.648"", ""  64.454""], ["" 132.503"", "" 125.702"", ""  64.442""], ["" 131.612"", "" 123.527"", ""  63.226""], ["" 132.550"", "" 124.594"", ""  63.089""], ["" 131.572"", "" 122.571"", ""  62.175""], ["" 133.385"", "" 124.767"", ""  62.064""], ["" 132.447"", "" 122.750"", ""  61.097""], ["" 133.318"", "" 123.838"", ""  61.079""], ["" 130.638"", "" 121.372"", ""  62.147""], ["" 134.277"", "" 124.051"", ""  59.922""], ["" 129.913"", "" 122.742"", ""  64.825""], ["" 128.959"", "" 122.812"", ""  64.500""], ["" 130.130"", "" 121.967"", ""  65.436""], ["" 128.382"", "" 128.677"", ""  67.105""], ["" 127.316"", "" 129.755"", ""  66.877""], ["" 126.142"", "" 129.151"", ""  66.350""], ["" 126.094"", "" 129.134"", ""  64.929""], ["" 125.319"", "" 130.360"", ""  64.431""], ["" 123.990"", "" 129.978"", ""  64.098""], ["" 123.640"", "" 130.264"", ""  62.753""]]",[],4ak_Grossjean_2025
71,5359,4al_Grossjean_2025,receptor_tmp,4,13,-4.88,-0.2711111111111111,0.0,0.0,9,185.64,-5.78,-5.71,-0.07,-5.78,0.0,-0.58,0.89,-0.58,33,4,0.0,0.0,0.0,8.380872,5.087931,5.460957,-0.17164488,0.32853296,-0.92876484,252.910614,"42.742382, 163.988724, 190.952057, ","[["" 132.674"", "" 120.437"", ""  61.118""], ["" 131.396"", "" 120.973"", ""  61.315""], ["" 131.378"", "" 122.162"", ""  62.121""], ["" 130.323"", "" 123.008"", ""  62.557""], ["" 128.858"", "" 122.788"", ""  62.216""], ["" 130.657"", "" 124.111"", ""  63.350""], ["" 131.987"", "" 124.350"", ""  63.687""], ["" 132.375"", "" 125.540"", ""  64.547""], ["" 133.019"", "" 123.565"", ""  63.289""], ["" 132.698"", "" 122.515"", ""  62.533""], ["" 133.907"", "" 121.402"", ""  61.935""], ["" 133.066"", "" 119.234"", ""  60.352""], ["" 134.227"", "" 119.007"", ""  60.002""], ["" 132.017"", "" 118.417"", ""  60.078""], ["" 132.136"", "" 117.008"", ""  60.211""], ["" 130.257"", "" 120.420"", ""  60.789""], ["" 130.254"", "" 119.504"", ""  60.364""], ["" 129.375"", "" 120.914"", ""  60.810""]]",[],4al_Grossjean_2025
72,5749,4ba_Grossjean_2025,receptor_tmp,1,9,-6.4,-0.2064516129032258,0.0,0.0,3,188.51,-8.19,-7.66,-0.53,-8.19,0.0,-0.46,1.79,-0.46,61,13,0.0,0.0,0.0,4.646624,12.740424,9.113633,0.28727315,0.88145288,-0.37485326,130.725128,"92.502647, 240.33963, 155.515701, 285.75473, 0.46171, 9.345525, ","[["" 128.559"", "" 127.946"", ""  68.030""], ["" 127.629"", "" 127.342"", ""  68.877""], ["" 128.013"", "" 126.884"", ""  70.134""], ["" 129.338"", "" 127.019"", ""  70.568""], ["" 130.272"", "" 127.620"", ""  69.712""], ["" 129.890"", "" 128.079"", ""  68.454""], ["" 128.066"", "" 128.364"", ""  66.779""], ["" 127.587"", "" 130.577"", ""  67.102""], ["" 127.644"", "" 129.586"", ""  66.372""], ["" 128.010"", "" 127.627"", ""  66.092""], ["" 127.220"", "" 129.667"", ""  64.972""], ["" 127.677"", "" 128.920"", ""  63.874""], ["" 125.932"", "" 130.773"", ""  64.499""], ["" 127.014"", "" 129.233"", ""  62.631""], ["" 126.020"", "" 130.238"", ""  62.837""], ["" 127.162"", "" 128.738"", ""  61.300""], ["" 125.221"", "" 130.747"", ""  61.901""], ["" 126.316"", "" 129.277"", ""  60.318""], ["" 125.381"", "" 130.254"", ""  60.651""], ["" 124.453"", "" 130.840"", ""  59.602""], ["" 128.669"", "" 127.977"", ""  63.966""], ["" 129.646"", "" 128.217"", ""  63.879""], ["" 128.453"", "" 127.001"", ""  64.119""], ["" 128.177"", "" 127.668"", ""  60.885""], ["" 127.990"", "" 126.502"", ""  61.507""], ["" 128.084"", "" 127.440"", ""  59.575""], ["" 129.411"", "" 128.081"", ""  61.174""], ["" 129.722"", "" 126.514"", ""  71.929""], ["" 128.971"", "" 125.826"", ""  72.623""], ["" 131.120"", "" 126.888"", ""  72.464""], ["" 131.455"", "" 126.333"", ""  73.861""]]",[],4ba_Grossjean_2025
73,13335,4bb_Grossjean_2025,receptor_tmp,1,9,-6.32,-0.21066666666666667,0.0,0.0,3,188.39,-7.81,-7.28,-0.53,-7.81,0.0,-0.4,1.49,-0.4,58,13,0.0,0.0,0.0,3.80418,13.1408,9.189665,-0.09736515,0.97150984,0.21607559,106.30294,"270.058685, 122.417564, 156.139542, 12.530648, 285.87326, ","[["" 127.563"", "" 130.576"", ""  67.082""], ["" 127.622"", "" 129.589"", ""  66.350""], ["" 128.056"", "" 128.368"", ""  66.749""], ["" 128.005"", "" 127.634"", ""  66.059""], ["" 127.183"", "" 129.669"", ""  64.954""], ["" 127.633"", "" 128.927"", ""  63.849""], ["" 125.886"", "" 130.769"", ""  64.495""], ["" 126.957"", "" 129.237"", ""  62.615""], ["" 125.964"", "" 130.242"", ""  62.829""], ["" 127.093"", "" 128.744"", ""  61.282""], ["" 125.161"", "" 130.755"", ""  61.899""], ["" 126.244"", "" 129.288"", ""  60.306""], ["" 125.315"", "" 130.267"", ""  60.647""], ["" 124.391"", "" 130.866"", ""  59.602""], ["" 128.634"", "" 127.992"", ""  63.931""], ["" 128.442"", "" 127.018"", ""  64.121""], ["" 129.604"", "" 128.248"", ""  63.804""], ["" 128.099"", "" 127.668"", ""  60.859""], ["" 129.363"", "" 128.000"", ""  61.132""], ["" 127.837"", "" 126.529"", ""  61.501""], ["" 128.016"", "" 127.463"", ""  59.545""], ["" 128.546"", "" 127.946"", ""  68.001""], ["" 127.612"", "" 127.346"", ""  68.847""], ["" 129.878"", "" 128.073"", ""  68.426""], ["" 127.992"", "" 126.890"", ""  70.106""], ["" 130.256"", "" 127.615"", ""  69.686""], ["" 129.317"", "" 127.020"", ""  70.540""], ["" 129.698"", "" 126.520"", ""  71.901""], ["" 128.967"", "" 125.813"", ""  72.597""], ["" 131.074"", "" 126.898"", ""  72.454""]]",[],4bb_Grossjean_2025
74,13285,4bc_Grossjean_2025,receptor_tmp,1,12,-5.39,-0.18586206896551724,0.0,0.0,2,188.33,-6.88,-6.54,-0.34,-6.88,0.0,-0.35,1.49,-0.35,54,12,0.0,0.0,0.0,3.72954,13.327759,9.001021,0.0584341,-0.98707631,-0.14921735,248.824127,"272.766357, 2.310272, 150.015823, 189.80217, 289.955933, ","[["" 127.619"", "" 130.583"", ""  67.119""], ["" 127.642"", "" 129.594"", ""  66.387""], ["" 128.121"", "" 128.383"", ""  66.765""], ["" 128.022"", "" 127.634"", ""  66.096""], ["" 127.128"", "" 129.667"", ""  65.015""], ["" 127.538"", "" 128.939"", ""  63.888""], ["" 125.819"", "" 130.777"", ""  64.617""], ["" 126.809"", "" 129.256"", ""  62.683""], ["" 125.829"", "" 130.262"", ""  62.947""], ["" 126.889"", "" 128.771"", ""  61.344""], ["" 124.990"", "" 130.785"", ""  62.053""], ["" 126.003"", "" 129.325"", ""  60.407""], ["" 125.092"", "" 130.306"", ""  60.792""], ["" 124.131"", "" 130.918"", ""  59.788""], ["" 128.543"", "" 128.006"", ""  63.920""], ["" 128.359"", "" 127.026"", ""  64.080""], ["" 129.508"", "" 128.271"", ""  63.780""], ["" 127.872"", "" 127.693"", ""  60.873""], ["" 127.779"", "" 127.438"", ""  59.566""], ["" 129.121"", "" 128.087"", ""  61.116""], ["" 127.635"", "" 126.552"", ""  61.520""], ["" 128.705"", "" 128.000"", ""  67.986""], ["" 127.833"", "" 127.507"", ""  68.959""], ["" 130.081"", "" 128.051"", ""  68.254""], ["" 128.324"", "" 127.089"", ""  70.193""], ["" 130.568"", "" 127.632"", ""  69.489""], ["" 129.689"", "" 127.149"", ""  70.472""], ["" 130.083"", "" 126.713"", ""  71.722""], ["" 129.140"", "" 126.041"", ""  72.552""]]",[],4bc_Grossjean_2025
75,5193,4bd_Grossjean_2025,receptor_tmp,1,17,-5.7,-0.2111111111111111,0.0,0.0,2,183.86,-6.9,-6.78,-0.12,-6.9,0.0,-0.1,1.19,-0.1,53,4,0.0,0.0,0.0,6.771559,6.243337,5.276817,-0.04593803,-0.17337691,0.98378359,123.260666,"179.333771, 188.607559, 49.2085, 232.87265, ","[["" 130.633"", "" 122.475"", ""  61.562""], ["" 129.265"", "" 122.651"", ""  61.294""], ["" 128.790"", "" 123.995"", ""  61.515""], ["" 127.507"", "" 124.606"", ""  61.381""], ["" 127.411"", "" 125.971"", ""  61.690""], ["" 128.533"", "" 126.681"", ""  62.110""], ["" 128.444"", "" 128.157"", ""  62.450""], ["" 129.762"", "" 126.130"", ""  62.247""], ["" 129.859"", "" 124.834"", ""  61.956""], ["" 131.378"", "" 123.980"", ""  62.092""], ["" 131.433"", "" 121.250"", ""  61.461""], ["" 132.596"", "" 121.224"", ""  61.866""], ["" 130.797"", "" 120.184"", ""  60.915""], ["" 129.824"", "" 120.318"", ""  60.681""], ["" 131.287"", "" 118.893"", ""  60.642""], ["" 132.679"", "" 118.758"", ""  60.625""], ["" 130.478"", "" 117.765"", ""  60.426""], ["" 133.261"", "" 117.519"", ""  60.374""], ["" 131.064"", "" 116.527"", ""  60.176""], ["" 132.451"", "" 116.409"", ""  60.148""], ["" 128.447"", "" 121.640"", ""  60.861""], ["" 127.839"", "" 121.748"", ""  60.062""], ["" 128.430"", "" 120.742"", ""  61.326""], ["" 126.245"", "" 123.866"", ""  60.926""], ["" 126.005"", "" 122.759"", ""  61.632""], ["" 125.183"", "" 124.661"", ""  61.057""], ["" 126.369"", "" 123.505"", ""  59.649""]]",[],4bd_Grossjean_2025
76,13332,4be_Grossjean_2025,receptor_tmp,1,1,-5.73,-0.20464285714285715,0.0,0.0,11,186.96,-6.92,-6.6,-0.32,-6.92,0.0,-0.25,1.19,-0.25,25,6,0.0,0.0,0.0,5.099589,9.930734,5.840199,0.42025104,-0.32181307,-0.84842525,68.601074,"56.057167, 132.167374, 350.225281, 121.411583, ","[["" 128.384"", "" 126.251"", ""  61.978""], ["" 129.579"", "" 125.967"", ""  62.655""], ["" 130.025"", "" 124.602"", ""  62.517""], ["" 131.164"", "" 123.898"", ""  63.010""], ["" 131.273"", "" 122.539"", ""  62.674""], ["" 130.301"", "" 121.926"", ""  61.888""], ["" 130.406"", "" 120.458"", ""  61.519""], ["" 129.213"", "" 122.567"", ""  61.402""], ["" 129.103"", "" 123.856"", ""  61.718""], ["" 127.755"", "" 124.820"", ""  61.163""], ["" 127.644"", "" 127.515"", ""  61.920""], ["" 127.316"", "" 128.005"", ""  60.838""], ["" 127.343"", "" 128.069"", ""  63.122""], ["" 127.632"", "" 127.552"", ""  63.939""], ["" 126.629"", "" 129.249"", ""  63.397""], ["" 125.452"", "" 129.546"", ""  62.772""], ["" 127.201"", "" 130.115"", ""  64.335""], ["" 124.825"", "" 130.709"", ""  63.085""], ["" 126.544"", "" 131.307"", ""  64.647""], ["" 125.338"", "" 131.615"", ""  64.016""], ["" 123.522"", "" 130.974"", ""  62.355""], ["" 130.271"", "" 126.902"", ""  63.381""], ["" 131.050"", "" 126.651"", ""  63.973""], ["" 130.018"", "" 127.880"", ""  63.353""], ["" 132.260"", "" 124.529"", ""  63.874""], ["" 132.850"", "" 125.574"", ""  63.288""], ["" 131.738"", "" 124.961"", ""  65.022""], ["" 133.207"", "" 123.628"", ""  64.133""]]",[],4be_Grossjean_2025
77,5725,4bf_Grossjean_2025,receptor_tmp,1,16,-5.73,-0.21222222222222223,0.0,0.0,13,187.15,-6.92,-6.55,-0.37,-6.92,0.0,-0.32,1.19,-0.32,25,9,0.0,0.0,0.0,4.988516,9.94032,5.997541,-0.42034283,0.25128828,0.87187505,293.606415,"293.090637, 135.253372, 352.545898, 234.611282, ","[["" 128.164"", "" 126.489"", ""  62.126""], ["" 129.415"", "" 126.220"", ""  62.705""], ["" 129.862"", "" 124.859"", ""  62.538""], ["" 131.037"", "" 124.165"", ""  62.953""], ["" 131.138"", "" 122.809"", ""  62.607""], ["" 130.121"", "" 122.187"", ""  61.887""], ["" 130.215"", "" 120.720"", ""  61.508""], ["" 128.996"", "" 122.817"", ""  61.477""], ["" 128.894"", "" 124.104"", ""  61.805""], ["" 127.497"", "" 125.053"", ""  61.354""], ["" 127.405"", "" 127.744"", ""  62.133""], ["" 126.917"", "" 128.188"", ""  61.093""], ["" 127.279"", "" 128.339"", ""  63.345""], ["" 127.675"", "" 127.840"", ""  64.128""], ["" 126.663"", "" 129.558"", ""  63.685""], ["" 125.391"", "" 129.484"", ""  64.264""], ["" 127.231"", "" 130.833"", ""  63.515""], ["" 124.683"", "" 130.576"", ""  64.652""], ["" 126.516"", "" 131.966"", ""  63.910""], ["" 125.250"", "" 131.795"", ""  64.471""], ["" 130.155"", "" 127.164"", ""  63.371""], ["" 131.000"", "" 126.927"", ""  63.869""], ["" 129.877"", "" 128.136"", ""  63.383""], ["" 132.180"", "" 124.805"", ""  63.748""], ["" 131.767"", "" 125.394"", ""  64.874""], ["" 133.071"", "" 123.874"", ""  64.089""], ["" 132.779"", "" 125.738"", ""  63.007""]]",[],4bf_Grossjean_2025
78,5886,4bg_Grossjean_2025,receptor_tmp,1,4,-5.89,-0.21035714285714285,0.0,0.0,7,188.56,-7.38,-7.38,0.0,-7.38,0.0,-0.31,1.49,-0.31,37,7,0.0,0.0,0.0,6.96124,10.703309,4.56425,0.6855725,-0.6162391,-0.3876077,111.551781,"204.833633, 1.287705, 260.36911, 301.022125, 212.538269, ","[["" 130.957"", "" 127.383"", ""  60.602""], ["" 130.944"", "" 126.775"", ""  61.867""], ["" 131.459"", "" 125.428"", ""  61.877""], ["" 131.645"", "" 124.467"", ""  62.915""], ["" 132.179"", "" 123.221"", ""  62.548""], ["" 132.504"", "" 122.957"", ""  61.220""], ["" 133.076"", "" 121.613"", ""  60.808""], ["" 132.344"", "" 123.847"", ""  60.214""], ["" 131.840"", "" 125.032"", ""  60.557""], ["" 131.576"", "" 126.287"", ""  59.370""], ["" 130.486"", "" 128.716"", ""  60.226""], ["" 129.439"", "" 128.873"", ""  59.595""], ["" 131.244"", "" 129.750"", ""  60.645""], ["" 132.128"", "" 129.544"", ""  61.087""], ["" 130.977"", "" 131.163"", ""  60.375""], ["" 131.326"", "" 131.589"", ""  58.955""], ["" 132.614"", "" 131.373"", ""  58.454""], ["" 130.338"", "" 132.133"", ""  58.129""], ["" 132.919"", "" 131.728"", ""  57.143""], ["" 130.644"", "" 132.487"", ""  56.817""], ["" 131.933"", "" 132.285"", ""  56.331""], ["" 130.490"", "" 127.405"", ""  62.998""], ["" 129.728"", "" 127.035"", ""  63.547""], ["" 130.900"", "" 128.273"", ""  63.316""], ["" 131.303"", "" 124.712"", ""  64.388""], ["" 130.248"", "" 125.514"", ""  64.552""], ["" 131.020"", "" 123.553"", ""  64.984""], ["" 132.338"", "" 125.283"", ""  65.004""]]",[],4bg_Grossjean_2025
79,13268,4bh_Grossjean_2025,receptor_tmp,1,19,-4.85,-0.1426470588235294,0.0,0.0,1,187.95,-7.24,-6.92,-0.32,-7.24,0.0,-0.78,2.39,-0.78,52,5,0.0,0.0,0.0,8.755145,9.703808,1.386896,0.92773612,0.1880325,-0.32241196,164.88707,"214.650055, 226.961868, 289.782471, 75.806244, 0.117427, 355.048645, 334.084442, 217.409088, ","[["" 130.624"", "" 126.658"", ""  56.714""], ["" 131.105"", "" 126.702"", ""  57.848""], ["" 131.348"", "" 127.864"", ""  58.488""], ["" 131.819"", "" 127.827"", ""  59.381""], ["" 131.402"", "" 125.481"", ""  58.598""], ["" 130.511"", "" 124.621"", ""  59.257""], ["" 133.057"", "" 124.886"", ""  58.691""], ["" 131.142"", "" 123.481"", ""  59.876""], ["" 132.551"", "" 123.503"", ""  59.635""], ["" 130.638"", "" 122.390"", ""  60.644""], ["" 133.427"", "" 122.594"", ""  60.059""], ["" 131.566"", "" 121.436"", ""  61.090""], ["" 132.917"", "" 121.570"", ""  60.783""], ["" 133.932"", "" 120.544"", ""  61.255""], ["" 129.159"", "" 124.845"", ""  59.318""], ["" 128.654"", "" 125.272"", ""  58.553""], ["" 128.622"", "" 124.597"", ""  60.136""], ["" 129.162"", "" 122.203"", ""  61.009""], ["" 128.341"", "" 122.361"", ""  59.969""], ["" 128.968"", "" 120.974"", ""  61.486""], ["" 128.810"", "" 123.095"", ""  61.935""], ["" 131.131"", "" 129.200"", ""  57.932""], ["" 130.560"", "" 130.192"", ""  58.938""], ["" 129.263"", "" 130.684"", ""  58.779""], ["" 131.352"", "" 130.670"", ""  59.984""], ["" 128.736"", "" 131.630"", ""  59.672""], ["" 130.849"", "" 131.610"", ""  60.897""], ["" 129.537"", "" 132.077"", ""  60.733""], ["" 127.461"", "" 132.156"", ""  59.575""], ["" 126.346"", "" 131.365"", ""  59.969""], ["" 131.571"", "" 132.115"", ""  61.963""], ["" 132.900"", "" 131.653"", ""  62.186""], ["" 129.037"", "" 133.012"", ""  61.609""], ["" 128.280"", "" 132.457"", ""  62.676""]]",[],4bh_Grossjean_2025
80,5796,4bi_Grossjean_2025,receptor_tmp,1,7,-6.03,-0.23192307692307693,0.0,0.0,1,184.48,-7.22,-6.92,-0.3,-7.22,0.0,-0.22,1.19,-0.22,50,6,0.0,0.0,0.0,5.214264,6.961375,4.01539,-0.13144476,0.74118932,0.65830135,161.009171,"231.752823, 135.618866, 44.202621, 339.105957, ","[["" 129.363"", "" 123.313"", ""  60.151""], ["" 128.134"", "" 123.482"", ""  60.809""], ["" 126.988"", "" 123.457"", ""  59.933""], ["" 125.585"", "" 123.573"", ""  60.168""], ["" 124.740"", "" 123.505"", ""  59.048""], ["" 125.271"", "" 123.327"", ""  57.773""], ["" 124.370"", "" 123.248"", ""  56.554""], ["" 126.595"", "" 123.212"", ""  57.519""], ["" 127.402"", "" 123.277"", ""  58.578""], ["" 129.136"", "" 123.141"", ""  58.412""], ["" 130.712"", "" 123.300"", ""  60.723""], ["" 131.513"", "" 122.410"", ""  60.429""], ["" 130.998"", "" 124.327"", ""  61.562""], ["" 130.269"", "" 125.007"", ""  61.720""], ["" 132.193"", "" 124.567"", ""  62.228""], ["" 132.324"", "" 124.822"", ""  63.519""], ["" 133.433"", "" 124.565"", ""  61.592""], ["" 133.688"", "" 124.998"", ""  63.759""], ["" 134.346"", "" 124.839"", ""  62.586""], ["" 128.027"", "" 123.650"", ""  62.166""], ["" 127.328"", "" 123.164"", ""  62.711""], ["" 128.643"", "" 124.273"", ""  62.669""], ["" 124.954"", "" 123.761"", ""  61.551""], ["" 123.717"", "" 124.261"", ""  61.497""], ["" 124.881"", "" 122.587"", ""  62.178""], ["" 125.693"", "" 124.602"", ""  62.274""]]",[],4bi_Grossjean_2025
81,5505,4bj_Grossjean_2025,receptor_tmp,1,5,-5.7,-0.21923076923076923,0.0,0.0,2,184.76,-6.89,-6.98,0.09,-6.89,0.0,-0.07,1.19,-0.07,43,4,0.0,0.0,0.0,6.005707,6.820833,5.050489,0.96054968,0.14935777,0.23459873,208.544037,"221.513901, 123.729393, 329.92627, 262.35025, ","[["" 128.923"", "" 123.430"", ""  61.151""], ["" 130.078"", "" 122.632"", ""  61.134""], ["" 131.141"", "" 123.115"", ""  61.983""], ["" 132.449"", "" 122.627"", ""  62.272""], ["" 133.231"", "" 123.376"", ""  63.166""], ["" 132.729"", "" 124.546"", ""  63.731""], ["" 133.565"", "" 125.370"", ""  64.693""], ["" 131.493"", "" 125.034"", ""  63.478""], ["" 130.746"", "" 124.324"", ""  62.633""], ["" 129.126"", "" 124.825"", ""  62.208""], ["" 127.674"", "" 123.244"", ""  60.410""], ["" 126.601"", "" 123.115"", ""  61.003""], ["" 127.793"", "" 123.239"", ""  59.059""], ["" 128.718"", "" 123.362"", ""  58.675""], ["" 126.770"", "" 123.093"", ""  58.132""], ["" 126.786"", "" 122.403"", ""  57.012""], ["" 125.274"", "" 123.905"", ""  58.468""], ["" 125.634"", "" 122.480"", ""  56.378""], ["" 124.647"", "" 123.249"", ""  56.986""], ["" 130.190"", "" 121.489"", ""  60.384""], ["" 131.078"", "" 121.172"", ""  60.021""], ["" 129.381"", "" 120.925"", ""  60.162""], ["" 133.046"", "" 121.348"", ""  61.673""], ["" 133.563"", "" 121.533"", ""  60.457""], ["" 134.022"", "" 120.894"", ""  62.459""], ["" 132.097"", "" 120.417"", ""  61.566""]]",[],4bj_Grossjean_2025
82,5380,4bk_Grossjean_2025,receptor_tmp,1,18,-4.97,-0.16032258064516128,0.0,0.0,1,188.94,-8.55,-8.18,-0.37,-8.55,0.0,-1.0,3.58,-1.0,52,6,0.0,0.0,0.0,3.031383,13.606782,9.249692,0.16823263,-0.69928702,0.69476287,202.012344,"2.871934, 123.532616, 330.305603, 149.903961, 50.206741, 267.400208, 97.881653, 33.977806, 248.155518, 23.97485, 149.69928, 177.113724, ","[["" 128.006"", "" 127.245"", ""  67.995""], ["" 129.283"", "" 127.691"", ""  67.554""], ["" 130.245"", "" 126.492"", ""  67.481""], ["" 130.618"", "" 126.120"", ""  66.116""], ["" 130.274"", "" 123.890"", ""  66.295""], ["" 130.618"", "" 124.864"", ""  65.622""], ["" 130.910"", "" 126.874"", ""  65.513""], ["" 131.044"", "" 124.719"", ""  64.229""], ["" 131.620"", "" 123.604"", ""  63.603""], ["" 130.893"", "" 126.074"", ""  63.114""], ["" 131.941"", "" 123.810"", ""  62.213""], ["" 131.590"", "" 125.138"", ""  61.814""], ["" 132.519"", "" 122.971"", ""  61.214""], ["" 131.757"", "" 125.654"", ""  60.597""], ["" 132.694"", "" 123.521"", ""  59.935""], ["" 132.309"", "" 124.834"", ""  59.673""], ["" 132.492"", "" 125.443"", ""  58.295""], ["" 131.855"", "" 122.418"", ""  64.250""], ["" 132.307"", "" 121.639"", ""  63.792""], ["" 131.587"", "" 122.284"", ""  65.216""], ["" 132.955"", "" 121.521"", ""  61.453""], ["" 133.840"", "" 121.398"", ""  62.444""], ["" 131.894"", "" 120.778"", ""  61.770""], ["" 133.520"", "" 121.032"", ""  60.351""], ["" 127.857"", "" 127.240"", ""  69.408""], ["" 129.180"", "" 127.663"", ""  70.060""], ["" 129.305"", "" 127.032"", ""  71.327""], ["" 130.136"", "" 127.736"", ""  72.240""], ["" 129.447"", "" 129.042"", ""  72.654""], ["" 128.742"", "" 128.840"", ""  73.872""], ["" 127.477"", "" 128.221"", ""  73.698""]]",[],4bk_Grossjean_2025
83,6012,4ca_Grossjean_2025,receptor_tmp,1,9,-7.15,-0.19324324324324324,0.0,0.0,8,185.11,-9.53,-9.39,-0.15,-9.53,0.0,-0.86,2.39,-0.86,58,4,0.0,0.0,0.0,4.990508,8.207542,4.491398,0.73246134,-0.2235243,0.64306864,252.831802,"70.516449, 118.963226, 346.221771, 229.112427, 247.211853, 94.32843, 301.104706, 191.996674, ","[["" 126.738"", "" 127.728"", ""  60.312""], ["" 126.378"", "" 128.456"", ""  61.445""], ["" 125.660"", "" 129.643"", ""  61.323""], ["" 125.282"", "" 130.120"", ""  60.061""], ["" 125.639"", "" 129.380"", ""  58.924""], ["" 126.359"", "" 128.194"", ""  59.045""], ["" 127.454"", "" 126.539"", ""  60.552""], ["" 125.841"", "" 125.062"", ""  61.218""], ["" 127.020"", "" 125.331"", ""  60.991""], ["" 128.441"", "" 126.605"", ""  60.351""], ["" 128.064"", "" 124.319"", ""  61.170""], ["" 129.253"", "" 124.407"", ""  61.914""], ["" 127.937"", "" 122.762"", ""  60.356""], ["" 130.079"", "" 123.226"", ""  61.846""], ["" 129.469"", "" 122.242"", ""  61.016""], ["" 131.333"", "" 122.883"", ""  62.428""], ["" 129.972"", "" 121.041"", ""  60.738""], ["" 131.857"", "" 121.617"", ""  62.126""], ["" 131.175"", "" 120.730"", ""  61.285""], ["" 129.602"", "" 125.514"", ""  62.644""], ["" 130.361"", "" 126.120"", ""  62.366""], ["" 129.107"", "" 125.765"", ""  63.490""], ["" 132.134"", "" 123.806"", ""  63.354""], ["" 132.500"", "" 124.947"", ""  62.766""], ["" 131.400"", "" 124.124"", ""  64.419""], ["" 133.247"", "" 123.190"", ""  63.753""], ["" 131.721"", "" 119.373"", ""  60.945""], ["" 133.091"", "" 119.189"", ""  60.699""], ["" 130.877"", "" 118.251"", ""  60.855""], ["" 133.601"", "" 117.934"", ""  60.379""], ["" 131.384"", "" 116.994"", ""  60.534""], ["" 132.746"", "" 116.840"", ""  60.298""], ["" 124.504"", "" 131.400"", ""  59.964""], ["" 123.948"", "" 131.781"", ""  58.929""], ["" 124.476"", "" 132.100"", ""  61.128""], ["" 124.991"", "" 133.422"", ""  61.203""], ["" 126.491"", "" 133.368"", ""  61.507""]]",[],4ca_Grossjean_2025
84,13235,4cb_Grossjean_2025,receptor_tmp,1,9,-7.14,-0.19833333333333333,0.0,0.0,13,184.93,-9.23,-9.07,-0.16,-9.23,0.0,-0.7,2.09,-0.7,51,4,0.0,0.0,0.0,5.114996,7.932164,4.556425,0.74632881,-0.23122096,0.62412353,249.585297,"247.810028, 358.701355, 169.015518, 232.476807, 247.659683, 83.690826, 202.336288, ","[["" 126.768"", "" 127.709"", ""  60.228""], ["" 126.474"", "" 128.485"", ""  61.349""], ["" 125.774"", "" 129.681"", ""  61.217""], ["" 125.346"", "" 130.120"", ""  59.957""], ["" 125.638"", "" 129.335"", ""  58.832""], ["" 126.340"", "" 128.140"", ""  58.963""], ["" 127.467"", "" 126.513"", ""  60.479""], ["" 125.855"", "" 125.103"", ""  61.280""], ["" 127.029"", "" 125.335"", ""  60.985""], ["" 128.445"", "" 126.549"", ""  60.230""], ["" 128.057"", "" 124.304"", ""  61.152""], ["" 129.250"", "" 124.368"", ""  61.891""], ["" 127.903"", "" 122.756"", ""  60.325""], ["" 130.056"", "" 123.174"", ""  61.813""], ["" 129.429"", "" 122.205"", ""  60.975""], ["" 131.304"", "" 122.805"", ""  62.391""], ["" 129.912"", "" 120.999"", ""  60.688""], ["" 131.807"", "" 121.533"", ""  62.079""], ["" 131.111"", "" 120.663"", ""  61.232""], ["" 129.621"", "" 125.465"", ""  62.626""], ["" 129.115"", "" 125.750"", ""  63.453""], ["" 130.420"", "" 126.027"", ""  62.366""], ["" 132.120"", "" 123.708"", ""  63.325""], ["" 133.237"", "" 123.128"", ""  63.769""], ["" 132.477"", "" 124.818"", ""  62.679""], ["" 131.389"", "" 124.035"", ""  64.390""], ["" 131.632"", "" 119.299"", ""  60.886""], ["" 130.757"", "" 118.209"", ""  60.750""], ["" 133.006"", "" 119.071"", ""  60.695""], ["" 131.235"", "" 116.940"", ""  60.433""], ["" 133.488"", "" 117.805"", ""  60.376""], ["" 132.599"", "" 116.743"", ""  60.245""], ["" 124.584"", "" 131.411"", ""  59.850""], ["" 123.841"", "" 131.682"", ""  58.902""], ["" 124.796"", "" 132.247"", ""  60.899""], ["" 123.893"", "" 132.288"", ""  61.995""]]",[],4cb_Grossjean_2025
85,13427,4cc_Grossjean_2025,receptor_tmp,1,12,-7.49,-0.22029411764705883,0.0,0.0,12,186.08,-9.28,-8.92,-0.36,-9.28,0.0,-0.52,1.79,-0.52,52,9,0.0,0.0,0.0,5.469521,9.09367,5.995385,0.82611884,-0.38074303,0.41540631,251.959991,"97.846596, 133.141556, 145.942123, 141.31221, 134.419052, 173.083862, ","[["" 127.251"", "" 127.738"", ""  60.638""], ["" 127.633"", "" 127.356"", ""  61.745""], ["" 127.317"", "" 127.974"", ""  62.909""], ["" 127.749"", "" 127.603"", ""  63.743""], ["" 128.486"", "" 126.170"", ""  61.873""], ["" 129.572"", "" 125.961"", ""  62.738""], ["" 128.201"", "" 124.759"", ""  60.856""], ["" 130.201"", "" 124.671"", ""  62.594""], ["" 129.540"", "" 123.906"", ""  61.588""], ["" 131.307"", "" 124.052"", ""  63.243""], ["" 129.867"", "" 122.673"", ""  61.211""], ["" 131.645"", "" 122.751"", ""  62.836""], ["" 130.929"", "" 122.095"", ""  61.830""], ["" 130.004"", "" 126.900"", ""  63.641""], ["" 130.613"", "" 127.660"", ""  63.371""], ["" 129.729"", "" 126.860"", ""  64.612""], ["" 132.138"", "" 124.714"", ""  64.348""], ["" 132.490"", "" 125.969"", ""  64.059""], ["" 131.438"", "" 124.747"", ""  65.481""], ["" 133.259"", "" 124.021"", ""  64.545""], ["" 131.273"", "" 120.703"", ""  61.386""], ["" 130.340"", "" 119.660"", ""  61.504""], ["" 132.536"", "" 120.401"", ""  60.848""], ["" 130.652"", "" 118.366"", ""  61.096""], ["" 132.852"", "" 119.108"", ""  60.438""], ["" 131.908"", "" 118.095"", ""  60.563""], ["" 126.495"", "" 129.095"", ""  63.128""], ["" 125.718"", "" 129.509"", ""  62.044""], ["" 126.447"", "" 129.819"", ""  64.328""], ["" 124.885"", "" 130.618"", ""  62.163""], ["" 125.614"", "" 130.928"", ""  64.442""], ["" 124.823"", "" 131.336"", ""  63.357""], ["" 123.970"", "" 132.422"", ""  63.379""], ["" 123.984"", "" 133.340"", ""  62.291""]]",[],4cc_Grossjean_2025
86,13395,4cd_Grossjean_2025,receptor_tmp,2,4,-7.53,-0.2353125,0.0,0.0,16,185.7,-9.02,-8.72,-0.3,-9.02,0.0,-0.6,1.49,-0.6,49,9,0.0,0.0,0.0,5.685244,8.528205,5.679339,0.58314758,-0.35087167,-0.73268545,68.046867,"50.751949, 146.777237, 275.094177, 9.891941, 274.729553, ","[["" 128.439"", "" 126.136"", ""  61.920""], ["" 129.545"", "" 125.935"", ""  62.762""], ["" 130.176"", "" 124.647"", ""  62.609""], ["" 131.292"", "" 124.031"", ""  63.244""], ["" 131.627"", "" 122.730"", ""  62.834""], ["" 130.893"", "" 122.068"", ""  61.847""], ["" 129.834"", "" 122.650"", ""  61.226""], ["" 129.505"", "" 123.882"", ""  61.610""], ["" 128.153"", "" 124.729"", ""  60.899""], ["" 127.563"", "" 127.308"", ""  61.827""], ["" 127.071"", "" 127.640"", ""  60.748""], ["" 127.344"", "" 127.964"", ""  62.993""], ["" 127.754"", "" 127.552"", ""  63.818""], ["" 126.607"", "" 129.137"", ""  63.237""], ["" 127.109"", "" 129.980"", ""  64.233""], ["" 125.450"", "" 129.509"", ""  62.530""], ["" 126.457"", "" 131.171"", ""  64.539""], ["" 124.801"", "" 130.703"", ""  62.839""], ["" 125.305"", "" 131.526"", ""  63.842""], ["" 129.991"", "" 126.877"", ""  63.654""], ["" 129.707"", "" 126.871"", ""  64.623""], ["" 130.626"", "" 127.610"", ""  63.371""], ["" 132.137"", "" 124.698"", ""  64.335""], ["" 133.245"", "" 124.014"", ""  64.631""], ["" 132.513"", "" 125.913"", ""  63.936""], ["" 131.424"", "" 124.803"", ""  65.457""], ["" 131.238"", "" 120.678"", ""  61.394""], ["" 132.504"", "" 120.390"", ""  60.859""], ["" 130.310"", "" 119.627"", ""  61.497""], ["" 132.831"", "" 119.104"", ""  60.438""], ["" 130.632"", "" 118.341"", ""  61.076""], ["" 131.892"", "" 118.084"", ""  60.547""]]",[],4cd_Grossjean_2025
87,5179,4ce_Grossjean_2025,receptor_tmp,1,3,-7.7,-0.23333333333333334,0.0,0.0,13,185.92,-9.19,-8.93,-0.25,-9.19,0.0,-0.48,1.49,-0.48,45,8,0.0,0.0,0.0,5.609033,8.665679,5.593403,-0.54841698,0.32028295,0.77243617,294.797668,"359.963226, 134.63266, 197.999466, 108.201416, 332.839417, ","[["" 128.460"", "" 126.044"", ""  61.893""], ["" 129.641"", "" 125.890"", ""  62.639""], ["" 130.267"", "" 124.599"", ""  62.490""], ["" 131.448"", "" 124.023"", ""  63.041""], ["" 131.761"", "" 122.709"", ""  62.656""], ["" 130.948"", "" 121.999"", ""  61.767""], ["" 129.812"", "" 122.534"", ""  61.247""], ["" 129.509"", "" 123.780"", ""  61.602""], ["" 128.085"", "" 124.582"", ""  60.985""], ["" 127.595"", "" 127.222"", ""  61.785""], ["" 127.138"", "" 127.570"", ""  60.695""], ["" 127.352"", "" 127.875"", ""  62.948""], ["" 127.830"", "" 127.530"", ""  63.767""], ["" 126.556"", "" 129.014"", ""  63.168""], ["" 125.677"", "" 129.472"", ""  62.229""], ["" 126.687"", "" 129.633"", ""  64.417""], ["" 124.924"", "" 130.563"", ""  62.523""], ["" 125.906"", "" 130.754"", ""  64.703""], ["" 125.008"", "" 131.231"", ""  63.747""], ["" 123.966"", "" 131.016"", ""  61.437""], ["" 130.158"", "" 126.877"", ""  63.438""], ["" 129.602"", "" 127.663"", ""  63.745""], ["" 131.120"", "" 126.853"", ""  63.748""], ["" 132.383"", "" 124.744"", ""  64.017""], ["" 133.099"", "" 125.710"", ""  63.439""], ["" 131.669"", "" 125.306"", ""  64.994""], ["" 133.241"", "" 123.872"", ""  64.547""], ["" 131.264"", "" 120.595"", ""  61.343""], ["" 132.513"", "" 120.279"", ""  60.783""], ["" 130.322"", "" 119.562"", ""  61.485""], ["" 132.810"", "" 118.980"", ""  60.380""], ["" 130.617"", "" 118.261"", ""  61.086""], ["" 131.862"", "" 117.975"", ""  60.535""]]",[],4ce_Grossjean_2025
88,5217,4cf_Grossjean_2025,receptor_tmp,2,9,-7.51,-0.2346875,0.0,0.0,17,185.79,-9.0,-8.67,-0.33,-9.0,0.0,-0.6,1.49,-0.6,49,11,0.0,0.0,0.0,5.642313,8.530274,5.720571,0.57932505,-0.33466934,-0.74322198,66.941177,"320.411743, 154.350433, 278.050812, 245.642731, 276.794128, ","[["" 128.376"", "" 126.128"", ""  61.989""], ["" 129.507"", "" 125.944"", ""  62.801""], ["" 130.154"", "" 124.666"", ""  62.630""], ["" 131.298"", "" 124.068"", ""  63.233""], ["" 131.639"", "" 122.771"", ""  62.819""], ["" 130.884"", "" 122.094"", ""  61.856""], ["" 129.802"", "" 122.660"", ""  61.261""], ["" 129.468"", "" 123.889"", ""  61.651""], ["" 128.083"", "" 124.716"", ""  60.977""], ["" 127.469"", "" 127.278"", ""  61.933""], ["" 126.869"", "" 127.553"", ""  60.893""], ["" 127.346"", "" 127.977"", ""  63.087""], ["" 127.851"", "" 127.614"", ""  63.882""], ["" 126.607"", "" 129.145"", ""  63.355""], ["" 125.785"", "" 129.128"", ""  64.488""], ["" 126.645"", "" 130.329"", ""  62.593""], ["" 125.024"", "" 130.184"", ""  64.876""], ["" 125.870"", "" 131.424"", ""  62.980""], ["" 125.074"", "" 131.311"", ""  64.120""], ["" 129.962"", "" 126.891"", ""  63.683""], ["" 129.738"", "" 126.855"", ""  64.668""], ["" 130.541"", "" 127.661"", ""  63.376""], ["" 132.166"", "" 124.750"", ""  64.297""], ["" 131.518"", "" 124.962"", ""  65.445""], ["" 133.224"", "" 123.988"", ""  64.571""], ["" 132.580"", "" 125.935"", ""  63.849""], ["" 131.232"", "" 120.706"", ""  61.402""], ["" 132.500"", "" 120.421"", ""  60.872""], ["" 130.305"", "" 119.653"", ""  61.500""], ["" 132.832"", "" 119.136"", ""  60.449""], ["" 130.631"", "" 118.367"", ""  61.078""], ["" 131.895"", "" 118.114"", ""  60.554""]]",[],4cf_Grossjean_2025
89,5707,4cg_Grossjean_2025,receptor_tmp,1,20,-7.45,-0.22575757575757577,0.0,0.0,11,187.19,-9.24,-9.2,-0.04,-9.24,0.0,-0.62,1.79,-0.62,57,6,0.0,0.0,0.0,7.915022,9.781468,4.619336,0.60789714,-0.65511871,-0.44864301,107.395081,"21.670614, 223.811386, 220.80545, 9.698735, 220.091003, 98.815445, ","[["" 130.756"", "" 127.323"", ""  60.561""], ["" 130.814"", "" 126.837"", ""  61.875""], ["" 131.051"", "" 125.417"", ""  61.966""], ["" 131.163"", "" 124.519"", ""  63.066""], ["" 131.414"", "" 123.170"", ""  62.771""], ["" 131.552"", "" 122.727"", ""  61.451""], ["" 131.433"", "" 123.573"", ""  60.395""], ["" 131.196"", "" 124.854"", ""  60.664""], ["" 131.028"", "" 126.038"", ""  59.388""], ["" 130.571"", "" 128.701"", ""  60.105""], ["" 129.755"", "" 128.982"", ""  59.225""], ["" 131.371"", "" 129.626"", ""  60.677""], ["" 131.962"", "" 129.335"", ""  61.442""], ["" 131.345"", "" 131.059"", ""  60.393""], ["" 131.633"", "" 131.394"", ""  58.933""], ["" 130.582"", "" 131.748"", ""  58.083""], ["" 132.948"", "" 131.404"", ""  58.463""], ["" 130.844"", "" 132.084"", ""  56.757""], ["" 133.209"", "" 131.739"", ""  57.137""], ["" 132.156"", "" 132.075"", ""  56.290""], ["" 130.650"", "" 127.635"", ""  62.978""], ["" 130.831"", "" 127.299"", ""  63.914""], ["" 130.349"", "" 128.596"", ""  62.892""], ["" 131.023"", "" 124.936"", ""  64.535""], ["" 130.061"", "" 125.840"", ""  64.732""], ["" 130.728"", "" 123.870"", ""  65.280""], ["" 132.165"", "" 125.469"", ""  64.963""], ["" 131.818"", "" 121.287"", ""  61.114""], ["" 130.802"", "" 120.322"", ""  61.219""], ["" 133.089"", "" 120.861"", ""  60.689""], ["" 131.044"", "" 118.987"", ""  60.910""], ["" 133.335"", "" 119.527"", ""  60.379""], ["" 132.310"", "" 118.594"", ""  60.489""]]",[],4cg_Grossjean_2025
90,13526,4ch_Grossjean_2025,receptor_tmp,1,9,-6.7,-0.1717948717948718,0.0,0.0,16,186.97,-9.39,-9.02,-0.37,-9.39,0.0,-1.31,2.68,-1.31,58,9,0.0,0.0,0.0,5.991732,10.036355,5.102524,0.87007104,0.48143504,-0.10581439,164.388062,"12.312745, 123.682152, 145.629669, 334.184723, 82.208786, 315.738983, 190.907578, 211.640656, 292.500031, ","[["" 127.740"", "" 128.173"", ""  62.527""], ["" 127.787"", "" 127.312"", ""  61.645""], ["" 127.061"", "" 127.396"", ""  60.510""], ["" 127.189"", "" 126.681"", ""  59.808""], ["" 128.614"", "" 126.114"", ""  61.791""], ["" 129.720"", "" 125.910"", ""  62.630""], ["" 128.299"", "" 124.698"", ""  60.792""], ["" 130.319"", "" 124.603"", ""  62.507""], ["" 129.631"", "" 123.834"", ""  61.522""], ["" 131.416"", "" 123.972"", ""  63.159""], ["" 129.932"", "" 122.589"", ""  61.162""], ["" 131.725"", "" 122.658"", ""  62.770""], ["" 130.988"", "" 122.000"", ""  61.780""], ["" 130.187"", "" 126.862"", ""  63.500""], ["" 131.081"", "" 126.772"", ""  63.961""], ["" 129.650"", "" 127.693"", ""  63.706""], ["" 132.265"", "" 124.634"", ""  64.249""], ["" 132.823"", "" 125.782"", ""  63.855""], ["" 131.507"", "" 124.903"", ""  65.311""], ["" 133.253"", "" 123.816"", ""  64.611""], ["" 131.297"", "" 120.593"", ""  61.356""], ["" 130.339"", "" 119.574"", ""  61.490""], ["" 132.551"", "" 120.252"", ""  60.821""], ["" 130.620"", "" 118.267"", ""  61.100""], ["" 132.835"", "" 118.947"", ""  60.427""], ["" 131.867"", "" 117.959"", ""  60.568""], ["" 126.166"", "" 128.497"", ""  60.152""], ["" 126.128"", "" 129.629"", ""  61.171""], ["" 125.369"", "" 129.499"", ""  62.335""], ["" 126.885"", "" 130.784"", ""  60.969""], ["" 125.344"", "" 130.522"", ""  63.297""], ["" 126.879"", "" 131.823"", ""  61.915""], ["" 126.099"", "" 131.681"", ""  63.071""], ["" 124.614"", "" 130.461"", ""  64.470""], ["" 125.142"", "" 129.750"", ""  65.584""], ["" 127.603"", "" 132.994"", ""  61.778""], ["" 128.950"", "" 132.934"", ""  61.322""], ["" 126.096"", "" 132.683"", ""  64.011""], ["" 127.237"", "" 132.685"", ""  64.859""]]",[],4ch_Grossjean_2025
91,13970,4ci_Grossjean_2025,receptor_tmp,1,4,-7.1,-0.22903225806451613,0.0,0.0,1,186.61,-8.59,-8.71,0.12,-8.59,0.0,-0.63,1.49,-0.63,71,6,0.0,0.0,0.0,8.004162,6.947959,6.469267,0.17598365,-0.71485192,0.67676915,284.878876,"246.489838, 65.084526, 162.941147, 249.821289, 250.738297, ","[["" 131.036"", "" 124.582"", ""  63.708""], ["" 131.875"", "" 124.672"", ""  62.585""], ["" 132.096"", "" 123.414"", ""  61.913""], ["" 132.865"", "" 123.045"", ""  60.773""], ["" 132.842"", "" 121.693"", ""  60.392""], ["" 132.090"", "" 120.750"", ""  61.101""], ["" 131.364"", "" 121.091"", ""  62.197""], ["" 131.379"", "" 122.369"", ""  62.566""], ["" 130.480"", "" 122.929"", ""  63.957""], ["" 130.598"", "" 125.653"", ""  64.608""], ["" 129.845"", "" 126.543"", ""  64.206""], ["" 131.085"", "" 125.589"", ""  65.872""], ["" 131.702"", "" 124.820"", ""  66.088""], ["" 130.838"", "" 126.467"", ""  66.919""], ["" 131.722"", "" 127.277"", ""  67.478""], ["" 129.588"", "" 126.602"", ""  67.523""], ["" 131.051"", "" 127.975"", ""  68.483""], ["" 129.762"", "" 127.556"", ""  68.497""], ["" 132.440"", "" 125.847"", ""  62.161""], ["" 132.097"", "" 126.747"", ""  62.468""], ["" 133.229"", "" 125.852"", ""  61.528""], ["" 133.710"", "" 124.024"", ""  59.950""], ["" 134.781"", "" 124.473"", ""  60.608""], ["" 134.146"", "" 123.422"", ""  58.844""], ["" 132.974"", "" 125.084"", ""  59.614""], ["" 132.057"", "" 119.300"", ""  60.712""], ["" 130.843"", "" 118.596"", ""  60.657""], ["" 133.237"", "" 118.602"", ""  60.400""], ["" 130.805"", "" 117.252"", ""  60.296""], ["" 133.205"", "" 117.258"", ""  60.037""], ["" 131.988"", "" 116.588"", ""  59.986""]]",[],4ci_Grossjean_2025
92,5447,4cj_Grossjean_2025,receptor_tmp,1,5,-6.96,-0.22451612903225807,0.0,0.0,17,186.1,-8.45,-8.18,-0.27,-8.45,0.0,-0.44,1.49,-0.44,46,9,0.0,0.0,0.0,5.930079,8.356286,5.780765,-0.57793597,0.33322672,0.74494964,291.528473,"1.752136, 135.66423, 144.123322, 240.738098, 148.56041, ","[["" 128.494"", "" 126.101"", ""  61.973""], ["" 129.636"", "" 125.913"", ""  62.769""], ["" 130.253"", "" 124.617"", ""  62.620""], ["" 131.390"", "" 124.007"", ""  63.222""], ["" 131.710"", "" 122.702"", ""  62.815""], ["" 130.945"", "" 122.032"", ""  61.855""], ["" 129.848"", "" 122.598"", ""  61.289""], ["" 129.537"", "" 123.835"", ""  61.666""], ["" 128.155"", "" 124.671"", ""  61.000""], ["" 127.638"", "" 127.285"", ""  61.869""], ["" 127.228"", "" 127.673"", ""  60.772""], ["" 127.352"", "" 127.901"", ""  63.042""], ["" 127.753"", "" 127.510"", ""  63.882""], ["" 126.568"", "" 129.034"", ""  63.219""], ["" 125.878"", "" 129.688"", ""  62.309""], ["" 126.462"", "" 129.681"", ""  64.825""], ["" 125.244"", "" 130.720"", ""  62.831""], ["" 125.414"", "" 130.919"", ""  64.199""], ["" 130.128"", "" 126.874"", ""  63.615""], ["" 130.093"", "" 127.858"", ""  63.386""], ["" 130.540"", "" 126.629"", ""  64.505""], ["" 132.273"", "" 124.685"", ""  64.276""], ["" 131.604"", "" 125.028"", ""  65.378""], ["" 133.250"", "" 123.856"", ""  64.644""], ["" 132.807"", "" 125.797"", ""  63.771""], ["" 131.275"", "" 120.640"", ""  61.397""], ["" 130.328"", "" 119.607"", ""  61.498""], ["" 132.538"", "" 120.328"", ""  60.866""], ["" 130.630"", "" 118.313"", ""  61.082""], ["" 132.844"", "" 119.035"", ""  60.449""], ["" 131.888"", "" 118.032"", ""  60.558""]]",[],4cj_Grossjean_2025
93,5284,4ck_Grossjean_2025,receptor_tmp,1,20,-6.34,-0.1761111111111111,0.0,0.0,7,184.16,-10.22,-10.01,-0.21,-10.22,0.0,-1.38,3.88,-1.38,52,9,0.0,0.0,0.0,4.789165,9.116531,4.420632,0.98983735,-0.08836731,-0.1114147,148.138321,"333.343842, 125.036812, 97.998749, 132.52269, 142.906525, 52.565243, 344.722748, 246.957489, 248.77507, 325.174713, 280.701447, 24.017063, 148.562759, ","[["" 128.710"", "" 130.110"", ""  62.309""], ["" 127.342"", "" 130.434"", ""  62.522""], ["" 126.573"", "" 129.172"", ""  62.940""], ["" 127.398"", "" 127.967"", ""  62.845""], ["" 127.316"", "" 127.676"", ""  60.599""], ["" 127.699"", "" 127.303"", ""  61.709""], ["" 127.822"", "" 127.652"", ""  63.705""], ["" 128.525"", "" 126.106"", ""  61.869""], ["" 129.638"", "" 125.916"", ""  62.702""], ["" 128.211"", "" 124.678"", ""  60.886""], ["" 130.250"", "" 124.615"", ""  62.579""], ["" 129.561"", "" 123.833"", ""  61.606""], ["" 131.367"", "" 124.002"", ""  63.216""], ["" 129.874"", "" 122.591"", ""  61.247""], ["" 131.690"", "" 122.692"", ""  62.829""], ["" 130.940"", "" 122.015"", ""  61.862""], ["" 130.104"", "" 126.878"", ""  63.562""], ["" 130.607"", "" 126.644"", ""  64.406""], ["" 129.962"", "" 127.862"", ""  63.375""], ["" 132.230"", "" 124.685"", ""  64.285""], ["" 132.739"", "" 125.850"", ""  63.881""], ["" 131.496"", "" 124.924"", ""  65.371""], ["" 133.252"", "" 123.894"", ""  64.610""], ["" 131.278"", "" 120.620"", ""  61.421""], ["" 130.328"", "" 119.589"", ""  61.502""], ["" 132.551"", "" 120.306"", ""  60.913""], ["" 130.636"", "" 118.292"", ""  61.096""], ["" 132.864"", "" 119.011"", ""  60.508""], ["" 131.905"", "" 118.008"", ""  60.603""], ["" 129.421"", "" 131.082"", ""  61.554""], ["" 128.443"", "" 131.771"", ""  60.594""], ["" 129.174"", "" 132.342"", ""  59.516""], ["" 129.136"", "" 131.561"", ""  58.329""], ["" 129.107"", "" 132.497"", ""  57.115""], ["" 130.359"", "" 133.161"", ""  57.011""], ["" 131.435"", "" 132.291"", ""  56.700""]]",[],4ck_Grossjean_2025
94,5389,4dd_Grossjean_2025,receptor_tmp,1,12,-7.81,-0.2693103448275862,0.0,0.0,4,185.67,-9.0,-8.75,-0.25,-9.0,0.0,-0.58,1.19,-0.58,44,8,0.0,0.0,0.0,5.60914,8.435766,5.340937,-0.58783828,0.32240565,0.74195738,293.3992,"36.875195, 143.772659, 141.233765, 103.324814, ","[["" 128.672"", "" 126.033"", ""  61.882""], ["" 129.810"", "" 125.846"", ""  62.682""], ["" 130.454"", "" 124.574"", ""  62.493""], ["" 131.601"", "" 123.985"", ""  63.085""], ["" 132.459"", "" 124.666"", ""  64.141""], ["" 131.962"", "" 122.697"", ""  62.671""], ["" 131.213"", "" 122.016"", ""  61.703""], ["" 130.118"", "" 122.574"", ""  61.118""], ["" 129.770"", "" 123.797"", ""  61.515""], ["" 128.376"", "" 124.625"", ""  60.860""], ["" 127.774"", "" 127.189"", ""  61.830""], ["" 127.282"", "" 127.554"", ""  60.761""], ["" 127.535"", "" 127.792"", ""  63.019""], ["" 127.949"", "" 127.355"", ""  63.829""], ["" 126.775"", "" 128.941"", ""  63.305""], ["" 127.074"", "" 129.588"", ""  64.508""], ["" 125.789"", "" 129.473"", ""  62.457""], ["" 126.386"", "" 130.742"", ""  64.874""], ["" 125.103"", "" 130.628"", ""  62.827""], ["" 125.402"", "" 131.255"", ""  64.033""], ["" 130.280"", "" 126.781"", ""  63.571""], ["" 130.269"", "" 127.769"", ""  63.362""], ["" 130.651"", "" 126.508"", ""  64.470""], ["" 131.579"", "" 120.638"", ""  61.237""], ["" 130.623"", "" 119.610"", ""  61.210""], ["" 132.884"", "" 120.337"", ""  60.809""], ["" 130.955"", "" 118.329"", ""  60.775""], ["" 133.221"", "" 119.057"", ""  60.376""], ["" 132.254"", "" 118.058"", ""  60.361""]]",[],4dd_Grossjean_2025
95,5489,4dg_Grossjean_2025,receptor_tmp,1,12,-7.88,-0.26266666666666666,0.0,0.0,14,187.28,-9.37,-9.23,-0.14,-9.37,0.0,-0.66,1.49,-0.66,52,8,0.0,0.0,0.0,7.948827,9.910555,4.280618,-0.61127528,0.67185349,0.41827673,249.577667,"22.648422, 229.431732, 221.443787, 158.956085, 270.09787, ","[["" 130.741"", "" 127.348"", ""  60.570""], ["" 130.701"", "" 126.860"", ""  61.885""], ["" 130.927"", "" 125.442"", ""  61.985""], ["" 130.955"", "" 124.552"", ""  63.089""], ["" 130.714"", "" 124.976"", ""  64.530""], ["" 131.216"", "" 123.201"", ""  62.833""], ["" 131.447"", "" 122.746"", ""  61.529""], ["" 131.409"", "" 123.586"", ""  60.459""], ["" 131.161"", "" 124.873"", ""  60.701""], ["" 131.091"", "" 126.059"", ""  59.419""], ["" 130.595"", "" 128.727"", ""  60.108""], ["" 129.846"", "" 129.014"", ""  59.171""], ["" 131.353"", "" 129.645"", ""  60.742""], ["" 131.882"", "" 129.350"", ""  61.550""], ["" 131.354"", "" 131.081"", ""  60.464""], ["" 131.601"", "" 131.413"", ""  58.997""], ["" 130.538"", "" 131.833"", ""  58.192""], ["" 132.896"", "" 131.358"", ""  58.474""], ["" 130.765"", "" 132.167"", ""  56.860""], ["" 133.123"", "" 131.691"", ""  57.141""], ["" 132.056"", "" 132.092"", ""  56.340""], ["" 130.463"", "" 127.645"", ""  62.984""], ["" 130.611"", "" 128.643"", ""  62.970""], ["" 130.123"", "" 127.246"", ""  63.849""], ["" 131.728"", "" 121.302"", ""  61.223""], ["" 132.983"", "" 120.899"", ""  60.738""], ["" 130.744"", "" 120.314"", ""  61.405""], ["" 133.248"", "" 119.563"", ""  60.449""], ["" 131.004"", "" 118.977"", ""  61.119""], ["" 132.258"", "" 118.606"", ""  60.643""]]",[],4dg_Grossjean_2025
96,5350,4dj_Grossjean_2025,receptor_tmp,1,2,-7.47,-0.2667857142857143,0.0,0.0,3,186.69,-8.66,-8.83,0.17,-8.66,0.0,-0.53,1.19,-0.53,62,4,0.0,0.0,0.0,7.853834,6.758939,6.812349,-0.14664838,0.69695599,-0.70195912,75.512787,"253.26503, 65.314293, 322.669952, 247.43158, ","[["" 131.188"", "" 124.505"", ""  63.723""], ["" 132.072"", "" 124.555"", ""  62.634""], ["" 132.257"", "" 123.292"", ""  61.972""], ["" 133.047"", "" 122.898"", ""  60.861""], ["" 133.948"", "" 123.843"", ""  60.080""], ["" 132.996"", "" 121.557"", ""  60.464""], ["" 132.185"", "" 120.637"", ""  61.140""], ["" 131.430"", "" 120.997"", ""  62.214""], ["" 131.478"", "" 122.273"", ""  62.592""], ["" 130.553"", "" 122.874"", ""  63.951""], ["" 130.767"", "" 125.593"", ""  64.606""], ["" 130.080"", "" 126.524"", ""  64.177""], ["" 131.189"", "" 125.498"", ""  65.891""], ["" 131.755"", "" 124.698"", ""  66.135""], ["" 130.933"", "" 126.391"", ""  66.922""], ["" 131.759"", "" 127.264"", ""  67.459""], ["" 129.337"", "" 126.380"", ""  67.602""], ["" 131.177"", "" 127.953"", ""  68.421""], ["" 129.846"", "" 127.644"", ""  68.682""], ["" 132.713"", "" 125.697"", ""  62.224""], ["" 133.663"", "" 125.683"", ""  61.884""], ["" 132.251"", "" 126.596"", ""  62.250""], ["" 132.114"", "" 119.190"", ""  60.740""], ["" 130.882"", "" 118.518"", ""  60.684""], ["" 133.275"", "" 118.465"", ""  60.418""], ["" 130.809"", "" 117.178"", ""  60.314""], ["" 133.207"", "" 117.125"", ""  60.049""], ["" 131.973"", "" 116.486"", ""  59.998""]]",[],4dj_Grossjean_2025
97,5140,4ea_Grossjean_2025,receptor_tmp,1,13,-6.91,-0.20323529411764707,0.0,0.0,7,186.86,-9.0,-9.0,0.0,-9.0,0.0,-0.97,2.09,-0.97,54,5,0.0,0.0,0.0,5.939514,10.439768,4.508644,-0.01158129,-0.03667919,-0.99925998,264.539062,"245.666718, 20.418585, 279.735992, 308.461456, 9.277893, 355.717529, 10.158837, ","[["" 131.375"", "" 124.387"", ""  60.733""], ["" 132.761"", "" 124.237"", ""  60.669""], ["" 133.334"", "" 122.968"", ""  60.677""], ["" 132.531"", "" 121.823"", ""  60.749""], ["" 131.138"", "" 121.978"", ""  60.814""], ["" 130.562"", "" 123.245"", ""  60.806""], ["" 130.908"", "" 125.716"", ""  60.718""], ["" 129.338"", "" 125.731"", ""  59.053""], ["" 129.972"", "" 126.309"", ""  59.937""], ["" 131.349"", "" 126.312"", ""  61.403""], ["" 129.742"", "" 127.731"", ""  60.208""], ["" 130.244"", "" 128.844"", ""  59.515""], ["" 128.719"", "" 128.229"", ""  61.558""], ["" 129.816"", "" 130.109"", ""  60.054""], ["" 128.968"", "" 129.919"", ""  61.186""], ["" 130.078"", "" 131.455"", ""  59.675""], ["" 128.407"", "" 130.890"", ""  61.910""], ["" 129.492"", "" 132.476"", ""  60.430""], ["" 128.680"", "" 132.159"", ""  61.517""], ["" 128.032"", "" 133.247"", ""  62.353""], ["" 131.067"", "" 128.755"", ""  58.422""], ["" 130.752"", "" 128.357"", ""  57.548""], ["" 132.022"", "" 129.087"", ""  58.454""], ["" 130.938"", "" 131.808"", ""  58.523""], ["" 132.317"", "" 131.585"", ""  58.581""], ["" 130.376"", "" 132.373"", ""  57.373""], ["" 133.126"", "" 131.915"", ""  57.497""], ["" 131.183"", "" 132.703"", ""  56.288""], ["" 132.556"", "" 132.472"", ""  56.355""], ["" 133.183"", "" 120.471"", ""  60.756""], ["" 134.400"", "" 120.304"", ""  60.883""], ["" 132.300"", "" 119.449"", ""  60.608""], ["" 132.745"", "" 118.104"", ""  60.501""], ["" 131.564"", "" 117.207"", ""  60.115""]]",[],4ea_Grossjean_2025
98,13596,4eb_Grossjean_2025,receptor_tmp,1,13,-6.67,-0.20212121212121212,0.0,0.0,5,186.84,-8.46,-8.51,0.05,-8.46,0.0,-1.08,1.79,-1.08,44,4,0.0,0.0,0.0,6.071406,10.286575,4.483137,-0.00781778,-0.00520362,0.9999559,90.615852,"45.715641, 195.999237, 325.009888, 272.326752, 334.657562, 352.843109, ","[["" 131.348"", "" 123.792"", ""  60.764""], ["" 132.719"", "" 123.531"", ""  60.782""], ["" 133.188"", "" 122.221"", ""  60.792""], ["" 132.292"", "" 121.143"", ""  60.783""], ["" 130.915"", "" 121.409"", ""  60.764""], ["" 130.444"", "" 122.719"", ""  60.755""], ["" 130.989"", "" 125.154"", ""  60.756""], ["" 130.791"", "" 125.659"", ""  58.533""], ["" 130.739"", "" 125.990"", ""  59.718""], ["" 130.909"", "" 125.562"", ""  61.675""], ["" 130.389"", "" 127.363"", ""  60.092""], ["" 130.706"", "" 128.558"", ""  59.427""], ["" 129.446"", "" 127.677"", ""  61.550""], ["" 130.201"", "" 129.740"", ""  60.074""], ["" 129.483"", "" 129.402"", ""  61.260""], ["" 130.285"", "" 131.123"", ""  59.755""], ["" 128.892"", "" 130.268"", ""  62.085""], ["" 129.667"", "" 132.035"", ""  60.617""], ["" 128.995"", "" 131.576"", ""  61.747""], ["" 128.315"", "" 132.544"", ""  62.699""], ["" 131.433"", "" 128.613"", ""  58.264""], ["" 132.184"", "" 129.276"", ""  58.139""], ["" 131.239"", "" 127.990"", ""  57.492""], ["" 130.996"", "" 131.625"", ""  58.556""], ["" 130.273"", "" 132.092"", ""  57.455""], ["" 132.394"", "" 131.632"", ""  58.520""], ["" 130.940"", "" 132.567"", ""  56.328""], ["" 133.063"", "" 132.106"", ""  57.395""], ["" 132.333"", "" 132.571"", ""  56.303""], ["" 132.832"", "" 119.742"", ""  60.794""], ["" 134.032"", "" 119.476"", ""  60.682""], ["" 131.867"", "" 118.796"", ""  60.939""], ["" 132.062"", "" 117.474"", ""  60.457""]]",[],4eb_Grossjean_2025
99,5397,8a_Ghoteimi_2023,receptor_tmp,1,2,-4.83,-0.11232558139534884,0.0,0.0,10,186.79,-7.82,-7.23,-0.58,-7.82,0.0,-1.2,2.98,-1.2,84,13,0.0,0.0,0.0,6.207943,8.90645,8.901453,-0.43358636,-0.7637437,-0.47822424,139.319824,"337.789246, 161.445953, 93.220062, 152.71463, 137.470367, 348.851349, 80.281013, 286.493896, 187.856049, 112.464966, ","[["" 129.371"", "" 126.869"", ""  69.421""], ["" 130.485"", "" 127.330"", ""  70.125""], ["" 130.349"", "" 127.823"", ""  71.419""], ["" 129.094"", "" 127.864"", ""  72.038""], ["" 127.976"", "" 127.396"", ""  71.330""], ["" 128.110"", "" 126.902"", ""  70.035""], ["" 129.628"", "" 126.398"", ""  68.118""], ["" 129.506"", "" 127.022"", ""  66.920""], ["" 129.122"", "" 128.182"", ""  66.779""], ["" 129.965"", "" 125.447"", ""  68.085""], ["" 129.878"", "" 126.213"", ""  65.755""], ["" 130.162"", "" 125.339"", ""  62.085""], ["" 130.162"", "" 125.472"", ""  63.503""], ["" 130.782"", "" 124.211"", ""  61.537""], ["" 130.769"", "" 124.413"", ""  64.240""], ["" 129.677"", "" 126.497"", ""  64.395""], ["" 131.353"", "" 123.236"", ""  62.358""], ["" 130.696"", "" 124.666"", ""  65.968""], ["" 131.345"", "" 123.332"", ""  63.714""], ["" 129.543"", "" 126.330"", ""  61.168""], ["" 128.354"", "" 128.226"", ""  59.473""], ["" 127.581"", "" 127.236"", ""  60.080""], ["" 129.734"", "" 128.266"", ""  59.724""], ["" 128.169"", "" 126.297"", ""  60.923""], ["" 130.319"", "" 127.326"", ""  60.569""], ["" 127.685"", "" 129.115"", ""  58.653""], ["" 128.263"", "" 130.388"", ""  58.392""], ["" 129.089"", "" 127.651"", ""  63.941""], ["" 129.640"", "" 128.462"", ""  63.698""], ["" 128.088"", "" 127.729"", ""  63.830""], ["" 132.022"", "" 122.026"", ""  61.789""], ["" 131.272"", "" 120.939"", ""  61.317""], ["" 133.418"", "" 121.950"", ""  61.722""], ["" 131.900"", "" 119.810"", ""  60.799""], ["" 134.050"", "" 120.822"", ""  61.202""], ["" 133.290"", "" 119.739"", ""  60.738""], ["" 133.827"", "" 118.579"", ""  60.211""], ["" 133.086"", "" 117.368"", ""  60.305""], ["" 128.982"", "" 128.403"", ""  73.435""], ["" 128.415"", "" 129.465"", ""  73.709""], ["" 129.564"", "" 127.604"", ""  74.367""], ["" 130.343"", "" 126.478"", ""  73.984""], ["" 131.827"", "" 126.786"", ""  74.207""]]",[],8a_Ghoteimi_2023
100,13605,8b_Ghoteimi_2023,receptor_tmp,1,15,-6.67,-0.18027027027027026,0.0,0.0,11,186.19,-8.76,-8.18,-0.58,-8.76,0.0,-1.06,2.09,-1.06,56,8,0.0,0.0,0.0,7.58709,8.907711,5.085027,-0.668529,0.56713725,0.48106582,145.730164,"160.925644, 163.376007, 186.49736, 224.447845, 235.405807, 14.952697, 277.431976, ","[["" 131.444"", "" 124.664"", ""  62.659""], ["" 131.117"", "" 125.417"", ""  61.499""], ["" 131.142"", "" 124.713"", ""  60.260""], ["" 130.726"", "" 125.734"", ""  58.903""], ["" 130.509"", "" 127.131"", ""  59.959""], ["" 130.754"", "" 126.796"", ""  61.299""], ["" 131.443"", "" 123.425"", ""  60.106""], ["" 131.751"", "" 122.723"", ""  61.230""], ["" 131.763"", "" 123.313"", ""  62.498""], ["" 131.457"", "" 125.256"", ""  64.017""], ["" 131.478"", "" 126.360"", ""  66.594""], ["" 130.271"", "" 126.127"", ""  65.934""], ["" 132.683"", "" 126.037"", ""  65.949""], ["" 130.258"", "" 125.580"", ""  64.653""], ["" 132.668"", "" 125.489"", ""  64.669""], ["" 131.395"", "" 126.904"", ""  67.861""], ["" 130.197"", "" 127.563"", ""  68.256""], ["" 130.663"", "" 127.688"", ""  62.337""], ["" 130.938"", "" 127.433"", ""  63.275""], ["" 130.316"", "" 128.627"", ""  62.201""], ["" 132.089"", "" 121.279"", ""  61.029""], ["" 131.102"", "" 120.286"", ""  61.105""], ["" 133.407"", "" 120.885"", ""  60.761""], ["" 131.421"", "" 118.945"", ""  60.916""], ["" 133.729"", "" 119.544"", ""  60.570""], ["" 132.733"", "" 118.560"", ""  60.646""], ["" 132.956"", "" 117.208"", ""  60.472""], ["" 132.053"", "" 116.453"", ""  59.671""], ["" 130.126"", "" 128.429"", ""  59.399""], ["" 131.142"", "" 129.157"", ""  58.870""], ["" 128.951"", "" 128.802"", ""  59.422""], ["" 132.065"", "" 128.749"", ""  58.907""], ["" 131.066"", "" 130.412"", ""  58.282""], ["" 130.041"", "" 131.245"", ""  58.359""], ["" 132.096"", "" 130.958"", ""  57.518""], ["" 130.392"", "" 132.383"", ""  57.630""], ["" 131.635"", "" 132.195"", ""  57.128""]]",[],8b_Ghoteimi_2023
101,5587,8c_Ghoteimi_2023,receptor_tmp,1,2,-6.79,-0.18351351351351353,0.0,0.0,10,186.27,-8.88,-8.51,-0.37,-8.88,0.0,-0.99,2.09,-0.99,56,8,0.0,0.0,0.0,7.630276,8.902061,5.072548,-0.66983027,0.57079858,0.47488566,144.894501,"170.603912, 165.127579, 167.970093, 49.409107, 53.044529, 332.362305, 292.276154, ","[["" 131.461"", "" 124.651"", ""  62.660""], ["" 131.163"", "" 125.408"", ""  61.495""], ["" 131.197"", "" 124.705"", ""  60.256""], ["" 130.816"", "" 125.732"", ""  58.893""], ["" 130.600"", "" 127.130"", ""  59.947""], ["" 130.821"", "" 126.791"", ""  61.291""], ["" 131.482"", "" 123.411"", ""  60.106""], ["" 131.762"", "" 122.705"", ""  61.235""], ["" 131.763"", "" 123.294"", ""  62.503""], ["" 131.462"", "" 125.242"", ""  64.017""], ["" 131.460"", "" 126.347"", ""  66.594""], ["" 130.258"", "" 126.095"", ""  65.931""], ["" 132.672"", "" 126.042"", ""  65.953""], ["" 130.256"", "" 125.549"", ""  64.652""], ["" 132.669"", "" 125.494"", ""  64.673""], ["" 131.366"", "" 126.888"", ""  67.861""], ["" 130.102"", "" 127.346"", ""  68.328""], ["" 130.725"", "" 127.685"", ""  62.328""], ["" 130.711"", "" 127.376"", ""  63.291""], ["" 130.661"", "" 128.680"", ""  62.167""], ["" 132.083"", "" 121.257"", ""  61.038""], ["" 133.387"", "" 120.836"", ""  60.740""], ["" 131.082"", "" 120.283"", ""  61.149""], ["" 133.680"", "" 119.487"", ""  60.561""], ["" 131.372"", "" 118.933"", ""  60.971""], ["" 132.680"", "" 118.524"", ""  60.675""], ["" 133.062"", "" 117.210"", ""  60.484""], ["" 132.311"", "" 116.390"", ""  59.596""], ["" 130.242"", "" 128.433"", ""  59.382""], ["" 131.189"", "" 129.006"", ""  58.599""], ["" 129.146"", "" 128.944"", ""  59.621""], ["" 132.053"", "" 128.500"", ""  58.471""], ["" 131.106"", "" 130.230"", ""  57.950""], ["" 130.026"", "" 130.840"", ""  57.510""], ["" 132.591"", "" 131.081"", ""  57.671""], ["" 130.318"", "" 131.993"", ""  56.943""], ["" 131.664"", "" 132.342"", ""  56.913""]]",[],8c_Ghoteimi_2023
102,5214,8d_Ghoteimi_2023,receptor_tmp,1,6,-7.12,-0.2225,0.0,0.0,12,184.69,-9.21,-8.61,-0.6,-9.21,0.0,-1.23,2.09,-1.23,40,10,0.0,0.0,0.0,4.701293,9.609597,3.896451,0.61883503,-0.19643744,0.76056264,285.812042,"318.538239, 208.817429, 167.277359, 4.46051, 95.388451, 119.900032, 153.958832, ","[["" 127.934"", "" 126.532"", ""  60.196""], ["" 127.693"", "" 125.335"", ""  59.472""], ["" 128.532"", "" 124.226"", ""  59.779""], ["" 128.148"", "" 122.807"", ""  58.832""], ["" 126.849"", "" 123.665"", ""  58.000""], ["" 126.741"", "" 124.986"", ""  58.453""], ["" 129.514"", "" 124.226"", ""  60.680""], ["" 129.731"", "" 125.384"", ""  61.361""], ["" 128.962"", "" 126.531"", ""  61.144""], ["" 127.143"", "" 127.767"", ""  59.983""], ["" 125.658"", "" 130.110"", ""  59.579""], ["" 126.380"", "" 129.540"", ""  58.529""], ["" 125.684"", "" 129.493"", ""  60.841""], ["" 127.116"", "" 128.375"", ""  58.727""], ["" 126.421"", "" 128.329"", ""  61.037""], ["" 124.959"", "" 131.265"", ""  59.291""], ["" 123.646"", "" 131.431"", ""  59.814""], ["" 125.809"", "" 125.872"", ""  57.977""], ["" 125.626"", "" 126.748"", ""  58.446""], ["" 125.277"", "" 125.684"", ""  57.140""], ["" 130.835"", "" 125.355"", ""  62.369""], ["" 132.163"", "" 125.122"", ""  61.983""], ["" 130.566"", "" 125.562"", ""  63.728""], ["" 133.187"", "" 125.096"", ""  62.925""], ["" 131.588"", "" 125.535"", ""  64.674""], ["" 132.912"", "" 125.300"", ""  64.277""], ["" 133.989"", "" 125.257"", ""  65.140""], ["" 133.762"", "" 125.373"", ""  66.541""], ["" 126.044"", "" 122.969"", ""  56.973""], ["" 126.467"", "" 122.009"", ""  56.324""], ["" 124.802"", "" 123.498"", ""  56.826""], ["" 123.888"", "" 123.524"", ""  57.914""]]",[],8d_Ghoteimi_2023
103,13502,9a_Ghoteimi_2023,receptor_tmp,1,5,8.82,0.17294117647058824,0.0,0.0,5,186.21,5.83,6.15,-0.32,5.83,0.0,-1.72,2.98,-1.72,105,13,0.0,0.0,0.0,6.485249,8.165377,9.35237,0.16310796,0.97624789,0.14260384,244.836487,"208.224548, 346.520782, 20.577682, 219.984085, 133.374084, 269.775421, 211.357407, 322.647614, 61.686863, 217.099457, ","[["" 128.758"", "" 127.101"", ""  70.546""], ["" 129.132"", "" 128.423"", ""  70.787""], ["" 128.807"", "" 129.042"", ""  71.990""], ["" 128.097"", "" 128.349"", ""  72.980""], ["" 127.724"", "" 127.018"", ""  72.736""], ["" 128.050"", "" 126.397"", ""  71.533""], ["" 129.140"", "" 126.580"", ""  69.295""], ["" 130.233"", "" 126.837"", ""  68.533""], ["" 131.125"", "" 127.625"", ""  68.846""], ["" 128.492"", "" 125.906"", ""  68.917""], ["" 130.304"", "" 126.093"", ""  67.272""], ["" 129.806"", "" 126.460"", ""  66.012""], ["" 130.063"", "" 125.492"", ""  64.974""], ["" 131.085"", "" 124.512"", ""  67.213""], ["" 129.764"", "" 125.456"", ""  63.583""], ["" 130.739"", "" 124.355"", ""  65.506""], ["" 130.116"", "" 124.305"", ""  62.869""], ["" 131.090"", "" 123.268"", ""  64.820""], ["" 130.763"", "" 123.240"", ""  63.500""], ["" 129.122"", "" 127.626"", ""  65.780""], ["" 129.285"", "" 128.458"", ""  66.330""], ["" 128.429"", "" 127.692"", ""  65.048""], ["" 129.109"", "" 126.573"", ""  62.855""], ["" 129.862"", "" 127.647"", ""  62.374""], ["" 127.734"", "" 126.550"", ""  62.615""], ["" 129.249"", "" 128.686"", ""  61.681""], ["" 127.122"", "" 127.587"", ""  61.918""], ["" 127.867"", "" 128.671"", ""  61.433""], ["" 127.228"", "" 129.708"", ""  60.750""], ["" 126.537"", "" 129.413"", ""  59.478""], ["" 127.811"", "" 131.063"", ""  60.691""], ["" 125.572"", "" 130.532"", ""  59.034""], ["" 126.811"", "" 132.140"", ""  60.215""], ["" 126.262"", "" 131.770"", ""  58.961""], ["" 131.157"", "" 122.007"", ""  62.753""], ["" 132.464"", "" 121.850"", ""  62.279""], ["" 130.237"", "" 120.982"", ""  62.504""], ["" 132.839"", "" 120.704"", ""  61.582""], ["" 130.612"", "" 119.835"", ""  61.811""], ["" 131.924"", "" 119.666"", ""  61.346""], ["" 132.282"", "" 118.518"", ""  60.631""], ["" 131.325"", "" 117.838"", ""  59.734""], ["" 133.649"", "" 118.389"", ""  60.085""], ["" 131.760"", "" 116.416"", ""  59.323""], ["" 134.017"", "" 116.950"", ""  59.671""], ["" 133.058"", "" 116.449"", ""  58.752""], ["" 127.760"", "" 129.046"", ""  74.266""], ["" 127.750"", "" 128.477"", ""  75.363""], ["" 127.474"", "" 130.363"", ""  74.104""], ["" 128.265"", "" 131.368"", ""  74.728""], ["" 128.431"", "" 132.553"", ""  73.770""]]",[],9a_Ghoteimi_2023
104,6699,9b_Ghoteimi_2023,receptor_tmp,1,2,-5.71,-0.12688888888888888,0.0,0.0,13,187.71,-7.8,-7.4,-0.4,-7.8,0.0,-1.52,2.09,-1.52,76,3,0.0,0.0,0.0,6.86882,9.021323,7.225154,0.77014896,-0.19847049,-0.60620133,129.286438,"151.632675, 23.253923, 67.709755, 290.833496, 170.842651, 327.700165, 49.324608, ","[["" 131.093"", "" 123.824"", ""  61.865""], ["" 131.736"", "" 122.634"", ""  62.240""], ["" 131.953"", "" 122.550"", ""  63.988""], ["" 131.168"", "" 124.095"", ""  64.206""], ["" 130.982"", "" 124.620"", ""  65.416""], ["" 130.344"", "" 125.818"", ""  65.477""], ["" 129.921"", "" 126.498"", ""  64.333""], ["" 130.133"", "" 125.960"", ""  63.058""], ["" 130.768"", "" 124.689"", ""  62.972""], ["" 130.779"", "" 124.137"", ""  60.567""], ["" 131.327"", "" 123.796"", ""  59.789""], ["" 129.985"", "" 124.721"", ""  60.344""], ["" 132.208"", "" 121.542"", ""  61.385""], ["" 131.518"", "" 120.379"", ""  61.489""], ["" 133.169"", "" 121.705"", ""  60.629""], ["" 130.753"", "" 120.358"", ""  62.148""], ["" 131.739"", "" 119.197"", ""  60.794""], ["" 132.874"", "" 118.834"", ""  60.221""], ["" 130.756"", "" 118.226"", ""  60.613""], ["" 132.650"", "" 117.587"", ""  59.638""], ["" 131.365"", "" 117.232"", ""  59.883""], ["" 129.690"", "" 126.737"", ""  61.872""], ["" 130.628"", "" 127.364"", ""  61.051""], ["" 128.337"", "" 126.818"", ""  61.541""], ["" 130.219"", "" 128.076"", ""  59.928""], ["" 127.927"", "" 127.530"", ""  60.417""], ["" 128.859"", "" 128.181"", ""  59.595""], ["" 128.427"", "" 128.877"", ""  58.463""], ["" 127.111"", "" 128.557"", ""  57.877""], ["" 128.698"", "" 130.319"", ""  58.296""], ["" 126.939"", "" 129.095"", ""  56.440""], ["" 128.484"", "" 130.817"", ""  56.851""], ["" 127.172"", "" 130.495"", ""  56.415""], ["" 130.130"", "" 126.374"", ""  66.848""], ["" 131.127"", "" 127.116"", ""  67.492""], ["" 128.924"", "" 126.160"", ""  67.524""], ["" 130.927"", "" 127.619"", ""  68.774""], ["" 128.726"", "" 126.659"", ""  68.808""], ["" 129.728"", "" 127.386"", ""  69.466""], ["" 129.512"", "" 127.888"", ""  70.754""], ["" 130.635"", "" 128.156"", ""  71.674""], ["" 128.333"", "" 127.436"", ""  71.523""], ["" 130.250"", "" 129.016"", ""  72.894""], ["" 128.017"", "" 128.315"", ""  72.752""], ["" 129.162"", "" 128.422"", ""  73.583""]]",[],9b_Ghoteimi_2023
105,5403,9c_Ghoteimi_2023,receptor_tmp,1,2,-5.75,-0.12777777777777777,0.0,0.0,11,187.78,-7.84,-7.47,-0.36,-7.84,0.0,-1.44,2.09,-1.44,77,4,0.0,0.0,0.0,6.800146,8.984153,7.234997,0.76319508,-0.21716357,-0.60858299,130.403397,"160.10939, 221.023117, 66.780632, 298.852081, 169.370071, 332.091461, 49.79726, ","[["" 130.974"", "" 123.759"", ""  61.892""], ["" 131.570"", "" 122.549"", ""  62.279""], ["" 131.768"", "" 122.466"", ""  64.029""], ["" 131.036"", "" 124.040"", ""  64.232""], ["" 130.859"", "" 124.577"", ""  65.438""], ["" 130.264"", "" 125.798"", ""  65.487""], ["" 129.877"", "" 126.487"", ""  64.335""], ["" 130.081"", "" 125.935"", ""  63.065""], ["" 130.670"", "" 124.641"", ""  62.991""], ["" 130.685"", "" 124.076"", ""  60.589""], ["" 131.144"", "" 123.618"", ""  59.814""], ["" 130.001"", "" 124.783"", ""  60.359""], ["" 132.008"", "" 121.434"", ""  61.433""], ["" 131.293"", "" 120.290"", ""  61.562""], ["" 132.963"", "" 121.564"", ""  60.663""], ["" 130.535"", "" 120.289"", ""  62.229""], ["" 131.488"", "" 119.102"", ""  60.872""], ["" 130.574"", "" 118.287"", ""  60.392""], ["" 133.128"", "" 118.603"", ""  60.604""], ["" 131.120"", "" 117.244"", ""  59.795""], ["" 132.511"", "" 117.199"", ""  59.786""], ["" 129.681"", "" 126.720"", ""  61.871""], ["" 130.648"", "" 127.333"", ""  61.073""], ["" 128.336"", "" 126.825"", ""  61.508""], ["" 130.277"", "" 128.056"", ""  59.943""], ["" 127.966"", "" 127.548"", ""  60.378""], ["" 128.928"", "" 128.186"", ""  59.580""], ["" 128.533"", "" 128.897"", ""  58.443""], ["" 127.158"", "" 128.731"", ""  57.932""], ["" 128.977"", "" 130.285"", ""  58.211""], ["" 126.979"", "" 129.247"", ""  56.487""], ["" 128.750"", "" 130.766"", ""  56.761""], ["" 127.387"", "" 130.604"", ""  56.402""], ["" 130.059"", "" 126.368"", ""  66.853""], ["" 131.070"", "" 127.090"", ""  67.497""], ["" 128.843"", "" 126.194"", ""  67.522""], ["" 130.877"", "" 127.610"", ""  68.773""], ["" 128.650"", "" 126.711"", ""  68.800""], ["" 129.666"", "" 127.418"", ""  69.458""], ["" 129.453"", "" 127.941"", ""  70.738""], ["" 130.583"", "" 128.268"", ""  71.633""], ["" 128.304"", "" 127.469"", ""  71.538""], ["" 130.189"", "" 129.147"", ""  72.839""], ["" 127.979"", "" 128.368"", ""  72.751""], ["" 129.133"", "" 128.532"", ""  73.560""]]",[],9c_Ghoteimi_2023
106,5311,9d_Ghoteimi_2023,receptor_tmp,1,15,-5.62,-0.1405,0.0,0.0,16,191.26,-7.71,-7.1,-0.61,-7.71,0.0,-1.8,2.09,-1.8,65,5,0.0,0.0,0.0,6.476773,9.99471,7.479871,-0.80638666,0.0166475,0.59115431,241.956192,"156.346268, 258.092773, 197.675049, 240.045578, 47.412437, 7.348606, 108.643814, ","[["" 131.749"", "" 124.371"", ""  61.719""], ["" 132.692"", "" 123.383"", ""  62.028""], ["" 132.923"", "" 123.241"", ""  63.771""], ["" 131.767"", "" 124.518"", ""  64.068""], ["" 131.497"", "" 124.940"", ""  65.302""], ["" 130.597"", "" 125.951"", ""  65.425""], ["" 129.948"", "" 126.510"", ""  64.322""], ["" 130.214"", "" 126.057"", ""  63.025""], ["" 131.185"", "" 125.028"", ""  62.870""], ["" 131.409"", "" 124.701"", ""  60.432""], ["" 132.025"", "" 124.514"", ""  59.655""], ["" 130.525"", "" 125.141"", ""  60.217""], ["" 133.464"", "" 122.518"", ""  61.110""], ["" 134.035"", "" 121.487"", ""  61.476""], ["" 133.470"", "" 122.976"", ""  59.831""], ["" 134.327"", "" 124.041"", ""  59.443""], ["" 129.476"", "" 126.668"", ""  61.888""], ["" 128.110"", "" 126.432"", ""  61.717""], ["" 130.135"", "" 127.513"", ""  60.995""], ["" 127.418"", "" 127.022"", ""  60.662""], ["" 129.444"", "" 128.104"", ""  59.941""], ["" 128.072"", "" 127.876"", ""  59.759""], ["" 127.404"", "" 128.472"", ""  58.688""], ["" 125.929"", "" 128.416"", ""  58.642""], ["" 127.940"", "" 128.410"", ""  57.315""], ["" 125.312"", "" 129.423"", ""  57.648""], ["" 127.276"", "" 129.421"", ""  56.356""], ["" 125.868"", "" 129.233"", ""  56.355""], ["" 130.328"", "" 126.426"", ""  66.818""], ["" 129.127"", "" 126.102"", ""  67.458""], ["" 131.258"", "" 127.208"", ""  67.512""], ["" 128.866"", "" 126.542"", ""  68.753""], ["" 130.999"", "" 127.645"", ""  68.808""], ["" 129.804"", "" 127.311"", ""  69.461""], ["" 129.549"", "" 127.774"", ""  70.756""], ["" 128.300"", "" 127.427"", ""  71.464""], ["" 130.659"", "" 127.883"", ""  71.725""], ["" 128.031"", "" 128.290"", ""  72.715""], ["" 130.318"", "" 128.730"", ""  72.970""], ["" 129.144"", "" 128.235"", ""  73.591""]]",[],9d_Ghoteimi_2023
107,5176,RR10_Rahimova_2017,receptor_tmp,1,1,-8.95,-0.2486111111111111,0.0,0.0,3,188.88,-10.44,-10.39,-0.05,-10.44,0.0,-1.35,1.49,-1.35,72,8,0.0,0.0,0.0,8.707096,6.785683,2.114023,-0.47290219,-0.31761324,0.82187916,165.373825,"337.548523, 181.863663, 233.178818, 72.248497, 211.724243, ","[["" 132.577"", "" 124.576"", ""  59.266""], ["" 131.904"", "" 125.755"", ""  59.868""], ["" 130.924"", "" 126.351"", ""  58.828""], ["" 131.688"", "" 126.785"", ""  57.549""], ["" 132.476"", "" 125.579"", ""  56.983""], ["" 133.368"", "" 124.902"", ""  58.049""], ["" 133.416"", "" 123.535"", ""  60.429""], ["" 134.744"", "" 124.109"", ""  60.680""], ["" 133.285"", "" 122.147"", ""  59.968""], ["" 132.488"", "" 123.699"", ""  61.955""], ["" 132.676"", "" 124.824"", ""  62.766""], ["" 131.592"", "" 122.690"", ""  62.323""], ["" 131.930"", "" 124.922"", ""  63.949""], ["" 130.837"", "" 122.759"", ""  63.497""], ["" 131.023"", "" 123.891"", ""  64.294""], ["" 131.928"", "" 125.915"", ""  64.892""], ["" 130.482"", "" 124.318"", ""  65.483""], ["" 131.052"", "" 125.535"", ""  65.796""], ["" 129.787"", "" 123.866"", ""  66.059""], ["" 130.704"", "" 126.324"", ""  67.026""], ["" 131.607"", "" 127.261"", ""  67.547""], ["" 129.471"", "" 126.135"", ""  67.666""], ["" 131.284"", "" 127.995"", ""  68.685""], ["" 129.147"", "" 126.870"", ""  68.804""], ["" 130.055"", "" 127.796"", ""  69.309""], ["" 130.215"", "" 127.576"", ""  59.441""], ["" 130.828"", "" 128.766"", ""  59.296""], ["" 129.145"", "" 127.441"", ""  60.039""], ["" 131.750"", "" 128.781"", ""  58.887""], ["" 130.344"", "" 130.044"", ""  59.835""], ["" 131.501"", "" 131.013"", ""  60.201""], ["" 129.411"", "" 130.751"", ""  58.818""], ["" 132.273"", "" 131.491"", ""  58.950""], ["" 130.176"", "" 131.234"", ""  57.564""], ["" 131.324"", "" 132.194"", ""  57.951""], ["" 132.078"", "" 132.715"", ""  56.715""]]",[],RR10_Rahimova_2017
108,5326,RR11_Rahimova_2017,receptor_tmp,1,9,-6.24,-0.16,0.0,0.0,16,188.94,-8.03,-7.96,-0.07,-8.03,0.0,0.05,1.79,0.05,74,11,0.0,0.0,0.0,2.230828,10.797501,5.416615,0.62488098,-0.30631021,-0.71812103,224.928894,"194.339691, 247.165009, 106.486176, 184.804932, 220.153915, 225.152466, ","[["" 125.651"", "" 130.935"", ""  60.314""], ["" 125.658"", "" 130.684"", ""  61.815""], ["" 126.830"", "" 129.084"", ""  65.888""], ["" 127.342"", "" 128.893"", ""  64.622""], ["" 125.787"", "" 129.885"", ""  65.882""], ["" 126.580"", "" 129.626"", ""  63.743""], ["" 125.609"", "" 130.239"", ""  64.570""], ["" 126.623"", "" 129.825"", ""  62.360""], ["" 124.643"", "" 131.079"", ""  64.000""], ["" 124.683"", "" 131.286"", ""  62.619""], ["" 128.143"", "" 128.311"", ""  64.429""], ["" 127.411"", "" 128.456"", ""  67.122""], ["" 128.499"", "" 127.269"", ""  69.407""], ["" 129.254"", "" 128.182"", ""  68.675""], ["" 127.204"", "" 126.948"", ""  69.010""], ["" 128.711"", "" 128.772"", ""  67.536""], ["" 126.662"", "" 127.539"", ""  67.872""], ["" 129.043"", "" 126.673"", ""  70.545""], ["" 129.872"", "" 127.068"", ""  70.965""], ["" 128.581"", "" 125.874"", ""  70.956""], ["" 126.428"", "" 129.885"", ""  59.532""], ["" 127.708"", "" 129.512"", ""  59.960""], ["" 125.846"", "" 129.279"", ""  58.413""], ["" 128.400"", "" 128.539"", ""  59.225""], ["" 126.507"", "" 128.303"", ""  57.663""], ["" 127.790"", "" 127.953"", ""  58.091""], ["" 129.654"", "" 128.027"", ""  59.432""], ["" 128.738"", "" 127.069"", ""  57.633""], ["" 129.836"", "" 127.153"", ""  58.465""], ["" 128.692"", "" 126.451"", ""  56.836""], ["" 131.085"", "" 126.345"", ""  58.277""], ["" 131.637"", "" 126.176"", ""  57.001""], ["" 131.715"", "" 125.745"", ""  59.376""], ["" 132.793"", "" 125.422"", ""  56.824""], ["" 132.872"", "" 124.989"", ""  59.202""], ["" 133.409"", "" 124.829"", ""  57.925""], ["" 134.565"", "" 124.072"", ""  57.749""], ["" 135.001"", "" 124.034"", ""  56.839""], ["" 134.976"", "" 123.602"", ""  58.543""]]",[],RR11_Rahimova_2017
109,13520,RR11_Rahimova_2017-again1,receptor_tmp,1,3,-7.63,-0.19075,0.0,0.0,16,183.83,-9.42,-7.53,-1.9,-9.42,0.0,0.2,1.79,0.2,77,10,0.0,0.0,0.0,3.343734,11.155618,5.954549,-0.28459101,0.04082165,-0.95777949,222.233978,"356.876434, 211.334045, 253.070969, 185.146973, 105.429764, 56.143536, ","[["" 125.665"", "" 130.933"", ""  60.399""], ["" 126.531"", "" 129.970"", ""  59.600""], ["" 129.939"", "" 127.220"", ""  58.442""], ["" 129.663"", "" 127.944"", ""  59.583""], ["" 129.000"", "" 127.360"", ""  57.532""], ["" 128.472"", "" 128.604"", ""  59.390""], ["" 128.081"", "" 128.211"", ""  58.087""], ["" 127.711"", "" 129.475"", ""  60.172""], ["" 126.884"", "" 128.701"", ""  57.547""], ["" 126.123"", "" 129.578"", ""  58.320""], ["" 130.270"", "" 127.960"", ""  60.390""], ["" 131.173"", "" 126.385"", ""  58.265""], ["" 133.464"", "" 124.816"", ""  57.933""], ["" 132.890"", "" 124.947"", ""  59.196""], ["" 132.903"", "" 125.464"", ""  56.835""], ["" 131.749"", "" 125.729"", ""  59.361""], ["" 131.762"", "" 126.245"", ""  57.001""], ["" 134.604"", "" 124.031"", ""  57.766""], ["" 134.974"", "" 123.885"", ""  56.839""], ["" 135.022"", "" 123.585"", ""  58.571""], ["" 125.975"", "" 130.903"", ""  61.889""], ["" 126.396"", "" 129.703"", ""  62.477""], ["" 125.813"", "" 132.065"", ""  62.653""], ["" 126.674"", "" 129.733"", ""  63.846""], ["" 126.083"", "" 132.099"", ""  64.023""], ["" 126.524"", "" 130.906"", ""  64.604""], ["" 127.122"", "" 128.750"", ""  64.717""], ["" 126.887"", "" 130.590"", ""  65.906""], ["" 127.261"", "" 129.268"", ""  65.984""], ["" 127.334"", "" 127.787"", ""  64.502""], ["" 126.899"", "" 131.204"", ""  66.707""], ["" 127.736"", "" 128.539"", ""  67.199""], ["" 129.034"", "" 128.749"", ""  67.682""], ["" 126.890"", "" 127.646"", ""  67.868""], ["" 129.479"", "" 128.079"", ""  68.818""], ["" 127.334"", "" 126.976"", ""  69.004""], ["" 128.627"", "" 127.194"", ""  69.477""], ["" 129.072"", "" 126.527"", ""  70.618""], ["" 129.987"", "" 126.737"", ""  70.993""], ["" 128.489"", "" 125.820"", ""  71.040""]]",[],RR11_Rahimova_2017-again1
110,13324,RR11_Rahimova_2017-again2,receptor_tmp,1,8,-7.77,-0.18951219512195122,0.0,0.0,19,183.15,-9.56,-7.36,-2.2,-9.56,0.0,0.59,1.79,0.59,80,14,0.0,0.0,0.0,2.452273,10.748631,5.685948,0.23122741,-0.10140193,0.96760092,130.176132,"344.035339, 48.080006, 227.808823, 17.586042, 260.114227, 89.768448, ","[["" 125.432"", "" 130.695"", ""  60.237""], ["" 126.266"", "" 129.643"", ""  59.519""], ["" 129.843"", "" 126.952"", ""  58.486""], ["" 129.573"", "" 127.906"", ""  59.441""], ["" 128.706"", "" 126.838"", ""  57.719""], ["" 128.286"", "" 128.397"", ""  59.274""], ["" 127.732"", "" 127.715"", ""  58.178""], ["" 127.563"", "" 129.369"", ""  59.972""], ["" 126.431"", "" 127.973"", ""  57.737""], ["" 125.716"", "" 128.950"", ""  58.434""], ["" 130.251"", "" 128.181"", ""  60.136""], ["" 128.641"", "" 126.198"", ""  56.942""], ["" 131.121"", "" 126.198"", ""  58.311""], ["" 133.520"", "" 124.806"", ""  57.989""], ["" 132.930"", "" 125.433"", ""  56.894""], ["" 132.917"", "" 124.866"", ""  59.244""], ["" 131.733"", "" 126.127"", ""  57.054""], ["" 131.721"", "" 125.560"", ""  59.404""], ["" 134.720"", "" 124.115"", ""  57.830""], ["" 135.283"", "" 123.903"", ""  58.641""], ["" 135.048"", "" 123.893"", ""  56.900""], ["" 125.539"", "" 130.600"", ""  61.752""], ["" 126.358"", "" 129.616"", ""  62.322""], ["" 124.801"", "" 131.480"", ""  62.553""], ["" 126.424"", "" 129.577"", ""  63.718""], ["" 124.859"", "" 131.441"", ""  63.948""], ["" 125.692"", "" 130.472"", ""  64.514""], ["" 127.135"", "" 128.760"", ""  64.587""], ["" 125.988"", "" 130.167"", ""  65.835""], ["" 126.879"", "" 129.119"", ""  65.890""], ["" 127.764"", "" 128.008"", ""  64.347""], ["" 125.635"", "" 130.619"", ""  66.666""], ["" 127.461"", "" 128.500"", ""  67.119""], ["" 126.710"", "" 127.594"", ""  67.877""], ["" 128.765"", "" 128.815"", ""  67.519""], ["" 127.256"", "" 127.008"", ""  69.016""], ["" 129.312"", "" 128.231"", ""  68.659""], ["" 128.556"", "" 127.327"", ""  69.403""], ["" 129.106"", "" 126.736"", ""  70.541""], ["" 129.939"", "" 127.129"", ""  70.952""], ["" 128.702"", "" 125.884"", ""  70.902""]]",[],RR11_Rahimova_2017-again2
111,14149,RR12_Rahimova_2017,receptor_tmp,1,7,-5.81,-0.21518518518518517,0.0,0.0,1,187.37,-8.5,-8.29,-0.21,-8.5,0.0,-3.09,2.68,-3.09,45,3,0.0,0.0,0.0,5.493022,8.644431,8.785518,0.48623361,0.00206668,0.87382642,95.801224,"179.439743, 351.613617, 173.272202, 51.856358, 87.536964, 353.43158, 338.807617, 154.007629, 226.719055, ","[["" 130.631"", "" 124.626"", ""  65.378""], ["" 130.598"", "" 123.161"", ""  64.902""], ["" 129.966"", "" 122.979"", ""  63.596""], ["" 131.624"", "" 121.785"", ""  62.608""], ["" 130.511"", "" 122.315"", ""  62.560""], ["" 129.048"", "" 123.384"", ""  63.483""], ["" 129.654"", "" 122.247"", ""  61.290""], ["" 128.366"", "" 122.805"", ""  61.554""], ["" 127.515"", "" 123.073"", ""  60.498""], ["" 127.991"", "" 122.759"", ""  59.223""], ["" 126.231"", "" 123.627"", ""  60.635""], ["" 127.205"", "" 122.990"", ""  58.098""], ["" 125.443"", "" 123.857"", ""  59.510""], ["" 125.933"", "" 123.536"", ""  58.246""], ["" 131.921"", "" 125.357"", ""  64.966""], ["" 132.293"", "" 125.103"", ""  63.515""], ["" 133.323"", "" 124.373"", ""  63.166""], ["" 131.598"", "" 125.625"", ""  62.436""], ["" 133.311"", "" 124.381"", ""  61.799""], ["" 132.234"", "" 125.155"", ""  61.301""], ["" 134.187"", "" 123.746"", ""  60.904""], ["" 132.002"", "" 125.312"", ""  59.928""], ["" 133.957"", "" 123.902"", ""  59.537""], ["" 132.890"", "" 124.667"", ""  59.065""], ["" 130.395"", "" 126.453"", ""  62.469""], ["" 129.213"", "" 125.725"", ""  61.803""], ["" 127.891"", "" 126.492"", ""  61.947""]]",[],RR12_Rahimova_2017
112,5532,RR13_Rahimova_2017,receptor_tmp,1,14,-12.62,-0.26291666666666663,0.0,0.0,1,184.75,-16.2,-16.08,-0.13,-16.2,0.0,-4.3,3.58,-4.3,76,3,0.0,0.0,0.0,6.668499,11.488314,4.637655,0.13141513,0.88001411,0.45640467,135.14888,"334.511566, 269.502594, 104.86467, 244.590118, 30.644552, 324.556488, 300.205536, 229.990753, 111.671303, 9.62956, 167.484207, 20.033068, ","[["" 130.563"", "" 126.581"", ""  60.840""], ["" 131.059"", "" 127.958"", ""  61.019""], ["" 130.054"", "" 128.982"", ""  60.441""], ["" 128.760"", "" 128.889"", ""  61.136""], ["" 128.266"", "" 127.512"", ""  60.950""], ["" 129.269"", "" 126.494"", ""  61.539""], ["" 131.584"", "" 125.599"", ""  61.279""], ["" 131.039"", "" 124.545"", ""  62.267""], ["" 131.601"", "" 124.377"", ""  63.549""], ["" 131.101"", "" 123.399"", ""  64.412""], ["" 130.052"", "" 122.575"", ""  64.014""], ["" 129.989"", "" 123.696"", ""  61.880""], ["" 129.496"", "" 122.722"", ""  62.746""], ["" 132.925"", "" 125.343"", ""  64.107""], ["" 132.299"", "" 124.929"", ""  60.096""], ["" 132.122"", "" 125.194"", ""  58.820""], ["" 133.192"", "" 123.887"", ""  60.224""], ["" 132.961"", "" 124.324"", ""  58.130""], ["" 133.636"", "" 123.511"", ""  59.020""], ["" 133.720"", "" 123.265"", ""  61.433""], ["" 134.275"", "" 121.864"", ""  61.113""], ["" 133.172"", "" 120.824"", ""  60.987""], ["" 131.846"", "" 121.179"", ""  61.247""], ["" 133.489"", "" 119.513"", ""  60.622""], ["" 130.838"", "" 120.224"", ""  61.140""], ["" 132.480"", "" 118.559"", ""  60.514""], ["" 131.160"", "" 118.918"", ""  60.773""], ["" 127.792"", "" 129.909"", ""  60.670""], ["" 128.439"", "" 131.266"", ""  60.385""], ["" 129.004"", "" 132.043"", ""  61.279""], ["" 128.566"", "" 131.838"", ""  59.137""], ["" 129.468"", "" 133.154"", ""  60.581""], ["" 129.183"", "" 133.021"", ""  59.238""], ["" 128.093"", "" 131.370"", ""  57.839""], ["" 128.901"", "" 132.026"", ""  56.704""], ["" 130.401"", "" 131.874"", ""  56.905""], ["" 131.271"", "" 132.862"", ""  56.436""], ["" 130.905"", "" 130.750"", ""  57.565""], ["" 132.644"", "" 132.727"", ""  56.627""], ["" 132.278"", "" 130.615"", ""  57.754""], ["" 133.142"", "" 131.603"", ""  57.284""], ["" 126.541"", "" 130.093"", ""  61.557""], ["" 126.678"", "" 129.814"", ""  62.923""], ["" 125.278"", "" 130.513"", ""  61.077""], ["" 125.606"", "" 129.969"", ""  63.802""], ["" 124.211"", "" 130.669"", ""  61.966""], ["" 124.373"", "" 130.403"", ""  63.322""], ["" 124.957"", "" 130.804"", ""  59.400""]]",[],RR13_Rahimova_2017
113,5483,RR14_Rahimova_2017,receptor_tmp,1,2,-9.83,-0.24575,0.0,0.0,1,187.07,-13.11,-12.81,-0.3,-13.11,0.0,-2.14,3.28,-2.14,34,10,0.0,0.0,0.0,4.428967,11.141009,3.662971,-0.3664359,0.92584034,-0.09243587,174.243713,"240.569092, 317.132446, 25.066992, 352.898865, 275.335022, 200.010971, 353.206085, 102.640053, 153.91272, 176.008316, 138.628189, ","[["" 127.979"", "" 124.913"", ""  59.101""], ["" 128.374"", "" 126.302"", ""  59.386""], ["" 127.191"", "" 127.174"", ""  59.393""], ["" 126.882"", "" 127.876"", ""  60.713""], ["" 126.213"", "" 129.805"", ""  64.411""], ["" 126.423"", "" 129.187"", ""  63.169""], ["" 125.384"", "" 130.929"", ""  64.481""], ["" 127.253"", "" 128.052"", ""  63.050""], ["" 125.807"", "" 129.695"", ""  62.011""], ["" 124.772"", "" 131.432"", ""  63.334""], ["" 127.540"", "" 127.360"", ""  61.919""], ["" 126.089"", "" 128.974"", ""  60.753""], ["" 124.975"", "" 130.824"", ""  62.092""], ["" 128.297"", "" 126.391"", ""  61.956""], ["" 126.865"", "" 129.278"", ""  65.683""], ["" 127.700"", "" 127.699"", ""  63.882""], ["" 124.287"", "" 131.398"", ""  60.860""], ["" 129.372"", "" 126.796"", ""  58.427""], ["" 129.030"", "" 128.187"", ""  57.850""], ["" 129.993"", "" 129.302"", ""  58.309""], ["" 130.034"", "" 130.447"", ""  57.394""], ["" 131.382"", "" 131.030"", ""  57.365""], ["" 129.005"", "" 131.458"", ""  57.684""], ["" 131.446"", "" 132.271"", ""  56.450""], ["" 129.140"", "" 132.686"", ""  56.758""], ["" 130.457"", "" 133.218"", ""  56.839""], ["" 127.427"", "" 124.202"", ""  60.329""], ["" 126.209"", "" 124.339"", ""  60.799""], ["" 128.126"", "" 123.305"", ""  61.108""], ["" 126.133"", "" 123.495"", ""  61.902""], ["" 127.338"", "" 122.846"", ""  62.087""], ["" 129.495"", "" 122.810"", ""  60.968""], ["" 130.469"", "" 123.443"", ""  61.954""], ["" 130.744"", "" 122.813"", ""  63.169""], ["" 131.107"", "" 124.642"", ""  61.632""], ["" 131.679"", "" 123.363"", ""  64.041""], ["" 132.043"", "" 125.190"", ""  62.505""], ["" 132.345"", "" 124.545"", ""  63.716""], ["" 133.273"", "" 125.002"", ""  64.631""], ["" 132.823"", "" 125.717"", ""  65.777""]]",[],RR14_Rahimova_2017
114,13693,RR15_Rahimova_2017,receptor_tmp,1,13,-8.09,-0.1758695652173913,0.0,0.0,1,181.2,-12.56,-12.3,-0.26,-12.56,0.0,-4.2,4.47,-4.2,73,5,0.0,0.0,0.0,4.212499,7.042192,3.743965,-0.25711307,0.58021609,-0.77281444,240.363647,"197.381165, 262.679901, 78.031509, 296.665894, 11.806068, 88.08847, 78.446121, 176.749939, 55.337387, 246.673401, 20.180012, 30.68058, 187.766953, 70.213165, 260.782227, ","[["" 128.540"", "" 122.944"", ""  60.736""], ["" 127.775"", "" 122.131"", ""  60.214""], ["" 129.836"", "" 123.093"", ""  60.323""], ["" 131.015"", "" 122.811"", ""  61.198""], ["" 130.986"", "" 123.693"", ""  62.441""], ["" 130.906"", "" 125.213"", ""  64.786""], ["" 130.665"", "" 123.844"", ""  64.841""], ["" 131.188"", "" 125.832"", ""  63.571""], ["" 130.706"", "" 123.088"", ""  63.673""], ["" 131.228"", "" 125.076"", ""  62.403""], ["" 130.868"", "" 125.947"", ""  65.921""], ["" 131.308"", "" 121.292"", ""  61.402""], ["" 130.263"", "" 120.467"", ""  61.210""], ["" 132.421"", "" 120.900"", ""  61.752""], ["" 129.374"", "" 120.870"", ""  60.951""], ["" 130.272"", "" 119.027"", ""  61.441""], ["" 131.024"", "" 118.288"", ""  60.319""], ["" 132.408"", "" 118.635"", ""  60.470""], ["" 131.012"", "" 116.752"", ""  60.416""], ["" 133.237"", "" 117.483"", ""  60.369""], ["" 132.367"", "" 116.397"", ""  60.978""], ["" 130.162"", "" 123.733"", ""  59.033""], ["" 129.186"", "" 123.363"", ""  57.896""], ["" 127.994"", "" 124.334"", ""  57.721""], ["" 126.684"", "" 123.691"", ""  57.855""], ["" 125.656"", "" 124.567"", ""  58.437""], ["" 126.258"", "" 123.141"", ""  56.561""], ["" 124.278"", "" 123.872"", ""  58.476""], ["" 124.864"", "" 122.482"", ""  56.653""], ["" 123.922"", "" 123.412"", ""  57.177""], ["" 127.989"", "" 123.843"", ""  61.871""], ["" 127.982"", "" 125.274"", ""  61.571""], ["" 127.203"", "" 126.143"", ""  62.226""], ["" 128.576"", "" 125.771"", ""  60.485""], ["" 127.389"", "" 127.248"", ""  61.527""], ["" 128.192"", "" 127.096"", ""  60.483""], ["" 126.742"", "" 128.560"", ""  61.878""], ["" 126.202"", "" 128.777"", ""  63.152""], ["" 126.665"", "" 129.593"", ""  60.938""], ["" 125.592"", "" 129.996"", ""  63.494""], ["" 126.060"", "" 130.805"", ""  61.261""], ["" 125.518"", "" 131.019"", ""  62.537""], ["" 125.047"", "" 130.259"", ""  64.738""], ["" 125.456"", "" 129.487"", ""  65.863""], ["" 124.902"", "" 132.198"", ""  62.921""], ["" 124.209"", "" 132.975"", ""  61.951""]]",[],RR15_Rahimova_2017
115,5356,RR16_Rahimova_2017,receptor_tmp,1,1,-7.58,-0.15791666666666668,0.0,0.0,3,187.09,-12.05,-11.83,-0.32,-12.16,0.1,-3.37,4.47,-3.37,55,5,0.0,0.0,0.0,4.918725,10.62191,5.787946,-0.2313275,-0.48277751,0.84463807,293.105652,"219.282867, 17.061436, 160.753387, 67.45932, 220.274902, 13.422299, 261.849945, 145.539322, 285.151794, 82.920395, 321.137207, 7.489385, 177.971741, 132.170578, 296.947571, ","[["" 129.582"", "" 123.437"", ""  59.537""], ["" 130.790"", "" 124.030"", ""  59.164""], ["" 131.972"", "" 123.647"", ""  59.791""], ["" 131.939"", "" 122.672"", ""  60.790""], ["" 130.738"", "" 122.052"", ""  61.137""], ["" 129.558"", "" 122.432"", ""  60.508""], ["" 128.044"", "" 124.027"", ""  58.834""], ["" 127.006"", "" 123.037"", ""  59.154""], ["" 128.311"", "" 124.395"", ""  57.438""], ["" 127.693"", "" 125.512"", ""  59.739""], ["" 126.468"", "" 127.736"", ""  61.193""], ["" 126.925"", "" 127.878"", ""  59.720""], ["" 127.208"", "" 126.590"", ""  61.931""], ["" 126.910"", "" 126.523"", ""  58.984""], ["" 127.194"", "" 125.279"", ""  61.120""], ["" 126.520"", "" 129.063"", ""  61.956""], ["" 127.358"", "" 132.707"", ""  61.723""], ["" 127.260"", "" 133.492"", ""  62.813""], ["" 126.989"", "" 131.408"", ""  62.029""], ["" 126.771"", "" 132.733"", ""  63.854""], ["" 126.614"", "" 131.457"", ""  63.393""], ["" 126.947"", "" 130.221"", ""  61.290""], ["" 126.178"", "" 130.291"", ""  64.040""], ["" 126.139"", "" 129.106"", ""  63.304""], ["" 127.932"", "" 133.232"", ""  60.491""], ["" 129.230"", "" 132.538"", ""  60.104""], ["" 131.403"", "" 131.651"", ""  60.712""], ["" 131.635"", "" 131.304"", ""  59.381""], ["" 130.201"", "" 132.264"", ""  61.074""], ["" 130.669"", "" 131.573"", ""  58.410""], ["" 129.470"", "" 132.190"", ""  58.771""], ["" 132.599"", "" 131.328"", ""  61.913""], ["" 125.806"", "" 130.313"", ""  65.359""], ["" 126.144"", "" 131.075"", ""  65.836""], ["" 133.419"", "" 122.278"", ""  61.716""], ["" 132.981"", "" 121.716"", ""  62.999""], ["" 134.318"", "" 121.527"", ""  60.832""], ["" 134.160"", "" 123.845"", ""  62.047""], ["" 135.181"", "" 123.896"", ""  62.003""], ["" 133.485"", "" 124.837"", ""  62.917""], ["" 132.552"", "" 125.722"", ""  62.050""], ["" 131.053"", "" 125.364"", ""  62.033""], ["" 130.305"", "" 125.744"", ""  63.322""], ["" 131.190"", "" 126.102"", ""  64.530""], ["" 132.803"", "" 124.084"", ""  64.082""], ["" 132.087"", "" 124.989"", ""  65.105""], ["" 131.190"", "" 126.103"", ""  64.531""], ["" 130.306"", "" 125.743"", ""  63.322""]]",[],RR16_Rahimova_2017
116,5188,RR17_Rahimova_2017,receptor_tmp,1,17,-8.78,-0.2251282051282051,0.0,0.0,1,188.35,-12.36,-11.78,-0.57,-12.36,0.0,-1.58,3.58,-1.58,87,10,0.0,0.0,0.0,8.829831,8.384704,10.339424,-0.19642751,0.1528213,-0.96853595,196.172409,"113.309761, 353.170868, 259.082062, 154.444748, 314.870789, 58.351269, 28.891315, 98.059784, 156.573746, 220.54892, 288.04306, 350.388306, ","[["" 130.222"", "" 125.735"", ""  66.476""], ["" 131.699"", "" 125.474"", ""  65.534""], ["" 131.729"", "" 124.949"", ""  64.258""], ["" 133.071"", "" 124.916"", ""  63.939""], ["" 132.917"", "" 125.749"", ""  65.938""], ["" 133.793"", "" 125.395"", ""  64.920""], ["" 130.648"", "" 124.515"", ""  63.476""], ["" 128.504"", "" 123.652"", ""  61.917""], ["" 129.133"", "" 122.767"", ""  62.809""], ["" 128.965"", "" 124.966"", ""  61.817""], ["" 130.203"", "" 123.198"", ""  63.588""], ["" 130.034"", "" 125.404"", ""  62.594""], ["" 127.438"", "" 123.313"", ""  61.107""], ["" 126.175"", "" 123.931"", ""  61.327""], ["" 133.635"", "" 124.396"", ""  62.625""], ["" 132.637"", "" 123.769"", ""  61.761""], ["" 132.064"", "" 124.379"", ""  61.197""], ["" 132.619"", "" 122.396"", ""  61.458""], ["" 133.842"", "" 121.725"", ""  61.445""], ["" 131.443"", "" 121.687"", ""  61.182""], ["" 133.897"", "" 120.366"", ""  61.148""], ["" 131.496"", "" 120.329"", ""  60.884""], ["" 132.725"", "" 119.660"", ""  60.864""], ["" 132.803"", "" 118.170"", ""  60.533""], ["" 132.627"", "" 117.403"", ""  61.612""], ["" 131.869"", "" 117.842"", ""  59.639""], ["" 134.002"", "" 117.899"", ""  60.018""], ["" 130.751"", "" 127.152"", ""  67.504""], ["" 129.582"", "" 127.746"", ""  68.322""], ["" 128.685"", "" 128.385"", ""  67.764""], ["" 129.590"", "" 127.495"", ""  69.802""], ["" 130.791"", "" 127.620"", ""  70.515""], ["" 128.427"", "" 127.133"", ""  70.498""], ["" 130.827"", "" 127.392"", ""  71.887""], ["" 128.466"", "" 126.905"", ""  71.871""], ["" 129.670"", "" 127.034"", ""  72.578""], ["" 129.803"", "" 126.829"", ""  73.939""], ["" 131.079"", "" 126.490"", ""  74.473""], ["" 131.317"", "" 124.991"", ""  74.267""]]",[],RR17_Rahimova_2017
117,6611,RR18_Rahimova_2017,receptor_tmp,1,20,-8.45,-0.22236842105263155,0.0,0.0,5,189.47,-9.34,-9.49,0.14,-9.34,0.0,-1.27,0.89,-1.27,64,3,0.0,0.0,0.0,6.63448,9.914157,3.443391,-0.58617281,0.51385543,0.6263817,233.198486,"216.381851, 352.991364, 115.444908, ","[["" 130.118"", "" 125.278"", ""  60.287""], ["" 129.975"", "" 124.274"", ""  61.469""], ["" 130.087"", "" 124.747"", ""  62.738""], ["" 130.200"", "" 126.064"", ""  63.068""], ["" 130.119"", "" 126.954"", ""  62.150""], ["" 130.094"", "" 128.677"", ""  62.438""], ["" 129.933"", "" 129.021"", ""  60.687""], ["" 129.842"", "" 130.258"", ""  60.086""], ["" 129.788"", "" 131.478"", ""  60.904""], ["" 129.648"", "" 132.512"", ""  60.068""], ["" 129.634"", "" 132.139"", ""  58.758""], ["" 129.772"", "" 130.764"", ""  58.678""], ["" 129.833"", "" 130.199"", ""  57.390""], ["" 129.719"", "" 131.000"", ""  56.251""], ["" 129.557"", "" 132.379"", ""  56.372""], ["" 129.518"", "" 132.959"", ""  57.637""], ["" 129.837"", "" 131.615"", ""  62.125""], ["" 130.037"", "" 126.684"", ""  60.822""], ["" 129.898"", "" 127.742"", ""  59.977""], ["" 129.743"", "" 127.581"", ""  58.770""], ["" 129.582"", "" 133.470"", ""  60.381""], ["" 131.415"", "" 125.052"", ""  59.514""], ["" 132.683"", "" 125.222"", ""  57.729""], ["" 133.434"", "" 124.569"", ""  58.693""], ["" 131.456"", "" 125.512"", ""  58.235""], ["" 132.628"", "" 124.460"", ""  59.826""], ["" 132.944"", "" 125.652"", ""  56.307""], ["" 129.834"", "" 122.844"", ""  61.211""], ["" 130.989"", "" 122.145"", ""  61.316""], ["" 128.750"", "" 122.341"", ""  60.909""], ["" 131.819"", "" 122.693"", ""  61.486""], ["" 131.238"", "" 120.765"", ""  61.161""], ["" 132.556"", "" 120.370"", ""  60.854""], ["" 130.249"", "" 119.776"", ""  61.318""], ["" 132.855"", "" 119.013"", ""  60.697""], ["" 130.563"", "" 118.428"", ""  61.157""], ["" 131.864"", "" 118.045"", ""  60.844""], ["" 133.679"", "" 121.389"", ""  60.687""]]",[],RR18_Rahimova_2017
118,5341,RR19_Rahimova_2017,receptor_tmp,1,8,-11.65,-0.24270833333333333,0.0,0.0,1,187.75,-14.04,-13.92,-0.12,-14.04,0.0,-2.82,2.39,-2.82,92,4,0.0,0.0,0.0,6.767569,9.940956,3.73864,-0.30590626,0.94157353,-0.14092784,262.672668,"280.056549, 330.769653, 188.316223, 73.985344, 165.525391, 46.365349, 351.228546, 339.778931, ","[["" 131.894"", "" 125.598"", ""  56.578""], ["" 131.286"", "" 126.031"", ""  58.098""], ["" 131.555"", "" 125.387"", ""  59.280""], ["" 132.449"", "" 124.426"", ""  59.627""], ["" 133.403"", "" 124.044"", ""  58.944""], ["" 130.442"", "" 127.083"", ""  58.353""], ["" 129.764"", "" 127.941"", ""  57.549""], ["" 129.619"", "" 127.839"", ""  56.328""], ["" 130.897"", "" 125.603"", ""  60.014""], ["" 130.385"", "" 127.327"", ""  59.331""], ["" 132.206"", "" 123.797"", ""  61.025""], ["" 133.229"", "" 124.250"", ""  62.106""], ["" 132.605"", "" 124.550"", ""  63.457""], ["" 133.279"", "" 125.378"", ""  64.381""], ["" 131.280"", "" 124.151"", ""  63.736""], ["" 132.662"", "" 125.734"", ""  65.573""], ["" 130.681"", "" 124.519"", ""  64.934""], ["" 131.372"", "" 125.302"", ""  65.851""], ["" 132.070"", "" 122.313"", ""  60.989""], ["" 130.892"", "" 121.634"", ""  61.126""], ["" 133.154"", "" 121.497"", ""  60.859""], ["" 131.256"", "" 120.198"", ""  61.052""], ["" 129.768"", "" 122.112"", ""  61.277""], ["" 132.612"", "" 120.115"", ""  60.893""], ["" 134.332"", "" 121.834"", ""  60.740""], ["" 130.465"", "" 119.050"", ""  61.124""], ["" 133.253"", "" 118.879"", ""  60.796""], ["" 131.089"", "" 117.801"", ""  61.026""], ["" 132.478"", "" 117.716"", ""  60.863""], ["" 129.157"", "" 129.155"", ""  58.295""], ["" 128.355"", "" 130.141"", ""  57.395""], ["" 126.848"", "" 130.116"", ""  57.591""], ["" 126.269"", "" 130.526"", ""  58.811""], ["" 126.003"", "" 129.806"", ""  56.503""], ["" 124.888"", "" 130.572"", ""  58.944""], ["" 124.625"", "" 129.856"", ""  56.658""], ["" 124.069"", "" 130.233"", ""  57.874""], ["" 130.188"", "" 129.866"", ""  59.100""], ["" 131.293"", "" 130.490"", ""  58.594""], ["" 130.133"", "" 129.887"", ""  60.463""], ["" 132.032"", "" 131.002"", ""  59.775""], ["" 131.618"", "" 130.599"", ""  57.411""], ["" 131.336"", "" 130.639"", ""  60.896""], ["" 129.269"", "" 129.384"", ""  61.183""], ["" 133.224"", "" 131.721"", ""  59.867""], ["" 131.794"", "" 130.976"", ""  62.170""], ["" 133.700"", "" 132.070"", ""  61.136""], ["" 132.987"", "" 131.698"", ""  62.285""]]",[],RR19_Rahimova_2017
119,13638,RR19_Rahimova_2017-again1,receptor_tmp,1,2,-10.73,-0.22829787234042553,0.0,0.0,2,184.94,-13.42,-13.42,0.0,-13.42,0.0,-3.48,2.68,-3.48,92,5,0.0,0.0,0.0,6.105036,7.437578,3.602279,0.29734129,0.82801848,-0.47536676,195.333725,"191.766129, 111.300095, 263.068481, 311.663422, 86.344666, 62.729721, 275.45105, 252.364746, 261.735504, ","[["" 133.962"", "" 124.636"", ""  57.844""], ["" 132.610"", "" 124.581"", ""  58.841""], ["" 132.404"", "" 123.908"", ""  60.013""], ["" 133.151"", "" 123.013"", ""  60.703""], ["" 134.318"", "" 122.701"", ""  60.452""], ["" 131.478"", "" 124.042"", ""  60.390""], ["" 131.415"", "" 125.204"", ""  58.527""], ["" 131.057"", "" 125.776"", ""  57.424""], ["" 131.644"", "" 125.854"", ""  56.326""], ["" 129.673"", "" 126.508"", ""  57.466""], ["" 129.617"", "" 127.556"", ""  58.627""], ["" 129.682"", "" 126.953"", ""  60.029""], ["" 130.597"", "" 127.453"", ""  60.960""], ["" 128.824"", "" 125.908"", ""  60.382""], ["" 130.647"", "" 126.915"", ""  62.243""], ["" 128.873"", "" 125.370"", ""  61.665""], ["" 129.784"", "" 125.876"", ""  62.590""], ["" 128.499"", "" 125.576"", ""  57.409""], ["" 128.553"", "" 124.267"", ""  57.011""], ["" 127.243"", "" 125.989"", ""  57.737""], ["" 127.160"", "" 123.770"", ""  57.106""], ["" 129.544"", "" 123.634"", ""  56.650""], ["" 126.373"", "" 124.800"", ""  57.540""], ["" 126.899"", "" 127.108"", ""  58.119""], ["" 126.618"", "" 122.513"", ""  56.831""], ["" 125.000"", "" 124.632"", ""  57.725""], ["" 125.244"", "" 122.323"", ""  57.010""], ["" 124.438"", "" 123.379"", ""  57.457""], ["" 132.420"", "" 122.355"", ""  61.911""], ["" 131.188"", "" 121.497"", ""  61.505""], ["" 131.536"", "" 120.086"", ""  61.065""], ["" 132.869"", "" 119.754"", ""  60.745""], ["" 130.572"", "" 119.058"", ""  61.133""], ["" 133.204"", "" 118.441"", ""  60.439""], ["" 130.927"", "" 117.752"", ""  60.823""], ["" 132.236"", "" 117.446"", ""  60.473""], ["" 132.102"", "" 123.305"", ""  63.021""], ["" 132.919"", "" 124.317"", ""  63.439""], ["" 130.995"", "" 123.148"", ""  63.800""], ["" 132.248"", "" 124.900"", ""  64.627""], ["" 133.992"", "" 124.665"", ""  62.945""], ["" 131.096"", "" 124.195"", ""  64.846""], ["" 130.102"", "" 122.310"", ""  63.669""], ["" 132.624"", "" 125.949"", ""  65.467""], ["" 130.255"", "" 124.501"", ""  65.917""], ["" 131.796"", "" 126.269"", ""  66.548""], ["" 130.616"", "" 125.548"", ""  66.773""]]",[],RR19_Rahimova_2017-again1
120,5239,RR1_Rahimova_2017,receptor_tmp,1,20,-8.28,-0.18818181818181817,0.0,0.0,1,193.3,-11.86,-10.91,-0.95,-11.86,0.0,-3.51,3.58,-3.51,65,11,0.0,0.0,0.0,4.552587,16.439803,9.43909,-0.55071028,-0.14988217,-0.82112942,172.109512,"190.050262, 108.272392, 182.872223, 174.312546, 347.904449, 308.141663, 326.096588, 110.810394, 338.836914, 131.862946, 307.216858, 202.73407, ","[["" 127.142"", "" 129.463"", ""  62.749""], ["" 128.013"", "" 128.776"", ""  62.054""], ["" 128.729"", "" 128.143"", ""  62.978""], ["" 128.370"", "" 128.373"", ""  64.227""], ["" 127.348"", "" 129.221"", ""  64.083""], ["" 125.923"", "" 130.520"", ""  62.042""], ["" 126.701"", "" 132.118"", ""  62.466""], ["" 127.920"", "" 132.505"", ""  61.613""], ["" 128.438"", "" 133.617"", ""  61.726""], ["" 128.345"", "" 131.540"", ""  60.770""], ["" 127.891"", "" 130.642"", ""  60.853""], ["" 129.372"", "" 131.586"", ""  59.808""], ["" 129.009"", "" 132.045"", ""  58.542""], ["" 130.711"", "" 131.252"", ""  60.064""], ["" 129.964"", "" 132.168"", ""  57.536""], ["" 131.663"", "" 131.375"", ""  59.056""], ["" 131.304"", "" 131.835"", ""  57.789""], ["" 132.319"", "" 131.932"", ""  56.857""], ["" 133.563"", "" 131.291"", ""  57.116""], ["" 126.657"", "" 129.759"", ""  65.255""], ["" 127.467"", "" 129.719"", ""  66.562""], ["" 127.965"", "" 128.509"", ""  66.884""], ["" 127.629"", "" 130.741"", ""  67.238""], ["" 127.675"", "" 127.635"", ""  66.468""], ["" 128.580"", "" 128.363"", ""  68.120""], ["" 128.131"", "" 127.385"", ""  68.936""], ["" 127.281"", "" 126.548"", ""  68.611""], ["" 128.886"", "" 129.253"", ""  68.488""], ["" 128.761"", "" 127.338"", ""  70.313""], ["" 127.984"", "" 127.319"", ""  71.482""], ["" 130.153"", "" 127.292"", ""  70.443""], ["" 128.577"", "" 127.257"", ""  72.756""], ["" 130.752"", "" 127.237"", ""  71.697""], ["" 129.973"", "" 127.218"", ""  72.865""], ["" 127.854"", "" 127.216"", ""  73.936""], ["" 126.833"", "" 128.180"", ""  74.170""], ["" 130.505"", "" 127.150"", ""  74.140""], ["" 131.683"", "" 126.385"", ""  74.369""], ["" 129.872"", "" 127.234"", ""  62.626""], ["" 130.565"", "" 127.362"", ""  61.412""], ["" 130.293"", "" 126.217"", ""  63.497""], ["" 131.621"", "" 126.500"", ""  61.111""], ["" 131.317"", "" 125.368"", ""  63.223""], ["" 131.965"", "" 125.520"", ""  62.041""]]",[],RR1_Rahimova_2017
121,14023,RR20_Rahimova_2017,receptor_tmp,1,11,-9.79,-0.251025641025641,0.0,0.0,3,177.91,-11.58,-11.51,-0.07,-11.58,0.0,-1.37,1.79,-1.37,72,5,0.0,0.0,0.0,4.270155,7.753663,3.438538,-0.978127,0.03379208,0.20524539,234.878067,"152.72052, 46.988674, 54.679585, 82.563225, 245.526657, 230.685501, ","[["" 129.193"", "" 124.115"", ""  59.147""], ["" 129.177"", "" 123.210"", ""  60.219""], ["" 130.365"", "" 122.736"", ""  60.776""], ["" 131.596"", "" 123.126"", ""  60.233""], ["" 132.913"", "" 122.846"", ""  60.663""], ["" 133.850"", "" 123.531"", ""  59.758""], ["" 133.026"", "" 124.532"", ""  58.966""], ["" 131.620"", "" 124.076"", ""  59.212""], ["" 130.431"", "" 124.563"", ""  58.669""], ["" 127.911"", "" 124.632"", ""  58.557""], ["" 126.504"", "" 126.263"", ""  58.122""], ["" 127.632"", "" 125.919"", ""  58.690""], ["" 125.667"", "" 124.966"", ""  57.362""], ["" 126.941"", "" 123.879"", ""  57.861""], ["" 126.855"", "" 122.402"", ""  57.547""], ["" 125.922"", "" 127.520"", ""  58.069""], ["" 127.639"", "" 128.732"", ""  57.172""], ["" 126.494"", "" 128.665"", ""  57.623""], ["" 124.972"", "" 127.583"", ""  58.408""], ["" 125.650"", "" 129.961"", ""  57.658""], ["" 125.438"", "" 130.473"", ""  59.025""], ["" 124.029"", "" 130.801"", ""  59.290""], ["" 125.875"", "" 129.490"", ""  60.024""], ["" 123.904"", "" 131.575"", ""  60.622""], ["" 125.697"", "" 129.979"", ""  61.462""], ["" 124.715"", "" 130.948"", ""  61.756""], ["" 126.458"", "" 129.441"", ""  62.505""], ["" 124.520"", "" 131.341"", ""  63.084""], ["" 126.260"", "" 129.848"", ""  63.822""], ["" 125.286"", "" 130.798"", ""  64.113""], ["" 133.305"", "" 121.791"", ""  61.435""], ["" 134.062"", "" 121.910"", ""  62.402""], ["" 132.813"", "" 120.401"", ""  61.098""], ["" 133.724"", "" 119.438"", ""  60.647""], ["" 131.452"", "" 120.079"", ""  61.170""], ["" 133.287"", "" 118.159"", ""  60.313""], ["" 131.014"", "" 118.800"", ""  60.836""], ["" 131.933"", "" 117.836"", ""  60.416""], ["" 131.458"", "" 116.444"", ""  60.042""]]",[],RR20_Rahimova_2017
122,5605,RR20_Rahimova_2017-again1,receptor_tmp,1,15,-8.56,-0.2194871794871795,0.0,0.0,1,178.08,-10.35,-10.21,-0.14,-10.35,0.0,-1.92,1.79,-1.92,70,4,0.0,0.0,0.0,6.133146,9.980448,4.121591,0.21537213,-0.2943179,-0.93112396,72.125114,"318.56543, 48.879723, 297.832977, 248.121826, 230.827438, 330.677948, ","[["" 126.667"", "" 126.662"", ""  58.616""], ["" 127.809"", "" 126.215"", ""  59.080""], ["" 127.970"", "" 124.907"", ""  58.952""], ["" 126.895"", "" 124.236"", ""  58.335""], ["" 126.701"", "" 122.782"", ""  57.958""], ["" 125.658"", "" 125.417"", ""  57.980""], ["" 126.171"", "" 127.939"", ""  58.629""], ["" 126.500"", "" 128.852"", ""  59.480""], ["" 127.343"", "" 128.861"", ""  60.397""], ["" 125.714"", "" 130.169"", ""  59.319""], ["" 124.602"", "" 130.259"", ""  60.403""], ["" 123.949"", "" 131.655"", ""  60.467""], ["" 125.096"", "" 129.796"", ""  61.795""], ["" 124.980"", "" 132.697"", ""  60.937""], ["" 125.830"", "" 130.905"", ""  62.559""], ["" 125.742"", "" 132.267"", ""  62.187""], ["" 126.589"", "" 130.562"", ""  63.683""], ["" 126.390"", "" 133.229"", ""  62.971""], ["" 127.239"", "" 131.529"", ""  64.445""], ["" 127.134"", "" 132.869"", ""  64.091""], ["" 123.876"", "" 129.617"", ""  60.111""], ["" 129.242"", "" 124.295"", ""  59.463""], ["" 129.221"", "" 123.355"", ""  60.502""], ["" 130.485"", "" 124.692"", ""  58.947""], ["" 130.403"", "" 122.802"", ""  60.996""], ["" 131.667"", "" 124.127"", ""  59.426""], ["" 131.631"", "" 123.147"", ""  60.419""], ["" 133.086"", "" 124.519"", ""  59.137""], ["" 132.947"", "" 122.792"", ""  60.792""], ["" 133.885"", "" 123.455"", ""  59.871""], ["" 133.317"", "" 121.698"", ""  61.520""], ["" 134.093"", "" 121.758"", ""  62.476""], ["" 132.784"", "" 120.337"", ""  61.132""], ["" 133.668"", "" 119.356"", ""  60.666""], ["" 131.412"", "" 120.060"", ""  61.174""], ["" 133.193"", "" 118.103"", ""  60.289""], ["" 130.936"", "" 118.807"", ""  60.797""], ["" 131.827"", "" 117.825"", ""  60.364""], ["" 131.309"", "" 116.460"", ""  59.944""]]",[],RR20_Rahimova_2017-again1
123,5353,RR21_Rahimova_2017,receptor_tmp,1,20,-8.87,-0.22174999999999997,0.0,0.0,7,185.82,-10.66,-10.5,-0.16,-10.66,0.0,-1.34,1.79,-1.34,74,2,0.0,0.0,0.0,5.472523,8.811902,4.969785,0.29228122,0.60446209,0.74107845,145.7771,"143.685669, 123.138817, 104.728653, 314.261078, 81.387062, 303.395569, ","[["" 128.653"", "" 123.763"", ""  61.566""], ["" 128.538"", "" 124.736"", ""  60.634""], ["" 129.644"", "" 125.097"", ""  59.290""], ["" 128.579"", "" 126.399"", ""  58.780""], ["" 127.498"", "" 126.520"", ""  59.613""], ["" 127.406"", "" 125.653"", ""  60.652""], ["" 126.491"", "" 125.643"", ""  61.483""], ["" 128.719"", "" 127.190"", ""  57.762""], ["" 127.770"", "" 128.202"", ""  57.452""], ["" 126.618"", "" 128.272"", ""  58.417""], ["" 126.494"", "" 127.480"", ""  59.432""], ["" 127.819"", "" 128.976"", ""  56.496""], ["" 129.703"", "" 122.765"", ""  61.701""], ["" 130.774"", "" 122.730"", ""  62.623""], ["" 131.503"", "" 121.639"", ""  62.491""], ["" 130.953"", "" 120.927"", ""  61.496""], ["" 129.848"", "" 121.575"", ""  61.003""], ["" 131.133"", "" 123.744"", ""  63.666""], ["" 131.813"", "" 125.651"", ""  65.635""], ["" 130.854"", "" 124.665"", ""  65.895""], ["" 132.427"", "" 125.673"", ""  64.371""], ["" 130.517"", "" 123.724"", ""  64.922""], ["" 132.088"", "" 124.732"", ""  63.400""], ["" 130.241"", "" 124.618"", ""  67.101""], ["" 132.094"", "" 126.544"", ""  66.652""], ["" 131.039"", "" 126.992"", ""  67.497""], ["" 131.484"", "" 119.671"", ""  61.102""], ["" 130.667"", "" 118.531"", ""  61.052""], ["" 132.839"", "" 119.565"", ""  60.759""], ["" 131.199"", "" 117.305"", ""  60.659""], ["" 133.368"", "" 118.338"", ""  60.366""], ["" 132.546"", "" 117.214"", ""  60.317""], ["" 125.540"", "" 129.340"", ""  58.195""], ["" 125.244"", "" 130.200"", ""  59.422""], ["" 124.150"", "" 131.070"", ""  59.420""], ["" 126.050"", "" 130.096"", ""  60.560""], ["" 123.871"", "" 131.842"", ""  60.545""], ["" 125.771"", "" 130.867"", ""  61.685""], ["" 124.684"", "" 131.744"", ""  61.676""], ["" 124.368"", "" 132.579"", ""  62.904""]]",[],RR21_Rahimova_2017
124,5231,RR22_Rahimova_2017,receptor_tmp,1,7,-8.86,-0.276875,0.0,0.0,8,188.71,-9.45,-9.33,-0.12,-9.45,0.0,-0.68,0.6,-0.68,39,8,0.0,0.0,0.0,3.629191,12.689056,3.248631,0.69831502,-0.63029346,0.3392437,246.886688,"290.439178, 187.426392, ","[["" 123.890"", "" 129.737"", ""  56.276""], ["" 124.800"", "" 129.876"", ""  57.091""], ["" 124.707"", "" 129.852"", ""  58.471""], ["" 126.544"", "" 130.160"", ""  56.660""], ["" 127.012"", "" 130.382"", ""  58.352""], ["" 125.881"", "" 129.971"", ""  59.282""], ["" 126.138"", "" 128.693"", ""  59.963""], ["" 126.901"", "" 128.750"", ""  61.173""], ["" 126.241"", "" 129.731"", ""  62.116""], ["" 126.263"", "" 129.626"", ""  63.510""], ["" 125.661"", "" 130.605"", ""  64.302""], ["" 125.045"", "" 131.707"", ""  63.708""], ["" 125.037"", "" 131.838"", ""  62.319""], ["" 125.639"", "" 130.859"", ""  61.527""], ["" 125.627"", "" 131.079"", ""  60.150""], ["" 127.021"", "" 127.273"", ""  61.489""], ["" 126.987"", "" 126.698"", ""  60.069""], ["" 126.490"", "" 127.540"", ""  59.243""], ["" 128.175"", "" 130.915"", ""  58.796""], ["" 123.810"", "" 129.795"", ""  58.928""], ["" 129.353"", "" 131.335"", ""  58.012""], ["" 130.563"", "" 130.627"", ""  58.005""], ["" 129.283"", "" 132.502"", ""  57.242""], ["" 131.636"", "" 131.086"", ""  57.239""], ["" 130.315"", "" 132.966"", ""  56.491""], ["" 131.471"", "" 132.256"", ""  56.498""], ["" 127.453"", "" 125.335"", ""  59.749""], ["" 127.676"", "" 124.951"", ""  58.418""], ["" 127.680"", "" 124.406"", ""  60.776""], ["" 128.116"", "" 123.664"", ""  58.121""], ["" 128.119"", "" 123.119"", ""  60.478""], ["" 128.336"", "" 122.754"", ""  59.151""]]",[],RR22_Rahimova_2017
125,5415,RR23_Rahimova_2017,receptor_tmp,1,17,-10.24,-0.256,0.0,0.0,5,188.81,-11.73,-11.82,0.09,-11.73,0.0,-2.09,1.49,-2.09,54,2,0.0,0.0,0.0,2.551092,10.288403,0.912117,0.78006575,-0.03235057,0.62486068,100.723305,"227.119354, 263.095917, 150.704376, 246.588181, 154.99054, ","[["" 128.212"", "" 126.736"", ""  58.513""], ["" 129.212"", "" 127.540"", ""  59.071""], ["" 129.331"", "" 128.884"", ""  58.715""], ["" 128.477"", "" 129.430"", ""  57.747""], ["" 128.357"", "" 130.758"", ""  57.280""], ["" 127.281"", "" 130.801"", ""  56.276""], ["" 126.513"", "" 129.497"", ""  56.415""], ["" 127.441"", "" 128.649"", ""  57.232""], ["" 127.309"", "" 127.311"", ""  57.605""], ["" 128.103"", "" 125.267"", ""  58.950""], ["" 131.272"", "" 123.531"", ""  61.462""], ["" 130.405"", "" 123.032"", ""  60.549""], ["" 131.331"", "" 124.708"", ""  61.827""], ["" 129.469"", "" 123.698"", ""  59.820""], ["" 129.109"", "" 124.914"", ""  59.929""], ["" 128.671"", "" 122.727"", ""  58.549""], ["" 128.100"", "" 124.254"", ""  57.782""], ["" 130.499"", "" 122.047"", ""  60.352""], ["" 129.007"", "" 124.582"", ""  56.578""], ["" 132.253"", "" 122.514"", ""  62.069""], ["" 131.889"", "" 121.155"", ""  61.608""], ["" 134.076"", "" 120.634"", ""  61.084""], ["" 132.882"", "" 120.325"", ""  61.139""], ["" 132.342"", "" 118.981"", ""  60.709""], ["" 130.539"", "" 120.838"", ""  61.695""], ["" 133.203"", "" 117.998"", ""  60.206""], ["" 130.975"", "" 118.722"", ""  60.824""], ["" 130.091"", "" 119.681"", ""  61.325""], ["" 132.686"", "" 116.761"", ""  59.818""], ["" 130.460"", "" 117.483"", ""  60.436""], ["" 131.318"", "" 116.504"", ""  59.932""], ["" 129.313"", "" 131.731"", ""  57.345""], ["" 129.404"", "" 132.641"", ""  56.517""], ["" 130.326"", "" 131.701"", ""  58.467""], ["" 131.677"", "" 131.487"", ""  58.170""], ["" 129.928"", "" 131.827"", ""  59.805""], ["" 132.622"", "" 131.437"", ""  59.191""], ["" 130.873"", "" 131.776"", ""  60.826""], ["" 132.222"", "" 131.590"", ""  60.519""], ["" 133.250"", "" 131.526"", ""  61.634""]]",[],RR23_Rahimova_2017
126,14062,RR24_Rahimova_2017,receptor_tmp,1,19,-9.42,-0.20933333333333334,0.0,0.0,1,185.32,-10.91,-10.29,-0.62,-10.91,0.0,-3.58,1.49,-3.58,38,9,0.0,0.0,0.0,5.569325,7.47134,3.249156,-0.46775765,0.1751375,0.86633114,209.103729,"121.586685, 135.675308, 186.540329, 122.010117, 242.058533, ","[["" 128.239"", "" 122.835"", ""  56.583""], ["" 128.983"", "" 123.588"", ""  57.463""], ["" 130.479"", "" 125.145"", ""  59.230""], ["" 130.481"", "" 125.437"", ""  57.863""], ["" 129.713"", "" 124.078"", ""  59.712""], ["" 129.733"", "" 124.663"", ""  56.981""], ["" 128.962"", "" 123.305"", ""  58.831""], ["" 131.321"", "" 125.988"", ""  60.194""], ["" 130.615"", "" 124.547"", ""  65.558""], ["" 131.000"", "" 124.841"", ""  64.424""], ["" 131.430"", "" 123.954"", ""  63.450""], ["" 130.854"", "" 126.121"", ""  63.984""], ["" 131.537"", "" 124.181"", ""  62.089""], ["" 130.927"", "" 126.449"", ""  62.669""], ["" 131.879"", "" 123.324"", ""  61.268""], ["" 131.229"", "" 125.558"", ""  61.688""], ["" 130.671"", "" 127.775"", ""  62.408""], ["" 130.713"", "" 128.272"", ""  61.128""], ["" 131.006"", "" 127.497"", ""  60.067""], ["" 130.461"", "" 129.642"", ""  60.715""], ["" 130.979"", "" 128.318"", ""  58.862""], ["" 130.621"", "" 129.672"", ""  59.336""], ["" 130.121"", "" 130.800"", ""  61.416""], ["" 131.212"", "" 127.920"", ""  57.721""], ["" 130.445"", "" 130.862"", ""  58.629""], ["" 129.942"", "" 131.994"", ""  60.713""], ["" 130.104"", "" 132.025"", ""  59.325""], ["" 131.692"", "" 122.570"", ""  63.896""], ["" 130.660"", "" 126.823"", ""  64.683""], ["" 130.450"", "" 128.393"", ""  63.176""], ["" 126.897"", "" 122.691"", ""  56.787""], ["" 126.320"", "" 121.625"", ""  57.025""], ["" 126.134"", "" 124.047"", ""  56.720""], ["" 124.619"", "" 123.880"", ""  56.536""], ["" 126.465"", "" 124.942"", ""  57.867""], ["" 126.962"", "" 126.212"", ""  57.755""], ["" 126.309"", "" 124.535"", ""  59.158""], ["" 127.140"", "" 126.689"", ""  59.149""], ["" 127.214"", "" 126.828"", ""  56.719""], ["" 126.748"", "" 125.683"", ""  59.990""], ["" 125.892"", "" 123.445"", ""  59.553""], ["" 127.610"", "" 127.904"", ""  59.648""], ["" 126.805"", "" 125.837"", ""  61.376""], ["" 127.674"", "" 128.079"", ""  61.034""], ["" 127.272"", "" 127.050"", ""  61.895""]]",[],RR24_Rahimova_2017
127,5314,RR24_Rahimova_2017-again1,receptor_tmp,1,9,-8.61,-0.20023255813953486,0.0,0.0,5,185.72,-10.11,-11.0,0.89,-10.11,0.0,-1.41,1.49,-1.41,53,6,0.0,0.0,0.0,4.441551,10.485975,1.100168,0.64642532,0.20425011,-0.73513006,248.714615,"100.168472, 123.776886, 184.77153, 119.343735, 320.200378, ","[["" 129.725"", "" 128.969"", ""  56.329""], ["" 129.528"", "" 127.740"", ""  56.915""], ["" 129.143"", "" 125.267"", ""  58.150""], ["" 130.436"", "" 125.770"", ""  57.971""], ["" 128.042"", "" 126.012"", ""  57.714""], ["" 130.628"", "" 127.005"", ""  57.359""], ["" 128.234"", "" 127.248"", ""  57.104""], ["" 128.925"", "" 123.905"", ""  58.824""], ["" 125.006"", "" 123.515"", ""  60.497""], ["" 125.120"", "" 123.641"", ""  59.113""], ["" 126.031"", "" 123.506"", ""  61.273""], ["" 126.342"", "" 123.756"", ""  58.480""], ["" 127.279"", "" 123.632"", ""  60.735""], ["" 126.488"", "" 123.845"", ""  57.256""], ["" 127.493"", "" 123.756"", ""  59.388""], ["" 128.269"", "" 123.625"", ""  61.672""], ["" 129.506"", "" 123.589"", ""  61.344""], ["" 129.947"", "" 123.671"", ""  59.961""], ["" 130.689"", "" 123.455"", ""  62.175""], ["" 131.293"", "" 123.545"", ""  59.962""], ["" 131.789"", "" 123.412"", ""  61.332""], ["" 130.858"", "" 123.352"", ""  63.558""], ["" 133.079"", "" 123.270"", ""  61.860""], ["" 132.142"", "" 123.212"", ""  64.089""], ["" 133.250"", "" 123.171"", ""  63.241""], ["" 123.924"", "" 123.399"", ""  61.095""], ["" 123.958"", "" 123.657"", ""  58.193""], ["" 132.037"", "" 123.563"", ""  58.909""], ["" 128.915"", "" 130.016"", ""  56.665""], ["" 127.697"", "" 129.940"", ""  56.869""], ["" 129.692"", "" 131.357"", ""  56.802""], ["" 128.798"", "" 132.596"", ""  56.663""], ["" 130.526"", "" 131.405"", ""  58.040""], ["" 131.880"", "" 131.594"", ""  58.068""], ["" 129.977"", "" 131.239"", ""  59.276""], ["" 132.251"", "" 131.561"", ""  59.505""], ["" 132.633"", "" 131.756"", ""  57.107""], ["" 131.110"", "" 131.347"", ""  60.229""], ["" 128.791"", "" 131.043"", ""  59.549""], ["" 133.490"", "" 131.704"", ""  60.133""], ["" 131.145"", "" 131.264"", ""  61.622""], ["" 133.545"", "" 131.625"", ""  61.529""], ["" 132.376"", "" 131.406"", ""  62.270""]]",[],RR24_Rahimova_2017-again1
128,5260,RR25_Rahimova_2017,receptor_tmp,1,18,-9.67,-0.24794871794871795,0.0,0.0,6,188.7,-11.16,-10.8,-0.35,-11.16,0.0,-1.09,1.49,-1.09,64,8,0.0,0.0,0.0,6.914315,11.903164,4.36049,0.59387828,0.50767892,0.62415599,169.913544,"264.143066, 117.24308, 184.404999, 23.968557, 356.595428, ","[["" 127.641"", "" 125.821"", ""  59.702""], ["" 127.581"", "" 127.187"", ""  59.714""], ["" 128.729"", "" 128.036"", ""  60.099""], ["" 128.206"", "" 129.266"", ""  60.870""], ["" 127.196"", "" 129.993"", ""  60.097""], ["" 126.047"", "" 129.123"", ""  59.838""], ["" 126.453"", "" 127.864"", ""  59.035""], ["" 126.780"", "" 125.143"", ""  59.135""], ["" 128.706"", "" 125.032"", ""  60.518""], ["" 131.799"", "" 124.589"", ""  64.269""], ["" 131.695"", "" 123.199"", ""  64.114""], ["" 130.917"", "" 125.412"", ""  63.549""], ["" 130.745"", "" 122.645"", ""  63.259""], ["" 129.953"", "" 124.872"", ""  62.693""], ["" 129.887"", "" 123.480"", ""  62.543""], ["" 128.986"", "" 125.718"", ""  61.885""], ["" 128.963"", "" 122.863"", ""  61.719""], ["" 128.448"", "" 123.500"", ""  60.617""], ["" 127.819"", "" 122.796"", ""  59.826""], ["" 132.817"", "" 125.177"", ""  65.175""], ["" 133.951"", "" 125.364"", ""  64.741""], ["" 132.490"", "" 125.455"", ""  66.324""], ["" 126.795"", "" 131.236"", ""  60.770""], ["" 127.630"", "" 132.463"", ""  60.317""], ["" 129.041"", "" 132.186"", ""  59.920""], ["" 129.930"", "" 131.970"", ""  60.953""], ["" 129.283"", "" 132.189"", ""  58.563""], ["" 131.367"", "" 131.760"", ""  60.515""], ["" 129.600"", "" 131.962"", ""  62.144""], ["" 130.734"", "" 131.971"", ""  58.179""], ["" 128.398"", "" 132.369"", ""  57.718""], ["" 132.359"", "" 131.561"", ""  61.484""], ["" 131.748"", "" 131.765"", ""  59.149""], ["" 131.096"", "" 131.980"", ""  56.826""], ["" 133.690"", "" 131.373"", ""  61.119""], ["" 133.105"", "" 131.573"", ""  58.765""], ["" 132.422"", "" 131.791"", ""  56.438""], ["" 134.072"", "" 131.376"", ""  59.779""], ["" 133.424"", "" 131.591"", ""  57.386""]]",[],RR25_Rahimova_2017
129,5329,RR26_Rahimova_2017,receptor_tmp,1,16,-8.63,-0.22710526315789475,0.0,0.0,1,185.97,-9.82,-9.82,0.01,-9.82,0.0,-1.18,1.19,-1.18,58,6,0.0,0.0,0.0,5.211879,10.359761,4.577611,0.79223278,0.53251495,-0.29798498,187.792755,"220.725494, 126.546913, 9.623317, 320.975189, ","[["" 127.032"", "" 124.059"", ""  60.937""], ["" 128.210"", "" 124.371"", ""  60.754""], ["" 128.783"", "" 125.686"", ""  60.482""], ["" 130.576"", "" 125.628"", ""  60.296""], ["" 127.978"", "" 126.770"", ""  60.408""], ["" 129.280"", "" 123.464"", ""  60.776""], ["" 130.526"", "" 123.925"", ""  60.565""], ["" 131.403"", "" 122.959"", ""  60.617""], ["" 130.635"", "" 121.903"", ""  60.874""], ["" 129.337"", "" 122.144"", ""  60.975""], ["" 128.356"", "" 128.151"", ""  60.156""], ["" 127.874"", "" 129.324"", ""  60.780""], ["" 129.228"", "" 128.639"", ""  59.195""], ["" 128.404"", "" 130.413"", ""  60.259""], ["" 129.246"", "" 130.007"", ""  59.297""], ["" 126.887"", "" 129.438"", ""  61.901""], ["" 125.548"", "" 129.767"", ""  61.637""], ["" 127.284"", "" 129.211"", ""  63.227""], ["" 124.621"", "" 129.879"", ""  62.674""], ["" 126.359"", "" 129.316"", ""  64.264""], ["" 125.028"", "" 129.663"", ""  63.989""], ["" 126.818"", "" 129.137"", ""  65.555""], ["" 124.069"", "" 129.737"", ""  64.980""], ["" 125.784"", "" 128.896"", ""  66.514""], ["" 124.604"", "" 129.875"", ""  66.301""], ["" 129.986"", "" 130.935"", ""  58.519""], ["" 131.351"", "" 131.147"", ""  58.761""], ["" 129.347"", "" 131.650"", ""  57.495""], ["" 132.065"", "" 132.063"", ""  57.992""], ["" 130.063"", "" 132.563"", ""  56.727""], ["" 131.418"", "" 132.767"", ""  56.980""], ["" 131.196"", "" 120.518"", ""  61.016""], ["" 130.286"", "" 119.462"", ""  61.181""], ["" 132.578"", "" 120.227"", ""  60.989""], ["" 130.729"", "" 118.147"", ""  61.306""], ["" 133.009"", "" 118.902"", ""  61.116""], ["" 132.091"", "" 117.866"", ""  61.270""], ["" 133.632"", "" 121.320"", ""  60.869""]]",[],RR26_Rahimova_2017
130,14152,RR27_Rahimova_2017,receptor_tmp,1,3,-10.13,-0.25325000000000003,0.0,0.0,1,188.73,-12.21,-11.89,-0.32,-12.21,0.0,-2.08,2.09,-2.08,56,5,0.0,0.0,0.0,7.68936,9.914949,7.011334,0.04761627,0.94007499,-0.33762657,225.33519,"267.145508, 133.246948, 121.836151, 327.581818, 103.759026, 15.974401, 126.117798, ","[["" 131.610"", "" 126.207"", ""  58.184""], ["" 130.626"", "" 126.555"", ""  59.058""], ["" 130.536"", "" 125.889"", ""  60.246""], ["" 131.334"", "" 124.865"", ""  60.664""], ["" 132.295"", "" 124.549"", ""  59.792""], ["" 132.495"", "" 125.171"", ""  58.541""], ["" 133.564"", "" 124.592"", ""  57.923""], ["" 134.042"", "" 123.606"", ""  58.766""], ["" 133.286"", "" 123.586"", ""  59.885""], ["" 131.804"", "" 126.803"", ""  56.965""], ["" 132.363"", "" 127.581"", ""  57.018""], ["" 129.423"", "" 126.348"", ""  61.206""], ["" 129.634"", "" 127.767"", ""  61.824""], ["" 127.989"", "" 126.178"", ""  60.616""], ["" 128.438"", "" 128.226"", ""  62.687""], ["" 126.879"", "" 126.742"", ""  61.539""], ["" 127.241"", "" 128.136"", ""  61.838""], ["" 126.822"", "" 129.143"", ""  61.019""], ["" 125.949"", "" 128.962"", ""  60.165""], ["" 127.320"", "" 130.596"", ""  61.270""], ["" 126.230"", "" 131.517"", ""  61.850""], ["" 126.029"", "" 131.647"", ""  63.233""], ["" 125.418"", "" 132.244"", ""  60.970""], ["" 125.036"", "" 132.491"", ""  63.723""], ["" 124.425"", "" 133.087"", ""  61.460""], ["" 124.240"", "" 133.207"", ""  62.834""], ["" 128.066"", "" 131.164"", ""  60.047""], ["" 129.188"", "" 131.992"", ""  60.187""], ["" 127.590"", "" 130.866"", ""  58.764""], ["" 129.832"", "" 132.497"", ""  59.060""], ["" 128.233"", "" 131.369"", ""  57.638""], ["" 129.354"", "" 132.181"", ""  57.792""], ["" 133.556"", "" 122.616"", ""  60.944""], ["" 132.546"", "" 121.478"", ""  61.003""], ["" 132.942"", "" 120.167"", ""  60.712""], ["" 131.211"", "" 121.737"", ""  61.330""], ["" 132.013"", "" 119.127"", ""  60.748""], ["" 130.284"", "" 120.695"", ""  61.373""], ["" 130.684"", "" 119.391"", ""  61.085""], ["" 132.505"", "" 117.517"", ""  60.365""]]",[],RR27_Rahimova_2017
131,13403,RR27_Rahimova_2017-again1,receptor_tmp,1,17,-9.45,-0.23625,0.0,0.0,2,186.71,-11.24,-10.97,-0.27,-11.24,0.0,-2.91,1.79,-2.91,48,7,0.0,0.0,0.0,4.518869,13.32333,3.675795,0.96393812,-0.00719578,-0.26602918,137.724487,"28.348288, 188.090286, 33.856739, 293.559814, 201.815872, 73.128456, ","[["" 125.748"", "" 129.189"", ""  65.960""], ["" 125.994"", "" 129.266"", ""  64.759""], ["" 127.170"", "" 128.783"", ""  64.225""], ["" 127.582"", "" 128.807"", ""  62.896""], ["" 126.832"", "" 129.314"", ""  61.969""], ["" 125.639"", "" 129.818"", ""  62.389""], ["" 125.170"", "" 129.839"", ""  63.694""], ["" 123.980"", "" 130.411"", ""  63.746""], ["" 123.638"", "" 130.783"", ""  62.450""], ["" 124.646"", "" 130.400"", ""  61.646""], ["" 127.801"", "" 128.371"", ""  64.897""], ["" 128.952"", "" 128.213"", ""  62.553""], ["" 129.079"", "" 126.694"", ""  62.907""], ["" 129.434"", "" 128.626"", ""  61.126""], ["" 130.117"", "" 125.898"", ""  62.082""], ["" 130.437"", "" 127.665"", ""  60.441""], ["" 129.967"", "" 126.292"", ""  60.675""], ["" 129.062"", "" 125.728"", ""  59.822""], ["" 128.803"", "" 126.244"", ""  58.731""], ["" 128.475"", "" 124.317"", ""  60.128""], ["" 129.565"", "" 123.287"", ""  60.478""], ["" 130.916"", "" 123.495"", ""  60.161""], ["" 129.194"", "" 122.108"", ""  61.137""], ["" 131.873"", "" 122.541"", ""  60.496""], ["" 130.151"", "" 121.154"", ""  61.472""], ["" 131.486"", "" 121.374"", ""  61.149""], ["" 127.507"", "" 123.843"", ""  59.027""], ["" 126.119"", "" 124.001"", ""  59.155""], ["" 128.020"", "" 123.216"", ""  57.884""], ["" 125.262"", "" 123.546"", ""  58.156""], ["" 127.163"", "" 122.768"", ""  56.881""], ["" 125.789"", "" 122.934"", ""  57.022""], ["" 124.603"", "" 130.668"", ""  60.214""], ["" 125.935"", "" 130.433"", ""  59.517""], ["" 126.970"", "" 131.368"", ""  59.633""], ["" 126.133"", "" 129.277"", ""  58.753""], ["" 128.194"", "" 131.144"", ""  59.000""], ["" 127.357"", "" 129.055"", ""  58.120""], ["" 128.387"", "" 129.987"", ""  58.245""], ["" 129.470"", "" 132.294"", ""  59.157""]]",[],RR27_Rahimova_2017-again1
132,5081,RR28_Rahimova_2017,receptor_tmp,1,2,-7.53,-0.15687500000000001,0.0,0.0,2,183.63,-10.21,-9.92,-0.3,-10.21,0.0,-2.39,2.68,-2.39,81,3,0.0,0.0,0.0,5.334736,13.821629,4.772981,0.46341482,-0.85212881,-0.24315261,80.55883,"16.31876, 245.690475, 257.795013, 71.217636, 290.474304, 311.273743, 129.861862, 296.646545, 44.396469, ","[["" 130.639"", "" 129.183"", ""  57.762""], ["" 130.601"", "" 130.565"", ""  58.458""], ["" 131.666"", "" 131.143"", ""  58.686""], ["" 129.396"", "" 131.163"", ""  58.666""], ["" 129.319"", "" 132.456"", ""  59.366""], ["" 128.132"", "" 130.414"", ""  58.686""], ["" 129.075"", "" 132.132"", ""  60.862""], ["" 127.840"", "" 130.054"", ""  60.166""], ["" 127.767"", "" 131.298"", ""  61.111""], ["" 127.609"", "" 130.806"", ""  62.578""], ["" 127.411"", "" 131.745"", ""  63.602""], ["" 127.665"", "" 129.446"", ""  62.924""], ["" 127.271"", "" 131.341"", ""  64.926""], ["" 127.524"", "" 129.041"", ""  64.248""], ["" 127.326"", "" 129.986"", ""  65.258""], ["" 127.174"", "" 129.562"", ""  66.718""], ["" 127.813"", "" 128.420"", ""  66.983""], ["" 127.660"", "" 130.503"", ""  67.527""], ["" 125.880"", "" 129.388"", ""  66.992""], ["" 126.569"", "" 132.094"", ""  60.759""], ["" 125.278"", "" 131.826"", ""  61.038""], ["" 124.897"", "" 130.829"", ""  61.649""], ["" 126.764"", "" 132.955"", ""  60.269""], ["" 124.255"", "" 132.846"", ""  60.550""], ["" 131.002"", "" 127.976"", ""  58.669""], ["" 129.882"", "" 126.923"", ""  58.839""], ["" 130.197"", "" 125.597"", ""  58.856""], ["" 128.712"", "" 127.316"", ""  58.829""], ["" 131.535"", "" 125.089"", ""  59.184""], ["" 129.157"", "" 124.595"", ""  59.123""], ["" 131.601"", "" 124.980"", ""  60.723""], ["" 129.107"", "" 124.398"", ""  60.662""], ["" 130.484"", "" 124.085"", ""  61.365""], ["" 130.930"", "" 122.595"", ""  61.209""], ["" 130.044"", "" 121.516"", ""  61.359""], ["" 132.273"", "" 122.307"", ""  60.916""], ["" 130.482"", "" 120.202"", ""  61.210""], ["" 132.714"", "" 120.996"", ""  60.767""], ["" 131.820"", "" 119.934"", ""  60.911""], ["" 132.315"", "" 118.499"", ""  60.741""], ["" 131.791"", "" 117.948"", ""  59.644""], ["" 133.642"", "" 118.506"", ""  60.622""], ["" 131.992"", "" 117.729"", ""  61.782""], ["" 130.402"", "" 124.377"", ""  62.812""], ["" 131.410"", "" 124.447"", ""  63.705""], ["" 132.596"", "" 124.282"", ""  63.420""], ["" 129.466"", "" 124.499"", ""  63.167""], ["" 131.016"", "" 124.750"", ""  65.147""]]",[],RR28_Rahimova_2017
133,13306,RR29_Rahimova_2017,receptor_tmp,1,5,-7.42,-0.3226086956521739,0.0,0.0,3,187.11,-8.62,-6.97,-1.65,-8.62,0.0,-0.13,1.19,-0.13,56,11,0.0,0.0,0.0,8.00734,7.021372,5.997018,0.40405058,-0.52039354,-0.75228565,166.494629,"276.723511, 322.35553, 142.300339, 68.201607, ","[["" 134.874"", "" 124.987"", ""  61.881""], ["" 133.720"", "" 124.330"", ""  62.623""], ["" 133.553"", "" 124.602"", ""  63.864""], ["" 132.876"", "" 123.399"", ""  61.723""], ["" 133.727"", "" 122.259"", ""  61.126""], ["" 132.945"", "" 120.960"", ""  61.002""], ["" 133.612"", "" 119.771"", ""  60.659""], ["" 131.556"", "" 120.950"", ""  61.235""], ["" 132.855"", "" 118.608"", ""  60.568""], ["" 130.816"", "" 119.764"", ""  61.126""], ["" 133.257"", "" 117.354"", ""  60.229""], ["" 131.507"", "" 118.604"", ""  60.793""], ["" 132.149"", "" 116.525"", ""  60.460""], ["" 131.022"", "" 117.349"", ""  60.601""], ["" 132.460"", "" 124.076"", ""  64.517""], ["" 131.394"", "" 124.798"", ""  64.899""], ["" 131.242"", "" 126.106"", ""  64.684""], ["" 130.418"", "" 124.168"", ""  65.536""], ["" 132.493"", "" 123.091"", ""  64.736""], ["" 130.322"", "" 126.521"", ""  64.705""], ["" 132.054"", "" 126.675"", ""  64.491""], ["" 130.602"", "" 123.290"", ""  66.000""], ["" 129.492"", "" 124.569"", ""  65.561""]]",[],RR29_Rahimova_2017
134,5211,RR29_Rahimova_2017-again1,receptor_tmp,1,19,-6.9,-0.31363636363636366,0.0,0.0,5,186.57,-8.09,-7.84,-0.25,-8.09,0.0,-0.27,1.19,-0.27,51,14,0.0,0.0,0.0,7.647161,6.62007,7.028149,0.4098837,-0.8174026,-0.40478184,144.109024,"6.481493, 326.966125, 52.45459, 14.161962, ","[["" 134.257"", "" 124.219"", ""  61.149""], ["" 133.621"", "" 124.048"", ""  62.520""], ["" 133.822"", "" 124.942"", ""  63.422""], ["" 132.761"", "" 122.775"", ""  62.642""], ["" 132.127"", "" 122.388"", ""  61.289""], ["" 131.912"", "" 120.887"", ""  61.162""], ["" 132.970"", "" 120.058"", ""  60.753""], ["" 130.651"", "" 120.331"", ""  61.455""], ["" 132.726"", "" 118.692"", ""  60.661""], ["" 130.430"", "" 118.951"", ""  61.344""], ["" 133.567"", "" 117.701"", ""  60.267""], ["" 131.500"", "" 118.158"", ""  60.944""], ["" 132.885"", "" 116.502"", ""  60.522""], ["" 131.535"", "" 116.816"", ""  60.736""], ["" 133.239"", "" 124.773"", ""  64.565""], ["" 132.181"", "" 125.461"", ""  64.795""], ["" 131.550"", "" 126.410"", ""  63.942""], ["" 131.477"", "" 125.338"", ""  66.012""], ["" 131.916"", "" 126.636"", ""  63.028""], ["" 130.717"", "" 126.910"", ""  64.210""], ["" 131.779"", "" 124.713"", ""  66.745""], ["" 130.646"", "" 125.872"", ""  66.214""]]",[],RR29_Rahimova_2017-again1
135,13608,RR2_Rahimova_2017,receptor_tmp,1,18,-9.38,-0.19142857142857145,0.0,0.0,3,187.93,-12.96,-12.49,-0.47,-12.96,0.0,-4.15,3.58,-4.15,84,16,0.0,0.0,0.0,3.372433,13.105567,8.120602,0.33663103,0.94139845,-0.02117787,176.74437,"167.83194, 194.721771, 205.357697, 166.254623, 81.054321, 349.144073, 320.07309, 154.302094, 12.401349, 32.180138, 7.029522, 57.593975, ","[["" 124.769"", "" 131.722"", ""  60.271""], ["" 125.667"", "" 130.350"", ""  60.929""], ["" 127.231"", "" 128.943"", ""  61.484""], ["" 126.137"", "" 128.588"", ""  62.116""], ["" 127.003"", "" 130.067"", ""  60.709""], ["" 125.136"", "" 129.475"", ""  61.746""], ["" 128.528"", "" 128.212"", ""  61.614""], ["" 130.957"", "" 126.843"", ""  61.840""], ["" 130.325"", "" 126.955"", ""  60.596""], ["" 130.366"", "" 127.413"", ""  62.967""], ["" 129.121"", "" 127.644"", ""  60.484""], ["" 129.158"", "" 128.097"", ""  62.857""], ["" 132.166"", "" 126.151"", ""  62.014""], ["" 132.908"", "" 126.330"", ""  61.353""], ["" 132.470"", "" 124.950"", ""  63.288""], ["" 131.237"", "" 124.881"", ""  64.081""], ["" 133.755"", "" 125.272"", ""  63.920""], ["" 132.619"", "" 123.385"", ""  62.430""], ["" 132.891"", "" 120.944"", ""  61.121""], ["" 131.618"", "" 121.450"", ""  61.394""], ["" 134.028"", "" 121.656"", ""  61.509""], ["" 131.481"", "" 122.672"", ""  62.046""], ["" 133.892"", "" 122.878"", ""  62.163""], ["" 133.039"", "" 119.604"", ""  60.423""], ["" 127.921"", "" 130.787"", ""  59.917""], ["" 127.769"", "" 130.819"", ""  58.530""], ["" 128.976"", "" 131.469"", ""  60.527""], ["" 128.676"", "" 131.535"", ""  57.754""], ["" 129.881"", "" 132.182"", ""  59.747""], ["" 129.736"", "" 132.220"", ""  58.350""], ["" 130.584"", "" 132.901"", ""  57.498""], ["" 131.817"", "" 132.298"", ""  57.116""], ["" 124.519"", "" 132.719"", ""  61.785""], ["" 125.397"", "" 132.319"", ""  62.978""], ["" 125.047"", "" 131.175"", ""  63.599""], ["" 126.358"", "" 133.027"", ""  63.293""], ["" 124.423"", "" 130.490"", ""  63.194""], ["" 125.929"", "" 130.633"", ""  64.527""], ["" 125.419"", "" 129.889"", ""  65.536""], ["" 124.209"", "" 129.716"", ""  65.720""], ["" 126.823"", "" 130.414"", ""  64.110""], ["" 126.433"", "" 129.240"", ""  66.458""], ["" 126.093"", "" 128.068"", ""  67.148""], ["" 127.714"", "" 129.782"", ""  66.644""], ["" 127.009"", "" 127.450"", ""  67.995""], ["" 128.628"", "" 129.163"", ""  67.492""], ["" 128.289"", "" 127.995"", ""  68.171""], ["" 129.263"", "" 127.450"", ""  68.986""], ["" 130.632"", "" 127.720"", ""  68.708""]]",[],RR2_Rahimova_2017
136,13886,RR30_Rahimova_2017,receptor_tmp,1,16,-7.16,-0.3768421052631579,0.0,0.0,4,184.86,-8.65,-8.53,-0.12,-8.65,0.0,-0.72,1.49,-0.72,37,4,0.0,0.0,0.0,5.647713,6.191672,5.562056,0.83630035,-0.48928419,0.24739182,196.377106,"213.306976, 212.84198, 315.835388, 175.41832, 113.568947, ","[["" 129.777"", "" 122.978"", ""  61.789""], ["" 128.563"", "" 122.851"", ""  60.864""], ["" 127.440"", "" 122.731"", ""  61.358""], ["" 128.828"", "" 122.847"", ""  59.539""], ["" 129.794"", "" 122.923"", ""  59.254""], ["" 127.900"", "" 122.741"", ""  58.513""], ["" 128.010"", "" 122.083"", ""  57.381""], ["" 126.382"", "" 123.563"", ""  58.699""], ["" 126.875"", "" 122.202"", ""  56.589""], ["" 125.936"", "" 122.942"", ""  57.133""], ["" 124.611"", "" 123.222"", ""  56.462""], ["" 131.289"", "" 122.299"", ""  61.036""], ["" 130.925"", "" 120.575"", ""  61.126""], ["" 129.833"", "" 120.013"", ""  61.577""], ["" 131.852"", "" 119.672"", ""  60.716""], ["" 130.027"", "" 118.640"", ""  61.454""], ["" 131.227"", "" 118.491"", ""  60.948""], ["" 131.942"", "" 117.204"", ""  60.600""], ["" 131.389"", "" 116.557"", ""  59.322""]]",[],RR30_Rahimova_2017
137,5550,RR31_Rahimova_2017,receptor_tmp,2,18,-7.23,-0.3442857142857143,0.0,0.0,20,189.43,-8.72,-6.06,-2.66,-8.72,0.0,-0.24,1.49,-0.24,49,11,0.0,0.0,0.0,7.888752,7.432418,5.249935,0.66390875,0.7466689,0.04136081,207.707382,"99.302956, 9.92155, 267.818848, 237.013245, 286.094604, ","[["" 130.992"", "" 126.461"", ""  62.871""], ["" 130.924"", "" 125.099"", ""  62.334""], ["" 131.936"", "" 122.412"", ""  61.621""], ["" 131.699"", "" 123.474"", ""  60.625""], ["" 131.175"", "" 122.691"", ""  62.855""], ["" 131.821"", "" 124.909"", ""  61.191""], ["" 131.322"", "" 124.142"", ""  63.366""], ["" 132.212"", "" 121.095"", ""  61.246""], ["" 131.422"", "" 118.828"", ""  60.763""], ["" 132.740"", "" 118.412"", ""  60.517""], ["" 131.175"", "" 120.157"", ""  61.126""], ["" 133.782"", "" 119.333"", ""  60.642""], ["" 133.522"", "" 120.652"", ""  61.005""], ["" 130.252"", "" 117.858"", ""  60.653""], ["" 133.059"", "" 116.979"", ""  60.115""], ["" 130.205"", "" 127.482"", ""  62.026""], ["" 128.755"", "" 127.646"", ""  62.510""], ["" 128.740"", "" 128.064"", ""  63.985""], ["" 128.799"", "" 129.069"", ""  64.062""], ["" 129.524"", "" 127.654"", ""  64.471""], ["" 127.886"", "" 127.754"", ""  64.426""]]",[],RR31_Rahimova_2017
138,5219,RR32_Rahimova_2017,receptor_tmp,2,18,-6.65,-0.36944444444444446,0.0,0.0,17,185.29,-6.95,-6.9,-0.04,-6.95,0.0,-0.31,0.3,-0.31,42,0,0.0,0.0,0.0,4.823938,6.355667,2.974295,-0.9683501,0.0055289,-0.2495346,102.277245,"166.487305, ","[["" 125.365"", "" 124.000"", ""  61.493""], ["" 126.285"", "" 123.542"", ""  60.367""], ["" 127.592"", "" 123.176"", ""  60.689""], ["" 128.459"", "" 122.749"", ""  59.688""], ["" 128.089"", "" 122.672"", ""  58.383""], ["" 126.821"", "" 123.026"", ""  58.036""], ["" 126.464"", "" 122.938"", ""  56.669""], ["" 125.183"", "" 123.286"", ""  56.256""], ["" 124.239"", "" 123.722"", ""  57.179""], ["" 124.558"", "" 123.820"", ""  58.530""], ["" 125.859"", "" 123.475"", ""  58.999""], ["" 129.755"", "" 122.387"", ""  60.012""], ["" 130.723"", "" 123.474"", ""  60.240""], ["" 129.922"", "" 121.370"", ""  61.068""], ["" 132.176"", "" 122.972"", ""  60.416""], ["" 131.386"", "" 120.899"", ""  61.236""], ["" 132.254"", "" 122.035"", ""  61.536""], ["" 133.629"", "" 121.586"", ""  61.722""]]",[],RR32_Rahimova_2017
139,13195,RR32_Rahimova_2017-again1,receptor_tmp,4,20,-6.81,-0.3584210526315789,0.0,0.0,13,187.17,-7.11,-5.56,-1.54,-7.11,0.0,-0.3,0.3,-0.3,42,2,0.0,0.0,0.0,6.837711,4.644423,4.993471,-0.01019437,0.35016428,-0.93663283,237.518097,"261.596863, ","[["" 134.347"", "" 121.294"", ""  61.136""], ["" 132.896"", "" 120.866"", ""  61.296""], ["" 131.955"", "" 121.751"", ""  61.822""], ["" 130.620"", "" 121.357"", ""  61.964""], ["" 130.212"", "" 120.103"", ""  61.623""], ["" 131.106"", "" 119.219"", ""  61.104""], ["" 130.643"", "" 117.930"", ""  60.746""], ["" 131.523"", "" 116.994"", ""  60.209""], ["" 132.864"", "" 117.312"", ""  60.020""], ["" 133.350"", "" 118.571"", ""  60.365""], ["" 132.481"", "" 119.554"", ""  60.914""], ["" 129.662"", "" 122.224"", ""  62.499""], ["" 129.875"", "" 122.849"", ""  63.820""], ["" 128.916"", "" 123.196"", ""  61.671""], ["" 130.692"", "" 124.160"", ""  63.733""], ["" 129.669"", "" 124.533"", ""  61.476""], ["" 129.915"", "" 125.166"", ""  62.861""], ["" 130.693"", "" 126.488"", ""  62.726""], ["" 129.021"", "" 125.342"", ""  63.296""]]",[],RR32_Rahimova_2017-again1
140,5305,RR32_Rahimova_2017-again2,receptor_tmp,1,1,-7.43,-0.3715,0.0,0.0,6,187.92,-7.73,-5.22,-2.52,-7.73,0.0,0.26,0.3,0.26,34,2,0.0,0.0,0.0,5.618714,6.26099,5.492683,0.86115511,-0.38192469,0.33547789,79.689926,"231.638031, ","[["" 128.489"", "" 123.051"", ""  57.987""], ["" 128.434"", "" 123.181"", ""  59.503""], ["" 129.607"", "" 123.093"", ""  60.258""], ["" 129.576"", "" 123.203"", ""  61.655""], ["" 128.380"", "" 123.406"", ""  62.245""], ["" 127.177"", "" 123.507"", ""  61.586""], ["" 125.978"", "" 123.718"", ""  62.303""], ["" 124.779"", "" 123.819"", ""  61.603""], ["" 124.757"", "" 123.713"", ""  60.214""], ["" 125.933"", "" 123.503"", ""  59.493""], ["" 127.184"", "" 123.393"", ""  60.164""], ["" 128.370"", "" 123.496"", ""  63.250""], ["" 130.757"", "" 123.135"", ""  62.477""], ["" 131.655"", "" 124.312"", ""  62.622""], ["" 130.806"", "" 122.360"", ""  63.744""], ["" 131.145"", "" 125.256"", ""  63.745""], ["" 130.247"", "" 123.197"", ""  64.926""], ["" 131.092"", "" 124.483"", ""  65.084""], ["" 130.537"", "" 125.373"", ""  66.213""], ["" 132.036"", "" 124.204"", ""  65.317""]]",[],RR32_Rahimova_2017-again2
141,13362,RR33_Rahimova_2017,receptor_tmp,1,4,-5.3,-0.2789473684210526,0.0,0.0,2,185.39,-6.79,-6.72,-0.07,-6.79,0.0,-0.4,1.49,-0.4,25,4,0.0,0.0,0.0,5.553553,7.530755,5.332204,0.00091764,0.96693418,-0.25502442,149.59288,"180.308365, 269.607544, 352.033844, 125.043373, 53.91296, ","[["" 132.015"", "" 124.350"", ""  63.544""], ["" 131.562"", "" 125.296"", ""  62.625""], ["" 130.352"", "" 125.114"", ""  61.961""], ["" 129.575"", "" 123.978"", ""  62.208""], ["" 130.028"", "" 123.026"", ""  63.126""], ["" 131.238"", "" 123.208"", ""  63.791""], ["" 133.225"", "" 124.617"", ""  64.156""], ["" 133.246"", "" 125.371"", ""  65.365""], ["" 131.804"", "" 125.707"", ""  65.760""], ["" 128.275"", "" 123.785"", ""  61.495""], ["" 128.062"", "" 123.789"", ""  60.198""], ["" 127.151"", "" 123.577"", ""  62.230""], ["" 126.763"", "" 123.577"", ""  60.055""], ["" 126.173"", "" 123.441"", ""  61.305""], ["" 124.773"", "" 123.188"", ""  61.809""], ["" 126.134"", "" 123.502"", ""  58.681""], ["" 124.725"", "" 123.860"", ""  58.741""], ["" 124.150"", "" 123.909"", ""  57.407""], ["" 124.631"", "" 124.770"", ""  59.171""]]",[],RR33_Rahimova_2017
142,13829,RR33_Rahimova_2017-again1,receptor_tmp,1,15,-6.45,-0.3225,0.0,0.0,8,187.23,-7.95,-5.78,-2.17,-7.95,0.0,-1.07,1.49,-1.07,35,7,0.0,0.0,0.0,9.094883,6.251945,6.808024,0.33040613,-0.2304696,0.91526802,99.35685,"81.216492, 141.665665, 90.788979, 48.225517, 153.262238, ","[["" 132.450"", "" 119.735"", ""  60.707""], ["" 131.183"", "" 120.140"", ""  61.128""], ["" 131.028"", "" 121.275"", ""  61.919""], ["" 132.144"", "" 122.026"", ""  62.301""], ["" 133.416"", "" 121.623"", ""  61.880""], ["" 133.570"", "" 120.488"", ""  61.090""], ["" 132.505"", "" 118.596"", ""  59.926""], ["" 131.648"", "" 117.499"", ""  60.227""], ["" 132.430"", "" 116.473"", ""  61.051""], ["" 131.981"", "" 123.245"", ""  63.151""], ["" 130.946"", "" 124.055"", ""  63.203""], ["" 132.994"", "" 123.604"", ""  63.981""], ["" 131.267"", "" 124.980"", ""  64.096""], ["" 132.540"", "" 124.724"", ""  64.592""], ["" 133.455"", "" 125.382"", ""  65.594""], ["" 130.315"", "" 126.113"", ""  64.428""], ["" 129.219"", "" 126.181"", ""  63.352""], ["" 129.569"", "" 127.103"", ""  62.176""], ["" 129.049"", "" 125.250"", ""  63.000""], ["" 128.366"", "" 126.510"", ""  63.783""]]",[],RR33_Rahimova_2017-again1
143,5090,RR3_Rahimova_2017,receptor_tmp,2,13,-8.76,-0.219,0.0,0.0,17,183.66,-10.25,-10.16,-0.09,-10.25,0.0,-1.63,1.49,-1.63,93,2,0.0,0.0,0.0,8.099422,7.83186,5.365277,-0.43031748,0.65457207,0.62158047,274.469666,"133.710846, 306.016602, 188.398209, 88.690605, 265.752869, ","[["" 131.811"", "" 123.557"", ""  60.909""], ["" 131.884"", "" 123.267"", ""  62.282""], ["" 132.305"", "" 121.963"", ""  62.312""], ["" 132.426"", "" 121.534"", ""  61.019""], ["" 132.124"", "" 122.493"", ""  60.177""], ["" 132.468"", "" 121.409"", ""  63.140""], ["" 131.460"", "" 124.849"", ""  60.240""], ["" 130.793"", "" 127.283"", ""  58.989""], ["" 131.433"", "" 126.261"", ""  58.276""], ["" 130.500"", "" 127.067"", ""  60.342""], ["" 131.767"", "" 125.059"", ""  58.893""], ["" 130.834"", "" 125.866"", ""  60.963""], ["" 130.430"", "" 128.575"", ""  58.324""], ["" 131.399"", "" 129.563"", ""  58.096""], ["" 129.112"", "" 128.826"", ""  57.915""], ["" 131.064"", "" 130.764"", ""  57.477""], ["" 128.772"", "" 130.025"", ""  57.296""], ["" 129.750"", "" 130.990"", ""  57.080""], ["" 131.585"", "" 124.051"", ""  63.518""], ["" 130.668"", "" 123.566"", ""  64.450""], ["" 132.226"", "" 125.269"", ""  63.757""], ["" 130.377"", "" 124.299"", ""  65.596""], ["" 131.933"", "" 126.000"", ""  64.904""], ["" 131.000"", "" 125.532"", ""  65.840""], ["" 130.670"", "" 126.327"", ""  67.064""], ["" 129.445"", "" 126.154"", ""  67.726""], ["" 131.582"", "" 127.260"", ""  67.580""], ["" 129.140"", "" 126.892"", ""  68.868""], ["" 131.282"", "" 127.997"", ""  68.722""], ["" 130.061"", "" 127.811"", ""  69.361""], ["" 132.831"", "" 120.182"", ""  60.644""], ["" 134.126"", "" 119.767"", ""  60.384""], ["" 132.001"", "" 119.012"", ""  60.472""], ["" 134.141"", "" 118.432"", ""  60.072""], ["" 132.861"", "" 117.927"", ""  60.113""], ["" 130.622"", "" 118.758"", ""  60.584""], ["" 132.381"", "" 116.635"", ""  59.872""], ["" 130.144"", "" 117.472"", ""  60.343""], ["" 131.006"", "" 116.437"", ""  59.996""], ["" 134.992"", "" 117.937"", ""  59.851""]]",[],RR3_Rahimova_2017
144,5278,RR4_Rahimova_2017,receptor_tmp,1,9,-8.08,-0.19707317073170733,0.0,0.0,3,184.97,-10.47,-9.97,-0.5,-10.47,0.0,-2.62,2.39,-2.62,40,7,0.0,0.0,0.0,6.261668,8.462748,2.01555,-0.23017394,0.9084362,-0.34894646,141.108643,"152.495407, 149.922821, 87.385918, 170.62204, 229.883362, 158.908142, 101.645264, 220.505981, ","[["" 130.469"", "" 126.181"", ""  61.200""], ["" 130.713"", "" 127.431"", ""  60.618""], ["" 129.911"", "" 127.900"", ""  59.572""], ["" 128.897"", "" 127.140"", ""  59.085""], ["" 128.659"", "" 125.914"", ""  59.608""], ["" 129.411"", "" 125.392"", ""  60.686""], ["" 129.112"", "" 124.076"", ""  61.259""], ["" 128.876"", "" 123.037"", ""  61.711""], ["" 131.350"", "" 125.759"", ""  62.331""], ["" 132.977"", "" 124.950"", ""  64.476""], ["" 131.805"", "" 125.670"", ""  64.709""], ["" 133.332"", "" 124.633"", ""  63.156""], ["" 130.997"", "" 126.069"", ""  63.648""], ["" 132.522"", "" 125.032"", ""  62.097""], ["" 133.715"", "" 124.596"", ""  65.589""], ["" 133.638"", "" 125.405"", ""  66.759""], ["" 130.127"", "" 129.233"", ""  58.916""], ["" 129.818"", "" 129.429"", ""  57.562""], ["" 130.647"", "" 130.322"", ""  59.633""], ["" 130.015"", "" 130.664"", ""  56.951""], ["" 130.846"", "" 131.558"", ""  59.026""], ["" 130.529"", "" 131.739"", ""  57.673""], ["" 130.693"", "" 132.926"", ""  56.984""], ["" 131.944"", "" 133.204"", ""  56.367""], ["" 127.306"", "" 125.059"", ""  58.831""], ["" 126.408"", "" 126.263"", ""  57.796""], ["" 126.404"", "" 127.696"", ""  58.344""], ["" 126.229"", "" 127.791"", ""  59.682""], ["" 126.565"", "" 128.657"", ""  57.587""], ["" 126.109"", "" 126.923"", ""  60.185""], ["" 126.176"", "" 128.941"", ""  60.473""], ["" 125.417"", "" 130.091"", ""  60.203""], ["" 127.083"", "" 129.119"", ""  61.952""], ["" 124.569"", "" 130.242"", ""  59.025""], ["" 125.555"", "" 131.088"", ""  61.199""], ["" 126.442"", "" 130.711"", ""  62.218""], ["" 123.895"", "" 130.362"", ""  58.091""], ["" 124.885"", "" 132.467"", ""  61.187""], ["" 126.871"", "" 131.587"", ""  63.388""], ["" 125.610"", "" 133.434"", ""  62.150""], ["" 125.903"", "" 132.783"", ""  63.513""]]",[],RR4_Rahimova_2017
145,14146,RR5_Rahimova_2017,receptor_tmp,1,4,-10.8,-0.225,0.0,0.0,5,184.53,-14.38,-14.21,-0.17,-14.38,0.0,-3.97,3.58,-3.97,78,8,0.0,0.0,0.0,5.76489,8.7907,6.320423,0.1089681,-0.6771388,-0.7277424,220.689178,"234.328461, 129.707077, 201.278275, 350.485596, 339.713837, 354.007477, 208.959747, 139.863235, 74.406387, 20.59325, 147.876831, 161.276947, ","[["" 126.242"", "" 124.408"", ""  60.909""], ["" 127.249"", "" 123.402"", ""  60.246""], ["" 128.439"", "" 123.021"", ""  61.147""], ["" 128.233"", "" 122.618"", ""  62.291""], ["" 129.662"", "" 123.195"", ""  60.599""], ["" 129.644"", "" 123.437"", ""  59.619""], ["" 131.052"", "" 122.965"", ""  61.095""], ["" 131.912"", "" 123.699"", ""  60.012""], ["" 131.314"", "" 124.472"", ""  59.002""], ["" 133.318"", "" 123.603"", ""  60.026""], ["" 132.089"", "" 125.122"", ""  58.045""], ["" 134.092"", "" 124.244"", ""  59.063""], ["" 133.474"", "" 125.001"", ""  58.075""], ["" 131.162"", "" 123.635"", ""  62.506""], ["" 131.800"", "" 124.872"", ""  62.688""], ["" 130.621"", "" 122.991"", ""  63.633""], ["" 131.902"", "" 125.441"", ""  63.955""], ["" 130.730"", "" 123.553"", ""  64.901""], ["" 131.370"", "" 124.778"", ""  65.057""], ["" 131.264"", "" 121.413"", ""  61.091""], ["" 130.207"", "" 120.537"", ""  61.397""], ["" 132.511"", "" 120.845"", ""  60.771""], ["" 130.392"", "" 119.157"", ""  61.403""], ["" 132.699"", "" 119.466"", ""  60.775""], ["" 131.639"", "" 118.627"", ""  61.096""], ["" 126.864"", "" 125.440"", ""  61.763""], ["" 127.378"", "" 126.613"", ""  61.229""], ["" 127.346"", "" 126.960"", ""  60.045""], ["" 127.068"", "" 125.206"", ""  62.723""], ["" 127.941"", "" 127.321"", ""  62.223""], ["" 127.316"", "" 128.488"", ""  62.751""], ["" 126.960"", "" 129.478"", ""  61.621""], ["" 125.832"", "" 130.430"", ""  61.978""], ["" 128.077"", "" 130.443"", ""  61.272""], ["" 124.520"", "" 130.147"", ""  62.371""], ["" 126.259"", "" 131.755"", ""  61.889""], ["" 127.662"", "" 131.764"", ""  61.446""], ["" 129.375"", "" 130.177"", ""  60.829""], ["" 123.646"", "" 131.191"", ""  62.678""], ["" 125.386"", "" 132.801"", ""  62.196""], ["" 128.539"", "" 132.820"", ""  61.192""], ["" 130.253"", "" 131.230"", ""  60.570""], ["" 124.078"", "" 132.515"", ""  62.591""], ["" 129.836"", "" 132.550"", ""  60.752""], ["" 125.157"", "" 123.650"", ""  61.713""], ["" 124.136"", "" 123.194"", ""  61.238""], ["" 125.534"", "" 123.561"", ""  63.022""], ["" 126.486"", "" 123.503"", ""  63.123""]]",[],RR5_Rahimova_2017
146,5895,RR5_Rahimova_2017-again1,receptor_tmp,1,19,-10.04,-0.21361702127659574,0.0,0.0,1,186.51,-13.32,-13.44,0.12,-13.32,0.0,-3.46,3.28,-3.46,76,4,0.0,0.0,0.0,5.356344,9.116773,2.059684,-0.12221031,-0.50215681,-0.85609765,104.869156,"129.132111, 306.703552, 233.125488, 122.777016, 122.430069, 24.141525, 103.25, 297.786377, 142.87236, 267.980865, 194.094421, ","[["" 130.199"", "" 125.493"", ""  58.461""], ["" 130.328"", "" 126.850"", ""  59.227""], ["" 129.655"", "" 128.078"", ""  58.577""], ["" 129.709"", "" 128.205"", ""  57.354""], ["" 129.142"", "" 129.025"", ""  59.391""], ["" 129.093"", "" 128.786"", ""  60.371""], ["" 128.462"", "" 130.300"", ""  59.048""], ["" 129.343"", "" 131.129"", ""  58.061""], ["" 130.740"", "" 130.969"", ""  58.030""], ["" 128.760"", "" 132.041"", ""  57.163""], ["" 131.526"", "" 131.698"", ""  57.142""], ["" 129.545"", "" 132.770"", ""  56.273""], ["" 130.925"", "" 132.596"", ""  56.267""], ["" 127.104"", "" 130.147"", ""  58.290""], ["" 125.885"", "" 130.428"", ""  58.930""], ["" 127.068"", "" 129.739"", ""  56.946""], ["" 124.673"", "" 130.292"", ""  58.258""], ["" 125.859"", "" 129.602"", ""  56.271""], ["" 124.665"", "" 129.877"", ""  56.930""], ["" 128.323"", "" 131.043"", ""  60.422""], ["" 128.634"", "" 132.407"", ""  60.559""], ["" 127.826"", "" 130.362"", ""  61.547""], ["" 128.488"", "" 133.057"", ""  61.780""], ["" 127.679"", "" 131.010"", ""  62.771""], ["" 128.015"", "" 132.354"", ""  62.883""], ["" 129.936"", "" 124.411"", ""  59.434""], ["" 128.742"", "" 124.343"", ""  60.144""], ["" 127.803"", "" 125.142"", ""  60.081""], ["" 130.617"", "" 123.672"", ""  59.532""], ["" 128.768"", "" 123.248"", ""  60.928""], ["" 129.419"", "" 122.058"", ""  60.500""], ["" 130.464"", "" 121.620"", ""  61.545""], ["" 131.166"", "" 120.321"", ""  61.192""], ["" 131.630"", "" 122.583"", ""  61.647""], ["" 130.632"", "" 119.046"", ""  60.983""], ["" 132.543"", "" 120.522"", ""  61.074""], ["" 132.833"", "" 121.936"", ""  61.360""], ["" 131.634"", "" 123.943"", ""  61.971""], ["" 131.474"", "" 117.984"", ""  60.649""], ["" 133.387"", "" 119.461"", ""  60.741""], ["" 134.039"", "" 122.639"", ""  61.387""], ["" 132.839"", "" 124.648"", ""  62.000""], ["" 132.849"", "" 118.191"", ""  60.528""], ["" 134.039"", "" 123.997"", ""  61.707""], ["" 131.474"", "" 125.189"", ""  57.575""], ["" 132.275"", "" 124.371"", ""  58.085""], ["" 131.533"", "" 125.755"", ""  56.457""]]",[],RR5_Rahimova_2017-again1
147,5332,RR6_Rahimova_2017,receptor_tmp,1,12,-7.66,-0.19641025641025642,0.0,0.0,1,187.17,-10.35,-9.82,-0.52,-10.35,0.0,-2.86,2.68,-2.86,47,10,0.0,0.0,0.0,6.223904,6.810689,2.96956,-0.33266968,-0.88374293,-0.32913418,179.643951,"327.728058, 89.087143, 182.467316, 143.430649, 284.068573, 202.614944, 72.220787, 200.776047, 349.553009, ","[["" 126.038"", "" 124.267"", ""  59.730""], ["" 126.646"", "" 124.823"", ""  58.103""], ["" 128.192"", "" 125.658"", ""  58.391""], ["" 130.384"", "" 125.395"", ""  59.182""], ["" 130.671"", "" 126.730"", ""  58.878""], ["" 129.152"", "" 124.878"", ""  58.943""], ["" 129.692"", "" 127.559"", ""  58.310""], ["" 128.409"", "" 127.012"", ""  58.062""], ["" 127.331"", "" 127.830"", ""  57.498""], ["" 126.482"", "" 128.476"", ""  57.050""], ["" 131.408"", "" 124.450"", ""  59.737""], ["" 133.328"", "" 122.667"", ""  60.759""], ["" 133.710"", "" 123.941"", ""  60.340""], ["" 131.994"", "" 122.278"", ""  60.670""], ["" 132.758"", "" 124.823"", ""  59.837""], ["" 131.046"", "" 123.163"", ""  60.168""], ["" 134.371"", "" 121.705"", ""  61.298""], ["" 130.072"", "" 128.968"", ""  57.993""], ["" 129.915"", "" 129.462"", ""  56.695""], ["" 130.561"", "" 129.821"", ""  58.987""], ["" 130.252"", "" 130.780"", ""  56.394""], ["" 130.899"", "" 131.138"", ""  58.690""], ["" 130.745"", "" 131.628"", ""  57.384""], ["" 131.050"", "" 132.918"", ""  56.995""], ["" 132.369"", "" 133.215"", ""  56.551""], ["" 127.148"", "" 124.062"", ""  60.766""], ["" 127.838"", "" 125.171"", ""  61.109""], ["" 127.375"", "" 122.924"", ""  61.177""], ["" 127.587"", "" 126.019"", ""  60.622""], ["" 128.944"", "" 125.303"", ""  61.970""], ["" 129.518"", "" 126.524"", ""  62.354""], ["" 129.476"", "" 124.111"", ""  62.462""], ["" 130.595"", "" 126.543"", ""  63.237""], ["" 130.551"", "" 124.132"", ""  63.347""], ["" 131.122"", "" 125.347"", ""  63.747""], ["" 132.277"", "" 125.332"", ""  64.706""], ["" 133.415"", "" 124.967"", ""  64.392""], ["" 131.946"", "" 125.758"", ""  65.953""], ["" 130.602"", "" 125.706"", ""  66.410""]]",[],RR6_Rahimova_2017
148,5320,RR7_Rahimova_2017,receptor_tmp,1,5,-10.56,-0.21551020408163266,0.0,0.0,1,187.55,-13.84,-13.59,-0.25,-13.84,0.0,-4.25,3.28,-4.25,80,6,0.0,0.0,0.0,6.245261,10.424131,0.464675,-0.42075144,0.13569692,-0.89696966,261.037262,"134.698868, 324.594055, 297.486786, 356.607941, 39.651859, 225.737152, 329.553497, 339.486847, 196.891556, 11.550698, 305.343475, ","[["" 128.661"", "" 129.082"", ""  56.782""], ["" 127.281"", "" 128.414"", ""  56.670""], ["" 126.337"", "" 128.672"", ""  57.853""], ["" 126.595"", "" 127.497"", ""  58.780""], ["" 126.828"", "" 126.391"", ""  57.757""], ["" 127.501"", "" 127.006"", ""  56.697""], ["" 124.978"", "" 128.747"", ""  57.455""], ["" 124.634"", "" 127.854"", ""  57.372""], ["" 127.591"", "" 125.258"", ""  58.244""], ["" 127.425"", "" 124.585"", ""  59.444""], ["" 128.558"", "" 124.531"", ""  57.573""], ["" 126.580"", "" 124.838"", ""  60.453""], ["" 128.366"", "" 123.525"", ""  59.415""], ["" 129.061"", "" 123.519"", ""  58.236""], ["" 126.715"", "" 123.969"", ""  61.491""], ["" 128.422"", "" 122.687"", ""  60.547""], ["" 127.578"", "" 122.924"", ""  61.595""], ["" 129.348"", "" 121.627"", ""  60.557""], ["" 130.404"", "" 121.426"", ""  61.380""], ["" 130.738"", "" 122.197"", ""  62.283""], ["" 129.193"", "" 120.929"", ""  59.844""], ["" 131.213"", "" 120.174"", ""  61.114""], ["" 132.584"", "" 120.280"", ""  60.835""], ["" 130.624"", "" 118.898"", ""  61.152""], ["" 133.347"", "" 119.141"", ""  60.593""], ["" 131.390"", "" 117.760"", ""  60.911""], ["" 132.748"", "" 117.887"", ""  60.632""], ["" 128.552"", "" 130.241"", ""  57.614""], ["" 129.549"", "" 130.502"", ""  58.627""], ["" 128.913"", "" 131.483"", ""  59.648""], ["" 127.520"", "" 131.516"", ""  59.824""], ["" 129.707"", "" 132.364"", ""  60.400""], ["" 126.937"", "" 132.400"", ""  60.726""], ["" 129.125"", "" 133.248"", ""  61.304""], ["" 127.742"", "" 133.263"", ""  61.462""], ["" 129.898"", "" 129.122"", ""  59.266""], ["" 130.771"", "" 128.218"", ""  58.644""], ["" 129.286"", "" 128.738"", ""  60.469""], ["" 131.042"", "" 126.981"", ""  59.221""], ["" 129.557"", "" 127.501"", ""  61.045""], ["" 130.442"", "" 126.610"", ""  60.423""], ["" 130.768"", "" 125.361"", ""  60.916""], ["" 130.747"", "" 125.144"", ""  62.323""], ["" 130.741"", "" 131.275"", ""  57.993""], ["" 130.527"", "" 132.159"", ""  56.924""], ["" 132.055"", "" 131.083"", ""  58.452""], ["" 131.588"", "" 132.848"", ""  56.345""], ["" 133.118"", "" 131.770"", ""  57.874""], ["" 132.880"", "" 132.652"", ""  56.824""]]",[],RR7_Rahimova_2017
149,5128,RR8_A_Rahimova_2017,receptor_tmp,1,18,-10.11,-0.24071428571428571,0.0,0.0,7,187.14,-14.28,-13.93,-0.35,-14.28,0.0,-3.99,4.18,-3.99,83,9,0.0,0.0,0.0,6.040446,8.688387,3.576083,0.18019447,-0.41245172,-0.89298014,271.721649,"277.946655, 183.922531, 268.417358, 181.680267, 35.536659, 56.770573, 137.898895, 339.650635, 277.053345, 83.30172, 221.336029, 82.828514, 41.079792, 346.351227, ","[["" 128.867"", "" 125.283"", ""  59.524""], ["" 129.794"", "" 124.148"", ""  59.109""], ["" 130.751"", "" 124.923"", ""  58.222""], ["" 130.916"", "" 126.258"", ""  58.960""], ["" 129.710"", "" 126.382"", ""  59.709""], ["" 128.218"", "" 124.923"", ""  60.712""], ["" 128.696"", "" 123.835"", ""  61.391""], ["" 128.280"", "" 122.681"", ""  61.242""], ["" 129.786"", "" 124.191"", ""  62.360""], ["" 130.422"", "" 123.221"", ""  63.151""], ["" 130.183"", "" 125.528"", ""  62.486""], ["" 131.429"", "" 123.583"", ""  64.041""], ["" 131.190"", "" 125.888"", ""  63.377""], ["" 131.826"", "" 124.921"", ""  64.165""], ["" 132.901"", "" 125.305"", ""  65.112""], ["" 134.053"", "" 125.381"", ""  64.696""], ["" 132.600"", "" 125.535"", ""  66.281""], ["" 129.144"", "" 123.119"", ""  58.369""], ["" 128.614"", "" 123.508"", ""  57.106""], ["" 127.094"", "" 123.488"", ""  57.154""], ["" 126.395"", "" 124.546"", ""  57.745""], ["" 126.394"", "" 122.417"", ""  56.589""], ["" 125.003"", "" 124.528"", ""  57.778""], ["" 125.002"", "" 122.400"", ""  56.622""], ["" 124.313"", "" 123.455"", ""  57.217""], ["" 131.960"", "" 124.172"", ""  58.144""], ["" 133.052"", "" 124.680"", ""  58.903""], ["" 133.332"", "" 123.764"", ""  60.086""], ["" 134.077"", "" 124.240"", ""  61.170""], ["" 132.868"", "" 122.444"", ""  60.085""], ["" 134.346"", "" 123.405"", ""  62.251""], ["" 133.135"", "" 121.610"", ""  61.168""], ["" 133.872"", "" 122.094"", ""  62.246""], ["" 131.065"", "" 127.498"", ""  58.061""], ["" 130.847"", "" 128.662"", ""  58.846""], ["" 130.036"", "" 129.643"", ""  58.213""], ["" 130.914"", "" 130.736"", ""  57.623""], ["" 132.300"", "" 130.683"", ""  57.791""], ["" 130.339"", "" 131.786"", ""  56.899""], ["" 133.107"", "" 131.679"", ""  57.247""], ["" 131.145"", "" 132.783"", ""  56.356""], ["" 132.526"", "" 132.725"", ""  56.533""]]",[],RR8_A_Rahimova_2017
150,5716,RR8_B_Rahimova_2017,receptor_tmp,1,16,-8.9,-0.2119047619047619,0.0,0.0,2,185.48,-13.08,-12.6,-0.47,-13.08,0.0,-3.94,4.18,-3.94,65,3,0.0,0.0,0.0,5.106253,8.199399,0.163676,0.51735585,-0.71721756,-0.46684247,283.04248,"218.084808, 202.217972, 98.303864, 56.974823, 298.446594, 295.959778, 17.868641, 2.966788, 31.587618, 198.633636, 146.137878, 352.039215, 265.795929, 73.689903, ","[["" 129.101"", "" 125.405"", ""  59.412""], ["" 129.960"", "" 124.142"", ""  59.361""], ["" 131.030"", "" 124.611"", ""  58.383""], ["" 131.237"", "" 126.084"", ""  58.756""], ["" 130.022"", "" 126.459"", ""  59.402""], ["" 128.252"", "" 125.439"", ""  58.291""], ["" 128.272"", "" 126.555"", ""  57.500""], ["" 128.938"", "" 126.664"", ""  56.465""], ["" 127.360"", "" 127.634"", ""  58.007""], ["" 126.763"", "" 128.564"", ""  57.143""], ["" 127.098"", "" 127.724"", ""  59.379""], ["" 125.929"", "" 129.558"", ""  57.642""], ["" 126.270"", "" 128.723"", ""  59.878""], ["" 125.678"", "" 129.656"", ""  59.016""], ["" 124.809"", "" 130.734"", ""  59.549""], ["" 123.880"", "" 131.138"", ""  58.855""], ["" 125.047"", "" 131.181"", ""  60.669""], ["" 129.278"", "" 123.003"", ""  58.843""], ["" 128.055"", "" 122.675"", ""  59.484""], ["" 126.921"", "" 122.943"", ""  58.510""], ["" 126.963"", "" 122.417"", ""  57.216""], ["" 125.840"", "" 123.735"", ""  58.911""], ["" 125.927"", "" 122.685"", ""  56.325""], ["" 124.806"", "" 124.003"", ""  58.020""], ["" 124.855"", "" 123.476"", ""  56.730""], ["" 132.265"", "" 123.901"", ""  58.509""], ["" 133.247"", "" 124.453"", ""  59.390""], ["" 133.129"", "" 123.899"", ""  60.806""], ["" 132.816"", "" 124.752"", ""  61.869""], ["" 133.307"", "" 122.532"", ""  61.034""], ["" 132.677"", "" 124.238"", ""  63.155""], ["" 133.172"", "" 122.018"", ""  62.322""], ["" 132.855"", "" 122.873"", ""  63.376""], ["" 131.506"", "" 127.035"", ""  57.575""], ["" 130.594"", "" 128.125"", ""  57.636""], ["" 131.029"", "" 129.224"", ""  58.423""], ["" 130.363"", "" 130.495"", ""  57.919""], ["" 129.210"", "" 130.972"", ""  58.549""], ["" 130.890"", "" 131.175"", ""  56.817""], ["" 128.582"", "" 132.122"", ""  58.077""], ["" 130.264"", "" 132.327"", ""  56.347""], ["" 129.112"", "" 132.793"", ""  56.976""]]",[],RR8_B_Rahimova_2017
151,5344,RR9_Rahimova_2017,receptor_tmp,1,13,-8.57,-0.22552631578947369,0.0,0.0,7,184.55,-10.95,-10.9,-0.05,-10.95,0.0,-1.71,2.39,-1.71,63,2,0.0,0.0,0.0,5.276136,9.406235,4.806384,0.41578109,0.15762197,-0.89570162,113.430618,"174.793365, 238.047821, 21.233381, 135.28241, 111.225227, 56.532345, 342.135742, 0.915537, ","[["" 131.275"", "" 124.389"", ""  62.715""], ["" 131.901"", "" 124.950"", ""  63.725""], ["" 131.203"", "" 126.035"", ""  64.094""], ["" 130.098"", "" 126.214"", ""  63.295""], ["" 130.119"", "" 125.169"", ""  62.340""], ["" 129.096"", "" 125.156"", ""  61.360""], ["" 128.128"", "" 126.172"", ""  61.457""], ["" 128.200"", "" 127.158"", ""  62.453""], ["" 129.192"", "" 127.186"", ""  63.387""], ["" 131.510"", "" 126.606"", ""  64.869""], ["" 131.779"", "" 123.105"", ""  62.143""], ["" 132.733"", "" 120.699"", ""  61.101""], ["" 131.401"", "" 120.803"", ""  61.506""], ["" 133.589"", "" 121.795"", ""  61.219""], ["" 130.925"", "" 122.004"", ""  62.025""], ["" 133.110"", "" 122.996"", ""  61.735""], ["" 133.257"", "" 119.384"", ""  60.552""], ["" 129.020"", "" 124.189"", ""  60.210""], ["" 129.219"", "" 124.718"", ""  58.986""], ["" 128.810"", "" 122.994"", ""  60.415""], ["" 129.298"", "" 125.721"", ""  58.908""], ["" 129.323"", "" 123.966"", ""  57.731""], ["" 128.361"", "" 122.757"", ""  57.668""], ["" 126.890"", "" 123.122"", ""  57.501""], ["" 126.083"", "" 122.397"", ""  56.618""], ["" 126.344"", "" 124.166"", ""  58.252""], ["" 124.732"", "" 122.711"", ""  56.493""], ["" 124.992"", "" 124.480"", ""  58.127""], ["" 124.194"", "" 123.750"", ""  57.248""], ["" 127.178"", "" 128.252"", ""  62.552""], ["" 126.888"", "" 128.868"", ""  63.779""], ["" 126.487"", "" 128.692"", ""  61.414""], ["" 125.943"", "" 129.884"", ""  63.864""], ["" 125.539"", "" 129.709"", ""  61.497""], ["" 125.259"", "" 130.316"", ""  62.729""], ["" 124.340"", "" 131.332"", ""  62.910""], ["" 123.896"", "" 132.081"", ""  61.783""], ["" 124.201"", "" 133.562"", ""  62.025""]]",[],RR9_Rahimova_2017
