,Pose_ID,LigName,receptor,pose_rank,run_number,docking_score,leff,deltas,cluster_rmsd,cluster_size,reference_rmsd,energies_inter,energies_vdw,energies_electro,energies_flexLig,energies_flexLR,energies_intra,energies_torsional,unbound_energy,nr_interactions,num_hb,about_x,about_y,about_z,trans_x,trans_y,trans_z,axisangle_x,axisangle_y,axisangle_z,axisangle_w,dihedrals,ligand_coordinates,flexible_res_coordinates,LigName:1
0,11442,1a_Ghoteimi_2023,4h2i_c_1_mae_prepped,1,9,-7.41,-0.18073170731707316,0.0,0.0,6,185.43,-10.69,-10.2,-0.48,-10.69,0.0,-3.79,3.28,-3.79,36,10,0.0,0.0,0.0,1.192202,7.376023,4.021842,0.60960375,0.35146456,0.71053215,55.194401,"348.357697, 7.694149, 119.189919, 305.036041, 181.350204, 182.964279, 9.340797, 300.238617, 127.793068, 122.566727, 125.947685, ","[["" 126.570"", "" 125.483"", ""  58.933""], ["" 126.101"", "" 126.734"", ""  59.128""], ["" 127.706"", "" 125.194"", ""  58.556""], ["" 125.161"", "" 126.805"", ""  59.488""], ["" 125.577"", "" 124.357"", ""  59.221""], ["" 125.595"", "" 123.877"", ""  60.974""], ["" 126.653"", "" 125.046"", ""  61.796""], ["" 128.675"", "" 125.742"", ""  62.935""], ["" 127.930"", "" 124.718"", ""  62.301""], ["" 128.105"", "" 127.018"", ""  63.035""], ["" 128.467"", "" 123.359"", ""  62.180""], ["" 126.840"", "" 127.279"", ""  62.494""], ["" 128.892"", "" 122.287"", ""  62.085""], ["" 126.132"", "" 126.293"", ""  61.883""], ["" 130.042"", "" 125.545"", ""  63.506""], ["" 132.614"", "" 125.213"", ""  64.590""], ["" 132.411"", "" 125.130"", ""  63.212""], ["" 131.518"", "" 125.468"", ""  65.427""], ["" 131.138"", "" 125.298"", ""  62.673""], ["" 130.246"", "" 125.635"", ""  64.886""], ["" 133.910"", "" 125.034"", ""  65.032""], ["" 134.231"", "" 125.347"", ""  66.383""], ["" 126.186"", "" 128.629"", ""  62.569""], ["" 125.377"", "" 129.106"", ""  61.525""], ["" 126.368"", "" 129.460"", ""  63.685""], ["" 124.771"", "" 130.357"", ""  61.597""], ["" 125.764"", "" 130.711"", ""  63.760""], ["" 124.956"", "" 131.171"", ""  62.711""], ["" 124.315"", "" 132.395"", ""  62.698""], ["" 124.640"", "" 133.338"", ""  61.683""], ["" 126.741"", "" 127.976"", ""  58.947""], ["" 126.180"", "" 129.081"", ""  58.290""], ["" 128.023"", "" 128.080"", ""  59.487""], ["" 126.902"", "" 130.265"", ""  58.172""], ["" 128.744"", "" 129.266"", ""  59.369""], ["" 128.193"", "" 130.373"", ""  58.710""], ["" 128.996"", "" 131.637"", ""  58.603""], ["" 129.269"", "" 132.178"", ""  57.527""], ["" 129.393"", "" 132.123"", ""  59.807""], ["" 128.459"", "" 132.338"", ""  60.858""], ["" 128.853"", "" 131.488"", ""  62.069""]]",[],1a_Ghoteimi_2023
1,6688,1a_Grossjean_2025,4h2i_c_1_mae_prepped,1,2,-7.34,-0.27185185185185184,0.0,0.0,4,189.23,-9.42,-9.22,-0.2,-9.42,0.0,-1.68,2.09,-1.68,39,5,0.0,0.0,0.0,8.959458,8.69111,6.774502,-0.50134036,0.07324567,-0.86214437,112.760185,"210.837128, 302.060059, 20.862535, 186.301682, 117.358994, 306.806824, 217.324844, ","[["" 131.534"", "" 124.683"", ""  64.518""], ["" 132.228"", "" 125.611"", ""  65.296""], ["" 131.660"", "" 126.122"", ""  66.459""], ["" 130.385"", "" 125.712"", ""  66.870""], ["" 129.693"", "" 124.772"", ""  66.089""], ["" 130.260"", "" 124.260"", ""  64.926""], ["" 132.202"", "" 124.235"", ""  63.362""], ["" 133.488"", "" 124.398"", ""  62.984""], ["" 134.350"", "" 125.001"", ""  63.623""], ["" 131.626"", "" 123.683"", ""  62.744""], ["" 133.862"", "" 123.766"", ""  61.642""], ["" 134.097"", "" 121.968"", ""  61.773""], ["" 132.498"", "" 121.207"", ""  61.603""], ["" 130.972"", "" 119.422"", ""  61.007""], ["" 132.299"", "" 119.906"", ""  61.081""], ["" 129.920"", "" 120.242"", ""  61.429""], ["" 133.412"", "" 119.084"", ""  60.599""], ["" 130.207"", "" 121.518"", ""  61.907""], ["" 134.289"", "" 118.433"", ""  60.218""], ["" 131.469"", "" 122.001"", ""  61.991""], ["" 130.633"", "" 118.032"", ""  60.472""], ["" 129.109"", "" 122.458"", ""  62.371""], ["" 129.799"", "" 126.287"", ""  68.127""], ["" 129.087"", "" 125.640"", ""  68.901""], ["" 130.145"", "" 127.584"", ""  68.336""], ["" 129.157"", "" 128.575"", ""  68.587""], ["" 128.238"", "" 128.700"", ""  67.369""]]",[],1a_Grossjean_2025
2,11292,1aa_Ghoteimi_2023,4h2i_c_1_mae_prepped,1,10,-6.67,-0.1626829268292683,0.0,0.0,1,183.3,-9.95,-9.57,-0.38,-9.95,0.0,-3.14,3.28,-3.14,52,5,0.0,0.0,0.0,2.953524,8.123733,1.894786,0.8226648,0.56825013,0.01773173,182.279587,"16.244364, 145.884506, 329.255463, 160.128311, 351.089447, 251.020416, 359.054749, 20.731028, 255.236603, 72.71286, 63.109657, ","[["" 125.613"", "" 127.385"", ""  58.079""], ["" 126.961"", "" 127.465"", ""  57.998""], ["" 124.851"", "" 128.352"", ""  58.087""], ["" 127.452"", "" 126.581"", ""  57.990""], ["" 124.994"", "" 125.981"", ""  58.164""], ["" 126.017"", "" 124.978"", ""  58.113""], ["" 126.892"", "" 124.812"", ""  59.178""], ["" 128.648"", "" 123.569"", ""  60.298""], ["" 127.770"", "" 123.716"", ""  59.198""], ["" 128.608"", "" 124.539"", ""  61.308""], ["" 127.770"", "" 122.777"", ""  58.075""], ["" 127.717"", "" 125.616"", ""  61.231""], ["" 126.866"", "" 125.736"", ""  60.178""], ["" 127.768"", "" 122.036"", ""  57.186""], ["" 129.614"", "" 122.439"", ""  60.444""], ["" 131.410"", "" 120.292"", ""  60.709""], ["" 130.130"", "" 120.216"", ""  61.258""], ["" 131.787"", "" 121.452"", ""  60.017""], ["" 129.239"", "" 121.277"", ""  61.126""], ["" 130.895"", "" 122.513"", ""  59.886""], ["" 132.226"", "" 119.191"", ""  60.890""], ["" 133.626"", "" 119.323"", ""  60.677""], ["" 127.624"", "" 126.673"", ""  62.293""], ["" 126.697"", "" 127.721"", ""  62.189""], ["" 128.456"", "" 126.645"", ""  63.424""], ["" 126.610"", "" 128.704"", ""  63.171""], ["" 128.372"", "" 127.626"", ""  64.407""], ["" 127.444"", "" 128.670"", ""  64.287""], ["" 127.287"", "" 129.687"", ""  65.209""], ["" 127.556"", "" 129.426"", ""  66.582""], ["" 127.805"", "" 128.588"", ""  57.913""], ["" 127.963"", "" 129.555"", ""  58.916""], ["" 128.528"", "" 128.709"", ""  56.726""], ["" 128.830"", "" 130.628"", ""  58.722""], ["" 129.395"", "" 129.781"", ""  56.534""], ["" 129.557"", "" 130.754"", ""  57.529""], ["" 130.499"", "" 131.899"", ""  57.289""], ["" 130.253"", "" 132.827"", ""  56.513""], ["" 131.646"", "" 131.810"", ""  58.010""], ["" 132.676"", "" 130.901"", ""  57.643""], ["" 133.567"", "" 130.622"", ""  58.857""]]",[],1aa_Ghoteimi_2023
3,12760,1b_Ghoteimi_2023,4h2i_c_1_mae_prepped,1,20,-8.62,-0.24628571428571427,0.0,0.0,6,185.22,-11.0,-10.7,-0.3,-11.0,0.0,-1.73,2.39,-1.73,52,10,0.0,0.0,0.0,8.750487,9.080373,6.584596,0.98831616,-0.12710577,-0.08411471,249.99939,"231.47287, 158.813004, 285.145386, 320.923126, 81.754959, 205.162308, 60.760296, 156.594681, ","[["" 131.119"", "" 124.935"", ""  64.503""], ["" 132.482"", "" 124.821"", ""  64.136""], ["" 133.541"", "" 125.128"", ""  65.103""], ["" 134.376"", "" 125.370"", ""  65.867""], ["" 132.783"", "" 124.347"", ""  62.840""], ["" 131.820"", "" 123.961"", ""  61.968""], ["" 130.510"", "" 124.061"", ""  62.315""], ["" 130.144"", "" 124.543"", ""  63.577""], ["" 130.655"", "" 125.445"", ""  65.828""], ["" 129.805"", "" 126.398"", ""  68.332""], ["" 130.904"", "" 126.971"", ""  67.692""], ["" 129.132"", "" 125.335"", ""  67.712""], ["" 131.327"", "" 126.498"", ""  66.453""], ["" 129.558"", "" 124.864"", ""  66.473""], ["" 129.457"", "" 126.931"", ""  69.559""], ["" 129.278"", "" 128.338"", ""  69.678""], ["" 134.435"", "" 124.147"", ""  62.206""], ["" 134.390"", "" 122.851"", ""  60.922""], ["" 133.825"", "" 121.500"", ""  61.381""], ["" 132.924"", "" 120.949"", ""  60.537""], ["" 134.193"", "" 120.991"", ""  62.443""], ["" 132.696"", "" 121.468"", ""  59.702""], ["" 132.252"", "" 119.742"", ""  60.694""], ["" 132.760"", "" 118.538"", ""  60.489""], ["" 130.920"", "" 119.660"", ""  61.095""], ["" 131.745"", "" 117.621"", ""  60.762""], ["" 130.639"", "" 118.313"", ""  61.127""], ["" 129.508"", "" 123.622"", ""  61.285""], ["" 129.917"", "" 123.227"", ""  60.002""], ["" 128.134"", "" 123.587"", ""  61.573""], ["" 128.991"", "" 122.818"", ""  59.047""], ["" 127.206"", "" 123.177"", ""  60.620""], ["" 127.630"", "" 122.788"", ""  59.342""], ["" 126.786"", "" 122.368"", ""  58.333""], ["" 125.777"", "" 123.252"", ""  57.859""]]",[],1b_Ghoteimi_2023
4,11757,1b_Grossjean_2025,4h2i_c_1_mae_prepped,1,4,-7.69,-0.2957692307692308,0.0,0.0,2,186.8,-9.48,-9.21,-0.27,-9.48,0.0,-1.55,1.79,-1.55,52,7,0.0,0.0,0.0,8.496491,6.512147,4.379479,0.59444611,0.7768593,0.20766187,132.653717,"222.51474, 84.306816, 324.703156, 82.816917, 116.224968, 316.695038, ","[["" 133.189"", "" 123.653"", ""  59.223""], ["" 131.919"", "" 123.600"", ""  59.682""], ["" 133.527"", "" 123.573"", ""  58.043""], ["" 131.807"", "" 123.672"", ""  60.683""], ["" 134.265"", "" 123.841"", ""  60.294""], ["" 134.377"", "" 122.411"", ""  61.412""], ["" 132.773"", "" 122.190"", ""  62.153""], ["" 130.986"", "" 122.704"", ""  63.703""], ["" 132.280"", "" 122.989"", ""  63.211""], ["" 130.249"", "" 121.665"", ""  63.127""], ["" 133.054"", "" 124.101"", ""  63.768""], ["" 130.805"", "" 120.943"", ""  62.074""], ["" 133.662"", "" 124.980"", ""  64.211""], ["" 132.042"", "" 121.198"", ""  61.586""], ["" 130.349"", "" 123.493"", ""  64.846""], ["" 130.052"", "" 119.810"", ""  61.402""], ["" 130.708"", "" 123.440"", ""  58.982""], ["" 129.801"", "" 122.542"", ""  59.543""], ["" 130.368"", "" 124.109"", ""  57.796""], ["" 128.571"", "" 122.307"", ""  58.936""], ["" 129.138"", "" 123.874"", ""  57.190""], ["" 128.223"", "" 122.972"", ""  57.751""], ["" 126.904"", "" 122.745"", ""  57.069""], ["" 126.559"", "" 121.652"", ""  56.608""], ["" 126.134"", "" 123.861"", ""  57.004""], ["" 125.109"", "" 124.098"", ""  57.960""]]",[],1b_Grossjean_2025
5,6814,1c_Ghoteimi_2023,4h2i_c_1_mae_prepped,1,9,-7.97,-0.2277142857142857,0.0,0.0,5,188.8,-10.36,-10.06,-0.3,-10.36,0.0,-2.59,2.39,-2.59,69,8,0.0,0.0,0.0,6.957654,6.750129,6.340634,-0.98974067,0.13812555,-0.03653417,107.285217,"233.690033, 168.160263, 339.561432, 212.467422, 131.70784, 330.197937, 41.458656, 333.108978, ","[["" 130.674"", "" 124.427"", ""  62.994""], ["" 132.052"", "" 124.297"", ""  62.700""], ["" 133.075"", "" 124.698"", ""  63.672""], ["" 133.880"", "" 125.014"", ""  64.440""], ["" 132.412"", "" 123.756"", ""  61.448""], ["" 131.496"", "" 123.384"", ""  60.522""], ["" 130.173"", "" 123.544"", ""  60.784""], ["" 129.746"", "" 124.058"", ""  62.013""], ["" 130.147"", "" 124.903"", ""  64.307""], ["" 129.199"", "" 125.818"", ""  66.788""], ["" 129.094"", "" 126.620"", ""  65.652""], ["" 129.788"", "" 124.549"", ""  66.677""], ["" 129.565"", "" 126.169"", ""  64.423""], ["" 130.259"", "" 124.100"", ""  65.446""], ["" 128.704"", "" 126.347"", ""  67.965""], ["" 127.365"", "" 126.830"", ""  68.001""], ["" 134.096"", "" 123.379"", ""  61.012""], ["" 134.517"", "" 121.911"", ""  62.006""], ["" 133.935"", "" 120.624"", ""  61.412""], ["" 132.590"", "" 120.606"", ""  61.283""], ["" 134.688"", "" 119.690"", ""  61.129""], ["" 132.088"", "" 121.441"", ""  61.544""], ["" 131.807"", "" 119.521"", ""  60.922""], ["" 132.149"", "" 118.489"", ""  60.181""], ["" 130.192"", "" 119.471"", ""  61.550""], ["" 131.161"", "" 117.622"", ""  60.076""], ["" 129.985"", "" 117.944"", ""  60.745""], ["" 129.217"", "" 123.107"", ""  59.711""], ["" 129.674"", "" 122.706"", ""  58.446""], ["" 127.834"", "" 123.090"", ""  59.942""], ["" 128.786"", "" 122.297"", ""  57.455""], ["" 126.942"", "" 122.680"", ""  58.955""], ["" 127.415"", "" 122.278"", ""  57.698""], ["" 126.607"", "" 121.855"", ""  56.659""], ["" 125.387"", "" 122.542"", ""  56.403""]]",[],1c_Ghoteimi_2023
6,11487,1c_Grossjean_2025,4h2i_c_1_mae_prepped,1,16,-6.87,-0.28625,0.0,0.0,6,188.71,-8.36,-8.1,-0.26,-8.36,0.0,-1.44,1.49,-1.44,31,5,0.0,0.0,0.0,8.775642,6.897808,6.212101,-0.27743766,-0.44433267,0.85181972,152.90094,"104.85582, 307.243378, 13.506294, 149.149658, 177.059158, ","[["" 133.419"", "" 124.579"", ""  63.070""], ["" 132.124"", "" 124.540"", ""  63.448""], ["" 134.349"", "" 125.018"", ""  63.747""], ["" 131.487"", "" 124.085"", ""  62.812""], ["" 133.713"", "" 124.014"", ""  61.678""], ["" 134.002"", "" 122.220"", ""  61.724""], ["" 132.431"", "" 121.393"", ""  61.588""], ["" 130.952"", "" 119.554"", ""  61.041""], ["" 132.264"", "" 120.081"", ""  61.086""], ["" 129.886"", "" 120.332"", ""  61.502""], ["" 133.400"", "" 119.260"", ""  60.659""], ["" 130.145"", "" 121.605"", ""  62.005""], ["" 134.296"", "" 118.612"", ""  60.321""], ["" 131.391"", "" 122.131"", ""  62.055""], ["" 130.645"", "" 118.154"", ""  60.511""], ["" 129.033"", "" 122.491"", ""  62.535""], ["" 131.528"", "" 124.987"", ""  64.644""], ["" 130.216"", "" 124.690"", ""  65.041""], ["" 132.341"", "" 125.755"", ""  65.480""], ["" 129.729"", "" 125.175"", ""  66.251""], ["" 131.850"", "" 126.237"", ""  66.690""], ["" 130.534"", "" 125.952"", ""  67.084""], ["" 129.961"", "" 126.388"", ""  68.264""], ["" 128.560"", "" 126.637"", ""  68.303""]]",[],1c_Grossjean_2025
7,6661,1d_Ghoteimi_2023,4h2i_c_1_mae_prepped,1,18,-6.96,-0.232,0.0,0.0,15,188.38,-9.34,-8.94,-0.41,-9.34,0.0,-1.07,2.39,-1.07,30,5,0.0,0.0,0.0,4.742492,9.154108,5.32445,0.43358688,-0.34131532,-0.83397018,157.783218,"347.47876, 304.483643, 85.606766, 284.689789, 230.483292, 99.988937, 329.557861, 49.191746, ","[["" 126.484"", "" 123.118"", ""  59.978""], ["" 127.308"", "" 124.390"", ""  60.911""], ["" 129.062"", "" 125.292"", ""  62.322""], ["" 128.525"", "" 124.196"", ""  61.603""], ["" 128.383"", "" 126.516"", ""  62.277""], ["" 129.247"", "" 122.922"", ""  61.530""], ["" 127.201"", "" 126.650"", ""  61.538""], ["" 129.818"", "" 121.917"", ""  61.474""], ["" 126.679"", "" 125.589"", ""  60.872""], ["" 130.321"", "" 125.221"", ""  63.124""], ["" 132.701"", "" 125.092"", ""  64.616""], ["" 132.729"", "" 124.966"", ""  63.228""], ["" 131.470"", "" 125.294"", ""  65.259""], ["" 131.552"", "" 125.032"", ""  62.487""], ["" 130.295"", "" 125.361"", ""  64.516""], ["" 133.916"", "" 125.006"", ""  65.268""], ["" 133.994"", "" 125.370"", ""  66.642""], ["" 126.440"", "" 127.941"", ""  61.448""], ["" 126.115"", "" 128.510"", ""  60.207""], ["" 126.037"", "" 128.623"", ""  62.605""], ["" 125.415"", "" 129.710"", ""  60.126""], ["" 125.337"", "" 129.824"", ""  62.529""], ["" 125.019"", "" 130.380"", ""  61.281""], ["" 124.332"", "" 131.565"", ""  61.105""], ["" 125.054"", "" 132.792"", ""  61.108""], ["" 127.480"", "" 122.823"", ""  58.486""], ["" 126.520"", "" 122.741"", ""  57.302""], ["" 126.297"", "" 121.674"", ""  56.729""], ["" 125.980"", "" 123.939"", ""  56.996""], ["" 124.894"", "" 124.454"", ""  57.751""]]",[],1d_Ghoteimi_2023
8,11469,1d_Grossjean_2025,4h2i_c_1_mae_prepped,1,1,-7.3,-0.3318181818181818,0.0,0.0,1,186.43,-8.49,-8.35,-0.15,-8.49,0.0,-0.58,1.19,-0.58,35,5,0.0,0.0,0.0,4.468464,8.067706,8.075669,0.30619355,0.64985741,-0.69565139,147.271042,"163.766739, 125.109055, 39.120049, 20.61788, ","[["" 129.805"", "" 124.961"", ""  63.301""], ["" 130.365"", "" 125.439"", ""  64.921""], ["" 132.025"", "" 125.833"", ""  66.640""], ["" 131.722"", "" 125.426"", ""  65.320""], ["" 130.984"", "" 126.212"", ""  67.494""], ["" 132.790"", "" 124.980"", ""  64.423""], ["" 129.673"", "" 126.170"", ""  67.025""], ["" 133.637"", "" 124.628"", ""  63.717""], ["" 129.361"", "" 125.788"", ""  65.764""], ["" 133.452"", "" 125.871"", ""  67.182""], ["" 128.501"", "" 126.558"", ""  67.906""], ["" 129.066"", "" 123.306"", ""  63.448""], ["" 128.177"", "" 122.964"", ""  62.252""], ["" 127.115"", "" 123.778"", ""  62.068""], ["" 128.455"", "" 121.985"", ""  61.558""], ["" 126.995"", "" 124.511"", ""  62.752""], ["" 126.124"", "" 123.756"", ""  61.070""], ["" 126.571"", "" 123.989"", ""  59.766""], ["" 124.761"", "" 123.502"", ""  61.300""], ["" 125.673"", "" 123.984"", ""  58.703""], ["" 123.865"", "" 123.496"", ""  60.234""], ["" 124.323"", "" 123.738"", ""  58.941""]]",[],1d_Grossjean_2025
9,12258,1e_Grossjean_2025,4h2i_c_1_mae_prepped,1,14,-7.65,-0.33260869565217394,0.0,0.0,7,186.47,-8.84,-8.68,-0.16,-8.84,0.0,-0.74,1.19,-0.74,44,6,0.0,0.0,0.0,9.48317,8.470053,4.159826,-0.40238781,0.87998634,-0.25240461,271.953125,"101.343269, 126.492744, 1.393679, 88.233597, ","[["" 133.717"", "" 123.679"", ""  60.327""], ["" 132.002"", "" 123.162"", ""  60.018""], ["" 131.861"", "" 121.419"", ""  60.360""], ["" 130.718"", "" 119.395"", ""  61.043""], ["" 130.679"", "" 120.790"", ""  60.819""], ["" 131.901"", "" 118.693"", ""  60.788""], ["" 129.432"", "" 121.529"", ""  61.026""], ["" 133.010"", "" 119.388"", ""  60.311""], ["" 128.445"", "" 122.112"", ""  61.189""], ["" 132.996"", "" 120.723"", ""  60.093""], ["" 129.510"", "" 118.607"", ""  61.548""], ["" 134.314"", "" 118.680"", ""  59.998""], ["" 133.924"", "" 124.147"", ""  61.769""], ["" 132.801"", "" 124.470"", ""  62.448""], ["" 135.069"", "" 124.226"", ""  62.217""], ["" 131.932"", "" 124.423"", ""  61.936""], ["" 132.682"", "" 124.938"", ""  63.768""], ["" 133.739"", "" 124.938"", ""  64.634""], ["" 131.414"", "" 125.385"", ""  64.160""], ["" 133.546"", "" 125.393"", ""  65.897""], ["" 131.232"", "" 125.851"", ""  65.464""], ["" 132.308"", "" 125.857"", ""  66.351""], ["" 134.764"", "" 125.365"", ""  66.802""]]",[],1e_Grossjean_2025
10,11582,1f_Grossjean_2025,4h2i_c_1_mae_prepped,1,5,-7.15,-0.325,0.0,0.0,1,186.2,-8.35,-8.13,-0.21,-8.35,0.0,-0.69,1.19,-0.69,30,4,0.0,0.0,0.0,5.229173,7.138289,5.898764,0.30333768,0.0524076,0.95144085,147.297272,"53.273548, 310.168182, 33.540039, 278.111542, ","[["" 129.709"", "" 122.936"", ""  63.739""], ["" 130.976"", "" 122.018"", ""  62.887""], ["" 133.243"", "" 121.517"", ""  62.199""], ["" 132.353"", "" 122.339"", ""  62.926""], ["" 132.739"", "" 120.419"", ""  61.492""], ["" 132.869"", "" 123.460"", ""  63.717""], ["" 131.372"", "" 120.160"", ""  61.532""], ["" 133.278"", "" 124.344"", ""  64.341""], ["" 130.501"", "" 120.937"", ""  62.219""], ["" 134.749"", "" 121.769"", ""  62.155""], ["" 130.765"", "" 118.979"", ""  60.799""], ["" 128.837"", "" 123.980"", ""  62.522""], ["" 128.198"", "" 123.215"", ""  61.354""], ["" 127.920"", "" 123.973"", ""  60.272""], ["" 127.996"", "" 122.003"", ""  61.437""], ["" 128.180"", "" 124.947"", ""  60.333""], ["" 127.334"", "" 123.607"", ""  59.045""], ["" 126.353"", "" 124.465"", ""  58.534""], ["" 127.643"", "" 122.453"", ""  58.301""], ["" 125.699"", "" 124.242"", ""  57.365""], ["" 126.979"", "" 122.210"", ""  57.095""], ["" 126.019"", "" 123.125"", ""  56.664""]]",[],1f_Grossjean_2025
11,6793,1g_Grossjean_2025,4h2i_c_1_mae_prepped,1,15,-6.55,-0.28478260869565214,0.0,0.0,2,189.73,-8.04,-7.95,-0.09,-8.04,0.0,-1.63,1.49,-1.63,32,6,0.0,0.0,0.0,6.591052,10.22293,9.996885,-0.47562592,-0.75223643,-0.45598283,194.761292,"154.380936, 40.816544, 75.04525, 177.255035, 301.772156, ","[["" 129.679"", "" 125.483"", ""  67.889""], ["" 131.360"", "" 126.055"", ""  67.497""], ["" 131.597"", "" 125.839"", ""  65.748""], ["" 132.882"", "" 125.354"", ""  63.754""], ["" 132.834"", "" 125.485"", ""  65.160""], ["" 131.717"", "" 125.561"", ""  63.007""], ["" 134.028"", "" 125.222"", ""  65.967""], ["" 130.535"", "" 125.882"", ""  63.671""], ["" 134.973"", "" 125.013"", ""  66.601""], ["" 130.467"", "" 126.015"", ""  65.017""], ["" 134.162"", "" 124.988"", ""  63.004""], ["" 129.236"", "" 126.102"", ""  62.920""], ["" 128.693"", "" 126.646"", ""  68.013""], ["" 128.787"", "" 127.608"", ""  67.079""], ["" 127.870"", "" 126.662"", ""  68.929""], ["" 129.507"", "" 127.525"", ""  66.375""], ["" 127.988"", "" 128.832"", ""  67.038""], ["" 127.086"", "" 128.953"", ""  65.814""], ["" 125.769"", "" 129.401"", ""  65.958""], ["" 127.579"", "" 128.624"", ""  64.548""], ["" 124.946"", "" 129.512"", ""  64.841""], ["" 126.755"", "" 128.737"", ""  63.431""], ["" 125.443"", "" 129.179"", ""  63.582""]]",[],1g_Grossjean_2025
12,11424,1h_Grossjean_2025,4h2i_c_1_mae_prepped,1,11,-6.29,-0.21689655172413794,0.0,0.0,1,186.33,-8.67,-8.21,-0.46,-8.67,0.0,-2.21,2.39,-2.21,39,9,0.0,0.0,0.0,7.123082,5.441174,4.963614,0.62312522,0.05441188,0.78022709,166.985977,"97.122635, 119.334602, 92.155945, 29.608629, 332.775299, 184.559204, 76.594933, 45.357342, ","[["" 129.916"", "" 121.585"", ""  61.427""], ["" 129.631"", "" 122.784"", ""  61.968""], ["" 129.919"", "" 120.532"", ""  62.065""], ["" 129.664"", "" 123.600"", ""  61.374""], ["" 130.254"", "" 121.572"", ""  59.937""], ["" 130.014"", "" 123.204"", ""  59.171""], ["" 128.324"", "" 123.705"", ""  59.454""], ["" 125.955"", "" 123.701"", ""  58.941""], ["" 127.260"", "" 123.247"", ""  58.643""], ["" 125.766"", "" 124.577"", ""  60.016""], ["" 127.488"", "" 122.327"", ""  57.526""], ["" 126.871"", "" 124.978"", ""  60.764""], ["" 127.667"", "" 121.600"", ""  56.643""], ["" 128.128"", "" 124.555"", ""  60.496""], ["" 124.732"", "" 123.276"", ""  58.133""], ["" 126.732"", "" 125.927"", ""  61.939""], ["" 129.319"", "" 123.023"", ""  63.376""], ["" 130.353"", "" 123.875"", ""  64.106""], ["" 131.679"", "" 123.896"", ""  63.672""], ["" 129.990"", "" 124.592"", ""  65.246""], ["" 132.645"", "" 124.659"", ""  64.347""], ["" 130.937"", "" 125.359"", ""  65.944""], ["" 132.259"", "" 125.393"", ""  65.478""], ["" 133.972"", "" 124.737"", ""  63.965""], ["" 134.312"", "" 124.611"", ""  62.589""], ["" 130.648"", "" 126.096"", ""  67.079""], ["" 129.326"", "" 126.587"", ""  67.277""], ["" 133.197"", "" 126.135"", ""  66.154""], ["" 133.958"", "" 125.387"", ""  67.092""]]",[],1h_Grossjean_2025
13,11850,1i_Grossjean_2025,4h2i_c_1_mae_prepped,1,15,-6.97,-0.33190476190476187,0.0,0.0,1,184.37,-8.16,-8.05,-0.11,-8.16,0.0,-0.69,1.19,-0.69,39,4,0.0,0.0,0.0,6.526021,6.680489,3.7472,-0.60079284,-0.7977939,-0.05072343,172.761978,"335.998108, 209.73291, 321.826965, 283.886444, ","[["" 131.883"", "" 123.348"", ""  60.539""], ["" 131.769"", "" 121.576"", ""  60.653""], ["" 130.654"", "" 119.475"", ""  61.113""], ["" 130.604"", "" 120.888"", ""  61.069""], ["" 131.841"", "" 118.821"", ""  60.766""], ["" 129.388"", "" 121.595"", ""  61.477""], ["" 132.947"", "" 119.580"", ""  60.391""], ["" 128.426"", "" 122.151"", ""  61.802""], ["" 132.921"", "" 120.933"", ""  60.338""], ["" 129.459"", "" 118.622"", ""  61.537""], ["" 134.265"", "" 118.930"", ""  60.013""], ["" 131.177"", "" 123.842"", ""  58.939""], ["" 129.675"", "" 123.558"", ""  58.859""], ["" 129.248"", "" 122.999"", ""  57.706""], ["" 128.955"", "" 123.846"", ""  59.816""], ["" 129.947"", "" 122.785"", ""  57.009""], ["" 127.950"", "" 122.638"", ""  57.377""], ["" 127.596"", "" 121.605"", ""  56.630""], ["" 126.830"", "" 123.344"", ""  57.813""], ["" 126.202"", "" 121.618"", ""  56.559""], ["" 125.754"", "" 122.674"", ""  57.278""]]",[],1i_Grossjean_2025
14,6667,1j_Grossjean_2025,4h2i_c_1_mae_prepped,1,2,-6.59,-0.3138095238095238,0.0,0.0,4,187.22,-7.79,-7.64,-0.15,-7.79,0.0,-1.29,1.19,-1.29,32,8,0.0,0.0,0.0,9.806977,6.630939,6.456254,-0.94153764,-0.31999037,-0.10541834,122.402985,"204.694702, 318.022278, 21.99152, 316.325104, ","[["" 134.256"", "" 121.798"", ""  61.498""], ["" 132.636"", "" 121.059"", ""  61.495""], ["" 131.028"", "" 119.300"", ""  61.065""], ["" 132.363"", "" 119.761"", ""  61.004""], ["" 130.038"", "" 120.139"", ""  61.586""], ["" 133.406"", "" 118.919"", ""  60.413""], ["" 130.393"", "" 121.413"", ""  62.024""], ["" 134.228"", "" 118.252"", ""  59.945""], ["" 131.665"", "" 121.874"", ""  61.979""], ["" 130.612"", "" 117.914"", ""  60.574""], ["" 129.363"", "" 122.375"", ""  62.586""], ["" 134.050"", "" 123.583"", ""  61.226""], ["" 134.111"", "" 124.374"", ""  62.534""], ["" 133.015"", "" 124.289"", ""  63.318""], ["" 135.121"", "" 125.027"", ""  62.797""], ["" 132.259"", "" 123.699"", ""  63.003""], ["" 132.826"", "" 124.903"", ""  64.548""], ["" 133.716"", "" 125.096"", ""  65.499""], ["" 131.238"", "" 125.503"", ""  64.899""], ["" 133.189"", "" 125.715"", ""  66.536""], ["" 131.840"", "" 126.041"", ""  66.439""]]",[],1j_Grossjean_2025
15,7417,1k_Grossjean_2025,4h2i_c_1_mae_prepped,1,4,-5.51,-0.2119230769230769,0.0,0.0,3,186.04,-9.09,-8.59,-0.5,-9.09,0.0,-2.13,3.58,-2.13,29,6,0.0,0.0,0.0,6.903648,6.139978,2.666729,0.22583625,0.91934572,-0.3221823,233.48497,"307.079346, 241.525177, 233.060089, 42.482441, 101.437675, 355.145081, 249.812958, 203.66803, 42.478443, 84.892044, 260.950073, 354.090698, ","[["" 127.992"", "" 122.194"", ""  61.254""], ["" 129.359"", "" 122.083"", ""  61.627""], ["" 130.045"", "" 121.006"", ""  60.765""], ["" 131.505"", "" 121.096"", ""  60.750""], ["" 132.344"", "" 120.168"", ""  61.243""], ["" 131.957"", "" 119.120"", ""  61.763""], ["" 131.896"", "" 121.931"", ""  60.339""], ["" 133.841"", "" 120.496"", ""  61.122""], ["" 134.367"", "" 122.074"", ""  61.877""], ["" 133.325"", "" 123.393"", ""  61.268""], ["" 131.977"", "" 125.386"", ""  61.557""], ["" 132.786"", "" 124.378"", ""  62.127""], ["" 131.741"", "" 125.374"", ""  60.178""], ["" 133.053"", "" 124.368"", ""  63.568""], ["" 132.308"", "" 124.364"", ""  59.404""], ["" 133.264"", "" 124.362"", ""  64.707""], ["" 133.082"", "" 123.388"", ""  59.932""], ["" 131.346"", "" 126.502"", ""  62.387""], ["" 132.091"", "" 124.295"", ""  57.905""], ["" 127.260"", "" 123.129"", ""  62.036""], ["" 125.839"", "" 123.264"", ""  61.474""], ["" 125.885"", "" 123.204"", ""  60.055""], ["" 125.936"", "" 124.481"", ""  59.431""], ["" 124.967"", "" 124.507"", ""  58.242""], ["" 125.674"", "" 124.207"", ""  57.046""], ["" 126.099"", "" 122.856"", ""  56.964""]]",[],1k_Grossjean_2025
16,6933,1l_Grossjean_2025,4h2i_c_1_mae_prepped,1,6,-6.07,-0.33722222222222226,0.0,0.0,2,187.92,-7.27,-6.93,-0.33,-7.27,0.0,-0.38,1.19,-0.38,32,8,0.0,0.0,0.0,9.134854,7.2659,3.028733,-0.37987795,-0.86207375,-0.33544239,115.043083,"313.600891, 119.112549, 357.145203, 65.901039, ","[["" 133.517"", "" 123.803"", ""  60.624""], ["" 131.961"", "" 123.150"", ""  59.930""], ["" 131.883"", "" 121.403"", ""  60.287""], ["" 130.744"", "" 119.400"", ""  61.039""], ["" 130.711"", "" 120.789"", ""  60.786""], ["" 131.922"", "" 118.688"", ""  60.790""], ["" 129.489"", "" 121.560"", ""  61.038""], ["" 133.033"", "" 119.370"", ""  60.299""], ["" 128.525"", "" 122.167"", ""  61.237""], ["" 133.022"", "" 120.701"", ""  60.051""], ["" 129.538"", "" 118.632"", ""  61.578""], ["" 134.340"", "" 118.656"", ""  60.011""], ["" 133.615"", "" 123.756"", ""  62.155""], ["" 133.716"", "" 124.956"", ""  62.759""], ["" 133.588"", "" 122.684"", ""  62.766""], ["" 133.944"", "" 125.812"", ""  62.273""], ["" 134.065"", "" 125.008"", ""  64.108""], ["" 132.938"", "" 125.389"", ""  64.885""]]",[],1l_Grossjean_2025
17,11955,1m_Grossjean_2025,4h2i_c_1_mae_prepped,1,12,-5.88,-0.27999999999999997,0.0,0.0,1,185.13,-7.67,-7.7,0.03,-7.67,0.0,-1.21,1.79,-1.21,35,4,0.0,0.0,0.0,4.968967,4.790033,3.908498,-0.43856957,-0.33572458,0.83363405,199.4767,"60.198898, 14.743501, 344.510956, 263.416565, 192.809006, 254.514969, ","[["" 127.246"", "" 122.893"", ""  60.730""], ["" 126.604"", "" 123.397"", ""  59.659""], ["" 126.708"", "" 122.749"", ""  61.830""], ["" 127.122"", "" 123.508"", ""  58.799""], ["" 128.714"", "" 122.508"", ""  60.501""], ["" 129.585"", "" 121.906"", ""  61.988""], ["" 130.832"", "" 120.749"", ""  61.464""], ["" 133.099"", "" 119.979"", ""  61.093""], ["" 132.224"", "" 120.990"", ""  61.552""], ["" 132.564"", "" 118.788"", ""  60.590""], ["" 132.764"", "" 122.224"", ""  62.129""], ["" 131.181"", "" 118.625"", ""  60.565""], ["" 133.190"", "" 123.198"", ""  62.583""], ["" 130.325"", "" 119.579"", ""  60.998""], ["" 134.618"", "" 120.129"", ""  61.126""], ["" 130.541"", "" 117.354"", ""  60.040""], ["" 125.198"", "" 123.825"", ""  59.625""], ["" 124.791"", "" 124.434"", ""  58.267""], ["" 123.711"", "" 125.003"", ""  58.082""], ["" 125.751"", "" 124.254"", ""  57.336""], ["" 125.830"", "" 123.037"", ""  56.607""]]",[],1m_Grossjean_2025
18,11387,1n_Grossjean_2025,4h2i_c_1_mae_prepped,1,18,-8.21,-0.29321428571428576,0.0,0.0,6,187.3,-10.59,-10.36,-0.24,-10.59,0.0,-2.2,2.39,-2.2,55,5,0.0,0.0,0.0,9.120299,7.712858,2.036542,0.19016807,-0.43001098,-0.88256822,106.070137,"87.556625, 195.672287, 253.677811, 105.898315, 109.713943, 117.743919, 126.46228, 329.3797, ","[["" 132.818"", "" 124.218"", ""  58.770""], ["" 131.713"", "" 123.592"", ""  59.231""], ["" 132.908"", "" 124.806"", ""  57.693""], ["" 131.780"", "" 123.197"", ""  60.157""], ["" 134.040"", "" 124.172"", ""  59.697""], ["" 133.696"", "" 123.716"", ""  61.131""], ["" 133.978"", "" 121.948"", ""  61.448""], ["" 132.392"", "" 121.140"", ""  61.440""], ["" 130.867"", "" 119.303"", ""  61.036""], ["" 132.186"", "" 119.809"", ""  61.006""], ["" 129.831"", "" 120.119"", ""  61.502""], ["" 133.293"", "" 118.955"", ""  60.571""], ["" 130.129"", "" 121.410"", ""  61.933""], ["" 134.166"", "" 118.278"", ""  60.228""], ["" 131.384"", "" 121.917"", ""  61.909""], ["" 130.518"", "" 117.887"", ""  60.581""], ["" 129.052"", "" 122.340"", ""  62.460""], ["" 130.446"", "" 123.447"", ""  58.634""], ["" 129.669"", "" 122.390"", ""  59.110""], ["" 129.940"", "" 124.266"", ""  57.614""], ["" 128.398"", "" 122.159"", ""  58.593""], ["" 128.670"", "" 124.032"", ""  57.095""], ["" 127.881"", "" 122.981"", ""  57.579""], ["" 126.513"", "" 122.764"", ""  57.000""], ["" 126.123"", "" 121.673"", ""  56.571""], ["" 125.752"", "" 123.889"", ""  56.984""], ["" 125.383"", "" 124.542"", ""  58.192""], ["" 124.387"", "" 123.668"", ""  58.960""]]",[],1n_Grossjean_2025
19,11615,1o_Grossjean_2025,4h2i_c_1_mae_prepped,1,1,-6.97,-0.2581481481481481,0.0,0.0,1,182.62,-9.06,-8.87,-0.19,-9.06,0.0,-1.55,2.09,-1.55,46,4,0.0,0.0,0.0,8.953978,9.00525,2.509733,0.08588471,0.9691549,-0.23100344,174.076981,"86.250267, 164.448135, 256.361267, 73.251488, 292.79715, 30.560585, 90.610115, ","[["" 132.190"", "" 124.022"", ""  59.775""], ["" 131.550"", "" 123.579"", ""  58.670""], ["" 131.646"", "" 124.532"", ""  60.754""], ["" 132.125"", "" 123.122"", ""  57.978""], ["" 133.714"", "" 123.828"", ""  59.778""], ["" 134.295"", "" 123.581"", ""  61.184""], ["" 134.375"", "" 121.827"", ""  61.652""], ["" 132.731"", "" 121.146"", ""  61.570""], ["" 131.066"", "" 119.483"", ""  60.994""], ["" 132.420"", "" 119.889"", ""  60.996""], ["" 130.100"", "" 120.316"", ""  61.569""], ["" 133.452"", "" 119.004"", ""  60.452""], ["" 130.500"", "" 121.523"", ""  62.137""], ["" 134.265"", "" 118.303"", ""  60.020""], ["" 131.789"", "" 121.935"", ""  62.147""], ["" 130.604"", "" 118.157"", ""  60.391""], ["" 129.503"", "" 122.464"", ""  62.788""], ["" 130.181"", "" 123.625"", ""  58.342""], ["" 129.390"", "" 122.615"", ""  58.891""], ["" 129.588"", "" 124.584"", ""  57.506""], ["" 128.025"", "" 122.563"", ""  58.623""], ["" 128.223"", "" 124.529"", ""  57.239""], ["" 127.424"", "" 123.520"", ""  57.793""], ["" 125.956"", "" 123.493"", ""  57.481""], ["" 125.482"", "" 123.896"", ""  56.414""], ["" 125.201"", "" 122.983"", ""  58.489""], ["" 124.294"", "" 123.804"", ""  59.210""]]",[],1o_Grossjean_2025
20,11439,1p_Grossjean_2025,4h2i_c_1_mae_prepped,1,1,-6.94,-0.3154545454545455,0.0,0.0,2,190.43,-8.43,-8.19,-0.24,-8.43,0.0,-0.52,1.49,-0.52,36,12,0.0,0.0,0.0,9.486869,7.780681,4.970704,-0.15040204,0.14816592,-0.977459,70.673233,"112.754913, 48.436939, 273.096527, 249.327271, 266.951782, ","[["" 133.717"", "" 124.258"", ""  61.327""], ["" 134.310"", "" 124.626"", ""  63.005""], ["" 132.888"", "" 125.097"", ""  63.962""], ["" 131.729"", "" 125.743"", ""  65.989""], ["" 132.937"", "" 125.388"", ""  65.347""], ["" 130.549"", "" 125.807"", ""  65.240""], ["" 134.192"", "" 125.360"", ""  66.098""], ["" 130.597"", "" 125.527"", ""  63.875""], ["" 135.185"", "" 125.338"", ""  66.694""], ["" 131.742"", "" 125.183"", ""  63.240""], ["" 131.656"", "" 126.068"", ""  67.479""], ["" 129.355"", "" 125.594"", ""  63.008""], ["" 134.366"", "" 123.011"", ""  60.698""], ["" 133.805"", "" 121.687"", ""  61.239""], ["" 133.038"", "" 120.982"", ""  60.378""], ["" 134.060"", "" 121.347"", ""  62.396""], ["" 132.904"", "" 121.368"", ""  59.455""], ["" 132.413"", "" 119.764"", ""  60.612""], ["" 132.961"", "" 118.569"", ""  60.469""], ["" 131.090"", "" 119.657"", ""  61.043""], ["" 131.982"", "" 117.633"", ""  60.809""], ["" 130.858"", "" 118.305"", ""  61.153""]]",[],1p_Grossjean_2025
21,7332,1q_Grossjean_2025,4h2i_c_1_mae_prepped,1,3,-5.99,-0.2722727272727273,0.0,0.0,2,184.75,-8.08,-7.92,-0.16,-8.08,0.0,-0.82,2.09,-0.82,33,5,0.0,0.0,0.0,4.805799,9.102393,5.297392,-0.05347186,-0.98032672,-0.19000074,260.86731,"217.330566, 269.90387, 142.75354, 269.48761, 81.033752, 93.248123, 336.102448, ","[["" 128.237"", "" 123.726"", ""  59.674""], ["" 127.888"", "" 122.576"", ""  59.067""], ["" 128.693"", "" 124.697"", ""  59.067""], ["" 127.545"", "" 121.819"", ""  59.642""], ["" 128.020"", "" 123.778"", ""  61.194""], ["" 128.942"", "" 122.840"", ""  61.998""], ["" 129.325"", "" 121.284"", ""  61.140""], ["" 131.095"", "" 121.093"", ""  61.074""], ["" 133.168"", "" 119.894"", ""  60.704""], ["" 131.754"", "" 119.893"", ""  60.711""], ["" 133.854"", "" 121.058"", ""  61.065""], ["" 131.020"", "" 118.667"", ""  60.391""], ["" 133.124"", "" 122.186"", ""  61.434""], ["" 130.444"", "" 117.696"", ""  60.138""], ["" 131.771"", "" 122.209"", ""  61.446""], ["" 133.990"", "" 118.664"", ""  60.321""], ["" 133.809"", "" 123.475"", ""  61.847""], ["" 127.991"", "" 122.296"", ""  57.627""], ["" 126.661"", "" 122.510"", ""  56.874""], ["" 126.127"", "" 121.576"", ""  56.272""], ["" 126.167"", "" 123.768"", ""  56.974""], ["" 125.137"", "" 124.066"", ""  57.907""]]",[],1q_Grossjean_2025
22,6664,2a_Ghoteimi_2023,4h2i_c_1_mae_prepped,1,5,-8.72,-0.1779591836734694,0.0,0.0,4,191.39,-12.0,-11.85,-0.14,-12.0,0.0,-3.25,3.28,-3.25,68,3,0.0,0.0,0.0,2.333211,11.657413,7.847419,-0.23417201,-0.74861252,-0.62027637,255.145111,"131.266159, 41.737171, 321.916107, 254.076126, 4.420609, 316.74469, 53.510876, 271.839478, 71.211128, 16.291348, 34.141293, ","[["" 125.750"", "" 131.804"", ""  62.275""], ["" 127.100"", "" 131.748"", ""  62.287""], ["" 125.055"", "" 131.912"", ""  61.264""], ["" 127.535"", "" 131.733"", ""  63.197""], ["" 125.084"", "" 131.765"", ""  63.656""], ["" 124.577"", "" 130.103"", ""  64.202""], ["" 126.066"", "" 129.132"", ""  64.233""], ["" 125.702"", "" 129.090"", ""  60.685""], ["" 126.145"", "" 128.899"", ""  61.737""], ["" 126.710"", "" 128.657"", ""  63.068""], ["" 127.896"", "" 127.900"", ""  63.227""], ["" 126.532"", "" 128.883"", ""  65.478""], ["" 128.360"", "" 127.654"", ""  64.527""], ["" 127.669"", "" 128.158"", ""  65.632""], ["" 128.686"", "" 127.337"", ""  62.091""], ["" 128.284"", "" 126.148"", ""  61.476""], ["" 129.853"", "" 127.964"", ""  61.644""], ["" 129.024"", "" 125.605"", ""  60.430""], ["" 130.592"", "" 127.421"", ""  60.597""], ["" 130.188"", "" 126.236"", ""  59.966""], ["" 130.956"", "" 125.697"", ""  58.929""], ["" 132.122"", "" 124.852"", ""  59.257""], ["" 131.237"", "" 126.465"", ""  57.700""], ["" 132.629"", "" 124.022"", ""  58.058""], ["" 131.770"", "" 125.597"", ""  56.542""], ["" 132.918"", "" 124.876"", ""  56.963""], ["" 128.129"", "" 127.930"", ""  67.036""], ["" 128.705"", "" 128.962"", ""  67.788""], ["" 128.008"", "" 126.670"", ""  67.631""], ["" 129.142"", "" 128.741"", ""  69.090""], ["" 128.447"", "" 126.448"", ""  68.932""], ["" 129.014"", "" 127.482"", ""  69.694""], ["" 129.486"", "" 127.267"", ""  70.994""], ["" 128.833"", "" 126.301"", ""  71.900""], ["" 130.027"", "" 128.399"", ""  71.776""], ["" 129.684"", "" 125.930"", ""  73.133""], ["" 130.840"", "" 127.965"", ""  73.014""], ["" 130.064"", "" 127.105"", ""  73.832""], ["" 128.012"", "" 131.743"", ""  61.214""], ["" 129.233"", "" 131.112"", ""  61.460""], ["" 127.770"", "" 132.300"", ""  59.950""], ["" 130.206"", "" 131.045"", ""  60.468""], ["" 128.745"", "" 132.233"", ""  58.958""], ["" 129.974"", "" 131.606"", ""  59.204""], ["" 131.002"", "" 131.554"", ""  58.109""], ["" 130.972"", "" 132.286"", ""  57.115""], ["" 131.962"", "" 130.618"", ""  58.320""], ["" 133.292"", "" 130.992"", ""  58.657""], ["" 133.441"", "" 131.023"", ""  60.181""]]",[],2a_Ghoteimi_2023
23,11406,2a_Grossjean_2025,4h2i_c_1_mae_prepped,1,17,-7.26,-0.242,0.0,0.0,6,183.17,-9.65,-9.34,-0.31,-9.65,0.0,-1.82,2.39,-1.82,52,5,0.0,0.0,0.0,8.527202,6.191311,8.129214,-0.17449532,-0.20096954,-0.96393082,230.360626,"117.455193, 337.6091, 14.1629, 24.672497, 13.689011, 249.921219, 240.60704, 13.228598, ","[["" 133.506"", "" 124.623"", ""  63.000""], ["" 132.201"", "" 124.634"", ""  63.350""], ["" 134.441"", "" 124.981"", ""  63.717""], ["" 131.557"", "" 124.282"", ""  62.659""], ["" 133.805"", "" 124.119"", ""  61.584""], ["" 134.029"", "" 122.311"", ""  61.493""], ["" 132.431"", "" 121.506"", ""  61.469""], ["" 130.140"", "" 121.732"", ""  61.851""], ["" 129.900"", "" 120.407"", ""  61.501""], ["" 131.376"", "" 122.279"", ""  61.834""], ["" 130.974"", "" 119.591"", ""  61.112""], ["" 132.277"", "" 120.151"", ""  61.093""], ["" 133.436"", "" 119.344"", ""  60.698""], ["" 134.350"", "" 118.706"", ""  60.387""], ["" 129.017"", "" 122.651"", ""  62.295""], ["" 130.692"", "" 118.127"", ""  60.726""], ["" 131.399"", "" 117.305"", ""  61.502""], ["" 129.394"", "" 117.858"", ""  60.878""], ["" 131.012"", "" 117.857"", ""  59.458""], ["" 131.593"", "" 125.005"", ""  64.564""], ["" 130.308"", "" 124.503"", ""  64.773""], ["" 132.179"", "" 125.822"", ""  65.541""], ["" 129.618"", "" 124.795"", ""  65.946""], ["" 131.486"", "" 126.118"", ""  66.711""], ["" 130.201"", "" 125.606"", ""  66.931""], ["" 129.487"", "" 125.941"", ""  68.210""], ["" 129.173"", "" 125.096"", ""  69.053""], ["" 129.204"", "" 127.263"", ""  68.332""], ["" 128.231"", "" 127.886"", ""  67.502""], ["" 128.383"", "" 129.407"", ""  67.597""]]",[],2a_Grossjean_2025
24,11381,2aa_Ghoteimi_2023,4h2i_c_1_mae_prepped,1,4,-9.39,-0.1916326530612245,0.0,0.0,7,186.49,-12.67,-12.2,-0.47,-12.67,0.0,-3.65,3.28,-3.65,72,6,0.0,0.0,0.0,2.054873,13.456701,8.532576,-0.62540289,0.77567938,-0.08480996,93.00647,"245.03801, 237.913361, 178.737259, 333.973206, 72.644554, 97.246346, 244.084686, 100.266907, 252.492783, 232.119919, 222.945938, ","[["" 126.439"", "" 127.526"", ""  62.054""], ["" 126.770"", "" 126.226"", ""  62.205""], ["" 126.197"", "" 128.075"", ""  60.977""], ["" 126.870"", "" 125.901"", ""  63.156""], ["" 126.354"", "" 128.320"", ""  63.364""], ["" 127.672"", "" 128.549"", ""  63.875""], ["" 128.278"", "" 127.601"", ""  64.689""], ["" 127.442"", "" 130.055"", ""  67.087""], ["" 127.850"", "" 129.068"", ""  66.640""], ["" 128.366"", "" 127.819"", ""  66.076""], ["" 128.972"", "" 126.828"", ""  66.883""], ["" 128.773"", "" 126.475"", ""  64.103""], ["" 129.482"", "" 125.686"", ""  66.255""], ["" 129.375"", "" 125.532"", ""  64.869""], ["" 129.093"", "" 126.925"", ""  68.370""], ["" 128.410"", "" 126.027"", ""  69.194""], ["" 129.866"", "" 127.927"", ""  68.963""], ["" 128.503"", "" 126.124"", ""  70.579""], ["" 129.958"", "" 128.024"", ""  70.348""], ["" 129.271"", "" 127.132"", ""  71.182""], ["" 129.381"", "" 127.246"", ""  72.571""], ["" 128.679"", "" 128.310"", ""  73.313""], ["" 130.683"", "" 126.975"", ""  73.213""], ["" 128.630"", "" 128.068"", ""  74.837""], ["" 130.582"", "" 126.766"", ""  74.738""], ["" 129.944"", "" 127.882"", ""  75.341""], ["" 129.890"", "" 124.321"", ""  64.157""], ["" 131.239"", "" 123.963"", ""  64.240""], ["" 129.041"", "" 123.516"", ""  63.388""], ["" 131.723"", "" 122.833"", ""  63.585""], ["" 129.523"", "" 122.385"", ""  62.735""], ["" 130.870"", "" 122.010"", ""  62.833""], ["" 131.342"", "" 120.879"", ""  62.158""], ["" 130.420"", "" 119.956"", ""  61.464""], ["" 132.623"", "" 120.945"", ""  61.424""], ["" 131.058"", "" 118.602"", ""  61.090""], ["" 133.198"", "" 119.562"", ""  61.052""], ["" 132.235"", "" 118.814"", ""  60.326""], ["" 126.947"", "" 125.221"", ""  61.234""], ["" 127.831"", "" 125.529"", ""  60.198""], ["" 126.295"", "" 123.980"", ""  61.235""], ["" 128.077"", "" 124.609"", ""  59.184""], ["" 126.540"", "" 123.062"", ""  60.217""], ["" 127.434"", "" 123.362"", ""  59.182""], ["" 127.674"", "" 122.348"", ""  58.100""], ["" 128.798"", "" 121.935"", ""  57.794""], ["" 126.534"", "" 121.942"", ""  57.483""], ["" 125.836"", "" 122.800"", ""  56.590""], ["" 125.029"", "" 123.823"", ""  57.397""]]",[],2aa_Ghoteimi_2023
25,11271,2b_Ghoteimi_2023,4h2i_c_1_mae_prepped,1,18,-9.43,-0.21930232558139534,0.0,0.0,3,191.14,-11.82,-11.43,-0.38,-11.82,0.0,-1.95,2.39,-1.95,54,7,0.0,0.0,0.0,5.558064,9.997293,8.454078,0.42939605,0.6162999,-0.66014655,205.852798,"130.594849, 224.623657, 306.384247, 127.051666, 171.468781, 99.079964, 189.739182, 250.078812, ","[["" 127.683"", "" 128.939"", ""  62.596""], ["" 128.377"", "" 127.505"", ""  63.390""], ["" 128.717"", "" 126.206"", ""  60.080""], ["" 128.766"", "" 126.277"", ""  61.234""], ["" 128.832"", "" 126.362"", ""  62.696""], ["" 129.364"", "" 125.290"", ""  63.456""], ["" 128.463"", "" 127.619"", ""  64.737""], ["" 129.410"", "" 125.419"", ""  64.849""], ["" 128.971"", "" 126.594"", ""  65.466""], ["" 129.887"", "" 124.026"", ""  62.857""], ["" 131.262"", "" 123.790"", ""  62.801""], ["" 129.014"", "" 123.071"", ""  62.328""], ["" 131.755"", "" 122.614"", ""  62.242""], ["" 129.507"", "" 121.898"", ""  61.766""], ["" 130.886"", "" 121.649"", ""  61.708""], ["" 131.355"", "" 120.457"", ""  61.155""], ["" 132.810"", "" 120.208"", ""  61.112""], ["" 130.643"", "" 119.180"", ""  61.360""], ["" 133.207"", "" 119.064"", ""  60.155""], ["" 131.092"", "" 118.068"", ""  60.390""], ["" 132.496"", "" 117.881"", ""  60.487""], ["" 129.027"", "" 126.793"", ""  66.948""], ["" 129.013"", "" 128.081"", ""  67.495""], ["" 129.081"", "" 125.705"", ""  67.826""], ["" 129.048"", "" 128.274"", ""  68.873""], ["" 129.120"", "" 125.897"", ""  69.205""], ["" 129.113"", "" 127.185"", ""  69.757""], ["" 129.119"", "" 127.363"", ""  71.146""], ["" 128.899"", "" 126.205"", ""  72.036""], ["" 130.029"", "" 128.326"", ""  71.796""], ["" 128.545"", "" 126.599"", ""  73.487""], ["" 129.646"", "" 128.657"", ""  73.254""], ["" 129.541"", "" 127.463"", ""  74.012""], ["" 128.578"", "" 130.395"", ""  63.215""], ["" 129.489"", "" 131.007"", ""  62.150""], ["" 130.583"", "" 130.281"", ""  61.834""], ["" 129.187"", "" 132.090"", ""  61.646""], ["" 130.723"", "" 129.414"", ""  62.332""], ["" 131.573"", "" 130.604"", ""  60.916""], ["" 132.733"", "" 131.175"", ""  61.195""], ["" 131.452"", "" 130.359"", ""  59.549""], ["" 133.412"", "" 131.314"", ""  59.982""], ["" 132.625"", "" 130.818"", ""  58.998""]]",[],2b_Ghoteimi_2023
26,6749,2b_Grossjean_2025,4h2i_c_1_mae_prepped,1,16,-7.62,-0.26275862068965516,0.0,0.0,4,183.06,-9.71,-9.49,-0.22,-9.71,0.0,-2.18,2.09,-2.18,57,5,0.0,0.0,0.0,9.285706,4.92853,2.762423,0.57355373,0.4433991,-0.68879123,199.828903,"127.191376, 287.701202, 257.138947, 348.365082, 85.010017, 113.818573, 327.933838, ","[["" 133.132"", "" 123.441"", ""  59.214""], ["" 131.860"", "" 123.427"", ""  59.666""], ["" 133.470"", "" 123.339"", ""  58.034""], ["" 131.746"", "" 123.441"", ""  60.669""], ["" 134.208"", "" 123.578"", ""  60.296""], ["" 134.358"", "" 122.098"", ""  61.350""], ["" 132.762"", "" 121.312"", ""  61.528""], ["" 130.587"", "" 121.504"", ""  62.349""], ["" 130.247"", "" 120.236"", ""  61.886""], ["" 131.815"", "" 122.039"", ""  62.173""], ["" 131.207"", "" 119.469"", ""  61.209""], ["" 132.503"", "" 120.015"", ""  61.024""], ["" 133.547"", "" 119.255"", ""  60.330""], ["" 134.371"", "" 118.656"", ""  59.781""], ["" 129.591"", "" 122.375"", ""  63.090""], ["" 130.813"", "" 118.070"", ""  60.699""], ["" 131.485"", "" 117.134"", ""  61.371""], ["" 129.506"", "" 117.870"", ""  60.871""], ["" 131.077"", "" 117.900"", ""  59.401""], ["" 130.652"", "" 123.329"", ""  58.949""], ["" 129.694"", "" 122.472"", ""  59.489""], ["" 130.359"", "" 124.037"", ""  57.774""], ["" 128.462"", "" 122.306"", ""  58.862""], ["" 129.126"", "" 123.871"", ""  57.149""], ["" 128.163"", "" 123.004"", ""  57.682""], ["" 126.844"", "" 122.851"", ""  56.981""], ["" 126.485"", "" 121.804"", ""  56.433""], ["" 126.086"", "" 123.976"", ""  57.013""], ["" 125.094"", "" 124.162"", ""  58.013""]]",[],2b_Grossjean_2025
27,11475,2c_Ghoteimi_2023,4h2i_c_1_mae_prepped,1,18,-9.68,-0.22511627906976744,0.0,0.0,9,189.44,-12.07,-11.56,-0.51,-12.07,0.0,-1.98,2.39,-1.98,59,6,0.0,0.0,0.0,5.556668,9.358292,8.048738,-0.05515097,-0.87747058,-0.4764491,258.920349,"138.464203, 256.075684, 114.778763, 283.615448, 177.898026, 246.196335, 76.97435, 65.461014, ","[["" 127.664"", "" 128.311"", ""  62.215""], ["" 128.366"", "" 127.255"", ""  63.463""], ["" 127.293"", "" 129.768"", ""  65.762""], ["" 127.766"", "" 128.794"", ""  65.355""], ["" 128.365"", "" 127.557"", ""  64.844""], ["" 128.963"", "" 126.625"", ""  65.729""], ["" 128.882"", "" 126.104"", ""  62.971""], ["" 129.518"", "" 125.457"", ""  65.192""], ["" 129.457"", "" 125.211"", ""  63.817""], ["" 129.036"", "" 126.814"", ""  67.209""], ["" 128.757"", "" 125.749"", ""  68.067""], ["" 129.373"", "" 128.053"", ""  67.759""], ["" 128.828"", "" 125.915"", ""  69.448""], ["" 129.442"", "" 128.220"", ""  69.139""], ["" 129.167"", "" 127.156"", ""  70.010""], ["" 129.264"", "" 127.339"", ""  71.391""], ["" 129.126"", "" 126.173"", ""  72.286""], ["" 130.224"", "" 128.297"", ""  71.973""], ["" 128.866"", "" 126.562"", ""  73.757""], ["" 129.937"", "" 128.631"", ""  73.452""], ["" 129.885"", "" 127.436"", ""  74.217""], ["" 130.020"", "" 123.972"", ""  63.197""], ["" 131.278"", "" 123.492"", ""  63.575""], ["" 129.304"", "" 123.255"", ""  62.231""], ["" 131.805"", "" 122.336"", ""  63.005""], ["" 129.830"", "" 122.100"", ""  61.659""], ["" 131.097"", "" 121.622"", ""  62.026""], ["" 131.601"", "" 120.445"", ""  61.462""], ["" 133.057"", "" 120.200"", ""  61.450""], ["" 130.884"", "" 119.159"", ""  61.591""], ["" 133.489"", "" 119.083"", ""  60.477""], ["" 131.380"", "" 118.069"", ""  60.618""], ["" 132.780"", "" 117.889"", ""  60.762""], ["" 126.388"", "" 127.352"", ""  61.344""], ["" 126.995"", "" 126.341"", ""  60.370""], ["" 126.112"", "" 125.540"", ""  59.737""], ["" 128.217"", "" 126.310"", ""  60.214""], ["" 125.133"", "" 125.656"", ""  59.958""], ["" 126.407"", "" 124.537"", ""  58.825""], ["" 126.077"", "" 124.479"", ""  57.553""], ["" 127.327"", "" 123.186"", ""  59.404""], ["" 126.530"", "" 123.380"", ""  56.984""], ["" 127.248"", "" 122.514"", ""  57.803""]]",[],2c_Ghoteimi_2023
28,6840,2c_Grossjean_2025,4h2i_c_1_mae_prepped,1,8,-6.7,-0.24814814814814815,0.0,0.0,4,187.99,-8.49,-8.21,-0.29,-8.49,0.0,-1.59,1.79,-1.59,45,5,0.0,0.0,0.0,8.621207,6.800621,7.089031,0.44387,0.0166338,-0.8959368,225.306412,"237.329803, 338.812897, 15.021215, 287.483643, 43.830315, 78.916237, ","[["" 133.921"", "" 123.993"", ""  61.609""], ["" 134.121"", "" 122.180"", ""  61.495""], ["" 132.509"", "" 121.406"", ""  61.455""], ["" 130.225"", "" 121.666"", ""  61.854""], ["" 129.958"", "" 120.357"", ""  61.459""], ["" 131.471"", "" 122.188"", ""  61.850""], ["" 131.012"", "" 119.534"", ""  61.040""], ["" 132.326"", "" 120.067"", ""  61.036""], ["" 133.468"", "" 119.251"", ""  60.609""], ["" 134.368"", "" 118.606"", ""  60.272""], ["" 129.124"", "" 122.597"", ""  62.324""], ["" 130.700"", "" 118.089"", ""  60.605""], ["" 129.400"", "" 117.836"", ""  60.763""], ["" 131.022"", "" 117.918"", ""  59.322""], ["" 131.375"", "" 117.181"", ""  61.313""], ["" 133.617"", "" 124.537"", ""  63.013""], ["" 132.315"", "" 124.492"", ""  63.370""], ["" 134.520"", "" 125.000"", ""  63.712""], ["" 131.662"", "" 124.198"", ""  62.659""], ["" 131.724"", "" 124.883"", ""  64.586""], ["" 132.327"", "" 125.752"", ""  65.507""], ["" 130.482"", "" 124.319"", ""  64.881""], ["" 131.672"", "" 126.067"", ""  66.695""], ["" 129.832"", "" 124.637"", ""  66.070""], ["" 130.424"", "" 125.520"", ""  66.988""], ["" 129.853"", "" 125.893"", ""  68.189""], ["" 128.747"", "" 126.790"", ""  68.183""]]",[],2c_Grossjean_2025
29,11390,2d_Ghoteimi_2023,4h2i_c_1_mae_prepped,1,6,-8.33,-0.21921052631578947,0.0,0.0,18,190.36,-10.72,-10.3,-0.41,-10.72,0.0,-1.67,2.39,-1.67,59,9,0.0,0.0,0.0,5.90431,9.191517,9.227561,0.43334416,0.15945101,-0.88701083,236.331039,"296.968414, 0.836237, 251.904816, 161.692383, 223.385269, 217.267899, 66.840736, 155.68869, ","[["" 127.417"", "" 128.853"", ""  63.365""], ["" 128.254"", "" 127.498"", ""  64.162""], ["" 128.491"", "" 126.077"", ""  60.891""], ["" 128.607"", "" 126.205"", ""  62.036""], ["" 128.756"", "" 126.362"", ""  63.485""], ["" 129.407"", "" 125.364"", ""  64.253""], ["" 128.338"", "" 127.637"", ""  65.507""], ["" 129.510"", "" 125.549"", ""  65.637""], ["" 128.958"", "" 126.681"", ""  66.244""], ["" 129.995"", "" 124.117"", ""  63.678""], ["" 131.353"", "" 123.842"", ""  63.840""], ["" 129.197"", "" 123.195"", ""  62.995""], ["" 131.909"", "" 122.677"", ""  63.319""], ["" 129.752"", "" 122.030"", ""  62.473""], ["" 131.118"", "" 121.753"", ""  62.616""], ["" 131.651"", "" 120.571"", ""  62.095""], ["" 132.821"", "" 120.586"", ""  61.195""], ["" 130.737"", "" 119.483"", ""  61.695""], ["" 133.478"", "" 119.200"", ""  61.016""], ["" 131.448"", "" 118.125"", ""  61.508""], ["" 132.511"", "" 118.258"", ""  60.577""], ["" 129.028"", "" 126.912"", ""  67.719""], ["" 129.508"", "" 128.124"", ""  68.228""], ["" 128.621"", "" 125.927"", ""  68.628""], ["" 129.575"", "" 128.346"", ""  69.601""], ["" 128.686"", "" 126.150"", ""  70.000""], ["" 129.154"", "" 127.368"", ""  70.515""], ["" 129.232"", "" 127.568"", ""  71.898""], ["" 130.137"", "" 126.766"", ""  72.744""], ["" 129.122"", "" 128.935"", ""  72.446""], ["" 129.821"", "" 126.861"", ""  74.251""], ["" 128.839"", "" 128.972"", ""  73.963""], ["" 129.818"", "" 128.220"", ""  74.660""], ["" 126.696"", "" 129.922"", ""  64.658""], ["" 125.400"", "" 129.318"", ""  65.219""], ["" 125.382"", "" 128.448"", ""  66.094""], ["" 124.313"", "" 129.858"", ""  64.629""], ["" 124.333"", "" 130.194"", ""  63.251""]]",[],2d_Ghoteimi_2023
30,6658,2d_Grossjean_2025,4h2i_c_1_mae_prepped,1,11,-6.78,-0.2712,0.0,0.0,1,187.15,-8.27,-8.06,-0.21,-8.27,0.0,-1.58,1.49,-1.58,45,5,0.0,0.0,0.0,8.099919,6.454287,4.271117,-0.92277332,-0.33109005,0.19715166,90.947906,"119.161598, 217.767548, 351.314056, 2.131866, 135.944351, ","[["" 134.032"", "" 122.201"", ""  61.575""], ["" 132.452"", "" 121.379"", ""  61.489""], ["" 130.170"", "" 121.632"", ""  61.878""], ["" 129.908"", "" 120.323"", ""  61.480""], ["" 131.416"", "" 122.159"", ""  61.881""], ["" 130.966"", "" 119.508"", ""  61.050""], ["" 132.278"", "" 120.047"", ""  61.043""], ["" 133.410"", "" 119.253"", ""  60.560""], ["" 134.303"", "" 118.624"", ""  60.176""], ["" 129.063"", "" 122.557"", ""  62.346""], ["" 130.656"", "" 118.066"", ""  60.604""], ["" 131.353"", "" 117.201"", ""  61.340""], ["" 129.355"", "" 117.811"", ""  60.754""], ["" 130.962"", "" 117.844"", ""  59.324""], ["" 133.755"", "" 124.003"", ""  61.577""], ["" 133.549"", "" 124.576"", ""  62.982""], ["" 132.285"", "" 124.530"", ""  63.452""], ["" 134.522"", "" 125.009"", ""  63.600""], ["" 131.606"", "" 124.064"", ""  62.867""], ["" 131.779"", "" 124.975"", ""  64.688""], ["" 130.456"", "" 124.627"", ""  64.970""], ["" 132.506"", "" 125.750"", ""  65.608""], ["" 129.865"", "" 125.026"", ""  66.165""], ["" 131.911"", "" 126.149"", ""  66.801""], ["" 130.596"", "" 125.784"", ""  67.077""]]",[],2d_Grossjean_2025
31,11400,2e_Grossjean_2025,4h2i_c_1_mae_prepped,1,7,-7.0,-0.2692307692307692,0.0,0.0,3,189.81,-8.49,-8.29,-0.2,-8.49,0.0,-1.53,1.49,-1.53,51,8,0.0,0.0,0.0,8.386787,5.837196,6.877662,0.95443476,0.20045547,-0.2210699,286.687866,"119.570465, 266.527191, 304.279846, 211.296875, 44.103622, ","[["" 134.327"", "" 121.822"", ""  61.130""], ["" 132.694"", "" 121.118"", ""  61.173""], ["" 130.477"", "" 121.463"", ""  61.794""], ["" 130.121"", "" 120.171"", ""  61.412""], ["" 131.739"", "" 121.936"", ""  61.683""], ["" 131.098"", "" 119.310"", ""  60.892""], ["" 132.425"", "" 119.792"", ""  60.765""], ["" 133.498"", "" 118.931"", ""  60.256""], ["" 134.345"", "" 118.252"", ""  59.855""], ["" 129.460"", "" 122.430"", ""  62.370""], ["" 130.693"", "" 117.878"", ""  60.495""], ["" 131.385"", "" 116.991"", ""  61.212""], ["" 129.392"", "" 117.694"", ""  60.718""], ["" 130.922"", "" 117.617"", ""  59.206""], ["" 134.078"", "" 123.622"", ""  61.017""], ["" 134.095"", "" 124.293"", ""  62.394""], ["" 132.980"", "" 124.132"", ""  63.140""], ["" 135.079"", "" 124.956"", ""  62.727""], ["" 132.293"", "" 123.476"", ""  62.798""], ["" 132.670"", "" 124.727"", ""  64.375""], ["" 133.619"", "" 124.911"", ""  65.339""], ["" 131.355"", "" 125.175"", ""  64.543""], ["" 133.263"", "" 125.534"", ""  66.492""], ["" 131.003"", "" 125.812"", ""  65.736""], ["" 131.966"", "" 125.997"", ""  66.729""], ["" 134.368"", "" 125.708"", ""  67.516""]]",[],2e_Grossjean_2025
32,11815,2f_Grossjean_2025,4h2i_c_1_mae_prepped,1,9,-6.4,-0.256,0.0,0.0,1,189.04,-7.89,-7.75,-0.14,-7.89,0.0,-1.07,1.49,-1.07,39,10,0.0,0.0,0.0,9.790579,7.566625,5.02102,-0.31281985,0.92163796,-0.22962408,45.440697,"240.211823, 282.360016, 116.695137, 309.350708, 152.016769, ","[["" 134.997"", "" 124.493"", ""  62.252""], ["" 133.638"", "" 124.882"", ""  63.335""], ["" 133.069"", "" 125.393"", ""  65.536""], ["" 131.719"", "" 125.505"", ""  65.212""], ["" 134.015"", "" 125.082"", ""  64.621""], ["" 131.305"", "" 125.278"", ""  63.890""], ["" 132.286"", "" 124.947"", ""  62.920""], ["" 131.897"", "" 124.645"", ""  61.540""], ["" 131.589"", "" 124.408"", ""  60.449""], ["" 133.569"", "" 125.619"", ""  66.950""], ["" 129.806"", "" 125.394"", ""  63.555""], ["" 129.121"", "" 125.764"", ""  64.639""], ["" 129.624"", "" 126.304"", ""  62.597""], ["" 129.281"", "" 124.245"", ""  63.123""], ["" 134.351"", "" 123.492"", ""  60.869""], ["" 133.966"", "" 122.050"", ""  61.233""], ["" 132.750"", "" 121.667"", ""  60.789""], ["" 134.743"", "" 121.333"", ""  61.865""], ["" 132.245"", "" 122.341"", ""  60.231""], ["" 132.086"", "" 120.435"", ""  60.949""], ["" 132.788"", "" 119.285"", ""  60.574""], ["" 130.777"", "" 120.271"", ""  61.438""], ["" 132.275"", "" 118.032"", ""  60.670""], ["" 130.234"", "" 118.990"", ""  61.543""], ["" 131.013"", "" 117.900"", ""  61.152""]]",[],2f_Grossjean_2025
33,12581,2g_Grossjean_2025,4h2i_c_1_mae_prepped,1,3,-6.35,-0.24423076923076922,0.0,0.0,2,187.39,-8.14,-8.01,-0.12,-8.14,0.0,-1.83,1.79,-1.83,50,5,0.0,0.0,0.0,10.44917,6.097001,6.11978,0.93632779,0.33706933,-0.09835916,199.975845,"241.745346, 201.426071, 189.95372, 225.623596, 191.781662, 153.202103, ","[["" 133.661"", "" 122.701"", ""  60.633""], ["" 132.187"", "" 121.750"", ""  60.934""], ["" 129.959"", "" 121.880"", ""  61.602""], ["" 129.781"", "" 120.508"", ""  61.445""], ["" 131.137"", "" 122.497"", ""  61.356""], ["" 130.863"", "" 119.715"", ""  61.032""], ["" 132.108"", "" 120.345"", ""  60.778""], ["" 133.283"", "" 119.556"", ""  60.399""], ["" 134.211"", "" 118.932"", ""  60.100""], ["" 128.826"", "" 122.782"", ""  62.053""], ["" 130.649"", "" 118.197"", ""  60.873""], ["" 129.366"", "" 117.888"", ""  61.068""], ["" 131.004"", "" 117.817"", ""  59.645""], ["" 131.368"", "" 117.481"", ""  61.741""], ["" 134.375"", "" 123.132"", ""  62.256""], ["" 133.734"", "" 124.349"", ""  62.937""], ["" 132.485"", "" 124.646"", ""  62.534""], ["" 134.336"", "" 124.995"", ""  63.798""], ["" 132.069"", "" 124.083"", ""  61.806""], ["" 131.674"", "" 125.759"", ""  63.029""], ["" 131.296"", "" 125.656"", ""  64.502""], ["" 130.100"", "" 125.032"", ""  64.872""], ["" 132.171"", "" 126.127"", ""  65.484""], ["" 129.771"", "" 124.903"", ""  66.219""], ["" 131.841"", "" 125.998"", ""  66.830""], ["" 130.642"", "" 125.387"", ""  67.192""]]",[],2g_Grossjean_2025
34,6717,2h_Grossjean_2025,4h2i_c_1_mae_prepped,1,6,-6.22,-0.194375,0.0,0.0,1,190.19,-8.91,-8.69,-0.21,-8.91,0.0,-1.75,2.68,-1.75,55,5,0.0,0.0,0.0,8.989127,8.295014,3.80608,-0.341663,0.09166146,0.93534196,219.017532,"152.307434, 307.495331, 43.666935, 103.864067, 215.88562, 18.556253, 119.4533, 13.585899, 286.073486, ","[["" 132.460"", "" 121.999"", ""  61.436""], ["" 131.134"", "" 121.942"", ""  61.217""], ["" 133.289"", "" 121.464"", ""  60.698""], ["" 130.519"", "" 122.434"", ""  61.850""], ["" 132.893"", "" 122.792"", ""  62.677""], ["" 132.399"", "" 124.548"", ""  62.681""], ["" 132.441"", "" 125.089"", ""  64.376""], ["" 133.823"", "" 125.435"", ""  66.218""], ["" 132.751"", "" 125.854"", ""  67.004""], ["" 133.679"", "" 125.061"", ""  64.927""], ["" 131.465"", "" 125.909"", ""  66.445""], ["" 131.299"", "" 125.527"", ""  65.089""], ["" 129.988"", "" 125.623"", ""  64.441""], ["" 128.953"", "" 125.702"", ""  63.932""], ["" 135.234"", "" 125.371"", ""  66.770""], ["" 130.293"", "" 126.383"", ""  67.327""], ["" 130.727"", "" 127.275"", ""  68.217""], ["" 129.318"", "" 126.962"", ""  66.622""], ["" 129.760"", "" 125.347"", ""  67.975""], ["" 130.503"", "" 121.335"", ""  60.046""], ["" 129.241"", "" 122.062"", ""  59.583""], ["" 128.222"", "" 122.388"", ""  60.490""], ["" 129.098"", "" 122.403"", ""  58.237""], ["" 127.088"", "" 123.091"", ""  60.048""], ["" 127.965"", "" 123.082"", ""  57.797""], ["" 126.947"", "" 123.436"", ""  58.697""], ["" 128.354"", "" 122.053"", ""  61.817""], ["" 128.482"", "" 123.166"", ""  62.693""], ["" 126.096"", "" 123.429"", ""  60.937""], ["" 126.129"", "" 124.786"", ""  61.357""], ["" 125.799"", "" 124.117"", ""  58.336""], ["" 124.531"", "" 123.502"", ""  58.534""]]",[],2h_Grossjean_2025
35,6959,2i_Grossjean_2025,4h2i_c_1_mae_prepped,1,13,-6.49,-0.2704166666666667,0.0,0.0,4,187.45,-7.98,-7.68,-0.3,-7.98,0.0,-1.45,1.49,-1.45,44,10,0.0,0.0,0.0,10.222157,5.536369,4.812608,-0.01950175,-0.62651229,0.77916752,29.423271,"236.454788, 324.398834, 136.829803, 175.908463, 280.614929, ","[["" 134.269"", "" 121.767"", ""  61.477""], ["" 132.633"", "" 121.052"", ""  61.454""], ["" 130.378"", "" 121.363"", ""  61.966""], ["" 130.047"", "" 120.093"", ""  61.500""], ["" 131.643"", "" 121.840"", ""  61.946""], ["" 131.054"", "" 119.263"", ""  60.986""], ["" 132.385"", "" 119.750"", ""  60.959""], ["" 133.476"", "" 118.925"", ""  60.431""], ["" 134.338"", "" 118.274"", ""  60.015""], ["" 129.328"", "" 122.303"", ""  62.529""], ["" 130.670"", "" 117.861"", ""  60.477""], ["" 129.374"", "" 117.634"", ""  60.698""], ["" 130.907"", "" 117.769"", ""  59.168""], ["" 131.357"", "" 116.886"", ""  61.078""], ["" 134.109"", "" 123.553"", ""  61.176""], ["" 134.110"", "" 124.362"", ""  62.474""], ["" 132.987"", "" 124.279"", ""  63.220""], ["" 135.114"", "" 125.009"", ""  62.776""], ["" 132.245"", "" 123.683"", ""  62.885""], ["" 132.754"", "" 124.901"", ""  64.435""], ["" 133.744"", "" 125.004"", ""  65.294""], ["" 131.576"", "" 125.462"", ""  64.952""], ["" 133.238"", "" 125.662"", ""  66.417""], ["" 131.929"", "" 125.932"", ""  66.196""]]",[],2i_Grossjean_2025
36,11525,2j_Grossjean_2025,4h2i_c_1_mae_prepped,1,20,-6.37,-0.2654166666666667,0.0,0.0,5,186.97,-7.87,-7.7,-0.16,-7.87,0.0,-1.39,1.49,-1.39,47,8,0.0,0.0,0.0,10.001976,5.880739,5.130069,0.21505825,-0.55605726,0.80283889,31.101841,"117.670135, 327.05191, 320.00769, 122.210739, 283.253052, ","[["" 134.265"", "" 121.751"", ""  61.452""], ["" 132.624"", "" 121.045"", ""  61.468""], ["" 130.383"", "" 121.368"", ""  62.023""], ["" 130.036"", "" 120.101"", ""  61.562""], ["" 131.649"", "" 121.839"", ""  61.979""], ["" 131.027"", "" 119.265"", ""  61.029""], ["" 132.361"", "" 119.743"", ""  60.978""], ["" 133.437"", "" 118.912"", ""  60.430""], ["" 134.287"", "" 118.256"", ""  59.997""], ["" 129.348"", "" 122.313"", ""  62.606""], ["" 130.626"", "" 117.866"", ""  60.523""], ["" 131.327"", "" 116.930"", ""  61.165""], ["" 129.326"", "" 117.657"", ""  60.740""], ["" 130.845"", "" 117.707"", ""  59.216""], ["" 134.112"", "" 123.556"", ""  61.224""], ["" 134.154"", "" 124.376"", ""  62.522""], ["" 133.068"", "" 124.237"", ""  63.315""], ["" 135.127"", "" 125.086"", ""  62.787""], ["" 132.336"", "" 123.618"", ""  63.000""], ["" 132.847"", "" 124.861"", ""  64.536""], ["" 133.720"", "" 125.094"", ""  65.493""], ["" 131.236"", "" 125.412"", ""  64.866""], ["" 133.164"", "" 125.711"", ""  66.517""], ["" 131.805"", "" 125.992"", ""  66.403""]]",[],2j_Grossjean_2025
37,11669,2k_Grossjean_2025,4h2i_c_1_mae_prepped,1,13,-4.69,-0.1617241379310345,0.0,0.0,3,186.35,-8.57,-8.3,-0.26,-8.57,0.0,-3.3,3.88,-3.3,45,7,0.0,0.0,0.0,9.741234,5.48399,6.341496,-0.23322454,0.32491022,0.91653678,170.008163,"122.569832, 62.828281, 219.864197, 169.902954, 82.66468, 63.432789, 65.564903, 126.142914, 352.576935, 218.49913, 28.127703, 352.040985, 48.226982, ","[["" 130.622"", "" 126.057"", ""  61.153""], ["" 131.630"", "" 125.810"", ""  62.291""], ["" 132.499"", "" 124.657"", ""  62.045""], ["" 133.589"", "" 124.329"", ""  62.766""], ["" 133.966"", "" 124.965"", ""  63.752""], ["" 132.251"", "" 124.073"", ""  61.260""], ["" 134.372"", "" 123.104"", ""  62.270""], ["" 133.845"", "" 122.441"", ""  60.652""], ["" 132.282"", "" 121.594"", ""  60.838""], ["" 134.248"", "" 118.725"", ""  60.061""], ["" 133.327"", "" 119.373"", ""  60.328""], ["" 132.160"", "" 120.194"", ""  60.666""], ["" 130.880"", "" 119.606"", ""  60.829""], ["" 131.219"", "" 122.380"", ""  61.146""], ["" 129.797"", "" 120.437"", ""  61.155""], ["" 130.006"", "" 121.805"", ""  61.306""], ["" 128.873"", "" 122.748"", ""  61.660""], ["" 130.630"", "" 118.095"", ""  60.661""], ["" 130.998"", "" 117.640"", ""  59.462""], ["" 131.321"", "" 117.413"", ""  61.577""], ["" 129.333"", "" 117.827"", ""  60.811""], ["" 130.786"", "" 125.050"", ""  60.166""], ["" 130.563"", "" 125.472"", ""  58.830""], ["" 130.760"", "" 124.257"", ""  57.914""], ["" 129.539"", "" 123.528"", ""  57.865""], ["" 128.380"", "" 124.339"", ""  57.749""], ["" 127.176"", "" 123.448"", ""  57.416""], ["" 126.037"", "" 124.257"", ""  57.154""], ["" 124.999"", "" 124.099"", ""  58.109""]]",[],2k_Grossjean_2025
38,11703,3aa_Grossjean_2025,4h2i_c_1_mae_prepped,1,2,-7.45,-0.21285714285714286,0.0,0.0,5,186.64,-10.14,-9.95,-0.19,-10.14,0.0,-2.43,2.68,-2.43,54,10,0.0,0.0,0.0,3.195951,7.237131,3.70169,-0.45889155,0.60288098,-0.6526508,226.129837,"359.55481, 135.973297, 180.914001, 178.822678, 331.420349, 246.562775, 284.031036, 307.104858, 143.778671, ","[["" 127.443"", "" 123.391"", ""  61.804""], ["" 128.244"", "" 124.477"", ""  61.741""], ["" 127.641"", "" 122.397"", ""  62.504""], ["" 127.986"", "" 125.181"", ""  61.063""], ["" 126.204"", "" 123.432"", ""  60.909""], ["" 126.643"", "" 123.376"", ""  59.145""], ["" 128.420"", "" 123.373"", ""  59.050""], ["" 128.019"", "" 126.535"", ""  57.453""], ["" 128.530"", "" 125.594"", ""  57.893""], ["" 129.177"", "" 124.404"", ""  58.452""], ["" 130.587"", "" 124.269"", ""  58.435""], ["" 131.157"", "" 123.135"", ""  59.034""], ["" 128.993"", "" 122.295"", ""  59.637""], ["" 130.345"", "" 122.169"", ""  59.638""], ["" 131.515"", "" 125.315"", ""  57.791""], ["" 132.804"", "" 124.971"", ""  57.850""], ["" 131.205"", "" 125.475"", ""  56.504""], ["" 131.382"", "" 126.486"", ""  58.415""], ["" 130.903"", "" 120.942"", ""  60.293""], ["" 130.118"", "" 120.185"", ""  61.178""], ["" 132.217"", "" 120.514"", ""  60.038""], ["" 130.629"", "" 119.043"", ""  61.790""], ["" 132.731"", "" 119.374"", ""  60.650""], ["" 131.934"", "" 118.643"", ""  61.525""], ["" 129.436"", "" 124.756"", ""  62.439""], ["" 129.406"", "" 124.519"", ""  63.814""], ["" 130.617"", "" 125.227"", ""  61.847""], ["" 130.531"", "" 124.765"", ""  64.597""], ["" 131.741"", "" 125.471"", ""  62.631""], ["" 131.712"", "" 125.249"", ""  64.014""], ["" 132.943"", "" 125.532"", ""  64.828""], ["" 134.047"", "" 125.035"", ""  64.581""], ["" 132.724"", "" 126.397"", ""  65.850""], ["" 132.638"", "" 125.937"", ""  67.193""], ["" 133.992"", "" 125.368"", ""  67.626""]]",[],3aa_Grossjean_2025
39,6837,3ab_Grossjean_2025,4h2i_c_1_mae_prepped,1,7,-7.38,-0.21705882352941175,0.0,0.0,10,186.38,-9.77,-9.5,-0.26,-9.77,0.0,-2.26,2.39,-2.26,48,9,0.0,0.0,0.0,3.990424,8.101852,3.081483,0.27377456,-0.75433893,0.59667433,129.101089,"118.869041, 2.348472, 197.623962, 127.757385, 340.542877, 221.251495, 262.493683, 5.53269, ","[["" 127.438"", "" 123.408"", ""  61.711""], ["" 128.324"", "" 124.423"", ""  61.795""], ["" 127.451"", "" 122.388"", ""  62.399""], ["" 128.209"", "" 125.169"", ""  61.124""], ["" 126.342"", "" 123.580"", ""  60.656""], ["" 126.933"", "" 123.178"", ""  58.984""], ["" 128.713"", "" 123.143"", ""  59.040""], ["" 128.520"", "" 126.378"", ""  57.548""], ["" 128.968"", "" 125.408"", ""  57.992""], ["" 129.538"", "" 124.182"", ""  58.555""], ["" 130.942"", "" 124.019"", ""  58.666""], ["" 131.436"", "" 122.850"", ""  59.262""], ["" 129.213"", "" 122.031"", ""  59.629""], ["" 130.558"", "" 121.869"", ""  59.736""], ["" 131.943"", "" 125.077"", ""  58.163""], ["" 131.816"", "" 125.330"", ""  56.858""], ["" 131.761"", "" 126.228"", ""  58.811""], ["" 133.192"", "" 124.657"", ""  58.371""], ["" 131.031"", "" 120.610"", ""  60.398""], ["" 132.327"", "" 120.120"", ""  60.168""], ["" 130.193"", "" 119.883"", ""  61.261""], ["" 132.772"", "" 118.952"", ""  60.781""], ["" 130.634"", "" 118.714"", ""  61.876""], ["" 131.924"", "" 118.254"", ""  61.634""], ["" 129.429"", "" 124.589"", ""  62.651""], ["" 129.806"", "" 123.689"", ""  63.660""], ["" 130.173"", "" 125.754"", ""  62.461""], ["" 130.916"", "" 123.958"", ""  64.455""], ["" 131.284"", "" 126.020"", ""  63.256""], ["" 131.671"", "" 125.126"", ""  64.263""], ["" 132.873"", "" 125.444"", ""  65.105""], ["" 133.997"", "" 124.988"", ""  64.879""], ["" 132.597"", "" 126.279"", ""  66.139""], ["" 131.411"", "" 126.125"", ""  66.907""]]",[],3ab_Grossjean_2025
40,11493,3ac_Grossjean_2025,4h2i_c_1_mae_prepped,1,8,-7.25,-0.2265625,0.0,0.0,3,186.43,-9.34,-9.02,-0.32,-9.34,0.0,-2.37,2.09,-2.37,46,4,0.0,0.0,0.0,8.437617,6.749909,4.661431,0.19843999,0.53180941,-0.8232863,214.139572,"110.311409, 193.694382, 139.628479, 294.559601, 90.44207, 10.408795, 13.340967, ","[["" 133.680"", "" 124.552"", ""  61.484""], ["" 133.972"", "" 122.795"", ""  61.114""], ["" 132.409"", "" 121.938"", ""  61.141""], ["" 134.348"", "" 118.946"", ""  60.932""], ["" 133.428"", "" 119.647"", ""  60.985""], ["" 132.265"", "" 120.534"", ""  61.054""], ["" 130.953"", "" 119.999"", ""  61.082""], ["" 129.872"", "" 120.881"", ""  61.224""], ["" 131.349"", "" 122.767"", ""  61.299""], ["" 130.091"", "" 122.258"", ""  61.333""], ["" 130.667"", "" 118.488"", ""  60.972""], ["" 131.006"", "" 117.983"", ""  59.784""], ["" 131.355"", "" 117.819"", ""  61.898""], ["" 129.366"", "" 118.260"", ""  61.151""], ["" 128.974"", "" 123.242"", ""  61.518""], ["" 129.243"", "" 124.574"", ""  61.873""], ["" 127.633"", "" 122.862"", ""  61.343""], ["" 128.212"", "" 125.494"", ""  62.041""], ["" 126.598"", "" 123.779"", ""  61.510""], ["" 126.892"", "" 125.093"", ""  61.857""], ["" 133.425"", "" 124.795"", ""  62.972""], ["" 132.129"", "" 124.764"", ""  63.353""], ["" 134.382"", "" 124.996"", ""  63.721""], ["" 131.461"", "" 124.494"", ""  62.647""], ["" 131.573"", "" 124.992"", ""  64.625""], ["" 130.363"", "" 124.350"", ""  64.892""], ["" 132.135"", "" 125.835"", ""  65.596""], ["" 129.727"", "" 124.531"", ""  66.116""], ["" 131.496"", "" 126.015"", ""  66.820""], ["" 130.283"", "" 125.361"", ""  67.089""], ["" 129.578"", "" 125.483"", ""  68.271""], ["" 128.581"", "" 126.494"", ""  68.386""]]",[],3ac_Grossjean_2025
41,6823,3ad_Grossjean_2025,4h2i_c_1_mae_prepped,1,8,-7.44,-0.24800000000000003,0.0,0.0,2,186.69,-9.23,-8.99,-0.24,-9.23,0.0,-2.27,1.79,-2.27,48,5,0.0,0.0,0.0,8.843069,6.149943,5.914436,-0.94150774,-0.31985889,-0.10608238,110.117088,"111.791405, 321.888458, 239.531113, 193.204941, 12.085711, 299.478882, ","[["" 134.002"", "" 122.558"", ""  61.342""], ["" 132.419"", "" 121.748"", ""  61.296""], ["" 134.308"", "" 118.772"", ""  60.739""], ["" 133.402"", "" 119.473"", ""  60.903""], ["" 132.251"", "" 120.357"", ""  61.110""], ["" 130.931"", "" 119.845"", ""  61.094""], ["" 129.863"", "" 120.741"", ""  61.251""], ["" 131.371"", "" 122.596"", ""  61.424""], ["" 130.105"", "" 122.109"", ""  61.416""], ["" 130.623"", "" 118.347"", ""  60.906""], ["" 130.884"", "" 117.915"", ""  59.672""], ["" 131.358"", "" 117.622"", ""  61.751""], ["" 129.332"", "" 118.112"", ""  61.146""], ["" 129.000"", "" 123.111"", ""  61.572""], ["" 127.666"", "" 122.754"", ""  61.320""], ["" 129.268"", "" 124.429"", ""  61.979""], ["" 126.636"", "" 123.679"", ""  61.464""], ["" 128.240"", "" 125.358"", ""  62.124""], ["" 126.928"", "" 124.980"", ""  61.865""], ["" 133.693"", "" 124.336"", ""  61.566""], ["" 133.435"", "" 124.697"", ""  63.031""], ["" 132.143"", "" 124.650"", ""  63.420""], ["" 134.388"", "" 125.001"", ""  63.749""], ["" 131.481"", "" 124.331"", ""  62.728""], ["" 131.569"", "" 124.932"", ""  64.674""], ["" 132.316"", "" 125.770"", ""  65.507""], ["" 130.339"", "" 124.423"", ""  65.126""], ["" 131.841"", "" 126.109"", ""  66.771""], ["" 129.868"", "" 124.765"", ""  66.391""], ["" 130.619"", "" 125.607"", ""  67.207""]]",[],3ad_Grossjean_2025
42,11366,3af_Grossjean_2025,4h2i_c_1_mae_prepped,1,3,-7.16,-0.23866666666666667,0.0,0.0,1,184.91,-8.95,-8.9,-0.04,-8.95,0.0,-1.1,1.79,-1.1,51,4,0.0,0.0,0.0,6.302924,6.771669,7.820671,0.16186553,-0.36663561,-0.91617568,157.749832,"4.562237, 143.688934, 273.107086, 245.335678, 214.517181, 271.633545, ","[["" 129.143"", "" 122.101"", ""  62.342""], ["" 130.591"", "" 123.047"", ""  62.767""], ["" 132.144"", "" 121.366"", ""  60.029""], ["" 131.999"", "" 122.081"", ""  60.928""], ["" 131.817"", "" 122.986"", ""  62.065""], ["" 132.883"", "" 123.800"", ""  62.519""], ["" 132.676"", "" 124.610"", ""  63.646""], ["" 130.423"", "" 123.820"", ""  63.867""], ["" 131.441"", "" 124.605"", ""  64.303""], ["" 134.261"", "" 123.826"", ""  61.830""], ["" 135.135"", "" 124.624"", ""  62.449""], ["" 134.782"", "" 122.599"", ""  61.808""], ["" 134.139"", "" 124.267"", ""  60.577""], ["" 131.172"", "" 125.436"", ""  65.522""], ["" 129.870"", "" 125.560"", ""  66.032""], ["" 132.212"", "" 126.105"", ""  66.189""], ["" 129.614"", "" 126.328"", ""  67.165""], ["" 131.961"", "" 126.874"", ""  67.322""], ["" 130.661"", "" 126.983"", ""  67.805""], ["" 127.694"", "" 123.187"", ""  62.507""], ["" 126.780"", "" 123.106"", ""  61.285""], ["" 127.407"", "" 123.160"", ""  60.089""], ["" 125.566"", "" 122.994"", ""  61.451""], ["" 128.411"", "" 123.261"", ""  60.118""], ["" 126.869"", "" 123.104"", ""  58.789""], ["" 126.024"", "" 124.154"", ""  58.413""], ["" 127.108"", "" 122.090"", ""  57.844""], ["" 125.432"", "" 124.239"", ""  57.195""], ["" 126.507"", "" 122.162"", ""  56.585""], ["" 125.680"", "" 123.249"", ""  56.301""]]",[],3af_Grossjean_2025
43,11322,3ag_Grossjean_2025,4h2i_c_1_mae_prepped,1,3,-7.11,-0.22935483870967743,0.0,0.0,7,186.39,-9.2,-9.12,-0.09,-9.2,0.0,-2.95,2.09,-2.95,40,5,0.0,0.0,0.0,3.626896,7.241531,3.989008,0.35012415,-0.53132559,-0.77143126,168.241745,"125.568779, 169.301102, 119.485184, 174.424744, 14.374814, 99.252502, 274.779633, ","[["" 125.878"", "" 122.871"", ""  61.230""], ["" 127.607"", "" 123.128"", ""  61.559""], ["" 126.644"", "" 126.468"", ""  62.370""], ["" 127.307"", "" 125.532"", ""  62.214""], ["" 128.150"", "" 124.350"", ""  62.017""], ["" 129.546"", "" 124.409"", ""  62.249""], ["" 130.318"", "" 123.265"", ""  61.995""], ["" 128.375"", "" 122.042"", ""  61.301""], ["" 129.716"", "" 122.099"", ""  61.511""], ["" 130.250"", "" 125.677"", ""  62.770""], ["" 130.041"", "" 126.742"", ""  61.993""], ["" 129.801"", "" 125.976"", ""  63.990""], ["" 131.567"", "" 125.480"", ""  62.830""], ["" 130.491"", "" 120.850"", ""  61.220""], ["" 129.946"", "" 119.587"", ""  61.496""], ["" 131.783"", "" 120.908"", ""  60.668""], ["" 130.661"", "" 118.422"", ""  61.229""], ["" 132.501"", "" 119.747"", ""  60.398""], ["" 131.936"", "" 118.507"", ""  60.679""], ["" 125.389"", "" 124.057"", ""  59.942""], ["" 126.228"", "" 123.910"", ""  58.673""], ["" 127.186"", "" 122.967"", ""  58.696""], ["" 126.011"", "" 124.640"", ""  57.704""], ["" 127.302"", "" 122.419"", ""  59.536""], ["" 128.123"", "" 122.682"", ""  57.610""], ["" 129.357"", "" 123.578"", ""  57.601""], ["" 129.488"", "" 124.569"", ""  56.625""], ["" 130.327"", "" 123.444"", ""  58.599""], ["" 130.599"", "" 125.409"", ""  56.631""], ["" 131.438"", "" 124.283"", ""  58.604""], ["" 131.571"", "" 125.260"", ""  57.620""]]",[],3ag_Grossjean_2025
44,6758,3ai_Grossjean_2025,4h2i_c_1_mae_prepped,1,5,-7.73,-0.26655172413793105,0.0,0.0,1,185.71,-9.52,-9.21,-0.31,-9.52,0.0,-1.16,1.79,-1.16,57,10,0.0,0.0,0.0,6.97744,7.492351,6.14404,-0.65067877,-0.35314257,-0.67224063,223.069183,"5.780459, 123.375809, 125.738823, 358.808594, 113.842995, 50.67075, ","[["" 129.198"", "" 125.216"", ""  63.085""], ["" 129.219"", "" 123.774"", ""  62.040""], ["" 131.853"", "" 122.640"", ""  64.164""], ["" 131.071"", "" 122.654"", ""  63.311""], ["" 130.080"", "" 122.669"", ""  62.230""], ["" 129.983"", "" 121.588"", ""  61.322""], ["" 129.051"", "" 121.672"", ""  60.276""], ["" 128.344"", "" 123.843"", ""  61.008""], ["" 128.241"", "" 122.804"", ""  60.140""], ["" 130.862"", "" 120.327"", ""  61.432""], ["" 130.663"", "" 119.467"", ""  60.431""], ["" 132.151"", "" 120.669"", ""  61.418""], ["" 130.598"", "" 119.682"", ""  62.569""], ["" 127.237"", "" 122.953"", ""  59.036""], ["" 126.067"", "" 123.703"", ""  59.229""], ["" 127.442"", "" 122.355"", ""  57.781""], ["" 125.132"", "" 123.849"", ""  58.208""], ["" 126.510"", "" 122.498"", ""  56.758""], ["" 125.357"", "" 123.245"", ""  56.975""], ["" 130.703"", "" 126.185"", ""  62.732""], ["" 131.960"", "" 125.730"", ""  63.489""], ["" 131.939"", "" 125.977"", ""  64.818""], ["" 132.892"", "" 125.185"", ""  62.893""], ["" 131.117"", "" 126.429"", ""  65.192""], ["" 132.931"", "" 125.684"", ""  65.744""], ["" 134.077"", "" 125.074"", ""  65.488""], ["" 132.832"", "" 126.009"", ""  67.096""], ["" 134.767"", "" 124.989"", ""  66.699""], ["" 134.002"", "" 125.558"", ""  67.661""]]",[],3ai_Grossjean_2025
45,11448,3aj_Grossjean_2025,4h2i_c_1_mae_prepped,1,18,-6.68,-0.2303448275862069,0.0,0.0,7,185.45,-8.47,-8.23,-0.25,-8.47,0.0,-2.14,1.79,-2.14,44,6,0.0,0.0,0.0,8.713741,6.411022,4.276743,-0.95571338,-0.27208847,0.11215968,117.181786,"349.567596, 327.003326, 233.171295, 31.109743, 96.448112, 214.808441, ","[["" 134.010"", "" 122.445"", ""  61.245""], ["" 132.409"", "" 121.671"", ""  61.187""], ["" 134.223"", "" 118.641"", ""  60.672""], ["" 133.334"", "" 119.366"", ""  60.823""], ["" 132.205"", "" 120.282"", ""  61.014""], ["" 130.873"", "" 119.804"", ""  60.994""], ["" 129.826"", "" 120.729"", ""  61.134""], ["" 131.381"", "" 122.546"", ""  61.296""], ["" 130.102"", "" 122.091"", ""  61.285""], ["" 130.527"", "" 118.312"", ""  60.817""], ["" 129.247"", "" 118.043"", ""  61.083""], ["" 130.766"", "" 117.934"", ""  59.562""], ["" 131.269"", "" 117.571"", ""  61.641""], ["" 129.024"", "" 123.121"", ""  61.429""], ["" 127.673"", "" 122.766"", ""  61.298""], ["" 129.333"", "" 124.464"", ""  61.703""], ["" 126.664"", "" 123.718"", ""  61.434""], ["" 128.329"", "" 125.419"", ""  61.838""], ["" 126.997"", "" 125.042"", ""  61.703""], ["" 133.757"", "" 124.236"", ""  61.493""], ["" 133.439"", "" 124.652"", ""  62.937""], ["" 132.129"", "" 124.594"", ""  63.265""], ["" 134.337"", "" 125.006"", ""  63.704""], ["" 131.482"", "" 124.294"", ""  62.551""], ["" 131.567"", "" 124.919"", ""  64.492""], ["" 132.003"", "" 125.792"", ""  65.375""], ["" 130.110"", "" 124.091"", ""  64.942""], ["" 131.217"", "" 125.849"", ""  66.432""], ["" 130.110"", "" 125.004"", ""  66.421""]]",[],3aj_Grossjean_2025
46,11895,3ak_Grossjean_2025,4h2i_c_1_mae_prepped,1,6,-6.23,-0.18323529411764708,0.0,0.0,5,188.74,-10.41,-10.1,-0.31,-10.41,0.0,-3.72,4.18,-3.72,36,7,0.0,0.0,0.0,4.358776,3.591189,3.388103,0.43550759,0.73156369,-0.52454524,145.582748,"322.230072, 11.585999, 258.11319, 249.940933, 194.35405, 316.671936, 311.312561, 146.194733, 244.158493, 252.596863, 334.926208, 34.007519, 123.592812, 319.402039, ","[["" 130.498"", "" 123.739"", ""  58.956""], ["" 131.904"", "" 123.557"", ""  58.863""], ["" 132.588"", "" 124.308"", ""  60.020""], ["" 133.651"", "" 123.578"", ""  60.628""], ["" 134.279"", "" 124.216"", ""  61.735""], ["" 133.478"", "" 123.910"", ""  63.007""], ["" 133.942"", "" 124.745"", ""  64.058""], ["" 132.905"", "" 125.208"", ""  64.910""], ["" 129.876"", "" 124.065"", ""  57.720""], ["" 128.579"", "" 123.255"", ""  57.547""], ["" 127.600"", "" 123.481"", ""  58.613""], ["" 126.356"", "" 123.970"", ""  58.452""], ["" 125.895"", "" 124.271"", ""  57.350""], ["" 127.898"", "" 123.239"", ""  59.547""], ["" 125.469"", "" 124.164"", ""  59.694""], ["" 125.856"", "" 123.118"", ""  61.145""], ["" 127.578"", "" 123.337"", ""  61.567""], ["" 128.365"", "" 122.244"", ""  61.409""], ["" 128.088"", "" 124.569"", ""  62.034""], ["" 129.686"", "" 122.310"", ""  61.709""], ["" 129.469"", "" 124.647"", ""  62.340""], ["" 127.213"", "" 125.735"", ""  62.194""], ["" 130.259"", "" 123.501"", ""  62.168""], ["" 126.522"", "" 126.655"", ""  62.322""], ["" 130.481"", "" 121.055"", ""  61.503""], ["" 131.868"", "" 121.110"", ""  61.296""], ["" 129.863"", "" 119.792"", ""  61.521""], ["" 132.612"", "" 119.948"", ""  61.107""], ["" 130.603"", "" 118.628"", ""  61.332""], ["" 131.976"", "" 118.711"", ""  61.126""], ["" 130.134"", "" 125.940"", ""  62.850""], ["" 130.012"", "" 126.025"", ""  64.174""], ["" 131.431"", "" 125.942"", ""  62.534""], ["" 129.594"", "" 127.043"", ""  62.325""]]",[],3ak_Grossjean_2025
47,12050,3bc_Grossjean_2025,4h2i_c_1_mae_prepped,1,7,-7.74,-0.26689655172413795,0.0,0.0,1,188.19,-9.53,-9.34,-0.19,-9.53,0.0,-1.37,1.79,-1.37,40,4,0.0,0.0,0.0,10.332099,6.498724,4.343877,-0.59188929,-0.60743825,0.52979792,120.122871,"273.388733, 351.088623, 201.371796, 88.804619, 346.327087, 248.523926, ","[["" 133.630"", "" 123.596"", ""  62.591""], ["" 133.297"", "" 124.834"", ""  63.012""], ["" 133.346"", "" 122.552"", ""  63.183""], ["" 133.504"", "" 125.594"", ""  62.380""], ["" 134.382"", "" 123.554"", ""  61.253""], ["" 133.363"", "" 123.117"", ""  59.804""], ["" 132.066"", "" 122.033"", ""  60.358""], ["" 131.159"", "" 119.991"", ""  61.279""], ["" 132.288"", "" 120.737"", ""  60.875""], ["" 129.883"", "" 120.548"", ""  61.136""], ["" 133.628"", "" 120.155"", ""  60.969""], ["" 129.737"", "" 121.825"", ""  60.586""], ["" 134.687"", "" 119.694"", ""  61.046""], ["" 130.822"", "" 122.550"", ""  60.205""], ["" 131.271"", "" 118.586"", ""  61.870""], ["" 128.398"", "" 122.476"", ""  60.403""], ["" 127.887"", "" 122.715"", ""  59.119""], ["" 127.624"", "" 122.868"", ""  61.509""], ["" 126.644"", "" 123.319"", ""  58.941""], ["" 126.381"", "" 123.471"", ""  61.336""], ["" 125.896"", "" 123.694"", ""  60.052""], ["" 132.621"", "" 125.221"", ""  64.185""], ["" 133.415"", "" 125.416"", ""  65.317""], ["" 131.231"", "" 125.383"", ""  64.280""], ["" 132.833"", "" 125.788"", ""  66.526""], ["" 130.653"", "" 125.755"", ""  65.491""], ["" 131.453"", "" 125.964"", ""  66.625""], ["" 130.967"", "" 126.334"", ""  67.865""], ["" 129.632"", "" 126.816"", ""  67.971""]]",[],3bc_Grossjean_2025
48,11394,3bd_Grossjean_2025,4h2i_c_1_mae_prepped,1,16,-7.5,-0.2777777777777778,0.0,0.0,1,185.89,-8.99,-8.9,-0.09,-8.99,0.0,-0.84,1.49,-0.84,53,2,0.0,0.0,0.0,3.415041,12.221902,3.501281,0.45054194,-0.78644811,0.42250602,190.968185,"106.511147, 248.5009, 30.351006, 219.776306, 286.756378, ","[["" 127.131"", "" 128.263"", ""  61.291""], ["" 127.802"", "" 129.891"", ""  60.996""], ["" 127.624"", "" 132.291"", ""  60.763""], ["" 126.997"", "" 131.051"", ""  61.009""], ["" 129.001"", "" 132.324"", ""  60.515""], ["" 125.557"", "" 130.983"", ""  61.273""], ["" 129.738"", "" 131.135"", ""  60.508""], ["" 124.420"", "" 130.931"", ""  61.482""], ["" 129.136"", "" 129.942"", ""  60.754""], ["" 126.857"", "" 133.612"", ""  60.757""], ["" 131.216"", "" 131.100"", ""  60.254""], ["" 132.129"", "" 131.368"", ""  61.288""], ["" 131.729"", "" 130.804"", ""  58.979""], ["" 133.502"", "" 131.338"", ""  61.058""], ["" 133.100"", "" 130.773"", ""  58.746""], ["" 133.983"", "" 131.040"", ""  59.787""], ["" 126.078"", "" 127.822"", ""  59.876""], ["" 126.681"", "" 126.689"", ""  59.045""], ["" 125.912"", "" 125.585"", ""  58.916""], ["" 127.795"", "" 126.842"", ""  58.543""], ["" 124.983"", "" 125.638"", ""  59.305""], ["" 126.197"", "" 124.382"", ""  58.244""], ["" 125.206"", "" 123.911"", ""  57.379""], ["" 127.377"", "" 123.640"", ""  58.419""], ["" 125.394"", "" 122.723"", ""  56.677""], ["" 127.562"", "" 122.452"", ""  57.716""], ["" 126.572"", "" 122.000"", ""  56.847""]]",[],3bd_Grossjean_2025
49,11612,3be_Grossjean_2025,4h2i_c_1_mae_prepped,1,5,-8.39,-0.29964285714285716,0.0,0.0,3,185.88,-9.88,-9.58,-0.3,-9.88,0.0,-1.5,1.49,-1.5,49,10,0.0,0.0,0.0,9.679675,7.783263,3.198576,0.60561002,0.00487214,0.79574667,211.409958,"335.478394, 315.132233, 234.973618, 86.692284, 52.665691, ","[["" 134.211"", "" 123.656"", ""  60.430""], ["" 133.235"", "" 122.661"", ""  59.251""], ["" 131.912"", "" 121.881"", ""  60.150""], ["" 130.810"", "" 120.054"", ""  61.287""], ["" 131.933"", "" 120.534"", ""  60.578""], ["" 129.728"", "" 120.910"", ""  61.515""], ["" 133.053"", "" 119.639"", ""  60.281""], ["" 129.760"", "" 122.222"", ""  61.030""], ["" 133.937"", "" 118.929"", ""  60.047""], ["" 130.845"", "" 122.691"", ""  60.359""], ["" 130.723"", "" 118.625"", ""  61.819""], ["" 128.628"", "" 123.186"", ""  61.231""], ["" 127.308"", "" 122.817"", ""  60.926""], ["" 128.856"", "" 124.483"", ""  61.721""], ["" 126.254"", "" 123.707"", ""  61.108""], ["" 127.804"", "" 125.376"", ""  61.905""], ["" 126.505"", "" 124.984"", ""  61.597""], ["" 133.715"", "" 123.618"", ""  61.884""], ["" 133.518"", "" 124.831"", ""  62.444""], ["" 133.525"", "" 122.543"", ""  62.456""], ["" 133.746"", "" 125.634"", ""  61.877""], ["" 133.065"", "" 125.139"", ""  63.741""], ["" 133.895"", "" 125.109"", ""  64.825""], ["" 131.709"", "" 125.463"", ""  63.864""], ["" 133.383"", "" 125.407"", ""  66.046""], ["" 131.196"", "" 125.768"", ""  65.128""], ["" 132.040"", "" 125.742"", ""  66.238""], ["" 134.362"", "" 125.354"", ""  67.202""]]",[],3be_Grossjean_2025
50,6779,3bf_Grossjean_2025,4h2i_c_1_mae_prepped,1,20,-7.73,-0.2862962962962963,0.0,0.0,9,186.76,-9.22,-9.1,-0.12,-9.22,0.0,-2.34,1.49,-2.34,49,5,0.0,0.0,0.0,9.457764,7.133287,5.415769,0.92595541,0.25797539,-0.27578122,263.91568,"247.413956, 1.898209, 316.510284, 198.070297, 155.71788, ","[["" 133.135"", "" 124.497"", ""  60.624""], ["" 131.613"", "" 123.901"", ""  61.327""], ["" 130.134"", "" 123.245"", ""  63.123""], ["" 131.398"", "" 123.720"", ""  62.712""], ["" 129.154"", "" 122.986"", ""  62.159""], ["" 132.422"", "" 124.045"", ""  63.708""], ["" 129.430"", "" 123.205"", ""  60.805""], ["" 133.230"", "" 124.301"", ""  64.497""], ["" 130.644"", "" 123.669"", ""  60.407""], ["" 129.781"", "" 123.007"", ""  64.590""], ["" 128.416"", "" 122.968"", ""  59.726""], ["" 128.789"", "" 122.368"", ""  58.513""], ["" 127.073"", "" 123.341"", ""  59.896""], ["" 127.854"", "" 122.145"", ""  57.506""], ["" 126.134"", "" 123.119"", ""  58.891""], ["" 126.529"", "" 122.521"", ""  57.699""], ["" 134.479"", "" 123.382"", ""  61.154""], ["" 134.054"", "" 121.929"", ""  61.418""], ["" 132.936"", "" 121.542"", ""  60.767""], ["" 134.697"", "" 121.217"", ""  62.192""], ["" 132.460"", "" 122.251"", ""  60.228""], ["" 132.294"", "" 120.290"", ""  60.782""], ["" 132.867"", "" 119.084"", ""  60.343""], ["" 130.973"", "" 120.255"", ""  61.243""], ["" 132.203"", "" 117.899"", ""  60.362""], ["" 130.278"", "" 119.044"", ""  61.269""], ["" 130.927"", "" 117.893"", ""  60.824""]]",[],3bf_Grossjean_2025
51,7408,3bg_Grossjean_2025,4h2i_c_1_mae_prepped,1,1,-7.55,-0.26964285714285713,0.0,0.0,1,189.03,-9.34,-9.32,-0.02,-9.34,0.0,-2.19,1.79,-2.19,51,3,0.0,0.0,0.0,7.162143,4.351878,2.876993,-0.116316,0.27629708,-0.9540076,236.307968,"221.972748, 290.435974, 256.709717, 162.816544, 2.546594, 32.937523, ","[["" 128.672"", "" 123.184"", ""  60.838""], ["" 130.055"", "" 124.079"", ""  60.058""], ["" 131.360"", "" 124.254"", ""  61.264""], ["" 133.679"", "" 124.303"", ""  61.943""], ["" 132.721"", "" 124.103"", ""  60.926""], ["" 133.249"", "" 124.626"", ""  63.233""], ["" 133.142"", "" 123.771"", ""  59.563""], ["" 131.880"", "" 124.745"", ""  63.509""], ["" 133.475"", "" 123.509"", ""  58.486""], ["" 130.959"", "" 124.565"", ""  62.524""], ["" 135.181"", "" 124.193"", ""  61.689""], ["" 131.351"", "" 125.100"", ""  64.871""], ["" 130.056"", "" 124.725"", ""  65.266""], ["" 132.135"", "" 125.818"", ""  65.792""], ["" 129.570"", "" 125.036"", ""  66.532""], ["" 131.653"", "" 126.130"", ""  67.060""], ["" 130.373"", "" 125.735"", ""  67.428""], ["" 129.160"", "" 121.991"", ""  61.665""], ["" 129.458"", "" 120.872"", ""  60.982""], ["" 129.280"", "" 122.099"", ""  62.885""], ["" 129.333"", "" 120.877"", ""  59.981""], ["" 130.107"", "" 119.684"", ""  61.539""], ["" 131.622"", "" 119.741"", ""  61.383""], ["" 132.298"", "" 118.706"", ""  60.728""], ["" 132.334"", "" 120.839"", ""  61.874""], ["" 133.682"", "" 118.753"", ""  60.594""], ["" 133.720"", "" 120.886"", ""  61.739""], ["" 134.388"", "" 119.842"", ""  61.104""]]",[],3bg_Grossjean_2025
52,11579,3bk_Grossjean_2025,4h2i_c_1_mae_prepped,1,1,-6.5,-0.20967741935483872,0.0,0.0,1,183.38,-10.38,-10.2,-0.18,-10.38,0.0,-3.21,3.88,-3.21,43,8,0.0,0.0,0.0,2.316203,8.301928,0.947095,-0.72972066,0.54342405,-0.41496755,175.943146,"73.007011, 299.042267, 120.449402, 317.852203, 336.607697, 233.082779, 137.628662, 154.638382, 110.137413, 58.143463, 39.476154, 116.413567, 27.746117, ","[["" 128.585"", "" 123.917"", ""  60.282""], ["" 128.317"", "" 125.084"", ""  61.050""], ["" 127.133"", "" 124.816"", ""  61.990""], ["" 125.886"", "" 124.577"", ""  61.261""], ["" 125.214"", "" 123.414"", ""  61.224""], ["" 125.569"", "" 122.400"", ""  61.826""], ["" 125.492"", "" 125.377"", ""  60.787""], ["" 123.926"", "" 123.396"", ""  60.398""], ["" 124.263"", "" 123.442"", ""  58.609""], ["" 125.620"", "" 124.561"", ""  58.302""], ["" 127.839"", "" 125.088"", ""  57.499""], ["" 126.823"", "" 124.131"", ""  57.701""], ["" 127.620"", "" 126.412"", ""  57.895""], ["" 127.025"", "" 122.736"", ""  57.298""], ["" 126.402"", "" 126.773"", ""  58.482""], ["" 125.424"", "" 125.849"", ""  58.679""], ["" 127.185"", "" 121.635"", ""  56.979""], ["" 129.184"", "" 124.738"", ""  56.863""], ["" 126.111"", "" 128.167"", ""  58.947""], ["" 125.368"", "" 129.051"", ""  58.147""], ["" 126.571"", "" 128.629"", ""  60.192""], ["" 125.100"", "" 130.350"", ""  58.572""], ["" 126.306"", "" 129.927"", ""  60.620""], ["" 125.571"", "" 130.784"", ""  59.806""], ["" 128.571"", "" 122.715"", ""  61.039""], ["" 129.517"", "" 121.695"", ""  60.392""], ["" 129.574"", "" 120.528"", ""  61.202""], ["" 130.869"", "" 119.949"", ""  61.285""], ["" 130.803"", "" 118.486"", ""  60.827""], ["" 132.119"", "" 117.968"", ""  60.690""], ["" 133.099"", "" 118.970"", ""  60.462""]]",[],3bk_Grossjean_2025
53,12363,3ca_Grossjean_2025,4h2i_c_1_mae_prepped,1,6,-8.23,-0.2571875,0.0,0.0,1,187.63,-10.61,-10.58,-0.03,-10.61,0.0,-1.58,2.39,-1.58,56,7,0.0,0.0,0.0,6.865442,4.612614,4.709844,-0.23576043,-0.0706537,-0.96923943,203.981232,"185.958939, 97.917564, 184.283127, 88.868362, 47.543354, 105.73687, 271.479187, 204.101013, ","[["" 128.917"", "" 123.831"", ""  60.628""], ["" 128.935"", "" 124.297"", ""  59.313""], ["" 127.756"", "" 124.379"", ""  58.577""], ["" 126.533"", "" 124.002"", ""  59.146""], ["" 126.517"", "" 123.542"", ""  60.472""], ["" 127.695"", "" 123.458"", ""  61.209""], ["" 130.164"", "" 123.789"", ""  61.281""], ["" 130.808"", "" 122.744"", ""  61.844""], ["" 130.400"", "" 121.583"", ""  61.864""], ["" 130.660"", "" 124.668"", ""  61.280""], ["" 132.164"", "" 123.075"", ""  62.476""], ["" 132.446"", "" 124.865"", ""  62.676""], ["" 132.596"", "" 125.267"", ""  64.412""], ["" 134.039"", "" 125.483"", ""  66.230""], ["" 132.999"", "" 125.878"", ""  67.068""], ["" 133.847"", "" 125.175"", ""  64.929""], ["" 131.696"", "" 125.963"", ""  66.562""], ["" 131.483"", "" 125.658"", ""  65.193""], ["" 130.150"", "" 125.779"", ""  64.595""], ["" 129.097"", "" 125.874"", ""  64.123""], ["" 135.467"", "" 125.374"", ""  66.729""], ["" 130.610"", "" 126.378"", ""  67.501""], ["" 129.580"", "" 125.486"", ""  67.822""], ["" 130.595"", "" 127.664"", ""  68.055""], ["" 128.558"", "" 125.866"", ""  68.688""], ["" 129.576"", "" 128.049"", ""  68.923""], ["" 128.562"", "" 127.147"", ""  69.236""], ["" 125.280"", "" 124.102"", ""  58.325""], ["" 124.155"", "" 124.231"", ""  58.818""], ["" 125.507"", "" 124.030"", ""  56.989""], ["" 125.475"", "" 122.784"", ""  56.303""], ["" 126.734"", "" 121.983"", ""  56.645""]]",[],3ca_Grossjean_2025
54,11558,3cb_Grossjean_2025,4h2i_c_1_mae_prepped,1,20,-8.72,-0.2812903225806452,0.0,0.0,4,188.08,-10.8,-10.59,-0.21,-10.8,0.0,-1.21,2.09,-1.21,51,5,0.0,0.0,0.0,8.946464,7.130799,6.001634,-0.34983253,0.20726623,-0.91359614,168.169449,"136.525635, 165.491776, 354.545685, 130.520935, 336.231567, 64.331589, 5.268303, ","[["" 133.086"", "" 124.904"", ""  63.404""], ["" 131.816"", "" 125.165"", ""  63.784""], ["" 134.077"", "" 125.020"", ""  64.127""], ["" 131.100"", "" 124.979"", ""  63.096""], ["" 133.228"", "" 124.413"", ""  61.955""], ["" 132.119"", "" 123.037"", ""  61.496""], ["" 131.297"", "" 123.482"", ""  59.981""], ["" 131.567"", "" 124.563"", ""  57.937""], ["" 130.253"", "" 124.290"", ""  57.567""], ["" 132.086"", "" 124.172"", ""  59.122""], ["" 129.414"", "" 123.592"", ""  58.445""], ["" 129.940"", "" 123.186"", ""  59.699""], ["" 129.082"", "" 122.536"", ""  60.695""], ["" 128.405"", "" 122.023"", ""  61.480""], ["" 132.510"", "" 125.319"", ""  57.021""], ["" 128.010"", "" 123.329"", ""  58.005""], ["" 127.734"", "" 122.270"", ""  57.130""], ["" 126.951"", "" 124.116"", ""  58.475""], ["" 126.428"", "" 122.010"", ""  56.723""], ["" 125.644"", "" 123.860"", ""  58.068""], ["" 125.389"", "" 122.809"", ""  57.192""], ["" 131.318"", "" 125.630"", ""  65.018""], ["" 129.934"", "" 125.552"", ""  65.181""], ["" 132.102"", "" 126.161"", ""  66.053""], ["" 129.336"", "" 125.987"", ""  66.360""], ["" 131.503"", "" 126.596"", ""  67.232""], ["" 130.114"", "" 126.515"", ""  67.402""], ["" 129.502"", "" 126.996"", ""  68.687""], ["" 129.541"", "" 128.173"", ""  69.057""], ["" 128.901"", "" 126.008"", ""  69.398""], ["" 128.713"", "" 126.127"", ""  70.801""]]",[],3cb_Grossjean_2025
55,11519,3ce_Grossjean_2025,4h2i_c_1_mae_prepped,1,3,-8.6,-0.3071428571428571,0.0,0.0,4,185.88,-10.09,-9.8,-0.29,-10.09,0.0,-1.27,1.49,-1.27,60,8,0.0,0.0,0.0,11.182303,7.090908,3.354736,-0.03147095,0.99944048,0.01132698,233.105957,"205.335587, 85.40905, 126.787773, 67.376305, 11.32284, ","[["" 134.738"", "" 123.774"", ""  60.698""], ["" 133.585"", "" 124.201"", ""  59.359""], ["" 132.175"", "" 123.142"", ""  59.580""], ["" 131.436"", "" 121.125"", ""  60.477""], ["" 130.131"", "" 121.362"", ""  60.051""], ["" 132.447"", "" 121.992"", ""  60.244""], ["" 129.835"", "" 122.532"", ""  59.340""], ["" 130.882"", "" 123.457"", ""  59.097""], ["" 130.629"", "" 124.706"", ""  58.372""], ["" 130.428"", "" 125.692"", ""  57.801""], ["" 131.807"", "" 119.866"", ""  61.236""], ["" 128.427"", "" 122.730"", ""  58.882""], ["" 128.051"", "" 122.355"", ""  57.586""], ["" 127.474"", "" 123.311"", ""  59.728""], ["" 126.742"", "" 122.542"", ""  57.150""], ["" 126.164"", "" 123.500"", ""  59.294""], ["" 125.803"", "" 123.112"", ""  58.006""], ["" 134.040"", "" 123.722"", ""  62.057""], ["" 133.833"", "" 124.915"", ""  62.656""], ["" 133.705"", "" 122.630"", ""  62.521""], ["" 134.063"", "" 125.738"", ""  62.118""], ["" 133.221"", "" 125.171"", ""  63.895""], ["" 133.925"", "" 125.142"", ""  65.065""], ["" 131.860"", "" 125.495"", ""  63.865""], ["" 133.274"", "" 125.421"", ""  66.222""], ["" 131.204"", "" 125.777"", ""  65.066""], ["" 131.915"", "" 125.742"", ""  66.265""], ["" 134.118"", "" 125.373"", ""  67.482""]]",[],3ce_Grossjean_2025
56,11350,3ch_Grossjean_2025,4h2i_c_1_mae_prepped,1,4,-7.22,-0.21878787878787878,0.0,0.0,1,186.49,-9.6,-9.39,-0.21,-9.6,0.0,-2.51,2.39,-2.51,48,6,0.0,0.0,0.0,6.173335,4.043542,5.128398,0.0715019,0.70495159,0.70564207,101.495644,"236.207443, 138.972977, 209.923981, 323.471588, 31.693602, 37.150028, 196.847916, 98.41732, ","[["" 129.141"", "" 121.589"", ""  60.891""], ["" 129.555"", "" 121.811"", ""  59.624""], ["" 128.464"", "" 122.364"", ""  61.567""], ["" 130.054"", "" 121.053"", ""  59.181""], ["" 129.529"", "" 120.235"", ""  61.484""], ["" 131.322"", "" 120.088"", ""  61.743""], ["" 131.928"", "" 121.748"", ""  61.956""], ["" 133.111"", "" 123.480"", ""  60.946""], ["" 132.970"", "" 124.291"", ""  62.069""], ["" 132.603"", "" 122.229"", ""  60.882""], ["" 132.269"", "" 123.815"", ""  63.186""], ["" 131.713"", "" 122.512"", ""  63.127""], ["" 130.891"", "" 121.999"", ""  64.228""], ["" 130.243"", "" 121.592"", ""  65.096""], ["" 133.858"", "" 123.953"", ""  59.714""], ["" 132.151"", "" 124.717"", ""  64.373""], ["" 133.292"", "" 125.071"", ""  65.103""], ["" 130.903"", "" 125.202"", ""  64.780""], ["" 133.189"", "" 125.904"", ""  66.214""], ["" 130.796"", "" 126.036"", ""  65.891""], ["" 131.941"", "" 126.384"", ""  66.602""], ["" 129.349"", "" 122.929"", ""  58.793""], ["" 130.350"", "" 123.822"", ""  58.385""], ["" 128.040"", "" 123.126"", ""  58.350""], ["" 130.046"", "" 124.915"", ""  57.557""], ["" 127.712"", "" 124.210"", ""  57.520""], ["" 128.724"", "" 125.095"", ""  57.129""], ["" 130.979"", "" 125.839"", ""  57.123""], ["" 132.324"", "" 125.429"", ""  56.901""], ["" 126.434"", "" 124.466"", ""  57.053""], ["" 125.315"", "" 124.206"", ""  57.894""], ["" 128.412"", "" 126.170"", ""  56.332""], ["" 128.418"", "" 127.418"", ""  57.012""]]",[],3ch_Grossjean_2025
57,11660,3ci_Grossjean_2025,4h2i_c_1_mae_prepped,1,11,-8.28,-0.31846153846153846,0.0,0.0,5,191.34,-9.77,-9.44,-0.34,-9.77,0.0,-1.54,1.49,-1.54,40,11,0.0,0.0,0.0,7.317194,6.775691,6.281943,-0.29803736,-0.89638318,-0.32813249,174.720673,"17.826094, 286.825439, 98.572296, 317.361267, 81.013939, ","[["" 129.562"", "" 125.687"", ""  62.292""], ["" 130.818"", "" 124.434"", ""  62.064""], ["" 133.098"", "" 123.949"", ""  62.088""], ["" 132.867"", "" 122.615"", ""  61.765""], ["" 132.099"", "" 124.847"", ""  62.233""], ["" 131.552"", "" 122.164"", ""  61.585""], ["" 130.494"", "" 123.097"", ""  61.729""], ["" 129.101"", "" 122.693"", ""  61.510""], ["" 128.002"", "" 122.372"", ""  61.338""], ["" 134.501"", "" 124.483"", ""  62.311""], ["" 131.352"", "" 120.721"", ""  61.254""], ["" 130.321"", "" 119.985"", ""  61.854""], ["" 132.211"", "" 120.079"", ""  60.354""], ["" 130.144"", "" 118.638"", ""  61.549""], ["" 132.036"", "" 118.733"", ""  60.047""], ["" 131.002"", "" 118.018"", ""  60.645""], ["" 129.222"", "" 125.891"", ""  64.071""], ["" 130.310"", "" 125.294"", ""  64.970""], ["" 131.463"", "" 125.997"", ""  65.042""], ["" 130.082"", "" 124.245"", ""  65.575""], ["" 131.520"", "" 126.846"", ""  64.502""], ["" 132.606"", "" 125.665"", ""  65.756""], ["" 133.679"", "" 125.064"", ""  65.269""], ["" 132.761"", "" 125.940"", ""  67.114""], ["" 134.580"", "" 124.929"", ""  66.327""], ["" 134.013"", "" 125.464"", ""  67.435""]]",[],3ci_Grossjean_2025
58,11573,3cj_Grossjean_2025,4h2i_c_1_mae_prepped,1,19,-7.85,-0.3019230769230769,0.0,0.0,4,189.58,-9.34,-9.13,-0.22,-9.34,0.0,-1.17,1.49,-1.17,56,9,0.0,0.0,0.0,7.026292,6.500712,5.410965,-0.9463862,-0.3206908,0.03886597,131.589539,"141.140106, 76.876884, 76.894409, 216.170837, 356.733032, ","[["" 132.893"", "" 124.259"", ""  59.431""], ["" 131.455"", "" 123.235"", ""  59.661""], ["" 130.463"", "" 121.610"", ""  61.001""], ["" 129.272"", "" 121.682"", ""  60.283""], ["" 131.537"", "" 122.379"", ""  60.711""], ["" 129.161"", "" 122.581"", ""  59.213""], ["" 130.289"", "" 123.369"", ""  58.875""], ["" 130.245"", "" 124.307"", ""  57.749""], ["" 130.208"", "" 125.048"", ""  56.860""], ["" 130.622"", "" 120.672"", ""  62.181""], ["" 127.846"", "" 122.670"", ""  58.513""], ["" 127.645"", "" 122.017"", ""  57.291""], ["" 126.808"", "" 123.433"", ""  59.060""], ["" 126.422"", "" 122.112"", ""  56.633""], ["" 125.583"", "" 123.530"", ""  58.403""], ["" 125.395"", "" 122.867"", ""  57.193""], ["" 134.164"", "" 123.530"", ""  60.513""], ["" 133.742"", "" 123.555"", ""  61.986""], ["" 133.462"", "" 124.777"", ""  62.487""], ["" 133.712"", "" 122.502"", ""  62.627""], ["" 133.540"", "" 125.565"", ""  61.859""], ["" 133.190"", "" 125.087"", ""  63.810""], ["" 134.000"", "" 125.004"", ""  64.842""], ["" 131.603"", "" 125.690"", ""  64.168""], ["" 133.414"", "" 125.411"", ""  65.950""], ["" 132.094"", "" 125.836"", ""  65.830""]]",[],3cj_Grossjean_2025
59,6634,3ck_Grossjean_2025,4h2i_c_1_mae_prepped,1,15,-6.38,-0.20580645161290323,0.0,0.0,1,185.33,-10.25,-10.02,-0.23,-10.25,0.0,-3.17,3.88,-3.17,45,8,0.0,0.0,0.0,8.01122,11.371143,0.886854,0.5074601,-0.8033243,0.31169586,205.837448,"5.775706, 316.870056, 171.557312, 234.216339, 108.234741, 67.692482, 93.162781, 304.166534, 62.081619, 285.937531, 326.697357, 91.214363, 14.656182, ","[["" 132.531"", "" 124.098"", ""  60.085""], ["" 133.871"", "" 123.733"", ""  60.375""], ["" 134.172"", "" 124.014"", ""  61.860""], ["" 133.012"", "" 124.500"", ""  62.615""], ["" 133.042"", "" 124.997"", ""  63.864""], ["" 134.081"", "" 125.126"", ""  64.516""], ["" 132.121"", "" 124.443"", ""  62.144""], ["" 131.681"", "" 125.412"", ""  64.444""], ["" 130.296"", "" 124.280"", ""  64.077""], ["" 129.020"", "" 125.179"", ""  63.207""], ["" 128.355"", "" 121.982"", ""  61.777""], ["" 128.260"", "" 123.112"", ""  62.008""], ["" 128.139"", "" 124.545"", ""  62.300""], ["" 127.144"", "" 125.333"", ""  61.666""], ["" 127.100"", "" 126.704"", ""  61.951""], ["" 128.955"", "" 126.508"", ""  63.473""], ["" 128.010"", "" 127.250"", ""  62.852""], ["" 127.997"", "" 128.725"", ""  63.202""], ["" 126.134"", "" 124.788"", ""  60.711""], ["" 126.140"", "" 125.195"", ""  59.372""], ["" 125.155"", "" 123.884"", ""  61.145""], ["" 125.193"", "" 124.698"", ""  58.478""], ["" 124.208"", "" 123.386"", ""  60.255""], ["" 124.233"", "" 123.795"", ""  58.923""], ["" 131.592"", "" 123.036"", ""  60.171""], ["" 130.311"", "" 123.464"", ""  59.445""], ["" 129.677"", "" 122.312"", ""  58.904""], ["" 128.266"", "" 122.433"", ""  58.783""], ["" 127.899"", "" 122.640"", ""  57.307""], ["" 126.992"", "" 121.626"", ""  56.896""], ["" 125.784"", "" 122.135"", ""  56.353""]]",[],3ck_Grossjean_2025
60,6740,4aa_Grossjean_2025,4h2i_c_1_mae_prepped,1,4,-6.62,-0.22827586206896552,0.0,0.0,2,184.63,-8.41,-8.19,-0.22,-8.41,0.0,-0.49,1.79,-0.49,42,8,0.0,0.0,0.0,4.833043,7.217492,4.41824,0.0048461,-0.23394853,-0.97223691,246.664093,"254.875748, 84.109596, 3.875946, 59.329273, 194.639771, 74.766647, ","[["" 129.881"", "" 122.221"", ""  60.723""], ["" 131.109"", "" 122.248"", ""  60.059""], ["" 132.021"", "" 121.208"", ""  60.220""], ["" 131.726"", "" 120.124"", ""  61.058""], ["" 130.495"", "" 120.105"", ""  61.731""], ["" 129.580"", "" 121.143"", ""  61.568""], ["" 129.039"", "" 123.326"", ""  60.495""], ["" 127.094"", "" 122.751"", ""  61.553""], ["" 127.768"", "" 123.554"", ""  60.906""], ["" 129.453"", "" 124.049"", ""  59.924""], ["" 127.204"", "" 124.845"", ""  60.505""], ["" 127.060"", "" 126.011"", ""  61.271""], ["" 126.650"", "" 125.097"", ""  58.848""], ["" 126.494"", "" 127.119"", ""  60.548""], ["" 126.218"", "" 126.756"", ""  59.196""], ["" 126.177"", "" 128.451"", ""  60.929""], ["" 125.695"", "" 127.559"", ""  58.267""], ["" 125.629"", "" 129.296"", ""  59.958""], ["" 125.409"", "" 128.822"", ""  58.666""], ["" 126.398"", "" 129.013"", ""  62.326""], ["" 124.819"", "" 129.720"", ""  57.594""], ["" 127.416"", "" 126.107"", ""  62.593""], ["" 128.382"", "" 126.175"", ""  62.881""], ["" 126.721"", "" 126.110"", ""  63.326""], ["" 132.735"", "" 119.023"", ""  61.213""], ["" 133.772"", "" 119.141"", ""  61.875""], ["" 132.391"", "" 117.884"", ""  60.558""], ["" 131.370"", "" 117.886"", ""  59.568""], ["" 130.250"", "" 116.931"", ""  59.991""]]",[],4aa_Grossjean_2025
61,11508,4ab_Grossjean_2025,4h2i_c_1_mae_prepped,1,20,-7.35,-0.2625,0.0,0.0,11,186.65,-8.84,-8.55,-0.29,-8.84,0.0,-0.64,1.49,-0.64,50,12,0.0,0.0,0.0,7.001242,8.443221,5.48704,-0.70853155,-0.61444605,-0.34704335,110.792595,"211.919815, 17.240461, 133.042648, 130.202377, 269.600403, ","[["" 128.939"", "" 124.059"", ""  60.131""], ["" 127.714"", "" 123.452"", ""  60.407""], ["" 126.883"", "" 123.034"", ""  59.370""], ["" 127.261"", "" 123.226"", ""  58.034""], ["" 128.490"", "" 123.844"", ""  57.761""], ["" 129.323"", "" 124.260"", ""  58.797""], ["" 129.694"", "" 124.448"", ""  61.254""], ["" 128.281"", "" 125.829"", ""  62.406""], ["" 129.361"", "" 125.247"", ""  62.296""], ["" 130.632"", "" 124.077"", ""  61.267""], ["" 130.401"", "" 125.410"", ""  63.314""], ["" 130.289"", "" 125.967"", ""  64.598""], ["" 132.038"", "" 124.820"", ""  63.018""], ["" 131.511"", "" 125.941"", ""  65.356""], ["" 132.562"", "" 125.332"", ""  64.606""], ["" 131.838"", "" 126.393"", ""  66.663""], ["" 133.813"", "" 125.150"", ""  65.030""], ["" 133.151"", "" 126.205"", ""  67.110""], ["" 134.087"", "" 125.590"", ""  66.282""], ["" 130.852"", "" 127.068"", ""  67.605""], ["" 135.515"", "" 125.369"", ""  66.746""], ["" 129.127"", "" 126.497"", ""  65.101""], ["" 128.221"", "" 126.135"", ""  64.845""], ["" 129.142"", "" 127.276"", ""  65.746""], ["" 126.340"", "" 122.765"", ""  56.941""], ["" 126.405"", "" 121.644"", ""  56.427""], ["" 125.427"", "" 123.702"", ""  56.579""], ["" 124.647"", "" 124.378"", ""  57.555""]]",[],4ab_Grossjean_2025
62,11736,4ac_Grossjean_2025,4h2i_c_1_mae_prepped,1,6,-6.68,-0.2569230769230769,0.0,0.0,6,186.52,-7.88,-7.8,-0.08,-7.88,0.0,-0.7,1.19,-0.7,51,10,0.0,0.0,0.0,6.380749,8.324872,6.243947,0.59568337,-0.69050383,0.41032399,61.372509,"335.412628, 23.747675, 358.80899, 355.305939, ","[["" 128.158"", "" 125.568"", ""  61.993""], ["" 129.174"", "" 124.872"", ""  62.047""], ["" 129.473"", "" 123.899"", ""  61.153""], ["" 130.369"", "" 123.447"", ""  61.269""], ["" 130.158"", "" 125.068"", ""  63.115""], ["" 129.966"", "" 125.629"", ""  64.387""], ["" 131.834"", "" 124.566"", ""  62.887""], ["" 131.155"", "" 125.664"", ""  65.196""], ["" 132.265"", "" 125.110"", ""  64.492""], ["" 131.402"", "" 126.133"", ""  66.514""], ["" 133.507"", "" 124.999"", ""  64.965""], ["" 132.705"", "" 126.019"", ""  67.014""], ["" 133.708"", "" 125.458"", ""  66.224""], ["" 130.343"", "" 126.752"", ""  67.414""], ["" 135.127"", "" 125.323"", ""  66.743""], ["" 128.761"", "" 126.106"", ""  64.837""], ["" 128.542"", "" 126.160"", ""  65.821""], ["" 128.049"", "" 126.424"", ""  64.193""], ["" 128.731"", "" 123.449"", ""  60.045""], ["" 129.458"", "" 122.833"", ""  59.025""], ["" 127.337"", "" 123.554"", ""  59.934""], ["" 128.806"", "" 122.345"", ""  57.896""], ["" 126.688"", "" 123.064"", ""  58.803""], ["" 127.421"", "" 122.456"", ""  57.772""], ["" 126.863"", "" 121.945"", ""  56.617""], ["" 125.452"", "" 122.009"", ""  56.440""]]",[],4ac_Grossjean_2025
63,11570,4ad_Grossjean_2025,4h2i_c_1_mae_prepped,1,20,-6.05,-0.2520833333333333,0.0,0.0,13,188.3,-6.94,-6.92,-0.02,-6.94,0.0,-0.71,0.89,-0.71,40,4,0.0,0.0,0.0,3.129062,13.297894,8.258263,0.09319712,-0.94621004,-0.30984004,247.179184,"156.083649, 336.800476, 6.98723, ","[["" 126.518"", "" 129.832"", ""  64.490""], ["" 125.742"", "" 130.914"", ""  64.044""], ["" 125.373"", "" 130.837"", ""  62.657""], ["" 124.616"", "" 131.697"", ""  61.817""], ["" 123.989"", "" 133.004"", ""  62.278""], ["" 124.440"", "" 131.317"", ""  60.481""], ["" 124.998"", "" 130.129"", ""  60.015""], ["" 124.824"", "" 129.696"", ""  58.571""], ["" 125.726"", "" 129.284"", ""  60.786""], ["" 125.893"", "" 129.649"", ""  62.058""], ["" 126.808"", "" 128.678"", ""  63.188""], ["" 127.076"", "" 129.599"", ""  65.824""], ["" 127.287"", "" 130.541"", ""  66.590""], ["" 127.317"", "" 128.301"", ""  66.133""], ["" 127.042"", "" 127.620"", ""  65.441""], ["" 127.882"", "" 127.748"", ""  67.299""], ["" 128.958"", "" 128.451"", ""  67.850""], ["" 127.415"", "" 126.586"", ""  67.934""], ["" 129.577"", "" 127.992"", ""  69.008""], ["" 128.036"", "" 126.129"", ""  69.093""], ["" 129.116"", "" 126.831"", ""  69.624""], ["" 125.359"", "" 131.961"", ""  64.846""], ["" 124.712"", "" 132.668"", ""  64.528""], ["" 125.711"", "" 132.055"", ""  65.789""]]",[],4ad_Grossjean_2025
64,11436,4ae_Grossjean_2025,4h2i_c_1_mae_prepped,1,3,-6.39,-0.2556,0.0,0.0,14,187.06,-7.28,-7.06,-0.22,-7.28,0.0,-0.24,0.89,-0.24,42,9,0.0,0.0,0.0,6.962033,9.048225,6.397269,0.78105131,-0.4901098,0.38697705,83.555397,"91.200394, 104.988693, 245.984283, ","[["" 130.583"", "" 125.519"", ""  62.993""], ["" 130.357"", "" 125.922"", ""  64.320""], ["" 131.529"", "" 125.871"", ""  65.152""], ["" 131.744"", "" 126.177"", ""  66.523""], ["" 130.658"", "" 126.669"", ""  67.468""], ["" 133.037"", "" 126.012"", ""  67.034""], ["" 134.062"", "" 125.560"", ""  66.204""], ["" 135.470"", "" 125.367"", ""  66.736""], ["" 133.894"", "" 125.261"", ""  64.894""], ["" 132.661"", "" 125.419"", ""  64.410""], ["" 132.271"", "" 125.071"", ""  62.742""], ["" 129.620"", "" 125.419"", ""  61.894""], ["" 129.571"", "" 126.282"", ""  61.016""], ["" 128.816"", "" 124.326"", ""  61.924""], ["" 128.994"", "" 123.658"", ""  62.659""], ["" 127.803"", "" 123.956"", ""  61.023""], ["" 128.086"", "" 123.436"", ""  59.793""], ["" 126.487"", "" 124.182"", ""  61.439""], ["" 127.056"", "" 123.122"", ""  58.967""], ["" 125.437"", "" 123.853"", ""  60.579""], ["" 125.718"", "" 123.315"", ""  59.322""], ["" 127.443"", "" 122.551"", ""  57.617""], ["" 129.136"", "" 126.327"", ""  64.796""], ["" 128.352"", "" 125.693"", ""  64.864""], ["" 128.980"", "" 127.279"", ""  65.098""]]",[],4ae_Grossjean_2025
65,7103,4af_Grossjean_2025,4h2i_c_1_mae_prepped,1,5,-6.29,-0.26208333333333333,0.0,0.0,6,185.27,-7.18,-7.19,0.01,-7.18,0.0,-0.3,0.89,-0.3,38,3,0.0,0.0,0.0,5.890862,6.971852,5.451905,0.92460631,0.35682982,0.13332539,252.030624,"76.162018, 154.020844, 274.061432, ","[["" 129.559"", "" 123.346"", ""  61.593""], ["" 130.880"", "" 123.458"", ""  61.132""], ["" 131.808"", "" 123.933"", ""  62.124""], ["" 133.205"", "" 124.188"", ""  62.084""], ["" 134.075"", "" 123.983"", ""  60.854""], ["" 133.817"", "" 124.659"", ""  63.252""], ["" 133.058"", "" 124.863"", ""  64.402""], ["" 133.697"", "" 125.376"", ""  65.680""], ["" 131.724"", "" 124.630"", ""  64.477""], ["" 131.145"", "" 124.182"", ""  63.363""], ["" 129.432"", "" 123.837"", ""  63.285""], ["" 128.368"", "" 122.928"", ""  60.853""], ["" 127.431"", "" 122.376"", ""  61.432""], ["" 128.381"", "" 123.209"", ""  59.527""], ["" 129.185"", "" 123.716"", ""  59.188""], ["" 127.428"", "" 122.903"", ""  58.537""], ["" 127.823"", "" 122.015"", ""  57.529""], ["" 126.110"", "" 123.393"", ""  58.495""], ["" 127.007"", "" 121.619"", ""  56.520""], ["" 125.258"", "" 122.995"", ""  57.463""], ["" 125.743"", "" 122.112"", ""  56.497""], ["" 131.272"", "" 123.145"", ""  59.855""], ["" 131.334"", "" 123.844"", ""  59.128""], ["" 131.516"", "" 122.198"", ""  59.598""]]",[],4af_Grossjean_2025
66,11505,4ag_Grossjean_2025,4h2i_c_1_mae_prepped,1,6,-6.65,-0.266,0.0,0.0,3,189.57,-7.84,-7.51,-0.33,-7.84,0.0,-0.31,1.19,-0.31,39,7,0.0,0.0,0.0,7.839675,9.788434,11.011944,-0.72424725,0.67155267,0.15647024,126.790405,"229.145615, 200.185471, 197.428635, 58.593048, ","[["" 131.556"", "" 126.509"", ""  66.743""], ["" 130.687"", "" 126.037"", ""  65.749""], ["" 131.315"", "" 125.174"", ""  64.786""], ["" 130.819"", "" 124.495"", ""  63.641""], ["" 129.374"", "" 124.562"", ""  63.170""], ["" 131.717"", "" 123.717"", ""  62.902""], ["" 133.051"", "" 123.628"", ""  63.298""], ["" 134.043"", "" 122.789"", ""  62.513""], ["" 133.559"", "" 124.259"", ""  64.384""], ["" 132.700"", "" 125.000"", ""  65.085""], ["" 133.189"", "" 125.882"", ""  66.515""], ["" 131.254"", "" 127.388"", ""  67.872""], ["" 132.145"", "" 127.995"", ""  68.471""], ["" 129.954"", "" 127.476"", ""  68.225""], ["" 129.272"", "" 126.997"", ""  67.656""], ["" 129.423"", "" 128.310"", ""  69.302""], ["" 129.390"", "" 127.621"", ""  70.661""], ["" 128.760"", "" 126.380"", ""  70.797""], ["" 130.034"", "" 128.201"", ""  71.757""], ["" 128.751"", "" 125.736"", ""  72.032""], ["" 130.024"", "" 127.558"", ""  72.992""], ["" 129.381"", "" 126.329"", ""  73.124""], ["" 129.354"", "" 126.361"", ""  65.685""], ["" 128.633"", "" 125.655"", ""  65.711""], ["" 129.051"", "" 127.323"", ""  65.614""]]",[],4ag_Grossjean_2025
67,11597,4ah_Grossjean_2025,4h2i_c_1_mae_prepped,1,4,-6.51,-0.21,0.0,0.0,8,190.48,-8.6,-7.8,-0.8,-8.6,0.0,-0.73,2.09,-0.73,49,9,0.0,0.0,0.0,7.760756,9.898212,12.560629,-0.75743896,-0.06054832,-0.6500924,132.149582,"72.055847, 216.926102, 266.203308, 102.211136, 183.317169, 198.514206, 349.282471, ","[["" 131.812"", "" 128.193"", ""  68.704""], ["" 130.989"", "" 127.428"", ""  68.199""], ["" 129.721"", "" 127.322"", ""  68.649""], ["" 129.128"", "" 126.616"", ""  68.239""], ["" 131.327"", "" 126.606"", ""  67.037""], ["" 130.487"", "" 126.173"", ""  66.001""], ["" 132.994"", "" 126.091"", ""  66.770""], ["" 131.159"", "" 125.399"", ""  64.992""], ["" 132.551"", "" 125.276"", ""  65.287""], ["" 130.700"", "" 124.765"", ""  63.806""], ["" 133.447"", "" 124.626"", ""  64.544""], ["" 131.639"", "" 124.080"", ""  63.026""], ["" 132.974"", "" 124.036"", ""  63.420""], ["" 129.254"", "" 124.785"", ""  63.334""], ["" 134.011"", "" 123.304"", ""  62.588""], ["" 129.144"", "" 126.445"", ""  65.944""], ["" 128.448"", "" 125.733"", ""  66.109""], ["" 128.806"", "" 127.373"", ""  65.728""], ["" 129.166"", "" 128.041"", ""  69.795""], ["" 129.372"", "" 127.323"", ""  71.124""], ["" 130.226"", "" 127.865"", ""  72.086""], ["" 128.766"", "" 126.089"", ""  71.359""], ["" 130.460"", "" 127.196"", ""  73.298""], ["" 128.977"", "" 125.400"", ""  72.563""], ["" 129.822"", "" 125.968"", ""  73.527""], ["" 131.291"", "" 127.673"", ""  74.296""], ["" 132.650"", "" 127.253"", ""  74.333""], ["" 128.398"", "" 124.181"", ""  72.868""], ["" 129.167"", "" 122.990"", ""  72.737""], ["" 130.053"", "" 125.296"", ""  74.704""], ["" 131.200"", "" 124.458"", ""  74.676""]]",[],4ah_Grossjean_2025
68,11433,4ai_Grossjean_2025,4h2i_c_1_mae_prepped,1,1,-6.27,-0.2726086956521739,0.0,0.0,4,184.72,-7.17,-7.18,0.01,-7.17,0.0,-0.34,0.89,-0.34,35,6,0.0,0.0,0.0,6.567504,6.415178,3.87646,0.98642934,0.01579523,0.16342478,172.767548,"103.278191, 66.638237, 164.140701, ","[["" 129.921"", "" 122.732"", ""  60.045""], ["" 130.749"", "" 121.674"", ""  60.451""], ["" 132.062"", "" 122.085"", ""  60.868""], ["" 133.184"", "" 121.359"", ""  61.354""], ["" 133.207"", "" 119.850"", ""  61.546""], ["" 134.338"", "" 122.081"", ""  61.678""], ["" 134.361"", "" 123.466"", ""  61.520""], ["" 135.600"", "" 124.271"", ""  61.870""], ["" 133.313"", "" 124.190"", ""  61.058""], ["" 132.214"", "" 123.499"", ""  60.752""], ["" 130.769"", "" 124.278"", ""  60.147""], ["" 128.543"", "" 122.675"", ""  59.556""], ["" 127.634"", "" 122.268"", ""  60.281""], ["" 128.359"", "" 123.111"", ""  58.284""], ["" 129.175"", "" 123.436"", ""  57.787""], ["" 127.165"", "" 123.176"", ""  57.578""], ["" 126.445"", "" 124.266"", ""  57.366""], ["" 126.567"", "" 122.063"", ""  56.989""], ["" 125.336"", "" 123.876"", ""  56.613""], ["" 125.423"", "" 122.543"", ""  56.393""], ["" 130.355"", "" 120.359"", ""  60.462""], ["" 129.383"", "" 120.093"", ""  60.405""], ["" 131.030"", "" 119.610"", ""  60.534""]]",[],4ai_Grossjean_2025
69,6608,4aj_Grossjean_2025,4h2i_c_1_mae_prepped,1,19,-6.17,-0.2682608695652174,0.0,0.0,2,184.55,-7.07,-7.09,0.02,-7.07,0.0,-0.21,0.89,-0.21,45,6,0.0,0.0,0.0,6.62802,6.135931,3.896027,0.98703187,0.04551009,0.15393801,176.020813,"258.523651, 78.158028, 331.753265, ","[["" 129.995"", "" 122.438"", ""  60.073""], ["" 130.893"", "" 121.418"", ""  60.422""], ["" 132.184"", "" 121.896"", ""  60.840""], ["" 133.358"", "" 121.225"", ""  61.276""], ["" 133.483"", "" 119.714"", ""  61.396""], ["" 134.469"", "" 122.006"", ""  61.616""], ["" 134.401"", "" 123.394"", ""  61.520""], ["" 135.594"", "" 124.261"", ""  61.878""], ["" 133.298"", "" 124.069"", ""  61.111""], ["" 132.242"", "" 123.322"", ""  60.789""], ["" 130.739"", "" 124.029"", ""  60.241""], ["" 128.615"", "" 122.313"", ""  59.598""], ["" 127.704"", "" 122.026"", ""  60.378""], ["" 128.431"", "" 122.546"", ""  58.275""], ["" 129.247"", "" 122.780"", ""  57.729""], ["" 127.230"", "" 122.505"", ""  57.580""], ["" 126.789"", "" 121.552"", ""  56.787""], ["" 126.162"", "" 123.858"", ""  57.765""], ["" 125.600"", "" 121.843"", ""  56.296""], ["" 125.052"", "" 123.061"", ""  56.690""], ["" 130.586"", "" 120.083"", ""  60.379""], ["" 131.291"", "" 119.377"", ""  60.224""], ["" 129.636"", "" 119.758"", ""  60.501""]]",[],4aj_Grossjean_2025
70,6811,4ak_Grossjean_2025,4h2i_c_1_mae_prepped,1,11,-4.87,-0.17392857142857143,0.0,0.0,9,184.22,-8.15,-7.82,-0.32,-8.15,0.0,-3.12,3.28,-3.12,52,6,0.0,0.0,0.0,5.540303,6.4996,0.466365,-0.83072192,-0.35422348,0.42944943,147.502487,"100.553619, 202.770157, 181.773483, 348.787811, 52.155483, 265.579254, 305.898621, 30.962801, 103.944931, 235.990128, 269.772858, ","[["" 126.005"", "" 124.454"", ""  57.163""], ["" 125.395"", "" 123.177"", ""  57.291""], ["" 126.483"", "" 122.087"", ""  57.253""], ["" 127.604"", "" 122.347"", ""  58.155""], ["" 129.068"", "" 123.132"", ""  56.620""], ["" 128.806"", "" 122.833"", ""  57.786""], ["" 127.452"", "" 122.128"", ""  59.130""], ["" 129.790"", "" 122.997"", ""  58.855""], ["" 129.868"", "" 122.317"", ""  60.081""], ["" 131.076"", "" 124.194"", ""  58.706""], ["" 130.966"", "" 122.734"", ""  60.910""], ["" 131.718"", "" 123.768"", ""  60.276""], ["" 131.410"", "" 122.315"", ""  62.193""], ["" 132.796"", "" 124.368"", ""  60.784""], ["" 132.541"", "" 122.942"", ""  62.729""], ["" 133.191"", "" 123.942"", ""  62.009""], ["" 130.737"", "" 121.227"", ""  63.016""], ["" 134.418"", "" 124.637"", ""  62.570""], ["" 128.987"", "" 121.338"", ""  60.467""], ["" 128.075"", "" 121.558"", ""  60.840""], ["" 129.223"", "" 120.359"", ""  60.386""], ["" 125.648"", "" 125.367"", ""  58.192""], ["" 126.646"", "" 125.243"", ""  59.349""], ["" 126.554"", "" 123.941"", ""  59.912""], ["" 125.396"", "" 123.742"", ""  60.712""], ["" 125.720"", "" 122.751"", ""  61.837""], ["" 127.112"", "" 122.458"", ""  61.824""], ["" 127.891"", "" 123.383"", ""  62.566""]]",[],4ak_Grossjean_2025
71,11265,4al_Grossjean_2025,4h2i_c_1_mae_prepped,2,12,-5.15,-0.28611111111111115,0.0,0.0,17,185.46,-6.05,-5.95,-0.1,-6.05,0.0,-0.52,0.89,-0.52,26,7,0.0,0.0,0.0,8.502071,4.682816,5.456204,0.16557369,-0.35901828,0.91852666,102.17308,"93.629128, 181.244186, 151.819656, ","[["" 132.695"", "" 119.971"", ""  61.096""], ["" 131.474"", "" 120.626"", ""  61.298""], ["" 131.568"", "" 121.795"", ""  62.127""], ["" 130.598"", "" 122.732"", ""  62.576""], ["" 129.120"", "" 122.664"", ""  62.225""], ["" 131.034"", "" 123.781"", ""  63.392""], ["" 132.379"", "" 123.883"", ""  63.739""], ["" 132.877"", "" 125.012"", ""  64.623""], ["" 133.331"", "" 123.008"", ""  63.329""], ["" 132.913"", "" 122.008"", ""  62.552""], ["" 134.011"", "" 120.794"", ""  61.937""], ["" 132.971"", "" 118.750"", ""  60.308""], ["" 134.093"", "" 118.246"", ""  60.218""], ["" 131.864"", "" 118.250"", ""  59.701""], ["" 130.999"", "" 117.356"", ""  60.385""], ["" 130.289"", "" 120.197"", ""  60.758""], ["" 130.253"", "" 119.678"", ""  59.892""], ["" 129.405"", "" 120.387"", ""  61.211""]]",[],4al_Grossjean_2025
72,11372,4ba_Grossjean_2025,4h2i_c_1_mae_prepped,1,11,-6.36,-0.20516129032258065,0.0,0.0,1,184.78,-8.15,-7.96,-0.19,-8.15,0.0,-0.43,1.79,-0.43,44,7,0.0,0.0,0.0,4.092275,7.831919,4.323109,-0.01597854,-0.24423939,-0.96958332,247.16188,"89.237968, 122.542305, 86.331284, 0.659419, 215.713242, 219.718216, ","[["" 129.780"", "" 122.243"", ""  60.630""], ["" 130.983"", "" 122.248"", ""  59.923""], ["" 131.882"", "" 121.194"", ""  60.052""], ["" 131.597"", "" 120.113"", ""  60.896""], ["" 130.390"", "" 120.113"", ""  61.611""], ["" 129.489"", "" 121.167"", ""  61.482""], ["" 128.949"", "" 123.363"", ""  60.432""], ["" 126.999"", "" 122.775"", ""  61.472""], ["" 127.679"", "" 123.591"", ""  60.848""], ["" 129.371"", "" 124.096"", ""  59.882""], ["" 127.126"", "" 124.897"", ""  60.482""], ["" 127.024"", "" 126.056"", ""  61.269""], ["" 126.536"", "" 125.183"", ""  58.847""], ["" 126.455"", "" 127.189"", ""  60.579""], ["" 126.147"", "" 126.844"", ""  59.228""], ["" 126.166"", "" 128.526"", ""  60.984""], ["" 125.621"", "" 127.660"", ""  58.316""], ["" 125.612"", "" 129.382"", ""  60.018""], ["" 125.363"", "" 128.922"", ""  58.728""], ["" 124.772"", "" 129.838"", ""  57.671""], ["" 127.424"", "" 126.113"", ""  62.580""], ["" 126.795"", "" 125.903"", ""  63.341""], ["" 128.367"", "" 126.376"", ""  62.830""], ["" 126.420"", "" 129.077"", ""  62.391""], ["" 125.806"", "" 128.374"", ""  63.345""], ["" 127.726"", "" 129.055"", ""  62.657""], ["" 125.975"", "" 130.332"", ""  62.471""], ["" 132.586"", "" 118.990"", ""  61.016""], ["" 132.249"", "" 117.806"", ""  61.075""], ["" 134.083"", "" 119.358"", ""  61.073""], ["" 134.408"", "" 120.662"", ""  61.825""]]",[],4ba_Grossjean_2025
73,6860,4bb_Grossjean_2025,4h2i_c_1_mae_prepped,1,17,-6.43,-0.21433333333333332,0.0,0.0,2,186.42,-7.92,-7.66,-0.26,-7.92,0.0,-0.37,1.49,-0.37,54,7,0.0,0.0,0.0,6.719038,7.45649,7.030623,0.90276487,0.00910642,0.43003798,128.599228,"283.028229, 139.904129, 289.420929, 20.395735, 100.560951, ","[["" 128.912"", "" 122.370"", ""  63.074""], ["" 129.586"", "" 123.343"", ""  62.738""], ["" 129.463"", "" 123.980"", ""  61.547""], ["" 130.044"", "" 124.796"", ""  61.422""], ["" 130.579"", "" 123.913"", ""  63.651""], ["" 130.369"", "" 124.715"", ""  64.785""], ["" 132.293"", "" 123.570"", ""  63.425""], ["" 131.576"", "" 125.080"", ""  65.484""], ["" 132.716"", "" 124.512"", ""  64.836""], ["" 131.825"", "" 125.866"", ""  66.648""], ["" 133.983"", "" 124.652"", ""  65.223""], ["" 133.161"", "" 126.011"", ""  67.052""], ["" 134.185"", "" 125.403"", ""  66.330""], ["" 135.635"", "" 125.552"", ""  66.754""], ["" 129.125"", "" 125.125"", ""  65.193""], ["" 128.653"", "" 124.702"", ""  65.981""], ["" 128.634"", "" 125.870"", ""  64.717""], ["" 130.733"", "" 126.554"", ""  67.475""], ["" 129.773"", "" 127.097"", ""  66.722""], ["" 130.152"", "" 125.665"", ""  68.281""], ["" 131.267"", "" 127.530"", ""  68.207""], ["" 128.623"", "" 123.698"", ""  60.452""], ["" 129.142"", "" 122.819"", ""  59.500""], ["" 127.331"", "" 124.218"", ""  60.277""], ["" 128.393"", "" 122.472"", ""  58.379""], ["" 126.583"", "" 123.867"", ""  59.156""], ["" 127.106"", "" 122.992"", ""  58.194""], ["" 126.322"", "" 122.599"", ""  56.978""], ["" 126.570"", "" 121.601"", ""  56.299""], ["" 125.141"", "" 123.479"", ""  56.561""]]",[],4bb_Grossjean_2025
74,6918,4bc_Grossjean_2025,4h2i_c_1_mae_prepped,1,15,-6.42,-0.22137931034482758,0.0,0.0,6,186.62,-7.91,-7.82,-0.09,-7.91,0.0,-0.55,1.49,-0.55,57,10,0.0,0.0,0.0,6.488079,8.744521,6.666121,-0.54080953,0.74513449,-0.39025586,300.766083,"330.842041, 149.541229, 30.468817, 3.002562, 348.402893, ","[["" 128.261"", "" 125.703"", ""  61.869""], ["" 129.226"", "" 124.946"", ""  61.989""], ["" 129.482"", "" 123.910"", ""  61.153""], ["" 130.341"", "" 123.406"", ""  61.317""], ["" 130.192"", "" 125.132"", ""  63.076""], ["" 129.974"", "" 125.657"", ""  64.359""], ["" 131.877"", "" 124.667"", ""  62.854""], ["" 131.154"", "" 125.693"", ""  65.190""], ["" 132.279"", "" 125.177"", ""  64.476""], ["" 131.387"", "" 126.132"", ""  66.527""], ["" 133.521"", "" 125.073"", ""  64.950""], ["" 132.696"", "" 126.021"", ""  67.021""], ["" 133.709"", "" 125.499"", ""  66.220""], ["" 135.131"", "" 125.377"", ""  66.739""], ["" 128.750"", "" 126.098"", ""  64.793""], ["" 128.482"", "" 126.061"", ""  65.766""], ["" 128.072"", "" 126.480"", ""  64.148""], ["" 130.305"", "" 126.710"", ""  67.447""], ["" 129.351"", "" 127.365"", ""  66.782""], ["" 129.716"", "" 125.724"", ""  68.123""], ["" 130.854"", "" 127.568"", ""  68.307""], ["" 128.740"", "" 123.453"", ""  60.048""], ["" 129.471"", "" 122.868"", ""  59.014""], ["" 127.341"", "" 123.520"", ""  59.954""], ["" 128.819"", "" 122.373"", ""  57.887""], ["" 126.693"", "" 123.024"", ""  58.826""], ["" 127.431"", "" 122.448"", ""  57.780""], ["" 126.873"", "" 121.931"", ""  56.626""], ["" 125.468"", "" 122.040"", ""  56.425""]]",[],4bc_Grossjean_2025
75,11463,4bd_Grossjean_2025,4h2i_c_1_mae_prepped,1,6,-5.79,-0.21444444444444444,0.0,0.0,5,185.3,-6.98,-7.06,0.08,-6.98,0.0,-0.35,1.19,-0.35,49,2,0.0,0.0,0.0,6.397122,7.106593,5.434225,-0.93189857,-0.33464826,-0.13991281,109.130547,"78.749214, 145.099182, 306.843384, 236.131805, ","[["" 129.513"", "" 123.423"", ""  61.723""], ["" 130.835"", "" 123.472"", ""  61.250""], ["" 131.793"", "" 123.938"", ""  62.222""], ["" 133.203"", "" 124.147"", ""  62.173""], ["" 133.823"", "" 124.621"", ""  63.340""], ["" 133.073"", "" 124.872"", ""  64.486""], ["" 133.728"", "" 125.387"", ""  65.754""], ["" 131.735"", "" 124.684"", ""  64.563""], ["" 131.141"", "" 124.235"", ""  63.459""], ["" 129.417"", "" 123.950"", ""  63.402""], ["" 128.300"", "" 123.019"", ""  61.006""], ["" 127.400"", "" 122.410"", ""  61.586""], ["" 128.253"", "" 123.374"", ""  59.698""], ["" 129.027"", "" 123.925"", ""  59.359""], ["" 127.264"", "" 123.106"", ""  58.733""], ["" 127.668"", "" 122.333"", ""  57.641""], ["" 125.929"", "" 123.533"", ""  58.825""], ["" 126.760"", "" 122.005"", ""  56.638""], ["" 125.023"", "" 123.203"", ""  57.820""], ["" 125.442"", "" 122.444"", ""  56.730""], ["" 131.191"", "" 123.111"", ""  59.976""], ["" 131.725"", "" 123.723"", ""  59.376""], ["" 130.934"", "" 122.211"", ""  59.593""], ["" 134.070"", "" 123.889"", ""  60.936""], ["" 133.652"", "" 124.556"", ""  59.858""], ["" 135.325"", "" 124.266"", ""  61.177""], ["" 134.049"", "" 122.591"", ""  60.634""]]",[],4bd_Grossjean_2025
76,7013,4be_Grossjean_2025,4h2i_c_1_mae_prepped,1,13,-6.02,-0.215,0.0,0.0,13,186.1,-7.22,-7.07,-0.15,-7.22,0.0,-0.24,1.19,-0.24,51,7,0.0,0.0,0.0,6.784913,7.202204,6.624125,-0.64889084,0.43800481,-0.62216755,286.02533,"101.66684, 270.971222, 349.275787, 252.86499, ","[["" 130.436"", "" 123.426"", ""  62.745""], ["" 130.056"", "" 124.232"", ""  63.829""], ["" 131.158"", "" 124.676"", ""  64.648""], ["" 131.233"", "" 125.501"", ""  65.810""], ["" 132.506"", "" 125.720"", ""  66.359""], ["" 133.634"", "" 125.149"", ""  65.777""], ["" 135.016"", "" 125.376"", ""  66.362""], ["" 133.597"", "" 124.367"", ""  64.673""], ["" 132.391"", "" 124.155"", ""  64.148""], ["" 132.180"", "" 123.169"", ""  62.720""], ["" 129.584"", "" 122.793"", ""  61.734""], ["" 129.183"", "" 121.637"", ""  61.883""], ["" 129.269"", "" 123.571"", ""  60.668""], ["" 129.626"", "" 124.515"", ""  60.680""], ["" 128.460"", "" 123.264"", ""  59.560""], ["" 127.122"", "" 123.534"", ""  59.543""], ["" 129.099"", "" 122.647"", ""  58.478""], ["" 126.406"", "" 123.200"", ""  58.438""], ["" 128.349"", "" 122.311"", ""  57.349""], ["" 126.982"", "" 122.588"", ""  57.322""], ["" 124.926"", "" 123.531"", ""  58.486""], ["" 128.755"", "" 124.577"", ""  64.089""], ["" 128.481"", "" 125.026"", ""  64.951""], ["" 128.018"", "" 124.384"", ""  63.424""], ["" 130.022"", "" 126.153"", ""  66.485""], ["" 129.269"", "" 125.281"", ""  67.160""], ["" 130.431"", "" 127.079"", ""  67.351""], ["" 129.245"", "" 126.723"", ""  65.564""]]",[],4be_Grossjean_2025
77,11478,4bf_Grossjean_2025,4h2i_c_1_mae_prepped,1,1,-6.1,-0.22592592592592592,0.0,0.0,4,185.24,-7.29,-7.29,0.0,-7.29,0.0,-0.34,1.19,-0.34,51,3,0.0,0.0,0.0,6.394035,7.019835,5.173225,-0.92708506,-0.34879425,-0.13731663,109.667786,"74.735054, 152.427933, 120.531456, 354.917297, ","[["" 129.512"", "" 123.336"", ""  61.449""], ["" 130.838"", "" 123.410"", ""  60.992""], ["" 131.774"", "" 123.896"", ""  61.975""], ["" 133.182"", "" 124.127"", ""  61.945""], ["" 133.778"", "" 124.619"", ""  63.117""], ["" 133.007"", "" 124.864"", ""  64.249""], ["" 133.637"", "" 125.400"", ""  65.523""], ["" 131.671"", "" 124.655"", ""  64.312""], ["" 131.101"", "" 124.189"", ""  63.202""], ["" 129.383"", "" 123.874"", ""  63.122""], ["" 128.313"", "" 122.921"", ""  60.713""], ["" 127.375"", "" 122.378"", ""  61.297""], ["" 128.325"", "" 123.193"", ""  59.385""], ["" 129.130"", "" 123.695"", ""  59.041""], ["" 127.368"", "" 122.886"", ""  58.399""], ["" 127.768"", "" 122.017"", ""  57.377""], ["" 126.044"", "" 123.359"", ""  58.373""], ["" 126.949"", "" 121.625"", ""  56.367""], ["" 125.189"", "" 122.964"", ""  57.342""], ["" 125.679"", "" 122.101"", ""  56.362""], ["" 131.218"", "" 123.050"", ""  59.724""], ["" 131.066"", "" 122.118"", ""  59.366""], ["" 131.663"", "" 123.710"", ""  59.102""], ["" 134.070"", "" 123.875"", ""  60.722""], ["" 135.332"", "" 124.273"", ""  60.902""], ["" 134.098"", "" 122.571"", ""  60.445""], ["" 133.589"", "" 124.539"", ""  59.670""]]",[],4bf_Grossjean_2025
78,11621,4bg_Grossjean_2025,4h2i_c_1_mae_prepped,1,19,-6.66,-0.23785714285714285,0.0,0.0,4,188.34,-8.15,-7.8,-0.34,-8.15,0.0,-0.24,1.49,-0.24,57,7,0.0,0.0,0.0,9.543099,9.361627,7.05639,-0.464178,0.80295039,0.37391103,109.099121,"133.214874, 321.490234, 173.060226, 226.733109, 236.864532, ","[["" 132.999"", "" 125.184"", ""  63.583""], ["" 132.005"", "" 125.661"", ""  62.715""], ["" 132.173"", "" 125.245"", ""  61.344""], ["" 131.411"", "" 125.474"", ""  60.160""], ["" 131.890"", "" 124.906"", ""  58.969""], ["" 133.064"", "" 124.157"", ""  58.967""], ["" 133.597"", "" 123.542"", ""  57.686""], ["" 133.806"", "" 123.918"", ""  60.072""], ["" 133.354"", "" 124.453"", ""  61.207""], ["" 134.203"", "" 124.232"", ""  62.719""], ["" 133.155"", "" 125.433"", ""  65.016""], ["" 133.928"", "" 124.766"", ""  65.705""], ["" 132.434"", "" 126.456"", ""  65.519""], ["" 131.762"", "" 126.907"", ""  64.915""], ["" 132.419"", "" 126.877"", ""  66.920""], ["" 131.062"", "" 126.712"", ""  67.592""], ["" 130.468"", "" 127.794"", ""  68.248""], ["" 130.380"", "" 125.496"", ""  67.492""], ["" 129.211"", "" 127.651"", ""  68.828""], ["" 129.121"", "" 125.354"", ""  68.071""], ["" 128.543"", "" 126.432"", ""  68.738""], ["" 130.960"", "" 126.446"", ""  63.131""], ["" 131.097"", "" 127.245"", ""  63.733""], ["" 130.009"", "" 126.244"", ""  62.853""], ["" 130.115"", "" 126.291"", ""  60.113""], ["" 130.268"", "" 127.538"", ""  60.561""], ["" 129.678"", "" 126.369"", ""  58.856""], ["" 129.185"", "" 125.707"", ""  60.867""]]",[],4bg_Grossjean_2025
79,6817,4bh_Grossjean_2025,4h2i_c_1_mae_prepped,1,18,-6.0,-0.17647058823529413,0.0,0.0,10,189.92,-8.39,-7.59,-0.8,-8.39,0.0,-0.72,2.39,-0.72,58,9,0.0,0.0,0.0,7.961715,9.837321,12.159954,-0.76577005,-0.12518716,-0.63081249,126.391388,"82.922775, 105.595573, 214.741013, 242.730103, 76.16317, 161.817917, 188.747055, 356.062531, ","[["" 131.350"", "" 128.144"", ""  68.729""], ["" 130.666"", "" 127.255"", ""  68.218""], ["" 129.429"", "" 126.948"", ""  68.658""], ["" 128.960"", "" 126.153"", ""  68.246""], ["" 131.143"", "" 126.498"", ""  67.059""], ["" 130.390"", "" 125.894"", ""  66.040""], ["" 132.871"", "" 126.317"", ""  66.775""], ["" 131.187"", "" 125.249"", ""  65.025""], ["" 132.578"", "" 125.413"", ""  65.308""], ["" 130.851"", "" 124.517"", ""  63.848""], ["" 133.583"", "" 124.946"", ""  64.567""], ["" 131.913"", "" 124.027"", ""  63.072""], ["" 133.231"", "" 124.259"", ""  63.456""], ["" 134.391"", "" 123.738"", ""  62.625""], ["" 129.020"", "" 125.907"", ""  66.012""], ["" 128.471"", "" 125.129"", ""  66.353""], ["" 128.508"", "" 126.695"", ""  65.641""], ["" 129.417"", "" 124.235"", ""  63.388""], ["" 128.804"", "" 123.307"", ""  64.125""], ["" 128.690"", "" 125.349"", ""  63.466""], ["" 129.425"", "" 123.803"", ""  62.127""], ["" 128.755"", "" 127.570"", ""  69.798""], ["" 129.185"", "" 126.999"", ""  71.144""], ["" 130.081"", "" 127.702"", ""  71.949""], ["" 128.741"", "" 125.739"", ""  71.548""], ["" 130.520"", "" 127.172"", ""  73.172""], ["" 129.157"", "" 125.187"", ""  72.770""], ["" 130.042"", "" 125.917"", ""  73.576""], ["" 131.404"", "" 127.814"", ""  74.020""], ["" 132.665"", "" 127.215"", ""  74.299""], ["" 128.746"", "" 123.951"", ""  73.239""], ["" 129.288"", "" 122.770"", ""  72.658""], ["" 130.472"", "" 125.380"", ""  74.767""], ["" 131.371"", "" 124.290"", ""  74.617""]]",[],4bh_Grossjean_2025
80,12276,4bi_Grossjean_2025,4h2i_c_1_mae_prepped,2,8,-6.05,-0.2326923076923077,0.0,0.0,4,184.55,-7.24,-7.1,-0.15,-7.24,0.0,-0.33,1.19,-0.33,34,5,0.0,0.0,0.0,6.648849,6.210297,4.41274,-0.99490417,-0.00695688,-0.10058472,175.291122,"204.314514, 64.827286, 319.831207, 243.892807, ","[["" 129.613"", "" 122.953"", ""  60.548""], ["" 130.479"", "" 121.848"", ""  60.620""], ["" 131.842"", "" 122.188"", ""  60.946""], ["" 133.019"", "" 121.403"", ""  61.131""], ["" 134.205"", "" 122.088"", ""  61.445""], ["" 134.205"", "" 123.475"", ""  61.571""], ["" 135.477"", "" 124.229"", ""  61.915""], ["" 133.106"", "" 124.246"", ""  61.404""], ["" 131.979"", "" 123.601"", ""  61.104""], ["" 130.475"", "" 124.458"", ""  60.861""], ["" 128.183"", "" 122.974"", ""  60.231""], ["" 127.372"", "" 122.375"", ""  60.939""], ["" 127.840"", "" 123.701"", ""  59.138""], ["" 128.587"", "" 124.162"", ""  58.640""], ["" 126.566"", "" 123.900"", ""  58.621""], ["" 126.279"", "" 124.237"", ""  57.375""], ["" 125.406"", "" 123.763"", ""  59.381""], ["" 124.888"", "" 124.330"", ""  57.293""], ["" 124.374"", "" 124.040"", ""  58.513""], ["" 130.067"", "" 120.558"", ""  60.405""], ["" 130.629"", "" 119.897"", ""  59.887""], ["" 129.180"", "" 120.224"", ""  60.755""], ["" 133.067"", "" 119.876"", ""  61.012""], ["" 132.800"", "" 119.440"", ""  59.779""], ["" 134.282"", "" 119.435"", ""  61.336""], ["" 132.167"", "" 119.331"", ""  61.831""]]",[],4bi_Grossjean_2025
81,11564,4bj_Grossjean_2025,4h2i_c_1_mae_prepped,1,14,-5.59,-0.215,0.0,0.0,2,184.58,-6.78,-6.76,-0.02,-6.78,0.0,-0.27,1.19,-0.27,38,4,0.0,0.0,0.0,6.690304,6.15471,4.466901,-0.99636511,-0.01887169,-0.08306883,173.43631,"213.92157, 55.597111, 321.203308, 121.240967, ","[["" 129.652"", "" 122.876"", ""  60.634""], ["" 130.545"", "" 121.793"", ""  60.652""], ["" 131.908"", "" 122.158"", ""  60.954""], ["" 133.110"", "" 121.401"", ""  61.084""], ["" 134.284"", "" 122.107"", ""  61.388""], ["" 134.253"", "" 123.490"", ""  61.549""], ["" 135.516"", "" 124.268"", ""  61.871""], ["" 133.130"", "" 124.237"", ""  61.434""], ["" 132.013"", "" 123.570"", ""  61.148""], ["" 130.481"", "" 124.394"", ""  60.970""], ["" 128.214"", "" 122.868"", ""  60.356""], ["" 127.456"", "" 122.111"", ""  60.969""], ["" 127.798"", "" 123.745"", ""  59.410""], ["" 128.500"", "" 124.326"", ""  58.976""], ["" 126.496"", "" 123.944"", ""  58.971""], ["" 126.092"", "" 124.283"", ""  57.766""], ["" 125.227"", "" 123.723"", ""  60.133""], ["" 124.779"", "" 124.379"", ""  57.704""], ["" 124.086"", "" 124.115"", ""  58.881""], ["" 130.161"", "" 120.498"", ""  60.412""], ["" 130.737"", "" 119.858"", ""  59.885""], ["" 129.279"", "" 120.141"", ""  60.753""], ["" 133.194"", "" 119.880"", ""  60.913""], ["" 132.402"", "" 119.215"", ""  61.757""], ["" 132.832"", "" 119.544"", ""  59.675""], ["" 134.444"", "" 119.471"", ""  61.133""]]",[],4bj_Grossjean_2025
82,11445,4bk_Grossjean_2025,4h2i_c_1_mae_prepped,1,3,-4.63,-0.14935483870967742,0.0,0.0,5,184.85,-8.21,-7.99,-0.21,-8.21,0.0,-2.23,3.58,-2.23,62,6,0.0,0.0,0.0,5.679992,8.392785,3.302334,0.60092456,0.79770806,-0.05051251,201.28093,"293.808472, 355.34903, 201.00296, 272.408264, 209.673508, 114.085976, 306.075012, 28.763119, 332.484436, 308.645508, 238.923828, 295.775665, ","[["" 125.849"", "" 124.422"", ""  57.389""], ["" 126.522"", "" 123.359"", ""  56.725""], ["" 126.828"", "" 122.239"", ""  57.735""], ["" 128.122"", "" 122.386"", ""  58.402""], ["" 128.945"", "" 124.059"", ""  57.120""], ["" 129.084"", "" 123.265"", ""  58.051""], ["" 128.298"", "" 121.763"", ""  59.176""], ["" 130.311"", "" 123.230"", ""  58.850""], ["" 130.834"", "" 122.167"", ""  59.601""], ["" 131.318"", "" 124.668"", ""  58.985""], ["" 132.061"", "" 122.482"", ""  60.291""], ["" 132.440"", "" 123.837"", ""  60.036""], ["" 132.919"", "" 121.723"", ""  61.142""], ["" 133.520"", "" 124.447"", ""  60.523""], ["" 134.054"", "" 122.373"", ""  61.653""], ["" 134.313"", "" 123.701"", ""  61.327""], ["" 135.535"", "" 124.418"", ""  61.872""], ["" 130.238"", "" 120.934"", ""  59.673""], ["" 130.671"", "" 120.107"", ""  59.285""], ["" 129.342"", "" 120.809"", ""  60.124""], ["" 132.678"", "" 120.259"", ""  61.525""], ["" 133.674"", "" 119.737"", ""  62.245""], ["" 131.565"", "" 120.160"", ""  62.251""], ["" 132.552"", "" 119.519"", ""  60.424""], ["" 124.567"", "" 124.068"", ""  57.887""], ["" 124.573"", "" 124.161"", ""  59.418""], ["" 125.540"", "" 123.261"", ""  59.942""], ["" 126.424"", "" 123.853"", ""  60.884""], ["" 126.938"", "" 122.775"", ""  61.848""], ["" 128.129"", "" 122.201"", ""  61.325""], ["" 129.211"", "" 122.212"", ""  62.244""]]",[],4bk_Grossjean_2025
83,11353,4ca_Grossjean_2025,4h2i_c_1_mae_prepped,1,8,-7.73,-0.20891891891891892,0.0,0.0,17,185.93,-10.12,-10.02,-0.1,-10.12,0.0,-1.0,2.39,-1.0,65,5,0.0,0.0,0.0,5.701987,8.382384,7.979149,-0.1134158,-0.70724337,0.69781349,252.072113,"174.864838, 127.936676, 8.179499, 41.851177, 39.933029, 291.689941, 83.221397, 239.076279, ","[["" 129.444"", "" 126.282"", ""  67.510""], ["" 128.717"", "" 125.728"", ""  68.564""], ["" 128.745"", "" 126.315"", ""  69.826""], ["" 129.497"", "" 127.475"", ""  70.056""], ["" 130.220"", "" 128.033"", ""  68.991""], ["" 130.195"", "" 127.446"", ""  67.729""], ["" 129.337"", "" 125.613"", ""  66.275""], ["" 131.512"", "" 125.322"", ""  65.630""], ["" 130.305"", "" 125.202"", ""  65.418""], ["" 128.389"", "" 125.401"", ""  66.002""], ["" 129.823"", "" 124.569"", ""  64.189""], ["" 130.270"", "" 123.385"", ""  63.578""], ["" 128.545"", "" 125.328"", ""  63.243""], ["" 129.593"", "" 123.065"", ""  62.345""], ["" 128.617"", "" 124.059"", ""  62.044""], ["" 129.717"", "" 121.990"", ""  61.419""], ["" 127.823"", "" 124.068"", ""  60.976""], ["" 128.879"", "" 122.011"", ""  60.294""], ["" 127.961"", "" 123.047"", ""  60.090""], ["" 131.261"", "" 122.596"", ""  64.105""], ["" 131.780"", "" 122.869"", ""  64.928""], ["" 131.506"", "" 121.709"", ""  63.687""], ["" 130.702"", "" 120.826"", ""  61.578""], ["" 131.958"", "" 121.228"", ""  61.781""], ["" 130.350"", "" 120.075"", ""  62.621""], ["" 130.698"", "" 120.078"", ""  60.475""], ["" 127.058"", "" 123.091"", ""  58.891""], ["" 127.337"", "" 122.318"", ""  57.753""], ["" 125.916"", "" 123.912"", ""  58.869""], ["" 126.507"", "" 122.358"", ""  56.636""], ["" 125.084"", "" 123.955"", ""  57.754""], ["" 125.382"", "" 123.176"", ""  56.640""], ["" 129.501"", "" 128.085"", ""  71.427""], ["" 129.129"", "" 129.240"", ""  71.658""], ["" 129.960"", "" 127.241"", ""  72.388""], ["" 129.062"", "" 126.495"", ""  73.199""], ["" 129.155"", "" 125.011"", ""  72.830""]]",[],4ca_Grossjean_2025
84,7289,4cb_Grossjean_2025,4h2i_c_1_mae_prepped,1,7,-7.59,-0.21083333333333332,0.0,0.0,7,185.96,-9.68,-9.59,-0.09,-9.68,0.0,-0.93,2.09,-0.93,64,4,0.0,0.0,0.0,5.573049,8.26029,7.811888,-0.0497463,-0.74341793,0.66697457,254.623505,"356.185974, 234.0905, 186.349442, 39.116631, 50.096786, 298.812317, 241.171906, ","[["" 129.355"", "" 126.377"", ""  67.556""], ["" 128.750"", "" 125.746"", ""  68.644""], ["" 128.770"", "" 126.338"", ""  69.904""], ["" 129.390"", "" 127.580"", ""  70.098""], ["" 129.992"", "" 128.213"", ""  69.001""], ["" 129.975"", "" 127.621"", ""  67.741""], ["" 129.263"", "" 125.696"", ""  66.327""], ["" 131.445"", "" 125.336"", ""  65.745""], ["" 130.240"", "" 125.248"", ""  65.502""], ["" 128.316"", "" 125.510"", ""  66.029""], ["" 129.774"", "" 124.611"", ""  64.267""], ["" 130.235"", "" 123.431"", ""  63.661""], ["" 128.500"", "" 125.363"", ""  63.309""], ["" 129.569"", "" 123.106"", ""  62.423""], ["" 128.590"", "" 124.094"", ""  62.110""], ["" 129.707"", "" 122.029"", ""  61.500""], ["" 127.806"", "" 124.096"", ""  61.035""], ["" 128.878"", "" 122.043"", ""  60.368""], ["" 127.957"", "" 123.073"", ""  60.154""], ["" 131.229"", "" 122.651"", ""  64.195""], ["" 131.503"", "" 121.774"", ""  63.774""], ["" 131.725"", "" 122.930"", ""  65.029""], ["" 130.696"", "" 120.870"", ""  61.672""], ["" 130.581"", "" 120.255"", ""  62.851""], ["" 130.488"", "" 119.956"", ""  60.724""], ["" 131.946"", "" 121.325"", ""  61.579""], ["" 127.062"", "" 123.107"", ""  58.948""], ["" 125.890"", "" 123.880"", ""  58.945""], ["" 127.365"", "" 122.361"", ""  57.795""], ["" 125.054"", "" 123.912"", ""  57.832""], ["" 126.534"", "" 122.392"", ""  56.680""], ["" 125.380"", "" 123.169"", ""  56.702""], ["" 129.385"", "" 128.195"", ""  71.468""], ["" 128.858"", "" 129.283"", ""  71.720""], ["" 130.018"", "" 127.437"", ""  72.399""], ["" 131.160"", "" 127.926"", ""  73.088""]]",[],4cb_Grossjean_2025
85,6971,4cc_Grossjean_2025,4h2i_c_1_mae_prepped,1,7,-7.34,-0.21588235294117647,0.0,0.0,15,185.5,-9.13,-9.06,-0.07,-9.13,0.0,-0.86,1.79,-0.86,67,4,0.0,0.0,0.0,5.749545,7.933788,7.339316,0.36591777,0.46715362,-0.80490476,120.946068,"356.149902, 230.19194, 183.291763, 44.59967, 302.604309, 36.691891, ","[["" 131.458"", "" 125.298"", ""  65.787""], ["" 130.256"", "" 125.224"", ""  65.525""], ["" 129.275"", "" 125.697"", ""  66.331""], ["" 128.328"", "" 125.515"", ""  66.035""], ["" 129.801"", "" 124.596"", ""  64.281""], ["" 130.240"", "" 123.399"", ""  63.693""], ["" 128.539"", "" 125.356"", ""  63.313""], ["" 129.579"", "" 123.075"", ""  62.452""], ["" 128.615"", "" 124.073"", ""  62.128""], ["" 129.708"", "" 121.991"", ""  61.538""], ["" 127.831"", "" 124.075"", ""  61.052""], ["" 128.878"", "" 122.003"", ""  60.405""], ["" 127.968"", "" 123.041"", ""  60.182""], ["" 131.213"", "" 122.604"", ""  64.244""], ["" 131.477"", "" 121.720"", ""  63.833""], ["" 131.700"", "" 122.878"", ""  65.085""], ["" 130.687"", "" 120.825"", ""  61.716""], ["" 130.614"", "" 120.258"", ""  62.923""], ["" 130.430"", "" 119.878"", ""  60.815""], ["" 131.938"", "" 121.257"", ""  61.554""], ["" 127.070"", "" 123.069"", ""  58.979""], ["" 125.871"", "" 123.800"", ""  58.995""], ["" 127.396"", "" 122.361"", ""  57.810""], ["" 125.032"", "" 123.828"", ""  57.884""], ["" 126.561"", "" 122.387"", ""  56.696""], ["" 125.381"", "" 123.123"", ""  56.738""], ["" 129.383"", "" 126.381"", ""  67.556""], ["" 128.700"", "" 125.820"", ""  68.637""], ["" 130.087"", "" 127.582"", ""  67.733""], ["" 128.736"", "" 126.436"", ""  69.885""], ["" 130.119"", "" 128.194"", ""  68.982""], ["" 129.444"", "" 127.623"", ""  70.072""], ["" 129.421"", "" 128.161"", ""  71.344""], ["" 130.650"", "" 128.378"", ""  72.028""]]",[],4cc_Grossjean_2025
86,7124,4cd_Grossjean_2025,4h2i_c_1_mae_prepped,1,17,-7.5,-0.234375,0.0,0.0,7,184.82,-9.0,-8.9,-0.1,-9.0,0.0,-0.76,1.49,-0.76,66,4,0.0,0.0,0.0,5.788725,7.804062,6.765309,-0.50970151,-0.11713254,0.8523405,218.76886,"73.780281, 47.391541, 11.814846, 228.986954, 130.971756, ","[["" 129.855"", "" 124.704"", ""  64.233""], ["" 130.280"", "" 123.489"", ""  63.671""], ["" 129.612"", "" 123.143"", ""  62.440""], ["" 129.720"", "" 122.032"", ""  61.556""], ["" 128.888"", "" 122.027"", ""  60.424""], ["" 127.989"", "" 123.069"", ""  60.180""], ["" 127.886"", "" 124.140"", ""  61.010""], ["" 128.668"", "" 124.152"", ""  62.087""], ["" 128.615"", "" 125.465"", ""  63.238""], ["" 130.302"", "" 125.342"", ""  65.475""], ["" 131.501"", "" 125.441"", ""  65.733""], ["" 129.313"", "" 125.802"", ""  66.279""], ["" 128.372"", "" 125.716"", ""  65.922""], ["" 129.397"", "" 126.409"", ""  67.546""], ["" 128.702"", "" 125.771"", ""  68.578""], ["" 130.148"", "" 127.564"", ""  67.825""], ["" 128.735"", "" 126.286"", ""  69.870""], ["" 130.179"", "" 128.076"", ""  69.120""], ["" 129.470"", "" 127.438"", ""  70.135""], ["" 131.244"", "" 122.695"", ""  64.238""], ["" 131.661"", "" 121.923"", ""  63.739""], ["" 131.573"", "" 122.859"", ""  65.179""], ["" 130.680"", "" 120.855"", ""  61.765""], ["" 130.628"", "" 120.349"", ""  62.999""], ["" 130.381"", "" 119.872"", ""  60.917""], ["" 131.934"", "" 121.254"", ""  61.552""], ["" 127.093"", "" 123.083"", ""  58.975""], ["" 125.911"", "" 123.842"", ""  58.967""], ["" 127.411"", "" 122.345"", ""  57.822""], ["" 125.076"", "" 123.859"", ""  57.853""], ["" 126.578"", "" 122.359"", ""  56.707""], ["" 125.413"", "" 123.116"", ""  56.727""]]",[],4cd_Grossjean_2025
87,11630,4ce_Grossjean_2025,4h2i_c_1_mae_prepped,1,9,-7.25,-0.2196969696969697,0.0,0.0,2,185.21,-8.74,-8.58,-0.15,-8.74,0.0,-0.82,1.49,-0.82,66,5,0.0,0.0,0.0,5.82652,7.786519,7.051349,0.53051409,0.12655704,-0.83817547,138.504028,"245.99791, 39.034561, 353.320404, 0.56866, 8.790339, ","[["" 129.694"", "" 124.576"", ""  64.362""], ["" 130.227"", "" 123.403"", ""  63.802""], ["" 129.634"", "" 123.029"", ""  62.541""], ["" 129.862"", "" 121.946"", ""  61.644""], ["" 129.083"", "" 121.905"", ""  60.476""], ["" 128.126"", "" 122.889"", ""  60.206""], ["" 127.890"", "" 123.917"", ""  61.063""], ["" 128.627"", "" 123.968"", ""  62.170""], ["" 128.429"", "" 125.252"", ""  63.337""], ["" 130.079"", "" 125.254"", ""  65.602""], ["" 131.265"", "" 125.377"", ""  65.912""], ["" 129.051"", "" 125.718"", ""  66.356""], ["" 128.120"", "" 125.506"", ""  66.028""], ["" 129.099"", "" 126.418"", ""  67.575""], ["" 128.890"", "" 125.797"", ""  68.772""], ["" 129.409"", "" 127.781"", ""  67.497""], ["" 128.979"", "" 126.533"", ""  69.910""], ["" 129.495"", "" 128.524"", ""  68.676""], ["" 129.279"", "" 127.898"", ""  69.904""], ["" 128.739"", "" 125.779"", ""  71.204""], ["" 131.224"", "" 122.674"", ""  64.398""], ["" 131.523"", "" 121.780"", ""  64.035""], ["" 131.695"", "" 123.008"", ""  65.227""], ["" 130.894"", "" 120.838"", ""  61.876""], ["" 130.930"", "" 119.940"", ""  60.890""], ["" 132.113"", "" 121.371"", ""  61.974""], ["" 130.609"", "" 120.185"", ""  63.002""], ["" 127.283"", "" 122.864"", ""  58.966""], ["" 127.669"", "" 122.100"", ""  57.852""], ["" 126.093"", "" 123.607"", ""  58.878""], ["" 126.895"", "" 122.078"", ""  56.695""], ["" 125.316"", "" 123.585"", ""  57.723""], ["" 125.720"", "" 122.819"", ""  56.635""]]",[],4ce_Grossjean_2025
88,11241,4cf_Grossjean_2025,4h2i_c_1_mae_prepped,1,3,-7.15,-0.2234375,0.0,0.0,12,183.72,-8.65,-8.41,-0.23,-8.65,0.0,-0.68,1.49,-0.68,53,5,0.0,0.0,0.0,4.270213,8.45014,4.775589,0.78975333,-0.5809308,0.19700023,238.434402,"242.54921, 343.368439, 300.20575, 358.015167, 243.831177, ","[["" 127.070"", "" 126.060"", ""  61.284""], ["" 126.859"", "" 125.314"", ""  60.113""], ["" 127.634"", "" 124.099"", ""  60.041""], ["" 127.735"", "" 123.069"", ""  59.062""], ["" 128.622"", "" 122.014"", ""  59.329""], ["" 129.376"", "" 121.978"", ""  60.506""], ["" 129.274"", "" 122.946"", ""  61.454""], ["" 128.439"", "" 123.953"", ""  61.208""], ["" 128.237"", "" 125.269"", ""  62.341""], ["" 126.484"", "" 127.349"", ""  61.664""], ["" 125.989"", "" 128.088"", ""  60.812""], ["" 126.524"", "" 127.637"", ""  62.987""], ["" 126.909"", "" 126.921"", ""  63.586""], ["" 126.100"", "" 128.794"", ""  63.668""], ["" 124.788"", "" 129.221"", ""  63.434""], ["" 126.877"", "" 129.538"", ""  64.577""], ["" 124.240"", "" 130.313"", ""  64.028""], ["" 126.328"", "" 130.662"", ""  65.196""], ["" 125.013"", "" 131.016"", ""  64.894""], ["" 125.995"", "" 125.700"", ""  59.121""], ["" 126.308"", "" 125.865"", ""  58.174""], ["" 125.009"", "" 125.833"", ""  59.304""], ["" 126.943"", "" 123.047"", ""  57.750""], ["" 127.238"", "" 122.000"", ""  56.976""], ["" 125.637"", "" 122.994"", ""  58.012""], ["" 127.206"", "" 124.148"", ""  57.045""], ["" 130.330"", "" 120.860"", ""  60.807""], ["" 129.899"", "" 119.713"", ""  61.492""], ["" 131.677"", "" 120.923"", ""  60.408""], ["" 130.777"", "" 118.671"", ""  61.776""], ["" 132.560"", "" 119.884"", ""  60.688""], ["" 132.105"", "" 118.761"", ""  61.372""]]",[],4cf_Grossjean_2025
89,11636,4cg_Grossjean_2025,4h2i_c_1_mae_prepped,1,7,-7.84,-0.23757575757575758,0.0,0.0,9,186.46,-9.63,-9.48,-0.14,-9.63,0.0,-0.59,1.79,-0.59,58,6,0.0,0.0,0.0,6.80169,7.595261,8.162954,-0.10022558,-0.7427043,0.6620764,288.272491,"191.592514, 143.653397, 222.240448, 130.043549, 241.380417, 221.243088, ","[["" 130.208"", "" 124.585"", ""  65.640""], ["" 131.236"", "" 124.896"", ""  64.739""], ["" 131.514"", "" 123.854"", ""  63.781""], ["" 132.460"", "" 123.732"", ""  62.723""], ["" 132.435"", "" 122.548"", ""  61.970""], ["" 131.514"", "" 121.530"", ""  62.246""], ["" 130.617"", "" 121.631"", ""  63.261""], ["" 130.633"", "" 122.750"", ""  63.980""], ["" 129.523"", "" 122.996"", ""  65.308""], ["" 129.646"", "" 125.414"", ""  66.705""], ["" 129.496"", "" 124.977"", ""  67.848""], ["" 129.270"", "" 126.661"", ""  66.349""], ["" 129.490"", "" 126.975"", ""  65.415""], ["" 128.707"", "" 127.666"", ""  67.249""], ["" 127.575"", "" 128.474"", ""  66.624""], ["" 127.870"", "" 129.619"", ""  65.878""], ["" 126.253"", "" 128.038"", ""  66.746""], ["" 126.841"", "" 130.342"", ""  65.279""], ["" 125.225"", "" 128.763"", ""  66.149""], ["" 125.524"", "" 129.912"", ""  65.420""], ["" 131.926"", "" 126.081"", ""  64.768""], ["" 131.455"", "" 126.974"", ""  64.796""], ["" 132.937"", "" 126.100"", ""  64.772""], ["" 133.495"", "" 124.806"", ""  62.368""], ["" 134.337"", "" 125.073"", ""  63.369""], ["" 134.226"", "" 124.402"", ""  61.328""], ["" 132.876"", "" 125.943"", ""  62.055""], ["" 131.472"", "" 120.254"", ""  61.454""], ["" 130.351"", "" 119.410"", ""  61.506""], ["" 132.553"", "" 119.864"", ""  60.644""], ["" 130.307"", "" 118.226"", ""  60.776""], ["" 132.514"", "" 118.682"", ""  59.911""], ["" 131.390"", "" 117.866"", ""  59.980""]]",[],4cg_Grossjean_2025
90,7171,4ch_Grossjean_2025,4h2i_c_1_mae_prepped,1,1,-6.47,-0.16589743589743589,0.0,0.0,3,189.25,-9.15,-8.33,-0.83,-9.15,0.0,-1.11,2.68,-1.11,45,8,0.0,0.0,0.0,6.324747,9.209834,11.62684,-0.69863863,0.1590916,-0.69756284,133.262085,"275.517456, 218.560867, 90.48587, 64.032249, 265.669495, 85.043404, 357.181702, 55.428913, 14.340484, ","[["" 127.623"", "" 126.419"", ""  69.294""], ["" 128.731"", "" 126.815"", ""  68.923""], ["" 129.485"", "" 127.656"", ""  69.660""], ["" 130.404"", "" 127.897"", ""  69.319""], ["" 129.287"", "" 126.422"", ""  67.628""], ["" 128.858"", "" 126.788"", ""  66.343""], ["" 130.647"", "" 125.305"", ""  67.554""], ["" 129.629"", "" 126.199"", ""  65.275""], ["" 130.649"", "" 125.355"", ""  65.808""], ["" 129.563"", "" 126.304"", ""  63.856""], ["" 131.530"", "" 124.660"", ""  65.094""], ["" 130.498"", "" 125.564"", ""  63.113""], ["" 131.451"", "" 124.757"", ""  63.741""], ["" 127.804"", "" 127.637"", ""  66.118""], ["" 127.940"", "" 128.626"", ""  65.960""], ["" 126.852"", "" 127.299"", ""  66.097""], ["" 128.546"", "" 127.169"", ""  63.104""], ["" 128.296"", "" 128.331"", ""  63.712""], ["" 129.003"", "" 127.446"", ""  61.884""], ["" 127.388"", "" 126.516"", ""  63.001""], ["" 132.465"", "" 123.965"", ""  62.965""], ["" 133.442"", "" 124.612"", ""  62.190""], ["" 132.461"", "" 122.560"", ""  62.985""], ["" 134.384"", "" 123.884"", ""  61.467""], ["" 133.403"", "" 121.828"", ""  62.266""], ["" 134.362"", "" 122.494"", ""  61.509""], ["" 129.131"", "" 128.181"", ""  70.980""], ["" 129.470"", "" 127.248"", ""  72.136""], ["" 130.274"", "" 127.696"", ""  73.185""], ["" 128.944"", "" 125.956"", ""  72.175""], ["" 130.575"", "" 126.858"", ""  74.271""], ["" 129.228"", "" 125.096"", ""  73.249""], ["" 130.050"", "" 125.558"", ""  74.288""], ["" 131.365"", "" 127.235"", ""  75.341""], ["" 132.752"", "" 126.913"", ""  75.333""], ["" 128.743"", "" 123.805"", ""  73.353""], ["" 129.451"", "" 122.741"", ""  72.725""], ["" 130.323"", "" 124.733"", ""  75.352""], ["" 131.448"", "" 123.888"", ""  75.155""]]",[],4ch_Grossjean_2025
91,6555,4ci_Grossjean_2025,4h2i_c_1_mae_prepped,1,11,-7.43,-0.2396774193548387,0.0,0.0,7,187.39,-8.92,-8.27,-0.65,-8.92,0.0,-0.56,1.49,-0.56,56,13,0.0,0.0,0.0,4.978187,10.892956,6.505371,0.07376387,0.77165973,0.63174374,137.202911,"46.411636, 120.415184, 249.432571, 121.09066, 35.430744, ","[["" 129.673"", "" 126.382"", ""  63.510""], ["" 128.670"", "" 127.135"", ""  64.141""], ["" 127.763"", "" 127.790"", ""  63.230""], ["" 126.638"", "" 128.642"", ""  63.424""], ["" 125.974"", "" 129.100"", ""  62.275""], ["" 126.396"", "" 128.732"", ""  60.993""], ["" 127.475"", "" 127.931"", ""  60.798""], ["" 128.112"", "" 127.490"", ""  61.880""], ["" 129.511"", "" 126.449"", ""  61.757""], ["" 130.744"", "" 125.591"", ""  64.123""], ["" 130.859"", "" 124.388"", ""  63.874""], ["" 131.560"", "" 126.269"", ""  64.968""], ["" 131.367"", "" 127.250"", ""  65.105""], ["" 132.642"", "" 125.769"", ""  65.681""], ["" 133.607"", "" 125.007"", ""  65.194""], ["" 132.845"", "" 126.023"", ""  67.037""], ["" 134.481"", "" 124.740"", ""  66.249""], ["" 134.007"", "" 125.361"", ""  67.356""], ["" 128.560"", "" 127.247"", ""  65.503""], ["" 129.234"", "" 127.760"", ""  66.055""], ["" 127.791"", "" 126.823"", ""  66.005""], ["" 126.121"", "" 129.085"", ""  64.797""], ["" 125.763"", "" 128.063"", ""  65.577""], ["" 127.073"", "" 129.762"", ""  65.439""], ["" 125.051"", "" 129.867"", ""  64.646""], ["" 125.702"", "" 129.217"", ""  59.753""], ["" 124.730"", "" 130.229"", ""  59.821""], ["" 125.997"", "" 128.670"", ""  58.492""], ["" 124.083"", "" 130.683"", ""  58.674""], ["" 125.353"", "" 129.122"", ""  57.343""], ["" 124.399"", "" 130.128"", ""  57.439""]]",[],4ci_Grossjean_2025
92,11466,4cj_Grossjean_2025,4h2i_c_1_mae_prepped,1,16,-6.82,-0.22,0.0,0.0,6,185.14,-8.31,-8.29,-0.03,-8.31,0.0,-0.78,1.49,-0.78,54,5,0.0,0.0,0.0,5.748301,7.608126,6.480457,-0.5077675,-0.12522868,0.85234379,218.939651,"35.910217, 31.672464, 177.892517, 114.304955, 7.086675, ","[["" 129.806"", "" 124.675"", ""  64.132""], ["" 130.281"", "" 123.488"", ""  63.551""], ["" 129.606"", "" 123.118"", ""  62.330""], ["" 129.748"", "" 122.019"", ""  61.436""], ["" 128.907"", "" 121.991"", ""  60.313""], ["" 127.971"", "" 123.005"", ""  60.080""], ["" 127.815"", "" 124.047"", ""  60.936""], ["" 128.610"", "" 124.084"", ""  62.003""], ["" 128.509"", "" 125.381"", ""  63.170""], ["" 130.263"", "" 125.340"", ""  65.355""], ["" 131.450"", "" 125.302"", ""  65.688""], ["" 129.299"", "" 125.972"", ""  66.069""], ["" 128.355"", "" 125.927"", ""  65.715""], ["" 129.466"", "" 126.672"", ""  67.256""], ["" 130.463"", "" 127.461"", ""  67.595""], ["" 128.220"", "" 126.512"", ""  68.453""], ["" 130.293"", "" 127.967"", ""  68.800""], ["" 129.132"", "" 127.589"", ""  69.469""], ["" 131.297"", "" 122.741"", ""  64.091""], ["" 131.781"", "" 123.025"", ""  64.931""], ["" 131.593"", "" 121.873"", ""  63.667""], ["" 130.754"", "" 120.877"", ""  61.628""], ["" 132.023"", "" 121.273"", ""  61.518""], ["" 130.605"", "" 120.347"", ""  62.842""], ["" 130.548"", "" 119.935"", ""  60.708""], ["" 127.068"", "" 123.001"", ""  58.880""], ["" 127.366"", "" 122.209"", ""  57.759""], ["" 125.908"", "" 123.793"", ""  58.838""], ["" 126.537"", "" 122.205"", ""  56.640""], ["" 125.076"", "" 123.793"", ""  57.722""], ["" 125.394"", "" 122.998"", ""  56.626""]]",[],4cj_Grossjean_2025
93,11499,4ck_Grossjean_2025,4h2i_c_1_mae_prepped,1,18,-6.62,-0.18388888888888888,0.0,0.0,1,184.66,-10.5,-10.05,-0.45,-10.5,0.0,-0.92,3.88,-0.92,63,7,0.0,0.0,0.0,6.611816,5.944511,11.912058,-0.50356955,0.48816903,-0.71281744,174.238464,"305.192932, 123.274361, 169.014847, 214.217209, 272.559723, 324.231293, 28.493431, 126.421738, 5.332711, 191.037308, 22.70524, 326.557739, 19.535843, ","[["" 128.901"", "" 126.813"", ""  69.754""], ["" 129.606"", "" 127.617"", ""  68.817""], ["" 128.860"", "" 127.615"", ""  67.473""], ["" 129.394"", "" 126.614"", ""  66.550""], ["" 129.290"", "" 124.806"", ""  67.912""], ["" 129.583"", "" 125.307"", ""  66.825""], ["" 129.575"", "" 126.932"", ""  65.609""], ["" 130.154"", "" 124.502"", ""  65.744""], ["" 131.178"", "" 124.844"", ""  64.846""], ["" 129.501"", "" 122.904"", ""  65.392""], ["" 131.468"", "" 123.822"", ""  63.869""], ["" 130.610"", "" 122.698"", ""  64.057""], ["" 132.405"", "" 123.739"", ""  62.799""], ["" 130.612"", "" 121.591"", ""  63.320""], ["" 132.397"", "" 122.567"", ""  62.027""], ["" 131.511"", "" 121.520"", ""  62.303""], ["" 131.848"", "" 126.039"", ""  64.893""], ["" 132.855"", "" 126.087"", ""  64.960""], ["" 131.353"", "" 126.920"", ""  64.857""], ["" 133.406"", "" 124.845"", ""  62.444""], ["" 132.822"", "" 126.016"", ""  62.184""], ["" 134.247"", "" 125.035"", ""  63.460""], ["" 134.098"", "" 124.494"", ""  61.360""], ["" 131.475"", "" 120.266"", ""  61.479""], ["" 130.391"", "" 119.377"", ""  61.569""], ["" 132.519"", "" 119.946"", ""  60.594""], ["" 130.353"", "" 118.210"", ""  60.809""], ["" 132.485"", "" 118.780"", ""  59.833""], ["" 131.401"", "" 117.915"", ""  59.945""], ["" 129.121"", "" 127.182"", ""  71.108""], ["" 128.781"", "" 125.987"", ""  72.008""], ["" 129.674"", "" 125.967"", ""  73.114""], ["" 129.806"", "" 124.686"", ""  73.713""], ["" 129.129"", "" 123.641"", ""  72.816""], ["" 129.155"", "" 122.381"", ""  73.471""], ["" 130.455"", "" 121.983"", ""  73.878""]]",[],4ck_Grossjean_2025
94,12440,4dd_Grossjean_2025,4h2i_c_1_mae_prepped,1,5,-7.91,-0.2727586206896552,0.0,0.0,7,185.02,-9.11,-8.99,-0.12,-9.11,0.0,-0.82,1.19,-0.82,64,5,0.0,0.0,0.0,5.561805,8.052293,6.951548,0.5288588,0.08376477,-0.84456606,140.307526,"94.957329, 47.219872, 343.765808, 128.74295, ","[["" 129.736"", "" 124.617"", ""  64.333""], ["" 130.166"", "" 123.372"", ""  63.849""], ["" 129.563"", "" 122.990"", ""  62.600""], ["" 129.706"", "" 121.841"", ""  61.781""], ["" 130.626"", "" 120.673"", ""  62.103""], ["" 128.949"", "" 121.779"", ""  60.604""], ["" 128.083"", "" 122.821"", ""  60.250""], ["" 127.947"", "" 123.935"", ""  61.020""], ["" 128.661"", "" 123.992"", ""  62.144""], ["" 128.568"", "" 125.356"", ""  63.235""], ["" 130.124"", "" 125.299"", ""  65.569""], ["" 131.310"", "" 125.383"", ""  65.893""], ["" 129.102"", "" 125.816"", ""  66.293""], ["" 128.183"", "" 125.734"", ""  65.884""], ["" 129.127"", "" 126.474"", ""  67.536""], ["" 128.771"", "" 125.700"", ""  68.645""], ["" 129.512"", "" 127.813"", ""  67.720""], ["" 128.779"", "" 126.256"", ""  69.921""], ["" 129.518"", "" 128.366"", ""  68.998""], ["" 129.150"", "" 127.587"", ""  70.091""], ["" 131.078"", "" 122.575"", ""  64.497""], ["" 131.192"", "" 121.598"", ""  64.265""], ["" 131.670"", "" 122.943"", ""  65.227""], ["" 127.265"", "" 122.785"", ""  58.993""], ["" 126.067"", "" 123.510"", ""  58.893""], ["" 127.675"", "" 122.030"", ""  57.880""], ["" 125.304"", "" 123.483"", ""  57.728""], ["" 126.914"", "" 121.999"", ""  56.713""], ["" 125.731"", "" 122.726"", ""  56.643""]]",[],4dd_Grossjean_2025
95,11880,4dg_Grossjean_2025,4h2i_c_1_mae_prepped,2,18,-8.23,-0.2743333333333334,0.0,0.0,11,186.67,-9.72,-9.53,-0.19,-9.72,0.0,-0.56,1.49,-0.56,47,6,0.0,0.0,0.0,6.570472,7.786664,8.416911,-0.20852759,-0.6805504,0.70240116,291.698181,"21.352106, 141.503647, 232.086975, 301.966797, 214.573547, ","[["" 130.209"", "" 124.829"", ""  65.746""], ["" 131.370"", "" 125.118"", ""  65.013""], ["" 131.721"", "" 124.100"", ""  64.059""], ["" 132.798"", "" 123.976"", ""  63.144""], ["" 133.910"", "" 125.003"", ""  62.994""], ["" 132.840"", "" 122.835"", ""  62.334""], ["" 131.846"", "" 121.852"", ""  62.423""], ["" 130.815"", "" 121.951"", ""  63.306""], ["" 130.774"", "" 123.037"", ""  64.077""], ["" 129.501"", "" 123.293"", ""  65.248""], ["" 129.548"", "" 125.648"", ""  66.761""], ["" 129.367"", "" 125.230"", ""  67.906""], ["" 129.121"", "" 126.862"", ""  66.352""], ["" 129.374"", "" 127.168"", ""  65.424""], ["" 128.457"", "" 127.854"", ""  67.197""], ["" 127.338"", "" 128.605"", ""  66.483""], ["" 126.005"", "" 128.281"", ""  66.750""], ["" 127.643"", "" 129.654"", ""  65.612""], ["" 124.980"", "" 128.986"", ""  66.124""], ["" 126.618"", "" 130.358"", ""  64.985""], ["" 125.292"", "" 130.019"", ""  65.243""], ["" 132.117"", "" 126.255"", ""  65.183""], ["" 133.095"", "" 126.220"", ""  65.433""], ["" 131.711"", "" 127.172"", ""  65.055""], ["" 131.865"", "" 120.616"", ""  61.568""], ["" 130.750"", "" 119.764"", ""  61.509""], ["" 132.999"", "" 120.271"", ""  60.811""], ["" 130.764"", "" 118.615"", ""  60.721""], ["" 133.017"", "" 119.125"", ""  60.022""], ["" 131.896"", "" 118.301"", ""  59.979""]]",[],4dg_Grossjean_2025
96,11289,4dj_Grossjean_2025,4h2i_c_1_mae_prepped,1,14,-7.33,-0.2617857142857143,0.0,0.0,6,185.49,-8.53,-8.5,-0.03,-8.53,0.0,-0.65,1.19,-0.65,54,4,0.0,0.0,0.0,5.659654,7.892031,6.767778,-0.52388705,-0.06531258,0.84928007,217.033295,"44.728867, 43.584236, 165.691132, 176.592133, ","[["" 129.860"", "" 124.620"", ""  64.332""], ["" 130.258"", "" 123.363"", ""  63.851""], ["" 129.634"", "" 122.987"", ""  62.612""], ["" 129.740"", "" 121.830"", ""  61.797""], ["" 130.628"", "" 120.639"", ""  62.123""], ["" 128.975"", "" 121.782"", ""  60.626""], ["" 128.139"", "" 122.846"", ""  60.268""], ["" 128.019"", "" 123.957"", ""  61.044""], ["" 128.746"", "" 124.005"", ""  62.159""], ["" 128.694"", "" 125.376"", ""  63.244""], ["" 130.296"", "" 125.312"", ""  65.546""], ["" 131.491"", "" 125.358"", ""  65.850""], ["" 129.308"", "" 125.870"", ""  66.287""], ["" 128.361"", "" 125.765"", ""  65.951""], ["" 129.451"", "" 126.574"", ""  67.474""], ["" 130.317"", "" 127.526"", ""  67.749""], ["" 128.368"", "" 126.175"", ""  68.768""], ["" 130.168"", "" 127.976"", ""  68.980""], ["" 129.158"", "" 127.385"", ""  69.733""], ["" 131.160"", "" 122.551"", ""  64.493""], ["" 131.751"", "" 122.892"", ""  65.235""], ["" 131.262"", "" 121.578"", ""  64.239""], ["" 127.303"", "" 122.820"", ""  59.020""], ["" 126.101"", "" 123.544"", ""  58.943""], ["" 127.692"", "" 122.068"", ""  57.897""], ["" 125.322"", "" 123.524"", ""  57.789""], ["" 126.916"", "" 122.045"", ""  56.742""], ["" 125.733"", "" 122.774"", ""  56.692""]]",[],4dj_Grossjean_2025
97,12667,4ea_Grossjean_2025,4h2i_c_1_mae_prepped,1,10,-7.31,-0.215,0.0,0.0,1,186.16,-9.39,-9.28,-0.12,-9.39,0.0,-1.36,2.09,-1.36,45,6,0.0,0.0,0.0,6.095703,7.951095,8.648826,-0.2733415,0.3492649,-0.89626918,258.485291,"150.087799, 195.384979, 17.723658, 294.747223, 24.388805, 263.758911, 331.386414, ","[["" 131.568"", "" 122.432"", ""  63.428""], ["" 132.955"", "" 122.291"", ""  63.398""], ["" 133.548"", "" 121.309"", ""  62.608""], ["" 132.762"", "" 120.447"", ""  61.833""], ["" 131.366"", "" 120.592"", ""  61.866""], ["" 130.772"", "" 121.572"", ""  62.655""], ["" 131.081"", "" 123.458"", ""  64.262""], ["" 130.116"", "" 124.939"", ""  62.808""], ["" 130.417"", "" 124.599"", ""  63.953""], ["" 131.261"", "" 123.307"", ""  65.243""], ["" 130.062"", "" 125.443"", ""  65.097""], ["" 129.112"", "" 126.475"", ""  65.160""], ["" 130.868"", "" 125.225"", ""  66.653""], ["" 129.016"", "" 127.104"", ""  66.451""], ["" 129.931"", "" 126.512"", ""  67.374""], ["" 128.208"", "" 128.163"", ""  66.949""], ["" 130.087"", "" 126.869"", ""  68.650""], ["" 128.368"", "" 128.540"", ""  68.286""], ["" 129.299"", "" 127.881"", ""  69.087""], ["" 129.493"", "" 128.270"", ""  70.541""], ["" 128.336"", "" 126.863"", ""  64.098""], ["" 128.657"", "" 126.779"", ""  63.143""], ["" 127.410"", "" 127.247"", ""  64.234""], ["" 127.215"", "" 128.872"", ""  66.111""], ["" 125.849"", "" 128.622"", ""  66.275""], ["" 127.638"", "" 129.792"", ""  65.146""], ["" 124.914"", "" 129.290"", ""  65.489""], ["" 126.704"", "" 130.461"", ""  64.359""], ["" 125.346"", "" 130.207"", ""  64.534""], ["" 133.434"", "" 119.400"", ""  60.993""], ["" 134.570"", "" 119.529"", ""  60.527""], ["" 132.667"", "" 118.296"", ""  60.797""], ["" 131.690"", "" 118.254"", ""  59.766""], ["" 130.611"", "" 117.229"", ""  60.130""]]",[],4ea_Grossjean_2025
98,6720,4eb_Grossjean_2025,4h2i_c_1_mae_prepped,1,17,-8.87,-0.26878787878787874,0.0,0.0,4,185.75,-10.66,-10.36,-0.31,-10.66,0.0,-0.78,1.79,-0.78,68,11,0.0,0.0,0.0,6.328629,8.311413,7.267817,-0.89836316,0.11688443,-0.42341665,265.732605,"70.891838, 162.169037, 80.196007, 257.386749, 147.767929, 76.760834, ","[["" 128.473"", "" 123.897"", ""  60.529""], ["" 128.986"", "" 123.893"", ""  59.232""], ["" 128.187"", "" 123.514"", ""  58.157""], ["" 126.855"", "" 123.129"", ""  58.361""], ["" 126.343"", "" 123.134"", ""  59.667""], ["" 127.140"", "" 123.513"", ""  60.743""], ["" 129.372"", "" 124.299"", ""  61.537""], ["" 129.437"", "" 126.578"", ""  61.341""], ["" 129.798"", "" 125.536"", ""  61.890""], ["" 129.752"", "" 123.535"", ""  62.074""], ["" 130.750"", "" 125.575"", ""  63.003""], ["" 130.505"", "" 125.868"", ""  64.354""], ["" 132.458"", "" 125.225"", ""  62.729""], ["" 131.677"", "" 125.817"", ""  65.187""], ["" 132.830"", "" 125.472"", ""  64.420""], ["" 131.881"", "" 126.038"", ""  66.576""], ["" 134.070"", "" 125.343"", ""  64.895""], ["" 133.180"", "" 125.903"", ""  67.079""], ["" 134.225"", "" 125.561"", ""  66.223""], ["" 135.643"", "" 125.409"", ""  66.743""], ["" 129.265"", "" 126.178"", ""  64.853""], ["" 129.034"", "" 127.113"", ""  65.158""], ["" 128.538"", "" 125.479"", ""  64.933""], ["" 130.781"", "" 126.401"", ""  67.499""], ["" 129.823"", "" 125.449"", ""  67.859""], ["" 130.694"", "" 127.700"", ""  68.010""], ["" 128.789"", "" 125.790"", ""  68.728""], ["" 129.661"", "" 128.042"", ""  68.879""], ["" 128.712"", "" 127.085"", ""  69.234""], ["" 126.021"", "" 122.725"", ""  57.179""], ["" 126.121"", "" 121.629"", ""  56.621""], ["" 125.145"", "" 123.687"", ""  56.787""], ["" 124.564"", "" 124.574"", ""  57.731""]]",[],4eb_Grossjean_2025
99,11286,8a_Ghoteimi_2023,4h2i_c_1_mae_prepped,1,11,-8.7,-0.2023255813953488,0.0,0.0,9,186.49,-11.68,-11.14,-0.53,-11.68,0.0,-1.77,2.98,-1.77,56,8,0.0,0.0,0.0,6.931542,9.325602,9.894397,0.88018157,-0.43967093,-0.17880122,217.581757,"89.343811, 351.489563, 334.944366, 112.554337, 350.990723, 21.790707, 103.700081, 248.766983, 245.163422, 102.075912, ","[["" 131.638"", "" 122.468"", ""  63.152""], ["" 130.688"", "" 121.725"", ""  62.448""], ["" 131.086"", "" 120.757"", ""  61.531""], ["" 132.444"", "" 120.510"", ""  61.298""], ["" 133.397"", "" 121.255"", ""  62.010""], ["" 133.001"", "" 122.224"", ""  62.929""], ["" 131.119"", "" 123.422"", ""  64.049""], ["" 130.530"", "" 124.620"", ""  63.812""], ["" 130.348"", "" 125.093"", ""  62.690""], ["" 131.194"", "" 123.156"", ""  65.020""], ["" 130.099"", "" 125.351"", ""  65.007""], ["" 128.099"", "" 127.867"", ""  67.003""], ["" 128.949"", "" 126.869"", ""  66.449""], ["" 128.161"", "" 128.082"", ""  68.384""], ["" 129.818"", "" 126.198"", ""  67.360""], ["" 129.118"", "" 126.351"", ""  65.114""], ["" 129.049"", "" 127.360"", ""  69.184""], ["" 130.831"", "" 125.009"", ""  66.574""], ["" 129.885"", "" 126.417"", ""  68.673""], ["" 127.159"", "" 128.685"", ""  66.195""], ["" 125.370"", "" 130.257"", ""  64.707""], ["" 124.897"", "" 129.244"", ""  65.542""], ["" 126.753"", "" 130.485"", ""  64.624""], ["" 125.783"", "" 128.466"", ""  66.282""], ["" 127.637"", "" 129.706"", ""  65.368""], ["" 124.419"", "" 130.978"", ""  64.012""], ["" 124.028"", "" 130.542"", ""  62.715""], ["" 128.369"", "" 126.792"", ""  64.052""], ["" 128.711"", "" 126.726"", ""  63.103""], ["" 127.451"", "" 127.193"", ""  64.179""], ["" 129.126"", "" 127.574"", ""  70.662""], ["" 129.181"", "" 126.489"", ""  71.548""], ["" 129.139"", "" 128.869"", ""  71.193""], ["" 129.241"", "" 126.695"", ""  72.923""], ["" 129.201"", "" 129.078"", ""  72.569""], ["" 129.250"", "" 127.986"", ""  73.447""], ["" 129.309"", "" 128.095"", ""  74.823""], ["" 128.201"", "" 127.655"", ""  75.601""], ["" 132.839"", "" 119.460"", ""  60.301""], ["" 133.210"", "" 119.720"", ""  59.152""], ["" 132.751"", "" 118.195"", ""  60.790""], ["" 131.496"", "" 117.634"", ""  61.153""], ["" 130.654"", "" 117.412"", ""  59.893""]]",[],8a_Ghoteimi_2023
100,6732,8b_Ghoteimi_2023,4h2i_c_1_mae_prepped,1,7,-7.85,-0.21216216216216216,0.0,0.0,4,186.08,-9.94,-9.42,-0.52,-9.94,0.0,-1.12,2.09,-1.12,49,9,0.0,0.0,0.0,7.237535,9.158561,5.322068,0.6384519,-0.62265788,-0.4524117,221.414719,"147.574249, 179.376633, 328.949829, 68.579544, 30.255392, 339.473907, 302.795715, ","[["" 130.917"", "" 124.838"", ""  62.894""], ["" 130.782"", "" 125.657"", ""  61.741""], ["" 130.748"", "" 124.984"", ""  60.486""], ["" 130.582"", "" 126.086"", ""  59.139""], ["" 130.554"", "" 127.479"", ""  60.221""], ["" 130.671"", "" 127.082"", ""  61.562""], ["" 130.832"", "" 123.665"", ""  60.311""], ["" 130.958"", "" 122.900"", ""  61.428""], ["" 131.007"", "" 123.455"", ""  62.711""], ["" 130.962"", "" 125.393"", ""  64.266""], ["" 131.048"", "" 126.428"", ""  66.871""], ["" 129.826"", "" 126.110"", ""  66.275""], ["" 132.233"", "" 126.225"", ""  66.147""], ["" 129.781"", "" 125.597"", ""  64.982""], ["" 132.187"", "" 125.712"", ""  64.854""], ["" 130.996"", "" 126.929"", ""  68.157""], ["" 129.882"", "" 127.724"", ""  68.548""], ["" 130.682"", "" 127.957"", ""  62.618""], ["" 131.062"", "" 128.888"", ""  62.525""], ["" 130.315"", "" 127.701"", ""  63.524""], ["" 131.053"", "" 121.424"", ""  61.204""], ["" 132.125"", "" 120.866"", ""  60.493""], ["" 130.067"", "" 120.561"", ""  61.702""], ["" 132.210"", "" 119.492"", ""  60.289""], ["" 130.150"", "" 119.186"", ""  61.501""], ["" 131.228"", "" 118.640"", ""  60.789""], ["" 131.395"", "" 117.291"", ""  60.539""], ["" 130.494"", "" 116.632"", ""  59.655""], ["" 130.428"", "" 128.834"", ""  59.680""], ["" 131.368"", "" 129.185"", ""  58.766""], ["" 129.517"", "" 129.578"", ""  60.051""], ["" 132.067"", "" 128.493"", ""  58.539""], ["" 131.489"", "" 130.398"", ""  58.101""], ["" 130.525"", "" 131.286"", ""  57.923""], ["" 132.681"", "" 130.834"", ""  57.525""], ["" 131.084"", "" 132.350"", ""  57.212""], ["" 132.386"", "" 132.063"", ""  56.979""]]",[],8b_Ghoteimi_2023
101,11516,8c_Ghoteimi_2023,4h2i_c_1_mae_prepped,1,1,-7.93,-0.21432432432432433,0.0,0.0,4,186.13,-10.02,-9.63,-0.39,-10.02,0.0,-1.02,2.09,-1.02,47,8,0.0,0.0,0.0,7.276193,9.011879,5.370941,-0.64645263,0.61470813,0.45192136,140.2771,"149.435669, 179.037949, 325.42514, 237.130646, 225.965454, 340.719604, 301.607635, ","[["" 130.986"", "" 124.718"", ""  62.962""], ["" 130.820"", "" 125.512"", ""  61.796""], ["" 130.801"", "" 124.816"", ""  60.552""], ["" 130.593"", "" 125.889"", ""  59.188""], ["" 130.527"", "" 127.299"", ""  60.246""], ["" 130.664"", "" 126.928"", ""  61.593""], ["" 130.923"", "" 123.497"", ""  60.400""], ["" 131.077"", "" 122.755"", ""  61.531""], ["" 131.116"", "" 123.334"", ""  62.803""], ["" 131.022"", "" 125.298"", ""  64.323""], ["" 131.091"", "" 126.382"", ""  66.908""], ["" 129.875"", "" 126.021"", ""  66.324""], ["" 132.279"", "" 126.197"", ""  66.184""], ["" 129.838"", "" 125.485"", ""  65.041""], ["" 132.241"", "" 125.660"", ""  64.900""], ["" 131.031"", "" 126.904"", ""  68.186""], ["" 129.883"", "" 127.646"", ""  68.580""], ["" 130.652"", "" 127.822"", ""  62.634""], ["" 131.047"", "" 128.748"", ""  62.538""], ["" 130.252"", "" 127.588"", ""  63.531""], ["" 131.216"", "" 121.279"", ""  61.331""], ["" 130.135"", "" 120.412"", ""  61.545""], ["" 132.437"", "" 120.726"", ""  60.921""], ["" 130.269"", "" 119.040"", ""  61.354""], ["" 132.575"", "" 119.355"", ""  60.729""], ["" 131.486"", "" 118.498"", ""  60.944""], ["" 131.527"", "" 117.127"", ""  60.778""], ["" 130.613"", "" 116.510"", ""  59.878""], ["" 130.355"", "" 128.639"", ""  59.682""], ["" 131.292"", "" 129.012"", ""  58.775""], ["" 129.411"", "" 129.353"", ""  60.028""], ["" 132.024"", "" 128.349"", ""  58.566""], ["" 131.362"", "" 130.222"", ""  58.099""], ["" 130.397"", "" 131.092"", ""  57.897""], ["" 132.899"", "" 130.664"", ""  57.427""], ["" 130.821"", "" 132.137"", ""  57.214""], ["" 132.162"", "" 132.128"", ""  56.844""]]",[],8c_Ghoteimi_2023
102,11678,8d_Ghoteimi_2023,4h2i_c_1_mae_prepped,1,18,-6.85,-0.2140625,0.0,0.0,20,184.52,-8.94,-8.96,0.02,-8.94,0.0,-1.37,2.09,-1.37,55,5,0.0,0.0,0.0,6.089486,6.825189,6.264812,0.30712904,0.22505277,0.92467454,132.789429,"167.061752, 20.250029, 210.110046, 179.708542, 74.54496, 8.30072, 160.432327, ","[["" 130.022"", "" 122.777"", ""  62.427""], ["" 128.862"", "" 123.216"", ""  61.736""], ["" 128.204"", "" 124.364"", ""  62.264""], ["" 126.792"", "" 124.817"", ""  61.338""], ["" 127.048"", "" 123.477"", ""  60.218""], ["" 128.180"", "" 122.732"", ""  60.568""], ["" 128.588"", "" 125.048"", ""  63.342""], ["" 129.700"", "" 124.609"", ""  63.990""], ["" 130.427"", "" 123.497"", ""  63.556""], ["" 130.808"", "" 121.597"", ""  61.997""], ["" 132.294"", "" 119.369"", ""  61.170""], ["" 132.831"", "" 120.653"", ""  61.070""], ["" 131.000"", "" 119.207"", ""  61.692""], ["" 132.096"", "" 121.761"", ""  61.483""], ["" 130.266"", "" 120.316"", ""  62.102""], ["" 133.095"", "" 118.331"", ""  60.736""], ["" 134.259"", "" 118.623"", ""  59.972""], ["" 128.610"", "" 121.637"", ""  59.861""], ["" 129.098"", "" 120.876"", ""  60.313""], ["" 128.450"", "" 121.551"", ""  58.868""], ["" 130.111"", "" 125.397"", ""  65.193""], ["" 129.162"", "" 125.863"", ""  66.114""], ["" 131.461"", "" 125.688"", ""  65.429""], ["" 129.550"", "" 126.596"", ""  67.231""], ["" 131.853"", "" 126.422"", ""  66.545""], ["" 130.895"", "" 126.884"", ""  67.458""], ["" 131.188"", "" 127.616"", ""  68.592""], ["" 130.124"", "" 128.042"", ""  69.438""], ["" 126.116"", "" 123.272"", ""  59.087""], ["" 124.982"", "" 123.755"", ""  59.054""], ["" 126.643"", "" 122.502"", ""  58.101""], ["" 125.962"", "" 122.334"", ""  56.865""]]",[],8d_Ghoteimi_2023
103,7187,9a_Ghoteimi_2023,4h2i_c_1_mae_prepped,1,2,-4.57,-0.08960784313725491,0.0,0.0,2,187.04,-7.55,-7.39,-0.16,-7.55,0.0,-1.5,2.98,-1.5,85,7,0.0,0.0,0.0,5.701355,9.821444,9.804319,0.60243658,0.521325,0.6043926,169.342117,"49.9701, 197.073669, 342.265503, 90.586426, 282.950348, 118.269897, 243.8582, 277.943359, 170.851028, 285.770142, ","[["" 128.920"", "" 129.065"", ""  70.973""], ["" 129.607"", "" 128.627"", ""  72.105""], ["" 129.545"", "" 129.350"", ""  73.293""], ["" 128.795"", "" 130.530"", ""  73.372""], ["" 128.103"", "" 130.968"", ""  72.232""], ["" 128.163"", "" 130.246"", ""  71.044""], ["" 129.054"", "" 128.255"", ""  69.829""], ["" 128.642"", "" 126.984"", ""  69.600""], ["" 128.039"", "" 126.293"", ""  70.421""], ["" 129.533"", "" 128.705"", ""  69.063""], ["" 128.956"", "" 126.455"", ""  68.269""], ["" 128.532"", "" 126.929"", ""  67.018""], ["" 129.042"", "" 126.174"", ""  65.900""], ["" 129.983"", "" 125.031"", ""  68.096""], ["" 128.890"", "" 126.302"", ""  64.490""], ["" 129.836"", "" 125.081"", ""  66.355""], ["" 129.491"", "" 125.334"", ""  63.679""], ["" 130.423"", "" 124.171"", ""  65.578""], ["" 130.236"", "" 124.292"", ""  64.237""], ["" 127.696"", "" 128.005"", ""  66.861""], ["" 126.868"", "" 127.957"", ""  66.283""], ["" 127.880"", "" 128.886"", ""  67.321""], ["" 128.140"", "" 127.409"", ""  63.843""], ["" 128.323"", "" 128.731"", ""  64.257""], ["" 127.262"", "" 127.145"", ""  62.790""], ["" 127.629"", "" 129.767"", ""  63.640""], ["" 126.571"", "" 128.182"", ""  62.170""], ["" 126.745"", "" 129.512"", ""  62.579""], ["" 126.029"", "" 130.535"", ""  61.952""], ["" 125.637"", "" 131.723"", ""  62.736""], ["" 124.986"", "" 130.239"", ""  60.950""], ["" 125.203"", "" 132.917"", ""  61.859""], ["" 124.569"", "" 131.472"", ""  60.119""], ["" 124.160"", "" 132.521"", ""  60.982""], ["" 130.895"", "" 123.255"", ""  63.386""], ["" 130.455"", "" 121.927"", ""  63.417""], ["" 131.963"", "" 123.577"", ""  62.541""], ["" 131.062"", "" 120.954"", ""  62.627""], ["" 132.568"", "" 122.606"", ""  61.749""], ["" 132.123"", "" 121.276"", ""  61.765""], ["" 132.754"", "" 120.307"", ""  60.980""], ["" 132.232"", "" 119.930"", ""  59.650""], ["" 134.229"", "" 120.211"", ""  60.977""], ["" 132.826"", "" 118.617"", ""  59.098""], ["" 134.762"", "" 118.888"", ""  60.392""], ["" 134.242"", "" 118.690"", ""  59.087""], ["" 128.752"", "" 131.287"", ""  74.668""], ["" 128.087"", "" 130.923"", ""  75.644""], ["" 129.520"", "" 132.406"", ""  74.663""], ["" 130.419"", "" 132.675"", ""  73.593""], ["" 129.751"", "" 133.620"", ""  72.590""]]",[],9a_Ghoteimi_2023
104,11369,9b_Ghoteimi_2023,4h2i_c_1_mae_prepped,1,15,-8.38,-0.18622222222222223,0.0,0.0,7,187.71,-10.47,-9.93,-0.55,-10.47,0.0,-1.75,2.09,-1.75,58,6,0.0,0.0,0.0,5.722708,9.227173,7.874692,0.70716325,-0.28541767,-0.64688243,140.979187,"16.433439, 136.116745, 313.193176, 115.234215, 148.183365, 203.430466, 298.440216, ","[["" 129.457"", "" 123.938"", ""  62.462""], ["" 129.730"", "" 122.602"", ""  62.795""], ["" 129.920"", "" 122.405"", ""  64.537""], ["" 129.615"", "" 124.104"", ""  64.808""], ["" 129.592"", "" 124.622"", ""  66.035""], ["" 129.328"", "" 125.951"", ""  66.138""], ["" 129.115"", "" 126.759"", ""  65.019""], ["" 129.158"", "" 126.223"", ""  63.727""], ["" 129.399"", "" 124.826"", ""  63.597""], ["" 129.242"", "" 124.368"", ""  61.177""], ["" 129.278"", "" 125.348"", ""  60.930""], ["" 129.040"", "" 123.717"", ""  60.431""], ["" 129.865"", "" 121.448"", ""  61.903""], ["" 130.918"", "" 120.633"", ""  62.159""], ["" 129.053"", "" 121.257"", ""  60.995""], ["" 131.523"", "" 120.892"", ""  62.925""], ["" 131.274"", "" 119.471"", ""  61.485""], ["" 132.496"", "" 119.139"", ""  61.102""], ["" 130.354"", "" 118.490"", ""  61.121""], ["" 132.395"", "" 117.904"", ""  60.463""], ["" 131.095"", "" 117.523"", ""  60.482""], ["" 128.955"", "" 127.130"", ""  62.568""], ["" 130.025"", "" 127.857"", ""  62.047""], ["" 127.702"", "" 127.239"", ""  61.963""], ["" 129.843"", "" 128.693"", ""  60.950""], ["" 127.519"", "" 128.075"", ""  60.866""], ["" 128.583"", "" 128.825"", ""  60.344""], ["" 128.380"", "" 129.647"", ""  59.232""], ["" 129.372"", "" 130.694"", ""  58.918""], ["" 127.813"", "" 129.117"", ""  57.976""], ["" 128.839"", "" 131.760"", ""  57.937""], ["" 127.322"", "" 130.220"", ""  57.014""], ["" 128.372"", "" 131.138"", ""  56.749""], ["" 129.287"", "" 126.503"", ""  67.527""], ["" 128.968"", "" 125.689"", ""  68.620""], ["" 129.564"", "" 127.853"", ""  67.766""], ["" 128.918"", "" 126.211"", ""  69.909""], ["" 129.510"", "" 128.376"", ""  69.054""], ["" 129.171"", "" 127.570"", ""  70.150""], ["" 129.127"", "" 128.109"", ""  71.441""], ["" 128.768"", "" 129.523"", ""  71.673""], ["" 130.121"", "" 127.675"", ""  72.446""], ["" 128.434"", "" 129.848"", ""  73.143""], ["" 129.750"", "" 128.059"", ""  73.895""], ["" 129.507"", "" 129.453"", ""  73.983""]]",[],9b_Ghoteimi_2023
105,11481,9c_Ghoteimi_2023,4h2i_c_1_mae_prepped,1,6,-8.68,-0.1928888888888889,0.0,0.0,4,188.18,-10.77,-10.64,-0.13,-10.77,0.0,-1.35,2.09,-1.35,61,8,0.0,0.0,0.0,5.631797,9.844472,8.920685,0.66906002,0.33271646,0.66457388,184.282654,"133.502441, 138.788101, 329.784058, 125.596359, 15.563452, 113.818649, 266.847504, ","[["" 128.788"", "" 127.333"", ""  67.219""], ["" 129.138"", "" 126.739"", ""  68.441""], ["" 129.777"", "" 125.113"", ""  68.200""], ["" 129.588"", "" 125.246"", ""  66.468""], ["" 129.952"", "" 124.261"", ""  65.649""], ["" 129.779"", "" 124.472"", ""  64.318""], ["" 129.220"", "" 125.649"", ""  63.814""], ["" 128.817"", "" 126.677"", ""  64.673""], ["" 129.021"", "" 126.493"", ""  66.071""], ["" 128.284"", "" 128.604"", ""  67.114""], ["" 127.536"", "" 128.933"", ""  67.709""], ["" 128.645"", "" 129.258"", ""  66.434""], ["" 129.033"", "" 127.298"", ""  69.792""], ["" 128.851"", "" 126.392"", ""  70.784""], ["" 129.115"", "" 128.514"", ""  69.980""], ["" 128.788"", "" 125.420"", ""  70.519""], ["" 128.736"", "" 126.654"", ""  72.143""], ["" 127.892"", "" 126.121"", ""  73.000""], ["" 129.822"", "" 127.827"", ""  72.816""], ["" 128.062"", "" 126.609"", ""  74.214""], ["" 129.066"", "" 127.563"", ""  74.359""], ["" 128.200"", "" 127.895"", ""  64.092""], ["" 128.799"", "" 128.541"", ""  63.010""], ["" 126.995"", "" 128.390"", ""  64.594""], ["" 128.215"", "" 129.674"", ""  62.451""], ["" 126.410"", "" 129.523"", ""  64.035""], ["" 127.014"", "" 130.193"", ""  62.961""], ["" 126.403"", "" 131.322"", ""  62.408""], ["" 127.120"", "" 132.095"", ""  61.374""], ["" 124.955"", "" 131.353"", ""  62.127""], ["" 126.524"", "" 133.500"", ""  61.142""], ["" 124.412"", "" 132.776"", ""  61.871""], ["" 125.144"", "" 133.397"", ""  60.826""], ["" 130.215"", "" 123.360"", ""  63.420""], ["" 131.532"", "" 122.885"", ""  63.440""], ["" 129.312"", "" 122.764"", ""  62.533""], ["" 131.936"", "" 121.856"", ""  62.596""], ["" 129.716"", "" 121.736"", ""  61.685""], ["" 131.038"", "" 121.270"", ""  61.688""], ["" 131.426"", "" 120.229"", ""  60.837""], ["" 130.786"", "" 118.899"", ""  60.907""], ["" 132.850"", "" 120.079"", ""  60.469""], ["" 131.082"", "" 118.000"", ""  59.688""], ["" 133.086"", "" 119.141"", ""  59.266""], ["" 132.483"", "" 117.879"", ""  59.504""]]",[],9c_Ghoteimi_2023
106,12186,9d_Ghoteimi_2023,4h2i_c_1_mae_prepped,1,4,-8.03,-0.20074999999999998,0.0,0.0,16,191.44,-10.12,-9.8,-0.32,-10.12,0.0,-1.26,2.09,-1.26,68,9,0.0,0.0,0.0,5.821057,9.617557,10.14736,-0.37019884,-0.61025787,0.70038429,134.174377,"27.118683, 197.943649, 87.871353, 280.902008, 229.25766, 356.542023, 156.480286, ","[["" 127.702"", "" 128.894"", ""  66.030""], ["" 127.176"", "" 129.498"", ""  64.881""], ["" 127.462"", "" 128.508"", ""  63.450""], ["" 128.298"", "" 127.304"", ""  64.401""], ["" 128.833"", "" 126.220"", ""  63.841""], ["" 129.477"", "" 125.353"", ""  64.665""], ["" 129.555"", "" 125.554"", ""  66.045""], ["" 128.978"", "" 126.681"", ""  66.641""], ["" 128.335"", "" 127.623"", ""  65.791""], ["" 127.639"", "" 129.473"", ""  67.271""], ["" 128.331"", "" 129.284"", ""  67.982""], ["" 126.898"", "" 130.115"", ""  67.517""], ["" 126.467"", "" 130.790"", ""  64.753""], ["" 127.050"", "" 131.864"", ""  64.585""], ["" 125.117"", "" 130.663"", ""  64.836""], ["" 124.528"", "" 129.502"", ""  65.404""], ["" 129.066"", "" 126.833"", ""  68.118""], ["" 129.838"", "" 127.849"", ""  68.685""], ["" 128.349"", "" 125.978"", ""  68.956""], ["" 129.902"", "" 127.998"", ""  70.068""], ["" 128.412"", "" 126.127"", ""  70.338""], ["" 129.183"", "" 127.145"", ""  70.920""], ["" 129.238"", "" 127.268"", ""  72.310""], ["" 128.962"", "" 128.581"", ""  72.925""], ["" 130.257"", "" 126.558"", ""  73.106""], ["" 128.673"", "" 128.495"", ""  74.439""], ["" 129.932"", "" 126.519"", ""  74.615""], ["" 129.743"", "" 127.839"", ""  75.103""], ["" 130.091"", "" 124.157"", ""  64.011""], ["" 129.303"", "" 123.269"", ""  63.270""], ["" 131.460"", "" 123.888"", ""  64.126""], ["" 129.865"", "" 122.152"", ""  62.659""], ["" 132.023"", "" 122.772"", ""  63.512""], ["" 131.240"", "" 121.887"", ""  62.756""], ["" 131.816"", "" 120.759"", ""  62.162""], ["" 130.984"", "" 119.699"", ""  61.558""], ["" 133.079"", "" 120.896"", ""  61.405""], ["" 131.750"", "" 118.391"", ""  61.269""], ["" 133.781"", "" 119.551"", ""  61.119""], ["" 132.888"", "" 118.662"", ""  60.469""]]",[],9d_Ghoteimi_2023
107,11609,RR10_Rahimova_2017,4h2i_c_1_mae_prepped,1,14,-10.25,-0.2847222222222222,0.0,0.0,2,186.85,-11.74,-11.64,-0.1,-11.74,0.0,-1.13,1.49,-1.13,58,2,0.0,0.0,0.0,1.658386,12.80153,6.689203,0.54500863,-0.62204915,0.56215696,171.421341,"296.791901, 217.238266, 324.693604, 127.555389, 350.347992, ","[["" 126.151"", "" 130.016"", ""  64.064""], ["" 127.125"", "" 129.745"", ""  65.152""], ["" 126.542"", "" 128.649"", ""  66.077""], ["" 125.195"", "" 129.115"", ""  66.689""], ["" 124.216"", "" 129.499"", ""  65.554""], ["" 124.834"", "" 130.505"", ""  64.555""], ["" 126.811"", "" 130.931"", ""  62.698""], ["" 128.262"", "" 131.048"", ""  62.886""], ["" 125.989"", "" 132.135"", ""  62.523""], ["" 126.559"", "" 129.879"", ""  61.268""], ["" 126.844"", "" 128.511"", ""  61.352""], ["" 126.092"", "" 130.443"", ""  60.077""], ["" 126.632"", "" 127.718"", ""  60.215""], ["" 125.873"", "" 129.678"", ""  58.927""], ["" 126.148"", "" 128.313"", ""  59.025""], ["" 126.822"", "" 126.371"", ""  60.051""], ["" 126.060"", "" 127.258"", ""  58.148""], ["" 126.470"", "" 126.119"", ""  58.810""], ["" 125.752"", "" 127.260"", ""  57.186""], ["" 126.504"", "" 124.757"", ""  58.178""], ["" 127.722"", "" 124.085"", ""  58.005""], ["" 125.319"", "" 124.140"", ""  57.756""], ["" 127.754"", "" 122.821"", ""  57.422""], ["" 125.350"", "" 122.875"", ""  57.173""], ["" 126.567"", "" 122.222"", ""  57.008""], ["" 127.545"", "" 128.355"", ""  67.212""], ["" 127.804"", "" 127.060"", ""  67.470""], ["" 128.060"", "" 129.281"", ""  67.842""], ["" 127.265"", "" 126.359"", ""  66.983""], ["" 128.694"", "" 126.564"", ""  68.529""], ["" 129.250"", "" 125.146"", ""  68.224""], ["" 129.890"", "" 127.528"", ""  68.737""], ["" 130.206"", "" 125.147"", ""  67.010""], ["" 130.852"", "" 127.535"", ""  67.527""], ["" 131.390"", "" 126.114"", ""  67.240""], ["" 132.377"", "" 126.103"", ""  66.060""]]",[],RR10_Rahimova_2017
108,11403,RR11_Rahimova_2017,4h2i_c_1_mae_prepped,1,4,-8.27,-0.21205128205128204,0.0,0.0,11,188.58,-10.06,-9.87,-0.19,-10.06,0.0,-0.48,1.79,-0.48,54,11,0.0,0.0,0.0,3.069593,10.937442,5.928095,-0.50196696,0.24957635,0.82809469,159.021133,"196.571747, 149.928452, 34.353741, 93.441833, 45.143517, 269.97583, ","[["" 124.638"", "" 130.642"", ""  61.095""], ["" 125.263"", "" 130.562"", ""  62.480""], ["" 127.009"", "" 128.873"", ""  66.304""], ["" 126.510"", "" 128.286"", ""  65.160""], ["" 126.942"", "" 130.186"", ""  66.253""], ["" 126.100"", "" 129.289"", ""  64.314""], ["" 126.387"", "" 130.473"", ""  65.033""], ["" 125.530"", "" 129.304"", ""  63.038""], ["" 126.094"", "" 131.719"", ""  64.462""], ["" 125.529"", "" 131.741"", ""  63.185""], ["" 126.479"", "" 127.287"", ""  65.017""], ["" 127.571"", "" 128.096"", ""  67.459""], ["" 128.603"", "" 126.659"", ""  69.624""], ["" 127.551"", "" 126.130"", ""  68.879""], ["" 129.145"", "" 127.898"", ""  69.293""], ["" 127.038"", "" 126.847"", ""  67.801""], ["" 128.631"", "" 128.614"", ""  68.215""], ["" 129.115"", "" 125.945"", ""  70.707""], ["" 128.920"", "" 124.957"", ""  70.788""], ["" 129.703"", "" 126.417"", ""  71.379""], ["" 125.421"", "" 129.866"", ""  60.044""], ["" 126.613"", "" 129.227"", ""  60.403""], ["" 124.927"", "" 129.773"", ""  58.738""], ["" 127.311"", "" 128.515"", ""  59.417""], ["" 125.596"", "" 129.068"", ""  57.735""], ["" 126.793"", "" 128.448"", ""  58.102""], ["" 128.493"", "" 127.829"", ""  59.518""], ["" 127.720"", "" 127.691"", ""  57.426""], ["" 128.719"", "" 127.349"", ""  58.314""], ["" 127.720"", "" 127.412"", ""  56.456""], ["" 129.920"", "" 126.531"", ""  57.940""], ["" 130.316"", "" 125.447"", ""  58.733""], ["" 130.664"", "" 126.844"", ""  56.794""], ["" 131.433"", "" 124.690"", ""  58.391""], ["" 131.782"", "" 126.089"", ""  56.449""], ["" 132.164"", "" 125.013"", ""  57.249""], ["" 133.284"", "" 124.258"", ""  56.906""], ["" 134.179"", "" 124.481"", ""  57.318""], ["" 133.180"", "" 123.472"", ""  56.281""]]",[],RR11_Rahimova_2017
109,6637,RR11_Rahimova_2017-again1,4h2i_c_1_mae_prepped,1,12,-9.09,-0.22725,0.0,0.0,16,183.08,-10.88,-9.38,-1.5,-10.88,0.0,0.25,1.79,0.25,64,13,0.0,0.0,0.0,3.438722,10.96429,5.769705,-0.31963475,0.01489186,-0.9474238,202.390091,"92.932541, 14.303375, 301.717255, 219.781433, 293.884308, 41.406181, ","[["" 124.555"", "" 130.257"", ""  60.594""], ["" 125.621"", "" 129.695"", ""  59.665""], ["" 129.111"", "" 127.253"", ""  58.123""], ["" 128.454"", "" 127.290"", ""  59.335""], ["" 128.588"", "" 128.089"", ""  57.254""], ["" 127.448"", "" 128.223"", ""  59.244""], ["" 127.559"", "" 128.706"", ""  57.918""], ["" 126.482"", "" 128.694"", ""  60.136""], ["" 126.672"", "" 129.690"", ""  57.463""], ["" 125.710"", "" 130.170"", ""  58.352""], ["" 128.714"", "" 126.717"", ""  60.125""], ["" 130.290"", "" 126.367"", ""  57.843""], ["" 132.494"", "" 124.725"", ""  57.329""], ["" 132.212"", "" 125.793"", ""  56.479""], ["" 131.682"", "" 124.470"", ""  58.432""], ["" 131.113"", "" 126.610"", ""  56.736""], ["" 130.585"", "" 125.289"", ""  58.688""], ["" 133.595"", "" 123.908"", ""  57.075""], ["" 133.489"", "" 123.105"", ""  56.473""], ["" 134.475"", "" 124.106"", ""  57.529""], ["" 124.980"", "" 130.236"", ""  62.056""], ["" 125.552"", "" 129.072"", ""  62.586""], ["" 124.773"", "" 131.369"", ""  62.852""], ["" 125.931"", "" 129.110"", ""  63.930""], ["" 125.145"", "" 131.410"", ""  64.198""], ["" 125.734"", "" 130.255"", ""  64.720""], ["" 126.531"", "" 128.161"", ""  64.746""], ["" 126.224"", "" 129.956"", ""  65.985""], ["" 126.721"", "" 128.673"", ""  66.008""], ["" 126.812"", "" 127.225"", ""  64.496""], ["" 126.242"", "" 130.559"", ""  66.795""], ["" 127.352"", "" 127.975"", ""  67.169""], ["" 126.713"", "" 126.879"", ""  67.761""], ["" 128.587"", "" 128.404"", ""  67.671""], ["" 127.300"", "" 126.219"", ""  68.838""], ["" 129.174"", "" 127.745"", ""  68.747""], ["" 128.530"", "" 126.654"", ""  69.328""], ["" 129.119"", "" 125.990"", ""  70.403""], ["" 129.056"", "" 124.983"", ""  70.461""], ["" 129.578"", "" 126.524"", ""  71.126""]]",[],RR11_Rahimova_2017-again1
110,6942,RR11_Rahimova_2017-again2,4h2i_c_1_mae_prepped,1,15,-10.02,-0.24439024390243902,0.0,0.0,18,182.69,-11.81,-9.54,-2.27,-11.81,0.0,0.4,1.79,0.4,66,13,0.0,0.0,0.0,2.782174,10.979218,5.861615,0.36854514,-0.02642932,0.92923408,145.043015,"270.161804, 227.77565, 268.171112, 41.850174, 126.779205, 44.652866, ","[["" 124.392"", "" 130.664"", ""  60.936""], ["" 125.236"", "" 129.892"", ""  59.932""], ["" 128.674"", "" 127.357"", ""  58.243""], ["" 128.336"", "" 127.856"", ""  59.480""], ["" 127.678"", "" 127.751"", ""  57.380""], ["" 127.145"", "" 128.565"", ""  59.399""], ["" 126.725"", "" 128.497"", ""  58.061""], ["" 126.407"", "" 129.256"", ""  60.364""], ["" 125.546"", "" 129.114"", ""  57.631""], ["" 124.816"", "" 129.808"", ""  58.599""], ["" 128.909"", "" 127.707"", ""  60.298""], ["" 127.687"", "" 127.512"", ""  56.400""], ["" 129.889"", "" 126.557"", ""  57.903""], ["" 132.150"", "" 125.050"", ""  57.257""], ["" 131.363"", "" 124.686"", ""  58.347""], ["" 131.817"", "" 126.164"", ""  56.489""], ["" 130.236"", "" 125.437"", ""  58.670""], ["" 130.690"", "" 126.915"", ""  56.812""], ["" 133.275"", "" 124.295"", ""  56.930""], ["" 133.178"", "" 123.500"", ""  56.315""], ["" 134.162"", "" 124.509"", ""  57.363""], ["" 124.942"", "" 130.585"", ""  62.354""], ["" 125.371"", "" 129.348"", ""  62.855""], ["" 124.987"", "" 131.740"", ""  63.143""], ["" 125.871"", "" 129.333"", ""  64.159""], ["" 125.480"", "" 131.729"", ""  64.450""], ["" 125.927"", "" 130.499"", ""  64.940""], ["" 126.386"", "" 128.306"", ""  64.940""], ["" 126.475"", "" 130.136"", ""  66.163""], ["" 126.765"", "" 128.791"", ""  66.170""], ["" 126.493"", "" 127.335"", ""  64.686""], ["" 126.659"", "" 130.733"", ""  66.956""], ["" 127.380"", "" 128.012"", ""  67.288""], ["" 128.599"", "" 128.417"", ""  67.842""], ["" 126.738"", "" 126.875"", ""  67.793""], ["" 129.168"", "" 127.697"", ""  68.891""], ["" 127.306"", "" 126.155"", ""  68.841""], ["" 128.519"", "" 126.569"", ""  69.389""], ["" 129.084"", "" 125.852"", ""  70.442""], ["" 129.042"", "" 124.844"", ""  70.437""], ["" 129.472"", "" 126.350"", ""  71.230""]]",[],RR11_Rahimova_2017-again2
111,7274,RR12_Rahimova_2017,4h2i_c_1_mae_prepped,1,12,-7.16,-0.2651851851851852,0.0,0.0,1,189.04,-9.85,-9.66,-0.19,-9.85,0.0,-2.16,2.68,-2.16,52,5,0.0,0.0,0.0,5.624298,9.069079,6.832868,-0.46785416,0.84558746,-0.25708817,146.525528,"155.278854, 280.469482, 172.127975, 7.044984, 130.943329, 85.197693, 20.854494, 174.265244, 59.700027, ","[["" 130.633"", "" 124.626"", ""  62.998""], ["" 131.548"", "" 125.855"", ""  63.162""], ["" 131.894"", "" 126.152"", ""  64.551""], ["" 133.630"", "" 124.706"", ""  64.759""], ["" 132.892"", "" 125.569"", ""  65.240""], ["" 131.333"", "" 126.854"", ""  65.012""], ["" 133.072"", "" 126.052"", ""  66.685""], ["" 132.212"", "" 127.166"", ""  66.926""], ["" 130.989"", "" 126.958"", ""  67.535""], ["" 130.448"", "" 125.676"", ""  67.419""], ["" 130.280"", "" 127.941"", ""  68.247""], ["" 129.221"", "" 125.370"", ""  68.002""], ["" 129.054"", "" 127.636"", ""  68.832""], ["" 128.530"", "" 126.351"", ""  68.708""], ["" 131.132"", "" 123.403"", ""  63.790""], ["" 131.392"", "" 122.202"", ""  62.899""], ["" 130.468"", "" 121.317"", ""  62.615""], ["" 132.620"", "" 121.918"", ""  62.321""], ["" 131.086"", "" 120.415"", ""  61.794""], ["" 132.443"", "" 120.763"", ""  61.581""], ["" 130.555"", "" 119.268"", ""  61.184""], ["" 133.288"", "" 119.997"", ""  60.769""], ["" 131.397"", "" 118.504"", ""  60.376""], ["" 132.730"", "" 118.863"", ""  60.175""], ["" 133.847"", "" 122.705"", ""  62.411""], ["" 133.751"", "" 123.969"", ""  61.537""], ["" 134.351"", "" 123.766"", ""  60.139""]]",[],RR12_Rahimova_2017
112,11418,RR13_Rahimova_2017,4h2i_c_1_mae_prepped,1,1,-12.26,-0.2554166666666667,0.0,0.0,2,185.31,-15.84,-15.64,-0.21,-15.84,0.0,-4.13,3.58,-4.13,58,11,0.0,0.0,0.0,7.061062,10.820246,5.241545,-0.28645771,-0.28510238,-0.91469044,101.274719,"291.406006, 13.955667, 17.126936, 254.00853, 141.866348, 49.947739, 71.908813, 290.171204, 32.638794, 340.027069, 210.890305, 9.452127, ","[["" 129.765"", "" 127.736"", ""  60.555""], ["" 130.693"", "" 128.076"", ""  61.649""], ["" 130.851"", "" 126.887"", ""  62.625""], ["" 131.405"", "" 125.714"", ""  61.929""], ["" 130.471"", "" 125.374"", ""  60.840""], ["" 130.326"", "" 126.563"", ""  59.862""], ["" 129.518"", "" 128.919"", ""  59.696""], ["" 128.083"", "" 128.977"", ""  59.127""], ["" 127.749"", "" 129.836"", ""  58.060""], ["" 126.437"", "" 129.883"", ""  57.582""], ["" 125.446"", "" 129.093"", ""  58.158""], ["" 127.067"", "" 128.197"", ""  59.702""], ["" 125.761"", "" 128.250"", ""  59.220""], ["" 128.918"", "" 130.868"", ""  57.309""], ["" 129.889"", "" 130.237"", ""  60.393""], ["" 130.849"", "" 131.065"", ""  60.046""], ["" 129.287"", "" 130.695"", ""  61.545""], ["" 130.820"", "" 132.095"", ""  60.982""], ["" 129.831"", "" 131.859"", ""  61.916""], ["" 128.164"", "" 130.136"", ""  62.288""], ["" 128.016"", "" 130.846"", ""  63.647""], ["" 127.086"", "" 130.097"", ""  64.589""], ["" 127.618"", "" 129.287"", ""  65.596""], ["" 125.702"", "" 130.213"", ""  64.439""], ["" 126.766"", "" 128.595"", ""  66.453""], ["" 124.850"", "" 129.521"", ""  65.297""], ["" 125.386"", "" 128.716"", ""  66.300""], ["" 131.650"", "" 124.575"", ""  62.844""], ["" 132.419"", "" 124.973"", ""  64.106""], ["" 133.720"", "" 124.887"", ""  64.264""], ["" 131.858"", "" 125.529"", ""  65.236""], ["" 133.982"", "" 125.368"", ""  65.543""], ["" 132.807"", "" 125.762"", ""  66.150""], ["" 130.461"", "" 125.812"", ""  65.546""], ["" 130.039"", "" 125.089"", ""  66.838""], ["" 129.764"", "" 126.059"", ""  67.976""], ["" 130.236"", "" 127.373"", ""  67.902""], ["" 129.032"", "" 125.638"", ""  69.090""], ["" 129.978"", "" 128.263"", ""  68.941""], ["" 128.775"", "" 126.528"", ""  70.129""], ["" 129.249"", "" 127.837"", ""  70.051""], ["" 132.297"", "" 123.330"", ""  62.199""], ["" 133.648"", "" 123.424"", ""  61.839""], ["" 131.613"", "" 122.118"", ""  61.945""], ["" 134.319"", "" 122.344"", ""  61.267""], ["" 132.295"", "" 121.040"", ""  61.374""], ["" 133.642"", "" 121.149"", ""  61.039""], ["" 129.924"", "" 121.905"", ""  62.262""]]",[],RR13_Rahimova_2017
113,11363,RR14_Rahimova_2017,4h2i_c_1_mae_prepped,1,1,-10.31,-0.25775000000000003,0.0,0.0,2,186.67,-13.59,-13.26,-0.33,-13.59,0.0,-2.25,3.28,-2.25,50,14,0.0,0.0,0.0,5.599252,9.190202,6.597298,-0.74523148,0.63715262,-0.1966382,271.562164,"211.819443, 329.190857, 16.270636, 112.202049, 79.250999, 14.532575, 14.465396, 169.302765, 163.863358, 15.170235, 148.715988, ","[["" 130.672"", "" 123.369"", ""  63.227""], ["" 129.721"", "" 124.331"", ""  62.645""], ["" 129.481"", "" 125.436"", ""  63.584""], ["" 129.617"", "" 126.845"", ""  63.011""], ["" 130.043"", "" 130.665"", ""  61.260""], ["" 129.874"", "" 129.403"", ""  61.848""], ["" 129.083"", "" 131.656"", ""  61.486""], ["" 130.815"", "" 128.371"", ""  61.646""], ["" 128.751"", "" 129.141"", ""  62.654""], ["" 127.971"", "" 131.398"", ""  62.286""], ["" 130.775"", "" 127.114"", ""  62.153""], ["" 128.664"", "" 127.784"", ""  63.230""], ["" 127.793"", "" 130.145"", ""  62.877""], ["" 131.662"", "" 126.304"", ""  61.882""], ["" 131.248"", "" 130.979"", ""  60.382""], ["" 131.612"", "" 128.562"", ""  61.059""], ["" 126.568"", "" 129.899"", ""  63.749""], ["" 128.453"", "" 123.691"", ""  62.270""], ["" 128.634"", "" 122.465"", ""  61.348""], ["" 128.760"", "" 122.827"", ""  59.854""], ["" 127.465"", "" 123.002"", ""  59.187""], ["" 127.595"", "" 122.753"", ""  57.746""], ["" 126.841"", "" 124.305"", ""  59.466""], ["" 126.260"", "" 122.979"", ""  57.006""], ["" 125.527"", "" 124.484"", ""  58.675""], ["" 125.760"", "" 124.283"", ""  57.286""], ["" 132.009"", "" 124.010"", ""  63.572""], ["" 132.305"", "" 124.569"", ""  64.721""], ["" 133.098"", "" 124.079"", ""  62.729""], ["" 133.625"", "" 124.994"", ""  64.606""], ["" 134.117"", "" 124.679"", ""  63.354""], ["" 133.261"", "" 123.572"", ""  61.367""], ["" 133.015"", "" 122.073"", ""  61.247""], ["" 131.822"", "" 121.600"", ""  60.695""], ["" 133.993"", "" 121.169"", ""  61.666""], ["" 131.625"", "" 120.233"", ""  60.532""], ["" 133.795"", "" 119.801"", ""  61.501""], ["" 132.609"", "" 119.322"", ""  60.920""], ["" 132.336"", "" 117.987"", ""  60.697""], ["" 131.004"", "" 117.595"", ""  60.380""]]",[],RR14_Rahimova_2017
114,7073,RR15_Rahimova_2017,4h2i_c_1_mae_prepped,1,16,-8.29,-0.1802173913043478,0.0,0.0,1,184.45,-12.76,-12.04,-0.72,-12.76,0.0,-4.23,4.47,-4.23,62,6,0.0,0.0,0.0,4.996885,8.343389,10.136853,0.38270617,0.18717431,0.90471087,112.133568,"23.080723, 208.043625, 289.892761, 53.995037, 221.832932, 316.765045, 43.581398, 208.212326, 186.122116, 189.896713, 54.45673, 298.944977, 24.099154, 191.480179, 60.476337, ","[["" 129.638"", "" 125.057"", ""  66.181""], ["" 129.489"", "" 124.225"", ""  67.079""], ["" 130.126"", "" 124.718"", ""  64.949""], ["" 130.445"", "" 125.721"", ""  63.886""], ["" 131.573"", "" 125.217"", ""  62.993""], ["" 133.714"", "" 124.298"", ""  61.448""], ["" 133.906"", "" 124.584"", ""  62.797""], ["" 132.462"", "" 124.466"", ""  60.862""], ["" 132.839"", "" 125.040"", ""  63.564""], ["" 131.396"", "" 124.924"", ""  61.631""], ["" 134.751"", "" 123.853"", ""  60.702""], ["" 129.190"", "" 126.327"", ""  63.186""], ["" 128.741"", "" 127.487"", ""  63.698""], ["" 128.640"", "" 125.745"", ""  62.251""], ["" 129.232"", "" 127.887"", ""  64.485""], ["" 127.532"", "" 128.184"", ""  63.276""], ["" 126.733"", "" 128.696"", ""  64.489""], ["" 127.620"", "" 128.617"", ""  65.613""], ["" 126.330"", "" 130.181"", ""  64.435""], ["" 127.570"", "" 129.811"", ""  66.387""], ["" 127.324"", "" 130.876"", ""  65.333""], ["" 130.191"", "" 123.310"", ""  64.510""], ["" 128.938"", "" 122.845"", ""  63.736""], ["" 129.219"", "" 122.277"", ""  62.326""], ["" 128.071"", "" 122.354"", ""  61.418""], ["" 127.018"", "" 123.272"", ""  61.879""], ["" 128.523"", "" 122.686"", ""  60.060""], ["" 125.874"", "" 123.382"", ""  60.848""], ["" 127.337"", "" 122.809"", ""  59.079""], ["" 126.393"", "" 123.752"", ""  59.575""], ["" 129.220"", "" 126.522"", ""  66.464""], ["" 129.618"", "" 127.030"", ""  67.776""], ["" 128.945"", "" 126.738"", ""  68.895""], ["" 130.532"", "" 127.990"", ""  67.914""], ["" 129.533"", "" 127.527"", ""  69.775""], ["" 130.484"", "" 128.294"", ""  69.259""], ["" 129.156"", "" 127.560"", ""  71.230""], ["" 129.221"", "" 128.753"", ""  71.963""], ["" 128.733"", "" 126.400"", ""  71.886""], ["" 128.875"", "" 128.799"", ""  73.324""], ["" 128.389"", "" 126.429"", ""  73.236""], ["" 128.458"", "" 127.625"", ""  73.968""], ["" 128.920"", "" 129.952"", ""  74.088""], ["" 128.208"", "" 131.108"", ""  73.660""], ["" 128.134"", "" 127.722"", ""  75.310""], ["" 126.814"", "" 127.400"", ""  75.737""]]",[],RR15_Rahimova_2017
115,11472,RR16_Rahimova_2017,4h2i_c_1_mae_prepped,1,4,-9.87,-0.20562499999999997,0.0,0.0,4,186.11,-14.35,-14.36,-0.17,-14.53,0.18,-3.48,4.47,-3.48,68,7,0.0,0.0,0.0,6.196472,8.847805,0.217654,0.36758107,0.76815514,0.52423452,207.496857,"150.294739, 121.607643, 179.913406, 23.42407, 149.988068, 68.274071, 189.266922, 129.108307, 325.722534, 352.621124, 350.966736, 347.394653, 74.03112, 337.980865, 354.477051, ","[["" 126.255"", "" 126.278"", ""  59.173""], ["" 127.108"", "" 126.496"", ""  60.257""], ["" 127.449"", "" 127.796"", ""  60.618""], ["" 126.936"", "" 128.873"", ""  59.891""], ["" 126.054"", "" 128.656"", ""  58.832""], ["" 125.709"", "" 127.357"", ""  58.474""], ["" 125.926"", "" 124.606"", ""  58.620""], ["" 125.948"", "" 124.617"", ""  57.151""], ["" 124.738"", "" 124.130"", ""  59.339""], ["" 127.326"", "" 123.677"", ""  59.190""], ["" 129.174"", "" 121.636"", ""  60.182""], ["" 128.626"", "" 122.755"", ""  61.101""], ["" 129.122"", "" 122.028"", ""  58.682""], ["" 127.255"", "" 123.272"", ""  60.618""], ["" 127.739"", "" 122.578"", ""  58.279""], ["" 130.556"", "" 121.141"", ""  60.617""], ["" 133.964"", "" 122.179"", ""  61.778""], ["" 134.914"", "" 121.249"", ""  61.994""], ["" 132.785"", "" 121.577"", ""  61.370""], ["" 134.362"", "" 120.005"", ""  61.781""], ["" 133.068"", "" 120.191"", ""  61.388""], ["" 131.533"", "" 122.074"", ""  60.991""], ["" 132.075"", "" 119.271"", ""  61.022""], ["" 130.827"", "" 119.765"", ""  60.640""], ["" 134.295"", "" 123.596"", ""  61.849""], ["" 133.208"", "" 124.421"", ""  62.523""], ["" 131.484"", "" 126.122"", ""  62.412""], ["" 131.241"", "" 125.967"", ""  63.777""], ["" 132.463"", "" 125.348"", ""  61.786""], ["" 131.979"", "" 125.042"", ""  64.517""], ["" 132.961"", "" 124.271"", ""  63.892""], ["" 130.580"", "" 127.272"", ""  61.496""], ["" 132.323"", "" 117.922"", ""  61.034""], ["" 133.217"", "" 117.704"", ""  61.308""], ["" 127.485"", "" 130.540"", ""  60.237""], ["" 126.338"", "" 131.423"", ""  59.997""], ["" 128.168"", "" 130.529"", ""  61.536""], ["" 128.686"", "" 130.875"", ""  58.989""], ["" 128.358"", "" 130.893"", ""  58.020""], ["" 130.115"", "" 130.542"", ""  59.198""], ["" 130.865"", "" 130.649"", ""  57.845""], ["" 132.270"", "" 131.281"", ""  57.864""], ["" 133.265"", "" 130.566"", ""  58.795""], ["" 133.252"", "" 131.020"", ""  60.266""], ["" 130.663"", "" 131.428"", ""  60.340""], ["" 131.923"", "" 130.878"", ""  61.036""], ["" 133.252"", "" 131.019"", ""  60.268""], ["" 133.266"", "" 130.566"", ""  58.796""]]",[],RR16_Rahimova_2017
116,11532,RR17_Rahimova_2017,4h2i_c_1_mae_prepped,2,13,-7.61,-0.19512820512820514,0.0,0.0,2,185.44,-11.19,-11.12,-0.07,-11.19,0.0,-4.13,3.58,-4.13,61,4,0.0,0.0,0.0,8.676825,6.527601,4.488811,-0.78952847,-0.13964881,0.59761443,199.966476,"13.098638, 332.681732, 109.039078, 92.858894, 95.651764, 321.682983, 299.674835, 124.865295, 323.554474, 277.076996, 85.543358, 136.591843, ","[["" 133.632"", "" 123.567"", ""  59.051""], ["" 133.367"", "" 123.680"", ""  60.798""], ["" 132.905"", "" 122.646"", ""  61.587""], ["" 132.840"", "" 123.190"", ""  62.853""], ["" 133.576"", "" 124.748"", ""  61.531""], ["" 133.243"", "" 124.436"", ""  62.844""], ["" 132.552"", "" 121.347"", ""  61.190""], ["" 131.849"", "" 118.766"", ""  60.408""], ["" 130.858"", "" 119.684"", ""  60.792""], ["" 133.190"", "" 119.158"", ""  60.424""], ["" 131.208"", "" 120.973"", ""  61.183""], ["" 133.547"", "" 120.446"", ""  60.813""], ["" 131.595"", "" 117.469"", ""  60.007""], ["" 130.263"", "" 117.092"", ""  59.676""], ["" 132.368"", "" 122.445"", ""  64.093""], ["" 131.018"", "" 122.804"", ""  64.519""], ["" 130.862"", "" 122.928"", ""  65.508""], ["" 130.017"", "" 123.258"", ""  63.641""], ["" 129.913"", "" 124.634"", ""  63.442""], ["" 129.142"", "" 122.396"", ""  62.966""], ["" 128.941"", "" 125.151"", ""  62.590""], ["" 128.169"", "" 122.912"", ""  62.115""], ["" 128.061"", "" 124.293"", ""  61.922""], ["" 126.995"", "" 124.877"", ""  60.996""], ["" 126.209"", "" 125.756"", ""  61.620""], ["" 127.567"", "" 125.498"", ""  59.962""], ["" 126.232"", "" 123.888"", ""  60.531""], ["" 132.475"", "" 124.860"", ""  58.473""], ["" 131.134"", "" 124.825"", ""  59.238""], ["" 131.004"", "" 125.429"", ""  60.307""], ["" 130.013"", "" 124.044"", ""  58.615""], ["" 129.739"", "" 122.748"", ""  59.074""], ["" 129.229"", "" 124.573"", ""  57.579""], ["" 128.707"", "" 122.002"", ""  58.513""], ["" 128.197"", "" 123.824"", ""  57.019""], ["" 127.928"", "" 122.529"", ""  57.485""], ["" 126.925"", "" 121.715"", ""  56.991""], ["" 125.685"", "" 122.296"", ""  56.595""], ["" 125.132"", "" 123.119"", ""  57.762""]]",[],RR17_Rahimova_2017
117,11224,RR18_Rahimova_2017,4h2i_c_1_mae_prepped,1,15,-8.85,-0.23289473684210527,0.0,0.0,6,189.44,-9.74,-9.77,0.03,-9.74,0.0,-1.98,0.89,-1.98,45,3,0.0,0.0,0.0,6.759426,9.556658,3.849421,-0.62833085,0.59389191,0.50248656,226.654312,"12.008945, 13.771963, 85.281464, ","[["" 130.052"", "" 124.975"", ""  60.745""], ["" 129.556"", "" 124.076"", ""  61.917""], ["" 129.316"", "" 124.657"", ""  63.121""], ["" 129.360"", "" 125.997"", ""  63.360""], ["" 129.564"", "" 126.805"", ""  62.386""], ["" 129.498"", "" 128.547"", ""  62.512""], ["" 129.848"", "" 128.738"", ""  60.765""], ["" 129.960"", "" 129.919"", ""  60.062""], ["" 129.705"", "" 131.205"", ""  60.727""], ["" 129.831"", "" 132.163"", ""  59.804""], ["" 130.180"", "" 131.679"", ""  58.580""], ["" 130.303"", "" 130.302"", ""  58.656""], ["" 130.713"", "" 129.628"", ""  57.490""], ["" 130.946"", "" 130.329"", ""  56.304""], ["" 130.788"", "" 131.713"", ""  56.259""], ["" 130.406"", "" 132.400"", ""  57.408""], ["" 129.409"", "" 131.447"", ""  61.897""], ["" 129.855"", "" 126.422"", ""  61.117""], ["" 129.986"", "" 127.403"", ""  60.183""], ["" 130.176"", "" 127.139"", ""  58.999""], ["" 129.702"", "" 133.144"", ""  60.005""], ["" 131.509"", "" 124.685"", ""  60.394""], ["" 133.613"", "" 124.329"", ""  60.914""], ["" 133.522"", "" 124.247"", ""  59.534""], ["" 132.385"", "" 124.596"", ""  61.430""], ["" 132.186"", "" 124.474"", ""  59.204""], ["" 134.743"", "" 124.188"", ""  61.903""], ["" 129.462"", "" 122.629"", ""  61.748""], ["" 130.656"", "" 122.008"", ""  61.610""], ["" 128.376"", "" 122.047"", ""  61.723""], ["" 131.462"", "" 122.612"", ""  61.565""], ["" 130.959"", "" 120.639"", ""  61.451""], ["" 132.315"", "" 120.284"", ""  61.298""], ["" 129.987"", "" 119.622"", ""  61.460""], ["" 132.668"", "" 118.939"", ""  61.143""], ["" 130.354"", "" 118.287"", ""  61.304""], ["" 131.693"", "" 117.945"", ""  61.142""], ["" 133.423"", "" 121.334"", ""  61.295""]]",[],RR18_Rahimova_2017
118,11666,RR19_Rahimova_2017,4h2i_c_1_mae_prepped,1,12,-10.85,-0.22604166666666667,0.0,0.0,5,188.05,-13.23,-12.99,-0.24,-13.23,0.0,-4.11,2.39,-4.11,61,6,0.0,0.0,0.0,6.619025,9.360934,9.446488,0.05822675,0.58198483,-0.81111239,202.414978,"268.146301, 297.614349, 355.597778, 255.62471, 54.093746, 138.789474, 183.436829, 140.305237, ","[["" 133.807"", "" 125.707"", ""  66.786""], ["" 132.223"", "" 125.836"", ""  66.203""], ["" 131.198"", "" 126.514"", ""  66.816""], ["" 131.156"", "" 127.375"", ""  67.864""], ["" 132.129"", "" 127.915"", ""  68.398""], ["" 131.749"", "" 125.280"", ""  65.041""], ["" 132.284"", "" 124.412"", ""  64.145""], ["" 133.321"", "" 123.760"", ""  64.289""], ["" 130.284"", "" 126.248"", ""  66.481""], ["" 130.863"", "" 125.662"", ""  64.743""], ["" 129.727"", "" 127.683"", ""  68.386""], ["" 129.098"", "" 126.528"", ""  69.218""], ["" 129.076"", "" 126.787"", ""  70.714""], ["" 128.722"", "" 125.753"", ""  71.606""], ["" 129.569"", "" 128.002"", ""  71.235""], ["" 128.801"", "" 125.962"", ""  72.978""], ["" 129.641"", "" 128.191"", ""  72.609""], ["" 129.253"", "" 127.177"", ""  73.476""], ["" 128.798"", "" 128.158"", ""  67.321""], ["" 128.431"", "" 127.429"", ""  66.225""], ["" 128.264"", "" 129.411"", ""  67.342""], ["" 127.529"", "" 128.315"", ""  65.450""], ["" 128.777"", "" 126.282"", ""  65.940""], ["" 127.429"", "" 129.503"", ""  66.119""], ["" 128.439"", "" 130.282"", ""  68.195""], ["" 126.850"", "" 128.103"", ""  64.248""], ["" 126.644"", "" 130.546"", ""  65.625""], ["" 126.056"", "" 129.135"", ""  63.737""], ["" 125.953"", "" 130.353"", ""  64.423""], ["" 131.478"", "" 124.291"", ""  62.828""], ["" 130.009"", "" 124.798"", ""  62.912""], ["" 129.075"", "" 124.257"", ""  61.842""], ["" 129.467"", "" 124.229"", ""  60.486""], ["" 127.854"", "" 123.654"", ""  62.213""], ["" 128.633"", "" 123.659"", ""  59.533""], ["" 127.034"", "" 123.092"", ""  61.245""], ["" 127.419"", "" 123.098"", ""  59.910""], ["" 131.550"", "" 122.911"", ""  62.275""], ["" 132.300"", "" 122.529"", ""  61.198""], ["" 130.788"", "" 121.902"", ""  62.786""], ["" 132.007"", "" 121.087"", ""  61.005""], ["" 133.053"", "" 123.231"", ""  60.522""], ["" 131.099"", "" 120.711"", ""  61.957""], ["" 130.002"", "" 121.966"", ""  63.733""], ["" 132.488"", "" 120.174"", ""  60.066""], ["" 130.623"", "" 119.402"", ""  62.023""], ["" 132.023"", "" 118.855"", ""  60.115""], ["" 131.093"", "" 118.470"", ""  61.091""]]",[],RR19_Rahimova_2017
119,6953,RR19_Rahimova_2017-again1,4h2i_c_1_mae_prepped,1,16,-10.21,-0.2172340425531915,0.0,0.0,5,184.97,-12.9,-13.25,0.35,-12.9,0.0,-3.49,2.68,-3.49,64,7,0.0,0.0,0.0,7.053118,9.091822,6.267174,0.73066517,0.23503901,0.64100318,266.087341,"9.679978, 136.766357, 318.783264, 48.884186, 26.148037, 155.959854, 174.293716, 164.097107, 94.496429, ","[["" 131.635"", "" 125.218"", ""  57.778""], ["" 131.062"", "" 124.955"", ""  59.336""], ["" 129.799"", "" 125.076"", ""  59.844""], ["" 128.634"", "" 125.521"", ""  59.316""], ["" 128.442"", "" 125.811"", ""  58.132""], ["" 129.747"", "" 124.871"", ""  60.830""], ["" 131.887"", "" 124.630"", ""  60.398""], ["" 132.778"", "" 123.697"", ""  60.486""], ["" 133.196"", "" 122.896"", ""  59.627""], ["" 133.432"", "" 123.524"", ""  61.898""], ["" 133.914"", "" 122.053"", ""  62.127""], ["" 132.961"", "" 120.983"", ""  61.599""], ["" 131.614"", "" 121.006"", ""  61.970""], ["" 133.434"", "" 119.987"", ""  60.740""], ["" 130.740"", "" 120.040"", ""  61.477""], ["" 132.561"", "" 119.022"", ""  60.246""], ["" 131.218"", "" 119.053"", ""  60.616""], ["" 132.608"", "" 124.092"", ""  63.015""], ["" 131.244"", "" 124.016"", ""  63.104""], ["" 133.179"", "" 124.773"", ""  64.049""], ["" 130.891"", "" 124.725"", ""  64.357""], ["" 130.471"", "" 123.474"", ""  62.315""], ["" 132.049"", "" 125.181"", ""  64.924""], ["" 134.376"", "" 125.002"", ""  64.223""], ["" 129.652"", "" 124.959"", ""  64.956""], ["" 132.034"", "" 125.895"", ""  66.123""], ["" 129.615"", "" 125.673"", ""  66.159""], ["" 130.802"", "" 126.138"", ""  66.740""], ["" 127.469"", "" 125.657"", ""  60.340""], ["" 126.414"", "" 124.517"", ""  60.244""], ["" 126.454"", "" 123.749"", ""  58.935""], ["" 127.446"", "" 122.770"", ""  58.719""], ["" 125.409"", "" 123.884"", ""  57.995""], ["" 127.422"", "" 121.999"", ""  57.564""], ["" 125.403"", "" 123.104"", ""  56.847""], ["" 126.408"", "" 122.169"", ""  56.629""], ["" 126.833"", "" 127.009"", ""  60.363""], ["" 126.666"", "" 127.773"", ""  61.484""], ["" 126.246"", "" 127.542"", ""  59.255""], ["" 125.889"", "" 128.957"", ""  61.042""], ["" 127.065"", "" 127.528"", ""  62.623""], ["" 125.632"", "" 128.815"", ""  59.705""], ["" 126.221"", "" 127.064"", ""  58.120""], ["" 125.420"", "" 130.062"", ""  61.755""], ["" 124.893"", "" 129.771"", ""  59.007""], ["" 124.674"", "" 131.030"", ""  61.073""], ["" 124.412"", "" 130.885"", ""  59.704""]]",[],RR19_Rahimova_2017-again1
120,11576,RR1_Rahimova_2017,4h2i_c_1_mae_prepped,1,1,-7.57,-0.17204545454545456,0.0,0.0,4,190.08,-11.15,-10.68,-0.47,-11.15,0.0,-4.5,3.58,-4.5,48,13,0.0,0.0,0.0,4.405913,9.534021,6.179295,-0.29461073,-0.14737694,-0.9441846,174.919617,"13.225063, 338.202911, 85.017822, 135.700211, 352.632904, 325.891754, 55.94075, 115.162727, 334.963562, 313.16925, 15.341509, 255.717667, ","[["" 128.821"", "" 122.712"", ""  59.323""], ["" 129.948"", "" 122.063"", ""  59.178""], ["" 130.073"", "" 121.386"", ""  60.315""], ["" 129.092"", "" 121.549"", ""  61.182""], ["" 128.283"", "" 122.402"", ""  60.545""], ["" 128.143"", "" 123.802"", ""  58.116""], ["" 128.653"", "" 125.377"", ""  58.888""], ["" 130.022"", "" 125.356"", ""  59.587""], ["" 131.063"", "" 125.366"", ""  58.929""], ["" 129.964"", "" 125.333"", ""  60.935""], ["" 129.046"", "" 125.431"", ""  61.346""], ["" 131.011"", "" 125.238"", ""  61.872""], ["" 130.864"", "" 125.992"", ""  63.037""], ["" 132.134"", "" 124.410"", ""  61.721""], ["" 131.826"", "" 125.930"", ""  64.042""], ["" 133.093"", "" 124.351"", ""  62.728""], ["" 132.950"", "" 125.102"", ""  63.895""], ["" 133.949"", "" 124.971"", ""  64.840""], ["" 133.701"", "" 125.395"", ""  66.176""], ["" 127.055"", "" 122.877"", ""  61.182""], ["" 127.211"", "" 124.158"", ""  62.020""], ["" 126.339"", "" 125.141"", ""  61.724""], ["" 128.081"", "" 124.240"", ""  62.895""], ["" 125.770"", "" 125.176"", ""  60.889""], ["" 126.513"", "" 126.375"", ""  62.334""], ["" 126.688"", "" 127.453"", ""  61.539""], ["" 126.601"", "" 127.426"", ""  60.307""], ["" 127.002"", "" 126.287"", ""  63.213""], ["" 126.981"", "" 128.756"", ""  62.255""], ["" 128.034"", "" 129.597"", ""  61.860""], ["" 126.180"", "" 129.158"", ""  63.329""], ["" 128.286"", "" 130.814"", ""  62.519""], ["" 126.423"", "" 130.356"", ""  63.993""], ["" 127.476"", "" 131.195"", ""  63.597""], ["" 129.299"", "" 131.686"", ""  62.155""], ["" 130.516"", "" 131.171"", ""  61.626""], ["" 127.764"", "" 132.404"", ""  64.205""], ["" 127.980"", "" 132.448"", ""  65.611""], ["" 131.252"", "" 120.498"", ""  60.596""], ["" 132.499"", "" 121.028"", ""  60.966""], ["" 131.157"", "" 119.101"", ""  60.499""], ["" 133.577"", "" 120.178"", ""  61.218""], ["" 132.193"", "" 118.258"", ""  60.739""], ["" 133.383"", "" 118.804"", ""  61.094""]]",[],RR1_Rahimova_2017
121,6805,RR20_Rahimova_2017,4h2i_c_1_mae_prepped,1,19,-10.05,-0.2576923076923077,0.0,0.0,1,183.1,-11.84,-11.78,-0.05,-11.84,0.0,-1.49,1.79,-1.49,85,2,0.0,0.0,0.0,4.058159,14.094094,9.583617,0.05222899,-0.76653279,-0.64007782,95.77066,"298.428741, 264.8927, 269.111298, 32.916172, 62.91819, 242.779526, ","[["" 127.418"", "" 129.213"", ""  66.683""], ["" 128.113"", "" 130.141"", ""  67.474""], ["" 128.775"", "" 129.741"", ""  68.634""], ["" 128.710"", "" 128.405"", ""  69.050""], ["" 129.349"", "" 127.753"", ""  70.130""], ["" 128.972"", "" 126.331"", ""  70.100""], ["" 128.350"", "" 126.081"", ""  68.737""], ["" 128.078"", "" 127.466"", ""  68.235""], ["" 127.433"", "" 127.866"", ""  67.064""], ["" 126.715"", "" 129.646"", ""  65.426""], ["" 126.732"", "" 130.449"", ""  63.381""], ["" 127.444"", "" 130.123"", ""  64.430""], ["" 125.041"", "" 130.192"", ""  63.562""], ["" 125.325"", "" 129.606"", ""  65.184""], ["" 124.165"", "" 129.190"", ""  66.063""], ["" 127.176"", "" 130.968"", ""  62.175""], ["" 127.034"", "" 133.207"", ""  62.613""], ["" 127.295"", "" 132.278"", ""  61.846""], ["" 127.430"", "" 130.293"", ""  61.468""], ["" 127.815"", "" 132.628"", ""  60.432""], ["" 129.246"", "" 132.317"", ""  60.251""], ["" 129.772"", "" 131.452"", ""  61.317""], ["" 129.476"", "" 131.649"", ""  58.964""], ["" 131.313"", "" 131.378"", ""  61.231""], ["" 130.948"", "" 131.321"", ""  58.715""], ["" 131.821"", "" 131.145"", ""  59.808""], ["" 131.436"", "" 131.141"", ""  57.416""], ["" 133.152"", "" 130.784"", ""  59.568""], ["" 132.765"", "" 130.791"", ""  57.190""], ["" 133.624"", "" 130.609"", ""  58.269""], ["" 129.826"", "" 128.344"", ""  71.264""], ["" 131.006"", "" 128.269"", ""  71.617""], ["" 128.878"", "" 129.118"", ""  72.153""], ["" 128.352"", "" 130.335"", ""  71.704""], ["" 128.565"", "" 128.668"", ""  73.442""], ["" 127.492"", "" 131.071"", ""  72.515""], ["" 127.705"", "" 129.404"", ""  74.254""], ["" 127.162"", "" 130.602"", ""  73.787""], ["" 126.232"", "" 131.411"", ""  74.673""]]",[],RR20_Rahimova_2017
122,11356,RR20_Rahimova_2017-again1,4h2i_c_1_mae_prepped,1,13,-9.14,-0.23435897435897438,0.0,0.0,6,179.86,-10.93,-10.74,-0.19,-10.93,0.0,-2.61,1.79,-2.61,55,2,0.0,0.0,0.0,5.681703,9.528206,5.098215,-0.35936658,-0.79249153,0.49276043,120.600929,"284.617401, 215.406662, 267.173401, 79.969345, 149.762161, 170.73587, ","[["" 129.985"", "" 123.338"", ""  63.528""], ["" 129.766"", "" 124.524"", ""  63.013""], ["" 129.525"", "" 125.466"", ""  63.912""], ["" 129.558"", "" 125.030"", ""  65.251""], ["" 129.393"", "" 125.779"", ""  66.557""], ["" 129.877"", "" 123.313"", ""  65.248""], ["" 130.220"", "" 122.150"", ""  62.887""], ["" 129.441"", "" 121.618"", ""  62.006""], ["" 128.392"", "" 122.028"", ""  61.475""], ["" 129.905"", "" 120.230"", ""  61.519""], ["" 130.811"", "" 120.383"", ""  60.263""], ["" 132.070"", "" 119.495"", ""  60.328""], ["" 131.168"", "" 121.861"", ""  59.971""], ["" 132.984"", "" 119.962"", ""  61.477""], ["" 132.360"", "" 122.354"", ""  60.801""], ["" 133.237"", "" 121.467"", ""  61.470""], ["" 132.609"", "" 123.729"", ""  60.875""], ["" 134.339"", "" 121.989"", ""  62.156""], ["" 133.703"", "" 124.233"", ""  61.573""], ["" 134.574"", "" 123.360"", ""  62.212""], ["" 130.263"", "" 120.045"", ""  59.482""], ["" 129.251"", "" 126.860"", ""  63.423""], ["" 130.011"", "" 127.421"", ""  62.389""], ["" 128.261"", "" 127.649"", ""  64.028""], ["" 129.776"", "" 128.724"", ""  61.948""], ["" 128.011"", "" 128.945"", ""  63.577""], ["" 128.732"", "" 129.473"", ""  62.507""], ["" 127.129"", "" 129.999"", ""  64.178""], ["" 128.357"", "" 130.818"", ""  62.291""], ["" 127.209"", "" 131.125"", ""  63.159""], ["" 128.637"", "" 131.572"", ""  61.187""], ["" 127.875"", "" 132.438"", ""  60.753""], ["" 129.925"", "" 131.326"", ""  60.432""], ["" 131.144"", "" 131.350"", ""  61.119""], ["" 129.922"", "" 131.132"", ""  59.045""], ["" 132.339"", "" 131.142"", ""  60.437""], ["" 131.117"", "" 130.924"", ""  58.362""], ["" 132.326"", "" 130.919"", ""  59.059""], ["" 133.631"", "" 130.700"", ""  58.315""]]",[],RR20_Rahimova_2017-again1
123,11552,RR21_Rahimova_2017,4h2i_c_1_mae_prepped,2,18,-10.9,-0.2725,0.0,0.0,13,187.76,-12.69,-12.3,-0.39,-12.69,0.0,-1.53,1.79,-1.53,51,5,0.0,0.0,0.0,6.569317,9.834409,8.740572,-0.59438785,0.73333276,0.3300396,121.83535,"49.983803, 160.256424, 88.987038, 337.098297, 320.68219, 195.554123, ","[["" 129.137"", "" 125.735"", ""  66.065""], ["" 130.275"", "" 125.474"", ""  65.381""], ["" 131.933"", "" 125.962"", ""  65.795""], ["" 132.521"", "" 125.127"", ""  64.365""], ["" 131.495"", "" 124.562"", ""  63.654""], ["" 130.239"", "" 124.712"", ""  64.140""], ["" 129.218"", "" 124.260"", ""  63.608""], ["" 133.748"", "" 125.010"", ""  63.959""], ["" 134.092"", "" 124.293"", ""  62.781""], ["" 132.909"", "" 123.710"", ""  62.057""], ["" 131.690"", "" 123.839"", ""  62.470""], ["" 135.228"", "" 124.119"", ""  62.342""], ["" 128.983"", "" 126.470"", ""  67.311""], ["" 128.138"", "" 127.568"", ""  67.588""], ["" 128.218"", "" 127.946"", ""  68.849""], ["" 129.103"", "" 127.129"", ""  69.440""], ["" 129.576"", "" 126.210"", ""  68.537""], ["" 127.219"", "" 128.292"", ""  66.652""], ["" 125.489"", "" 129.660"", ""  64.889""], ["" 124.995"", "" 129.055"", ""  66.049""], ["" 126.865"", "" 129.568"", ""  64.617""], ["" 125.849"", "" 128.377"", ""  66.919""], ["" 127.717"", "" 128.890"", ""  65.488""], ["" 123.674"", "" 129.120"", ""  66.337""], ["" 124.579"", "" 130.315"", ""  64.080""], ["" 124.568"", "" 130.042"", ""  62.682""], ["" 129.415"", "" 127.247"", ""  70.820""], ["" 129.003"", "" 126.266"", ""  71.735""], ["" 130.143"", "" 128.355"", ""  71.277""], ["" 129.319"", "" 126.391"", ""  73.085""], ["" 130.458"", "" 128.477"", ""  72.627""], ["" 130.046"", "" 127.495"", ""  73.525""], ["" 133.155"", "" 122.930"", ""  60.759""], ["" 132.598"", "" 121.508"", ""  60.764""], ["" 131.217"", "" 121.297"", ""  60.756""], ["" 133.470"", "" 120.415"", ""  60.747""], ["" 130.709"", "" 120.001"", ""  60.743""], ["" 132.963"", "" 119.119"", ""  60.734""], ["" 131.582"", "" 118.911"", ""  60.737""], ["" 131.024"", "" 117.499"", ""  60.712""]]",[],RR21_Rahimova_2017
124,12678,RR22_Rahimova_2017,4h2i_c_1_mae_prepped,1,14,-8.62,-0.269375,0.0,0.0,2,188.48,-9.22,-9.1,-0.11,-9.22,0.0,-0.66,0.6,-0.66,43,7,0.0,0.0,0.0,3.49775,12.437442,3.32861,0.69229371,-0.63120892,0.3497209,249.122528,"270.796021, 184.720795, ","[["" 123.881"", "" 129.572"", ""  56.257""], ["" 124.760"", "" 129.689"", ""  57.107""], ["" 124.617"", "" 129.632"", ""  58.483""], ["" 126.519"", "" 129.978"", ""  56.747""], ["" 126.926"", "" 130.158"", ""  58.460""], ["" 125.760"", "" 129.728"", ""  59.338""], ["" 125.989"", "" 128.433"", ""  59.998""], ["" 126.708"", "" 128.459"", ""  61.236""], ["" 126.016"", "" 129.419"", ""  62.177""], ["" 125.987"", "" 129.281"", ""  63.568""], ["" 125.357"", "" 130.242"", ""  64.361""], ["" 124.766"", "" 131.360"", ""  63.771""], ["" 124.809"", "" 131.523"", ""  62.386""], ["" 125.437"", "" 130.563"", ""  61.594""], ["" 125.476"", "" 130.816"", ""  60.222""], ["" 126.813"", "" 126.974"", ""  61.520""], ["" 126.830"", "" 126.434"", ""  60.087""], ["" 126.365"", "" 127.296"", ""  59.263""], ["" 128.073"", "" 130.676"", ""  58.959""], ["" 123.703"", "" 129.566"", ""  58.905""], ["" 129.279"", "" 131.112"", ""  58.230""], ["" 130.569"", "" 130.662"", ""  58.542""], ["" 129.151"", "" 132.030"", ""  57.180""], ["" 131.665"", "" 131.119"", ""  57.808""], ["" 130.204"", "" 132.487"", ""  56.454""], ["" 131.440"", "" 132.028"", ""  56.774""], ["" 127.305"", "" 125.077"", ""  59.751""], ["" 127.522"", "" 124.708"", ""  58.415""], ["" 127.547"", "" 124.141"", ""  60.768""], ["" 127.970"", "" 123.427"", ""  58.104""], ["" 127.994"", "" 122.860"", ""  60.455""], ["" 128.204"", "" 122.509"", ""  59.124""]]",[],RR22_Rahimova_2017
125,11484,RR23_Rahimova_2017,4h2i_c_1_mae_prepped,1,15,-9.07,-0.22675,0.0,0.0,1,190.3,-10.56,-10.67,0.11,-10.56,0.0,-1.43,1.49,-1.43,68,4,0.0,0.0,0.0,6.644606,12.546126,11.357563,-0.47680508,0.7713724,-0.42147543,170.503006,"40.228199, 180.247879, 173.640884, 3.569021, 263.285217, ","[["" 130.116"", "" 126.374"", ""  67.501""], ["" 129.681"", "" 125.186"", ""  68.099""], ["" 129.157"", "" 125.187"", ""  69.392""], ["" 129.110"", "" 126.379"", ""  70.127""], ["" 128.568"", "" 126.644"", ""  71.405""], ["" 128.756"", "" 128.073"", ""  71.703""], ["" 129.125"", "" 128.739"", ""  70.387""], ["" 129.487"", "" 127.576"", ""  69.514""], ["" 129.991"", "" 127.576"", ""  68.214""], ["" 130.667"", "" 126.330"", ""  66.067""], ["" 129.994"", "" 122.740"", ""  63.613""], ["" 130.954"", "" 123.695"", ""  63.654""], ["" 128.989"", "" 122.702"", ""  64.327""], ["" 131.048"", "" 124.763"", ""  64.491""], ["" 130.190"", "" 125.177"", ""  65.334""], ["" 132.584"", "" 125.671"", ""  64.386""], ["" 132.207"", "" 126.436"", ""  65.973""], ["" 131.721"", "" 123.569"", ""  63.010""], ["" 133.018"", "" 125.728"", ""  67.078""], ["" 130.214"", "" 121.624"", ""  62.579""], ["" 129.587"", "" 122.019"", ""  61.297""], ["" 127.549"", "" 122.427"", ""  62.302""], ["" 128.261"", "" 122.390"", ""  61.294""], ["" 127.779"", "" 122.761"", ""  59.911""], ["" 130.421"", "" 121.975"", ""  60.187""], ["" 126.456"", "" 123.170"", ""  59.707""], ["" 128.667"", "" 122.700"", ""  58.836""], ["" 129.994"", "" 122.299"", ""  59.008""], ["" 126.029"", "" 123.512"", ""  58.422""], ["" 128.239"", "" 123.044"", ""  57.551""], ["" 126.919"", "" 123.449"", ""  57.347""], ["" 128.341"", "" 125.731"", ""  72.396""], ["" 127.225"", "" 125.269"", ""  72.642""], ["" 129.497"", "" 125.264"", ""  73.252""], ["" 129.721"", "" 123.892"", ""  73.417""], ["" 130.311"", "" 126.180"", ""  73.930""], ["" 130.769"", "" 123.443"", ""  74.217""], ["" 131.358"", "" 125.731"", ""  74.731""], ["" 131.593"", "" 124.362"", ""  74.868""], ["" 132.729"", "" 123.874"", ""  75.748""]]",[],RR23_Rahimova_2017
126,6737,RR24_Rahimova_2017,4h2i_c_1_mae_prepped,1,1,-9.71,-0.2157777777777778,0.0,0.0,6,186.36,-11.2,-11.06,-0.14,-11.2,0.0,-1.98,1.49,-1.98,51,10,0.0,0.0,0.0,4.536052,10.847789,3.382979,0.45324716,-0.12300673,-0.88285693,113.422516,"36.867157, 293.878174, 358.776306, 230.962814, 56.784687, ","[["" 127.672"", "" 125.194"", ""  57.190""], ["" 127.928"", "" 126.429"", ""  57.741""], ["" 128.468"", "" 128.914"", ""  58.887""], ["" 128.046"", "" 127.849"", ""  59.688""], ["" 128.633"", "" 128.727"", ""  57.511""], ["" 127.781"", "" 126.608"", ""  59.118""], ["" 128.369"", "" 127.485"", ""  56.940""], ["" 128.740"", "" 130.285"", ""  59.519""], ["" 134.067"", "" 130.944"", ""  61.111""], ["" 132.926"", "" 131.004"", ""  60.650""], ["" 132.554"", "" 130.711"", ""  59.347""], ["" 131.878"", "" 131.213"", ""  61.493""], ["" 131.283"", "" 130.429"", ""  58.874""], ["" 130.594"", "" 130.956"", ""  61.133""], ["" 131.031"", "" 130.123"", ""  57.705""], ["" 130.231"", "" 130.548"", ""  59.889""], ["" 129.681"", "" 131.147"", ""  62.143""], ["" 128.339"", "" 130.938"", ""  61.941""], ["" 127.846"", "" 130.540"", ""  60.754""], ["" 127.274"", "" 131.099"", ""  62.917""], ["" 126.396"", "" 130.419"", ""  60.862""], ["" 126.091"", "" 130.781"", ""  62.262""], ["" 127.263"", "" 131.480"", ""  64.259""], ["" 125.638"", "" 130.084"", ""  59.953""], ["" 124.871"", "" 130.840"", ""  62.938""], ["" 126.045"", "" 131.539"", ""  64.941""], ["" 124.853"", "" 131.221"", ""  64.282""], ["" 133.653"", "" 130.565"", ""  58.370""], ["" 132.099"", "" 131.547"", ""  62.419""], ["" 130.008"", "" 131.449"", ""  63.050""], ["" 126.680"", "" 124.415"", ""  57.712""], ["" 125.491"", "" 124.738"", ""  57.805""], ["" 127.196"", "" 123.019"", ""  58.169""], ["" 127.177"", "" 121.970"", ""  57.047""], ["" 128.525"", "" 123.097"", ""  58.842""], ["" 129.689"", "" 123.493"", ""  58.241""], ["" 128.685"", "" 122.745"", ""  60.149""], ["" 130.729"", "" 123.395"", ""  59.296""], ["" 129.844"", "" 123.851"", ""  57.073""], ["" 130.126"", "" 122.947"", ""  60.440""], ["" 127.816"", "" 122.345"", ""  60.927""], ["" 132.096"", "" 123.672"", ""  59.261""], ["" 130.858"", "" 122.750"", ""  61.612""], ["" 132.847"", "" 123.482"", ""  60.427""], ["" 132.230"", "" 123.024"", ""  61.597""]]",[],RR24_Rahimova_2017
127,12655,RR24_Rahimova_2017-again1,4h2i_c_1_mae_prepped,1,19,-9.45,-0.2197674418604651,0.0,0.0,3,187.19,-10.94,-11.61,0.67,-10.94,0.0,-2.05,1.49,-2.05,56,9,0.0,0.0,0.0,4.399752,10.259875,6.654554,0.3805306,-0.12247279,-0.91662254,235.402603,"141.017334, 356.748566, 337.403778, 141.561966, 314.232269, ","[["" 128.054"", "" 128.332"", ""  60.503""], ["" 128.566"", "" 127.345"", ""  61.314""], ["" 129.605"", "" 125.310"", ""  62.917""], ["" 128.312"", "" 125.202"", ""  62.394""], ["" 130.378"", "" 126.438"", ""  62.626""], ["" 127.795"", "" 126.215"", ""  61.591""], ["" 129.863"", "" 127.450"", ""  61.822""], ["" 130.180"", "" 124.195"", ""  63.802""], ["" 133.538"", "" 125.507"", ""  66.107""], ["" 132.297"", "" 126.087"", ""  66.367""], ["" 133.699"", "" 124.598"", ""  65.213""], ["" 131.153"", "" 125.718"", ""  65.687""], ["" 132.624"", "" 124.183"", ""  64.479""], ["" 130.031"", "" 126.188"", ""  65.902""], ["" 131.365"", "" 124.689"", ""  64.664""], ["" 132.942"", "" 123.231"", ""  63.557""], ["" 132.041"", "" 122.624"", ""  62.880""], ["" 130.635"", "" 122.983"", ""  62.957""], ["" 132.161"", "" 121.513"", ""  61.953""], ["" 129.957"", "" 122.117"", ""  62.172""], ["" 130.882"", "" 121.187"", ""  61.526""], ["" 133.263"", "" 120.787"", ""  61.494""], ["" 130.686"", "" 120.130"", ""  60.628""], ["" 133.072"", "" 119.733"", ""  60.597""], ["" 131.786"", "" 119.405"", ""  60.165""], ["" 134.582"", "" 125.809"", ""  66.708""], ["" 132.080"", "" 127.138"", ""  67.389""], ["" 128.679"", "" 122.123"", ""  61.996""], ["" 127.461"", "" 129.427"", ""  61.065""], ["" 126.652"", "" 129.401"", ""  62.000""], ["" 127.934"", "" 130.763"", ""  60.421""], ["" 127.295"", "" 132.004"", ""  61.056""], ["" 129.422"", "" 130.867"", ""  60.360""], ["" 130.219"", "" 131.329"", ""  61.372""], ["" 130.116"", "" 130.511"", ""  59.243""], ["" 131.605"", "" 131.248"", ""  60.847""], ["" 129.863"", "" 131.730"", ""  62.480""], ["" 131.543"", "" 130.759"", ""  59.570""], ["" 129.661"", "" 130.074"", ""  58.185""], ["" 132.826"", "" 131.579"", ""  61.436""], ["" 132.701"", "" 130.573"", ""  58.813""], ["" 133.998"", "" 131.398"", ""  60.693""], ["" 133.935"", "" 130.897"", ""  59.386""]]",[],RR24_Rahimova_2017-again1
128,11648,RR25_Rahimova_2017,4h2i_c_1_mae_prepped,1,13,-10.46,-0.2682051282051282,0.0,0.0,7,188.35,-11.95,-11.58,-0.37,-11.95,0.0,-0.89,1.49,-0.89,60,9,0.0,0.0,0.0,6.662211,11.286827,4.10114,-0.66413216,-0.5169746,-0.54006087,189.880508,"282.517242, 109.040619, 10.934692, 7.029785, 0.741577, ","[["" 127.115"", "" 125.373"", ""  60.194""], ["" 127.146"", "" 126.736"", ""  60.096""], ["" 128.398"", "" 127.517"", ""  60.185""], ["" 128.113"", "" 128.839"", ""  60.928""], ["" 127.022"", "" 129.585"", ""  60.294""], ["" 125.791"", "" 128.792"", ""  60.331""], ["" 125.954"", "" 127.449"", ""  59.580""], ["" 126.119"", "" 124.725"", ""  59.858""], ["" 128.263"", "" 124.564"", ""  60.864""], ["" 132.184"", "" 124.240"", ""  63.754""], ["" 131.884"", "" 122.879"", ""  63.909""], ["" 131.241"", "" 125.067"", ""  63.123""], ["" 130.681"", "" 122.355"", ""  63.440""], ["" 130.026"", "" 124.559"", ""  62.654""], ["" 129.763"", "" 123.190"", ""  62.805""], ["" 128.979"", "" 125.408"", ""  61.956""], ["" 128.586"", "" 122.606"", ""  62.372""], ["" 127.868"", "" 123.131"", ""  61.326""], ["" 126.973"", "" 122.419"", ""  60.869""], ["" 133.469"", "" 124.793"", ""  64.247""], ["" 134.355"", "" 125.038"", ""  63.432""], ["" 133.602"", "" 124.987"", ""  65.452""], ["" 126.837"", "" 130.902"", ""  60.918""], ["" 127.564"", "" 132.039"", ""  60.151""], ["" 128.987"", "" 131.777"", ""  59.784""], ["" 129.242"", "" 131.593"", ""  58.440""], ["" 129.871"", "" 131.743"", ""  60.841""], ["" 130.686"", "" 131.261"", ""  58.113""], ["" 128.373"", "" 131.673"", ""  57.566""], ["" 131.300"", "" 131.411"", ""  60.458""], ["" 129.534"", "" 131.950"", ""  62.013""], ["" 131.051"", "" 131.025"", ""  56.781""], ["" 131.686"", "" 131.173"", ""  59.114""], ["" 132.278"", "" 131.325"", ""  61.458""], ["" 132.366"", "" 130.710"", ""  56.444""], ["" 133.032"", "" 130.852"", ""  58.781""], ["" 133.600"", "" 131.014"", ""  61.143""], ["" 133.354"", "" 130.622"", ""  57.423""], ["" 133.985"", "" 130.776"", ""  59.825""]]",[],RR25_Rahimova_2017
129,11806,RR26_Rahimova_2017,4h2i_c_1_mae_prepped,1,8,-9.73,-0.25605263157894737,0.0,0.0,7,186.61,-10.92,-10.63,-0.3,-10.92,0.0,-1.33,1.19,-1.33,51,2,0.0,0.0,0.0,5.280746,9.352181,9.046138,-0.70469964,-0.32083514,-0.63282164,167.607315,"107.920509, 125.797562, 4.752132, 213.758942, ","[["" 129.743"", "" 125.801"", ""  62.286""], ["" 129.811"", "" 125.012"", ""  63.230""], ["" 129.531"", "" 125.241"", ""  64.644""], ["" 129.772"", "" 123.757"", ""  65.640""], ["" 129.128"", "" 126.462"", ""  65.062""], ["" 130.195"", "" 123.667"", ""  63.109""], ["" 130.229"", "" 122.901"", ""  64.215""], ["" 130.605"", "" 121.682"", ""  63.934""], ["" 130.787"", "" 121.747"", ""  62.618""], ["" 130.562"", "" 122.926"", ""  62.060""], ["" 128.797"", "" 126.882"", ""  66.414""], ["" 127.789"", "" 127.778"", ""  66.836""], ["" 129.441"", "" 126.551"", ""  67.596""], ["" 127.811"", "" 127.967"", ""  68.140""], ["" 128.809"", "" 127.209"", ""  68.620""], ["" 126.768"", "" 128.484"", ""  65.997""], ["" 125.489"", "" 128.751"", ""  66.510""], ["" 127.079"", "" 128.896"", ""  64.692""], ["" 124.530"", "" 129.405"", ""  65.735""], ["" 126.125"", "" 129.555"", ""  63.919""], ["" 124.844"", "" 129.798"", ""  64.436""], ["" 126.466"", "" 129.887"", ""  62.622""], ["" 123.882"", "" 130.485"", ""  63.722""], ["" 125.606"", "" 130.861"", ""  62.022""], ["" 124.122"", "" 130.527"", ""  62.311""], ["" 129.118"", "" 127.182"", ""  70.005""], ["" 128.727"", "" 126.100"", ""  70.807""], ["" 129.825"", "" 128.249"", ""  70.580""], ["" 129.034"", "" 126.088"", ""  72.165""], ["" 130.133"", "" 128.232"", ""  71.938""], ["" 129.736"", "" 127.153"", ""  72.724""], ["" 131.245"", "" 120.565"", ""  61.812""], ["" 130.295"", "" 119.579"", ""  61.506""], ["" 132.569"", "" 120.401"", ""  61.348""], ["" 130.640"", "" 118.460"", ""  60.751""], ["" 132.903"", "" 119.272"", ""  60.591""], ["" 131.944"", "" 118.308"", ""  60.290""], ["" 133.672"", "" 121.398"", ""  61.682""]]",[],RR26_Rahimova_2017
130,6996,RR27_Rahimova_2017,4h2i_c_1_mae_prepped,1,8,-10.18,-0.2545,0.0,0.0,4,188.83,-12.27,-11.96,-0.31,-12.27,0.0,-2.05,2.09,-2.05,44,3,0.0,0.0,0.0,6.86446,10.462759,3.671621,0.69033775,-0.3912624,-0.60856185,150.721695,"189.812134, 198.097183, 283.056274, 310.833649, 56.161774, 33.221642, 330.20517, ","[["" 127.433"", "" 128.335"", ""  63.812""], ["" 127.410"", "" 127.286"", ""  62.944""], ["" 127.873"", "" 127.474"", ""  61.673""], ["" 128.353"", "" 128.639"", ""  61.149""], ["" 128.371"", "" 129.649"", ""  62.023""], ["" 127.931"", "" 129.573"", ""  63.362""], ["" 128.097"", "" 130.791"", ""  63.953""], ["" 128.633"", "" 131.639"", ""  63.002""], ["" 128.801"", "" 130.954"", ""  61.852""], ["" 127.001"", "" 128.268"", ""  65.110""], ["" 126.818"", "" 127.370"", ""  65.394""], ["" 127.851"", "" 126.244"", ""  60.747""], ["" 129.257"", "" 125.760"", ""  60.268""], ["" 126.988"", "" 125.069"", ""  61.300""], ["" 129.189"", "" 124.460"", ""  59.437""], ["" 127.058"", "" 123.795"", ""  60.420""], ["" 128.483"", "" 123.466"", ""  60.258""], ["" 129.106"", "" 122.658"", ""  61.162""], ["" 128.469"", "" 121.994"", ""  61.985""], ["" 130.641"", "" 122.424"", ""  61.055""], ["" 131.021"", "" 120.935"", ""  60.955""], ["" 132.210"", "" 120.513"", ""  60.341""], ["" 130.152"", "" 119.977"", ""  61.493""], ["" 132.523"", "" 119.159"", ""  60.270""], ["" 130.465"", "" 118.623"", ""  61.422""], ["" 131.650"", "" 118.220"", ""  60.812""], ["" 131.417"", "" 123.221"", ""  62.122""], ["" 130.786"", "" 123.726"", ""  63.267""], ["" 132.781"", "" 123.469"", ""  61.925""], ["" 131.515"", "" 124.453"", ""  64.206""], ["" 133.509"", "" 124.193"", ""  62.863""], ["" 132.873"", "" 124.680"", ""  64.001""], ["" 129.332"", "" 131.618"", ""  60.664""], ["" 130.821"", "" 131.384"", ""  60.446""], ["" 131.297"", "" 130.986"", ""  59.191""], ["" 131.722"", "" 131.547"", ""  61.503""], ["" 132.659"", "" 130.753"", ""  58.996""], ["" 133.085"", "" 131.322"", ""  61.305""], ["" 133.554"", "" 130.928"", ""  60.053""], ["" 133.233"", "" 130.239"", ""  57.451""]]",[],RR27_Rahimova_2017
131,6755,RR27_Rahimova_2017-again1,4h2i_c_1_mae_prepped,1,14,-10.73,-0.26825,0.0,0.0,2,187.34,-12.52,-12.37,-0.15,-12.52,0.0,-1.79,1.79,-1.79,62,8,0.0,0.0,0.0,3.892808,8.087229,9.14343,-0.18403513,-0.21261088,0.95964977,217.122971,"185.544525, 173.378906, 21.378988, 115.389748, 169.406509, 226.711975, ","[["" 133.750"", "" 125.098"", ""  64.387""], ["" 132.583"", "" 125.021"", ""  64.764""], ["" 131.695"", "" 124.129"", ""  64.200""], ["" 130.354"", "" 123.937"", ""  64.519""], ["" 129.780"", "" 124.626"", ""  65.455""], ["" 130.573"", "" 125.537"", ""  66.083""], ["" 131.910"", "" 125.789"", ""  65.811""], ["" 132.368"", "" 126.744"", ""  66.602""], ["" 131.320"", "" 127.143"", ""  67.425""], ["" 130.253"", "" 126.390"", ""  67.106""], ["" 132.081"", "" 123.559"", ""  63.462""], ["" 129.567"", "" 122.884"", ""  63.732""], ["" 128.374"", "" 123.481"", ""  62.914""], ["" 130.503"", "" 121.901"", ""  62.961""], ["" 127.937"", "" 122.665"", ""  61.674""], ["" 129.895"", "" 121.221"", ""  61.709""], ["" 129.153"", "" 122.247"", ""  60.963""], ["" 129.801"", "" 123.026"", ""  60.048""], ["" 130.937"", "" 122.742"", ""  59.656""], ["" 129.047"", "" 124.189"", ""  59.337""], ["" 127.847"", "" 123.694"", ""  58.507""], ["" 126.624"", "" 124.383"", ""  58.482""], ["" 127.985"", "" 122.522"", ""  57.754""], ["" 125.563"", "" 123.905"", ""  57.718""], ["" 126.923"", "" 122.044"", ""  56.991""], ["" 125.717"", "" 122.737"", ""  56.977""], ["" 130.005"", "" 125.106"", ""  58.554""], ["" 130.251"", "" 126.426"", ""  58.960""], ["" 130.625"", "" 124.622"", ""  57.394""], ["" 131.106"", "" 127.243"", ""  58.224""], ["" 131.485"", "" 125.437"", ""  56.663""], ["" 131.721"", "" 126.744"", ""  57.080""], ["" 128.975"", "" 126.580"", ""  67.781""], ["" 129.115"", "" 126.873"", ""  69.267""], ["" 128.738"", "" 125.916"", ""  70.217""], ["" 129.622"", "" 128.105"", ""  69.695""], ["" 128.878"", "" 126.184"", ""  71.579""], ["" 129.760"", "" 128.373"", ""  71.058""], ["" 129.389"", "" 127.413"", ""  71.999""], ["" 128.424"", "" 124.996"", ""  72.744""]]",[],RR27_Rahimova_2017-again1
132,11730,RR28_Rahimova_2017,4h2i_c_1_mae_prepped,1,19,-8.82,-0.18375,0.0,0.0,1,183.5,-11.5,-11.68,0.18,-11.5,0.0,-2.29,2.68,-2.29,84,6,0.0,0.0,0.0,7.415489,7.203688,5.302201,-0.34903922,-0.59424195,0.72460205,149.862488,"231.088959, 224.450027, 244.985565, 64.85762, 269.733276, 176.267181, 264.021484, 243.317627, 42.669067, ","[["" 133.248"", "" 124.584"", ""  64.462""], ["" 133.622"", "" 124.193"", ""  63.012""], ["" 134.257"", "" 124.998"", ""  62.326""], ["" 133.367"", "" 122.926"", ""  62.586""], ["" 133.668"", "" 122.532"", ""  61.200""], ["" 132.378"", "" 122.055"", ""  63.237""], ["" 132.362"", "" 122.741"", ""  60.391""], ["" 131.042"", "" 122.230"", ""  62.470""], ["" 131.149"", "" 121.910"", ""  60.943""], ["" 129.794"", "" 122.253"", ""  60.261""], ["" 129.737"", "" 122.376"", ""  58.864""], ["" 128.614"", "" 122.454"", ""  60.995""], ["" 128.543"", "" 122.687"", ""  58.221""], ["" 127.419"", "" 122.764"", ""  60.353""], ["" 127.376"", "" 122.882"", ""  58.961""], ["" 126.075"", "" 123.227"", ""  58.237""], ["" 125.676"", "" 122.251"", ""  57.419""], ["" 125.100"", "" 123.448"", ""  59.119""], ["" 126.256"", "" 124.331"", ""  57.512""], ["" 131.397"", "" 120.460"", ""  60.777""], ["" 130.601"", "" 119.431"", ""  61.135""], ["" 129.508"", "" 119.564"", ""  61.682""], ["" 132.264"", "" 120.229"", ""  60.315""], ["" 131.124"", "" 118.033"", ""  60.826""], ["" 132.137"", "" 125.660"", ""  64.610""], ["" 130.825"", "" 125.163"", ""  65.261""], ["" 130.695"", "" 125.181"", ""  66.617""], ["" 129.977"", "" 124.644"", ""  64.529""], ["" 131.495"", "" 126.044"", ""  67.494""], ["" 129.417"", "" 124.812"", ""  67.240""], ["" 130.774"", "" 127.409"", ""  67.548""], ["" 128.574"", "" 126.112"", ""  67.341""], ["" 129.282"", "" 127.343"", ""  68.028""], ["" 129.296"", "" 127.253"", ""  69.588""], ["" 129.840"", "" 128.259"", ""  70.404""], ["" 128.754"", "" 126.120"", ""  70.217""], ["" 129.832"", "" 128.141"", ""  71.791""], ["" 128.744"", "" 125.999"", ""  71.602""], ["" 129.281"", "" 127.011"", ""  72.400""], ["" 129.260"", "" 126.867"", ""  73.921""], ["" 128.821"", "" 127.990"", ""  74.493""], ["" 128.442"", "" 125.870"", ""  74.255""], ["" 130.470"", "" 126.601"", ""  74.417""], ["" 128.599"", "" 128.602"", ""  67.660""], ["" 128.001"", "" 128.913"", ""  66.492""], ["" 127.929"", "" 128.150"", ""  65.530""], ["" 128.624"", "" 129.320"", ""  68.368""], ["" 127.390"", "" 130.307"", ""  66.396""]]",[],RR28_Rahimova_2017
133,6726,RR29_Rahimova_2017,4h2i_c_1_mae_prepped,1,17,-7.15,-0.31086956521739134,0.0,0.0,4,188.39,-8.34,-6.46,-1.89,-8.34,0.0,-0.36,1.19,-0.36,34,9,0.0,0.0,0.0,8.377123,10.449665,8.226526,0.46082432,-0.61616652,-0.63873294,233.284744,"101.931137, 293.364044, 137.770828, 260.239899, ","[["" 134.364"", "" 125.237"", ""  66.777""], ["" 133.008"", "" 125.786"", ""  66.361""], ["" 132.224"", "" 126.239"", ""  67.268""], ["" 132.773"", "" 125.722"", ""  64.835""], ["" 132.958"", "" 124.291"", ""  64.289""], ["" 131.669"", "" 123.719"", ""  63.720""], ["" 130.580"", "" 124.569"", ""  63.457""], ["" 131.568"", "" 122.339"", ""  63.454""], ["" 129.427"", "" 124.000"", ""  62.929""], ["" 130.388"", "" 121.791"", ""  62.931""], ["" 128.247"", "" 124.599"", ""  62.619""], ["" 129.334"", "" 122.660"", ""  62.675""], ["" 127.486"", "" 123.620"", ""  61.962""], ["" 128.092"", "" 122.377"", ""  62.200""], ["" 131.032"", "" 126.815"", ""  66.886""], ["" 129.910"", "" 126.122"", ""  66.632""], ["" 129.794"", "" 124.797"", ""  66.731""], ["" 128.838"", "" 126.802"", ""  66.254""], ["" 131.031"", "" 127.818"", ""  66.769""], ["" 128.883"", "" 124.374"", ""  66.836""], ["" 130.624"", "" 124.222"", ""  66.712""], ["" 128.939"", "" 127.726"", ""  65.859""], ["" 127.921"", "" 126.392"", ""  66.356""]]",[],RR29_Rahimova_2017
134,11256,RR29_Rahimova_2017-again1,4h2i_c_1_mae_prepped,1,15,-6.77,-0.3077272727272727,0.0,0.0,6,187.79,-7.96,-7.74,-0.22,-7.96,0.0,-0.36,1.19,-0.36,57,19,0.0,0.0,0.0,7.482952,7.519114,8.173601,0.29394825,-0.81026051,-0.50702301,148.545517,"197.020981, 292.707001, 61.61681, 270.030426, ","[["" 134.109"", "" 124.572"", ""  62.084""], ["" 133.571"", "" 124.384"", ""  63.494""], ["" 134.079"", "" 125.071"", ""  64.457""], ["" 132.420"", "" 123.363"", ""  63.581""], ["" 131.735"", "" 123.165"", ""  62.213""], ["" 131.899"", "" 121.747"", ""  61.687""], ["" 130.803"", "" 120.867"", ""  61.684""], ["" 133.151"", "" 121.317"", ""  61.203""], ["" 131.002"", "" 119.585"", ""  61.186""], ["" 133.325"", "" 120.015"", ""  60.715""], ["" 130.118"", "" 118.556"", ""  61.103""], ["" 132.219"", "" 119.172"", ""  60.720""], ["" 130.770"", "" 117.555"", ""  60.369""], ["" 132.135"", "" 117.873"", ""  60.331""], ["" 133.573"", "" 124.903"", ""  65.636""], ["" 134.329"", "" 125.148"", ""  66.643""], ["" 135.682"", "" 125.588"", ""  66.635""], ["" 133.860"", "" 124.998"", ""  67.965""], ["" 136.190"", "" 125.746"", ""  65.776""], ["" 136.204"", "" 125.754"", ""  67.483""], ["" 132.921"", "" 124.688"", ""  68.169""], ["" 134.440"", "" 125.182"", ""  68.770""]]",[],RR29_Rahimova_2017-again1
135,6915,RR2_Rahimova_2017,4h2i_c_1_mae_prepped,1,12,-10.57,-0.21571428571428572,0.0,0.0,2,187.41,-14.15,-13.65,-0.5,-14.15,0.0,-5.07,3.58,-5.07,74,11,0.0,0.0,0.0,0.411773,11.499362,6.97614,-0.62951425,0.57431124,0.52333394,106.406059,"149.211227, 154.355194, 186.420776, 278.036346, 6.481182, 100.501221, 180.680328, 179.52417, 100.516426, 71.521103, 129.258072, 339.245789, ","[["" 124.693"", "" 131.903"", ""  60.158""], ["" 124.748"", "" 131.235"", ""  61.793""], ["" 125.398"", "" 130.527"", ""  63.745""], ["" 124.086"", "" 130.527"", ""  63.740""], ["" 125.889"", "" 130.974"", ""  62.529""], ["" 123.673"", "" 130.961"", ""  62.488""], ["" 126.215"", "" 130.101"", ""  64.921""], ["" 127.753"", "" 129.321"", ""  67.124""], ["" 127.997"", "" 130.546"", ""  66.494""], ["" 126.742"", "" 128.488"", ""  66.643""], ["" 127.225"", "" 130.937"", ""  65.404""], ["" 125.975"", "" 128.875"", ""  65.549""], ["" 128.506"", "" 128.871"", ""  68.219""], ["" 128.929"", "" 129.567"", ""  68.815""], ["" 128.806"", "" 127.162"", ""  68.608""], ["" 127.534"", "" 126.467"", ""  68.377""], ["" 129.469"", "" 127.103"", ""  69.916""], ["" 129.944"", "" 126.588"", ""  67.350""], ["" 131.747"", "" 125.691"", ""  65.429""], ["" 130.386"", "" 125.404"", ""  65.296""], ["" 132.205"", "" 126.421"", ""  66.528""], ["" 129.483"", "" 125.855"", ""  66.255""], ["" 131.304"", "" 126.871"", ""  67.488""], ["" 132.732"", "" 125.186"", ""  64.391""], ["" 127.232"", "" 131.163"", ""  62.143""], ["" 127.608"", "" 132.333"", ""  61.481""], ["" 128.180"", "" 130.179"", ""  62.430""], ["" 128.936"", "" 132.516"", ""  61.106""], ["" 129.506"", "" 130.366"", ""  62.052""], ["" 129.894"", "" 131.540"", ""  61.385""], ["" 131.184"", "" 131.810"", ""  60.974""], ["" 132.180"", "" 130.799"", ""  61.096""], ["" 124.092"", "" 130.450"", ""  59.220""], ["" 125.035"", "" 129.240"", ""  59.223""], ["" 125.509"", "" 128.875"", ""  60.432""], ["" 125.294"", "" 128.666"", ""  58.162""], ["" 125.109"", "" 129.191"", ""  61.305""], ["" 126.170"", "" 127.656"", ""  60.539""], ["" 126.442"", "" 127.184"", ""  61.777""], ["" 126.196"", "" 127.801"", ""  62.820""], ["" 125.936"", "" 127.036"", ""  59.777""], ["" 127.071"", "" 125.805"", ""  61.836""], ["" 126.337"", "" 124.689"", ""  61.411""], ["" 128.378"", "" 125.610"", ""  62.309""], ["" 126.895"", "" 123.414"", ""  61.449""], ["" 128.933"", "" 124.334"", ""  62.348""], ["" 128.203"", "" 123.228"", ""  61.918""], ["" 128.840"", "" 122.003"", ""  61.989""], ["" 130.172"", "" 121.940"", ""  62.485""]]",[],RR2_Rahimova_2017
136,6673,RR30_Rahimova_2017,4h2i_c_1_mae_prepped,1,9,-6.02,-0.31684210526315787,0.0,0.0,3,187.88,-7.51,-7.34,-0.17,-7.51,0.0,-1.46,1.49,-1.46,35,9,0.0,0.0,0.0,5.866813,6.406116,6.547197,0.55253555,-0.15164184,0.81957868,172.92215,"142.481644, 203.947708, 69.681427, 315.501617, 281.93985, ","[["" 129.900"", "" 123.291"", ""  62.942""], ["" 129.876"", "" 121.982"", ""  62.147""], ["" 128.828"", "" 121.626"", ""  61.604""], ["" 131.032"", "" 121.280"", ""  62.130""], ["" 131.818"", "" 121.659"", ""  62.638""], ["" 131.252"", "" 120.072"", ""  61.485""], ["" 132.363"", "" 119.633"", ""  60.938""], ["" 129.924"", "" 118.960"", ""  61.358""], ["" 132.212"", "" 118.370"", ""  60.378""], ["" 131.000"", "" 117.882"", ""  60.511""], ["" 130.590"", "" 116.527"", ""  59.982""], ["" 130.909"", "" 123.160"", ""  64.452""], ["" 132.430"", "" 123.828"", ""  63.858""], ["" 133.270"", "" 124.598"", ""  64.503""], ["" 132.825"", "" 123.567"", ""  62.586""], ["" 134.306"", "" 124.868"", ""  63.613""], ["" 133.997"", "" 124.245"", ""  62.503""], ["" 134.781"", "" 124.194"", ""  61.210""], ["" 133.989"", "" 123.528"", ""  60.075""]]",[],RR30_Rahimova_2017
137,12130,RR31_Rahimova_2017,4h2i_c_1_mae_prepped,1,17,-7.23,-0.3442857142857143,0.0,0.0,7,189.43,-8.72,-6.62,-2.1,-8.72,0.0,-0.11,1.49,-0.11,34,7,0.0,0.0,0.0,7.7625,6.670487,7.485018,-0.27071334,-0.53170595,0.80249802,83.198875,"16.779079, 15.843125, 349.743958, 96.498245, 137.763458, ","[["" 132.085"", "" 125.724"", ""  64.844""], ["" 131.927"", "" 124.320"", ""  64.450""], ["" 131.539"", "" 122.054"", ""  62.589""], ["" 130.472"", "" 122.566"", ""  63.470""], ["" 132.862"", "" 122.469"", ""  63.097""], ["" 130.621"", "" 124.061"", ""  63.839""], ["" 132.949"", "" 123.967"", ""  63.465""], ["" 131.402"", "" 120.861"", ""  61.876""], ["" 132.360"", "" 119.166"", ""  60.392""], ["" 131.146"", "" 118.461"", ""  60.398""], ["" 132.472"", "" 120.353"", ""  61.125""], ["" 130.070"", "" 118.960"", ""  61.134""], ["" 130.195"", "" 120.144"", ""  61.859""], ["" 133.559"", "" 118.669"", ""  59.594""], ["" 130.976"", "" 117.163"", ""  59.621""], ["" 131.477"", "" 126.034"", ""  66.226""], ["" 129.985"", "" 125.670"", ""  66.302""], ["" 129.138"", "" 126.809"", ""  65.724""], ["" 128.181"", "" 126.505"", ""  65.607""], ["" 129.501"", "" 127.091"", ""  64.824""], ["" 129.153"", "" 127.605"", ""  66.345""]]",[],RR31_Rahimova_2017
138,11331,RR32_Rahimova_2017,4h2i_c_1_mae_prepped,1,16,-6.46,-0.35888888888888887,0.0,0.0,8,192.28,-6.76,-6.77,0.01,-6.76,0.0,-0.31,0.3,-0.31,42,1,0.0,0.0,0.0,5.880475,15.434009,4.151037,0.22605738,0.67417541,0.70312558,189.389816,"143.361176, ","[["" 130.202"", "" 131.624"", ""  56.553""], ["" 130.212"", "" 131.625"", ""  58.078""], ["" 129.013"", "" 131.880"", ""  58.746""], ["" 128.983"", "" 131.885"", ""  60.137""], ["" 130.087"", "" 131.653"", ""  60.894""], ["" 131.271"", "" 131.404"", ""  60.272""], ["" 132.406"", "" 131.167"", ""  61.086""], ["" 133.642"", "" 130.907"", ""  60.506""], ["" 133.779"", "" 130.876"", ""  59.124""], ["" 132.685"", "" 131.105"", ""  58.295""], ["" 131.398"", "" 131.376"", ""  58.845""], ["" 127.792"", "" 132.139"", ""  60.795""], ["" 127.601"", "" 133.492"", ""  61.348""], ["" 126.550"", "" 131.720"", ""  60.118""], ["" 126.327"", "" 133.622"", ""  62.217""], ["" 125.290"", "" 131.877"", ""  61.002""], ["" 125.144"", "" 133.266"", ""  61.434""], ["" 123.940"", "" 133.419"", ""  62.244""]]",[],RR32_Rahimova_2017
139,7046,RR32_Rahimova_2017-again1,4h2i_c_1_mae_prepped,1,20,-6.7,-0.3526315789473684,0.0,0.0,15,186.71,-7.0,-5.98,-1.02,-7.0,0.0,-0.34,0.3,-0.34,32,2,0.0,0.0,0.0,4.956727,6.888011,5.805183,0.8216625,-0.53682209,0.1915536,71.741936,"333.383423, ","[["" 129.037"", "" 123.001"", ""  58.085""], ["" 128.522"", "" 122.923"", ""  59.516""], ["" 129.399"", "" 122.648"", ""  60.565""], ["" 128.924"", "" 122.582"", ""  61.879""], ["" 127.604"", "" 122.754"", ""  62.165""], ["" 126.725"", "" 123.027"", ""  61.162""], ["" 125.362"", "" 123.216"", ""  61.498""], ["" 124.430"", "" 123.499"", ""  60.504""], ["" 124.823"", "" 123.599"", ""  59.173""], ["" 126.155"", "" 123.416"", ""  58.812""], ["" 127.137"", "" 123.126"", ""  59.799""], ["" 129.783"", "" 122.297"", ""  62.946""], ["" 131.244"", "" 122.431"", ""  62.783""], ["" 129.464"", "" 122.657"", ""  64.344""], ["" 131.743"", "" 123.870"", ""  63.053""], ["" 129.878"", "" 124.102"", ""  64.710""], ["" 131.400"", "" 124.243"", ""  64.509""], ["" 131.861"", "" 125.678"", ""  64.829""], ["" 131.867"", "" 123.593"", ""  65.125""]]",[],RR32_Rahimova_2017-again1
140,11310,RR32_Rahimova_2017-again2,4h2i_c_1_mae_prepped,1,3,-7.1,-0.355,0.0,0.0,12,191.72,-7.4,-4.74,-2.66,-7.4,0.0,0.25,0.3,0.25,35,3,0.0,0.0,0.0,5.915948,9.653751,10.810657,-0.01761865,0.55763938,-0.82989632,223.196182,"198.886063, ","[["" 133.247"", "" 126.016"", ""  67.119""], ["" 131.790"", "" 126.039"", ""  66.677""], ["" 130.837"", "" 126.731"", ""  67.431""], ["" 129.491"", "" 126.759"", ""  67.043""], ["" 129.146"", "" 126.105"", ""  65.915""], ["" 130.011"", "" 125.401"", ""  65.110""], ["" 129.544"", "" 124.749"", ""  63.947""], ["" 130.449"", "" 124.048"", ""  63.154""], ["" 131.797"", "" 123.988"", ""  63.499""], ["" 132.272"", "" 124.626"", ""  64.644""], ["" 131.386"", "" 125.355"", ""  65.488""], ["" 128.177"", "" 126.141"", ""  65.638""], ["" 128.474"", "" 127.468"", ""  67.777""], ["" 128.701"", "" 128.863"", ""  68.240""], ["" 127.025"", "" 127.308"", ""  67.493""], ["" 128.349"", "" 129.878"", ""  67.120""], ["" 126.583"", "" 128.236"", ""  66.330""], ["" 126.865"", "" 129.707"", ""  66.717""], ["" 126.493"", "" 130.661"", ""  65.566""], ["" 126.298"", "" 129.927"", ""  67.525""]]",[],RR32_Rahimova_2017-again2
141,7249,RR33_Rahimova_2017,4h2i_c_1_mae_prepped,1,7,-5.24,-0.27578947368421053,0.0,0.0,12,183.58,-6.73,-6.59,-0.14,-6.73,0.0,-1.14,1.49,-1.14,32,3,0.0,0.0,0.0,5.237155,5.970589,4.321507,-0.00680127,0.33718078,0.94141535,155.5849,"235.993042, 246.201385, 273.581879, 297.848724, 210.519333, ","[["" 132.011"", "" 120.928"", ""  60.875""], ["" 130.888"", "" 120.393"", ""  61.505""], ["" 129.624"", "" 120.928"", ""  61.274""], ["" 129.464"", "" 122.011"", ""  60.404""], ["" 130.588"", "" 122.553"", ""  59.773""], ["" 131.853"", "" 122.017"", ""  60.004""], ["" 133.222"", "" 120.329"", ""  61.163""], ["" 133.452"", "" 118.983"", ""  60.755""], ["" 133.263"", "" 118.890"", ""  59.238""], ["" 128.105"", "" 122.584"", ""  60.156""], ["" 127.662"", "" 123.148"", ""  59.055""], ["" 127.186"", "" 122.541"", ""  61.155""], ["" 126.411"", "" 123.493"", ""  59.318""], ["" 126.090"", "" 123.126"", ""  60.619""], ["" 124.863"", "" 123.231"", ""  61.492""], ["" 125.553"", "" 124.170"", ""  58.270""], ["" 126.114"", "" 123.972"", ""  56.942""], ["" 125.474"", "" 122.849"", ""  56.277""], ["" 127.104"", "" 123.784"", ""  57.023""]]",[],RR33_Rahimova_2017
142,7486,RR33_Rahimova_2017-again1,4h2i_c_1_mae_prepped,1,3,-6.3,-0.315,0.0,0.0,8,189.64,-7.79,-5.93,-1.86,-7.79,0.0,-1.13,1.49,-1.13,36,10,0.0,0.0,0.0,8.931133,9.013349,7.118212,-0.63142667,-0.57852788,-0.51633889,140.045288,"104.500565, 89.390747, 286.050842, 67.327484, 356.907654, ","[["" 132.846"", "" 123.926"", ""  59.962""], ["" 134.018"", "" 123.857"", ""  60.715""], ["" 134.028"", "" 124.250"", ""  62.051""], ["" 132.857"", "" 124.719"", ""  62.656""], ["" 131.679"", "" 124.789"", ""  61.904""], ["" 131.671"", "" 124.396"", ""  60.568""], ["" 132.934"", "" 123.515"", ""  58.645""], ["" 133.239"", "" 124.470"", ""  57.634""], ["" 132.001"", "" 125.336"", ""  57.383""], ["" 132.863"", "" 125.142"", ""  64.089""], ["" 131.882"", "" 125.696"", ""  64.767""], ["" 133.992"", "" 124.959"", ""  64.821""], ["" 132.359"", "" 125.885"", ""  65.988""], ["" 133.674"", "" 125.438"", ""  66.046""], ["" 134.742"", "" 125.379"", ""  67.110""], ["" 131.511"", "" 126.524"", ""  67.071""], ["" 130.093"", "" 126.761"", ""  66.526""], ["" 129.056"", "" 125.762"", ""  67.060""], ["" 129.802"", "" 127.697"", ""  66.768""], ["" 130.120"", "" 126.695"", ""  65.518""]]",[],RR33_Rahimova_2017-again1
143,11361,RR3_Rahimova_2017,4h2i_c_1_mae_prepped,1,1,-9.67,-0.24175,0.0,0.0,13,186.54,-11.16,-11.11,-0.05,-11.16,0.0,-1.68,1.49,-1.68,67,3,0.0,0.0,0.0,5.777711,11.589751,11.005134,0.16347359,0.91299518,-0.37378629,240.827332,"346.911499, 86.345512, 73.806976, 199.50914, 166.920151, ","[["" 129.620"", "" 127.717"", ""  68.143""], ["" 128.660"", "" 128.721"", ""  67.930""], ["" 128.402"", "" 129.189"", ""  69.193""], ["" 129.155"", "" 128.458"", ""  70.070""], ["" 129.883"", "" 127.571"", ""  69.437""], ["" 127.751"", "" 129.923"", ""  69.434""], ["" 130.334"", "" 126.873"", ""  67.134""], ["" 131.687"", "" 125.290"", ""  65.236""], ["" 130.286"", "" 125.317"", ""  65.281""], ["" 132.397"", "" 126.063"", ""  66.164""], ["" 129.616"", "" 126.096"", ""  66.221""], ["" 131.730"", "" 126.843"", ""  67.105""], ["" 132.407"", "" 124.455"", ""  64.223""], ["" 133.492"", "" 124.977"", ""  63.503""], ["" 132.013"", "" 123.133"", ""  63.971""], ["" 134.164"", "" 124.202"", ""  62.562""], ["" 132.682"", "" 122.355"", ""  63.031""], ["" 133.756"", "" 122.893"", ""  62.329""], ["" 127.968"", "" 129.245"", ""  66.714""], ["" 128.003"", "" 130.609"", ""  66.422""], ["" 127.290"", "" 128.377"", ""  65.856""], ["" 127.350"", "" 131.102"", ""  65.297""], ["" 126.637"", "" 128.874"", ""  64.731""], ["" 126.650"", "" 130.244"", ""  64.436""], ["" 125.932"", "" 130.781"", ""  63.238""], ["" 124.658"", "" 130.306"", ""  62.890""], ["" 126.515"", "" 131.776"", ""  62.439""], ["" 123.987"", "" 130.809"", ""  61.778""], ["" 125.847"", "" 132.282"", ""  61.327""], ["" 124.586"", "" 131.796"", ""  61.000""], ["" 129.131"", "" 128.650"", ""  71.518""], ["" 129.698"", "" 127.804"", ""  72.456""], ["" 128.537"", "" 129.730"", ""  72.270""], ["" 129.494"", "" 128.295"", ""  73.719""], ["" 128.787"", "" 129.475"", ""  73.655""], ["" 127.820"", "" 130.891"", ""  71.927""], ["" 128.347"", "" 130.332"", ""  74.670""], ["" 127.382"", "" 131.744"", ""  72.938""], ["" 127.641"", "" 131.468"", ""  74.276""], ["" 129.833"", "" 127.824"", ""  74.545""]]",[],RR3_Rahimova_2017
144,11454,RR4_Rahimova_2017,4h2i_c_1_mae_prepped,1,8,-9.87,-0.24073170731707316,0.0,0.0,1,185.21,-12.25,-11.91,-0.34,-12.25,0.0,-1.71,2.39,-1.71,50,6,0.0,0.0,0.0,4.625997,8.264556,10.42238,0.78411668,-0.21482773,-0.58224572,114.985695,"105.642799, 330.130371, 122.484871, 140.230499, 91.087898, 164.435532, 350.579712, 111.627907, ","[["" 128.059"", "" 127.942"", ""  66.601""], ["" 128.137"", "" 128.017"", ""  67.998""], ["" 128.957"", "" 127.139"", ""  68.714""], ["" 129.672"", "" 126.181"", ""  68.071""], ["" 129.589"", "" 126.065"", ""  66.724""], ["" 128.805"", "" 126.938"", ""  65.936""], ["" 128.759"", "" 126.816"", ""  64.476""], ["" 128.724"", "" 126.719"", ""  63.324""], ["" 127.184"", "" 128.931"", ""  65.902""], ["" 125.515"", "" 130.792"", ""  64.616""], ["" 125.010"", "" 129.563"", ""  65.039""], ["" 126.867"", "" 131.090"", ""  64.843""], ["" 125.835"", "" 128.641"", ""  65.679""], ["" 127.690"", "" 130.167"", ""  65.484""], ["" 124.623"", "" 131.642"", ""  63.991""], ["" 124.214"", "" 131.361"", ""  62.657""], ["" 129.081"", "" 127.179"", ""  70.210""], ["" 128.703"", "" 126.080"", ""  70.995""], ["" 129.573"", "" 128.317"", ""  70.869""], ["" 128.818"", "" 126.114"", ""  72.381""], ["" 129.690"", "" 128.354"", ""  72.256""], ["" 129.311"", "" 127.246"", ""  73.026""], ["" 129.389"", "" 127.190"", ""  74.405""], ["" 128.211"", "" 126.918"", ""  75.156""], ["" 130.579"", "" 124.742"", ""  66.062""], ["" 131.755"", "" 125.469"", ""  64.872""], ["" 132.041"", "" 124.595"", ""  63.643""], ["" 132.059"", "" 123.264"", ""  63.887""], ["" 132.221"", "" 125.110"", ""  62.537""], ["" 131.896"", "" 122.977"", ""  64.841""], ["" 132.291"", "" 122.220"", ""  62.989""], ["" 131.312"", "" 121.533"", ""  62.255""], ["" 133.884"", "" 121.598"", ""  62.648""], ["" 129.883"", "" 121.821"", ""  62.344""], ["" 131.855"", "" 120.533"", ""  61.411""], ["" 133.251"", "" 120.438"", ""  61.521""], ["" 128.751"", "" 122.050"", ""  62.413""], ["" 131.054"", "" 119.590"", ""  60.506""], ["" 134.127"", "" 119.412"", ""  60.814""], ["" 131.905"", "" 118.361"", ""  60.111""], ["" 133.325"", "" 118.757"", ""  59.669""]]",[],RR4_Rahimova_2017
145,6820,RR5_Rahimova_2017,4h2i_c_1_mae_prepped,1,18,-11.1,-0.23124999999999998,0.0,0.0,3,183.88,-14.68,-14.26,-0.42,-14.68,0.0,-3.76,3.58,-3.76,78,7,0.0,0.0,0.0,2.166538,7.776943,6.481167,0.56951413,-0.49531078,-0.65598848,292.928864,"176.20256, 229.666794, 162.729706, 253.560318, 12.883227, 264.486877, 210.090317, 9.550931, 358.60379, 27.121714, 229.228592, 162.804306, ","[["" 126.590"", "" 124.291"", ""  59.325""], ["" 126.924"", "" 122.803"", ""  59.701""], ["" 128.012"", "" 122.659"", ""  60.782""], ["" 127.703"", "" 122.720"", ""  61.971""], ["" 129.273"", "" 122.500"", ""  60.320""], ["" 129.332"", "" 122.372"", ""  59.321""], ["" 130.598"", "" 122.330"", ""  60.989""], ["" 130.758"", "" 120.772"", ""  61.005""], ["" 129.744"", "" 119.936"", ""  61.501""], ["" 131.932"", "" 120.167"", ""  60.515""], ["" 129.897"", "" 118.552"", ""  61.509""], ["" 132.090"", "" 118.784"", ""  60.532""], ["" 131.071"", "" 117.981"", ""  61.030""], ["" 131.668"", "" 123.036"", ""  60.091""], ["" 131.326"", "" 123.637"", ""  58.869""], ["" 133.014"", "" 123.070"", ""  60.497""], ["" 132.299"", "" 124.242"", ""  58.077""], ["" 133.988"", "" 123.666"", ""  59.703""], ["" 133.626"", "" 124.252"", ""  58.495""], ["" 130.443"", "" 122.940"", ""  62.423""], ["" 130.384"", "" 124.333"", ""  62.614""], ["" 130.347"", "" 122.120"", ""  63.561""], ["" 130.255"", "" 124.881"", ""  63.887""], ["" 130.217"", "" 122.665"", ""  64.836""], ["" 130.176"", "" 124.045"", ""  64.994""], ["" 126.261"", "" 125.164"", ""  60.470""], ["" 127.240"", "" 125.888"", ""  61.137""], ["" 128.440"", "" 125.939"", ""  60.854""], ["" 125.339"", "" 125.095"", ""  60.874""], ["" 126.664"", "" 126.528"", ""  62.169""], ["" 127.428"", "" 127.327"", ""  63.068""], ["" 126.514"", "" 128.001"", ""  64.116""], ["" 127.240"", "" 128.402"", ""  65.388""], ["" 125.931"", "" 129.325"", ""  63.663""], ["" 127.968"", "" 127.613"", ""  66.283""], ["" 127.124"", "" 129.774"", ""  65.608""], ["" 126.304"", "" 130.352"", ""  64.531""], ["" 125.122"", "" 129.610"", ""  62.561""], ["" 128.579"", "" 128.202"", ""  67.391""], ["" 127.735"", "" 130.366"", ""  66.715""], ["" 125.884"", "" 131.663"", ""  64.298""], ["" 124.697"", "" 130.918"", ""  62.326""], ["" 128.464"", "" 129.577"", ""  67.607""], ["" 125.079"", "" 131.944"", ""  63.194""], ["" 125.450"", "" 124.351"", ""  58.279""], ["" 125.603"", "" 124.226"", ""  57.080""], ["" 124.256"", "" 124.544"", ""  58.912""], ["" 124.291"", "" 125.268"", ""  59.541""]]",[],RR5_Rahimova_2017
146,11836,RR5_Rahimova_2017-again1,4h2i_c_1_mae_prepped,1,9,-10.34,-0.22,0.0,0.0,10,184.65,-13.62,-13.69,0.07,-13.62,0.0,-4.57,3.28,-4.57,77,5,0.0,0.0,0.0,5.521075,7.051841,2.274188,0.05497329,0.02303304,0.99822213,79.555824,"292.965851, 348.895569, 215.233368, 256.710327, 329.169159, 74.619904, 316.577759, 252.079224, 166.491501, 286.199524, 197.273636, ","[["" 127.700"", "" 123.450"", ""  58.240""], ["" 127.175"", "" 122.930"", ""  59.618""], ["" 128.240"", "" 122.571"", ""  60.674""], ["" 127.882"", "" 122.378"", ""  61.836""], ["" 129.538"", "" 122.606"", ""  60.303""], ["" 129.712"", "" 122.709"", ""  59.314""], ["" 130.758"", "" 122.327"", ""  61.103""], ["" 131.005"", "" 120.787"", ""  61.185""], ["" 132.299"", "" 120.254"", ""  61.045""], ["" 129.943"", "" 119.896"", ""  61.422""], ["" 132.524"", "" 118.883"", ""  61.131""], ["" 130.166"", "" 118.524"", ""  61.509""], ["" 131.455"", "" 118.023"", ""  61.363""], ["" 132.090"", "" 122.881"", ""  60.502""], ["" 133.160"", "" 123.249"", ""  61.336""], ["" 132.258"", "" 123.010"", ""  59.113""], ["" 134.347"", "" 123.744"", ""  60.804""], ["" 133.444"", "" 123.504"", ""  58.577""], ["" 134.484"", "" 123.872"", ""  59.425""], ["" 130.430"", "" 122.910"", ""  62.521""], ["" 130.354"", "" 122.088"", ""  63.659""], ["" 130.256"", "" 124.294"", ""  62.694""], ["" 130.079"", "" 122.623"", ""  64.913""], ["" 129.983"", "" 124.833"", ""  63.948""], ["" 129.890"", "" 123.993"", ""  65.053""], ["" 127.868"", "" 124.917"", ""  58.308""], ["" 129.034"", "" 125.497"", ""  58.796""], ["" 130.022"", "" 124.901"", ""  59.235""], ["" 127.140"", "" 125.506"", ""  57.929""], ["" 128.917"", "" 126.836"", ""  58.714""], ["" 127.848"", "" 127.434"", ""  57.990""], ["" 126.559"", "" 127.415"", ""  58.834""], ["" 126.813"", "" 127.505"", ""  60.329""], ["" 125.684"", "" 128.629"", ""  58.596""], ["" 127.542"", "" 126.653"", ""  61.162""], ["" 126.195"", "" 128.637"", ""  60.864""], ["" 125.488"", "" 129.338"", ""  59.782""], ["" 125.097"", "" 129.083"", ""  57.411""], ["" 127.658"", "" 126.941"", ""  62.524""], ["" 126.309"", "" 128.927"", ""  62.226""], ["" 124.717"", "" 130.502"", ""  59.791""], ["" 124.323"", "" 130.245"", ""  57.418""], ["" 127.042"", "" 128.076"", ""  63.055""], ["" 124.134"", "" 130.954"", ""  58.606""], ["" 126.757"", "" 123.020"", ""  57.045""], ["" 126.031"", "" 123.942"", ""  56.603""], ["" 126.856"", "" 121.836"", ""  56.642""]]",[],RR5_Rahimova_2017-again1
147,11688,RR6_Rahimova_2017,4h2i_c_1_mae_prepped,1,3,-8.59,-0.22025641025641024,0.0,0.0,2,186.75,-11.28,-11.13,-0.15,-11.28,0.0,-2.66,2.68,-2.66,56,5,0.0,0.0,0.0,6.770901,6.238136,5.910262,-0.0433986,0.01694021,-0.99891421,309.064117,"42.925632, 52.137001, 283.505981, 132.535645, 277.831116, 66.593719, 335.148254, 55.060658, 194.635605, ","[["" 133.539"", "" 124.640"", ""  61.676""], ["" 133.431"", "" 124.002"", ""  63.381""], ["" 131.899"", "" 124.606"", ""  64.060""], ["" 129.589"", "" 124.779"", ""  63.697""], ["" 129.427"", "" 125.415"", ""  64.933""], ["" 130.817"", "" 124.389"", ""  63.274""], ["" 130.531"", "" 125.654"", ""  65.762""], ["" 131.811"", "" 125.244"", ""  65.313""], ["" 133.012"", "" 125.489"", ""  66.118""], ["" 133.960"", "" 125.682"", ""  66.754""], ["" 128.436"", "" 124.447"", ""  62.796""], ["" 126.262"", "" 123.823"", ""  61.124""], ["" 126.618"", "" 125.153"", ""  61.340""], ["" 126.985"", "" 122.802"", ""  61.738""], ["" 127.696"", "" 125.461"", ""  62.166""], ["" 128.061"", "" 123.115"", ""  62.561""], ["" 125.081"", "" 123.493"", ""  60.230""], ["" 130.284"", "" 126.321"", ""  67.075""], ["" 131.112"", "" 127.364"", ""  67.500""], ["" 129.212"", "" 125.935"", ""  67.886""], ["" 130.879"", "" 128.002"", ""  68.716""], ["" 128.976"", "" 126.570"", ""  69.102""], ["" 129.813"", "" 127.614"", ""  69.527""], ["" 129.658"", "" 128.303"", ""  70.713""], ["" 129.546"", "" 127.573"", ""  71.930""], ["" 132.177"", "" 124.803"", ""  60.992""], ["" 131.748"", "" 123.733"", ""  60.286""], ["" 131.591"", "" 125.882"", ""  61.080""], ["" 132.380"", "" 122.948"", ""  60.240""], ["" 130.589"", "" 123.591"", ""  59.500""], ["" 130.072"", "" 124.579"", ""  58.650""], ["" 129.938"", "" 122.360"", ""  59.595""], ["" 128.931"", "" 124.323"", ""  57.893""], ["" 128.800"", "" 122.105"", ""  58.835""], ["" 128.284"", "" 123.081"", ""  57.973""], ["" 127.058"", "" 122.769"", ""  57.165""], ["" 126.720"", "" 121.620"", ""  56.860""], ["" 126.358"", "" 123.874"", ""  56.802""], ["" 125.060"", "" 124.122"", ""  57.324""]]",[],RR6_Rahimova_2017
148,11981,RR7_Rahimova_2017,4h2i_c_1_mae_prepped,1,6,-9.74,-0.19877551020408163,0.0,0.0,3,188.44,-13.02,-12.91,-0.11,-13.02,0.0,-2.59,3.28,-2.59,70,8,0.0,0.0,0.0,7.851208,11.124262,5.982934,-0.11998802,0.22806354,0.96622456,234.354004,"66.612953, 68.354012, 36.743797, 241.651321, 67.721825, 91.737907, 165.363937, 351.781921, 169.505127, 180.676041, 61.79385, ","[["" 131.433"", "" 125.200"", ""  61.185""], ["" 132.880"", "" 125.042"", ""  61.679""], ["" 133.287"", "" 123.609"", ""  62.050""], ["" 132.995"", "" 123.530"", ""  63.539""], ["" 133.372"", "" 124.944"", ""  63.965""], ["" 132.980"", "" 125.765"", ""  62.903""], ["" 134.648"", "" 123.341"", ""  61.760""], ["" 135.095"", "" 124.174"", ""  61.590""], ["" 132.758"", "" 125.395"", ""  65.199""], ["" 131.420"", "" 125.687"", ""  65.414""], ["" 133.341"", "" 125.513"", ""  66.448""], ["" 130.396"", "" 125.681"", ""  64.550""], ["" 131.323"", "" 126.019"", ""  66.790""], ["" 132.539"", "" 125.905"", ""  67.407""], ["" 129.216"", "" 126.045"", ""  65.119""], ["" 130.051"", "" 126.385"", ""  67.272""], ["" 128.989"", "" 126.395"", ""  66.412""], ["" 129.917"", "" 126.727"", ""  68.631""], ["" 128.885"", "" 126.483"", ""  69.473""], ["" 127.844"", "" 125.908"", ""  69.147""], ["" 130.706"", "" 127.225"", ""  69.017""], ["" 129.058"", "" 126.997"", ""  70.887""], ["" 128.740"", "" 126.165"", ""  71.971""], ["" 129.544"", "" 128.290"", ""  71.143""], ["" 128.896"", "" 126.615"", ""  73.279""], ["" 129.701"", "" 128.739"", ""  72.452""], ["" 129.376"", "" 127.899"", ""  73.514""], ["" 130.782"", "" 123.927"", ""  61.237""], ["" 130.486"", "" 123.215"", ""  60.014""], ["" 131.195"", "" 123.978"", ""  58.863""], ["" 130.445"", "" 124.733"", ""  57.947""], ["" 132.589"", "" 123.918"", ""  58.703""], ["" 131.067"", "" 125.410"", ""  56.903""], ["" 133.213"", "" 124.596"", ""  57.660""], ["" 132.450"", "" 125.338"", ""  56.764""], ["" 131.046"", "" 121.770"", ""  60.200""], ["" 130.253"", "" 120.729"", ""  60.705""], ["" 132.392"", "" 121.502"", ""  59.912""], ["" 130.783"", "" 119.456"", ""  60.890""], ["" 132.923"", "" 120.229"", ""  60.098""], ["" 132.118"", "" 119.192"", ""  60.589""], ["" 132.557"", "" 117.901"", ""  60.810""], ["" 131.749"", "" 117.016"", ""  61.580""], ["" 128.965"", "" 123.317"", ""  59.708""], ["" 128.127"", "" 124.094"", ""  60.524""], ["" 128.392"", "" 122.614"", ""  58.636""], ["" 126.763"", "" 124.185"", ""  60.265""], ["" 127.028"", "" 122.703"", ""  58.375""], ["" 126.219"", "" 123.490"", ""  59.189""]]",[],RR7_Rahimova_2017
149,12593,RR8_A_Rahimova_2017,4h2i_c_1_mae_prepped,1,20,-9.21,-0.2192857142857143,0.0,0.0,2,186.2,-13.39,-13.12,-0.27,-13.39,0.0,-3.93,4.18,-3.93,72,5,0.0,0.0,0.0,5.363357,6.709533,6.186911,0.55722579,-0.47524582,0.68091176,126.952629,"273.898193, 223.472946, 254.357803, 183.315613, 254.694107, 72.454468, 90.334496, 101.776825, 50.244404, 228.465454, 64.087509, 18.803846, 7.00051, 184.649109, ","[["" 128.145"", "" 123.255"", ""  62.655""], ["" 129.202"", "" 124.143"", ""  62.012""], ["" 129.965"", "" 124.559"", ""  63.256""], ["" 129.977"", "" 123.283"", ""  64.107""], ["" 128.822"", "" 122.572"", ""  63.669""], ["" 127.643"", "" 122.377"", ""  61.686""], ["" 128.347"", "" 122.253"", ""  60.518""], ["" 127.989"", "" 122.727"", ""  59.434""], ["" 129.611"", "" 121.461"", ""  60.685""], ["" 130.805"", "" 121.825"", ""  60.043""], ["" 129.605"", "" 120.322"", ""  61.500""], ["" 131.961"", "" 121.070"", ""  60.218""], ["" 130.762"", "" 119.568"", ""  61.672""], ["" 131.954"", "" 119.932"", ""  61.035""], ["" 133.187"", "" 119.128"", ""  61.221""], ["" 133.945"", "" 119.419"", ""  62.141""], ["" 133.406"", "" 118.200"", ""  60.449""], ["" 128.665"", "" 125.283"", ""  61.346""], ["" 127.322"", "" 125.616"", ""  61.679""], ["" 126.369"", "" 125.001"", ""  60.665""], ["" 126.443"", "" 125.368"", ""  59.318""], ["" 125.430"", "" 124.052"", ""  61.080""], ["" 125.575"", "" 124.795"", ""  58.392""], ["" 124.562"", "" 123.479"", ""  60.153""], ["" 124.639"", "" 123.854"", ""  58.814""], ["" 131.266"", "" 124.968"", ""  62.839""], ["" 131.319"", "" 125.723"", ""  61.634""], ["" 132.114"", "" 124.964"", ""  60.580""], ["" 133.263"", "" 124.260"", ""  60.952""], ["" 131.712"", "" 124.985"", ""  59.240""], ["" 134.000"", "" 123.571"", ""  59.993""], ["" 132.449"", "" 124.295"", ""  58.281""], ["" 133.588"", "" 123.591"", ""  58.661""], ["" 129.872"", "" 123.499"", ""  65.627""], ["" 129.720"", "" 124.889"", ""  65.882""], ["" 129.818"", "" 125.238"", ""  67.257""], ["" 129.260"", "" 126.637"", ""  67.475""], ["" 129.629"", "" 127.365"", ""  68.609""], ["" 128.392"", "" 127.202"", ""  66.534""], ["" 129.125"", "" 128.648"", ""  68.808""], ["" 127.887"", "" 128.484"", ""  66.733""], ["" 128.255"", "" 129.201"", ""  67.870""]]",[],RR8_A_Rahimova_2017
150,11328,RR8_B_Rahimova_2017,4h2i_c_1_mae_prepped,1,18,-10.18,-0.24238095238095236,0.0,0.0,4,185.47,-14.35,-14.23,-0.13,-14.35,0.0,-4.11,4.18,-4.11,85,9,0.0,0.0,0.0,6.416231,8.309775,4.458885,0.4704634,0.84080436,-0.26779137,44.797363,"20.416821, 54.817863, 245.331879, 350.100006, 121.932709, 328.763336, 153.878448, 56.447948, 196.781143, 166.829712, 285.511719, 61.733917, 324.539734, 297.893097, ","[["" 129.108"", "" 123.500"", ""  63.514""], ["" 128.535"", "" 122.408"", ""  62.611""], ["" 129.835"", "" 121.858"", ""  62.035""], ["" 130.810"", "" 121.928"", ""  63.216""], ["" 130.260"", "" 122.931"", ""  64.069""], ["" 129.405"", "" 124.638"", ""  62.742""], ["" 129.672"", "" 125.810"", ""  63.396""], ["" 128.987"", "" 126.833"", ""  63.301""], ["" 130.881"", "" 125.709"", ""  64.281""], ["" 132.152"", "" 125.417"", ""  63.765""], ["" 130.741"", "" 125.906"", ""  65.660""], ["" 133.253"", "" 125.321"", ""  64.610""], ["" 131.841"", "" 125.803"", ""  66.504""], ["" 133.110"", "" 125.505"", ""  65.991""], ["" 134.281"", "" 125.376"", ""  66.893""], ["" 134.084"", "" 125.273"", ""  68.101""], ["" 135.406"", "" 125.372"", ""  66.400""], ["" 127.700"", "" 122.904"", ""  61.568""], ["" 128.375"", "" 123.386"", ""  60.417""], ["" 127.541"", "" 123.040"", ""  59.196""], ["" 128.105"", "" 122.325"", ""  58.135""], ["" 126.208"", "" 123.456"", ""  59.131""], ["" 127.336"", "" 122.030"", ""  57.012""], ["" 125.440"", "" 123.161"", ""  58.009""], ["" 126.009"", "" 122.450"", ""  56.953""], ["" 129.725"", "" 120.508"", ""  61.575""], ["" 130.631"", "" 119.554"", ""  62.137""], ["" 131.768"", "" 119.205"", ""  61.181""], ["" 131.491"", "" 118.581"", ""  59.961""], ["" 133.083"", "" 119.535"", ""  61.517""], ["" 132.527"", "" 118.292"", ""  59.077""], ["" 134.120"", "" 119.243"", ""  60.634""], ["" 133.837"", "" 118.625"", ""  59.418""], ["" 132.260"", "" 122.298"", ""  62.857""], ["" 132.404"", "" 122.307"", ""  61.442""], ["" 133.320"", "" 123.269"", ""  60.941""], ["" 132.716"", "" 123.948"", ""  59.721""], ["" 133.405"", "" 123.933"", ""  58.505""], ["" 131.484"", "" 124.602"", ""  59.818""], ["" 132.870"", "" 124.574"", ""  57.391""], ["" 130.946"", "" 125.240"", ""  58.703""], ["" 131.643"", "" 125.226"", ""  57.496""]]",[],RR8_B_Rahimova_2017
151,12518,RR9_Rahimova_2017,4h2i_c_1_mae_prepped,1,12,-9.34,-0.24578947368421053,0.0,0.0,3,185.65,-11.72,-11.55,-0.17,-11.72,0.0,-1.27,2.39,-1.27,69,7,0.0,0.0,0.0,3.765711,11.432633,8.064021,0.71313919,-0.66353819,-0.2261627,259.832062,"65.352928, 349.011292, 114.185783, 298.636261, 125.202576, 15.710783, 199.576614, 327.522308, ","[["" 125.149"", "" 129.960"", ""  62.966""], ["" 124.298"", "" 130.694"", ""  63.649""], ["" 124.612"", "" 130.588"", ""  64.950""], ["" 125.681"", "" 129.745"", ""  65.139""], ["" 126.054"", "" 129.273"", ""  63.858""], ["" 127.118"", "" 128.341"", ""  63.786""], ["" 127.732"", "" 128.002"", ""  65.005""], ["" 127.286"", "" 128.539"", ""  66.223""], ["" 126.251"", "" 129.422"", ""  66.299""], ["" 124.083"", "" 131.090"", ""  65.649""], ["" 125.096"", "" 129.950"", ""  61.474""], ["" 124.978"", "" 129.910"", ""  58.687""], ["" 124.343"", "" 130.931"", ""  59.396""], ["" 125.668"", "" 128.907"", ""  59.369""], ["" 124.404"", "" 130.951"", ""  60.787""], ["" 125.730"", "" 128.931"", ""  60.759""], ["" 124.896"", "" 129.877"", ""  57.171""], ["" 127.576"", "" 127.655"", ""  62.527""], ["" 127.091"", "" 126.413"", ""  62.328""], ["" 128.328"", "" 128.232"", ""  61.742""], ["" 126.551"", "" 125.988"", ""  63.068""], ["" 127.285"", "" 125.598"", ""  61.124""], ["" 126.226"", "" 124.481"", ""  60.972""], ["" 126.158"", "" 123.853"", ""  59.585""], ["" 125.039"", "" 124.063"", ""  58.773""], ["" 127.229"", "" 123.088"", ""  59.115""], ["" 124.995"", "" 123.516"", ""  57.493""], ["" 127.185"", "" 122.540"", ""  57.835""], ["" 126.068"", "" 122.757"", ""  57.031""], ["" 127.930"", "" 128.171"", ""  67.527""], ["" 128.538"", "" 129.141"", ""  68.337""], ["" 127.933"", "" 126.842"", ""  67.974""], ["" 129.129"", "" 128.795"", ""  69.548""], ["" 128.525"", "" 126.493"", ""  69.186""], ["" 129.131"", "" 127.472"", ""  69.985""], ["" 129.738"", "" 127.223"", ""  71.200""], ["" 129.944"", "" 128.298"", ""  72.112""], ["" 130.979"", "" 127.866"", ""  73.156""]]",[],RR9_Rahimova_2017
