,Pose_ID,LigName,receptor,pose_rank,run_number,docking_score,leff,deltas,cluster_rmsd,cluster_size,reference_rmsd,energies_inter,energies_vdw,energies_electro,energies_flexLig,energies_flexLR,energies_intra,energies_torsional,unbound_energy,nr_interactions,num_hb,about_x,about_y,about_z,trans_x,trans_y,trans_z,axisangle_x,axisangle_y,axisangle_z,axisangle_w,dihedrals,ligand_coordinates,flexible_res_coordinates,LigName:1
0,11497,1a_Ghoteimi_2023,receptor_tmp,1,15,-10.15,-0.2475609756097561,0.0,0.0,2,187.83,-13.43,-12.56,-0.87,-13.43,0.0,-1.75,3.28,-1.75,40,4,0.0,0.0,0.0,5.431814,13.168822,9.604633,0.54050089,0.60216017,-0.58758993,124.098946,"273.47998, 234.570709, 184.911697, 337.623291, 224.756546, 292.610413, 302.928162, 301.777466, 80.435585, 199.693649, 47.619663, ","[["" 127.996"", "" 130.442"", ""  63.279""], ["" 129.067"", "" 131.019"", ""  62.692""], ["" 126.965"", "" 130.096"", ""  62.703""], ["" 129.859"", "" 131.199"", ""  63.293""], ["" 128.116"", "" 130.211"", ""  64.785""], ["" 127.095"", "" 128.812"", ""  65.334""], ["" 128.224"", "" 127.586"", ""  65.953""], ["" 130.005"", "" 125.955"", ""  65.757""], ["" 129.160"", "" 126.909"", ""  65.141""], ["" 129.864"", "" 125.728"", ""  67.132""], ["" 129.250"", "" 127.178"", ""  63.702""], ["" 128.928"", "" 126.450"", ""  67.883""], ["" 129.321"", "" 127.390"", ""  62.567""], ["" 128.123"", "" 127.368"", ""  67.285""], ["" 131.047"", "" 125.171"", ""  65.026""], ["" 133.017"", "" 123.730"", ""  63.633""], ["" 131.665"", "" 123.531"", ""  63.354""], ["" 133.381"", "" 124.663"", ""  64.616""], ["" 130.688"", "" 124.246"", ""  64.040""], ["" 132.402"", "" 125.377"", ""  65.302""], ["" 133.914"", "" 122.977"", ""  62.902""], ["" 134.471"", "" 123.523"", ""  61.711""], ["" 128.740"", "" 126.250"", ""  69.359""], ["" 127.824"", "" 127.025"", ""  70.089""], ["" 129.480"", "" 125.285"", ""  70.058""], ["" 127.651"", "" 126.838"", ""  71.458""], ["" 129.310"", "" 125.094"", ""  71.426""], ["" 128.389"", "" 125.873"", ""  72.139""], ["" 128.151"", "" 125.754"", ""  73.495""], ["" 127.124"", "" 126.540"", ""  74.091""], ["" 129.276"", "" 131.376"", ""  61.346""], ["" 128.431"", "" 132.208"", ""  60.596""], ["" 130.425"", "" 130.855"", ""  60.752""], ["" 128.737"", "" 132.501"", ""  59.269""], ["" 130.729"", "" 131.148"", ""  59.425""], ["" 129.890"", "" 131.975"", ""  58.668""], ["" 130.249"", "" 132.274"", ""  57.241""], ["" 129.804"", "" 133.243"", ""  56.618""], ["" 131.107"", "" 131.369"", ""  56.704""], ["" 132.499"", "" 131.645"", ""  56.607""], ["" 133.283"", "" 130.568"", ""  57.363""]]",[],1a_Ghoteimi_2023
1,6861,1a_Grossjean_2025,receptor_tmp,1,10,-8.06,-0.2985185185185185,0.0,0.0,8,190.06,-10.15,-9.92,-0.23,-10.15,0.0,-0.72,2.09,-0.72,40,7,0.0,0.0,0.0,7.281074,8.696178,11.611075,0.00677635,0.42616389,-0.9046206,164.600815,"108.165558, 32.421684, 157.450729, 347.160431, 50.42662, 340.373169, 12.347245, ","[["" 129.353"", "" 125.476"", ""  68.877""], ["" 129.804"", "" 124.735"", ""  69.969""], ["" 129.352"", "" 125.022"", ""  71.253""], ["" 128.435"", "" 126.059"", ""  71.470""], ["" 127.977"", "" 126.798"", ""  70.368""], ["" 128.428"", "" 126.511"", ""  69.083""], ["" 129.879"", "" 125.101"", ""  67.625""], ["" 129.547"", "" 125.516"", ""  66.384""], ["" 128.677"", "" 126.346"", ""  66.116""], ["" 130.640"", "" 124.441"", ""  67.682""], ["" 130.343"", "" 124.877"", ""  65.244""], ["" 130.172"", "" 123.068"", ""  65.219""], ["" 131.036"", "" 122.470"", ""  63.784""], ["" 132.923"", "" 122.298"", ""  62.274""], ["" 132.354"", "" 122.855"", ""  63.443""], ["" 132.166"", "" 121.411"", ""  61.501""], ["" 133.111"", "" 123.824"", ""  64.241""], ["" 130.866"", "" 121.106"", ""  61.899""], ["" 133.710"", "" 124.587"", ""  64.870""], ["" 130.303"", "" 121.625"", ""  63.016""], ["" 134.340"", "" 122.630"", ""  61.809""], ["" 129.992"", "" 120.159"", ""  61.098""], ["" 127.970"", "" 126.346"", ""  72.869""], ["" 128.488"", "" 125.845"", ""  73.872""], ["" 126.934"", "" 127.223"", ""  72.922""], ["" 126.113"", "" 127.320"", ""  74.078""], ["" 124.640"", "" 127.238"", ""  73.667""]]",[],1a_Grossjean_2025
2,11339,1aa_Ghoteimi_2023,receptor_tmp,1,4,-8.55,-0.20853658536585368,0.0,0.0,3,186.56,-11.83,-11.1,-0.73,-11.83,0.0,-2.82,3.28,-2.82,39,5,0.0,0.0,0.0,5.341238,11.837378,9.21644,-0.76159101,-0.39257112,0.51562297,177.388535,"97.106354, 337.209961, 185.393555, 158.048325, 68.379616, 309.519226, 319.536407, 45.909988, 279.375092, 356.280365, 128.911514, ","[["" 128.017"", "" 130.869"", ""  64.323""], ["" 128.738"", "" 130.321"", ""  63.317""], ["" 127.483"", "" 131.977"", ""  64.283""], ["" 129.105"", "" 129.397"", ""  63.496""], ["" 127.857"", "" 130.039"", ""  65.607""], ["" 127.631"", "" 128.660"", ""  65.288""], ["" 128.407"", "" 127.669"", ""  65.871""], ["" 130.090"", "" 125.929"", ""  65.706""], ["" 129.315"", "" 126.937"", ""  65.086""], ["" 129.926"", "" 125.722"", ""  67.082""], ["" 129.449"", "" 127.255"", ""  63.664""], ["" 129.012"", "" 126.488"", ""  67.816""], ["" 128.259"", "" 127.441"", ""  67.205""], ["" 129.554"", "" 127.507"", ""  62.539""], ["" 131.074"", "" 125.073"", ""  64.978""], ["" 132.945"", "" 123.458"", ""  63.636""], ["" 133.364"", "" 124.571"", ""  64.366""], ["" 131.576"", "" 123.153"", ""  63.586""], ["" 132.440"", "" 125.370"", ""  65.033""], ["" 130.653"", "" 123.953"", ""  64.253""], ["" 133.932"", "" 122.725"", ""  63.007""], ["" 134.419"", "" 123.158"", ""  61.742""], ["" 128.787"", "" 126.297"", ""  69.288""], ["" 127.872"", "" 127.096"", ""  69.989""], ["" 129.479"", "" 125.309"", ""  70.009""], ["" 127.663"", "" 126.922"", ""  71.354""], ["" 129.273"", "" 125.134"", ""  71.374""], ["" 128.359"", "" 125.944"", ""  72.061""], ["" 128.088"", "" 125.844"", ""  73.412""], ["" 127.051"", "" 126.643"", ""  73.972""], ["" 129.060"", "" 130.829"", ""  62.045""], ["" 130.346"", "" 130.847"", ""  61.485""], ["" 127.987"", "" 131.340"", ""  61.312""], ["" 130.546"", "" 131.375"", ""  60.211""], ["" 128.189"", "" 131.867"", ""  60.041""], ["" 129.470"", "" 131.892"", ""  59.474""], ["" 129.653"", "" 132.469"", ""  58.099""], ["" 128.716"", "" 132.872"", ""  57.403""], ["" 130.950"", "" 132.503"", ""  57.700""], ["" 131.477"", "" 131.508"", ""  56.830""], ["" 132.823"", "" 131.018"", ""  57.370""]]",[],1aa_Ghoteimi_2023
3,11321,1b_Ghoteimi_2023,receptor_tmp,1,10,-9.96,-0.2845714285714286,0.0,0.0,4,187.23,-12.34,-11.6,-0.75,-12.34,0.0,-1.41,2.39,-1.41,40,8,0.0,0.0,0.0,4.55219,11.584833,11.124021,-0.45431425,-0.25299413,-0.85416189,140.07547,"155.856155, 57.627464, 102.356834, 241.631348, 358.859833, 308.403687, 18.44422, 120.822624, ","[["" 127.268"", "" 128.451"", ""  65.509""], ["" 126.737"", "" 127.957"", ""  66.726""], ["" 125.478"", "" 128.486"", ""  67.258""], ["" 124.484"", "" 128.905"", ""  67.678""], ["" 127.424"", "" 126.903"", ""  67.370""], ["" 128.532"", "" 126.330"", ""  66.840""], ["" 129.043"", "" 126.795"", ""  65.670""], ["" 128.423"", "" 127.850"", ""  64.993""], ["" 126.662"", "" 129.575"", ""  64.735""], ["" 125.520"", "" 131.676"", ""  63.258""], ["" 124.816"", "" 130.489"", ""  63.461""], ["" 126.809"", "" 131.806"", ""  63.795""], ["" 125.381"", "" 129.447"", ""  64.190""], ["" 127.372"", "" 130.762"", ""  64.524""], ["" 124.881"", "" 132.655"", ""  62.521""], ["" 123.856"", "" 132.278"", ""  61.608""], ["" 126.909"", "" 126.164"", ""  68.906""], ["" 127.981"", "" 126.816"", ""  70.230""], ["" 128.427"", "" 125.782"", ""  71.274""], ["" 129.030"", "" 124.687"", ""  70.760""], ["" 128.232"", "" 125.976"", ""  72.476""], ["" 129.122"", "" 124.638"", ""  69.756""], ["" 129.531"", "" 123.596"", ""  71.460""], ["" 128.929"", "" 122.427"", ""  71.612""], ["" 130.766"", "" 123.608"", ""  72.108""], ["" 129.781"", "" 121.632"", ""  72.380""], ["" 130.887"", "" 122.359"", ""  72.671""], ["" 130.281"", "" 126.111"", ""  65.161""], ["" 131.308"", "" 125.730"", ""  66.037""], ["" 130.447"", "" 125.824"", ""  63.796""], ["" 132.454"", "" 125.095"", ""  65.569""], ["" 131.591"", "" 125.188"", ""  63.324""], ["" 132.609"", "" 124.817"", ""  64.212""], ["" 133.779"", "" 124.183"", ""  63.840""], ["" 134.177"", "" 124.208"", ""  62.474""]]",[],1b_Ghoteimi_2023
4,11166,1b_Grossjean_2025,receptor_tmp,1,15,-7.85,-0.3019230769230769,0.0,0.0,5,189.87,-9.64,-9.11,-0.53,-9.64,0.0,-0.81,1.79,-0.81,46,8,0.0,0.0,0.0,4.794721,8.381276,11.091355,0.9761979,-0.08853449,0.19798812,231.15802,"8.367919, 0.752758, 210.774139, 101.634552, 271.769196, 58.892742, ","[["" 129.964"", "" 125.633"", ""  66.684""], ["" 129.375"", "" 125.042"", ""  67.746""], ["" 130.637"", "" 126.662"", ""  66.720""], ["" 128.847"", "" 124.203"", ""  67.550""], ["" 129.761"", "" 124.923"", ""  65.344""], ["" 130.096"", "" 123.140"", ""  65.455""], ["" 130.918"", "" 122.660"", ""  63.951""], ["" 132.761"", "" 122.610"", ""  62.382""], ["" 132.228"", "" 123.068"", ""  63.608""], ["" 131.988"", "" 121.773"", ""  61.570""], ["" 133.036"", "" 123.910"", ""  64.495""], ["" 130.715"", "" 121.404"", ""  61.998""], ["" 133.676"", "" 124.574"", ""  65.193""], ["" 130.185"", "" 121.830"", ""  63.168""], ["" 134.160"", "" 122.988"", ""  61.900""], ["" 129.831"", "" 120.491"", ""  61.167""], ["" 129.362"", "" 125.419"", ""  69.103""], ["" 129.863"", "" 124.473"", ""  69.997""], ["" 128.893"", "" 126.647"", ""  69.593""], ["" 129.900"", "" 124.741"", ""  71.362""], ["" 128.929"", "" 126.913"", ""  70.959""], ["" 129.433"", "" 125.966"", ""  71.860""], ["" 129.459"", "" 126.289"", ""  73.327""], ["" 130.394"", "" 126.882"", ""  73.874""], ["" 128.356"", "" 125.858"", ""  73.991""], ["" 127.133"", "" 126.578"", ""  73.921""]]",[],1b_Grossjean_2025
5,6822,1c_Ghoteimi_2023,receptor_tmp,1,8,-9.01,-0.2574285714285714,0.0,0.0,6,192.46,-11.4,-10.61,-0.79,-11.4,0.0,-1.28,2.39,-1.28,44,6,0.0,0.0,0.0,5.214637,8.949976,10.691345,0.09029082,0.78332804,0.61501605,130.689697,"123.298256, 146.345764, 224.447067, 126.770096, 186.870682, 178.454575, 356.320343, 159.489044, ","[["" 129.830"", "" 125.819"", ""  66.296""], ["" 129.043"", "" 126.828"", ""  65.693""], ["" 129.113"", "" 127.082"", ""  64.250""], ["" 129.169"", "" 127.281"", ""  63.111""], ["" 128.178"", "" 127.574"", ""  66.520""], ["" 128.093"", "" 127.374"", ""  67.857""], ["" 128.876"", "" 126.433"", ""  68.447""], ["" 129.743"", "" 125.645"", ""  67.682""], ["" 130.725"", "" 124.898"", ""  65.534""], ["" 132.393"", "" 123.185"", ""  64.060""], ["" 132.863"", "" 124.423"", ""  64.500""], ["" 131.075"", "" 122.808"", ""  64.359""], ["" 132.037"", "" 125.273"", ""  65.228""], ["" 130.251"", "" 123.661"", ""  65.088""], ["" 133.283"", "" 122.407"", ""  63.343""], ["" 133.878"", "" 122.939"", ""  62.164""], ["" 127.012"", "" 128.754"", ""  65.876""], ["" 127.997"", "" 130.251"", ""  65.547""], ["" 127.698"", "" 130.848"", ""  64.167""], ["" 128.758"", "" 131.399"", ""  63.536""], ["" 126.545"", "" 130.832"", ""  63.734""], ["" 129.654"", "" 131.339"", ""  63.996""], ["" 128.733"", "" 132.134"", ""  62.362""], ["" 129.615"", "" 132.126"", ""  61.385""], ["" 127.360"", "" 133.159"", ""  62.102""], ["" 129.250"", "" 132.921"", ""  60.398""], ["" 128.045"", "" 133.595"", ""  60.565""], ["" 128.726"", "" 126.268"", ""  69.932""], ["" 129.470"", "" 125.311"", ""  70.639""], ["" 127.831"", "" 127.067"", ""  70.658""], ["" 129.331"", "" 125.163"", ""  72.016""], ["" 127.689"", "" 126.924"", ""  72.035""], ["" 128.444"", "" 125.966"", ""  72.728""], ["" 128.372"", "" 125.754"", ""  74.091""], ["" 127.547"", "" 126.600"", ""  74.885""]]",[],1c_Ghoteimi_2023
6,11436,1c_Grossjean_2025,receptor_tmp,1,14,-7.22,-0.30083333333333334,0.0,0.0,3,189.8,-8.71,-8.34,-0.38,-8.71,0.0,-0.71,1.49,-0.71,36,7,0.0,0.0,0.0,6.572623,7.728054,10.589052,-0.10593559,0.38017515,-0.91882779,174.732025,"11.925766, 63.619419, 74.768066, 187.988434, 51.66993, ","[["" 129.971"", "" 125.937"", ""  66.933""], ["" 129.385"", "" 125.148"", ""  67.858""], ["" 130.414"", "" 127.068"", ""  67.135""], ["" 129.137"", "" 124.218"", ""  67.557""], ["" 130.080"", "" 125.335"", ""  65.531""], ["" 130.106"", "" 123.518"", ""  65.575""], ["" 130.893"", "" 122.931"", ""  64.089""], ["" 132.722"", "" 122.675"", ""  62.521""], ["" 132.233"", "" 123.214"", ""  63.734""], ["" 131.880"", "" 121.881"", ""  61.737""], ["" 133.117"", "" 124.004"", ""  64.595""], ["" 130.582"", "" 121.631"", ""  62.176""], ["" 133.815"", "" 124.627"", ""  65.275""], ["" 130.092"", "" 122.138"", ""  63.331""], ["" 134.147"", "" 122.920"", ""  62.027""], ["" 129.626"", "" 120.764"", ""  61.379""], ["" 129.123"", "" 125.407"", ""  69.217""], ["" 128.218"", "" 126.371"", ""  69.686""], ["" 129.812"", "" 124.610"", ""  70.133""], ["" 128.027"", "" 126.537"", ""  71.055""], ["" 129.617"", "" 124.779"", ""  71.501""], ["" 128.721"", "" 125.750"", ""  71.974""], ["" 128.464"", "" 125.991"", ""  73.310""], ["" 127.409"", "" 126.878"", ""  73.664""]]",[],1c_Grossjean_2025
7,6852,1d_Ghoteimi_2023,receptor_tmp,1,12,-8.58,-0.286,0.0,0.0,12,191.46,-10.97,-10.19,-0.77,-10.97,0.0,-0.99,2.39,-0.99,38,11,0.0,0.0,0.0,5.346811,10.517927,10.893356,-0.87982085,0.17408353,0.44227842,217.384918,"47.055298, 13.962793, 56.343739, 137.691467, 32.878414, 236.995483, 326.505127, 339.896545, ","[["" 130.941"", "" 124.758"", ""  65.559""], ["" 129.741"", "" 125.786"", ""  66.377""], ["" 127.945"", "" 127.413"", ""  66.475""], ["" 128.837"", "" 126.634"", ""  65.697""], ["" 127.978"", "" 127.272"", ""  67.868""], ["" 128.775"", "" 126.664"", ""  64.233""], ["" 128.872"", "" 126.383"", ""  68.475""], ["" 128.724"", "" 126.688"", ""  63.077""], ["" 129.742"", "" 125.658"", ""  67.725""], ["" 126.960"", "" 128.375"", ""  65.894""], ["" 125.095"", "" 130.182"", ""  64.815""], ["" 124.727"", "" 129.316"", ""  65.845""], ["" 126.411"", "" 130.147"", ""  64.331""], ["" 125.650"", "" 128.423"", ""  66.382""], ["" 127.332"", "" 129.253"", ""  64.870""], ["" 124.112"", "" 131.029"", ""  64.340""], ["" 123.912"", "" 131.142"", ""  62.935""], ["" 128.942"", "" 126.187"", ""  69.962""], ["" 128.456"", "" 127.160"", ""  70.849""], ["" 129.505"", "" 125.026"", ""  70.512""], ["" 128.527"", "" 126.980"", ""  72.226""], ["" 129.580"", "" 124.842"", ""  71.890""], ["" 129.088"", "" 125.823"", ""  72.762""], ["" 129.121"", "" 125.731"", ""  74.140""], ["" 130.370"", "" 125.533"", ""  74.793""], ["" 132.469"", "" 125.733"", ""  65.418""], ["" 133.633"", "" 124.751"", ""  65.313""], ["" 134.464"", "" 124.643"", ""  66.216""], ["" 133.615"", "" 124.056"", ""  64.157""], ["" 133.634"", "" 124.733"", ""  62.909""]]",[],1d_Ghoteimi_2023
8,11633,1d_Grossjean_2025,receptor_tmp,1,3,-6.96,-0.31636363636363635,0.0,0.0,1,187.96,-8.15,-8.11,-0.04,-8.15,0.0,-0.5,1.19,-0.5,31,6,0.0,0.0,0.0,5.629857,7.961363,7.661117,0.30021535,0.58378661,0.75436327,188.804764,"113.224525, 178.588608, 156.902908, 34.80563, ","[["" 130.213"", "" 123.008"", ""  65.236""], ["" 131.020"", "" 122.469"", ""  63.745""], ["" 132.838"", "" 122.370"", ""  62.148""], ["" 132.319"", "" 122.878"", ""  63.361""], ["" 132.054"", "" 121.506"", ""  61.376""], ["" 133.103"", "" 123.822"", ""  64.160""], ["" 130.775"", "" 121.175"", ""  61.819""], ["" 133.726"", "" 124.567"", ""  64.790""], ["" 130.259"", "" 121.647"", ""  62.978""], ["" 134.231"", "" 122.731"", ""  61.633""], ["" 129.873"", "" 120.253"", ""  61.023""], ["" 130.247"", "" 124.826"", ""  65.244""], ["" 129.504"", "" 125.411"", ""  66.447""], ["" 129.937"", "" 124.989"", ""  67.655""], ["" 128.569"", "" 126.189"", ""  66.255""], ["" 130.684"", "" 124.310"", ""  67.646""], ["" 129.493"", "" 125.338"", ""  68.944""], ["" 128.612"", "" 126.420"", ""  69.009""], ["" 129.857"", "" 124.668"", ""  70.125""], ["" 128.108"", "" 126.844"", ""  70.236""], ["" 129.351"", "" 125.093"", ""  71.350""], ["" 128.480"", "" 126.179"", ""  71.401""]]",[],1d_Grossjean_2025
9,11766,1e_Grossjean_2025,receptor_tmp,1,14,-6.95,-0.3021739130434783,0.0,0.0,1,187.51,-8.15,-8.19,0.05,-8.15,0.0,-0.47,1.19,-0.47,35,7,0.0,0.0,0.0,5.390687,8.582354,8.789668,-0.571193,0.43149208,-0.69825005,244.504318,"356.292572, 50.16407, 211.653717, 141.524216, ","[["" 130.262"", "" 125.096"", ""  65.118""], ["" 129.988"", "" 123.300"", ""  65.041""], ["" 130.936"", "" 122.636"", ""  63.686""], ["" 132.906"", "" 122.364"", ""  62.302""], ["" 132.282"", "" 122.978"", ""  63.413""], ["" 132.187"", "" 121.442"", ""  61.536""], ["" 133.040"", "" 123.901"", ""  64.260""], ["" 130.873"", "" 121.144"", ""  61.892""], ["" 133.641"", "" 124.631"", ""  64.928""], ["" 130.255"", "" 121.721"", ""  62.949""], ["" 134.350"", "" 122.660"", ""  61.901""], ["" 130.048"", "" 120.139"", ""  61.113""], ["" 129.751"", "" 125.698"", ""  66.428""], ["" 129.885"", "" 124.919"", ""  67.524""], ["" 129.238"", "" 126.818"", ""  66.416""], ["" 130.263"", "" 123.994"", ""  67.379""], ["" 129.500"", "" 125.197"", ""  68.848""], ["" 130.032"", "" 124.526"", ""  69.911""], ["" 128.521"", "" 126.183"", ""  69.018""], ["" 129.602"", "" 124.839"", ""  71.160""], ["" 128.090"", "" 126.494"", ""  70.310""], ["" 128.633"", "" 125.816"", ""  71.401""], ["" 130.239"", "" 124.055"", ""  72.292""]]",[],1e_Grossjean_2025
10,11303,1f_Grossjean_2025,receptor_tmp,1,1,-6.79,-0.30863636363636365,0.0,0.0,2,185.66,-7.99,-7.82,-0.17,-7.99,0.0,-0.62,1.19,-0.62,40,3,0.0,0.0,0.0,5.086476,6.749788,5.400877,-0.2278312,0.06990068,-0.97118837,191.215057,"213.388519, 142.22963, 9.605242, 292.31781, ","[["" 129.454"", "" 122.355"", ""  63.225""], ["" 131.061"", "" 122.124"", ""  62.490""], ["" 132.731"", "" 120.969"", ""  61.170""], ["" 131.415"", "" 121.016"", ""  61.686""], ["" 133.615"", "" 122.015"", ""  61.455""], ["" 130.458"", "" 119.958"", ""  61.352""], ["" 133.173"", "" 123.082"", ""  62.233""], ["" 129.704"", "" 119.121"", ""  61.088""], ["" 131.919"", "" 123.145"", ""  62.740""], ["" 133.234"", "" 119.820"", ""  60.299""], ["" 134.079"", "" 124.253"", ""  62.566""], ["" 128.481"", "" 123.460"", ""  62.146""], ["" 128.012"", "" 122.828"", ""  60.827""], ["" 127.210"", "" 123.618"", ""  60.081""], ["" 128.384"", "" 121.698"", ""  60.509""], ["" 127.024"", "" 124.539"", ""  60.451""], ["" 126.601"", "" 123.360"", ""  58.838""], ["" 127.296"", "" 122.526"", ""  57.955""], ["" 125.364"", "" 123.878"", ""  58.409""], ["" 126.836"", "" 122.191"", ""  56.722""], ["" 124.876"", "" 123.542"", ""  57.143""], ["" 125.639"", "" 122.699"", ""  56.335""]]",[],1f_Grossjean_2025
11,7029,1g_Grossjean_2025,receptor_tmp,1,2,-6.24,-0.271304347826087,0.0,0.0,6,187.37,-7.73,-7.6,-0.13,-7.73,0.0,-1.71,1.49,-1.71,30,2,0.0,0.0,0.0,11.156304,6.665391,6.541451,-0.46284201,0.61067477,-0.64253685,202.102692,"154.50444, 199.316391, 321.721436, 26.321423, 187.935669, ","[["" 133.494"", "" 124.610"", ""  62.250""], ["" 133.695"", "" 123.140"", ""  61.199""], ["" 132.098"", "" 122.368"", ""  61.060""], ["" 130.581"", "" 120.491"", ""  60.863""], ["" 131.906"", "" 120.969"", ""  60.978""], ["" 129.522"", "" 121.405"", ""  60.851""], ["" 133.027"", "" 120.028"", ""  61.046""], ["" 129.802"", "" 122.766"", ""  60.962""], ["" 133.910"", "" 119.281"", ""  61.100""], ["" 131.063"", "" 123.246"", ""  61.071""], ["" 130.249"", "" 119.003"", ""  60.755""], ["" 128.697"", "" 123.806"", ""  60.972""], ["" 132.957"", "" 124.254"", ""  63.637""], ["" 131.675"", "" 123.854"", ""  63.694""], ["" 133.692"", "" 124.338"", ""  64.622""], ["" 131.139"", "" 123.834"", ""  62.838""], ["" 130.944"", "" 123.522"", ""  64.917""], ["" 130.176"", "" 124.691"", ""  65.526""], ["" 129.797"", "" 125.772"", ""  64.723""], ["" 129.845"", "" 124.678"", ""  66.884""], ["" 129.096"", "" 126.839"", ""  65.278""], ["" 129.142"", "" 125.745"", ""  67.438""], ["" 128.771"", "" 126.820"", ""  66.633""]]",[],1g_Grossjean_2025
12,12216,1h_Grossjean_2025,receptor_tmp,1,2,-7.19,-0.24793103448275863,0.0,0.0,8,188.74,-9.58,-8.78,-0.8,-9.58,0.0,-1.13,2.39,-1.13,44,7,0.0,0.0,0.0,5.582034,8.561472,9.398902,-0.63353779,-0.77370262,-0.00375758,129.104889,"282.295624, 60.842442, 342.362335, 105.195412, 86.41201, 183.109924, 303.884491, 147.974625, ","[["" 129.742"", "" 124.980"", ""  66.051""], ["" 129.085"", "" 125.208"", ""  67.203""], ["" 130.559"", "" 125.762"", ""  65.564""], ["" 128.422"", "" 124.518"", ""  67.524""], ["" 129.425"", "" 123.668"", ""  65.334""], ["" 130.873"", "" 122.572"", ""  65.246""], ["" 131.318"", "" 122.379"", ""  63.527""], ["" 132.693"", "" 122.846"", ""  61.587""], ["" 132.420"", "" 123.058"", ""  62.957""], ["" 131.874"", "" 121.981"", ""  60.853""], ["" 133.262"", "" 123.956"", ""  63.751""], ["" 130.810"", "" 121.351"", ""  61.494""], ["" 133.929"", "" 124.666"", ""  64.378""], ["" 130.531"", "" 121.539"", ""  62.805""], ["" 133.853"", "" 123.528"", ""  60.864""], ["" 129.884"", "" 120.404"", ""  60.754""], ["" 129.213"", "" 126.412"", ""  68.024""], ["" 129.165"", "" 126.146"", ""  69.526""], ["" 128.843"", "" 127.174"", ""  70.413""], ["" 129.499"", "" 124.886"", ""  70.024""], ["" 128.816"", "" 126.947"", ""  71.798""], ["" 129.485"", "" 124.632"", ""  71.405""], ["" 129.131"", "" 125.668"", ""  72.281""], ["" 128.494"", "" 127.914"", ""  72.732""], ["" 127.229"", "" 127.862"", ""  73.382""], ["" 129.802"", "" 123.409"", ""  71.968""], ["" 131.163"", "" 123.103"", ""  72.256""], ["" 129.120"", "" 125.436"", ""  73.635""], ["" 130.332"", "" 125.781"", ""  74.291""]]",[],1h_Grossjean_2025
13,11849,1i_Grossjean_2025,receptor_tmp,1,3,-7.54,-0.35904761904761906,0.0,0.0,10,189.35,-8.73,-8.32,-0.4,-8.73,0.0,-0.64,1.19,-0.64,32,5,0.0,0.0,0.0,2.997837,11.36471,13.780922,0.55772215,-0.01597733,0.82987392,213.810883,"134.332886, 101.089836, 148.913116, 52.077213, ","[["" 126.885"", "" 126.096"", ""  69.044""], ["" 126.715"", "" 127.262"", ""  67.711""], ["" 127.453"", "" 128.463"", ""  65.742""], ["" 127.723"", "" 127.508"", ""  66.749""], ["" 126.224"", "" 129.133"", ""  65.745""], ["" 129.022"", "" 126.833"", ""  66.793""], ["" 125.299"", "" 128.844"", ""  66.747""], ["" 130.050"", "" 126.302"", ""  66.827""], ["" 125.535"", "" 127.931"", ""  67.718""], ["" 128.457"", "" 128.809"", ""  64.644""], ["" 123.954"", "" 129.543"", ""  66.811""], ["" 127.977"", "" 126.841"", ""  70.292""], ["" 128.476"", "" 125.812"", ""  71.309""], ["" 129.025"", "" 124.694"", ""  70.786""], ["" 128.353"", "" 126.045"", ""  72.513""], ["" 129.093"", "" 124.640"", ""  69.779""], ["" 129.555"", "" 123.615"", ""  71.477""], ["" 128.988"", "" 122.428"", ""  71.618""], ["" 130.790"", "" 123.656"", ""  72.122""], ["" 129.862"", "" 121.652"", ""  72.381""], ["" 130.946"", "" 122.407"", ""  72.677""]]",[],1i_Grossjean_2025
14,6989,1j_Grossjean_2025,receptor_tmp,1,16,-6.42,-0.3057142857142857,0.0,0.0,5,189.48,-7.61,-7.19,-0.43,-7.61,0.0,-1.21,1.19,-1.21,39,7,0.0,0.0,0.0,5.619128,9.399262,13.122242,-0.39958027,0.91669659,0.0017236,288.572815,"359.295624, 114.976425, 6.660388, 353.503998, ","[["" 129.018"", "" 127.685"", ""  69.769""], ["" 128.857"", "" 127.709"", ""  67.996""], ["" 128.923"", "" 126.747"", ""  65.775""], ["" 129.090"", "" 126.585"", ""  67.169""], ["" 128.555"", "" 127.998"", ""  65.271""], ["" 129.526"", "" 125.297"", ""  67.714""], ["" 128.372"", "" 129.057"", ""  66.157""], ["" 129.871"", "" 124.278"", ""  68.141""], ["" 128.522"", "" 128.925"", ""  67.496""], ["" 129.135"", "" 125.605"", ""  64.782""], ["" 127.987"", "" 130.442"", ""  65.671""], ["" 127.869"", "" 126.433"", ""  70.412""], ["" 128.513"", "" 125.566"", ""  71.496""], ["" 129.133"", "" 124.449"", ""  71.057""], ["" 128.435"", "" 125.916"", ""  72.674""], ["" 129.150"", "" 124.285"", ""  70.061""], ["" 129.793"", "" 123.509"", ""  71.834""], ["" 129.521"", "" 122.227"", ""  71.955""], ["" 131.148"", "" 124.061"", ""  72.765""], ["" 130.358"", "" 121.631"", ""  72.781""], ["" 131.340"", "" 122.436"", ""  73.351""]]",[],1j_Grossjean_2025
15,6977,1k_Grossjean_2025,receptor_tmp,1,16,-6.54,-0.25153846153846154,0.0,0.0,1,188.73,-10.12,-9.61,-0.51,-10.12,0.0,-1.04,3.58,-1.04,43,10,0.0,0.0,0.0,8.877977,10.414734,12.37282,0.20796953,0.29251738,0.93337145,213.712494,"236.906082, 120.634262, 221.097794, 232.304413, 136.698105, 129.993729, 45.320286, 24.822428, 284.362122, 199.153717, 167.945129, 322.762939, ","[["" 129.491"", "" 127.793"", ""  70.052""], ["" 129.499"", "" 127.367"", ""  68.696""], ["" 129.487"", "" 125.828"", ""  68.638""], ["" 129.878"", "" 125.278"", ""  67.340""], ["" 129.310"", "" 125.590"", ""  66.162""], ["" 128.383"", "" 126.396"", ""  66.055""], ["" 130.633"", "" 124.607"", ""  67.348""], ["" 129.888"", "" 124.869"", ""  64.934""], ["" 130.189"", "" 123.079"", ""  65.139""], ["" 131.048"", "" 122.460"", ""  63.699""], ["" 132.962"", "" 122.331"", ""  62.218""], ["" 132.359"", "" 122.878"", ""  63.372""], ["" 132.250"", "" 121.405"", ""  61.448""], ["" 133.083"", "" 123.848"", ""  64.199""], ["" 130.961"", "" 121.049"", ""  61.840""], ["" 133.656"", "" 124.613"", ""  64.852""], ["" 130.365"", "" 121.565"", ""  62.940""], ["" 134.373"", "" 122.707"", ""  61.771""], ["" 130.138"", "" 120.051"", ""  61.050""], ["" 128.518"", "" 127.134"", ""  70.852""], ["" 129.082"", "" 126.907"", ""  72.260""], ["" 128.877"", "" 125.552"", ""  72.639""], ["" 128.638"", "" 124.682"", ""  71.540""], ["" 129.884"", "" 123.823"", ""  71.288""], ["" 129.847"", "" 122.676"", ""  72.127""], ["" 131.081"", "" 122.408"", ""  72.772""]]",[],1k_Grossjean_2025
16,6885,1l_Grossjean_2025,receptor_tmp,1,5,-5.83,-0.3238888888888889,0.0,0.0,12,190.52,-7.02,-6.48,-0.54,-7.02,0.0,-0.97,1.19,-0.97,25,6,0.0,0.0,0.0,3.889752,11.072967,13.284624,-0.01315601,0.74376337,0.66831352,262.230347,"233.663513, 47.759972, 354.543396, 257.777191, ","[["" 128.374"", "" 126.699"", ""  70.576""], ["" 126.887"", "" 126.517"", ""  69.533""], ["" 127.301"", "" 127.044"", ""  67.879""], ["" 128.644"", "" 126.976"", ""  65.862""], ["" 128.394"", "" 126.496"", ""  67.167""], ["" 127.812"", "" 127.964"", ""  65.326""], ["" 129.250"", "" 125.461"", ""  67.755""], ["" 126.757"", "" 128.450"", ""  66.095""], ["" 129.926"", "" 124.644"", ""  68.216""], ["" 126.500"", "" 128.004"", ""  67.348""], ["" 129.795"", "" 126.458"", ""  65.002""], ["" 125.820"", "" 129.522"", ""  65.572""], ["" 128.647"", "" 125.526"", ""  71.528""], ["" 129.134"", "" 124.416"", ""  70.942""], ["" 128.438"", "" 125.623"", ""  72.740""], ["" 129.116"", "" 124.252"", ""  69.945""], ["" 129.172"", "" 123.227"", ""  71.670""], ["" 130.519"", "" 122.876"", ""  71.955""]]",[],1l_Grossjean_2025
17,11392,1m_Grossjean_2025,receptor_tmp,1,20,-5.79,-0.2757142857142857,0.0,0.0,1,190.22,-7.58,-6.69,-0.88,-7.58,0.0,-1.32,1.79,-1.32,35,7,0.0,0.0,0.0,5.332729,11.363982,14.613228,-0.3373672,0.84486177,-0.41520112,40.670395,"185.854736, 124.004105, 223.798691, 306.934448, 311.136505, 52.286854, ","[["" 128.451"", "" 125.609"", ""  71.217""], ["" 129.139"", "" 124.851"", ""  70.343""], ["" 128.360"", "" 125.337"", ""  72.416""], ["" 129.144"", "" 125.126"", ""  69.371""], ["" 127.769"", "" 126.849"", ""  70.624""], ["" 126.619"", "" 126.501"", ""  69.249""], ["" 127.456"", "" 126.873"", ""  67.723""], ["" 127.750"", "" 127.988"", ""  65.593""], ["" 126.979"", "" 127.797"", ""  66.762""], ["" 128.945"", "" 127.278"", ""  65.436""], ["" 125.750"", "" 128.567"", ""  66.968""], ["" 129.352"", "" 126.408"", ""  66.446""], ["" 124.779"", "" 129.175"", ""  67.130""], ["" 128.630"", "" 126.208"", ""  67.573""], ["" 127.332"", "" 128.948"", ""  64.481""], ["" 130.642"", "" 125.617"", ""  66.340""], ["" 129.884"", "" 123.625"", ""  70.671""], ["" 130.351"", "" 123.585"", ""  72.140""], ["" 130.990"", "" 124.501"", ""  72.668""], ["" 129.981"", "" 122.438"", ""  72.746""], ["" 130.940"", "" 121.635"", ""  73.420""]]",[],1m_Grossjean_2025
18,11241,1n_Grossjean_2025,receptor_tmp,1,9,-8.33,-0.2975,0.0,0.0,6,191.5,-10.72,-10.23,-0.48,-10.72,0.0,-0.74,2.39,-0.74,41,7,0.0,0.0,0.0,5.549599,10.284149,11.287677,0.32089411,-0.51095686,0.79746477,198.598938,"345.095978, 80.038673, 264.135681, 44.963413, 287.97348, 78.543236, 78.520248, 207.800293, ","[["" 129.247"", "" 126.316"", ""  67.173""], ["" 129.128"", "" 125.413"", ""  68.170""], ["" 129.455"", "" 127.520"", ""  67.322""], ["" 129.009"", "" 124.451"", ""  67.887""], ["" 129.112"", "" 125.755"", ""  65.751""], ["" 130.357"", "" 124.970"", ""  65.289""], ["" 130.130"", "" 123.167"", ""  65.222""], ["" 130.977"", "" 122.570"", ""  63.775""], ["" 132.822"", "" 122.428"", ""  62.213""], ["" 132.281"", "" 122.970"", ""  63.401""], ["" 132.063"", "" 121.517"", ""  61.469""], ["" 133.077"", "" 123.885"", ""  64.221""], ["" 130.796"", "" 121.160"", ""  61.926""], ["" 133.708"", "" 124.608"", ""  64.869""], ["" 130.257"", "" 121.670"", ""  63.058""], ["" 134.213"", "" 122.794"", ""  61.700""], ["" 129.931"", "" 120.170"", ""  61.171""], ["" 129.195"", "" 125.597"", ""  69.565""], ["" 128.633"", "" 126.779"", ""  70.049""], ["" 129.785"", "" 124.698"", ""  70.465""], ["" 128.641"", "" 127.059"", ""  71.412""], ["" 129.795"", "" 124.981"", ""  71.829""], ["" 129.221"", "" 126.160"", ""  72.320""], ["" 129.244"", "" 126.427"", ""  73.798""], ["" 130.230"", "" 126.876"", ""  74.390""], ["" 128.077"", "" 126.115"", ""  74.418""], ["" 127.143"", "" 127.125"", ""  74.778""], ["" 125.913"", "" 127.027"", ""  73.871""]]",[],1n_Grossjean_2025
19,11544,1o_Grossjean_2025,receptor_tmp,1,9,-8.18,-0.30296296296296293,0.0,0.0,11,186.56,-10.27,-9.77,-0.49,-10.27,0.0,-0.59,2.09,-0.59,38,7,0.0,0.0,0.0,4.209773,10.309164,11.071275,0.4496175,-0.65960232,0.60230298,99.375877,"356.193756, 12.845114, 270.852844, 132.800522, 109.125725, 87.239021, 216.524277, ","[["" 129.390"", "" 126.357"", ""  67.201""], ["" 129.084"", "" 125.490"", ""  68.192""], ["" 129.884"", "" 127.473"", ""  67.362""], ["" 128.747"", "" 124.584"", ""  67.900""], ["" 129.110"", "" 125.856"", ""  65.776""], ["" 130.291"", "" 125.081"", ""  65.159""], ["" 130.044"", "" 123.282"", ""  65.102""], ["" 130.937"", "" 122.633"", ""  63.704""], ["" 132.845"", "" 122.396"", ""  62.230""], ["" 132.268"", "" 122.987"", ""  63.378""], ["" 132.096"", "" 121.482"", ""  61.482""], ["" 133.057"", "" 123.901"", ""  64.207""], ["" 130.802"", "" 121.170"", ""  61.892""], ["" 133.682"", "" 124.624"", ""  64.860""], ["" 130.229"", "" 121.726"", ""  62.985""], ["" 134.266"", "" 122.711"", ""  61.768""], ["" 129.945"", "" 120.176"", ""  61.131""], ["" 129.192"", "" 125.642"", ""  69.588""], ["" 128.756"", "" 126.864"", ""  70.101""], ["" 129.713"", "" 124.677"", ""  70.463""], ["" 128.826"", "" 127.122"", ""  71.468""], ["" 129.783"", "" 124.937"", ""  71.829""], ["" 129.341"", "" 126.160"", ""  72.349""], ["" 129.434"", "" 126.405"", ""  73.827""], ["" 130.438"", "" 126.869"", ""  74.375""], ["" 128.305"", "" 126.063"", ""  74.501""], ["" 127.115"", "" 126.828"", ""  74.371""]]",[],1o_Grossjean_2025
20,11424,1p_Grossjean_2025,receptor_tmp,1,6,-7.6,-0.34545454545454546,0.0,0.0,5,191.75,-9.1,-8.68,-0.41,-9.1,0.0,-0.37,1.49,-0.37,29,6,0.0,0.0,0.0,5.072245,9.58745,12.93643,0.10116131,-0.98926025,0.10550137,109.989204,"341.305969, 303.872101, 109.240593, 141.54155, 305.218597, ","[["" 128.107"", "" 126.544"", ""  69.208""], ["" 126.480"", "" 126.389"", ""  68.415""], ["" 126.399"", "" 127.642"", ""  67.157""], ["" 127.260"", "" 128.944"", ""  65.305""], ["" 127.453"", "" 127.914"", ""  66.252""], ["" 126.045"", "" 129.639"", ""  65.287""], ["" 128.696"", "" 127.140"", ""  66.259""], ["" 125.053"", "" 129.289"", ""  66.201""], ["" 129.679"", "" 126.530"", ""  66.264""], ["" 125.217"", "" 128.307"", ""  67.118""], ["" 128.328"", "" 129.334"", ""  64.284""], ["" 123.710"", "" 129.996"", ""  66.222""], ["" 128.038"", "" 126.914"", ""  70.702""], ["" 128.574"", "" 125.816"", ""  71.632""], ["" 129.048"", "" 124.709"", ""  71.017""], ["" 128.536"", "" 125.982"", ""  72.853""], ["" 129.024"", "" 124.694"", ""  70.008""], ["" 129.583"", "" 123.577"", ""  71.619""], ["" 129.027"", "" 122.378"", ""  71.654""], ["" 130.813"", "" 123.574"", ""  72.277""], ["" 129.903"", "" 121.547"", ""  72.355""], ["" 130.976"", "" 122.284"", ""  72.725""]]",[],1p_Grossjean_2025
21,6813,1q_Grossjean_2025,receptor_tmp,1,20,-6.14,-0.27909090909090906,0.0,0.0,1,189.26,-8.23,-7.57,-0.66,-8.23,0.0,-0.79,2.09,-0.79,22,8,0.0,0.0,0.0,5.175555,12.038833,10.731832,-0.65086409,-0.73748298,-0.18026312,52.305717,"170.719955, 296.571533, 219.680969, 119.557961, 212.819061, 302.092834, 191.114594, ","[["" 129.095"", "" 126.616"", ""  68.762""], ["" 129.212"", "" 125.370"", ""  69.259""], ["" 129.546"", "" 127.613"", ""  69.329""], ["" 128.791"", "" 124.610"", ""  68.744""], ["" 128.369"", "" 126.737"", ""  67.414""], ["" 129.256"", "" 126.443"", ""  66.188""], ["" 130.344"", "" 125.003"", ""  66.405""], ["" 130.685"", "" 124.303"", ""  64.802""], ["" 132.095"", "" 123.587"", ""  62.967""], ["" 131.983"", "" 124.162"", ""  64.253""], ["" 130.938"", "" 123.198"", ""  62.287""], ["" 133.180"", "" 124.628"", ""  64.956""], ["" 129.699"", "" 123.399"", ""  62.891""], ["" 134.129"", "" 124.994"", ""  65.508""], ["" 129.566"", "" 123.945"", ""  64.122""], ["" 133.442"", "" 123.374"", ""  62.275""], ["" 128.405"", "" 123.008"", ""  62.200""], ["" 129.874"", "" 125.004"", ""  70.521""], ["" 128.911"", "" 124.362"", ""  71.542""], ["" 128.729"", "" 123.143"", ""  71.549""], ["" 128.345"", "" 125.247"", ""  72.399""], ["" 128.056"", "" 126.573"", ""  71.980""]]",[],1q_Grossjean_2025
22,7210,2a_Ghoteimi_2023,receptor_tmp,1,4,-10.4,-0.2122448979591837,0.0,0.0,6,191.37,-13.68,-13.16,-0.52,-13.68,0.0,-3.07,3.28,-3.07,72,4,0.0,0.0,0.0,3.382877,11.680516,7.413974,0.23406644,0.74805304,0.62099079,113.458496,"150.441681, 190.512161, 265.628845, 36.688801, 4.465609, 335.035095, 39.886436, 85.242973, 288.783661, 7.533081, 31.295246, ","[["" 126.251"", "" 131.856"", ""  62.019""], ["" 127.593"", "" 131.930"", ""  61.881""], ["" 125.438"", "" 131.929"", ""  61.096""], ["" 128.127"", "" 131.927"", ""  62.737""], ["" 125.751"", "" 131.712"", ""  63.462""], ["" 125.094"", "" 130.062"", ""  63.871""], ["" 126.518"", "" 129.027"", ""  64.117""], ["" 126.745"", "" 129.078"", ""  60.558""], ["" 127.000"", "" 128.845"", ""  61.663""], ["" 127.326"", "" 128.549"", ""  63.062""], ["" 128.439"", "" 127.737"", ""  63.392""], ["" 126.761"", "" 128.729"", ""  65.415""], ["" 128.671"", "" 127.443"", ""  64.743""], ["" 127.827"", "" 127.953"", ""  65.733""], ["" 129.383"", "" 127.164"", ""  62.386""], ["" 130.237"", "" 128.004"", ""  61.665""], ["" 129.412"", "" 125.792"", ""  62.123""], ["" 131.106"", "" 127.483"", ""  60.712""], ["" 130.282"", "" 125.270"", ""  61.170""], ["" 131.151"", "" 126.105"", ""  60.452""], ["" 132.003"", "" 125.563"", ""  59.485""], ["" 131.658"", "" 125.704"", ""  58.056""], ["" 132.689"", "" 124.274"", ""  59.700""], ["" 132.846"", "" 125.420"", ""  57.112""], ["" 133.848"", "" 124.023"", ""  58.713""], ["" 133.381"", "" 124.132"", ""  57.377""], ["" 128.039"", "" 127.674"", ""  67.186""], ["" 127.158"", "" 126.857"", ""  67.905""], ["" 129.122"", "" 128.238"", ""  67.870""], ["" 127.354"", "" 126.611"", ""  69.261""], ["" 129.317"", "" 127.994"", ""  69.226""], ["" 128.442"", "" 127.165"", ""  69.949""], ["" 128.610"", "" 126.933"", ""  71.318""], ["" 129.429"", "" 125.809"", ""  71.814""], ["" 127.489"", "" 127.183"", ""  72.248""], ["" 129.797"", "" 125.918"", ""  73.309""], ["" 127.914"", "" 127.249"", ""  73.730""], ["" 128.622"", "" 126.073"", ""  74.088""], ["" 128.374"", "" 132.044"", ""  60.716""], ["" 129.688"", "" 131.582"", ""  60.819""], ["" 127.923"", "" 132.563"", ""  59.493""], ["" 130.547"", "" 131.643"", ""  59.726""], ["" 128.784"", "" 132.625"", ""  58.400""], ["" 130.105"", "" 132.168"", ""  58.502""], ["" 131.005"", "" 132.252"", ""  57.302""], ["" 130.698"", "" 132.847"", ""  56.264""], ["" 132.185"", "" 131.603"", ""  57.471""], ["" 132.463"", "" 130.390"", ""  56.783""], ["" 132.082"", "" 129.203"", ""  57.671""]]",[],2a_Ghoteimi_2023
23,11657,2a_Grossjean_2025,receptor_tmp,1,14,-7.7,-0.25666666666666665,0.0,0.0,7,184.89,-10.08,-9.61,-0.48,-10.08,0.0,-0.95,2.39,-0.95,49,8,0.0,0.0,0.0,7.955367,7.86184,12.372076,-0.28239748,-0.41375925,-0.86547961,169.143982,"142.68367, 248.793503, 141.264267, 80.333115, 271.631348, 70.198441, 84.096024, 217.839828, ","[["" 129.761"", "" 125.928"", ""  67.015""], ["" 129.397"", "" 125.122"", ""  68.035""], ["" 130.148"", "" 127.091"", ""  67.126""], ["" 129.129"", "" 124.183"", ""  67.781""], ["" 129.665"", "" 125.307"", ""  65.617""], ["" 129.996"", "" 123.514"", ""  65.599""], ["" 130.636"", "" 123.034"", ""  63.999""], ["" 130.179"", "" 121.997"", ""  61.959""], ["" 131.475"", "" 122.213"", ""  61.501""], ["" 129.759"", "" 122.399"", ""  63.180""], ["" 132.397"", "" 122.875"", ""  62.328""], ["" 131.970"", "" 123.300"", ""  63.612""], ["" 132.892"", "" 123.993"", ""  64.518""], ["" 133.620"", "" 124.540"", ""  65.232""], ["" 129.150"", "" 121.271"", ""  61.113""], ["" 133.827"", "" 123.109"", ""  61.806""], ["" 134.641"", "" 122.156"", ""  62.260""], ["" 133.835"", "" 123.087"", ""  60.472""], ["" 134.331"", "" 124.284"", ""  62.191""], ["" 129.391"", "" 125.364"", ""  69.421""], ["" 128.864"", "" 126.594"", ""  69.817""], ["" 129.869"", "" 124.476"", ""  70.396""], ["" 128.796"", "" 126.933"", ""  71.165""], ["" 129.804"", "" 124.818"", ""  71.744""], ["" 129.264"", "" 126.046"", ""  72.146""], ["" 129.205"", "" 126.378"", ""  73.610""], ["" 130.132"", "" 126.915"", ""  74.222""], ["" 128.036"", "" 126.010"", ""  74.194""], ["" 127.094"", "" 126.983"", ""  74.630""], ["" 126.080"", "" 127.242"", ""  73.512""]]",[],2a_Grossjean_2025
24,11198,2aa_Ghoteimi_2023,receptor_tmp,1,2,-9.21,-0.1879591836734694,0.0,0.0,5,188.44,-12.49,-11.83,-0.66,-12.49,0.0,-3.6,3.28,-3.6,68,5,0.0,0.0,0.0,-0.247987,13.298019,5.308213,-0.00430916,-0.01085344,0.99993181,13.326255,"258.69754, 8.241177, 68.889221, 5.055257, 345.019989, 131.223434, 264.446564, 119.190025, 106.767288, 38.42881, 44.736847, ","[["" 126.765"", "" 130.687"", ""  61.144""], ["" 127.760"", "" 129.893"", ""  60.692""], ["" 126.846"", "" 131.908"", ""  61.295""], ["" 127.524"", "" 128.922"", ""  60.553""], ["" 125.453"", "" 129.953"", ""  61.452""], ["" 125.421"", "" 129.586"", ""  62.835""], ["" 126.474"", "" 128.875"", ""  63.393""], ["" 124.768"", "" 129.873"", ""  66.318""], ["" 125.560"", "" 129.368"", ""  65.642""], ["" 126.564"", "" 128.729"", ""  64.788""], ["" 127.637"", "" 127.983"", ""  65.328""], ["" 127.398"", "" 128.333"", ""  62.550""], ["" 128.579"", "" 127.447"", ""  64.441""], ["" 128.443"", "" 127.635"", ""  63.062""], ["" 127.823"", "" 127.726"", ""  66.788""], ["" 128.929"", "" 128.249"", ""  67.462""], ["" 126.912"", "" 126.939"", ""  67.499""], ["" 129.118"", "" 127.997"", ""  68.818""], ["" 127.102"", "" 126.687"", ""  68.855""], ["" 128.213"", "" 127.202"", ""  69.537""], ["" 128.381"", "" 126.939"", ""  70.900""], ["" 129.108"", "" 125.743"", ""  71.368""], ["" 127.275"", "" 127.238"", ""  71.831""], ["" 129.496"", "" 125.805"", ""  72.861""], ["" 127.710"", "" 127.262"", ""  73.311""], ["" 128.341"", "" 126.037"", ""  73.652""], ["" 129.414"", "" 127.066"", ""  62.077""], ["" 130.745"", "" 126.833"", ""  62.439""], ["" 129.023"", "" 126.756"", ""  60.769""], ["" 131.652"", "" 126.297"", ""  61.528""], ["" 129.928"", "" 126.218"", ""  59.859""], ["" 131.257"", "" 125.962"", ""  60.223""], ["" 132.159"", "" 125.435"", ""  59.292""], ["" 132.788"", "" 124.113"", ""  59.492""], ["" 131.939"", "" 125.666"", ""  57.849""], ["" 133.999"", "" 123.854"", ""  58.571""], ["" 133.175"", "" 125.362"", ""  56.976""], ["" 133.626"", "" 124.038"", ""  57.215""], ["" 129.081"", "" 130.221"", ""  60.328""], ["" 129.472"", "" 129.827"", ""  59.047""], ["" 130.001"", "" 130.880"", ""  61.156""], ["" 130.757"", "" 130.099"", ""  58.587""], ["" 131.287"", "" 131.147"", ""  60.695""], ["" 131.681"", "" 130.764"", ""  59.407""], ["" 133.077"", "" 131.068"", ""  58.943""], ["" 134.073"", "" 130.945"", ""  59.663""], ["" 133.132"", "" 131.504"", ""  57.658""], ["" 132.932"", "" 130.612"", ""  56.569""], ["" 133.979"", "" 129.494"", ""  56.630""]]",[],2aa_Ghoteimi_2023
25,11348,2b_Ghoteimi_2023,receptor_tmp,1,2,-10.09,-0.23465116279069767,0.0,0.0,11,191.59,-12.48,-11.92,-0.55,-12.48,0.0,-2.84,2.39,-2.84,49,7,0.0,0.0,0.0,4.355901,12.17062,8.716204,0.22755505,0.42698519,-0.87515847,205.64444,"258.531281, 5.843351, 191.421021, 307.616058, 43.366093, 324.054871, 351.987671, 149.802902, ","[["" 125.053"", "" 129.878"", ""  63.153""], ["" 126.385"", "" 128.966"", ""  63.902""], ["" 124.738"", "" 129.678"", ""  66.991""], ["" 125.517"", "" 129.269"", ""  66.240""], ["" 126.507"", "" 128.748"", ""  65.293""], ["" 127.621"", "" 128.001"", ""  65.753""], ["" 127.267"", "" 128.462"", ""  63.007""], ["" 128.537"", "" 127.520"", ""  64.810""], ["" 128.334"", "" 127.747"", ""  63.446""], ["" 127.874"", "" 127.688"", ""  67.191""], ["" 128.971"", "" 128.245"", ""  67.850""], ["" 127.030"", "" 126.823"", ""  67.893""], ["" 129.212"", "" 127.956"", ""  69.190""], ["" 127.274"", "" 126.531"", ""  69.232""], ["" 128.371"", "" 127.087"", ""  69.904""], ["" 128.584"", "" 126.793"", ""  71.251""], ["" 127.477"", "" 126.972"", ""  72.211""], ["" 129.414"", "" 125.644"", ""  71.666""], ["" 127.938"", "" 126.982"", ""  73.683""], ["" 129.831"", "" 125.697"", ""  73.150""], ["" 128.679"", "" 125.805"", ""  73.971""], ["" 129.267"", "" 127.230"", ""  62.397""], ["" 130.582"", "" 126.878"", ""  62.721""], ["" 128.850"", "" 127.068"", ""  61.070""], ["" 131.450"", "" 126.381"", ""  61.754""], ["" 129.718"", "" 126.573"", ""  60.101""], ["" 131.039"", "" 126.227"", ""  60.420""], ["" 131.891"", "" 125.700"", ""  59.443""], ["" 132.573"", "" 124.411"", ""  59.678""], ["" 131.602"", "" 125.856"", ""  58.003""], ["" 133.753"", "" 124.151"", ""  58.718""], ["" 132.809"", "" 125.552"", ""  57.091""], ["" 133.317"", "" 124.257"", ""  57.372""], ["" 125.698"", "" 131.515"", ""  62.695""], ["" 127.216"", "" 131.602"", ""  62.863""], ["" 127.942"", "" 131.282"", ""  61.770""], ["" 127.683"", "" 131.954"", ""  63.948""], ["" 127.434"", "" 130.995"", ""  60.946""], ["" 129.324"", "" 131.267"", ""  61.652""], ["" 130.159"", "" 132.139"", ""  62.192""], ["" 130.015"", "" 130.299"", ""  60.924""], ["" 131.446"", "" 131.744"", ""  61.820""], ["" 131.342"", "" 130.633"", ""  61.054""]]",[],2b_Ghoteimi_2023
26,6828,2b_Grossjean_2025,receptor_tmp,1,7,-7.58,-0.2613793103448276,0.0,0.0,12,187.1,-9.67,-9.22,-0.45,-9.67,0.0,-0.79,2.09,-0.79,48,8,0.0,0.0,0.0,4.2185,10.334113,11.162186,0.19256808,-0.88345504,0.42711207,33.165279,"143.282822, 249.862274, 136.406479, 249.429474, 106.775955, 87.609184, 231.329086, ","[["" 129.717"", "" 125.959"", ""  66.999""], ["" 129.429"", "" 125.130"", ""  68.025""], ["" 130.016"", "" 127.149"", ""  67.106""], ["" 129.125"", "" 124.202"", ""  67.772""], ["" 129.634"", "" 125.327"", ""  65.606""], ["" 130.009"", "" 123.543"", ""  65.605""], ["" 130.651"", "" 123.055"", ""  64.009""], ["" 130.194"", "" 122.014"", ""  61.971""], ["" 131.489"", "" 122.235"", ""  61.511""], ["" 129.775"", "" 122.417"", ""  63.192""], ["" 132.409"", "" 122.900"", ""  62.336""], ["" 131.985"", "" 123.322"", ""  63.622""], ["" 132.907"", "" 124.015"", ""  64.528""], ["" 133.634"", "" 124.562"", ""  65.242""], ["" 129.159"", "" 121.298"", ""  61.125""], ["" 133.837"", "" 123.140"", ""  61.810""], ["" 134.655"", "" 122.188"", ""  62.260""], ["" 133.844"", "" 123.121"", ""  60.476""], ["" 134.338"", "" 124.316"", ""  62.195""], ["" 129.424"", "" 125.382"", ""  69.410""], ["" 128.906"", "" 126.616"", ""  69.800""], ["" 129.877"", "" 124.485"", ""  70.388""], ["" 128.849"", "" 126.964"", ""  71.147""], ["" 129.819"", "" 124.834"", ""  71.735""], ["" 129.307"", "" 126.077"", ""  72.132""], ["" 129.259"", "" 126.418"", ""  73.593""], ["" 130.203"", "" 126.933"", ""  74.201""], ["" 128.075"", "" 126.106"", ""  74.178""], ["" 126.908"", "" 126.877"", ""  73.924""]]",[],2b_Grossjean_2025
27,11494,2c_Ghoteimi_2023,receptor_tmp,1,20,-9.65,-0.2244186046511628,0.0,0.0,12,191.35,-12.04,-11.49,-0.55,-12.04,0.0,-2.74,2.39,-2.74,56,5,0.0,0.0,0.0,4.732364,12.134082,7.991776,-0.21805435,-0.17878355,0.95942105,138.452713,"75.177948, 186.447372, 24.422859, 115.121239, 75.482574, 337.389008, 17.564333, 112.298309, ","[["" 125.400"", "" 130.013"", ""  62.617""], ["" 126.629"", "" 129.012"", ""  63.424""], ["" 124.910"", "" 129.864"", ""  66.435""], ["" 125.689"", "" 129.395"", ""  65.721""], ["" 126.678"", "" 128.795"", ""  64.819""], ["" 127.716"", "" 127.976"", ""  65.330""], ["" 127.511"", "" 128.442"", ""  62.568""], ["" 128.634"", "" 127.424"", ""  64.427""], ["" 128.507"", "" 127.659"", ""  63.055""], ["" 127.892"", "" 127.663"", ""  66.779""], ["" 126.946"", "" 126.885"", ""  67.450""], ["" 128.993"", "" 128.147"", ""  67.490""], ["" 127.105"", "" 126.585"", ""  68.800""], ["" 129.151"", "" 127.849"", ""  68.841""], ["" 128.208"", "" 127.066"", ""  69.522""], ["" 128.398"", "" 126.760"", ""  70.872""], ["" 127.348"", "" 127.115"", ""  71.847""], ["" 129.057"", "" 125.508"", ""  71.291""], ["" 127.839"", "" 127.081"", ""  73.310""], ["" 129.504"", "" 125.515"", ""  72.768""], ["" 128.398"", "" 125.810"", ""  73.607""], ["" 129.451"", "" 127.079"", ""  62.050""], ["" 129.006"", "" 126.728"", ""  60.772""], ["" 130.803"", "" 126.879"", ""  62.356""], ["" 129.881"", "" 126.192"", ""  59.830""], ["" 131.678"", "" 126.343"", ""  61.415""], ["" 131.234"", "" 125.977"", ""  60.136""], ["" 132.131"", "" 125.464"", ""  59.194""], ["" 132.750"", "" 124.140"", ""  59.412""], ["" 131.942"", "" 125.689"", ""  57.746""], ["" 133.981"", "" 123.878"", ""  58.519""], ["" 133.193"", "" 125.378"", ""  56.899""], ["" 133.638"", "" 124.055"", ""  57.155""], ["" 126.257"", "" 131.044"", ""  61.388""], ["" 127.697"", "" 131.351"", ""  61.800""], ["" 128.654"", "" 130.871"", ""  60.978""], ["" 127.906"", "" 132.003"", ""  62.825""], ["" 128.354"", "" 130.341"", ""  60.171""], ["" 130.026"", "" 130.998"", ""  61.137""], ["" 130.679"", "" 131.927"", ""  61.802""], ["" 131.025"", "" 129.797"", ""  60.385""], ["" 131.982"", "" 131.735"", ""  61.749""], ["" 132.412"", "" 130.627"", ""  61.026""]]",[],2c_Ghoteimi_2023
28,6707,2c_Grossjean_2025,receptor_tmp,1,3,-7.12,-0.2637037037037037,0.0,0.0,7,189.65,-8.9,-8.55,-0.35,-8.9,0.0,-0.61,1.79,-0.61,45,7,0.0,0.0,0.0,4.228026,7.705585,10.450782,-0.54721683,-0.1051729,0.83035679,132.354172,"141.282837, 239.11554, 114.408928, 16.847168, 183.51384, 216.061935, ","[["" 129.929"", "" 124.975"", ""  65.581""], ["" 130.137"", "" 123.172"", ""  65.374""], ["" 130.902"", "" 122.839"", ""  63.792""], ["" 130.660"", "" 121.849"", ""  61.694""], ["" 131.941"", "" 122.236"", ""  61.309""], ["" 130.142"", "" 122.145"", ""  62.906""], ["" 132.741"", "" 122.960"", ""  62.205""], ["" 132.213"", "" 123.273"", ""  63.483""], ["" 133.006"", "" 124.026"", ""  64.461""], ["" 133.631"", "" 124.621"", ""  65.231""], ["" 129.756"", "" 121.058"", ""  60.768""], ["" 134.156"", "" 123.382"", ""  61.764""], ["" 135.059"", "" 122.530"", ""  62.251""], ["" 134.239"", "" 123.387"", ""  60.433""], ["" 134.486"", "" 124.604"", ""  62.191""], ["" 129.268"", "" 125.418"", ""  66.895""], ["" 129.852"", "" 124.940"", ""  68.014""], ["" 128.262"", "" 126.130"", ""  66.878""], ["" 130.598"", "" 124.272"", ""  67.885""], ["" 129.506"", "" 125.181"", ""  69.357""], ["" 129.877"", "" 124.351"", ""  70.424""], ["" 128.709"", "" 126.301"", ""  69.600""], ["" 129.471"", "" 124.661"", ""  71.719""], ["" 128.305"", "" 126.607"", ""  70.896""], ["" 128.688"", "" 125.787"", ""  71.970""], ["" 128.336"", "" 126.013"", ""  73.287""], ["" 127.271"", "" 126.913"", ""  73.576""]]",[],2c_Grossjean_2025
29,11445,2d_Ghoteimi_2023,receptor_tmp,1,3,-9.08,-0.23894736842105263,0.0,0.0,5,191.51,-11.47,-10.94,-0.53,-11.47,0.0,-1.53,2.39,-1.53,61,6,0.0,0.0,0.0,4.394506,12.958599,8.119214,-0.02182785,-0.9588601,-0.28303861,195.054642,"44.861073, 288.569855, 1.152967, 80.475136, 251.257492, 197.110489, 333.025604, 130.381027, ","[["" 123.868"", "" 130.752"", ""  63.374""], ["" 125.482"", "" 130.164"", ""  63.845""], ["" 123.961"", "" 129.312"", ""  66.965""], ["" 124.764"", "" 129.433"", ""  66.140""], ["" 125.785"", "" 129.585"", ""  65.099""], ["" 127.116"", "" 129.156"", ""  65.330""], ["" 126.423"", "" 130.359"", ""  62.889""], ["" 128.061"", "" 129.339"", ""  64.312""], ["" 127.698"", "" 129.952"", ""  63.110""], ["" 127.582"", "" 128.519"", ""  66.598""], ["" 126.860"", "" 127.465"", ""  67.160""], ["" 128.756"", "" 128.943"", ""  67.227""], ["" 127.292"", "" 126.856"", ""  68.335""], ["" 129.188"", "" 128.336"", ""  68.403""], ["" 128.460"", "" 127.288"", ""  68.984""], ["" 128.919"", "" 126.684"", ""  70.157""], ["" 129.139"", "" 125.226"", ""  70.237""], ["" 128.435"", "" 127.179"", ""  71.460""], ["" 129.973"", "" 124.796"", ""  71.462""], ["" 129.290"", "" 126.701"", ""  72.653""], ["" 129.376"", "" 125.284"", ""  72.653""], ["" 128.676"", "" 130.183"", ""  62.004""], ["" 129.532"", "" 129.160"", ""  61.584""], ["" 128.766"", "" 131.425"", ""  61.363""], ["" 130.445"", "" 129.368"", ""  60.553""], ["" 129.677"", "" 131.633"", ""  60.331""], ["" 130.527"", "" 130.606"", ""  59.898""], ["" 131.452"", "" 130.838"", ""  58.873""], ["" 132.456"", "" 129.824"", ""  58.494""], ["" 131.040"", "" 131.599"", ""  57.675""], ["" 133.603"", "" 130.383"", ""  57.628""], ["" 132.226"", "" 132.105"", ""  56.827""], ["" 133.073"", "" 131.023"", ""  56.478""], ["" 123.824"", "" 130.910"", ""  61.556""], ["" 123.939"", "" 132.379"", ""  61.122""], ["" 123.842"", "" 133.326"", ""  61.908""], ["" 124.150"", "" 132.483"", ""  59.794""], ["" 123.898"", "" 131.381"", ""  58.935""]]",[],2d_Ghoteimi_2023
30,6757,2d_Grossjean_2025,receptor_tmp,1,19,-6.43,-0.2572,0.0,0.0,1,188.72,-7.92,-7.91,-0.01,-7.92,0.0,-0.67,1.49,-0.67,39,6,0.0,0.0,0.0,8.386769,8.021825,7.383166,-0.46551193,-0.69917861,-0.54263055,150.126556,"132.762817, 121.622963, 332.171021, 135.409088, 224.827454, ","[["" 130.064"", "" 123.337"", ""  65.359""], ["" 130.746"", "" 122.834"", ""  63.790""], ["" 130.275"", "" 121.727"", ""  61.796""], ["" 131.571"", "" 121.922"", ""  61.326""], ["" 129.860"", "" 122.177"", ""  63.003""], ["" 132.495"", "" 122.620"", ""  62.118""], ["" 132.075"", "" 123.101"", ""  63.384""], ["" 132.988"", "" 123.876"", ""  64.229""], ["" 133.709"", "" 124.489"", ""  64.894""], ["" 129.236"", "" 120.984"", ""  60.978""], ["" 133.921"", "" 122.834"", ""  61.576""], ["" 134.784"", "" 122.071"", ""  62.248""], ["" 133.974"", "" 122.508"", ""  60.283""], ["" 134.332"", "" 124.098"", ""  61.687""], ["" 130.079"", "" 125.158"", ""  65.447""], ["" 129.445"", "" 125.701"", ""  66.731""], ["" 129.851"", "" 125.112"", ""  67.876""], ["" 128.646"", "" 126.635"", ""  66.656""], ["" 130.580"", "" 124.419"", ""  67.789""], ["" 129.456"", "" 125.379"", ""  69.200""], ["" 129.874"", "" 124.456"", ""  70.162""], ["" 128.665"", "" 126.474"", ""  69.586""], ["" 129.528"", "" 124.630"", ""  71.499""], ["" 128.320"", "" 126.645"", ""  70.923""], ["" 128.754"", "" 125.725"", ""  71.875""]]",[],2d_Grossjean_2025
31,11452,2e_Grossjean_2025,receptor_tmp,1,5,-6.44,-0.2476923076923077,0.0,0.0,1,192.55,-7.94,-7.62,-0.31,-7.94,0.0,-0.6,1.49,-0.6,38,5,0.0,0.0,0.0,5.137906,12.566939,11.938128,0.50278723,0.14073077,0.8528774,199.490356,"250.069489, 333.978577, 337.626099, 344.557343, 80.229286, ","[["" 126.939"", "" 126.476"", ""  69.252""], ["" 127.643"", "" 126.845"", ""  67.660""], ["" 129.445"", "" 126.477"", ""  66.234""], ["" 128.935"", "" 127.364"", ""  65.286""], ["" 128.818"", "" 126.219"", ""  67.404""], ["" 127.725"", "" 128.026"", ""  65.541""], ["" 127.053"", "" 127.762"", ""  66.761""], ["" 125.800"", "" 128.444"", ""  67.099""], ["" 124.811"", "" 128.984"", ""  67.366""], ["" 130.753"", "" 125.744"", ""  66.011""], ["" 127.185"", "" 129.019"", ""  64.494""], ["" 127.878"", "" 128.911"", ""  63.360""], ["" 125.901"", "" 128.763"", ""  64.243""], ["" 127.271"", "" 130.289"", ""  64.897""], ["" 128.344"", "" 126.448"", ""  70.411""], ["" 128.085"", "" 127.308"", ""  71.651""], ["" 126.985"", "" 126.990"", ""  72.368""], ["" 128.848"", "" 128.242"", ""  71.905""], ["" 126.507"", "" 126.137"", ""  72.117""], ["" 126.439"", "" 127.673"", ""  73.468""], ["" 127.068"", "" 128.750"", ""  74.025""], ["" 125.191"", "" 127.234"", ""  73.925""], ["" 126.464"", "" 129.393"", ""  75.058""], ["" 124.584"", "" 127.905"", ""  74.989""], ["" 125.224"", "" 129.001"", ""  75.569""], ["" 127.218"", "" 130.581"", ""  75.625""]]",[],2e_Grossjean_2025
32,11401,2f_Grossjean_2025,receptor_tmp,1,2,-5.91,-0.2364,0.0,0.0,5,190.91,-7.4,-7.07,-0.33,-7.4,0.0,-1.37,1.49,-1.37,46,5,0.0,0.0,0.0,4.488279,10.093047,12.256212,0.66782676,0.42332402,0.61221254,225.977493,"221.521561, 248.049927, 295.808777, 81.060722, 1.521807, ","[["" 129.123"", "" 128.131"", ""  68.860""], ["" 128.942"", "" 128.003"", ""  67.092""], ["" 128.344"", "" 129.175"", ""  65.170""], ["" 128.586"", "" 128.068"", ""  64.361""], ["" 128.511"", "" 129.149"", ""  66.512""], ["" 129.011"", "" 126.865"", ""  64.946""], ["" 129.187"", "" 126.820"", ""  66.353""], ["" 129.573"", "" 125.573"", ""  67.017""], ["" 129.880"", "" 124.587"", ""  67.541""], ["" 127.876"", "" 130.497"", ""  64.590""], ["" 129.262"", "" 125.648"", ""  64.036""], ["" 128.695"", "" 125.843"", ""  62.843""], ["" 130.572"", "" 125.468"", ""  63.867""], ["" 128.761"", "" 124.516"", ""  64.535""], ["" 127.984"", "" 126.934"", ""  69.634""], ["" 128.571"", "" 126.144"", ""  70.813""], ["" 129.048"", "" 124.923"", ""  70.488""], ["" 128.600"", "" 126.633"", ""  71.944""], ["" 129.012"", "" 124.677"", ""  69.509""], ["" 129.636"", "" 123.944"", ""  71.310""], ["" 129.078"", "" 122.662"", ""  71.265""], ["" 130.722"", "" 124.154"", ""  72.181""], ["" 129.539"", "" 121.620"", ""  72.004""], ["" 131.207"", "" 123.093"", ""  72.948""], ["" 130.592"", "" 121.847"", ""  72.829""]]",[],2f_Grossjean_2025
33,11930,2g_Grossjean_2025,receptor_tmp,1,12,-5.67,-0.21807692307692308,0.0,0.0,1,189.68,-7.46,-7.07,-0.39,-7.46,0.0,-1.76,1.79,-1.76,42,6,0.0,0.0,0.0,8.504055,9.935791,9.675462,0.80478353,-0.51860852,-0.28873635,90.765747,"212.630051, 204.959763, 165.837875, 340.242462, 234.688202, 154.183197, ","[["" 130.670"", "" 125.232"", ""  66.381""], ["" 129.645"", "" 126.464"", ""  65.606""], ["" 128.679"", "" 127.121"", ""  63.591""], ["" 128.073"", "" 128.225"", ""  64.186""], ["" 129.455"", "" 126.254"", ""  64.280""], ["" 128.278"", "" 128.472"", ""  65.552""], ["" 129.095"", "" 127.577"", ""  66.288""], ["" 129.388"", "" 127.820"", ""  67.704""], ["" 129.618"", "" 128.013"", ""  68.821""], ["" 128.497"", "" 126.813"", ""  62.117""], ["" 127.607"", "" 129.704"", ""  66.190""], ["" 127.352"", "" 130.626"", ""  65.260""], ["" 126.460"", "" 129.345"", ""  66.768""], ["" 128.366"", "" 130.280"", ""  67.125""], ["" 132.405"", "" 125.627"", ""  65.974""], ["" 132.860"", "" 125.159"", ""  64.585""], ["" 132.251"", "" 125.758"", ""  63.545""], ["" 133.730"", "" 124.296"", ""  64.451""], ["" 131.530"", "" 126.438"", ""  63.736""], ["" 132.509"", "" 125.475"", ""  62.132""], ["" 132.480"", "" 123.993"", ""  61.772""], ["" 133.645"", "" 123.364"", ""  61.321""], ["" 131.309"", "" 123.252"", ""  61.951""], ["" 133.630"", "" 122.002"", ""  61.028""], ["" 131.295"", "" 121.892"", ""  61.657""], ["" 132.456"", "" 121.273"", ""  61.196""]]",[],2g_Grossjean_2025
34,6719,2h_Grossjean_2025,receptor_tmp,1,10,-6.79,-0.2121875,0.0,0.0,4,193.2,-9.48,-8.47,-1.01,-9.48,0.0,-1.25,2.68,-1.25,50,9,0.0,0.0,0.0,8.288341,9.219823,13.328294,-0.07330462,0.93888436,-0.33633702,216.612762,"12.785371, 148.628494, 45.729366, 148.902161, 198.15918, 5.366253, 265.324371, 327.667786, 9.839009, ","[["" 129.499"", "" 126.889"", ""  68.122""], ["" 128.683"", "" 125.967"", ""  68.661""], ["" 129.659"", "" 128.013"", ""  68.602""], ["" 128.628"", "" 125.056"", ""  68.227""], ["" 130.243"", "" 126.453"", ""  66.852""], ["" 130.235"", "" 124.657"", ""  66.532""], ["" 130.640"", "" 124.440"", ""  64.812""], ["" 129.748"", "" 124.140"", ""  62.682""], ["" 131.017"", "" 124.063"", ""  62.110""], ["" 129.555"", "" 124.328"", ""  64.006""], ["" 132.151"", "" 124.197"", ""  62.925""], ["" 131.965"", "" 124.402"", ""  64.317""], ["" 133.115"", "" 124.607"", ""  65.201""], ["" 134.024"", "" 124.771"", ""  65.897""], ["" 128.490"", "" 124.016"", ""  61.843""], ["" 133.545"", "" 124.118"", ""  62.274""], ["" 134.135"", "" 122.968"", ""  62.600""], ["" 133.496"", "" 124.179"", ""  60.941""], ["" 134.306"", "" 125.129"", ""  62.695""], ["" 127.958"", "" 126.124"", ""  69.923""], ["" 128.869"", "" 126.324"", ""  71.132""], ["" 129.241"", "" 125.241"", ""  71.943""], ["" 129.336"", "" 127.603"", ""  71.439""], ["" 130.111"", "" 125.444"", ""  73.028""], ["" 130.183"", "" 127.805"", ""  72.526""], ["" 130.582"", "" 126.727"", ""  73.332""], ["" 128.783"", "" 123.978"", ""  71.650""], ["" 129.682"", "" 123.194"", ""  70.876""], ["" 130.492"", "" 124.382"", ""  73.814""], ["" 131.652"", "" 123.704"", ""  73.351""], ["" 131.426"", "" 126.849"", ""  74.422""], ["" 132.820"", "" 126.617"", ""  74.255""]]",[],2h_Grossjean_2025
35,6954,2i_Grossjean_2025,receptor_tmp,1,16,-6.7,-0.2791666666666667,0.0,0.0,10,190.28,-8.19,-7.69,-0.5,-8.19,0.0,-1.36,1.49,-1.36,45,9,0.0,0.0,0.0,4.982378,11.44487,12.975585,-0.79972967,0.28756347,-0.52701016,203.851974,"222.750641, 116.243019, 278.187469, 163.922165, 318.434174, ","[["" 129.055"", "" 127.834"", ""  69.630""], ["" 128.910"", "" 127.927"", ""  67.852""], ["" 128.404"", "" 129.280"", ""  66.021""], ["" 128.629"", "" 128.238"", ""  65.126""], ["" 128.539"", "" 129.136"", ""  67.358""], ["" 129.013"", "" 126.981"", ""  65.615""], ["" 129.160"", "" 126.815"", ""  67.016""], ["" 129.562"", "" 125.522"", ""  67.581""], ["" 129.878"", "" 124.503"", ""  68.028""], ["" 127.989"", "" 130.661"", ""  65.546""], ["" 129.257"", "" 125.838"", ""  64.611""], ["" 128.695"", "" 126.134"", ""  63.438""], ["" 130.566"", "" 125.658"", ""  64.431""], ["" 128.745"", "" 124.674"", ""  65.019""], ["" 127.837"", "" 126.627"", ""  70.234""], ["" 128.434"", "" 125.670"", ""  71.268""], ["" 129.072"", "" 124.589"", ""  70.770""], ["" 128.326"", "" 125.939"", ""  72.466""], ["" 129.129"", "" 124.499"", ""  69.766""], ["" 129.704"", "" 123.594"", ""  71.496""], ["" 129.106"", "" 122.430"", ""  71.629""], ["" 130.935"", "" 123.609"", ""  72.168""], ["" 129.953"", "" 121.627"", ""  72.396""], ["" 131.052"", "" 122.352"", ""  72.714""]]",[],2i_Grossjean_2025
36,12140,2j_Grossjean_2025,receptor_tmp,1,3,-6.14,-0.2558333333333333,0.0,0.0,7,189.81,-7.63,-7.14,-0.49,-7.63,0.0,-1.17,1.49,-1.17,47,8,0.0,0.0,0.0,4.916184,10.707298,13.084229,0.80202265,-0.21196687,0.55841715,165.421875,"214.528046, 123.389648, 112.069832, 101.802757, 321.279694, ","[["" 128.894"", "" 127.694"", ""  69.823""], ["" 128.827"", "" 127.711"", ""  68.037""], ["" 128.373"", "" 128.970"", ""  66.129""], ["" 128.676"", "" 127.900"", ""  65.291""], ["" 128.446"", "" 128.886"", ""  67.476""], ["" 129.074"", "" 126.676"", ""  65.851""], ["" 129.153"", "" 126.572"", ""  67.262""], ["" 129.563"", "" 125.318"", ""  67.901""], ["" 129.888"", "" 124.327"", ""  68.405""], ["" 127.941"", "" 130.315"", ""  65.575""], ["" 129.405"", "" 125.503"", ""  64.909""], ["" 128.754"", "" 125.647"", ""  63.755""], ["" 130.716"", "" 125.469"", ""  64.666""], ["" 129.061"", "" 124.319"", ""  65.420""], ["" 127.841"", "" 126.330"", ""  70.425""], ["" 128.474"", "" 125.464"", ""  71.524""], ["" 129.173"", "" 124.398"", ""  71.073""], ["" 128.339"", "" 125.758"", ""  72.714""], ["" 129.224"", "" 124.263"", ""  70.074""], ["" 129.840"", "" 123.456"", ""  71.845""], ["" 129.550"", "" 122.182"", ""  71.992""], ["" 131.229"", "" 123.997"", ""  72.732""], ["" 130.400"", "" 121.580"", ""  72.801""], ["" 131.411"", "" 122.375"", ""  73.332""]]",[],2j_Grossjean_2025
37,12018,2k_Grossjean_2025,receptor_tmp,1,6,-4.71,-0.16241379310344828,0.0,0.0,1,190.04,-8.59,-8.2,-0.39,-8.59,0.0,-2.12,3.88,-2.12,35,8,0.0,0.0,0.0,2.592189,11.443403,2.355599,-0.36059005,-0.28204563,0.88905854,113.209648,"130.690613, 260.013123, 167.485657, 207.485626, 347.808807, 196.138779, 297.725037, 345.91687, 258.206635, 269.131805, 225.592667, 298.359894, 24.940317, ","[["" 125.775"", "" 131.587"", ""  62.106""], ["" 125.561"", "" 130.065"", ""  62.207""], ["" 125.790"", "" 129.544"", ""  63.557""], ["" 124.956"", "" 129.689"", ""  64.605""], ["" 123.869"", "" 130.266"", ""  64.531""], ["" 126.655"", "" 129.044"", ""  63.700""], ["" 125.450"", "" 129.103"", ""  65.935""], ["" 127.179"", "" 129.500"", ""  66.372""], ["" 128.072"", "" 127.985"", ""  66.695""], ["" 128.451"", "" 127.971"", ""  63.152""], ["" 128.539"", "" 127.639"", ""  64.257""], ["" 128.649"", "" 127.216"", ""  65.657""], ["" 129.337"", "" 126.026"", ""  66.005""], ["" 128.154"", "" 127.617"", ""  68.000""], ["" 129.415"", "" 125.669"", ""  67.360""], ["" 128.819"", "" 126.484"", ""  68.318""], ["" 128.875"", "" 126.148"", ""  69.795""], ["" 129.998"", "" 125.109"", ""  64.958""], ["" 129.186"", "" 124.817"", ""  63.940""], ["" 131.080"", "" 125.703"", ""  64.450""], ["" 130.363"", "" 123.958"", ""  65.523""], ["" 126.547"", "" 131.868"", ""  60.948""], ["" 127.028"", "" 133.199"", ""  60.851""], ["" 128.543"", "" 133.136"", ""  60.622""], ["" 129.175"", "" 132.854"", ""  61.864""], ["" 129.406"", "" 131.473"", ""  62.101""], ["" 130.572"", "" 131.003"", ""  61.221""], ["" 131.641"", "" 131.937"", ""  61.301""], ["" 132.831"", "" 131.389"", ""  61.845""]]",[],2k_Grossjean_2025
38,11455,3aa_Grossjean_2025,receptor_tmp,1,1,-8.45,-0.2414285714285714,0.0,0.0,6,188.72,-11.14,-10.67,-0.47,-11.14,0.0,-1.23,2.68,-1.23,46,6,0.0,0.0,0.0,4.771753,8.903476,9.691519,0.97058224,0.2280611,-0.0771897,251.876968,"256.621521, 337.781464, 49.762054, 30.373829, 223.270874, 287.134613, 80.783974, 271.722687, 40.416771, ","[["" 129.265"", "" 126.432"", ""  67.253""], ["" 129.109"", "" 125.588"", ""  68.296""], ["" 129.413"", "" 127.652"", ""  67.338""], ["" 128.924"", "" 124.623"", ""  68.064""], ["" 129.237"", "" 125.782"", ""  65.870""], ["" 130.146"", "" 124.208"", ""  65.845""], ["" 130.764"", "" 123.989"", ""  64.191""], ["" 133.979"", "" 124.360"", ""  65.688""], ["" 133.165"", "" 124.214"", ""  64.877""], ["" 132.134"", "" 124.028"", ""  63.852""], ["" 132.488"", "" 123.849"", ""  62.492""], ["" 131.464"", "" 123.619"", ""  61.560""], ["" 129.794"", "" 123.748"", ""  63.276""], ["" 130.130"", "" 123.560"", ""  61.974""], ["" 133.946"", "" 123.894"", ""  61.998""], ["" 134.608"", "" 122.759"", ""  62.233""], ["" 133.980"", "" 124.110"", ""  60.683""], ["" 134.603"", "" 124.878"", ""  62.614""], ["" 128.999"", "" 123.314"", ""  61.020""], ["" 129.253"", "" 123.025"", ""  59.670""], ["" 127.662"", "" 123.360"", ""  61.450""], ["" 128.208"", "" 122.795"", ""  58.779""], ["" 126.615"", "" 123.133"", ""  60.561""], ["" 126.893"", "" 122.851"", ""  59.227""], ["" 129.103"", "" 125.860"", ""  69.679""], ["" 129.558"", "" 124.831"", ""  70.506""], ["" 128.695"", "" 127.074"", ""  70.253""], ["" 129.588"", "" 124.998"", ""  71.888""], ["" 128.728"", "" 127.238"", ""  71.634""], ["" 129.169"", "" 126.203"", ""  72.469""], ["" 129.183"", "" 126.417"", ""  73.956""], ["" 130.156"", "" 126.870"", ""  74.566""], ["" 128.015"", "" 126.076"", ""  74.559""], ["" 127.047"", "" 127.064"", ""  74.890""], ["" 125.870"", "" 126.974"", ""  73.913""]]",[],3aa_Grossjean_2025
39,6778,3ab_Grossjean_2025,receptor_tmp,1,11,-8.21,-0.24147058823529413,0.0,0.0,2,188.51,-10.6,-10.03,-0.56,-10.6,0.0,-1.09,2.39,-1.09,47,6,0.0,0.0,0.0,4.353952,8.343946,9.94611,-0.99387073,-0.10853209,-0.02101785,123.11676,"137.641205, 24.685995, 48.164597, 351.451019, 220.989334, 105.016914, 96.235909, 39.275677, ","[["" 129.403"", "" 126.566"", ""  67.193""], ["" 129.147"", "" 125.724"", ""  68.216""], ["" 129.667"", "" 127.763"", ""  67.301""], ["" 128.895"", "" 124.780"", ""  67.962""], ["" 129.348"", "" 125.938"", ""  65.798""], ["" 130.082"", "" 124.276"", ""  65.766""], ["" 130.714"", "" 124.003"", ""  64.124""], ["" 133.931"", "" 124.295"", ""  65.641""], ["" 133.117"", "" 124.159"", ""  64.829""], ["" 132.089"", "" 123.986"", ""  63.799""], ["" 132.448"", "" 123.755"", ""  62.448""], ["" 131.428"", "" 123.541"", ""  61.510""], ["" 129.747"", "" 123.775"", ""  63.203""], ["" 130.086"", "" 123.556"", ""  61.906""], ["" 133.914"", "" 123.726"", ""  61.972""], ["" 134.665"", "" 124.666"", ""  62.550""], ["" 134.465"", "" 122.545"", ""  62.254""], ["" 133.967"", "" 123.923"", ""  60.654""], ["" 128.957"", "" 123.314"", ""  60.949""], ["" 129.207"", "" 123.068"", ""  59.590""], ["" 127.620"", "" 123.332"", ""  61.383""], ["" 128.163"", "" 122.842"", ""  58.697""], ["" 126.573"", "" 123.107"", ""  60.494""], ["" 126.848"", "" 122.861"", ""  59.154""], ["" 129.129"", "" 125.966"", ""  69.603""], ["" 128.762"", "" 127.182"", ""  70.202""], ["" 129.522"", "" 124.899"", ""  70.411""], ["" 128.786"", "" 127.313"", ""  71.587""], ["" 129.544"", "" 125.031"", ""  71.796""], ["" 129.176"", "" 126.239"", ""  72.402""], ["" 129.213"", "" 126.350"", ""  73.899""], ["" 130.164"", "" 126.836"", ""  74.519""], ["" 128.100"", "" 125.859"", ""  74.501""], ["" 126.876"", "" 126.580"", ""  74.475""]]",[],3ab_Grossjean_2025
40,11790,3ac_Grossjean_2025,receptor_tmp,1,4,-7.85,-0.2453125,0.0,0.0,2,187.87,-9.94,-9.5,-0.44,-9.94,0.0,-1.02,2.09,-1.02,43,7,0.0,0.0,0.0,4.536975,7.834122,9.687446,0.09399702,0.45543171,-0.88529459,210.893539,"254.754822, 205.836823, 49.907276, 61.495083, 189.208511, 217.843903, 71.36808, ","[["" 129.591"", "" 125.937"", ""  65.982""], ["" 130.100"", "" 124.204"", ""  65.760""], ["" 130.740"", "" 124.003"", ""  64.108""], ["" 133.969"", "" 124.252"", ""  65.613""], ["" 133.150"", "" 124.149"", ""  64.802""], ["" 132.114"", "" 124.017"", ""  63.775""], ["" 132.468"", "" 123.851"", ""  62.413""], ["" 131.445"", "" 123.653"", ""  61.474""], ["" 129.772"", "" 123.789"", ""  63.184""], ["" 130.107"", "" 123.624"", ""  61.878""], ["" 133.929"", "" 123.870"", ""  61.924""], ["" 134.566"", "" 122.719"", ""  62.148""], ["" 133.974"", "" 124.098"", ""  60.610""], ["" 134.604"", "" 124.834"", ""  62.552""], ["" 128.978"", "" 123.385"", ""  60.922""], ["" 127.647"", "" 123.364"", ""  61.372""], ["" 129.216"", "" 123.173"", ""  59.553""], ["" 126.594"", "" 123.148"", ""  60.488""], ["" 128.165"", "" 122.957"", ""  58.666""], ["" 126.857"", "" 122.947"", ""  59.137""], ["" 129.574"", "" 126.350"", ""  67.453""], ["" 129.223"", "" 125.382"", ""  68.327""], ["" 129.875"", "" 127.506"", ""  67.756""], ["" 129.095"", "" 124.457"", ""  67.943""], ["" 129.071"", "" 125.459"", ""  69.723""], ["" 128.196"", "" 126.439"", ""  70.194""], ["" 129.761"", "" 124.652"", ""  70.641""], ["" 127.996"", "" 126.604"", ""  71.561""], ["" 129.559"", "" 124.820"", ""  72.009""], ["" 128.672"", "" 125.801"", ""  72.479""], ["" 128.413"", "" 126.040"", ""  73.815""], ["" 127.342"", "" 126.909"", ""  74.172""]]",[],3ac_Grossjean_2025
41,6742,3ad_Grossjean_2025,receptor_tmp,1,16,-7.21,-0.24033333333333334,0.0,0.0,4,187.87,-9.0,-8.79,-0.21,-9.0,0.0,-1.6,1.79,-1.6,45,1,0.0,0.0,0.0,5.670492,9.347581,7.329703,0.45218223,0.61855602,-0.64258827,170.838226,"214.346146, 137.031128, 182.431412, 354.402832, 100.497765, 143.49826, ","[["" 129.543"", "" 125.836"", ""  61.769""], ["" 130.315"", "" 125.650"", ""  63.361""], ["" 133.163"", "" 124.563"", ""  61.504""], ["" 132.493"", "" 124.853"", ""  62.403""], ["" 131.648"", "" 125.219"", ""  63.544""], ["" 132.136"", "" 125.115"", ""  64.869""], ["" 131.272"", "" 125.434"", ""  65.928""], ["" 129.494"", "" 125.932"", ""  64.399""], ["" 129.958"", "" 125.840"", ""  65.671""], ["" 133.573"", "" 124.663"", ""  65.194""], ["" 134.456"", "" 125.035"", ""  64.265""], ["" 133.964"", "" 125.193"", ""  66.355""], ["" 133.626"", "" 123.334"", ""  65.286""], ["" 128.989"", "" 126.177"", ""  66.765""], ["" 127.816"", "" 126.898"", ""  66.487""], ["" 129.224"", "" 125.779"", ""  68.091""], ["" 126.912"", "" 127.213"", ""  67.497""], ["" 128.322"", "" 126.093"", ""  69.105""], ["" 127.169"", "" 126.810"", ""  68.804""], ["" 128.075"", "" 124.763"", ""  61.753""], ["" 128.442"", "" 123.284"", ""  61.617""], ["" 129.761"", "" 123.023"", ""  61.496""], ["" 127.544"", "" 122.442"", ""  61.626""], ["" 130.379"", "" 123.819"", ""  61.561""], ["" 130.426"", "" 121.792"", ""  61.342""], ["" 131.823"", "" 121.855"", ""  61.335""], ["" 129.787"", "" 120.550"", ""  61.184""], ["" 132.578"", "" 120.695"", ""  61.184""], ["" 130.546"", "" 119.392"", ""  61.034""], ["" 131.936"", "" 119.469"", ""  61.036""]]",[],3ad_Grossjean_2025
42,11360,3af_Grossjean_2025,receptor_tmp,1,10,-7.56,-0.252,0.0,0.0,1,187.55,-9.35,-8.99,-0.36,-9.35,0.0,-1.12,1.79,-1.12,44,5,0.0,0.0,0.0,5.909393,9.730715,11.560172,-0.61000368,-0.0251525,-0.79199928,164.095169,"245.186111, 229.507782, 323.732086, 338.631317, 264.87561, 19.332314, ","[["" 127.501"", "" 126.199"", ""  68.741""], ["" 128.131"", "" 126.570"", ""  67.117""], ["" 125.588"", "" 129.071"", ""  67.012""], ["" 126.488"", "" 128.418"", ""  66.690""], ["" 127.628"", "" 127.593"", ""  66.281""], ["" 128.233"", "" 127.773"", ""  65.014""], ["" 129.286"", "" 126.922"", ""  64.646""], ["" 129.135"", "" 125.745"", ""  66.729""], ["" 129.720"", "" 125.917"", ""  65.517""], ["" 127.777"", "" 128.861"", ""  64.021""], ["" 127.950"", "" 130.098"", ""  64.492""], ["" 128.472"", "" 128.761"", ""  62.887""], ["" 126.480"", "" 128.717"", ""  63.748""], ["" 130.827"", "" 124.969"", ""  65.167""], ["" 130.546"", "" 123.645"", ""  64.793""], ["" 132.171"", "" 125.378"", ""  65.197""], ["" 131.570"", "" 122.760"", ""  64.465""], ["" 133.198"", "" 124.496"", ""  64.870""], ["" 132.892"", "" 123.189"", ""  64.506""], ["" 128.380"", "" 127.248"", ""  69.938""], ["" 129.128"", "" 126.418"", ""  70.980""], ["" 129.099"", "" 125.082"", ""  70.785""], ["" 129.704"", "" 126.993"", ""  71.904""], ["" 128.577"", "" 124.761"", ""  69.984""], ["" 129.685"", "" 124.050"", ""  71.544""], ["" 129.119"", "" 122.777"", ""  71.417""], ["" 130.785"", "" 124.191"", ""  72.410""], ["" 129.576"", "" 121.686"", ""  72.082""], ["" 131.267"", "" 123.078"", ""  73.102""], ["" 130.637"", "" 121.848"", ""  72.910""]]",[],3af_Grossjean_2025
43,11708,3ag_Grossjean_2025,receptor_tmp,1,10,-7.01,-0.22612903225806452,0.0,0.0,2,190.13,-9.1,-8.88,-0.21,-9.1,0.0,-1.96,2.09,-1.96,34,6,0.0,0.0,0.0,3.138314,11.597407,10.55187,0.52081122,0.85080251,-0.06993407,209.095169,"247.119812, 212.476776, 152.094757, 326.485321, 345.868042, 144.365143, 100.795601, ","[["" 127.253"", "" 129.505"", ""  66.192""], ["" 128.086"", "" 127.956"", ""  66.464""], ["" 128.388"", "" 127.844"", ""  62.909""], ["" 128.492"", "" 127.543"", ""  64.022""], ["" 128.626"", "" 127.159"", ""  65.430""], ["" 129.275"", "" 125.953"", ""  65.793""], ["" 129.330"", "" 125.603"", ""  67.151""], ["" 128.134"", "" 127.589"", ""  67.767""], ["" 128.744"", "" 126.427"", ""  68.118""], ["" 129.922"", "" 125.013"", ""  64.758""], ["" 130.959"", "" 125.570"", ""  64.129""], ["" 130.364"", "" 123.909"", ""  65.362""], ["" 129.030"", "" 124.669"", ""  63.828""], ["" 128.771"", "" 126.102"", ""  69.580""], ["" 128.071"", "" 126.893"", ""  70.504""], ["" 129.499"", "" 125.001"", ""  70.067""], ["" 128.092"", "" 126.596"", ""  71.864""], ["" 129.521"", "" 124.701"", ""  71.425""], ["" 128.816"", "" 125.500"", ""  72.320""], ["" 125.478"", "" 129.146"", ""  66.040""], ["" 124.931"", "" 129.507"", ""  64.658""], ["" 125.681"", "" 129.140"", ""  63.604""], ["" 123.860"", "" 130.109"", ""  64.559""], ["" 126.551"", "" 128.657"", ""  63.778""], ["" 125.367"", "" 129.414"", ""  62.203""], ["" 125.159"", "" 130.892"", ""  61.889""], ["" 126.045"", "" 131.842"", ""  62.404""], ["" 124.118"", "" 131.290"", ""  61.045""], ["" 125.876"", "" 133.189"", ""  62.096""], ["" 123.950"", "" 132.638"", ""  60.738""], ["" 124.828"", "" 133.581"", ""  61.266""]]",[],3ag_Grossjean_2025
44,6971,3ai_Grossjean_2025,receptor_tmp,2,9,-7.92,-0.2731034482758621,0.0,0.0,4,188.28,-9.71,-9.28,-0.43,-9.71,0.0,-1.71,1.79,-1.71,39,7,0.0,0.0,0.0,5.047798,10.08787,12.088939,0.57751611,-0.12135153,0.8073097,179.301498,"6.606593, 114.252533, 119.680374, 110.232147, 238.562073, 8.99861, ","[["" 126.851"", "" 126.551"", ""  69.362""], ["" 127.480"", "" 126.928"", ""  67.739""], ["" 129.925"", "" 124.423"", ""  68.430""], ["" 129.333"", "" 125.240"", ""  67.864""], ["" 128.584"", "" 126.275"", ""  67.145""], ["" 128.970"", "" 126.676"", ""  65.843""], ["" 128.249"", "" 127.704"", ""  65.217""], ["" 126.815"", "" 127.935"", ""  67.123""], ["" 127.176"", "" 128.317"", ""  65.872""], ["" 130.151"", "" 126.033"", ""  65.091""], ["" 130.403"", "" 126.624"", ""  63.921""], ["" 131.259"", "" 126.115"", ""  65.829""], ["" 129.892"", "" 124.749"", ""  64.841""], ["" 126.379"", "" 129.426"", ""  65.255""], ["" 124.986"", "" 129.487"", ""  65.424""], ["" 127.000"", "" 130.437"", ""  64.501""], ["" 124.240"", "" 130.517"", ""  64.858""], ["" 126.257"", "" 131.468"", ""  63.934""], ["" 124.879"", "" 131.504"", ""  64.114""], ["" 128.120"", "" 127.038"", ""  70.581""], ["" 128.545"", "" 125.929"", ""  71.554""], ["" 128.969"", "" 124.790"", ""  70.960""], ["" 128.489"", "" 126.104"", ""  72.773""], ["" 128.972"", "" 124.767"", ""  69.951""], ["" 129.405"", "" 123.629"", ""  71.584""], ["" 128.761"", "" 122.473"", ""  71.611""], ["" 130.611"", "" 123.542"", ""  72.277""], ["" 129.556"", "" 121.585"", ""  72.339""], ["" 130.670"", "" 122.246"", ""  72.735""]]",[],3ai_Grossjean_2025
45,11517,3aj_Grossjean_2025,receptor_tmp,1,2,-7.32,-0.2524137931034483,0.0,0.0,1,188.13,-9.11,-8.7,-0.41,-9.11,0.0,-0.96,1.79,-0.96,44,5,0.0,0.0,0.0,5.134766,9.960686,11.87792,-0.55920532,0.08777789,-0.82436912,170.690201,"246.892899, 49.506878, 312.258728, 106.831367, 240.627914, 6.482532, ","[["" 126.884"", "" 126.088"", ""  68.983""], ["" 127.564"", "" 126.617"", ""  67.426""], ["" 124.964"", "" 129.060"", ""  67.459""], ["" 125.890"", "" 128.460"", ""  67.112""], ["" 127.064"", "" 127.702"", ""  66.670""], ["" 127.711"", "" 128.015"", ""  65.449""], ["" 128.802"", "" 127.228"", ""  65.048""], ["" 128.604"", "" 125.858"", ""  67.005""], ["" 129.232"", "" 126.159"", ""  65.840""], ["" 127.260"", "" 129.177"", ""  64.544""], ["" 127.422"", "" 130.372"", ""  65.117""], ["" 127.965"", "" 129.174"", ""  63.412""], ["" 125.966"", "" 129.050"", ""  64.248""], ["" 130.384"", "" 125.282"", ""  65.454""], ["" 131.706"", "" 125.727"", ""  65.608""], ["" 130.175"", "" 123.993"", ""  64.934""], ["" 132.782"", "" 124.916"", ""  65.255""], ["" 131.246"", "" 123.180"", ""  64.578""], ["" 132.547"", "" 123.645"", ""  64.740""], ["" 127.944"", "" 126.751"", ""  70.312""], ["" 128.403"", "" 125.720"", ""  71.353""], ["" 129.086"", "" 124.670"", ""  70.844""], ["" 128.147"", "" 125.874"", ""  72.549""], ["" 129.230"", "" 124.647"", ""  69.846""], ["" 129.606"", "" 123.596"", ""  71.555""], ["" 129.140"", "" 122.368"", ""  71.619""], ["" 131.047"", "" 123.880"", ""  72.479""], ["" 129.890"", "" 121.603"", ""  72.388""], ["" 130.997"", "" 122.215"", ""  72.971""]]",[],3aj_Grossjean_2025
46,11265,3ak_Grossjean_2025,receptor_tmp,1,19,-5.66,-0.16647058823529412,0.0,0.0,1,189.91,-9.84,-9.55,-0.28,-9.84,0.0,-2.64,4.18,-2.64,54,5,0.0,0.0,0.0,0.654847,6.645249,8.548577,0.76542752,0.63341482,-0.1136062,286.696289,"203.83696, 288.599579, 113.677498, 336.95462, 280.277008, 278.222015, 231.752884, 115.229828, 336.984894, 264.832031, 350.76358, 90.137794, 185.510132, 178.938293, ","[["" 127.425"", "" 122.735"", ""  61.499""], ["" 127.132"", "" 123.291"", ""  60.225""], ["" 128.002"", "" 122.600"", ""  59.159""], ["" 128.583"", "" 123.500"", ""  58.220""], ["" 127.811"", "" 123.749"", ""  57.049""], ["" 127.576"", "" 122.423"", ""  56.316""], ["" 126.214"", "" 122.046"", ""  56.466""], ["" 125.353"", "" 123.141"", ""  56.736""], ["" 128.378"", "" 123.479"", ""  62.247""], ["" 128.916"", "" 124.650"", ""  61.406""], ["" 128.683"", "" 125.963"", ""  62.012""], ["" 129.120"", "" 127.143"", ""  61.534""], ["" 129.769"", "" 127.241"", ""  60.491""], ["" 128.140"", "" 125.968"", ""  62.864""], ["" 128.799"", "" 128.426"", ""  62.319""], ["" 127.630"", "" 128.257"", ""  63.718""], ["" 128.395"", "" 127.261"", ""  64.987""], ["" 129.408"", "" 126.460"", ""  64.573""], ["" 127.975"", "" 127.304"", ""  66.334""], ["" 130.048"", "" 125.660"", ""  65.463""], ["" 128.645"", "" 126.480"", ""  67.271""], ["" 126.877"", "" 128.182"", ""  66.753""], ["" 129.688"", "" 125.661"", ""  66.815""], ["" 126.009"", "" 128.874"", ""  67.083""], ["" 131.156"", "" 124.809"", ""  64.919""], ["" 132.410"", "" 125.366"", ""  64.624""], ["" 130.974"", "" 123.432"", ""  64.699""], ["" 133.444"", "" 124.579"", ""  64.123""], ["" 132.005"", "" 122.643"", ""  64.197""], ["" 133.237"", "" 123.221"", ""  63.910""], ["" 128.275"", "" 126.451"", ""  68.767""], ["" 126.979"", "" 126.179"", ""  68.912""], ["" 128.987"", "" 125.515"", ""  69.395""], ["" 128.513"", "" 127.613"", ""  69.381""]]",[],3ak_Grossjean_2025
47,11549,3bc_Grossjean_2025,receptor_tmp,1,14,-8.28,-0.28551724137931034,0.0,0.0,3,189.3,-10.07,-9.57,-0.5,-10.07,0.0,-0.97,1.79,-0.97,36,7,0.0,0.0,0.0,7.253092,9.656152,9.500518,0.32593525,-0.34355826,0.88075759,218.200607,"30.270161, 149.785049, 72.55378, 145.115067, 8.962828, 49.109108, ","[["" 129.628"", "" 126.527"", ""  67.494""], ["" 128.993"", "" 125.702"", ""  68.353""], ["" 130.153"", "" 127.598"", ""  67.807""], ["" 128.698"", "" 124.810"", ""  67.983""], ["" 129.699"", "" 126.017"", ""  66.047""], ["" 130.148"", "" 124.257"", ""  65.867""], ["" 130.755"", "" 124.018"", ""  64.212""], ["" 132.456"", "" 123.870"", ""  62.501""], ["" 132.121"", "" 124.085"", ""  63.856""], ["" 131.437"", "" 123.622"", ""  61.575""], ["" 133.167"", "" 124.395"", ""  64.833""], ["" 130.103"", "" 123.602"", ""  61.994""], ["" 133.995"", "" 124.639"", ""  65.604""], ["" 129.778"", "" 123.799"", ""  63.299""], ["" 133.898"", "" 123.900"", ""  61.996""], ["" 128.965"", "" 123.345"", ""  61.051""], ["" 129.206"", "" 123.025"", ""  59.707""], ["" 127.630"", "" 123.423"", ""  61.485""], ["" 128.155"", "" 122.785"", ""  58.826""], ["" 126.575"", "" 123.183"", ""  60.608""], ["" 126.843"", "" 122.865"", ""  59.280""], ["" 128.748"", "" 125.870"", ""  69.729""], ["" 129.422"", "" 124.998"", ""  70.585""], ["" 127.862"", "" 126.817"", ""  70.264""], ["" 129.233"", "" 125.082"", ""  71.962""], ["" 127.675"", "" 126.897"", ""  71.642""], ["" 128.364"", "" 126.029"", ""  72.503""], ["" 128.241"", "" 126.036"", ""  73.880""], ["" 127.236"", "" 126.844"", ""  74.483""]]",[],3bc_Grossjean_2025
48,11368,3bd_Grossjean_2025,receptor_tmp,1,3,-7.51,-0.27814814814814814,0.0,0.0,1,186.86,-9.01,-8.78,-0.22,-9.01,0.0,-1.65,1.49,-1.65,39,5,0.0,0.0,0.0,2.580744,11.629136,10.637394,-0.26040251,-0.11144081,0.95904717,128.837845,"16.717926, 260.725342, 157.376114, 161.773285, 44.617382, ","[["" 127.109"", "" 129.198"", ""  66.669""], ["" 128.057"", "" 127.691"", ""  66.805""], ["" 129.241"", "" 125.794"", ""  65.885""], ["" 128.498"", "" 126.974"", ""  65.671""], ["" 129.507"", "" 125.382"", ""  67.196""], ["" 128.204"", "" 127.434"", ""  64.310""], ["" 129.032"", "" 126.135"", ""  68.276""], ["" 127.974"", "" 127.796"", ""  63.236""], ["" 128.324"", "" 127.276"", ""  68.069""], ["" 129.775"", "" 124.939"", ""  64.737""], ["" 129.284"", "" 125.753"", ""  69.704""], ["" 129.879"", "" 124.522"", ""  70.023""], ["" 128.928"", "" 126.609"", ""  70.760""], ["" 130.114"", "" 124.160"", ""  71.347""], ["" 129.161"", "" 126.251"", ""  72.085""], ["" 129.755"", "" 125.027"", ""  72.374""], ["" 125.373"", "" 128.746"", ""  66.374""], ["" 124.772"", "" 129.516"", ""  65.197""], ["" 125.333"", "" 129.273"", ""  63.992""], ["" 123.831"", "" 130.282"", ""  65.401""], ["" 126.036"", "" 128.549"", ""  63.962""], ["" 125.023"", "" 129.838"", ""  62.741""], ["" 123.933"", "" 130.712"", ""  62.714""], ["" 125.713"", "" 129.552"", ""  61.552""], ["" 123.546"", "" 131.314"", ""  61.520""], ["" 125.323"", "" 130.154"", ""  60.359""], ["" 124.243"", "" 131.034"", ""  60.348""]]",[],3bd_Grossjean_2025
49,11485,3be_Grossjean_2025,receptor_tmp,1,11,-7.17,-0.25607142857142856,0.0,0.0,2,184.91,-8.66,-8.55,-0.12,-8.66,0.0,-2.34,1.49,-2.34,50,1,0.0,0.0,0.0,9.078478,4.745583,5.905383,-0.33908159,-0.58704583,0.73511963,204.692459,"333.89975, 290.827118, 277.580627, 314.469299, 128.668289, ","[["" 132.092"", "" 120.013"", ""  61.252""], ["" 133.335"", "" 121.290"", ""  60.858""], ["" 132.564"", "" 122.884"", ""  61.033""], ["" 131.873"", "" 125.081"", ""  60.297""], ["" 132.526"", "" 123.862"", ""  60.013""], ["" 131.316"", "" 125.279"", ""  61.565""], ["" 133.164"", "" 123.654"", ""  58.711""], ["" 131.422"", "" 124.281"", ""  62.540""], ["" 133.667"", "" 123.493"", ""  57.682""], ["" 132.039"", "" 123.102"", ""  62.264""], ["" 131.748"", "" 126.205"", ""  59.271""], ["" 130.857"", "" 124.437"", ""  63.920""], ["" 131.150"", "" 125.572"", ""  64.693""], ["" 130.026"", "" 123.452"", ""  64.481""], ["" 130.631"", "" 125.721"", ""  65.975""], ["" 129.504"", "" 123.597"", ""  65.764""], ["" 129.809"", "" 124.733"", ""  66.506""], ["" 130.693"", "" 120.260"", ""  60.668""], ["" 130.180"", "" 121.482"", ""  60.928""], ["" 130.119"", "" 119.384"", ""  60.018""], ["" 130.740"", "" 122.095"", ""  61.503""], ["" 128.941"", "" 122.020"", ""  60.533""], ["" 128.528"", "" 122.010"", ""  59.232""], ["" 128.158"", "" 122.583"", ""  61.547""], ["" 127.324"", "" 122.557"", ""  58.926""], ["" 126.920"", "" 123.143"", ""  61.217""], ["" 126.492"", "" 123.132"", ""  59.889""], ["" 126.930"", "" 122.511"", ""  57.463""]]",[],3be_Grossjean_2025
50,6849,3bf_Grossjean_2025,receptor_tmp,1,13,-8.38,-0.3103703703703704,0.0,0.0,1,187.6,-9.87,-9.67,-0.2,-9.87,0.0,-0.73,1.49,-0.73,50,5,0.0,0.0,0.0,5.888846,7.360735,7.289537,-0.06104464,0.45709334,-0.88732138,131.296036,"137.889542, 179.002625, 342.115631, 11.363571, 282.828918, ","[["" 129.879"", "" 122.438"", ""  63.127""], ["" 130.657"", "" 123.614"", ""  64.215""], ["" 132.509"", "" 124.879"", ""  65.115""], ["" 132.035"", "" 123.919"", ""  64.194""], ["" 131.606"", "" 125.490"", ""  65.990""], ["" 132.956"", "" 123.303"", ""  63.235""], ["" 130.249"", "" 125.153"", ""  65.943""], ["" 133.684"", "" 122.816"", ""  62.478""], ["" 129.790"", "" 124.233"", ""  65.053""], ["" 133.977"", "" 125.291"", ""  65.192""], ["" 129.227"", "" 125.787"", ""  66.839""], ["" 128.250"", "" 126.648"", ""  66.313""], ["" 129.222"", "" 125.543"", ""  68.222""], ["" 127.299"", "" 127.241"", ""  67.138""], ["" 128.271"", "" 126.134"", ""  69.050""], ["" 127.313"", "" 126.981"", ""  68.505""], ["" 128.501"", "" 123.279"", ""  62.277""], ["" 128.086"", "" 122.658"", ""  60.935""], ["" 127.344"", "" 123.465"", ""  60.146""], ["" 128.404"", "" 121.501"", ""  60.652""], ["" 127.086"", "" 124.361"", ""  60.534""], ["" 126.820"", "" 123.209"", ""  58.866""], ["" 127.462"", "" 122.459"", ""  57.865""], ["" 125.576"", "" 123.773"", ""  58.561""], ["" 126.922"", "" 122.250"", ""  56.636""], ["" 125.008"", "" 123.567"", ""  57.302""], ["" 125.710"", "" 122.800"", ""  56.372""]]",[],3bf_Grossjean_2025
51,7011,3bg_Grossjean_2025,receptor_tmp,1,7,-7.08,-0.25285714285714284,0.0,0.0,8,187.23,-8.87,-8.81,-0.06,-8.87,0.0,-2.92,1.79,-2.92,50,2,0.0,0.0,0.0,6.146336,6.546284,3.610002,-0.7428381,0.42755887,-0.51515529,118.862328,"331.568054, 34.988743, 351.235596, 165.247986, 17.739796, 52.037483, ","[["" 131.166"", "" 119.717"", ""  60.450""], ["" 129.929"", "" 119.961"", ""  61.766""], ["" 129.149"", "" 121.548"", ""  61.514""], ["" 128.657"", "" 123.832"", ""  62.129""], ["" 129.277"", "" 122.603"", ""  62.440""], ["" 127.938"", "" 123.953"", ""  60.936""], ["" 130.043"", "" 122.449"", ""  63.679""], ["" 127.835"", "" 122.860"", ""  60.065""], ["" 130.648"", "" 122.329"", ""  64.658""], ["" 128.445"", "" 121.681"", ""  60.360""], ["" 128.750"", "" 125.053"", ""  63.043""], ["" 127.087"", "" 122.926"", ""  58.761""], ["" 125.813"", "" 123.512"", ""  58.686""], ["" 127.639"", "" 122.404"", ""  57.578""], ["" 125.126"", "" 123.591"", ""  57.479""], ["" 126.956"", "" 122.483"", ""  56.367""], ["" 125.702"", "" 123.080"", ""  56.321""], ["" 132.109"", "" 120.918"", ""  60.324""], ["" 131.540"", "" 122.095"", ""  60.012""], ["" 133.315"", "" 120.775"", ""  60.528""], ["" 130.541"", "" 122.118"", ""  59.867""], ["" 132.215"", "" 123.393"", ""  60.019""], ["" 132.395"", "" 123.930"", ""  61.435""], ["" 131.851"", "" 125.169"", ""  61.788""], ["" 133.084"", "" 123.173"", ""  62.386""], ["" 132.024"", "" 125.663"", ""  63.077""], ["" 133.257"", "" 123.667"", ""  63.677""], ["" 132.730"", "" 124.912"", ""  64.015""]]",[],3bg_Grossjean_2025
52,11473,3bk_Grossjean_2025,receptor_tmp,1,6,-6.25,-0.20161290322580644,0.0,0.0,2,186.69,-10.12,-9.93,-0.2,-10.12,0.0,-3.62,3.88,-3.62,51,3,0.0,0.0,0.0,5.53772,7.799885,5.709574,0.46749547,-0.88044804,-0.07911538,341.323639,"110.498428, 333.416962, 47.812099, 248.250885, 59.694218, 313.813904, 45.545162, 226.147919, 53.301884, 202.839233, 308.649292, 336.039429, 241.696411, ","[["" 131.663"", "" 120.884"", ""  61.788""], ["" 130.857"", "" 120.058"", ""  60.958""], ["" 129.492"", "" 120.728"", ""  60.742""], ["" 129.504"", "" 122.146"", ""  61.108""], ["" 128.416"", "" 122.905"", ""  61.325""], ["" 127.261"", "" 122.480"", ""  61.257""], ["" 130.415"", "" 122.559"", ""  61.244""], ["" 128.668"", "" 124.367"", ""  61.701""], ["" 130.443"", "" 124.774"", ""  61.698""], ["" 130.968"", "" 125.100"", ""  63.372""], ["" 132.624"", "" 125.198"", ""  65.132""], ["" 132.305"", "" 124.914"", ""  63.787""], ["" 131.618"", "" 125.647"", ""  65.994""], ["" 133.338"", "" 124.440"", ""  62.862""], ["" 130.313"", "" 125.813"", ""  65.516""], ["" 130.004"", "" 125.537"", ""  64.222""], ["" 134.154"", "" 124.066"", ""  62.131""], ["" 134.035"", "" 125.030"", ""  65.693""], ["" 129.185"", "" 126.271"", ""  66.392""], ["" 128.273"", "" 127.238"", ""  65.940""], ["" 129.009"", "" 125.747"", ""  67.684""], ["" 127.227"", "" 127.671"", ""  66.751""], ["" 127.966"", "" 126.178"", ""  68.498""], ["" 127.078"", "" 127.141"", ""  68.028""], ["" 133.009"", "" 121.004"", ""  61.346""], ["" 133.034"", "" 121.680"", ""  59.969""], ["" 132.004"", "" 122.658"", ""  59.908""], ["" 132.454"", "" 123.941"", ""  59.498""], ["" 133.783"", "" 123.797"", ""  58.744""], ["" 133.600"", "" 124.155"", ""  57.381""], ["" 132.892"", "" 125.372"", ""  57.206""]]",[],3bk_Grossjean_2025
53,11300,3ca_Grossjean_2025,receptor_tmp,1,7,-8.16,-0.255,0.0,0.0,1,189.0,-10.55,-10.15,-0.4,-10.55,0.0,-1.13,2.39,-1.13,51,7,0.0,0.0,0.0,8.665525,10.923653,11.875606,-0.20775571,-0.97298648,-0.10067216,170.809265,"342.216339, 139.562683, 235.718018, 30.312849, 340.726013, 263.859619, 263.234741, 14.945693, ","[["" 129.355"", "" 126.070"", ""  69.065""], ["" 129.499"", "" 125.024"", ""  69.978""], ["" 129.095"", "" 125.182"", ""  71.301""], ["" 128.531"", "" 126.389"", ""  71.734""], ["" 128.378"", "" 127.434"", ""  70.811""], ["" 128.784"", "" 127.279"", ""  69.488""], ["" 129.795"", "" 125.804"", ""  67.754""], ["" 129.645"", "" 126.537"", ""  66.629""], ["" 129.085"", "" 127.630"", ""  66.561""], ["" 130.342"", "" 124.961"", ""  67.664""], ["" 130.258"", "" 125.926"", ""  65.364""], ["" 131.939"", "" 125.269"", ""  65.626""], ["" 132.433"", "" 124.287"", ""  64.216""], ["" 134.093"", "" 123.871"", ""  62.633""], ["" 133.350"", "" 122.844"", ""  62.055""], ["" 133.646"", "" 124.586"", ""  63.687""], ["" 132.087"", "" 122.527"", ""  62.571""], ["" 131.613"", "" 123.260"", ""  63.689""], ["" 130.322"", "" 122.940"", ""  64.305""], ["" 129.302"", "" 122.686"", ""  64.790""], ["" 135.464"", "" 124.254"", ""  62.110""], ["" 131.321"", "" 121.428"", ""  61.910""], ["" 131.979"", "" 120.265"", ""  61.493""], ["" 129.945"", "" 121.552"", ""  61.680""], ["" 131.276"", "" 119.239"", ""  60.867""], ["" 129.237"", "" 120.528"", ""  61.056""], ["" 129.906"", "" 119.375"", ""  60.653""], ["" 128.106"", "" 126.527"", ""  73.168""], ["" 128.471"", "" 125.755"", ""  74.061""], ["" 127.276"", "" 127.579"", ""  73.383""], ["" 125.878"", "" 127.474"", ""  73.143""], ["" 125.194"", "" 126.869"", ""  74.372""]]",[],3ca_Grossjean_2025
54,11772,3cb_Grossjean_2025,receptor_tmp,1,20,-8.17,-0.2635483870967742,0.0,0.0,3,187.69,-10.26,-9.89,-0.37,-10.26,0.0,-0.85,2.09,-0.85,61,4,0.0,0.0,0.0,4.790551,8.172343,8.108313,0.4111815,-0.36579241,0.83494053,180.326279,"180.769531, 8.283203, 359.772827, 8.260696, 145.276657, 95.536697, 162.838882, ","[["" 129.512"", "" 125.420"", ""  65.558""], ["" 128.469"", "" 125.842"", ""  66.306""], ["" 130.623"", "" 125.123"", ""  66.000""], ["" 127.604"", "" 126.004"", ""  65.809""], ["" 129.213"", "" 125.308"", ""  64.055""], ["" 130.536"", "" 124.535"", ""  63.063""], ["" 129.776"", "" 123.364"", ""  61.958""], ["" 129.709"", "" 121.119"", ""  61.344""], ["" 128.753"", "" 121.369"", ""  60.363""], ["" 130.218"", "" 122.095"", ""  62.129""], ["" 128.293"", "" 122.676"", ""  60.157""], ["" 128.828"", "" 123.713"", ""  60.964""], ["" 128.453"", "" 125.111"", ""  60.730""], ["" 128.157"", "" 126.214"", ""  60.545""], ["" 130.240"", "" 119.722"", ""  61.600""], ["" 127.271"", "" 122.893"", ""  59.088""], ["" 126.053"", "" 123.512"", ""  59.393""], ["" 127.523"", "" 122.505"", ""  57.765""], ["" 125.099"", "" 123.729"", ""  58.402""], ["" 126.571"", "" 122.718"", ""  56.771""], ["" 125.363"", "" 123.328"", ""  57.095""], ["" 128.382"", "" 126.063"", ""  67.695""], ["" 129.460"", "" 125.603"", ""  68.451""], ["" 127.305"", "" 126.687"", ""  68.344""], ["" 129.476"", "" 125.766"", ""  69.833""], ["" 127.321"", "" 126.849"", ""  69.727""], ["" 128.405"", "" 126.393"", ""  70.489""], ["" 128.387"", "" 126.584"", ""  71.979""], ["" 128.002"", "" 125.717"", ""  72.769""], ["" 128.837"", "" 127.805"", ""  72.369""], ["" 129.877"", "" 128.461"", ""  71.659""]]",[],3cb_Grossjean_2025
55,11699,3ce_Grossjean_2025,receptor_tmp,1,20,-7.84,-0.27999999999999997,0.0,0.0,1,187.34,-9.33,-9.21,-0.13,-9.33,0.0,-1.05,1.49,-1.05,44,6,0.0,0.0,0.0,2.989634,11.789336,9.974866,0.25494325,0.86828331,0.4255444,116.438431,"198.676147, 21.345013, 13.016252, 204.25383, 153.964905, ","[["" 125.523"", "" 128.753"", ""  66.112""], ["" 127.248"", "" 129.264"", ""  66.365""], ["" 128.112"", "" 127.803"", ""  66.895""], ["" 128.721"", "" 126.520"", ""  68.740""], ["" 129.373"", "" 125.591"", ""  67.935""], ["" 128.104"", "" 127.615"", ""  68.237""], ["" 129.415"", "" 125.782"", ""  66.548""], ["" 128.763"", "" 126.917"", ""  66.004""], ["" 128.760"", "" 127.162"", ""  64.558""], ["" 128.758"", "" 127.354"", ""  63.417""], ["" 128.662"", "" 126.364"", ""  70.248""], ["" 130.148"", "" 124.771"", ""  65.728""], ["" 131.435"", "" 125.051"", ""  65.253""], ["" 129.554"", "" 123.544"", ""  65.405""], ["" 132.123"", "" 124.116"", ""  64.483""], ["" 130.239"", "" 122.608"", ""  64.635""], ["" 131.522"", "" 122.897"", ""  64.179""], ["" 124.751"", "" 129.753"", ""  65.252""], ["" 125.210"", "" 129.916"", ""  63.991""], ["" 123.778"", "" 130.336"", ""  65.731""], ["" 125.952"", "" 129.299"", ""  63.695""], ["" 124.705"", "" 130.758"", ""  62.985""], ["" 124.575"", "" 130.337"", ""  61.693""], ["" 124.307"", "" 132.039"", ""  63.384""], ["" 124.059"", "" 131.197"", ""  60.778""], ["" 123.780"", "" 132.913"", ""  62.430""], ["" 123.651"", "" 132.492"", ""  61.106""], ["" 123.941"", "" 130.662"", ""  59.363""]]",[],3ce_Grossjean_2025
56,11891,3ch_Grossjean_2025,receptor_tmp,1,6,-7.91,-0.23969696969696971,0.0,0.0,7,189.65,-10.3,-9.43,-0.87,-10.3,0.0,-1.76,2.39,-1.76,48,6,0.0,0.0,0.0,5.569251,10.197568,10.048058,0.23068316,0.92888565,0.28975289,272.678619,"175.41214, 317.759216, 75.982193, 221.954773, 91.967224, 76.623207, 176.219833, 26.067198, ","[["" 129.411"", "" 126.887"", ""  67.593""], ["" 129.060"", "" 125.889"", ""  68.434""], ["" 129.878"", "" 127.975"", ""  67.930""], ["" 128.745"", "" 125.033"", ""  68.001""], ["" 129.236"", "" 126.585"", ""  66.105""], ["" 129.556"", "" 124.839"", ""  65.716""], ["" 131.113"", "" 124.802"", ""  64.854""], ["" 133.418"", "" 125.021"", ""  65.090""], ["" 133.623"", "" 124.806"", ""  63.730""], ["" 132.188"", "" 125.021"", ""  65.651""], ["" 132.525"", "" 124.569"", ""  62.891""], ["" 131.229"", "" 124.547"", ""  63.467""], ["" 130.055"", "" 124.212"", ""  62.656""], ["" 129.128"", "" 123.948"", ""  62.016""], ["" 134.575"", "" 125.278"", ""  66.037""], ["" 132.793"", "" 124.353"", ""  61.436""], ["" 132.124"", "" 125.122"", ""  60.477""], ["" 133.696"", "" 123.370"", ""  61.014""], ["" 132.361"", "" 124.921"", ""  59.119""], ["" 133.937"", "" 123.167"", ""  59.657""], ["" 133.269"", "" 123.945"", ""  58.716""], ["" 129.118"", "" 125.837"", ""  69.840""], ["" 128.809"", "" 126.904"", ""  70.697""], ["" 129.501"", "" 124.613"", ""  70.390""], ["" 128.901"", "" 126.758"", ""  72.090""], ["" 129.599"", "" 124.442"", ""  71.780""], ["" 129.294"", "" 125.521"", ""  72.619""], ["" 128.622"", "" 127.768"", ""  72.994""], ["" 127.308"", "" 127.889"", ""  73.528""], ["" 129.981"", "" 123.258"", ""  72.388""], ["" 131.354"", "" 122.882"", ""  72.388""], ["" 129.403"", "" 125.372"", ""  73.981""], ["" 130.709"", "" 125.607"", ""  74.487""]]",[],3ch_Grossjean_2025
57,11407,3ci_Grossjean_2025,receptor_tmp,1,20,-8.14,-0.3130769230769231,0.0,0.0,3,193.0,-9.63,-9.13,-0.5,-9.63,0.0,-1.26,1.49,-1.26,33,7,0.0,0.0,0.0,5.553199,10.08891,11.157214,-0.21940372,0.97290745,0.072891,252.540482,"317.679138, 83.732079, 107.732956, 279.765625, 310.071777, ","[["" 126.854"", "" 126.152"", ""  69.177""], ["" 127.728"", "" 126.632"", ""  67.693""], ["" 129.604"", "" 126.287"", ""  66.351""], ["" 129.186"", "" 127.248"", ""  65.435""], ["" 128.897"", "" 125.982"", ""  67.461""], ["" 127.983"", "" 127.934"", ""  65.652""], ["" 127.233"", "" 127.628"", ""  66.816""], ["" 125.988"", "" 128.344"", ""  67.118""], ["" 125.006"", "" 128.909"", ""  67.355""], ["" 130.888"", "" 125.504"", ""  66.154""], ["" 127.567"", "" 128.946"", ""  64.635""], ["" 126.992"", "" 128.548"", ""  63.421""], ["" 127.770"", "" 130.310"", ""  64.877""], ["" 126.613"", "" 129.495"", ""  62.473""], ["" 127.393"", "" 131.260"", ""  63.931""], ["" 126.815"", "" 130.847"", ""  62.733""], ["" 127.688"", "" 126.864"", ""  70.632""], ["" 128.307"", "" 125.808"", ""  71.556""], ["" 128.853"", "" 124.737"", ""  70.940""], ["" 128.288"", "" 125.990"", ""  72.775""], ["" 128.808"", "" 124.711"", ""  69.932""], ["" 129.447"", "" 123.634"", ""  71.539""], ["" 128.925"", "" 122.422"", ""  71.627""], ["" 130.707"", "" 123.679"", ""  72.133""], ["" 129.857"", "" 121.631"", ""  72.300""], ["" 130.929"", "" 122.403"", ""  72.599""]]",[],3ci_Grossjean_2025
58,11386,3cj_Grossjean_2025,receptor_tmp,1,9,-6.75,-0.25961538461538464,0.0,0.0,12,189.16,-8.24,-8.22,-0.02,-8.24,0.0,-2.0,1.49,-2.0,46,2,0.0,0.0,0.0,6.550754,6.228169,5.896397,0.93536353,0.34135854,0.09257111,213.089615,"318.407745, 36.729782, 223.896988, 334.928345, 342.500336, ","[["" 133.092"", "" 123.518"", ""  60.595""], ["" 131.577"", "" 122.586"", ""  60.515""], ["" 130.504"", "" 120.627"", ""  61.171""], ["" 129.290"", "" 121.062"", ""  60.642""], ["" 131.629"", "" 121.375"", ""  61.125""], ["" 129.213"", "" 122.322"", ""  60.033""], ["" 130.391"", "" 123.104"", ""  59.947""], ["" 130.381"", "" 124.418"", ""  59.296""], ["" 130.371"", "" 125.456"", ""  58.783""], ["" 130.631"", "" 119.283"", ""  61.861""], ["" 127.879"", "" 122.774"", ""  59.538""], ["" 126.909"", "" 123.239"", ""  60.433""], ["" 127.576"", "" 122.710"", ""  58.173""], ["" 125.660"", "" 123.647"", ""  59.972""], ["" 126.327"", "" 123.118"", ""  57.709""], ["" 125.376"", "" 123.586"", ""  58.611""], ["" 133.905"", "" 122.957"", ""  62.126""], ["" 133.239"", "" 123.546"", ""  63.374""], ["" 131.940"", "" 123.221"", ""  63.545""], ["" 133.888"", "" 124.288"", ""  64.114""], ["" 131.519"", "" 122.615"", ""  62.855""], ["" 131.081"", "" 123.724"", ""  64.508""], ["" 130.085"", "" 123.106"", ""  65.105""], ["" 131.352"", "" 125.356"", ""  65.031""], ["" 129.499"", "" 123.882"", ""  65.995""], ["" 130.020"", "" 125.165"", ""  66.133""]]",[],3cj_Grossjean_2025
59,6787,3ck_Grossjean_2025,receptor_tmp,1,8,-6.48,-0.20903225806451614,0.0,0.0,3,186.4,-10.36,-10.13,-0.23,-10.36,0.0,-1.47,3.88,-1.47,61,4,0.0,0.0,0.0,1.95593,9.179305,6.960394,0.51153952,-0.63348079,0.58054234,123.25428,"213.192505, 299.936951, 187.929047, 240.15509, 164.373306, 290.701294, 62.993439, 93.607178, 159.17926, 126.059265, 356.347076, 130.335846, 171.926834, ","[["" 128.943"", "" 125.740"", ""  66.503""], ["" 130.086"", "" 124.903"", ""  66.420""], ["" 131.120"", "" 125.537"", ""  65.470""], ["" 131.686"", "" 124.594"", ""  64.500""], ["" 132.968"", "" 124.187"", ""  64.458""], ["" 133.820"", "" 124.554"", ""  65.269""], ["" 131.046"", "" 124.233"", ""  63.808""], ["" 133.315"", "" 123.212"", ""  63.321""], ["" 132.691"", "" 123.681"", ""  61.670""], ["" 131.294"", "" 122.646"", ""  61.258""], ["" 129.841"", "" 125.753"", ""  60.286""], ["" 129.958"", "" 124.616"", ""  60.469""], ["" 130.106"", "" 123.175"", ""  60.701""], ["" 129.052"", "" 122.278"", ""  60.389""], ["" 129.232"", "" 120.917"", ""  60.668""], ["" 131.449"", "" 121.323"", ""  61.515""], ["" 130.433"", "" 120.481"", ""  61.223""], ["" 130.679"", "" 119.018"", ""  61.535""], ["" 127.758"", "" 122.696"", ""  59.772""], ["" 127.605"", "" 122.682"", ""  58.380""], ["" 126.693"", "" 123.131"", ""  60.572""], ["" 126.403"", "" 123.081"", ""  57.798""], ["" 125.492"", "" 123.530"", ""  59.993""], ["" 125.352"", "" 123.501"", ""  58.607""], ["" 128.587"", "" 126.133"", ""  67.821""], ["" 129.492"", "" 125.386"", ""  68.809""], ["" 129.019"", "" 125.608"", ""  70.131""], ["" 129.806"", "" 124.985"", ""  71.137""], ["" 129.932"", "" 123.487"", ""  70.828""], ["" 129.826"", "" 122.742"", ""  72.033""], ["" 131.061"", "" 122.592"", ""  72.715""]]",[],3ck_Grossjean_2025
60,6731,4aa_Grossjean_2025,receptor_tmp,1,16,-7.58,-0.2613793103448276,0.0,0.0,19,188.37,-9.37,-8.92,-0.45,-9.37,0.0,-0.46,1.79,-0.46,53,9,0.0,0.0,0.0,6.219694,8.461599,10.874809,0.63037427,-0.77594453,-0.02320257,265.513489,"235.034363, 87.745949, 353.558258, 6.989963, 91.890175, 88.338806, ","[["" 129.532"", "" 125.194"", ""  69.155""], ["" 129.881"", "" 124.376"", ""  70.231""], ["" 129.659"", "" 124.799"", ""  71.538""], ["" 129.091"", "" 126.054"", ""  71.796""], ["" 128.750"", "" 126.876"", ""  70.711""], ["" 128.968"", "" 126.454"", ""  69.402""], ["" 129.808"", "" 124.672"", ""  67.876""], ["" 128.543"", "" 125.966"", ""  66.478""], ["" 129.356"", "" 125.059"", ""  66.659""], ["" 130.430"", "" 123.876"", ""  67.881""], ["" 129.884"", "" 124.298"", ""  65.525""], ["" 130.951"", "" 124.625"", ""  64.674""], ["" 129.201"", "" 122.722"", ""  65.114""], ["" 131.230"", "" 123.627"", ""  63.676""], ["" 130.339"", "" 122.519"", ""  63.802""], ["" 132.194"", "" 123.556"", ""  62.635""], ["" 130.339"", "" 121.430"", ""  63.031""], ["" 132.199"", "" 122.415"", ""  61.825""], ["" 131.276"", "" 121.396"", ""  62.051""], ["" 133.221"", "" 124.641"", ""  62.349""], ["" 131.263"", "" 120.147"", ""  61.189""], ["" 131.674"", "" 125.788"", ""  64.766""], ["" 132.130"", "" 126.065"", ""  65.623""], ["" 131.772"", "" 126.410"", ""  63.976""], ["" 128.871"", "" 126.481"", ""  73.218""], ["" 129.728"", "" 127.061"", ""  73.893""], ["" 127.634"", "" 126.169"", ""  73.686""], ["" 126.537"", "" 127.055"", ""  73.507""], ["" 125.330"", "" 126.537"", ""  74.296""]]",[],4aa_Grossjean_2025
61,11547,4ab_Grossjean_2025,receptor_tmp,1,5,-7.2,-0.2571428571428572,0.0,0.0,19,188.54,-8.69,-8.21,-0.48,-8.69,0.0,-0.79,1.49,-0.79,43,7,0.0,0.0,0.0,6.244339,8.451572,10.648834,0.65185648,-0.75734754,-0.03883084,264.719788,"350.793762, 32.128433, 55.263309, 77.965309, 100.022461, ","[["" 129.459"", "" 125.380"", ""  69.181""], ["" 129.862"", "" 124.602"", ""  70.266""], ["" 129.625"", "" 125.031"", ""  71.570""], ["" 128.985"", "" 126.254"", ""  71.812""], ["" 128.588"", "" 127.037"", ""  70.717""], ["" 128.823"", "" 126.608"", ""  69.413""], ["" 129.755"", "" 124.853"", ""  67.910""], ["" 130.614"", "" 126.641"", ""  66.770""], ["" 130.305"", "" 125.450"", ""  66.824""], ["" 129.503"", "" 123.883"", ""  67.797""], ["" 130.498"", "" 124.578"", ""  65.664""], ["" 131.447"", "" 124.687"", ""  64.635""], ["" 129.495"", "" 123.140"", ""  65.453""], ["" 131.378"", "" 123.632"", ""  63.660""], ["" 130.345"", "" 122.704"", ""  63.988""], ["" 132.126"", "" 123.365"", ""  62.482""], ["" 130.031"", "" 121.613"", ""  63.288""], ["" 131.799"", "" 122.221"", ""  61.745""], ["" 130.768"", "" 121.388"", ""  62.174""], ["" 133.261"", "" 124.242"", ""  61.974""], ["" 130.398"", "" 120.139"", ""  61.395""], ["" 132.365"", "" 125.704"", ""  64.549""], ["" 133.118"", "" 125.687"", ""  63.876""], ["" 132.319"", "" 126.505"", ""  65.164""], ["" 128.747"", "" 126.688"", ""  73.229""], ["" 129.474"", "" 127.489"", ""  73.825""], ["" 127.649"", "" 126.117"", ""  73.787""], ["" 126.430"", "" 126.837"", ""  73.906""]]",[],4ab_Grossjean_2025
62,11357,4ac_Grossjean_2025,receptor_tmp,1,15,-6.9,-0.2653846153846154,0.0,0.0,15,188.21,-8.1,-7.68,-0.41,-8.1,0.0,-0.29,1.19,-0.29,43,5,0.0,0.0,0.0,6.906067,8.457316,10.341898,0.75142991,-0.6470593,-0.1291021,273.385864,"112.07753, 288.637024, 358.40033, 4.738479, ","[["" 128.726"", "" 125.902"", ""  66.647""], ["" 129.720"", "" 125.225"", ""  66.915""], ["" 130.080"", "" 124.873"", ""  68.172""], ["" 130.879"", "" 124.259"", ""  68.253""], ["" 130.600"", "" 124.736"", ""  65.850""], ["" 130.348"", "" 123.732"", ""  64.901""], ["" 132.208"", "" 125.429"", ""  65.633""], ["" 131.436"", "" 123.505"", ""  63.988""], ["" 132.531"", "" 124.372"", ""  64.276""], ["" 131.600"", "" 122.608"", ""  62.898""], ["" 133.688"", "" 124.408"", ""  63.614""], ["" 132.813"", "" 122.643"", ""  62.201""], ["" 133.811"", "" 123.538"", ""  62.583""], ["" 130.542"", "" 121.614"", ""  62.444""], ["" 135.134"", "" 123.594"", ""  61.843""], ["" 129.176"", "" 123.022"", ""  64.834""], ["" 128.908"", "" 122.366"", ""  65.552""], ["" 128.538"", "" 123.136"", ""  64.059""], ["" 129.473"", "" 125.204"", ""  69.398""], ["" 129.870"", "" 124.453"", ""  70.505""], ["" 128.545"", "" 126.242"", ""  69.563""], ["" 129.331"", "" 124.719"", ""  71.761""], ["" 128.008"", "" 126.505"", ""  70.822""], ["" 128.398"", "" 125.741"", ""  71.932""], ["" 127.919"", "" 125.930"", ""  73.214""], ["" 126.986"", "" 126.977"", ""  73.460""]]",[],4ac_Grossjean_2025
63,11363,4ad_Grossjean_2025,receptor_tmp,1,14,-6.27,-0.26125,0.0,0.0,11,188.12,-7.16,-7.16,0.0,-7.16,0.0,-0.64,0.89,-0.64,38,5,0.0,0.0,0.0,6.878396,8.213283,9.641807,-0.22520309,-0.65953862,0.71714181,281.334656,"263.628784, 34.375313, 164.758438, ","[["" 130.538"", "" 124.641"", ""  65.793""], ["" 131.649"", "" 124.729"", ""  64.940""], ["" 131.687"", "" 123.714"", ""  63.921""], ["" 132.611"", "" 123.437"", ""  62.878""], ["" 133.871"", "" 124.248"", ""  62.617""], ["" 132.343"", "" 122.347"", ""  62.041""], ["" 131.202"", "" 121.576"", ""  62.245""], ["" 130.891"", "" 120.388"", ""  61.353""], ["" 130.299"", "" 121.809"", ""  63.228""], ["" 130.557"", "" 122.848"", ""  64.025""], ["" 129.499"", "" 123.287"", ""  65.346""], ["" 130.196"", "" 125.491"", ""  66.935""], ["" 130.483"", "" 126.690"", ""  66.934""], ["" 129.550"", "" 124.866"", ""  67.951""], ["" 129.321"", "" 123.895"", ""  67.801""], ["" 129.126"", "" 125.380"", ""  69.192""], ["" 128.096"", "" 126.324"", ""  69.142""], ["" 129.643"", "" 124.982"", ""  70.435""], ["" 127.599"", "" 126.883"", ""  70.316""], ["" 129.144"", "" 125.542"", ""  71.608""], ["" 128.127"", "" 126.492"", ""  71.544""], ["" 132.623"", "" 125.690"", ""  65.050""], ["" 132.493"", "" 126.521"", ""  65.609""], ["" 133.511"", "" 125.594"", ""  64.576""]]",[],4ad_Grossjean_2025
64,11262,4ae_Grossjean_2025,receptor_tmp,1,3,-7.44,-0.29760000000000003,0.0,0.0,7,188.8,-8.33,-7.89,-0.45,-8.33,0.0,-0.14,0.89,-0.14,65,10,0.0,0.0,0.0,5.719791,9.526277,13.81814,0.65046858,0.31993364,-0.68886363,191.969986,"128.603012, 172.802917, 70.973854, ","[["" 129.244"", "" 125.983"", ""  69.699""], ["" 129.421"", "" 125.614"", ""  68.356""], ["" 129.132"", "" 126.667"", ""  67.419""], ["" 129.173"", "" 126.724"", ""  65.999""], ["" 129.574"", "" 125.557"", ""  65.110""], ["" 128.819"", "" 127.930"", ""  65.383""], ["" 128.442"", "" 129.024"", ""  66.160""], ["" 128.047"", "" 130.341"", ""  65.517""], ["" 128.393"", "" 129.007"", ""  67.514""], ["" 128.730"", "" 127.856"", ""  68.097""], ["" 128.715"", "" 127.660"", ""  69.835""], ["" 129.415"", "" 125.162"", ""  70.900""], ["" 129.392"", "" 125.672"", ""  72.021""], ["" 129.591"", "" 123.836"", ""  70.677""], ["" 129.529"", "" 123.529"", ""  69.717""], ["" 129.784"", "" 122.805"", ""  71.613""], ["" 128.852"", "" 121.827"", ""  71.812""], ["" 130.967"", "" 122.854"", ""  72.359""], ["" 129.097"", "" 120.877"", ""  72.749""], ["" 131.205"", "" 121.868"", ""  73.319""], ["" 130.260"", "" 120.862"", ""  73.523""], ["" 128.019"", "" 119.823"", ""  72.917""], ["" 129.831"", "" 124.367"", ""  67.954""], ["" 130.750"", "" 124.206"", ""  67.569""], ["" 129.222"", "" 123.564"", ""  68.033""]]",[],4ae_Grossjean_2025
65,6733,4af_Grossjean_2025,receptor_tmp,1,15,-6.9,-0.28750000000000003,0.0,0.0,7,188.89,-7.79,-7.46,-0.33,-7.79,0.0,-0.21,0.89,-0.21,68,9,0.0,0.0,0.0,5.741213,10.002437,13.039132,-0.63848646,-0.27575721,0.71853531,169.792908,"311.423767, 175.041229, 261.713898, ","[["" 129.267"", "" 126.264"", ""  69.126""], ["" 129.357"", "" 125.764"", ""  67.817""], ["" 129.033"", "" 126.728"", ""  66.800""], ["" 128.995"", "" 126.647"", ""  65.381""], ["" 129.325"", "" 125.392"", ""  64.589""], ["" 128.627"", "" 127.797"", ""  64.671""], ["" 128.315"", "" 128.969"", ""  65.357""], ["" 127.911"", "" 130.227"", ""  64.610""], ["" 128.342"", "" 129.083"", ""  66.708""], ["" 128.691"", "" 127.986"", ""  67.381""], ["" 128.770"", "" 127.958"", ""  69.128""], ["" 129.495"", "" 125.559"", ""  70.389""], ["" 129.520"", "" 126.175"", ""  71.455""], ["" 129.652"", "" 124.217"", ""  70.283""], ["" 129.551"", "" 123.829"", ""  69.356""], ["" 129.929"", "" 123.266"", ""  71.283""], ["" 128.992"", "" 122.241"", ""  71.461""], ["" 131.079"", "" 123.247"", ""  72.094""], ["" 129.135"", "" 121.249"", ""  72.376""], ["" 131.240"", "" 122.233"", ""  73.040""], ["" 130.248"", "" 121.258"", ""  73.151""], ["" 129.720"", "" 124.476"", ""  67.516""], ["" 129.059"", "" 123.713"", ""  67.548""], ["" 130.667"", "" 124.248"", ""  67.246""]]",[],4af_Grossjean_2025
66,11813,4ag_Grossjean_2025,receptor_tmp,1,2,-7.15,-0.28600000000000003,0.0,0.0,1,189.83,-8.34,-8.19,-0.16,-8.34,0.0,-0.36,1.19,-0.36,55,6,0.0,0.0,0.0,4.676665,9.660922,15.777728,0.92584182,-0.04096069,0.3756849,203.015533,"131.006622, 16.765165, 141.008835, 123.874611, ","[["" 128.755"", "" 126.145"", ""  71.728""], ["" 129.356"", "" 124.888"", ""  71.883""], ["" 130.437"", "" 124.871"", ""  72.831""], ["" 131.301"", "" 123.837"", ""  73.279""], ["" 131.238"", "" 122.399"", ""  72.787""], ["" 132.271"", "" 124.164"", ""  74.234""], ["" 132.365"", "" 125.469"", ""  74.713""], ["" 133.407"", "" 125.847"", ""  75.749""], ["" 131.557"", "" 126.480"", ""  74.310""], ["" 130.635"", "" 126.165"", ""  73.399""], ["" 129.511"", "" 127.349"", ""  72.770""], ["" 127.633"", "" 126.516"", ""  70.864""], ["" 126.778"", "" 127.323"", ""  71.233""], ["" 127.586"", "" 125.910"", ""  69.659""], ["" 128.350"", "" 125.303"", ""  69.400""], ["" 126.574"", "" 126.147"", ""  68.630""], ["" 126.905"", "" 127.302"", ""  67.691""], ["" 125.872"", "" 128.026"", ""  67.089""], ["" 128.236"", "" 127.669"", ""  67.475""], ["" 126.172"", "" 129.097"", ""  66.250""], ["" 128.535"", "" 128.740"", ""  66.636""], ["" 127.501"", "" 129.447"", ""  66.026""], ["" 128.964"", "" 123.765"", ""  71.197""], ["" 128.012"", "" 123.428"", ""  71.228""], ["" 129.617"", "" 123.239"", ""  70.633""]]",[],4ag_Grossjean_2025
67,11442,4ah_Grossjean_2025,receptor_tmp,1,13,-6.87,-0.22161290322580646,0.0,0.0,4,189.92,-8.96,-8.72,-0.23,-8.96,0.0,-0.85,2.09,-0.85,59,10,0.0,0.0,0.0,6.427144,9.827607,12.802308,0.90752677,0.05626243,0.41620873,263.345612,"243.132629, 131.610016, 256.729858, 240.31311, 161.388885, 23.834024, 358.59198, ","[["" 129.520"", "" 128.071"", ""  69.640""], ["" 128.952"", "" 127.111"", ""  69.115""], ["" 128.223"", "" 126.222"", ""  69.822""], ["" 127.855"", "" 125.416"", ""  69.337""], ["" 128.997"", "" 126.898"", ""  67.669""], ["" 129.400"", "" 125.752"", ""  66.969""], ["" 128.434"", "" 128.158"", ""  66.570""], ["" 129.290"", "" 125.875"", ""  65.540""], ["" 128.765"", "" 127.152"", ""  65.177""], ["" 129.596"", "" 124.984"", ""  64.475""], ["" 128.538"", "" 127.573"", ""  63.933""], ["" 129.360"", "" 125.425"", ""  63.168""], ["" 128.840"", "" 126.697"", ""  62.944""], ["" 130.164"", "" 123.587"", ""  64.669""], ["" 128.570"", "" 127.195"", ""  61.535""], ["" 129.868"", "" 124.614"", ""  67.574""], ["" 129.292"", "" 124.062"", ""  68.192""], ["" 130.814"", "" 124.291"", ""  67.423""], ["" 128.043"", "" 126.236"", ""  71.273""], ["" 129.237"", "" 125.682"", ""  72.042""], ["" 129.622"", "" 124.351"", ""  71.871""], ["" 129.908"", "" 126.478"", ""  72.971""], ["" 130.692"", "" 123.812"", ""  72.602""], ["" 130.985"", "" 125.968"", ""  73.712""], ["" 131.371"", "" 124.634"", ""  73.514""], ["" 131.128"", "" 122.504"", ""  72.483""], ["" 130.786"", "" 121.560"", ""  73.491""], ["" 131.703"", "" 126.704"", ""  74.638""], ["" 133.105"", "" 126.876"", ""  74.456""], ["" 132.412"", "" 124.116"", ""  74.246""], ["" 132.112"", "" 123.921"", ""  75.621""]]",[],4ah_Grossjean_2025
68,11395,4ai_Grossjean_2025,receptor_tmp,1,4,-7.58,-0.32956521739130434,0.0,0.0,14,189.23,-8.47,-7.97,-0.5,-8.47,0.0,-0.17,0.89,-0.17,53,10,0.0,0.0,0.0,5.78465,9.881732,13.087336,0.63525949,0.31179666,-0.70656084,192.220245,"122.696121, 171.187164, 74.826553, ","[["" 129.291"", "" 126.120"", ""  69.449""], ["" 129.395"", "" 125.708"", ""  68.111""], ["" 129.077"", "" 126.736"", ""  67.157""], ["" 129.065"", "" 126.753"", ""  65.736""], ["" 129.425"", "" 125.560"", ""  64.865""], ["" 128.699"", "" 127.945"", ""  65.100""], ["" 128.363"", "" 129.065"", ""  65.859""], ["" 127.970"", "" 130.371"", ""  65.192""], ["" 128.362"", "" 129.086"", ""  67.214""], ["" 128.712"", "" 127.948"", ""  67.816""], ["" 128.767"", "" 127.802"", ""  69.559""], ["" 129.529"", "" 125.338"", ""  70.664""], ["" 129.615"", "" 125.891"", ""  71.762""], ["" 129.625"", "" 123.997"", ""  70.482""], ["" 129.525"", "" 123.653"", ""  69.539""], ["" 129.836"", "" 123.026"", ""  71.452""], ["" 129.034"", "" 122.008"", ""  71.722""], ["" 130.956"", "" 123.010"", ""  72.284""], ["" 129.631"", "" 121.288"", ""  72.758""], ["" 130.791"", "" 121.905"", ""  73.087""], ["" 129.770"", "" 124.445"", ""  67.729""], ["" 130.687"", "" 124.252"", ""  67.352""], ["" 129.135"", "" 123.663"", ""  67.808""]]",[],4ai_Grossjean_2025
69,6939,4aj_Grossjean_2025,receptor_tmp,1,2,-6.76,-0.29391304347826086,0.0,0.0,17,189.32,-7.65,-7.25,-0.4,-7.65,0.0,-0.07,0.89,-0.07,62,10,0.0,0.0,0.0,5.865453,9.809469,13.285492,0.62379159,0.31690699,-0.71446064,191.752502,"118.620842, 172.555771, 252.796707, ","[["" 129.381"", "" 126.047"", ""  69.632""], ["" 129.476"", "" 125.637"", ""  68.293""], ["" 129.127"", "" 126.660"", ""  67.343""], ["" 129.093"", "" 126.677"", ""  65.924""], ["" 129.460"", "" 125.490"", ""  65.046""], ["" 128.696"", "" 127.863"", ""  65.294""], ["" 128.350"", "" 128.975"", ""  66.056""], ["" 127.912"", "" 130.270"", ""  65.396""], ["" 128.373"", "" 128.997"", ""  67.412""], ["" 128.752"", "" 127.867"", ""  68.009""], ["" 128.836"", "" 127.721"", ""  69.750""], ["" 129.648"", "" 125.269"", ""  70.843""], ["" 129.703"", "" 125.818"", ""  71.946""], ["" 129.810"", "" 123.936"", ""  70.655""], ["" 129.738"", "" 123.590"", ""  69.709""], ["" 130.059"", "" 122.980"", ""  71.631""], ["" 129.302"", "" 121.960"", ""  71.973""], ["" 131.542"", "" 123.122"", ""  72.517""], ["" 129.853"", "" 121.251"", ""  72.940""], ["" 131.087"", "" 121.697"", ""  73.404""], ["" 129.869"", "" 124.382"", ""  67.905""], ["" 129.269"", "" 123.578"", ""  68.015""], ["" 130.778"", "" 124.219"", ""  67.495""]]",[],4aj_Grossjean_2025
70,6942,4ak_Grossjean_2025,receptor_tmp,1,2,-5.8,-0.20714285714285713,0.0,0.0,4,186.54,-9.08,-8.99,-0.1,-9.08,0.0,-0.86,3.28,-0.86,46,8,0.0,0.0,0.0,6.973238,6.459034,8.960114,0.31865596,0.92090131,0.22449757,169.586792,"58.857594, 36.790493, 10.827421, 285.270538, 22.480513, 234.732178, 71.562485, 181.870285, 0.956909, 212.31601, 61.80941, ","[["" 130.292"", "" 122.011"", ""  61.864""], ["" 131.661"", "" 121.630"", ""  61.917""], ["" 132.359"", "" 122.395"", ""  63.055""], ["" 131.583"", "" 123.526"", ""  63.563""], ["" 130.386"", "" 122.410"", ""  65.125""], ["" 130.655"", "" 123.461"", ""  64.540""], ["" 131.761"", "" 124.421"", ""  63.128""], ["" 129.986"", "" 124.716"", ""  64.877""], ["" 129.612"", "" 125.192"", ""  66.143""], ["" 129.519"", "" 125.845"", ""  63.605""], ["" 128.958"", "" 126.473"", ""  66.114""], ["" 128.838"", "" 126.952"", ""  64.776""], ["" 128.435"", "" 127.304"", ""  67.141""], ["" 128.280"", "" 128.108"", ""  64.412""], ["" 127.849"", "" 128.518"", ""  66.763""], ["" 127.793"", "" 128.876"", ""  65.418""], ["" 128.476"", "" 126.959"", ""  68.622""], ["" 127.161"", "" 130.185"", ""  64.983""], ["" 129.843"", "" 124.512"", ""  67.312""], ["" 129.091"", "" 124.243"", ""  67.931""], ["" 130.778"", "" 124.254"", ""  67.592""], ["" 129.449"", "" 121.043"", ""  61.255""], ["" 128.815"", "" 121.645"", ""  59.995""], ["" 127.617"", "" 122.324"", ""  60.349""], ["" 126.921"", "" 122.876"", ""  59.241""], ["" 127.657"", "" 122.512"", ""  57.945""], ["" 126.724"", "" 122.017"", ""  56.992""], ["" 125.654"", "" 122.913"", ""  56.732""]]",[],4ak_Grossjean_2025
71,11201,4al_Grossjean_2025,receptor_tmp,1,19,-4.96,-0.27555555555555555,0.0,0.0,1,190.42,-5.85,-5.28,-0.58,-5.85,0.0,-0.06,0.89,-0.06,34,6,0.0,0.0,0.0,5.898601,10.217606,14.151604,0.08985795,-0.99595043,-0.00287887,269.047424,"108.335854, 290.296326, 126.169067, ","[["" 129.454"", "" 126.248"", ""  71.784""], ["" 129.343"", "" 127.262"", ""  70.826""], ["" 129.365"", "" 126.791"", ""  69.469""], ["" 129.281"", "" 127.463"", ""  68.220""], ["" 129.138"", "" 128.969"", ""  68.070""], ["" 129.334"", "" 126.686"", ""  67.057""], ["" 129.465"", "" 125.302"", ""  67.148""], ["" 129.524"", "" 124.438"", ""  65.902""], ["" 129.547"", "" 124.628"", ""  68.323""], ["" 129.496"", "" 125.371"", ""  69.429""], ["" 129.589"", "" 124.660"", ""  71.024""], ["" 129.468"", "" 126.364"", ""  73.259""], ["" 130.405"", "" 126.863"", ""  73.886""], ["" 128.345"", "" 125.866"", ""  73.839""], ["" 127.104"", "" 126.546"", ""  73.727""], ["" 129.225"", "" 128.591"", ""  71.144""], ["" 128.509"", "" 128.929"", ""  71.772""], ["" 129.855"", "" 129.282"", ""  70.759""]]",[],4al_Grossjean_2025
72,11283,4ba_Grossjean_2025,receptor_tmp,2,9,-7.35,-0.23709677419354838,0.0,0.0,4,187.63,-9.14,-8.73,-0.41,-9.14,0.0,-0.57,1.79,-0.57,47,4,0.0,0.0,0.0,6.875938,8.701283,9.951711,-0.78018724,0.61781504,0.09804311,87.946892,"197.568634, 5.006291, 309.138733, 343.739746, 318.20108, 1.930985, ","[["" 129.472"", "" 125.484"", ""  68.970""], ["" 129.823"", "" 124.777"", ""  70.121""], ["" 129.247"", "" 125.095"", ""  71.347""], ["" 128.310"", "" 126.131"", ""  71.448""], ["" 127.965"", "" 126.845"", ""  70.291""], ["" 128.540"", "" 126.527"", ""  69.063""], ["" 130.121"", "" 125.085"", ""  67.785""], ["" 128.653"", "" 125.689"", ""  66.139""], ["" 129.731"", "" 125.209"", ""  66.493""], ["" 131.006"", "" 124.624"", ""  67.936""], ["" 130.683"", "" 124.703"", ""  65.502""], ["" 130.477"", "" 123.738"", ""  64.502""], ["" 132.315"", "" 125.362"", ""  65.423""], ["" 131.628"", "" 123.499"", ""  63.666""], ["" 132.714"", "" 124.338"", ""  64.064""], ["" 131.863"", "" 122.622"", ""  62.565""], ["" 133.918"", "" 124.376"", ""  63.495""], ["" 133.134"", "" 122.668"", ""  61.969""], ["" 134.108"", "" 123.538"", ""  62.451""], ["" 135.484"", "" 123.605"", ""  61.812""], ["" 129.288"", "" 123.076"", ""  64.331""], ["" 128.424"", "" 123.417"", ""  64.727""], ["" 129.237"", "" 122.214"", ""  63.806""], ["" 130.825"", "" 121.647"", ""  62.001""], ["" 131.319"", "" 120.848"", ""  61.053""], ["" 130.360"", "" 120.867"", ""  62.978""], ["" 129.813"", "" 122.327"", ""  61.462""], ["" 127.708"", "" 126.453"", ""  72.785""], ["" 128.032"", "" 125.869"", ""  73.821""], ["" 126.635"", "" 127.560"", ""  72.840""], ["" 125.424"", "" 127.253"", ""  73.741""]]",[],4ba_Grossjean_2025
73,6960,4bb_Grossjean_2025,receptor_tmp,1,10,-7.29,-0.243,0.0,0.0,19,188.13,-8.78,-8.57,-0.22,-8.78,0.0,-0.37,1.49,-0.37,54,7,0.0,0.0,0.0,6.336391,8.095108,9.526958,0.7182334,-0.68989736,-0.09045668,260.418152,"51.001835, 350.047424, 96.859856, 329.646576, 352.348755, ","[["" 128.523"", "" 125.891"", ""  66.158""], ["" 129.409"", "" 125.072"", ""  66.401""], ["" 129.866"", "" 124.791"", ""  67.646""], ["" 130.560"", "" 124.061"", ""  67.707""], ["" 130.026"", "" 124.298"", ""  65.320""], ["" 131.176"", "" 124.602"", ""  64.572""], ["" 129.353"", "" 122.740"", ""  64.848""], ["" 131.529"", "" 123.598"", ""  63.599""], ["" 130.602"", "" 122.512"", ""  63.646""], ["" 132.587"", "" 123.499"", ""  62.645""], ["" 130.640"", "" 121.422"", ""  62.881""], ["" 132.622"", "" 122.349"", ""  61.843""], ["" 131.654"", "" 121.359"", ""  61.987""], ["" 131.677"", "" 120.110"", ""  61.125""], ["" 131.900"", "" 125.754"", ""  64.743""], ["" 132.135"", "" 126.358"", ""  63.968""], ["" 132.225"", "" 126.041"", ""  65.656""], ["" 133.673"", "" 124.562"", ""  62.450""], ["" 134.667"", "" 124.153"", ""  61.657""], ["" 133.143"", "" 125.652"", ""  61.895""], ["" 134.209"", "" 124.883"", ""  63.627""], ["" 129.501"", "" 125.343"", ""  68.890""], ["" 129.867"", "" 124.598"", ""  70.013""], ["" 128.832"", "" 126.564"", ""  69.063""], ["" 129.557"", "" 125.053"", ""  71.292""], ["" 128.525"", "" 127.018"", ""  70.343""], ["" 128.883"", "" 126.267"", ""  71.471""], ["" 128.563"", "" 126.733"", ""  72.860""], ["" 128.329"", "" 125.970"", ""  73.798""], ["" 128.536"", "" 128.239"", ""  73.131""]]",[],4bb_Grossjean_2025
74,6682,4bc_Grossjean_2025,receptor_tmp,2,7,-6.61,-0.22793103448275864,0.0,0.0,8,187.57,-8.1,-7.6,-0.5,-8.1,0.0,-0.33,1.49,-0.33,51,6,0.0,0.0,0.0,6.953219,8.446063,9.687327,0.76374562,-0.62725971,-0.15243976,272.581573,"101.872627, 4.023533, 293.178558, 356.626709, 0.992612, ","[["" 128.700"", "" 125.781"", ""  66.586""], ["" 129.726"", "" 125.154"", ""  66.849""], ["" 130.109"", "" 124.825"", ""  68.107""], ["" 130.936"", "" 124.251"", ""  68.187""], ["" 130.622"", "" 124.703"", ""  65.780""], ["" 130.382"", "" 123.744"", ""  64.784""], ["" 132.237"", "" 125.391"", ""  65.627""], ["" 131.488"", "" 123.545"", ""  63.878""], ["" 132.581"", "" 124.392"", ""  64.235""], ["" 131.676"", "" 122.694"", ""  62.749""], ["" 133.755"", "" 124.454"", ""  63.608""], ["" 132.915"", "" 122.763"", ""  62.092""], ["" 133.904"", "" 123.635"", ""  62.542""], ["" 135.250"", "" 123.717"", ""  61.845""], ["" 129.202"", "" 123.053"", ""  64.675""], ["" 128.984"", "" 122.270"", ""  65.273""], ["" 128.506"", "" 123.310"", ""  63.988""], ["" 130.618"", "" 121.721"", ""  62.215""], ["" 131.058"", "" 120.981"", ""  61.195""], ["" 130.246"", "" 120.885"", ""  63.184""], ["" 129.555"", "" 122.400"", ""  61.785""], ["" 129.494"", "" 125.134"", ""  69.334""], ["" 129.875"", "" 124.355"", ""  70.428""], ["" 128.574"", "" 126.177"", ""  69.516""], ["" 129.329"", "" 124.598"", ""  71.686""], ["" 128.031"", "" 126.417"", ""  70.775""], ["" 128.404"", "" 125.624"", ""  71.872""], ["" 127.917"", "" 125.790"", ""  73.155""], ["" 127.021"", "" 126.863"", ""  73.424""]]",[],4bc_Grossjean_2025
75,11576,4bd_Grossjean_2025,receptor_tmp,1,18,-6.11,-0.2262962962962963,0.0,0.0,11,187.01,-7.31,-7.19,-0.11,-7.31,0.0,-0.36,1.19,-0.36,55,5,0.0,0.0,0.0,6.030131,8.383582,8.666639,0.53078939,0.51818661,0.6706305,139.846771,"95.106972, 10.799094, 65.977608, 219.985382, ","[["" 129.590"", "" 124.534"", ""  64.603""], ["" 129.415"", "" 125.015"", ""  65.911""], ["" 129.031"", "" 126.404"", ""  65.982""], ["" 128.761"", "" 127.282"", ""  67.073""], ["" 128.405"", "" 128.604"", ""  66.761""], ["" 128.326"", "" 129.019"", ""  65.435""], ["" 127.945"", "" 130.445"", ""  65.082""], ["" 128.577"", "" 128.210"", ""  64.379""], ["" 128.916"", "" 126.955"", ""  64.669""], ["" 129.276"", "" 125.794"", ""  63.413""], ["" 129.991"", "" 123.192"", ""  64.169""], ["" 130.048"", "" 122.262"", ""  64.976""], ["" 130.269"", "" 123.067"", ""  62.848""], ["" 130.122"", "" 123.890"", ""  62.283""], ["" 130.714"", "" 121.941"", ""  62.130""], ["" 132.079"", "" 121.908"", ""  61.828""], ["" 129.892"", "" 120.869"", ""  61.743""], ["" 132.618"", "" 120.832"", ""  61.130""], ["" 130.436"", "" 119.794"", ""  61.045""], ["" 131.794"", "" 119.780"", ""  60.739""], ["" 129.592"", "" 124.240"", ""  67.027""], ["" 128.825"", "" 123.997"", ""  67.638""], ["" 130.502"", "" 123.876"", ""  67.276""], ["" 128.838"", "" 126.873"", ""  68.548""], ["" 129.868"", "" 126.066"", ""  68.813""], ["" 128.974"", "" 127.956"", ""  69.312""], ["" 127.726"", "" 126.225"", ""  68.895""]]",[],4bd_Grossjean_2025
76,6751,4be_Grossjean_2025,receptor_tmp,1,12,-7.13,-0.2546428571428571,0.0,0.0,12,188.37,-8.32,-7.86,-0.47,-8.32,0.0,-0.17,1.19,-0.17,66,9,0.0,0.0,0.0,5.888277,9.477954,13.223687,0.631838,0.32091032,-0.70554752,191.453018,"133.340347, 168.439087, 72.277214, 224.156128, ","[["" 129.307"", "" 125.994"", ""  69.663""], ["" 129.439"", "" 125.612"", ""  68.319""], ["" 129.131"", "" 126.659"", ""  67.376""], ["" 129.145"", "" 126.717"", ""  65.950""], ["" 128.768"", "" 127.930"", ""  65.354""], ["" 128.402"", "" 129.019"", ""  66.139""], ["" 127.990"", "" 130.336"", ""  65.507""], ["" 128.382"", "" 128.998"", ""  67.492""], ["" 128.738"", "" 127.849"", ""  68.064""], ["" 128.766"", "" 127.666"", ""  69.802""], ["" 129.518"", "" 125.186"", ""  70.868""], ["" 129.647"", "" 125.721"", ""  71.971""], ["" 129.539"", "" 123.844"", ""  70.673""], ["" 129.383"", "" 123.525"", ""  69.728""], ["" 129.694"", "" 122.816"", ""  71.620""], ["" 128.770"", "" 121.822"", ""  71.770""], ["" 130.842"", "" 122.878"", ""  72.418""], ["" 128.987"", "" 120.870"", ""  72.713""], ["" 131.051"", "" 121.890"", ""  73.383""], ["" 130.114"", "" 120.868"", ""  73.538""], ["" 127.922"", "" 119.795"", ""  72.822""], ["" 129.834"", "" 124.358"", ""  67.930""], ["" 130.750"", "" 124.181"", ""  67.542""], ["" 129.215"", "" 123.563"", ""  68.013""], ["" 129.543"", "" 125.547"", ""  65.044""], ["" 128.996"", "" 124.387"", ""  65.419""], ["" 129.146"", "" 125.788"", ""  63.795""], ["" 130.866"", "" 125.390"", ""  65.064""]]",[],4be_Grossjean_2025
77,11570,4bf_Grossjean_2025,receptor_tmp,1,10,-6.57,-0.24333333333333335,0.0,0.0,5,188.48,-7.76,-7.38,-0.39,-7.76,0.0,-0.18,1.19,-0.18,73,9,0.0,0.0,0.0,5.775172,9.892028,12.535828,0.64284072,0.2814262,-0.71242901,190.297363,"312.782837, 174.922745, 82.867157, 219.717133, ","[["" 129.277"", "" 126.301"", ""  69.172""], ["" 129.387"", "" 125.814"", ""  67.859""], ["" 129.075"", "" 126.786"", ""  66.841""], ["" 129.055"", "" 126.727"", ""  65.416""], ["" 128.692"", "" 127.896"", ""  64.729""], ["" 128.368"", "" 129.053"", ""  65.432""], ["" 127.969"", "" 130.325"", ""  64.703""], ["" 128.378"", "" 129.143"", ""  66.782""], ["" 128.722"", "" 128.035"", ""  67.438""], ["" 128.775"", "" 127.989"", ""  69.185""], ["" 129.488"", "" 125.583"", ""  70.434""], ["" 129.496"", "" 126.189"", ""  71.506""], ["" 129.651"", "" 124.242"", ""  70.319""], ["" 129.563"", "" 123.863"", ""  69.388""], ["" 129.917"", "" 123.283"", ""  71.314""], ["" 128.993"", "" 122.241"", ""  71.452""], ["" 131.042"", "" 123.275"", ""  72.157""], ["" 129.127"", "" 121.241"", ""  72.360""], ["" 131.195"", "" 122.253"", ""  73.097""], ["" 130.218"", "" 121.259"", ""  73.167""], ["" 129.763"", "" 124.528"", ""  67.563""], ["" 130.716"", "" 124.290"", ""  67.329""], ["" 129.094"", "" 123.770"", ""  67.572""], ["" 129.400"", "" 125.476"", ""  64.600""], ["" 128.930"", "" 124.351"", ""  65.145""], ["" 128.879"", "" 125.575"", ""  63.378""], ["" 130.724"", "" 125.350"", ""  64.506""]]",[],4bf_Grossjean_2025
78,11413,4bg_Grossjean_2025,receptor_tmp,2,15,-6.89,-0.24607142857142855,0.0,0.0,10,188.4,-8.38,-8.22,-0.16,-8.38,0.0,-0.38,1.49,-0.38,56,9,0.0,0.0,0.0,5.184468,10.103522,11.671143,-0.66720067,-0.12044018,0.73507648,195.159821,"34.44083, 337.156616, 146.428223, 66.937241, 350.335999, ","[["" 129.098"", "" 126.917"", ""  68.063""], ["" 129.421"", "" 125.831"", ""  67.235""], ["" 129.247"", "" 126.093"", ""  65.827""], ["" 129.468"", "" 125.305"", ""  64.659""], ["" 129.175"", "" 125.898"", ""  63.420""], ["" 128.689"", "" 127.202"", ""  63.360""], ["" 128.362"", "" 127.854"", ""  62.029""], ["" 128.474"", "" 127.976"", ""  64.448""], ["" 128.753"", "" 127.419"", ""  65.627""], ["" 128.528"", "" 128.293"", ""  67.123""], ["" 129.128"", "" 126.991"", ""  69.524""], ["" 129.530"", "" 127.998"", ""  70.109""], ["" 128.653"", "" 125.911"", ""  70.179""], ["" 128.415"", "" 125.093"", ""  69.638""], ["" 128.599"", "" 125.756"", ""  71.633""], ["" 129.730"", "" 124.906"", ""  72.197""], ["" 130.429"", "" 125.332"", ""  73.331""], ["" 130.023"", "" 123.667"", ""  71.621""], ["" 131.436"", "" 124.534"", ""  73.868""], ["" 131.029"", "" 122.869"", ""  72.159""], ["" 131.733"", "" 123.307"", ""  73.278""], ["" 129.872"", "" 124.628"", ""  67.717""], ["" 130.810"", "" 124.300"", ""  67.543""], ["" 129.271"", "" 124.021"", ""  68.258""], ["" 130.000"", "" 123.868"", ""  64.675""], ["" 129.937"", "" 123.275"", ""  63.481""], ["" 131.278"", "" 123.866"", ""  65.056""], ["" 129.286"", "" 123.131"", ""  65.525""]]",[],4bg_Grossjean_2025
79,7168,4bh_Grossjean_2025,receptor_tmp,1,2,-6.62,-0.19470588235294117,0.0,0.0,6,189.05,-9.01,-8.44,-0.57,-9.01,0.0,-0.83,2.39,-0.83,69,9,0.0,0.0,0.0,6.630179,10.043768,11.604759,-0.89017918,-0.00095302,-0.4556096,114.420097,"256.401764, 236.455521, 124.848656, 247.005249, 332.250183, 148.066574, 224.792648, 341.428528, ","[["" 130.047"", "" 128.266"", ""  68.510""], ["" 129.267"", "" 127.366"", ""  68.191""], ["" 128.365"", "" 126.851"", ""  69.052""], ["" 127.815"", "" 126.060"", ""  68.748""], ["" 129.239"", "" 126.827"", ""  66.831""], ["" 129.489"", "" 125.513"", ""  66.407""], ["" 128.780"", "" 127.861"", ""  65.482""], ["" 129.345"", "" 125.316"", ""  64.986""], ["" 128.950"", "" 126.536"", ""  64.354""], ["" 129.514"", "" 124.179"", ""  64.141""], ["" 128.722"", "" 126.699"", ""  63.051""], ["" 129.275"", "" 124.358"", ""  62.769""], ["" 128.889"", "" 125.602"", ""  62.277""], ["" 128.623"", "" 125.809"", ""  60.797""], ["" 129.848"", "" 124.504"", ""  67.264""], ["" 129.175"", "" 124.050"", ""  67.867""], ["" 130.803"", "" 124.183"", ""  67.328""], ["" 129.940"", "" 122.793"", ""  64.636""], ["" 129.127"", "" 122.299"", ""  65.573""], ["" 129.943"", "" 121.932"", ""  63.618""], ["" 131.163"", "" 122.858"", ""  65.162""], ["" 128.216"", "" 127.235"", ""  70.456""], ["" 128.963"", "" 126.320"", ""  71.419""], ["" 129.664"", "" 126.861"", ""  72.497""], ["" 129.010"", "" 124.944"", ""  71.190""], ["" 130.391"", "" 126.038"", ""  73.370""], ["" 129.723"", "" 124.095"", ""  72.051""], ["" 130.405"", "" 124.654"", ""  73.141""], ["" 131.106"", "" 126.505"", ""  74.458""], ["" 132.525"", "" 126.406"", ""  74.458""], ["" 129.801"", "" 122.723"", ""  71.892""], ["" 128.724"", "" 122.030"", ""  71.269""], ["" 131.122"", "" 123.836"", ""  73.982""], ["" 132.124"", "" 123.070"", ""  73.326""]]",[],4bh_Grossjean_2025
80,11187,4bi_Grossjean_2025,receptor_tmp,2,19,-7.29,-0.2803846153846154,0.0,0.0,17,188.72,-8.48,-7.91,-0.57,-8.48,0.0,-0.14,1.19,-0.14,60,10,0.0,0.0,0.0,5.83574,9.701288,12.548535,-0.63718766,-0.3157681,0.70305219,168.882294,"119.929085, 171.373001, 249.19928, 217.85144, ","[["" 129.301"", "" 126.063"", ""  69.457""], ["" 129.433"", "" 125.644"", ""  68.122""], ["" 129.115"", "" 126.661"", ""  67.151""], ["" 129.124"", "" 126.676"", ""  65.724""], ["" 128.741"", "" 127.871"", ""  65.093""], ["" 128.375"", "" 128.982"", ""  65.849""], ["" 127.964"", "" 130.282"", ""  65.181""], ["" 128.358"", "" 128.999"", ""  67.201""], ["" 128.720"", "" 127.867"", ""  67.806""], ["" 128.752"", "" 127.735"", ""  69.548""], ["" 129.528"", "" 125.293"", ""  70.683""], ["" 129.590"", "" 125.856"", ""  71.778""], ["" 129.639"", "" 123.951"", ""  70.516""], ["" 129.558"", "" 123.598"", ""  69.574""], ["" 129.843"", "" 122.991"", ""  71.498""], ["" 129.018"", "" 122.002"", ""  71.799""], ["" 130.977"", "" 122.957"", ""  72.307""], ["" 129.613"", "" 121.283"", ""  72.839""], ["" 130.796"", "" 121.872"", ""  73.134""], ["" 129.834"", "" 124.381"", ""  67.770""], ["" 129.252"", "" 123.570"", ""  67.930""], ["" 130.734"", "" 124.215"", ""  67.340""], ["" 129.526"", "" 125.484"", ""  64.850""], ["" 129.098"", "" 124.315"", ""  65.334""], ["" 129.009"", "" 125.623"", ""  63.630""], ["" 130.854"", "" 125.416"", ""  64.761""]]",[],4bi_Grossjean_2025
81,11564,4bj_Grossjean_2025,receptor_tmp,1,10,-6.48,-0.24923076923076926,0.0,0.0,10,188.8,-7.67,-7.25,-0.43,-7.67,0.0,-0.04,1.19,-0.04,67,10,0.0,0.0,0.0,5.835649,9.665147,12.710193,-0.63388702,-0.32068924,0.70380797,169.123581,"115.524811, 177.225723, 73.892944, 220.219879, ","[["" 129.306"", "" 126.022"", ""  69.605""], ["" 129.448"", "" 125.611"", ""  68.270""], ["" 129.127"", "" 126.632"", ""  67.302""], ["" 129.140"", "" 126.655"", ""  65.875""], ["" 128.751"", "" 127.850"", ""  65.249""], ["" 128.369"", "" 128.953"", ""  66.010""], ["" 127.940"", "" 130.249"", ""  65.347""], ["" 128.348"", "" 128.963"", ""  67.363""], ["" 128.719"", "" 127.832"", ""  67.961""], ["" 128.744"", "" 127.690"", ""  69.703""], ["" 129.535"", "" 125.249"", ""  70.827""], ["" 129.467"", "" 125.785"", ""  71.936""], ["" 129.803"", "" 123.933"", ""  70.642""], ["" 129.826"", "" 123.593"", ""  69.692""], ["" 130.045"", "" 122.984"", ""  71.627""], ["" 129.311"", "" 121.939"", ""  71.940""], ["" 131.487"", "" 123.175"", ""  72.572""], ["" 129.847"", "" 121.248"", ""  72.926""], ["" 131.047"", "" 121.732"", ""  73.436""], ["" 129.862"", "" 124.354"", ""  67.911""], ["" 130.788"", "" 124.178"", ""  67.550""], ["" 129.246"", "" 123.556"", ""  67.992""], ["" 129.549"", "" 125.468"", ""  64.996""], ["" 129.089"", "" 124.300"", ""  65.450""], ["" 129.071"", "" 125.634"", ""  63.763""], ["" 130.878"", "" 125.382"", ""  64.947""]]",[],4bj_Grossjean_2025
82,11342,4bk_Grossjean_2025,receptor_tmp,1,13,-5.96,-0.19225806451612903,0.0,0.0,2,188.23,-9.54,-9.29,-0.25,-9.54,0.0,-1.2,3.58,-1.2,75,11,0.0,0.0,0.0,2.867811,6.448141,13.617033,0.65707933,-0.73351144,-0.1738037,266.587677,"256.734406, 229.38176, 147.38147, 120.622726, 327.405304, 318.229309, 246.813721, 103.3461, 49.810028, 336.318115, 303.591888, 263.393982, ","[["" 129.955"", "" 124.034"", ""  71.115""], ["" 129.237"", "" 124.912"", ""  71.975""], ["" 129.066"", "" 126.276"", ""  71.284""], ["" 129.046"", "" 126.195"", ""  69.823""], ["" 129.488"", "" 128.371"", ""  69.385""], ["" 129.245"", "" 127.232"", ""  68.983""], ["" 128.852"", "" 125.287"", ""  69.429""], ["" 129.166"", "" 126.927"", ""  67.553""], ["" 129.462"", "" 125.723"", ""  66.899""], ["" 128.680"", "" 128.176"", ""  66.409""], ["" 129.295"", "" 125.773"", ""  65.467""], ["" 128.866"", "" 127.076"", ""  65.064""], ["" 129.475"", "" 124.806"", ""  64.434""], ["" 128.621"", "" 127.461"", ""  63.812""], ["" 129.217"", "" 125.219"", ""  63.117""], ["" 128.802"", "" 126.522"", ""  62.854""], ["" 128.519"", "" 126.984"", ""  61.436""], ["" 129.872"", "" 124.592"", ""  67.558""], ["" 129.225"", "" 124.008"", ""  68.071""], ["" 130.839"", "" 124.300"", ""  67.549""], ["" 129.925"", "" 123.362"", ""  64.673""], ["" 129.232"", "" 122.751"", ""  65.637""], ["" 129.770"", "" 122.650"", ""  63.557""], ["" 131.208"", "" 123.343"", ""  65.032""], ["" 130.917"", "" 123.233"", ""  71.786""], ["" 130.225"", "" 121.999"", ""  72.380""], ["" 128.857"", "" 121.993"", ""  71.994""], ["" 128.252"", "" 120.709"", ""  72.044""], ["" 127.540"", "" 120.429"", ""  70.714""], ["" 127.248"", "" 119.041"", ""  70.616""], ["" 126.268"", "" 118.602"", ""  71.545""]]",[],4bk_Grossjean_2025
83,11230,4ca_Grossjean_2025,receptor_tmp,1,6,-7.39,-0.19972972972972972,0.0,0.0,19,187.08,-9.77,-9.46,-0.32,-9.77,0.0,-0.87,2.39,-0.87,54,6,0.0,0.0,0.0,5.548088,8.895111,10.263223,-0.52812098,0.84867941,0.02883551,90.096626,"272.619415, 127.04023, 116.1455, 334.003723, 32.559067, 308.042908, 82.613945, 63.639454, ","[["" 128.643"", "" 126.011"", ""  70.040""], ["" 129.482"", "" 125.381"", ""  70.959""], ["" 129.324"", "" 125.601"", ""  72.325""], ["" 128.316"", "" 126.452"", ""  72.798""], ["" 127.470"", "" 127.077"", ""  71.869""], ["" 127.628"", "" 126.860"", ""  70.503""], ["" 128.886"", "" 125.710"", ""  68.685""], ["" 128.734"", "" 127.742"", ""  67.646""], ["" 128.899"", "" 126.522"", ""  67.599""], ["" 129.092"", "" 124.738"", ""  68.509""], ["" 129.147"", "" 125.853"", ""  66.320""], ["" 128.825"", "" 126.290"", ""  65.024""], ["" 129.905"", "" 124.262"", ""  66.285""], ["" 129.184"", "" 125.359"", ""  63.982""], ["" 129.788"", "" 124.196"", ""  64.543""], ["" 129.051"", "" 125.388"", ""  62.564""], ["" 130.228"", "" 123.143"", ""  63.858""], ["" 129.514"", "" 124.272"", ""  61.852""], ["" 130.081"", "" 123.174"", ""  62.508""], ["" 128.225"", "" 127.495"", ""  64.766""], ["" 128.762"", "" 128.327"", ""  64.561""], ["" 127.218"", "" 127.594"", ""  64.768""], ["" 128.437"", "" 126.555"", ""  61.782""], ["" 127.223"", "" 126.897"", ""  62.218""], ["" 129.217"", "" 127.631"", ""  61.889""], ["" 128.319"", "" 126.223"", ""  60.496""], ["" 130.579"", "" 121.968"", ""  61.765""], ["" 131.908"", "" 121.896"", ""  61.319""], ["" 129.728"", "" 120.883"", ""  61.486""], ["" 132.374"", "" 120.783"", ""  60.625""], ["" 130.190"", "" 119.768"", ""  60.791""], ["" 131.513"", "" 119.722"", ""  60.364""], ["" 128.170"", "" 126.664"", ""  74.276""], ["" 129.039"", "" 127.194"", ""  74.976""], ["" 126.987"", "" 126.212"", ""  74.768""], ["" 125.896"", "" 127.097"", ""  74.986""], ["" 124.653"", "" 126.560"", ""  74.270""]]",[],4ca_Grossjean_2025
84,6565,4cb_Grossjean_2025,receptor_tmp,1,6,-7.08,-0.19666666666666666,0.0,0.0,19,187.09,-9.16,-8.79,-0.37,-9.16,0.0,-0.72,2.09,-0.72,55,7,0.0,0.0,0.0,5.680512,8.777706,9.993915,-0.52115569,0.85313899,0.02346496,91.107239,"94.395386, 127.024132, 296.803009, 336.074677, 31.816658, 96.022018, 69.552994, ","[["" 128.769"", "" 126.023"", ""  70.038""], ["" 129.611"", "" 125.379"", ""  70.945""], ["" 129.481"", "" 125.605"", ""  72.312""], ["" 128.500"", "" 126.478"", ""  72.800""], ["" 127.652"", "" 127.120"", ""  71.886""], ["" 127.781"", "" 126.896"", ""  70.518""], ["" 128.979"", "" 125.710"", ""  68.681""], ["" 128.795"", "" 127.731"", ""  67.626""], ["" 128.962"", "" 126.511"", ""  67.588""], ["" 129.180"", "" 124.735"", ""  68.510""], ["" 129.182"", "" 125.829"", ""  66.310""], ["" 128.869"", "" 126.272"", ""  65.014""], ["" 129.884"", "" 124.213"", ""  66.276""], ["" 129.194"", "" 125.327"", ""  63.973""], ["" 129.758"", "" 124.144"", ""  64.534""], ["" 129.059"", "" 125.360"", ""  62.555""], ["" 130.160"", "" 123.077"", ""  63.849""], ["" 129.482"", "" 124.228"", ""  61.843""], ["" 130.012"", "" 123.112"", ""  62.499""], ["" 128.305"", "" 127.495"", ""  64.754""], ["" 127.306"", "" 127.640"", ""  64.784""], ["" 128.874"", "" 128.299"", ""  64.527""], ["" 128.485"", "" 126.548"", ""  61.773""], ["" 127.283"", "" 126.930"", ""  62.210""], ["" 129.301"", "" 127.596"", ""  61.884""], ["" 128.357"", "" 126.223"", ""  60.487""], ["" 130.470"", "" 121.891"", ""  61.755""], ["" 129.579"", "" 120.840"", ""  61.484""], ["" 131.799"", "" 121.759"", ""  61.317""], ["" 129.997"", "" 119.702"", ""  60.798""], ["" 132.221"", "" 120.626"", ""  60.629""], ["" 131.317"", "" 119.600"", ""  60.371""], ["" 128.381"", "" 126.693"", ""  74.282""], ["" 129.227"", "" 127.297"", ""  74.949""], ["" 127.252"", "" 126.157"", ""  74.813""], ["" 126.023"", "" 126.869"", ""  74.788""]]",[],4cb_Grossjean_2025
85,6807,4cc_Grossjean_2025,receptor_tmp,1,5,-6.86,-0.20176470588235296,0.0,0.0,1,187.32,-8.65,-8.29,-0.36,-8.65,0.0,-0.6,1.79,-0.6,43,8,0.0,0.0,0.0,6.425425,8.968831,9.08007,-0.04084691,-0.91775663,0.3950371,275.369476,"85.166031, 257.028137, 325.710754, 74.107552, 15.68865, 37.545029, ","[["" 130.267"", "" 127.553"", ""  67.715""], ["" 129.872"", "" 126.420"", ""  67.437""], ["" 129.296"", "" 125.579"", ""  68.329""], ["" 129.077"", "" 124.653"", ""  67.993""], ["" 130.007"", "" 125.896"", ""  66.074""], ["" 131.167"", "" 125.456"", ""  65.416""], ["" 128.592"", "" 125.755"", ""  65.032""], ["" 130.943"", "" 125.007"", ""  64.064""], ["" 129.563"", "" 125.118"", ""  63.726""], ["" 131.809"", "" 124.497"", ""  63.054""], ["" 129.021"", "" 124.786"", ""  62.556""], ["" 131.227"", "" 124.151"", ""  61.823""], ["" 129.856"", "" 124.309"", ""  61.598""], ["" 132.407"", "" 125.453"", ""  66.002""], ["" 133.055"", "" 126.219"", ""  65.884""], ["" 132.717"", "" 124.679"", ""  66.573""], ["" 133.319"", "" 124.304"", ""  63.231""], ["" 133.629"", "" 123.217"", ""  63.943""], ["" 133.900"", "" 124.178"", ""  62.038""], ["" 133.837"", "" 125.356"", ""  63.864""], ["" 129.217"", "" 123.940"", ""  60.290""], ["" 129.605"", "" 124.572"", ""  59.098""], ["" 128.210"", "" 122.962"", ""  60.222""], ["" 129.014"", "" 124.237"", ""  57.882""], ["" 127.618"", "" 122.623"", ""  59.008""], ["" 128.024"", "" 123.262"", ""  57.841""], ["" 128.989"", "" 125.794"", ""  69.686""], ["" 129.536"", "" 124.886"", ""  70.593""], ["" 128.154"", "" 126.820"", ""  70.154""], ["" 129.274"", "" 125.011"", ""  71.955""], ["" 127.895"", "" 126.941"", ""  71.516""], ["" 128.456"", "" 126.036"", ""  72.430""], ["" 128.252"", "" 126.079"", ""  73.795""], ["" 127.192"", "" 126.875"", ""  74.315""]]",[],4cc_Grossjean_2025
86,7299,4cd_Grossjean_2025,receptor_tmp,1,13,-7.06,-0.220625,0.0,0.0,19,186.57,-8.55,-8.45,-0.1,-8.55,0.0,-0.88,1.49,-0.88,52,5,0.0,0.0,0.0,5.72276,9.351138,8.462618,0.45980923,0.56228355,0.68732284,142.324905,"110.075172, 353.29248, 37.01915, 214.479202, 237.536453, ","[["" 129.792"", "" 124.415"", ""  64.526""], ["" 129.501"", "" 124.932"", ""  65.799""], ["" 128.914"", "" 126.250"", ""  65.780""], ["" 128.478"", "" 127.133"", ""  66.808""], ["" 127.947"", "" 128.371"", ""  66.410""], ["" 127.854"", "" 128.721"", ""  65.060""], ["" 128.256"", "" 127.881"", ""  64.070""], ["" 128.765"", "" 126.707"", ""  64.438""], ["" 129.332"", "" 125.550"", ""  63.258""], ["" 130.403"", "" 123.128"", ""  64.181""], ["" 130.854"", "" 122.391"", ""  65.058""], ["" 130.419"", "" 122.829"", ""  62.859""], ["" 129.960"", "" 123.488"", ""  62.248""], ["" 130.970"", "" 121.715"", ""  62.198""], ["" 132.325"", "" 121.806"", ""  61.870""], ["" 130.258"", "" 120.541"", ""  61.895""], ["" 132.964"", "" 120.750"", ""  61.227""], ["" 130.901"", "" 119.486"", ""  61.251""], ["" 132.249"", "" 119.596"", ""  60.918""], ["" 129.751"", "" 124.250"", ""  66.962""], ["" 129.125"", "" 124.297"", ""  67.754""], ["" 130.573"", "" 123.671"", ""  67.066""], ["" 128.553"", "" 126.815"", ""  68.306""], ["" 129.621"", "" 126.082"", ""  68.633""], ["" 128.617"", "" 127.948"", ""  69.006""], ["" 127.472"", "" 126.129"", ""  68.676""], ["" 127.288"", "" 130.038"", ""  64.615""], ["" 125.941"", "" 130.149"", ""  64.234""], ["" 128.083"", "" 131.197"", ""  64.573""], ["" 125.408"", "" 131.368"", ""  63.821""], ["" 127.556"", "" 132.416"", ""  64.159""], ["" 126.219"", "" 132.497"", ""  63.783""]]",[],4cd_Grossjean_2025
87,11924,4ce_Grossjean_2025,receptor_tmp,1,16,-8.17,-0.24757575757575756,0.0,0.0,6,188.0,-9.66,-9.21,-0.45,-9.66,0.0,-0.46,1.49,-0.46,78,8,0.0,0.0,0.0,5.351467,10.305528,12.197368,-0.61827856,-0.33554118,0.71073465,174.132782,"110.260811, 153.326859, 254.1866, 219.310013, 288.082825, ","[["" 129.142"", "" 125.994"", ""  69.383""], ["" 129.329"", "" 125.558"", ""  68.060""], ["" 128.881"", "" 126.499"", ""  67.062""], ["" 128.879"", "" 126.475"", ""  65.637""], ["" 128.359"", "" 127.600"", ""  64.977""], ["" 127.864"", "" 128.697"", ""  65.690""], ["" 127.847"", "" 128.723"", ""  67.049""], ["" 128.344"", "" 127.664"", ""  67.684""], ["" 128.395"", "" 127.589"", ""  69.428""], ["" 129.506"", "" 125.315"", ""  70.628""], ["" 129.692"", "" 125.955"", ""  71.665""], ["" 129.620"", "" 123.965"", ""  70.545""], ["" 129.502"", "" 123.559"", ""  69.629""], ["" 129.935"", "" 123.044"", ""  71.560""], ["" 129.117"", "" 121.994"", ""  71.861""], ["" 131.153"", "" 123.242"", ""  72.223""], ["" 129.500"", "" 121.131"", ""  72.837""], ["" 131.532"", "" 122.347"", ""  73.225""], ["" 130.699"", "" 121.273"", ""  73.542""], ["" 128.546"", "" 119.985"", ""  73.118""], ["" 129.889"", "" 124.348"", ""  67.741""], ["" 129.387"", "" 123.479"", ""  67.856""], ["" 130.831"", "" 124.284"", ""  67.379""], ["" 129.407"", "" 125.309"", ""  64.795""], ["" 129.106"", "" 124.114"", ""  65.307""], ["" 128.879"", "" 125.363"", ""  63.571""], ["" 130.734"", "" 125.382"", ""  64.705""], ["" 127.303"", "" 129.908"", ""  65.005""], ["" 128.082"", "" 131.065"", ""  64.843""], ["" 125.986"", "" 129.923"", ""  64.517""], ["" 127.565"", "" 132.195"", ""  64.215""], ["" 125.466"", "" 131.050"", ""  63.886""], ["" 126.259"", "" 132.183"", ""  63.737""]]",[],4ce_Grossjean_2025
88,11247,4cf_Grossjean_2025,receptor_tmp,1,6,-7.61,-0.2378125,0.0,0.0,6,187.96,-9.1,-8.7,-0.4,-9.1,0.0,-0.44,1.49,-0.44,78,8,0.0,0.0,0.0,5.501789,10.71068,11.509962,-0.64450729,-0.27526347,0.71333048,171.780991,"308.578308, 177.767212, 77.085838, 217.280212, 172.41217, ","[["" 129.288"", "" 126.319"", ""  68.948""], ["" 129.410"", "" 125.772"", ""  67.660""], ["" 129.101"", "" 126.696"", ""  66.596""], ["" 129.090"", "" 126.574"", ""  65.177""], ["" 128.718"", "" 127.708"", ""  64.437""], ["" 128.371"", "" 128.905"", ""  65.068""], ["" 128.395"", "" 129.039"", ""  66.421""], ["" 128.742"", "" 127.968"", ""  67.131""], ["" 128.790"", "" 128.008"", ""  68.878""], ["" 129.486"", "" 125.660"", ""  70.243""], ["" 129.426"", "" 126.306"", ""  71.290""], ["" 129.719"", "" 124.327"", ""  70.186""], ["" 129.688"", "" 123.909"", ""  69.267""], ["" 129.996"", "" 123.419"", ""  71.226""], ["" 129.088"", "" 122.369"", ""  71.409""], ["" 131.117"", "" 123.467"", ""  72.076""], ["" 129.231"", "" 121.414"", ""  72.363""], ["" 131.280"", "" 122.491"", ""  73.061""], ["" 130.317"", "" 121.488"", ""  73.173""], ["" 129.789"", "" 124.475"", ""  67.427""], ["" 130.722"", "" 124.237"", ""  67.124""], ["" 129.142"", "" 123.708"", ""  67.553""], ["" 129.453"", "" 125.291"", ""  64.421""], ["" 129.031"", "" 124.183"", ""  65.034""], ["" 128.900"", "" 125.310"", ""  63.208""], ["" 130.778"", "" 125.198"", ""  64.299""], ["" 127.969"", "" 130.127"", ""  64.294""], ["" 128.010"", "" 131.398"", ""  64.888""], ["" 127.549"", "" 130.036"", ""  62.955""], ["" 127.640"", "" 132.537"", ""  64.177""], ["" 127.178"", "" 131.171"", ""  62.240""], ["" 127.225"", "" 132.418"", ""  62.855""]]",[],4cf_Grossjean_2025
89,11621,4cg_Grossjean_2025,receptor_tmp,1,6,-7.29,-0.22090909090909092,0.0,0.0,7,183.75,-9.08,-8.97,-0.11,-9.08,0.0,-0.97,1.79,-0.97,66,4,0.0,0.0,0.0,3.600474,8.865127,4.685278,-0.79838368,0.56290063,-0.21383725,130.210037,"144.656143, 77.538483, 323.237, 179.506989, 357.25235, 140.681107, ","[["" 126.839"", "" 126.587"", ""  60.835""], ["" 126.513"", "" 125.696"", ""  59.802""], ["" 127.287"", "" 124.479"", ""  59.809""], ["" 127.307"", "" 123.335"", ""  58.961""], ["" 128.209"", "" 122.309"", ""  59.286""], ["" 129.050"", "" 122.406"", ""  60.401""], ["" 129.048"", "" 123.499"", ""  61.207""], ["" 128.197"", "" 124.476"", ""  60.908""], ["" 128.100"", "" 125.929"", ""  61.875""], ["" 126.236"", "" 127.881"", ""  61.148""], ["" 125.747"", "" 128.592"", ""  60.268""], ["" 126.284"", "" 128.259"", ""  62.443""], ["" 126.632"", "" 127.595"", ""  63.119""], ["" 125.727"", "" 129.496"", ""  62.986""], ["" 125.353"", "" 129.397"", ""  64.461""], ["" 124.119"", "" 129.884"", ""  64.899""], ["" 126.217"", "" 128.767"", ""  65.362""], ["" 123.760"", "" 129.767"", ""  66.240""], ["" 125.859"", "" 128.652"", ""  66.702""], ["" 124.634"", "" 129.154"", ""  67.136""], ["" 125.550"", "" 125.959"", ""  58.861""], ["" 125.011"", "" 126.813"", ""  58.871""], ["" 125.353"", "" 125.305"", ""  58.116""], ["" 126.415"", "" 123.164"", ""  57.726""], ["" 126.668"", "" 122.043"", ""  57.048""], ["" 125.135"", "" 123.127"", ""  58.097""], ["" 126.602"", "" 124.185"", ""  56.891""], ["" 130.024"", "" 121.321"", ""  60.764""], ["" 131.408"", "" 121.557"", ""  60.743""], ["" 129.580"", "" 120.037"", ""  61.130""], ["" 132.314"", "" 120.556"", ""  61.078""], ["" 130.482"", "" 119.032"", ""  61.466""], ["" 131.847"", "" 119.295"", ""  61.439""]]",[],4cg_Grossjean_2025
90,7090,4ch_Grossjean_2025,receptor_tmp,1,14,-6.96,-0.17846153846153845,0.0,0.0,17,188.56,-9.65,-8.85,-0.79,-9.65,0.0,-1.57,2.68,-1.57,58,9,0.0,0.0,0.0,4.779232,9.20078,9.261715,-0.06843873,-0.58939461,0.80494107,183.355759,"157.909073, 5.919007, 108.281212, 352.391449, 306.03952, 32.151138, 202.033905, 49.198013, 181.654343, ","[["" 128.000"", "" 127.784"", ""  67.123""], ["" 128.342"", "" 126.601"", ""  67.170""], ["" 128.118"", "" 125.824"", ""  68.250""], ["" 128.378"", "" 124.849"", ""  68.199""], ["" 129.053"", "" 125.966"", ""  66.060""], ["" 129.400"", "" 126.514"", ""  64.815""], ["" 129.540"", "" 124.278"", ""  66.173""], ["" 130.088"", "" 125.596"", ""  63.939""], ["" 130.228"", "" 124.323"", ""  64.568""], ["" 130.628"", "" 125.724"", ""  62.628""], ["" 130.811"", "" 123.254"", ""  64.031""], ["" 131.240"", "" 124.589"", ""  62.071""], ["" 131.312"", "" 123.383"", ""  62.775""], ["" 129.121"", "" 127.810"", ""  64.462""], ["" 128.387"", "" 128.340"", ""  64.911""], ["" 129.646"", "" 128.282"", ""  63.739""], ["" 130.583"", "" 127.014"", ""  61.802""], ["" 131.053"", "" 126.859"", ""  60.561""], ["" 129.326"", "" 127.442"", ""  61.701""], ["" 131.321"", "" 127.954"", ""  62.392""], ["" 131.969"", "" 122.160"", ""  62.201""], ["" 133.362"", "" 121.995"", ""  62.267""], ["" 131.214"", "" 121.153"", ""  61.577""], ["" 133.978"", "" 120.864"", ""  61.736""], ["" 131.825"", "" 120.020"", ""  61.047""], ["" 133.207"", "" 119.880"", ""  61.129""], ["" 127.431"", "" 126.243"", ""  69.472""], ["" 128.344"", "" 126.393"", ""  70.683""], ["" 128.483"", "" 127.635"", ""  71.305""], ["" 129.013"", "" 125.284"", ""  71.204""], ["" 129.301"", "" 127.786"", ""  72.438""], ["" 129.835"", "" 125.406"", ""  72.335""], ["" 129.975"", "" 126.664"", ""  72.939""], ["" 129.486"", "" 128.984"", ""  73.102""], ["" 129.932"", "" 130.124"", ""  72.375""], ["" 130.527"", "" 124.351"", ""  72.903""], ["" 131.020"", "" 123.308"", ""  72.068""], ["" 130.765"", "" 126.794"", ""  74.056""], ["" 130.252"", "" 126.137"", ""  75.207""]]",[],4ch_Grossjean_2025
91,6995,4ci_Grossjean_2025,receptor_tmp,1,16,-8.49,-0.2738709677419355,0.0,0.0,17,188.3,-9.98,-9.41,-0.57,-9.98,0.0,-0.47,1.49,-0.47,67,9,0.0,0.0,0.0,5.238607,10.472816,11.768256,-0.62114633,-0.33265902,0.70958806,172.494995,"118.667961, 157.596741, 73.805145, 221.003357, 285.044312, ","[["" 129.128"", "" 126.000"", ""  69.401""], ["" 129.329"", "" 125.573"", ""  68.078""], ["" 128.903"", "" 126.526"", ""  67.081""], ["" 128.906"", "" 126.508"", ""  65.657""], ["" 128.407"", "" 127.644"", ""  64.999""], ["" 127.932"", "" 128.749"", ""  65.712""], ["" 127.913"", "" 128.770"", ""  67.070""], ["" 128.384"", "" 127.699"", ""  67.704""], ["" 128.417"", "" 127.611"", ""  69.450""], ["" 129.448"", "" 125.296"", ""  70.646""], ["" 129.563"", "" 125.914"", ""  71.707""], ["" 129.614"", "" 123.954"", ""  70.531""], ["" 129.506"", "" 123.555"", ""  69.611""], ["" 129.923"", "" 123.051"", ""  71.540""], ["" 129.179"", "" 122.025"", ""  71.918""], ["" 131.093"", "" 123.122"", ""  72.295""], ["" 129.864"", "" 121.390"", ""  72.955""], ["" 131.020"", "" 122.064"", ""  73.171""], ["" 129.875"", "" 124.359"", ""  67.755""], ["" 130.819"", "" 124.273"", ""  67.403""], ["" 129.352"", "" 123.501"", ""  67.865""], ["" 129.412"", "" 125.333"", ""  64.812""], ["" 129.060"", "" 124.144"", ""  65.304""], ["" 128.911"", "" 125.418"", ""  63.580""], ["" 130.743"", "" 125.362"", ""  64.749""], ["" 127.389"", "" 129.970"", ""  65.026""], ["" 128.179"", "" 131.121"", ""  64.874""], ["" 126.077"", "" 130.000"", ""  64.523""], ["" 127.682"", "" 132.256"", ""  64.238""], ["" 125.576"", "" 131.132"", ""  63.885""], ["" 126.382"", "" 132.256"", ""  63.744""]]",[],4ci_Grossjean_2025
92,11938,4cj_Grossjean_2025,receptor_tmp,1,19,-7.71,-0.24870967741935485,0.0,0.0,13,188.27,-9.2,-8.8,-0.4,-9.2,0.0,-0.37,1.49,-0.37,66,8,0.0,0.0,0.0,5.223844,10.412435,11.832916,0.62156863,0.33926214,-0.70608331,187.198868,"125.28405, 156.438385, 257.198273, 219.554672, 108.539986, ","[["" 129.117"", "" 125.932"", ""  69.450""], ["" 129.322"", "" 125.513"", ""  68.125""], ["" 128.879"", "" 126.460"", ""  67.131""], ["" 128.881"", "" 126.448"", ""  65.707""], ["" 128.367"", "" 127.579"", ""  65.054""], ["" 127.879"", "" 128.675"", ""  65.773""], ["" 127.856"", "" 128.689"", ""  67.130""], ["" 128.342"", "" 127.622"", ""  67.759""], ["" 128.375"", "" 127.529"", ""  69.504""], ["" 129.452"", "" 125.231"", ""  70.692""], ["" 129.583"", "" 125.851"", ""  71.750""], ["" 129.611"", "" 123.889"", ""  70.579""], ["" 129.498"", "" 123.485"", ""  69.661""], ["" 129.927"", "" 122.999"", ""  71.596""], ["" 129.300"", "" 121.889"", ""  71.921""], ["" 131.317"", "" 123.366"", ""  72.568""], ["" 129.879"", "" 121.286"", ""  72.940""], ["" 131.006"", "" 121.910"", ""  73.466""], ["" 129.894"", "" 124.310"", ""  67.798""], ["" 129.379"", "" 123.441"", ""  67.849""], ["" 130.855"", "" 124.252"", ""  67.489""], ["" 129.403"", "" 125.283"", ""  64.858""], ["" 129.103"", "" 124.087"", ""  65.367""], ["" 128.871"", "" 125.343"", ""  63.637""], ["" 130.731"", "" 125.354"", ""  64.762""], ["" 127.335"", "" 129.900"", ""  65.094""], ["" 126.006"", "" 129.940"", ""  64.642""], ["" 128.138"", "" 131.033"", ""  64.884""], ["" 125.497"", "" 131.070"", ""  64.007""], ["" 127.634"", "" 132.165"", ""  64.249""], ["" 126.315"", "" 132.180"", ""  63.813""]]",[],4cj_Grossjean_2025
93,11648,4ck_Grossjean_2025,receptor_tmp,1,5,-6.07,-0.16861111111111113,0.0,0.0,1,185.44,-9.95,-9.34,-0.6,-9.95,0.0,-1.3,3.88,-1.3,65,8,0.0,0.0,0.0,5.232614,4.287107,14.034489,-0.89001807,0.36275262,-0.27618541,198.268356,"192.975998, 124.160973, 305.615692, 315.941956, 23.759455, 166.535767, 206.083771, 353.543823, 165.909592, 325.993835, 128.134933, 338.738342, 261.750519, ","[["" 128.987"", "" 125.020"", ""  72.550""], ["" 128.154"", "" 125.800"", ""  71.703""], ["" 129.020"", "" 126.749"", ""  70.860""], ["" 129.100"", "" 126.325"", ""  69.462""], ["" 129.868"", "" 128.259"", ""  68.565""], ["" 129.495"", "" 127.093"", ""  68.425""], ["" 128.895"", "" 125.353"", ""  69.282""], ["" 129.469"", "" 126.453"", ""  67.109""], ["" 129.109"", "" 127.010"", ""  65.873""], ["" 129.860"", "" 124.742"", ""  66.951""], ["" 129.154"", "" 126.078"", ""  64.772""], ["" 129.552"", "" 124.788"", ""  65.231""], ["" 128.882"", "" 126.205"", ""  63.380""], ["" 129.685"", "" 123.703"", ""  64.473""], ["" 129.024"", "" 125.054"", ""  62.589""], ["" 129.425"", "" 123.835"", ""  63.145""], ["" 128.748"", "" 128.324"", ""  65.719""], ["" 128.900"", "" 129.011"", ""  66.445""], ["" 128.320"", "" 128.655"", ""  64.865""], ["" 128.443"", "" 127.510"", ""  62.704""], ["" 127.342"", "" 128.034"", ""  63.243""], ["" 129.412"", "" 128.419"", ""  62.809""], ["" 128.189"", "" 127.285"", ""  61.415""], ["" 129.566"", "" 122.588"", ""  62.321""], ["" 128.790"", "" 122.398"", ""  61.166""], ["" 130.479"", "" 121.580"", ""  62.675""], ["" 128.914"", "" 121.242"", ""  60.398""], ["" 130.606"", "" 120.423"", ""  61.911""], ["" 129.821"", "" 120.258"", ""  60.775""], ["" 130.247"", "" 125.618"", ""  72.826""], ["" 130.079"", "" 126.609"", ""  73.985""], ["" 131.337"", "" 126.802"", ""  74.618""], ["" 131.979"", "" 125.589"", ""  74.986""], ["" 133.495"", "" 125.755"", ""  74.825""], ["" 133.755"", "" 126.923"", ""  74.059""], ["" 135.133"", "" 127.252"", ""  73.982""]]",[],4ck_Grossjean_2025
94,11365,4dd_Grossjean_2025,receptor_tmp,1,6,-7.22,-0.2489655172413793,0.0,0.0,14,186.54,-8.42,-8.4,-0.02,-8.42,0.0,-0.94,1.19,-0.94,45,5,0.0,0.0,0.0,5.794263,9.244585,8.039972,-0.45766163,-0.56052145,-0.6901895,217.563705,"110.542519, 351.62738, 36.50853, 58.91843, ","[["" 129.802"", "" 124.410"", ""  64.512""], ["" 129.504"", "" 124.926"", ""  65.782""], ["" 128.912"", "" 126.237"", ""  65.757""], ["" 128.472"", "" 127.108"", ""  66.786""], ["" 128.545"", "" 126.779"", ""  68.270""], ["" 127.938"", "" 128.347"", ""  66.410""], ["" 127.844"", "" 128.710"", ""  65.061""], ["" 128.251"", "" 127.879"", ""  64.063""], ["" 128.765"", "" 126.702"", ""  64.420""], ["" 129.343"", "" 125.546"", ""  63.241""], ["" 130.419"", "" 123.126"", ""  64.171""], ["" 130.896"", "" 122.406"", ""  65.049""], ["" 130.410"", "" 122.810"", ""  62.853""], ["" 129.930"", "" 123.457"", ""  62.244""], ["" 130.959"", "" 121.694"", ""  62.195""], ["" 132.311"", "" 121.792"", ""  61.851""], ["" 130.254"", "" 120.514"", ""  61.907""], ["" 132.950"", "" 120.734"", ""  61.210""], ["" 130.896"", "" 119.458"", ""  61.266""], ["" 132.239"", "" 119.573"", ""  60.918""], ["" 129.748"", "" 124.255"", ""  66.955""], ["" 129.120"", "" 124.314"", ""  67.744""], ["" 130.568"", "" 123.675"", ""  67.066""], ["" 127.271"", "" 130.027"", ""  64.629""], ["" 128.073"", "" 131.179"", ""  64.580""], ["" 125.921"", "" 130.148"", ""  64.256""], ["" 127.549"", "" 132.405"", ""  64.176""], ["" 125.392"", "" 131.372"", ""  63.854""], ["" 126.209"", "" 132.496"", ""  63.817""]]",[],4dd_Grossjean_2025
95,11488,4dg_Grossjean_2025,receptor_tmp,1,3,-7.41,-0.247,0.0,0.0,7,186.67,-8.9,-8.91,0.0,-8.9,0.0,-0.98,1.49,-0.98,43,5,0.0,0.0,0.0,5.695512,9.156325,8.222471,0.33727888,0.55570469,0.75989161,147.547577,"266.507629, 5.283081, 4.544772, 204.255249, 137.936966, ","[["" 130.238"", "" 124.869"", ""  64.797""], ["" 129.630"", "" 125.175"", ""  66.024""], ["" 128.793"", "" 126.344"", ""  65.981""], ["" 128.021"", "" 127.007"", ""  66.970""], ["" 127.937"", "" 126.562"", ""  68.422""], ["" 127.298"", "" 128.142"", ""  66.584""], ["" 127.334"", "" 128.603"", ""  65.262""], ["" 128.080"", "" 127.985"", ""  64.307""], ["" 128.768"", "" 126.904"", ""  64.672""], ["" 129.761"", "" 126.013"", ""  63.543""], ["" 131.111"", "" 123.743"", ""  64.471""], ["" 131.259"", "" 122.798"", ""  65.250""], ["" 131.765"", "" 123.826"", ""  63.294""], ["" 131.535"", "" 124.589"", ""  62.674""], ["" 132.669"", "" 122.811"", ""  62.754""], ["" 131.946"", "" 121.669"", ""  62.049""], ["" 130.558"", "" 121.546"", ""  62.170""], ["" 132.658"", "" 120.784"", ""  61.235""], ["" 129.890"", "" 120.524"", ""  61.502""], ["" 131.990"", "" 119.761"", ""  60.568""], ["" 130.609"", "" 119.634"", ""  60.706""], ["" 129.812"", "" 124.443"", ""  67.170""], ["" 130.632"", "" 123.873"", ""  67.315""], ["" 129.128"", "" 124.457"", ""  67.914""], ["" 126.570"", "" 129.819"", ""  64.819""], ["" 127.242"", "" 130.973"", ""  64.386""], ["" 125.164"", "" 129.840"", ""  64.831""], ["" 126.539"", "" 132.105"", ""  63.978""], ["" 124.457"", "" 130.967"", ""  64.423""], ["" 125.149"", "" 132.097"", ""  63.995""]]",[],4dg_Grossjean_2025
96,11439,4dj_Grossjean_2025,receptor_tmp,3,18,-8.03,-0.28678571428571425,0.0,0.0,11,188.64,-9.22,-8.86,-0.36,-9.22,0.0,-0.4,1.19,-0.4,62,9,0.0,0.0,0.0,5.163185,10.62389,12.21778,-0.6196467,-0.33478682,0.70989841,172.500519,"126.519104, 157.680771, 76.27948, 106.413986, ","[["" 129.150"", "" 125.950"", ""  69.471""], ["" 129.335"", "" 125.528"", ""  68.145""], ["" 128.900"", "" 126.483"", ""  67.162""], ["" 128.896"", "" 126.464"", ""  65.743""], ["" 129.403"", "" 125.299"", ""  64.906""], ["" 128.391"", "" 127.585"", ""  65.074""], ["" 127.911"", "" 128.691"", ""  65.786""], ["" 127.898"", "" 128.720"", ""  67.147""], ["" 128.380"", "" 127.654"", ""  67.784""], ["" 128.431"", "" 127.561"", ""  69.530""], ["" 129.483"", "" 125.242"", ""  70.707""], ["" 129.622"", "" 125.858"", ""  71.768""], ["" 129.630"", "" 123.900"", ""  70.590""], ["" 129.503"", "" 123.498"", ""  69.673""], ["" 129.946"", "" 123.003"", ""  71.601""], ["" 129.309"", "" 121.899"", ""  71.930""], ["" 131.345"", "" 123.354"", ""  72.564""], ["" 129.890"", "" 121.289"", ""  72.944""], ["" 131.028"", "" 121.900"", ""  73.462""], ["" 129.879"", "" 124.317"", ""  67.799""], ["" 130.827"", "" 124.233"", ""  67.463""], ["" 129.343"", "" 123.462"", ""  67.869""], ["" 127.357"", "" 129.905"", ""  65.096""], ["" 126.030"", "" 129.932"", ""  64.638""], ["" 128.151"", "" 131.047"", ""  64.881""], ["" 125.510"", "" 131.054"", ""  63.998""], ["" 127.636"", "" 132.170"", ""  64.240""], ["" 126.317"", "" 132.170"", ""  63.801""]]",[],4dj_Grossjean_2025
97,11503,4ea_Grossjean_2025,receptor_tmp,1,10,-8.43,-0.24794117647058822,0.0,0.0,15,186.57,-10.52,-10.25,-0.26,-10.52,0.0,-1.14,2.09,-1.14,50,6,0.0,0.0,0.0,6.725904,9.281919,9.611947,0.69705248,-0.71672192,-0.02067691,280.764526,"30.336866, 346.321411, 310.098755, 345.413818, 60.800945, 3.926794, 6.08788, ","[["" 129.438"", "" 125.633"", ""  68.865""], ["" 129.858"", "" 124.915"", ""  69.985""], ["" 129.284"", "" 125.151"", ""  71.231""], ["" 128.276"", "" 126.112"", ""  71.381""], ["" 127.856"", "" 126.833"", ""  70.253""], ["" 128.429"", "" 126.598"", ""  69.006""], ["" 130.089"", "" 125.311"", ""  67.658""], ["" 128.766"", "" 126.255"", ""  66.047""], ["" 129.761"", "" 125.608"", ""  66.377""], ["" 130.933"", "" 124.772"", ""  67.781""], ["" 130.687"", "" 125.099"", ""  65.361""], ["" 130.393"", "" 124.371"", ""  64.197""], ["" 132.424"", "" 125.375"", ""  65.518""], ["" 131.552"", "" 124.026"", ""  63.415""], ["" 132.744"", "" 124.518"", ""  64.028""], ["" 131.712"", "" 123.313"", ""  62.195""], ["" 133.981"", "" 124.366"", ""  63.554""], ["" 133.008"", "" 123.151"", ""  61.694""], ["" 134.093"", "" 123.681"", ""  62.389""], ["" 135.509"", "" 123.519"", ""  61.868""], ["" 129.124"", "" 124.013"", ""  63.822""], ["" 128.942"", "" 123.170"", ""  63.294""], ["" 128.323"", "" 124.582"", ""  64.062""], ["" 130.570"", "" 122.744"", ""  61.445""], ["" 130.315"", "" 121.370"", ""  61.488""], ["" 129.743"", "" 123.577"", ""  60.685""], ["" 129.239"", "" 120.834"", ""  60.786""], ["" 128.666"", "" 123.043"", ""  59.981""], ["" 128.419"", "" 121.674"", ""  60.035""], ["" 127.679"", "" 126.340"", ""  72.740""], ["" 128.102"", "" 125.801"", ""  73.767""], ["" 126.627"", "" 127.199"", ""  72.726""], ["" 125.989"", "" 127.599"", ""  73.931""], ["" 124.520"", "" 127.169"", ""  73.895""]]",[],4ea_Grossjean_2025
98,6763,4eb_Grossjean_2025,receptor_tmp,1,6,-8.07,-0.24454545454545457,0.0,0.0,10,186.51,-9.86,-9.55,-0.31,-9.86,0.0,-1.06,1.79,-1.06,44,6,0.0,0.0,0.0,6.951424,9.233736,9.3466,-0.67761794,0.73539417,-0.00541644,78.319794,"209.405548, 345.767334, 311.918518, 340.292358, 327.093475, 3.755242, ","[["" 129.494"", "" 125.665"", ""  68.833""], ["" 129.873"", "" 124.910"", ""  69.943""], ["" 129.304"", "" 125.151"", ""  71.189""], ["" 128.341"", "" 126.156"", ""  71.350""], ["" 127.961"", "" 126.914"", ""  70.232""], ["" 128.530"", "" 126.674"", ""  68.984""], ["" 130.135"", "" 125.333"", ""  67.623""], ["" 128.760"", "" 126.199"", ""  66.013""], ["" 129.779"", "" 125.590"", ""  66.341""], ["" 130.997"", "" 124.823"", ""  67.744""], ["" 130.703"", "" 125.085"", ""  65.322""], ["" 130.410"", "" 124.352"", ""  64.162""], ["" 132.438"", "" 125.376"", ""  65.469""], ["" 131.566"", "" 124.013"", ""  63.375""], ["" 132.757"", "" 124.517"", ""  63.979""], ["" 131.726"", "" 123.298"", ""  62.156""], ["" 133.993"", "" 124.373"", ""  63.499""], ["" 133.022"", "" 123.145"", ""  61.649""], ["" 134.105"", "" 123.686"", ""  62.337""], ["" 135.521"", "" 123.535"", ""  61.809""], ["" 129.140"", "" 123.982"", ""  63.795""], ["" 128.333"", "" 124.534"", ""  64.047""], ["" 128.970"", "" 123.142"", ""  63.258""], ["" 130.584"", "" 122.717"", ""  61.414""], ["" 130.348"", "" 121.340"", ""  61.455""], ["" 129.739"", "" 123.543"", ""  60.666""], ["" 129.272"", "" 120.793"", ""  60.758""], ["" 128.665"", "" 122.998"", ""  59.969""], ["" 128.435"", "" 121.625"", ""  60.018""], ["" 127.746"", "" 126.390"", ""  72.710""], ["" 128.109"", "" 125.784"", ""  73.722""], ["" 126.770"", "" 127.334"", ""  72.713""], ["" 125.667"", "" 127.242"", ""  73.603""]]",[],4eb_Grossjean_2025
99,11979,8a_Ghoteimi_2023,receptor_tmp,1,20,-9.86,-0.22930232558139532,0.0,0.0,1,187.68,-12.84,-11.96,-0.88,-12.84,0.0,-1.4,2.98,-1.4,51,7,0.0,0.0,0.0,5.424264,12.075431,8.673831,-0.70590014,-0.38505276,0.59450767,161.726807,"286.337677, 149.483322, 108.740356, 190.043411, 33.009922, 129.859741, 71.727837, 284.262238, 98.447403, 149.118866, ","[["" 129.594"", "" 130.405"", ""  60.850""], ["" 130.046"", "" 129.676"", ""  59.750""], ["" 130.226"", "" 130.295"", ""  58.516""], ["" 129.958"", "" 131.661"", ""  58.359""], ["" 129.509"", "" 132.393"", ""  59.469""], ["" 129.328"", "" 131.775"", ""  60.703""], ["" 129.445"", "" 129.673"", ""  62.045""], ["" 128.324"", "" 129.239"", ""  62.673""], ["" 127.180"", "" 129.437"", ""  62.265""], ["" 130.318"", "" 129.429"", ""  62.489""], ["" 128.553"", "" 128.486"", ""  63.910""], ["" 130.090"", "" 125.830"", ""  66.122""], ["" 129.397"", "" 126.891"", ""  65.474""], ["" 129.855"", "" 125.636"", ""  67.487""], ["" 128.491"", "" 127.642"", ""  66.279""], ["" 129.426"", "" 127.408"", ""  64.128""], ["" 128.947"", "" 126.439"", ""  68.180""], ["" 127.680"", "" 128.905"", ""  65.383""], ["" 128.258"", "" 127.444"", ""  67.576""], ["" 131.042"", "" 124.926"", ""  65.426""], ["" 132.823"", "" 123.232"", ""  64.068""], ["" 131.486"", "" 122.868"", ""  64.234""], ["" 133.266"", "" 124.459"", ""  64.585""], ["" 130.602"", "" 123.708"", ""  64.904""], ["" 132.378"", "" 125.299"", ""  65.254""], ["" 133.626"", "" 122.336"", ""  63.390""], ["" 134.027"", "" 122.634"", ""  62.058""], ["" 130.250"", "" 126.894"", ""  63.158""], ["" 131.250"", "" 127.041"", ""  63.185""], ["" 129.890"", "" 126.348"", ""  62.389""], ["" 128.684"", "" 126.247"", ""  69.639""], ["" 127.815"", "" 127.098"", ""  70.336""], ["" 129.310"", "" 125.211"", ""  70.345""], ["" 127.584"", "" 126.922"", ""  71.698""], ["" 129.078"", "" 125.031"", ""  71.706""], ["" 128.212"", "" 125.891"", ""  72.395""], ["" 127.925"", "" 125.794"", ""  73.743""], ["" 126.866"", "" 126.577"", ""  74.285""], ["" 130.162"", "" 132.297"", ""  57.015""], ["" 129.481"", "" 133.241"", ""  56.600""], ["" 131.174"", "" 131.736"", ""  56.302""], ["" 132.528"", "" 132.097"", ""  56.540""], ["" 133.220"", "" 130.985"", ""  57.333""]]",[],8a_Ghoteimi_2023
100,7560,8b_Ghoteimi_2023,receptor_tmp,1,16,-9.45,-0.2554054054054054,0.0,0.0,6,186.65,-11.54,-10.81,-0.73,-11.54,0.0,-1.0,2.09,-1.0,55,12,0.0,0.0,0.0,4.941292,10.005539,11.455532,-0.19370014,0.20740701,-0.95888612,215.63327,"267.796143, 210.985291, 338.17395, 235.990631, 119.676788, 107.689651, 147.077087, ","[["" 128.913"", "" 126.502"", ""  66.283""], ["" 128.629"", "" 126.291"", ""  67.659""], ["" 127.551"", "" 127.043"", ""  68.205""], ["" 127.291"", "" 126.705"", ""  69.901""], ["" 128.623"", "" 125.548"", ""  69.923""], ["" 129.226"", "" 125.446"", ""  68.660""], ["" 126.797"", "" 127.916"", ""  67.538""], ["" 127.085"", "" 128.102"", ""  66.222""], ["" 128.126"", "" 127.421"", ""  65.582""], ["" 130.001"", "" 125.790"", ""  65.573""], ["" 132.061"", "" 124.455"", ""  64.219""], ["" 130.736"", "" 124.321"", ""  63.801""], ["" 132.349"", "" 125.266"", ""  65.328""], ["" 129.711"", "" 124.982"", ""  64.473""], ["" 131.323"", "" 125.927"", ""  65.999""], ["" 133.011"", "" 123.765"", ""  63.492""], ["" 133.591"", "" 124.379"", ""  62.346""], ["" 130.289"", "" 124.623"", ""  68.387""], ["" 130.902"", "" 124.294"", ""  69.121""], ["" 130.498"", "" 124.319"", ""  67.446""], ["" 126.227"", "" 129.090"", ""  65.497""], ["" 126.713"", "" 129.794"", ""  64.385""], ["" 124.913"", "" 129.337"", ""  65.915""], ["" 125.910"", "" 130.711"", ""  63.713""], ["" 124.107"", "" 130.254"", ""  65.244""], ["" 124.603"", "" 130.950"", ""  64.133""], ["" 123.881"", "" 131.876"", ""  63.405""], ["" 123.733"", "" 131.692"", ""  62.001""], ["" 128.972"", "" 124.845"", ""  71.159""], ["" 129.468"", "" 123.592"", ""  70.996""], ["" 128.814"", "" 125.385"", ""  72.257""], ["" 129.554"", "" 123.254"", ""  70.050""], ["" 129.873"", "" 122.708"", ""  71.987""], ["" 129.224"", "" 121.620"", ""  72.371""], ["" 131.050"", "" 122.869"", ""  72.716""], ["" 129.987"", "" 121.032"", ""  73.382""], ["" 131.086"", "" 121.797"", ""  73.579""]]",[],8b_Ghoteimi_2023
101,11225,8c_Ghoteimi_2023,receptor_tmp,1,7,-9.14,-0.24702702702702703,0.0,0.0,2,186.79,-11.23,-10.57,-0.66,-11.23,0.0,-0.9,2.09,-0.9,53,11,0.0,0.0,0.0,4.963492,10.037421,11.408883,-0.19798854,0.19060579,-0.96149361,218.557861,"288.876678, 210.422867, 152.591476, 64.070961, 291.465729, 111.410027, 156.063065, ","[["" 128.903"", "" 126.463"", ""  66.212""], ["" 128.651"", "" 126.314"", ""  67.602""], ["" 127.618"", "" 127.129"", ""  68.150""], ["" 127.395"", "" 126.864"", ""  69.863""], ["" 128.678"", "" 125.654"", ""  69.892""], ["" 129.241"", "" 125.482"", ""  68.617""], ["" 126.881"", "" 128.007"", ""  67.470""], ["" 127.137"", "" 128.132"", ""  66.139""], ["" 128.131"", "" 127.386"", ""  65.498""], ["" 129.941"", "" 125.683"", ""  65.502""], ["" 131.908"", "" 124.217"", ""  64.144""], ["" 130.566"", "" 124.113"", ""  63.773""], ["" 132.261"", "" 125.063"", ""  65.207""], ["" 129.588"", "" 124.838"", ""  64.446""], ["" 131.281"", "" 125.789"", ""  65.879""], ["" 132.809"", "" 123.462"", ""  63.418""], ["" 133.697"", "" 124.116"", ""  62.519""], ["" 130.262"", "" 124.606"", ""  68.347""], ["" 130.377"", "" 124.197"", ""  67.430""], ["" 130.931"", "" 124.337"", ""  69.054""], ["" 126.299"", "" 129.127"", ""  65.402""], ["" 124.950"", "" 129.327"", ""  65.731""], ["" 126.845"", "" 129.888"", ""  64.359""], ["" 124.176"", "" 130.257"", ""  65.044""], ["" 126.074"", "" 130.819"", ""  63.671""], ["" 124.727"", "" 131.011"", ""  64.010""], ["" 123.885"", "" 131.912"", ""  63.386""], ["" 123.570"", "" 131.728"", ""  62.010""], ["" 129.033"", "" 124.982"", ""  71.144""], ["" 129.650"", "" 123.782"", ""  71.005""], ["" 128.776"", "" 125.500"", ""  72.232""], ["" 129.811"", "" 123.450"", ""  70.064""], ["" 130.085"", "" 122.945"", ""  72.022""], ["" 129.594"", "" 121.776"", ""  72.372""], ["" 131.441"", "" 123.481"", ""  72.962""], ["" 130.259"", "" 121.255"", ""  73.384""], ["" 131.318"", "" 122.009"", ""  73.879""]]",[],8c_Ghoteimi_2023
102,11315,8d_Ghoteimi_2023,receptor_tmp,1,4,-7.91,-0.2471875,0.0,0.0,13,187.44,-10.0,-9.33,-0.67,-10.0,0.0,-1.35,2.09,-1.35,60,11,0.0,0.0,0.0,4.967344,10.121256,10.863367,0.31634961,0.93451485,0.16311014,200.04248,"104.249123, 183.01564, 346.191437, 227.039932, 192.056595, 297.462524, 153.339554, ","[["" 128.845"", "" 126.223"", ""  66.717""], ["" 128.558"", "" 126.111"", ""  68.103""], ["" 127.469"", "" 126.887"", ""  68.592""], ["" 127.205"", "" 126.673"", ""  70.307""], ["" 128.550"", "" 125.535"", ""  70.412""], ["" 129.156"", "" 125.349"", ""  69.164""], ["" 126.708"", "" 127.700"", ""  67.859""], ["" 127.001"", "" 127.795"", ""  66.534""], ["" 128.044"", "" 127.074"", ""  65.947""], ["" 129.949"", "" 125.479"", ""  66.067""], ["" 132.039"", "" 124.082"", ""  64.828""], ["" 132.279"", "" 125.308"", ""  65.449""], ["" 130.736"", "" 123.556"", ""  64.832""], ["" 131.243"", "" 126.003"", ""  66.068""], ["" 129.701"", "" 124.253"", ""  65.450""], ["" 133.126"", "" 123.465"", ""  64.240""], ["" 133.613"", "" 123.954"", ""  62.996""], ["" 130.224"", "" 124.512"", ""  68.962""], ["" 130.758"", "" 124.141"", ""  69.736""], ["" 130.510"", "" 124.231"", ""  68.035""], ["" 126.129"", "" 128.710"", ""  65.734""], ["" 126.559"", "" 129.230"", ""  64.505""], ["" 124.857"", "" 129.069"", ""  66.197""], ["" 125.744"", "" 130.081"", ""  63.765""], ["" 124.039"", "" 129.922"", ""  65.460""], ["" 124.480"", "" 130.437"", ""  64.233""], ["" 123.741"", "" 131.286"", ""  63.432""], ["" 123.650"", "" 131.021"", ""  62.036""], ["" 128.895"", "" 124.919"", ""  71.712""], ["" 128.649"", "" 125.453"", ""  72.796""], ["" 129.507"", "" 123.714"", ""  71.580""], ["" 130.838"", "" 123.519"", ""  72.038""]]",[],8d_Ghoteimi_2023
103,6906,9a_Ghoteimi_2023,receptor_tmp,1,18,-6.93,-0.13588235294117645,0.0,0.0,3,185.33,-9.91,-9.66,-0.26,-9.91,0.0,-1.62,2.98,-1.62,90,10,0.0,0.0,0.0,6.442286,9.167612,8.033725,0.58881431,0.24784158,0.76933235,166.0569,"274.830292, 334.17691, 168.946045, 151.154892, 264.349274, 293.593414, 34.370296, 349.041504, 276.32251, 39.415466, ","[["" 128.629"", "" 126.150"", ""  69.799""], ["" 128.753"", "" 125.086"", ""  70.692""], ["" 128.449"", "" 125.256"", ""  72.039""], ["" 128.015"", "" 126.498"", ""  72.522""], ["" 127.889"", "" 127.566"", ""  71.621""], ["" 128.192"", "" 127.398"", ""  70.272""], ["" 128.964"", "" 125.863"", ""  68.461""], ["" 129.568"", "" 126.633"", ""  67.522""], ["" 129.945"", "" 127.789"", ""  67.713""], ["" 128.712"", "" 124.931"", ""  68.167""], ["" 129.764"", "" 125.992"", ""  66.218""], ["" 129.176"", "" 126.319"", ""  64.987""], ["" 129.603"", "" 125.483"", ""  63.892""], ["" 130.848"", "" 124.609"", ""  66.060""], ["" 129.289"", "" 125.465"", ""  62.503""], ["" 130.507"", "" 124.480"", ""  64.350""], ["" 129.853"", "" 124.451"", ""  61.720""], ["" 131.057"", "" 123.528"", ""  63.598""], ["" 130.716"", "" 123.508"", ""  62.282""], ["" 128.265"", "" 127.332"", ""  64.829""], ["" 128.542"", "" 128.257"", ""  64.532""], ["" 127.281"", "" 127.186"", ""  65.008""], ["" 128.406"", "" 126.464"", ""  61.848""], ["" 127.325"", "" 126.053"", ""  61.064""], ["" 128.628"", "" 127.830"", ""  62.032""], ["" 126.491"", "" 126.991"", ""  60.463""], ["" 127.792"", "" 128.768"", ""  61.435""], ["" 126.705"", "" 128.367"", ""  60.644""], ["" 125.889"", "" 129.327"", ""  60.041""], ["" 124.921"", "" 130.072"", ""  60.871""], ["" 125.323"", "" 129.117"", ""  58.694""], ["" 124.370"", "" 131.337"", ""  60.180""], ["" 124.760"", "" 130.407"", ""  58.058""], ["" 123.803"", "" 130.996"", ""  58.924""], ["" 131.337"", "" 122.425"", ""  61.460""], ["" 131.300"", "" 121.094"", ""  61.892""], ["" 131.971"", "" 122.707"", ""  60.244""], ["" 131.875"", "" 120.079"", ""  61.132""], ["" 132.543"", "" 121.692"", ""  59.482""], ["" 132.496"", "" 120.355"", ""  59.903""], ["" 133.095"", "" 119.349"", ""  59.138""], ["" 133.096"", "" 119.399"", ""  57.662""], ["" 134.340"", "" 118.709"", ""  59.612""], ["" 133.466"", "" 118.058"", ""  56.994""], ["" 134.668"", "" 117.386"", ""  58.891""], ["" 134.711"", "" 117.595"", ""  57.488""], ["" 127.697"", "" 126.647"", ""  73.982""], ["" 128.352"", "" 126.103"", ""  74.877""], ["" 126.624"", "" 127.444"", ""  74.219""], ["" 125.329"", "" 126.891"", ""  74.417""], ["" 124.390"", "" 127.974"", ""  74.961""]]",[],9a_Ghoteimi_2023
104,11678,9b_Ghoteimi_2023,receptor_tmp,1,5,-8.75,-0.19444444444444445,0.0,0.0,4,188.53,-10.84,-10.46,-0.38,-10.84,0.0,-1.28,2.09,-1.28,56,7,0.0,0.0,0.0,5.027053,10.818493,9.263545,-0.05446655,-0.7666832,-0.63971108,232.908646,"94.844406, 74.367813, 166.718918, 281.13089, 299.107635, 135.420898, 121.692894, ","[["" 127.229"", "" 128.490"", ""  64.022""], ["" 126.147"", "" 129.261"", ""  64.472""], ["" 125.898"", "" 129.060"", ""  66.206""], ["" 127.253"", "" 127.963"", ""  66.320""], ["" 127.629"", "" 127.436"", ""  67.483""], ["" 128.706"", "" 126.607"", ""  67.466""], ["" 129.385"", "" 126.289"", ""  66.287""], ["" 128.980"", "" 126.825"", ""  65.058""], ["" 127.875"", "" 127.723"", ""  65.058""], ["" 127.657"", "" 128.475"", ""  62.719""], ["" 127.248"", "" 127.860"", ""  62.030""], ["" 128.400"", "" 129.083"", ""  62.402""], ["" 125.271"", "" 130.146"", ""  63.699""], ["" 125.685"", "" 130.417"", ""  62.436""], ["" 124.233"", "" 130.591"", ""  64.193""], ["" 126.557"", "" 130.004"", ""  62.141""], ["" 125.050"", "" 131.209"", ""  61.488""], ["" 124.980"", "" 132.530"", ""  61.500""], ["" 124.387"", "" 130.685"", ""  60.380""], ["" 124.252"", "" 132.905"", ""  60.371""], ["" 123.900"", "" 131.780"", ""  59.703""], ["" 129.716"", "" 126.432"", ""  63.829""], ["" 130.272"", "" 127.407"", ""  63.000""], ["" 129.892"", "" 125.086"", ""  63.508""], ["" 130.978"", "" 127.041"", ""  61.858""], ["" 130.599"", "" 124.720"", ""  62.366""], ["" 131.147"", "" 125.690"", ""  61.514""], ["" 131.865"", "" 125.301"", ""  60.381""], ["" 132.621"", "" 124.033"", ""  60.405""], ["" 131.342"", "" 125.531"", ""  59.020""], ["" 133.666"", "" 123.926"", ""  59.273""], ["" 132.414"", "" 125.384"", ""  57.919""], ["" 133.037"", "" 124.112"", ""  58.014""], ["" 129.120"", "" 126.046"", ""  68.788""], ["" 129.862"", "" 124.862"", ""  68.871""], ["" 128.769"", "" 126.692"", ""  69.978""], ["" 130.232"", "" 124.336"", ""  70.105""], ["" 129.135"", "" 126.164"", ""  71.212""], ["" 129.861"", "" 124.967"", ""  71.303""], ["" 130.228"", "" 124.452"", ""  72.551""], ["" 130.637"", "" 125.339"", ""  73.659""], ["" 130.981"", "" 123.183"", ""  72.622""], ["" 130.668"", "" 124.643"", ""  75.035""], ["" 131.007"", "" 122.552"", ""  74.031""], ["" 131.492"", "" 123.490"", ""  74.977""]]",[],9b_Ghoteimi_2023
105,11529,9c_Ghoteimi_2023,receptor_tmp,1,18,-8.69,-0.1931111111111111,0.0,0.0,3,188.64,-10.78,-10.49,-0.29,-10.78,0.0,-1.24,2.09,-1.24,58,8,0.0,0.0,0.0,5.026463,10.799041,9.26979,0.05570197,0.76619214,0.64019286,127.031662,"99.405266, 72.075661, 158.532303, 93.309326, 120.204628, 136.964249, 121.133217, ","[["" 127.238"", "" 128.465"", ""  64.028""], ["" 126.153"", "" 129.235"", ""  64.476""], ["" 125.904"", "" 129.036"", ""  66.210""], ["" 127.261"", "" 127.941"", ""  66.326""], ["" 127.636"", "" 127.415"", ""  67.491""], ["" 128.715"", "" 126.589"", ""  67.475""], ["" 129.394"", "" 126.270"", ""  66.297""], ["" 128.989"", "" 126.803"", ""  65.068""], ["" 127.883"", "" 127.700"", ""  65.065""], ["" 127.665"", "" 128.449"", ""  62.724""], ["" 127.213"", "" 127.881"", ""  62.022""], ["" 128.452"", "" 129.006"", ""  62.422""], ["" 125.279"", "" 130.120"", ""  63.701""], ["" 125.781"", "" 130.539"", ""  62.514""], ["" 124.166"", "" 130.437"", ""  64.126""], ["" 126.708"", "" 130.226"", ""  62.266""], ["" 125.157"", "" 131.364"", ""  61.588""], ["" 124.903"", "" 132.650"", ""  61.693""], ["" 124.630"", "" 130.633"", ""  60.106""], ["" 124.290"", "" 133.113"", ""  60.621""], ["" 124.032"", "" 132.188"", ""  59.612""], ["" 129.724"", "" 126.410"", ""  63.840""], ["" 129.847"", "" 125.063"", ""  63.493""], ["" 130.271"", "" 127.380"", ""  62.998""], ["" 130.521"", "" 124.691"", ""  62.333""], ["" 130.945"", "" 127.008"", ""  61.838""], ["" 131.092"", "" 125.657"", ""  61.490""], ["" 131.764"", "" 125.307"", ""  60.314""], ["" 132.646"", "" 124.123"", ""  60.314""], ["" 131.120"", "" 125.437"", ""  58.993""], ["" 133.608"", "" 124.081"", ""  59.107""], ["" 132.117"", "" 125.357"", ""  57.816""], ["" 132.870"", "" 124.157"", ""  57.896""], ["" 129.127"", "" 126.029"", ""  68.798""], ["" 129.864"", "" 124.843"", ""  68.886""], ["" 128.784"", "" 126.683"", ""  69.986""], ["" 130.237"", "" 124.321"", ""  70.120""], ["" 129.154"", "" 126.160"", ""  71.222""], ["" 129.875"", "" 124.962"", ""  71.316""], ["" 130.249"", "" 124.454"", ""  72.566""], ["" 130.649"", "" 125.349"", ""  73.671""], ["" 131.018"", "" 123.194"", ""  72.642""], ["" 130.685"", "" 124.657"", ""  75.051""], ["" 131.048"", "" 122.568"", ""  74.053""], ["" 131.523"", "" 123.514"", ""  74.996""]]",[],9c_Ghoteimi_2023
106,11309,9d_Ghoteimi_2023,receptor_tmp,3,18,-8.0,-0.2,0.0,0.0,10,191.1,-10.09,-9.62,-0.48,-10.09,0.0,-1.82,2.09,-1.82,37,3,0.0,0.0,0.0,5.07125,11.076579,8.13132,0.10261487,-0.79640076,-0.59600002,238.56163,"16.902069, 315.042542, 155.070709, 163.110352, 0.496857, 135.427292, 107.736992, ","[["" 126.680"", "" 128.922"", ""  62.049""], ["" 125.567"", "" 129.760"", ""  62.183""], ["" 125.165"", "" 130.024"", ""  63.880""], ["" 126.481"", "" 128.995"", ""  64.393""], ["" 126.708"", "" 128.743"", ""  65.681""], ["" 127.746"", "" 127.916"", ""  65.975""], ["" 128.571"", "" 127.374"", ""  64.985""], ["" 128.348"", "" 127.652"", ""  63.632""], ["" 127.241"", "" 128.482"", ""  63.300""], ["" 127.180"", "" 128.535"", ""  60.832""], ["" 127.797"", "" 127.741"", ""  60.738""], ["" 126.944"", "" 129.031"", ""  59.983""], ["" 124.747"", "" 130.391"", ""  61.126""], ["" 123.569"", "" 130.717"", ""  61.290""], ["" 125.431"", "" 130.575"", ""  59.966""], ["" 124.839"", "" 130.258"", ""  58.714""], ["" 129.273"", "" 127.072"", ""  62.622""], ["" 130.064"", "" 127.898"", ""  61.822""], ["" 129.384"", "" 125.687"", ""  62.484""], ["" 130.942"", "" 127.350"", ""  60.890""], ["" 130.262"", "" 125.138"", ""  61.555""], ["" 131.063"", "" 125.958"", ""  60.747""], ["" 131.929"", "" 125.384"", ""  59.814""], ["" 131.673"", "" 125.591"", ""  58.375""], ["" 132.503"", "" 124.041"", ""  60.021""], ["" 132.888"", "" 125.249"", ""  57.486""], ["" 133.700"", "" 123.741"", ""  59.094""], ["" 133.318"", "" 123.920"", ""  57.738""], ["" 127.966"", "" 127.627"", ""  67.425""], ["" 129.049"", "" 128.193"", ""  68.106""], ["" 127.107"", "" 126.781"", ""  68.136""], ["" 129.264"", "" 127.928"", ""  69.455""], ["" 127.320"", "" 126.518"", ""  69.487""], ["" 128.395"", "" 127.095"", ""  70.178""], ["" 128.608"", "" 126.806"", ""  71.530""], ["" 127.524"", "" 126.940"", ""  72.525""], ["" 129.496"", "" 125.686"", ""  71.907""], ["" 128.013"", "" 126.921"", ""  73.988""], ["" 129.925"", "" 125.703"", ""  73.390""], ["" 128.781"", "" 125.754"", ""  74.227""]]",[],9d_Ghoteimi_2023
107,11479,RR10_Rahimova_2017,receptor_tmp,1,13,-9.17,-0.25472222222222224,0.0,0.0,9,186.52,-10.66,-10.46,-0.2,-10.66,0.0,-1.27,1.49,-1.27,43,5,0.0,0.0,0.0,2.976351,6.181053,4.524412,0.05513051,-0.07071138,-0.99597215,214.647552,"314.156708, 246.823441, 262.402954, 83.38504, 330.670776, ","[["" 127.524"", "" 123.737"", ""  60.094""], ["" 127.839"", "" 125.183"", ""  60.205""], ["" 126.512"", "" 125.980"", ""  60.215""], ["" 125.712"", "" 125.721"", ""  58.912""], ["" 125.478"", "" 124.200"", ""  58.743""], ["" 126.786"", "" 123.383"", ""  58.851""], ["" 128.878"", "" 122.659"", ""  60.475""], ["" 130.018"", "" 123.042"", ""  59.633""], ["" 128.375"", "" 121.279"", ""  60.455""], ["" 129.328"", "" 123.056"", ""  62.164""], ["" 128.844"", "" 124.228"", ""  62.756""], ["" 130.173"", "" 122.192"", ""  62.869""], ["" 129.213"", "" 124.505"", ""  64.080""], ["" 130.559"", "" 122.443"", ""  64.189""], ["" 130.061"", "" 123.609"", ""  64.774""], ["" 128.866"", "" 125.568"", ""  64.872""], ["" 130.200"", "" 124.187"", ""  66.013""], ["" 129.463"", "" 125.354"", ""  66.023""], ["" 130.728"", "" 123.857"", ""  66.809""], ["" 129.362"", "" 126.262"", ""  67.215""], ["" 129.522"", "" 127.647"", ""  67.067""], ["" 129.102"", "" 125.738"", ""  68.488""], ["" 129.425"", "" 128.491"", ""  68.170""], ["" 129.004"", "" 126.581"", ""  69.592""], ["" 129.167"", "" 127.954"", ""  69.429""], ["" 126.823"", "" 127.487"", ""  60.333""], ["" 125.882"", "" 128.257"", ""  60.908""], ["" 127.888"", "" 127.937"", ""  59.902""], ["" 124.995"", "" 127.833"", ""  61.140""], ["" 125.962"", "" 129.713"", ""  61.082""], ["" 124.570"", "" 130.364"", ""  61.305""], ["" 126.873"", "" 130.074"", ""  62.284""], ["" 123.941"", "" 129.940"", ""  62.651""], ["" 126.251"", "" 129.653"", ""  63.634""], ["" 124.865"", "" 130.309"", ""  63.834""], ["" 124.241"", "" 129.931"", ""  65.189""]]",[],RR10_Rahimova_2017
108,12059,RR11_Rahimova_2017,receptor_tmp,1,5,-7.74,-0.19846153846153847,0.0,0.0,7,189.91,-9.53,-9.43,-0.09,-9.53,0.0,-0.74,1.79,-0.74,76,10,0.0,0.0,0.0,6.538061,9.927579,9.510218,-0.53283346,-0.74646154,-0.39860216,139.095428,"71.927368, 212.900513, 29.404297, 24.859634, 258.980469, 0.16229, ","[["" 127.359"", "" 129.271"", ""  65.787""], ["" 127.776"", "" 128.657"", ""  64.458""], ["" 130.238"", "" 126.543"", ""  61.298""], ["" 130.476"", "" 126.856"", ""  62.620""], ["" 129.059"", "" 126.965"", ""  60.897""], ["" 129.372"", "" 127.517"", ""  63.104""], ["" 128.499"", "" 127.570"", ""  61.992""], ["" 129.039"", "" 128.061"", ""  64.347""], ["" 127.248"", "" 128.187"", ""  62.122""], ["" 126.906"", "" 128.727"", ""  63.364""], ["" 131.328"", "" 126.612"", ""  63.103""], ["" 131.214"", "" 125.798"", ""  60.432""], ["" 133.043"", "" 124.429"", ""  58.822""], ["" 133.018"", "" 124.195"", ""  60.195""], ["" 132.159"", "" 125.338"", ""  58.247""], ["" 132.106"", "" 124.878"", ""  60.996""], ["" 131.248"", "" 126.020"", ""  59.049""], ["" 133.959"", "" 123.750"", ""  58.019""], ["" 134.754"", "" 124.246"", ""  57.642""], ["" 133.836"", "" 122.761"", ""  57.853""], ["" 127.361"", "" 128.267"", ""  66.932""], ["" 128.539"", "" 128.050"", ""  67.658""], ["" 126.182"", "" 127.594"", ""  67.269""], ["" 128.512"", "" 127.124"", ""  68.710""], ["" 126.121"", "" 126.670"", ""  68.315""], ["" 127.307"", "" 126.451"", ""  69.020""], ["" 129.526"", "" 126.732"", ""  69.544""], ["" 127.651"", "" 125.641"", ""  70.077""], ["" 128.988"", "" 125.842"", ""  70.349""], ["" 127.071"", "" 124.995"", ""  70.591""], ["" 129.733"", "" 125.121"", ""  71.434""], ["" 130.230"", "" 123.830"", ""  71.217""], ["" 129.938"", "" 125.729"", ""  72.680""], ["" 130.917"", "" 123.158"", ""  72.224""], ["" 130.624"", "" 125.059"", ""  73.690""], ["" 131.112"", "" 123.773"", ""  73.459""], ["" 131.797"", "" 123.100"", ""  74.469""], ["" 131.611"", "" 123.331"", ""  75.435""], ["" 132.440"", "" 122.362"", ""  74.226""]]",[],RR11_Rahimova_2017
109,6855,RR11_Rahimova_2017-again1,receptor_tmp,1,16,-8.05,-0.20125,0.0,0.0,11,184.0,-9.84,-8.63,-1.21,-9.84,0.0,-0.56,1.79,-0.56,75,8,0.0,0.0,0.0,6.449997,9.901783,9.199749,0.64016021,0.73451006,-0.22514411,135.434402,"39.616203, 84.934837, 349.817474, 66.303894, 226.122894, 20.583572, ","[["" 127.258"", "" 129.273"", ""  65.509""], ["" 127.298"", "" 128.331"", ""  66.704""], ["" 128.865"", "" 125.761"", ""  70.089""], ["" 129.484"", "" 126.580"", ""  69.168""], ["" 127.559"", "" 125.760"", ""  69.946""], ["" 128.510"", "" 127.132"", ""  68.369""], ["" 127.308"", "" 126.596"", ""  68.889""], ["" 128.533"", "" 128.010"", ""  67.283""], ["" 126.084"", "" 126.950"", ""  68.308""], ["" 126.100"", "" 127.821"", ""  67.217""], ["" 130.485"", "" 126.708"", ""  69.124""], ["" 129.606"", "" 124.963"", ""  71.122""], ["" 130.999"", "" 123.479"", ""  73.040""], ["" 130.670"", "" 122.897"", ""  71.817""], ["" 130.636"", "" 124.797"", ""  73.312""], ["" 129.976"", "" 123.637"", ""  70.863""], ["" 129.942"", "" 125.535"", ""  72.356""], ["" 131.696"", "" 122.742"", ""  73.995""], ["" 131.463"", "" 122.848"", ""  74.972""], ["" 132.453"", "" 122.140"", ""  73.703""], ["" 127.635"", "" 128.583"", ""  64.206""], ["" 128.950"", "" 128.140"", ""  64.021""], ["" 126.669"", "" 128.424"", ""  63.205""], ["" 129.240"", "" 127.506"", ""  62.809""], ["" 126.955"", "" 127.797"", ""  61.989""], ["" 128.263"", "" 127.336"", ""  61.814""], ["" 130.409"", "" 126.941"", ""  62.321""], ["" 128.877"", "" 126.672"", ""  60.761""], ["" 130.195"", "" 126.420"", ""  61.066""], ["" 131.305"", "" 126.887"", ""  62.781""], ["" 128.460"", "" 126.389"", ""  59.886""], ["" 131.196"", "" 125.713"", ""  60.211""], ["" 131.300"", "" 126.022"", ""  58.849""], ["" 132.041"", "" 124.741"", ""  60.761""], ["" 132.236"", "" 125.372"", ""  58.049""], ["" 132.977"", "" 124.091"", ""  59.962""], ["" 133.073"", "" 124.408"", ""  58.608""], ["" 134.013"", "" 123.761"", ""  57.807""], ["" 133.926"", "" 122.769"", ""  57.639""], ["" 134.788"", "" 124.285"", ""  57.427""]]",[],RR11_Rahimova_2017-again1
110,6647,RR11_Rahimova_2017-again2,receptor_tmp,1,1,-8.19,-0.1997560975609756,0.0,0.0,16,183.61,-9.98,-8.25,-1.73,-9.98,0.0,-0.26,1.79,-0.26,81,10,0.0,0.0,0.0,2.824184,9.086494,8.664856,-0.3945814,0.42427932,-0.81504146,240.690323,"246.106522, 214.32959, 208.9133, 37.138885, 89.920029, 165.327866, ","[["" 127.276"", "" 129.287"", ""  65.522""], ["" 127.662"", "" 128.623"", ""  64.208""], ["" 130.206"", "" 126.423"", ""  61.079""], ["" 130.389"", "" 126.842"", ""  62.377""], ["" 128.923"", "" 126.780"", ""  60.733""], ["" 129.239"", "" 127.464"", ""  62.844""], ["" 128.304"", "" 127.424"", ""  61.797""], ["" 128.936"", "" 128.057"", ""  64.073""], ["" 127.025"", "" 127.970"", ""  61.936""], ["" 126.730"", "" 128.567"", ""  63.164""], ["" 131.256"", "" 126.699"", ""  62.873""], ["" 128.535"", "" 126.585"", ""  59.822""], ["" 131.207"", "" 125.729"", ""  60.214""], ["" 133.065"", "" 124.419"", ""  58.593""], ["" 133.018"", "" 124.141"", ""  59.957""], ["" 132.192"", "" 125.350"", ""  58.033""], ["" 132.091"", "" 124.794"", ""  60.766""], ["" 131.266"", "" 126.003"", ""  58.842""], ["" 133.988"", "" 123.761"", ""  57.782""], ["" 133.924"", "" 122.760"", ""  57.666""], ["" 134.751"", "" 124.281"", ""  57.372""], ["" 127.290"", "" 128.321"", ""  66.698""], ["" 128.517"", "" 127.929"", ""  67.250""], ["" 126.081"", "" 127.820"", ""  67.195""], ["" 128.472"", "" 127.045"", ""  68.331""], ["" 126.031"", "" 126.930"", ""  68.271""], ["" 127.255"", "" 126.557"", ""  68.833""], ["" 129.477"", "" 126.481"", ""  69.107""], ["" 127.567"", "" 125.719"", ""  69.895""], ["" 128.930"", "" 125.670"", ""  70.074""], ["" 130.473"", "" 126.621"", ""  69.018""], ["" 126.926"", "" 125.206"", ""  70.482""], ["" 129.670"", "" 124.899"", ""  71.118""], ["" 129.984"", "" 125.494"", ""  72.345""], ["" 130.051"", "" 123.573"", ""  70.880""], ["" 130.665"", "" 124.773"", ""  73.323""], ["" 130.732"", "" 122.851"", ""  71.856""], ["" 131.036"", "" 123.453"", ""  73.077""], ["" 131.713"", "" 122.728"", ""  74.057""], ["" 132.414"", "" 122.056"", ""  73.784""], ["" 131.447"", "" 122.836"", ""  75.026""]]",[],RR11_Rahimova_2017-again2
111,7390,RR12_Rahimova_2017,receptor_tmp,1,1,-6.18,-0.2288888888888889,0.0,0.0,1,189.29,-8.86,-8.94,0.08,-8.86,0.0,-1.87,2.68,-1.87,44,3,0.0,0.0,0.0,4.636887,7.518842,11.440598,-0.74388624,-0.05697122,-0.66587352,202.765137,"103.322281, 266.15332, 205.362411, 181.817673, 247.297653, 55.506687, 158.161667, 149.741776, 258.503082, ","[["" 129.543"", "" 124.773"", ""  67.240""], ["" 129.670"", "" 124.241"", ""  65.799""], ["" 131.038"", "" 124.255"", ""  65.283""], ["" 130.871"", "" 126.120"", ""  64.002""], ["" 131.535"", "" 125.177"", ""  64.438""], ["" 131.643"", "" 123.511"", ""  65.600""], ["" 133.004"", "" 124.989"", ""  64.040""], ["" 133.356"", "" 123.610"", ""  64.153""], ["" 133.053"", "" 122.747"", ""  63.117""], ["" 131.715"", "" 122.360"", ""  63.004""], ["" 133.991"", "" 122.252"", ""  62.197""], ["" 131.312"", "" 121.496"", ""  61.989""], ["" 133.589"", "" 121.388"", ""  61.181""], ["" 132.251"", "" 121.015"", ""  61.081""], ["" 129.832"", "" 126.282"", ""  67.345""], ["" 128.665"", "" 127.129"", ""  66.866""], ["" 128.730"", "" 127.886"", ""  65.799""], ["" 127.441"", "" 127.196"", ""  67.513""], ["" 127.497"", "" 128.468"", ""  65.705""], ["" 126.654"", "" 128.053"", ""  66.766""], ["" 127.014"", "" 129.363"", ""  64.738""], ["" 125.334"", "" 128.506"", ""  66.887""], ["" 125.700"", "" 129.815"", ""  64.859""], ["" 124.883"", "" 129.394"", ""  65.909""], ["" 127.026"", "" 126.465"", ""  68.708""], ["" 127.895"", "" 126.857"", ""  69.917""], ["" 128.571"", "" 125.646"", ""  70.574""]]",[],RR12_Rahimova_2017
112,11858,RR13_Rahimova_2017,receptor_tmp,1,6,-11.41,-0.23770833333333333,0.0,0.0,2,184.96,-14.99,-14.82,-0.17,-14.99,0.0,-5.15,3.58,-5.15,55,8,0.0,0.0,0.0,6.399964,10.585,6.117558,0.07428282,-0.66528889,-0.74288139,270.269135,"302.827209, 169.990402, 351.903687, 163.76088, 292.517334, 11.540075, 265.070648, 21.586096, 346.867462, 169.089005, 149.538147, 44.229912, ","[["" 130.303"", "" 125.679"", ""  62.403""], ["" 130.253"", "" 126.919"", ""  63.200""], ["" 130.080"", "" 128.154"", ""  62.284""], ["" 128.819"", "" 128.067"", ""  61.529""], ["" 128.875"", "" 126.829"", ""  60.730""], ["" 129.038"", "" 125.598"", ""  61.652""], ["" 130.596"", "" 124.515"", ""  63.272""], ["" 130.563"", "" 123.164"", ""  62.523""], ["" 130.271"", "" 121.958"", ""  63.191""], ["" 130.272"", "" 120.750"", ""  62.491""], ["" 130.570"", "" 120.721"", ""  61.131""], ["" 130.873"", "" 123.114"", ""  61.154""], ["" 130.872"", "" 121.904"", ""  60.462""], ["" 129.918"", "" 121.907"", ""  64.885""], ["" 131.909"", "" 124.682"", ""  64.051""], ["" 133.094"", "" 124.231"", ""  63.700""], ["" 132.001"", "" 125.285"", ""  65.287""], ["" 133.961"", "" 124.600"", ""  64.724""], ["" 133.268"", "" 125.269"", ""  65.714""], ["" 130.968"", "" 125.954"", ""  66.070""], ["" 130.086"", "" 124.915"", ""  66.788""], ["" 129.183"", "" 125.552"", ""  67.833""], ["" 129.497"", "" 125.438"", ""  69.189""], ["" 128.035"", "" 126.242"", ""  67.433""], ["" 128.665"", "" 126.015"", ""  70.145""], ["" 127.203"", "" 126.819"", ""  68.391""], ["" 127.522"", "" 126.703"", ""  69.741""], ["" 128.572"", "" 129.269"", ""  60.699""], ["" 129.475"", "" 130.449"", ""  61.065""], ["" 130.615"", "" 130.744"", ""  60.485""], ["" 129.191"", "" 131.400"", ""  62.022""], ["" 131.081"", "" 131.892"", ""  61.118""], ["" 130.185"", "" 132.294"", ""  62.087""], ["" 128.057"", "" 131.500"", ""  62.935""], ["" 128.215"", "" 130.506"", ""  64.099""], ["" 126.880"", "" 130.153"", ""  64.737""], ["" 126.825"", "" 129.199"", ""  65.757""], ["" 125.712"", "" 130.789"", ""  64.308""], ["" 125.604"", "" 128.880"", ""  66.346""], ["" 124.491"", "" 130.470"", ""  64.896""], ["" 124.442"", "" 129.517"", ""  65.912""], ["" 127.101"", "" 129.732"", ""  60.619""], ["" 126.192"", "" 129.132"", ""  61.501""], ["" 126.620"", "" 130.707"", ""  59.713""], ["" 124.847"", "" 129.500"", ""  61.511""], ["" 125.271"", "" 131.071"", ""  59.734""], ["" 124.388"", "" 130.475"", ""  60.629""], ["" 127.622"", "" 131.456"", ""  58.516""]]",[],RR13_Rahimova_2017
113,11433,RR14_Rahimova_2017,receptor_tmp,1,2,-9.39,-0.23475000000000001,0.0,0.0,1,187.89,-12.67,-12.04,-0.63,-12.67,0.0,-1.83,3.28,-1.83,39,12,0.0,0.0,0.0,5.408269,8.738982,9.750205,-0.91898256,0.31049601,0.24302939,175.417099,"49.352734, 301.715546, 109.406281, 3.448019, 252.696243, 184.349518, 165.771301, 129.121765, 173.283813, 40.649368, 21.609659, ","[["" 130.662"", "" 125.786"", ""  64.022""], ["" 129.575"", "" 125.844"", ""  65.014""], ["" 129.466"", "" 127.202"", ""  65.565""], ["" 128.323"", "" 128.057"", ""  65.021""], ["" 125.245"", "" 130.572"", ""  63.592""], ["" 126.272"", "" 129.728"", ""  64.039""], ["" 124.752"", "" 130.416"", ""  62.293""], ["" 126.803"", "" 129.850"", ""  65.341""], ["" 126.797"", "" 128.738"", ""  63.189""], ["" 125.270"", "" 129.434"", ""  61.450""], ["" 127.788"", "" 129.103"", ""  65.899""], ["" 127.873"", "" 127.898"", ""  63.752""], ["" 126.293"", "" 128.588"", ""  61.885""], ["" 128.168"", "" 129.329"", ""  67.048""], ["" 124.656"", "" 131.653"", ""  64.489""], ["" 126.430"", "" 130.568"", ""  65.942""], ["" 126.833"", "" 127.523"", ""  60.939""], ["" 129.763"", "" 124.865"", ""  66.092""], ["" 129.963"", "" 125.512"", ""  67.480""], ["" 128.645"", "" 125.758"", ""  68.244""], ["" 128.848"", "" 126.088"", ""  69.659""], ["" 129.504"", "" 124.972"", ""  70.354""], ["" 127.613"", "" 126.508"", ""  70.339""], ["" 129.685"", "" 125.266"", ""  71.858""], ["" 127.852"", "" 126.757"", ""  71.844""], ["" 128.433"", "" 125.606"", ""  72.445""], ["" 131.989"", "" 125.364"", ""  64.637""], ["" 132.419"", "" 125.720"", ""  65.824""], ["" 132.915"", "" 124.538"", ""  64.037""], ["" 133.650"", "" 125.092"", ""  65.984""], ["" 133.952"", "" 124.347"", ""  64.860""], ["" 132.871"", "" 123.870"", ""  62.736""], ["" 131.462"", "" 123.485"", ""  62.303""], ["" 130.874"", "" 124.106"", ""  61.199""], ["" 130.765"", "" 122.493"", ""  62.996""], ["" 129.611"", "" 123.710"", ""  60.770""], ["" 129.502"", "" 122.098"", ""  62.564""], ["" 128.918"", "" 122.699"", ""  61.437""], ["" 127.682"", "" 122.356"", ""  60.924""], ["" 126.706"", "" 123.374"", ""  60.730""]]",[],RR14_Rahimova_2017
114,7081,RR15_Rahimova_2017,receptor_tmp,1,15,-9.77,-0.21239130434782608,0.0,0.0,2,184.4,-14.24,-13.1,-1.14,-14.24,0.0,-3.99,4.47,-3.99,67,6,0.0,0.0,0.0,4.617437,9.306315,8.327446,0.50789511,0.14288345,0.84948624,128.507034,"14.769661, 148.672913, 13.10692, 59.452892, 156.294861, 217.17926, 76.736984, 193.279251, 337.684784, 265.384094, 0.347112, 16.481243, 324.679779, 312.919952, 15.808484, ","[["" 129.138"", "" 126.249"", ""  64.270""], ["" 129.288"", "" 125.200"", ""  64.900""], ["" 129.370"", "" 126.329"", ""  62.924""], ["" 130.643"", "" 126.851"", ""  62.338""], ["" 131.691"", "" 125.747"", ""  62.260""], ["" 133.628"", "" 123.731"", ""  62.236""], ["" 133.261"", "" 124.324"", ""  63.440""], ["" 133.036"", "" 124.134"", ""  61.042""], ["" 132.297"", "" 125.327"", ""  63.451""], ["" 132.072"", "" 125.138"", ""  61.053""], ["" 134.564"", "" 122.755"", ""  62.225""], ["" 130.443"", "" 127.742"", ""  61.073""], ["" 130.491"", "" 129.070"", ""  61.283""], ["" 130.218"", "" 127.241"", ""  59.971""], ["" 130.652"", "" 129.402"", ""  62.223""], ["" 130.233"", "" 130.093"", ""  60.277""], ["" 131.209"", "" 131.275"", ""  60.420""], ["" 131.271"", "" 131.574"", ""  61.822""], ["" 132.670"", "" 130.974"", ""  60.039""], ["" 132.617"", "" 131.754"", ""  62.247""], ["" 133.374"", "" 130.782"", ""  61.360""], ["" 128.294"", "" 126.081"", ""  61.944""], ["" 128.549"", "" 124.854"", ""  61.042""], ["" 127.640"", "" 123.636"", ""  61.332""], ["" 128.380"", "" 122.409"", ""  61.645""], ["" 128.824"", "" 121.670"", ""  60.454""], ["" 129.502"", "" 122.713"", ""  62.544""], ["" 129.669"", "" 120.436"", ""  60.837""], ["" 130.326"", "" 121.449"", ""  62.872""], ["" 130.758"", "" 120.825"", ""  61.667""], ["" 128.637"", "" 127.498"", ""  65.037""], ["" 128.357"", "" 127.275"", ""  66.455""], ["" 129.160"", "" 126.548"", ""  67.241""], ["" 127.181"", "" 127.587"", ""  67.000""], ["" 128.448"", "" 126.471"", ""  68.350""], ["" 127.267"", "" 127.067"", ""  68.275""], ["" 128.931"", "" 125.765"", ""  69.587""], ["" 128.453"", "" 126.126"", ""  70.854""], ["" 129.869"", "" 124.731"", ""  69.501""], ["" 128.896"", "" 125.478"", ""  72.019""], ["" 130.320"", "" 124.081"", ""  70.648""], ["" 129.841"", "" 124.447"", ""  71.915""], ["" 128.452"", "" 125.796"", ""  73.291""], ["" 127.478"", "" 126.822"", ""  73.459""], ["" 130.250"", "" 123.844"", ""  73.092""], ["" 131.440"", "" 123.062"", ""  73.104""]]",[],RR15_Rahimova_2017
115,11750,RR16_Rahimova_2017,receptor_tmp,1,5,-7.78,-0.16208333333333333,0.0,0.0,1,186.37,-12.25,-12.43,-0.04,-12.48,0.22,-2.4,4.47,-2.4,67,9,0.0,0.0,0.0,4.077899,8.37936,6.261165,-0.95653945,0.06234775,-0.28485967,158.242691,"310.158295, 5.607779, 86.738983, 239.119415, 310.687469, 331.963715, 218.030441, 54.500813, 29.78158, 343.286469, 323.250549, 349.433167, 228.210724, 11.756937, 333.414978, ","[["" 131.260"", "" 124.529"", ""  65.094""], ["" 131.397"", "" 123.157"", ""  64.868""], ["" 132.333"", "" 122.699"", ""  63.946""], ["" 133.128"", "" 123.616"", ""  63.254""], ["" 133.018"", "" 124.983"", ""  63.509""], ["" 132.085"", "" 125.441"", ""  64.433""], ["" 129.961"", "" 125.129"", ""  66.173""], ["" 130.596"", "" 125.964"", ""  67.201""], ["" 129.141"", "" 123.974"", ""  66.559""], ["" 128.982"", "" 126.178"", ""  65.130""], ["" 127.975"", "" 128.193"", ""  63.262""], ["" 127.829"", "" 128.358"", ""  64.795""], ["" 128.150"", "" 126.710"", ""  62.844""], ["" 128.934"", "" 127.600"", ""  65.559""], ["" 129.237"", "" 126.002"", ""  63.677""], ["" 126.860"", "" 128.900"", ""  62.486""], ["" 125.665"", "" 129.940"", ""  59.091""], ["" 124.529"", "" 130.654"", ""  58.966""], ["" 125.910"", "" 129.653"", ""  60.424""], ["" 123.972"", "" 130.808"", ""  60.216""], ["" 124.810"", "" 130.214"", ""  61.115""], ["" 126.945"", "" 128.989"", ""  61.089""], ["" 124.735"", "" 130.105"", ""  62.512""], ["" 125.769"", "" 129.446"", ""  63.178""], ["" 126.511"", "" 129.698"", ""  57.929""], ["" 127.756"", "" 130.575"", ""  57.916""], ["" 129.670"", "" 131.527"", ""  59.058""], ["" 130.016"", "" 132.224"", ""  57.901""], ["" 128.544"", "" 130.701"", ""  59.065""], ["" 129.235"", "" 132.100"", ""  56.751""], ["" 128.107"", "" 131.278"", ""  56.759""], ["" 130.629"", "" 131.686"", ""  60.485""], ["" 123.678"", "" 130.637"", ""  63.206""], ["" 123.843"", "" 131.527"", ""  63.524""], ["" 134.225"", "" 123.060"", ""  61.955""], ["" 135.117"", "" 124.182"", ""  61.642""], ["" 134.768"", "" 121.754"", ""  62.350""], ["" 133.169"", "" 122.816"", ""  60.562""], ["" 133.122"", "" 123.573"", ""  59.876""], ["" 131.986"", "" 121.927"", ""  60.650""], ["" 132.342"", "" 120.690"", ""  61.515""], ["" 131.509"", "" 119.412"", ""  61.297""], ["" 130.184"", "" 119.650"", ""  60.551""], ["" 129.219"", "" 120.657"", ""  61.203""], ["" 130.781"", "" 122.764"", ""  61.141""], ["" 129.401"", "" 122.146"", ""  60.840""], ["" 129.218"", "" 120.659"", ""  61.203""], ["" 130.182"", "" 119.650"", ""  60.551""]]",[],RR16_Rahimova_2017
116,11535,RR17_Rahimova_2017,receptor_tmp,1,14,-7.45,-0.19102564102564104,0.0,0.0,3,187.42,-11.03,-10.82,-0.21,-11.03,0.0,-2.01,3.58,-2.01,73,6,0.0,0.0,0.0,5.4885,10.447979,5.92991,0.26991104,-0.84988222,0.45260163,272.355072,"261.94986, 329.468872, 354.37149, 190.814865, 191.923721, 316.746796, 231.003616, 239.542114, 2.033814, 305.907501, 301.798523, 339.671906, ","[["" 128.079"", "" 125.448"", ""  60.540""], ["" 127.637"", "" 126.633"", ""  61.780""], ["" 128.344"", "" 126.845"", ""  62.946""], ["" 127.632"", "" 127.830"", ""  63.598""], ["" 126.598"", "" 127.434"", ""  61.730""], ["" 126.596"", "" 128.200"", ""  62.889""], ["" 129.503"", "" 126.187"", ""  63.385""], ["" 131.807"", "" 124.887"", ""  64.262""], ["" 130.588"", "" 124.697"", ""  64.933""], ["" 131.854"", "" 125.734"", ""  63.153""], ["" 129.437"", "" 125.346"", ""  64.495""], ["" 130.707"", "" 126.386"", ""  62.709""], ["" 132.997"", "" 124.285"", ""  64.624""], ["" 133.923"", "" 125.006"", ""  65.429""], ["" 128.000"", "" 128.409"", ""  64.956""], ["" 127.099"", "" 128.006"", ""  66.034""], ["" 126.111"", "" 127.990"", ""  65.829""], ["" 127.529"", "" 127.381"", ""  67.218""], ["" 128.904"", "" 127.270"", ""  67.423""], ["" 126.646"", "" 126.883"", ""  68.185""], ["" 129.397"", "" 126.658"", ""  68.572""], ["" 127.138"", "" 126.269"", ""  69.333""], ["" 128.518"", "" 126.152"", ""  69.533""], ["" 129.076"", "" 125.477"", ""  70.786""], ["" 128.122"", "" 124.885"", ""  71.508""], ["" 129.975"", "" 124.549"", ""  70.453""], ["" 129.670"", "" 126.394"", ""  71.549""], ["" 128.279"", "" 123.960"", ""  61.584""], ["" 128.222"", "" 122.657"", ""  60.757""], ["" 127.234"", "" 122.395"", ""  60.064""], ["" 129.417"", "" 121.751"", ""  60.828""], ["" 129.235"", "" 120.394"", ""  61.131""], ["" 130.718"", "" 122.223"", ""  60.604""], ["" 130.325"", "" 119.533"", ""  61.205""], ["" 131.808"", "" 121.359"", ""  60.679""], ["" 131.618"", "" 120.003"", ""  60.981""], ["" 132.637"", "" 119.073"", ""  61.074""], ["" 133.986"", "" 119.496"", ""  60.898""], ["" 134.320"", "" 120.537"", ""  61.971""]]",[],RR17_Rahimova_2017
117,11732,RR18_Rahimova_2017,receptor_tmp,1,15,-8.2,-0.2157894736842105,0.0,0.0,3,190.9,-9.1,-9.01,-0.09,-9.1,0.0,-2.05,0.89,-2.05,46,4,0.0,0.0,0.0,4.484841,13.508185,6.213467,-0.54855673,0.62848665,0.5514436,67.820206,"153.919983, 351.195099, 23.243643, ","[["" 127.930"", "" 130.613"", ""  61.547""], ["" 127.456"", "" 131.775"", ""  60.624""], ["" 126.196"", "" 132.257"", ""  60.787""], ["" 125.343"", "" 131.883"", ""  61.781""], ["" 125.750"", "" 131.079"", ""  62.692""], ["" 124.825"", "" 130.630"", ""  64.105""], ["" 126.158"", "" 129.601"", ""  64.716""], ["" 126.174"", "" 128.861"", ""  65.879""], ["" 125.042"", "" 128.926"", ""  66.815""], ["" 125.350"", "" 128.161"", ""  67.867""], ["" 126.559"", "" 127.546"", ""  67.741""], ["" 127.126"", "" 127.906"", ""  66.531""], ["" 128.363"", "" 127.321"", ""  66.201""], ["" 128.998"", "" 126.445"", ""  67.086""], ["" 128.407"", "" 126.125"", ""  68.307""], ["" 127.172"", "" 126.675"", ""  68.640""], ["" 123.985"", "" 129.551"", ""  66.737""], ["" 126.961"", "" 130.465"", ""  62.691""], ["" 127.266"", "" 129.685"", ""  63.764""], ["" 128.367"", "" 129.154"", ""  63.876""], ["" 124.735"", "" 128.038"", ""  68.658""], ["" 128.078"", "" 129.306"", ""  60.772""], ["" 129.242"", "" 127.811"", ""  59.663""], ["" 127.937"", "" 127.349"", ""  59.707""], ["" 129.321"", "" 129.002"", ""  60.312""], ["" 127.198"", "" 128.299"", ""  60.411""], ["" 130.524"", "" 127.283"", ""  59.069""], ["" 128.309"", "" 132.253"", ""  59.541""], ["" 129.439"", "" 131.529"", ""  59.364""], ["" 128.013"", "" 133.243"", ""  58.869""], ["" 129.600"", "" 130.796"", ""  60.038""], ["" 130.477"", "" 131.674"", ""  58.419""], ["" 131.742"", "" 131.151"", ""  58.754""], ["" 130.304"", "" 132.289"", ""  57.165""], ["" 132.802"", "" 131.263"", ""  57.848""], ["" 131.370"", "" 132.394"", ""  56.274""], ["" 132.619"", "" 131.884"", ""  56.615""], ["" 131.994"", "" 130.457"", ""  60.090""]]",[],RR18_Rahimova_2017
118,11345,RR19_Rahimova_2017,receptor_tmp,1,1,-10.91,-0.22729166666666667,0.0,0.0,1,187.2,-13.3,-13.25,-0.05,-13.3,0.0,-3.62,2.39,-3.62,76,11,0.0,0.0,0.0,4.796236,9.416631,7.250478,-0.04412593,0.88873322,0.45629614,124.172516,"57.943497, 337.724884, 35.877419, 357.272186, 318.090302, 81.088562, 2.788279, 90.924812, ","[["" 130.418"", "" 122.976"", ""  65.036""], ["" 129.357"", "" 124.149"", ""  64.434""], ["" 128.817"", "" 124.166"", ""  63.171""], ["" 128.789"", "" 123.255"", ""  62.165""], ["" 129.100"", "" 122.064"", ""  62.257""], ["" 128.895"", "" 125.243"", ""  65.123""], ["" 129.214"", "" 125.776"", ""  66.330""], ["" 130.176"", "" 125.467"", ""  67.036""], ["" 128.449"", "" 125.067"", ""  62.904""], ["" 128.098"", "" 125.685"", ""  64.691""], ["" 128.299"", "" 123.816"", ""  60.804""], ["" 128.346"", "" 122.781"", ""  59.642""], ["" 127.215"", "" 122.927"", ""  58.641""], ["" 126.030"", "" 123.602"", ""  59.005""], ["" 127.399"", "" 122.545"", ""  57.295""], ["" 125.038"", "" 123.824"", ""  58.057""], ["" 126.395"", "" 122.776"", ""  56.363""], ["" 125.218"", "" 123.407"", ""  56.745""], ["" 128.957"", "" 125.097"", ""  60.421""], ["" 129.965"", "" 125.213"", ""  59.506""], ["" 128.621"", "" 126.280"", ""  61.009""], ["" 130.309"", "" 126.655"", ""  59.482""], ["" 130.479"", "" 124.312"", ""  58.842""], ["" 129.504"", "" 127.295"", ""  60.383""], ["" 127.766"", "" 126.465"", ""  61.875""], ["" 131.257"", "" 127.357"", ""  58.734""], ["" 129.601"", "" 128.673"", ""  60.587""], ["" 131.368"", "" 128.739"", ""  58.922""], ["" 130.543"", "" 129.395"", ""  59.845""], ["" 128.219"", "" 126.859"", ""  66.820""], ["" 128.224"", "" 128.174"", ""  65.989""], ["" 126.864"", "" 128.828"", ""  65.803""], ["" 126.518"", "" 129.444"", ""  64.581""], ["" 125.883"", "" 128.707"", ""  66.810""], ["" 125.244"", "" 129.965"", ""  64.402""], ["" 124.615"", "" 129.237"", ""  66.612""], ["" 124.298"", "" 129.868"", ""  65.416""], ["" 128.389"", "" 127.130"", ""  68.274""], ["" 129.419"", "" 127.834"", ""  68.831""], ["" 127.527"", "" 126.616"", ""  69.197""], ["" 129.178"", "" 127.794"", ""  70.295""], ["" 130.356"", "" 128.381"", ""  68.247""], ["" 128.043"", "" 127.062"", ""  70.514""], ["" 126.530"", "" 125.923"", ""  68.983""], ["" 129.898"", "" 128.344"", ""  71.356""], ["" 127.566"", "" 126.841"", ""  71.806""], ["" 129.435"", "" 128.135"", ""  72.660""], ["" 128.272"", "" 127.386"", ""  72.884""]]",[],RR19_Rahimova_2017
119,6772,RR19_Rahimova_2017-again1,receptor_tmp,1,20,-9.96,-0.2119148936170213,0.0,0.0,1,187.7,-12.65,-13.01,0.36,-12.65,0.0,-2.88,2.68,-2.88,76,8,0.0,0.0,0.0,6.092729,7.773712,12.364513,-0.49417921,0.85141005,-0.17574935,270.910736,"226.411209, 329.774963, 143.297028, 280.827789, 14.771572, 20.880922, 45.096699, 351.079712, 118.781738, ","[["" 128.049"", "" 128.521"", ""  67.133""], ["" 128.952"", "" 127.178"", ""  67.587""], ["" 129.685"", "" 126.310"", ""  66.828""], ["" 129.858"", "" 126.176"", ""  65.491""], ["" 129.453"", "" 126.960"", ""  64.630""], ["" 130.112"", "" 125.574"", ""  67.369""], ["" 129.002"", "" 126.707"", ""  68.887""], ["" 129.451"", "" 127.289"", ""  69.951""], ["" 129.881"", "" 128.448"", ""  70.117""], ["" 129.481"", "" 126.402"", ""  71.240""], ["" 129.545"", "" 124.879"", ""  70.884""], ["" 130.211"", "" 124.007"", ""  71.945""], ["" 130.044"", "" 122.620"", ""  71.913""], ["" 130.992"", "" 124.595"", ""  72.945""], ["" 130.662"", "" 121.822"", ""  72.871""], ["" 131.612"", "" 123.797"", ""  73.903""], ["" 131.444"", "" 122.414"", ""  73.862""], ["" 128.427"", "" 126.764"", ""  72.243""], ["" 128.627"", "" 126.867"", ""  73.593""], ["" 127.137"", "" 127.001"", ""  71.870""], ["" 127.306"", "" 127.227"", ""  74.161""], ["" 129.678"", "" 126.698"", ""  74.209""], ["" 126.412"", "" 127.307"", ""  73.129""], ["" 126.671"", "" 126.970"", ""  70.730""], ["" 126.912"", "" 127.465"", ""  75.479""], ["" 125.073"", "" 127.630"", ""  73.358""], ["" 125.575"", "" 127.790"", ""  75.729""], ["" 124.659"", "" 127.874"", ""  74.672""], ["" 130.649"", "" 124.904"", ""  65.065""], ["" 132.190"", "" 125.041"", ""  65.225""], ["" 132.990"", "" 124.271"", ""  64.190""], ["" 132.804"", "" 122.880"", ""  64.045""], ["" 133.795"", "" 124.955"", ""  63.255""], ["" 133.462"", "" 122.192"", ""  63.033""], ["" 134.444"", "" 124.249"", ""  62.250""], ["" 134.282"", "" 122.874"", ""  62.142""], ["" 130.270"", "" 124.374"", ""  63.720""], ["" 130.383"", "" 125.069"", ""  62.548""], ["" 129.651"", "" 123.169"", ""  63.575""], ["" 129.777"", "" 124.196"", ""  61.512""], ["" 130.872"", "" 126.187"", ""  62.386""], ["" 129.334"", "" 123.058"", ""  62.130""], ["" 129.399"", "" 122.347"", ""  64.457""], ["" 129.605"", "" 124.388"", ""  60.141""], ["" 128.693"", "" 122.049"", ""  61.409""], ["" 128.962"", "" 123.389"", ""  59.402""], ["" 128.508"", "" 122.224"", ""  60.033""]]",[],RR19_Rahimova_2017-again1
120,11541,RR1_Rahimova_2017,receptor_tmp,1,17,-8.27,-0.18795454545454546,0.0,0.0,1,190.15,-11.85,-11.09,-0.76,-11.85,0.0,-2.84,3.58,-2.84,87,6,0.0,0.0,0.0,9.997007,6.146585,6.386005,-0.7774723,0.50550628,-0.37416604,193.924011,"250.459686, 196.981125, 270.860504, 44.903786, 358.372711, 23.652782, 21.825108, 14.909183, 52.341393, 108.567764, 177.385162, 290.73645, ","[["" 129.534"", "" 124.750"", ""  62.451""], ["" 128.778"", "" 124.913"", ""  61.395""], ["" 128.413"", "" 123.676"", ""  61.072""], ["" 128.879"", "" 122.725"", ""  61.858""], ["" 129.600"", "" 123.413"", ""  62.748""], ["" 130.323"", "" 126.066"", ""  63.317""], ["" 131.947"", "" 125.974"", ""  62.485""], ["" 132.627"", "" 124.596"", ""  62.517""], ["" 133.509"", "" 124.350"", ""  63.340""], ["" 132.171"", "" 123.722"", ""  61.595""], ["" 131.374"", "" 124.021"", ""  61.050""], ["" 132.617"", "" 122.419"", ""  61.303""], ["" 133.667"", "" 121.939"", ""  62.087""], ["" 132.044"", "" 121.586"", ""  60.330""], ["" 134.148"", "" 120.646"", ""  61.905""], ["" 132.529"", "" 120.293"", ""  60.150""], ["" 133.577"", "" 119.808"", ""  60.933""], ["" 133.983"", "" 118.512"", ""  60.687""], ["" 134.748"", "" 118.233"", ""  59.519""], ["" 130.327"", "" 122.720"", ""  63.812""], ["" 129.735"", "" 122.891"", ""  65.222""], ["" 129.984"", "" 124.081"", ""  65.802""], ["" 129.082"", "" 121.983"", ""  65.748""], ["" 130.678"", "" 124.744"", ""  65.486""], ["" 129.609"", "" 124.253"", ""  67.127""], ["" 129.492"", "" 125.517"", ""  67.590""], ["" 129.597"", "" 126.525"", ""  66.884""], ["" 129.967"", "" 123.512"", ""  67.712""], ["" 129.188"", "" 125.648"", ""  69.069""], ["" 129.654"", "" 124.712"", ""  70.006""], ["" 128.440"", "" 126.735"", ""  69.534""], ["" 129.382"", "" 124.852"", ""  71.379""], ["" 128.159"", "" 126.882"", ""  70.888""], ["" 128.626"", "" 125.945"", ""  71.824""], ["" 129.836"", "" 123.968"", ""  72.344""], ["" 131.000"", "" 123.190"", ""  72.094""], ["" 128.393"", "" 126.039"", ""  73.185""], ["" 127.317"", "" 126.841"", ""  73.658""], ["" 127.534"", "" 123.381"", ""  59.889""], ["" 128.024"", "" 122.704"", ""  58.761""], ["" 126.186"", "" 123.771"", ""  59.864""], ["" 127.185"", "" 122.446"", ""  57.676""], ["" 125.353"", "" 123.531"", ""  58.818""], ["" 125.860"", "" 122.875"", ""  57.744""]]",[],RR1_Rahimova_2017
121,7463,RR20_Rahimova_2017,receptor_tmp,1,3,-10.73,-0.2751282051282051,0.0,0.0,7,181.27,-12.52,-12.36,-0.16,-12.52,0.0,-1.69,1.79,-1.69,62,6,0.0,0.0,0.0,5.581417,8.295105,10.038437,0.91121415,-0.03595677,-0.41036067,211.631897,"238.287216, 66.291466, 124.632568, 46.753334, 199.353531, 216.185135, ","[["" 130.310"", "" 125.023"", ""  65.462""], ["" 129.724"", "" 123.914"", ""  64.832""], ["" 130.421"", "" 123.185"", ""  63.869""], ["" 131.707"", "" 123.587"", ""  63.483""], ["" 132.626"", "" 122.977"", ""  62.600""], ["" 133.853"", "" 123.790"", ""  62.576""], ["" 133.764"", "" 124.735"", ""  63.762""], ["" 132.320"", "" 124.646"", ""  64.152""], ["" 131.627"", "" 125.362"", ""  65.129""], ["" 129.560"", "" 125.800"", ""  66.508""], ["" 128.821"", "" 126.062"", ""  68.560""], ["" 129.477"", "" 125.294"", ""  67.728""], ["" 128.224"", "" 127.518"", ""  67.864""], ["" 128.911"", "" 127.041"", ""  66.330""], ["" 128.728"", "" 127.910"", ""  65.105""], ["" 128.557"", "" 125.838"", ""  69.903""], ["" 129.435"", "" 127.738"", ""  70.819""], ["" 128.872"", "" 126.649"", ""  70.942""], ["" 128.086"", "" 124.971"", ""  70.123""], ["" 128.477"", "" 126.192"", ""  72.366""], ["" 129.535"", "" 125.411"", ""  73.034""], ["" 130.112"", "" 124.381"", ""  72.157""], ["" 130.623"", "" 126.287"", ""  73.487""], ["" 131.012"", "" 123.428"", ""  72.975""], ["" 131.740"", "" 125.531"", ""  74.207""], ["" 131.957"", "" 124.166"", ""  73.924""], ["" 132.589"", "" 126.185"", ""  75.106""], ["" 133.021"", "" 123.502"", ""  74.543""], ["" 133.640"", "" 125.509"", ""  75.722""], ["" 133.858"", "" 124.165"", ""  75.437""], ["" 132.327"", "" 122.105"", ""  61.593""], ["" 133.087"", "" 121.202"", ""  61.237""], ["" 131.012"", "" 122.244"", ""  60.859""], ["" 130.784"", "" 123.371"", ""  60.061""], ["" 129.994"", "" 121.294"", ""  61.013""], ["" 129.572"", "" 123.526"", ""  59.392""], ["" 128.781"", "" 121.449"", ""  60.345""], ["" 128.574"", "" 122.561"", ""  59.527""], ["" 127.250"", "" 122.737"", ""  58.805""]]",[],RR20_Rahimova_2017
122,11615,RR20_Rahimova_2017-again1,receptor_tmp,1,16,-9.02,-0.23128205128205126,0.0,0.0,1,181.65,-10.81,-10.89,0.08,-10.81,0.0,-2.22,1.79,-2.22,90,3,0.0,0.0,0.0,5.84489,13.535585,9.019054,0.34841738,0.45813076,0.81775396,228.271652,"94.328926, 76.477203, 137.790527, 351.485443, 25.645664, 238.525177, ","[["" 127.313"", "" 131.099"", ""  62.733""], ["" 127.763"", "" 130.446"", ""  63.776""], ["" 126.815"", "" 129.994"", ""  64.582""], ["" 125.499"", "" 130.287"", ""  64.171""], ["" 124.155"", "" 129.919"", ""  64.762""], ["" 125.593"", "" 131.222"", ""  62.698""], ["" 128.016"", "" 131.726"", ""  61.738""], ["" 127.493"", "" 132.267"", ""  60.689""], ["" 126.305"", "" 132.431"", ""  60.350""], ["" 128.528"", "" 132.816"", ""  59.687""], ["" 128.213"", "" 132.289"", ""  58.256""], ["" 128.123"", "" 130.750"", ""  58.199""], ["" 129.192"", "" 132.844"", ""  57.194""], ["" 129.500"", "" 130.132"", ""  58.504""], ["" 130.499"", "" 132.045"", ""  57.122""], ["" 130.632"", "" 130.758"", ""  57.695""], ["" 131.590"", "" 132.594"", ""  56.439""], ["" 131.837"", "" 130.063"", ""  57.534""], ["" 132.786"", "" 131.895"", ""  56.299""], ["" 132.909"", "" 130.623"", ""  56.844""], ["" 127.290"", "" 132.638"", ""  58.029""], ["" 127.229"", "" 129.240"", ""  65.813""], ["" 128.488"", "" 129.445"", ""  66.392""], ["" 126.382"", "" 128.274"", ""  66.379""], ["" 128.886"", "" 128.729"", ""  67.522""], ["" 126.770"", "" 127.570"", ""  67.519""], ["" 128.001"", "" 127.825"", ""  68.123""], ["" 126.102"", "" 126.400"", ""  68.178""], ["" 128.199"", "" 126.937"", ""  69.204""], ["" 126.955"", "" 126.179"", ""  69.416""], ["" 129.140"", "" 127.051"", ""  70.188""], ["" 129.670"", "" 128.122"", ""  70.490""], ["" 129.586"", "" 125.811"", ""  70.930""], ["" 129.851"", "" 125.885"", ""  72.303""], ["" 129.796"", "" 124.602"", ""  70.254""], ["" 130.278"", "" 124.757"", ""  72.998""], ["" 130.223"", "" 123.474"", ""  70.949""], ["" 130.455"", "" 123.548"", ""  72.323""], ["" 130.929"", "" 122.321"", ""  73.081""]]",[],RR20_Rahimova_2017-again1
123,11306,RR21_Rahimova_2017,receptor_tmp,2,9,-9.53,-0.23825,0.0,0.0,6,188.46,-11.32,-10.95,-0.37,-11.32,0.0,-1.44,1.79,-1.44,61,5,0.0,0.0,0.0,5.019145,10.382783,10.13783,-0.07576901,-0.84001411,0.53724795,100.73008,"121.103821, 340.875885, 285.630157, 41.52055, 253.544159, 351.775879, ","[["" 129.361"", "" 127.161"", ""  65.214""], ["" 129.369"", "" 126.742"", ""  66.500""], ["" 129.428"", "" 125.071"", ""  67.104""], ["" 129.427"", "" 125.681"", ""  68.752""], ["" 129.362"", "" 127.049"", ""  68.783""], ["" 129.322"", "" 127.701"", ""  67.595""], ["" 129.261"", "" 128.930"", ""  67.468""], ["" 129.480"", "" 124.998"", ""  69.853""], ["" 129.485"", "" 125.620"", ""  71.132""], ["" 129.405"", "" 127.121"", ""  71.078""], ["" 129.347"", "" 127.789"", ""  69.972""], ["" 129.553"", "" 125.046"", ""  72.219""], ["" 129.406"", "" 126.355"", ""  64.004""], ["" 129.609"", "" 126.778"", ""  62.670""], ["" 129.646"", "" 125.761"", ""  61.831""], ["" 129.471"", "" 124.651"", ""  62.564""], ["" 129.337"", "" 124.975"", ""  63.891""], ["" 129.778"", "" 128.174"", ""  62.155""], ["" 130.098"", "" 130.809"", ""  61.189""], ["" 128.951"", "" 130.443"", ""  61.902""], ["" 131.085"", "" 129.834"", ""  60.959""], ["" 128.792"", "" 129.141"", ""  62.378""], ["" 130.923"", "" 128.534"", ""  61.435""], ["" 127.980"", "" 131.356"", ""  62.136""], ["" 130.183"", "" 132.118"", ""  60.754""], ["" 129.180"", "" 132.627"", ""  59.879""], ["" 129.478"", "" 123.362"", ""  61.970""], ["" 128.639"", "" 123.068"", ""  60.884""], ["" 130.331"", "" 122.368"", ""  62.472""], ["" 128.659"", "" 121.801"", ""  60.306""], ["" 130.348"", "" 121.102"", ""  61.892""], ["" 129.513"", "" 120.824"", ""  60.812""], ["" 129.383"", "" 127.901"", ""  72.398""], ["" 128.020"", "" 127.935"", ""  73.086""], ["" 126.935"", "" 127.256"", ""  72.525""], ["" 127.863"", "" 128.621"", ""  74.295""], ["" 125.697"", "" 127.273"", ""  73.162""], ["" 126.625"", "" 128.638"", ""  74.931""], ["" 125.540"", "" 127.967"", ""  74.362""], ["" 124.191"", "" 127.973"", ""  75.058""]]",[],RR21_Rahimova_2017
124,11448,RR22_Rahimova_2017,receptor_tmp,1,14,-8.53,-0.2665625,0.0,0.0,20,189.99,-9.12,-8.94,-0.18,-9.12,0.0,-0.63,0.6,-0.63,42,8,0.0,0.0,0.0,6.84718,9.518391,6.847494,0.77982532,0.44335276,-0.44193981,150.211639,"80.900757, 57.584576, ","[["" 134.538"", "" 124.998"", ""  64.818""], ["" 133.348"", "" 124.959"", ""  64.514""], ["" 132.327"", "" 125.760"", ""  64.996""], ["" 132.621"", "" 123.799"", ""  63.317""], ["" 130.975"", "" 124.355"", ""  63.652""], ["" 130.996"", "" 125.626"", ""  64.489""], ["" 130.642"", "" 126.825"", ""  63.715""], ["" 129.247"", "" 127.121"", ""  63.586""], ["" 128.635"", "" 127.181"", ""  64.967""], ["" 127.559"", "" 128.001"", ""  65.321""], ["" 127.033"", "" 127.958"", ""  66.614""], ["" 127.567"", "" 127.082"", ""  67.559""], ["" 128.625"", "" 126.241"", ""  67.213""], ["" 129.151"", "" 126.284"", ""  65.922""], ["" 130.179"", "" 125.384"", ""  65.638""], ["" 129.309"", "" 128.326"", ""  62.669""], ["" 130.584"", "" 127.997"", ""  61.888""], ["" 131.300"", "" 127.139"", ""  62.513""], ["" 129.830"", "" 123.724"", ""  63.298""], ["" 132.495"", "" 126.418"", ""  65.741""], ["" 129.666"", "" 122.507"", ""  62.480""], ["" 130.481"", "" 121.374"", ""  62.618""], ["" 128.663"", "" 122.466"", ""  61.504""], ["" 130.267"", "" 120.258"", ""  61.808""], ["" 128.440"", "" 121.391"", ""  60.706""], ["" 129.238"", "" 120.306"", ""  60.867""], ["" 130.918"", "" 128.633"", ""  60.599""], ["" 131.158"", "" 130.013"", ""  60.525""], ["" 131.000"", "" 127.861"", ""  59.430""], ["" 131.473"", "" 130.609"", ""  59.307""], ["" 131.314"", "" 128.458"", ""  58.212""], ["" 131.550"", "" 129.829"", ""  58.156""]]",[],RR22_Rahimova_2017
125,11523,RR23_Rahimova_2017,receptor_tmp,1,19,-10.85,-0.27125,0.0,0.0,4,191.04,-12.34,-12.19,-0.15,-12.34,0.0,-1.48,1.49,-1.48,74,7,0.0,0.0,0.0,5.593466,11.983023,7.643492,0.03902085,0.02310899,-0.99897114,64.690369,"2.927402, 182.937775, 124.133949, 124.376953, 105.011581, ","[["" 129.595"", "" 126.287"", ""  65.292""], ["" 129.830"", "" 124.907"", ""  65.292""], ["" 129.569"", "" 124.138"", ""  64.157""], ["" 129.015"", "" 124.738"", ""  63.018""], ["" 128.734"", "" 124.193"", ""  61.745""], ["" 128.182"", "" 125.261"", ""  60.894""], ["" 128.473"", "" 126.570"", ""  61.609""], ["" 128.835"", "" 126.122"", ""  62.993""], ["" 129.117"", "" 126.893"", ""  64.121""], ["" 129.917"", "" 127.098"", ""  66.557""], ["" 129.271"", "" 125.272"", ""  70.508""], ["" 129.255"", "" 126.542"", ""  70.035""], ["" 129.524"", "" 124.264"", ""  69.845""], ["" 129.461"", "" 126.972"", ""  68.761""], ["" 129.844"", "" 126.292"", ""  67.756""], ["" 129.132"", "" 128.707"", ""  68.488""], ["" 129.080"", "" 128.389"", ""  66.716""], ["" 129.013"", "" 127.254"", ""  70.708""], ["" 127.607"", "" 128.318"", ""  66.261""], ["" 128.935"", "" 125.117"", ""  72.001""], ["" 130.175"", "" 125.273"", ""  72.795""], ["" 130.627"", "" 123.010"", ""  72.726""], ["" 130.919"", "" 124.152"", ""  73.091""], ["" 132.147"", "" 124.486"", ""  73.906""], ["" 130.477"", "" 126.573"", ""  73.179""], ["" 133.031"", "" 123.475"", ""  74.301""], ["" 132.397"", "" 125.813"", ""  74.257""], ["" 131.535"", "" 126.844"", ""  73.876""], ["" 134.163"", "" 123.803"", ""  75.051""], ["" 133.530"", "" 126.139"", ""  75.007""], ["" 134.411"", "" 125.132"", ""  75.403""], ["" 128.540"", "" 122.873"", ""  61.451""], ["" 127.421"", "" 122.375"", ""  61.304""], ["" 129.737"", "" 121.960"", ""  61.312""], ["" 131.025"", "" 122.507"", ""  61.323""], ["" 129.576"", "" 120.582"", ""  61.112""], ["" 132.139"", "" 121.684"", ""  61.177""], ["" 130.690"", "" 119.760"", ""  60.965""], ["" 131.973"", "" 120.309"", ""  61.007""], ["" 133.186"", "" 119.413"", ""  60.838""]]",[],RR23_Rahimova_2017
126,6656,RR24_Rahimova_2017,receptor_tmp,1,20,-9.89,-0.2197777777777778,0.0,0.0,2,187.77,-11.38,-11.35,-0.03,-11.38,0.0,-1.61,1.49,-1.61,58,8,0.0,0.0,0.0,3.818886,12.854349,9.738727,0.12503508,-0.44185598,-0.88832962,223.186096,"231.821625, 151.719635, 287.819519, 236.43811, 241.620773, ","[["" 125.786"", "" 130.385"", ""  63.433""], ["" 126.710"", "" 129.579"", ""  64.058""], ["" 128.612"", "" 127.970"", ""  65.313""], ["" 128.841"", "" 128.448"", ""  64.020""], ["" 127.432"", "" 128.312"", ""  65.982""], ["" 127.895"", "" 129.254"", ""  63.394""], ["" 126.486"", "" 129.120"", ""  65.358""], ["" 129.650"", "" 127.066"", ""  65.989""], ["" 129.718"", "" 121.870"", ""  63.907""], ["" 129.935"", "" 123.008"", ""  64.326""], ["" 130.147"", "" 124.138"", ""  63.553""], ["" 129.803"", "" 123.262"", ""  65.657""], ["" 130.050"", "" 125.462"", ""  63.947""], ["" 129.686"", "" 124.523"", ""  66.147""], ["" 130.201"", "" 126.424"", ""  63.188""], ["" 129.770"", "" 125.639"", ""  65.376""], ["" 129.477"", "" 124.578"", ""  67.505""], ["" 129.346"", "" 125.779"", ""  68.159""], ["" 129.415"", "" 126.958"", ""  67.514""], ["" 129.119"", "" 125.978"", ""  69.580""], ["" 129.249"", "" 128.036"", ""  68.483""], ["" 129.058"", "" 127.351"", ""  69.779""], ["" 128.970"", "" 125.098"", ""  70.653""], ["" 129.271"", "" 129.238"", ""  68.224""], ["" 128.848"", "" 127.873"", ""  71.057""], ["" 128.758"", "" 125.614"", ""  71.934""], ["" 128.698"", "" 126.997"", ""  72.135""], ["" 130.387"", "" 123.910"", ""  62.113""], ["" 129.768"", "" 122.463"", ""  66.272""], ["" 129.421"", "" 123.716"", ""  68.029""], ["" 125.620"", "" 131.673"", ""  63.855""], ["" 124.584"", "" 132.139"", ""  64.341""], ["" 126.912"", "" 132.526"", ""  63.691""], ["" 127.911"", "" 132.339"", ""  64.842""], ["" 127.553"", "" 132.335"", ""  62.356""], ["" 128.893"", "" 132.158"", ""  62.145""], ["" 126.821"", "" 132.346"", ""  61.206""], ["" 129.045"", "" 132.027"", ""  60.675""], ["" 129.785"", "" 132.120"", ""  62.993""], ["" 127.802"", "" 132.140"", ""  60.112""], ["" 125.602"", "" 132.494"", ""  61.096""], ["" 130.179"", "" 131.829"", ""  59.886""], ["" 127.626"", "" 132.060"", ""  58.730""], ["" 130.023"", "" 131.745"", ""  58.498""], ["" 128.751"", "" 131.859"", ""  57.922""]]",[],RR24_Rahimova_2017
127,11294,RR24_Rahimova_2017-again1,receptor_tmp,1,10,-8.57,-0.19930232558139535,0.0,0.0,4,185.1,-10.06,-11.26,1.2,-10.06,0.0,-1.92,1.49,-1.92,49,5,0.0,0.0,0.0,4.824084,8.201438,7.875515,0.07765277,-0.75526296,0.65080559,83.78083,"23.871752, 19.104406, 357.449615, 252.651749, 38.547035, ","[["" 129.864"", "" 126.247"", ""  65.998""], ["" 129.779"", "" 125.487"", ""  64.855""], ["" 129.643"", "" 123.975"", ""  62.513""], ["" 129.163"", "" 125.289"", ""  62.530""], ["" 130.199"", "" 123.424"", ""  63.671""], ["" 129.234"", "" 126.044"", ""  63.697""], ["" 130.273"", "" 124.180"", ""  64.837""], ["" 129.566"", "" 123.137"", ""  61.228""], ["" 132.750"", "" 124.019"", ""  58.509""], ["" 133.077"", "" 123.450"", ""  59.740""], ["" 131.537"", "" 124.275"", ""  58.170""], ["" 132.118"", "" 123.116"", ""  60.676""], ["" 130.525"", "" 123.993"", ""  59.041""], ["" 132.361"", "" 122.590"", ""  61.766""], ["" 130.744"", "" 123.431"", ""  60.270""], ["" 129.296"", "" 124.334"", ""  58.560""], ["" 128.221"", "" 124.013"", ""  59.177""], ["" 128.232"", "" 123.373"", ""  60.482""], ["" 126.833"", "" 124.171"", ""  58.778""], ["" 126.947"", "" 123.121"", ""  60.816""], ["" 126.046"", "" 123.612"", ""  59.774""], ["" 126.240"", "" 124.729"", ""  57.643""], ["" 124.651"", "" 123.605"", ""  59.651""], ["" 124.849"", "" 124.727"", ""  57.517""], ["" 124.056"", "" 124.166"", ""  58.520""], ["" 133.587"", "" 124.321"", ""  57.642""], ["" 134.465"", "" 123.145"", ""  60.160""], ["" 126.566"", "" 122.551"", ""  61.909""], ["" 129.196"", "" 125.853"", ""  67.122""], ["" 129.087"", "" 124.686"", ""  67.517""], ["" 128.586"", "" 127.050"", ""  67.909""], ["" 129.643"", "" 127.960"", ""  68.548""], ["" 127.602"", "" 127.821"", ""  67.093""], ["" 127.906"", "" 128.545"", ""  65.973""], ["" 126.283"", "" 127.875"", ""  67.431""], ["" 126.618"", "" 129.128"", ""  65.521""], ["" 129.013"", "" 128.685"", ""  65.451""], ["" 125.646"", "" 128.728"", ""  66.396""], ["" 125.732"", "" 127.332"", ""  68.390""], ["" 126.318"", "" 129.948"", ""  64.432""], ["" 124.318"", "" 129.125"", ""  66.229""], ["" 124.992"", "" 130.356"", ""  64.247""], ["" 123.996"", "" 129.945"", ""  65.143""]]",[],RR24_Rahimova_2017-again1
128,11404,RR25_Rahimova_2017,receptor_tmp,1,10,-10.48,-0.26871794871794874,0.0,0.0,1,188.13,-11.97,-11.53,-0.44,-11.97,0.0,-0.73,1.49,-0.73,49,9,0.0,0.0,0.0,6.104522,13.526623,9.871907,-0.71345736,0.60580074,-0.35211371,77.760857,"330.946594, 119.715118, 134.689178, 291.78952, 266.608246, ","[["" 125.986"", "" 128.732"", ""  66.423""], ["" 127.117"", "" 128.071"", ""  66.816""], ["" 128.474"", "" 128.628"", ""  66.633""], ["" 129.445"", "" 127.480"", ""  66.286""], ["" 129.397"", "" 126.416"", ""  67.294""], ["" 128.051"", "" 125.844"", ""  67.350""], ["" 126.993"", "" 126.910"", ""  67.725""], ["" 124.868"", "" 128.385"", ""  66.814""], ["" 126.016"", "" 129.863"", ""  65.354""], ["" 127.934"", "" 132.012"", ""  61.412""], ["" 126.681"", "" 132.605"", ""  61.199""], ["" 128.043"", "" 131.006"", ""  62.386""], ["" 125.569"", "" 132.211"", ""  61.941""], ["" 126.936"", "" 130.593"", ""  63.133""], ["" 125.701"", "" 131.218"", ""  62.911""], ["" 127.004"", "" 129.519"", ""  64.203""], ["" 124.555"", "" 130.870"", ""  63.604""], ["" 124.616"", "" 130.340"", ""  64.869""], ["" 123.552"", "" 130.282"", ""  65.486""], ["" 129.118"", "" 132.440"", ""  60.627""], ["" 130.232"", "" 132.329"", ""  61.135""], ["" 128.943"", "" 132.888"", ""  59.498""], ["" 130.414"", "" 125.387"", ""  67.038""], ["" 131.306"", "" 125.713"", ""  65.810""], ["" 131.341"", "" 124.682"", ""  64.732""], ["" 132.593"", "" 124.240"", ""  64.357""], ["" 130.111"", "" 124.305"", ""  64.238""], ["" 132.593"", "" 123.244"", ""  63.213""], ["" 133.639"", "" 124.626"", ""  64.889""], ["" 130.167"", "" 123.306"", ""  63.098""], ["" 129.042"", "" 124.752"", ""  64.670""], ["" 133.813"", "" 122.751"", ""  62.730""], ["" 131.394"", "" 122.796"", ""  62.602""], ["" 128.975"", "" 122.874"", ""  62.503""], ["" 133.851"", "" 121.842"", ""  61.675""], ["" 131.422"", "" 121.867"", ""  61.524""], ["" 128.990"", "" 121.962"", ""  61.449""], ["" 132.677"", "" 121.397"", ""  61.071""], ["" 130.192"", "" 121.459"", ""  60.954""]]",[],RR25_Rahimova_2017
129,11318,RR26_Rahimova_2017,receptor_tmp,1,17,-9.92,-0.26105263157894737,0.0,0.0,9,186.64,-11.12,-10.89,-0.22,-11.12,0.0,-1.2,1.19,-1.2,55,3,0.0,0.0,0.0,5.155737,9.471231,9.314529,0.65086042,0.31191006,0.69216532,198.914719,"121.735779, 18.54809, 2.840827, 54.680855, ","[["" 129.916"", "" 126.422"", ""  62.723""], ["" 129.955"", "" 125.512"", ""  63.554""], ["" 129.510"", "" 125.515"", ""  64.944""], ["" 129.775"", "" 123.924"", ""  65.752""], ["" 128.960"", "" 126.630"", ""  65.474""], ["" 130.466"", "" 124.231"", ""  63.298""], ["" 130.453"", "" 123.318"", ""  64.286""], ["" 130.962"", "" 122.183"", ""  63.889""], ["" 131.274"", "" 122.449"", ""  62.623""], ["" 131.004"", "" 123.677"", ""  62.208""], ["" 128.454"", "" 126.827"", ""  66.822""], ["" 127.353"", "" 127.606"", ""  67.245""], ["" 128.977"", "" 126.346"", ""  68.013""], ["" 127.216"", "" 127.595"", ""  68.557""], ["" 128.196"", "" 126.815"", ""  69.038""], ["" 126.395"", "" 128.390"", ""  66.402""], ["" 125.144"", "" 128.769"", ""  66.914""], ["" 126.736"", "" 128.760"", ""  65.093""], ["" 124.243"", "" 129.496"", ""  66.135""], ["" 125.840"", "" 129.492"", ""  64.315""], ["" 124.586"", "" 129.849"", ""  64.832""], ["" 126.205"", "" 129.781"", ""  63.015""], ["" 123.685"", "" 130.609"", ""  64.113""], ["" 125.430"", "" 130.820"", ""  62.407""], ["" 123.924"", "" 130.617"", ""  62.701""], ["" 128.348"", "" 126.591"", ""  70.431""], ["" 127.528"", "" 127.250"", ""  71.358""], ["" 129.329"", "" 125.698"", ""  70.888""], ["" 127.690"", "" 127.023"", ""  72.722""], ["" 129.486"", "" 125.471"", ""  72.252""], ["" 128.667"", "" 126.135"", ""  73.163""], ["" 131.916"", "" 121.433"", ""  61.724""], ["" 133.304"", "" 121.256"", ""  61.831""], ["" 131.201"", "" 120.652"", ""  60.789""], ["" 133.971"", "" 120.322"", ""  61.041""], ["" 131.882"", "" 119.718"", ""  60.001""], ["" 133.259"", "" 119.550"", ""  60.127""], ["" 129.702"", "" 120.821"", ""  60.574""]]",[],RR26_Rahimova_2017
130,6810,RR27_Rahimova_2017,receptor_tmp,1,18,-9.63,-0.24075000000000002,0.0,0.0,4,187.05,-11.72,-11.54,-0.17,-11.72,0.0,-2.53,2.09,-2.53,52,5,0.0,0.0,0.0,2.363214,8.946255,4.849082,0.74646785,-0.61770351,0.24744317,223.8759,"26.123123, 19.770672, 189.897552, 352.22171, 304.931854, 51.959751, 307.42804, ","[["" 125.022"", "" 129.187"", ""  57.888""], ["" 125.432"", "" 127.896"", ""  57.746""], ["" 126.172"", "" 127.329"", ""  58.742""], ["" 126.582"", "" 127.934"", ""  59.894""], ["" 126.161"", "" 129.197"", ""  60.011""], ["" 125.383"", "" 129.886"", ""  59.056""], ["" 125.143"", "" 131.150"", ""  59.509""], ["" 125.764"", "" 131.272"", ""  60.738""], ["" 126.367"", "" 130.102"", ""  61.039""], ["" 124.273"", "" 129.863"", ""  56.961""], ["" 124.402"", "" 130.813"", ""  57.001""], ["" 126.580"", "" 125.857"", ""  58.540""], ["" 128.086"", "" 125.551"", ""  58.818""], ["" 125.637"", "" 124.849"", ""  59.267""], ["" 128.418"", "" 124.046"", ""  58.713""], ["" 126.112"", "" 123.379"", ""  59.153""], ["" 127.505"", "" 123.343"", ""  59.627""], ["" 127.774"", "" 123.139"", ""  60.948""], ["" 126.906"", "" 122.745"", ""  61.732""], ["" 129.241"", "" 123.235"", ""  61.459""], ["" 130.042"", "" 121.938"", ""  61.243""], ["" 129.412"", "" 120.689"", ""  61.123""], ["" 131.439"", "" 122.009"", ""  61.166""], ["" 130.167"", "" 119.537"", ""  60.926""], ["" 132.194"", "" 120.856"", ""  60.970""], ["" 131.554"", "" 119.626"", ""  60.850""], ["" 129.313"", "" 123.813"", ""  62.885""], ["" 129.115"", "" 125.177"", ""  63.138""], ["" 129.613"", "" 122.955"", ""  63.950""], ["" 129.199"", "" 125.669"", ""  64.439""], ["" 129.696"", "" 123.445"", ""  65.250""], ["" 129.486"", "" 124.800"", ""  65.489""], ["" 127.125"", "" 129.956"", ""  62.279""], ["" 126.250"", "" 129.805"", ""  63.517""], ["" 126.703"", "" 129.065"", ""  64.615""], ["" 124.980"", "" 130.390"", ""  63.557""], ["" 125.895"", "" 128.911"", ""  65.741""], ["" 124.175"", "" 130.241"", ""  64.688""], ["" 124.632"", "" 129.505"", ""  65.780""], ["" 126.452"", "" 127.976"", ""  67.082""]]",[],RR27_Rahimova_2017
131,7049,RR27_Rahimova_2017-again1,receptor_tmp,1,20,-9.82,-0.2455,0.0,0.0,2,186.47,-11.61,-11.51,-0.1,-11.61,0.0,-2.15,1.79,-2.15,70,5,0.0,0.0,0.0,3.987213,10.861083,9.124154,0.76412692,-0.05053725,0.64308322,292.413025,"41.330154, 191.133926, 16.223553, 116.212029, 148.475327, 101.914452, ","[["" 125.515"", "" 129.933"", ""  59.836""], ["" 125.806"", "" 129.573"", ""  60.975""], ["" 126.971"", "" 128.887"", ""  61.245""], ["" 127.424"", "" 128.417"", ""  62.474""], ["" 126.741"", "" 128.607"", ""  63.560""], ["" 125.569"", "" 129.282"", ""  63.404""], ["" 125.052"", "" 129.769"", ""  62.213""], ["" 123.891"", "" 130.364"", ""  62.424""], ["" 123.620"", "" 130.278"", ""  63.786""], ["" 124.653"", "" 129.637"", ""  64.360""], ["" 127.552"", "" 128.708"", ""  60.439""], ["" 128.757"", "" 127.665"", ""  62.514""], ["" 128.619"", "" 126.175"", ""  62.972""], ["" 129.613"", "" 127.910"", ""  61.231""], ["" 129.725"", "" 125.215"", ""  62.475""], ["" 130.633"", "" 126.802"", ""  60.870""], ["" 129.964"", "" 125.506"", ""  61.055""], ["" 129.232"", "" 124.966"", ""  60.037""], ["" 129.305"", "" 125.414"", ""  58.889""], ["" 128.429"", "" 123.650"", ""  60.265""], ["" 129.344"", "" 122.436"", ""  60.515""], ["" 130.742"", "" 122.526"", ""  60.428""], ["" 128.759"", "" 121.206"", ""  60.842""], ["" 131.536"", "" 121.407"", ""  60.663""], ["" 129.553"", "" 120.087"", ""  61.077""], ["" 130.938"", "" 120.192"", ""  60.985""], ["" 127.378"", "" 123.416"", ""  59.163""], ["" 126.050"", "" 123.842"", ""  59.315""], ["" 127.748"", "" 122.739"", ""  57.993""], ["" 125.113"", "" 123.601"", ""  58.314""], ["" 126.812"", "" 122.505"", ""  56.988""], ["" 125.499"", "" 122.936"", ""  57.154""], ["" 124.663"", "" 129.366"", ""  65.792""], ["" 126.042"", "" 129.011"", ""  66.329""], ["" 126.220"", "" 127.873"", ""  67.125""], ["" 127.142"", "" 129.822"", ""  66.029""], ["" 127.488"", "" 127.545"", ""  67.606""], ["" 128.409"", "" 129.493"", ""  66.512""], ["" 128.582"", "" 128.355"", ""  67.299""], ["" 127.704"", "" 126.136"", ""  68.577""]]",[],RR27_Rahimova_2017-again1
132,11336,RR28_Rahimova_2017,receptor_tmp,1,7,-7.71,-0.160625,0.0,0.0,2,183.16,-10.4,-10.36,-0.04,-10.4,0.0,-3.26,2.68,-3.26,62,3,0.0,0.0,0.0,3.907002,11.476876,8.495376,-0.64434164,0.76454227,0.01729091,122.219101,"309.730896, 55.430824, 256.974762, 71.218529, 261.135529, 321.47113, 121.703865, 328.497772, 24.358978, ","[["" 128.270"", "" 126.494"", ""  68.257""], ["" 126.949"", "" 127.132"", ""  67.763""], ["" 125.891"", "" 126.530"", ""  67.959""], ["" 126.977"", "" 128.397"", ""  67.259""], ["" 125.748"", "" 129.017"", ""  66.739""], ["" 128.206"", "" 129.018"", ""  66.746""], ["" 125.726"", "" 128.737"", ""  65.215""], ["" 128.241"", "" 128.761"", ""  65.217""], ["" 126.983"", "" 129.301"", ""  64.461""], ["" 127.068"", "" 128.865"", ""  62.970""], ["" 128.216"", "" 128.201"", ""  62.512""], ["" 126.034"", "" 129.118"", ""  62.055""], ["" 128.328"", "" 127.800"", ""  61.184""], ["" 126.145"", "" 128.717"", ""  60.726""], ["" 127.293"", "" 128.055"", ""  60.282""], ["" 127.436"", "" 127.611"", ""  58.827""], ["" 126.288"", "" 127.152"", ""  58.322""], ["" 127.840"", "" 128.631"", ""  58.070""], ["" 128.342"", "" 126.636"", ""  58.753""], ["" 126.997"", "" 130.781"", ""  64.512""], ["" 127.779"", "" 131.632"", ""  63.817""], ["" 128.636"", "" 131.278"", ""  63.009""], ["" 126.313"", "" 131.189"", ""  65.132""], ["" 127.557"", "" 133.118"", ""  64.076""], ["" 128.850"", "" 125.360"", ""  67.368""], ["" 129.930"", "" 125.807"", ""  66.355""], ["" 130.613"", "" 124.870"", ""  65.638""], ["" 130.228"", "" 127.004"", ""  66.319""], ["" 130.112"", "" 123.511"", ""  65.401""], ["" 131.564"", "" 125.287"", ""  64.599""], ["" 129.196"", "" 123.589"", ""  64.160""], ["" 130.757"", "" 125.420"", ""  63.280""], ["" 129.881"", "" 124.171"", ""  62.875""], ["" 130.715"", "" 123.019"", ""  62.226""], ["" 131.849"", "" 123.254"", ""  61.431""], ["" 130.322"", "" 121.686"", ""  62.430""], ["" 132.565"", "" 122.199"", ""  60.872""], ["" 131.035"", "" 120.629"", ""  61.874""], ["" 132.164"", "" 120.879"", ""  61.092""], ["" 132.942"", "" 119.710"", ""  60.490""], ["" 134.254"", "" 119.947"", ""  60.530""], ["" 132.686"", "" 118.607"", ""  61.192""], ["" 132.605"", "" 119.484"", ""  59.219""], ["" 128.838"", "" 124.566"", ""  61.905""], ["" 127.860"", "" 123.801"", ""  61.378""], ["" 127.687"", "" 122.615"", ""  61.656""], ["" 128.901"", "" 125.518"", ""  61.579""], ["" 126.932"", "" 124.485"", ""  60.379""]]",[],RR28_Rahimova_2017
133,6986,RR29_Rahimova_2017,receptor_tmp,1,9,-7.02,-0.30521739130434783,0.0,0.0,5,190.41,-8.21,-6.17,-2.04,-8.21,0.0,0.02,1.19,0.02,34,10,0.0,0.0,0.0,6.597079,11.457569,11.688835,-0.88856122,-0.24585037,-0.38731971,139.014236,"311.051666, 352.525482, 128.978134, 246.888123, ","[["" 126.454"", "" 127.579"", ""  67.124""], ["" 127.937"", "" 127.268"", ""  66.980""], ["" 128.378"", "" 126.900"", ""  65.834""], ["" 128.725"", "" 127.462"", ""  68.294""], ["" 127.999"", "" 126.818"", ""  69.494""], ["" 128.821"", "" 126.893"", ""  70.772""], ["" 128.906"", "" 125.772"", ""  71.618""], ["" 129.497"", "" 128.083"", ""  71.106""], ["" 129.676"", "" 125.887"", ""  72.769""], ["" 130.259"", "" 128.173"", ""  72.279""], ["" 129.889"", "" 124.967"", ""  73.747""], ["" 130.329"", "" 127.045"", ""  73.089""], ["" 130.872"", "" 125.520"", ""  74.580""], ["" 130.970"", "" 126.887"", ""  74.277""], ["" 129.732"", "" 126.701"", ""  65.679""], ["" 130.408"", "" 125.676"", ""  66.224""], ["" 129.862"", "" 124.712"", ""  66.967""], ["" 131.714"", "" 125.616"", ""  66.010""], ["" 130.234"", "" 127.394"", ""  65.142""], ["" 130.337"", "" 123.828"", ""  67.080""], ["" 128.966"", "" 124.869"", ""  67.405""], ["" 132.222"", "" 126.448"", ""  65.747""], ["" 132.201"", "" 124.738"", ""  66.117""]]",[],RR29_Rahimova_2017
134,11430,RR29_Rahimova_2017-again1,receptor_tmp,1,16,-6.09,-0.2768181818181818,0.0,0.0,2,188.23,-7.29,-7.08,-0.2,-7.29,0.0,-0.32,1.19,-0.32,39,13,0.0,0.0,0.0,3.835847,12.065414,11.118045,0.06744453,0.87323461,0.48261015,152.999786,"345.099213, 350.883636, 337.566895, 230.319565, ","[["" 129.827"", "" 125.422"", ""  66.746""], ["" 128.934"", "" 126.176"", ""  67.719""], ["" 129.298"", "" 126.290"", ""  68.947""], ["" 127.662"", "" 126.750"", ""  67.065""], ["" 127.765"", "" 128.277"", ""  66.870""], ["" 126.579"", "" 128.841"", ""  66.101""], ["" 126.729"", "" 129.214"", ""  64.755""], ["" 125.333"", "" 128.988"", ""  66.741""], ["" 125.614"", "" 129.716"", ""  64.093""], ["" 124.227"", "" 129.507"", ""  66.052""], ["" 125.513"", "" 130.166"", ""  62.815""], ["" 124.407"", "" 129.860"", ""  64.719""], ["" 124.145"", "" 130.392"", ""  62.601""], ["" 123.513"", "" 130.403"", ""  63.853""], ["" 128.524"", "" 126.964"", ""  69.735""], ["" 127.950"", "" 126.324"", ""  70.688""], ["" 128.052"", "" 124.940"", ""  71.000""], ["" 127.094"", "" 126.979"", ""  71.599""], ["" 128.618"", "" 124.307"", ""  70.452""], ["" 127.558"", "" 124.520"", ""  71.772""], ["" 126.896"", "" 127.967"", ""  71.533""], ["" 126.630"", "" 126.494"", ""  72.352""]]",[],RR29_Rahimova_2017-again1
135,6710,RR2_Rahimova_2017,receptor_tmp,1,18,-9.08,-0.1853061224489796,0.0,0.0,1,186.37,-12.66,-12.56,-0.1,-12.66,0.0,-4.62,3.58,-4.62,52,5,0.0,0.0,0.0,3.887063,12.09683,5.672604,-0.69016659,-0.72364826,-0.00180695,125.931595,"342.462311, 17.907192, 213.874771, 157.303406, 53.275311, 289.094604, 348.703003, 220.638412, 227.983749, 106.178337, 133.82338, 339.048004, ","[["" 126.068"", "" 133.388"", ""  61.331""], ["" 125.712"", "" 131.692"", ""  60.985""], ["" 125.737"", "" 129.667"", ""  60.189""], ["" 124.877"", "" 129.692"", ""  61.180""], ["" 126.313"", "" 130.914"", ""  60.013""], ["" 124.848"", "" 130.989"", ""  61.674""], ["" 126.033"", "" 128.440"", ""  59.389""], ["" 126.580"", "" 126.150"", ""  57.877""], ["" 125.889"", "" 127.225"", ""  57.304""], ["" 126.988"", "" 126.227"", ""  59.209""], ["" 125.626"", "" 128.366"", ""  58.055""], ["" 126.719"", "" 127.365"", ""  59.962""], ["" 126.864"", "" 124.972"", ""  57.171""], ["" 127.359"", "" 125.057"", ""  56.296""], ["" 126.376"", "" 123.341"", ""  57.686""], ["" 126.925"", "" 122.421"", ""  56.683""], ["" 124.938"", "" 123.367"", ""  57.976""], ["" 127.273"", "" 123.042"", ""  59.207""], ["" 128.707"", "" 122.586"", ""  61.548""], ["" 127.411"", "" 123.105"", ""  61.614""], ["" 129.286"", "" 122.303"", ""  60.310""], ["" 126.692"", "" 123.330"", ""  60.444""], ["" 128.569"", "" 122.529"", ""  59.139""], ["" 129.495"", "" 122.355"", ""  62.825""], ["" 127.310"", "" 131.296"", ""  59.092""], ["" 127.128"", "" 131.058"", ""  57.729""], ["" 128.474"", "" 131.918"", ""  59.550""], ["" 128.114"", "" 131.443"", ""  56.825""], ["" 129.458"", "" 132.298"", ""  58.642""], ["" 129.283"", "" 132.062"", ""  57.269""], ["" 130.204"", "" 132.406"", ""  56.297""], ["" 131.550"", "" 131.960"", ""  56.427""], ["" 127.573"", "" 133.214"", ""  62.358""], ["" 127.369"", "" 132.480"", ""  63.690""], ["" 126.782"", "" 131.269"", ""  63.603""], ["" 127.753"", "" 133.004"", ""  64.740""], ["" 126.695"", "" 130.754"", ""  62.737""], ["" 126.784"", "" 130.455"", ""  64.730""], ["" 127.116"", "" 129.152"", ""  64.576""], ["" 127.355"", "" 128.626"", ""  63.483""], ["" 127.035"", "" 130.969"", ""  65.562""], ["" 127.200"", "" 128.336"", ""  65.851""], ["" 126.060"", "" 128.177"", ""  66.651""], ["" 128.399"", "" 127.732"", ""  66.262""], ["" 126.112"", "" 127.427"", ""  67.822""], ["" 128.448"", "" 126.984"", ""  67.435""], ["" 127.310"", "" 126.822"", ""  68.223""], ["" 127.455"", "" 126.058"", ""  69.366""], ["" 128.628"", "" 126.209"", ""  70.158""]]",[],RR2_Rahimova_2017
136,6685,RR30_Rahimova_2017,receptor_tmp,1,17,-6.19,-0.3257894736842106,0.0,0.0,1,190.99,-7.69,-7.23,-0.46,-7.69,0.0,-0.49,1.49,-0.49,40,7,0.0,0.0,0.0,5.978271,7.276036,14.478292,-0.11520295,0.20235134,0.97251335,148.882294,"18.638611, 330.65683, 184.955948, 338.665222, 260.907349, ","[["" 129.884"", "" 124.264"", ""  70.886""], ["" 129.643"", "" 122.938"", ""  71.615""], ["" 130.472"", "" 122.545"", ""  72.438""], ["" 128.524"", "" 122.266"", ""  71.263""], ["" 127.935"", "" 122.676"", ""  70.553""], ["" 128.097"", "" 121.051"", ""  71.778""], ["" 128.390"", "" 120.512"", ""  72.940""], ["" 127.037"", "" 120.080"", ""  70.806""], ["" 127.779"", "" 119.277"", ""  73.118""], ["" 127.041"", "" 118.909"", ""  72.097""], ["" 126.279"", "" 117.605"", ""  72.052""], ["" 129.121"", "" 125.673"", ""  71.751""], ["" 130.254"", "" 125.857"", ""  73.090""], ["" 130.370"", "" 126.876"", ""  73.903""], ["" 131.152"", "" 124.872"", ""  73.348""], ["" 131.407"", "" 126.556"", ""  74.775""], ["" 131.835"", "" 125.374"", ""  74.408""], ["" 132.944"", "" 124.548"", ""  75.020""], ["" 134.280"", "" 125.305"", ""  75.058""]]",[],RR30_Rahimova_2017
137,11449,RR31_Rahimova_2017,receptor_tmp,1,5,-6.23,-0.2966666666666667,0.0,0.0,3,191.28,-7.72,-5.73,-1.99,-7.72,0.0,-0.26,1.49,-0.26,29,8,0.0,0.0,0.0,4.704935,9.689162,9.6948,-0.73145137,-0.19409561,0.65368631,167.765549,"177.187408, 99.169083, 238.739838, 308.324829, 50.425823, ","[["" 128.524"", "" 127.587"", ""  63.364""], ["" 128.390"", "" 127.117"", ""  64.746""], ["" 129.046"", "" 126.940"", ""  67.626""], ["" 129.396"", "" 125.887"", ""  66.653""], ["" 127.961"", "" 127.788"", ""  67.091""], ["" 129.583"", "" 126.402"", ""  65.206""], ["" 128.194"", "" 128.259"", ""  65.638""], ["" 129.175"", "" 126.748"", ""  69.003""], ["" 129.465"", "" 125.235"", ""  70.905""], ["" 129.412"", "" 126.323"", ""  71.790""], ["" 129.344"", "" 125.458"", ""  69.529""], ["" 129.235"", "" 127.610"", ""  71.281""], ["" 129.115"", "" 127.819"", ""  69.909""], ["" 129.643"", "" 123.809"", ""  71.413""], ["" 129.544"", "" 126.131"", ""  73.295""], ["" 127.188"", "" 128.059"", ""  62.756""], ["" 127.074"", "" 127.717"", ""  61.262""], ["" 125.753"", "" 126.988"", ""  60.991""], ["" 124.973"", "" 127.562"", ""  61.281""], ["" 125.724"", "" 126.118"", ""  61.502""], ["" 125.660"", "" 126.789"", ""  60.005""]]",[],RR31_Rahimova_2017
138,11380,RR32_Rahimova_2017,receptor_tmp,1,4,-6.06,-0.33666666666666667,0.0,0.0,2,185.19,-6.36,-6.28,-0.08,-6.36,0.0,-0.31,0.3,-0.31,38,1,0.0,0.0,0.0,4.425153,6.158457,4.357588,-0.95790357,0.28637542,-0.02024517,236.974121,"131.736862, ","[["" 127.206"", "" 124.812"", ""  57.476""], ["" 127.156"", "" 123.976"", ""  58.751""], ["" 128.335"", "" 123.375"", ""  59.192""], ["" 128.329"", "" 122.607"", ""  60.353""], ["" 127.207"", "" 122.407"", ""  61.092""], ["" 126.040"", "" 122.978"", ""  60.685""], ["" 124.886"", "" 122.750"", ""  61.474""], ["" 123.666"", "" 123.308"", ""  61.107""], ["" 123.566"", "" 124.094"", ""  59.966""], ["" 124.681"", "" 124.337"", ""  59.169""], ["" 125.951"", "" 123.786"", ""  59.505""], ["" 129.501"", "" 122.013"", ""  60.787""], ["" 129.565"", "" 120.540"", ""  60.752""], ["" 130.766"", "" 122.558"", ""  60.258""], ["" 130.836"", "" 119.968"", ""  61.423""], ["" 132.020"", "" 121.956"", ""  60.932""], ["" 132.033"", "" 120.503"", ""  60.776""], ["" 133.232"", "" 119.939"", ""  61.387""]]",[],RR32_Rahimova_2017
139,6784,RR32_Rahimova_2017-again1,receptor_tmp,10,14,-6.39,-0.3363157894736842,0.0,0.0,17,185.91,-6.69,-5.42,-1.27,-6.69,0.0,-0.32,0.3,-0.32,34,3,0.0,0.0,0.0,4.735522,6.26474,3.999033,0.06266294,0.09701076,-0.99330875,218.923538,"308.388947, ","[["" 131.970"", "" 124.028"", ""  59.707""], ["" 130.708"", "" 123.309"", ""  60.163""], ["" 129.507"", "" 124.006"", ""  60.289""], ["" 128.348"", "" 123.342"", ""  60.704""], ["" 128.366"", "" 122.018"", ""  61.020""], ["" 129.522"", "" 121.310"", ""  60.904""], ["" 129.500"", "" 119.932"", ""  61.226""], ["" 130.659"", "" 119.169"", ""  61.119""], ["" 131.851"", "" 119.750"", ""  60.697""], ["" 131.905"", "" 121.104"", ""  60.376""], ["" 130.741"", "" 121.915"", ""  60.471""], ["" 127.135"", "" 124.024"", ""  60.847""], ["" 127.087"", "" 125.494"", ""  60.729""], ["" 125.859"", "" 123.500"", ""  60.315""], ["" 126.926"", "" 125.968"", ""  59.265""], ["" 125.619"", "" 123.875"", ""  58.833""], ["" 125.600"", "" 125.412"", ""  58.712""], ["" 125.396"", "" 125.840"", ""  57.246""], ["" 124.842"", "" 125.769"", ""  59.277""]]",[],RR32_Rahimova_2017-again1
140,11723,RR32_Rahimova_2017-again2,receptor_tmp,3,14,-6.95,-0.34750000000000003,0.0,0.0,5,193.33,-7.25,-5.0,-2.25,-7.25,0.0,0.22,0.3,0.22,37,2,0.0,0.0,0.0,5.92157,16.266343,5.732258,0.42248959,0.51681976,0.74458034,209.25975,"181.508224, ","[["" 128.702"", "" 132.137"", ""  58.253""], ["" 129.245"", "" 132.006"", ""  59.670""], ["" 128.413"", "" 132.248"", ""  60.767""], ["" 128.896"", "" 132.138"", ""  62.077""], ["" 130.186"", "" 131.783"", ""  62.246""], ["" 131.077"", "" 131.525"", ""  61.231""], ["" 132.412"", "" 131.160"", ""  61.519""], ["" 133.285"", "" 130.902"", ""  60.466""], ["" 132.854"", "" 131.001"", ""  59.145""], ["" 131.540"", "" 131.360"", ""  58.846""], ["" 130.609"", "" 131.634"", ""  59.888""], ["" 130.521"", "" 131.695"", ""  63.194""], ["" 128.076"", "" 132.362"", ""  63.241""], ["" 126.613"", "" 132.097"", ""  63.205""], ["" 128.558"", "" 132.100"", ""  64.621""], ["" 126.318"", "" 130.603"", ""  63.506""], ["" 128.372"", "" 130.606"", ""  64.997""], ["" 126.872"", "" 130.240"", ""  64.905""], ["" 126.648"", "" 128.747"", ""  65.217""], ["" 126.376"", "" 130.798"", ""  65.588""]]",[],RR32_Rahimova_2017-again2
141,6790,RR33_Rahimova_2017,receptor_tmp,5,16,-5.24,-0.27578947368421053,0.0,0.0,19,189.08,-6.73,-6.16,-0.57,-6.73,0.0,-1.11,1.49,-1.11,22,4,0.0,0.0,0.0,5.572495,9.902239,12.428697,-0.36892644,0.85824231,0.35681005,86.854088,"277.459442, 160.397339, 273.117554, 289.832031, 188.644058, ","[["" 128.343"", "" 125.844"", ""  72.157""], ["" 127.711"", "" 126.797"", ""  71.360""], ["" 127.964"", "" 126.856"", ""  69.992""], ["" 128.856"", "" 125.958"", ""  69.399""], ["" 129.495"", "" 125.003"", ""  70.196""], ["" 129.242"", "" 124.943"", ""  71.564""], ["" 128.028"", "" 125.859"", ""  73.502""], ["" 127.467"", "" 127.037"", ""  74.075""], ["" 125.948"", "" 126.865"", ""  74.167""], ["" 129.126"", "" 126.021"", ""  67.930""], ["" 129.793"", "" 125.157"", ""  67.198""], ["" 128.646"", "" 127.078"", ""  67.223""], ["" 129.760"", "" 125.643"", ""  65.967""], ["" 129.052"", "" 126.838"", ""  65.955""], ["" 128.666"", "" 127.846"", ""  64.901""], ["" 130.423"", "" 124.906"", ""  64.823""], ["" 130.831"", "" 123.572"", ""  65.238""], ["" 129.822"", "" 122.591"", ""  64.876""], ["" 130.955"", "" 123.560"", ""  66.241""]]",[],RR33_Rahimova_2017
142,7759,RR33_Rahimova_2017-again1,receptor_tmp,1,13,-6.2,-0.31,0.0,0.0,17,189.68,-7.69,-5.57,-2.13,-7.69,0.0,-1.03,1.49,-1.03,21,6,0.0,0.0,0.0,6.062344,9.557161,12.353469,-0.39535935,0.85671484,0.3312562,84.291412,"279.931702, 156.79068, 290.445892, 42.853207, 180.710632, ","[["" 128.314"", "" 125.850"", ""  72.117""], ["" 127.636"", "" 126.785"", ""  71.335""], ["" 127.884"", "" 126.881"", ""  69.969""], ["" 128.820"", "" 126.037"", ""  69.362""], ["" 129.502"", "" 125.098"", ""  70.143""], ["" 129.253"", "" 125.004"", ""  71.509""], ["" 128.002"", "" 125.829"", ""  73.464""], ["" 127.460"", "" 126.997"", ""  74.074""], ["" 125.945"", "" 126.822"", ""  74.216""], ["" 129.090"", "" 126.137"", ""  67.895""], ["" 128.513"", "" 126.938"", ""  67.026""], ["" 130.029"", "" 125.326"", ""  67.346""], ["" 129.083"", "" 126.664"", ""  65.862""], ["" 130.028"", "" 125.659"", ""  66.033""], ["" 130.983"", "" 124.916"", ""  65.132""], ["" 128.668"", "" 127.387"", ""  64.595""], ["" 127.274"", "" 128.003"", ""  64.801""], ["" 127.289"", "" 129.534"", ""  64.907""], ["" 126.681"", "" 127.733"", ""  64.030""], ["" 126.876"", "" 127.621"", ""  65.648""]]",[],RR33_Rahimova_2017-again1
143,11276,RR3_Rahimova_2017,receptor_tmp,1,19,-10.29,-0.25725,0.0,0.0,20,184.72,-11.78,-11.77,-0.02,-11.78,0.0,-1.66,1.49,-1.66,70,3,0.0,0.0,0.0,4.810093,10.223168,10.628951,-0.84543876,0.24156673,-0.47631798,157.600815,"176.362579, 254.400421, 154.597031, 343.411438, 179.491241, ","[["" 128.231"", "" 127.007"", ""  67.770""], ["" 128.869"", "" 125.778"", ""  67.530""], ["" 129.276"", "" 125.381"", ""  68.777""], ["" 128.916"", "" 126.357"", ""  69.664""], ["" 128.291"", "" 127.336"", ""  69.055""], ["" 129.779"", "" 124.533"", ""  68.997""], ["" 127.530"", "" 127.905"", ""  66.799""], ["" 126.218"", "" 129.598"", ""  64.969""], ["" 125.499"", "" 128.919"", ""  65.961""], ["" 127.605"", "" 129.407"", ""  64.904""], ["" 126.145"", "" 128.079"", ""  66.864""], ["" 128.253"", "" 128.567"", ""  65.805""], ["" 125.525"", "" 130.505"", ""  64.000""], ["" 124.241"", "" 130.201"", ""  63.524""], ["" 126.144"", "" 131.679"", ""  63.546""], ["" 123.594"", "" 131.043"", ""  62.624""], ["" 125.501"", "" 132.524"", ""  62.647""], ["" 124.227"", "" 132.203"", ""  62.189""], ["" 129.146"", "" 124.984"", ""  66.295""], ["" 129.087"", "" 125.595"", ""  65.042""], ["" 129.475"", "" 123.630"", ""  66.382""], ["" 129.332"", "" 124.856"", ""  63.889""], ["" 129.720"", "" 122.894"", ""  65.227""], ["" 129.646"", "" 123.491"", ""  63.961""], ["" 129.890"", "" 122.696"", ""  62.718""], ["" 128.914"", "" 122.613"", ""  61.713""], ["" 131.104"", "" 122.018"", ""  62.526""], ["" 129.143"", "" 121.875"", ""  60.554""], ["" 131.337"", "" 121.282"", ""  61.368""], ["" 130.354"", "" 121.212"", ""  60.386""], ["" 129.204"", "" 126.303"", ""  71.095""], ["" 128.836"", "" 127.254"", ""  72.032""], ["" 129.908"", "" 125.279"", ""  71.830""], ["" 129.262"", "" 126.879"", ""  73.279""], ["" 129.924"", "" 125.673"", ""  73.205""], ["" 130.527"", "" 124.065"", ""  71.480""], ["" 130.529"", "" 124.901"", ""  74.203""], ["" 131.131"", "" 123.297"", ""  72.474""], ["" 131.129"", "" 123.708"", ""  73.803""], ["" 129.090"", "" 127.438"", ""  74.102""]]",[],RR3_Rahimova_2017
144,11195,RR4_Rahimova_2017,receptor_tmp,1,16,-10.82,-0.26390243902439026,0.0,0.0,1,186.59,-13.21,-12.49,-0.71,-13.21,0.0,-1.65,2.39,-1.65,52,4,0.0,0.0,0.0,6.188016,12.821038,9.81193,0.19422749,0.72339018,0.66255742,122.357361,"114.890015, 334.945404, 346.745087, 21.993916, 36.419559, 41.883476, 247.923019, 353.02951, ","[["" 129.950"", "" 125.919"", ""  65.738""], ["" 129.820"", "" 125.728"", ""  67.119""], ["" 128.922"", "" 126.500"", ""  67.864""], ["" 128.179"", "" 127.466"", ""  67.266""], ["" 128.309"", "" 127.693"", ""  65.938""], ["" 129.174"", "" 126.930"", ""  65.120""], ["" 129.271"", "" 127.171"", ""  63.677""], ["" 129.348"", "" 127.361"", ""  62.538""], ["" 130.908"", "" 125.038"", ""  65.004""], ["" 132.731"", "" 123.378"", ""  63.654""], ["" 133.167"", "" 124.546"", ""  64.279""], ["" 131.371"", "" 123.040"", ""  63.710""], ["" 132.266"", "" 125.368"", ""  64.950""], ["" 130.471"", "" 123.863"", ""  64.383""], ["" 133.696"", "" 122.625"", ""  63.013""], ["" 134.365"", "" 123.172"", ""  61.881""], ["" 128.740"", "" 126.333"", ""  69.346""], ["" 129.478"", "" 125.378"", ""  70.060""], ["" 127.824"", "" 127.121"", ""  70.060""], ["" 129.313"", "" 125.222"", ""  71.433""], ["" 127.656"", "" 126.968"", ""  71.433""], ["" 128.404"", "" 126.012"", ""  72.133""], ["" 128.305"", "" 125.786"", ""  73.493""], ["" 127.614"", "" 126.729"", ""  74.305""], ["" 127.272"", "" 129.008"", ""  65.336""], ["" 128.356"", "" 130.288"", ""  64.620""], ["" 128.215"", "" 130.467"", ""  63.102""], ["" 129.286"", "" 131.032"", ""  62.496""], ["" 127.193"", "" 130.097"", ""  62.520""], ["" 130.059"", "" 131.289"", ""  63.092""], ["" 129.462"", "" 131.327"", ""  61.142""], ["" 130.675"", "" 131.266"", ""  60.438""], ["" 128.157"", "" 131.836"", ""  60.104""], ["" 131.946"", "" 130.886"", ""  61.047""], ["" 130.535"", "" 131.605"", ""  59.070""], ["" 129.218"", "" 131.953"", ""  58.734""], ["" 132.954"", "" 130.584"", ""  61.529""], ["" 131.669"", "" 131.666"", ""  58.040""], ["" 128.752"", "" 132.445"", ""  57.370""], ["" 131.246"", "" 132.502"", ""  56.812""], ["" 129.836"", "" 132.133"", ""  56.316""]]",[],RR4_Rahimova_2017
145,6840,RR5_Rahimova_2017,receptor_tmp,1,6,-10.18,-0.21208333333333332,0.0,0.0,2,185.64,-13.76,-13.42,-0.33,-13.76,0.0,-4.22,3.58,-4.22,89,11,0.0,0.0,0.0,5.671066,9.927525,9.595642,-0.67932577,0.1550464,0.7172706,265.035522,"176.021881, 207.659897, 326.473114, 273.577148, 163.96991, 188.937744, 220.143326, 316.964478, 181.474152, 11.162188, 120.385284, 161.383209, ","[["" 131.976"", "" 124.905"", ""  64.217""], ["" 131.489"", "" 125.979"", ""  63.180""], ["" 131.525"", "" 125.499"", ""  61.717""], ["" 132.159"", "" 126.141"", ""  60.880""], ["" 130.805"", "" 124.386"", ""  61.451""], ["" 130.429"", "" 123.934"", ""  62.272""], ["" 130.559"", "" 123.593"", ""  60.210""], ["" 131.235"", "" 122.224"", ""  60.558""], ["" 132.554"", "" 122.158"", ""  61.036""], ["" 130.528"", "" 121.015"", ""  60.401""], ["" 133.144"", "" 120.935"", ""  61.344""], ["" 131.120"", "" 119.791"", ""  60.699""], ["" 132.428"", "" 119.756"", ""  61.169""], ["" 129.009"", "" 123.471"", ""  60.032""], ["" 128.130"", "" 123.577"", ""  61.122""], ["" 128.464"", "" 123.240"", ""  58.756""], ["" 126.755"", "" 123.446"", ""  60.944""], ["" 127.091"", "" 123.100"", ""  58.578""], ["" 126.241"", "" 123.205"", ""  59.674""], ["" 131.291"", "" 124.356"", ""  59.055""], ["" 132.629"", "" 124.067"", ""  58.730""], ["" 130.634"", "" 125.343"", ""  58.298""], ["" 133.287"", "" 124.748"", ""  57.709""], ["" 131.289"", "" 126.026"", ""  57.276""], ["" 132.615"", "" 125.728"", ""  56.989""], ["" 131.048"", "" 124.656"", ""  65.339""], ["" 129.879"", "" 123.927"", ""  65.168""], ["" 129.499"", "" 123.377"", ""  64.131""], ["" 131.186"", "" 125.170"", ""  66.196""], ["" 129.206"", "" 123.926"", ""  66.331""], ["" 129.699"", "" 124.618"", ""  67.475""], ["" 128.649"", "" 125.618"", ""  68.007""], ["" 128.974"", "" 126.166"", ""  69.385""], ["" 128.538"", "" 126.889"", ""  67.188""], ["" 129.180"", "" 125.485"", ""  70.588""], ["" 129.079"", "" 127.557"", ""  69.349""], ["" 128.805"", "" 128.009"", ""  67.976""], ["" 128.222"", "" 127.051"", ""  65.837""], ["" 129.494"", "" 126.199"", ""  71.746""], ["" 129.393"", "" 128.273"", ""  70.506""], ["" 128.769"", "" 129.290"", ""  67.419""], ["" 128.182"", "" 128.328"", ""  65.278""], ["" 129.601"", "" 127.590"", ""  71.705""], ["" 128.456"", "" 129.447"", ""  66.068""], ["" 133.376"", "" 125.269"", ""  64.769""], ["" 134.428"", "" 124.990"", ""  64.228""], ["" 133.243"", "" 125.962"", ""  65.938""], ["" 132.742"", "" 126.773"", ""  65.825""]]",[],RR5_Rahimova_2017
146,11825,RR5_Rahimova_2017-again1,receptor_tmp,1,6,-8.69,-0.18489361702127657,0.0,0.0,1,186.1,-11.98,-12.68,0.7,-11.98,0.0,-5.35,3.28,-5.35,66,3,0.0,0.0,0.0,3.270706,9.967825,3.451216,-0.67420189,-0.41714249,-0.60946202,166.529373,"121.970757, 340.580353, 23.930292, 24.103323, 15.388404, 218.403442, 268.043976, 323.69574, 287.652466, 257.752319, 209.281052, ","[["" 127.412"", "" 125.198"", ""  60.026""], ["" 128.787"", "" 125.526"", ""  59.356""], ["" 130.052"", "" 125.067"", ""  60.111""], ["" 131.066"", "" 125.761"", ""  60.046""], ["" 130.029"", "" 123.857"", ""  60.711""], ["" 129.127"", "" 123.406"", ""  60.759""], ["" 131.091"", "" 123.164"", ""  61.483""], ["" 130.925"", "" 121.616"", ""  61.354""], ["" 129.650"", "" 121.034"", ""  61.238""], ["" 132.046"", "" 120.768"", ""  61.329""], ["" 129.499"", "" 119.656"", ""  61.110""], ["" 131.898"", "" 119.390"", ""  61.200""], ["" 130.624"", "" 118.839"", ""  61.091""], ["" 132.550"", "" 123.419"", ""  60.986""], ["" 133.611"", "" 123.553"", ""  61.899""], ["" 132.842"", "" 123.508"", ""  59.614""], ["" 134.912"", "" 123.781"", ""  61.460""], ["" 134.142"", "" 123.736"", ""  59.171""], ["" 135.172"", "" 123.875"", ""  60.097""], ["" 130.852"", "" 123.623"", ""  62.963""], ["" 131.195"", "" 124.914"", ""  63.401""], ["" 130.230"", "" 122.758"", ""  63.880""], ["" 130.960"", "" 125.312"", ""  64.713""], ["" 129.993"", "" 123.154"", ""  65.194""], ["" 130.363"", "" 124.429"", ""  65.606""], ["" 127.395"", "" 125.758"", ""  61.394""], ["" 127.605"", "" 127.112"", ""  61.632""], ["" 127.845"", "" 127.977"", ""  60.786""], ["" 127.159"", "" 125.147"", ""  62.164""], ["" 127.506"", "" 127.338"", ""  62.956""], ["" 128.652"", "" 127.676"", ""  63.728""], ["" 128.243"", "" 128.551"", ""  64.928""], ["" 126.870"", "" 129.182"", ""  64.778""], ["" 128.078"", "" 127.754"", ""  66.207""], ["" 126.392"", "" 130.054"", ""  63.796""], ["" 126.025"", "" 128.772"", ""  65.811""], ["" 126.780"", "" 127.881"", ""  66.705""], ["" 129.009"", "" 126.965"", ""  66.889""], ["" 125.071"", "" 130.504"", ""  63.847""], ["" 124.703"", "" 129.221"", ""  65.864""], ["" 126.404"", "" 127.219"", ""  67.875""], ["" 128.636"", "" 126.304"", ""  68.061""], ["" 124.228"", "" 130.088"", ""  64.879""], ["" 127.335"", "" 126.430"", ""  68.552""], ["" 127.104"", "" 123.647"", ""  60.020""], ["" 127.032"", "" 123.130"", ""  61.160""], ["" 126.928"", "" 123.108"", ""  58.901""]]",[],RR5_Rahimova_2017-again1
147,11590,RR6_Rahimova_2017,receptor_tmp,1,18,-8.91,-0.22846153846153847,0.0,0.0,2,189.57,-11.59,-11.22,-0.38,-11.59,0.0,-1.89,2.68,-1.89,42,3,0.0,0.0,0.0,4.770237,12.983926,5.200975,-0.06271494,0.80754451,-0.58646287,247.966888,"266.558228, 281.089111, 176.283478, 166.501419, 77.383568, 290.493011, 166.452957, 343.483063, 224.697571, ","[["" 128.100"", "" 130.805"", ""  65.043""], ["" 127.249"", "" 129.194"", ""  64.963""], ["" 128.348"", "" 127.997"", ""  65.692""], ["" 129.043"", "" 127.025"", ""  67.710""], ["" 129.923"", "" 126.184"", ""  67.020""], ["" 128.274"", "" 127.922"", ""  67.042""], ["" 130.020"", "" 126.245"", ""  65.623""], ["" 129.214"", "" 127.184"", ""  64.933""], ["" 129.288"", "" 127.321"", ""  63.474""], ["" 129.345"", "" 127.427"", ""  62.323""], ["" 128.857"", "" 126.963"", ""  69.197""], ["" 128.491"", "" 126.860"", ""  71.984""], ["" 128.055"", "" 125.806"", ""  71.182""], ["" 129.108"", "" 127.966"", ""  71.403""], ["" 128.240"", "" 125.858"", ""  69.803""], ["" 129.290"", "" 128.012"", ""  70.025""], ["" 128.279"", "" 126.804"", ""  73.486""], ["" 130.965"", "" 125.306"", ""  64.949""], ["" 130.485"", "" 124.356"", ""  64.042""], ["" 132.341"", "" 125.376"", ""  65.189""], ["" 131.361"", "" 123.486"", ""  63.398""], ["" 133.220"", "" 124.508"", ""  64.546""], ["" 132.732"", "" 123.553"", ""  63.642""], ["" 133.525"", "" 122.653"", ""  62.956""], ["" 134.236"", "" 123.093"", ""  61.804""], ["" 128.163"", "" 131.536"", ""  63.697""], ["" 128.830"", "" 130.891"", ""  62.714""], ["" 127.662"", "" 132.656"", ""  63.603""], ["" 129.258"", "" 130.013"", ""  62.970""], ["" 129.119"", "" 131.317"", ""  61.404""], ["" 128.306"", "" 132.170"", ""  60.643""], ["" 130.312"", "" 130.841"", ""  60.860""], ["" 128.701"", "" 132.554"", ""  59.364""], ["" 130.706"", "" 131.228"", ""  59.582""], ["" 129.908"", "" 132.091"", ""  58.820""], ["" 130.368"", "" 132.492"", ""  57.447""], ["" 129.634"", "" 133.043"", ""  56.620""], ["" 131.669"", "" 132.187"", ""  57.206""], ["" 132.022"", "" 131.172"", ""  56.276""]]",[],RR6_Rahimova_2017
148,12052,RR7_Rahimova_2017,receptor_tmp,1,11,-8.37,-0.17081632653061224,0.0,0.0,1,186.94,-11.65,-11.46,-0.19,-11.65,0.0,-3.71,3.28,-3.71,57,6,0.0,0.0,0.0,1.370428,16.133706,3.40993,-0.78431392,0.01145408,-0.6202584,107.334198,"42.642246, 258.600098, 278.241394, 338.042847, 175.160217, 343.596924, 113.911873, 31.295704, 304.660065, 254.673553, 291.013275, ","[["" 125.239"", "" 130.023"", ""  59.937""], ["" 125.611"", "" 129.927"", ""  58.449""], ["" 124.537"", "" 129.297"", ""  57.551""], ["" 124.913"", "" 127.826"", ""  57.522""], ["" 126.433"", "" 127.934"", ""  57.537""], ["" 126.716"", "" 129.031"", ""  58.357""], ["" 124.516"", "" 129.866"", ""  56.252""], ["" 125.078"", "" 130.645"", ""  56.250""], ["" 127.126"", "" 126.756"", ""  58.023""], ["" 126.685"", "" 125.443"", ""  57.978""], ["" 128.415"", "" 126.669"", ""  58.519""], ["" 125.519"", "" 124.950"", ""  57.540""], ["" 127.746"", "" 124.670"", ""  58.516""], ["" 128.810"", "" 125.464"", ""  58.847""], ["" 125.428"", "" 123.599"", ""  57.670""], ["" 127.542"", "" 123.279"", ""  58.607""], ["" 126.359"", "" 122.747"", ""  58.175""], ["" 128.571"", "" 122.480"", ""  59.141""], ["" 128.716"", "" 122.007"", ""  60.402""], ["" 127.930"", "" 122.237"", ""  61.324""], ["" 129.295"", "" 122.236"", ""  58.482""], ["" 129.955"", "" 121.173"", ""  60.650""], ["" 131.221"", "" 121.711"", ""  60.369""], ["" 129.871"", "" 119.871"", ""  61.171""], ["" 132.373"", "" 120.964"", ""  60.595""], ["" 131.025"", "" 119.125"", ""  61.398""], ["" 132.271"", "" 119.675"", ""  61.109""], ["" 126.031"", "" 129.088"", ""  60.678""], ["" 126.891"", "" 129.551"", ""  61.743""], ["" 126.004"", "" 129.700"", ""  63.008""], ["" 126.525"", "" 129.398"", ""  64.277""], ["" 124.667"", "" 130.120"", ""  62.912""], ["" 125.736"", "" 129.515"", ""  65.416""], ["" 123.877"", "" 130.238"", ""  64.052""], ["" 124.414"", "" 129.934"", ""  65.299""], ["" 127.997"", "" 128.465"", ""  61.917""], ["" 129.358"", "" 128.799"", ""  61.984""], ["" 127.641"", "" 127.109"", ""  61.955""], ["" 130.328"", "" 127.809"", ""  62.110""], ["" 128.612"", "" 126.118"", ""  62.080""], ["" 129.968"", "" 126.464"", ""  62.161""], ["" 130.999"", "" 125.553"", ""  62.282""], ["" 131.943"", "" 125.429"", ""  61.222""], ["" 127.396"", "" 130.985"", ""  61.416""], ["" 127.472"", "" 131.959"", ""  62.424""], ["" 127.753"", "" 131.346"", ""  60.106""], ["" 127.913"", "" 133.247"", ""  62.140""], ["" 128.195"", "" 132.634"", ""  59.819""], ["" 128.275"", "" 133.579"", ""  60.837""]]",[],RR7_Rahimova_2017
149,11244,RR8_A_Rahimova_2017,receptor_tmp,1,12,-10.24,-0.2438095238095238,0.0,0.0,2,188.45,-14.42,-13.77,-0.66,-14.42,0.0,-3.43,4.18,-3.43,61,6,0.0,0.0,0.0,6.225758,9.572218,9.841036,0.94187351,0.29268266,0.16495804,44.389332,"142.546341, 344.692047, 45.981251, 31.982628, 222.981445, 46.142529, 71.132004, 268.342316, 7.235264, 118.337326, 165.148743, 44.929485, 301.253204, 85.295937, ","[["" 129.928"", "" 126.671"", ""  66.256""], ["" 129.179"", "" 126.124"", ""  65.049""], ["" 130.360"", "" 125.703"", ""  64.194""], ["" 131.353"", "" 125.135"", ""  65.218""], ["" 131.009"", "" 125.801"", ""  66.430""], ["" 129.071"", "" 126.658"", ""  67.364""], ["" 129.075"", "" 127.757"", ""  68.181""], ["" 129.055"", "" 128.926"", ""  67.779""], ["" 129.119"", "" 127.395"", ""  69.637""], ["" 128.768"", "" 126.115"", ""  70.094""], ["" 129.516"", "" 128.359"", ""  70.573""], ["" 128.818"", "" 125.811"", ""  71.452""], ["" 129.566"", "" 128.052"", ""  71.929""], ["" 129.218"", "" 126.775"", ""  72.386""], ["" 129.273"", "" 126.449"", ""  73.832""], ["" 128.366"", "" 125.780"", ""  74.319""], ["" 130.223"", "" 126.858"", ""  74.492""], ["" 128.392"", "" 127.100"", ""  64.372""], ["" 128.379"", "" 128.397"", ""  64.959""], ["" 126.952"", "" 128.795"", ""  65.304""], ["" 126.188"", "" 129.536"", ""  64.396""], ["" 126.397"", "" 128.402"", ""  66.526""], ["" 124.880"", "" 129.890"", ""  64.713""], ["" 125.087"", "" 128.757"", ""  66.842""], ["" 124.336"", "" 129.499"", ""  65.934""], ["" 129.888"", "" 124.726"", ""  63.269""], ["" 129.544"", "" 123.464"", ""  63.827""], ["" 129.532"", "" 122.400"", ""  62.738""], ["" 130.275"", "" 121.228"", ""  62.906""], ["" 128.801"", "" 122.600"", ""  61.562""], ["" 130.277"", "" 120.255"", ""  61.910""], ["" 128.802"", "" 121.626"", ""  60.567""], ["" 129.538"", "" 120.458"", ""  60.746""], ["" 132.838"", "" 125.400"", ""  64.917""], ["" 133.383"", "" 124.263"", ""  64.261""], ["" 133.971"", "" 124.550"", ""  63.000""], ["" 133.589"", "" 123.473"", ""  61.995""], ["" 133.907"", "" 122.137"", ""  62.253""], ["" 132.905"", "" 123.815"", ""  60.823""], ["" 133.553"", "" 121.147"", ""  61.338""], ["" 132.553"", "" 122.826"", ""  59.908""], ["" 132.879"", "" 121.497"", ""  60.169""]]",[],RR8_A_Rahimova_2017
150,11491,RR8_B_Rahimova_2017,receptor_tmp,1,11,-9.24,-0.22,0.0,0.0,1,185.79,-13.42,-13.26,-0.15,-13.42,0.0,-3.25,4.18,-3.25,59,2,0.0,0.0,0.0,3.831058,8.306941,7.431329,-0.64586403,0.420152,-0.63744172,148.86763,"294.521393, 12.140457, 312.662506, 283.791382, 123.526772, 28.905384, 323.597351, 44.971333, 68.672829, 326.044556, 79.288033, 337.270569, 270.225555, 39.071648, ","[["" 129.652"", "" 126.571"", ""  62.696""], ["" 129.347"", "" 127.235"", ""  64.037""], ["" 129.788"", "" 126.115"", ""  64.973""], ["" 131.021"", "" 125.529"", ""  64.276""], ["" 130.856"", "" 125.889"", ""  62.905""], ["" 128.605"", "" 125.694"", ""  62.358""], ["" 127.675"", "" 126.119"", ""  61.449""], ["" 127.089"", "" 127.204"", ""  61.506""], ["" 127.465"", "" 125.130"", ""  60.339""], ["" 127.854"", "" 123.787"", ""  60.462""], ["" 126.871"", "" 125.553"", ""  59.145""], ["" 127.655"", "" 122.895"", ""  59.414""], ["" 126.679"", "" 124.661"", ""  58.094""], ["" 127.073"", "" 123.322"", ""  58.214""], ["" 126.886"", "" 122.375"", ""  57.088""], ["" 125.748"", "" 122.005"", ""  56.813""], ["" 127.876"", "" 121.997"", ""  56.466""], ["" 127.966"", "" 127.531"", ""  64.232""], ["" 127.619"", "" 128.906"", ""  64.176""], ["" 126.340"", "" 129.106"", ""  64.970""], ["" 125.220"", "" 129.686"", ""  64.368""], ["" 126.295"", "" 128.722"", ""  66.313""], ["" 124.058"", "" 129.883"", ""  65.111""], ["" 125.134"", "" 128.920"", ""  67.055""], ["" 124.021"", "" 129.500"", ""  66.450""], ["" 130.141"", "" 126.574"", ""  66.281""], ["" 129.384"", "" 127.663"", ""  66.815""], ["" 128.848"", "" 127.364"", ""  68.211""], ["" 127.767"", "" 126.494"", ""  68.376""], ["" 129.459"", "" 127.942"", ""  69.328""], ["" 127.301"", "" 126.198"", ""  69.654""], ["" 128.990"", "" 127.649"", ""  70.606""], ["" 127.915"", "" 126.777"", ""  70.763""], ["" 131.184"", "" 124.003"", ""  64.390""], ["" 130.578"", "" 123.382"", ""  63.263""], ["" 131.451"", "" 123.146"", ""  62.169""], ["" 131.153"", "" 121.777"", ""  61.576""], ["" 129.857"", "" 121.259"", ""  61.644""], ["" 132.175"", "" 121.030"", ""  60.983""], ["" 129.582"", "" 119.996"", ""  61.125""], ["" 131.900"", "" 119.769"", ""  60.461""], ["" 130.607"", "" 119.256"", ""  60.538""]]",[],RR8_B_Rahimova_2017
151,11277,RR9_Rahimova_2017,receptor_tmp,1,4,-8.73,-0.22973684210526316,0.0,0.0,1,186.41,-11.12,-11.04,-0.07,-11.12,0.0,-2.17,2.39,-2.17,65,9,0.0,0.0,0.0,3.870484,11.511159,9.085797,0.58887262,-0.56660009,-0.5763622,275.437256,"151.244308, 46.887218, 157.986343, 20.994879, 157.536087, 10.981333, 74.962158, 177.649109, ","[["" 124.741"", "" 129.890"", ""  65.274""], ["" 123.817"", "" 129.934"", ""  66.208""], ["" 124.256"", "" 129.223"", ""  67.258""], ["" 125.491"", "" 128.672"", ""  67.008""], ["" 125.843"", "" 129.055"", ""  65.691""], ["" 127.069"", "" 128.570"", ""  65.173""], ["" 127.843"", "" 127.780"", ""  66.041""], ["" 127.401"", "" 127.468"", ""  67.336""], ["" 126.214"", "" 127.916"", ""  67.833""], ["" 123.696"", "" 129.141"", ""  68.095""], ["" 124.564"", "" 130.666"", ""  64.011""], ["" 124.209"", "" 132.128"", ""  61.661""], ["" 125.075"", "" 132.599"", ""  62.650""], ["" 123.518"", "" 130.930"", ""  61.847""], ["" 125.253"", "" 131.868"", ""  63.822""], ["" 123.700"", "" 130.200"", ""  63.018""], ["" 124.000"", "" 132.934"", ""  60.392""], ["" 127.551"", "" 128.785"", ""  63.764""], ["" 126.814"", "" 128.202"", ""  62.798""], ["" 128.547"", "" 129.474"", ""  63.545""], ["" 126.066"", "" 127.584"", ""  63.077""], ["" 127.003"", "" 128.371"", ""  61.353""], ["" 126.463"", "" 129.720"", ""  60.826""], ["" 126.001"", "" 129.697"", ""  59.373""], ["" 126.861"", "" 129.238"", ""  58.370""], ["" 124.706"", "" 130.112"", ""  59.049""], ["" 126.424"", "" 129.186"", ""  57.049""], ["" 124.270"", "" 130.061"", ""  57.727""], ["" 125.131"", "" 129.598"", ""  56.734""], ["" 128.216"", "" 126.615"", ""  68.262""], ["" 129.062"", "" 125.609"", ""  67.769""], ["" 128.159"", "" 126.806"", ""  69.650""], ["" 129.819"", "" 124.824"", ""  68.632""], ["" 128.915"", "" 126.019"", ""  70.516""], ["" 129.755"", "" 125.018"", ""  70.010""], ["" 130.544"", "" 124.193"", ""  70.788""], ["" 129.938"", "" 123.132"", ""  71.520""], ["" 130.959"", "" 122.575"", ""  72.516""]]",[],RR9_Rahimova_2017
