,Pose_ID,LigName,receptor,pose_rank,run_number,docking_score,leff,deltas,cluster_rmsd,cluster_size,reference_rmsd,energies_inter,energies_vdw,energies_electro,energies_flexLig,energies_flexLR,energies_intra,energies_torsional,unbound_energy,nr_interactions,num_hb,about_x,about_y,about_z,trans_x,trans_y,trans_z,axisangle_x,axisangle_y,axisangle_z,axisangle_w,dihedrals,ligand_coordinates,flexible_res_coordinates,LigName:1
0,778,1a_Ghoteimi_2023,receptor_tmp,1,1,-9.69,-0.23634146341463413,0.0,0.0,2,187.06,-12.97,-12.1,-0.86,-12.97,0.0,-2.39,3.28,-2.39,52,8,0.0,0.0,0.0,2.778075,11.506869,10.572181,0.45719969,0.42768751,-0.77977679,173.237778,"236.118973, 203.163757, 128.594162, 76.978561, 7.249465, 37.692558, 155.188538, 188.04303, 80.416, 211.962036, 356.681915, ","[["" 124.976"", "" 129.699"", ""  65.000""], ["" 125.612"", "" 129.536"", ""  63.820""], ["" 123.887"", "" 130.252"", ""  65.157""], ["" 126.476"", "" 129.016"", ""  63.850""], ["" 125.699"", "" 129.130"", ""  66.220""], ["" 127.339"", "" 129.880"", ""  66.442""], ["" 128.433"", "" 128.554"", ""  66.897""], ["" 129.807"", "" 126.606"", ""  66.466""], ["" 128.943"", "" 127.614"", ""  65.976""], ["" 130.103"", "" 126.589"", ""  67.836""], ["" 128.584"", "" 127.674"", ""  64.555""], ["" 129.577"", "" 127.564"", ""  68.692""], ["" 128.302"", "" 127.720"", ""  63.434""], ["" 128.752"", "" 128.532"", ""  68.213""], ["" 130.429"", "" 125.553"", ""  65.608""], ["" 131.588"", "" 123.592"", ""  63.960""], ["" 130.429"", "" 123.313"", ""  64.684""], ["" 132.166"", "" 124.867"", ""  64.062""], ["" 129.851"", "" 124.283"", ""  65.498""], ["" 131.587"", "" 125.836"", ""  64.877""], ["" 132.088"", "" 122.568"", ""  63.180""], ["" 131.249"", "" 121.969"", ""  62.199""], ["" 129.866"", "" 127.596"", ""  70.165""], ["" 129.141"", "" 126.802"", ""  71.068""], ["" 130.870"", "" 128.427"", ""  70.687""], ["" 129.412"", "" 126.832"", ""  72.433""], ["" 131.144"", "" 128.460"", ""  72.051""], ["" 130.413"", "" 127.658"", ""  72.939""], ["" 130.615"", "" 127.622"", ""  74.305""], ["" 129.505"", "" 127.810"", ""  75.176""], ["" 125.233"", "" 129.946"", ""  62.527""], ["" 124.097"", "" 130.713"", ""  62.228""], ["" 126.082"", "" 129.550"", ""  61.493""], ["" 123.819"", "" 131.067"", ""  60.910""], ["" 125.803"", "" 129.905"", ""  60.176""], ["" 124.669"", "" 130.667"", ""  59.868""], ["" 124.399"", "" 131.035"", ""  58.437""], ["" 123.856"", "" 132.091"", ""  58.100""], ["" 124.809"", "" 130.089"", ""  57.554""], ["" 126.039"", "" 130.222"", ""  56.853""], ["" 126.816"", "" 131.417"", ""  57.414""]]",[],1a_Ghoteimi_2023
1,8910,1a_Grossjean_2025,receptor_tmp,1,5,-7.4,-0.2740740740740741,0.0,0.0,3,191.41,-9.48,-9.03,-0.45,-9.48,0.0,-0.68,2.09,-0.68,41,6,0.0,0.0,0.0,6.533404,9.403715,11.539973,-0.5663335,-0.37409492,0.73438365,116.173058,"123.051094, 51.240086, 251.410767, 129.82489, 327.462189, 247.093048, 80.647697, ","[["" 130.352"", "" 127.241"", ""  68.787""], ["" 129.211"", "" 127.068"", ""  69.571""], ["" 129.134"", "" 127.632"", ""  70.841""], ["" 130.200"", "" 128.385"", ""  71.352""], ["" 131.343"", "" 128.564"", ""  70.557""], ["" 131.421"", "" 128.001"", ""  69.287""], ["" 130.322"", "" 126.624"", ""  67.521""], ["" 129.923"", "" 125.384"", ""  67.169""], ["" 129.489"", "" 124.527"", ""  67.939""], ["" 130.620"", "" 127.224"", ""  66.766""], ["" 130.037"", "" 125.056"", ""  65.679""], ["" 130.258"", "" 123.277"", ""  65.383""], ["" 130.796"", "" 123.078"", ""  63.699""], ["" 132.326"", "" 123.345"", ""  61.840""], ["" 132.022"", "" 123.580"", ""  63.201""], ["" 131.409"", "" 122.650"", ""  61.044""], ["" 132.945"", "" 124.348"", ""  64.041""], ["" 130.215"", "" 122.212"", ""  61.612""], ["" 133.675"", "" 124.954"", ""  64.703""], ["" 129.904"", "" 122.423"", ""  62.913""], ["" 133.622"", "" 123.829"", ""  61.191""], ["" 129.176"", "" 121.462"", ""  60.799""], ["" 130.086"", "" 128.976"", ""  72.727""], ["" 130.256"", "" 128.324"", ""  73.762""], ["" 129.793"", "" 130.303"", ""  72.719""], ["" 128.527"", "" 130.772"", ""  72.273""], ["" 128.140"", "" 132.027"", ""  73.061""]]",[],1a_Grossjean_2025
2,1527,1aa_Ghoteimi_2023,receptor_tmp,1,18,-9.58,-0.23365853658536587,0.0,0.0,1,185.54,-12.86,-11.87,-0.98,-12.86,0.0,-2.96,3.28,-2.96,61,9,0.0,0.0,0.0,4.20658,12.389574,9.66751,0.49882405,0.64353323,-0.58055107,156.200043,"147.991455, 309.685699, 274.989197, 264.416718, 290.367737, 49.694847, 23.876781, 241.177292, 57.715263, 28.44965, 202.295517, ","[["" 125.060"", "" 129.700"", ""  64.839""], ["" 125.840"", "" 129.672"", ""  63.733""], ["" 123.876"", "" 130.035"", ""  64.855""], ["" 126.791"", "" 129.363"", ""  63.878""], ["" 125.707"", "" 129.280"", ""  66.168""], ["" 127.129"", "" 129.451"", ""  66.110""], ["" 127.976"", "" 128.430"", ""  66.518""], ["" 129.603"", "" 126.703"", ""  66.013""], ["" 128.752"", "" 127.742"", ""  65.570""], ["" 129.643"", "" 126.423"", ""  67.386""], ["" 128.676"", "" 128.136"", ""  64.162""], ["" 128.853"", "" 127.148"", ""  68.287""], ["" 128.025"", "" 128.131"", ""  67.846""], ["" 128.614"", "" 128.448"", ""  63.049""], ["" 130.461"", "" 125.888"", ""  65.104""], ["" 132.105"", "" 124.361"", ""  63.408""], ["" 132.408"", "" 125.696"", ""  63.674""], ["" 130.970"", "" 123.788"", ""  64.002""], ["" 131.597"", "" 126.452"", ""  64.516""], ["" 130.160"", "" 124.546"", ""  64.843""], ["" 132.965"", "" 123.689"", ""  62.561""], ["" 133.622"", "" 124.408"", ""  61.524""], ["" 128.848"", "" 126.878"", ""  69.764""], ["" 128.200"", "" 125.750"", ""  70.289""], ["" 129.494"", "" 127.741"", ""  70.664""], ["" 128.192"", "" 125.499"", ""  71.659""], ["" 129.486"", "" 127.493"", ""  72.034""], ["" 128.831"", "" 126.364"", ""  72.544""], ["" 128.769"", "" 126.035"", ""  73.885""], ["" 129.842"", "" 125.304"", ""  74.470""], ["" 125.541"", "" 129.998"", ""  62.398""], ["" 126.222"", "" 129.505"", ""  61.275""], ["" 124.475"", "" 130.880"", ""  62.218""], ["" 125.836"", "" 129.898"", ""  59.995""], ["" 124.090"", "" 131.271"", ""  60.940""], ["" 124.765"", "" 130.786"", ""  59.812""], ["" 124.325"", "" 131.229"", ""  58.446""], ["" 123.791"", "" 132.321"", ""  58.227""], ["" 124.574"", "" 130.311"", ""  57.477""], ["" 125.381"", "" 130.633"", ""  56.351""], ["" 126.793"", "" 130.995"", ""  56.822""]]",[],1aa_Ghoteimi_2023
3,796,1b_Ghoteimi_2023,receptor_tmp,1,10,-9.26,-0.26457142857142857,0.0,0.0,6,186.69,-11.65,-10.7,-0.95,-11.65,0.0,-1.55,2.39,-1.55,51,5,0.0,0.0,0.0,4.933523,9.986263,9.937176,0.86827462,-0.0859388,-0.48858337,123.843002,"112.373306, 215.537109, 127.232285, 123.443016, 251.897598, 294.685211, 279.915009, 81.106583, ","[["" 128.007"", "" 128.390"", ""  66.380""], ["" 128.872"", "" 127.616"", ""  65.568""], ["" 129.007"", "" 127.906"", ""  64.137""], ["" 129.114"", "" 128.135"", ""  63.007""], ["" 129.639"", "" 126.606"", ""  66.191""], ["" 129.604"", "" 126.391"", ""  67.528""], ["" 128.782"", "" 127.134"", ""  68.314""], ["" 127.981"", "" 128.136"", ""  67.757""], ["" 127.122"", "" 129.472"", ""  65.854""], ["" 125.452"", "" 131.494"", ""  64.843""], ["" 124.966"", "" 130.199"", ""  65.023""], ["" 126.788"", "" 131.773"", ""  65.167""], ["" 125.792"", "" 129.196"", ""  65.522""], ["" 127.612"", "" 130.768"", ""  65.665""], ["" 124.560"", "" 132.424"", ""  64.343""], ["" 124.095"", "" 132.289"", ""  63.004""], ["" 130.770"", "" 125.533"", ""  65.329""], ["" 130.155"", "" 123.823"", ""  65.491""], ["" 129.698"", "" 123.171"", ""  64.178""], ["" 128.635"", "" 123.767"", ""  63.594""], ["" 130.283"", "" 122.183"", ""  63.728""], ["" 128.234"", "" 124.564"", ""  64.065""], ["" 128.008"", "" 123.396"", ""  62.410""], ["" 126.720"", "" 123.131"", ""  62.262""], ["" 128.688"", "" 123.253"", ""  61.201""], ["" 126.528"", "" 122.802"", ""  60.920""], ["" 127.725"", "" 122.881"", ""  60.291""], ["" 128.797"", "" 126.822"", ""  69.785""], ["" 128.079"", "" 125.732"", ""  70.299""], ["" 129.534"", "" 127.604"", ""  70.688""], ["" 128.093"", "" 125.439"", ""  71.659""], ["" 129.551"", "" 127.314"", ""  72.049""], ["" 128.826"", "" 126.223"", ""  72.548""], ["" 128.781"", "" 125.856"", ""  73.879""], ["" 129.854"", "" 125.099"", ""  74.426""]]",[],1b_Ghoteimi_2023
4,799,1b_Grossjean_2025,receptor_tmp,1,17,-6.86,-0.26384615384615384,0.0,0.0,1,186.77,-8.65,-8.39,-0.26,-8.65,0.0,-1.25,1.79,-1.25,43,5,0.0,0.0,0.0,7.359391,8.452428,4.368338,-0.49131848,-0.8665324,0.08790759,256.890533,"190.809708, 101.868073, 6.32835, 99.464867, 297.591583, 87.413017, ","[["" 132.245"", "" 124.374"", ""  59.255""], ["" 130.950"", "" 124.710"", ""  59.439""], ["" 132.655"", "" 123.498"", ""  58.495""], ["" 130.775"", "" 125.448"", ""  60.106""], ["" 133.255"", "" 125.184"", ""  60.069""], ["" 133.978"", "" 124.214"", ""  61.426""], ["" 132.668"", "" 123.242"", ""  62.139""], ["" 131.077"", "" 122.636"", ""  63.860""], ["" 132.115"", "" 123.486"", ""  63.418""], ["" 130.633"", "" 121.606"", ""  63.025""], ["" 132.566"", "" 124.599"", ""  64.258""], ["" 131.221"", "" 121.451"", ""  61.771""], ["" 132.920"", "" 125.476"", ""  64.924""], ["" 132.217"", "" 122.254"", ""  61.327""], ["" 130.406"", "" 122.796"", ""  65.224""], ["" 130.778"", "" 120.359"", ""  60.815""], ["" 129.783"", "" 124.180"", ""  58.857""], ["" 129.325"", "" 124.839"", ""  57.716""], ["" 129.077"", "" 123.066"", ""  59.336""], ["" 128.181"", "" 124.400"", ""  57.057""], ["" 127.933"", "" 122.628"", ""  58.677""], ["" 127.470"", "" 123.286"", ""  57.530""], ["" 126.232"", "" 122.784"", ""  56.844""], ["" 126.140"", "" 121.653"", ""  56.355""], ["" 125.229"", "" 123.698"", ""  56.810""], ["" 124.390"", "" 123.905"", ""  57.938""]]",[],1b_Grossjean_2025
5,9643,1c_Ghoteimi_2023,receptor_tmp,1,10,-8.5,-0.24285714285714285,0.0,0.0,2,191.23,-10.88,-10.09,-0.8,-10.88,0.0,-1.53,2.39,-1.53,49,4,0.0,0.0,0.0,5.469,12.261884,10.994642,-0.89271868,0.04501738,0.44836012,231.168991,"88.781342, 173.375885, 128.251175, 209.840134, 167.980408, 142.346588, 280.044739, 257.668732, ","[["" 127.900"", "" 128.402"", ""  66.404""], ["" 128.723"", "" 127.610"", ""  65.568""], ["" 128.756"", "" 127.822"", ""  64.117""], ["" 128.781"", "" 127.991"", ""  62.972""], ["" 129.521"", "" 126.618"", ""  66.175""], ["" 129.510"", "" 126.387"", ""  67.510""], ["" 128.692"", "" 127.118"", ""  68.312""], ["" 127.888"", "" 128.130"", ""  67.777""], ["" 127.068"", "" 129.539"", ""  65.912""], ["" 125.503"", "" 131.661"", ""  64.942""], ["" 124.899"", "" 130.520"", ""  65.469""], ["" 126.904"", "" 131.734"", ""  64.898""], ["" 125.673"", "" 129.468"", ""  65.948""], ["" 127.676"", "" 130.680"", ""  65.377""], ["" 124.656"", "" 132.655"", ""  64.490""], ["" 124.246"", "" 132.651"", ""  63.126""], ["" 130.724"", "" 125.666"", ""  65.273""], ["" 130.121"", "" 123.949"", ""  65.361""], ["" 129.719"", "" 123.406"", ""  63.985""], ["" 128.712"", "" 124.070"", ""  63.376""], ["" 130.284"", "" 122.407"", ""  63.537""], ["" 128.340"", "" 124.880"", ""  63.846""], ["" 128.061"", "" 123.698"", ""  62.210""], ["" 126.778"", "" 123.459"", ""  62.042""], ["" 129.025"", "" 123.572"", ""  60.774""], ["" 126.501"", "" 123.168"", ""  60.786""], ["" 127.576"", "" 123.169"", ""  59.903""], ["" 128.736"", "" 126.806"", ""  69.780""], ["" 127.997"", "" 125.744"", ""  70.323""], ["" 129.518"", "" 127.574"", ""  70.656""], ["" 128.044"", "" 125.455"", ""  71.684""], ["" 129.569"", "" 127.288"", ""  72.017""], ["" 128.829"", "" 126.219"", ""  72.543""], ["" 128.818"", "" 125.861"", ""  73.877""], ["" 129.892"", "" 125.085"", ""  74.398""]]",[],1c_Ghoteimi_2023
6,1082,1c_Grossjean_2025,receptor_tmp,1,20,-6.88,-0.2866666666666667,0.0,0.0,3,191.03,-8.37,-7.74,-0.63,-8.37,0.0,-0.5,1.49,-0.5,31,7,0.0,0.0,0.0,6.632657,10.95875,10.137636,0.97977282,0.19995742,0.00788993,277.434479,"7.787344, 56.189724, 253.232025, 292.136414, 125.747498, ","[["" 129.941"", "" 125.892"", ""  67.515""], ["" 130.541"", "" 127.032"", ""  67.919""], ["" 129.311"", "" 125.121"", ""  68.238""], ["" 130.960"", "" 127.596"", ""  67.194""], ["" 130.073"", "" 125.575"", ""  66.023""], ["" 129.985"", "" 123.789"", ""  65.701""], ["" 130.601"", "" 123.483"", ""  64.058""], ["" 132.245"", "" 123.537"", ""  62.279""], ["" 131.894"", "" 123.849"", ""  63.613""], ["" 131.320"", "" 122.876"", ""  61.465""], ["" 132.869"", "" 124.492"", ""  64.498""], ["" 130.079"", "" 122.531"", ""  61.993""], ["" 133.639"", "" 125.000"", ""  65.195""], ["" 129.721"", "" 122.820"", ""  63.266""], ["" 133.606"", "" 123.890"", ""  61.683""], ["" 129.039"", "" 121.798"", ""  61.166""], ["" 130.617"", "" 127.594"", ""  69.208""], ["" 131.753"", "" 128.222"", ""  69.739""], ["" 129.451"", "" 127.525"", ""  69.973""], ["" 131.717"", "" 128.755"", ""  71.024""], ["" 129.419"", "" 128.059"", ""  71.258""], ["" 130.557"", "" 128.678"", ""  71.796""], ["" 130.620"", "" 129.235"", ""  73.059""], ["" 129.854"", "" 130.401"", ""  73.342""]]",[],1c_Grossjean_2025
7,8916,1d_Ghoteimi_2023,receptor_tmp,1,18,-8.39,-0.2796666666666667,0.0,0.0,7,192.11,-10.78,-9.98,-0.8,-10.78,0.0,-0.92,2.39,-0.92,42,9,0.0,0.0,0.0,5.569863,11.192287,11.268219,0.9236015,-0.22223821,-0.3123627,179.019592,"246.38092, 195.701385, 273.22583, 252.824707, 70.3787, 267.436737, 273.312042, 0.651428, ","[["" 131.307"", "" 125.708"", ""  65.788""], ["" 130.035"", "" 126.646"", ""  66.607""], ["" 128.172"", "" 128.195"", ""  66.713""], ["" 129.125"", "" 127.492"", ""  65.934""], ["" 128.157"", "" 127.985"", ""  68.097""], ["" 129.118"", "" 127.595"", ""  64.472""], ["" 129.062"", "" 127.100"", ""  68.695""], ["" 129.112"", "" 127.677"", ""  63.317""], ["" 129.989"", "" 126.449"", ""  67.946""], ["" 127.173"", "" 129.148"", ""  66.140""], ["" 125.304"", "" 130.942"", ""  65.047""], ["" 126.625"", "" 130.937"", ""  64.601""], ["" 124.916"", "" 130.032"", ""  66.042""], ["" 127.551"", "" 130.047"", ""  65.139""], ["" 125.844"", "" 129.143"", ""  66.578""], ["" 124.457"", "" 131.863"", ""  64.461""], ["" 124.117"", "" 131.719"", ""  63.087""], ["" 129.082"", "" 126.831"", ""  70.172""], ["" 128.378"", "" 125.750"", ""  70.725""], ["" 129.801"", "" 127.658"", ""  71.047""], ["" 128.392"", "" 125.506"", ""  72.094""], ["" 129.817"", "" 127.418"", ""  72.418""], ["" 129.109"", "" 126.334"", ""  72.955""], ["" 129.063"", "" 126.018"", ""  74.299""], ["" 130.087"", "" 125.200"", ""  74.854""], ["" 132.869"", "" 126.069"", ""  66.644""], ["" 133.951"", "" 125.198"", ""  66.013""], ["" 135.043"", "" 125.034"", ""  66.559""], ["" 133.557"", "" 124.661"", ""  64.839""], ["" 133.745"", "" 125.369"", ""  63.624""]]",[],1d_Ghoteimi_2023
8,1009,1d_Grossjean_2025,receptor_tmp,1,3,-6.22,-0.2827272727272727,0.0,0.0,6,185.62,-7.41,-7.32,-0.09,-7.41,0.0,-1.73,1.19,-1.73,42,3,0.0,0.0,0.0,6.043013,6.023877,3.837894,-0.31852154,0.21205592,0.92389194,216.230392,"136.842438, 139.722198, 91.474861, 297.58548, ","[["" 131.114"", "" 121.146"", ""  60.898""], ["" 132.081"", "" 122.638"", ""  60.857""], ["" 133.490"", "" 124.366"", ""  61.803""], ["" 132.756"", "" 123.171"", ""  61.980""], ["" 133.508"", "" 124.977"", ""  60.545""], ["" 132.683"", "" 122.539"", ""  63.300""], ["" 132.794"", "" 124.396"", ""  59.499""], ["" 132.627"", "" 122.043"", ""  64.344""], ["" 132.088"", "" 123.251"", ""  59.645""], ["" 134.267"", "" 125.030"", ""  62.938""], ["" 132.766"", "" 125.017"", ""  58.116""], ["" 129.524"", "" 121.551"", ""  61.684""], ["" 128.562"", "" 122.240"", ""  60.715""], ["" 129.096"", "" 122.601"", ""  59.528""], ["" 127.398"", "" 122.441"", ""  61.065""], ["" 130.080"", "" 122.410"", ""  59.408""], ["" 128.494"", "" 123.227"", ""  58.421""], ["" 127.295"", "" 122.660"", ""  57.982""], ["" 129.002"", "" 124.364"", ""  57.770""], ["" 126.614"", "" 123.205"", ""  56.897""], ["" 128.319"", "" 124.909"", ""  56.686""], ["" 127.129"", "" 124.327"", ""  56.253""]]",[],1d_Grossjean_2025
9,1067,1e_Grossjean_2025,receptor_tmp,1,5,-6.75,-0.29347826086956524,0.0,0.0,1,184.08,-7.94,-7.85,-0.08,-7.94,0.0,-0.73,1.19,-0.73,56,3,0.0,0.0,0.0,6.135232,7.301675,5.752032,0.10227972,0.34445647,-0.93321412,153.345856,"53.045502, 289.539124, 82.027748, 338.088715, ","[["" 128.827"", "" 124.442"", ""  62.819""], ["" 129.563"", "" 123.207"", ""  63.932""], ["" 130.737"", "" 122.235"", ""  63.009""], ["" 132.948"", "" 121.562"", ""  62.280""], ["" 132.140"", "" 122.414"", ""  63.067""], ["" 132.341"", "" 120.575"", ""  61.497""], ["" 132.763"", "" 123.414"", ""  63.937""], ["" 130.953"", "" 120.451"", ""  61.520""], ["" 133.258"", "" 124.204"", ""  64.624""], ["" 130.161"", "" 121.257"", ""  62.264""], ["" 134.472"", "" 121.665"", ""  62.251""], ["" 130.238"", "" 119.388"", ""  60.709""], ["" 127.855"", "" 123.807"", ""  61.822""], ["" 128.062"", "" 124.114"", ""  60.523""], ["" 126.947"", "" 123.089"", ""  62.243""], ["" 128.804"", "" 124.769"", ""  60.324""], ["" 127.330"", "" 123.695"", ""  59.397""], ["" 126.064"", "" 124.143"", ""  59.151""], ["" 127.960"", "" 122.773"", ""  58.552""], ["" 125.414"", "" 123.685"", ""  58.052""], ["" 127.277"", "" 122.312"", ""  57.424""], ["" 125.985"", "" 122.769"", ""  57.164""], ["" 124.013"", "" 124.227"", ""  57.840""]]",[],1e_Grossjean_2025
10,911,1f_Grossjean_2025,receptor_tmp,1,9,-6.64,-0.3018181818181818,0.0,0.0,1,191.55,-7.83,-7.7,-0.13,-7.83,0.0,-0.62,1.19,-0.62,29,6,0.0,0.0,0.0,3.971533,15.225852,4.616859,-0.19118165,-0.82223029,-0.53608482,185.799927,"40.565613, 29.043972, 302.743683, 299.004578, ","[["" 128.284"", "" 133.321"", ""  60.416""], ["" 129.929"", "" 132.706"", ""  60.113""], ["" 131.811"", "" 132.043"", ""  58.740""], ["" 130.491"", "" 132.542"", ""  58.825""], ["" 132.510"", "" 131.751"", ""  59.916""], ["" 129.764"", "" 132.906"", ""  57.606""], ["" 131.888"", "" 131.969"", ""  61.143""], ["" 129.191"", "" 133.193"", ""  56.642""], ["" 130.624"", "" 132.443"", ""  61.248""], ["" 132.520"", "" 131.813"", ""  57.407""], ["" 132.597"", "" 131.686"", ""  62.454""], ["" 127.137"", "" 131.902"", ""  60.458""], ["" 127.140"", "" 131.107"", ""  61.772""], ["" 126.033"", "" 131.267"", ""  62.528""], ["" 128.090"", "" 130.376"", ""  62.058""], ["" 125.316"", "" 131.867"", ""  62.144""], ["" 125.707"", "" 130.704"", ""  63.777""], ["" 124.360"", "" 130.398"", ""  63.998""], ["" 126.617"", "" 130.436"", ""  64.817""], ["" 123.896"", "" 129.854"", ""  65.153""], ["" 126.155"", "" 129.876"", ""  66.011""], ["" 124.794"", "" 129.601"", ""  66.138""]]",[],1f_Grossjean_2025
11,8685,1g_Grossjean_2025,receptor_tmp,1,14,-7.23,-0.31434782608695655,0.0,0.0,1,185.17,-8.73,-8.62,-0.11,-8.73,0.0,-0.64,1.49,-0.64,42,1,0.0,0.0,0.0,5.558569,6.533259,5.306545,-0.96574768,-0.1867064,-0.18020025,96.738823,"167.615555, 5.023031, 169.26326, 108.284561, 328.107025, ","[["" 129.096"", "" 121.048"", ""  60.751""], ["" 128.936"", "" 122.546"", ""  59.734""], ["" 127.248"", "" 123.093"", ""  59.861""], ["" 125.127"", "" 123.877"", ""  58.994""], ["" 126.452"", "" 123.452"", ""  58.747""], ["" 124.653"", "" 123.911"", ""  60.309""], ["" 126.954"", "" 123.359"", ""  57.374""], ["" 125.498"", "" 123.515"", ""  61.344""], ["" 127.347"", "" 123.285"", ""  56.288""], ["" 126.772"", "" 123.108"", ""  61.132""], ["" 124.177"", "" 124.300"", ""  57.874""], ["" 125.038"", "" 123.513"", ""  62.790""], ["" 130.362"", "" 121.072"", ""  61.609""], ["" 130.381"", "" 121.960"", ""  62.617""], ["" 131.289"", "" 120.299"", ""  61.362""], ["" 129.585"", "" 122.570"", ""  62.736""], ["" 131.507"", "" 122.192"", ""  63.522""], ["" 131.306"", "" 123.356"", ""  64.489""], ["" 132.287"", "" 124.345"", ""  64.605""], ["" 130.137"", "" 123.436"", ""  65.251""], ["" 132.103"", "" 125.407"", ""  65.486""], ["" 129.954"", "" 124.499"", ""  66.131""], ["" 130.937"", "" 125.479"", ""  66.246""]]",[],1g_Grossjean_2025
12,1960,1h_Grossjean_2025,receptor_tmp,1,4,-7.25,-0.25,0.0,0.0,3,189.78,-9.64,-8.71,-0.92,-9.64,0.0,-0.91,2.39,-0.91,29,8,0.0,0.0,0.0,6.91088,9.440782,11.579121,-0.28219701,0.27908632,-0.91786474,233.146103,"222.294098, 315.443695, 271.313232, 112.992271, 76.481354, 18.361568, 39.660423, 7.278031, ","[["" 129.852"", "" 126.226"", ""  67.484""], ["" 130.271"", "" 127.371"", ""  68.054""], ["" 128.728"", "" 125.754"", ""  67.647""], ["" 131.216"", "" 127.680"", ""  67.876""], ["" 130.862"", "" 125.499"", ""  66.595""], ["" 130.248"", "" 123.873"", ""  66.060""], ["" 130.700"", "" 123.647"", ""  64.347""], ["" 132.248"", "" 123.781"", ""  62.486""], ["" 131.982"", "" 123.991"", ""  63.858""], ["" 131.245"", "" 123.244"", ""  61.671""], ["" 133.014"", "" 124.550"", ""  64.736""], ["" 130.010"", "" 122.931"", ""  62.235""], ["" 133.830"", "" 124.990"", ""  65.429""], ["" 129.735"", "" 123.124"", ""  63.546""], ["" 133.593"", "" 124.119"", ""  61.847""], ["" 128.882"", "" 122.349"", ""  61.405""], ["" 129.481"", "" 128.200"", ""  68.964""], ["" 129.380"", "" 127.643"", ""  70.381""], ["" 128.745"", "" 126.422"", ""  70.613""], ["" 129.872"", "" 128.379"", ""  71.459""], ["" 128.627"", "" 125.909"", ""  71.914""], ["" 129.763"", "" 127.893"", ""  72.772""], ["" 129.147"", "" 126.651"", ""  72.984""], ["" 128.023"", "" 124.702"", ""  72.216""], ["" 128.811"", "" 123.638"", ""  72.737""], ["" 130.228"", "" 128.567"", ""  73.886""], ["" 129.490"", "" 129.673"", ""  74.394""], ["" 129.028"", "" 126.165"", ""  74.264""], ["" 130.257"", "" 125.748"", ""  74.842""]]",[],1h_Grossjean_2025
13,1275,1i_Grossjean_2025,receptor_tmp,1,3,-6.6,-0.3142857142857143,0.0,0.0,2,189.34,-7.79,-7.64,-0.15,-7.79,0.0,-0.64,1.19,-0.64,29,6,0.0,0.0,0.0,6.0992,8.904517,17.42475,0.53491704,-0.4356164,0.72394897,169.734451,"351.545563, 277.836884, 79.91983, 99.032005, ","[["" 128.165"", "" 124.598"", ""  72.532""], ["" 128.932"", "" 125.783"", ""  71.448""], ["" 130.305"", "" 127.707"", ""  70.923""], ["" 129.760"", "" 126.838"", ""  71.897""], ["" 129.994"", "" 127.505"", ""  69.574""], ["" 130.032"", "" 127.063"", ""  73.319""], ["" 129.150"", "" 126.454"", ""  69.225""], ["" 130.247"", "" 127.243"", ""  74.442""], ["" 128.620"", "" 125.607"", ""  70.139""], ["" 131.220"", "" 128.877"", ""  71.283""], ["" 128.767"", "" 126.188"", ""  67.781""], ["" 129.486"", "" 123.583"", ""  73.260""], ["" 129.341"", "" 122.103"", ""  72.896""], ["" 128.123"", "" 121.731"", ""  72.446""], ["" 130.308"", "" 121.352"", ""  73.029""], ["" 127.422"", "" 122.453"", ""  72.355""], ["" 127.726"", "" 120.463"", ""  72.046""], ["" 128.006"", "" 119.891"", ""  70.886""], ["" 126.965"", "" 119.615"", ""  72.849""], ["" 127.413"", "" 118.627"", ""  70.908""], ["" 126.789"", "" 118.475"", ""  72.100""]]",[],1i_Grossjean_2025
14,9551,1j_Grossjean_2025,receptor_tmp,1,8,-5.76,-0.2742857142857143,0.0,0.0,8,184.12,-6.96,-6.79,-0.17,-6.96,0.0,-1.76,1.19,-1.76,14,4,0.0,0.0,0.0,0.45954,9.396573,3.484936,0.09479036,-0.229354,0.96871644,179.08403,"169.95929, 204.597473, 168.396973, 194.851974, ","[["" 123.933"", "" 124.322"", ""  58.424""], ["" 125.476"", "" 125.108"", ""  58.013""], ["" 127.691"", "" 125.218"", ""  57.039""], ["" 126.518"", "" 124.472"", ""  57.297""], ["" 127.783"", "" 126.531"", ""  57.509""], ["" 126.421"", "" 123.077"", ""  56.861""], ["" 126.718"", "" 127.069"", ""  58.228""], ["" 126.348"", "" 121.975"", ""  56.515""], ["" 125.584"", "" 126.376"", ""  58.483""], ["" 128.879"", "" 124.643"", ""  56.268""], ["" 126.764"", "" 128.484"", ""  58.776""], ["" 123.894"", "" 124.089"", ""  60.226""], ["" 125.298"", "" 124.083"", ""  60.834""], ["" 125.926"", "" 125.279"", ""  60.862""], ["" 125.771"", "" 123.025"", ""  61.252""], ["" 125.422"", "" 126.080"", ""  60.511""], ["" 127.194"", "" 125.537"", ""  61.365""], ["" 127.638"", "" 126.657"", ""  61.895""], ["" 128.349"", "" 124.245"", ""  61.304""], ["" 128.898"", "" 126.547"", ""  62.270""], ["" 129.502"", "" 125.313"", ""  62.046""]]",[],1j_Grossjean_2025
15,8694,1k_Grossjean_2025,receptor_tmp,1,11,-5.47,-0.21038461538461536,0.0,0.0,1,186.66,-9.05,-8.69,-0.37,-9.05,0.0,-1.29,3.58,-1.29,40,4,0.0,0.0,0.0,3.122096,4.426218,2.54542,-0.06068112,0.39716104,-0.91574063,260.309418,"75.373909, 30.78396, 253.875092, 12.925721, 206.28891, 317.339172, 141.274536, 200.479782, 44.062279, 105.447159, 255.118912, 299.455353, ","[["" 127.645"", "" 122.402"", ""  61.583""], ["" 128.370"", "" 122.560"", ""  60.370""], ["" 129.503"", "" 121.519"", ""  60.307""], ["" 130.788"", "" 122.006"", ""  60.809""], ["" 131.175"", "" 121.988"", ""  62.096""], ["" 130.470"", "" 121.544"", ""  63.004""], ["" 131.420"", "" 122.388"", ""  60.120""], ["" 132.569"", "" 122.570"", ""  62.378""], ["" 132.679"", "" 124.394"", ""  62.379""], ["" 132.587"", "" 124.987"", ""  64.062""], ["" 131.393"", "" 125.879"", ""  65.974""], ["" 131.373"", "" 125.433"", ""  64.633""], ["" 132.600"", "" 125.864"", ""  66.680""], ["" 130.121"", "" 125.435"", ""  63.870""], ["" 133.752"", "" 125.410"", ""  66.040""], ["" 129.133"", "" 125.436"", ""  63.268""], ["" 133.754"", "" 124.983"", ""  64.757""], ["" 130.143"", "" 126.379"", ""  66.693""], ["" 135.091"", "" 125.368"", ""  66.751""], ["" 127.277"", "" 123.633"", ""  62.192""], ["" 125.750"", "" 123.707"", ""  62.315""], ["" 125.157"", "" 123.250"", ""  61.106""], ["" 125.259"", "" 124.177"", ""  60.033""], ["" 123.902"", "" 124.293"", ""  59.327""], ["" 123.903"", "" 123.481"", ""  58.161""], ["" 125.138"", "" 123.494"", ""  57.464""]]",[],1k_Grossjean_2025
16,8739,1l_Grossjean_2025,receptor_tmp,1,8,-5.88,-0.32666666666666666,0.0,0.0,5,188.56,-7.07,-6.65,-0.42,-7.07,0.0,-0.15,1.19,-0.15,22,5,0.0,0.0,0.0,6.676545,7.67234,7.278715,0.27942417,-0.90783992,0.31264806,231.73877,"65.69706, 25.901266, 333.975128, 303.467865, ","[["" 128.826"", "" 124.114"", ""  62.642""], ["" 129.847"", "" 123.062"", ""  63.731""], ["" 130.693"", "" 124.121"", ""  64.891""], ["" 132.680"", "" 125.138"", ""  65.837""], ["" 132.099"", "" 124.277"", ""  64.879""], ["" 131.854"", "" 125.798"", ""  66.753""], ["" 132.940"", "" 123.572"", ""  63.907""], ["" 130.478"", "" 125.588"", ""  66.696""], ["" 133.606"", "" 123.017"", ""  63.141""], ["" 129.901"", "" 124.767"", ""  65.787""], ["" 134.186"", "" 125.382"", ""  65.918""], ["" 129.530"", "" 126.273"", ""  67.661""], ["" 127.665"", "" 123.391"", ""  61.944""], ["" 126.441"", "" 123.880"", ""  62.219""], ["" 127.868"", "" 122.443"", ""  61.181""], ["" 126.245"", "" 124.508"", ""  62.985""], ["" 125.319"", "" 123.142"", ""  61.844""], ["" 124.391"", "" 123.980"", ""  61.169""]]",[],1l_Grossjean_2025
17,793,1m_Grossjean_2025,receptor_tmp,1,11,-5.32,-0.25333333333333335,0.0,0.0,6,184.88,-7.11,-6.94,-0.16,-7.11,0.0,-2.09,1.79,-2.09,36,6,0.0,0.0,0.0,2.644033,9.780942,1.318365,-0.53408378,-0.77326746,-0.34177763,86.964973,"241.088516, 136.764862, 221.451035, 302.433105, 182.183029, 253.786774, ","[["" 124.771"", "" 124.647"", ""  58.371""], ["" 125.194"", "" 124.210"", ""  59.573""], ["" 123.590"", "" 124.904"", ""  58.128""], ["" 126.174"", "" 123.995"", ""  59.686""], ["" 125.860"", "" 124.803"", ""  57.303""], ["" 126.870"", "" 123.308"", ""  57.020""], ["" 128.235"", "" 123.342"", ""  58.162""], ["" 130.310"", "" 124.188"", ""  59.083""], ["" 129.289"", "" 124.286"", ""  58.110""], ["" 130.235"", "" 123.186"", ""  60.056""], ["" 129.322"", "" 125.359"", ""  57.113""], ["" 129.147"", "" 122.315"", ""  60.048""], ["" 129.348"", "" 126.206"", ""  56.326""], ["" 128.159"", "" 122.389"", ""  59.126""], ["" 131.503"", "" 125.141"", ""  59.121""], ["" 129.004"", "" 121.213"", ""  61.081""], ["" 124.345"", "" 123.993"", ""  60.754""], ["" 125.121"", "" 123.391"", ""  61.945""], ["" 124.597"", "" 123.157"", ""  63.038""], ["" 126.415"", "" 123.172"", ""  61.632""], ["" 127.453"", "" 123.767"", ""  62.398""]]",[],1m_Grossjean_2025
18,2129,1n_Grossjean_2025,receptor_tmp,1,14,-7.51,-0.2682142857142857,0.0,0.0,3,192.48,-9.9,-9.1,-0.8,-9.9,0.0,-0.74,2.39,-0.74,36,9,0.0,0.0,0.0,6.659009,9.313094,11.495812,-0.89463622,-0.3976567,0.20370368,88.541954,"26.38386, 186.018188, 75.069824, 315.17868, 105.152756, 281.134613, 192.100693, 136.013474, ","[["" 130.016"", "" 125.945"", ""  67.295""], ["" 130.224"", "" 127.057"", ""  68.033""], ["" 129.653"", "" 124.854"", ""  67.735""], ["" 130.471"", "" 127.890"", ""  67.520""], ["" 130.258"", "" 126.095"", ""  65.787""], ["" 129.656"", "" 124.940"", ""  64.959""], ["" 130.688"", "" 123.445"", ""  64.888""], ["" 131.241"", "" 123.251"", ""  63.208""], ["" 132.710"", "" 123.638"", ""  61.322""], ["" 132.402"", "" 123.865"", ""  62.683""], ["" 131.875"", "" 122.812"", ""  60.560""], ["" 133.290"", "" 124.684"", ""  63.511""], ["" 130.766"", "" 122.228"", ""  61.167""], ["" 133.993"", "" 125.330"", ""  64.164""], ["" 130.450"", "" 122.436"", ""  62.467""], ["" 133.928"", "" 124.256"", ""  60.639""], ["" 129.830"", "" 121.315"", ""  60.399""], ["" 130.099"", "" 127.252"", ""  69.422""], ["" 129.075"", "" 126.538"", ""  70.045""], ["" 130.907"", "" 128.104"", ""  70.189""], ["" 128.866"", "" 126.653"", ""  71.416""], ["" 130.695"", "" 128.221"", ""  71.560""], ["" 129.677"", "" 127.496"", ""  72.192""], ["" 129.483"", "" 127.643"", ""  73.674""], ["" 128.792"", "" 126.872"", ""  74.347""], ["" 130.133"", "" 128.714"", ""  74.196""], ["" 129.440"", "" 129.921"", ""  74.491""], ["" 129.113"", "" 130.652"", ""  73.185""]]",[],1n_Grossjean_2025
19,882,1o_Grossjean_2025,receptor_tmp,1,5,-7.39,-0.27370370370370367,0.0,0.0,1,187.29,-9.48,-8.83,-0.65,-9.48,0.0,-0.78,2.09,-0.78,41,7,0.0,0.0,0.0,8.258331,9.278935,10.815676,-0.54857765,-0.53192112,-0.64507556,127.963882,"209.112946, 294.901367, 250.346664, 292.746185, 260.363098, 8.788132, 316.01828, ","[["" 130.069"", "" 125.629"", ""  66.767""], ["" 130.123"", "" 126.735"", ""  67.542""], ["" 129.753"", "" 124.505"", ""  67.157""], ["" 130.333"", "" 127.600"", ""  67.065""], ["" 130.407"", "" 125.843"", ""  65.285""], ["" 131.903"", "" 126.115"", ""  65.033""], ["" 132.915"", "" 124.611"", ""  64.899""], ["" 132.550"", "" 123.822"", ""  63.344""], ["" 131.510"", "" 122.174"", ""  61.905""], ["" 131.699"", "" 122.699"", ""  63.204""], ["" 132.145"", "" 122.787"", ""  60.820""], ["" 130.996"", "" 122.107"", ""  64.344""], ["" 132.942"", "" 123.907"", ""  61.046""], ["" 130.440"", "" 121.636"", ""  65.243""], ["" 133.141"", "" 124.424"", ""  62.281""], ["" 130.629"", "" 120.957"", ""  61.629""], ["" 133.646"", "" 124.624"", ""  59.910""], ["" 129.898"", "" 126.881"", ""  68.925""], ["" 130.717"", "" 127.802"", ""  69.579""], ["" 128.945"", "" 126.164"", ""  69.663""], ["" 130.584"", "" 128.017"", ""  70.948""], ["" 128.814"", "" 126.379"", ""  71.032""], ["" 129.630"", "" 127.308"", ""  71.692""], ["" 129.462"", "" 127.513"", ""  73.170""], ["" 128.750"", "" 126.792"", ""  73.877""], ["" 130.166"", "" 128.570"", ""  73.649""], ["" 129.677"", "" 129.897"", ""  73.513""]]",[],1o_Grossjean_2025
20,935,1p_Grossjean_2025,receptor_tmp,1,8,-7.64,-0.34727272727272723,0.0,0.0,3,187.94,-9.13,-8.88,-0.24,-9.13,0.0,-0.43,1.49,-0.43,32,7,0.0,0.0,0.0,5.605673,5.72777,5.858545,0.9949125,0.0963361,-0.02947,213.747757,"132.420944, 20.327501, 127.375519, 39.514412, 313.427917, ","[["" 129.332"", "" 121.739"", ""  61.500""], ["" 128.978"", "" 122.460"", ""  59.870""], ["" 127.298"", "" 123.044"", ""  59.919""], ["" 125.225"", "" 123.829"", ""  58.946""], ["" 126.548"", "" 123.369"", ""  58.764""], ["" 124.708"", "" 123.931"", ""  60.242""], ["" 127.096"", "" 123.207"", ""  57.416""], ["" 125.511"", "" 123.568"", ""  61.322""], ["" 127.527"", "" 123.081"", ""  56.350""], ["" 126.781"", "" 123.126"", ""  61.171""], ["" 124.322"", "" 124.219"", ""  57.777""], ["" 125.001"", "" 123.643"", ""  62.749""], ["" 130.830"", "" 121.480"", ""  61.752""], ["" 131.371"", "" 122.180"", ""  63.007""], ["" 132.060"", "" 123.322"", ""  62.788""], ["" 131.171"", "" 121.680"", ""  64.116""], ["" 132.155"", "" 123.629"", ""  61.831""], ["" 132.652"", "" 124.143"", ""  63.740""], ["" 133.902"", "" 124.574"", ""  63.726""], ["" 131.971"", "" 124.625"", ""  64.857""], ["" 134.068"", "" 125.365"", ""  64.864""], ["" 132.894"", "" 125.386"", ""  65.538""]]",[],1p_Grossjean_2025
21,8794,1q_Grossjean_2025,receptor_tmp,1,2,-5.69,-0.25863636363636366,0.0,0.0,1,186.68,-7.78,-7.68,-0.1,-7.78,0.0,-0.88,2.09,-0.88,32,4,0.0,0.0,0.0,5.824023,5.545394,6.645073,0.05102008,-0.54157783,-0.83910095,181.163605,"129.442032, 326.955597, 117.199989, 353.014587, 197.647705, 216.898193, 282.3255, ","[["" 128.131"", "" 122.642"", ""  60.742""], ["" 127.906"", "" 122.714"", ""  59.416""], ["" 127.283"", "" 122.936"", ""  61.586""], ["" 128.664"", "" 122.478"", ""  58.791""], ["" 129.523"", "" 122.148"", ""  61.162""], ["" 130.009"", "" 122.698"", ""  62.518""], ["" 130.126"", "" 124.511"", ""  62.567""], ["" 130.784"", "" 124.994"", ""  64.151""], ["" 132.530"", "" 125.366"", ""  65.789""], ["" 132.159"", "" 124.950"", ""  64.490""], ["" 131.541"", "" 125.786"", ""  66.683""], ["" 133.175"", "" 124.453"", ""  63.561""], ["" 130.210"", "" 125.773"", ""  66.274""], ["" 133.981"", "" 124.060"", ""  62.828""], ["" 129.830"", "" 125.381"", ""  65.036""], ["" 133.982"", "" 125.373"", ""  66.268""], ["" 129.089"", "" 126.206"", ""  67.200""], ["" 126.654"", "" 123.144"", ""  58.777""], ["" 126.427"", "" 122.492"", ""  57.396""], ["" 127.215"", "" 121.647"", ""  56.968""], ["" 125.306"", "" 122.916"", ""  56.763""], ["" 124.657"", "" 124.113"", ""  57.168""]]",[],1q_Grossjean_2025
22,8991,2a_Ghoteimi_2023,receptor_tmp,1,18,-9.78,-0.19959183673469386,0.0,0.0,2,192.09,-13.06,-12.53,-0.53,-13.06,0.0,-2.99,3.28,-2.99,68,3,0.0,0.0,0.0,1.96922,11.997052,7.548215,0.4736079,0.6373896,0.60780758,108.180855,"318.563477, 12.111198, 25.5406, 82.994301, 352.385437, 334.106476, 65.477699, 11.110734, 268.20639, 185.107941, 175.110199, ","[["" 126.196"", "" 132.461"", ""  63.248""], ["" 127.483"", "" 132.118"", ""  63.020""], ["" 125.467"", "" 133.047"", ""  62.446""], ["" 127.976"", "" 131.706"", ""  63.798""], ["" 125.663"", "" 132.106"", ""  64.642""], ["" 125.107"", "" 130.380"", ""  64.819""], ["" 126.590"", "" 129.411"", ""  64.964""], ["" 126.464"", "" 129.311"", ""  61.401""], ["" 126.835"", "" 129.137"", ""  62.483""], ["" 127.310"", "" 128.917"", ""  63.853""], ["" 128.482"", "" 128.163"", ""  64.103""], ["" 126.972"", "" 129.181"", ""  66.242""], ["" 128.858"", "" 127.938"", ""  65.435""], ["" 128.096"", "" 128.460"", ""  66.483""], ["" 129.347"", "" 127.582"", ""  63.031""], ["" 129.391"", "" 126.199"", ""  62.837""], ["" 130.146"", "" 128.399"", ""  62.227""], ["" 130.207"", "" 125.646"", ""  61.855""], ["" 130.961"", "" 127.847"", ""  61.244""], ["" 131.003"", "" 126.461"", ""  61.035""], ["" 131.843"", "" 125.925"", ""  60.055""], ["" 131.337"", "" 125.763"", ""  58.677""], ["" 132.786"", "" 124.832"", ""  60.363""], ["" 132.457"", "" 125.541"", ""  57.638""], ["" 133.867"", "" 124.629"", ""  59.281""], ["" 133.257"", "" 124.431"", ""  58.016""], ["" 128.461"", "" 128.255"", ""  67.918""], ["" 128.467"", "" 126.976"", ""  68.489""], ["" 128.795"", "" 129.342"", ""  68.732""], ["" 128.796"", "" 126.792"", ""  69.829""], ["" 129.122"", "" 129.159"", ""  70.072""], ["" 129.141"", "" 127.878"", ""  70.647""], ["" 129.441"", "" 127.681"", ""  71.999""], ["" 129.127"", "" 128.707"", ""  73.014""], ["" 130.673"", "" 126.961"", ""  72.381""], ["" 129.188"", "" 128.185"", ""  74.465""], ["" 130.688"", "" 126.493"", ""  73.852""], ["" 130.451"", "" 127.592"", ""  74.716""], ["" 128.268"", "" 132.277"", ""  61.862""], ["" 127.574"", "" 132.636"", ""  60.705""], ["" 129.660"", "" 132.120"", ""  61.807""], ["" 128.252"", "" 132.823"", ""  59.504""], ["" 130.338"", "" 132.306"", ""  60.605""], ["" 129.644"", "" 132.659"", ""  59.440""], ["" 130.408"", "" 132.852"", ""  58.161""], ["" 129.895"", "" 133.272"", ""  57.119""], ["" 131.719"", "" 132.512"", ""  58.264""], ["" 132.153"", "" 131.179"", ""  58.026""], ["" 133.602"", "" 131.025"", ""  58.498""]]",[],2a_Ghoteimi_2023
23,1129,2a_Grossjean_2025,receptor_tmp,1,15,-6.91,-0.23033333333333333,0.0,0.0,2,182.67,-9.3,-9.15,-0.15,-9.3,0.0,-1.88,2.39,-1.88,55,4,0.0,0.0,0.0,8.317531,8.235234,2.752602,-0.10174418,0.95386566,-0.28246845,190.030762,"8.820833, 88.761902, 57.606907, 75.112381, 128.942673, 113.107574, 134.866867, 236.685837, ","[["" 131.933"", "" 122.329"", ""  60.763""], ["" 130.919"", "" 123.208"", ""  60.611""], ["" 132.110"", "" 121.317"", ""  60.083""], ["" 130.930"", "" 124.003"", ""  61.231""], ["" 132.923"", "" 122.650"", ""  61.887""], ["" 133.258"", "" 124.434"", ""  62.066""], ["" 132.885"", "" 124.954"", ""  63.738""], ["" 133.732"", "" 125.372"", ""  65.871""], ["" 132.475"", "" 125.720"", ""  66.356""], ["" 133.942"", "" 125.000"", ""  64.589""], ["" 131.369"", "" 125.687"", ""  65.492""], ["" 131.575"", "" 125.295"", ""  64.145""], ["" 130.455"", "" 125.241"", ""  63.200""], ["" 129.571"", "" 125.198"", ""  62.454""], ["" 134.956"", "" 125.374"", ""  66.768""], ["" 129.984"", "" 126.075"", ""  66.044""], ["" 129.415"", "" 126.985"", ""  65.253""], ["" 129.199"", "" 124.999"", ""  66.103""], ["" 130.046"", "" 126.594"", ""  67.273""], ["" 129.869"", "" 123.225"", ""  59.675""], ["" 128.978"", "" 122.153"", ""  59.747""], ["" 129.671"", "" 124.218"", ""  58.705""], ["" 127.894"", "" 122.075"", ""  58.878""], ["" 128.588"", "" 124.137"", ""  57.834""], ["" 127.685"", "" 123.069"", ""  57.911""], ["" 126.525"", "" 123.019"", ""  56.958""], ["" 126.149"", "" 121.983"", ""  56.400""], ["" 125.945"", "" 124.230"", ""  56.757""], ["" 125.241"", "" 124.889"", ""  57.803""], ["" 124.242"", "" 123.914"", ""  58.434""]]",[],2a_Grossjean_2025
24,917,2aa_Ghoteimi_2023,receptor_tmp,1,7,-8.52,-0.17387755102040817,0.0,0.0,1,189.28,-11.8,-11.55,-0.25,-11.8,0.0,-2.4,3.28,-2.4,67,2,0.0,0.0,0.0,3.051195,13.686645,9.630991,-0.80792418,0.18697981,0.55883545,122.136147,"224.245499, 186.767487, 35.493134, 177.734131, 82.918404, 273.897491, 49.476768, 71.490387, 247.669159, 237.96756, 323.405304, ","[["" 128.361"", "" 130.502"", ""  62.707""], ["" 129.676"", "" 130.787"", ""  62.589""], ["" 127.625"", "" 130.159"", ""  61.780""], ["" 130.165"", "" 130.986"", ""  63.450""], ["" 127.809"", "" 130.613"", ""  64.134""], ["" 127.250"", "" 129.356"", ""  64.533""], ["" 128.046"", "" 128.408"", ""  65.161""], ["" 128.271"", "" 127.305"", ""  61.815""], ["" 128.449"", "" 127.349"", ""  62.957""], ["" 128.675"", "" 127.404"", ""  64.404""], ["" 129.495"", "" 126.463"", ""  65.068""], ["" 128.189"", "" 128.487"", ""  66.514""], ["" 129.617"", "" 126.560"", ""  66.460""], ["" 128.956"", "" 127.574"", ""  67.160""], ["" 130.245"", "" 125.373"", ""  64.372""], ["" 131.250"", "" 125.685"", ""  63.452""], ["" 129.940"", "" 124.030"", ""  64.606""], ["" 131.939"", "" 124.675"", ""  62.785""], ["" 130.628"", "" 123.021"", ""  63.939""], ["" 131.633"", "" 123.324"", ""  63.009""], ["" 132.314"", "" 122.294"", ""  62.354""], ["" 131.590"", "" 121.249"", ""  61.605""], ["" 133.510"", "" 121.705"", ""  62.989""], ["" 132.498"", "" 120.421"", ""  60.671""], ["" 134.368"", "" 120.868"", ""  62.019""], ["" 133.573"", "" 119.862"", ""  61.410""], ["" 129.072"", "" 127.727"", ""  68.644""], ["" 129.072"", "" 128.995"", ""  69.233""], ["" 129.186"", "" 126.610"", ""  69.481""], ["" 129.172"", "" 129.143"", ""  70.615""], ["" 129.284"", "" 126.757"", ""  70.862""], ["" 129.263"", "" 128.026"", ""  71.459""], ["" 129.377"", "" 128.157"", ""  72.848""], ["" 128.756"", "" 129.287"", ""  73.569""], ["" 129.351"", "" 126.951"", ""  73.701""], ["" 129.273"", "" 129.466"", ""  75.011""], ["" 129.852"", "" 127.197"", ""  75.140""], ["" 129.119"", "" 128.257"", ""  75.736""], ["" 130.497"", "" 130.799"", ""  61.445""], ["" 131.603"", "" 131.650"", ""  61.502""], ["" 130.268"", "" 130.046"", ""  60.285""], ["" 132.479"", "" 131.740"", ""  60.425""], ["" 131.143"", "" 130.142"", ""  59.207""], ["" 132.260"", "" 130.986"", ""  59.263""], ["" 133.183"", "" 131.064"", ""  58.081""], ["" 134.381"", "" 130.767"", ""  58.134""], ["" 132.572"", "" 131.507"", ""  56.951""], ["" 132.103"", "" 132.845"", ""  56.846""], ["" 130.573"", "" 132.855"", ""  56.932""]]",[],2aa_Ghoteimi_2023
25,1332,2b_Ghoteimi_2023,receptor_tmp,1,1,-9.9,-0.2302325581395349,0.0,0.0,2,190.61,-12.29,-11.79,-0.5,-12.29,0.0,-1.74,2.39,-1.74,60,7,0.0,0.0,0.0,5.74564,10.390608,7.265229,0.30592186,0.00187578,-0.95205478,112.200684,"63.505547, 193.918304, 90.579643, 132.483521, 113.959709, 250.820923, 86.675697, 24.433765, ","[["" 129.629"", "" 123.401"", ""  62.310""], ["" 129.654"", "" 124.995"", ""  63.101""], ["" 129.413"", "" 123.153"", ""  66.152""], ["" 129.488"", "" 124.047"", ""  65.421""], ["" 129.585"", "" 125.183"", ""  64.499""], ["" 129.617"", "" 126.511"", ""  64.994""], ["" 129.782"", "" 126.028"", ""  62.234""], ["" 129.715"", "" 127.563"", ""  64.076""], ["" 129.811"", "" 127.300"", ""  62.706""], ["" 129.558"", "" 126.858"", ""  66.446""], ["" 130.676"", "" 126.670"", ""  67.260""], ["" 128.382"", "" 127.356"", ""  67.014""], ["" 130.627"", "" 126.991"", ""  68.614""], ["" 128.332"", "" 127.673"", ""  68.369""], ["" 129.450"", "" 127.492"", ""  69.194""], ["" 129.380"", "" 127.832"", ""  70.546""], ["" 129.463"", "" 126.764"", ""  71.562""], ["" 130.021"", "" 129.057"", ""  71.065""], ["" 128.998"", "" 127.216"", ""  72.963""], ["" 129.533"", "" 129.450"", ""  72.474""], ["" 129.722"", "" 128.367"", ""  73.371""], ["" 129.948"", "" 128.386"", ""  61.687""], ["" 130.371"", "" 128.095"", ""  60.386""], ["" 129.645"", "" 129.718"", ""  61.998""], ["" 130.485"", "" 129.098"", ""  59.427""], ["" 129.761"", "" 130.722"", ""  61.041""], ["" 130.192"", "" 130.435"", ""  59.738""], ["" 130.273"", "" 131.450"", ""  58.777""], ["" 131.476"", "" 131.565"", ""  57.928""], ["" 129.084"", "" 131.892"", ""  58.022""], ["" 131.597"", "" 132.926"", ""  57.209""], ["" 129.275"", "" 133.242"", ""  57.298""], ["" 130.419"", "" 133.187"", ""  56.462""], ["" 129.570"", "" 123.680"", ""  60.514""], ["" 128.282"", "" 123.139"", ""  59.891""], ["" 128.221"", "" 123.195"", ""  58.543""], ["" 127.398"", "" 122.690"", ""  60.624""], ["" 129.009"", "" 123.601"", ""  58.060""], ["" 127.173"", "" 122.786"", ""  57.730""], ["" 127.191"", "" 121.757"", ""  56.899""], ["" 125.940"", "" 123.436"", ""  57.693""], ["" 125.935"", "" 121.712"", ""  56.290""], ["" 125.192"", "" 122.733"", ""  56.778""]]",[],2b_Ghoteimi_2023
26,8748,2b_Grossjean_2025,receptor_tmp,1,9,-6.85,-0.23620689655172414,0.0,0.0,2,186.8,-8.94,-8.26,-0.67,-8.94,0.0,-0.63,2.09,-0.63,40,6,0.0,0.0,0.0,8.565086,9.130713,11.353039,-0.21066119,-0.19417503,-0.95808033,167.406754,"6.653228, 347.865143, 176.602814, 136.866684, 259.433838, 197.510468, 155.619614, ","[["" 130.104"", "" 125.990"", ""  66.799""], ["" 130.237"", "" 127.071"", ""  67.597""], ["" 129.838"", "" 124.850"", ""  67.181""], ["" 130.534"", "" 127.923"", ""  67.144""], ["" 130.329"", "" 126.250"", ""  65.306""], ["" 129.197"", "" 125.305"", ""  64.235""], ["" 130.114"", "" 124.089"", ""  63.299""], ["" 132.219"", "" 123.232"", ""  62.773""], ["" 131.673"", "" 122.277"", ""  61.921""], ["" 131.462"", "" 124.120"", ""  63.455""], ["" 130.281"", "" 122.221"", ""  61.750""], ["" 129.474"", "" 123.151"", ""  62.454""], ["" 128.015"", "" 123.143"", ""  62.309""], ["" 126.864"", "" 123.136"", ""  62.194""], ["" 133.716"", "" 123.340"", ""  62.992""], ["" 129.692"", "" 121.155"", ""  60.807""], ["" 128.761"", "" 120.445"", ""  61.446""], ["" 129.135"", "" 121.740"", ""  59.745""], ["" 130.611"", "" 120.299"", ""  60.356""], ["" 130.085"", "" 127.182"", ""  68.993""], ["" 129.091"", "" 126.386"", ""  69.560""], ["" 130.864"", "" 128.005"", ""  69.820""], ["" 128.861"", "" 126.414"", ""  70.933""], ["" 130.634"", "" 128.031"", ""  71.192""], ["" 129.630"", "" 127.240"", ""  71.766""], ["" 129.411"", "" 127.295"", ""  73.251""], ["" 128.779"", "" 126.437"", ""  73.876""], ["" 129.980"", "" 128.379"", ""  73.837""], ["" 129.354"", "" 129.653"", ""  73.784""]]",[],2b_Grossjean_2025
27,833,2c_Ghoteimi_2023,receptor_tmp,1,11,-9.7,-0.2255813953488372,0.0,0.0,9,190.23,-12.09,-11.77,-0.32,-12.09,0.0,-2.07,2.39,-2.07,63,5,0.0,0.0,0.0,6.625395,9.378303,6.37838,0.12865745,-0.16021652,0.97866129,276.709991,"231.911041, 335.781616, 270.444824, 148.192261, 246.168686, 63.264874, 336.815216, 78.551849, ","[["" 131.725"", "" 122.624"", ""  61.873""], ["" 131.220"", "" 124.275"", ""  62.298""], ["" 131.830"", "" 125.022"", ""  58.860""], ["" 131.540"", "" 125.163"", ""  59.971""], ["" 131.171"", "" 125.347"", ""  61.378""], ["" 130.752"", "" 126.614"", ""  61.854""], ["" 130.851"", "" 124.413"", ""  63.594""], ["" 130.407"", "" 126.738"", ""  63.206""], ["" 130.452"", "" 125.626"", ""  64.053""], ["" 130.655"", "" 127.834"", ""  60.998""], ["" 130.981"", "" 129.087"", ""  61.520""], ["" 130.228"", "" 127.747"", ""  59.670""], ["" 130.898"", "" 130.229"", ""  60.727""], ["" 130.142"", "" 128.888"", ""  58.878""], ["" 130.472"", "" 130.151"", ""  59.392""], ["" 130.400"", "" 131.279"", ""  58.572""], ["" 131.497"", "" 131.555"", ""  57.624""], ["" 129.120"", "" 131.724"", ""  57.987""], ["" 131.483"", "" 132.998"", ""  57.078""], ["" 129.167"", "" 133.163"", ""  57.431""], ["" 130.223"", "" 133.284"", ""  56.491""], ["" 130.077"", "" 125.702"", ""  65.498""], ["" 130.141"", "" 124.568"", ""  66.314""], ["" 129.661"", "" 126.907"", ""  66.077""], ["" 129.799"", "" 124.633"", ""  67.662""], ["" 129.316"", "" 126.974"", ""  67.425""], ["" 129.367"", "" 125.836"", ""  68.243""], ["" 129.044"", "" 125.925"", ""  69.601""], ["" 129.605"", "" 127.018"", ""  70.421""], ["" 127.696"", "" 125.575"", ""  70.097""], ["" 129.485"", "" 126.777"", ""  71.941""], ["" 127.628"", "" 125.380"", ""  71.627""], ["" 128.132"", "" 126.529"", ""  72.288""], ["" 130.720"", "" 122.094"", ""  60.453""], ["" 129.231"", "" 122.030"", ""  60.796""], ["" 128.596"", "" 123.220"", ""  60.861""], ["" 128.701"", "" 120.934"", ""  60.985""], ["" 129.145"", "" 124.052"", ""  60.694""], ["" 127.260"", "" 123.432"", ""  61.167""], ["" 126.628"", "" 123.127"", ""  62.280""], ["" 126.282"", "" 124.197"", ""  59.956""], ["" 125.359"", "" 123.479"", ""  62.229""], ["" 124.936"", "" 124.086"", ""  61.050""]]",[],2c_Ghoteimi_2023
28,9003,2c_Grossjean_2025,receptor_tmp,1,3,-6.43,-0.23814814814814814,0.0,0.0,1,190.86,-8.22,-7.6,-0.63,-8.22,0.0,-0.54,1.79,-0.54,37,5,0.0,0.0,0.0,4.749632,8.451131,11.836701,-0.38026779,-0.04547794,0.92375763,126.60112,"137.889954, 248.958435, 122.612442, 295.719177, 160.167252, 306.47287, ","[["" 129.953"", "" 125.756"", ""  66.316""], ["" 129.976"", "" 123.971"", ""  65.924""], ["" 130.348"", "" 123.749"", ""  64.189""], ["" 129.510"", "" 123.186"", ""  62.086""], ["" 130.758"", "" 123.355"", ""  61.489""], ["" 129.301"", "" 123.381"", ""  63.406""], ["" 131.851"", "" 123.742"", ""  62.277""], ["" 131.648"", "" 123.945"", ""  63.665""], ["" 132.756"", "" 124.348"", ""  64.538""], ["" 133.631"", "" 124.666"", ""  65.225""], ["" 128.296"", "" 122.761"", ""  61.283""], ["" 133.225"", "" 123.927"", ""  61.602""], ["" 134.000"", "" 122.869"", ""  61.847""], ["" 133.074"", "" 124.057"", ""  60.284""], ["" 133.873"", "" 125.009"", ""  62.042""], ["" 129.827"", "" 126.102"", ""  67.808""], ["" 130.523"", "" 127.192"", ""  68.199""], ["" 129.157"", "" 125.392"", ""  68.559""], ["" 131.125"", "" 127.615"", ""  67.508""], ["" 130.590"", "" 127.779"", ""  69.476""], ["" 131.779"", "" 128.222"", ""  70.073""], ["" 129.389"", "" 127.870"", ""  70.180""], ["" 131.750"", "" 128.774"", ""  71.352""], ["" 129.365"", "" 128.422"", ""  71.458""], ["" 130.550"", "" 128.882"", ""  72.054""], ["" 130.622"", "" 129.444"", ""  73.314""], ["" 129.964"", "" 130.683"", ""  73.560""]]",[],2c_Grossjean_2025
29,855,2d_Ghoteimi_2023,receptor_tmp,1,11,-7.95,-0.20921052631578949,0.0,0.0,6,190.43,-10.33,-10.01,-0.33,-10.33,0.0,-1.62,2.39,-1.62,48,3,0.0,0.0,0.0,6.408187,10.318417,6.134009,-0.77224697,0.48718916,0.40777609,217.252136,"306.704926, 191.584473, 338.846436, 228.589569, 14.988069, 102.737617, 334.770813, 172.844543, ","[["" 130.317"", "" 122.396"", ""  61.625""], ["" 130.197"", "" 124.135"", ""  61.987""], ["" 130.761"", "" 124.626"", ""  58.492""], ["" 130.564"", "" 124.860"", ""  59.609""], ["" 130.314"", "" 125.162"", ""  61.021""], ["" 130.190"", "" 126.504"", ""  61.459""], ["" 130.016"", "" 124.396"", ""  63.305""], ["" 129.971"", "" 126.744"", ""  62.821""], ["" 129.901"", "" 125.681"", ""  63.725""], ["" 130.281"", "" 127.690"", ""  60.555""], ["" 131.332"", "" 127.798"", ""  59.642""], ["" 129.308"", "" 128.693"", ""  60.585""], ["" 131.419"", "" 128.892"", ""  58.786""], ["" 129.396"", "" 129.789"", ""  59.730""], ["" 130.456"", "" 129.914"", ""  58.823""], ["" 130.517"", "" 131.016"", ""  57.964""], ["" 131.784"", "" 131.730"", ""  57.718""], ["" 129.399"", "" 131.979"", ""  57.949""], ["" 131.734"", "" 132.668"", ""  56.493""], ["" 129.408"", "" 132.908"", ""  56.716""], ["" 130.655"", "" 133.580"", ""  56.623""], ["" 129.686"", "" 125.890"", ""  65.189""], ["" 129.935"", "" 124.857"", ""  66.100""], ["" 129.227"", "" 127.115"", ""  65.688""], ["" 129.737"", "" 125.045"", ""  67.466""], ["" 129.031"", "" 127.303"", ""  67.053""], ["" 129.293"", "" 126.276"", ""  67.971""], ["" 129.071"", "" 126.475"", ""  69.338""], ["" 128.718"", "" 125.356"", ""  70.234""], ["" 129.887"", "" 127.461"", ""  70.075""], ["" 128.154"", "" 125.810"", ""  71.597""], ["" 129.295"", "" 127.854"", ""  71.446""], ["" 129.067"", "" 126.694"", ""  72.228""], ["" 129.489"", "" 122.084"", ""  60.028""], ["" 128.001"", "" 122.461"", ""  60.090""], ["" 127.419"", "" 122.749"", ""  61.140""], ["" 127.435"", "" 122.427"", ""  58.866""], ["" 127.641"", "" 123.489"", ""  57.946""]]",[],2d_Ghoteimi_2023
30,9302,2d_Grossjean_2025,receptor_tmp,1,9,-5.46,-0.2184,0.0,0.0,1,189.92,-6.95,-6.58,-0.37,-6.95,0.0,-1.73,1.49,-1.73,48,5,0.0,0.0,0.0,7.437939,10.946646,8.511048,-0.85341271,0.22768059,-0.46887984,118.052185,"231.000153, 309.137543, 5.625604, 126.327499, 317.050415, ","[["" 130.577"", "" 125.264"", ""  66.509""], ["" 129.578"", "" 126.635"", ""  65.963""], ["" 128.954"", "" 127.894"", ""  64.106""], ["" 128.149"", "" 128.727"", ""  64.880""], ["" 129.654"", "" 126.862"", ""  64.629""], ["" 128.041"", "" 128.493"", ""  66.259""], ["" 128.766"", "" 127.413"", ""  66.823""], ["" 128.650"", "" 127.099"", ""  68.250""], ["" 128.556"", "" 126.851"", ""  69.376""], ["" 129.102"", "" 128.099"", ""  62.610""], ["" 127.138"", "" 129.419"", ""  67.097""], ["" 126.758"", "" 130.468"", ""  66.368""], ["" 126.052"", "" 128.756"", ""  67.500""], ["" 127.749"", "" 129.887"", ""  68.187""], ["" 132.334"", "" 125.739"", ""  66.399""], ["" 132.965"", "" 125.390"", ""  65.048""], ["" 132.174"", "" 125.570"", ""  63.970""], ["" 134.134"", "" 125.001"", ""  65.016""], ["" 131.268"", "" 125.981"", ""  64.143""], ["" 132.458"", "" 125.339"", ""  62.611""], ["" 131.682"", "" 126.050"", ""  61.693""], ["" 133.431"", "" 124.437"", ""  62.147""], ["" 131.883"", "" 125.884"", ""  60.325""], ["" 133.629"", "" 124.272"", ""  60.780""], ["" 132.858"", "" 124.996"", ""  59.874""]]",[],2d_Grossjean_2025
31,902,2e_Grossjean_2025,receptor_tmp,1,8,-6.5,-0.25,0.0,0.0,1,188.98,-8.0,-7.82,-0.18,-8.0,0.0,-1.04,1.49,-1.04,37,4,0.0,0.0,0.0,6.912239,6.661583,3.456632,0.57238349,-0.50110078,-0.64905712,124.448257,"31.384872, 182.505676, 285.543762, 23.738312, 335.006805, ","[["" 132.254"", "" 120.662"", ""  60.740""], ["" 132.383"", "" 122.429"", ""  60.896""], ["" 132.422"", "" 124.454"", ""  59.749""], ["" 132.657"", "" 125.168"", ""  60.924""], ["" 132.289"", "" 123.109"", ""  59.726""], ["" 132.765"", "" 124.479"", ""  62.141""], ["" 132.623"", "" 123.069"", ""  62.134""], ["" 132.756"", "" 122.288"", ""  63.368""], ["" 132.861"", "" 121.672"", ""  64.343""], ["" 132.306"", "" 125.151"", ""  58.407""], ["" 133.046"", "" 125.279"", ""  63.426""], ["" 132.545"", "" 124.638"", ""  64.483""], ["" 134.360"", "" 125.426"", ""  63.593""], ["" 132.504"", "" 126.499"", ""  63.403""], ["" 130.663"", "" 120.220"", ""  61.510""], ["" 129.673"", "" 121.389"", ""  61.496""], ["" 128.781"", "" 121.392"", ""  60.481""], ["" 129.760"", "" 122.260"", ""  62.363""], ["" 128.744"", "" 120.565"", ""  59.903""], ["" 127.847"", "" 122.388"", ""  60.151""], ["" 126.908"", "" 122.814"", ""  61.046""], ["" 127.967"", "" 122.965"", ""  58.881""], ["" 126.064"", "" 123.812"", ""  60.678""], ["" 127.091"", "" 123.990"", ""  58.517""], ["" 126.122"", "" 124.425"", ""  59.423""], ["" 125.050"", "" 124.236"", ""  61.722""]]",[],2e_Grossjean_2025
32,686,2f_Grossjean_2025,receptor_tmp,1,9,-6.48,-0.25920000000000004,0.0,0.0,3,191.44,-7.98,-7.83,-0.14,-7.98,0.0,-0.71,1.49,-0.71,46,5,0.0,0.0,0.0,6.473555,8.521359,16.753451,0.35582885,-0.91927277,-0.16829559,130.977448,"228.756775, 258.0961, 62.440628, 161.067612, 97.91996, ","[["" 128.054"", "" 124.828"", ""  72.305""], ["" 128.931"", "" 125.986"", ""  71.274""], ["" 129.220"", "" 126.710"", ""  69.079""], ["" 130.151"", "" 127.671"", ""  69.467""], ["" 128.622"", "" 125.876"", ""  69.959""], ["" 130.502"", "" 127.784"", ""  70.822""], ["" 129.885"", "" 126.914"", ""  71.757""], ["" 130.260"", "" 126.955"", ""  73.173""], ["" 130.556"", "" 126.988"", ""  74.291""], ["" 128.813"", "" 126.540"", ""  67.628""], ["" 131.542"", "" 128.845"", ""  71.230""], ["" 132.099"", "" 129.382"", ""  70.143""], ["" 130.953"", "" 129.811"", ""  71.936""], ["" 132.527"", "" 128.343"", ""  71.977""], ["" 129.275"", "" 123.955"", ""  73.343""], ["" 129.213"", "" 122.422"", ""  73.272""], ["" 128.069"", "" 121.932"", ""  72.747""], ["" 130.161"", "" 121.737"", ""  73.657""], ["" 127.401"", "" 122.614"", ""  72.417""], ["" 127.678"", "" 120.594"", ""  72.547""], ["" 127.676"", "" 120.127"", ""  71.227""], ["" 127.276"", "" 119.701"", ""  73.557""], ["" 127.321"", "" 118.863"", ""  70.884""], ["" 126.907"", "" 118.397"", ""  73.220""], ["" 126.945"", "" 118.019"", ""  71.877""]]",[],2f_Grossjean_2025
33,1094,2g_Grossjean_2025,receptor_tmp,1,6,-5.42,-0.20846153846153845,0.0,0.0,1,184.43,-7.21,-7.06,-0.15,-7.21,0.0,-2.39,1.79,-2.39,39,5,0.0,0.0,0.0,1.324887,6.745279,0.902231,-0.4903497,0.52975807,0.6920358,138.9487,"17.769918, 43.987339, 317.425812, 216.591629, 131.39212, 203.369843, ","[["" 124.076"", "" 124.715"", ""  57.373""], ["" 124.939"", "" 124.707"", ""  58.930""], ["" 125.002"", "" 123.743"", ""  61.049""], ["" 126.116"", "" 124.495"", ""  61.412""], ["" 124.416"", "" 123.843"", ""  59.834""], ["" 126.657"", "" 125.412"", ""  60.497""], ["" 126.050"", "" 125.535"", ""  59.221""], ["" 126.540"", "" 126.517"", ""  58.250""], ["" 126.928"", "" 127.293"", ""  57.484""], ["" 124.373"", "" 122.745"", ""  62.002""], ["" 127.885"", "" 126.242"", ""  60.919""], ["" 128.731"", "" 126.369"", ""  59.895""], ["" 127.497"", "" 127.456"", ""  61.312""], ["" 128.561"", "" 125.688"", ""  61.928""], ["" 124.705"", "" 123.311"", ""  56.391""], ["" 126.176"", "" 122.956"", ""  56.647""], ["" 126.997"", "" 124.004"", ""  56.846""], ["" 126.560"", "" 121.785"", ""  56.671""], ["" 126.611"", "" 124.935"", ""  56.786""], ["" 128.436"", "" 123.919"", ""  57.099""], ["" 128.800"", "" 123.437"", ""  58.499""], ["" 128.017"", "" 122.462"", ""  59.125""], ["" 129.949"", "" 123.922"", ""  59.130""], ["" 128.369"", "" 121.993"", ""  60.388""], ["" 130.301"", "" 123.452"", ""  60.392""], ["" 129.508"", "" 122.490"", ""  61.016""]]",[],2g_Grossjean_2025
34,8852,2h_Grossjean_2025,receptor_tmp,1,3,-6.43,-0.2009375,0.0,0.0,5,192.7,-9.12,-8.36,-0.76,-9.12,0.0,-1.34,2.68,-1.34,51,7,0.0,0.0,0.0,6.306933,7.575542,12.891832,0.57514961,0.79480644,-0.19361211,226.099335,"241.020767, 2.25564, 38.145485, 244.355255, 14.232827, 349.127045, 100.614769, 209.357376, 344.703003, ","[["" 130.314"", "" 126.040"", ""  67.041""], ["" 129.217"", "" 126.687"", ""  67.472""], ["" 131.455"", "" 126.323"", ""  67.412""], ["" 128.313"", "" 126.376"", ""  67.145""], ["" 130.062"", "" 124.899"", ""  66.044""], ["" 129.800"", "" 125.427"", ""  64.318""], ["" 130.292"", "" 124.065"", ""  63.284""], ["" 129.549"", "" 122.526"", ""  61.702""], ["" 130.806"", "" 121.931"", ""  61.621""], ["" 129.289"", "" 123.576"", ""  62.513""], ["" 131.861"", "" 122.438"", ""  62.395""], ["" 131.607"", "" 123.543"", ""  63.246""], ["" 132.688"", "" 124.146"", ""  64.030""], ["" 133.543"", "" 124.622"", ""  64.646""], ["" 128.379"", "" 122.027"", ""  60.876""], ["" 133.247"", "" 121.772"", ""  62.285""], ["" 134.149"", "" 122.665"", ""  61.876""], ["" 133.675"", "" 121.276"", ""  63.448""], ["" 133.204"", "" 120.767"", ""  61.410""], ["" 129.208"", "" 127.732"", ""  68.496""], ["" 129.114"", "" 127.191"", ""  69.922""], ["" 129.761"", "" 127.839"", ""  70.985""], ["" 128.378"", "" 126.031"", ""  70.171""], ["" 129.629"", "" 127.344"", ""  72.293""], ["" 128.264"", "" 125.531"", ""  71.466""], ["" 128.886"", "" 126.183"", ""  72.543""], ["" 130.491"", "" 128.980"", ""  70.747""], ["" 131.852"", "" 128.746"", ""  70.409""], ["" 130.246"", "" 127.988"", ""  73.339""], ["" 129.647"", "" 129.227"", ""  73.694""], ["" 128.811"", "" 125.751"", ""  73.855""], ["" 129.899"", "" 125.024"", ""  74.414""]]",[],2h_Grossjean_2025
35,9033,2i_Grossjean_2025,receptor_tmp,1,16,-6.51,-0.27125,0.0,0.0,4,190.64,-8.0,-7.66,-0.35,-8.0,0.0,-0.52,1.49,-0.52,48,6,0.0,0.0,0.0,4.92011,8.372211,15.613323,0.42947936,0.27157105,0.86127617,224.455627,"354.286621, 94.433624, 323.346313, 1.506184, 39.605347, ","[["" 128.007"", "" 124.908"", ""  72.407""], ["" 128.891"", "" 125.983"", ""  71.288""], ["" 129.242"", "" 126.592"", ""  69.064""], ["" 130.177"", "" 127.559"", ""  69.425""], ["" 128.607"", "" 125.816"", ""  69.971""], ["" 130.484"", "" 127.748"", ""  70.781""], ["" 129.825"", "" 126.942"", ""  71.743""], ["" 130.106"", "" 127.099"", ""  73.174""], ["" 130.328"", "" 127.223"", ""  74.303""], ["" 128.872"", "" 126.347"", ""  67.613""], ["" 131.521"", "" 128.821"", ""  71.163""], ["" 130.931"", "" 129.802"", ""  71.848""], ["" 132.480"", "" 128.283"", ""  71.917""], ["" 132.110"", "" 129.372"", ""  70.099""], ["" 129.067"", "" 123.476"", ""  72.769""], ["" 128.264"", "" 122.182"", ""  72.919""], ["" 128.461"", "" 121.253"", ""  71.959""], ["" 127.519"", "" 122.049"", ""  73.891""], ["" 129.130"", "" 121.464"", ""  71.233""], ["" 127.868"", "" 120.004"", ""  71.883""], ["" 127.646"", "" 119.480"", ""  70.697""], ["" 127.421"", "" 119.152"", ""  72.903""], ["" 127.048"", "" 118.237"", ""  70.911""], ["" 126.919"", "" 118.053"", ""  72.246""]]",[],2i_Grossjean_2025
36,606,2j_Grossjean_2025,receptor_tmp,1,8,-5.74,-0.23916666666666667,0.0,0.0,7,186.71,-7.23,-7.09,-0.14,-7.23,0.0,-0.85,1.49,-0.85,33,4,0.0,0.0,0.0,8.14437,4.768767,4.861387,0.65818785,-0.74753759,-0.08931019,199.599945,"150.535004, 269.667908, 324.358093, 313.514374, 183.454208, ","[["" 132.359"", "" 120.572"", ""  61.048""], ["" 132.535"", "" 122.348"", ""  61.130""], ["" 132.607"", "" 124.344"", ""  59.927""], ["" 132.789"", "" 125.093"", ""  61.087""], ["" 132.481"", "" 122.998"", ""  59.940""], ["" 132.846"", "" 124.441"", ""  62.328""], ["" 132.717"", "" 123.030"", ""  62.358""], ["" 132.769"", "" 122.296"", ""  63.626""], ["" 132.810"", "" 121.718"", ""  64.628""], ["" 132.535"", "" 125.000"", ""  58.561""], ["" 133.047"", "" 125.285"", ""  63.601""], ["" 134.349"", "" 125.425"", ""  63.855""], ["" 132.506"", "" 126.493"", ""  63.439""], ["" 132.485"", "" 124.735"", ""  64.679""], ["" 130.583"", "" 120.165"", ""  61.163""], ["" 129.657"", "" 121.370"", ""  61.382""], ["" 128.715"", "" 121.541"", ""  60.428""], ["" 129.790"", "" 122.094"", ""  62.371""], ["" 128.694"", "" 120.876"", ""  59.668""], ["" 127.756"", "" 122.544"", ""  60.380""], ["" 127.127"", "" 123.109"", ""  61.388""], ["" 127.316"", "" 123.146"", ""  58.814""], ["" 126.280"", "" 124.032"", ""  60.976""], ["" 126.208"", "" 124.232"", ""  59.600""]]",[],2j_Grossjean_2025
37,977,2k_Grossjean_2025,receptor_tmp,1,19,-4.63,-0.1596551724137931,0.0,0.0,3,188.72,-8.51,-7.93,-0.57,-8.51,0.0,-2.92,3.88,-2.92,45,6,0.0,0.0,0.0,7.766963,11.926937,8.57265,-0.07946633,0.98911222,-0.12386334,132.913086,"109.635941, 66.750221, 205.421799, 188.824081, 58.216644, 83.566544, 34.154495, 36.542122, 262.277374, 327.650574, 116.479408, 24.768764, 40.650364, ","[["" 131.325"", "" 124.121"", ""  61.812""], ["" 132.450"", "" 124.891"", ""  62.529""], ["" 132.088"", "" 125.295"", ""  63.890""], ["" 132.931"", "" 125.356"", ""  64.939""], ["" 134.134"", "" 125.099"", ""  64.858""], ["" 131.120"", "" 125.538"", ""  64.039""], ["" 132.297"", "" 125.752"", ""  66.280""], ["" 130.531"", "" 125.325"", ""  66.467""], ["" 129.527"", "" 126.658"", ""  65.825""], ["" 128.786"", "" 127.170"", ""  69.274""], ["" 128.778"", "" 127.316"", ""  68.125""], ["" 128.768"", "" 127.502"", ""  66.671""], ["" 127.996"", "" 128.532"", ""  66.075""], ["" 129.533"", "" 126.803"", ""  64.476""], ["" 128.024"", "" 128.668"", ""  64.678""], ["" 128.799"", "" 127.793"", ""  63.922""], ["" 128.868"", "" 127.896"", ""  62.410""], ["" 127.129"", "" 129.505"", ""  66.897""], ["" 126.060"", "" 128.916"", ""  67.435""], ["" 127.846"", "" 130.023"", ""  67.896""], ["" 126.693"", "" 130.496"", ""  66.119""], ["" 130.086"", "" 124.431"", ""  62.432""], ["" 129.087"", "" 123.430"", ""  62.320""], ["" 127.726"", "" 124.132"", ""  62.227""], ["" 126.732"", "" 123.151"", ""  61.955""], ["" 125.441"", "" 123.477"", ""  62.449""], ["" 124.788"", "" 124.496"", ""  61.506""], ["" 123.934"", "" 123.824"", ""  60.589""], ["" 123.897"", "" 124.426"", ""  59.305""]]",[],2k_Grossjean_2025
38,1024,3aa_Grossjean_2025,receptor_tmp,1,9,-8.21,-0.2345714285714286,0.0,0.0,5,188.26,-10.9,-10.25,-0.65,-10.9,0.0,-1.16,2.68,-1.16,48,6,0.0,0.0,0.0,6.016752,11.584489,8.942119,-0.49313043,0.65560073,-0.57184793,149.241867,"218.650742, 253.000351, 162.449173, 285.454041, 45.580246, 57.120918, 268.348785, 4.220815, 118.449036, ","[["" 129.593"", "" 126.559"", ""  66.631""], ["" 129.095"", "" 127.357"", ""  67.601""], ["" 130.340"", "" 125.596"", ""  66.811""], ["" 128.556"", "" 128.152"", ""  67.290""], ["" 129.182"", "" 126.921"", ""  65.204""], ["" 130.551"", "" 126.695"", ""  64.028""], ["" 130.224"", "" 125.194"", ""  63.131""], ["" 133.649"", "" 124.441"", ""  63.778""], ["" 132.567"", "" 124.337"", ""  63.378""], ["" 131.198"", "" 124.205"", ""  62.871""], ["" 130.804"", "" 123.062"", ""  62.134""], ["" 129.467"", "" 122.960"", ""  61.721""], ["" 128.935"", "" 125.067"", ""  62.736""], ["" 128.549"", "" 123.965"", ""  62.043""], ["" 131.782"", "" 121.929"", ""  61.770""], ["" 132.611"", "" 121.618"", ""  62.769""], ["" 131.108"", "" 120.822"", ""  61.454""], ["" 132.529"", "" 122.291"", ""  60.726""], ["" 127.109"", "" 123.904"", ""  61.629""], ["" 126.725"", "" 124.253"", ""  60.325""], ["" 126.110"", "" 123.494"", ""  62.529""], ["" 125.389"", "" 124.199"", ""  59.933""], ["" 124.774"", "" 123.441"", ""  62.141""], ["" 124.419"", "" 123.794"", ""  60.844""], ["" 129.267"", "" 127.287"", ""  68.998""], ["" 128.599"", "" 126.244"", ""  69.642""], ["" 130.059"", "" 128.166"", ""  69.752""], ["" 128.700"", "" 126.088"", ""  71.023""], ["" 130.160"", "" 128.007"", ""  71.130""], ["" 129.479"", "" 126.971"", ""  71.784""], ["" 129.607"", "" 126.837"", ""  73.275""], ["" 130.257"", "" 127.622"", ""  73.972""], ["" 128.926"", "" 125.776"", ""  73.779""], ["" 129.537"", "" 124.495"", ""  73.879""], ["" 128.683"", "" 123.463"", ""  73.135""]]",[],3aa_Grossjean_2025
39,8817,3ab_Grossjean_2025,receptor_tmp,1,1,-8.16,-0.24,0.0,0.0,6,188.0,-10.54,-9.93,-0.62,-10.54,0.0,-0.96,2.39,-0.96,46,4,0.0,0.0,0.0,4.40113,11.839782,9.54087,0.71081468,-0.59260353,0.3788978,222.553009,"338.362885, 130.942627, 169.007004, 256.223816, 76.267502, 271.429596, 4.489289, 254.107208, ","[["" 129.681"", "" 126.594"", ""  66.796""], ["" 128.777"", "" 126.786"", ""  67.780""], ["" 130.870"", "" 126.318"", ""  66.961""], ["" 127.851"", "" 127.058"", ""  67.485""], ["" 129.143"", "" 126.745"", ""  65.372""], ["" 130.458"", "" 126.605"", ""  64.124""], ["" 130.159"", "" 125.113"", ""  63.199""], ["" 133.595"", "" 124.392"", ""  63.839""], ["" 132.515"", "" 124.283"", ""  63.438""], ["" 131.149"", "" 124.141"", ""  62.928""], ["" 130.769"", "" 123.000"", ""  62.179""], ["" 129.435"", "" 122.885"", ""  61.761""], ["" 128.873"", "" 124.971"", ""  62.801""], ["" 128.504"", "" 123.880"", ""  62.081""], ["" 131.761"", "" 121.880"", ""  61.811""], ["" 131.153"", "" 120.737"", ""  61.483""], ["" 132.506"", "" 122.249"", ""  60.768""], ["" 132.564"", "" 121.625"", ""  62.846""], ["" 127.062"", "" 123.800"", ""  61.676""], ["" 126.067"", "" 123.500"", ""  62.620""], ["" 126.667"", "" 124.016"", ""  60.344""], ["" 124.726"", "" 123.425"", ""  62.250""], ["" 125.329"", "" 123.942"", ""  59.970""], ["" 124.362"", "" 123.648"", ""  60.926""], ["" 128.932"", "" 126.712"", ""  69.177""], ["" 128.331"", "" 125.748"", ""  70.002""], ["" 129.742"", "" 127.694"", ""  69.751""], ["" 128.549"", "" 125.773"", ""  71.377""], ["" 129.960"", "" 127.715"", ""  71.125""], ["" 129.368"", "" 126.755"", ""  71.956""], ["" 129.621"", "" 126.808"", ""  73.435""], ["" 130.258"", "" 127.714"", ""  73.980""], ["" 129.083"", "" 125.760"", ""  74.109""], ["" 129.837"", "" 124.579"", ""  74.346""]]",[],3ab_Grossjean_2025
40,1484,3ac_Grossjean_2025,receptor_tmp,1,20,-7.94,-0.248125,0.0,0.0,5,188.11,-10.03,-9.31,-0.72,-10.03,0.0,-0.84,2.09,-0.84,45,5,0.0,0.0,0.0,4.665689,7.925967,9.502979,-0.06647248,-0.53310762,0.84343208,149.179581,"233.707077, 184.75795, 60.009998, 33.006947, 126.225929, 121.542953, 237.118866, ","[["" 129.691"", "" 126.018"", ""  66.107""], ["" 130.229"", "" 124.361"", ""  65.585""], ["" 130.080"", "" 124.244"", ""  63.813""], ["" 133.652"", "" 124.253"", ""  63.779""], ["" 132.558"", "" 124.239"", ""  63.399""], ["" 131.175"", "" 124.221"", ""  62.918""], ["" 130.897"", "" 124.131"", ""  61.531""], ["" 129.559"", "" 124.041"", ""  61.121""], ["" 128.798"", "" 124.134"", ""  63.391""], ["" 128.527"", "" 124.042"", ""  62.064""], ["" 132.004"", "" 124.121"", ""  60.459""], ["" 132.878"", "" 123.127"", ""  60.626""], ["" 131.469"", "" 123.978"", ""  59.245""], ["" 132.683"", "" 125.268"", ""  60.499""], ["" 127.082"", "" 123.916"", ""  61.682""], ["" 126.126"", "" 123.486"", ""  62.617""], ["" 126.644"", "" 124.222"", ""  60.382""], ["" 124.783"", "" 123.372"", ""  62.271""], ["" 125.301"", "" 124.110"", ""  60.031""], ["" 124.375"", "" 123.686"", ""  60.978""], ["" 129.666"", "" 126.166"", ""  67.629""], ["" 130.261"", "" 127.275"", ""  68.117""], ["" 129.119"", "" 125.295"", ""  68.308""], ["" 130.584"", "" 127.947"", ""  67.436""], ["" 130.442"", "" 127.670"", ""  69.456""], ["" 129.358"", "" 127.460"", ""  70.310""], ["" 131.605"", "" 128.279"", ""  69.952""], ["" 129.436"", "" 127.836"", ""  71.648""], ["" 131.679"", "" 128.655"", ""  71.291""], ["" 130.591"", "" 128.436"", ""  72.151""], ["" 130.574"", "" 128.779"", ""  73.489""], ["" 129.506"", "" 129.577"", ""  73.990""]]",[],3ac_Grossjean_2025
41,9740,3ad_Grossjean_2025,receptor_tmp,1,13,-6.94,-0.23133333333333334,0.0,0.0,2,189.83,-8.73,-8.47,-0.25,-8.73,0.0,-1.88,1.79,-1.88,49,3,0.0,0.0,0.0,7.441761,9.948819,10.636564,0.88449851,-0.40707298,0.22793413,228.758255,"244.73497, 81.406311, 140.115234, 14.389439, 157.048264, 85.779144, ","[["" 130.988"", "" 124.939"", ""  65.658""], ["" 129.908"", "" 126.161"", ""  66.369""], ["" 129.491"", "" 127.295"", ""  63.011""], ["" 129.370"", "" 127.222"", ""  64.160""], ["" 129.213"", "" 127.133"", ""  65.615""], ["" 128.385"", "" 128.046"", ""  66.311""], ["" 128.306"", "" 127.947"", ""  67.709""], ["" 129.831"", "" 126.098"", ""  67.719""], ["" 129.034"", "" 126.967"", ""  68.391""], ["" 127.573"", "" 129.145"", ""  65.599""], ["" 126.656"", "" 128.652"", ""  64.764""], ["" 126.937"", "" 129.896"", ""  66.499""], ["" 128.386"", "" 129.923"", ""  64.882""], ["" 128.998"", "" 126.826"", ""  69.884""], ["" 128.328"", "" 125.750"", ""  70.487""], ["" 129.636"", "" 127.760"", ""  70.717""], ["" 128.291"", "" 125.613"", ""  71.872""], ["" 129.601"", "" 127.627"", ""  72.103""], ["" 128.928"", "" 126.554"", ""  72.675""], ["" 132.576"", "" 125.755"", ""  65.317""], ["" 133.087"", "" 125.458"", ""  63.905""], ["" 132.228"", "" 125.749"", ""  62.905""], ["" 134.216"", "" 124.987"", ""  63.765""], ["" 131.358"", "" 126.181"", ""  63.178""], ["" 132.376"", "" 125.587"", ""  61.515""], ["" 131.587"", "" 126.424"", ""  60.720""], ["" 133.231"", "" 124.654"", ""  60.902""], ["" 131.653"", "" 126.344"", ""  59.332""], ["" 133.294"", "" 124.578"", ""  59.513""], ["" 132.507"", "" 125.422"", ""  58.734""]]",[],3ad_Grossjean_2025
42,968,3af_Grossjean_2025,receptor_tmp,1,19,-6.67,-0.22233333333333333,0.0,0.0,1,188.01,-8.46,-8.18,-0.28,-8.46,0.0,-1.84,1.79,-1.84,47,3,0.0,0.0,0.0,6.783799,10.389924,8.748163,0.88192887,-0.47016041,-0.03392123,239.950592,"244.409622, 81.220581, 130.865387, 209.200562, 310.647614, 9.682379, ","[["" 131.050"", "" 124.899"", ""  65.670""], ["" 129.952"", "" 126.129"", ""  66.345""], ["" 129.611"", "" 127.264"", ""  62.979""], ["" 129.462"", "" 127.190"", ""  64.124""], ["" 129.272"", "" 127.099"", ""  65.575""], ["" 128.427"", "" 128.012"", ""  66.251""], ["" 128.320"", "" 127.918"", ""  67.648""], ["" 129.850"", "" 126.073"", ""  67.695""], ["" 129.038"", "" 126.943"", ""  68.348""], ["" 127.628"", "" 129.107"", ""  65.518""], ["" 126.739"", "" 128.610"", ""  64.655""], ["" 126.959"", "" 129.850"", ""  66.401""], ["" 128.455"", "" 129.893"", ""  64.828""], ["" 128.976"", "" 126.811"", ""  69.840""], ["" 128.295"", "" 125.738"", ""  70.438""], ["" 129.600"", "" 127.750"", ""  70.679""], ["" 128.236"", "" 125.609"", ""  71.823""], ["" 129.542"", "" 127.624"", ""  72.065""], ["" 128.859"", "" 126.553"", ""  72.631""], ["" 132.655"", "" 125.693"", ""  65.351""], ["" 133.159"", "" 125.409"", ""  63.936""], ["" 132.271"", "" 125.649"", ""  62.947""], ["" 134.309"", "" 124.999"", ""  63.781""], ["" 131.361"", "" 125.977"", ""  63.236""], ["" 132.417"", "" 125.501"", ""  61.554""], ["" 133.326"", "" 124.531"", ""  61.116""], ["" 131.730"", "" 126.240"", ""  60.573""], ["" 133.572"", "" 124.273"", ""  59.807""], ["" 131.972"", "" 125.987"", ""  59.221""], ["" 132.897"", "" 124.998"", ""  58.882""]]",[],3af_Grossjean_2025
43,1003,3ag_Grossjean_2025,receptor_tmp,1,20,-6.69,-0.21580645161290324,0.0,0.0,6,186.81,-8.78,-8.74,-0.04,-8.78,0.0,-3.07,2.09,-3.07,53,2,0.0,0.0,0.0,4.926442,8.216754,2.626146,-0.86817989,0.27164319,0.41529948,144.72052,"5.30398, 357.343658, 159.38504, 76.803299, 80.980782, 39.582108, 310.825989, ","[["" 127.724"", "" 123.750"", ""  57.498""], ["" 127.417"", "" 123.562"", ""  59.241""], ["" 124.056"", "" 124.450"", ""  58.433""], ["" 124.981"", "" 124.134"", ""  59.053""], ["" 126.150"", "" 123.734"", ""  59.841""], ["" 126.048"", "" 123.541"", ""  61.241""], ["" 127.207"", "" 123.211"", ""  61.959""], ["" 128.527"", "" 123.263"", ""  59.957""], ["" 128.436"", "" 123.089"", ""  61.301""], ["" 124.716"", "" 123.677"", ""  62.004""], ["" 124.856"", "" 123.518"", ""  63.322""], ["" 124.197"", "" 124.889"", ""  61.799""], ["" 123.847"", "" 122.758"", ""  61.582""], ["" 129.705"", "" 122.742"", ""  62.018""], ["" 129.892"", "" 123.105"", ""  63.361""], ["" 130.741"", "" 122.048"", ""  61.369""], ["" 131.068"", "" 122.786"", ""  64.034""], ["" 131.918"", "" 121.726"", ""  62.037""], ["" 132.077"", "" 122.095"", ""  63.369""], ["" 128.440"", "" 125.403"", ""  57.250""], ["" 129.969"", "" 125.378"", ""  57.263""], ["" 130.550"", "" 124.940"", ""  58.394""], ["" 130.599"", "" 125.754"", ""  56.273""], ["" 129.957"", "" 124.659"", ""  59.161""], ["" 131.990"", "" 124.867"", ""  58.636""], ["" 132.383"", "" 125.018"", ""  60.101""], ["" 133.585"", "" 124.470"", ""  60.558""], ["" 131.572"", "" 125.751"", ""  60.973""], ["" 133.962"", "" 124.631"", ""  61.888""], ["" 131.949"", "" 125.911"", ""  62.304""], ["" 133.141"", "" 125.349"", ""  62.756""]]",[],3ag_Grossjean_2025
44,8706,3ai_Grossjean_2025,receptor_tmp,1,20,-7.97,-0.27482758620689657,0.0,0.0,12,185.49,-9.76,-9.36,-0.41,-9.76,0.0,-1.37,1.79,-1.37,65,8,0.0,0.0,0.0,6.422951,8.488083,3.61085,0.7734686,0.28121828,-0.56803399,274.336548,"129.859116, 65.79348, 328.259216, 133.761169, 280.968262, 182.678207, ","[["" 131.764"", "" 125.215"", ""  59.213""], ["" 130.694"", "" 123.841"", ""  59.582""], ["" 133.343"", "" 122.731"", ""  61.699""], ["" 132.319"", "" 122.762"", ""  61.162""], ["" 131.020"", "" 122.801"", ""  60.482""], ["" 130.067"", "" 121.773"", ""  60.683""], ["" 128.859"", "" 121.831"", ""  59.972""], ["" 129.529"", "" 123.862"", ""  58.890""], ["" 128.609"", "" 122.883"", ""  59.085""], ["" 130.307"", "" 120.592"", ""  61.643""], ["" 131.463"", "" 119.965"", ""  61.415""], ["" 130.329"", "" 121.029"", ""  62.904""], ["" 129.333"", "" 119.691"", ""  61.515""], ["" 127.341"", "" 122.990"", ""  58.293""], ["" 126.247"", "" 123.717"", ""  58.787""], ["" 127.216"", "" 122.376"", ""  57.035""], ["" 125.068"", "" 123.824"", ""  58.055""], ["" 126.039"", "" 122.481"", ""  56.300""], ["" 124.968"", "" 123.205"", ""  56.813""], ["" 131.503"", "" 126.488"", ""  60.494""], ["" 131.526"", "" 125.968"", ""  61.939""], ["" 132.712"", "" 126.114"", ""  62.573""], ["" 130.519"", "" 125.466"", ""  62.445""], ["" 133.464"", "" 126.543"", ""  62.054""], ["" 133.024"", "" 125.733"", ""  63.871""], ["" 134.107"", "" 125.074"", ""  64.248""], ["" 132.206"", "" 126.012"", ""  64.965""], ["" 134.017"", "" 124.906"", ""  65.631""], ["" 132.863"", "" 125.477"", ""  66.049""]]",[],3ai_Grossjean_2025
45,899,3aj_Grossjean_2025,receptor_tmp,1,3,-7.17,-0.24724137931034482,0.0,0.0,1,185.37,-8.96,-9.0,0.04,-8.96,0.0,-1.33,1.79,-1.33,68,6,0.0,0.0,0.0,6.546789,8.198588,3.407534,0.84282449,0.37394265,-0.38705784,253.959366,"123.735939, 249.850616, 299.465454, 227.255798, 188.684845, 222.6017, ","[["" 131.984"", "" 124.897"", ""  59.707""], ["" 130.831"", "" 123.559"", ""  59.929""], ["" 133.351"", "" 122.128"", ""  62.011""], ["" 132.347"", "" 122.263"", ""  61.452""], ["" 131.074"", "" 122.431"", ""  60.745""], ["" 130.061"", "" 121.444"", ""  60.834""], ["" 128.879"", "" 121.630"", ""  60.100""], ["" 129.691"", "" 123.704"", ""  59.212""], ["" 128.714"", "" 122.765"", ""  59.299""], ["" 130.209"", "" 120.175"", ""  61.695""], ["" 131.273"", "" 119.442"", ""  61.358""], ["" 130.341"", "" 120.508"", ""  62.980""], ["" 129.132"", "" 119.402"", ""  61.558""], ["" 127.478"", "" 123.008"", ""  58.489""], ["" 127.320"", "" 122.413"", ""  57.228""], ["" 126.443"", "" 123.828"", ""  58.969""], ["" 126.171"", "" 122.630"", ""  56.471""], ["" 125.295"", "" 124.050"", ""  58.215""], ["" 125.163"", "" 123.450"", ""  56.968""], ["" 131.258"", "" 126.392"", ""  60.460""], ["" 131.535"", "" 126.563"", ""  61.961""], ["" 132.379"", "" 125.647"", ""  62.487""], ["" 131.007"", "" 127.476"", ""  62.601""], ["" 132.746"", "" 124.941"", ""  61.866""], ["" 132.793"", "" 125.565"", ""  63.810""], ["" 134.012"", "" 125.372"", ""  64.264""], ["" 131.576"", "" 125.734"", ""  65.034""], ["" 134.042"", "" 125.352"", ""  65.582""], ["" 132.822"", "" 125.531"", ""  66.228""]]",[],3aj_Grossjean_2025
46,836,3ak_Grossjean_2025,receptor_tmp,1,9,-6.53,-0.19205882352941178,0.0,0.0,1,189.68,-10.71,-10.32,-0.39,-10.71,0.0,-1.96,4.18,-1.96,58,6,0.0,0.0,0.0,1.211966,2.8183,4.349643,0.32370052,0.90644492,-0.27124821,188.53009,"268.539215, 256.721985, 334.102875, 70.609138, 154.533905, 51.372242, 225.947525, 241.357239, 75.018089, 140.839813, 164.270569, 13.374108, 310.906219, 173.955017, ","[["" 127.193"", "" 122.975"", ""  61.697""], ["" 128.317"", "" 123.290"", ""  60.886""], ["" 128.795"", "" 122.015"", ""  60.167""], ["" 128.323"", "" 121.901"", ""  58.827""], ["" 127.549"", "" 122.998"", ""  58.353""], ["" 127.523"", "" 122.963"", ""  56.820""], ["" 126.621"", "" 121.951"", ""  56.395""], ["" 125.284"", "" 122.407"", ""  56.259""], ["" 126.094"", "" 123.860"", ""  61.528""], ["" 126.511"", "" 125.066"", ""  60.667""], ["" 126.506"", "" 126.336"", ""  61.396""], ["" 127.583"", "" 126.945"", ""  61.930""], ["" 128.722"", "" 126.486"", ""  61.839""], ["" 125.608"", "" 126.786"", ""  61.496""], ["" 127.385"", "" 128.270"", ""  62.686""], ["" 128.774"", "" 128.824"", ""  63.743""], ["" 129.131"", "" 127.544"", ""  64.936""], ["" 129.813"", "" 126.472"", ""  64.461""], ["" 128.732"", "" 127.641"", ""  66.287""], ["" 130.125"", "" 125.444"", ""  65.290""], ["" 129.064"", "" 126.577"", ""  67.160""], ["" 127.997"", "" 128.813"", ""  66.773""], ["" 129.768"", "" 125.480"", ""  66.642""], ["" 127.415"", "" 129.738"", ""  67.156""], ["" 130.881"", "" 124.301"", ""  64.681""], ["" 132.224"", "" 124.450"", ""  64.301""], ["" 130.270"", "" 123.050"", ""  64.482""], ["" 132.931"", "" 123.391"", ""  63.738""], ["" 130.975"", "" 121.989"", ""  63.919""], ["" 132.303"", "" 122.164"", ""  63.549""], ["" 128.685"", "" 126.579"", ""  68.654""], ["" 129.139"", "" 125.472"", ""  69.242""], ["" 129.220"", "" 127.640"", ""  69.260""], ["" 127.366"", "" 126.627"", ""  68.854""]]",[],3ak_Grossjean_2025
47,787,3bc_Grossjean_2025,receptor_tmp,1,20,-7.82,-0.2696551724137931,0.0,0.0,6,186.82,-9.61,-9.41,-0.2,-9.61,0.0,-2.12,1.79,-2.12,46,6,0.0,0.0,0.0,2.883517,9.951933,4.14686,-0.67027373,0.56922023,-0.47615276,191.850494,"305.269531, 314.487823, 174.796997, 151.13974, 248.464188, 194.234528, ","[["" 128.018"", "" 126.408"", ""  61.765""], ["" 128.403"", "" 125.489"", ""  62.677""], ["" 128.784"", "" 127.162"", ""  61.162""], ["" 127.684"", "" 124.869"", ""  63.020""], ["" 126.509"", "" 126.434"", ""  61.480""], ["" 125.698"", "" 124.800"", ""  61.440""], ["" 126.524"", "" 123.812"", ""  60.213""], ["" 126.781"", "" 122.769"", ""  58.048""], ["" 126.011"", "" 123.571"", ""  58.918""], ["" 127.993"", "" 122.236"", ""  58.501""], ["" 124.717"", "" 124.098"", ""  58.483""], ["" 128.423"", "" 122.490"", ""  59.807""], ["" 123.694"", "" 124.514"", ""  58.136""], ["" 127.690"", "" 123.270"", ""  60.643""], ["" 126.342"", "" 122.450"", ""  56.620""], ["" 129.710"", "" 121.947"", ""  60.353""], ["" 129.789"", "" 120.627"", ""  60.823""], ["" 130.867"", "" 122.742"", ""  60.414""], ["" 130.980"", "" 120.115"", ""  61.331""], ["" 132.061"", "" 122.234"", ""  60.920""], ["" 132.112"", "" 120.921"", ""  61.377""], ["" 129.693"", "" 125.212"", ""  63.168""], ["" 130.564"", "" 126.300"", ""  63.257""], ["" 130.144"", "" 123.934"", ""  63.528""], ["" 131.865"", "" 126.119"", ""  63.721""], ["" 131.446"", "" 123.758"", ""  63.991""], ["" 132.317"", "" 124.854"", ""  64.094""], ["" 133.622"", "" 124.773"", ""  64.542""], ["" 133.967"", "" 125.376"", ""  65.784""]]",[],3bc_Grossjean_2025
48,847,3bd_Grossjean_2025,receptor_tmp,1,1,-7.18,-0.2659259259259259,0.0,0.0,1,187.92,-8.67,-8.47,-0.2,-8.67,0.0,-1.82,1.49,-1.82,47,3,0.0,0.0,0.0,8.482607,9.675162,10.002515,0.03303218,0.73638569,-0.67575512,56.939735,"304.182159, 260.160858, 5.429096, 147.001572, 44.061161, ","[["" 131.060"", "" 124.870"", ""  65.719""], ["" 129.992"", "" 126.089"", ""  66.468""], ["" 128.517"", "" 128.003"", ""  66.398""], ["" 129.341"", "" 127.086"", ""  65.711""], ["" 128.382"", "" 127.893"", ""  67.787""], ["" 129.502"", "" 127.174"", ""  64.257""], ["" 129.064"", "" 126.885"", ""  68.478""], ["" 129.627"", "" 127.243"", ""  63.109""], ["" 129.849"", "" 125.996"", ""  67.815""], ["" 127.759"", "" 129.121"", ""  65.685""], ["" 128.960"", "" 126.708"", ""  69.964""], ["" 129.709"", "" 127.513"", ""  70.836""], ["" 128.118"", "" 125.731"", ""  70.523""], ["" 129.619"", "" 127.353"", ""  72.217""], ["" 128.025"", "" 125.569"", ""  71.903""], ["" 128.775"", "" 126.381"", ""  72.745""], ["" 132.686"", "" 125.637"", ""  65.446""], ["" 133.201"", "" 125.398"", ""  64.026""], ["" 132.326"", "" 125.665"", ""  63.033""], ["" 134.355"", "" 124.999"", ""  63.868""], ["" 131.445"", "" 126.074"", ""  63.309""], ["" 132.493"", "" 125.522"", ""  61.643""], ["" 131.672"", "" 126.318"", ""  60.839""], ["" 133.391"", "" 124.624"", ""  61.044""], ["" 131.760"", "" 126.239"", ""  59.452""], ["" 133.475"", "" 124.546"", ""  59.656""], ["" 132.662"", "" 125.355"", ""  58.866""]]",[],3bd_Grossjean_2025
49,914,3be_Grossjean_2025,receptor_tmp,1,1,-7.42,-0.265,0.0,0.0,1,185.94,-8.91,-8.88,-0.03,-8.91,0.0,-2.11,1.49,-2.11,45,5,0.0,0.0,0.0,8.893886,8.673214,2.336025,0.62301456,0.17995833,0.76122786,197.527008,"57.939526, 346.139709, 230.227234, 221.909424, 266.685394, ","[["" 133.402"", "" 125.028"", ""  59.710""], ["" 132.487"", "" 123.605"", ""  59.024""], ["" 131.239"", "" 123.132"", ""  60.201""], ["" 130.419"", "" 122.221"", ""  62.284""], ["" 131.515"", "" 122.538"", ""  61.453""], ["" 129.121"", "" 122.482"", ""  61.835""], ["" 132.880"", "" 122.224"", ""  61.882""], ["" 128.919"", "" 123.038"", ""  60.567""], ["" 133.957"", "" 121.974"", ""  62.223""], ["" 129.973"", "" 123.357"", ""  59.770""], ["" 130.591"", "" 121.597"", ""  63.668""], ["" 127.553"", "" 123.331"", ""  60.021""], ["" 126.507"", "" 123.719"", ""  60.874""], ["" 127.279"", "" 123.220"", ""  58.648""], ["" 125.237"", "" 123.990"", ""  60.375""], ["" 126.010"", "" 123.491"", ""  58.144""], ["" 124.993"", "" 123.876"", ""  59.011""], ["" 132.858"", "" 125.575"", ""  61.039""], ["" 133.335"", "" 124.958"", ""  62.142""], ["" 132.052"", "" 126.507"", ""  61.052""], ["" 133.965"", "" 124.183"", ""  61.990""], ["" 133.046"", "" 125.222"", ""  63.493""], ["" 133.990"", "" 125.100"", ""  64.473""], ["" 131.732"", "" 125.602"", ""  63.785""], ["" 133.634"", "" 125.362"", ""  65.756""], ["" 131.380"", "" 125.868"", ""  65.111""], ["" 132.340"", "" 125.748"", ""  66.115""], ["" 134.732"", "" 125.206"", ""  66.790""]]",[],3be_Grossjean_2025
50,9050,3bf_Grossjean_2025,receptor_tmp,1,10,-7.54,-0.27925925925925926,0.0,0.0,1,187.65,-9.04,-9.0,-0.04,-9.04,0.0,-1.71,1.49,-1.71,53,6,0.0,0.0,0.0,7.074622,8.66588,3.467222,-0.80063893,-0.58571223,0.12616846,222.479279,"289.529968, 197.662613, 260.627197, 167.699142, 208.551117, ","[["" 131.915"", "" 124.907"", ""  59.188""], ["" 130.770"", "" 123.616"", ""  59.624""], ["" 130.018"", "" 121.671"", ""  60.846""], ["" 131.024"", "" 122.630"", ""  60.603""], ["" 128.820"", "" 121.739"", ""  60.127""], ["" 132.266"", "" 122.607"", ""  61.382""], ["" 128.629"", "" 122.754"", ""  59.183""], ["" 133.247"", "" 122.587"", ""  61.996""], ["" 129.594"", "" 123.683"", ""  58.952""], ["" 130.175"", "" 120.556"", ""  61.877""], ["" 127.361"", "" 122.895"", ""  58.395""], ["" 127.262"", "" 122.370"", ""  57.097""], ["" 126.243"", "" 123.557"", ""  58.929""], ["" 126.089"", "" 122.498"", ""  56.359""], ["" 125.067"", "" 123.686"", ""  58.195""], ["" 124.995"", "" 123.155"", ""  56.911""], ["" 131.285"", "" 126.477"", ""  59.873""], ["" 131.603"", "" 126.716"", ""  61.356""], ["" 132.188"", "" 125.672"", ""  61.982""], ["" 131.305"", "" 127.781"", ""  61.900""], ["" 132.302"", "" 124.827"", ""  61.439""], ["" 132.613"", "" 125.569"", ""  63.319""], ["" 133.943"", "" 125.368"", ""  63.731""], ["" 131.628"", "" 125.644"", ""  64.310""], ["" 134.305"", "" 125.260"", ""  65.036""], ["" 131.985"", "" 125.535"", ""  65.656""], ["" 133.330"", "" 125.347"", ""  65.975""]]",[],3bf_Grossjean_2025
51,8634,3bg_Grossjean_2025,receptor_tmp,1,1,-7.36,-0.26285714285714284,0.0,0.0,2,188.08,-9.15,-9.02,-0.13,-9.15,0.0,-2.03,1.79,-2.03,59,4,0.0,0.0,0.0,5.645015,7.698716,4.562003,0.06654389,-0.37909629,-0.92296149,323.307526,"280.55719, 59.245739, 340.758331, 2.497365, 140.342987, 222.594315, ","[["" 132.050"", "" 126.126"", ""  60.291""], ["" 132.213"", "" 124.694"", ""  59.176""], ["" 130.963"", "" 123.496"", ""  59.616""], ["" 130.138"", "" 121.597"", ""  60.860""], ["" 131.204"", "" 122.467"", ""  60.549""], ["" 128.902"", "" 121.777"", ""  60.232""], ["" 132.508"", "" 122.307"", ""  61.197""], ["" 128.732"", "" 122.811"", ""  59.301""], ["" 133.538"", "" 122.180"", ""  61.709""], ["" 129.757"", "" 123.656"", ""  59.013""], ["" 130.273"", "" 120.463"", ""  61.875""], ["" 127.427"", "" 123.066"", ""  58.598""], ["" 127.184"", "" 122.556"", ""  57.312""], ["" 126.408"", "" 123.822"", ""  59.206""], ["" 125.971"", "" 122.775"", ""  56.666""], ["" 125.193"", "" 124.043"", ""  58.564""], ["" 124.977"", "" 123.515"", ""  57.297""], ["" 131.756"", "" 125.697"", ""  61.731""], ["" 132.746"", "" 125.873"", ""  62.623""], ["" 130.650"", "" 125.239"", ""  62.021""], ["" 133.619"", "" 126.261"", ""  62.295""], ["" 132.625"", "" 125.706"", ""  64.071""], ["" 131.885"", "" 124.424"", ""  64.433""], ["" 132.531"", "" 123.188"", ""  64.324""], ["" 130.568"", "" 124.484"", ""  64.896""], ["" 131.852"", "" 122.016"", ""  64.645""], ["" 129.888"", "" 123.311"", ""  65.218""], ["" 130.532"", "" 122.083"", ""  65.087""]]",[],3bg_Grossjean_2025
52,704,3bk_Grossjean_2025,receptor_tmp,1,2,-5.85,-0.18870967741935482,0.0,0.0,1,185.78,-9.73,-9.26,-0.47,-9.73,0.0,-3.04,3.88,-3.04,44,3,0.0,0.0,0.0,3.832451,7.808877,1.311328,0.00182255,-0.87940859,0.4760643,134.393127,"229.724533, 75.560173, 81.658813, 310.979584, 93.751732, 15.586041, 90.701393, 26.247158, 350.49353, 292.641846, 35.994797, 336.408264, 312.924164, ","[["" 126.652"", "" 122.937"", ""  61.529""], ["" 127.970"", "" 123.163"", ""  62.013""], ["" 128.528"", "" 124.452"", ""  61.393""], ["" 127.990"", "" 125.655"", ""  62.030""], ["" 127.446"", "" 126.702"", ""  61.388""], ["" 127.318"", "" 126.762"", ""  60.164""], ["" 128.002"", "" 125.662"", ""  63.040""], ["" 126.944"", "" 127.854"", ""  62.262""], ["" 128.305"", "" 128.682"", ""  63.144""], ["" 128.776"", "" 127.689"", ""  64.550""], ["" 128.823"", "" 127.184"", ""  66.915""], ["" 128.403"", "" 128.032"", ""  65.868""], ["" 129.583"", "" 126.049"", ""  66.613""], ["" 127.608"", "" 129.229"", ""  66.155""], ["" 129.914"", "" 125.764"", ""  65.283""], ["" 129.513"", "" 126.583"", ""  64.275""], ["" 126.980"", "" 130.175"", ""  66.381""], ["" 128.483"", "" 127.458"", ""  68.379""], ["" 130.742"", "" 124.577"", ""  64.894""], ["" 132.086"", "" 124.730"", ""  64.519""], ["" 130.198"", "" 123.281"", ""  64.895""], ["" 132.858"", "" 123.631"", ""  64.151""], ["" 130.966"", "" 122.179"", ""  64.526""], ["" 132.294"", "" 122.359"", ""  64.154""], ["" 125.635"", "" 123.506"", ""  62.343""], ["" 124.620"", "" 124.236"", ""  61.454""], ["" 124.459"", "" 123.517"", ""  60.238""], ["" 124.245"", "" 124.347"", ""  59.105""], ["" 125.474"", "" 124.281"", ""  58.187""], ["" 125.811"", "" 122.923"", ""  57.938""], ["" 127.188"", "" 122.724"", ""  57.657""]]",[],3bk_Grossjean_2025
53,1195,3ca_Grossjean_2025,receptor_tmp,1,3,-7.97,-0.2490625,0.0,0.0,2,188.0,-10.36,-9.94,-0.42,-10.36,0.0,-0.99,2.39,-0.99,51,5,0.0,0.0,0.0,8.224112,8.586568,10.561147,-0.66902486,-0.72534863,-0.16209598,167.34407,"62.054142, 239.299133, 203.225601, 238.457413, 83.667633, 212.793732, 254.834579, 352.72644, ","[["" 129.362"", "" 126.569"", ""  68.269""], ["" 128.608"", "" 125.766"", ""  69.126""], ["" 128.664"", "" 125.958"", ""  70.504""], ["" 129.471"", "" 126.963"", ""  71.051""], ["" 130.219"", "" 127.776"", ""  70.186""], ["" 130.167"", "" 127.585"", ""  68.808""], ["" 129.231"", "" 126.292"", ""  66.895""], ["" 129.889"", "" 125.394"", ""  66.130""], ["" 130.748"", "" 124.610"", ""  66.532""], ["" 128.500"", "" 126.815"", ""  66.435""], ["" 129.483"", "" 125.370"", ""  64.652""], ["" 130.701"", "" 124.531"", ""  63.587""], ["" 129.860"", "" 123.449"", ""  62.438""], ["" 129.741"", "" 121.304"", ""  61.532""], ["" 128.655"", "" 121.651"", ""  60.733""], ["" 130.342"", "" 122.183"", ""  62.364""], ["" 128.151"", "" 122.957"", ""  60.778""], ["" 128.761"", "" 123.885"", ""  61.660""], ["" 128.245"", "" 125.252"", ""  61.789""], ["" 127.836"", "" 126.330"", ""  61.889""], ["" 130.325"", "" 119.905"", ""  61.518""], ["" 126.993"", "" 123.288"", ""  59.893""], ["" 125.790"", "" 123.740"", ""  60.450""], ["" 127.084"", "" 123.130"", ""  58.505""], ["" 124.702"", "" 124.041"", ""  59.634""], ["" 125.999"", "" 123.431"", ""  57.685""], ["" 124.812"", "" 123.886"", ""  58.254""], ["" 129.509"", "" 127.143"", ""  72.542""], ["" 128.775"", "" 126.523"", ""  73.318""], ["" 130.424"", "" 128.059"", ""  72.949""], ["" 130.194"", "" 129.453"", ""  72.783""], ["" 128.698"", "" 129.743"", ""  72.930""]]",[],3ca_Grossjean_2025
54,752,3cb_Grossjean_2025,receptor_tmp,1,12,-8.15,-0.26290322580645165,0.0,0.0,2,188.85,-10.24,-9.67,-0.57,-10.24,0.0,-0.92,2.09,-0.92,57,6,0.0,0.0,0.0,5.160445,8.337336,9.211653,0.46699349,-0.35638486,0.80926319,179.504089,"182.474014, 199.534164, 81.111061, 67.822205, 260.47934, 1.903307, 239.954865, ","[["" 129.983"", "" 125.635"", ""  66.506""], ["" 129.022"", "" 126.023"", ""  67.373""], ["" 131.149"", "" 125.382"", ""  66.813""], ["" 128.099"", "" 126.150"", ""  66.983""], ["" 129.511"", "" 125.504"", ""  65.050""], ["" 129.503"", "" 123.801"", ""  64.394""], ["" 129.984"", "" 123.874"", ""  62.681""], ["" 131.771"", "" 124.260"", ""  61.239""], ["" 130.972"", "" 124.052"", ""  60.119""], ["" 131.293"", "" 124.177"", ""  62.501""], ["" 129.613"", "" 123.754"", ""  60.280""], ["" 129.092"", "" 123.676"", ""  61.598""], ["" 127.659"", "" 123.460"", ""  61.824""], ["" 126.529"", "" 123.289"", ""  62.002""], ["" 133.246"", "" 124.590"", ""  61.114""], ["" 128.795"", "" 123.546"", ""  59.046""], ["" 128.045"", "" 122.373"", ""  58.888""], ["" 128.747"", "" 124.524"", ""  58.044""], ["" 127.272"", "" 122.175"", ""  57.747""], ["" 127.976"", "" 124.328"", ""  56.901""], ["" 127.243"", "" 123.153"", ""  56.757""], ["" 129.093"", "" 126.248"", ""  68.762""], ["" 129.877"", "" 127.331"", ""  69.161""], ["" 128.454"", "" 125.467"", ""  69.737""], ["" 130.018"", "" 127.642"", ""  70.510""], ["" 128.597"", "" 125.778"", ""  71.087""], ["" 129.380"", "" 126.869"", ""  71.491""], ["" 129.512"", "" 127.173"", ""  72.956""], ["" 128.988"", "" 126.489"", ""  73.841""], ["" 130.267"", "" 128.272"", ""  73.210""], ["" 129.719"", "" 129.577"", ""  73.101""]]",[],3cb_Grossjean_2025
55,827,3ce_Grossjean_2025,receptor_tmp,1,20,-8.77,-0.3132142857142857,0.0,0.0,3,185.54,-10.26,-10.06,-0.2,-10.26,0.0,-1.23,1.49,-1.23,67,8,0.0,0.0,0.0,9.745982,7.914864,2.811939,0.0022779,0.9903729,0.13840641,249.96965,"208.361069, 124.432465, 113.180374, 56.015675, 28.379803, ","[["" 133.665"", "" 124.398"", ""  60.114""], ["" 132.257"", "" 125.176"", ""  59.267""], ["" 130.900"", "" 124.042"", ""  59.446""], ["" 130.124"", "" 122.174"", ""  60.600""], ["" 128.919"", "" 122.189"", ""  59.903""], ["" 131.106"", "" 123.078"", ""  60.376""], ["" 128.697"", "" 123.162"", ""  58.919""], ["" 129.712"", "" 124.123"", ""  58.681""], ["" 129.531"", "" 125.174"", ""  57.674""], ["" 129.387"", "" 126.002"", ""  56.880""], ["" 130.415"", "" 121.132"", ""  61.663""], ["" 127.400"", "" 123.121"", ""  58.181""], ["" 127.296"", "" 122.411"", ""  56.979""], ["" 126.279"", "" 123.808"", ""  58.665""], ["" 126.091"", "" 122.374"", ""  56.282""], ["" 125.073"", "" 123.774"", ""  57.970""], ["" 124.984"", "" 123.054"", ""  56.781""], ["" 133.393"", "" 124.193"", ""  61.604""], ["" 133.207"", "" 125.321"", ""  62.326""], ["" 133.350"", "" 123.049"", ""  62.057""], ["" 133.166"", "" 126.187"", ""  61.810""], ["" 132.942"", "" 125.437"", ""  63.701""], ["" 133.915"", "" 125.243"", ""  64.640""], ["" 131.639"", "" 125.801"", ""  64.058""], ["" 133.593"", "" 125.395"", ""  65.950""], ["" 131.323"", "" 125.950"", ""  65.411""], ["" 132.309"", "" 125.746"", ""  66.376""], ["" 134.721"", "" 125.166"", ""  66.938""]]",[],3ce_Grossjean_2025
56,671,3ch_Grossjean_2025,receptor_tmp,1,20,-7.84,-0.23757575757575758,0.0,0.0,3,190.28,-10.23,-9.23,-1.01,-10.23,0.0,-1.68,2.39,-1.68,43,5,0.0,0.0,0.0,5.493839,10.762899,10.597479,-0.07707309,0.99342349,-0.0846729,273.567169,"168.13504, 334.255432, 59.968102, 261.882568, 51.20932, 71.384476, 181.490051, 302.48764, ","[["" 128.985"", "" 127.620"", ""  68.135""], ["" 129.279"", "" 126.638"", ""  69.015""], ["" 128.653"", "" 128.768"", ""  68.431""], ["" 129.592"", "" 125.764"", ""  68.617""], ["" 129.129"", "" 127.248"", ""  66.660""], ["" 129.503"", "" 125.485"", ""  66.430""], ["" 131.012"", "" 125.420"", ""  65.488""], ["" 133.335"", "" 125.368"", ""  65.628""], ["" 133.463"", "" 125.338"", ""  64.242""], ["" 132.135"", "" 125.409"", ""  66.249""], ["" 132.314"", "" 125.340"", ""  63.438""], ["" 131.047"", "" 125.363"", ""  64.075""], ["" 129.813"", "" 125.272"", ""  63.289""], ["" 128.838"", "" 125.202"", ""  62.669""], ["" 134.549"", "" 125.364"", ""  66.537""], ["" 132.500"", "" 125.317"", ""  61.955""], ["" 131.763"", "" 126.185"", ""  61.141""], ["" 133.393"", "" 124.417"", ""  61.361""], ["" 131.925"", "" 126.164"", ""  59.757""], ["" 133.558"", "" 124.394"", ""  59.978""], ["" 132.823"", "" 125.268"", ""  59.183""], ["" 129.270"", "" 126.660"", ""  70.423""], ["" 129.799"", "" 127.690"", ""  71.214""], ["" 128.669"", "" 125.565"", ""  71.046""], ["" 129.748"", "" 127.620"", ""  72.616""], ["" 128.603"", "" 125.473"", ""  72.445""], ["" 129.144"", "" 126.508"", ""  73.218""], ["" 130.257"", "" 128.592"", ""  73.458""], ["" 129.888"", "" 129.953"", ""  73.263""], ["" 128.029"", "" 124.412"", ""  73.124""], ["" 128.679"", "" 123.145"", ""  73.123""], ["" 129.102"", "" 126.422"", ""  74.589""], ["" 130.245"", "" 125.805"", ""  75.166""]]",[],3ch_Grossjean_2025
57,1055,3ci_Grossjean_2025,receptor_tmp,1,11,-7.95,-0.3057692307692308,0.0,0.0,4,190.06,-9.44,-9.05,-0.39,-9.44,0.0,-1.18,1.49,-1.18,55,9,0.0,0.0,0.0,5.909856,7.714901,3.031492,-0.81284987,-0.49393178,-0.30871747,249.998932,"149.270782, 272.895996, 155.541763, 322.028717, 127.832153, ","[["" 132.087"", "" 125.036"", ""  59.331""], ["" 130.744"", "" 123.864"", ""  59.471""], ["" 129.949"", "" 121.944"", ""  60.528""], ["" 128.755"", "" 121.986"", ""  59.815""], ["" 130.930"", "" 122.858"", ""  60.362""], ["" 128.538"", "" 123.015"", ""  58.888""], ["" 129.562"", "" 123.979"", ""  58.700""], ["" 129.409"", "" 125.054"", ""  57.713""], ["" 129.288"", "" 125.902"", ""  56.934""], ["" 130.226"", "" 120.862"", ""  61.555""], ["" 127.236"", "" 123.030"", ""  58.156""], ["" 127.094"", "" 122.364"", ""  56.932""], ["" 126.144"", "" 123.733"", ""  58.679""], ["" 125.880"", "" 122.387"", ""  56.251""], ["" 124.929"", "" 123.760"", ""  58.000""], ["" 124.802"", "" 123.085"", ""  56.788""], ["" 131.752"", "" 126.476"", ""  60.397""], ["" 131.693"", "" 126.127"", ""  61.889""], ["" 132.887"", "" 125.978"", ""  62.505""], ["" 130.595"", "" 126.018"", ""  62.439""], ["" 133.715"", "" 126.101"", ""  61.942""], ["" 133.112"", "" 125.638"", ""  63.831""], ["" 134.192"", "" 125.041"", ""  64.308""], ["" 132.196"", "" 125.899"", ""  64.849""], ["" 133.997"", "" 124.895"", ""  65.682""], ["" 132.788"", "" 125.418"", ""  65.996""]]",[],3ci_Grossjean_2025
58,576,3cj_Grossjean_2025,receptor_tmp,1,16,-7.49,-0.28807692307692306,0.0,0.0,9,189.62,-8.98,-8.77,-0.21,-8.98,0.0,-1.18,1.49,-1.18,54,8,0.0,0.0,0.0,5.338082,7.890311,2.780203,0.85623668,0.48617227,0.17462898,129.181137,"143.208267, 325.095398, 151.221024, 8.016492, 120.394806, ","[["" 132.323"", "" 124.727"", ""  59.389""], ["" 130.915"", "" 123.655"", ""  59.581""], ["" 130.030"", "" 121.861"", ""  60.771""], ["" 128.794"", "" 121.996"", ""  60.141""], ["" 131.074"", "" 122.680"", ""  60.511""], ["" 128.605"", "" 123.016"", ""  59.199""], ["" 129.699"", "" 123.861"", ""  58.891""], ["" 129.572"", "" 124.928"", ""  57.893""], ["" 129.470"", "" 125.770"", ""  57.105""], ["" 130.275"", "" 120.789"", ""  61.815""], ["" 127.247"", "" 123.163"", ""  58.598""], ["" 126.964"", "" 122.622"", ""  57.339""], ["" 126.249"", "" 123.871"", ""  59.279""], ["" 125.700"", "" 122.772"", ""  56.773""], ["" 124.984"", "" 124.023"", ""  58.715""], ["" 124.715"", "" 123.471"", ""  57.466""], ["" 131.908"", "" 126.220"", ""  60.347""], ["" 131.731"", "" 125.911"", ""  61.837""], ["" 132.832"", "" 126.086"", ""  62.599""], ["" 130.643"", "" 125.499"", ""  62.247""], ["" 133.668"", "" 126.413"", ""  62.137""], ["" 132.974"", "" 125.753"", ""  63.936""], ["" 134.021"", "" 125.225"", ""  64.531""], ["" 131.631"", "" 126.095"", ""  64.981""], ["" 133.816"", "" 125.070"", ""  65.823""], ["" 132.575"", "" 125.477"", ""  66.304""]]",[],3cj_Grossjean_2025
59,9225,3ck_Grossjean_2025,receptor_tmp,1,2,-6.3,-0.2032258064516129,0.0,0.0,1,184.92,-10.18,-9.76,-0.42,-10.18,0.0,-2.41,3.88,-2.41,44,4,0.0,0.0,0.0,4.670126,7.976139,-1.09977,-0.41990747,-0.60686986,0.67482344,136.852921,"178.717712, 62.512424, 300.347168, 260.67984, 54.44746, 291.107178, 117.761635, 125.335899, 155.320404, 4.514966, 182.75647, 70.443764, 27.484932, ","[["" 127.548"", "" 127.416"", ""  58.791""], ["" 126.986"", "" 126.996"", ""  60.025""], ["" 127.766"", "" 127.634"", ""  61.190""], ["" 128.121"", "" 126.687"", ""  62.251""], ["" 129.314"", "" 126.611"", ""  62.868""], ["" 130.254"", "" 127.368"", ""  62.617""], ["" 127.398"", "" 126.039"", ""  62.527""], ["" 129.441"", "" 125.507"", ""  63.930""], ["" 129.391"", "" 123.797"", ""  63.292""], ["" 129.418"", "" 123.837"", ""  61.506""], ["" 125.946"", "" 123.117"", ""  61.875""], ["" 126.963"", "" 123.346"", ""  61.372""], ["" 128.252"", "" 123.635"", ""  60.732""], ["" 128.362"", "" 123.701"", ""  59.319""], ["" 129.624"", "" 123.940"", ""  58.761""], ["" 130.630"", "" 124.074"", ""  60.944""], ["" 130.723"", "" 124.122"", ""  59.596""], ["" 132.108"", "" 124.393"", ""  59.041""], ["" 127.208"", "" 123.535"", ""  58.386""], ["" 126.096"", "" 124.380"", ""  58.485""], ["" 127.211"", "" 122.521"", ""  57.419""], ["" 125.012"", "" 124.224"", ""  57.623""], ["" 126.129"", "" 122.363"", ""  56.558""], ["" 125.034"", "" 123.217"", ""  56.663""], ["" 127.336"", "" 128.784"", ""  58.474""], ["" 127.297"", "" 128.926"", ""  56.948""], ["" 126.125"", "" 129.642"", ""  56.578""], ["" 125.408"", "" 130.183"", ""  57.680""], ["" 124.120"", "" 130.843"", ""  57.172""], ["" 123.848"", "" 132.008"", ""  57.938""], ["" 123.794"", "" 131.766"", ""  59.335""]]",[],3ck_Grossjean_2025
60,8930,4aa_Grossjean_2025,receptor_tmp,1,14,-6.92,-0.2386206896551724,0.0,0.0,11,190.09,-8.71,-8.4,-0.3,-8.71,0.0,-0.33,1.79,-0.33,46,7,0.0,0.0,0.0,7.946787,9.920096,10.86734,0.17787102,0.58858643,-0.78862407,95.865143,"297.542542, 199.629288, 155.129868, 43.769089, 28.908228, 126.131569, ","[["" 130.706"", "" 127.319"", ""  68.756""], ["" 129.394"", "" 127.403"", ""  69.225""], ["" 129.095"", "" 128.164"", ""  70.352""], ["" 130.106"", "" 128.850"", ""  71.038""], ["" 131.425"", "" 128.756"", ""  70.568""], ["" 131.725"", "" 127.998"", ""  69.438""], ["" 130.897"", "" 126.516"", ""  67.615""], ["" 129.398"", "" 124.812"", ""  67.895""], ["" 130.267"", "" 125.379"", ""  67.232""], ["" 131.629"", "" 126.841"", ""  67.000""], ["" 130.708"", "" 124.821"", ""  65.952""], ["" 131.857"", "" 125.137"", ""  65.211""], ["" 129.776"", "" 123.541"", ""  65.170""], ["" 132.003"", "" 124.368"", ""  64.003""], ["" 130.924"", "" 123.446"", ""  63.854""], ["" 132.990"", "" 124.367"", ""  62.982""], ["" 130.769"", "" 122.589"", ""  62.843""], ["" 132.832"", "" 123.468"", ""  61.921""], ["" 131.732"", "" 122.614"", ""  61.890""], ["" 134.207"", "" 125.280"", ""  62.971""], ["" 131.540"", "" 121.627"", ""  60.752""], ["" 132.770"", "" 126.091"", ""  65.585""], ["" 133.732"", "" 125.858"", ""  65.786""], ["" 132.508"", "" 127.063"", ""  65.674""], ["" 129.750"", "" 129.658"", ""  72.252""], ["" 130.294"", "" 129.506"", ""  73.351""], ["" 128.775"", "" 130.574"", ""  72.020""], ["" 128.716"", "" 131.787"", ""  72.760""], ["" 127.269"", "" 132.053"", ""  73.187""]]",[],4aa_Grossjean_2025
61,589,4ab_Grossjean_2025,receptor_tmp,1,18,-6.68,-0.23857142857142857,0.0,0.0,6,189.97,-8.17,-7.89,-0.28,-8.17,0.0,-0.25,1.49,-0.25,40,7,0.0,0.0,0.0,7.858768,9.753487,10.599717,-0.12515156,-0.62307879,0.77208155,265.264008,"117.561096, 203.182327, 156.593704, 351.154785, 114.436653, ","[["" 130.673"", "" 127.317"", ""  68.777""], ["" 129.394"", "" 127.300"", ""  69.334""], ["" 129.108"", "" 128.056"", ""  70.468""], ["" 130.102"", "" 128.839"", ""  71.071""], ["" 131.388"", "" 128.848"", ""  70.511""], ["" 131.675"", "" 128.094"", ""  69.376""], ["" 130.852"", "" 126.510"", ""  67.637""], ["" 129.462"", "" 124.732"", ""  68.007""], ["" 130.268"", "" 125.335"", ""  67.298""], ["" 131.533"", "" 126.866"", ""  66.984""], ["" 130.678"", "" 124.785"", ""  66.005""], ["" 131.811"", "" 125.100"", ""  65.239""], ["" 129.725"", "" 123.513"", ""  65.235""], ["" 131.926"", "" 124.341"", ""  64.023""], ["" 130.841"", "" 123.422"", ""  63.893""], ["" 132.889"", "" 124.344"", ""  62.978""], ["" 130.662"", "" 122.572"", ""  62.881""], ["" 132.704"", "" 123.453"", ""  61.915""], ["" 131.602"", "" 122.600"", ""  61.905""], ["" 134.109"", "" 125.254"", ""  62.944""], ["" 131.382"", "" 121.621"", ""  60.767""], ["" 132.736"", "" 126.048"", ""  65.600""], ["" 132.490"", "" 127.021"", ""  65.703""], ["" 133.702"", "" 125.800"", ""  65.770""], ["" 129.760"", "" 129.641"", ""  72.294""], ["" 130.234"", "" 129.410"", ""  73.411""], ["" 128.885"", "" 130.649"", ""  72.046""], ["" 128.312"", "" 131.397"", ""  73.109""]]",[],4ab_Grossjean_2025
62,1156,4ac_Grossjean_2025,receptor_tmp,4,19,-6.3,-0.2423076923076923,0.0,0.0,14,190.37,-7.5,-6.94,-0.56,-7.5,0.0,-0.3,1.19,-0.3,32,6,0.0,0.0,0.0,6.798871,10.399489,10.75439,0.76846936,-0.22052072,-0.60068749,210.532608,"44.236473, 258.69278, 279.532593, 0.578107, ","[["" 129.111"", "" 125.658"", ""  68.150""], ["" 129.913"", "" 126.483"", ""  67.708""], ["" 130.523"", "" 127.427"", ""  68.464""], ["" 131.210"", "" 127.999"", ""  67.994""], ["" 130.273"", "" 126.487"", ""  66.287""], ["" 131.430"", "" 125.976"", ""  65.678""], ["" 129.184"", "" 127.195"", ""  65.093""], ["" 131.460"", "" 126.143"", ""  64.250""], ["" 130.282"", "" 126.803"", ""  63.790""], ["" 132.417"", "" 125.779"", ""  63.264""], ["" 130.009"", "" 127.107"", ""  62.520""], ["" 132.133"", "" 126.097"", ""  61.931""], ["" 130.943"", "" 126.748"", ""  61.608""], ["" 133.727"", "" 125.069"", ""  63.566""], ["" 130.613"", "" 127.103"", ""  60.170""], ["" 132.450"", "" 125.369"", ""  66.366""], ["" 133.419"", "" 125.573"", ""  66.172""], ["" 132.262"", "" 124.695"", ""  67.095""], ["" 130.372"", "" 127.704"", ""  69.836""], ["" 131.394"", "" 128.443"", ""  70.431""], ["" 129.262"", "" 127.316"", ""  70.601""], ["" 131.324"", "" 128.775"", ""  71.782""], ["" 129.195"", "" 127.651"", ""  71.951""], ["" 130.230"", "" 128.383"", ""  72.553""], ["" 130.247"", "" 128.757"", ""  73.882""], ["" 129.495"", "" 129.894"", ""  74.295""]]",[],4ac_Grossjean_2025
63,1793,4ad_Grossjean_2025,receptor_tmp,1,8,-6.58,-0.27416666666666667,0.0,0.0,10,185.72,-7.47,-7.31,-0.16,-7.47,0.0,-0.31,0.89,-0.31,41,4,0.0,0.0,0.0,6.775105,6.887917,5.78082,0.59563136,-0.46392374,0.65574236,73.856506,"332.122009, 226.753754, 260.533752, ","[["" 130.176"", "" 123.382"", ""  62.148""], ["" 129.732"", "" 124.234"", ""  63.173""], ["" 130.774"", "" 124.670"", ""  64.063""], ["" 130.766"", "" 125.513"", ""  65.207""], ["" 129.519"", "" 126.180"", ""  65.767""], ["" 131.984"", "" 125.739"", ""  65.860""], ["" 133.151"", "" 125.145"", ""  65.383""], ["" 134.482"", "" 125.373"", ""  66.075""], ["" 133.196"", "" 124.337"", ""  64.297""], ["" 132.035"", "" 124.123"", ""  63.677""], ["" 131.914"", "" 123.103"", ""  62.262""], ["" 129.391"", "" 122.746"", ""  61.089""], ["" 129.552"", "" 121.554"", ""  60.819""], ["" 128.498"", "" 123.551"", ""  60.463""], ["" 128.421"", "" 124.492"", ""  60.821""], ["" 127.633"", "" 123.265"", ""  59.389""], ["" 126.325"", "" 123.742"", ""  59.514""], ["" 128.012"", "" 122.577"", ""  58.225""], ["" 125.397"", "" 123.520"", ""  58.501""], ["" 127.082"", "" 122.357"", ""  57.213""], ["" 125.779"", "" 122.826"", ""  57.356""], ["" 128.426"", "" 124.627"", ""  63.327""], ["" 127.740"", "" 124.038"", ""  63.774""], ["" 128.108"", "" 125.530"", ""  63.000""]]",[],4ad_Grossjean_2025
64,618,4ae_Grossjean_2025,receptor_tmp,1,13,-6.8,-0.272,0.0,0.0,7,185.79,-7.7,-7.55,-0.15,-7.7,0.0,-0.21,0.89,-0.21,44,5,0.0,0.0,0.0,6.829533,6.931541,5.707748,-0.60654749,0.48151144,-0.63265068,283.475769,"154.880981, 224.547043, 102.635193, ","[["" 130.383"", "" 123.531"", ""  62.258""], ["" 129.910"", "" 124.329"", ""  63.312""], ["" 130.930"", "" 124.730"", ""  64.243""], ["" 130.891"", "" 125.515"", ""  65.428""], ["" 129.627"", "" 126.146"", ""  65.992""], ["" 132.092"", "" 125.716"", ""  66.119""], ["" 133.274"", "" 125.153"", ""  65.639""], ["" 134.588"", "" 125.351"", ""  66.373""], ["" 133.349"", "" 124.402"", ""  64.514""], ["" 132.203"", "" 124.212"", ""  63.859""], ["" 132.122"", "" 123.262"", ""  62.394""], ["" 129.625"", "" 122.928"", ""  61.160""], ["" 129.854"", "" 121.773"", ""  60.795""], ["" 128.679"", "" 123.723"", ""  60.601""], ["" 128.542"", "" 124.627"", ""  61.028""], ["" 127.802"", "" 123.434"", ""  59.541""], ["" 126.494"", "" 123.827"", ""  59.559""], ["" 128.331"", "" 122.690"", ""  58.481""], ["" 125.701"", "" 123.492"", ""  58.509""], ["" 127.503"", "" 122.356"", ""  57.407""], ["" 126.167"", "" 122.759"", ""  57.415""], ["" 124.262"", "" 123.960"", ""  58.596""], ["" 128.597"", "" 124.700"", ""  63.458""], ["" 128.185"", "" 125.437"", ""  62.901""], ["" 127.995"", "" 124.246"", ""  64.130""]]",[],4ae_Grossjean_2025
65,9401,4af_Grossjean_2025,receptor_tmp,1,16,-6.95,-0.28958333333333336,0.0,0.0,9,185.25,-7.84,-7.6,-0.25,-7.84,0.0,-0.3,0.89,-0.3,33,4,0.0,0.0,0.0,5.870903,6.626567,5.25068,0.22280702,-0.84020301,-0.49438441,220.322601,"256.541534, 129.332809, 53.761074, ","[["" 129.197"", "" 123.089"", ""  61.547""], ["" 127.894"", "" 123.611"", ""  61.549""], ["" 127.188"", "" 123.424"", ""  60.310""], ["" 125.880"", "" 123.788"", ""  59.888""], ["" 124.876"", "" 124.522"", ""  60.761""], ["" 125.497"", "" 123.450"", ""  58.584""], ["" 126.386"", "" 122.777"", ""  57.749""], ["" 125.995"", "" 122.402"", ""  56.331""], ["" 127.639"", "" 122.414"", ""  58.117""], ["" 128.001"", "" 122.738"", ""  59.359""], ["" 129.584"", "" 122.348"", ""  59.992""], ["" 130.196"", "" 123.130"", ""  62.617""], ["" 130.730"", "" 122.094"", ""  63.016""], ["" 130.480"", "" 124.364"", ""  63.098""], ["" 130.014"", "" 125.137"", ""  62.645""], ["" 131.345"", "" 124.741"", ""  64.143""], ["" 132.713"", "" 124.508"", ""  63.949""], ["" 130.952"", "" 125.354"", ""  65.347""], ["" 133.662"", "" 124.832"", ""  64.863""], ["" 131.917"", "" 125.693"", ""  66.297""], ["" 133.256"", "" 125.415"", ""  66.019""], ["" 127.327"", "" 124.245"", ""  62.626""], ["" 126.440"", "" 123.952"", ""  63.012""], ["" 127.783"", "" 125.028"", ""  63.073""]]",[],4af_Grossjean_2025
66,1209,4ag_Grossjean_2025,receptor_tmp,1,4,-7.02,-0.2808,0.0,0.0,12,185.86,-8.21,-8.02,-0.19,-8.21,0.0,-0.34,1.19,-0.34,37,4,0.0,0.0,0.0,6.956655,7.273868,5.823141,-0.61350638,0.40777622,-0.67626066,288.914764,"69.072563, 59.171497, 220.243774, 85.79364, ","[["" 130.457"", "" 123.289"", ""  62.627""], ["" 130.020"", "" 124.251"", ""  63.549""], ["" 131.044"", "" 124.701"", ""  64.452""], ["" 131.035"", "" 125.640"", ""  65.518""], ["" 129.808"", "" 126.429"", ""  65.950""], ["" 132.232"", "" 125.851"", ""  66.212""], ["" 133.381"", "" 125.150"", ""  65.850""], ["" 134.690"", "" 125.363"", ""  66.588""], ["" 133.427"", "" 124.250"", ""  64.839""], ["" 132.285"", "" 124.050"", ""  64.180""], ["" 132.168"", "" 122.922"", ""  62.848""], ["" 129.691"", "" 122.629"", ""  61.569""], ["" 129.820"", "" 121.425"", ""  61.339""], ["" 128.858"", "" 123.418"", ""  60.859""], ["" 128.759"", "" 124.383"", ""  61.140""], ["" 127.981"", "" 122.969"", ""  59.779""], ["" 126.535"", "" 123.429"", ""  59.923""], ["" 125.780"", "" 123.717"", ""  58.782""], ["" 125.949"", "" 123.514"", ""  61.189""], ["" 124.451"", "" 124.114"", ""  58.910""], ["" 124.621"", "" 123.911"", ""  61.317""], ["" 123.878"", "" 124.211"", ""  60.177""], ["" 128.734"", "" 124.727"", ""  63.601""], ["" 128.458"", "" 125.571"", ""  63.120""], ["" 128.016"", "" 124.244"", ""  64.124""]]",[],4ag_Grossjean_2025
67,1097,4ah_Grossjean_2025,receptor_tmp,1,1,-6.84,-0.22064516129032258,0.0,0.0,8,190.07,-8.93,-8.17,-0.75,-8.93,0.0,-0.92,2.09,-0.92,62,9,0.0,0.0,0.0,4.872352,8.363486,10.575474,-0.04406656,0.38596299,-0.92146118,166.734741,"88.731712, 246.852081, 48.258621, 107.250984, 340.105896, 351.565857, 132.030441, ","[["" 129.175"", "" 124.408"", ""  68.628""], ["" 129.390"", "" 125.081"", ""  67.618""], ["" 128.995"", "" 126.366"", ""  67.502""], ["" 129.133"", "" 126.829"", ""  66.616""], ["" 130.134"", "" 124.535"", ""  66.484""], ["" 131.344"", "" 124.984"", ""  65.937""], ["" 129.558"", "" 123.083"", ""  65.663""], ["" 131.815"", "" 124.190"", ""  64.834""], ["" 130.928"", "" 123.102"", ""  64.575""], ["" 132.960"", "" 124.294"", ""  63.998""], ["" 131.087"", "" 122.181"", ""  63.623""], ["" 133.127"", "" 123.330"", ""  62.997""], ["" 132.189"", "" 122.311"", ""  62.847""], ["" 134.011"", "" 125.386"", ""  64.123""], ["" 132.352"", "" 121.251"", ""  61.773""], ["" 132.025"", "" 126.085"", ""  66.392""], ["" 131.870"", "" 127.005"", ""  66.008""], ["" 132.713"", "" 126.007"", ""  67.129""], ["" 128.237"", "" 127.114"", ""  68.506""], ["" 128.894"", "" 127.126"", ""  69.882""], ["" 128.521"", "" 126.187"", ""  70.843""], ["" 129.819"", "" 128.118"", ""  70.211""], ["" 129.085"", "" 126.211"", ""  72.129""], ["" 130.403"", "" 128.164"", ""  71.487""], ["" 130.032"", "" 127.199"", ""  72.434""], ["" 128.763"", "" 125.311"", ""  73.130""], ["" 128.748"", "" 123.918"", ""  72.839""], ["" 131.336"", "" 129.108"", ""  71.876""], ["" 130.944"", "" 130.151"", ""  72.762""], ["" 130.582"", "" 127.242"", ""  73.693""], ["" 131.477"", "" 126.174"", ""  73.970""]]",[],4ah_Grossjean_2025
68,648,4ai_Grossjean_2025,receptor_tmp,2,3,-6.87,-0.29869565217391303,0.0,0.0,9,185.71,-7.77,-7.42,-0.35,-7.77,0.0,-0.26,0.89,-0.26,31,6,0.0,0.0,0.0,6.058883,6.772161,5.400895,0.26966066,-0.81718769,-0.50939906,221.842667,"105.63472, 92.036476, 170.729431, ","[["" 129.640"", "" 123.206"", ""  61.796""], ["" 128.309"", "" 123.646"", ""  61.727""], ["" 127.687"", "" 123.426"", ""  60.449""], ["" 126.381"", "" 123.701"", ""  59.960""], ["" 125.278"", "" 124.346"", ""  60.785""], ["" 126.093"", "" 123.352"", ""  58.635""], ["" 127.073"", "" 122.756"", ""  57.843""], ["" 126.782"", "" 122.363"", ""  56.406""], ["" 128.328"", "" 122.481"", ""  58.274""], ["" 128.598"", "" 122.814"", ""  59.537""], ["" 130.167"", "" 122.525"", ""  60.255""], ["" 130.567"", "" 123.282"", ""  62.928""], ["" 130.617"", "" 122.376"", ""  63.762""], ["" 131.349"", "" 124.390"", ""  62.965""], ["" 131.232"", "" 125.060"", ""  62.220""], ["" 132.314"", "" 124.711"", ""  63.911""], ["" 133.624"", "" 124.624"", ""  63.746""], ["" 132.003"", "" 125.179"", ""  65.187""], ["" 134.209"", "" 125.047"", ""  64.941""], ["" 133.218"", "" 125.379"", ""  65.802""], ["" 127.643"", "" 124.229"", ""  62.775""], ["" 128.031"", "" 124.253"", ""  63.706""], ["" 126.733"", "" 124.652"", ""  62.648""]]",[],4ai_Grossjean_2025
69,8835,4aj_Grossjean_2025,receptor_tmp,1,10,-6.14,-0.2669565217391304,0.0,0.0,1,185.77,-7.04,-6.92,-0.12,-7.04,0.0,-0.15,0.89,-0.15,36,4,0.0,0.0,0.0,6.161484,6.729263,5.567957,0.26228633,-0.81808543,-0.51180281,222.037979,"66.826988, 115.734818, 17.47242, ","[["" 129.729"", "" 123.162"", ""  61.961""], ["" 128.399"", "" 123.607"", ""  61.910""], ["" 127.761"", "" 123.395"", ""  60.638""], ["" 126.453"", "" 123.679"", ""  60.163""], ["" 125.363"", "" 124.329"", ""  61.001""], ["" 126.150"", "" 123.338"", ""  58.840""], ["" 127.117"", "" 122.742"", ""  58.034""], ["" 126.813"", "" 122.369"", ""  56.595""], ["" 128.374"", "" 122.454"", ""  58.453""], ["" 128.659"", "" 122.779"", ""  59.714""], ["" 130.233"", "" 122.478"", ""  60.415""], ["" 130.669"", "" 123.229"", ""  63.083""], ["" 131.057"", "" 122.201"", ""  63.641""], ["" 131.071"", "" 124.476"", ""  63.431""], ["" 130.695"", "" 125.249"", ""  62.901""], ["" 131.959"", "" 124.813"", ""  64.443""], ["" 133.242"", "" 124.530"", ""  64.518""], ["" 131.330"", "" 125.722"", ""  65.779""], ["" 133.781"", "" 125.013"", ""  65.622""], ["" 132.924"", "" 125.706"", ""  66.473""], ["" 127.747"", "" 124.188"", ""  62.967""], ["" 126.740"", "" 124.258"", ""  63.000""], ["" 128.256"", "" 124.569"", ""  63.753""]]",[],4aj_Grossjean_2025
70,8935,4ak_Grossjean_2025,receptor_tmp,1,5,-5.45,-0.19464285714285715,0.0,0.0,1,189.72,-8.74,-8.23,-0.5,-8.74,0.0,-1.39,3.28,-1.39,45,6,0.0,0.0,0.0,6.507864,9.177185,11.100873,-0.93875607,0.28793271,0.18929291,94.89682,"196.826797, 213.588318, 51.369251, 270.68869, 59.280354, 214.189819, 39.000175, 20.321087, 154.109344, 68.966248, 154.217896, ","[["" 131.080"", "" 128.168"", ""  69.329""], ["" 129.722"", "" 128.547"", ""  69.508""], ["" 128.807"", "" 127.426"", ""  68.983""], ["" 129.402"", "" 126.644"", ""  67.900""], ["" 129.056"", "" 124.585"", ""  68.772""], ["" 129.496"", "" 125.299"", ""  67.869""], ["" 129.777"", "" 127.170"", ""  67.123""], ["" 130.147"", "" 124.726"", ""  66.692""], ["" 131.229"", "" 125.237"", ""  65.958""], ["" 129.564"", "" 123.212"", ""  66.002""], ["" 131.615"", "" 124.417"", ""  64.842""], ["" 130.780"", "" 123.264"", ""  64.745""], ["" 132.638"", "" 124.550"", ""  63.864""], ["" 130.879"", "" 122.309"", ""  63.819""], ["" 132.745"", "" 123.549"", ""  62.892""], ["" 131.866"", "" 122.468"", ""  62.904""], ["" 133.622"", "" 125.708"", ""  63.812""], ["" 131.962"", "" 121.372"", ""  61.858""], ["" 131.873"", "" 126.409"", ""  66.266""], ["" 131.775"", "" 126.851"", ""  67.169""], ["" 132.473"", "" 126.869"", ""  65.596""], ["" 131.821"", "" 128.092"", ""  70.539""], ["" 131.176"", "" 129.008"", ""  71.587""], ["" 130.972"", "" 128.277"", ""  72.789""], ["" 130.867"", "" 126.873"", ""  72.596""], ["" 130.148"", "" 126.247"", ""  73.798""], ["" 128.784"", "" 126.019"", ""  73.468""], ["" 128.585"", "" 125.648"", ""  72.113""]]",[],4ak_Grossjean_2025
71,853,4al_Grossjean_2025,receptor_tmp,1,11,-4.86,-0.27,0.0,0.0,19,183.89,-5.75,-5.68,-0.07,-5.75,0.0,-0.57,0.89,-0.57,35,2,0.0,0.0,0.0,4.491485,6.552435,4.752948,-0.21582054,0.83870687,0.49999227,130.912186,"359.552368, 166.785812, 178.329834, ","[["" 129.087"", "" 122.584"", ""  61.849""], ["" 127.841"", "" 123.212"", ""  61.730""], ["" 127.275"", "" 123.142"", ""  60.411""], ["" 126.059"", "" 123.633"", ""  59.863""], ["" 125.019"", "" 124.409"", ""  60.656""], ["" 125.807"", "" 123.386"", ""  58.510""], ["" 126.733"", "" 122.679"", ""  57.746""], ["" 126.483"", "" 122.398"", ""  56.276""], ["" 127.902"", "" 122.196"", ""  58.235""], ["" 128.140"", "" 122.433"", ""  59.526""], ["" 129.599"", "" 121.880"", ""  60.314""], ["" 129.951"", "" 122.461"", ""  63.044""], ["" 130.912"", "" 121.691"", ""  63.102""], ["" 129.572"", "" 123.281"", ""  64.057""], ["" 130.279"", "" 123.294"", ""  65.288""], ["" 127.210"", "" 123.840"", ""  62.772""], ["" 127.605"", "" 123.863"", ""  63.701""], ["" 126.321"", "" 124.306"", ""  62.645""]]",[],4al_Grossjean_2025
72,920,4ba_Grossjean_2025,receptor_tmp,1,4,-6.93,-0.2235483870967742,0.0,0.0,5,189.46,-8.72,-8.32,-0.41,-8.72,0.0,-0.31,1.79,-0.31,58,6,0.0,0.0,0.0,8.014845,9.442288,10.191794,0.12323656,0.59405081,-0.79493169,97.164085,"122.527908, 233.277588, 197.426056, 149.427292, 15.361863, 127.652496, ","[["" 130.632"", "" 127.328"", ""  68.805""], ["" 129.355"", "" 127.424"", ""  69.359""], ["" 129.126"", "" 128.235"", ""  70.467""], ["" 130.172"", "" 128.964"", ""  71.046""], ["" 131.456"", "" 128.861"", ""  70.491""], ["" 131.687"", "" 128.050"", ""  69.383""], ["" 130.754"", "" 126.473"", ""  67.693""], ["" 129.447"", "" 124.680"", ""  68.248""], ["" 130.181"", "" 125.268"", ""  67.452""], ["" 131.377"", "" 126.815"", ""  66.977""], ["" 130.511"", "" 124.666"", ""  66.158""], ["" 131.503"", "" 125.050"", ""  65.241""], ["" 129.653"", "" 123.230"", ""  65.604""], ["" 131.582"", "" 124.210"", ""  64.071""], ["" 130.617"", "" 123.160"", ""  64.148""], ["" 132.413"", "" 124.236"", ""  62.911""], ["" 130.431"", "" 122.204"", ""  63.238""], ["" 132.213"", "" 123.226"", ""  61.956""], ["" 131.237"", "" 122.252"", ""  62.153""], ["" 131.015"", "" 121.149"", ""  61.134""], ["" 132.327"", "" 126.130"", ""  65.433""], ["" 131.964"", "" 127.061"", ""  65.576""], ["" 133.333"", "" 126.030"", ""  65.431""], ["" 133.497"", "" 125.286"", ""  62.649""], ["" 134.373"", "" 125.394"", ""  63.649""], ["" 134.182"", "" 124.966"", ""  61.550""], ["" 132.933"", "" 126.483"", ""  62.482""], ["" 129.894"", "" 129.829"", ""  72.240""], ["" 130.550"", "" 129.760"", ""  73.282""], ["" 128.730"", "" 130.837"", ""  72.142""], ["" 128.719"", "" 131.931"", ""  73.225""]]",[],4ba_Grossjean_2025
73,8619,4bb_Grossjean_2025,receptor_tmp,1,11,-6.78,-0.226,0.0,0.0,5,189.35,-8.28,-7.87,-0.41,-8.28,0.0,-0.25,1.49,-0.25,54,5,0.0,0.0,0.0,6.987006,8.577846,10.346736,0.77094236,-0.28794216,-0.56809963,183.113281,"122.145973, 352.871246, 198.122025, 131.32933, 150.170563, ","[["" 129.410"", "" 124.700"", ""  68.229""], ["" 130.151"", "" 125.286"", ""  67.440""], ["" 130.727"", "" 126.488"", ""  67.684""], ["" 131.353"", "" 126.831"", ""  66.971""], ["" 130.493"", "" 124.681"", ""  66.150""], ["" 131.497"", "" 125.059"", ""  65.243""], ["" 129.631"", "" 123.251"", ""  65.584""], ["" 131.584"", "" 124.220"", ""  64.074""], ["" 130.607"", "" 123.178"", ""  64.135""], ["" 132.429"", "" 124.240"", ""  62.924""], ["" 130.419"", "" 122.232"", ""  63.217""], ["" 132.227"", "" 123.240"", ""  61.960""], ["" 131.236"", "" 122.279"", ""  62.140""], ["" 131.004"", "" 121.192"", ""  61.106""], ["" 132.321"", "" 126.137"", ""  65.443""], ["" 131.957"", "" 127.070"", ""  65.582""], ["" 133.326"", "" 126.035"", ""  65.458""], ["" 133.532"", "" 125.276"", ""  62.682""], ["" 134.285"", "" 124.998"", ""  61.616""], ["" 132.986"", "" 126.477"", ""  62.484""], ["" 134.341"", "" 125.330"", ""  63.740""], ["" 130.613"", "" 127.336"", ""  68.804""], ["" 129.336"", "" 127.437"", ""  69.360""], ["" 131.674"", "" 128.047"", ""  69.384""], ["" 129.113"", "" 128.245"", ""  70.470""], ["" 131.449"", "" 128.854"", ""  70.496""], ["" 130.166"", "" 128.964"", ""  71.051""], ["" 129.897"", "" 129.827"", ""  72.247""], ["" 130.568"", "" 129.789"", ""  73.280""], ["" 128.732"", "" 130.817"", ""  72.180""]]",[],4bb_Grossjean_2025
74,9237,4bc_Grossjean_2025,receptor_tmp,2,18,-6.19,-0.213448275862069,0.0,0.0,18,190.01,-7.68,-7.03,-0.65,-7.68,0.0,-0.33,1.49,-0.33,38,5,0.0,0.0,0.0,6.640466,10.094507,10.262836,-0.76812652,0.2230298,0.60019943,148.798904,"220.310455, 126.918671, 260.079498, 294.050293, 1.05911, ","[["" 129.080"", "" 125.664"", ""  68.139""], ["" 129.890"", "" 126.481"", ""  67.700""], ["" 130.512"", "" 127.415"", ""  68.461""], ["" 131.205"", "" 127.982"", ""  67.995""], ["" 130.249"", "" 126.488"", ""  66.278""], ["" 131.387"", "" 125.946"", ""  65.660""], ["" 129.181"", "" 127.245"", ""  65.098""], ["" 131.423"", "" 126.126"", ""  64.229""], ["" 130.263"", "" 126.834"", ""  63.788""], ["" 132.364"", "" 125.745"", ""  63.226""], ["" 129.987"", "" 127.168"", ""  62.527""], ["" 132.069"", "" 126.100"", ""  61.901""], ["" 130.899"", "" 126.794"", ""  61.601""], ["" 130.569"", "" 127.189"", ""  60.173""], ["" 132.381"", "" 125.301"", ""  66.351""], ["" 132.181"", "" 124.671"", ""  67.113""], ["" 133.355"", "" 125.435"", ""  66.114""], ["" 133.662"", "" 124.979"", ""  63.507""], ["" 134.421"", "" 125.562"", ""  64.437""], ["" 133.375"", "" 123.751"", ""  63.936""], ["" 134.388"", "" 124.898"", ""  62.392""], ["" 130.363"", "" 127.687"", ""  69.833""], ["" 131.388"", "" 128.423"", ""  70.431""], ["" 129.253"", "" 127.300"", ""  70.600""], ["" 131.319"", "" 128.751"", ""  71.782""], ["" 129.187"", "" 127.631"", ""  71.950""], ["" 130.225"", "" 128.359"", ""  72.554""], ["" 130.244"", "" 128.731"", ""  73.884""], ["" 129.271"", "" 129.654"", ""  74.361""]]",[],4bc_Grossjean_2025
75,844,4bd_Grossjean_2025,receptor_tmp,1,4,-6.27,-0.23222222222222222,0.0,0.0,2,184.69,-7.47,-7.44,-0.02,-7.47,0.0,-0.34,1.19,-0.34,45,2,0.0,0.0,0.0,5.564832,6.865321,5.235568,-0.26557978,0.80631433,0.52851167,141.511398,"80.257172, 123.896622, 149.966019, 116.928474, ","[["" 129.433"", "" 123.159"", ""  61.588""], ["" 128.077"", "" 123.527"", ""  61.586""], ["" 127.414"", "" 123.327"", ""  60.320""], ["" 126.079"", "" 123.564"", ""  59.875""], ["" 125.780"", "" 123.242"", ""  58.543""], ["" 126.761"", "" 122.715"", ""  57.707""], ["" 126.453"", "" 122.364"", ""  56.262""], ["" 128.035"", "" 122.480"", ""  58.098""], ["" 128.324"", "" 122.785"", ""  59.362""], ["" 129.929"", "" 122.543"", ""  60.013""], ["" 130.400"", "" 123.243"", ""  62.686""], ["" 131.000"", "" 122.240"", ""  63.074""], ["" 130.579"", "" 124.482"", ""  63.209""], ["" 130.073"", "" 125.231"", ""  62.760""], ["" 131.392"", "" 124.891"", ""  64.283""], ["" 130.722"", "" 125.410"", ""  65.394""], ["" 132.792"", "" 124.777"", ""  64.307""], ["" 131.437"", "" 125.833"", ""  66.511""], ["" 133.504"", "" 125.201"", ""  65.427""], ["" 132.825"", "" 125.729"", ""  66.522""], ["" 127.434"", "" 124.033"", ""  62.685""], ["" 127.705"", "" 123.784"", ""  63.627""], ["" 126.664"", "" 124.682"", ""  62.593""], ["" 124.968"", "" 124.144"", ""  60.757""], ["" 124.656"", "" 123.357"", ""  61.789""], ["" 125.351"", "" 125.320"", ""  61.252""], ["" 123.860"", "" 124.310"", ""  60.034""]]",[],4bd_Grossjean_2025
76,8958,4be_Grossjean_2025,receptor_tmp,1,10,-6.34,-0.22642857142857142,0.0,0.0,7,186.04,-7.53,-7.45,-0.08,-7.53,0.0,-0.23,1.19,-0.23,50,4,0.0,0.0,0.0,6.86961,7.389145,6.289675,0.62311221,-0.48835261,0.61093609,76.249641,"152.240723, 227.568085, 81.695229, 10.026838, ","[["" 130.527"", "" 123.613"", ""  62.418""], ["" 130.083"", "" 124.398"", ""  63.494""], ["" 131.129"", "" 124.798"", ""  64.403""], ["" 131.133"", "" 125.590"", ""  65.590""], ["" 132.366"", "" 125.769"", ""  66.237""], ["" 133.524"", "" 125.191"", ""  65.723""], ["" 134.863"", "" 125.375"", ""  66.413""], ["" 133.554"", "" 124.439"", ""  64.597""], ["" 132.386"", "" 124.266"", ""  63.980""], ["" 132.263"", "" 123.322"", ""  62.514""], ["" 129.741"", "" 123.025"", ""  61.330""], ["" 129.946"", "" 121.867"", ""  60.960""], ["" 128.787"", "" 123.830"", ""  60.799""], ["" 128.689"", "" 124.744"", ""  61.215""], ["" 127.865"", "" 123.550"", ""  59.775""], ["" 126.581"", "" 124.015"", ""  59.808""], ["" 128.329"", "" 122.749"", ""  58.725""], ["" 125.747"", "" 123.694"", ""  58.786""], ["" 127.460"", "" 122.429"", ""  57.680""], ["" 126.148"", "" 122.905"", ""  57.704""], ["" 124.338"", "" 124.246"", ""  58.885""], ["" 128.772"", "" 124.762"", ""  63.667""], ["" 128.424"", "" 125.664"", ""  63.375""], ["" 128.107"", "" 124.137"", ""  64.101""], ["" 129.887"", "" 126.248"", ""  66.192""], ["" 130.174"", "" 127.118"", ""  67.163""], ["" 129.226"", "" 126.913"", ""  65.245""], ["" 129.091"", "" 125.315"", ""  66.712""]]",[],4be_Grossjean_2025
77,1038,4bf_Grossjean_2025,receptor_tmp,1,12,-6.7,-0.24814814814814815,0.0,0.0,4,184.72,-7.89,-7.79,-0.1,-7.89,0.0,-0.33,1.19,-0.33,45,5,0.0,0.0,0.0,5.476746,6.724682,5.233117,0.2422047,-0.81679701,-0.52362155,220.35936,"278.435638, 113.467438, 215.241852, 352.553497, ","[["" 129.339"", "" 123.007"", ""  61.587""], ["" 128.008"", "" 123.456"", ""  61.587""], ["" 127.331"", "" 123.297"", ""  60.324""], ["" 126.010"", "" 123.609"", ""  59.884""], ["" 125.690"", "" 123.310"", ""  58.551""], ["" 126.638"", "" 122.734"", ""  57.711""], ["" 126.307"", "" 122.408"", ""  56.265""], ["" 127.898"", "" 122.425"", ""  58.096""], ["" 128.207"", "" 122.707"", ""  59.361""], ["" 129.796"", "" 122.374"", ""  60.008""], ["" 130.317"", "" 123.046"", ""  62.679""], ["" 130.685"", "" 122.008"", ""  63.228""], ["" 130.773"", "" 124.280"", ""  63.005""], ["" 130.435"", "" 125.043"", ""  62.437""], ["" 131.666"", "" 124.665"", ""  64.023""], ["" 133.030"", "" 124.637"", ""  63.712""], ["" 131.298"", "" 125.098"", ""  65.309""], ["" 134.003"", "" 124.992"", ""  64.590""], ["" 132.287"", "" 125.467"", ""  66.224""], ["" 133.623"", "" 125.399"", ""  65.826""], ["" 127.397"", "" 123.996"", ""  62.691""], ["" 127.898"", "" 124.575"", ""  63.349""], ["" 126.418"", "" 123.832"", ""  62.882""], ["" 124.934"", "" 124.246"", ""  60.771""], ["" 123.836"", "" 124.591"", ""  60.094""], ["" 124.564"", "" 123.387"", ""  61.721""], ["" 125.415"", "" 125.352"", ""  61.340""]]",[],4bf_Grossjean_2025
78,737,4bg_Grossjean_2025,receptor_tmp,1,10,-6.46,-0.2307142857142857,0.0,0.0,11,185.98,-7.95,-7.84,-0.1,-7.95,0.0,-0.35,1.49,-0.35,44,4,0.0,0.0,0.0,6.889523,6.892273,6.869991,-0.59149953,0.51997983,-0.61623801,285.346466,"229.777237, 218.494507, 222.430252, 82.737885, 8.28702, ","[["" 130.629"", "" 123.496"", ""  62.596""], ["" 130.137"", "" 124.328"", ""  63.613""], ["" 131.139"", "" 124.757"", ""  64.558""], ["" 131.091"", "" 125.600"", ""  65.708""], ["" 132.291"", "" 125.794"", ""  66.412""], ["" 133.465"", "" 125.176"", ""  65.988""], ["" 134.767"", "" 125.371"", ""  66.742""], ["" 133.544"", "" 124.375"", ""  64.901""], ["" 132.408"", "" 124.190"", ""  64.227""], ["" 132.351"", "" 123.183"", ""  62.800""], ["" 129.895"", "" 122.861"", ""  61.502""], ["" 130.190"", "" 121.736"", ""  61.097""], ["" 128.860"", "" 123.565"", ""  60.999""], ["" 128.726"", "" 124.512"", ""  61.324""], ["" 127.998"", "" 123.138"", ""  59.897""], ["" 126.531"", "" 123.496"", ""  60.096""], ["" 125.995"", "" 123.568"", ""  61.385""], ["" 125.739"", "" 123.821"", ""  58.991""], ["" 124.664"", "" 123.933"", ""  61.566""], ["" 124.408"", "" 124.188"", ""  59.172""], ["" 123.875"", "" 124.240"", ""  60.459""], ["" 128.822"", "" 124.710"", ""  63.700""], ["" 128.499"", "" 125.598"", ""  63.344""], ["" 128.130"", "" 124.115"", ""  64.134""], ["" 129.825"", "" 126.300"", ""  66.212""], ["" 130.068"", "" 127.178"", ""  67.188""], ["" 129.249"", "" 126.966"", ""  65.211""], ["" 128.970"", "" 125.397"", ""  66.691""]]",[],4bg_Grossjean_2025
79,8890,4bh_Grossjean_2025,receptor_tmp,1,4,-6.07,-0.17852941176470588,0.0,0.0,10,190.12,-8.46,-7.47,-0.99,-8.46,0.0,-0.91,2.39,-0.91,52,9,0.0,0.0,0.0,6.966403,10.595774,11.460924,-0.78519733,-0.56697738,-0.24900163,107.172768,"278.889008, 243.424744, 318.126892, 350.24588, 66.704231, 161.455597, 131.668015, 352.308685, ","[["" 128.764"", "" 127.939"", ""  67.814""], ["" 129.158"", "" 126.791"", ""  67.598""], ["" 128.793"", "" 125.742"", ""  68.364""], ["" 129.220"", "" 124.846"", ""  68.179""], ["" 130.021"", "" 126.484"", ""  66.457""], ["" 129.869"", "" 126.874"", ""  65.117""], ["" 131.506"", "" 125.568"", ""  66.696""], ["" 130.928"", "" 126.419"", ""  64.250""], ["" 131.903"", "" 125.688"", ""  64.997""], ["" 131.166"", "" 126.565"", ""  62.851""], ["" 133.011"", "" 125.138"", ""  64.502""], ["" 132.335"", "" 125.981"", ""  62.335""], ["" 133.209"", "" 125.296"", ""  63.173""], ["" 134.479"", "" 124.664"", ""  62.630""], ["" 128.806"", "" 127.613"", ""  64.667""], ["" 128.871"", "" 128.613"", ""  64.529""], ["" 127.915"", "" 127.183"", ""  64.465""], ["" 130.232"", "" 127.307"", ""  61.889""], ["" 130.130"", "" 128.610"", ""  62.161""], ["" 130.686"", "" 127.194"", ""  60.642""], ["" 129.007"", "" 126.786"", ""  61.960""], ["" 127.943"", "" 125.816"", ""  69.553""], ["" 128.706"", "" 126.160"", ""  70.826""], ["" 129.650"", "" 127.188"", ""  70.821""], ["" 128.519"", "" 125.404"", ""  71.986""], ["" 130.392"", "" 127.491"", ""  71.974""], ["" 129.241"", "" 125.689"", ""  73.155""], ["" 130.171"", "" 126.739"", ""  73.137""], ["" 131.339"", "" 128.496"", ""  72.040""], ["" 131.754"", "" 129.146"", ""  70.844""], ["" 129.097"", "" 124.992"", ""  74.341""], ["" 129.474"", "" 123.621"", ""  74.394""], ["" 130.898"", "" 127.018"", ""  74.270""], ["" 131.876"", "" 126.036"", ""  74.585""]]",[],4bh_Grossjean_2025
80,719,4bi_Grossjean_2025,receptor_tmp,1,11,-6.71,-0.2580769230769231,0.0,0.0,7,185.02,-7.9,-7.68,-0.23,-7.9,0.0,-0.3,1.19,-0.3,45,7,0.0,0.0,0.0,5.513011,6.836814,5.468481,0.29258126,-0.77750541,-0.55667005,219.546707,"105.95224, 84.995705, 16.285902, 356.444977, ","[["" 129.638"", "" 123.162"", ""  61.924""], ["" 128.266"", "" 123.464"", ""  61.897""], ["" 127.646"", "" 123.278"", ""  60.608""], ["" 126.308"", "" 123.448"", ""  60.142""], ["" 126.061"", "" 123.171"", ""  58.787""], ["" 127.094"", "" 122.745"", ""  57.955""], ["" 126.841"", "" 122.437"", ""  56.490""], ["" 128.370"", "" 122.573"", ""  58.368""], ["" 128.611"", "" 122.836"", ""  59.652""], ["" 130.210"", "" 122.658"", ""  60.335""], ["" 130.571"", "" 123.250"", ""  63.050""], ["" 130.630"", "" 122.351"", ""  63.891""], ["" 131.351"", "" 124.360"", ""  63.074""], ["" 131.226"", "" 125.025"", ""  62.325""], ["" 132.321"", "" 124.692"", ""  64.011""], ["" 133.629"", "" 124.608"", ""  63.836""], ["" 132.018"", "" 125.167"", ""  65.286""], ["" 134.223"", "" 125.039"", ""  65.025""], ["" 133.237"", "" 125.373"", ""  65.891""], ["" 127.571"", "" 123.893"", ""  62.999""], ["" 126.561"", "" 123.878"", ""  63.033""], ["" 128.048"", "" 124.246"", ""  63.817""], ["" 125.139"", "" 123.905"", ""  61.020""], ["" 123.999"", "" 124.044"", ""  60.340""], ["" 124.922"", "" 123.011"", ""  61.984""], ["" 125.423"", "" 125.086"", ""  61.570""]]",[],4bi_Grossjean_2025
81,1595,4bj_Grossjean_2025,receptor_tmp,1,4,-5.97,-0.2296153846153846,0.0,0.0,2,185.06,-7.16,-7.16,0.0,-7.16,0.0,-0.19,1.19,-0.19,47,4,0.0,0.0,0.0,5.563911,6.851183,5.506037,-0.27685333,0.80127939,0.5303806,138.664474,"70.578644, 112.023796, 182.606705, 118.012459, ","[["" 129.669"", "" 123.144"", ""  61.966""], ["" 128.319"", "" 123.528"", ""  61.921""], ["" 127.690"", "" 123.322"", ""  60.638""], ["" 126.368"", "" 123.555"", ""  60.157""], ["" 126.106"", "" 123.232"", ""  58.816""], ["" 127.113"", "" 122.710"", ""  58.008""], ["" 126.847"", "" 122.363"", ""  56.555""], ["" 128.376"", "" 122.477"", ""  58.434""], ["" 128.628"", "" 122.779"", ""  59.707""], ["" 130.211"", "" 122.532"", ""  60.405""], ["" 130.603"", "" 123.223"", ""  63.091""], ["" 130.983"", "" 122.202"", ""  63.669""], ["" 131.012"", "" 124.473"", ""  63.422""], ["" 130.646"", "" 125.240"", ""  62.878""], ["" 131.896"", "" 124.820"", ""  64.434""], ["" 133.190"", "" 124.590"", ""  64.491""], ["" 131.243"", "" 125.664"", ""  65.802""], ["" 133.720"", "" 125.066"", ""  65.600""], ["" 132.845"", "" 125.701"", ""  66.476""], ["" 127.650"", "" 124.048"", ""  62.999""], ["" 128.109"", "" 124.223"", ""  63.881""], ["" 126.665"", "" 124.270"", ""  62.948""], ["" 125.229"", "" 124.130"", ""  61.008""], ["" 124.917"", "" 123.359"", ""  62.051""], ["" 125.579"", "" 125.324"", ""  61.483""], ["" 124.131"", "" 124.256"", ""  60.262""]]",[],4bj_Grossjean_2025
82,668,4bk_Grossjean_2025,receptor_tmp,1,4,-5.46,-0.1761290322580645,0.0,0.0,2,190.02,-9.04,-8.34,-0.7,-9.04,0.0,-0.87,3.58,-0.87,45,8,0.0,0.0,0.0,8.631645,8.105062,12.083885,-0.95969469,-0.05573164,0.2754634,107.630142,"62.843933, 231.006454, 201.409882, 336.215302, 17.373377, 326.935974, 45.557892, 77.218353, 186.856598, 58.575798, 89.714523, 155.821457, ","[["" 131.331"", "" 127.995"", ""  70.035""], ["" 129.964"", "" 127.619"", ""  69.912""], ["" 129.460"", "" 127.985"", ""  68.505""], ["" 129.885"", "" 127.047"", ""  67.466""], ["" 129.130"", "" 125.146"", ""  68.434""], ["" 129.705"", "" 125.710"", ""  67.501""], ["" 130.363"", "" 127.448"", ""  66.673""], ["" 130.225"", "" 124.960"", ""  66.357""], ["" 131.260"", "" 125.312"", ""  65.478""], ["" 129.505"", "" 123.414"", ""  65.913""], ["" 131.504"", "" 124.345"", ""  64.438""], ["" 130.600"", "" 123.243"", ""  64.562""], ["" 132.437"", "" 124.292"", ""  63.359""], ["" 130.555"", "" 122.180"", ""  63.761""], ["" 132.383"", "" 123.170"", ""  62.518""], ["" 131.452"", "" 122.160"", ""  62.747""], ["" 131.381"", "" 120.940"", ""  61.846""], ["" 131.981"", "" 126.473"", ""  65.596""], ["" 131.972"", "" 127.184"", ""  64.878""], ["" 132.546"", "" 126.659"", ""  66.413""], ["" 133.481"", "" 125.375"", ""  63.070""], ["" 134.205"", "" 125.703"", ""  64.142""], ["" 134.327"", "" 124.947"", ""  62.133""], ["" 132.877"", "" 126.483"", ""  62.643""], ["" 131.702"", "" 128.388"", ""  71.349""], ["" 130.457"", "" 128.870"", ""  72.105""], ["" 130.618"", "" 128.611"", ""  73.493""], ["" 129.626"", "" 127.752"", ""  74.037""], ["" 128.758"", "" 127.194"", ""  72.901""], ["" 128.500"", "" 125.816"", ""  73.134""], ["" 128.702"", "" 125.002"", ""  71.988""]]",[],4bk_Grossjean_2025
83,929,4ca_Grossjean_2025,receptor_tmp,1,14,-7.38,-0.19945945945945945,0.0,0.0,2,188.83,-9.76,-9.54,-0.22,-9.76,0.0,-0.58,2.39,-0.58,83,5,0.0,0.0,0.0,7.014673,9.171277,10.312523,0.64241832,-0.74331533,0.18649669,253.289246,"41.953064, 337.227966, 219.471924, 181.336655, 262.13736, 307.955688, 291.10672, 349.326202, ","[["" 130.186"", "" 127.885"", ""  69.314""], ["" 130.991"", "" 127.715"", ""  70.440""], ["" 130.859"", "" 128.562"", ""  71.537""], ["" 129.910"", "" 129.593"", ""  71.531""], ["" 129.096"", "" 129.755"", ""  70.399""], ["" 129.230"", "" 128.910"", ""  69.300""], ["" 130.398"", "" 126.967"", ""  68.267""], ["" 128.883"", "" 125.307"", ""  68.689""], ["" 129.800"", "" 125.776"", ""  68.015""], ["" 131.098"", "" 127.257"", ""  67.600""], ["" 130.308"", "" 125.057"", ""  66.845""], ["" 131.395"", "" 125.384"", ""  66.017""], ["" 129.498"", "" 123.596"", ""  66.283""], ["" 131.598"", "" 124.468"", ""  64.921""], ["" 130.617"", "" 123.435"", ""  64.950""], ["" 132.554"", "" 124.411"", ""  63.866""], ["" 130.518"", "" 122.434"", ""  64.079""], ["" 132.438"", "" 123.355"", ""  62.950""], ["" 131.424"", "" 122.398"", ""  63.068""], ["" 132.197"", "" 126.476"", ""  66.228""], ["" 132.511"", "" 127.064"", ""  65.468""], ["" 132.503"", "" 126.734"", ""  67.157""], ["" 133.687"", "" 125.426"", ""  63.676""], ["" 134.711"", "" 124.941"", ""  62.971""], ["" 133.230"", "" 126.497"", ""  63.029""], ["" 134.163"", "" 125.799"", ""  64.864""], ["" 131.280"", "" 121.263"", ""  62.096""], ["" 130.109"", "" 120.489"", ""  62.062""], ["" 132.313"", "" 120.936"", ""  61.199""], ["" 129.971"", "" 119.431"", ""  61.167""], ["" 132.180"", "" 119.880"", ""  60.302""], ["" 131.008"", "" 119.131"", ""  60.289""], ["" 129.789"", "" 130.486"", ""  72.731""], ["" 130.347"", "" 130.254"", ""  73.809""], ["" 129.003"", "" 131.572"", ""  72.515""], ["" 127.735"", "" 131.698"", ""  73.145""], ["" 127.661"", "" 133.041"", ""  73.878""]]",[],4ca_Grossjean_2025
84,9150,4cb_Grossjean_2025,receptor_tmp,1,11,-7.36,-0.20444444444444446,0.0,0.0,1,186.9,-9.45,-9.07,-0.38,-9.45,0.0,-0.66,2.09,-0.66,61,4,0.0,0.0,0.0,5.324552,9.646314,8.270763,-0.71121425,-0.48733353,-0.50663628,171.020615,"76.103592, 133.569275, 98.197189, 111.201736, 59.729542, 271.54657, 133.453674, ","[["" 127.967"", "" 124.313"", ""  61.105""], ["" 127.167"", "" 125.022"", ""  60.209""], ["" 126.783"", "" 124.450"", ""  59.000""], ["" 127.189"", "" 123.152"", ""  58.665""], ["" 127.990"", "" 122.440"", ""  59.570""], ["" 128.375"", "" 123.010"", ""  60.779""], ["" 128.283"", "" 124.981"", ""  62.304""], ["" 130.519"", "" 125.420"", ""  62.104""], ["" 129.470"", "" 125.460"", ""  62.749""], ["" 127.492"", "" 125.128"", ""  62.913""], ["" 129.438"", "" 126.069"", ""  64.081""], ["" 128.750"", "" 127.219"", ""  64.504""], ["" 130.388"", "" 125.379"", ""  65.395""], ["" 128.967"", "" 127.560"", ""  65.889""], ["" 129.856"", "" 126.627"", ""  66.497""], ["" 128.478"", "" 128.611"", ""  66.718""], ["" 130.267"", "" 126.659"", ""  67.762""], ["" 128.921"", "" 128.638"", ""  68.049""], ["" 129.808"", "" 127.674"", ""  68.540""], ["" 127.940"", "" 127.956"", ""  63.677""], ["" 128.234"", "" 128.844"", ""  63.295""], ["" 127.019"", "" 127.632"", ""  63.418""], ["" 127.507"", "" 129.700"", ""  66.244""], ["" 127.859"", "" 130.241"", ""  65.076""], ["" 126.289"", "" 129.181"", ""  66.093""], ["" 127.459"", "" 130.684"", ""  67.141""], ["" 130.294"", "" 127.686"", ""  69.961""], ["" 129.434"", "" 127.342"", ""  71.016""], ["" 131.615"", "" 128.050"", ""  70.276""], ["" 129.877"", "" 127.355"", ""  72.337""], ["" 132.063"", "" 128.062"", ""  71.593""], ["" 131.191"", "" 127.714"", ""  72.620""], ["" 126.750"", "" 122.561"", ""  57.355""], ["" 127.517"", "" 121.974"", ""  56.586""], ["" 125.428"", "" 122.738"", ""  57.103""], ["" 124.966"", "" 123.873"", ""  56.383""]]",[],4cb_Grossjean_2025
85,8697,4cc_Grossjean_2025,receptor_tmp,1,7,-7.0,-0.20588235294117646,0.0,0.0,5,187.07,-8.79,-8.51,-0.27,-8.79,0.0,-0.64,1.79,-0.64,54,4,0.0,0.0,0.0,5.653197,9.835845,8.703214,-0.57403884,-0.75789239,-0.30996538,125.479324,"263.405396, 248.186295, 119.975166, 107.502144, 179.751465, 47.190346, ","[["" 130.585"", "" 125.403"", ""  62.128""], ["" 129.552"", "" 125.326"", ""  62.795""], ["" 128.435"", "" 124.675"", ""  62.390""], ["" 127.633"", "" 124.744"", ""  62.998""], ["" 129.467"", "" 125.961"", ""  64.114""], ["" 128.760"", "" 127.115"", ""  64.487""], ["" 130.327"", "" 125.269"", ""  65.489""], ["" 128.902"", "" 127.470"", ""  65.878""], ["" 129.741"", "" 126.531"", ""  66.547""], ["" 128.381"", "" 128.535"", ""  66.667""], ["" 130.074"", "" 126.567"", ""  67.835""], ["" 128.739"", "" 128.565"", ""  68.024""], ["" 129.578"", "" 127.592"", ""  68.576""], ["" 128.000"", "" 127.847"", ""  63.610""], ["" 127.048"", "" 127.593"", ""  63.387""], ["" 128.372"", "" 128.667"", ""  63.152""], ["" 127.462"", "" 129.637"", ""  66.127""], ["" 126.249"", "" 129.190"", ""  65.791""], ["" 127.296"", "" 130.580"", ""  67.054""], ["" 128.002"", "" 130.181"", ""  65.038""], ["" 129.968"", "" 127.605"", ""  70.026""], ["" 129.233"", "" 126.874"", ""  70.973""], ["" 131.069"", "" 128.351"", ""  70.478""], ["" 129.587"", "" 126.882"", ""  72.320""], ["" 131.428"", "" 128.362"", ""  71.823""], ["" 130.684"", "" 127.626"", ""  72.740""], ["" 128.212"", "" 123.940"", ""  61.211""], ["" 127.272"", "" 124.467"", ""  60.323""], ["" 128.838"", "" 122.721"", ""  60.909""], ["" 126.975"", "" 123.800"", ""  59.138""], ["" 128.537"", "" 122.057"", ""  59.723""], ["" 127.602"", "" 122.594"", ""  58.825""], ["" 127.242"", "" 122.005"", ""  57.629""], ["" 126.264"", "" 122.636"", ""  56.810""]]",[],4cc_Grossjean_2025
86,9057,4cd_Grossjean_2025,receptor_tmp,1,2,-6.99,-0.2184375,0.0,0.0,7,187.88,-8.48,-8.24,-0.24,-8.48,0.0,-0.61,1.49,-0.61,54,5,0.0,0.0,0.0,3.764012,12.555844,9.839495,-0.88096953,-0.01437481,-0.4729546,121.076523,"52.807419, 146.139984, 293.066986, 352.450287, 47.795643, ","[["" 126.355"", "" 129.389"", ""  65.069""], ["" 127.405"", "" 128.498"", ""  64.793""], ["" 128.191"", "" 128.138"", ""  65.948""], ["" 129.323"", "" 127.293"", ""  66.127""], ["" 129.842"", "" 127.179"", ""  67.427""], ["" 129.272"", "" 127.871"", ""  68.500""], ["" 128.184"", "" 128.670"", ""  68.343""], ["" 127.688"", "" 128.788"", ""  67.113""], ["" 126.303"", "" 129.800"", ""  66.781""], ["" 125.383"", "" 129.971"", ""  64.138""], ["" 124.226"", "" 130.193"", ""  64.496""], ["" 125.857"", "" 130.240"", ""  62.897""], ["" 126.842"", "" 130.071"", ""  62.750""], ["" 125.183"", "" 130.745"", ""  61.770""], ["" 125.575"", "" 130.220"", ""  60.535""], ["" 124.146"", "" 131.693"", ""  61.824""], ["" 124.958"", "" 130.647"", ""  59.363""], ["" 123.531"", "" 132.117"", ""  60.648""], ["" 123.941"", "" 131.596"", ""  59.424""], ["" 127.667"", "" 128.010"", ""  63.538""], ["" 128.510"", "" 128.252"", ""  63.036""], ["" 127.024"", "" 127.385"", ""  63.072""], ["" 130.000"", "" 126.509"", ""  64.996""], ["" 131.136"", "" 125.918"", ""  65.374""], ["" 129.181"", "" 125.554"", ""  64.556""], ["" 130.296"", "" 127.333"", ""  63.991""], ["" 129.810"", "" 127.760"", ""  69.896""], ["" 131.006"", "" 128.402"", ""  70.258""], ["" 129.134"", "" 127.020"", ""  70.882""], ["" 131.511"", "" 128.305"", ""  71.552""], ["" 129.637"", "" 126.918"", ""  72.175""], ["" 130.824"", "" 127.561"", ""  72.506""]]",[],4cd_Grossjean_2025
87,1868,4ce_Grossjean_2025,receptor_tmp,1,7,-7.15,-0.21666666666666667,0.0,0.0,4,188.02,-8.64,-8.46,-0.18,-8.64,0.0,-0.51,1.49,-0.51,57,5,0.0,0.0,0.0,3.600415,12.562623,9.653436,-0.87701988,-0.00860409,-0.48037703,120.717766,"203.758224, 143.857864, 280.855927, 117.269257, 286.909546, ","[["" 126.398"", "" 129.375"", ""  65.040""], ["" 127.424"", "" 128.457"", ""  64.763""], ["" 128.198"", "" 128.072"", ""  65.918""], ["" 129.301"", "" 127.188"", ""  66.098""], ["" 129.807"", "" 127.050"", ""  67.400""], ["" 129.250"", "" 127.750"", ""  68.475""], ["" 128.207"", "" 128.606"", ""  68.312""], ["" 127.717"", "" 128.741"", ""  67.082""], ["" 126.366"", "" 129.797"", ""  66.750""], ["" 125.412"", "" 129.948"", ""  64.121""], ["" 124.272"", "" 130.216"", ""  64.505""], ["" 125.846"", "" 130.150"", ""  62.851""], ["" 126.781"", "" 129.836"", ""  62.640""], ["" 125.147"", "" 130.694"", ""  61.759""], ["" 125.308"", "" 130.217"", ""  60.490""], ["" 124.250"", "" 131.729"", ""  62.047""], ["" 124.580"", "" 130.776"", ""  59.489""], ["" 123.510"", "" 132.295"", ""  61.007""], ["" 123.672"", "" 131.816"", ""  59.706""], ["" 124.805"", "" 130.196"", ""  58.105""], ["" 127.671"", "" 127.964"", ""  63.507""], ["" 128.418"", "" 128.324"", ""  62.929""], ["" 127.110"", "" 127.222"", ""  63.114""], ["" 129.958"", "" 126.390"", ""  64.967""], ["" 129.130"", "" 125.513"", ""  64.395""], ["" 130.378"", "" 127.222"", ""  64.013""], ["" 130.998"", "" 125.706"", ""  65.442""], ["" 129.775"", "" 127.617"", ""  69.873""], ["" 129.122"", "" 126.799"", ""  70.810""], ["" 130.925"", "" 128.311"", ""  70.288""], ["" 129.601"", "" 126.676"", ""  72.112""], ["" 131.407"", "" 128.189"", ""  71.589""], ["" 130.742"", "" 127.371"", ""  72.496""]]",[],4ce_Grossjean_2025
88,743,4cf_Grossjean_2025,receptor_tmp,2,5,-6.73,-0.2103125,0.0,0.0,7,187.95,-8.23,-7.94,-0.29,-8.23,0.0,-0.6,1.49,-0.6,52,5,0.0,0.0,0.0,3.744576,12.512116,9.82346,0.88402145,0.00807141,0.46737665,239.363266,"230.538849, 150.392441, 96.394562, 235.559235, 48.002438, ","[["" 126.330"", "" 129.364"", ""  65.064""], ["" 127.375"", "" 128.475"", ""  64.764""], ["" 128.172"", "" 128.095"", ""  65.905""], ["" 129.302"", "" 127.241"", ""  66.060""], ["" 129.838"", "" 127.112"", ""  67.350""], ["" 129.287"", "" 127.795"", ""  68.438""], ["" 128.198"", "" 128.598"", ""  68.306""], ["" 127.685"", "" 128.731"", ""  67.084""], ["" 126.299"", "" 129.752"", ""  66.783""], ["" 125.362"", "" 129.978"", ""  64.151""], ["" 124.216"", "" 130.229"", ""  64.528""], ["" 125.826"", "" 130.245"", ""  62.906""], ["" 126.801"", "" 130.039"", ""  62.742""], ["" 125.151"", "" 130.777"", ""  61.791""], ["" 124.257"", "" 131.825"", ""  62.033""], ["" 125.321"", "" 130.358"", ""  60.457""], ["" 123.545"", "" 132.442"", ""  61.055""], ["" 124.597"", "" 130.983"", ""  59.440""], ["" 123.721"", "" 132.015"", ""  59.779""], ["" 127.623"", "" 128.006"", ""  63.499""], ["" 127.125"", "" 127.215"", ""  63.116""], ["" 128.316"", "" 128.439"", ""  62.904""], ["" 129.959"", "" 126.467"", ""  64.911""], ["" 130.339"", "" 127.252"", ""  63.899""], ["" 131.046"", "" 125.837"", ""  65.356""], ["" 129.102"", "" 125.572"", ""  64.420""], ["" 129.847"", "" 127.670"", ""  69.825""], ["" 131.047"", "" 128.309"", ""  70.173""], ["" 129.186"", "" 126.920"", ""  70.814""], ["" 131.574"", "" 128.199"", ""  71.458""], ["" 129.708"", "" 126.807"", ""  72.099""], ["" 130.902"", "" 127.448"", ""  72.416""]]",[],4cf_Grossjean_2025
89,713,4cg_Grossjean_2025,receptor_tmp,1,5,-7.31,-0.2215151515151515,0.0,0.0,4,187.31,-9.1,-8.91,-0.19,-9.1,0.0,-0.63,1.79,-0.63,51,6,0.0,0.0,0.0,6.685211,9.785603,8.544486,0.32977239,0.56122096,0.75913188,161.542328,"276.791901, 72.756943, 294.69046, 236.760605, 134.887405, 332.761261, ","[["" 131.438"", "" 125.663"", ""  64.524""], ["" 130.960"", "" 125.773"", ""  65.837""], ["" 129.915"", "" 126.755"", ""  66.001""], ["" 129.171"", "" 127.203"", ""  67.131""], ["" 128.200"", "" 128.192"", ""  66.909""], ["" 127.970"", "" 128.713"", ""  65.630""], ["" 128.684"", "" 128.302"", ""  64.550""], ["" 129.607"", "" 127.365"", ""  64.750""], ["" 130.584"", "" 126.753"", ""  63.435""], ["" 132.455"", "" 124.754"", ""  63.997""], ["" 133.604"", "" 124.745"", ""  64.445""], ["" 132.069"", "" 123.964"", ""  62.972""], ["" 131.096"", "" 123.973"", ""  62.707""], ["" 132.908"", "" 122.968"", ""  62.308""], ["" 132.124"", "" 121.775"", ""  61.774""], ["" 130.743"", "" 121.704"", ""  61.978""], ["" 132.774"", "" 120.785"", ""  61.031""], ["" 130.019"", "" 120.631"", ""  61.464""], ["" 132.050"", "" 119.712"", ""  60.520""], ["" 130.676"", "" 119.639"", ""  60.741""], ["" 131.445"", "" 125.024"", ""  66.878""], ["" 132.425"", "" 125.022"", ""  67.124""], ["" 130.833"", "" 124.452"", ""  67.443""], ["" 129.372"", "" 126.676"", ""  68.556""], ["" 129.452"", "" 125.346"", ""  68.617""], ["" 130.502"", "" 127.169"", ""  69.064""], ["" 128.348"", "" 127.049"", ""  69.322""], ["" 126.938"", "" 129.774"", ""  65.373""], ["" 125.614"", "" 129.614"", ""  65.815""], ["" 127.263"", "" 130.952"", ""  64.678""], ["" 124.654"", "" 130.593"", ""  65.578""], ["" 126.306"", "" 131.934"", ""  64.439""], ["" 125.004"", "" 131.751"", ""  64.890""]]",[],4cg_Grossjean_2025
90,8759,4ch_Grossjean_2025,receptor_tmp,1,3,-6.93,-0.17769230769230768,0.0,0.0,4,188.8,-9.61,-8.75,-0.86,-9.61,0.0,-0.95,2.68,-0.95,50,9,0.0,0.0,0.0,6.521955,9.106331,10.781383,-0.72449058,0.07952348,-0.68468198,143.009735,"264.443756, 119.279442, 327.394348, 85.782585, 119.652191, 83.320366, 202.084564, 253.586288, 355.815033, ","[["" 127.844"", "" 126.633"", ""  68.249""], ["" 128.947"", "" 126.926"", ""  67.782""], ["" 129.715"", "" 127.909"", ""  68.296""], ["" 130.630"", "" 128.059"", ""  67.896""], ["" 129.484"", "" 126.242"", ""  66.604""], ["" 129.340"", "" 126.586"", ""  65.251""], ["" 130.404"", "" 124.753"", ""  66.791""], ["" 129.989"", "" 125.675"", ""  64.340""], ["" 130.613"", "" 124.614"", ""  65.062""], ["" 130.116"", "" 125.644"", ""  62.922""], ["" 131.293"", "" 123.605"", ""  64.523""], ["" 130.835"", "" 124.573"", ""  62.365""], ["" 131.398"", "" 123.578"", ""  63.169""], ["" 128.652"", "" 127.695"", ""  64.828""], ["" 129.085"", "" 128.608"", ""  64.784""], ["" 127.686"", "" 127.636"", ""  64.540""], ["" 129.525"", "" 126.700"", ""  61.982""], ["" 128.194"", "" 126.780"", ""  62.055""], ["" 130.014"", "" 127.901"", ""  62.288""], ["" 129.838"", "" 126.407"", ""  60.720""], ["" 132.176"", "" 122.430"", ""  62.594""], ["" 131.588"", "" 121.557"", ""  61.663""], ["" 133.508"", "" 122.190"", ""  62.972""], ["" 132.304"", "" 120.490"", ""  61.126""], ["" 134.229"", "" 121.126"", ""  62.437""], ["" 133.623"", "" 120.279"", ""  61.514""], ["" 129.382"", "" 128.725"", ""  69.464""], ["" 129.309"", "" 127.946"", ""  70.772""], ["" 128.783"", "" 126.653"", ""  70.787""], ["" 129.805"", "" 128.501"", ""  71.952""], ["" 128.731"", "" 125.911"", ""  71.979""], ["" 129.768"", "" 127.781"", ""  73.157""], ["" 129.222"", "" 126.490"", ""  73.158""], ["" 128.223"", "" 124.628"", ""  72.068""], ["" 129.075"", "" 123.567"", ""  72.488""], ["" 130.240"", "" 128.270"", ""  74.362""], ["" 129.398"", "" 129.096"", ""  75.159""], ["" 129.193"", "" 125.769"", ""  74.327""], ["" 130.477"", "" 125.386"", ""  74.803""]]",[],4ch_Grossjean_2025
91,9105,4ci_Grossjean_2025,receptor_tmp,1,12,-6.84,-0.22064516129032258,0.0,0.0,5,183.72,-8.33,-7.99,-0.34,-8.33,0.0,-0.46,1.49,-0.46,64,8,0.0,0.0,0.0,4.099596,9.412201,3.36207,-0.80349226,0.56100497,-0.19918238,147.297363,"140.321594, 168.565826, 121.807747, 355.663696, 340.136749, ","[["" 127.001"", "" 127.344"", ""  59.626""], ["" 126.463"", "" 126.251"", ""  58.927""], ["" 127.190"", "" 125.018"", ""  59.113""], ["" 127.014"", "" 123.701"", ""  58.600""], ["" 127.934"", "" 122.723"", ""  59.012""], ["" 128.977"", "" 123.029"", ""  59.893""], ["" 129.160"", "" 124.285"", ""  60.377""], ["" 128.293"", "" 125.219"", ""  59.993""], ["" 128.422"", "" 126.870"", ""  60.553""], ["" 126.518"", "" 128.727"", ""  59.670""], ["" 127.001"", "" 129.537"", ""  60.464""], ["" 125.519"", "" 129.024"", ""  58.801""], ["" 125.194"", "" 128.279"", ""  58.203""], ["" 124.878"", "" 130.245"", ""  58.635""], ["" 124.496"", "" 130.770"", ""  57.482""], ["" 124.551"", "" 131.086"", ""  59.697""], ["" 123.897"", "" 131.996"", ""  57.777""], ["" 123.938"", "" 132.173"", ""  59.120""], ["" 125.350"", "" 126.341"", ""  58.133""], ["" 124.460"", "" 126.658"", ""  58.493""], ["" 125.383"", "" 126.099"", ""  57.152""], ["" 125.896"", "" 123.295"", ""  57.633""], ["" 125.998"", "" 122.033"", ""  57.213""], ["" 124.714"", "" 123.420"", ""  58.236""], ["" 125.925"", "" 124.079"", ""  56.555""], ["" 129.973"", "" 121.998"", ""  60.340""], ["" 129.555"", "" 120.719"", ""  60.742""], ["" 131.350"", "" 122.283"", ""  60.375""], ["" 130.475"", "" 119.759"", ""  61.157""], ["" 132.273"", "" 121.325"", ""  60.787""], ["" 131.831"", "" 120.066"", ""  61.176""]]",[],4ci_Grossjean_2025
92,808,4cj_Grossjean_2025,receptor_tmp,1,15,-6.58,-0.21225806451612902,0.0,0.0,2,187.96,-8.07,-7.96,-0.11,-8.07,0.0,-0.35,1.49,-0.35,75,4,0.0,0.0,0.0,7.317276,7.836302,9.202904,0.22346321,0.71624213,-0.6611062,75.331429,"276.974976, 190.449692, 41.277336, 342.645813, 37.838806, ","[["" 130.343"", "" 125.100"", ""  66.772""], ["" 131.428"", "" 125.389"", ""  65.928""], ["" 131.611"", "" 124.439"", ""  64.857""], ["" 132.562"", "" 124.335"", ""  63.802""], ["" 132.422"", "" 123.257"", ""  62.914""], ["" 131.387"", "" 122.326"", ""  63.058""], ["" 130.487"", "" 122.406"", ""  64.071""], ["" 130.610"", "" 123.426"", ""  64.917""], ["" 129.504"", "" 123.639"", ""  66.254""], ["" 129.869"", "" 125.848"", ""  67.939""], ["" 129.048"", "" 125.353"", ""  68.715""], ["" 130.387"", "" 127.093"", ""  68.082""], ["" 131.040"", "" 127.408"", ""  67.379""], ["" 130.106"", "" 128.002"", ""  69.094""], ["" 129.062"", "" 128.796"", ""  69.198""], ["" 131.249"", "" 128.120"", ""  70.393""], ["" 129.117"", "" 129.527"", ""  70.294""], ["" 130.228"", "" 129.331"", ""  71.109""], ["" 132.245"", "" 126.477"", ""  66.101""], ["" 132.565"", "" 127.034"", ""  65.321""], ["" 132.552"", "" 126.762"", ""  67.020""], ["" 133.717"", "" 125.320"", ""  63.584""], ["" 134.682"", "" 124.832"", ""  62.804""], ["" 133.258"", "" 126.429"", ""  63.005""], ["" 134.270"", "" 125.633"", ""  64.756""], ["" 131.212"", "" 121.171"", ""  62.114""], ["" 132.226"", "" 120.826"", ""  61.205""], ["" 130.031"", "" 120.410"", ""  62.105""], ["" 132.068"", "" 119.760"", ""  60.323""], ["" 129.868"", "" 119.344"", ""  61.225""], ["" 130.888"", "" 119.023"", ""  60.337""]]",[],4cj_Grossjean_2025
93,821,4ck_Grossjean_2025,receptor_tmp,1,17,-6.36,-0.17666666666666667,0.0,0.0,3,184.41,-10.23,-9.86,-0.38,-10.23,0.0,-1.96,3.88,-1.96,51,7,0.0,0.0,0.0,6.503221,10.074167,5.247262,-0.04478207,-0.93647337,-0.34786806,166.854935,"61.173126, 134.182465, 79.203552, 277.121094, 43.74696, 39.040558, 7.719899, 19.094421, 168.673813, 337.962708, 285.704285, 115.321518, 61.166508, ","[["" 131.050"", "" 121.690"", ""  62.163""], ["" 132.426"", "" 121.676"", ""  61.804""], ["" 133.190"", "" 122.706"", ""  62.650""], ["" 132.302"", "" 123.726"", ""  63.209""], ["" 133.865"", "" 125.028"", ""  64.206""], ["" 132.684"", "" 124.789"", ""  63.946""], ["" 131.326"", "" 123.646"", ""  62.962""], ["" 131.608"", "" 125.661"", ""  64.417""], ["" 131.049"", "" 125.745"", ""  65.702""], ["" 130.790"", "" 126.742"", ""  63.292""], ["" 129.964"", "" 126.690"", ""  65.811""], ["" 129.716"", "" 127.308"", ""  64.549""], ["" 129.131"", "" 127.093"", ""  66.894""], ["" 128.778"", "" 128.219"", ""  64.304""], ["" 128.145"", "" 128.054"", ""  66.624""], ["" 127.992"", "" 128.599"", ""  65.345""], ["" 131.494"", "" 125.000"", ""  66.763""], ["" 130.897"", "" 124.345"", ""  67.247""], ["" 132.446"", "" 125.077"", ""  67.097""], ["" 129.247"", "" 126.541"", ""  68.320""], ["" 129.354"", "" 125.212"", ""  68.360""], ["" 130.328"", "" 127.047"", ""  68.913""], ["" 128.164"", "" 126.876"", ""  69.021""], ["" 126.932"", "" 129.615"", ""  65.031""], ["" 127.262"", "" 130.969"", ""  64.856""], ["" 125.583"", "" 129.242"", ""  64.898""], ["" 126.283"", "" 131.917"", ""  64.567""], ["" 124.600"", "" 130.187"", ""  64.611""], ["" 124.955"", "" 131.522"", ""  64.448""], ["" 130.279"", "" 120.684"", ""  61.520""], ["" 129.223"", "" 121.361"", ""  60.637""], ["" 128.294"", "" 122.048"", ""  61.464""], ["" 128.456"", "" 123.460"", ""  61.449""], ["" 127.136"", "" 124.119"", ""  61.869""], ["" 126.109"", "" 123.138"", ""  61.879""], ["" 124.802"", "" 123.688"", ""  61.836""]]",[],4ck_Grossjean_2025
94,758,4dd_Grossjean_2025,receptor_tmp,1,5,-7.43,-0.25620689655172413,0.0,0.0,4,187.87,-8.63,-8.54,-0.08,-8.63,0.0,-0.56,1.19,-0.56,67,5,0.0,0.0,0.0,6.939778,7.901301,9.830712,0.29798468,0.68778615,-0.66193303,73.019882,"279.866638, 201.424652, 49.240501, 348.495178, ","[["" 130.389"", "" 125.213"", ""  67.024""], ["" 131.568"", "" 125.472"", ""  66.307""], ["" 131.794"", "" 124.569"", ""  65.209""], ["" 132.836"", "" 124.469"", ""  64.252""], ["" 134.035"", "" 125.404"", ""  64.197""], ["" 132.753"", "" 123.445"", ""  63.301""], ["" 131.675"", "" 122.552"", ""  63.297""], ["" 130.662"", "" 122.644"", ""  64.202""], ["" 130.743"", "" 123.614"", ""  65.112""], ["" 129.521"", "" 123.835"", ""  66.344""], ["" 129.863"", "" 125.915"", ""  68.196""], ["" 129.050"", "" 125.368"", ""  68.943""], ["" 130.340"", "" 127.170"", ""  68.384""], ["" 131.050"", "" 127.476"", ""  67.736""], ["" 130.004"", "" 128.119"", ""  69.366""], ["" 130.678"", "" 128.001"", ""  70.585""], ["" 129.084"", "" 129.165"", ""  69.181""], ["" 130.426"", "" 128.901"", ""  71.617""], ["" 128.835"", "" 130.064"", ""  70.215""], ["" 129.504"", "" 129.927"", ""  71.428""], ["" 132.438"", "" 126.489"", ""  66.610""], ["" 132.776"", "" 127.130"", ""  65.906""], ["" 132.768"", "" 126.633"", ""  67.553""], ["" 131.557"", "" 121.449"", ""  62.287""], ["" 132.657"", "" 121.077"", ""  61.496""], ["" 130.349"", "" 120.754"", ""  62.105""], ["" 132.555"", "" 120.053"", ""  60.559""], ["" 130.242"", "" 119.730"", ""  61.166""], ["" 131.347"", "" 119.384"", ""  60.396""]]",[],4dd_Grossjean_2025
95,734,4dg_Grossjean_2025,receptor_tmp,1,9,-7.62,-0.254,0.0,0.0,4,188.06,-9.11,-8.96,-0.15,-9.11,0.0,-0.7,1.49,-0.7,67,4,0.0,0.0,0.0,6.666553,8.340069,9.559231,0.31750831,0.66998744,-0.67104792,75.108665,"180.504608, 344.643127, 204.659164, 246.124054, 221.073868, ","[["" 130.381"", "" 125.202"", ""  66.970""], ["" 131.561"", "" 125.473"", ""  66.262""], ["" 131.798"", "" 124.573"", ""  65.165""], ["" 132.851"", "" 124.472"", ""  64.219""], ["" 134.063"", "" 125.390"", ""  64.194""], ["" 132.768"", "" 123.461"", ""  63.253""], ["" 131.678"", "" 122.583"", ""  63.222""], ["" 130.668"", "" 122.660"", ""  64.131""], ["" 130.745"", "" 123.621"", ""  65.051""], ["" 129.513"", "" 123.835"", ""  66.272""], ["" 129.814"", "" 125.930"", ""  68.105""], ["" 129.147"", "" 125.355"", ""  68.967""], ["" 130.037"", "" 127.260"", ""  68.122""], ["" 130.657"", "" 127.648"", ""  67.426""], ["" 129.587"", "" 128.181"", ""  69.166""], ["" 130.170"", "" 127.869"", ""  70.540""], ["" 129.424"", "" 127.122"", ""  71.457""], ["" 131.468"", "" 128.276"", ""  70.860""], ["" 129.965"", "" 126.809"", ""  72.700""], ["" 132.008"", "" 127.964"", ""  72.104""], ["" 131.253"", "" 127.233"", ""  73.019""], ["" 132.424"", "" 126.491"", ""  66.577""], ["" 132.947"", "" 126.500"", ""  67.440""], ["" 132.570"", "" 127.268"", ""  65.946""], ["" 131.562"", "" 121.488"", ""  62.199""], ["" 130.330"", "" 120.865"", ""  61.947""], ["" 132.684"", "" 121.050"", ""  61.472""], ["" 130.218"", "" 119.847"", ""  61.002""], ["" 132.577"", "" 120.034"", ""  60.527""], ["" 131.341"", "" 119.436"", ""  60.294""]]",[],4dg_Grossjean_2025
96,769,4dj_Grossjean_2025,receptor_tmp,1,11,-7.16,-0.2557142857142857,0.0,0.0,5,188.22,-8.35,-8.25,-0.1,-8.35,0.0,-0.43,1.19,-0.43,56,4,0.0,0.0,0.0,7.073235,7.867729,9.577595,0.3117069,0.6615316,-0.68206653,74.895264,"265.934235, 197.367737, 233.181396, 218.314987, ","[["" 130.401"", "" 125.242"", ""  66.974""], ["" 131.579"", "" 125.479"", ""  66.250""], ["" 131.785"", "" 124.571"", ""  65.155""], ["" 132.820"", "" 124.449"", ""  64.192""], ["" 134.042"", "" 125.353"", ""  64.137""], ["" 132.710"", "" 123.430"", ""  63.238""], ["" 131.610"", "" 122.565"", ""  63.233""], ["" 130.615"", "" 122.662"", ""  64.156""], ["" 130.717"", "" 123.632"", ""  65.064""], ["" 129.506"", "" 123.876"", ""  66.303""], ["" 129.879"", "" 125.970"", ""  68.131""], ["" 129.033"", "" 125.459"", ""  68.870""], ["" 130.382"", "" 127.217"", ""  68.311""], ["" 131.064"", "" 127.542"", ""  67.642""], ["" 130.056"", "" 128.110"", ""  69.321""], ["" 129.138"", "" 129.054"", ""  69.300""], ["" 130.948"", "" 127.991"", ""  70.804""], ["" 129.100"", "" 129.718"", ""  70.439""], ["" 130.002"", "" 129.313"", ""  71.419""], ["" 132.468"", "" 126.482"", ""  66.547""], ["" 132.858"", "" 126.594"", ""  67.471""], ["" 132.763"", "" 127.145"", ""  65.844""], ["" 131.468"", "" 121.459"", ""  62.226""], ["" 130.241"", "" 120.798"", ""  62.050""], ["" 132.556"", "" 121.049"", ""  61.435""], ["" 130.102"", "" 119.772"", ""  61.118""], ["" 132.423"", "" 120.023"", ""  60.503""], ["" 131.195"", "" 119.389"", ""  60.348""]]",[],4dj_Grossjean_2025
97,995,4ea_Grossjean_2025,receptor_tmp,1,18,-7.63,-0.22441176470588234,0.0,0.0,2,188.23,-9.72,-9.47,-0.25,-9.72,0.0,-1.06,2.09,-1.06,40,5,0.0,0.0,0.0,6.441429,13.416401,7.899795,-0.03717428,-0.71099403,-0.70221475,107.336548,"79.646317, 182.373276, 133.137955, 139.629547, 90.165039, 274.0784, 34.319828, ","[["" 129.515"", "" 130.836"", ""  61.258""], ["" 128.634"", "" 130.525"", ""  60.221""], ["" 128.707"", "" 131.201"", ""  59.006""], ["" 129.663"", "" 132.204"", ""  58.804""], ["" 130.547"", "" 132.515"", ""  59.849""], ["" 130.476"", "" 131.840"", ""  61.064""], ["" 129.349"", "" 130.088"", ""  62.439""], ["" 127.079"", "" 129.931"", ""  62.679""], ["" 128.219"", "" 129.685"", ""  63.072""], ["" 130.216"", "" 129.814"", ""  62.875""], ["" 128.434"", "" 128.910"", ""  64.298""], ["" 129.307"", "" 127.831"", ""  64.507""], ["" 127.532"", "" 129.294"", ""  65.766""], ["" 129.266"", "" 127.297"", ""  65.844""], ["" 128.327"", "" 128.010"", ""  66.648""], ["" 129.964"", "" 126.231"", ""  66.476""], ["" 128.055"", "" 127.762"", ""  67.930""], ["" 129.682"", "" 125.967"", ""  67.821""], ["" 128.740"", "" 126.740"", ""  68.498""], ["" 128.415"", "" 126.475"", ""  69.956""], ["" 130.131"", "" 127.317"", ""  63.539""], ["" 129.897"", "" 126.476"", ""  63.029""], ["" 131.006"", "" 127.765"", ""  63.300""], ["" 130.967"", "" 125.402"", ""  65.770""], ["" 132.321"", "" 125.752"", ""  65.808""], ["" 130.565"", "" 124.268"", ""  65.057""], ["" 133.265"", "" 124.971"", ""  65.146""], ["" 131.508"", "" 123.486"", ""  64.395""], ["" 132.854"", "" 123.841"", ""  64.443""], ["" 129.713"", "" 132.913"", ""  57.482""], ["" 128.710"", "" 133.157"", ""  56.804""], ["" 130.971"", "" 133.259"", ""  57.106""], ["" 131.745"", "" 132.415"", ""  56.263""], ["" 132.551"", "" 131.437"", ""  57.123""]]",[],4ea_Grossjean_2025
98,8658,4eb_Grossjean_2025,receptor_tmp,1,12,-7.41,-0.22454545454545455,0.0,0.0,16,187.86,-9.2,-8.63,-0.57,-9.2,0.0,-1.18,1.79,-1.18,37,7,0.0,0.0,0.0,6.303486,9.333899,9.479256,0.79887467,-0.20005975,-0.56725246,216.288681,"181.205444, 200.137482, 328.73999, 325.581085, 265.74469, 184.176971, ","[["" 129.893"", "" 126.854"", ""  68.903""], ["" 130.651"", "" 127.845"", ""  69.528""], ["" 130.479"", "" 128.117"", ""  70.882""], ["" 129.543"", "" 127.401"", ""  71.639""], ["" 128.782"", "" 126.405"", ""  71.008""], ["" 128.952"", "" 126.132"", ""  69.653""], ["" 130.151"", "" 126.666"", ""  67.531""], ["" 129.867"", "" 124.417"", ""  67.219""], ["" 130.133"", "" 125.537"", ""  66.781""], ["" 130.386"", "" 127.514"", ""  67.039""], ["" 130.459"", "" 125.722"", ""  65.365""], ["" 131.093"", "" 124.827"", ""  64.489""], ["" 130.049"", "" 127.230"", ""  64.545""], ["" 131.259"", "" 125.333"", ""  63.152""], ["" 130.727"", "" 126.653"", ""  63.040""], ["" 131.833"", "" 124.777"", ""  61.976""], ["" 130.724"", "" 127.398"", ""  61.933""], ["" 131.832"", "" 125.556"", ""  60.813""], ["" 131.280"", "" 126.835"", ""  60.834""], ["" 131.267"", "" 127.700"", ""  59.587""], ["" 131.522"", "" 123.576"", ""  64.857""], ["" 131.385"", "" 123.223"", ""  65.793""], ["" 131.991"", "" 122.966"", ""  64.202""], ["" 132.424"", "" 123.420"", ""  61.939""], ["" 131.787"", "" 122.396"", ""  61.232""], ["" 133.619"", "" 123.156"", ""  62.614""], ["" 132.343"", "" 121.119"", ""  61.195""], ["" 134.176"", "" 121.880"", ""  62.579""], ["" 133.536"", "" 120.867"", ""  61.869""], ["" 129.383"", "" 127.720"", ""  73.098""], ["" 128.637"", "" 127.089"", ""  73.853""], ["" 130.142"", "" 128.772"", ""  73.504""], ["" 129.671"", "" 130.105"", ""  73.372""]]",[],4eb_Grossjean_2025
99,839,8a_Ghoteimi_2023,receptor_tmp,1,12,-9.51,-0.22116279069767442,0.0,0.0,4,187.94,-12.5,-11.76,-0.73,-12.5,0.0,-1.34,2.98,-1.34,45,7,0.0,0.0,0.0,5.351351,12.388112,8.962737,0.68584849,0.41572697,-0.5973131,197.227036,"99.050659, 325.975464, 76.666603, 204.001282, 325.284882, 111.850914, 78.478233, 82.498772, 260.708832, 102.749031, ","[["" 129.339"", "" 130.867"", ""  61.188""], ["" 129.827"", "" 130.200"", ""  60.063""], ["" 129.950"", "" 130.863"", ""  58.846""], ["" 129.587"", "" 132.210"", ""  58.728""], ["" 129.101"", "" 132.880"", ""  59.862""], ["" 128.977"", "" 132.219"", ""  61.081""], ["" 129.254"", "" 130.095"", ""  62.363""], ["" 128.191"", "" 129.467"", ""  62.925""], ["" 127.052"", "" 129.479"", ""  62.458""], ["" 130.131"", "" 129.990"", ""  62.850""], ["" 128.480"", "" 128.736"", ""  64.162""], ["" 129.988"", "" 126.016"", ""  66.316""], ["" 129.333"", "" 127.118"", ""  65.698""], ["" 129.884"", "" 125.891"", ""  67.706""], ["" 128.595"", "" 127.982"", ""  66.560""], ["" 129.265"", "" 127.585"", ""  64.335""], ["" 129.136"", "" 126.803"", ""  68.454""], ["" 127.815"", "" 129.288"", ""  65.699""], ["" 128.485"", "" 127.851"", ""  67.882""], ["" 130.770"", "" 125.000"", ""  65.565""], ["" 132.271"", "" 123.069"", ""  64.187""], ["" 132.838"", "" 124.298"", ""  64.525""], ["" 130.940"", "" 122.807"", ""  64.549""], ["" 132.096"", "" 125.255"", ""  65.210""], ["" 130.201"", "" 123.767"", ""  65.237""], ["" 133.082"", "" 122.181"", ""  63.507""], ["" 133.253"", "" 122.331"", ""  62.103""], ["" 129.927"", "" 126.960"", ""  63.308""], ["" 130.779"", "" 127.342"", ""  62.921""], ["" 129.592"", "" 126.096"", ""  62.908""], ["" 129.016"", "" 126.687"", ""  69.940""], ["" 129.646"", "" 127.606"", ""  70.790""], ["" 128.274"", "" 125.648"", ""  70.514""], ["" 129.540"", "" 127.486"", ""  72.173""], ["" 128.164"", "" 125.527"", ""  71.898""], ["" 128.803"", "" 126.449"", ""  72.740""], ["" 128.755"", "" 126.407"", ""  74.120""], ["" 128.963"", "" 127.607"", ""  74.857""], ["" 129.731"", "" 132.895"", ""  57.400""], ["" 128.781"", "" 133.109"", ""  56.640""], ["" 131.009"", "" 133.260"", ""  57.120""], ["" 131.946"", "" 132.320"", ""  56.610""], ["" 132.809"", "" 131.788"", ""  57.758""]]",[],8a_Ghoteimi_2023
100,8944,8b_Ghoteimi_2023,receptor_tmp,2,11,-8.46,-0.22864864864864867,0.0,0.0,18,187.11,-10.55,-9.64,-0.91,-10.55,0.0,-1.06,2.09,-1.06,51,8,0.0,0.0,0.0,5.208434,11.375695,10.002003,0.8845576,-0.42639572,0.18906226,153.645126,"121.301994, 171.687531, 252.83461, 214.915894, 131.573944, 189.491943, 99.455139, ","[["" 128.033"", "" 129.004"", ""  66.736""], ["" 128.626"", "" 127.879"", ""  66.103""], ["" 129.450"", "" 127.054"", ""  66.921""], ["" 130.128"", "" 125.704"", ""  66.041""], ["" 129.326"", "" 126.210"", ""  64.552""], ["" 128.573"", "" 127.377"", ""  64.754""], ["" 129.704"", "" 127.251"", ""  68.214""], ["" 129.124"", "" 128.332"", ""  68.801""], ["" 128.300"", "" 129.213"", ""  68.092""], ["" 127.149"", "" 129.951"", ""  66.017""], ["" 125.471"", "" 131.749"", ""  64.672""], ["" 124.974"", "" 130.530"", ""  65.136""], ["" 126.822"", "" 132.062"", ""  64.885""], ["" 125.806"", "" 129.635"", ""  65.803""], ["" 127.653"", "" 131.167"", ""  65.553""], ["" 124.573"", "" 132.575"", ""  64.023""], ["" 123.907"", "" 132.097"", ""  62.858""], ["" 127.848"", "" 127.997"", ""  63.768""], ["" 128.152"", "" 128.871"", ""  63.363""], ["" 126.987"", "" 127.604"", ""  63.415""], ["" 129.428"", "" 128.532"", ""  70.252""], ["" 129.169"", "" 129.756"", ""  70.885""], ["" 129.982"", "" 127.495"", ""  71.014""], ["" 129.452"", "" 129.936"", ""  72.235""], ["" 130.265"", "" 127.672"", ""  72.366""], ["" 130.000"", "" 128.900"", ""  72.989""], ["" 130.247"", "" 129.170"", ""  74.322""], ["" 129.362"", "" 130.030"", ""  75.031""], ["" 129.500"", "" 125.440"", ""  63.319""], ["" 128.477"", "" 124.606"", ""  63.005""], ["" 130.520"", "" 125.567"", ""  62.636""], ["" 127.693"", "" 124.585"", ""  63.639""], ["" 128.381"", "" 123.763"", ""  61.906""], ["" 127.306"", "" 123.082"", ""  61.541""], ["" 129.440"", "" 123.528"", ""  61.031""], ["" 127.651"", "" 122.375"", ""  60.387""], ["" 128.942"", "" 122.655"", ""  60.091""]]",[],8b_Ghoteimi_2023
101,905,8c_Ghoteimi_2023,receptor_tmp,1,8,-8.32,-0.22486486486486487,0.0,0.0,15,187.15,-10.4,-9.6,-0.81,-10.4,0.0,-0.99,2.09,-0.99,50,8,0.0,0.0,0.0,5.352727,11.134876,10.045481,0.88817113,-0.41793548,0.19100258,156.440659,"103.446114, 188.540085, 92.773041, 79.409798, 286.689911, 143.072693, 108.656563, ","[["" 128.130"", "" 128.732"", ""  66.819""], ["" 128.766"", "" 127.651"", ""  66.152""], ["" 129.599"", "" 126.815"", ""  66.951""], ["" 130.329"", "" 125.521"", ""  66.029""], ["" 129.539"", "" 126.065"", ""  64.549""], ["" 128.750"", "" 127.203"", ""  64.785""], ["" 129.823"", "" 126.964"", ""  68.257""], ["" 129.201"", "" 128.004"", ""  68.876""], ["" 128.366"", "" 128.890"", ""  68.188""], ["" 127.234"", "" 129.682"", ""  66.122""], ["" 125.534"", "" 131.491"", ""  64.818""], ["" 125.007"", "" 130.411"", ""  65.528""], ["" 126.927"", "" 131.659"", ""  64.762""], ["" 125.848"", "" 129.511"", ""  66.175""], ["" 127.768"", "" 130.758"", ""  65.411""], ["" 124.624"", "" 132.334"", ""  64.210""], ["" 123.995"", "" 131.922"", ""  63.002""], ["" 128.025"", "" 127.841"", ""  63.810""], ["" 127.056"", "" 127.609"", ""  63.636""], ["" 128.431"", "" 128.563"", ""  63.232""], ["" 129.473"", "" 128.152"", ""  70.339""], ["" 129.541"", "" 127.033"", ""  71.182""], ["" 129.670"", "" 129.419"", ""  70.905""], ["" 129.799"", "" 127.176"", ""  72.542""], ["" 129.928"", "" 129.566"", ""  72.264""], ["" 129.995"", "" 128.439"", ""  73.096""], ["" 130.248"", "" 128.486"", ""  74.454""], ["" 129.192"", "" 128.827"", ""  75.345""], ["" 129.755"", "" 125.350"", ""  63.289""], ["" 128.687"", "" 124.656"", ""  62.825""], ["" 130.845"", "" 125.400"", ""  62.716""], ["" 127.842"", "" 124.683"", ""  63.376""], ["" 128.627"", "" 123.896"", ""  61.665""], ["" 128.004"", "" 122.753"", ""  61.479""], ["" 129.465"", "" 124.506"", ""  60.275""], ["" 128.156"", "" 122.312"", ""  60.246""], ["" 128.920"", "" 123.108"", ""  59.398""]]",[],8c_Ghoteimi_2023
102,1781,8d_Ghoteimi_2023,receptor_tmp,1,2,-7.03,-0.2196875,0.0,0.0,5,188.68,-9.12,-8.67,-0.46,-9.12,0.0,-0.94,2.09,-0.94,56,6,0.0,0.0,0.0,6.087204,10.95973,10.83815,-0.24830928,-0.82793287,0.50286148,259.763916,"110.735146, 344.089966, 184.376495, 103.86869, 130.402145, 235.79248, 83.457115, ","[["" 129.724"", "" 127.340"", ""  67.684""], ["" 128.833"", "" 128.042"", ""  66.830""], ["" 128.756"", "" 127.590"", ""  65.482""], ["" 127.631"", "" 128.521"", ""  64.521""], ["" 127.232"", "" 129.541"", ""  65.905""], ["" 127.951"", "" 129.156"", ""  67.043""], ["" 129.448"", "" 126.573"", ""  64.966""], ["" 130.298"", "" 125.917"", ""  65.801""], ["" 130.448"", "" 126.272"", ""  67.144""], ["" 129.910"", "" 127.698"", ""  69.110""], ["" 130.252"", "" 128.384"", ""  71.806""], ["" 129.107"", "" 127.704"", ""  71.390""], ["" 131.233"", "" 128.718"", ""  70.857""], ["" 128.936"", "" 127.360"", ""  70.051""], ["" 131.060"", "" 128.374"", ""  69.519""], ["" 130.336"", "" 128.684"", ""  73.151""], ["" 129.459"", "" 129.662"", ""  73.701""], ["" 127.828"", "" 129.779"", ""  68.259""], ["" 128.407"", "" 129.521"", ""  69.045""], ["" 127.158"", "" 130.520"", ""  68.410""], ["" 131.059"", "" 124.779"", ""  65.198""], ["" 132.374"", "" 124.947"", ""  64.741""], ["" 130.473"", "" 123.512"", ""  65.079""], ["" 133.077"", "" 123.885"", ""  64.180""], ["" 131.173"", "" 122.447"", ""  64.518""], ["" 132.486"", "" 122.627"", ""  64.062""], ["" 133.258"", "" 121.632"", ""  63.495""], ["" 133.445"", "" 121.618"", ""  62.083""], ["" 126.245"", "" 130.632"", ""  65.757""], ["" 126.564"", "" 131.803"", ""  65.538""], ["" 124.962"", "" 130.206"", ""  65.888""], ["" 124.543"", "" 129.504"", ""  67.050""]]",[],8d_Ghoteimi_2023
103,9063,9a_Ghoteimi_2023,receptor_tmp,1,19,-3.52,-0.06901960784313725,0.0,0.0,1,185.8,-6.5,-6.29,-0.21,-6.5,0.0,-1.6,2.98,-1.6,93,4,0.0,0.0,0.0,7.103024,8.34964,8.520925,0.9089678,-0.41647786,-0.01799268,232.612045,"234.001144, 113.532959, 166.06488, 132.235825, 53.612114, 264.533813, 223.439438, 129.395447, 291.003143, 274.429108, ","[["" 133.011"", "" 120.855"", ""  61.345""], ["" 132.314"", "" 120.313"", ""  60.266""], ["" 132.923"", "" 119.385"", ""  59.426""], ["" 134.246"", "" 118.982"", ""  59.648""], ["" 134.945"", "" 119.527"", ""  60.736""], ["" 134.337"", "" 120.454"", ""  61.578""], ["" 132.296"", "" 121.784"", ""  62.126""], ["" 131.028"", "" 121.736"", ""  62.605""], ["" 130.251"", "" 120.800"", ""  62.416""], ["" 132.823"", "" 122.611"", ""  62.364""], ["" 130.615"", "" 122.898"", ""  63.398""], ["" 130.094"", "" 124.122"", ""  62.948""], ["" 129.778"", "" 125.049"", ""  64.006""], ["" 130.757"", "" 122.874"", ""  65.156""], ["" 129.229"", "" 126.363"", ""  64.015""], ["" 130.121"", "" 124.498"", ""  65.275""], ["" 129.111"", "" 127.012"", ""  65.250""], ["" 129.989"", "" 125.111"", ""  66.451""], ["" 129.495"", "" 126.378"", ""  66.433""], ["" 129.911"", "" 124.424"", ""  61.623""], ["" 129.370"", "" 123.829"", ""  61.011""], ["" 130.313"", "" 125.256"", ""  61.213""], ["" 128.772"", "" 127.070"", ""  62.791""], ["" 129.184"", "" 128.379"", ""  62.529""], ["" 127.947"", "" 126.423"", ""  61.870""], ["" 128.766"", "" 129.034"", ""  61.375""], ["" 127.532"", "" 127.076"", ""  60.713""], ["" 127.938"", "" 128.391"", ""  60.442""], ["" 127.496"", "" 129.033"", ""  59.282""], ["" 126.055"", "" 129.313"", ""  59.119""], ["" 128.091"", "" 128.733"", ""  57.964""], ["" 125.755"", "" 130.340"", ""  58.007""], ["" 127.738"", "" 129.776"", ""  56.881""], ["" 126.329"", "" 129.912"", ""  56.782""], ["" 129.367"", "" 127.051"", ""  67.761""], ["" 128.530"", "" 128.162"", ""  67.918""], ["" 130.075"", "" 126.596"", ""  68.880""], ["" 128.403"", "" 128.794"", ""  69.152""], ["" 129.946"", "" 127.225"", ""  70.114""], ["" 129.098"", "" 128.330"", ""  70.280""], ["" 128.996"", "" 128.966"", ""  71.521""], ["" 128.653"", "" 128.217"", ""  72.747""], ["" 129.919"", "" 130.070"", ""  71.859""], ["" 128.233"", "" 129.115"", ""  73.929""], ["" 129.457"", "" 130.917"", ""  73.062""], ["" 129.237"", "" 130.081"", ""  74.187""], ["" 134.873"", "" 117.981"", ""  58.721""], ["" 134.771"", "" 116.759"", ""  58.874""], ["" 135.557"", "" 118.551"", ""  57.697""], ["" 136.976"", "" 118.471"", ""  57.627""], ["" 137.580"", "" 118.942"", ""  58.954""]]",[],9a_Ghoteimi_2023
104,983,9b_Ghoteimi_2023,receptor_tmp,1,11,-8.23,-0.1828888888888889,0.0,0.0,7,188.09,-10.32,-9.81,-0.5,-10.32,0.0,-1.49,2.09,-1.49,62,4,0.0,0.0,0.0,5.513649,10.739024,8.221431,0.08050653,0.94570077,0.3149107,104.728226,"317.474518, 91.833992, 242.121994, 307.454437, 359.970428, 181.403595, 118.620392, ","[["" 128.498"", "" 127.868"", ""  62.291""], ["" 127.938"", "" 129.135"", ""  62.067""], ["" 127.646"", "" 129.982"", ""  63.586""], ["" 128.291"", "" 128.644"", ""  64.507""], ["" 128.376"", "" 128.688"", ""  65.836""], ["" 128.909"", "" 127.603"", ""  66.456""], ["" 129.329"", "" 126.472"", ""  65.752""], ["" 129.222"", "" 126.413"", ""  64.357""], ["" 128.699"", "" 127.553"", ""  63.684""], ["" 128.846"", "" 127.006"", ""  61.282""], ["" 129.715"", "" 126.490"", ""  61.299""], ["" 128.243"", "" 126.857"", ""  60.485""], ["" 127.598"", "" 129.771"", ""  60.791""], ["" 126.628"", "" 129.153"", ""  60.072""], ["" 128.172"", "" 130.801"", ""  60.429""], ["" 126.234"", "" 128.310"", ""  60.463""], ["" 126.106"", "" 129.541"", ""  58.845""], ["" 126.547"", "" 129.160"", ""  57.657""], ["" 125.022"", "" 130.409"", ""  58.719""], ["" 125.740"", "" 129.787"", ""  56.708""], ["" 124.823"", "" 130.539"", ""  57.364""], ["" 129.654"", "" 125.176"", ""  63.658""], ["" 130.989"", "" 124.773"", ""  63.699""], ["" 128.726"", "" 124.381"", ""  62.983""], ["" 131.394"", "" 123.605"", ""  63.062""], ["" 129.131"", "" 123.212"", ""  62.345""], ["" 130.474"", "" 122.807"", ""  62.364""], ["" 130.855"", "" 121.622"", ""  61.729""], ["" 129.820"", "" 120.758"", ""  61.128""], ["" 132.087"", "" 121.543"", ""  60.920""], ["" 130.319"", "" 119.328"", ""  60.829""], ["" 132.531"", "" 120.095"", ""  60.620""], ["" 131.472"", "" 119.380"", ""  60.002""], ["" 129.012"", "" 127.687"", ""  67.944""], ["" 129.015"", "" 126.532"", ""  68.736""], ["" 129.103"", "" 128.927"", ""  68.584""], ["" 129.097"", "" 126.616"", ""  70.122""], ["" 129.180"", "" 129.012"", ""  69.971""], ["" 129.164"", "" 127.860"", ""  70.770""], ["" 129.249"", "" 127.961"", ""  72.163""], ["" 129.170"", "" 129.268"", ""  72.846""], ["" 130.161"", "" 127.064"", ""  72.904""], ["" 128.934"", "" 129.163"", ""  74.367""], ["" 129.900"", "" 127.028"", ""  74.425""], ["" 129.928"", "" 128.342"", ""  74.957""]]",[],9b_Ghoteimi_2023
105,956,9c_Ghoteimi_2023,receptor_tmp,1,4,-8.18,-0.18177777777777776,0.0,0.0,8,188.29,-10.26,-9.99,-0.28,-10.26,0.0,-1.39,2.09,-1.39,66,5,0.0,0.0,0.0,5.608661,10.478987,8.680331,-0.08733512,-0.93433061,-0.34554145,253.308289,"72.088226, 78.6782, 264.981476, 314.686005, 359.05661, 222.654144, 87.893867, ","[["" 128.524"", "" 127.687"", ""  62.805""], ["" 127.916"", "" 128.944"", ""  62.655""], ["" 127.633"", "" 129.707"", ""  64.219""], ["" 128.345"", "" 128.351"", ""  65.060""], ["" 128.459"", "" 128.334"", ""  66.387""], ["" 129.043"", "" 127.240"", ""  66.942""], ["" 129.483"", "" 126.159"", ""  66.175""], ["" 129.344"", "" 126.162"", ""  64.783""], ["" 128.768"", "" 127.314"", ""  64.176""], ["" 128.875"", "" 126.886"", ""  61.748""], ["" 128.374"", "" 126.034"", ""  61.536""], ["" 129.650"", "" 127.121"", ""  61.145""], ["" 127.527"", "" 129.628"", ""  61.418""], ["" 126.297"", "" 129.314"", ""  60.942""], ["" 128.288"", "" 130.433"", ""  60.876""], ["" 125.759"", "" 128.634"", ""  61.459""], ["" 125.686"", "" 129.827"", ""  59.806""], ["" 125.918"", "" 129.510"", ""  58.550""], ["" 124.469"", "" 131.040"", ""  60.042""], ["" 125.154"", "" 130.202"", ""  57.727""], ["" 124.276"", "" 131.107"", ""  58.316""], ["" 129.799"", "" 124.976"", ""  64.015""], ["" 131.150"", "" 124.627"", ""  63.991""], ["" 128.879"", "" 124.173"", ""  63.338""], ["" 131.578"", "" 123.506"", ""  63.286""], ["" 129.307"", "" 123.051"", ""  62.633""], ["" 130.665"", "" 122.704"", ""  62.584""], ["" 131.070"", "" 121.566"", ""  61.879""], ["" 130.062"", "" 120.780"", ""  61.140""], ["" 132.350"", "" 121.531"", ""  61.146""], ["" 130.557"", "" 119.371"", ""  60.747""], ["" 132.789"", "" 120.105"", ""  60.748""], ["" 131.762"", "" 119.470"", ""  60.002""], ["" 129.178"", "" 127.258"", ""  68.430""], ["" 128.634"", "" 126.237"", ""  69.220""], ["" 129.855"", "" 128.299"", ""  69.073""], ["" 128.754"", "" 126.263"", ""  70.605""], ["" 129.973"", "" 128.328"", ""  70.459""], ["" 129.413"", "" 127.319"", ""  71.256""], ["" 129.549"", "" 127.355"", ""  72.648""], ["" 129.239"", "" 128.577"", ""  73.419""], ["" 130.662"", "" 126.628"", ""  73.293""], ["" 129.105"", "" 128.339"", ""  74.938""], ["" 130.489"", "" 126.450"", ""  74.817""], ["" 130.276"", "" 127.709"", ""  75.434""]]",[],9c_Ghoteimi_2023
106,891,9d_Ghoteimi_2023,receptor_tmp,1,7,-8.21,-0.20525000000000002,0.0,0.0,13,192.14,-10.3,-9.98,-0.31,-10.3,0.0,-1.3,2.09,-1.3,62,6,0.0,0.0,0.0,5.997672,10.272871,10.512891,-0.31758199,-0.64114957,0.69861929,136.225464,"9.2185, 213.912567, 87.429176, 96.752838, 43.949707, 227.88472, 147.400528, ","[["" 127.596"", "" 129.393"", ""  66.607""], ["" 126.990"", "" 130.012"", ""  65.506""], ["" 127.341"", "" 129.147"", ""  64.011""], ["" 128.310"", "" 127.974"", ""  64.870""], ["" 128.937"", "" 126.985"", ""  64.234""], ["" 129.679"", "" 126.136"", ""  64.991""], ["" 129.766"", "" 126.257"", ""  66.380""], ["" 129.094"", "" 127.283"", ""  67.056""], ["" 128.345"", "" 128.208"", ""  66.277""], ["" 127.503"", "" 129.884"", ""  67.883""], ["" 128.065"", "" 129.516"", ""  68.637""], ["" 126.869"", "" 130.637"", ""  68.114""], ["" 126.156"", "" 131.234"", ""  65.472""], ["" 126.628"", "" 132.369"", ""  65.374""], ["" 124.826"", "" 130.969"", ""  65.557""], ["" 124.348"", "" 129.887"", ""  66.344""], ["" 129.198"", "" 127.350"", ""  68.537""], ["" 128.525"", "" 126.427"", ""  69.342""], ["" 129.998"", "" 128.320"", ""  69.143""], ["" 128.640"", "" 126.482"", ""  70.728""], ["" 130.115"", "" 128.374"", ""  70.528""], ["" 129.445"", "" 127.452"", ""  71.346""], ["" 129.570"", "" 127.535"", ""  72.735""], ["" 129.411"", "" 128.846"", ""  73.393""], ["" 130.572"", "" 126.737"", ""  73.467""], ["" 129.184"", "" 128.739"", ""  74.916""], ["" 130.312"", "" 126.679"", ""  74.987""], ["" 130.235"", "" 127.995"", ""  75.515""], ["" 130.393"", "" 125.050"", ""  64.252""], ["" 129.675"", "" 124.028"", ""  63.624""], ["" 131.791"", "" 125.020"", ""  64.175""], ["" 130.330"", "" 123.011"", ""  62.935""], ["" 132.447"", "" 124.005"", ""  63.484""], ["" 131.731"", "" 122.986"", ""  62.839""], ["" 132.404"", "" 121.961"", ""  62.166""], ["" 133.622"", "" 121.343"", ""  62.728""], ["" 131.632"", "" 120.950"", ""  61.413""], ["" 134.417"", "" 120.494"", ""  61.714""], ["" 132.487"", "" 120.111"", ""  60.440""], ["" 133.572"", "" 119.516"", ""  61.132""]]",[],9d_Ghoteimi_2023
107,923,RR10_Rahimova_2017,receptor_tmp,1,4,-9.44,-0.2622222222222222,0.0,0.0,1,186.74,-10.93,-10.97,0.05,-10.93,0.0,-1.29,1.49,-1.29,57,4,0.0,0.0,0.0,8.570352,4.294599,6.563483,-0.06573327,0.18290189,0.98093121,206.527603,"189.495087, 276.04245, 257.223022, 116.152534, 165.035065, ","[["" 131.595"", "" 121.900"", ""  61.711""], ["" 130.495"", "" 122.872"", ""  61.490""], ["" 129.142"", "" 122.140"", ""  61.672""], ["" 129.016"", "" 120.973"", ""  60.658""], ["" 130.222"", "" 120.017"", ""  60.817""], ["" 131.578"", "" 120.758"", ""  60.757""], ["" 133.189"", "" 122.635"", ""  61.947""], ["" 133.510"", "" 123.423"", ""  60.750""], ["" 134.107"", "" 121.585"", ""  62.408""], ["" 132.970"", "" 123.803"", ""  63.289""], ["" 131.825"", "" 123.733"", ""  64.092""], ["" 133.944"", "" 124.782"", ""  63.511""], ["" 131.688"", "" 124.659"", ""  65.136""], ["" 133.834"", "" 125.720"", ""  64.542""], ["" 132.694"", "" 125.634"", ""  65.345""], ["" 130.679"", "" 124.788"", ""  66.053""], ["" 132.236"", "" 126.346"", ""  66.428""], ["" 131.030"", "" 125.799"", ""  66.816""], ["" 132.666"", "" 127.130"", ""  66.896""], ["" 130.224"", "" 126.306"", ""  67.978""], ["" 130.583"", "" 127.496"", ""  68.625""], ["" 129.102"", "" 125.597"", ""  68.428""], ["" 129.834"", "" 127.969"", ""  69.700""], ["" 128.353"", "" 126.068"", ""  69.502""], ["" 128.722"", "" 127.252"", ""  70.135""], ["" 127.989"", "" 123.140"", ""  61.448""], ["" 128.126"", "" 124.003"", ""  60.425""], ["" 127.006"", "" 123.132"", ""  62.194""], ["" 129.003"", "" 124.017"", ""  59.927""], ["" 127.167"", "" 125.056"", ""  60.065""], ["" 127.454"", "" 125.672"", ""  58.669""], ["" 125.717"", "" 124.506"", ""  60.073""], ["" 127.219"", "" 124.656"", ""  57.529""], ["" 125.474"", "" 123.489"", ""  58.935""], ["" 125.768"", "" 124.121"", ""  57.555""], ["" 125.500"", "" 123.136"", ""  56.404""]]",[],RR10_Rahimova_2017
108,1103,RR11_Rahimova_2017,receptor_tmp,1,20,-7.32,-0.18769230769230769,0.0,0.0,1,190.48,-9.11,-9.15,0.05,-9.11,0.0,-0.6,1.79,-0.6,52,7,0.0,0.0,0.0,8.584913,10.616487,6.908494,0.58786636,0.5559211,-0.58767752,74.500542,"49.199863, 332.133301, 20.894987, 72.690796, 237.412338, 290.788055, ","[["" 132.411"", "" 123.069"", ""  62.450""], ["" 131.660"", "" 123.542"", ""  63.687""], ["" 130.478"", "" 125.995"", ""  67.306""], ["" 131.488"", "" 126.121"", ""  66.377""], ["" 129.730"", "" 124.936"", ""  67.081""], ["" 131.379"", "" 125.077"", ""  65.489""], ["" 130.262"", "" 124.349"", ""  65.963""], ["" 132.102"", "" 124.690"", ""  64.357""], ["" 129.849"", "" 123.194"", ""  65.285""], ["" 130.564"", "" 122.806"", ""  64.151""], ["" 132.162"", "" 126.873"", ""  66.387""], ["" 130.260"", "" 126.965"", ""  68.432""], ["" 129.853"", "" 128.785"", ""  70.515""], ["" 128.765"", "" 128.121"", ""  69.953""], ["" 131.143"", "" 128.544"", ""  70.048""], ["" 128.969"", "" 127.214"", ""  68.915""], ["" 131.345"", "" 127.637"", ""  69.011""], ["" 129.650"", "" 129.697"", ""  71.550""], ["" 130.059"", "" 130.619"", ""  71.489""], ["" 129.067"", "" 129.437"", ""  72.333""], ["" 132.276"", "" 124.025"", ""  61.272""], ["" 131.863"", "" 125.344"", ""  61.495""], ["" 132.596"", "" 123.587"", ""  59.982""], ["" 131.753"", "" 126.203"", ""  60.394""], ["" 132.501"", "" 124.420"", ""  58.865""], ["" 132.072"", "" 125.729"", ""  59.100""], ["" 131.358"", "" 127.515"", ""  60.355""], ["" 131.849"", "" 126.818"", ""  58.290""], ["" 131.419"", "" 127.859"", ""  59.087""], ["" 131.960"", "" 126.894"", ""  57.290""], ["" 131.062"", "" 129.217"", ""  58.559""], ["" 130.028"", "" 129.366"", ""  57.625""], ["" 131.759"", "" 130.354"", ""  58.990""], ["" 129.698"", "" 130.624"", ""  57.130""], ["" 131.431"", "" 131.613"", ""  58.496""], ["" 130.401"", "" 131.746"", ""  57.567""], ["" 130.073"", "" 133.006"", ""  57.069""], ["" 130.686"", "" 133.451"", ""  56.400""], ["" 129.208"", "" 133.442"", ""  57.353""]]",[],RR11_Rahimova_2017
109,8751,RR11_Rahimova_2017-again1,receptor_tmp,1,9,-8.44,-0.211,0.0,0.0,5,184.14,-10.23,-8.78,-1.45,-10.23,0.0,0.23,1.79,0.23,59,9,0.0,0.0,0.0,7.07299,9.489171,12.736343,-0.68668838,-0.65697957,0.31118631,190.078812,"81.17112, 314.656006, 260.885284, 26.711565, 170.537643, 230.726425, ","[["" 129.541"", "" 129.284"", ""  70.848""], ["" 129.665"", "" 128.026"", ""  71.694""], ["" 129.299"", "" 123.721"", ""  73.057""], ["" 128.913"", "" 124.378"", ""  71.907""], ["" 129.909"", "" 124.524"", ""  73.900""], ["" 129.289"", "" 125.695"", ""  72.025""], ["" 129.917"", "" 125.752"", ""  73.292""], ["" 129.158"", "" 126.816"", ""  71.201""], ["" 130.437"", "" 126.968"", ""  73.754""], ["" 130.302"", "" 128.093"", ""  72.939""], ["" 128.430"", "" 123.925"", ""  71.145""], ["" 129.038"", "" 122.265"", ""  73.310""], ["" 128.549"", "" 119.555"", ""  73.795""], ["" 129.795"", "" 120.099"", ""  74.099""], ["" 127.546"", "" 120.353"", ""  73.250""], ["" 130.038"", "" 121.450"", ""  73.857""], ["" 127.791"", "" 121.703"", ""  73.009""], ["" 128.303"", "" 118.205"", ""  74.040""], ["" 128.349"", "" 117.545"", ""  73.277""], ["" 128.042"", "" 117.908"", ""  74.970""], ["" 129.075"", "" 128.993"", ""  69.428""], ["" 128.195"", "" 129.884"", ""  68.800""], ["" 129.513"", "" 127.831"", ""  68.782""], ["" 127.805"", "" 129.573"", ""  67.495""], ["" 129.121"", "" 127.512"", ""  67.480""], ["" 128.260"", "" 128.413"", ""  66.846""], ["" 126.979"", "" 130.234"", ""  66.597""], ["" 127.693"", "" 128.416"", ""  65.579""], ["" 126.909"", "" 129.535"", ""  65.415""], ["" 126.487"", "" 131.104"", ""  66.740""], ["" 127.814"", "" 127.728"", ""  64.849""], ["" 126.140"", "" 129.923"", ""  64.193""], ["" 126.340"", "" 129.234"", ""  62.991""], ["" 125.212"", "" 130.970"", ""  64.240""], ["" 125.621"", "" 129.585"", ""  61.851""], ["" 124.493"", "" 131.322"", ""  63.101""], ["" 124.698"", "" 130.629"", ""  61.909""], ["" 123.975"", "" 130.976"", ""  60.769""], ["" 123.620"", "" 131.917"", ""  60.672""], ["" 123.790"", "" 130.277"", ""  60.066""]]",[],RR11_Rahimova_2017-again1
110,8882,RR11_Rahimova_2017-again2,receptor_tmp,1,12,-8.75,-0.21341463414634146,0.0,0.0,5,184.48,-10.54,-8.25,-2.29,-10.54,0.0,0.22,1.79,0.22,66,10,0.0,0.0,0.0,5.492157,9.312041,5.781193,0.83176792,-0.43934215,-0.33932374,228.928909,"129.677414, 255.149323, 226.324951, 87.801567, 255.636475, 79.027733, ","[["" 131.987"", "" 123.087"", ""  62.456""], ["" 131.248"", "" 123.580"", ""  63.692""], ["" 129.968"", "" 126.351"", ""  67.126""], ["" 130.849"", "" 126.433"", ""  66.071""], ["" 129.367"", "" 125.117"", ""  67.033""], ["" 130.813"", "" 125.262"", ""  65.327""], ["" 129.867"", "" 124.423"", ""  65.938""], ["" 131.517"", "" 124.862"", ""  64.188""], ["" 129.582"", "" 123.151"", ""  65.434""], ["" 130.294"", "" 122.755"", ""  64.299""], ["" 131.423"", "" 127.247"", ""  65.910""], ["" 128.672"", "" 124.804"", ""  67.694""], ["" 129.723"", "" 127.391"", ""  68.170""], ["" 129.250"", "" 129.325"", ""  70.127""], ["" 128.702"", "" 129.478"", ""  68.855""], ["" 130.036"", "" 128.214"", ""  70.427""], ["" 128.938"", "" 128.513"", ""  67.879""], ["" 130.272"", "" 127.250"", ""  69.450""], ["" 129.009"", "" 130.287"", ""  71.107""], ["" 129.197"", "" 131.259"", ""  70.906""], ["" 128.712"", "" 129.997"", ""  72.028""], ["" 132.063"", "" 124.136"", ""  61.356""], ["" 131.301"", "" 125.307"", ""  61.470""], ["" 132.872"", "" 123.906"", ""  60.237""], ["" 131.412"", "" 126.239"", ""  60.435""], ["" 132.982"", "" 124.832"", ""  59.196""], ["" 132.237"", "" 126.007"", ""  59.322""], ["" 130.825"", "" 127.482"", ""  60.243""], ["" 132.121"", "" 127.120"", ""  58.500""], ["" 131.259"", "" 128.034"", ""  59.060""], ["" 130.176"", "" 127.957"", ""  60.855""], ["" 132.583"", "" 127.283"", ""  57.617""], ["" 130.877"", "" 129.366"", ""  58.502""], ["" 130.003"", "" 129.451"", ""  57.413""], ["" 131.386"", "" 130.542"", ""  59.068""], ["" 129.639"", "" 130.693"", ""  56.898""], ["" 131.023"", "" 131.784"", ""  58.554""], ["" 130.148"", "" 131.856"", ""  57.472""], ["" 129.779"", "" 133.101"", ""  56.961""], ["" 130.365"", "" 133.550"", ""  56.273""], ["" 128.965"", "" 133.568"", ""  57.333""]]",[],RR11_Rahimova_2017-again2
111,8782,RR12_Rahimova_2017,receptor_tmp,1,20,-7.09,-0.2625925925925926,0.0,0.0,1,186.44,-9.77,-9.48,-0.29,-9.77,0.0,-1.49,2.68,-1.49,52,2,0.0,0.0,0.0,8.408323,5.990232,5.464835,-0.22732562,0.59101505,0.77396659,240.102753,"96.560959, 149.262558, 267.41806, 353.193787, 5.293851, 122.28334, 241.590561, 208.498566, 110.474693, ","[["" 130.364"", "" 122.859"", ""  61.146""], ["" 130.708"", "" 124.333"", ""  60.858""], ["" 131.662"", "" 124.912"", ""  61.803""], ["" 133.497"", "" 123.746"", ""  61.151""], ["" 132.965"", "" 124.586"", ""  61.882""], ["" 131.299"", "" 125.612"", ""  62.434""], ["" 133.774"", "" 125.335"", ""  62.949""], ["" 133.691"", "" 124.632"", ""  64.190""], ["" 132.524"", "" 123.967"", ""  64.514""], ["" 131.503"", "" 124.740"", ""  65.070""], ["" 132.316"", "" 122.591"", ""  64.320""], ["" 130.289"", "" 124.159"", ""  65.426""], ["" 131.102"", "" 122.008"", ""  64.675""], ["" 130.093"", "" 122.796"", ""  65.226""], ["" 129.474"", "" 122.232"", ""  60.056""], ["" 128.058"", "" 122.782"", ""  60.077""], ["" 127.305"", "" 122.757"", ""  61.149""], ["" 127.427"", "" 123.338"", ""  58.975""], ["" 126.130"", "" 123.341"", ""  60.766""], ["" 126.171"", "" 123.726"", ""  59.403""], ["" 124.976"", "" 123.584"", ""  61.527""], ["" 125.087"", "" 124.354"", ""  58.775""], ["" 123.896"", "" 124.207"", ""  60.901""], ["" 123.955"", "" 124.583"", ""  59.559""], ["" 127.985"", "" 123.542"", ""  57.640""], ["" 126.897"", "" 123.378"", ""  56.563""], ["" 126.211"", "" 122.007"", ""  56.622""]]",[],RR12_Rahimova_2017
112,784,RR13_Rahimova_2017,receptor_tmp,1,15,-11.78,-0.24541666666666664,0.0,0.0,1,184.12,-15.36,-15.33,-0.03,-15.36,0.0,-4.88,3.58,-4.88,68,10,0.0,0.0,0.0,3.923642,11.387323,6.094215,0.25742764,0.90157204,-0.34770514,230.901062,"3.484272, 300.143097, 53.435486, 223.869019, 9.105011, 14.809583, 268.567627, 290.722931, 107.209694, 332.788513, 207.872147, 110.655998, ","[["" 128.193"", "" 126.708"", ""  62.661""], ["" 127.203"", "" 127.189"", ""  61.680""], ["" 126.372"", "" 128.355"", ""  62.265""], ["" 127.242"", "" 129.494"", ""  62.604""], ["" 128.226"", "" 129.010"", ""  63.588""], ["" 129.060"", "" 127.851"", ""  62.994""], ["" 128.898"", "" 125.511"", ""  62.144""], ["" 129.969"", "" 124.962"", ""  63.112""], ["" 131.318"", "" 125.360"", ""  63.020""], ["" 132.268"", "" 124.829"", ""  63.895""], ["" 131.897"", "" 123.895"", ""  64.859""], ["" 129.616"", "" 124.010"", ""  64.084""], ["" 130.570"", "" 123.485"", ""  64.953""], ["" 131.863"", "" 126.495"", ""  61.832""], ["" 127.927"", "" 124.402"", ""  61.710""], ["" 126.663"", "" 124.285"", ""  62.054""], ["" 128.289"", "" 123.321"", ""  60.935""], ["" 126.207"", "" 123.122"", ""  61.443""], ["" 127.232"", "" 122.525"", ""  60.735""], ["" 129.566"", "" 123.025"", ""  60.298""], ["" 129.895"", "" 121.526"", ""  60.433""], ["" 131.303"", "" 121.292"", ""  60.959""], ["" 131.920"", "" 122.259"", ""  61.756""], ["" 131.980"", "" 120.112"", ""  60.636""], ["" 133.211"", "" 122.047"", ""  62.231""], ["" 133.272"", "" 119.901"", ""  61.112""], ["" 133.881"", "" 120.869"", ""  61.907""], ["" 126.477"", "" 130.665"", ""  63.091""], ["" 125.520"", "" 130.324"", ""  64.236""], ["" 124.223"", "" 130.160"", ""  64.121""], ["" 125.896"", "" 130.088"", ""  65.542""], ["" 123.762"", "" 129.849"", ""  65.396""], ["" 124.817"", "" 129.813"", ""  66.284""], ["" 127.213"", "" 130.158"", ""  66.165""], ["" 127.210"", "" 129.413"", ""  67.512""], ["" 128.073"", "" 128.161"", ""  67.478""], ["" 128.194"", "" 127.366"", ""  68.621""], ["" 128.737"", "" 127.804"", ""  66.301""], ["" 128.979"", "" 126.216"", ""  68.588""], ["" 129.522"", "" 126.655"", ""  66.268""], ["" 129.640"", "" 125.866"", ""  67.411""], ["" 125.738"", "" 131.477"", ""  62.005""], ["" 124.644"", "" 130.863"", ""  61.381""], ["" 126.099"", "" 132.784"", ""  61.602""], ["" 123.906"", "" 131.527"", ""  60.401""], ["" 125.352"", "" 133.442"", ""  60.622""], ["" 124.258"", "" 132.820"", ""  60.026""], ["" 127.481"", "" 133.615"", ""  62.233""]]",[],RR13_Rahimova_2017
113,1874,RR14_Rahimova_2017,receptor_tmp,1,15,-9.43,-0.23575,0.0,0.0,3,186.86,-12.71,-12.48,-0.23,-12.71,0.0,-2.39,3.28,-2.39,60,13,0.0,0.0,0.0,6.882184,10.569064,6.061775,-0.17083134,0.95481788,-0.24318607,294.851654,"166.830933, 107.072197, 288.887543, 107.060631, 37.422012, 18.327087, 358.052673, 101.824142, 194.547623, 0.579813, 207.894531, ","[["" 130.731"", "" 125.196"", ""  64.376""], ["" 130.312"", "" 125.791"", ""  63.096""], ["" 130.357"", "" 127.258"", ""  63.181""], ["" 129.061"", "" 127.945"", ""  63.605""], ["" 125.383"", "" 129.741"", ""  64.652""], ["" 126.609"", "" 129.137"", ""  64.332""], ["" 125.059"", "" 129.955"", ""  65.995""], ["" 126.977"", "" 128.898"", ""  62.991""], ["" 127.497"", "" 128.752"", ""  65.352""], ["" 125.940"", "" 129.576"", ""  67.006""], ["" 128.124"", "" 128.328"", ""  62.544""], ["" 128.761"", "" 128.127"", ""  64.915""], ["" 127.163"", "" 128.974"", ""  66.699""], ["" 128.311"", "" 128.165"", ""  61.338""], ["" 124.400"", "" 130.168"", ""  63.569""], ["" 126.331"", "" 129.166"", ""  62.264""], ["" 128.102"", "" 128.576"", ""  67.830""], ["" 128.974"", "" 125.340"", ""  62.693""], ["" 128.800"", "" 123.806"", ""  62.753""], ["" 128.299"", "" 123.187"", ""  61.431""], ["" 126.837"", "" 123.130"", ""  61.334""], ["" 126.368"", "" 123.949"", ""  60.209""], ["" 126.158"", "" 123.483"", ""  62.591""], ["" 124.827"", "" 123.952"", ""  60.111""], ["" 124.624"", "" 123.499"", ""  62.421""], ["" 124.259"", "" 124.361"", ""  61.350""], ["" 132.236"", "" 125.275"", ""  64.590""], ["" 132.830"", "" 125.390"", ""  65.754""], ["" 133.184"", "" 125.224"", ""  63.590""], ["" 134.194"", "" 125.400"", ""  65.483""], ["" 134.409"", "" 125.291"", ""  64.123""], ["" 133.014"", "" 125.073"", ""  62.145""], ["" 132.577"", "" 123.672"", ""  61.733""], ["" 131.549"", "" 123.503"", ""  60.803""], ["" 133.221"", "" 122.554"", ""  62.267""], ["" 131.194"", "" 122.225"", ""  60.383""], ["" 132.865"", "" 121.276"", ""  61.846""], ["" 131.851"", "" 121.103"", ""  60.889""], ["" 131.447"", "" 119.877"", ""  60.396""], ["" 130.281"", "" 119.264"", ""  60.936""]]",[],RR14_Rahimova_2017
114,9454,RR15_Rahimova_2017,receptor_tmp,1,11,-9.25,-0.20108695652173914,0.0,0.0,1,184.61,-13.72,-13.13,-0.59,-13.72,0.0,-3.32,4.47,-3.32,61,5,0.0,0.0,0.0,6.119762,11.811904,7.957655,-0.377653,0.90315526,0.20417831,277.97403,"17.342039, 210.906479, 354.153473, 132.596237, 227.256424, 265.921722, 125.538208, 271.663879, 27.431803, 85.487175, 41.75872, 100.416275, 284.28775, 74.788933, 8.692769, ","[["" 129.208"", "" 127.137"", ""  63.776""], ["" 128.347"", "" 127.996"", ""  63.981""], ["" 129.638"", "" 126.825"", ""  62.514""], ["" 130.667"", "" 127.619"", ""  61.776""], ["" 131.357"", "" 126.760"", ""  60.724""], ["" 132.678"", "" 125.123"", ""  58.881""], ["" 132.890"", "" 124.942"", ""  60.245""], ["" 131.811"", "" 126.114"", ""  58.428""], ["" 132.231"", "" 125.757"", ""  61.161""], ["" 131.154"", "" 126.929"", ""  59.345""], ["" 133.317"", "" 124.331"", ""  57.991""], ["" 130.184"", "" 129.038"", ""  61.341""], ["" 131.127"", "" 129.836"", ""  60.810""], ["" 129.019"", "" 129.395"", ""  61.517""], ["" 132.068"", "" 129.479"", ""  60.725""], ["" 130.935"", "" 131.230"", ""  60.427""], ["" 132.005"", "" 131.683"", ""  59.416""], ["" 132.577"", "" 130.483"", ""  58.877""], ["" 131.471"", "" 132.429"", ""  58.181""], ["" 132.690"", "" 130.562"", ""  57.460""], ["" 131.478"", "" 131.395"", ""  57.081""], ["" 128.968"", "" 125.782"", ""  61.711""], ["" 129.128"", "" 124.360"", ""  62.290""], ["" 128.589"", "" 123.227"", ""  61.384""], ["" 127.126"", "" 123.138"", ""  61.357""], ["" 126.493"", "" 123.474"", ""  62.641""], ["" 126.592"", "" 123.957"", ""  60.260""], ["" 124.953"", "" 123.449"", ""  62.535""], ["" 125.049"", "" 123.916"", ""  60.218""], ["" 124.519"", "" 124.302"", ""  61.482""], ["" 129.836"", "" 126.424"", ""  64.999""], ["" 129.474"", "" 126.995"", ""  66.294""], ["" 129.661"", "" 126.342"", ""  67.447""], ["" 128.733"", "" 128.099"", ""  66.397""], ["" 129.047"", "" 127.134"", ""  68.306""], ["" 128.478"", "" 128.194"", ""  67.749""], ["" 128.991"", "" 126.858"", ""  69.783""], ["" 129.636"", "" 127.701"", ""  70.697""], ["" 128.295"", "" 125.750"", ""  70.278""], ["" 129.596"", "" 127.454"", ""  72.080""], ["" 128.249"", "" 125.490"", ""  71.646""], ["" 128.898"", "" 126.336"", ""  72.559""], ["" 130.213"", "" 128.260"", ""  73.022""], ["" 130.138"", "" 129.675"", ""  72.894""], ["" 128.893"", "" 126.134"", ""  73.928""], ["" 130.029"", "" 125.549"", ""  74.555""]]",[],RR15_Rahimova_2017
115,2047,RR16_Rahimova_2017,receptor_tmp,1,6,-9.49,-0.19770833333333335,0.0,0.0,3,187.13,-13.96,-13.64,-0.37,-14.0,0.04,-4.04,4.47,-4.04,55,10,0.0,0.0,0.0,6.571238,10.46405,5.956208,0.83804063,-0.54108258,0.07012522,158.619751,"51.441242, 31.595644, 153.664062, 88.982124, 5.615793, 28.972025, 197.1315, 86.480675, 8.670137, 352.542694, 331.748962, 340.331909, 45.105392, 75.442848, 333.730164, ","[["" 132.706"", "" 123.398"", ""  63.432""], ["" 131.634"", "" 122.719"", ""  64.014""], ["" 131.026"", "" 121.670"", ""  63.329""], ["" 131.495"", "" 121.306"", ""  62.065""], ["" 132.590"", "" 121.961"", ""  61.500""], ["" 133.199"", "" 123.006"", ""  62.186""], ["" 133.397"", "" 124.837"", ""  64.246""], ["" 134.456"", "" 125.366"", ""  63.377""], ["" 133.696"", "" 124.456"", ""  65.632""], ["" 132.062"", "" 126.005"", ""  64.270""], ["" 129.506"", "" 127.412"", ""  64.033""], ["" 130.672"", "" 127.666"", ""  63.045""], ["" 129.998"", "" 126.838"", ""  65.388""], ["" 131.599"", "" 126.439"", ""  62.927""], ["" 130.955"", "" 125.645"", ""  65.195""], ["" 128.600"", "" 128.634"", ""  64.201""], ["" 127.482"", "" 131.862"", ""  62.661""], ["" 126.618"", "" 132.658"", ""  63.319""], ["" 127.747"", "" 130.722"", ""  63.402""], ["" 126.252"", "" 132.031"", ""  64.490""], ["" 126.943"", "" 130.856"", ""  64.559""], ["" 128.581"", "" 129.617"", ""  63.201""], ["" 126.966"", "" 129.857"", ""  65.544""], ["" 127.801"", "" 128.756"", ""  65.346""], ["" 128.102"", "" 132.317"", ""  61.423""], ["" 129.614"", "" 132.145"", ""  61.425""], ["" 131.683"", "" 131.707"", ""  60.241""], ["" 132.389"", "" 131.784"", ""  61.442""], ["" 130.299"", "" 131.890"", ""  60.232""], ["" 131.711"", "" 132.040"", ""  62.634""], ["" 130.327"", "" 132.219"", ""  62.626""], ["" 132.517"", "" 131.380"", ""  58.765""], ["" 126.194"", "" 129.961"", ""  66.672""], ["" 125.992"", "" 130.869"", ""  66.911""], ["" 130.632"", "" 120.069"", ""  61.104""], ["" 131.519"", "" 119.697"", ""  59.995""], ["" 130.120"", "" 119.053"", ""  62.031""], ["" 129.253"", "" 120.928"", ""  60.416""], ["" 128.792"", "" 120.499"", ""  59.609""], ["" 129.134"", "" 122.400"", ""  60.541""], ["" 128.630"", "" 122.986"", ""  59.196""], ["" 128.493"", "" 124.518"", ""  59.100""], ["" 129.218"", "" 125.282"", ""  60.221""], ["" 128.495"", "" 125.324"", ""  61.580""], ["" 128.264"", "" 122.718"", ""  61.779""], ["" 128.581"", "" 124.062"", ""  62.463""], ["" 128.495"", "" 125.323"", ""  61.581""], ["" 129.218"", "" 125.282"", ""  60.221""]]",[],RR16_Rahimova_2017
116,861,RR17_Rahimova_2017,receptor_tmp,1,13,-7.79,-0.19974358974358974,0.0,0.0,1,188.42,-11.37,-10.73,-0.65,-11.37,0.0,-2.41,3.58,-2.41,51,9,0.0,0.0,0.0,8.649082,8.142242,10.695381,0.17253421,-0.07932118,0.98180451,169.551468,"111.049202, 134.805847, 342.855621, 106.829491, 334.308502, 150.319138, 38.84713, 94.094093, 274.589691, 78.077599, 273.533142, 357.137268, ","[["" 129.950"", "" 125.201"", ""  66.624""], ["" 131.495"", "" 125.007"", ""  65.781""], ["" 131.630"", "" 124.505"", ""  64.502""], ["" 132.990"", "" 124.524"", ""  64.275""], ["" 132.672"", "" 125.315"", ""  66.272""], ["" 133.627"", "" 125.009"", ""  65.310""], ["" 130.620"", "" 124.050"", ""  63.642""], ["" 128.609"", "" 123.142"", ""  61.938""], ["" 128.531"", "" 124.424"", ""  62.505""], ["" 129.702"", "" 122.326"", ""  62.237""], ["" 129.535"", "" 124.878"", ""  63.356""], ["" 130.710"", "" 122.773"", ""  63.087""], ["" 127.663"", "" 122.609"", ""  61.084""], ["" 128.006"", "" 122.381"", ""  59.721""], ["" 133.660"", "" 124.047"", ""  62.994""], ["" 133.712"", "" 125.060"", ""  61.943""], ["" 134.586"", "" 125.546"", ""  61.811""], ["" 132.735"", "" 125.195"", ""  60.940""], ["" 132.767"", "" 124.283"", ""  59.885""], ["" 131.745"", "" 126.187"", ""  60.963""], ["" 131.832"", "" 124.364"", ""  58.857""], ["" 130.812"", "" 126.269"", ""  59.935""], ["" 130.850"", "" 125.358"", ""  58.874""], ["" 129.835"", "" 125.436"", ""  57.733""], ["" 128.932"", "" 126.400"", ""  57.926""], ["" 130.454"", "" 125.678"", ""  56.576""], ["" 129.192"", "" 124.273"", ""  57.640""], ["" 130.252"", "" 126.792"", ""  67.472""], ["" 129.030"", "" 127.254"", ""  68.298""], ["" 128.121"", "" 127.899"", ""  67.768""], ["" 129.002"", "" 126.867"", ""  69.748""], ["" 128.238"", "" 125.762"", ""  70.151""], ["" 129.717"", "" 127.583"", ""  70.719""], ["" 128.194"", "" 125.383"", ""  71.489""], ["" 129.670"", "" 127.202"", ""  72.058""], ["" 128.906"", "" 126.095"", ""  72.453""], ["" 128.802"", "" 125.643"", ""  73.756""], ["" 129.787"", "" 124.749"", ""  74.266""], ["" 129.402"", "" 123.318"", ""  73.875""]]",[],RR17_Rahimova_2017
117,1147,RR18_Rahimova_2017,receptor_tmp,1,15,-8.15,-0.21447368421052632,0.0,0.0,2,189.45,-9.04,-8.89,-0.15,-9.04,0.0,-1.11,0.89,-1.11,60,6,0.0,0.0,0.0,5.699857,8.96016,6.970916,0.320718,-0.94699664,-0.01836666,71.903381,"279.986389, 126.142754, 188.972229, ","[["" 129.405"", "" 125.845"", ""  64.257""], ["" 129.330"", "" 126.871"", ""  65.427""], ["" 128.891"", "" 128.128"", ""  65.157""], ["" 128.393"", "" 128.537"", ""  63.957""], ["" 128.241"", "" 127.683"", ""  63.014""], ["" 127.479"", "" 128.026"", ""  61.478""], ["" 127.699"", "" 126.334"", ""  60.932""], ["" 127.315"", "" 125.792"", ""  59.724""], ["" 126.571"", "" 126.604"", ""  58.750""], ["" 126.288"", "" 125.816"", ""  57.708""], ["" 126.787"", "" 124.556"", ""  57.844""], ["" 127.456"", "" 124.462"", ""  59.052""], ["" 128.088"", "" 123.238"", ""  59.342""], ["" 128.003"", "" 122.161"", ""  58.456""], ["" 127.299"", "" 122.286"", ""  57.260""], ["" 126.687"", "" 123.495"", ""  56.944""], ["" 126.218"", "" 127.781"", ""  58.805""], ["" 128.645"", "" 126.388"", ""  63.075""], ["" 128.356"", "" 125.593"", ""  62.009""], ["" 128.621"", "" 124.395"", ""  62.015""], ["" 125.776"", "" 126.135"", ""  56.898""], ["" 130.850"", "" 125.521"", ""  63.887""], ["" 132.464"", "" 125.145"", ""  62.446""], ["" 133.026"", "" 125.054"", ""  63.709""], ["" 131.140"", "" 125.429"", ""  62.562""], ["" 132.001"", "" 125.292"", ""  64.624""], ["" 133.000"", "" 124.999"", ""  61.044""], ["" 129.825"", "" 126.517"", ""  66.753""], ["" 129.872"", "" 127.552"", ""  67.623""], ["" 130.180"", "" 125.369"", ""  67.029""], ["" 129.633"", "" 128.456"", ""  67.242""], ["" 130.268"", "" 127.590"", ""  68.977""], ["" 129.441"", "" 126.945"", ""  69.918""], ["" 131.448"", "" 128.214"", ""  69.422""], ["" 129.793"", "" 126.948"", ""  71.271""], ["" 131.785"", "" 128.210"", ""  70.774""], ["" 130.958"", "" 127.580"", ""  71.699""], ["" 128.156"", "" 126.234"", ""  69.501""]]",[],RR18_Rahimova_2017
118,731,RR19_Rahimova_2017,receptor_tmp,1,3,-9.73,-0.20270833333333335,0.0,0.0,5,187.6,-12.12,-11.79,-0.33,-12.12,0.0,-5.52,2.39,-5.52,55,4,0.0,0.0,0.0,6.928418,9.04321,5.938099,-0.11547852,0.85564758,-0.50451157,215.21257,"342.018646, 179.106873, 165.46463, 241.486465, 119.277008, 29.980696, 179.312256, 201.612305, ","[["" 134.198"", "" 124.721"", ""  61.874""], ["" 132.576"", "" 125.183"", ""  62.023""], ["" 131.830"", "" 125.127"", ""  63.174""], ["" 132.151"", "" 124.900"", ""  64.474""], ["" 133.291"", "" 124.889"", ""  64.947""], ["" 131.787"", "" 125.677"", ""  61.013""], ["" 131.971"", "" 125.803"", ""  59.674""], ["" 132.885"", "" 125.306"", ""  59.012""], ["" 130.835"", "" 125.169"", ""  63.011""], ["" 130.940"", "" 126.117"", ""  61.341""], ["" 130.933"", "" 124.653"", ""  65.403""], ["" 130.085"", "" 123.408"", ""  65.013""], ["" 130.395"", "" 122.859"", ""  63.632""], ["" 129.597"", "" 123.230"", ""  62.528""], ["" 131.574"", "" 122.118"", ""  63.406""], ["" 129.942"", "" 122.809"", ""  61.249""], ["" 131.902"", "" 121.708"", ""  62.120""], ["" 131.086"", "" 122.047"", ""  61.048""], ["" 130.078"", "" 125.859"", ""  65.591""], ["" 129.694"", "" 126.362"", ""  66.802""], ["" 129.563"", "" 126.545"", ""  64.532""], ["" 128.841"", "" 127.534"", ""  66.487""], ["" 129.992"", "" 125.934"", ""  67.917""], ["" 128.762"", "" 127.644"", ""  65.126""], ["" 129.727"", "" 126.303"", ""  63.335""], ["" 128.180"", "" 128.434"", ""  67.324""], ["" 128.017"", "" 128.660"", ""  64.526""], ["" 127.430"", "" 129.462"", ""  66.742""], ["" 127.349"", "" 129.575"", ""  65.348""], ["" 130.908"", "" 126.686"", ""  58.974""], ["" 130.536"", "" 127.989"", ""  59.739""], ["" 131.347"", "" 129.217"", ""  59.357""], ["" 132.056"", "" 129.267"", ""  58.138""], ["" 131.290"", "" 130.375"", ""  60.163""], ["" 132.726"", "" 130.425"", ""  57.770""], ["" 131.969"", "" 131.523"", ""  59.778""], ["" 132.687"", "" 131.547"", ""  58.590""], ["" 129.697"", "" 125.895"", ""  58.620""], ["" 129.326"", "" 125.543"", ""  57.352""], ["" 128.800"", "" 125.507"", ""  59.571""], ["" 128.044"", "" 124.813"", ""  57.505""], ["" 129.922"", "" 125.787"", ""  56.302""], ["" 127.728"", "" 124.792"", ""  58.836""], ["" 128.865"", "" 125.710"", ""  60.785""], ["" 127.210"", "" 124.220"", ""  56.556""], ["" 126.561"", "" 124.177"", ""  59.292""], ["" 126.036"", "" 123.597"", ""  56.992""], ["" 125.712"", "" 123.575"", ""  58.356""]]",[],RR19_Rahimova_2017
119,8973,RR19_Rahimova_2017-again1,receptor_tmp,1,7,-10.19,-0.21680851063829787,0.0,0.0,2,184.82,-12.87,-13.36,0.49,-12.87,0.0,-3.82,2.68,-3.82,72,5,0.0,0.0,0.0,4.482173,9.353645,1.836152,-0.45501106,-0.84177256,0.29048906,168.372818,"330.188812, 71.166306, 306.022095, 248.028549, 251.108978, 134.659378, 225.432709, 311.654144, 6.168004, ","[["" 132.829"", "" 125.601"", ""  57.656""], ["" 131.243"", "" 125.751"", ""  58.190""], ["" 130.510"", "" 124.946"", ""  59.017""], ["" 130.763"", "" 123.748"", ""  59.595""], ["" 131.847"", "" 123.159"", ""  59.590""], ["" 129.565"", "" 125.272"", ""  59.152""], ["" 130.393"", "" 126.754"", ""  57.758""], ["" 129.132"", "" 126.915"", ""  57.997""], ["" 128.360"", "" 126.272"", ""  58.737""], ["" 128.448"", "" 128.094"", ""  57.226""], ["" 129.504"", "" 128.976"", ""  56.479""], ["" 129.773"", "" 130.331"", ""  57.130""], ["" 129.040"", "" 131.452"", ""  56.732""], ["" 130.746"", "" 130.448"", ""  58.126""], ["" 129.274"", "" 132.685"", ""  57.335""], ["" 130.979"", "" 131.680"", ""  58.730""], ["" 130.242"", "" 132.794"", ""  58.332""], ["" 127.467"", "" 128.866"", ""  58.057""], ["" 127.508"", "" 128.978"", ""  59.421""], ["" 126.408"", "" 129.515"", ""  57.494""], ["" 126.337"", "" 129.813"", ""  59.782""], ["" 128.337"", "" 128.491"", ""  60.188""], ["" 125.677"", "" 130.135"", ""  58.629""], ["" 126.119"", "" 129.577"", ""  56.299""], ["" 125.880"", "" 130.256"", ""  61.024""], ["" 124.523"", "" 130.919"", ""  58.653""], ["" 124.726"", "" 131.044"", ""  61.070""], ["" 124.050"", "" 131.375"", ""  59.888""], ["" 129.542"", "" 123.107"", ""  60.318""], ["" 129.758"", "" 121.618"", ""  60.713""], ["" 131.193"", "" 121.278"", ""  61.074""], ["" 131.850"", "" 121.983"", ""  62.104""], ["" 131.826"", "" 120.151"", ""  60.505""], ["" 133.127"", "" 121.606"", ""  62.500""], ["" 133.102"", "" 119.791"", ""  60.914""], ["" 133.752"", "" 120.517"", ""  61.904""], ["" 128.239"", "" 123.317"", ""  59.616""], ["" 128.109"", "" 123.626"", ""  58.291""], ["" 127.057"", "" 123.339"", ""  60.294""], ["" 126.659"", "" 123.858"", ""  58.081""], ["" 129.005"", "" 123.706"", ""  57.450""], ["" 126.029"", "" 123.690"", ""  59.284""], ["" 126.879"", "" 123.120"", ""  61.493""], ["" 125.945"", "" 124.211"", ""  56.935""], ["" 124.649"", "" 123.867"", ""  59.407""], ["" 124.562"", "" 124.395"", ""  57.038""], ["" 123.916"", "" 124.224"", ""  58.270""]]",[],RR19_Rahimova_2017-again1
120,1257,RR1_Rahimova_2017,receptor_tmp,1,8,-7.39,-0.16795454545454544,0.0,0.0,3,191.94,-10.97,-10.16,-0.81,-10.97,0.0,-4.12,3.58,-4.12,62,10,0.0,0.0,0.0,4.61691,8.236301,9.205718,0.2073974,0.8506215,-0.48314531,212.306885,"62.952747, 41.668644, 136.031479, 86.75798, 46.912823, 67.102692, 80.239326, 138.874359, 10.269108, 334.289551, 69.456764, 11.969389, ","[["" 132.076"", "" 126.204"", ""  63.877""], ["" 132.710"", "" 125.798"", ""  62.806""], ["" 131.879"", "" 126.094"", ""  61.812""], ["" 130.750"", "" 126.674"", ""  62.173""], ["" 130.874"", "" 126.748"", ""  63.501""], ["" 132.701"", "" 126.054"", ""  65.516""], ["" 133.244"", "" 124.312"", ""  65.417""], ["" 132.735"", "" 123.532"", ""  64.194""], ["" 133.523"", "" 122.947"", ""  63.450""], ["" 131.395"", "" 123.550"", ""  64.033""], ["" 130.861"", "" 123.982"", ""  64.774""], ["" 130.614"", "" 123.008"", ""  62.995""], ["" 129.377"", "" 123.617"", ""  62.774""], ["" 131.024"", "" 121.955"", ""  62.163""], ["" 128.552"", "" 123.181"", ""  61.741""], ["" 130.195"", "" 121.522"", ""  61.132""], ["" 128.959"", "" 122.128"", ""  60.906""], ["" 128.212"", "" 121.635"", ""  59.854""], ["" 127.986"", "" 122.459"", ""  58.716""], ["" 129.803"", "" 127.319"", ""  64.317""], ["" 129.593"", "" 126.640"", ""  65.682""], ["" 129.144"", "" 127.452"", ""  66.658""], ["" 129.827"", "" 125.435"", ""  65.832""], ["" 129.147"", "" 128.462"", ""  66.616""], ["" 129.072"", "" 126.946"", ""  67.948""], ["" 129.093"", "" 127.826"", ""  68.973""], ["" 129.070"", "" 129.053"", ""  68.832""], ["" 129.528"", "" 126.048"", ""  68.018""], ["" 129.121"", "" 127.216"", ""  70.360""], ["" 129.635"", "" 127.914"", ""  71.465""], ["" 128.607"", "" 125.932"", ""  70.569""], ["" 129.640"", "" 127.348"", ""  72.752""], ["" 128.612"", "" 125.358"", ""  71.836""], ["" 129.127"", "" 126.058"", ""  72.939""], ["" 130.117"", "" 128.003"", ""  73.875""], ["" 129.416"", "" 129.134"", ""  74.381""], ["" 129.149"", "" 125.551"", ""  74.226""], ["" 130.154"", "" 124.614"", ""  74.594""], ["" 132.200"", "" 125.784"", ""  60.377""], ["" 131.454"", "" 126.335"", ""  59.323""], ["" 133.258"", "" 124.930"", ""  60.031""], ["" 131.774"", "" 126.027"", ""  57.999""], ["" 133.585"", "" 124.616"", ""  58.752""], ["" 132.843"", "" 125.166"", ""  57.757""]]",[],RR1_Rahimova_2017
121,8776,RR20_Rahimova_2017,receptor_tmp,1,7,-9.87,-0.25307692307692303,0.0,0.0,4,181.74,-11.66,-11.34,-0.32,-11.66,0.0,-1.83,1.79,-1.83,78,4,0.0,0.0,0.0,7.393138,10.66634,10.793825,-0.19706271,-0.85259233,-0.4839965,140.283066,"214.40416, 343.68222, 300.839447, 61.324615, 67.662437, 259.165863, ","[["" 129.768"", "" 126.712"", ""  68.014""], ["" 130.631"", "" 127.579"", ""  68.701""], ["" 130.537"", "" 127.740"", ""  70.084""], ["" 129.538"", "" 127.066"", ""  70.799""], ["" 129.293"", "" 127.009"", ""  72.190""], ["" 128.138"", "" 126.126"", ""  72.420""], ["" 127.913"", "" 125.369"", ""  71.122""], ["" 128.721"", "" 126.153"", ""  70.133""], ["" 128.830"", "" 125.980"", ""  68.753""], ["" 129.879"", "" 126.533"", ""  66.526""], ["" 130.645"", "" 125.476"", ""  64.759""], ["" 130.637"", "" 125.551"", ""  66.066""], ["" 129.688"", "" 126.669"", ""  63.973""], ["" 129.253"", "" 127.320"", ""  65.535""], ["" 128.369"", "" 128.543"", ""  65.637""], ["" 131.324"", "" 124.569"", ""  63.960""], ["" 133.478"", "" 124.985"", ""  64.601""], ["" 132.664"", "" 124.374"", ""  63.906""], ["" 130.753"", "" 124.002"", ""  63.349""], ["" 133.204"", "" 123.300"", ""  62.931""], ["" 132.163"", "" 122.759"", ""  62.037""], ["" 131.186"", "" 121.924"", ""  62.751""], ["" 131.435"", "" 123.844"", ""  61.368""], ["" 130.288"", "" 121.174"", ""  61.742""], ["" 130.355"", "" 123.339"", ""  60.410""], ["" 129.770"", "" 122.073"", ""  60.620""], ["" 129.898"", "" 124.137"", ""  59.355""], ["" 128.740"", "" 121.649"", ""  59.773""], ["" 128.877"", "" 123.698"", ""  58.514""], ["" 128.295"", "" 122.453"", ""  58.726""], ["" 129.691"", "" 127.924"", ""  73.121""], ["" 130.621"", "" 127.725"", ""  73.906""], ["" 128.960"", "" 129.245"", ""  73.221""], ["" 129.013"", "" 130.145"", ""  72.150""], ["" 128.282"", "" 129.609"", ""  74.391""], ["" 128.362"", "" 131.373"", ""  72.231""], ["" 127.632"", "" 130.838"", ""  74.474""], ["" 127.664"", "" 131.717"", ""  73.389""], ["" 126.964"", "" 133.060"", ""  73.479""]]",[],RR20_Rahimova_2017
122,947,RR20_Rahimova_2017-again1,receptor_tmp,1,19,-9.59,-0.2458974358974359,0.0,0.0,3,180.04,-11.38,-11.16,-0.22,-11.38,0.0,-2.48,1.79,-2.48,56,2,0.0,0.0,0.0,4.348433,9.918492,11.152537,0.73277023,-0.5601164,0.3864161,92.375511,"77.391426, 284.476166, 101.164406, 48.401588, 223.361252, 271.561646, ","[["" 129.651"", "" 125.819"", ""  64.487""], ["" 129.316"", "" 126.111"", ""  65.720""], ["" 130.329"", "" 126.104"", ""  66.572""], ["" 131.580"", "" 125.794"", ""  66.002""], ["" 132.970"", "" 125.731"", ""  66.599""], ["" 131.330"", "" 125.474"", ""  64.303""], ["" 128.851"", "" 125.699"", ""  63.381""], ["" 129.138"", "" 126.151"", ""  62.207""], ["" 130.162"", "" 126.705"", ""  61.763""], ["" 128.012"", "" 125.959"", ""  61.170""], ["" 127.070"", "" 124.804"", ""  61.619""], ["" 127.730"", "" 123.416"", ""  61.485""], ["" 125.697"", "" 124.854"", ""  60.907""], ["" 127.991"", "" 123.099"", ""  60.001""], ["" 125.726"", "" 124.196"", ""  59.522""], ["" 126.775"", "" 123.339"", ""  59.112""], ["" 124.661"", "" 124.425"", ""  58.643""], ["" 126.700"", "" 122.726"", ""  57.856""], ["" 124.608"", "" 123.817"", ""  57.392""], ["" 125.629"", "" 122.960"", ""  56.998""], ["" 126.905"", "" 124.948"", ""  62.607""], ["" 130.047"", "" 126.416"", ""  68.014""], ["" 129.136"", "" 125.648"", ""  68.751""], ["" 130.652"", "" 127.518"", ""  68.639""], ["" 128.853"", "" 125.950"", ""  70.084""], ["" 130.385"", "" 127.811"", ""  69.976""], ["" 129.522"", "" 127.004"", ""  70.719""], ["" 130.786"", "" 129.013"", ""  70.777""], ["" 129.350"", "" 127.546"", ""  72.012""], ["" 130.285"", "" 128.672"", ""  72.171""], ["" 128.808"", "" 126.912"", ""  73.093""], ["" 128.050"", "" 127.469"", ""  73.889""], ["" 129.169"", "" 125.467"", ""  73.359""], ["" 128.456"", "" 124.447"", ""  72.719""], ["" 130.169"", "" 125.131"", ""  74.282""], ["" 128.764"", "" 123.112"", ""  72.964""], ["" 130.477"", "" 123.796"", ""  74.528""], ["" 129.782"", "" 122.786"", ""  73.862""], ["" 130.112"", "" 121.329"", ""  74.135""]]",[],RR20_Rahimova_2017-again1
123,659,RR21_Rahimova_2017,receptor_tmp,1,15,-8.85,-0.22125,0.0,0.0,1,188.22,-10.64,-10.4,-0.25,-10.64,0.0,-1.38,1.79,-1.38,67,6,0.0,0.0,0.0,6.619588,10.85996,8.760234,0.45220121,-0.88442172,-0.11537891,255.929062,"283.573029, 311.442047, 167.040115, 14.902649, 333.912415, 246.678421, ","[["" 128.870"", "" 127.362"", ""  65.830""], ["" 129.832"", "" 126.520"", ""  65.386""], ["" 131.373"", "" 126.111"", ""  66.171""], ["" 131.743"", "" 125.019"", ""  64.845""], ["" 130.753"", "" 125.023"", ""  63.898""], ["" 129.679"", "" 125.820"", ""  64.118""], ["" 128.712"", "" 125.927"", ""  63.354""], ["" 132.792"", "" 124.270"", ""  64.700""], ["" 132.965"", "" 123.416"", ""  63.575""], ["" 131.837"", "" 123.484"", ""  62.582""], ["" 130.800"", "" 124.241"", ""  62.737""], ["" 133.917"", "" 122.663"", ""  63.375""], ["" 128.850"", "" 128.136"", ""  67.062""], ["" 128.021"", "" 129.229"", ""  67.403""], ["" 128.243"", "" 129.650"", ""  68.633""], ["" 129.210"", "" 128.870"", ""  69.139""], ["" 129.591"", "" 127.930"", ""  68.216""], ["" 126.982"", "" 129.903"", ""  66.561""], ["" 125.024"", "" 131.171"", ""  64.968""], ["" 126.363"", "" 131.573"", ""  64.910""], ["" 124.674"", "" 130.126"", ""  65.839""], ["" 127.330"", "" 130.947"", ""  65.698""], ["" 125.642"", "" 129.503"", ""  66.626""], ["" 126.733"", "" 132.580"", ""  64.085""], ["" 124.128"", "" 131.837"", ""  64.154""], ["" 123.672"", "" 131.209"", ""  62.960""], ["" 129.681"", "" 129.042"", ""  70.467""], ["" 130.804"", "" 128.336"", ""  70.926""], ["" 129.020"", "" 129.925"", ""  71.332""], ["" 131.260"", "" 128.516"", ""  72.229""], ["" 129.478"", "" 130.103"", ""  72.634""], ["" 130.596"", "" 129.400"", ""  73.077""], ["" 131.922"", "" 122.621"", ""  61.317""], ["" 130.679"", "" 122.676"", ""  60.432""], ["" 130.506"", "" 123.732"", ""  59.533""], ["" 129.726"", "" 121.655"", ""  60.500""], ["" 129.380"", "" 123.773"", ""  58.715""], ["" 128.601"", "" 121.696"", ""  59.682""], ["" 128.424"", "" 122.758"", ""  58.792""], ["" 127.205"", "" 122.801"", ""  57.889""]]",[],RR21_Rahimova_2017
124,1452,RR22_Rahimova_2017,receptor_tmp,1,1,-8.29,-0.2590625,0.0,0.0,4,188.55,-8.89,-8.76,-0.12,-8.89,0.0,-0.67,0.6,-0.67,31,9,0.0,0.0,0.0,3.598235,12.735981,2.68285,-0.59493822,0.75273282,-0.28185424,108.565659,"287.051331, 72.626236, ","[["" 123.821"", "" 130.954"", ""  56.251""], ["" 124.781"", "" 130.775"", ""  56.997""], ["" 124.755"", "" 130.411"", ""  58.332""], ["" 126.523"", "" 130.954"", ""  56.509""], ["" 127.101"", "" 130.682"", ""  58.159""], ["" 125.972"", "" 130.182"", ""  59.049""], ["" 126.090"", "" 128.752"", ""  59.371""], ["" 126.914"", "" 128.410"", ""  60.491""], ["" 126.438"", "" 129.188"", ""  61.697""], ["" 126.515"", "" 128.730"", ""  63.016""], ["" 126.088"", "" 129.538"", ""  64.071""], ["" 125.596"", "" 130.818"", ""  63.819""], ["" 125.536"", "" 131.298"", ""  62.510""], ["" 125.962"", "" 130.491"", ""  61.456""], ["" 125.911"", "" 131.055"", ""  60.181""], ["" 126.852"", "" 126.897"", ""  60.422""], ["" 126.672"", "" 126.711"", ""  58.913""], ["" 126.250"", "" 127.787"", ""  58.362""], ["" 128.345"", "" 130.945"", ""  58.625""], ["" 123.882"", "" 130.343"", ""  58.833""], ["" 129.527"", "" 131.412"", ""  57.875""], ["" 130.660"", "" 130.615"", ""  57.655""], ["" 129.545"", "" 132.715"", ""  57.364""], ["" 131.743"", "" 131.124"", ""  56.937""], ["" 130.588"", "" 133.229"", ""  56.663""], ["" 131.667"", "" 132.432"", ""  56.458""], ["" 126.935"", "" 125.429"", ""  58.229""], ["" 125.994"", "" 124.390"", ""  58.274""], ["" 128.133"", "" 125.238"", ""  57.523""], ["" 126.247"", "" 123.184"", ""  57.627""], ["" 128.385"", "" 124.030"", ""  56.878""], ["" 127.440"", "" 123.009"", ""  56.932""]]",[],RR22_Rahimova_2017
125,885,RR23_Rahimova_2017,receptor_tmp,1,8,-9.41,-0.23525000000000001,0.0,0.0,1,193.42,-10.9,-10.66,-0.24,-10.9,0.0,-1.28,1.49,-1.28,71,4,0.0,0.0,0.0,3.669892,9.668002,11.417228,-0.90817539,-0.40503306,0.10566781,123.289413,"29.183058, 178.173889, 170.015427, 311.801971, 224.277435, ","[["" 127.722"", "" 128.530"", ""  67.588""], ["" 128.488"", "" 129.573"", ""  68.120""], ["" 129.198"", "" 129.403"", ""  69.310""], ["" 129.105"", "" 128.195"", ""  70.013""], ["" 129.774"", "" 127.764"", ""  71.181""], ["" 129.336"", "" 126.393"", ""  71.489""], ["" 128.631"", "" 125.880"", ""  70.244""], ["" 128.391"", "" 127.133"", ""  69.456""], ["" 127.699"", "" 127.297"", ""  68.256""], ["" 126.973"", "" 128.754"", ""  66.264""], ["" 127.827"", "" 132.363"", ""  63.894""], ["" 126.745"", "" 131.562"", ""  64.047""], ["" 128.921"", "" 132.200"", ""  64.438""], ["" 126.611"", "" 130.465"", ""  64.841""], ["" 127.511"", "" 129.870"", ""  65.516""], ["" 124.952"", "" 129.807"", ""  64.944""], ["" 125.440"", "" 128.887"", ""  66.415""], ["" 125.919"", "" 131.845"", ""  63.541""], ["" 124.929"", "" 129.631"", ""  67.666""], ["" 127.632"", "" 133.568"", ""  62.959""], ["" 128.034"", "" 133.186"", ""  61.586""], ["" 130.235"", "" 132.870"", ""  62.207""], ["" 129.352"", "" 132.869"", ""  61.344""], ["" 129.592"", "" 132.504"", ""  59.898""], ["" 127.013"", "" 133.185"", ""  60.644""], ["" 130.873"", "" 132.148"", ""  59.459""], ["" 128.523"", "" 132.520"", ""  59.000""], ["" 127.233"", "" 132.869"", ""  59.408""], ["" 131.074"", "" 131.811"", ""  58.119""], ["" 128.726"", "" 132.182"", ""  57.660""], ["" 130.003"", "" 131.828"", ""  57.222""], ["" 130.343"", "" 128.564"", ""  72.132""], ["" 131.415"", "" 128.297"", ""  72.680""], ["" 129.633"", "" 129.828"", ""  72.559""], ["" 130.211"", "" 130.645"", ""  73.538""], ["" 128.379"", "" 130.166"", ""  72.035""], ["" 129.563"", "" 131.804"", ""  73.958""], ["" 127.731"", "" 131.324"", ""  72.455""], ["" 128.326"", "" 132.149"", ""  73.411""], ["" 127.614"", "" 133.406"", ""  73.875""]]",[],RR23_Rahimova_2017
126,9021,RR24_Rahimova_2017,receptor_tmp,1,12,-9.96,-0.22133333333333335,0.0,0.0,3,187.35,-11.45,-11.3,-0.15,-11.45,0.0,-1.86,1.49,-1.86,63,8,0.0,0.0,0.0,7.659178,10.444104,8.99715,-0.60783153,-0.62971855,0.48373069,305.566315,"127.878967, 248.978836, 339.680084, 160.385254, 297.309814, ","[["" 132.471"", "" 126.035"", ""  62.440""], ["" 131.436"", "" 126.455"", ""  63.244""], ["" 129.361"", "" 127.299"", ""  64.907""], ["" 130.072"", "" 126.133"", ""  65.208""], ["" 129.702"", "" 128.049"", ""  63.776""], ["" 131.110"", "" 125.714"", ""  64.382""], ["" 130.742"", "" 127.631"", ""  62.950""], ["" 128.206"", "" 127.745"", ""  65.810""], ["" 125.631"", "" 132.358"", ""  63.956""], ["" 125.981"", "" 131.253"", ""  64.374""], ["" 126.093"", "" 130.093"", ""  63.624""], ["" 126.468"", "" 131.144"", ""  65.640""], ["" 126.793"", "" 128.943"", ""  63.947""], ["" 127.179"", "" 130.064"", ""  66.055""], ["" 126.893"", "" 127.961"", ""  63.203""], ["" 127.400"", "" 128.969"", ""  65.281""], ["" 127.660"", "" 130.171"", ""  67.339""], ["" 128.392"", "" 129.160"", ""  67.912""], ["" 128.677"", "" 128.020"", ""  67.258""], ["" 128.960"", "" 129.145"", ""  69.250""], ["" 129.454"", "" 127.152"", ""  68.136""], ["" 129.608"", "" 127.924"", ""  69.387""], ["" 128.953"", "" 130.067"", ""  70.297""], ["" 129.868"", "" 126.030"", ""  67.848""], ["" 130.262"", "" 127.600"", ""  70.577""], ["" 129.607"", "" 129.748"", ""  71.490""], ["" 130.259"", "" 128.519"", ""  71.630""], ["" 125.498"", "" 130.128"", ""  62.272""], ["" 126.300"", "" 131.923"", ""  66.261""], ["" 127.467"", "" 131.010"", ""  67.868""], ["" 133.294"", "" 125.033"", ""  62.867""], ["" 134.002"", "" 125.071"", ""  63.878""], ["" 133.233"", "" 123.778"", ""  61.947""], ["" 133.700"", "" 122.493"", ""  62.644""], ["" 131.898"", "" 123.612"", ""  61.300""], ["" 130.813"", "" 123.012"", ""  61.879""], ["" 131.662"", "" 124.045"", ""  60.030""], ["" 129.738"", "" 123.074"", ""  60.858""], ["" 130.744"", "" 122.519"", ""  63.006""], ["" 130.247"", "" 123.694"", ""  59.749""], ["" 132.454"", "" 124.610"", ""  59.273""], ["" 128.418"", "" 122.623"", ""  60.890""], ["" 129.464"", "" 123.897"", ""  58.612""], ["" 127.617"", "" 122.817"", ""  59.760""], ["" 128.137"", "" 123.452"", ""  58.626""]]",[],RR24_Rahimova_2017
127,980,RR24_Rahimova_2017-again1,receptor_tmp,1,20,-8.54,-0.1986046511627907,0.0,0.0,2,184.67,-10.03,-10.97,0.94,-10.03,0.0,-2.21,1.49,-2.21,56,8,0.0,0.0,0.0,4.700227,9.974515,7.024498,0.71567257,-0.39628232,-0.57512877,93.333931,"22.527765, 218.721375, 203.797806, 100.300018, 284.363464, ","[["" 130.152"", "" 124.438"", ""  62.175""], ["" 129.575"", "" 125.687"", ""  62.203""], ["" 128.367"", "" 128.202"", ""  62.287""], ["" 127.760"", "" 127.153"", ""  61.588""], ["" 129.579"", "" 127.983"", ""  62.951""], ["" 128.360"", "" 125.898"", ""  61.549""], ["" 130.178"", "" 126.728"", ""  62.914""], ["" 127.709"", "" 129.588"", ""  62.333""], ["" 124.545"", "" 129.801"", ""  65.205""], ["" 125.841"", "" 129.586"", ""  65.672""], ["" 124.278"", "" 129.943"", ""  63.955""], ["" 126.929"", "" 129.519"", ""  64.824""], ["" 125.291"", "" 129.873"", ""  63.043""], ["" 128.095"", "" 129.354"", ""  65.197""], ["" 126.596"", "" 129.669"", ""  63.404""], ["" 124.863"", "" 130.020"", ""  61.757""], ["" 125.686"", "" 130.125"", ""  60.783""], ["" 127.122"", "" 129.978"", ""  60.957""], ["" 125.441"", "" 130.406"", ""  59.379""], ["" 127.696"", "" 130.204"", ""  59.754""], ["" 126.672"", "" 130.470"", ""  58.745""], ["" 124.265"", "" 130.619"", ""  58.656""], ["" 126.747"", "" 130.746"", ""  57.373""], ["" 124.334"", "" 130.892"", ""  57.288""], ["" 125.573"", "" 130.955"", ""  56.648""], ["" 123.547"", "" 129.878"", ""  65.942""], ["" 126.180"", "" 129.418"", ""  67.105""], ["" 128.965"", "" 130.167"", ""  59.523""], ["" 129.369"", "" 123.330"", ""  62.334""], ["" 128.882"", "" 122.946"", ""  63.404""], ["" 129.112"", "" 122.580"", ""  60.995""], ["" 129.163"", "" 121.052"", ""  61.133""], ["" 127.863"", "" 123.039"", ""  60.319""], ["" 127.718"", "" 123.215"", ""  58.970""], ["" 126.739"", "" 123.345"", ""  61.029""], ["" 126.320"", "" 123.678"", ""  58.783""], ["" 128.566"", "" 123.031"", ""  58.097""], ["" 125.734"", "" 123.758"", ""  60.017""], ["" 126.586"", "" 123.289"", ""  62.250""], ["" 125.614"", "" 124.009"", ""  57.625""], ["" 124.409"", "" 124.171"", ""  60.161""], ["" 124.284"", "" 124.425"", ""  57.749""], ["" 123.684"", "" 124.505"", ""  59.012""]]",[],RR24_Rahimova_2017-again1
128,1169,RR25_Rahimova_2017,receptor_tmp,1,5,-10.25,-0.26282051282051283,0.0,0.0,2,186.63,-11.74,-11.21,-0.53,-11.74,0.0,-0.84,1.49,-0.84,63,8,0.0,0.0,0.0,7.33486,11.71461,5.928447,-0.37128169,0.7774151,0.50771613,162.892944,"347.538849, 112.79187, 328.997162, 166.328018, 187.376938, ","[["" 132.976"", "" 125.551"", ""  64.055""], ["" 132.679"", "" 125.575"", ""  62.721""], ["" 131.822"", "" 126.612"", ""  62.110""], ["" 130.967"", "" 125.966"", ""  60.999""], ["" 131.803"", "" 125.269"", ""  60.018""], ["" 132.547"", "" 124.193"", ""  60.674""], ["" 133.470"", "" 124.735"", ""  61.792""], ["" 133.890"", "" 124.851"", ""  64.500""], ["" 132.100"", "" 126.284"", ""  65.112""], ["" 127.896"", "" 128.285"", ""  66.580""], ["" 128.319"", "" 128.063"", ""  67.898""], ["" 128.634"", "" 127.709"", ""  65.533""], ["" 129.451"", "" 127.296"", ""  68.165""], ["" 129.767"", "" 126.930"", ""  65.784""], ["" 130.177"", "" 126.743"", ""  67.111""], ["" 130.604"", "" 126.296"", ""  64.688""], ["" 131.284"", "" 125.986"", ""  67.448""], ["" 132.340"", "" 125.835"", ""  66.583""], ["" 133.366"", "" 125.344"", ""  67.056""], ["" 126.695"", "" 129.109"", ""  66.298""], ["" 126.479"", "" 129.457"", ""  65.139""], ["" 125.960"", "" 129.415"", ""  67.232""], ["" 131.005"", "" 124.768"", ""  58.890""], ["" 130.207"", "" 123.483"", ""  59.241""], ["" 128.724"", "" 123.631"", ""  59.312""], ["" 128.082"", "" 123.882"", ""  58.117""], ["" 128.180"", "" 123.505"", ""  60.573""], ["" 126.585"", "" 124.095"", ""  58.239""], ["" 128.667"", "" 123.948"", ""  57.031""], ["" 126.681"", "" 123.724"", ""  60.638""], ["" 128.853"", "" 123.251"", ""  61.579""], ["" 125.837"", "" 124.387"", ""  57.091""], ["" 125.910"", "" 124.017"", ""  59.484""], ["" 126.027"", "" 123.645"", ""  61.874""], ["" 124.462"", "" 124.596"", ""  57.166""], ["" 124.505"", "" 124.228"", ""  59.571""], ["" 124.652"", "" 123.848"", ""  61.972""], ["" 123.791"", "" 124.520"", ""  58.385""], ["" 123.888"", "" 124.138"", ""  60.842""]]",[],RR25_Rahimova_2017
129,645,RR26_Rahimova_2017,receptor_tmp,1,19,-9.79,-0.2576315789473684,0.0,0.0,3,188.15,-10.98,-10.35,-0.63,-10.98,0.0,-1.14,1.19,-1.14,72,5,0.0,0.0,0.0,6.993459,10.324307,10.090266,0.11035567,-0.28856357,0.95107975,152.418686,"22.091429, 333.020599, 293.723206, 309.994934, ","[["" 133.153"", "" 125.019"", ""  66.648""], ["" 132.111"", "" 124.936"", ""  65.996""], ["" 130.860"", "" 125.671"", ""  66.161""], ["" 129.619"", "" 125.195"", ""  64.942""], ["" 130.746"", "" 126.595"", ""  67.141""], ["" 131.926"", "" 124.068"", ""  64.909""], ["" 130.741"", "" 124.069"", ""  64.272""], ["" 130.731"", "" 123.209"", ""  63.290""], ["" 131.957"", "" 122.697"", ""  63.360""], ["" 132.728"", "" 123.172"", ""  64.326""], ["" 129.597"", "" 127.428"", ""  67.458""], ["" 129.158"", "" 127.878"", ""  68.724""], ["" 128.627"", "" 127.915"", ""  66.595""], ["" 128.042"", "" 128.575"", ""  68.640""], ["" 127.714"", "" 128.617"", ""  67.340""], ["" 129.799"", "" 127.654"", ""  70.059""], ["" 131.096"", "" 128.127"", ""  70.313""], ["" 129.109"", "" 126.976"", ""  71.076""], ["" 131.703"", "" 127.920"", ""  71.553""], ["" 129.711"", "" 126.773"", ""  72.317""], ["" 131.014"", "" 127.234"", ""  72.552""], ["" 129.008"", "" 126.051"", ""  73.262""], ["" 131.632"", "" 127.094"", ""  73.779""], ["" 129.506"", "" 126.193"", ""  74.596""], ["" 131.050"", "" 126.087"", ""  74.614""], ["" 126.547"", "" 129.289"", ""  66.892""], ["" 125.304"", "" 129.049"", ""  67.496""], ["" 126.635"", "" 130.204"", ""  65.833""], ["" 124.166"", "" 129.712"", ""  67.045""], ["" 125.496"", "" 130.868"", ""  65.386""], ["" 124.267"", "" 130.618"", ""  65.992""], ["" 132.435"", "" 121.628"", ""  62.420""], ["" 133.785"", "" 121.251"", ""  62.498""], ["" 131.604"", "" 120.987"", ""  61.476""], ["" 134.300"", "" 120.256"", ""  61.670""], ["" 132.133"", "" 119.990"", ""  60.649""], ["" 133.474"", "" 119.623"", ""  60.747""], ["" 130.142"", "" 121.376"", ""  61.291""]]",[],RR26_Rahimova_2017
130,8667,RR27_Rahimova_2017,receptor_tmp,1,11,-9.94,-0.2485,0.0,0.0,2,190.11,-12.03,-11.82,-0.21,-12.03,0.0,-1.91,2.09,-1.91,58,2,0.0,0.0,0.0,7.187729,7.506329,12.214449,0.82163369,-0.56266134,0.0912705,232.587158,"257.015289, 170.786255, 162.35289, 25.453636, 152.175659, 82.451569, 327.862732, ","[["" 128.438"", "" 127.854"", ""  66.201""], ["" 129.164"", "" 126.788"", ""  65.765""], ["" 130.147"", "" 126.289"", ""  66.570""], ["" 130.512"", "" 126.766"", ""  67.794""], ["" 129.780"", "" 127.805"", ""  68.202""], ["" 128.733"", "" 128.400"", ""  67.466""], ["" 128.213"", "" 129.433"", ""  68.189""], ["" 128.921"", "" 129.503"", ""  69.374""], ["" 129.853"", "" 128.526"", ""  69.382""], ["" 127.425"", "" 128.439"", ""  65.488""], ["" 126.613"", "" 127.930"", ""  65.512""], ["" 130.914"", "" 125.065"", ""  66.036""], ["" 130.171"", "" 124.263"", ""  64.920""], ["" 132.389"", "" 125.383"", ""  65.641""], ["" 131.028"", "" 123.115"", ""  64.340""], ["" 133.123"", "" 124.176"", ""  65.002""], ["" 132.289"", "" 123.716"", ""  63.881""], ["" 132.459"", "" 124.248"", ""  62.637""], ["" 133.447"", "" 124.933"", ""  62.355""], ["" 131.486"", "" 123.850"", ""  61.489""], ["" 131.293"", "" 122.327"", ""  61.360""], ["" 130.019"", "" 121.739"", ""  61.357""], ["" 132.424"", "" 121.509"", ""  61.244""], ["" 129.881"", "" 120.360"", ""  61.236""], ["" 132.286"", "" 120.130"", ""  61.123""], ["" 131.015"", "" 119.561"", ""  61.119""], ["" 131.826"", "" 124.575"", ""  60.173""], ["" 131.088"", "" 125.680"", ""  59.728""], ["" 132.884"", "" 124.097"", ""  59.390""], ["" 131.416"", "" 126.305"", ""  58.527""], ["" 133.213"", "" 124.721"", ""  58.191""], ["" 132.478"", "" 125.825"", ""  57.766""], ["" 130.767"", "" 128.383"", ""  70.513""], ["" 130.316"", "" 127.351"", ""  71.538""], ["" 131.085"", "" 127.108"", ""  72.682""], ["" 129.138"", "" 126.624"", ""  71.334""], ["" 130.682"", "" 126.149"", ""  73.612""], ["" 128.731"", "" 125.670"", ""  72.268""], ["" 129.501"", "" 125.435"", ""  73.407""], ["" 131.650"", "" 125.840"", ""  75.008""]]",[],RR27_Rahimova_2017
131,8994,RR27_Rahimova_2017-again1,receptor_tmp,1,8,-9.83,-0.24575,0.0,0.0,1,187.47,-11.62,-11.41,-0.21,-11.62,0.0,-2.24,1.79,-2.24,74,8,0.0,0.0,0.0,5.316734,11.36722,6.812352,0.51707095,0.51589877,-0.68299787,178.323914,"191.41597, 67.975807, 317.884125, 290.011688, 231.910355, 331.571533, ","[["" 134.748"", "" 125.271"", ""  63.797""], ["" 133.565"", "" 125.601"", ""  63.782""], ["" 132.971"", "" 126.124"", ""  62.653""], ["" 131.654"", "" 126.543"", ""  62.493""], ["" 130.800"", "" 126.463"", ""  63.465""], ["" 131.285"", "" 125.954"", ""  64.631""], ["" 132.583"", "" 125.528"", ""  64.864""], ["" 132.711"", "" 125.102"", ""  66.109""], ["" 131.473"", "" 125.242"", ""  66.727""], ["" 130.624"", "" 125.742"", ""  65.813""], ["" 133.583"", "" 126.211"", ""  61.855""], ["" 131.233"", "" 127.105"", ""  61.131""], ["" 131.477"", "" 126.113"", ""  59.946""], ["" 129.828"", "" 127.783"", ""  61.179""], ["" 130.571"", "" 126.312"", ""  58.708""], ["" 129.050"", "" 127.836"", ""  59.841""], ["" 129.199"", "" 126.527"", ""  59.188""], ["" 128.333"", "" 125.515"", ""  59.487""], ["" 127.288"", "" 125.730"", ""  60.108""], ["" 128.554"", "" 124.094"", ""  58.885""], ["" 127.320"", "" 123.580"", ""  58.120""], ["" 127.435"", "" 122.782"", ""  56.971""], ["" 126.044"", "" 123.918"", ""  58.590""], ["" 126.296"", "" 122.335"", ""  56.307""], ["" 124.906"", "" 123.471"", ""  57.925""], ["" 125.036"", "" 122.682"", ""  56.787""], ["" 129.091"", "" 123.101"", ""  59.932""], ["" 128.685"", "" 121.758"", ""  59.944""], ["" 129.986"", "" 123.551"", ""  60.912""], ["" 129.169"", "" 120.883"", ""  60.913""], ["" 130.476"", "" 122.674"", ""  61.877""], ["" 130.064"", "" 121.345"", ""  61.874""], ["" 129.236"", "" 126.027"", ""  66.156""], ["" 129.085"", "" 127.156"", ""  67.165""], ["" 129.880"", "" 127.190"", ""  68.316""], ["" 128.146"", "" 128.171"", ""  66.946""], ["" 129.745"", "" 128.232"", ""  69.233""], ["" 128.012"", "" 129.213"", ""  67.865""], ["" 128.812"", "" 129.244"", ""  69.007""], ["" 130.737"", "" 128.274"", ""  70.644""]]",[],RR27_Rahimova_2017-again1
132,959,RR28_Rahimova_2017,receptor_tmp,1,17,-8.0,-0.16666666666666666,0.0,0.0,1,182.79,-10.68,-10.2,-0.48,-10.68,0.0,-2.74,2.68,-2.74,47,6,0.0,0.0,0.0,6.101967,13.023836,5.31146,0.87502074,0.41187389,-0.25435921,78.009781,"255.378128, 290.482391, 35.967041, 38.480896, 327.124573, 307.367523, 72.835045, 56.822594, 72.601265, ","[["" 126.517"", "" 130.294"", ""  59.416""], ["" 127.047"", "" 130.995"", ""  60.691""], ["" 127.780"", "" 131.978"", ""  60.564""], ["" 126.576"", "" 130.597"", ""  61.904""], ["" 127.091"", "" 131.210"", ""  63.139""], ["" 125.955"", "" 129.283"", ""  62.121""], ["" 128.247"", "" 130.303"", ""  63.630""], ["" 127.074"", "" 128.327"", ""  62.610""], ["" 127.802"", "" 128.821"", ""  63.902""], ["" 128.984"", "" 127.859"", ""  64.212""], ["" 129.122"", "" 127.332"", ""  65.505""], ["" 129.933"", "" 127.500"", ""  63.242""], ["" 130.170"", "" 126.472"", ""  65.819""], ["" 130.982"", "" 126.639"", ""  63.555""], ["" 131.106"", "" 126.120"", ""  64.847""], ["" 132.253"", "" 125.177"", ""  65.211""], ["" 131.919"", "" 123.893"", ""  65.068""], ["" 133.312"", "" 125.416"", ""  64.437""], ["" 132.597"", "" 125.379"", ""  66.484""], ["" 126.851"", "" 128.765"", ""  65.035""], ["" 126.772"", "" 129.589"", ""  66.100""], ["" 127.521"", "" 130.545"", ""  66.289""], ["" 126.167"", "" 128.025"", ""  64.976""], ["" 125.671"", "" 129.284"", ""  67.110""], ["" 127.566"", "" 130.029"", ""  58.301""], ["" 127.375"", "" 128.708"", ""  57.521""], ["" 128.125"", "" 127.617"", ""  57.845""], ["" 126.629"", "" 128.719"", ""  56.537""], ["" 128.769"", "" 127.439"", ""  59.152""], ["" 127.878"", "" 126.330"", ""  57.182""], ["" 127.710"", "" 126.812"", ""  60.084""], ["" 126.802"", "" 125.591"", ""  58.023""], ["" 127.097"", "" 125.463"", ""  59.568""], ["" 128.115"", "" 124.327"", ""  59.908""], ["" 128.019"", "" 123.032"", ""  59.370""], ["" 129.171"", "" 124.592"", ""  60.795""], ["" 128.947"", "" 122.048"", ""  59.697""], ["" 130.101"", "" 123.611"", ""  61.125""], ["" 129.996"", "" 122.332"", ""  60.575""], ["" 131.026"", "" 121.264"", ""  60.942""], ["" 132.178"", "" 121.485"", ""  60.307""], ["" 131.248"", "" 121.304"", ""  62.255""], ["" 130.611"", "" 120.036"", ""  60.625""], ["" 125.850"", "" 125.182"", ""  60.310""], ["" 125.650"", "" 124.272"", ""  61.284""], ["" 126.524"", "" 123.523"", ""  61.718""], ["" 125.050"", "" 125.720"", ""  60.013""], ["" 124.238"", "" 124.195"", ""  61.857""]]",[],RR28_Rahimova_2017
133,9349,RR29_Rahimova_2017,receptor_tmp,1,18,-7.36,-0.32,0.0,0.0,14,190.29,-8.55,-6.03,-2.53,-8.55,0.0,-0.15,1.19,-0.15,32,9,0.0,0.0,0.0,5.745183,11.638618,10.54813,0.52180056,0.83663583,-0.16662732,232.924683,"290.678223, 312.115784, 52.290279, 65.165802, ","[["" 129.837"", "" 124.340"", ""  67.185""], ["" 129.992"", "" 125.714"", ""  66.551""], ["" 130.275"", "" 125.786"", ""  65.303""], ["" 129.764"", "" 126.869"", ""  67.552""], ["" 128.760"", "" 126.477"", ""  68.655""], ["" 129.238"", "" 126.883"", ""  70.041""], ["" 128.743"", "" 126.217"", ""  71.176""], ["" 130.179"", "" 127.922"", ""  70.185""], ["" 129.218"", "" 126.618"", ""  72.420""], ["" 130.632"", "" 128.312"", ""  71.453""], ["" 128.876"", "" 126.156"", ""  73.652""], ["" 130.129"", "" 127.628"", ""  72.554""], ["" 129.767"", "" 126.768"", ""  74.547""], ["" 130.386"", "" 127.831"", ""  73.873""], ["" 130.331"", "" 127.028"", ""  64.708""], ["" 129.442"", "" 127.468"", ""  63.803""], ["" 128.384"", "" 126.779"", ""  63.375""], ["" 129.627"", "" 128.678"", ""  63.296""], ["" 131.112"", "" 127.617"", ""  64.961""], ["" 127.602"", "" 127.258"", ""  62.953""], ["" 128.367"", "" 125.775"", ""  63.486""], ["" 130.542"", "" 129.105"", ""  63.326""], ["" 128.853"", "" 129.170"", ""  62.874""]]",[],RR29_Rahimova_2017
134,1091,RR29_Rahimova_2017-again1,receptor_tmp,1,14,-6.41,-0.2913636363636364,0.0,0.0,6,183.1,-7.61,-7.35,-0.26,-7.61,0.0,-0.41,1.19,-0.41,45,10,0.0,0.0,0.0,2.421603,5.416986,2.785024,-0.9700913,0.17158289,0.17170376,235.050461,"68.588608, 319.4505, 174.948608, 205.530655, ","[["" 123.866"", "" 124.951"", ""  57.809""], ["" 124.461"", "" 124.172"", ""  58.972""], ["" 123.825"", "" 124.129"", ""  60.090""], ["" 125.800"", "" 123.489"", ""  58.633""], ["" 127.001"", "" 124.393"", ""  58.981""], ["" 128.179"", "" 123.601"", ""  59.527""], ["" 127.974"", "" 122.324"", ""  60.075""], ["" 129.476"", "" 124.150"", ""  59.482""], ["" 129.084"", "" 121.637"", ""  60.553""], ["" 130.576"", "" 123.439"", ""  59.981""], ["" 129.140"", "" 120.415"", ""  61.145""], ["" 130.340"", "" 122.175"", ""  60.509""], ["" 130.505"", "" 120.119"", ""  61.273""], ["" 131.221"", "" 121.308"", ""  61.072""], ["" 124.351"", "" 123.432"", ""  61.045""], ["" 125.162"", "" 124.034"", ""  61.836""], ["" 125.572"", "" 125.396"", ""  61.801""], ["" 125.778"", "" 123.354"", ""  62.908""], ["" 125.238"", "" 126.038"", ""  61.097""], ["" 126.222"", "" 125.784"", ""  62.468""], ["" 125.611"", "" 122.375"", ""  63.090""], ["" 126.422"", "" 123.807"", ""  63.540""]]",[],RR29_Rahimova_2017-again1
135,8814,RR2_Rahimova_2017,receptor_tmp,1,14,-9.49,-0.1936734693877551,0.0,0.0,1,186.74,-13.07,-12.35,-0.72,-13.07,0.0,-4.1,3.58,-4.1,60,11,0.0,0.0,0.0,4.425241,14.679992,4.413689,-0.93221371,-0.2588819,-0.2528987,214.658936,"299.537292, 136.418304, 334.05896, 189.742477, 310.55069, 326.688202, 336.236725, 159.084534, 304.175476, 351.38858, 175.212173, 42.544308, ","[["" 132.829"", "" 131.062"", ""  59.178""], ["" 131.146"", "" 130.700"", ""  58.779""], ["" 129.209"", "" 129.737"", ""  58.551""], ["" 129.074"", "" 130.990"", ""  58.183""], ["" 130.510"", "" 129.484"", ""  58.950""], ["" 130.315"", "" 131.597"", ""  58.311""], ["" 128.086"", "" 128.751"", ""  58.535""], ["" 125.995"", "" 126.892"", ""  58.501""], ["" 127.293"", "" 126.499"", ""  58.155""], ["" 125.750"", "" 128.218"", ""  58.858""], ["" 128.333"", "" 127.423"", ""  58.180""], ["" 126.789"", "" 129.144"", ""  58.878""], ["" 124.907"", "" 126.007"", ""  58.484""], ["" 124.018"", "" 126.349"", ""  58.819""], ["" 124.990"", "" 124.312"", ""  57.954""], ["" 125.449"", "" 124.346"", ""  56.561""], ["" 123.724"", "" 123.661"", ""  58.313""], ["" 126.313"", "" 123.584"", ""  58.917""], ["" 128.400"", "" 122.461"", ""  60.376""], ["" 127.394"", "" 123.173"", ""  61.034""], ["" 128.364"", "" 122.316"", ""  58.987""], ["" 126.348"", "" 123.733"", ""  60.305""], ["" 127.319"", "" 122.877"", ""  58.258""], ["" 129.547"", "" 121.863"", ""  61.170""], ["" 131.055"", "" 128.286"", ""  59.456""], ["" 131.641"", "" 127.365"", ""  58.586""], ["" 131.009"", "" 128.029"", ""  60.828""], ["" 132.181"", "" 126.186"", ""  59.092""], ["" 131.548"", "" 126.848"", ""  61.328""], ["" 132.140"", "" 125.916"", ""  60.460""], ["" 132.700"", "" 124.721"", ""  60.867""], ["" 133.624"", "" 124.719"", ""  61.952""], ["" 132.639"", "" 131.725"", ""  60.874""], ["" 131.197"", "" 131.770"", ""  61.395""], ["" 130.809"", "" 130.705"", ""  62.125""], ["" 130.489"", "" 132.751"", ""  61.147""], ["" 131.455"", "" 130.036"", ""  62.520""], ["" 129.608"", "" 130.787"", ""  62.822""], ["" 128.574"", "" 130.019"", ""  62.406""], ["" 128.612"", "" 129.297"", ""  61.404""], ["" 129.757"", "" 130.986"", ""  63.801""], ["" 127.325"", "" 130.072"", ""  63.263""], ["" 126.065"", "" 130.133"", ""  62.651""], ["" 127.391"", "" 130.063"", ""  64.665""], ["" 124.903"", "" 130.176"", ""  63.417""], ["" 126.228"", "" 130.108"", ""  65.429""], ["" 124.978"", "" 130.161"", ""  64.817""], ["" 123.880"", "" 130.197"", ""  65.657""], ["" 124.019"", "" 129.747"", ""  67.000""]]",[],RR2_Rahimova_2017
136,8803,RR30_Rahimova_2017,receptor_tmp,1,8,-6.13,-0.32263157894736844,0.0,0.0,5,188.53,-7.62,-7.35,-0.27,-7.62,0.0,-1.0,1.49,-1.0,29,6,0.0,0.0,0.0,7.04362,6.991588,9.051334,-0.99124481,-0.12609797,0.0391539,118.813721,"116.095566, 177.106689, 24.588299, 79.815178, 123.856644, ","[["" 130.282"", "" 123.952"", ""  65.693""], ["" 129.852"", "" 123.277"", ""  64.388""], ["" 130.451"", "" 122.270"", ""  64.005""], ["" 128.841"", "" 123.876"", ""  63.718""], ["" 128.448"", "" 124.716"", ""  64.117""], ["" 128.284"", "" 123.455"", ""  62.520""], ["" 127.035"", "" 123.132"", ""  62.272""], ["" 129.326"", "" 123.322"", ""  61.137""], ["" 126.839"", "" 122.753"", ""  60.950""], ["" 127.935"", "" 122.797"", ""  60.228""], ["" 127.977"", "" 122.429"", ""  58.763""], ["" 130.960"", "" 125.619"", ""  65.415""], ["" 132.353"", "" 125.216"", ""  64.412""], ["" 133.583"", "" 124.998"", ""  64.804""], ["" 132.206"", "" 125.125"", ""  63.065""], ["" 134.314"", "" 124.732"", ""  63.649""], ["" 133.464"", "" 124.821"", ""  62.657""], ["" 133.723"", "" 124.618"", ""  61.180""], ["" 132.546"", "" 123.932"", ""  60.471""]]",[],RR30_Rahimova_2017
137,1111,RR31_Rahimova_2017,receptor_tmp,1,5,-6.98,-0.3323809523809524,0.0,0.0,9,186.89,-8.47,-6.94,-1.54,-8.47,0.0,-0.17,1.49,-0.17,52,7,0.0,0.0,0.0,4.113297,6.289192,4.475646,-0.31774296,-0.91147843,0.26124029,172.692154,"338.71579, 354.782623, 325.301025, 133.585663, 100.766975, ","[["" 125.123"", "" 124.358"", ""  60.824""], ["" 126.193"", "" 123.368"", ""  60.982""], ["" 128.975"", "" 122.364"", ""  61.013""], ["" 128.024"", "" 122.069"", ""  59.924""], ["" 128.246"", "" 122.771"", ""  62.231""], ["" 126.929"", "" 123.145"", ""  59.734""], ["" 127.154"", "" 123.836"", ""  61.979""], ["" 130.208"", "" 121.715"", ""  61.115""], ["" 132.577"", "" 121.768"", ""  61.728""], ["" 132.725"", "" 120.438"", ""  61.307""], ["" 131.327"", "" 122.389"", ""  61.625""], ["" 131.622"", "" 119.758"", ""  60.788""], ["" 130.383"", "" 120.388"", ""  60.690""], ["" 133.755"", "" 122.556"", ""  62.289""], ["" 134.063"", "" 119.717"", ""  61.404""], ["" 124.035"", "" 123.916"", ""  59.825""], ["" 124.299"", "" 124.442"", ""  58.405""], ["" 124.672"", "" 125.928"", ""  58.457""], ["" 125.359"", "" 126.139"", ""  57.747""], ["" 125.057"", "" 126.159"", ""  59.362""], ["" 123.854"", "" 126.499"", ""  58.297""]]",[],RR31_Rahimova_2017
138,1316,RR32_Rahimova_2017,receptor_tmp,1,3,-6.75,-0.375,0.0,0.0,20,185.21,-7.04,-7.02,-0.02,-7.04,0.0,-0.31,0.3,-0.31,49,1,0.0,0.0,0.0,4.617557,6.175846,3.869776,-0.95693771,0.25568508,0.1374604,269.343597,"348.079956, ","[["" 126.263"", "" 123.300"", ""  56.726""], ["" 126.699"", "" 123.132"", ""  58.178""], ["" 127.964"", "" 122.600"", ""  58.430""], ["" 128.397"", "" 122.436"", ""  59.743""], ["" 127.632"", "" 122.772"", ""  60.813""], ["" 126.392"", "" 123.291"", ""  60.600""], ["" 125.615"", "" 123.630"", ""  61.735""], ["" 124.341"", "" 124.163"", ""  61.577""], ["" 123.815"", "" 124.370"", ""  60.307""], ["" 124.552"", "" 124.047"", ""  59.171""], ["" 125.863"", "" 123.497"", ""  59.284""], ["" 129.653"", "" 121.909"", ""  59.989""], ["" 130.715"", "" 122.850"", ""  60.385""], ["" 129.721"", "" 120.718"", ""  60.858""], ["" 132.115"", "" 122.195"", ""  60.459""], ["" 131.135"", "" 120.095"", ""  60.929""], ["" 132.102"", "" 121.081"", ""  61.407""], ["" 133.429"", "" 120.484"", ""  61.501""]]",[],RR32_Rahimova_2017
139,8765,RR32_Rahimova_2017-again1,receptor_tmp,2,12,-6.45,-0.3394736842105263,0.0,0.0,16,189.28,-6.75,-5.22,-1.54,-6.75,0.0,-0.39,0.3,-0.39,34,2,0.0,0.0,0.0,8.581741,7.48089,6.150136,-0.17964715,-0.53111546,0.82803579,67.805397,"95.803741, ","[["" 134.375"", "" 120.585"", ""  61.947""], ["" 133.262"", "" 121.589"", ""  62.214""], ["" 133.540"", "" 122.788"", ""  62.870""], ["" 132.516"", "" 123.711"", ""  63.110""], ["" 131.231"", "" 123.456"", ""  62.739""], ["" 130.931"", "" 122.296"", ""  62.095""], ["" 129.587"", "" 122.071"", ""  61.710""], ["" 129.236"", "" 120.899"", ""  61.046""], ["" 130.197"", "" 119.936"", ""  60.755""], ["" 131.526"", "" 120.128"", ""  61.122""], ["" 131.924"", "" 121.313"", ""  61.800""], ["" 132.769"", "" 124.915"", ""  63.775""], ["" 132.128"", "" 126.167"", ""  63.322""], ["" 132.906"", "" 125.001"", ""  65.245""], ["" 130.726"", "" 126.374"", ""  63.942""], ["" 131.551"", "" 125.161"", ""  65.973""], ["" 130.873"", "" 126.453"", ""  65.474""], ["" 129.500"", "" 126.643"", ""  66.147""], ["" 131.471"", "" 127.236"", ""  65.699""]]",[],RR32_Rahimova_2017-again1
140,1053,RR32_Rahimova_2017-again2,receptor_tmp,1,3,-6.85,-0.34249999999999997,0.0,0.0,17,188.82,-7.14,-4.18,-2.96,-7.14,0.0,0.14,0.3,0.14,17,4,0.0,0.0,0.0,4.762113,9.131048,5.019714,0.84675481,-0.08346547,0.5253949,108.495651,"129.248703, ","[["" 127.201"", "" 126.229"", ""  57.660""], ["" 127.204"", "" 125.968"", ""  59.161""], ["" 128.235"", "" 126.472"", ""  59.959""], ["" 128.258"", "" 126.237"", ""  61.340""], ["" 127.250"", "" 125.517"", ""  61.875""], ["" 126.196"", "" 124.984"", ""  61.170""], ["" 125.190"", "" 124.243"", ""  61.831""], ["" 124.135"", "" 123.721"", ""  61.086""], ["" 124.069"", "" 123.924"", ""  59.710""], ["" 125.055"", "" 124.653"", ""  59.046""], ["" 126.153"", "" 125.207"", ""  59.762""], ["" 127.269"", "" 125.364"", ""  62.872""], ["" 129.289"", "" 126.745"", ""  62.209""], ["" 130.629"", "" 127.104"", ""  61.673""], ["" 128.997"", "" 127.643"", ""  63.356""], ["" 130.630"", "" 128.554"", ""  61.119""], ["" 128.905"", "" 129.121"", ""  62.893""], ["" 130.250"", "" 129.539"", ""  62.251""], ["" 130.184"", "" 130.985"", ""  61.725""], ["" 130.963"", "" 129.478"", ""  62.965""]]",[],RR32_Rahimova_2017-again2
141,8908,RR33_Rahimova_2017,receptor_tmp,1,7,-5.11,-0.26894736842105266,0.0,0.0,5,183.77,-6.6,-6.53,-0.07,-6.6,0.0,-1.12,1.49,-1.12,41,1,0.0,0.0,0.0,5.037079,6.142917,3.817515,-0.2120266,-0.95574456,0.20395358,188.073654,"211.233307, 246.167191, 276.029083, 285.434296, 61.899605, ","[["" 131.691"", "" 121.167"", ""  61.089""], ["" 131.558"", "" 122.414"", ""  60.480""], ["" 130.298"", "" 122.931"", ""  60.193""], ["" 129.147"", "" 122.204"", ""  60.511""], ["" 129.276"", "" 120.951"", ""  61.118""], ["" 130.537"", "" 120.434"", ""  61.407""], ["" 132.981"", "" 120.737"", ""  61.339""], ["" 133.784"", "" 121.446"", ""  62.278""], ["" 132.876"", "" 122.010"", ""  63.375""], ["" 127.795"", "" 122.761"", ""  60.203""], ["" 127.295"", "" 123.048"", ""  59.022""], ["" 126.944"", "" 123.018"", ""  61.231""], ["" 126.077"", "" 123.509"", ""  59.260""], ["" 125.834"", "" 123.500"", ""  60.628""], ["" 124.674"", "" 123.883"", ""  61.514""], ["" 125.172"", "" 123.939"", ""  58.125""], ["" 125.783"", "" 123.637"", ""  56.839""], ["" 125.250"", "" 122.398"", ""  56.296""], ["" 126.782"", "" 123.538"", ""  56.960""]]",[],RR33_Rahimova_2017
142,8806,RR33_Rahimova_2017-again1,receptor_tmp,1,5,-6.26,-0.313,0.0,0.0,1,184.65,-7.75,-6.04,-1.71,-7.75,0.0,-0.43,1.49,-0.43,54,6,0.0,0.0,0.0,5.672284,6.012849,4.4551,0.00748768,-0.19049851,-0.98165893,219.025299,"65.638847, 358.308899, 204.043274, 149.762726, 261.059998, ","[["" 131.874"", "" 119.836"", ""  61.023""], ["" 130.613"", "" 119.311"", ""  61.306""], ["" 129.467"", "" 120.083"", ""  61.131""], ["" 129.568"", "" 121.398"", ""  60.666""], ["" 130.832"", "" 121.928"", ""  60.381""], ["" 131.976"", "" 121.156"", ""  60.558""], ["" 132.952"", "" 118.996"", ""  61.229""], ["" 134.264"", "" 119.451"", ""  60.912""], ["" 134.799"", "" 118.631"", ""  59.735""], ["" 128.341"", "" 122.231"", ""  60.478""], ["" 127.643"", "" 122.853"", ""  61.403""], ["" 127.846"", "" 122.392"", ""  59.224""], ["" 126.656"", "" 123.453"", ""  60.756""], ["" 126.757"", "" 123.178"", ""  59.397""], ["" 125.968"", "" 123.544"", ""  58.164""], ["" 125.617"", "" 124.274"", ""  61.496""], ["" 126.132"", "" 125.714"", ""  61.652""], ["" 127.196"", "" 126.102"", ""  60.617""], ["" 125.351"", "" 126.350"", ""  61.575""], ["" 126.524"", "" 125.816"", ""  62.578""]]",[],RR33_Rahimova_2017-again1
143,974,RR3_Rahimova_2017,receptor_tmp,1,3,-9.56,-0.23900000000000002,0.0,0.0,18,185.82,-11.05,-11.05,0.0,-11.05,0.0,-1.59,1.49,-1.59,61,2,0.0,0.0,0.0,5.171432,11.211551,10.666509,-0.23713362,-0.88326603,0.40448581,105.707375,"131.800964, 3.628528, 80.224533, 274.475189, 175.017395, ","[["" 129.152"", "" 127.336"", ""  67.737""], ["" 128.333"", "" 128.473"", ""  67.629""], ["" 128.422"", "" 129.050"", ""  68.870""], ["" 129.223"", "" 128.255"", ""  69.643""], ["" 129.657"", "" 127.222"", ""  68.961""], ["" 127.957"", "" 129.895"", ""  69.168""], ["" 129.499"", "" 126.328"", ""  66.687""], ["" 130.151"", "" 124.436"", ""  64.703""], ["" 129.867"", "" 124.033"", ""  66.015""], ["" 130.111"", "" 125.805"", ""  64.406""], ["" 129.548"", "" 124.966"", ""  66.997""], ["" 129.793"", "" 126.741"", ""  65.386""], ["" 130.490"", "" 123.433"", ""  63.645""], ["" 131.783"", "" 122.896"", ""  63.552""], ["" 129.522"", "" 123.007"", ""  62.724""], ["" 132.099"", "" 121.962"", ""  62.570""], ["" 129.835"", "" 122.072"", ""  61.740""], ["" 131.123"", "" 121.554"", ""  61.667""], ["" 127.489"", "" 129.035"", ""  66.533""], ["" 128.027"", "" 129.218"", ""  65.258""], ["" 126.155"", "" 129.374"", ""  66.768""], ["" 127.247"", "" 129.753"", ""  64.238""], ["" 125.378"", "" 129.909"", ""  65.745""], ["" 125.911"", "" 130.114"", ""  64.465""], ["" 125.081"", "" 130.707"", ""  63.370""], ["" 124.322"", "" 131.866"", ""  63.591""], ["" 125.049"", "" 130.119"", ""  62.097""], ["" 123.553"", "" 132.421"", ""  62.570""], ["" 124.283"", "" 130.672"", ""  61.074""], ["" 123.536"", "" 131.821"", ""  61.315""], ["" 129.535"", "" 128.530"", ""  71.042""], ["" 130.288"", "" 127.723"", ""  71.878""], ["" 129.147"", "" 129.670"", ""  71.841""], ["" 130.388"", "" 128.292"", ""  73.121""], ["" 129.704"", "" 129.487"", ""  73.146""], ["" 128.390"", "" 130.830"", ""  71.597""], ["" 129.522"", "" 130.415"", ""  74.177""], ["" 128.208"", "" 131.753"", ""  72.626""], ["" 128.763"", "" 131.547"", ""  73.884""], ["" 130.900"", "" 127.860"", ""  73.876""]]",[],RR3_Rahimova_2017
144,805,RR4_Rahimova_2017,receptor_tmp,1,5,-11.26,-0.27463414634146344,0.0,0.0,2,184.27,-13.64,-12.93,-0.71,-13.64,0.0,-1.61,2.39,-1.61,65,3,0.0,0.0,0.0,4.58208,8.800782,9.343402,-0.82559759,0.1478419,0.54454696,233.624939,"107.711006, 332.252686, 280.230499, 119.387741, 228.832108, 74.849487, 243.163742, 325.520599, ","[["" 127.952"", "" 128.398"", ""  66.312""], ["" 127.950"", "" 128.135"", ""  67.688""], ["" 128.744"", "" 127.115"", ""  68.221""], ["" 129.515"", "" 126.345"", ""  67.411""], ["" 129.511"", "" 126.556"", ""  66.074""], ["" 128.755"", "" 127.588"", ""  65.472""], ["" 128.796"", "" 127.820"", ""  64.025""], ["" 128.828"", "" 128.003"", ""  62.883""], ["" 127.099"", "" 129.521"", ""  65.819""], ["" 125.470"", "" 131.628"", ""  64.919""], ["" 124.954"", "" 130.338"", ""  65.045""], ["" 126.813"", "" 131.861"", ""  65.250""], ["" 125.759"", "" 129.294"", ""  65.493""], ["" 127.616"", "" 130.816"", ""  65.698""], ["" 124.598"", "" 132.599"", ""  64.467""], ["" 124.199"", "" 132.593"", ""  63.100""], ["" 128.782"", "" 126.796"", ""  69.688""], ["" 128.008"", "" 125.753"", ""  70.219""], ["" 129.587"", "" 127.531"", ""  70.573""], ["" 128.042"", "" 125.454"", ""  71.577""], ["" 129.623"", "" 127.234"", ""  71.932""], ["" 128.846"", "" 126.187"", ""  72.447""], ["" 128.815"", "" 125.820"", ""  73.779""], ["" 129.869"", "" 125.020"", ""  74.303""], ["" 130.563"", "" 125.437"", ""  65.174""], ["" 129.547"", "" 124.014"", ""  64.654""], ["" 129.255"", "" 123.957"", ""  63.148""], ["" 127.941"", "" 123.892"", ""  62.828""], ["" 130.177"", "" 123.984"", ""  62.330""], ["" 127.289"", "" 123.877"", ""  63.598""], ["" 127.359"", "" 123.827"", ""  61.560""], ["" 127.760"", "" 122.983"", ""  60.512""], ["" 126.010"", "" 124.824"", ""  61.083""], ["" 128.874"", "" 122.045"", ""  60.610""], ["" 126.964"", "" 123.131"", ""  59.350""], ["" 125.969"", "" 124.110"", ""  59.500""], ["" 129.757"", "" 121.301"", ""  60.687""], ["" 127.158"", "" 122.381"", ""  58.027""], ["" 125.005"", "" 124.567"", ""  58.413""], ["" 126.437"", "" 123.114"", ""  56.874""], ["" 125.010"", "" 123.541"", ""  57.260""]]",[],RR4_Rahimova_2017
145,9009,RR5_Rahimova_2017,receptor_tmp,1,7,-10.43,-0.21729166666666666,0.0,0.0,2,185.85,-14.01,-13.74,-0.27,-14.01,0.0,-4.48,3.58,-4.48,74,8,0.0,0.0,0.0,5.88919,10.915025,6.091016,-0.70576819,-0.55877213,-0.43550542,95.791756,"48.657066, 297.085083, 141.557205, 292.256348, 12.629463, 56.610943, 216.845337, 31.814402, 354.367645, 234.785446, 215.205978, 2.852415, ","[["" 131.524"", "" 125.553"", ""  64.554""], ["" 130.346"", "" 124.533"", ""  64.358""], ["" 130.544"", "" 123.568"", ""  63.173""], ["" 131.200"", "" 122.539"", ""  63.329""], ["" 129.985"", "" 123.958"", ""  62.005""], ["" 129.400"", "" 124.777"", ""  62.082""], ["" 129.930"", "" 123.353"", ""  60.641""], ["" 128.419"", "" 123.525"", ""  60.268""], ["" 127.908"", "" 123.058"", ""  59.045""], ["" 127.528"", "" 124.157"", ""  61.158""], ["" 126.562"", "" 123.215"", ""  58.725""], ["" 126.185"", "" 124.324"", ""  60.834""], ["" 125.707"", "" 123.852"", ""  59.617""], ["" 130.877"", "" 124.193"", ""  59.719""], ["" 132.264"", "" 124.235"", ""  59.930""], ["" 130.341"", "" 124.938"", ""  58.654""], ["" 133.086"", "" 125.005"", ""  59.109""], ["" 131.159"", "" 125.714"", ""  57.839""], ["" 132.530"", "" 125.743"", ""  58.070""], ["" 130.347"", "" 121.854"", ""  60.812""], ["" 131.679"", "" 121.445"", ""  60.613""], ["" 129.411"", "" 120.871"", ""  61.182""], ["" 132.054"", "" 120.112"", ""  60.757""], ["" 129.783"", "" 119.537"", ""  61.326""], ["" 131.103"", "" 119.162"", ""  61.109""], ["" 131.279"", "" 126.902"", ""  64.006""], ["" 131.059"", "" 127.108"", ""  62.651""], ["" 130.994"", "" 126.241"", ""  61.776""], ["" 131.445"", "" 127.698"", ""  64.604""], ["" 130.941"", "" 128.429"", ""  62.436""], ["" 130.835"", "" 128.962"", ""  61.119""], ["" 131.196"", "" 130.464"", ""  61.104""], ["" 131.478"", "" 131.008"", ""  59.715""], ["" 130.072"", "" 131.371"", ""  61.568""], ["" 132.429"", "" 130.599"", ""  58.776""], ["" 130.607"", "" 132.054"", ""  59.410""], ["" 129.729"", "" 132.282"", ""  60.568""], ["" 129.397"", "" 131.396"", ""  62.790""], ["" 132.499"", "" 131.235"", ""  57.535""], ["" 130.675"", "" 132.691"", ""  58.169""], ["" 128.706"", "" 133.210"", ""  60.778""], ["" 128.377"", "" 132.323"", ""  63.005""], ["" 131.624"", "" 132.279"", ""  57.232""], ["" 128.032"", "" 133.229"", ""  62.000""], ["" 132.844"", "" 124.986"", ""  63.975""], ["" 133.461"", "" 125.478"", ""  63.051""], ["" 133.210"", "" 123.871"", ""  64.673""], ["" 132.453"", "" 123.352"", ""  64.952""]]",[],RR5_Rahimova_2017
146,698,RR5_Rahimova_2017-again1,receptor_tmp,1,13,-10.56,-0.2246808510638298,0.0,0.0,1,187.24,-13.84,-14.14,0.3,-13.84,0.0,-3.65,3.28,-3.65,95,8,0.0,0.0,0.0,7.700274,7.444926,8.198018,0.08940527,0.96290303,0.25460646,245.263916,"75.681801, 191.817154, 337.119843, 337.585388, 359.608551, 30.623383, 39.113941, 114.238426, 300.375763, 248.484268, 217.520447, ","[["" 132.059"", "" 124.831"", ""  64.706""], ["" 131.335"", "" 125.943"", ""  63.878""], ["" 130.867"", "" 125.557"", ""  62.460""], ["" 130.610"", "" 126.453"", ""  61.656""], ["" 130.641"", "" 124.251"", ""  62.200""], ["" 130.949"", "" 123.601"", ""  62.908""], ["" 130.177"", "" 123.603"", ""  60.947""], ["" 130.488"", "" 122.073"", ""  60.988""], ["" 131.779"", "" 121.590"", ""  60.711""], ["" 129.489"", "" 121.141"", ""  61.324""], ["" 132.062"", "" 120.228"", ""  60.760""], ["" 129.770"", "" 119.778"", ""  61.373""], ["" 131.056"", "" 119.327"", ""  61.091""], ["" 128.636"", "" 123.658"", ""  60.699""], ["" 127.765"", "" 124.165"", ""  61.679""], ["" 128.082"", "" 123.217"", ""  59.486""], ["" 126.391"", "" 124.215"", ""  61.463""], ["" 126.708"", "" 123.266"", ""  59.265""], ["" 125.867"", "" 123.763"", ""  60.256""], ["" 131.011"", "" 124.305"", ""  59.820""], ["" 130.392"", "" 124.996"", ""  58.764""], ["" 132.416"", "" 124.304"", ""  59.875""], ["" 131.146"", "" 125.630"", ""  57.781""], ["" 133.174"", "" 124.938"", ""  58.894""], ["" 132.535"", "" 125.594"", ""  57.847""], ["" 131.473"", "" 124.778"", ""  66.062""], ["" 130.098"", "" 124.749"", ""  66.262""], ["" 129.227"", "" 124.785"", ""  65.388""], ["" 132.095"", "" 124.695"", ""  66.854""], ["" 129.856"", "" 124.674"", ""  67.585""], ["" 129.057"", "" 125.654"", ""  68.239""], ["" 129.673"", "" 127.053"", ""  68.048""], ["" 128.819"", "" 127.980"", ""  67.201""], ["" 129.777"", "" 127.830"", ""  69.346""], ["" 128.386"", "" 127.835"", ""  65.881""], ["" 128.457"", "" 129.116"", ""  67.929""], ["" 129.057"", "" 129.022"", ""  69.268""], ["" 130.462"", "" 127.508"", ""  70.522""], ["" 127.585"", "" 128.819"", ""  65.298""], ["" 127.657"", "" 130.102"", ""  67.348""], ["" 129.009"", "" 129.892"", ""  70.359""], ["" 130.417"", "" 128.377"", ""  71.614""], ["" 127.220"", "" 129.951"", ""  66.031""], ["" 129.691"", "" 129.566"", ""  71.533""], ["" 133.625"", "" 125.049"", ""  64.749""], ["" 134.107"", "" 125.109"", ""  65.905""], ["" 134.221"", "" 125.098"", ""  63.646""]]",[],RR5_Rahimova_2017-again1
147,1144,RR6_Rahimova_2017,receptor_tmp,1,16,-9.16,-0.23487179487179488,0.0,0.0,1,189.94,-11.85,-11.52,-0.32,-11.85,0.0,-1.62,2.68,-1.62,47,3,0.0,0.0,0.0,4.909892,11.829851,5.73935,-0.05639565,-0.71108808,0.70083755,115.289375,"74.783218, 17.587076, 322.977722, 179.868546, 58.387516, 270.383636, 354.590668, 227.854599, 157.00827, ","[["" 128.002"", "" 130.698"", ""  64.929""], ["" 127.166"", "" 129.122"", ""  65.308""], ["" 128.410"", "" 128.024"", ""  65.956""], ["" 129.337"", "" 127.137"", ""  67.919""], ["" 130.222"", "" 126.358"", ""  67.168""], ["" 128.450"", "" 127.962"", ""  67.309""], ["" 130.204"", "" 126.407"", ""  65.766""], ["" 129.274"", "" 127.270"", ""  65.136""], ["" 129.221"", "" 127.392"", ""  63.676""], ["" 129.178"", "" 127.487"", ""  62.523""], ["" 129.275"", "" 127.082"", ""  69.417""], ["" 129.174"", "" 126.962"", ""  72.225""], ["" 129.865"", "" 127.996"", ""  71.594""], ["" 128.534"", "" 125.988"", ""  71.463""], ["" 129.912"", "" 128.055"", ""  70.203""], ["" 128.583"", "" 126.053"", ""  70.075""], ["" 129.134"", "" 126.897"", ""  73.741""], ["" 131.164"", "" 125.535"", ""  65.026""], ["" 132.393"", "" 126.046"", ""  64.600""], ["" 130.865"", "" 124.193"", ""  64.773""], ["" 133.301"", "" 125.235"", ""  63.923""], ["" 131.770"", "" 123.379"", ""  64.096""], ["" 133.000"", "" 123.899"", ""  63.665""], ["" 133.961"", "" 123.170"", ""  62.991""], ["" 133.592"", "" 121.942"", ""  62.372""], ["" 128.148"", "" 130.971"", ""  63.428""], ["" 129.393"", "" 131.295"", ""  63.013""], ["" 127.146"", "" 130.931"", ""  62.715""], ["" 130.096"", "" 131.368"", ""  63.733""], ["" 129.837"", "" 131.662"", ""  61.729""], ["" 131.102"", "" 131.360"", ""  61.204""], ["" 128.922"", "" 132.370"", ""  60.949""], ["" 131.430"", "" 131.747"", ""  59.906""], ["" 129.251"", "" 132.754"", ""  59.651""], ["" 130.507"", "" 132.444"", ""  59.113""], ["" 130.825"", "" 132.868"", ""  57.708""], ["" 130.001"", "" 133.400"", ""  56.957""], ["" 132.108"", "" 132.609"", ""  57.346""], ["" 132.459"", "" 131.378"", ""  56.729""]]",[],RR6_Rahimova_2017
148,850,RR7_Rahimova_2017,receptor_tmp,1,15,-9.16,-0.18693877551020407,0.0,0.0,4,187.74,-12.44,-12.34,-0.09,-12.44,0.0,-4.05,3.28,-4.05,69,10,0.0,0.0,0.0,5.329166,12.44905,1.161878,-0.12993998,-0.45505073,-0.88093384,112.186729,"186.182205, 228.597076, 259.013794, 23.006466, 113.503349, 27.464117, 42.865852, 163.054749, 186.909927, 21.604488, 318.254761, ","[["" 129.246"", "" 126.352"", ""  57.740""], ["" 130.753"", "" 126.635"", ""  57.849""], ["" 131.654"", "" 125.395"", ""  57.764""], ["" 131.841"", "" 124.989"", ""  59.215""], ["" 131.889"", "" 126.362"", ""  59.877""], ["" 130.983"", "" 127.149"", ""  59.158""], ["" 132.890"", "" 125.667"", ""  57.124""], ["" 133.597"", "" 125.285"", ""  57.650""], ["" 131.552"", "" 126.374"", ""  61.287""], ["" 132.318"", "" 125.895"", ""  62.339""], ["" 130.463"", "" 126.971"", ""  61.898""], ["" 133.501"", "" 125.267"", ""  62.315""], ["" 131.579"", "" 126.199"", ""  63.511""], ["" 130.425"", "" 126.867"", ""  63.204""], ["" 133.945"", "" 124.920"", ""  63.553""], ["" 132.133"", "" 125.790"", ""  64.740""], ["" 133.336"", "" 125.140"", ""  64.747""], ["" 131.427"", "" 126.070"", ""  65.925""], ["" 130.354"", "" 125.431"", ""  66.449""], ["" 129.795"", "" 124.465"", ""  65.922""], ["" 131.779"", "" 126.860"", ""  66.445""], ["" 129.825"", "" 125.997"", ""  67.749""], ["" 130.035"", "" 127.351"", ""  68.053""], ["" 129.112"", "" 125.199"", ""  68.660""], ["" 129.552"", "" 127.893"", ""  69.241""], ["" 128.628"", "" 125.743"", ""  69.848""], ["" 128.851"", "" 127.088"", ""  70.133""], ["" 128.910"", "" 125.271"", ""  58.615""], ["" 127.605"", "" 125.218"", ""  59.233""], ["" 127.777"", "" 124.488"", ""  60.592""], ["" 126.651"", "" 124.131"", ""  61.352""], ["" 129.052"", "" 124.187"", ""  61.098""], ["" 126.793"", "" 123.489"", ""  62.578""], ["" 129.196"", "" 123.544"", ""  62.324""], ["" 128.066"", "" 123.199"", ""  63.059""], ["" 127.141"", "" 126.697"", ""  59.408""], ["" 127.307"", "" 127.387"", ""  60.618""], ["" 126.489"", "" 127.352"", ""  58.353""], ["" 126.858"", "" 128.696"", ""  60.758""], ["" 126.039"", "" 128.662"", ""  58.492""], ["" 126.224"", "" 129.347"", ""  59.701""], ["" 125.808"", "" 130.643"", ""  59.935""], ["" 124.514"", "" 131.046"", ""  59.497""], ["" 126.667"", "" 124.310"", ""  58.388""], ["" 127.204"", "" 123.355"", ""  57.511""], ["" 125.271"", "" 124.446"", ""  58.458""], ["" 126.374"", "" 122.544"", ""  56.743""], ["" 124.438"", "" 123.637"", ""  57.691""], ["" 124.993"", "" 122.687"", ""  56.838""]]",[],RR7_Rahimova_2017
149,1385,RR8_A_Rahimova_2017,receptor_tmp,1,5,-8.92,-0.2123809523809524,0.0,0.0,4,186.88,-13.1,-12.83,-0.27,-13.1,0.0,-4.63,4.18,-4.63,72,12,0.0,0.0,0.0,6.990144,9.190875,2.194741,-0.10522961,0.43906876,-0.89226978,119.571136,"198.627045, 188.932495, 90.255943, 302.700348, 71.976669, 271.464905, 279.166382, 136.843597, 76.043732, 72.659752, 231.101151, 295.537537, 98.406128, 47.877056, ","[["" 130.638"", "" 125.319"", ""  57.731""], ["" 129.734"", "" 126.451"", ""  58.199""], ["" 128.478"", "" 125.654"", ""  58.502""], ["" 129.021"", "" 124.359"", ""  59.120""], ["" 130.332"", "" 124.246"", ""  58.573""], ["" 131.973"", "" 125.722"", ""  57.870""], ["" 132.845"", "" 124.837"", ""  58.446""], ["" 133.492"", "" 123.989"", ""  57.823""], ["" 132.927"", "" 124.994"", ""  59.937""], ["" 133.843"", "" 124.264"", ""  60.711""], ["" 132.065"", "" 125.890"", ""  60.582""], ["" 133.895"", "" 124.432"", ""  62.092""], ["" 132.118"", "" 126.056"", ""  61.962""], ["" 133.033"", "" 125.330"", ""  62.735""], ["" 133.090"", "" 125.509"", ""  64.206""], ["" 134.064"", "" 125.075"", ""  64.814""], ["" 132.161"", "" 126.085"", ""  64.765""], ["" 129.477"", "" 127.431"", ""  57.197""], ["" 129.142"", "" 128.729"", ""  57.676""], ["" 130.334"", "" 129.662"", ""  57.524""], ["" 130.262"", "" 130.762"", ""  56.663""], ["" 131.498"", "" 129.428"", ""  58.262""], ["" 131.353"", "" 131.618"", ""  56.535""], ["" 132.589"", "" 130.285"", ""  58.133""], ["" 132.511"", "" 131.375"", ""  57.270""], ["" 127.696"", "" 126.425"", ""  59.411""], ["" 127.505"", "" 125.852"", ""  60.700""], ["" 126.230"", "" 125.019"", ""  60.714""], ["" 125.407"", "" 124.992"", ""  59.583""], ["" 125.868"", "" 124.300"", ""  61.857""], ["" 124.235"", "" 124.241"", ""  59.592""], ["" 124.696"", "" 123.547"", ""  61.865""], ["" 123.886"", "" 123.520"", ""  60.733""], ["" 128.236"", "" 123.082"", ""  58.777""], ["" 128.035"", "" 122.334"", ""  59.969""], ["" 129.167"", "" 121.576"", ""  60.373""], ["" 129.726"", "" 122.137"", ""  61.673""], ["" 129.025"", "" 123.130"", ""  62.361""], ["" 130.931"", "" 121.647"", ""  62.190""], ["" 129.530"", "" 123.641"", ""  63.555""], ["" 131.437"", "" 122.158"", ""  63.382""], ["" 130.734"", "" 123.153"", ""  64.059""]]",[],RR8_A_Rahimova_2017
150,683,RR8_B_Rahimova_2017,receptor_tmp,1,2,-9.3,-0.22142857142857145,0.0,0.0,1,186.13,-13.48,-13.08,-0.4,-13.48,0.0,-3.7,4.18,-3.7,56,11,0.0,0.0,0.0,3.704168,15.481346,3.321143,0.71468126,-0.66773038,0.20824707,112.227257,"0.718799, 328.356018, 312.04483, 13.592273, 262.612915, 290.275726, 154.091919, 135.15564, 45.774578, 66.929672, 68.51149, 292.694061, 333.345093, 200.282059, ","[["" 126.095"", "" 131.024"", ""  56.743""], ["" 127.589"", "" 131.059"", ""  56.421""], ["" 128.056"", "" 129.898"", ""  57.292""], ["" 126.916"", "" 128.879"", ""  57.175""], ["" 125.780"", "" 129.661"", ""  56.808""], ["" 125.864"", "" 131.674"", ""  57.968""], ["" 124.626"", "" 131.558"", ""  58.537""], ["" 123.563"", "" 131.766"", ""  57.944""], ["" 124.693"", "" 131.110"", ""  59.969""], ["" 125.779"", "" 130.371"", ""  60.462""], ["" 123.645"", "" 131.431"", ""  60.839""], ["" 125.810"", "" 129.962"", ""  61.791""], ["" 123.674"", "" 131.015"", ""  62.166""], ["" 124.755"", "" 130.271"", ""  62.657""], ["" 124.778"", "" 129.811"", ""  64.068""], ["" 123.883"", "" 130.182"", ""  64.823""], ["" 125.689"", "" 129.071"", ""  64.430""], ["" 128.234"", "" 132.267"", ""  56.815""], ["" 128.615"", "" 132.342"", ""  58.180""], ["" 130.121"", "" 132.172"", ""  58.264""], ["" 130.911"", "" 132.297"", ""  57.117""], ["" 130.714"", "" 131.871"", ""  59.494""], ["" 132.289"", "" 132.120"", ""  57.202""], ["" 132.092"", "" 131.693"", ""  59.578""], ["" 132.873"", "" 131.818"", ""  58.430""], ["" 129.280"", "" 129.309"", ""  56.844""], ["" 130.255"", "" 128.997"", ""  57.843""], ["" 130.342"", "" 127.499"", ""  58.117""], ["" 129.775"", "" 126.588"", ""  57.221""], ["" 131.013"", "" 127.039"", ""  59.253""], ["" 129.885"", "" 125.221"", ""  57.458""], ["" 131.120"", "" 125.671"", ""  59.492""], ["" 130.556"", "" 124.769"", ""  58.592""], ["" 126.601"", "" 128.088"", ""  58.457""], ["" 127.085"", "" 126.758"", ""  58.316""], ["" 127.368"", "" 126.092"", ""  59.538""], ["" 126.156"", "" 125.274"", ""  59.955""], ["" 125.184"", "" 124.940"", ""  59.007""], ["" 126.002"", "" 124.872"", ""  61.285""], ["" 124.060"", "" 124.212"", ""  59.387""], ["" 124.879"", "" 124.141"", ""  61.665""], ["" 123.912"", "" 123.818"", ""  60.716""]]",[],RR8_B_Rahimova_2017
151,932,RR9_Rahimova_2017,receptor_tmp,1,9,-9.27,-0.2439473684210526,0.0,0.0,1,186.31,-11.66,-11.39,-0.27,-11.66,0.0,-1.43,2.39,-1.43,63,6,0.0,0.0,0.0,4.120103,12.181382,8.589049,-0.75080857,0.52227766,0.40436683,99.232841,"247.768799, 180.055878, 36.321899, 255.513474, 143.815659, 184.704971, 279.185364, 141.253052, ","[["" 124.917"", "" 130.118"", ""  63.750""], ["" 123.889"", "" 130.439"", ""  64.503""], ["" 124.238"", "" 130.243"", ""  65.784""], ["" 125.520"", "" 129.757"", ""  65.884""], ["" 126.004"", "" 129.622"", ""  64.561""], ["" 127.305"", "" 129.089"", ""  64.390""], ["" 128.012"", "" 128.781"", ""  65.566""], ["" 127.437"", "" 128.964"", ""  66.834""], ["" 126.178"", "" 129.458"", ""  67.003""], ["" 123.588"", "" 130.445"", ""  66.531""], ["" 124.850"", "" 130.315"", ""  62.271""], ["" 124.740"", "" 130.708"", ""  59.511""], ["" 125.682"", "" 129.832"", ""  60.052""], ["" 123.856"", "" 131.390"", ""  60.347""], ["" 125.736"", "" 129.634"", ""  61.430""], ["" 123.909"", "" 131.190"", ""  61.723""], ["" 124.694"", "" 130.937"", ""  58.011""], ["" 127.938"", "" 128.777"", ""  63.061""], ["" 127.545"", "" 127.625"", ""  62.482""], ["" 128.743"", "" 129.559"", ""  62.555""], ["" 126.947"", "" 127.006"", ""  63.010""], ["" 127.916"", "" 127.168"", ""  61.138""], ["" 127.784"", "" 125.638"", ""  60.961""], ["" 126.397"", "" 125.162"", ""  60.543""], ["" 125.996"", "" 125.256"", ""  59.207""], ["" 125.537"", "" 124.607"", ""  61.495""], ["" 124.742"", "" 124.788"", ""  58.823""], ["" 124.282"", "" 124.141"", ""  61.111""], ["" 123.891"", "" 124.234"", ""  59.776""], ["" 128.180"", "" 128.624"", ""  68.091""], ["" 128.503"", "" 127.296"", ""  68.409""], ["" 128.580"", "" 129.630"", ""  68.982""], ["" 129.197"", "" 126.986"", ""  69.574""], ["" 129.273"", "" 129.323"", ""  70.150""], ["" 129.588"", "" 127.992"", ""  70.456""], ["" 130.275"", "" 127.591"", ""  71.586""], ["" 131.696"", "" 127.688"", ""  71.612""], ["" 132.165"", "" 128.395"", ""  70.336""]]",[],RR9_Rahimova_2017
